# semantic field per MACULA lexeme (high+prior tiers, homograph-precise); CC0
strong	lexeme	lexeme_gloss	neighbor_strong	neighbor_lexeme	neighbor_gloss	relation	confidence	score
H0001	hbo:0001	father	H0517	hbo:0517	mother	antonym	recall	0.706
H0001	hbo:0001	father	H1121	hbo:1121	the.son	antonym	recall	0.646
H0003	hbo:0003	greenness	H0024	hbo:0024	Abib	similar	prior	0.5
H0006	hbo:0006	destroy	H8045	hbo:8045	destroy	similar	high	0.886
H0006	hbo:0006	destroy	H0009	hbo:0009	(the).thing.lost	similar	prior	0.5
H0006	hbo:0006	destroy	H2763	hbo:2763	he.totally.destroyed	similar	prior	0.5
H0006	hbo:0006	destroy	H0010	hbo:0010a	Abaddon	similar	prior	0.5
H0006	hbo:0006	destroy	H0008	hbo:0008	destruction	similar	prior	0.5
H0006	hbo:0006	destroy	H0012	hbo:0012	destruction	similar	prior	0.5
H0008	hbo:0008	destruction	H0006	hbo:0006	destroy	similar	prior	0.6
H0009	hbo:0009	(the).thing.lost	H0006	hbo:0006	destroy	similar	prior	0.6
H0009	hbo:0009	(the).thing.lost	H0008	hbo:0008	destruction	similar	prior	0.5
H0009	hbo:0009	(the).thing.lost	H0012	hbo:0012	destruction	similar	prior	0.5
H0009	hbo:0009	(the).thing.lost	H0010	hbo:0010a	Abaddon	similar	prior	0.5
H0010	hbo:0010a	Abaddon	H0012	hbo:0012	destruction	similar	prior	0.5
H0010	hbo:0010a	Abaddon	H0008	hbo:0008	destruction	similar	prior	0.5
H0012	hbo:0012	destruction	H0008	hbo:0008	destruction	similar	prior	0.5
H0013	hbo:0013	the.destruction	H0012	hbo:0012	destruction	similar	prior	0.5
H0013	hbo:0013	the.destruction	H0006	hbo:0006	destroy	similar	prior	0.5
H0013	hbo:0013	the.destruction	H0008	hbo:0008	destruction	similar	prior	0.5
H0013	hbo:0013	the.destruction	H0010	hbo:0010a	Abaddon	similar	prior	0.5
H0013	hbo:0013	the.destruction	H0009	hbo:0009	(the).thing.lost	similar	prior	0.5
H0014	hbo:0014	he.was.willing	H3985	hbo:3985	he.refused	antonym	recall	0.698
H0014	hbo:0014	he.was.willing	H0035	hbo:0035	caper-berry	similar	prior	0.6
H0014	hbo:0014	he.was.willing	H0225	hbo:0225	they.agreed	similar	prior	0.5
H0014	hbo:0014	he.was.willing	H2974	hbo:2974	be.willing	similar	prior	0.5
H0014	hbo:0014	he.was.willing	H0016	hbo:0016	of.reed	similar	prior	0.5
H0014	hbo:0014	he.was.willing	H0034	hbo:0034	needy	similar	prior	0.5
H0018	hbo:0018	the.feeding.trough	H0723	hbo:0723	stalls	similar	prior	0.6
H0018	hbo:0018	the.feeding.trough	H3965	hbo:3965	granaries	similar	prior	0.5
H0034	hbo:0034	needy	H6041	hbo:6041	poor	similar	high	1.0
H0034	hbo:0034	needy	H1800	hbo:1800	poor.[people]	similar	high	1.0
H0034	hbo:0034	needy	H7326	hbo:7326	[one.who.is].poor	similar	high	0.77
H0034	hbo:0034	needy	H2639	hbo:2639	poverty	similar	prior	0.6
H0034	hbo:0034	needy	H4270	hbo:4270	lack	similar	prior	0.6
H0034	hbo:0034	needy	H6223	hbo:6223	a.rich.[person]	antonym	recall	0.554
H0034	hbo:0034	needy	H1803	hbo:1803a	of.the.poor.people	similar	prior	0.5
H0034	hbo:0034	needy	H0016	hbo:0016	of.reed	similar	prior	0.5
H0035	hbo:0035	caper-berry	H0016	hbo:0016	of.reed	similar	prior	0.5
H0035	hbo:0035	caper-berry	H0034	hbo:0034	needy	similar	prior	0.5
H0046	hbo:0046	the.mighty.one	H0047	hbo:0047	of	similar	prior	0.6
H0046	hbo:0046	the.mighty.one	H0410	hbo:0410	God	similar	prior	0.5
H0046	hbo:0046	the.mighty.one	H2389	hbo:2389	strong	similar	prior	0.5
H0046	hbo:0046	the.mighty.one	H0083	hbo:0083	wing[s]	similar	prior	0.5
H0047	hbo:0047	of	H0117	hbo:0117	majestic	similar	prior	0.5
H0047	hbo:0047	of	H2389	hbo:2389	strong	similar	prior	0.5
H0056	hbo:0056	he.mourned	H1058	hbo:1058	they.wept	similar	high	0.746
H0056	hbo:0056	he.mourned	H5594	hbo:5594	mourn	similar	high	0.662
H0056	hbo:0056	he.mourned	H0057	hbo:0057	mourning	similar	prior	0.6
H0056	hbo:0056a	it.has.dried.up	H0535	hbo:0535	it.has.languished	similar	high	1.0
H0057	hbo:0057	mourning	H0060	hbo:0060	mourning	similar	high	1.0
H0057	hbo:0057	mourning	H5594	hbo:5594	mourn	similar	prior	0.5
H0057	hbo:0057	mourning	H8057	hbo:8057	joy	antonym	recall	0.397
H0060	hbo:0060	mourning	H0057	hbo:0057	mourning	similar	high	1.0
H0060	hbo:0060	mourning	H4553	hbo:4553	wailing	similar	high	0.76
H0060	hbo:0060	mourning	H5594	hbo:5594	mourn	similar	high	0.604
H0060	hbo:0060	mourning	H6685	hbo:6685	a.fast	similar	high	0.587
H0060	hbo:0060	mourning	H8057	hbo:8057	joy	antonym	recall	0.544
H0060	hbo:0060	mourning	H8342	hbo:8342	joy	antonym	recall	0.533
H0068	hbo:0068	stones	H1496	hbo:1496	of.hewn.[stone]	similar	high	0.809
H0068	hbo:0068	stones	H3871	hbo:3871	tablets	similar	high	0.725
H0068	hbo:0068	stones	H5619	hbo:5619	they	similar	prior	0.5
H0068	hbo:0068	stones	H6438	hbo:6438	the.corners	similar	prior	0.5
H0068	hbo:0068	stones	H5553	hbo:5553	rock	similar	prior	0.5
H0068	hbo:0068	stones	H0070	hbo:0070	stones	similar	prior	0.5
H0073	hbo:0073	a.sash	H2805	hbo:2805	the.girdle	similar	prior	0.5
H0073	hbo:0073	a.sash	H0247	hbo:0247	you	similar	prior	0.5
H0073	hbo:0073	a.sash	H2289	hbo:2289	girded	similar	prior	0.5
H0075	hbo:0075	fattened	H0018	hbo:0018	the.feeding.trough	similar	prior	0.5
H0075	hbo:0075	fattened	H3965	hbo:3965	granaries	similar	prior	0.5
H0080	hbo:0080	dust	H6083	hbo:6083	dust	similar	high	0.735
H0080	hbo:0080	dust	H7834	hbo:7834	clouds	similar	prior	0.5
H0080	hbo:0080	dust	H0081	hbo:0081	[the].scent-powder	similar	prior	0.5
H0082	hbo:0082	does.it.soar	H0047	hbo:0047	of	similar	prior	0.5
H0082	hbo:0082	does.it.soar	H0046	hbo:0046	the.mighty.one	similar	prior	0.5
H0082	hbo:0082	does.it.soar	H0083	hbo:0083	wing[s]	similar	prior	0.5
H0083	hbo:0083	wing[s]	H5133	hbo:5133	plumage	similar	high	0.539
H0083	hbo:0083	wing[s]	H3671	hbo:3671	wings	similar	high	0.501
H0083	hbo:0083	wing[s]	H0047	hbo:0047	of	similar	prior	0.5
H0084	hbo:0084	pinion	H5133	hbo:5133	plumage	similar	high	0.659
H0084	hbo:0084	pinion	H0083	hbo:0083	wing[s]	similar	prior	0.6
H0084	hbo:0084	pinion	H3671	hbo:3671	wings	similar	high	0.548
H0084	hbo:0084	pinion	H0046	hbo:0046	the.mighty.one	similar	prior	0.5
H0084	hbo:0084	pinion	H0082	hbo:0082	does.it.soar	similar	prior	0.5
H0084	hbo:0084	pinion	H0047	hbo:0047	of	similar	prior	0.5
H0092	hbo:0092	band	H2256	hbo:2256	ropes	similar	prior	0.5
H0098	hbo:0098	pools	H4599	hbo:4599	a.spring	similar	high	0.631
H0098	hbo:0098	pools	H1295	hbo:1295	the.pool	similar	prior	0.5
H0098	hbo:0098	pools	H0099	hbo:0099	[will.be].grieved	similar	prior	0.5
H0100	hbo:0100	bulrush	H3712	hbo:3712	palm.branch	similar	high	0.873
H0100	hbo:0100	bulrush	H5488	hbo:5488	of.reed[s]	similar	prior	0.5
H0101	hbo:0101	bowls	H3595	hbo:3595	laver	similar	high	0.628
H0102	hbo:0102	troops	H1416	hbo:1416	band	similar	prior	0.5
H0102	hbo:0102	troops	H6635	hbo:6635	of.hosts	similar	prior	0.5
H0102	hbo:0102	troops	H4264	hbo:4264	camp	similar	prior	0.5
H0103	hbo:0103	you.will.gather	H0622	hbo:0622	they.gathered	similar	prior	0.5
H0107	hbo:0107	letters	H5612	hbo:5612	the.scroll	similar	high	0.764
H0107	hbo:0107	letters	H4385	hbo:4385	writing	similar	high	0.695
H0107	hbo:0107	letters	H0095	hbo:0095	a.payment	similar	prior	0.5
H0108	hbo:0108	water	H6227	hbo:6227	smoke	similar	prior	0.5
H0108	hbo:0108	water	H0343	hbo:0343	their.disaster	similar	prior	0.5
H0113	hbo:0113	lord	H0136	hbo:0136	Lord	similar	high	1.0
H0113	hbo:0113	lord	H5650	hbo:5650	servant	antonym	recall	0.589
H0113	hbo:0113	lord	H8269	hbo:8269	officials	similar	prior	0.5
H0117	hbo:0117	majestic	H6099	hbo:6099	mighty	similar	high	0.664
H0119	hbo:0119	dyed.red	H0132	hbo:0132	red	similar	prior	0.6
H0119	hbo:0119	dyed.red	H8438	hbo:8438	scarlet.stuff	similar	prior	0.5
H0119	hbo:0119	dyed.red	H0125	hbo:0125	reddish	similar	prior	0.5
H0120	hbo:0120	of.humankind	H0582	hbo:0582	humankind	similar	high	0.948
H0120	hbo:0120	of.humankind	H1397	hbo:1397	a.man	similar	high	0.777
H0120	hbo:0120	of.humankind	H0606	hbo:0606	of.(the)	similar	prior	0.5
H0120	hbo:0120	of.humankind	H5315	hbo:5315	self	similar	prior	0.5
H0120	hbo:0120	of.humankind	H4962	hbo:4962	men	similar	prior	0.5
H0120	hbo:0120	of.humankind	H0127	hbo:0127	land	similar	prior	0.5
H0122	hbo:0122	red	H0132	hbo:0132	red	similar	prior	0.6
H0122	hbo:0122	red	H0125	hbo:0125	reddish	similar	prior	0.6
H0122	hbo:0122	red	H0119	hbo:0119	dyed.red	similar	prior	0.5
H0124	hbo:0124	of.a.ruby	H6357	hbo:6357	a.topaz	similar	high	1.0
H0124	hbo:0124	of.a.ruby	H3095	hbo:3095	an.emerald	similar	high	0.88
H0124	hbo:0124	of.a.ruby	H5306	hbo:5306	turquoise	similar	high	0.872
H0124	hbo:0124	of.a.ruby	H3471	hbo:3471	a.jasper	similar	high	0.85
H0124	hbo:0124	of.a.ruby	H7718	hbo:7718	of.onyx	similar	high	0.816
H0124	hbo:0124	of.a.ruby	H0132	hbo:0132	red	similar	prior	0.6
H0124	hbo:0124	of.a.ruby	H1304	hbo:1304	a.beryl	similar	prior	0.5
H0124	hbo:0124	of.a.ruby	H0125	hbo:0125	reddish	similar	prior	0.5
H0124	hbo:0124	of.a.ruby	H0122	hbo:0122	red	similar	prior	0.5
H0124	hbo:0124	of.a.ruby	H0119	hbo:0119	dyed.red	similar	prior	0.5
H0125	hbo:0125	reddish	H3422	hbo:3422	greenish	similar	high	0.985
H0125	hbo:0125	reddish	H0119	hbo:0119	dyed.red	similar	prior	0.6
H0125	hbo:0125	reddish	H0124	hbo:0124	of.a.ruby	similar	prior	0.6
H0125	hbo:0125	reddish	H0132	hbo:0132	red	similar	prior	0.6
H0125	hbo:0125	reddish	H0122	hbo:0122	red	similar	prior	0.5
H0127	hbo:0127	land	H0776	hbo:0776	the.land	similar	high	1.0
H0130	hbo:0130	Edomite	H4125	hbo:4125	[woman]	similar	high	0.691
H0130	hbo:0130	Edomite	H5984	hbo:5984	Ammonite	similar	high	0.657
H0130	hbo:0130	Edomite	H0122	hbo:0122	red	similar	prior	0.5
H0130	hbo:0130	Edomite	H0119	hbo:0119	dyed.red	similar	prior	0.5
H0130	hbo:0130	Edomite	H0124	hbo:0124	of.a.ruby	similar	prior	0.5
H0130	hbo:0130	Edomite	H0132	hbo:0132	red	similar	prior	0.5
H0130	hbo:0130	Edomite	H0125	hbo:0125	reddish	similar	prior	0.5
H0132	hbo:0132	red	H0125	hbo:0125	reddish	similar	prior	0.5
H0132	hbo:0132	red	H0122	hbo:0122	red	similar	prior	0.5
H0132	hbo:0132	red	H0119	hbo:0119	dyed.red	similar	prior	0.5
H0134	hbo:0134	bases	H7175	hbo:7175	frames	similar	high	0.969
H0134	hbo:0134	bases	H3247	hbo:3247	the.base	similar	prior	0.5
H0134	hbo:0134	bases	H4350	hbo:4350	stands	similar	prior	0.5
H0134	hbo:0134	bases	H0113	hbo:0113	lord	similar	prior	0.5
H0136	hbo:0136	Lord	H0113	hbo:0113	lord	similar	high	1.0
H0136	hbo:0136	Lord	H0430	hbo:0430	God	similar	high	0.873
H0136	hbo:0136	Lord	H0410	hbo:0410	God	similar	high	0.84
H0136	hbo:0136	Lord	H0134	hbo:0134	bases	similar	prior	0.5
H0142	hbo:0142	[was].glorious	H1935	hbo:1935	splendor	similar	prior	0.5
H0142	hbo:0142	[was].glorious	H8597	hbo:8597	splendor	similar	prior	0.5
H0142	hbo:0142	[was].glorious	H3519	hbo:3519	glory	similar	prior	0.5
H0142	hbo:0142	[was].glorious	H0117	hbo:0117	majestic	similar	prior	0.5
H0142	hbo:0142	[was].glorious	H0145	hbo:0145	a.mantle	similar	prior	0.5
H0145	hbo:0145	a.mantle	H0117	hbo:0117	majestic	similar	prior	0.5
H0153	hbo:0153	force	H7463	hbo:7463	the.friend	similar	prior	0.5
H0155	hbo:0155	cloak	H0145	hbo:0145	a.mantle	similar	prior	0.6
H0155	hbo:0155	cloak	H4598	hbo:4598	the.robe	similar	high	0.556
H0155	hbo:0155	cloak	H3801	hbo:3801	tunics	similar	prior	0.5
H0155	hbo:0155	cloak	H8071	hbo:8071	clothes	similar	prior	0.5
H0155	hbo:0155	cloak	H0142	hbo:0142	[was].glorious	similar	prior	0.5
H0155	hbo:0155	cloak	H0117	hbo:0117	majestic	similar	prior	0.5
H0155	hbo:0155	cloak	H0899	hbo:0899	garments	similar	high	0.495
H0157	hbo:0157	love	H0160	hbo:0160	love	similar	high	1.0
H0157	hbo:0157	love	H8130	hbo:8130	[those	antonym	recall	0.862
H0157	hbo:0157	love	H2654	hbo:2654	he.delights	similar	high	0.695
H0157	hbo:0157	love	H0159	hbo:0159	love(s)	similar	prior	0.6
H0157	hbo:0157	love	H3988	hbo:3988	you.have.rejected	antonym	recall	0.542
H0157	hbo:0157	love	H7521	hbo:7521	he	similar	prior	0.5
H0157	hbo:0157	love	H7355	hbo:7355	I	similar	prior	0.5
H0157	hbo:0157	love	H3039	hbo:3039	my.beloved	similar	prior	0.5
H0157	hbo:0157	love	H4828	hbo:4828	friend	similar	prior	0.5
H0157	hbo:0157	love	H7453	hbo:7453	neighbor	similar	prior	0.5
H0157	hbo:0157	love	H0158	hbo:0158	loves	similar	prior	0.5
H0159	hbo:0159	love(s)	H0158	hbo:0158	loves	similar	prior	0.5
H0160	hbo:0160	love	H0157	hbo:0157	love	similar	high	1.0
H0160	hbo:0160	love	H8135	hbo:8135	hatred	antonym	recall	0.656
H0160	hbo:0160	love	H0158	hbo:0158	loves	similar	prior	0.5
H0160	hbo:0160	love	H0159	hbo:0159	love(s)	similar	prior	0.5
H0166	hbo:0166	it.is.clear	H1984	hbo:1984a	praise	similar	prior	0.6
H0166	hbo:0166	it.is.clear	H1984	hbo:1984b	he.makes.look.foolish	similar	prior	0.6
H0166	hbo:0166	it.is.clear	H1984	hbo:1984	they.will.flash.forth	similar	prior	0.6
H0167	hbo:0167	he.moved.tent	H0168	hbo:0168	the.tent	similar	prior	0.5
H0167	hbo:0167	he.moved.tent	H3427	hbo:3427	the.inhabitants	antonym	recall	0.43
H0168	hbo:0168	the.tent	H4908	hbo:4908	tabernacle	similar	high	1.0
H0168	hbo:0168	the.tent	H1004	hbo:1004a	between	similar	prior	0.5
H0168	hbo:0168	the.tent	H0167	hbo:0167	he.moved.tent	similar	prior	0.5
H0168	hbo:0168	the.tent	H4583	hbo:4583	a.habitation	similar	prior	0.5
H0174	hbo:0174	aloes	H4753	hbo:4753	myrrh	similar	high	0.792
H0174	hbo:0174	aloes	H7076	hbo:7076	cinnamon	similar	high	0.732
H0178	hbo:0178	necromancers	H3049	hbo:3049	soothsayers	similar	high	1.0
H0178	hbo:0178	necromancers	H7080	hbo:7080	diviners	similar	high	0.628
H0180	hbo:0180	canal	H3105	hbo:3105	a.stream	similar	prior	0.6
H0180	hbo:0180	canal	H2988	hbo:2988	watercourses	similar	prior	0.6
H0180	hbo:0180	canal	H2981	hbo:2981	produce	similar	prior	0.5
H0180	hbo:0180	canal	H3104	hbo:3104	the.jubilee	similar	prior	0.5
H0180	hbo:0180	canal	H8398	hbo:8398	[the].world	similar	prior	0.5
H0180	hbo:0180	canal	H2990	hbo:2990	a.running.sore	similar	prior	0.5
H0180	hbo:0180	canal	H2986	hbo:2986	they	similar	prior	0.5
H0181	hbo:0181	a.piece.of.firewood	H0343	hbo:0343	their.disaster	similar	prior	0.5
H0181	hbo:0181	a.piece.of.firewood	H0108	hbo:0108	water	similar	prior	0.5
H0182	hbo:0182	the.causes	H1697	hbo:1697	the.word	similar	high	0.589
H0182	hbo:0182	the.causes	H1700	hbo:1700	the.cause	similar	prior	0.5
H0182	hbo:0182	the.causes	H0108	hbo:0108	water	similar	prior	0.5
H0182	hbo:0182	the.causes	H0343	hbo:0343	their.disaster	similar	prior	0.5
H0182	hbo:0182	the.causes	H0181	hbo:0181	a.piece.of.firewood	similar	prior	0.5
H0183	hbo:0183	it.will.desire	H8378	hbo:8378	[the].desire	similar	high	0.975
H0183	hbo:0183	it.will.desire	H3970	hbo:3970	[the].desires	similar	prior	0.6
H0183	hbo:0183	it.will.desire	H2530	hbo:2530a	of.preciousness(es)	similar	prior	0.5
H0183	hbo:0183	it.will.desire	H8264	hbo:8264	[someone.will.be].rushing	similar	prior	0.5
H0183	hbo:0183	it.will.desire	H8669	hbo:8669	desire	similar	prior	0.5
H0183	hbo:0183	it.will.desire	H2836	hbo:2836	he.desired	similar	prior	0.5
H0184	hbo:0184	you.will.crave	H0226	hbo:0226	signs	similar	prior	0.5
H0185	hbo:0185	the.desire	H0183	hbo:0183	it.will.desire	similar	high	0.836
H0185	hbo:0185	the.desire	H5315	hbo:5315	self	similar	high	0.622
H0185	hbo:0185	the.desire	H8378	hbo:8378	[the].desire	similar	prior	0.6
H0185	hbo:0185	the.desire	H3970	hbo:3970	[the].desires	similar	prior	0.6
H0185	hbo:0185	the.desire	H2530	hbo:2530	desirable	similar	prior	0.5
H0191	hbo:0191	a.fool	H0200	hbo:0200	foolishness	similar	high	1.0
H0191	hbo:0191	a.fool	H3684	hbo:3684	a.fool	similar	high	1.0
H0191	hbo:0191	a.fool	H6612	hbo:6612	naive.people	similar	high	0.977
H0191	hbo:0191	a.fool	H1198	hbo:1198	[is].stupid	similar	high	0.929
H0191	hbo:0191	a.fool	H2450	hbo:2450	wise	antonym	recall	0.749
H0193	hbo:0193	body	H0353	hbo:0353	strength	similar	prior	0.6
H0193	hbo:0193	body	H0436	hbo:0436	the.great.trees	similar	prior	0.5
H0193	hbo:0193	body	H0424	hbo:0424	terebinth	similar	prior	0.5
H0193	hbo:0193	body	H0352	hbo:0352	rams	similar	prior	0.5
H0193	hbo:0193	body	H0354	hbo:0354	deer	similar	prior	0.5
H0196	hbo:0196	foolish	H0191	hbo:0191	a.fool	similar	prior	0.6
H0196	hbo:0196	foolish	H0200	hbo:0200	foolishness	similar	prior	0.6
H0200	hbo:0200	foolishness	H3684	hbo:3684	a.fool	similar	high	1.0
H0200	hbo:0200	foolishness	H0191	hbo:0191	a.fool	similar	high	1.0
H0200	hbo:0200	foolishness	H1847	hbo:1847	knowledge	antonym	recall	0.746
H0200	hbo:0200	foolishness	H0196	hbo:0196	foolish	similar	prior	0.5
H0205	hbo:0205	wickedness	H7562	hbo:7562	wickedness	similar	high	0.88
H0205	hbo:0205	wickedness	H7723	hbo:7723	worthlessness	similar	high	0.869
H0205	hbo:0205	wickedness	H7451	hbo:7451	evil	similar	prior	0.5
H0205	hbo:0205	wickedness	H1100	hbo:1100	of.worthlessness	similar	prior	0.5
H0205	hbo:0205	wickedness	H6588	hbo:6588	transgressions	similar	prior	0.5
H0212	hbo:0212	wheels	H1534	hbo:1534	wheel	similar	high	0.73
H0212	hbo:0212	wheels	H1550	hbo:1550	[were].revolving	similar	prior	0.5
H0212	hbo:0212	wheels	H0655	hbo:0655	times	similar	prior	0.5
H0213	hbo:0213	[one.who].hastens	H4116	hbo:4116	hurry	similar	high	0.573
H0213	hbo:0213	[one.who].hastens	H6484	hbo:6484	he.urged	similar	prior	0.5
H0214	hbo:0214	storehouses	H3957	hbo:3957	rooms	similar	high	0.609
H0214	hbo:0214	storehouses	H4301	hbo:4301	hidden.treasures	similar	prior	0.5
H0215	hbo:0215	make.shine	H0216	hbo:0216	light	similar	high	1.0
H0215	hbo:0215	make.shine	H5050	hbo:5050	he.illuminates	similar	high	0.699
H0215	hbo:0215	make.shine	H7837	hbo:7837	dawn	similar	high	0.656
H0215	hbo:0215	make.shine	H3974	hbo:3974	light	similar	prior	0.6
H0215	hbo:0215	make.shine	H2821	hbo:2821	he.makes.dark	antonym	recall	0.5
H0215	hbo:0215	make.shine	H3313	hbo:3313	he.shone.forth	similar	prior	0.5
H0215	hbo:0215	make.shine	H3975	hbo:3975	[the].nest	similar	prior	0.5
H0215	hbo:0215	make.shine	H0224	hbo:0224	Urim	similar	prior	0.5
H0215	hbo:0215	make.shine	H0219	hbo:0219	light	similar	prior	0.5
H0216	hbo:0216	light	H0215	hbo:0215	make.shine	similar	high	1.0
H0216	hbo:0216	light	H5051	hbo:5051	brightness	similar	high	0.842
H0216	hbo:0216	light	H2822	hbo:2822	darkness	antonym	recall	0.795
H0216	hbo:0216	light	H0652	hbo:0652	gloom	antonym	recall	0.64
H0216	hbo:0216	light	H3974	hbo:3974	light	similar	prior	0.6
H0216	hbo:0216	light	H0653	hbo:0653	darkness	antonym	recall	0.584
H0216	hbo:0216	light	H3940	hbo:3940	torches	similar	prior	0.5
H0216	hbo:0216	light	H7160	hbo:7160	it.shone	similar	prior	0.5
H0217	hbo:0217	fire	H3974	hbo:3974	light	similar	prior	0.6
H0217	hbo:0217	fire	H3975	hbo:3975	[the].nest	similar	prior	0.5
H0219	hbo:0219	light	H3974	hbo:3974	light	similar	prior	0.6
H0219	hbo:0219	light	H0217	hbo:0217	fire	similar	prior	0.6
H0219	hbo:0219	light	H0215	hbo:0215	make.shine	similar	prior	0.6
H0219	hbo:0219	light	H0224	hbo:0224	Urim	similar	prior	0.5
H0219	hbo:0219	light	H3975	hbo:3975	[the].nest	similar	prior	0.5
H0220	hbo:0220	stalls	H0738	hbo:0738a	a.lion	similar	prior	0.5
H0220	hbo:0220	stalls	H0717	hbo:0717	they	similar	prior	0.5
H0224	hbo:0224	Urim	H8550	hbo:8550	Thummim	similar	high	0.891
H0224	hbo:0224	Urim	H3974	hbo:3974	light	similar	prior	0.5
H0224	hbo:0224	Urim	H0217	hbo:0217	fire	similar	prior	0.5
H0224	hbo:0224	Urim	H0216	hbo:0216	light	similar	prior	0.5
H0224	hbo:0224	Urim	H3975	hbo:3975	[the].nest	similar	prior	0.5
H0226	hbo:0226	signs	H4159	hbo:4159	wonders	similar	high	0.878
H0226	hbo:0226	signs	H6382	hbo:6382	wonder[s]	similar	prior	0.5
H0226	hbo:0226	signs	H5251	hbo:5251	a.standard	similar	prior	0.5
H0226	hbo:0226	signs	H2858	hbo:2858	seal	similar	prior	0.5
H0231	hbo:0231	hyssop	H8144	hbo:8144	of.scarlet	similar	high	0.891
H0232	hbo:0232	loincloth	H2290	hbo:2290	a.belt	similar	high	0.695
H0232	hbo:0232	loincloth	H2289	hbo:2289	girded	similar	prior	0.6
H0232	hbo:0232	loincloth	H3831	hbo:3831	clothes	similar	prior	0.6
H0232	hbo:0232	loincloth	H0247	hbo:0247	you	similar	prior	0.6
H0232	hbo:0232	loincloth	H3830	hbo:3830a	clothed	similar	prior	0.6
H0232	hbo:0232	loincloth	H8516	hbo:8516	clothing	similar	prior	0.6
H0234	hbo:0234	offering	H2146	hbo:2146	memorial	similar	prior	0.6
H0234	hbo:0234	offering	H2143	hbo:2143	remembrance	similar	prior	0.6
H0234	hbo:0234	offering	H4503	hbo:4503	offering	similar	prior	0.5
H0235	hbo:0235	it.has.been.used.up	H0236	hbo:0236	he.went	similar	prior	0.6
H0235	hbo:0235	it.has.been.used.up	H1980	hbo:1980	go	similar	prior	0.5
H0235	hbo:0235	it.has.been.used.up	H3615	hbo:3615	he.finished	similar	prior	0.5
H0238	hbo:0238	give	H7181	hbo:7181	pay.attention	similar	high	0.976
H0238	hbo:0238	give	H8085	hbo:8085	hear	similar	high	0.899
H0238	hbo:0238	give	H7182	hbo:7182	attentiveness	similar	prior	0.5
H0238	hbo:0238	give	H0240	hbo:0240	equipment	similar	prior	0.5
H0239	hbo:0239	he.weighed	H3976	hbo:3976	balances	similar	prior	0.5
H0240	hbo:0240	equipment	H0241	hbo:0241	ears	similar	prior	0.5
H0241	hbo:0241	ears	H5869	hbo:5869	eyes	similar	high	0.917
H0241	hbo:0241	ears	H8085	hbo:8085	hear	similar	high	0.772
H0247	hbo:0247	you	H2290	hbo:2290	a.belt	similar	prior	0.6
H0247	hbo:0247	you	H2296	hbo:2296	girded	similar	prior	0.5
H0247	hbo:0247	you	H2280	hbo:2280	he.saddled	similar	prior	0.5
H0247	hbo:0247	you	H0640	hbo:0640	you.will.gird.the.ephod	similar	prior	0.5
H0247	hbo:0247	you	H0232	hbo:0232	loincloth	similar	prior	0.5
H0248	hbo:0248	an.arm	H2220	hbo:2220	arm	similar	prior	0.5
H0249	hbo:0249	native-born	H1616	hbo:1616	sojourner	antonym	recall	0.763
H0249	hbo:0249	native-born	H8453	hbo:8453	a.resident.alien	antonym	recall	0.581
H0249	hbo:0249	native-born	H3211	hbo:3211	those.born	similar	prior	0.5
H0249	hbo:0249	native-born	H2225	hbo:2225	your.dawn	similar	prior	0.5
H0249	hbo:0249	native-born	H4217	hbo:4217	eastward	similar	prior	0.5
H0251	hbo:0251	brother	H0269	hbo:0269	sister	similar	high	0.858
H0264	hbo:0264	brotherhood	H0266	hbo:0266	Ahohite	similar	prior	0.5
H0264	hbo:0264	brotherhood	H0251	hbo:0251	brother	similar	prior	0.5
H0264	hbo:0264	brotherhood	H0269	hbo:0269	sister	similar	prior	0.5
H0268	hbo:0268	backwards	H6440	hbo:6440	before	similar	prior	0.6
H0269	hbo:0269	sister	H1733	hbo:1733	aunt	similar	high	0.691
H0270	hbo:0270	it	H8610	hbo:8610	he.seized	similar	high	0.711
H0270	hbo:0270	it	H2388	hbo:2388	be.strong	similar	high	0.69
H0270	hbo:0270	it	H0272	hbo:0272	a.possession	similar	prior	0.5
H0272	hbo:0272	a.possession	H5159	hbo:5159	inheritance	similar	high	0.885
H0272	hbo:0272	a.possession	H3425	hbo:3425	a.possession	similar	high	0.81
H0272	hbo:0272	a.possession	H0270	hbo:0270	it	similar	prior	0.6
H0309	hbo:0309	delay	H0268	hbo:0268	backwards	similar	prior	0.5
H0312	hbo:0312	other	H0317	hbo:0317	another	similar	prior	0.6
H0312	hbo:0312	other	H8145	hbo:8145	Vashni	similar	prior	0.5
H0312	hbo:0312	other	H0314	hbo:0314	latter	similar	prior	0.5
H0312	hbo:0312	other	H0268	hbo:0268	backwards	similar	prior	0.5
H0312	hbo:0312	other	H0309	hbo:0309	delay	similar	prior	0.5
H0312	hbo:0312	other	H0319	hbo:0319	end	similar	prior	0.5
H0314	hbo:0314	latter	H7223	hbo:7223	first	antonym	recall	0.706
H0314	hbo:0314	latter	H0320	hbo:0320	the.end	similar	prior	0.6
H0314	hbo:0314	latter	H0268	hbo:0268	backwards	similar	prior	0.5
H0314	hbo:0314	latter	H0309	hbo:0309	delay	similar	prior	0.5
H0317	hbo:0317	another	H6933	hbo:6933	the	antonym	recall	0.707
H0319	hbo:0319	end	H7093	hbo:7093	end	similar	high	0.756
H0319	hbo:0319	end	H0314	hbo:0314	latter	similar	prior	0.6
H0319	hbo:0319	end	H6118	hbo:6118	[the].consequence	similar	prior	0.6
H0319	hbo:0319	end	H0320	hbo:0320	the.end	similar	prior	0.6
H0319	hbo:0319	end	H8503	hbo:8503	the.end	similar	prior	0.5
H0319	hbo:0319	end	H7097	hbo:7097	the.end	similar	prior	0.5
H0319	hbo:0319	end	H0309	hbo:0309	delay	similar	prior	0.5
H0319	hbo:0319	end	H0268	hbo:0268	backwards	similar	prior	0.5
H0320	hbo:0320	the.end	H0317	hbo:0317	another	similar	prior	0.5
H0321	hbo:0321	another	H0312	hbo:0312	other	similar	prior	0.5
H0321	hbo:0321	another	H0320	hbo:0320	the.end	similar	prior	0.5
H0321	hbo:0321	another	H0317	hbo:0317	another	similar	prior	0.5
H0330	hbo:0330	linen	H0331	hbo:0331	closed	similar	prior	0.5
H0331	hbo:0331	closed	H5462	hbo:5462	he	similar	prior	0.5
H0332	hbo:0332	let.it.close	H0334	hbo:0334	impeded	similar	prior	0.5
H0338	hbo:0338	hyenas	H8565	hbo:8565	jackals	similar	high	0.642
H0339	hbo:0339	islands	H0776	hbo:0776	the.land	similar	prior	0.5
H0339	hbo:0339	islands	H3220	hbo:3220	sea	similar	prior	0.5
H0339	hbo:0339	islands	H2348	hbo:2348	the.coast	similar	prior	0.5
H0340	hbo:0340	I.will.be.an.enemy.to	H0342	hbo:0342	enmity	similar	prior	0.6
H0340	hbo:0340	I.will.be.an.enemy.to	H0341	hbo:0341	enemies	similar	prior	0.6
H0340	hbo:0340	I.will.be.an.enemy.to	H7852	hbo:7852	they	similar	prior	0.5
H0341	hbo:0341	enemies	H6862	hbo:6862a	foes	similar	high	1.0
H0341	hbo:0341	enemies	H6862	hbo:6862	distress	similar	high	0.936
H0341	hbo:0341	enemies	H6887	hbo:6887a	foes	similar	high	0.879
H0342	hbo:0342	enmity	H0341	hbo:0341	enemies	similar	prior	0.6
H0342	hbo:0342	enmity	H8135	hbo:8135	hatred	similar	prior	0.5
H0342	hbo:0342	enmity	H7852	hbo:7852	they	similar	prior	0.5
H0342	hbo:0342	enmity	H4895	hbo:4895	animosity	similar	prior	0.5
H0343	hbo:0343	their.disaster	H6365	hbo:6365	disaster	similar	high	0.805
H0343	hbo:0343	their.disaster	H7722	hbo:7722a	devastation	similar	high	0.637
H0343	hbo:0343	their.disaster	H7451	hbo:7451b	evil	similar	prior	0.5
H0343	hbo:0343	their.disaster	H6843	hbo:6843	doom	similar	prior	0.5
H0344	hbo:0344	kite	H0338	hbo:0338	hyenas	similar	prior	0.5
H0352	hbo:0352	rams	H3532	hbo:3532	lambs	similar	high	1.0
H0352	hbo:0352	rams	H1798	hbo:1798	rams	similar	prior	0.5
H0352	hbo:0352	rams	H7716	hbo:7716	a.sheep	similar	prior	0.5
H0352	hbo:0352	rams	H0424	hbo:0424	terebinth	similar	prior	0.5
H0352	hbo:0352a	oaks	H0046	hbo:0046	the.mighty.one	similar	prior	0.5
H0352	hbo:0352b	pillars	H0424	hbo:0424	terebinth	similar	prior	0.5
H0352	hbo:0352b	pillars	H0354	hbo:0354	deer	similar	prior	0.5
H0352	hbo:0352b	pillars	H0193	hbo:0193	body	similar	prior	0.5
H0352	hbo:0352b	pillars	H0436	hbo:0436	the.great.trees	similar	prior	0.5
H0352	hbo:0352b	pillars	H0355	hbo:0355	does	similar	prior	0.5
H0352	hbo:0352b	pillars	H0352	hbo:0352	rams	similar	prior	0.5
H0353	hbo:0353	strength	H0360	hbo:0360	my.strength	similar	prior	0.5
H0354	hbo:0354	deer	H6643	hbo:6643a	gazelle	similar	high	0.984
H0354	hbo:0354	deer	H0424	hbo:0424	terebinth	similar	prior	0.5
H0355	hbo:0355	does	H0354	hbo:0354	deer	similar	prior	0.6
H0355	hbo:0355	does	H0365	hbo:0365	a.doe	similar	prior	0.6
H0355	hbo:0355	does	H6643	hbo:6643a	gazelle	similar	prior	0.5
H0355	hbo:0355	does	H0424	hbo:0424	terebinth	similar	prior	0.5
H0355	hbo:0355	does	H0193	hbo:0193	body	similar	prior	0.5
H0355	hbo:0355	does	H0436	hbo:0436	the.great.trees	similar	prior	0.5
H0355	hbo:0355	does	H0352	hbo:0352	rams	similar	prior	0.5
H0361	hbo:0361	the.porch	H0193	hbo:0193	body	similar	prior	0.5
H0361	hbo:0361	the.porch	H0354	hbo:0354	deer	similar	prior	0.5
H0361	hbo:0361	the.porch	H0352	hbo:0352	rams	similar	prior	0.5
H0361	hbo:0361	the.porch	H0436	hbo:0436	the.great.trees	similar	prior	0.5
H0361	hbo:0361	the.porch	H0355	hbo:0355	does	similar	prior	0.5
H0361	hbo:0361	the.porch	H0424	hbo:0424	terebinth	similar	prior	0.5
H0363	hbo:0363	the	H0636	hbo:0636	(the)	similar	prior	0.5
H0365	hbo:0365	a.doe	H0354	hbo:0354	deer	similar	prior	0.6
H0365	hbo:0365	a.doe	H3280	hbo:3280	a.mountain.goat	similar	prior	0.5
H0365	hbo:0365	a.doe	H6643	hbo:6643	beauty	similar	prior	0.5
H0365	hbo:0365	a.doe	H0352	hbo:0352b	pillars	similar	prior	0.5
H0365	hbo:0365	a.doe	H0424	hbo:0424	terebinth	similar	prior	0.5
H0365	hbo:0365	a.doe	H0436	hbo:0436	the.great.trees	similar	prior	0.5
H0365	hbo:0365	a.doe	H0352	hbo:0352	rams	similar	prior	0.5
H0365	hbo:0365	a.doe	H0355	hbo:0355	does	similar	prior	0.5
H0365	hbo:0365	a.doe	H0193	hbo:0193	body	similar	prior	0.5
H0365	hbo:0365	a.doe	H0361	hbo:0361	the.porch	similar	prior	0.5
H0366	hbo:0366	majestic	H0367	hbo:0367	terror	similar	prior	0.6
H0366	hbo:0366	majestic	H4032	hbo:4032	terror	similar	prior	0.5
H0367	hbo:0367	terror	H6343	hbo:6343	dread	similar	high	0.837
H0367	hbo:0367	terror	H4288	hbo:4288	terror	similar	prior	0.5
H0367	hbo:0367	terror	H6206	hbo:6206	be.terrified	similar	prior	0.5
H0367	hbo:0367	terror	H0366	hbo:0366	majestic	similar	prior	0.5
H0374	hbo:0374	ephah	H1969	hbo:1969	hin	similar	high	0.932
H0374	hbo:0374	ephah	H3849	hbo:3849	a.log	similar	high	0.78
H0374	hbo:0374	ephah	H5429	hbo:5429	a.seah	similar	prior	0.6
H0374	hbo:0374	ephah	H3734	hbo:3734	cor[s]	similar	prior	0.5
H0374	hbo:0374	ephah	H6241	hbo:6241	tenths.[of.an.ephah]	similar	prior	0.5
H0376	hbo:0376	man	H1167	hbo:1167	the.citizens	similar	high	0.832
H0376	hbo:0376	man	H0802	hbo:0802	woman	antonym	recall	0.651
H0376	hbo:0376	man	H0380	hbo:0380	the.pupil	similar	prior	0.5
H0377	hbo:0377a	pluck.up.courage	H0808	hbo:0808	the.raisin-cakes	similar	prior	0.5
H0383	hbo:0383	there	H1934	hbo:1934	it.will.be	similar	high	0.994
H0386	hbo:0386	ever-flowing	H2389	hbo:2389	strong	similar	prior	0.5
H0391	hbo:0391	a.deceitful.thing	H3577	hbo:3577	falsehood	similar	prior	0.6
H0391	hbo:0391	a.deceitful.thing	H3576	hbo:3576	I.will.lie	similar	prior	0.5
H0393	hbo:0393	cruel	H0394	hbo:0394	a.cruel.[person]	similar	high	0.835
H0393	hbo:0393	cruel	H0395	hbo:0395	[the].cruelty	similar	prior	0.5
H0395	hbo:0395	[the].cruelty	H0394	hbo:0394	a.cruel.[person]	similar	prior	0.5
H0398	hbo:0398	you.will.eat	H8354	hbo:8354	drink	similar	high	0.909
H0398	hbo:0398	you.will.eat	H3978	hbo:3978	food	similar	high	0.841
H0398	hbo:0398	you.will.eat	H2938	hbo:2938	I.tasted	similar	prior	0.5
H0398	hbo:0398	you.will.eat	H0396	hbo:0396	the.food	similar	prior	0.5
H0400	hbo:0400	food	H3899	hbo:3899	food	similar	high	0.774
H0400	hbo:0400	food	H6720	hbo:6720	provision[s]	similar	high	0.605
H0400	hbo:0400	food	H3980	hbo:3980	fuel	similar	prior	0.6
H0400	hbo:0400	food	H4361	hbo:4361	food	similar	prior	0.6
H0400	hbo:0400	food	H0737	hbo:0737	a.food.allowance	similar	prior	0.5
H0400	hbo:0400	food	H3978	hbo:3978	food	similar	prior	0.5
H0400	hbo:0400	food	H1279	hbo:1279	food	similar	prior	0.5
H0400	hbo:0400	food	H5138	hbo:5138	cooked.food	similar	prior	0.5
H0400	hbo:0400	food	H2964	hbo:2964	prey	similar	prior	0.5
H0400	hbo:0400	food	H0396	hbo:0396	the.food	similar	prior	0.5
H0402	hbo:0402	food	H6720	hbo:6720	provision[s]	similar	high	0.578
H0402	hbo:0402	food	H7607	hbo:7607	relative	similar	prior	0.5
H0402	hbo:0402	food	H4202	hbo:4202	provision[s]	similar	prior	0.5
H0402	hbo:0402	food	H0398	hbo:0398	you.will.eat	similar	prior	0.5
H0402	hbo:0402	food	H0396	hbo:0396	the.food	similar	prior	0.5
H0402	hbo:0402	food	H4361	hbo:4361	food	similar	prior	0.5
H0405	hbo:0405	pressure	H0404	hbo:0404	it.presses	similar	prior	0.5
H0406	hbo:0406	farmers	H3755	hbo:3755	vinedressers	similar	high	0.879
H0406	hbo:0406	farmers	H3009	hbo:3009	husbandmen	similar	prior	0.5
H0406	hbo:0406	farmers	H2790	hbo:2790	it.will.be.plowed	similar	prior	0.5
H0410	hbo:0410	God	H0433	hbo:0433	God	similar	high	1.0
H0410	hbo:0410	God	H0430	hbo:0430	God	similar	high	1.0
H0417	hbo:0417	of.hail	H1259	hbo:1259	hail	similar	high	0.799
H0418	hbo:0418	algum(s)	H0417	hbo:0417	of.hail	similar	prior	0.5
H0421	hbo:0421	wail	H0451	hbo:0451	tail	similar	prior	0.5
H0422	hbo:0422	put	H8381	hbo:8381	curse	similar	prior	0.5
H0423	hbo:0423	a.curse	H7045	hbo:7045	curse	similar	high	0.888
H0423	hbo:0423	a.curse	H7621	hbo:7621	oath	similar	high	0.669
H0423	hbo:0423	a.curse	H1285	hbo:1285	covenant	similar	high	0.665
H0423	hbo:0423	a.curse	H7650	hbo:7650	he.swore	similar	high	0.645
H0423	hbo:0423	a.curse	H8381	hbo:8381	curse	similar	prior	0.5
H0424	hbo:0424	terebinth	H0437	hbo:0437	oak	similar	high	0.522
H0424	hbo:0424	terebinth	H0730	hbo:0730	of.cedar(s)	similar	prior	0.5
H0424	hbo:0424	terebinth	H8247	hbo:8247	almonds	similar	prior	0.5
H0424	hbo:0424	terebinth	H0427	hbo:0427	oak	similar	prior	0.5
H0424	hbo:0424	terebinth	H0436	hbo:0436	the.great.trees	similar	prior	0.5
H0430	hbo:0430	God	H0410	hbo:0410	God	similar	high	1.0
H0430	hbo:0430	God	H0433	hbo:0433	God	similar	prior	0.6
H0433	hbo:0433	God	H0410	hbo:0410	God	similar	high	1.0
H0433	hbo:0433	God	H0430	hbo:0430	God	similar	prior	0.5
H0436	hbo:0436	the.great.trees	H0427	hbo:0427	oak	similar	prior	0.5
H0436	hbo:0436	the.great.trees	H1265	hbo:1265	of.cypresses	similar	prior	0.5
H0436	hbo:0436	the.great.trees	H0354	hbo:0354	deer	similar	prior	0.5
H0436	hbo:0436	the.great.trees	H0352	hbo:0352	rams	similar	prior	0.5
H0436	hbo:0436	the.great.trees	H0424	hbo:0424	terebinth	similar	prior	0.5
H0437	hbo:0437	oak	H0815	hbo:0815	tree	similar	high	0.563
H0437	hbo:0437	oak	H0730	hbo:0730	of.cedar(s)	similar	high	0.553
H0437	hbo:0437	oak	H0427	hbo:0427	oak	similar	prior	0.5
H0441	hbo:0441	chief	H7218	hbo:7218	head	similar	prior	0.5
H0441	hbo:0441	chief	H8269	hbo:8269	officials	similar	prior	0.5
H0451	hbo:0451	tail	H2459	hbo:2459	fat	similar	high	0.925
H0457	hbo:0457	idols	H4541	hbo:4541	a.molten.image	similar	high	0.858
H0457	hbo:0457	idols	H6456	hbo:6456	idols	similar	high	0.832
H0457	hbo:0457	idols	H6459	hbo:6459	idol	similar	high	0.825
H0457	hbo:0457	idols	H1544	hbo:1544	idols	similar	high	0.769
H0457	hbo:0457	idols	H6091	hbo:6091	idols	similar	high	0.742
H0457	hbo:0457	idols	H5566	hbo:5566	image	similar	prior	0.5
H0457	hbo:0457	idols	H8163	hbo:8163	hairy	similar	prior	0.5
H0457	hbo:0457	idols	H4656	hbo:4656	an.abominable.image	similar	prior	0.5
H0457	hbo:0457	idols	H5257	hbo:5257a	princes	similar	prior	0.5
H0479	hbo:0479	these	H0459	hbo:0459	these	similar	prior	0.5
H0482	hbo:0482	elem-	H0483	hbo:0483	dumb	similar	prior	0.6
H0483	hbo:0483	dumb	H2795	hbo:2795	deaf	similar	high	0.794
H0483	hbo:0483	dumb	H5787	hbo:5787	blind	similar	high	0.656
H0483	hbo:0483	dumb	H0485	hbo:0485	sheaves	similar	prior	0.5
H0483	hbo:0483	dumb	H0482	hbo:0482	elem-	similar	prior	0.5
H0484	hbo:0484	of.almug(s)	H0417	hbo:0417	of.hail	similar	prior	0.5
H0485	hbo:0485	sheaves	H7641	hbo:7641	of.grain	similar	high	0.549
H0485	hbo:0485	sheaves	H0482	hbo:0482	elem-	similar	prior	0.5
H0488	hbo:0488a	widows	H0491	hbo:0491	her.widowhood	similar	prior	0.6
H0490	hbo:0490	a.widow	H3490	hbo:3490	one	similar	high	1.0
H0490	hbo:0490	a.widow	H0488	hbo:0488a	widows	similar	prior	0.6
H0491	hbo:0491	her.widowhood	H0490	hbo:0490	a.widow	similar	high	0.645
H0502	hbo:0502	it.teaches	H3925	hbo:3925	teach	similar	prior	0.5
H0502	hbo:0502	it.teaches	H0441	hbo:0441a	a.close.friend	similar	prior	0.5
H0503	hbo:0503	[will.be].producing.thousands	H0441	hbo:0441	chief	similar	prior	0.5
H0504	hbo:0504	your.cattle(s)	H6792	hbo:6792	sheep	similar	prior	0.6
H0504	hbo:0504	your.cattle(s)	H6629	hbo:6629	sheep	similar	prior	0.6
H0504	hbo:0504	your.cattle(s)	H0441	hbo:0441a	a.close.friend	similar	prior	0.5
H0504	hbo:0504	your.cattle(s)	H0502	hbo:0502	it.teaches	similar	prior	0.5
H0517	hbo:0517	mother	H0001	hbo:0001	father	antonym	recall	0.706
H0517	hbo:0517	mother	H1121	hbo:1121	the.son	similar	prior	0.5
H0517	hbo:0517	mother	H0523	hbo:0523	peoples	similar	prior	0.5
H0517	hbo:0517	mother	H0520	hbo:0520	cubits	similar	prior	0.5
H0519	hbo:0519	maidservant	H8198	hbo:8198	maidservant	similar	high	0.871
H0519	hbo:0519	maidservant	H5650	hbo:5650	servant	similar	high	0.634
H0520	hbo:0520	cubits	H4060	hbo:4060	measurement	similar	high	0.925
H0520	hbo:0520	cubits	H2948	hbo:2948	a.hand.breadth	similar	high	0.91
H0520	hbo:0520	cubits	H0523	hbo:0523	peoples	similar	prior	0.5
H0523	hbo:0523	peoples	H3816	hbo:3816	peoples	similar	high	0.85
H0523	hbo:0523	peoples	H1471	hbo:1471	nations	similar	high	0.768
H0523	hbo:0523	peoples	H4294	hbo:4294	the.tribe	similar	prior	0.5
H0525	hbo:0525	the.craftsman	H0529	hbo:0529	of.faithfulness(es)	similar	prior	0.5
H0525	hbo:0525	the.craftsman	H0545	hbo:0545	guardianship	similar	prior	0.5
H0525	hbo:0525	the.craftsman	H0542	hbo:0542	of.a.master-craftsman	similar	prior	0.5
H0525	hbo:0525	the.craftsman	H0547	hbo:0547	door-posts	similar	prior	0.5
H0530	hbo:0530	faithfulness	H0571	hbo:0571	faithfulness	similar	high	1.0
H0530	hbo:0530	faithfulness	H0539	hbo:0539	faithful	similar	high	0.903
H0530	hbo:0530	faithfulness	H2617	hbo:2617	loyalty	similar	high	0.783
H0530	hbo:0530	faithfulness	H0529	hbo:0529	of.faithfulness(es)	similar	prior	0.6
H0530	hbo:0530	faithfulness	H0548	hbo:0548	a.trustworthy.agreement	similar	prior	0.6
H0530	hbo:0530	faithfulness	H0544	hbo:0544	faithfulness	similar	prior	0.5
H0530	hbo:0530	faithfulness	H0545	hbo:0545	guardianship	similar	prior	0.5
H0530	hbo:0530	faithfulness	H0542	hbo:0542	of.a.master-craftsman	similar	prior	0.5
H0530	hbo:0530	faithfulness	H0547	hbo:0547	door-posts	similar	prior	0.5
H0530	hbo:0530	faithfulness	H0525	hbo:0525	the.craftsman	similar	prior	0.5
H0533	hbo:0533	a.strong.[one]	H2389	hbo:2389	strong	similar	high	0.675
H0533	hbo:0533	a.strong.[one]	H0554	hbo:0554	strong	similar	prior	0.5
H0533	hbo:0533	a.strong.[one]	H3981	hbo:3981	[the].efforts	similar	prior	0.5
H0534	hbo:0534	of.[the].top	H3982	hbo:3982	the.command	similar	prior	0.5
H0534	hbo:0534	of.[the].top	H0565	hbo:0565	word	similar	prior	0.5
H0534	hbo:0534	of.[the].top	H0559	hbo:0559	he.said	similar	prior	0.5
H0534	hbo:0534	of.[the].top	H0562	hbo:0562	a.word	similar	prior	0.5
H0534	hbo:0534	of.[the].top	H0561	hbo:0561	words	similar	prior	0.5
H0535	hbo:0535	it.has.languished	H0056	hbo:0056a	it.has.dried.up	similar	high	1.0
H0535	hbo:0535	it.has.languished	H0536	hbo:0536	[am].frail	similar	prior	0.6
H0535	hbo:0535	it.has.languished	H1669	hbo:1669	become.faint	similar	prior	0.5
H0536	hbo:0536	[am].frail	H0535	hbo:0535	it.has.languished	similar	prior	0.5
H0537	hbo:0537	feeble	H0536	hbo:0536	[am].frail	similar	prior	0.6
H0537	hbo:0537	feeble	H0535	hbo:0535	it.has.languished	similar	prior	0.5
H0539	hbo:0539	faithful	H0530	hbo:0530	faithfulness	similar	high	0.903
H0539	hbo:0539	faithful	H0982	hbo:0982	trust	similar	high	0.703
H0539	hbo:0539	faithful	H0529	hbo:0529	of.faithfulness(es)	similar	prior	0.6
H0539	hbo:0539	faithful	H0548	hbo:0548	a.trustworthy.agreement	similar	prior	0.6
H0539	hbo:0539	faithful	H3576	hbo:3576	I.will.lie	antonym	recall	0.558
H0539	hbo:0539	faithful	H5532	hbo:5532	it.is.of.use	similar	prior	0.5
H0539	hbo:0539	faithful	H2617	hbo:2617	loyalty	similar	prior	0.5
H0539	hbo:0539	faithful	H0542	hbo:0542	of.a.master-craftsman	similar	prior	0.5
H0539	hbo:0539	faithful	H0545	hbo:0545	guardianship	similar	prior	0.5
H0539	hbo:0539	faithful	H0525	hbo:0525	the.craftsman	similar	prior	0.5
H0539	hbo:0539	faithful	H0547	hbo:0547	door-posts	similar	prior	0.5
H0539	hbo:0539a	nurse	H0548	hbo:0548	a.trustworthy.agreement	similar	prior	0.6
H0542	hbo:0542	of.a.master-craftsman	H0525	hbo:0525	the.craftsman	similar	prior	0.6
H0542	hbo:0542	of.a.master-craftsman	H0547	hbo:0547	door-posts	similar	prior	0.5
H0542	hbo:0542	of.a.master-craftsman	H0529	hbo:0529	of.faithfulness(es)	similar	prior	0.5
H0542	hbo:0542	of.a.master-craftsman	H0545	hbo:0545	guardianship	similar	prior	0.5
H0544	hbo:0544	faithfulness	H0545	hbo:0545	guardianship	similar	prior	0.5
H0544	hbo:0544	faithfulness	H0547	hbo:0547	door-posts	similar	prior	0.5
H0544	hbo:0544	faithfulness	H0529	hbo:0529	of.faithfulness(es)	similar	prior	0.5
H0544	hbo:0544	faithfulness	H0542	hbo:0542	of.a.master-craftsman	similar	prior	0.5
H0544	hbo:0544	faithfulness	H0539	hbo:0539	faithful	similar	prior	0.5
H0544	hbo:0544	faithfulness	H0525	hbo:0525	the.craftsman	similar	prior	0.5
H0545	hbo:0545	guardianship	H0529	hbo:0529	of.faithfulness(es)	similar	prior	0.5
H0545	hbo:0545	guardianship	H0547	hbo:0547	door-posts	similar	prior	0.5
H0547	hbo:0547	door-posts	H0529	hbo:0529	of.faithfulness(es)	similar	prior	0.5
H0548	hbo:0548	a.trustworthy.agreement	H0547	hbo:0547	door-posts	similar	prior	0.5
H0548	hbo:0548	a.trustworthy.agreement	H0545	hbo:0545	guardianship	similar	prior	0.5
H0548	hbo:0548	a.trustworthy.agreement	H0544	hbo:0544	faithfulness	similar	prior	0.5
H0548	hbo:0548	a.trustworthy.agreement	H0539	hbo:0539	faithful	similar	prior	0.5
H0548	hbo:0548	a.trustworthy.agreement	H0525	hbo:0525	the.craftsman	similar	prior	0.5
H0548	hbo:0548	a.trustworthy.agreement	H0542	hbo:0542	of.a.master-craftsman	similar	prior	0.5
H0548	hbo:0548	a.trustworthy.agreement	H0530	hbo:0530	faithfulness	similar	prior	0.5
H0548	hbo:0548	a.trustworthy.agreement	H0529	hbo:0529	of.faithfulness(es)	similar	prior	0.5
H0553	hbo:0553	be.bold	H2388	hbo:2388	be.strong	similar	high	0.829
H0553	hbo:0553	be.bold	H7401	hbo:7401	it.was.soft	antonym	recall	0.55
H0553	hbo:0553	be.bold	H7503	hbo:7503	refrain	antonym	recall	0.533
H0553	hbo:0553	be.bold	H0554	hbo:0554	strong	similar	prior	0.5
H0553	hbo:0553	be.bold	H3981	hbo:3981	[the].efforts	similar	prior	0.5
H0553	hbo:0553	be.bold	H3372	hbo:3372	be.afraid	antonym	recall	0.473
H0554	hbo:0554	strong	H3981	hbo:3981	[the].efforts	similar	prior	0.6
H0554	hbo:0554	strong	H0555	hbo:0555	strength	similar	prior	0.6
H0554	hbo:0554	strong	H0556	hbo:0556	[are].strength	similar	prior	0.6
H0554	hbo:0554	strong	H0553	hbo:0553	be.bold	similar	prior	0.6
H0555	hbo:0555	strength	H3981	hbo:3981	[the].efforts	similar	prior	0.6
H0555	hbo:0555	strength	H0553	hbo:0553	be.bold	similar	prior	0.6
H0555	hbo:0555	strength	H0556	hbo:0556	[are].strength	similar	prior	0.5
H0555	hbo:0555	strength	H0533	hbo:0533	a.strong.[one]	similar	prior	0.5
H0555	hbo:0555	strength	H0554	hbo:0554	strong	similar	prior	0.5
H0556	hbo:0556	[are].strength	H3981	hbo:3981	[the].efforts	similar	prior	0.6
H0556	hbo:0556	[are].strength	H0553	hbo:0553	be.bold	similar	prior	0.6
H0556	hbo:0556	[are].strength	H0555	hbo:0555	strength	similar	prior	0.6
H0556	hbo:0556	[are].strength	H0533	hbo:0533	a.strong.[one]	similar	prior	0.5
H0556	hbo:0556	[are].strength	H0554	hbo:0554	strong	similar	prior	0.5
H0559	hbo:0559	he.said	H1696	hbo:1696	he.spoke	similar	high	1.0
H0559	hbo:0559	he.said	H6030	hbo:6030	he.answered	similar	high	0.865
H0559	hbo:0559	he.said	H0565	hbo:0565	word	similar	prior	0.5
H0559	hbo:0559	he.said	H0562	hbo:0562	a.word	similar	prior	0.5
H0559	hbo:0559	he.said	H3982	hbo:3982	the.command	similar	prior	0.5
H0559	hbo:0559	he.said	H0561	hbo:0561	words	similar	prior	0.5
H0560	hbo:0560	saying	H0563	hbo:0563	lambs	similar	prior	0.5
H0560	hbo:0560	saying	H3983	hbo:3983	[is.by.the].word	similar	prior	0.5
H0561	hbo:0561	words	H4405	hbo:4405	words	similar	high	0.994
H0562	hbo:0562	a.word	H0561	hbo:0561	words	similar	prior	0.6
H0562	hbo:0562	a.word	H0565	hbo:0565	word	similar	prior	0.5
H0562	hbo:0562	a.word	H3982	hbo:3982	the.command	similar	prior	0.5
H0563	hbo:0563	lambs	H1798	hbo:1798	rams	similar	high	1.0
H0565	hbo:0565	word	H4405	hbo:4405	words	similar	high	0.77
H0565	hbo:0565	word	H0562	hbo:0562	a.word	similar	prior	0.6
H0565	hbo:0565	word	H1697	hbo:1697	the.word	similar	prior	0.5
H0567	hbo:0567	the.Amorite[s]	H3669	hbo:3669	Canaanite[s]	similar	high	0.905
H0567	hbo:0567	the.Amorite[s]	H2850	hbo:2850	Hittite[s]	similar	high	0.893
H0567	hbo:0567	the.Amorite[s]	H2340	hbo:2340	Hivite[s]	similar	high	0.871
H0567	hbo:0567	the.Amorite[s]	H6522	hbo:6522	Perizzite[s]	similar	high	0.826
H0567	hbo:0567	the.Amorite[s]	H2983	hbo:2983	Jebusite[s]	similar	high	0.794
H0567	hbo:0567	the.Amorite[s]	H1622	hbo:1622	Girgashite[s]	similar	high	0.791
H0571	hbo:0571	faithfulness	H2617	hbo:2617	loyalty	similar	high	1.0
H0571	hbo:0571	faithfulness	H0530	hbo:0530	faithfulness	similar	high	1.0
H0571	hbo:0571	faithfulness	H6664	hbo:6664	righteousness	similar	high	0.943
H0571	hbo:0571	faithfulness	H8267	hbo:8267	falsehood	antonym	recall	0.6
H0571	hbo:0571	faithfulness	H0548	hbo:0548	a.trustworthy.agreement	similar	prior	0.6
H0571	hbo:0571	faithfulness	H0547	hbo:0547	door-posts	similar	prior	0.5
H0571	hbo:0571	faithfulness	H0542	hbo:0542	of.a.master-craftsman	similar	prior	0.5
H0571	hbo:0571	faithfulness	H0525	hbo:0525	the.craftsman	similar	prior	0.5
H0571	hbo:0571	faithfulness	H0529	hbo:0529	of.faithfulness(es)	similar	prior	0.5
H0571	hbo:0571	faithfulness	H0544	hbo:0544	faithfulness	similar	prior	0.5
H0571	hbo:0571	faithfulness	H0545	hbo:0545	guardianship	similar	prior	0.5
H0579	hbo:0579	[is].seeking.an.opportunity	H8385	hbo:8385a	an.occasion	similar	prior	0.5
H0582	hbo:0582	humankind	H0120	hbo:0120	of.humankind	similar	high	0.948
H0582	hbo:0582	humankind	H0606	hbo:0606	of.(the)	similar	prior	0.6
H0584	hbo:0584	you.will.groan	H0602	hbo:0602	are].groaning	similar	prior	0.5
H0584	hbo:0584	you.will.groan	H5009	hbo:5009	groaning	similar	prior	0.5
H0585	hbo:0585	groaning	H0584	hbo:0584	you.will.groan	similar	prior	0.5
H0590	hbo:0590	the.ship[s]	H0591	hbo:0591	ships	similar	high	1.0
H0590	hbo:0590	the.ship[s]	H4536	hbo:4536	the.merchandise	similar	prior	0.5
H0590	hbo:0590	the.ship[s]	H6716	hbo:6716	ships	similar	prior	0.5
H0591	hbo:0591	ships	H0590	hbo:0590	the.ship[s]	similar	high	1.0
H0591	hbo:0591	ships	H6716	hbo:6716	ships	similar	high	0.636
H0592	hbo:0592	lamentation	H3015	hbo:3015	sorrow	similar	prior	0.5
H0594	hbo:0594	tin	H6957	hbo:6957b	line	similar	prior	0.5
H0594	hbo:0594	tin	H4949	hbo:4949	the.leveling.tool	similar	prior	0.5
H0599	hbo:0599	he.was.angry	H0639	hbo:0639	anger	similar	high	0.874
H0599	hbo:0599	he.was.angry	H2734	hbo:2734	it.burned	similar	high	0.855
H0599	hbo:0599	he.was.angry	H3707	hbo:3707	provoke	similar	high	0.664
H0601	hbo:0601	heron	H0639	hbo:0639	anger	similar	prior	0.5
H0601	hbo:0601	heron	H0599	hbo:0599	he.was.angry	similar	prior	0.5
H0602	hbo:0602	are].groaning	H0604	hbo:0604	gecko	similar	prior	0.5
H0602	hbo:0602	are].groaning	H0603	hbo:0603	groaning	similar	prior	0.5
H0603	hbo:0603	groaning	H5009	hbo:5009	groaning	similar	prior	0.5
H0603	hbo:0603	groaning	H0602	hbo:0602	are].groaning	similar	prior	0.5
H0603	hbo:0603	groaning	H0585	hbo:0585	groaning	similar	prior	0.5
H0604	hbo:0604	gecko	H0603	hbo:0603	groaning	similar	prior	0.5
H0610	hbo:0610	a.jar	H5480	hbo:5480	you.will.anoint.yourself	similar	prior	0.5
H0611	hbo:0611	harm	H6869	hbo:6869	trouble	similar	prior	0.5
H0611	hbo:0611	harm	H5999	hbo:5999	toil	similar	prior	0.5
H0611	hbo:0611	harm	H1942	hbo:1942	desire	similar	prior	0.5
H0611	hbo:0611	harm	H4658	hbo:4658	your.downfall	similar	prior	0.5
H0611	hbo:0611	harm	H7451	hbo:7451	evil	similar	prior	0.5
H0612	hbo:0612	[are].fetters	H0631	hbo:0631	she.has.bound	similar	high	0.622
H0612	hbo:0612	[are].fetters	H4133	hbo:4133	yoke-bar	similar	prior	0.5
H0612	hbo:0612	[are].fetters	H4525	hbo:4525a	smith	similar	prior	0.5
H0612	hbo:0612	[are].fetters	H2131	hbo:2131a	fetters	similar	prior	0.5
H0612	hbo:0612	[are].fetters	H5178	hbo:5178	bronze	similar	prior	0.5
H0612	hbo:0612	[are].fetters	H4562	hbo:4562	the.bond	similar	prior	0.5
H0612	hbo:0612	[are].fetters	H0615	hbo:0615	prisoners	similar	prior	0.5
H0612	hbo:0612	[are].fetters	H4147	hbo:4147a	fetters	similar	prior	0.5
H0614	hbo:0614	the.ingathering	H0626	hbo:0626	a.gathering	similar	prior	0.5
H0614	hbo:0614	the.ingathering	H0622	hbo:0622	they.gathered	similar	prior	0.5
H0615	hbo:0615	prisoners	H5470	hbo:5470	the.prison	similar	prior	0.5
H0615	hbo:0615	prisoners	H4147	hbo:4147a	fetters	similar	prior	0.5
H0616	hbo:0616	prisoner[s]	H7628	hbo:7628	captivity	similar	prior	0.5
H0616	hbo:0616	prisoner[s]	H0612	hbo:0612	[are].fetters	similar	prior	0.5
H0616	hbo:0616	prisoner[s]	H4562	hbo:4562	the.bond	similar	prior	0.5
H0616	hbo:0616	prisoner[s]	H0632	hbo:0632	an.obligation	similar	prior	0.5
H0616	hbo:0616	prisoner[s]	H0631	hbo:0631	she.has.bound	similar	prior	0.5
H0616	hbo:0616	prisoner[s]	H4147	hbo:4147a	fetters	similar	prior	0.5
H0622	hbo:0622	they.gathered	H6908	hbo:6908	I.will.gather	similar	high	1.0
H0622	hbo:0622	they.gathered	H6950	hbo:6950	they.assembled	similar	high	0.798
H0622	hbo:0622	they.gathered	H0625	hbo:0625	[the].gathering	similar	prior	0.6
H0622	hbo:0622	they.gathered	H7114	hbo:7114	harvesters	similar	prior	0.5
H0622	hbo:0622	they.gathered	H5595	hbo:5595	you.should.be.swept.away	similar	prior	0.5
H0622	hbo:0622	they.gathered	H7197	hbo:7197	gathering	similar	prior	0.5
H0622	hbo:0622	they.gathered	H1478	hbo:1478	he.expired	similar	prior	0.5
H0622	hbo:0622	they.gathered	H0626	hbo:0626	a.gathering	similar	prior	0.5
H0624	hbo:0624	the.store(s)	H0627	hbo:0627	of.collections	similar	prior	0.5
H0624	hbo:0624	the.store(s)	H0614	hbo:0614	the.ingathering	similar	prior	0.5
H0624	hbo:0624	the.store(s)	H0628	hbo:0628	rabble	similar	prior	0.5
H0624	hbo:0624	the.store(s)	H0626	hbo:0626	a.gathering	similar	prior	0.5
H0624	hbo:0624	the.store(s)	H0622	hbo:0622	they.gathered	similar	prior	0.5
H0624	hbo:0624	the.store(s)	H0625	hbo:0625	[the].gathering	similar	prior	0.5
H0625	hbo:0625	[the].gathering	H0626	hbo:0626	a.gathering	similar	prior	0.5
H0625	hbo:0625	[the].gathering	H0614	hbo:0614	the.ingathering	similar	prior	0.5
H0625	hbo:0625	[the].gathering	H0628	hbo:0628	rabble	similar	prior	0.5
H0625	hbo:0625	[the].gathering	H0622	hbo:0622	they.gathered	similar	prior	0.5
H0627	hbo:0627	of.collections	H0622	hbo:0622	they.gathered	similar	prior	0.6
H0627	hbo:0627	of.collections	H0625	hbo:0625	[the].gathering	similar	prior	0.6
H0627	hbo:0627	of.collections	H0614	hbo:0614	the.ingathering	similar	prior	0.5
H0627	hbo:0627	of.collections	H0626	hbo:0626	a.gathering	similar	prior	0.5
H0627	hbo:0627	of.collections	H0628	hbo:0628	rabble	similar	prior	0.5
H0628	hbo:0628	rabble	H0626	hbo:0626	a.gathering	similar	prior	0.5
H0628	hbo:0628	rabble	H0614	hbo:0614	the.ingathering	similar	prior	0.5
H0628	hbo:0628	rabble	H0622	hbo:0622	they.gathered	similar	prior	0.5
H0631	hbo:0631	she.has.bound	H0612	hbo:0612	[are].fetters	similar	high	0.622
H0631	hbo:0631	she.has.bound	H7194	hbo:7194	he.conspired	similar	high	0.621
H0631	hbo:0631	she.has.bound	H2296	hbo:2296	girded	similar	prior	0.5
H0631	hbo:0631	she.has.bound	H2280	hbo:2280	he.saddled	similar	prior	0.5
H0631	hbo:0631	she.has.bound	H0615	hbo:0615	prisoners	similar	prior	0.5
H0631	hbo:0631	she.has.bound	H4147	hbo:4147a	fetters	similar	prior	0.5
H0631	hbo:0631	she.has.bound	H4562	hbo:4562	the.bond	similar	prior	0.5
H0632	hbo:0632	an.obligation	H4562	hbo:4562	the.bond	similar	prior	0.5
H0632	hbo:0632	an.obligation	H0612	hbo:0612	[are].fetters	similar	prior	0.5
H0632	hbo:0632	an.obligation	H4147	hbo:4147a	fetters	similar	prior	0.5
H0632	hbo:0632	an.obligation	H0615	hbo:0615	prisoners	similar	prior	0.5
H0633	hbo:0633	the	H0613	hbo:0613	a.fetter	similar	prior	0.5
H0639	hbo:0639	anger	H2740	hbo:2740	the.burning	similar	high	1.0
H0639	hbo:0639	anger	H5678	hbo:5678	fury	similar	high	0.958
H0639	hbo:0639	anger	H2534	hbo:2534	rage	similar	high	0.945
H0639	hbo:0639	anger	H2734	hbo:2734	it.burned	similar	high	0.901
H0639	hbo:0639	anger	H0599	hbo:0599	he.was.angry	similar	high	0.874
H0639	hbo:0639	anger	H2195	hbo:2195	indignation	similar	high	0.863
H0639	hbo:0639	anger	H7110	hbo:7110	wrath	similar	high	0.772
H0639	hbo:0639	anger	H2197	hbo:2197	a.rage	similar	high	0.69
H0639	hbo:0639	anger	H0600	hbo:0600	face	similar	prior	0.6
H0639	hbo:0639	anger	H7068	hbo:7068	jealousy	similar	prior	0.5
H0639	hbo:0639	anger	H7267	hbo:7267	turmoil	similar	prior	0.5
H0640	hbo:0640	you.will.gird.the.ephod	H0646	hbo:0646	the.ephod	similar	prior	0.5
H0640	hbo:0640	you.will.gird.the.ephod	H0642	hbo:0642	its.ephod	similar	prior	0.5
H0642	hbo:0642	its.ephod	H2805	hbo:2805	the.girdle	similar	high	0.696
H0642	hbo:0642	its.ephod	H0646	hbo:0646	the.ephod	similar	prior	0.6
H0642	hbo:0642	its.ephod	H1544	hbo:1544	idols	similar	prior	0.5
H0644	hbo:0644	you.will.bake	H1310	hbo:1310	you.will.boil	similar	high	0.918
H0644	hbo:0644	you.will.bake	H3989	hbo:3989	a.baked.item	similar	prior	0.6
H0644	hbo:0644	you.will.bake	H8601	hbo:8601	broken.pieces	similar	prior	0.6
H0644	hbo:0644a	the.bakers	H8601	hbo:8601	broken.pieces	similar	prior	0.6
H0644	hbo:0644a	the.bakers	H3989	hbo:3989	a.baked.item	similar	prior	0.6
H0646	hbo:0646	the.ephod	H2833	hbo:2833	breastpiece	similar	high	0.984
H0648	hbo:0648	[are].late.[crops]	H0652	hbo:0652	gloom	similar	prior	0.5
H0650	hbo:0650	ravines	H5158	hbo:5158	the.wadi	similar	prior	0.5
H0650	hbo:0650	ravines	H0662	hbo:0662	he.restrained.himself	similar	prior	0.5
H0651	hbo:0651	gloomy	H5939	hbo:5939	darkness	similar	prior	0.5
H0651	hbo:0651	gloomy	H0648	hbo:0648	[are].late.[crops]	similar	prior	0.5
H0651	hbo:0651	gloomy	H0652	hbo:0652	gloom	similar	prior	0.5
H0651	hbo:0651	gloomy	H0653	hbo:0653	darkness	similar	prior	0.5
H0651	hbo:0651	gloomy	H3991	hbo:3991	of.darkness	similar	prior	0.5
H0652	hbo:0652	gloom	H2822	hbo:2822	darkness	similar	high	0.886
H0652	hbo:0652	gloom	H0653	hbo:0653	darkness	similar	high	0.805
H0652	hbo:0652	gloom	H0216	hbo:0216	light	antonym	recall	0.64
H0652	hbo:0652	gloom	H2825	hbo:2825	darkness	similar	high	0.632
H0652	hbo:0652	gloom	H0651	hbo:0651	gloomy	similar	prior	0.6
H0652	hbo:0652	gloom	H3990	hbo:3990	darkness	similar	prior	0.6
H0652	hbo:0652	gloom	H3991	hbo:3991	of.darkness	similar	prior	0.6
H0652	hbo:0652	gloom	H5051	hbo:5051	brightness	antonym	recall	0.51
H0652	hbo:0652	gloom	H6205	hbo:6205	thick.darkness	similar	prior	0.5
H0653	hbo:0653	darkness	H2822	hbo:2822	darkness	similar	high	1.0
H0653	hbo:0653	darkness	H2825	hbo:2825	darkness	similar	high	1.0
H0653	hbo:0653	darkness	H6757	hbo:6757	deep.darkness	similar	high	0.825
H0653	hbo:0653	darkness	H0652	hbo:0652	gloom	similar	high	0.805
H0653	hbo:0653	darkness	H6205	hbo:6205	thick.darkness	similar	high	0.801
H0653	hbo:0653	darkness	H0216	hbo:0216	light	antonym	recall	0.584
H0653	hbo:0653	darkness	H4285	hbo:4285	dark.places	similar	prior	0.5
H0653	hbo:0653	darkness	H5939	hbo:5939	darkness	similar	prior	0.5
H0653	hbo:0653	darkness	H3991	hbo:3991	of.darkness	similar	prior	0.5
H0653	hbo:0653	darkness	H0648	hbo:0648	[are].late.[crops]	similar	prior	0.5
H0656	hbo:0656	it.has.come.to.an.end	H8552	hbo:8552	was.finished	similar	prior	0.5
H0656	hbo:0656	it.has.come.to.an.end	H3615	hbo:3615	he.finished	similar	prior	0.5
H0656	hbo:0656	it.has.come.to.an.end	H2308	hbo:2308	cease	similar	prior	0.5
H0657	hbo:0657	[the].ends	H7097	hbo:7097	the.end	similar	prior	0.5
H0660	hbo:0660	viper	H6848	hbo:6848a	of.a.viper	similar	high	0.855
H0660	hbo:0660	viper	H6620	hbo:6620	of.cobras	similar	high	0.847
H0660	hbo:0660	viper	H5175	hbo:5175	snake	similar	prior	0.5
H0665	hbo:0665	ash[es]	H8242	hbo:8242	sackcloth	similar	high	0.673
H0665	hbo:0665	ash[es]	H6083	hbo:6083	dust	similar	high	0.602
H0665	hbo:0665	ash[es]	H6428	hbo:6428	they.will.roll	similar	high	0.558
H0668	hbo:0668	a.litter	H0666	hbo:0666	bandage	similar	prior	0.5
H0673	hbo:0673	an.Ephrathite	H0661	hbo:0661	they	similar	prior	0.5
H0676	hbo:0676	finger	H3709	hbo:3709	palms	similar	prior	0.5
H0680	hbo:0680	I.withheld	H0679	hbo:0679	the.joints	similar	prior	0.5
H0685	hbo:0685	an.armlet	H6807	hbo:6807	marching	similar	prior	0.5
H0686	hbo:0686	they.have.stored.up	H0103	hbo:0103	you.will.gather	similar	prior	0.5
H0688	hbo:0688	of.beryl	H6920	hbo:6920	fever	similar	prior	0.5
H0688	hbo:0688	of.beryl	H6919	hbo:6919	it.has.been.kindled	similar	prior	0.5
H0689	hbo:0689	a.wild.goat	H3277	hbo:3277	the.mountain.goats	similar	prior	0.6
H0693	hbo:0693	ambusher	H3993	hbo:3993	ambush	similar	high	0.853
H0693	hbo:0693	ambusher	H0695	hbo:0695	a.lair	similar	prior	0.6
H0693	hbo:0693	ambusher	H0696	hbo:0696	ambush	similar	prior	0.5
H0696	hbo:0696	ambush	H0695	hbo:0695	a.lair	similar	prior	0.5
H0697	hbo:0697	locust[s]	H3218	hbo:3218	locust[s]	similar	high	0.996
H0697	hbo:0697	locust[s]	H2625	hbo:2625	locust[s]	similar	high	0.853
H0697	hbo:0697	locust[s]	H1501	hbo:1501	locust	similar	high	0.761
H0697	hbo:0697	locust[s]	H7711	hbo:7711a	blight	similar	high	0.628
H0697	hbo:0697	locust[s]	H3420	hbo:3420	mildew	similar	high	0.618
H0697	hbo:0697	locust[s]	H2284	hbo:2284	grasshopper	similar	prior	0.5
H0697	hbo:0697	locust[s]	H2687	hbo:2687	gravel	similar	prior	0.5
H0697	hbo:0697	locust[s]	H4767	hbo:4767	much	similar	prior	0.5
H0697	hbo:0697	locust[s]	H8635	hbo:8635	a.brood	similar	prior	0.5
H0697	hbo:0697	locust[s]	H4768	hbo:4768	part	similar	prior	0.5
H0698	hbo:0698	the.tricks	H0696	hbo:0696	ambush	similar	prior	0.5
H0698	hbo:0698	the.tricks	H0699	hbo:0699	windows	similar	prior	0.5
H0698	hbo:0698	the.tricks	H0695	hbo:0695	a.lair	similar	prior	0.5
H0698	hbo:0698	the.tricks	H3993	hbo:3993	ambush	similar	prior	0.5
H0698	hbo:0698	the.tricks	H0693	hbo:0693	ambusher	similar	prior	0.5
H0699	hbo:0699	windows	H2284	hbo:2284	grasshopper	similar	prior	0.5
H0699	hbo:0699	windows	H8261	hbo:8261	of.frames	similar	prior	0.5
H0699	hbo:0699	windows	H4237	hbo:4237	window	similar	prior	0.5
H0699	hbo:0699	windows	H0693	hbo:0693	ambusher	similar	prior	0.5
H0699	hbo:0699	windows	H0695	hbo:0695	a.lair	similar	prior	0.5
H0699	hbo:0699	windows	H0696	hbo:0696	ambush	similar	prior	0.5
H0699	hbo:0699	windows	H3993	hbo:3993	ambush	similar	prior	0.5
H0707	hbo:0707	of.weavers	H4500	hbo:4500	a.beam	similar	high	0.87
H0707	hbo:0707	of.weavers	H0708	hbo:0708	loom	similar	prior	0.6
H0707	hbo:0707	of.weavers	H4545	hbo:4545	web	similar	prior	0.5
H0707	hbo:0707	of.weavers	H7551	hbo:7551	of.a.worker.in.colors	similar	prior	0.5
H0707	hbo:0707	of.weavers	H0710	hbo:0710	purple	similar	prior	0.5
H0710	hbo:0710	purple	H0708	hbo:0708	loom	similar	prior	0.5
H0713	hbo:0713	purple	H8144	hbo:8144	of.scarlet	similar	high	1.0
H0713	hbo:0713	purple	H8504	hbo:8504	violet.stuff	similar	high	1.0
H0713	hbo:0713	purple	H3758	hbo:3758	crimson	similar	high	0.877
H0713	hbo:0713	purple	H0707	hbo:0707	of.weavers	similar	prior	0.5
H0713	hbo:0713	purple	H0710	hbo:0710	purple	similar	prior	0.5
H0713	hbo:0713	purple	H0708	hbo:0708	loom	similar	prior	0.5
H0717	hbo:0717	they	H6998	hbo:6998	you.will.pluck.off	similar	prior	0.5
H0717	hbo:0717	they	H0738	hbo:0738a	a.lion	similar	prior	0.5
H0723	hbo:0723	stalls	H0738	hbo:0738a	a.lion	similar	prior	0.5
H0723	hbo:0723	stalls	H0717	hbo:0717	they	similar	prior	0.5
H0723	hbo:0723	stalls	H0220	hbo:0220	stalls	similar	prior	0.5
H0724	hbo:0724	healing	H4241	hbo:4241	preservation.of.life	similar	prior	0.6
H0724	hbo:0724	healing	H4832	hbo:4832	healing	similar	prior	0.5
H0724	hbo:0724	healing	H0752	hbo:0752	long	similar	prior	0.5
H0724	hbo:0724	healing	H0750	hbo:0750	long	similar	prior	0.5
H0724	hbo:0724	healing	H0748	hbo:0748	they	similar	prior	0.5
H0724	hbo:0724	healing	H0753	hbo:0753	length	similar	prior	0.5
H0727	hbo:0727	the.ark	H4908	hbo:4908	tabernacle	similar	high	0.776
H0727	hbo:0727	the.ark	H6944	hbo:6944	holiness	similar	prior	0.5
H0727	hbo:0727	the.ark	H3727	hbo:3727	cover	similar	prior	0.5
H0727	hbo:0727	the.ark	H4150	hbo:4150	of.meeting	similar	prior	0.5
H0727	hbo:0727	the.ark	H0712	hbo:0712	box	similar	prior	0.5
H0727	hbo:0727	the.ark	H8392	hbo:8392	ark	similar	prior	0.5
H0729	hbo:0729a	made.firm	H0730	hbo:0730	of.cedar(s)	similar	prior	0.5
H0729	hbo:0729a	made.firm	H0731	hbo:0731	cedar-work	similar	prior	0.5
H0730	hbo:0730	of.cedar(s)	H1265	hbo:1265	of.cypresses	similar	high	0.946
H0730	hbo:0730	of.cedar(s)	H6086	hbo:6086	wood(s)	similar	high	0.941
H0730	hbo:0730	of.cedar(s)	H7848	hbo:7848	of.acacia	similar	high	0.724
H0730	hbo:0730	of.cedar(s)	H0731	hbo:0731	cedar-work	similar	prior	0.6
H0730	hbo:0730	of.cedar(s)	H0231	hbo:0231	hyssop	similar	prior	0.5
H0732	hbo:0732	traveler	H1481	hbo:1481	sojourn	similar	prior	0.5
H0732	hbo:0732	traveler	H1870	hbo:1870	way	similar	prior	0.5
H0732	hbo:0732	traveler	H1980	hbo:1980	go	similar	prior	0.5
H0732	hbo:0732	traveler	H1616	hbo:1616	sojourner	similar	prior	0.5
H0732	hbo:0732	traveler	H0734	hbo:0734	path	similar	prior	0.5
H0734	hbo:0734	path	H5410	hbo:5410	paths	similar	high	1.0
H0734	hbo:0734	path	H4570	hbo:4570a	tracks	similar	high	0.926
H0736	hbo:0736	a.caravan	H0732	hbo:0732	traveler	similar	prior	0.5
H0736	hbo:0736	a.caravan	H0734	hbo:0734	path	similar	prior	0.5
H0736	hbo:0736	a.caravan	H0737	hbo:0737	a.food.allowance	similar	prior	0.5
H0737	hbo:0737	a.food.allowance	H4202	hbo:4202	provision[s]	similar	prior	0.5
H0738	hbo:0738	lions	H3715	hbo:3715	a.young.lion	similar	high	0.939
H0738	hbo:0738	lions	H3833	hbo:3833	a.lion	similar	high	0.787
H0738	hbo:0738	lions	H2061	hbo:2061	wolf	similar	high	0.72
H0738	hbo:0738	lions	H5246	hbo:5246	a.leopard	similar	high	0.712
H0738	hbo:0738	lions	H1677	hbo:1677	bear	similar	high	0.655
H0738	hbo:0738	lions	H1668	hbo:1668	this.[one]	similar	prior	0.5
H0738	hbo:0738a	a.lion	H3715	hbo:3715	a.young.lion	similar	high	1.0
H0738	hbo:0738a	a.lion	H3833	hbo:3833	a.lion	similar	high	1.0
H0738	hbo:0738a	a.lion	H2061	hbo:2061	wolf	similar	high	0.751
H0738	hbo:0738a	a.lion	H1677	hbo:1677	bear	similar	high	0.615
H0741	hbo:0741	hearth	H2025	hbo:2025	hearth	similar	prior	0.5
H0741	hbo:0741	hearth	H0691	hbo:0691	their.valiant.one	similar	prior	0.5
H0748	hbo:0748	they	H4900	hbo:4900	he.drew	similar	prior	0.5
H0748	hbo:0748	they	H0752	hbo:0752	long	similar	prior	0.5
H0748	hbo:0748	they	H0753	hbo:0753	length	similar	prior	0.5
H0748	hbo:0748	they	H0750	hbo:0750	long	similar	prior	0.5
H0750	hbo:0750	long	H7116	hbo:7116	[were].short	antonym	recall	0.542
H0750	hbo:0750	long	H0752	hbo:0752	long	similar	prior	0.5
H0752	hbo:0752	long	H0750	hbo:0750	long	similar	prior	0.5
H0753	hbo:0753	length	H7341	hbo:7341	breadth	similar	high	1.0
H0753	hbo:0753	length	H6967	hbo:6967	height	similar	high	1.0
H0753	hbo:0753	length	H0752	hbo:0752	long	similar	prior	0.5
H0753	hbo:0753	length	H0750	hbo:0750	long	similar	prior	0.5
H0759	hbo:0759	fortresses	H4013	hbo:4013	of.fortification	similar	high	0.723
H0772	hbo:0772	the	H8065	hbo:8065	of	antonym	recall	0.894
H0772	hbo:0772	the	H0776	hbo:0776	the.land	similar	prior	0.5
H0776	hbo:0776	the.land	H0127	hbo:0127	land	similar	high	1.0
H0776	hbo:0776	the.land	H8064	hbo:8064	heavens	antonym	recall	0.629
H0776	hbo:0776	the.land	H8398	hbo:8398	[the].world	similar	prior	0.5
H0779	hbo:0779	[is].cursed	H5344	hbo:5344a	he.slandered	similar	high	0.554
H0779	hbo:0779	[is].cursed	H1288	hbo:1288	[be].blessed	antonym	recall	0.508
H0779	hbo:0779	[is].cursed	H7043	hbo:7043	lighten	similar	high	0.505
H0779	hbo:0779	[is].cursed	H3994	hbo:3994	curse	similar	prior	0.5
H0779	hbo:0779	[is].cursed	H6895	hbo:6895	curse	similar	prior	0.5
H0781	hbo:0781	betrothed	H0802	hbo:0802	woman	similar	high	0.747
H0781	hbo:0781	betrothed	H3947	hbo:3947	he.took	similar	prior	0.5
H0781	hbo:0781	betrothed	H2859	hbo:2859	be.son-in-law	similar	prior	0.5
H0784	hbo:0784	fire	H3852	hbo:3852	flame	similar	high	0.897
H0784	hbo:0784	fire	H1513	hbo:1513	coals	similar	high	0.791
H0784	hbo:0784	fire	H3851	hbo:3851	a.flame	similar	high	0.75
H0784	hbo:0784	fire	H1614	hbo:1614	sulfur	similar	high	0.7
H0784	hbo:0784	fire	H7008	hbo:7008	the.smoke	similar	prior	0.5
H0784	hbo:0784	fire	H2746	hbo:2746	heat	similar	prior	0.5
H0784	hbo:0784	fire	H7565	hbo:7565	flames	similar	prior	0.5
H0784	hbo:0784	fire	H0801	hbo:0801	a.fire.offering	similar	prior	0.5
H0794	hbo:0794	slopes	H0793	hbo:0793	the.slope	similar	prior	0.5
H0801	hbo:0801	a.fire.offering	H5207	hbo:5207	of.soothing	similar	high	1.0
H0801	hbo:0801	a.fire.offering	H5930	hbo:5930	a.burnt.offering	similar	high	1.0
H0801	hbo:0801	a.fire.offering	H4503	hbo:4503	offering	similar	high	1.0
H0801	hbo:0801	a.fire.offering	H2077	hbo:2077	sacrifices	similar	high	0.896
H0801	hbo:0801	a.fire.offering	H7133	hbo:7133	present	similar	high	0.873
H0802	hbo:0802	woman	H1323	hbo:1323	daughters	similar	high	0.933
H0802	hbo:0802	woman	H6370	hbo:6370	concubine	similar	high	0.897
H0802	hbo:0802	woman	H5291	hbo:5291	woman	similar	high	0.894
H0802	hbo:0802	woman	H0781	hbo:0781	betrothed	similar	high	0.747
H0802	hbo:0802	woman	H0606	hbo:0606	of.(the)	similar	prior	0.6
H0802	hbo:0802	woman	H5959	hbo:5959	woman	similar	prior	0.5
H0802	hbo:0802	woman	H5347	hbo:5347	female	similar	prior	0.5
H0802	hbo:0802	woman	H2859	hbo:2859a	father-in-law	similar	prior	0.5
H0809	hbo:0809	a.raisin-cake	H0377	hbo:0377a	pluck.up.courage	similar	prior	0.5
H0809	hbo:0809	a.raisin-cake	H0808	hbo:0808	the.raisin-cakes	similar	prior	0.5
H0811	hbo:0811	clusters	H6025	hbo:6025	grapes	similar	high	0.687
H0811	hbo:0811	clusters	H1210	hbo:1210	[the].grape.harvest	similar	high	0.534
H0815	hbo:0815	tree	H0424	hbo:0424	terebinth	similar	prior	0.5
H0815	hbo:0815	tree	H6086	hbo:6086	wood(s)	similar	prior	0.5
H0816	hbo:0816	he.will.be.guilty	H2398	hbo:2398	we.have.sinned	similar	high	0.873
H0816	hbo:0816	he.will.be.guilty	H6586	hbo:6586	they.have.rebelled	similar	prior	0.5
H0816	hbo:0816	he.will.be.guilty	H0817	hbo:0817	offering	similar	prior	0.5
H0816	hbo:0816	he.will.be.guilty	H0818	hbo:0818	a.guilty.[person]	similar	prior	0.5
H0817	hbo:0817	offering	H5930	hbo:5930	a.burnt.offering	similar	high	0.966
H0817	hbo:0817	offering	H4503	hbo:4503	offering	similar	high	0.962
H0817	hbo:0817	offering	H2403	hbo:2403	sin	similar	high	0.887
H0817	hbo:0817	offering	H3722	hbo:3722	he.will.make.atonement	similar	high	0.844
H0817	hbo:0817	offering	H0816	hbo:0816	he.will.be.guilty	similar	prior	0.6
H0817	hbo:0817	offering	H0819	hbo:0819	guilt	similar	prior	0.6
H0817	hbo:0817	offering	H0818	hbo:0818	a.guilty.[person]	similar	prior	0.5
H0817	hbo:0817	offering	H2401	hbo:2401	a.sin	similar	prior	0.5
H0818	hbo:0818	a.guilty.[person]	H0819	hbo:0819	guilt	similar	high	0.671
H0818	hbo:0818	a.guilty.[person]	H7563	hbo:7563	of.wicked.[people]	similar	prior	0.5
H0819	hbo:0819	guilt	H5771	hbo:5771	iniquity	similar	high	0.773
H0819	hbo:0819	guilt	H6588	hbo:6588	transgressions	similar	high	0.661
H0819	hbo:0819	guilt	H0817	hbo:0817	offering	similar	prior	0.5
H0821	hbo:0821	the.watch	H4931	hbo:4931	the.duty	similar	prior	0.5
H0821	hbo:0821	the.watch	H8109	hbo:8109	the.eyelids	similar	prior	0.5
H0826	hbo:0826	the	H2445	hbo:2445	the.wise.men	similar	prior	0.5
H0827	hbo:0827	quiver	H2671	hbo:2671	arrows	similar	high	0.507
H0827	hbo:0827	quiver	H7982	hbo:7982	shields	similar	prior	0.5
H0827	hbo:0827	quiver	H7198	hbo:7198	bow	similar	prior	0.5
H0830	hbo:0830	the.dung	H0665	hbo:0665	ash[es]	similar	prior	0.5
H0830	hbo:0830	the.dung	H4942	hbo:4942	saddlebaskets	similar	prior	0.5
H0830	hbo:0830	the.dung	H8239	hbo:8239	put.on	similar	prior	0.5
H0833	hbo:0833a	they	H0838	hbo:0838	steps	similar	prior	0.5
H0837	hbo:0837	happiness	H0833	hbo:0833a	they	similar	prior	0.5
H0837	hbo:0837	happiness	H0838	hbo:0838	steps	similar	prior	0.5
H0849	hbo:0849	a.revolt	H7712	hbo:7712	striving	similar	prior	0.5
H0857	hbo:0857	come	H2978	hbo:2978a	entrance	similar	prior	0.5
H0858	hbo:0858	they.brought	H0857	hbo:0857	come	similar	prior	0.6
H0858	hbo:0858	they.brought	H4291	hbo:4291	it.reached	similar	prior	0.5
H0860	hbo:0860	donkey	H5895	hbo:5895	male.donkeys	similar	prior	0.5
H0860	hbo:0860	donkey	H1581	hbo:1581	camels	similar	prior	0.5
H0866	hbo:0866	[are].wage[s]	H8566	hbo:8566	they.have.hired	similar	prior	0.5
H0868	hbo:0868	[the].hire	H0866	hbo:0866	[are].wage[s]	similar	prior	0.6
H0870	hbo:0870	place	H0772	hbo:0772	the	similar	high	0.892
H0873	hbo:0873	(the)	H0888	hbo:0888	it.was.displeasing	similar	prior	0.5
H0874	hbo:0874	he.made.clear	H6567	hbo:6567	decide	similar	prior	0.5
H0874	hbo:0874	he.made.clear	H5046	hbo:5046	tell	similar	prior	0.5
H0874	hbo:0874	he.made.clear	H1540	hbo:1540	you.will.uncover	similar	prior	0.5
H0875	hbo:0875	a.well	H0953	hbo:0953	of.[the].pit	similar	high	0.974
H0875	hbo:0875	a.well	H1295	hbo:1295	the.pool	similar	prior	0.5
H0887	hbo:0887	it.stank	H6973	hbo:6973	he.loathed	similar	high	0.614
H0887	hbo:0887	it.stank	H8581	hbo:8581	they	similar	prior	0.5
H0887	hbo:0887	it.stank	H0890	hbo:0890	foul.weed[s]	similar	prior	0.5
H0887	hbo:0887	it.stank	H0889	hbo:0889	stench	similar	prior	0.5
H0889	hbo:0889	stench	H0887	hbo:0887	it.stank	similar	prior	0.6
H0890	hbo:0890	foul.weed[s]	H0889	hbo:0889	stench	similar	prior	0.5
H0891	hbo:0891	wild.grapes	H0887	hbo:0887	it.stank	similar	prior	0.5
H0891	hbo:0891	wild.grapes	H0889	hbo:0889	stench	similar	prior	0.5
H0891	hbo:0891	wild.grapes	H0890	hbo:0890	foul.weed[s]	similar	prior	0.5
H0898	hbo:0898	[those.who].act.treacherously	H0901	hbo:0901	treacherous	similar	prior	0.6
H0898	hbo:0898	[those.who].act.treacherously	H7411	hbo:7411a	have	similar	prior	0.5
H0898	hbo:0898	[those.who].act.treacherously	H8267	hbo:8267	falsehood	similar	prior	0.5
H0898	hbo:0898	[those.who].act.treacherously	H6586	hbo:6586	they.have.rebelled	similar	prior	0.5
H0898	hbo:0898	[those.who].act.treacherously	H4603	hbo:4603	they.acted.unfaithfully	similar	prior	0.5
H0899	hbo:0899	garments	H3801	hbo:3801	tunics	similar	high	0.882
H0899	hbo:0899	garments	H4598	hbo:4598	the.robe	similar	high	0.873
H0899	hbo:0899	garments	H4055	hbo:4055	garments	similar	prior	0.5
H0899	hbo:0899	garments	H3682	hbo:3682	covering	similar	prior	0.5
H0899	hbo:0899	garments	H4374	hbo:4374	covering	similar	prior	0.5
H0899	hbo:0899	garments	H7810	hbo:7810	a.bribe	similar	prior	0.5
H0899	hbo:0899	garments	H0898	hbo:0898	[those.who].act.treacherously	similar	prior	0.5
H0900	hbo:0900	of.treacheri(es)	H0899	hbo:0899	garments	similar	prior	0.6
H0900	hbo:0900	of.treacheri(es)	H0901	hbo:0901	treacherous	similar	prior	0.6
H0900	hbo:0900	of.treacheri(es)	H0898	hbo:0898	[those.who].act.treacherously	similar	prior	0.5
H0901	hbo:0901	treacherous	H0899	hbo:0899	garments	similar	prior	0.5
H0901	hbo:0901	treacherous	H0898	hbo:0898	[those.who].act.treacherously	similar	prior	0.5
H0901	hbo:0901	treacherous	H0900	hbo:0900	of.treacheri(es)	similar	prior	0.5
H0905	hbo:0905	besides	H0909	hbo:0909	isolated	similar	prior	0.6
H0905	hbo:0905	besides	H0910	hbo:0910	alone	similar	prior	0.6
H0905	hbo:0905	besides	H3173	hbo:3173	your.only	similar	prior	0.5
H0909	hbo:0909	isolated	H0910	hbo:0910	alone	similar	high	0.753
H0910	hbo:0910	alone	H0905	hbo:0905	besides	similar	prior	0.5
H0913	hbo:0913	tin	H5777	hbo:5777	lead	similar	high	0.918
H0913	hbo:0913	tin	H1270	hbo:1270	iron	similar	high	0.83
H0913	hbo:0913	tin	H5178	hbo:5178	bronze	similar	high	0.755
H0913	hbo:0913	tin	H3701	hbo:3701	silver	similar	high	0.725
H0913	hbo:0913	tin	H2091	hbo:2091	gold	similar	high	0.672
H0913	hbo:0913	tin	H5509	hbo:5509	dross(es)	similar	prior	0.5
H0914	hbo:0914	separate	H5493	hbo:5493	he.turned.aside	similar	prior	0.5
H0914	hbo:0914	separate	H6395	hbo:6395	I.will.make.separate	similar	prior	0.5
H0914	hbo:0914	separate	H0913	hbo:0913	tin	similar	prior	0.5
H0915	hbo:0915	a.piece	H0913	hbo:0913	tin	similar	prior	0.5
H0915	hbo:0915	a.piece	H0916	hbo:0916	bdellium	similar	prior	0.5
H0915	hbo:0915	a.piece	H3995	hbo:3995	places	similar	prior	0.5
H0915	hbo:0915	a.piece	H0914	hbo:0914	separate	similar	prior	0.5
H0916	hbo:0916	bdellium	H3995	hbo:3995	places	similar	prior	0.5
H0916	hbo:0916	bdellium	H0913	hbo:0913	tin	similar	prior	0.5
H0916	hbo:0916	bdellium	H0914	hbo:0914	separate	similar	prior	0.5
H0918	hbo:0918	mend	H0919	hbo:0919	the.damage	similar	prior	0.5
H0922	hbo:0922	emptiness	H8414	hbo:8414	emptiness	similar	high	0.899
H0926	hbo:0926	they	H6342	hbo:6342	they.will.be.in.dread	similar	high	0.735
H0926	hbo:0926	they	H2865	hbo:2865	be.dismayed	similar	high	0.685
H0926	hbo:0926	they	H0928	hbo:0928	terror	similar	prior	0.5
H0927	hbo:0927	they	H0924	hbo:0924	haste	similar	prior	0.5
H0928	hbo:0928	terror	H0926	hbo:0926	they	similar	prior	0.6
H0928	hbo:0928	terror	H2283	hbo:2283	object.of.terror	similar	prior	0.5
H0928	hbo:0928	terror	H4288	hbo:4288	terror	similar	prior	0.5
H0928	hbo:0928	terror	H6343	hbo:6343	dread	similar	prior	0.5
H0928	hbo:0928	terror	H0367	hbo:0367	terror	similar	prior	0.5
H0929	hbo:0929	livestock	H5775	hbo:5775	the.bird[s]	similar	high	0.958
H0929	hbo:0929	livestock	H2416	hbo:2416c	the.animal[s]	similar	high	0.939
H0929	hbo:0929	livestock	H7431	hbo:7431	thing	similar	high	0.899
H0929	hbo:0929	livestock	H0930	hbo:0930	Behemoth	similar	prior	0.6
H0929	hbo:0929	livestock	H4735	hbo:4735	livestock	similar	prior	0.5
H0930	hbo:0930	Behemoth	H0929	hbo:0929	livestock	similar	prior	0.5
H0931	hbo:0931	the.thumb	H8571	hbo:8571	the.lobe	similar	high	0.814
H0934	hbo:0934	spot	H6883	hbo:6883	of.a.serious.skin.disease	similar	high	0.963
H0934	hbo:0934	spot	H5061	hbo:5061	plague	similar	high	0.914
H0934	hbo:0934	spot	H4556	hbo:4556	rash	similar	high	0.9
H0934	hbo:0934	spot	H0925	hbo:0925	[is].brilliant	similar	prior	0.5
H0935	hbo:0935	he.came	H1980	hbo:1980	go	similar	high	0.778
H0935	hbo:0935	he.came	H5927	hbo:5927	he.went.up	similar	high	0.76
H0935	hbo:0935	he.came	H3318	hbo:3318	he.went.out	antonym	recall	0.598
H0935	hbo:0935	he.came	H0857	hbo:0857	come	similar	prior	0.5
H0935	hbo:0935	he.came	H7126	hbo:7126	he.will.present	similar	prior	0.5
H0935	hbo:0935	he.came	H5674	hbo:5674	pass.over	similar	prior	0.5
H0935	hbo:0935	he.came	H0872	hbo:0872	entrance	similar	prior	0.5
H0936	hbo:0936	[one.who].despises	H0939	hbo:0939	contempt	similar	prior	0.6
H0936	hbo:0936	[one.who].despises	H0937	hbo:0937	contempt	similar	prior	0.5
H0937	hbo:0937	contempt	H3639	hbo:3639	ignominy	similar	prior	0.5
H0937	hbo:0937	contempt	H3933	hbo:3933	mockery	similar	prior	0.5
H0937	hbo:0937	contempt	H0939	hbo:0939	contempt	similar	prior	0.5
H0947	hbo:0947	kicking.about	H7429	hbo:7429	it	similar	high	0.639
H0948	hbo:0948	fine.linen	H8336	hbo:8336	fine.linen	similar	high	1.0
H0948	hbo:0948	fine.linen	H0906	hbo:0906	of.linen	similar	prior	0.5
H0953	hbo:0953	of.[the].pit	H0875	hbo:0875	a.well	similar	high	0.974
H0953	hbo:0953	of.[the].pit	H4599	hbo:4599	a.spring	similar	high	0.601
H0953	hbo:0953	of.[the].pit	H6354	hbo:6354	pit	similar	prior	0.5
H0953	hbo:0953	of.[the].pit	H5470	hbo:5470	the.prison	similar	prior	0.5
H0953	hbo:0953	of.[the].pit	H7845	hbo:7845	pit	similar	prior	0.5
H0953	hbo:0953	of.[the].pit	H4726	hbo:4726	spring	similar	prior	0.5
H0953	hbo:0953	of.[the].pit	H0874	hbo:0874	he.made.clear	similar	prior	0.5
H0954	hbo:0954	they.will.be.ashamed	H2659	hbo:2659	may.they.be.abashed	similar	high	0.945
H0954	hbo:0954	they.will.be.ashamed	H3637	hbo:3637	humiliated	similar	high	0.909
H0954	hbo:0954	they.will.be.ashamed	H1984	hbo:1984b	he.makes.look.foolish	antonym	recall	0.607
H0954	hbo:0954	they.will.be.ashamed	H0955	hbo:0955	shame	similar	prior	0.6
H0954	hbo:0954	they.will.be.ashamed	H1317	hbo:1317	shame	similar	prior	0.6
H0955	hbo:0955	shame	H2781	hbo:2781	reproach	similar	high	0.694
H0955	hbo:0955	shame	H3639	hbo:3639	ignominy	similar	high	0.685
H0955	hbo:0955	shame	H0954	hbo:0954	they.will.be.ashamed	similar	prior	0.5
H0956	hbo:0956a	he.passed.the.night	H1005	hbo:1005	the.house	similar	prior	0.5
H0957	hbo:0957	spoil	H4933	hbo:4933	plunder	similar	high	0.772
H0957	hbo:0957	spoil	H7998	hbo:7998	plunder	similar	high	0.751
H0957	hbo:0957	spoil	H5504	hbo:5504	profit	similar	prior	0.5
H0957	hbo:0957	spoil	H4455	hbo:4455	booty	similar	prior	0.5
H0957	hbo:0957	spoil	H0961	hbo:0961	plunder	similar	prior	0.5
H0959	hbo:0959	he.despised	H3988	hbo:3988	you.have.rejected	similar	high	0.75
H0959	hbo:0959	he.despised	H7043	hbo:7043	lighten	similar	high	0.65
H0959	hbo:0959	he.despised	H3513	hbo:3513	it.was.heavy	antonym	recall	0.507
H0959	hbo:0959	he.despised	H5240	hbo:5240	despised	similar	prior	0.5
H0959	hbo:0959	he.despised	H0963	hbo:0963	contempt	similar	prior	0.5
H0961	hbo:0961	plunder	H4455	hbo:4455	booty	similar	prior	0.5
H0961	hbo:0961	plunder	H4933	hbo:4933	plunder	similar	prior	0.5
H0961	hbo:0961	plunder	H0957	hbo:0957	spoil	similar	prior	0.5
H0961	hbo:0961	plunder	H7998	hbo:7998	plunder	similar	prior	0.5
H0962	hbo:0962	they.plundered	H7998	hbo:7998	plunder	similar	high	0.972
H0962	hbo:0962	they.plundered	H8155	hbo:8155	they.plundered	similar	prior	0.5
H0962	hbo:0962	they.plundered	H6584	hbo:6584	they.made.a.raid	similar	prior	0.5
H0962	hbo:0962	they.plundered	H1497	hbo:1497	he.has.robbed	similar	prior	0.5
H0962	hbo:0962	they.plundered	H0961	hbo:0961	plunder	similar	prior	0.5
H0963	hbo:0963	contempt	H5240	hbo:5240	despised	similar	prior	0.5
H0970	hbo:0970	men	H4004	hbo:4004	of.choice	similar	prior	0.5
H0970	hbo:0970	men	H4005	hbo:4005	the.choicest	similar	prior	0.5
H0970	hbo:0970	men	H0972	hbo:0972	ones	similar	prior	0.5
H0971	hbo:0971a	siege-towers	H0969	hbo:0969	an.assayer	similar	prior	0.5
H0972	hbo:0972	ones	H4004	hbo:4004	of.choice	similar	prior	0.6
H0972	hbo:0972	ones	H0977	hbo:0977	he.will.choose	similar	prior	0.5
H0972	hbo:0972	ones	H4005	hbo:4005	the.choicest	similar	prior	0.5
H0974	hbo:0974	I	H5254	hbo:5254	put	similar	prior	0.5
H0974	hbo:0974	I	H0971	hbo:0971a	siege-towers	similar	prior	0.5
H0974	hbo:0974	I	H0969	hbo:0969	an.assayer	similar	prior	0.5
H0975	hbo:0975	watchtower	H0974	hbo:0974	I	similar	prior	0.5
H0975	hbo:0975	watchtower	H0971	hbo:0971a	siege-towers	similar	prior	0.5
H0975	hbo:0975	watchtower	H0969	hbo:0969	an.assayer	similar	prior	0.5
H0975	hbo:0975	watchtower	H0976	hbo:0976	of.testing	similar	prior	0.5
H0976	hbo:0976	of.testing	H0974	hbo:0974	I	similar	prior	0.6
H0976	hbo:0976	of.testing	H0971	hbo:0971a	siege-towers	similar	prior	0.5
H0976	hbo:0976	of.testing	H0969	hbo:0969	an.assayer	similar	prior	0.5
H0979	hbo:0979	your.youth(s)	H4005	hbo:4005	the.choicest	similar	prior	0.5
H0979	hbo:0979	your.youth(s)	H0970	hbo:0970	men	similar	prior	0.5
H0979	hbo:0979	your.youth(s)	H4004	hbo:4004	of.choice	similar	prior	0.5
H0979	hbo:0979	your.youth(s)	H0972	hbo:0972	ones	similar	prior	0.5
H0981	hbo:0981	speaking.rashly	H1696	hbo:1696a	she.destroyed	similar	prior	0.5
H0981	hbo:0981	speaking.rashly	H4008	hbo:4008	the.rash.utterance	similar	prior	0.5
H0982	hbo:0982	trust	H2620	hbo:2620	I.take.refuge	similar	high	0.88
H0982	hbo:0982	trust	H3176	hbo:3176	I.will.wait	similar	high	0.833
H0982	hbo:0982	trust	H6960	hbo:6960	wait	similar	high	0.756
H0982	hbo:0982	trust	H3372	hbo:3372	be.afraid	antonym	recall	0.623
H0982	hbo:0982	trust	H6342	hbo:6342	they.will.be.in.dread	antonym	recall	0.618
H0982	hbo:0982	trust	H4007	hbo:4007	of.confidence	similar	prior	0.5
H0982	hbo:0982	trust	H0987	hbo:0987	securiti(es)	similar	prior	0.5
H0983	hbo:0983	security	H4009	hbo:4009	of.confidence	similar	high	0.889
H0983	hbo:0983	security	H2620	hbo:2620	I.take.refuge	similar	prior	0.5
H0983	hbo:0983	security	H0986	hbo:0986	trust	similar	prior	0.5
H0983	hbo:0983	security	H7965	hbo:7965	peace	similar	prior	0.5
H0983	hbo:0983	security	H7600	hbo:7600	your	similar	prior	0.5
H0983	hbo:0983	security	H7962	hbo:7962	security	similar	prior	0.5
H0983	hbo:0983	security	H0987	hbo:0987	securiti(es)	similar	prior	0.5
H0985	hbo:0985	trusting	H0982	hbo:0982	trust	similar	prior	0.5
H0985	hbo:0985	trusting	H0983	hbo:0983	security	similar	prior	0.5
H0985	hbo:0985	trusting	H0986	hbo:0986	trust	similar	prior	0.5
H0985	hbo:0985	trusting	H0987	hbo:0987	securiti(es)	similar	prior	0.5
H0985	hbo:0985	trusting	H4009	hbo:4009	of.confidence	similar	prior	0.5
H0986	hbo:0986	trust	H0982	hbo:0982	trust	similar	high	0.846
H0986	hbo:0986	trust	H0987	hbo:0987	securiti(es)	similar	prior	0.5
H0986	hbo:0986	trust	H4009	hbo:4009	of.confidence	similar	prior	0.5
H0986	hbo:0986	trust	H0983	hbo:0983	security	similar	prior	0.5
H0990	hbo:0990	belly	H4578	hbo:4578	parts	similar	high	0.958
H0995	hbo:0995	understand	H7919	hbo:7919	insight	similar	high	1.0
H0995	hbo:0995	understand	H0998	hbo:0998	understanding	similar	high	1.0
H0995	hbo:0995	understand	H3045	hbo:3045	you.will.know	similar	high	0.913
H0995	hbo:0995	understand	H2450	hbo:2450	wise	similar	high	0.896
H0995	hbo:0995	understand	H2449	hbo:2449	you.are.wise	similar	high	0.876
H0995	hbo:0995	understand	H3684	hbo:3684	a.fool	antonym	recall	0.643
H0995	hbo:0995	understand	H6567	hbo:6567	decide	similar	prior	0.5
H0995	hbo:0995	understand	H2454	hbo:2454	wisdom(s)	similar	prior	0.5
H0995	hbo:0995	understand	H4106	hbo:4106	skilled	similar	prior	0.5
H0995	hbo:0995	understand	H3925	hbo:3925	teach	similar	prior	0.5
H0998	hbo:0998	understanding	H2451	hbo:2451	wisdom	similar	high	1.0
H0998	hbo:0998	understanding	H8394	hbo:8394	understanding	similar	high	1.0
H0998	hbo:0998	understanding	H0995	hbo:0995	understand	similar	high	1.0
H0998	hbo:0998	understanding	H1847	hbo:1847	knowledge	similar	high	0.895
H0998	hbo:0998	understanding	H2449	hbo:2449	you.are.wise	similar	high	0.841
H0998	hbo:0998	understanding	H7922	hbo:7922	insight	similar	high	0.828
H0998	hbo:0998	understanding	H1004	hbo:1004a	between	similar	prior	0.5
H1002	hbo:1002	citadel	H0759	hbo:0759	fortresses	similar	prior	0.5
H1002	hbo:1002	citadel	H4026	hbo:4026	towers	similar	prior	0.5
H1002	hbo:1002	citadel	H1004	hbo:1004	the.house	similar	prior	0.5
H1002	hbo:1002	citadel	H1964	hbo:1964	the.temple	similar	prior	0.5
H1002	hbo:1002	citadel	H1003	hbo:1003	fortresses	similar	prior	0.5
H1004	hbo:1004	the.house	H1964	hbo:1964	the.temple	similar	high	0.819
H1004	hbo:1004	the.house	H3608	hbo:3608	imprisonment	similar	high	0.704
H1004	hbo:1004	the.house	H4186	hbo:4186	places	similar	prior	0.5
H1004	hbo:1004	the.house	H5944	hbo:5944	his.upper	similar	prior	0.5
H1004	hbo:1004	the.house	H4583	hbo:4583	a.habitation	similar	prior	0.5
H1004	hbo:1004	the.house	H4294	hbo:4294	the.tribe	similar	prior	0.5
H1004	hbo:1004a	between	H2691	hbo:2691	the.courtyard	similar	high	0.713
H1004	hbo:1004a	between	H4411	hbo:4411	place	similar	prior	0.5
H1004	hbo:1004a	between	H8394	hbo:8394	understanding	similar	prior	0.5
H1004	hbo:1004a	between	H0995	hbo:0995	understand	similar	prior	0.5
H1005	hbo:1005	the.house	H4070	hbo:4070	your.dwelling	similar	prior	0.5
H1055	hbo:1055	the.palace	H0759	hbo:0759	fortresses	similar	prior	0.5
H1055	hbo:1055	the.palace	H1004	hbo:1004	the.house	similar	prior	0.5
H1058	hbo:1058	they.wept	H1065	hbo:1065	weeping	similar	high	0.874
H1058	hbo:1058	they.wept	H5594	hbo:5594	mourn	similar	high	0.822
H1058	hbo:1058	they.wept	H0056	hbo:0056	he.mourned	similar	high	0.746
H1058	hbo:1058	they.wept	H2199	hbo:2199	they.cried.out	similar	high	0.675
H1058	hbo:1058	they.wept	H1832	hbo:1832	tear[s]	similar	prior	0.5
H1058	hbo:1058	they.wept	H1057	hbo:1057	the.balsam.trees	similar	prior	0.5
H1058	hbo:1058	they.wept	H0602	hbo:0602	are].groaning	similar	prior	0.5
H1058	hbo:1058	they.wept	H1068	hbo:1068	his.weeping	similar	prior	0.5
H1059	hbo:1059	weeping	H1065	hbo:1065	weeping	similar	prior	0.5
H1059	hbo:1059	weeping	H1058	hbo:1058	they.wept	similar	prior	0.5
H1059	hbo:1059	weeping	H1068	hbo:1068	his.weeping	similar	prior	0.5
H1060	hbo:1060	firstborn	H6363	hbo:6363	firstborn	similar	high	0.884
H1060	hbo:1060	firstborn	H1121	hbo:1121	the.son	similar	high	0.758
H1060	hbo:1060	firstborn	H1067	hbo:1067	firstborn	similar	prior	0.5
H1060	hbo:1060	firstborn	H7698	hbo:7698	the.young	similar	prior	0.5
H1060	hbo:1060	firstborn	H1061	hbo:1061	the.first-fruits	similar	prior	0.5
H1061	hbo:1061	the.first-fruits	H7225	hbo:7225	the.first	similar	high	0.892
H1061	hbo:1061	the.first-fruits	H4503	hbo:4503	offering	similar	high	0.732
H1061	hbo:1061	the.first-fruits	H8641	hbo:8641	the.contribution	similar	high	0.709
H1061	hbo:1061	the.first-fruits	H1060	hbo:1060	firstborn	similar	prior	0.6
H1061	hbo:1061	the.first-fruits	H1063	hbo:1063	an.early.fig	similar	prior	0.5
H1061	hbo:1061	the.first-fruits	H4395	hbo:4395	produce	similar	prior	0.5
H1062	hbo:1062	birthright	H1060	hbo:1060	firstborn	similar	prior	0.5
H1062	hbo:1062	birthright	H5159	hbo:5159	inheritance	similar	prior	0.5
H1062	hbo:1062	birthright	H1061	hbo:1061	the.first-fruits	similar	prior	0.5
H1062	hbo:1062	birthright	H1069	hbo:1069	treat.as.firstborn	similar	prior	0.5
H1062	hbo:1062	birthright	H1072	hbo:1072	a.young.camel	similar	prior	0.5
H1062	hbo:1062	birthright	H1067	hbo:1067	firstborn	similar	prior	0.5
H1062	hbo:1062	birthright	H1070	hbo:1070	the.young.camels	similar	prior	0.5
H1062	hbo:1062	birthright	H1063	hbo:1063	an.early.fig	similar	prior	0.5
H1063	hbo:1063	an.early.fig	H8384	hbo:8384	figs	similar	high	0.546
H1063	hbo:1063	an.early.fig	H1060	hbo:1060	firstborn	similar	prior	0.5
H1063	hbo:1063	an.early.fig	H1070	hbo:1070	the.young.camels	similar	prior	0.5
H1063	hbo:1063	an.early.fig	H1061	hbo:1061	the.first-fruits	similar	prior	0.5
H1063	hbo:1063	an.early.fig	H1072	hbo:1072	a.young.camel	similar	prior	0.5
H1065	hbo:1065	weeping	H1058	hbo:1058	they.wept	similar	high	0.874
H1065	hbo:1065	weeping	H4553	hbo:4553	wailing	similar	high	0.756
H1065	hbo:1065	weeping	H2201	hbo:2201	a.cry.of.distress	similar	high	0.706
H1065	hbo:1065	weeping	H1832	hbo:1832	tear[s]	similar	high	0.672
H1067	hbo:1067	firstborn	H1069	hbo:1069	treat.as.firstborn	similar	prior	0.5
H1067	hbo:1067	firstborn	H1063	hbo:1063	an.early.fig	similar	prior	0.5
H1067	hbo:1067	firstborn	H1072	hbo:1072	a.young.camel	similar	prior	0.5
H1067	hbo:1067	firstborn	H1061	hbo:1061	the.first-fruits	similar	prior	0.5
H1067	hbo:1067	firstborn	H1070	hbo:1070	the.young.camels	similar	prior	0.5
H1067	hbo:1067	firstborn	H1060	hbo:1060	firstborn	similar	prior	0.5
H1067	hbo:1067	firstborn	H6810	hbo:6810	young	antonym	recall	0.47
H1068	hbo:1068	his.weeping	H1065	hbo:1065	weeping	similar	prior	0.5
H1069	hbo:1069	treat.as.firstborn	H1063	hbo:1063	an.early.fig	similar	prior	0.5
H1069	hbo:1069	treat.as.firstborn	H1070	hbo:1070	the.young.camels	similar	prior	0.5
H1069	hbo:1069	treat.as.firstborn	H1072	hbo:1072	a.young.camel	similar	prior	0.5
H1070	hbo:1070	the.young.camels	H1060	hbo:1060	firstborn	similar	prior	0.5
H1070	hbo:1070	the.young.camels	H1061	hbo:1061	the.first-fruits	similar	prior	0.5
H1072	hbo:1072	a.young.camel	H1070	hbo:1070	the.young.camels	similar	prior	0.6
H1072	hbo:1072	a.young.camel	H1060	hbo:1060	firstborn	similar	prior	0.5
H1072	hbo:1072	a.young.camel	H1061	hbo:1061	the.first-fruits	similar	prior	0.5
H1082	hbo:1082	that.I.may.be.cheerful	H4010	hbo:4010	cheerfulness	similar	prior	0.5
H1086	hbo:1086	it.wore.out	H8399	hbo:8399	destruction	similar	prior	0.5
H1086	hbo:1086	it.wore.out	H1100	hbo:1100	of.worthlessness	similar	prior	0.5
H1086	hbo:1086	it.wore.out	H1087	hbo:1087	worn.out	similar	prior	0.5
H1087	hbo:1087	worn.out	H1086	hbo:1086	it.wore.out	similar	prior	0.6
H1091	hbo:1091	sudden.terror(s)	H0367	hbo:0367	terror	similar	prior	0.5
H1091	hbo:1091	sudden.terror(s)	H6343	hbo:6343	dread	similar	prior	0.5
H1091	hbo:1091	sudden.terror(s)	H2731	hbo:2731	trembling	similar	prior	0.5
H1091	hbo:1091	sudden.terror(s)	H4032	hbo:4032	terror	similar	prior	0.5
H1091	hbo:1091	sudden.terror(s)	H1089	hbo:1089	[they.were].terrifying	similar	prior	0.5
H1093	hbo:1093	tax	H1983	hbo:1983	toll	similar	high	1.0
H1094	hbo:1094	worn.out.things	H1087	hbo:1087	worn.out	similar	prior	0.6
H1094	hbo:1094	worn.out.things	H1086	hbo:1086	it.wore.out	similar	prior	0.6
H1094	hbo:1094	worn.out.things	H8399	hbo:8399	destruction	similar	prior	0.5
H1094	hbo:1094	worn.out.things	H1100	hbo:1100	of.worthlessness	similar	prior	0.5
H1098	hbo:1098	fodder	H8401	hbo:8401	straw	similar	prior	0.5
H1098	hbo:1098	fodder	H4554	hbo:4554	fodder	similar	prior	0.5
H1098	hbo:1098	fodder	H1101	hbo:1101	mixed	similar	prior	0.5
H1098	hbo:1098	fodder	H8397	hbo:8397	[is].confusion	similar	prior	0.5
H1098	hbo:1098	fodder	H7642	hbo:7642	a.snail	similar	prior	0.5
H1098	hbo:1098	fodder	H8400	hbo:8400	a.defect	similar	prior	0.5
H1100	hbo:1100	of.worthlessness	H7562	hbo:7562	wickedness	similar	prior	0.5
H1100	hbo:1100	of.worthlessness	H1087	hbo:1087	worn.out	similar	prior	0.5
H1101	hbo:1101	mixed	H6154	hbo:6154	woof	similar	prior	0.5
H1101	hbo:1101	mixed	H4537	hbo:4537	mixing	similar	prior	0.5
H1104	hbo:1104	it	H1105	hbo:1105	thing	similar	prior	0.6
H1104	hbo:1104	it	H7602	hbo:7602a	who].trample	similar	prior	0.5
H1104	hbo:1104	it	H0398	hbo:0398	you.will.eat	similar	prior	0.5
H1104	hbo:1104a	they.have.confused	H1105	hbo:1105	thing	similar	prior	0.6
H1116	hbo:1116	places	H4676	hbo:4676	a.pillar	similar	high	0.668
H1121	hbo:1121	the.son	H3205	hbo:3205	he.fathered	similar	high	0.865
H1121	hbo:1121	the.son	H1323	hbo:1323	daughters	similar	prior	0.6
H1121	hbo:1121	the.son	H5288	hbo:5288	lad	similar	prior	0.5
H1121	hbo:1121	the.son	H1123	hbo:1123	the.sons	similar	prior	0.5
H1121	hbo:1121	the.son	H0120	hbo:0120	of.humankind	similar	prior	0.5
H1121	hbo:1121	the.son	H2233	hbo:2233	offspring	similar	prior	0.5
H1121	hbo:1121	the.son	H0667	hbo:0667	ones	similar	prior	0.5
H1121	hbo:1121	the.son	H3206	hbo:3206	children	similar	prior	0.5
H1121	hbo:1121	the.son	H5220	hbo:5220	progeny	similar	prior	0.5
H1121	hbo:1121	the.son	H2945	hbo:2945	one[s]	similar	prior	0.5
H1121	hbo:1121	the.son	H5209	hbo:5209	posterity	similar	prior	0.5
H1121	hbo:1121	the.son	H3207	hbo:3207	girl	similar	prior	0.5
H1123	hbo:1123	the.sons	H2142	hbo:2142a	recorder	similar	prior	0.5
H1129	hbo:1129	he.built	H5422	hbo:5422	they.pulled.down	antonym	recall	0.529
H1140	hbo:1140	structure	H4011	hbo:4011	structure	similar	prior	0.5
H1140	hbo:1140	structure	H8403	hbo:8403	a.likeness	similar	prior	0.5
H1140	hbo:1140	structure	H1129	hbo:1129	he.built	similar	prior	0.5
H1143	hbo:1143	the.champions	H8394	hbo:8394	understanding	similar	prior	0.5
H1143	hbo:1143	the.champions	H1004	hbo:1004a	between	similar	prior	0.5
H1143	hbo:1143	the.champions	H0998	hbo:0998	understanding	similar	prior	0.5
H1143	hbo:1143	the.champions	H0995	hbo:0995	understand	similar	prior	0.5
H1145	hbo:1145	jaminite	H3228	hbo:3228	the.Jaminite[s]	similar	prior	0.6
H1146	hbo:1146	the.structure	H1147	hbo:1147	the	similar	prior	0.6
H1146	hbo:1146	the.structure	H1129	hbo:1129	he.built	similar	prior	0.5
H1146	hbo:1146	the.structure	H4011	hbo:4011	structure	similar	prior	0.5
H1146	hbo:1146	the.structure	H1140	hbo:1140	structure	similar	prior	0.5
H1146	hbo:1146	the.structure	H8403	hbo:8403	a.likeness	similar	prior	0.5
H1147	hbo:1147	the	H1124	hbo:1124	build	similar	prior	0.5
H1155	hbo:1155	sour.grape[s]	H6025	hbo:6025	grapes	similar	high	0.542
H1156	hbo:1156	they.sought	H1158	hbo:1158	you	similar	prior	0.6
H1158	hbo:1158	you	H3928	hbo:3928	my	similar	prior	0.6
H1158	hbo:1158	you	H3925	hbo:3925	teach	similar	prior	0.6
H1159	hbo:1159	a.petition	H1156	hbo:1156	they.sought	similar	prior	0.5
H1161	hbo:1161	the.terrors	H1205	hbo:1205	terror	similar	prior	0.6
H1161	hbo:1161	the.terrors	H1204	hbo:1204	they	similar	prior	0.5
H1165	hbo:1165	cattle	H6629	hbo:6629	sheep	similar	prior	0.5
H1165	hbo:1165	cattle	H1241	hbo:1241	cattle	similar	prior	0.5
H1165	hbo:1165	cattle	H0929	hbo:0929	livestock	similar	prior	0.5
H1165	hbo:1165	cattle	H4735	hbo:4735	livestock	similar	prior	0.5
H1165	hbo:1165	cattle	H1197	hbo:1197b	they.are.stupid	similar	prior	0.5
H1165	hbo:1165	cattle	H1198	hbo:1198	[is].stupid	similar	prior	0.5
H1166	hbo:1166	married	H1167	hbo:1167	the.citizens	similar	prior	0.6
H1166	hbo:1166	married	H4910	hbo:4910	he.will.rule	similar	prior	0.5
H1166	hbo:1166	married	H1172	hbo:1172	(of).a.mistress	similar	prior	0.5
H1167	hbo:1167	the.citizens	H0376	hbo:0376	man	similar	high	0.832
H1167	hbo:1167	the.citizens	H1172	hbo:1172	(of).a.mistress	similar	prior	0.6
H1167	hbo:1167	the.citizens	H0113	hbo:0113	lord	similar	prior	0.5
H1167	hbo:1167	the.citizens	H4756	hbo:4756	lord	similar	prior	0.5
H1167	hbo:1167	the.citizens	H1166	hbo:1166	married	similar	prior	0.5
H1197	hbo:1197	it.burned	H8313	hbo:8313	he.burned	similar	high	0.896
H1197	hbo:1197	it.burned	H3341	hbo:3341	I.will.kindle	similar	high	0.834
H1197	hbo:1197	it.burned	H3857	hbo:3857	it.sets.ablaze	similar	high	0.808
H1197	hbo:1197	it.burned	H3344	hbo:3344	it.will.burn	similar	high	0.753
H1197	hbo:1197	it.burned	H3518	hbo:3518	it.will.be.extinguished	antonym	recall	0.553
H1197	hbo:1197b	they.are.stupid	H5595	hbo:5595	you.should.be.swept.away	similar	prior	0.5
H1198	hbo:1198	[is].stupid	H3684	hbo:3684	a.fool	similar	high	0.973
H1198	hbo:1198	[is].stupid	H0191	hbo:0191	a.fool	similar	high	0.929
H1198	hbo:1198	[is].stupid	H2450	hbo:2450	wise	antonym	recall	0.638
H1198	hbo:1198	[is].stupid	H3687	hbo:3687	of.folly	similar	prior	0.5
H1200	hbo:1200	fire	H1197	hbo:1197	it.burned	similar	prior	0.5
H1204	hbo:1204	they	H1091	hbo:1091	sudden.terror(s)	similar	prior	0.6
H1204	hbo:1204	they	H1205	hbo:1205	terror	similar	prior	0.6
H1204	hbo:1204	they	H1161	hbo:1161	the.terrors	similar	prior	0.6
H1204	hbo:1204	they	H3372	hbo:3372	be.afraid	similar	prior	0.5
H1204	hbo:1204	they	H6206	hbo:6206	be.terrified	similar	prior	0.5
H1204	hbo:1204	they	H5916	hbo:5916	[who].troubled	similar	prior	0.5
H1204	hbo:1204	they	H2865	hbo:2865	be.dismayed	similar	prior	0.5
H1204	hbo:1204	they	H1481	hbo:1481b	you.will.be.afraid	similar	prior	0.5
H1204	hbo:1204	they	H2729	hbo:2729	[one.who].terrifies	similar	prior	0.5
H1204	hbo:1204	they	H6342	hbo:6342	they.will.be.in.dread	similar	prior	0.5
H1204	hbo:1204	they	H0926	hbo:0926	they	similar	prior	0.5
H1207	hbo:1207	swamp	H1360	hbo:1360	marshes	similar	prior	0.5
H1207	hbo:1207	swamp	H4325	hbo:4325	water	similar	prior	0.5
H1207	hbo:1207	swamp	H1206	hbo:1206	mire	similar	prior	0.5
H1208	hbo:1208	fortified	H1225	hbo:1225	stronghold	similar	prior	0.5
H1210	hbo:1210	[the].grape.harvest	H5955	hbo:5955	gleanings	similar	high	0.851
H1210	hbo:1210	[the].grape.harvest	H7105	hbo:7105	harvest	similar	high	0.579
H1210	hbo:1210	[the].grape.harvest	H0811	hbo:0811	clusters	similar	high	0.534
H1210	hbo:1210	[the].grape.harvest	H6869	hbo:6869	trouble	similar	prior	0.5
H1210	hbo:1210	[the].grape.harvest	H1225	hbo:1225	stronghold	similar	prior	0.5
H1210	hbo:1210	[the].grape.harvest	H1220	hbo:1220	gold	similar	prior	0.5
H1210	hbo:1210	[the].grape.harvest	H1226	hbo:1226a	of.trouble	similar	prior	0.5
H1210	hbo:1210	[the].grape.harvest	H1208	hbo:1208	fortified	similar	prior	0.5
H1214	hbo:1214	[is].gaining	H1215	hbo:1215	unjust.gain	similar	high	1.0
H1214	hbo:1214	[is].gaining	H6530	hbo:6530	of.the.violent.ones	similar	prior	0.5
H1214	hbo:1214	[is].gaining	H6906	hbo:6906	[are].robbing	similar	prior	0.5
H1214	hbo:1214	[is].gaining	H1497	hbo:1497	he.has.robbed	similar	prior	0.5
H1215	hbo:1215	unjust.gain	H1214	hbo:1214	[is].gaining	similar	high	1.0
H1217	hbo:1217	dough	H3888	hbo:3888	she.kneaded.[it]	similar	high	0.989
H1217	hbo:1217	dough	H4682	hbo:4682	unleavened.bread(s)	similar	high	0.549
H1217	hbo:1217	dough	H6182	hbo:6182	your.dough(s)	similar	prior	0.5
H1217	hbo:1217	dough	H3899	hbo:3899	food	similar	prior	0.5
H1217	hbo:1217	dough	H7603	hbo:7603	leaven	similar	prior	0.5
H1217	hbo:1217	dough	H7058	hbo:7058	flour	similar	prior	0.5
H1217	hbo:1217	dough	H1216	hbo:1216	it.swelled	similar	prior	0.5
H1219	hbo:1219	you.will.gather.grapes	H1220	hbo:1220	gold	similar	prior	0.5
H1219	hbo:1219	you.will.gather.grapes	H1208	hbo:1208	fortified	similar	prior	0.5
H1219	hbo:1219	you.will.gather.grapes	H6869	hbo:6869	trouble	similar	prior	0.5
H1219	hbo:1219	you.will.gather.grapes	H1225	hbo:1225	stronghold	similar	prior	0.5
H1219	hbo:1219	you.will.gather.grapes	H1226	hbo:1226a	of.trouble	similar	prior	0.5
H1220	hbo:1220	gold	H1225	hbo:1225	stronghold	similar	prior	0.5
H1220	hbo:1220	gold	H1226	hbo:1226a	of.trouble	similar	prior	0.5
H1220	hbo:1220	gold	H1208	hbo:1208	fortified	similar	prior	0.5
H1223	hbo:1223	of.a.sheepfold	H1226	hbo:1226a	of.trouble	similar	prior	0.5
H1223	hbo:1223	of.a.sheepfold	H6869	hbo:6869	trouble	similar	prior	0.5
H1223	hbo:1223	of.a.sheepfold	H1225	hbo:1225	stronghold	similar	prior	0.5
H1223	hbo:1223	of.a.sheepfold	H1220	hbo:1220	gold	similar	prior	0.5
H1223	hbo:1223	of.a.sheepfold	H1208	hbo:1208	fortified	similar	prior	0.5
H1223	hbo:1223	of.a.sheepfold	H1210	hbo:1210	[the].grape.harvest	similar	prior	0.5
H1223	hbo:1223	of.a.sheepfold	H1219	hbo:1219	you.will.gather.grapes	similar	prior	0.5
H1226	hbo:1226a	of.trouble	H1225	hbo:1225	stronghold	similar	prior	0.5
H1226	hbo:1226a	of.trouble	H1208	hbo:1208	fortified	similar	prior	0.5
H1228	hbo:1228	a.jar	H3537	hbo:3537	jar	similar	prior	0.5
H1228	hbo:1228	a.jar	H2789	hbo:2789	of.earthenware	similar	prior	0.5
H1228	hbo:1228	a.jar	H6835	hbo:6835	the.jug	similar	prior	0.5
H1234	hbo:1234	he.split.open	H1233	hbo:1233	rubble(s)	similar	prior	0.6
H1234	hbo:1234	he.split.open	H5423	hbo:5423	he.tore.apart	similar	prior	0.5
H1234	hbo:1234	he.split.open	H1518	hbo:1518	you.burst.forth	similar	prior	0.5
H1234	hbo:1234	he.split.open	H6555	hbo:6555	he.urged	similar	prior	0.5
H1234	hbo:1234	he.split.open	H7167	hbo:7167	he.tore	similar	prior	0.5
H1235	hbo:1235	a.beka	H8255	hbo:8255	the.shekel	similar	prior	0.5
H1235	hbo:1235	a.beka	H7192	hbo:7192	piece[s].of.money	similar	prior	0.5
H1235	hbo:1235	a.beka	H1234	hbo:1234	he.split.open	similar	prior	0.5
H1235	hbo:1235	a.beka	H1233	hbo:1233	rubble(s)	similar	prior	0.5
H1235	hbo:1235	a.beka	H1237	hbo:1237	the.valley	similar	prior	0.5
H1237	hbo:1237	the.valley	H6010	hbo:6010	the.valley	similar	high	0.876
H1237	hbo:1237	the.valley	H1516	hbo:1516	valley	similar	high	0.873
H1237	hbo:1237	the.valley	H4334	hbo:4334	plain	similar	high	0.792
H1237	hbo:1237	the.valley	H8219	hbo:8219	Shephelah	similar	prior	0.5
H1237	hbo:1237	the.valley	H7704	hbo:7704	field	similar	prior	0.5
H1237	hbo:1237	the.valley	H1233	hbo:1233	rubble(s)	similar	prior	0.5
H1238	hbo:1238	it.will.be.disturbed	H1228	hbo:1228	a.jar	similar	prior	0.5
H1239	hbo:1239	he.will.seek	H1875	hbo:1875	seek	similar	prior	0.5
H1239	hbo:1239	he.will.seek	H2713	hbo:2713	explore	similar	prior	0.5
H1239	hbo:1239	he.will.seek	H0951	hbo:0951	[was].a.herdsman	similar	prior	0.5
H1240	hbo:1240	they.searched	H2714	hbo:2714	searching	similar	prior	0.5
H1241	hbo:1241	cattle	H6499	hbo:6499	a.young.bull	similar	high	1.0
H1241	hbo:1241	cattle	H5739	hbo:5739	flock	similar	prior	0.5
H1241	hbo:1241	cattle	H4735	hbo:4735	livestock	similar	prior	0.5
H1241	hbo:1241	cattle	H1239	hbo:1239	he.will.seek	similar	prior	0.5
H1241	hbo:1241	cattle	H1243	hbo:1243	seeking	similar	prior	0.5
H1241	hbo:1241	cattle	H0951	hbo:0951	[was].a.herdsman	similar	prior	0.5
H1241	hbo:1241	cattle	H1244	hbo:1244	compensation	similar	prior	0.5
H1242	hbo:1242	morning	H6153	hbo:6153	evening	antonym	recall	0.695
H1242	hbo:1242	morning	H3915	hbo:3915	night	antonym	recall	0.628
H1242	hbo:1242	morning	H0951	hbo:0951	[was].a.herdsman	similar	prior	0.5
H1242	hbo:1242	morning	H1244	hbo:1244	compensation	similar	prior	0.5
H1243	hbo:1243	seeking	H1242	hbo:1242	morning	similar	prior	0.5
H1243	hbo:1243	seeking	H1239	hbo:1239	he.will.seek	similar	prior	0.5
H1243	hbo:1243	seeking	H0951	hbo:0951	[was].a.herdsman	similar	prior	0.5
H1243	hbo:1243	seeking	H1244	hbo:1244	compensation	similar	prior	0.5
H1244	hbo:1244	compensation	H0951	hbo:0951	[was].a.herdsman	similar	prior	0.5
H1244	hbo:1244	compensation	H1239	hbo:1239	he.will.seek	similar	prior	0.5
H1245	hbo:1245	seek	H1875	hbo:1875	seek	similar	high	1.0
H1245	hbo:1245	seek	H7592	hbo:7592	ask	similar	high	0.802
H1245	hbo:1245	seek	H4672	hbo:4672	I.have.found	similar	high	0.743
H1245	hbo:1245	seek	H6419	hbo:6419	pray	similar	high	0.714
H1245	hbo:1245	seek	H8446	hbo:8446	spy.out	similar	prior	0.5
H1245	hbo:1245	seek	H0579	hbo:0579	[is].seeking.an.opportunity	similar	prior	0.5
H1246	hbo:1246	request	H7596	hbo:7596	petition	similar	high	0.743
H1246	hbo:1246	request	H1245	hbo:1245	seek	similar	prior	0.5
H1247	hbo:1247	the.son	H1123	hbo:1123	the.sons	similar	prior	0.5
H1249	hbo:1249	pure	H1257	hbo:1257	birds	similar	prior	0.5
H1249	hbo:1249	pure	H1253	hbo:1253	potash	similar	prior	0.5
H1249	hbo:1249	pure	H1287	hbo:1287	soap	similar	prior	0.5
H1250	hbo:1250	grain	H7668	hbo:7668	grain	similar	high	0.677
H1250	hbo:1250	grain	H8184	hbo:8184	barley(s)	similar	prior	0.5
H1250	hbo:1250	grain	H4863	hbo:4863	your.kneading	similar	prior	0.5
H1250	hbo:1250	grain	H2406	hbo:2406	wheat(s)	similar	prior	0.5
H1250	hbo:1250	grain	H1287	hbo:1287	soap	similar	prior	0.5
H1250	hbo:1250	grain	H1305	hbo:1305	[one.who].purifies.himself	similar	prior	0.5
H1250	hbo:1250	grain	H1252	hbo:1252	to.the.cleanness	similar	prior	0.5
H1250	hbo:1250	grain	H1253	hbo:1253	potash	similar	prior	0.5
H1250	hbo:1250	grain	H1257	hbo:1257	birds	similar	prior	0.5
H1250	hbo:1250	grain	H1249	hbo:1249	pure	similar	prior	0.5
H1252	hbo:1252	to.the.cleanness	H1305	hbo:1305	[one.who].purifies.himself	similar	prior	0.5
H1252	hbo:1252	to.the.cleanness	H1249	hbo:1249	pure	similar	prior	0.5
H1252	hbo:1252	to.the.cleanness	H1253	hbo:1253	potash	similar	prior	0.5
H1252	hbo:1252	to.the.cleanness	H1257	hbo:1257	birds	similar	prior	0.5
H1252	hbo:1252	to.the.cleanness	H1287	hbo:1287	soap	similar	prior	0.5
H1253	hbo:1253	potash	H1305	hbo:1305	[one.who].purifies.himself	similar	prior	0.5
H1253	hbo:1253	potash	H1287	hbo:1287	soap	similar	prior	0.5
H1253	hbo:1253	potash	H1257	hbo:1257	birds	similar	prior	0.5
H1254	hbo:1254	he.created	H3335	hbo:3335	the.[one	similar	high	0.944
H1254	hbo:1254	he.created	H1277	hbo:1277	fat	similar	prior	0.5
H1258	hbo:1258	it.will.hail	H1259	hbo:1259	hail	similar	prior	0.5
H1258	hbo:1258	it.will.hail	H1261	hbo:1261	mottled	similar	prior	0.5
H1259	hbo:1259	hail	H0417	hbo:0417	of.hail	similar	high	0.799
H1259	hbo:1259	hail	H1653	hbo:1653	rain	similar	high	0.709
H1259	hbo:1259	hail	H4306	hbo:4306	rain	similar	high	0.7
H1259	hbo:1259	hail	H7565	hbo:7565	flames	similar	prior	0.5
H1259	hbo:1259	hail	H1261	hbo:1261	mottled	similar	prior	0.5
H1261	hbo:1261	mottled	H6124	hbo:6124	striped.[ones]	similar	high	0.836
H1261	hbo:1261	mottled	H5348	hbo:5348	speckled	similar	high	0.757
H1261	hbo:1261	mottled	H2921	hbo:2921	spotted	similar	prior	0.5
H1262	hbo:1262	that.I.may.eat	H0398	hbo:0398	you.will.eat	similar	prior	0.5
H1265	hbo:1265	of.cypresses	H0730	hbo:0730	of.cedar(s)	similar	high	0.946
H1265	hbo:1265	of.cypresses	H7848	hbo:7848	of.acacia	similar	high	0.638
H1265	hbo:1265	of.cypresses	H1266	hbo:1266	[are].cypress(es)	similar	prior	0.5
H1267	hbo:1267	food	H1279	hbo:1279	food	similar	prior	0.5
H1267	hbo:1267	food	H1262	hbo:1262	that.I.may.eat	similar	prior	0.5
H1270	hbo:1270	iron	H5178	hbo:5178	bronze	similar	high	0.853
H1270	hbo:1270	iron	H0913	hbo:0913	tin	similar	high	0.83
H1270	hbo:1270	iron	H5777	hbo:5777	lead	similar	high	0.81
H1270	hbo:1270	iron	H3701	hbo:3701	silver	similar	high	0.68
H1270	hbo:1270	iron	H2091	hbo:2091	gold	similar	high	0.667
H1270	hbo:1270	iron	H5509	hbo:5509	dross(es)	similar	prior	0.5
H1272	hbo:1272	he.fled	H5127	hbo:5127	they.fled	similar	high	0.947
H1272	hbo:1272	he.fled	H1281	hbo:1281	fleeing	similar	prior	0.6
H1272	hbo:1272	he.fled	H7291	hbo:7291	they.pursued	antonym	recall	0.511
H1272	hbo:1272	he.fled	H4015	hbo:4015	fugitives	similar	prior	0.5
H1272	hbo:1272	he.fled	H1280	hbo:1280	bars	similar	prior	0.5
H1277	hbo:1277	fat	H1851	hbo:1851	thin	antonym	recall	0.566
H1278	hbo:1278	a.creation	H1254	hbo:1254	he.created	similar	prior	0.5
H1280	hbo:1280	bars	H1817	hbo:1817	doors	similar	high	0.846
H1280	hbo:1280	bars	H4514	hbo:4514	bolts	similar	high	0.742
H1280	hbo:1280	bars	H1281	hbo:1281	fleeing	similar	prior	0.5
H1280	hbo:1280	bars	H4015	hbo:4015	fugitives	similar	prior	0.5
H1285	hbo:1285	covenant	H3772	hbo:3772	it.will.be.cut.off	similar	high	0.951
H1285	hbo:1285	covenant	H7621	hbo:7621	oath	similar	high	0.696
H1285	hbo:1285	covenant	H6565	hbo:6565	break	antonym	recall	0.678
H1285	hbo:1285	covenant	H2266	hbo:2266	he.joined	similar	prior	0.5
H1285	hbo:1285	covenant	H4417	hbo:4417	Salt	similar	prior	0.5
H1287	hbo:1287	soap	H1257	hbo:1257	birds	similar	prior	0.5
H1288	hbo:1288	[be].blessed	H1293	hbo:1293	blessing	similar	high	1.0
H1288	hbo:1288	[be].blessed	H3034	hbo:3034	give.thanks	similar	high	0.716
H1288	hbo:1288	[be].blessed	H1984	hbo:1984a	praise	antonym	recall	0.542
H1288	hbo:1288	[be].blessed	H7812	hbo:7812a	he.bowed.down	similar	prior	0.5
H1288	hbo:1288	[be].blessed	H1442	hbo:1442	they.have.blasphemed	similar	prior	0.5
H1288	hbo:1288a	he.knelt.down	H1293	hbo:1293	blessing	similar	high	0.775
H1288	hbo:1288a	he.knelt.down	H1290	hbo:1290	knees	similar	high	0.691
H1290	hbo:1290	knees	H3766	hbo:3766	he.bowed.down	similar	high	0.736
H1290	hbo:1290	knees	H1288	hbo:1288a	he.knelt.down	similar	high	0.691
H1293	hbo:1293	blessing	H1288	hbo:1288	[be].blessed	similar	high	1.0
H1293	hbo:1293	blessing	H7045	hbo:7045	curse	antonym	recall	0.521
H1293	hbo:1293	blessing	H1290	hbo:1290	knees	similar	prior	0.5
H1295	hbo:1295	the.pool	H1290	hbo:1290	knees	similar	prior	0.5
H1299	hbo:1299	flash	H1300	hbo:1300	lightning	similar	prior	0.5
H1300	hbo:1300	lightning	H5051	hbo:5051	brightness	similar	high	0.697
H1300	hbo:1300	lightning	H7482	hbo:7482	your.thunder	similar	high	0.64
H1303	hbo:1303	briers	H1300	hbo:1300	lightning	similar	prior	0.5
H1303	hbo:1303	briers	H1299	hbo:1299	flash	similar	prior	0.5
H1303	hbo:1303	briers	H1304	hbo:1304	a.beryl	similar	prior	0.5
H1304	hbo:1304	a.beryl	H6357	hbo:6357	a.topaz	similar	prior	0.5
H1304	hbo:1304	a.beryl	H7718	hbo:7718	of.onyx	similar	prior	0.5
H1304	hbo:1304	a.beryl	H1300	hbo:1300	lightning	similar	prior	0.5
H1304	hbo:1304	a.beryl	H1299	hbo:1299	flash	similar	prior	0.5
H1305	hbo:1305	[one.who].purifies.himself	H1287	hbo:1287	soap	similar	prior	0.5
H1305	hbo:1305	[one.who].purifies.himself	H1257	hbo:1257	birds	similar	prior	0.5
H1310	hbo:1310	you.will.boil	H0644	hbo:0644	you.will.bake	similar	high	0.918
H1310	hbo:1310	you.will.boil	H6748	hbo:6748	roasted	similar	high	0.73
H1310	hbo:1310	you.will.boil	H1311	hbo:1311	boiled	similar	prior	0.6
H1310	hbo:1310	you.will.boil	H4018	hbo:4018	boiling.places	similar	prior	0.5
H1314	hbo:1314	spices	H4753	hbo:4753	myrrh	similar	high	0.806
H1314	hbo:1314	spices	H3828	hbo:3828	frankincense	similar	high	0.735
H1314	hbo:1314	spices	H5561	hbo:5561	the.perfume(s)	similar	high	0.704
H1314	hbo:1314	spices	H0174	hbo:0174	aloes	similar	prior	0.6
H1317	hbo:1317	shame	H0955	hbo:0955	shame	similar	prior	0.6
H1317	hbo:1317	shame	H1322	hbo:1322	shame	similar	prior	0.6
H1317	hbo:1317	shame	H0954	hbo:0954	they.will.be.ashamed	similar	prior	0.5
H1317	hbo:1317	shame	H4016	hbo:4016	genitals	similar	prior	0.5
H1319	hbo:1319	bear.news	H1309	hbo:1309	news	similar	prior	0.6
H1319	hbo:1319	bear.news	H1320	hbo:1320	flesh	similar	prior	0.5
H1320	hbo:1320	flesh	H1818	hbo:1818	blood	similar	high	0.773
H1320	hbo:1320	flesh	H7607	hbo:7607	relative	similar	high	0.753
H1320	hbo:1320	flesh	H5785	hbo:5785	skin	similar	high	0.654
H1320	hbo:1320	flesh	H1610	hbo:1610a	body	similar	prior	0.5
H1320	hbo:1320	flesh	H5315	hbo:5315	self	similar	prior	0.5
H1320	hbo:1320	flesh	H1309	hbo:1309	news	similar	prior	0.5
H1321	hbo:1321	(the)	H1320	hbo:1320	flesh	similar	prior	0.6
H1322	hbo:1322	shame	H3639	hbo:3639	ignominy	similar	high	0.843
H1322	hbo:1322	shame	H2781	hbo:2781	reproach	similar	high	0.753
H1323	hbo:1323	daughters	H0802	hbo:0802	woman	similar	high	0.933
H1323	hbo:1323	daughters	H5291	hbo:5291	woman	similar	high	0.712
H1323	hbo:1323	daughters	H1121	hbo:1121	the.son	similar	prior	0.5
H1324	hbo:1324	baths	H3734	hbo:3734	cor[s]	similar	high	0.755
H1324	hbo:1324	baths	H0374	hbo:0374	ephah	similar	high	0.659
H1324	hbo:1324	baths	H5429	hbo:5429	a.seah	similar	high	0.631
H1324	hbo:1324	baths	H1969	hbo:1969	hin	similar	prior	0.5
H1324	hbo:1324	baths	H1327	hbo:1327	the.cliffs	similar	prior	0.5
H1326	hbo:1326	a.desolation	H1324	hbo:1324	baths	similar	prior	0.5
H1326	hbo:1326	a.desolation	H1327	hbo:1327	the.cliffs	similar	prior	0.5
H1330	hbo:1330	a.virgin	H5291	hbo:5291	woman	similar	high	0.844
H1330	hbo:1330	a.virgin	H0802	hbo:0802	woman	similar	high	0.615
H1331	hbo:1331	virginiti(es)	H1330	hbo:1330	a.virgin	similar	high	0.757
H1334	hbo:1334	he.cut.in.two	H1335	hbo:1335	piece	similar	prior	0.5
H1341	hbo:1341	proud	H1346	hbo:1346	pride	similar	prior	0.6
H1341	hbo:1341	proud	H1466	hbo:1466	pride	similar	prior	0.6
H1341	hbo:1341	proud	H1343	hbo:1343	proud.[people]	similar	prior	0.6
H1341	hbo:1341	proud	H1348	hbo:1348	majesty	similar	prior	0.6
H1341	hbo:1341	proud	H1347	hbo:1347	the.pride	similar	prior	0.6
H1341	hbo:1341	proud	H1467	hbo:1467	pride	similar	prior	0.6
H1341	hbo:1341	proud	H6277	hbo:6277	arrogant	similar	prior	0.5
H1341	hbo:1341	proud	H1344	hbo:1344	pride	similar	prior	0.5
H1342	hbo:1342	highly.(exalted)	H1431	hbo:1431	he.grew.up	similar	prior	0.5
H1342	hbo:1342	highly.(exalted)	H7311	hbo:7311	you.will.offer.up	similar	prior	0.5
H1342	hbo:1342	highly.(exalted)	H1344	hbo:1344	pride	similar	prior	0.5
H1342	hbo:1342	highly.(exalted)	H1341	hbo:1341	proud	similar	prior	0.5
H1342	hbo:1342	highly.(exalted)	H1361	hbo:1361	it.was.haughty	similar	high	0.486
H1343	hbo:1343	proud.[people]	H1346	hbo:1346	pride	similar	high	0.977
H1343	hbo:1343	proud.[people]	H6035	hbo:6035	humble.[people]	antonym	recall	0.726
H1343	hbo:1343	proud.[people]	H1344	hbo:1344	pride	similar	prior	0.5
H1343	hbo:1343	proud.[people]	H1341	hbo:1341	proud	similar	prior	0.5
H1343	hbo:1343	proud.[people]	H1349	hbo:1349	arrogant.people	similar	prior	0.5
H1346	hbo:1346	pride	H1343	hbo:1343	proud.[people]	similar	high	0.977
H1346	hbo:1346	pride	H1348	hbo:1348	majesty	similar	high	0.883
H1346	hbo:1346	pride	H7613	hbo:7613	majesty	similar	prior	0.5
H1346	hbo:1346	pride	H1342	hbo:1342	highly.(exalted)	similar	prior	0.5
H1346	hbo:1346	pride	H1341	hbo:1341	proud	similar	prior	0.5
H1346	hbo:1346	pride	H1344	hbo:1344	pride	similar	prior	0.5
H1346	hbo:1346	pride	H1349	hbo:1349	arrogant.people	similar	prior	0.5
H1347	hbo:1347	the.pride	H1346	hbo:1346	pride	similar	high	0.934
H1347	hbo:1347	the.pride	H1348	hbo:1348	majesty	similar	high	0.85
H1347	hbo:1347	the.pride	H2086	hbo:2086	arrogant.[people]	similar	prior	0.5
H1347	hbo:1347	the.pride	H7613	hbo:7613	majesty	similar	prior	0.5
H1347	hbo:1347	the.pride	H1344	hbo:1344	pride	similar	prior	0.5
H1347	hbo:1347	the.pride	H1349	hbo:1349	arrogant.people	similar	prior	0.5
H1347	hbo:1347	the.pride	H1341	hbo:1341	proud	similar	prior	0.5
H1347	hbo:1347	the.pride	H1342	hbo:1342	highly.(exalted)	similar	prior	0.5
H1348	hbo:1348	majesty	H1346	hbo:1346	pride	similar	high	0.883
H1348	hbo:1348	majesty	H8213	hbo:8213	it.will.become.low	antonym	recall	0.56
H1348	hbo:1348	majesty	H1349	hbo:1349	arrogant.people	similar	prior	0.5
H1348	hbo:1348	majesty	H1341	hbo:1341	proud	similar	prior	0.5
H1348	hbo:1348	majesty	H1344	hbo:1344	pride	similar	prior	0.5
H1349	hbo:1349	arrogant.people	H2086	hbo:2086	arrogant.[people]	similar	prior	0.5
H1349	hbo:1349	arrogant.people	H1341	hbo:1341	proud	similar	prior	0.5
H1349	hbo:1349	arrogant.people	H1344	hbo:1344	pride	similar	prior	0.5
H1349	hbo:1349	arrogant.people	H1342	hbo:1342	highly.(exalted)	similar	prior	0.5
H1350	hbo:1350	redeemer	H1353	hbo:1353	redemption	similar	high	0.957
H1350	hbo:1350	redeemer	H6299	hbo:6299	you.will.redeem	similar	high	0.852
H1350	hbo:1350	redeemer	H3467	hbo:3467a	a.deliverer	similar	high	0.692
H1350	hbo:1350	redeemer	H5337	hbo:5337	deliver	similar	high	0.687
H1350	hbo:1350	redeemer	H6304	hbo:6304	redemption	similar	prior	0.5
H1350	hbo:1350	redeemer	H5358	hbo:5358	he.will.be.avenged	similar	prior	0.5
H1350	hbo:1350	redeemer	H5360	hbo:5360	vengeance	similar	prior	0.5
H1350	hbo:1350	redeemer	H5359	hbo:5359	vengeance	similar	prior	0.5
H1352	hbo:1352	the.defilement(s)	H1351	hbo:1351	they.were.defiled	similar	prior	0.5
H1353	hbo:1353	redemption	H1350	hbo:1350	redeemer	similar	high	0.957
H1353	hbo:1353	redemption	H6299	hbo:6299	you.will.redeem	similar	high	0.67
H1354	hbo:1354	rims	H1384	hbo:1384	a.[man].hunchbacked	similar	prior	0.6
H1354	hbo:1354	rims	H1458	hbo:1458	back	similar	prior	0.5
H1354	hbo:1354	rims	H4676	hbo:4676	a.pillar	similar	prior	0.5
H1356	hbo:1356	ditches	H1360	hbo:1360	marshes	similar	prior	0.6
H1356	hbo:1356	ditches	H6086	hbo:6086	wood(s)	similar	prior	0.5
H1358	hbo:1358	the	H5520	hbo:5520	lair	similar	prior	0.5
H1361	hbo:1361	it.was.haughty	H7682	hbo:7682	[is].exalted	similar	high	0.85
H1361	hbo:1361	it.was.haughty	H1364	hbo:1364	high	similar	high	0.85
H1361	hbo:1361	it.was.haughty	H7311	hbo:7311	you.will.offer.up	similar	high	0.831
H1361	hbo:1361	it.was.haughty	H8213	hbo:8213	it.will.become.low	antonym	recall	0.685
H1361	hbo:1361	it.was.haughty	H7817	hbo:7817	it.will.be.humbled	antonym	recall	0.561
H1361	hbo:1361	it.was.haughty	H5375	hbo:5375	lift.up	similar	prior	0.5
H1361	hbo:1361	it.was.haughty	H1348	hbo:1348	majesty	similar	prior	0.5
H1361	hbo:1361	it.was.haughty	H5549	hbo:5549	cast.up	similar	prior	0.5
H1361	hbo:1361	it.was.haughty	H1362	hbo:1362	than.a.[person].haughty	similar	prior	0.5
H1362	hbo:1362	than.a.[person].haughty	H1343	hbo:1343	proud.[people]	similar	prior	0.5
H1362	hbo:1362	than.a.[person].haughty	H1361	hbo:1361	it.was.haughty	similar	prior	0.5
H1363	hbo:1363	height	H1364	hbo:1364	high	similar	high	1.0
H1363	hbo:1363	height	H6967	hbo:6967	height	similar	high	0.803
H1363	hbo:1363	height	H7311	hbo:7311	you.will.offer.up	similar	prior	0.5
H1363	hbo:1363	height	H1347	hbo:1347	the.pride	similar	prior	0.5
H1363	hbo:1363	height	H4791	hbo:4791	a.high.place	similar	prior	0.5
H1363	hbo:1363	height	H8213	hbo:8213	it.will.become.low	antonym	recall	0.481
H1364	hbo:1364	high	H1363	hbo:1363	height	similar	high	1.0
H1364	hbo:1364	high	H1361	hbo:1361	it.was.haughty	similar	high	0.85
H1364	hbo:1364	high	H7341	hbo:7341	breadth	similar	prior	0.5
H1364	hbo:1364	high	H7311	hbo:7311	you.will.offer.up	similar	prior	0.5
H1364	hbo:1364	high	H1347	hbo:1347	the.pride	similar	prior	0.5
H1364	hbo:1364	high	H5375	hbo:5375	lift.up	similar	prior	0.5
H1364	hbo:1364	high	H6277	hbo:6277	arrogant	similar	prior	0.5
H1364	hbo:1364	high	H1365	hbo:1365	of.pride	similar	prior	0.5
H1364	hbo:1364	high	H8217	hbo:8217	lowly	antonym	recall	0.428
H1365	hbo:1365	of.pride	H1363	hbo:1363	height	similar	prior	0.5
H1365	hbo:1365	of.pride	H1361	hbo:1361	it.was.haughty	similar	prior	0.5
H1365	hbo:1365	of.pride	H1362	hbo:1362	than.a.[person].haughty	similar	prior	0.5
H1366	hbo:1366	border	H6285	hbo:6285	side	similar	high	1.0
H1366	hbo:1366	border	H7097	hbo:7097	the.end	similar	high	0.875
H1367	hbo:1367	borders	H1366	hbo:1366	border	similar	high	0.901
H1367	hbo:1367	borders	H7097	hbo:7097	the.end	similar	prior	0.5
H1367	hbo:1367	borders	H4020	hbo:4020	twisted.cords	similar	prior	0.5
H1367	hbo:1367	borders	H1383	hbo:1383	of.twisting	similar	prior	0.5
H1368	hbo:1368	warriors	H2428	hbo:2428	of.strength	similar	high	1.0
H1368	hbo:1368	warriors	H1369	hbo:1369	strength	similar	prior	0.6
H1368	hbo:1368	warriors	H2389	hbo:2389	strong	similar	prior	0.5
H1368	hbo:1368	warriors	H1396	hbo:1396	they.increased	similar	prior	0.5
H1368	hbo:1368	warriors	H0117	hbo:0117	majestic	similar	prior	0.5
H1368	hbo:1368	warriors	H5303	hbo:5303	Nephilim	similar	prior	0.5
H1368	hbo:1368	warriors	H0533	hbo:0533	a.strong.[one]	similar	prior	0.5
H1368	hbo:1368	warriors	H6184	hbo:6184	of.ruthless.[people]	similar	prior	0.5
H1368	hbo:1368	warriors	H0376	hbo:0376	man	similar	prior	0.5
H1368	hbo:1368	warriors	H0047	hbo:0047	of	similar	prior	0.5
H1368	hbo:1368	warriors	H0046	hbo:0046	the.mighty.one	similar	prior	0.5
H1368	hbo:1368	warriors	H0386	hbo:0386	ever-flowing	similar	prior	0.5
H1368	hbo:1368	warriors	H1376	hbo:1376	lord	similar	prior	0.5
H1368	hbo:1368	warriors	H1404	hbo:1404	mistress	similar	prior	0.5
H1369	hbo:1369	strength	H3581	hbo:3581	strength	similar	high	0.924
H1369	hbo:1369	strength	H5807	hbo:5807	fierceness	similar	high	0.702
H1369	hbo:1369	strength	H8633	hbo:8633	the.power	similar	prior	0.5
H1369	hbo:1369	strength	H2428	hbo:2428	of.strength	similar	prior	0.5
H1369	hbo:1369	strength	H2392	hbo:2392	strength	similar	prior	0.5
H1369	hbo:1369	strength	H1368	hbo:1368	warriors	similar	prior	0.5
H1369	hbo:1369	strength	H1397	hbo:1397	a.man	similar	prior	0.5
H1369	hbo:1369	strength	H1396	hbo:1396	they.increased	similar	prior	0.5
H1369	hbo:1369	strength	H1377	hbo:1377	queen-mother	similar	prior	0.5
H1369	hbo:1369	strength	H1376	hbo:1376	lord	similar	prior	0.5
H1369	hbo:1369	strength	H1404	hbo:1404	mistress	similar	prior	0.5
H1370	hbo:1370	(the)	H1401	hbo:1401	mighty.men	similar	prior	0.5
H1370	hbo:1370	(the)	H1400	hbo:1400	the	similar	prior	0.5
H1372	hbo:1372	his.bald	H7146	hbo:7146	his.bald	similar	high	1.0
H1372	hbo:1372	his.bald	H1371	hbo:1371	[is].bald	similar	prior	0.5
H1375	hbo:1375	cups	H8246	hbo:8246	shaped.like.almond.blossoms	similar	high	1.0
H1375	hbo:1375	cups	H5592	hbo:5592	the.threshold	similar	high	0.696
H1375	hbo:1375	cups	H7086	hbo:7086	[was].a.dish	similar	prior	0.5
H1375	hbo:1375	cups	H3563	hbo:3563	cup	similar	prior	0.5
H1377	hbo:1377	queen-mother	H4436	hbo:4436	queen	similar	high	0.764
H1377	hbo:1377	queen-mother	H4446	hbo:4446	the.queen	similar	prior	0.5
H1377	hbo:1377	queen-mother	H8282	hbo:8282	noble.ladies	similar	prior	0.5
H1377	hbo:1377	queen-mother	H1376	hbo:1376	lord	similar	prior	0.5
H1377	hbo:1377	queen-mother	H1368	hbo:1368	warriors	similar	prior	0.5
H1377	hbo:1377	queen-mother	H1404	hbo:1404	mistress	similar	prior	0.5
H1379	hbo:1379	they.set.bounds	H1366	hbo:1366	border	similar	high	0.845
H1383	hbo:1383	of.twisting	H4020	hbo:4020	twisted.cords	similar	prior	0.5
H1383	hbo:1383	of.twisting	H1379	hbo:1379	they.set.bounds	similar	prior	0.5
H1383	hbo:1383	of.twisting	H1366	hbo:1366	border	similar	prior	0.5
H1384	hbo:1384	a.[man].hunchbacked	H1385	hbo:1385	cheese	similar	prior	0.5
H1386	hbo:1386	of.peaks	H1384	hbo:1384	a.[man].hunchbacked	similar	prior	0.5
H1386	hbo:1386	of.peaks	H1385	hbo:1385	cheese	similar	prior	0.5
H1389	hbo:1389	hills	H2022	hbo:2022	the.mountain	similar	high	0.91
H1389	hbo:1389	hills	H4674	hbo:4674	siege-works	similar	prior	0.5
H1389	hbo:1389	hills	H1375	hbo:1375	cups	similar	prior	0.5
H1392	hbo:1392	[was].bud	H1375	hbo:1375	cups	similar	prior	0.5
H1392	hbo:1392	[was].bud	H1389	hbo:1389	hills	similar	prior	0.5
H1396	hbo:1396	they.increased	H0553	hbo:0553	be.bold	similar	prior	0.5
H1396	hbo:1396	they.increased	H1376	hbo:1376	lord	similar	prior	0.5
H1396	hbo:1396	they.increased	H1404	hbo:1404	mistress	similar	prior	0.5
H1396	hbo:1396	they.increased	H1368	hbo:1368	warriors	similar	prior	0.5
H1396	hbo:1396	they.increased	H1377	hbo:1377	queen-mother	similar	prior	0.5
H1397	hbo:1397	a.man	H0582	hbo:0582	humankind	similar	high	0.925
H1397	hbo:1397	a.man	H0120	hbo:0120	of.humankind	similar	high	0.777
H1397	hbo:1397	a.man	H1368	hbo:1368	warriors	similar	prior	0.5
H1397	hbo:1397	a.man	H4962	hbo:4962	men	similar	prior	0.5
H1397	hbo:1397	a.man	H1377	hbo:1377	queen-mother	similar	prior	0.5
H1397	hbo:1397	a.man	H1376	hbo:1376	lord	similar	prior	0.5
H1397	hbo:1397	a.man	H1404	hbo:1404	mistress	similar	prior	0.5
H1400	hbo:1400	the	H1401	hbo:1401	mighty.men	similar	prior	0.5
H1404	hbo:1404	mistress	H2278	hbo:2278	companion	similar	prior	0.6
H1404	hbo:1404	mistress	H0113	hbo:0113	lord	similar	high	0.513
H1404	hbo:1404	mistress	H1376	hbo:1376	lord	similar	prior	0.5
H1404	hbo:1404	mistress	H8198	hbo:8198	maidservant	antonym	recall	0.438
H1406	hbo:1406	roof	H1004	hbo:1004	the.house	similar	prior	0.5
H1406	hbo:1406	roof	H5944	hbo:5944	his.upper	similar	prior	0.5
H1407	hbo:1407	of.coriander	H1418	hbo:1418	cuts	similar	prior	0.5
H1407	hbo:1407	of.coriander	H1409	hbo:1409	good.fortune	similar	prior	0.5
H1407	hbo:1407	of.coriander	H1417	hbo:1417	a.marauding.band	similar	prior	0.5
H1409	hbo:1409	good.fortune	H1417	hbo:1417	a.marauding.band	similar	prior	0.5
H1409	hbo:1409	good.fortune	H1418	hbo:1418	cuts	similar	prior	0.5
H1413	hbo:1413a	they.cut.themselves	H3772	hbo:3772	it.will.be.cut.off	similar	prior	0.5
H1413	hbo:1413a	they.cut.themselves	H1418	hbo:1418	cuts	similar	prior	0.5
H1413	hbo:1413a	they.cut.themselves	H1409	hbo:1409	good.fortune	similar	prior	0.5
H1413	hbo:1413a	they.cut.themselves	H1417	hbo:1417	a.marauding.band	similar	prior	0.5
H1413	hbo:1413a	they.cut.themselves	H1407	hbo:1407	of.coriander	similar	prior	0.5
H1415	hbo:1415	banks	H1423	hbo:1423	a.kid	similar	prior	0.5
H1415	hbo:1415	banks	H1429	hbo:1429	goats	similar	prior	0.5
H1416	hbo:1416	band	H2428	hbo:2428	of.strength	similar	high	0.906
H1416	hbo:1416	band	H1407	hbo:1407	of.coriander	similar	prior	0.5
H1416	hbo:1416	band	H1417	hbo:1417	a.marauding.band	similar	prior	0.5
H1416	hbo:1416	band	H1409	hbo:1409	good.fortune	similar	prior	0.5
H1416	hbo:1416	band	H1418	hbo:1418	cuts	similar	prior	0.5
H1416	hbo:1416	band	H1413	hbo:1413a	they.cut.themselves	similar	prior	0.5
H1418	hbo:1418	cuts	H1417	hbo:1417	a.marauding.band	similar	prior	0.5
H1419	hbo:1419	great	H1431	hbo:1431	he.grew.up	similar	high	1.0
H1419	hbo:1419	great	H7227	hbo:7227	many	similar	high	0.759
H1419	hbo:1419	great	H6099	hbo:6099	mighty	similar	high	0.755
H1419	hbo:1419	great	H1433	hbo:1433	greatness	similar	prior	0.6
H1419	hbo:1419	great	H1432	hbo:1432	growing.up	similar	prior	0.6
H1419	hbo:1419	great	H6996	hbo:6996	small	antonym	recall	0.502
H1419	hbo:1419	great	H4026	hbo:4026	towers	similar	prior	0.5
H1419	hbo:1419	great	H1434	hbo:1434	wreaths	similar	prior	0.5
H1419	hbo:1419	great	H6996	hbo:6996a	small	antonym	recall	0.48
H1420	hbo:1420	greatness	H1431	hbo:1431	he.grew.up	similar	high	0.732
H1420	hbo:1420	greatness	H4026	hbo:4026	towers	similar	prior	0.5
H1421	hbo:1421	reviling.words	H1442	hbo:1442	they.have.blasphemed	similar	prior	0.6
H1421	hbo:1421	reviling.words	H1422	hbo:1422	a.taunt	similar	prior	0.5
H1422	hbo:1422	a.taunt	H8148	hbo:8148	taunt	similar	prior	0.5
H1423	hbo:1423	a.kid	H5795	hbo:5795	of.goats	similar	high	0.835
H1425	hbo:1425	Gadite[s]	H7206	hbo:7206	Reubenite[s]	similar	high	1.0
H1425	hbo:1425	Gadite[s]	H2677	hbo:2677	the.half	similar	high	0.868
H1425	hbo:1425	Gadite[s]	H7626	hbo:7626	the.tribes	similar	prior	0.5
H1429	hbo:1429	goats	H1423	hbo:1423	a.kid	similar	prior	0.5
H1431	hbo:1431	he.grew.up	H1419	hbo:1419	great	similar	high	1.0
H1431	hbo:1431	he.grew.up	H4026	hbo:4026	towers	similar	prior	0.5
H1432	hbo:1432	growing.up	H1431	hbo:1431	he.grew.up	similar	high	0.682
H1432	hbo:1432	growing.up	H1434	hbo:1434	wreaths	similar	prior	0.5
H1432	hbo:1432	growing.up	H4026	hbo:4026	towers	similar	prior	0.5
H1432	hbo:1432	growing.up	H1419	hbo:1419	great	similar	prior	0.5
H1432	hbo:1432	growing.up	H1433	hbo:1433	greatness	similar	prior	0.5
H1432	hbo:1432	growing.up	H1420	hbo:1420	greatness	similar	prior	0.5
H1433	hbo:1433	greatness	H7230	hbo:7230	abundance	similar	prior	0.5
H1433	hbo:1433	greatness	H4026	hbo:4026	towers	similar	prior	0.5
H1434	hbo:1434	wreaths	H1433	hbo:1433	greatness	similar	prior	0.5
H1434	hbo:1434	wreaths	H1420	hbo:1420	greatness	similar	prior	0.5
H1434	hbo:1434	wreaths	H4026	hbo:4026	towers	similar	prior	0.5
H1434	hbo:1434	wreaths	H1431	hbo:1431	he.grew.up	similar	prior	0.5
H1442	hbo:1442	they.have.blasphemed	H5006	hbo:5006	they.have.spurned	similar	high	0.678
H1442	hbo:1442	they.have.blasphemed	H2778	hbo:2778	taunt	similar	high	0.669
H1442	hbo:1442	they.have.blasphemed	H1422	hbo:1422	a.taunt	similar	prior	0.5
H1443	hbo:1443	he.has.walled.up	H1447	hbo:1447	a.wall	similar	high	1.0
H1443	hbo:1443	he.has.walled.up	H1448	hbo:1448	folds	similar	high	0.834
H1447	hbo:1447	a.wall	H1443	hbo:1443	he.has.walled.up	similar	high	1.0
H1447	hbo:1447	a.wall	H1448	hbo:1448	folds	similar	high	0.859
H1447	hbo:1447	a.wall	H2346	hbo:2346	wall	similar	high	0.624
H1448	hbo:1448	folds	H1447	hbo:1447	a.wall	similar	high	0.859
H1448	hbo:1448	folds	H1443	hbo:1443	he.has.walled.up	similar	high	0.834
H1448	hbo:1448	folds	H1877	hbo:1877	fresh.grass	similar	prior	0.5
H1448	hbo:1448	folds	H4356	hbo:4356	folds	similar	prior	0.5
H1455	hbo:1455	it.will.depart	H1456	hbo:1456	healing	similar	prior	0.6
H1457	hbo:1457	he.bent.down	H5186	hbo:5186	incline	similar	prior	0.5
H1457	hbo:1457	he.bent.down	H3766	hbo:3766	he.bowed.down	similar	prior	0.5
H1457	hbo:1457	he.bent.down	H7812	hbo:7812a	he.bowed.down	similar	prior	0.5
H1458	hbo:1458	back	H1471	hbo:1471	nations	similar	prior	0.5
H1460	hbo:1460	back	H7926	hbo:7926	shoulder	similar	prior	0.5
H1460	hbo:1460	back	H1354	hbo:1354	rims	similar	prior	0.5
H1460	hbo:1460	back	H1471	hbo:1471	nations	similar	prior	0.5
H1462	hbo:1462a	locust[s]	H2284	hbo:2284	grasshopper	similar	prior	0.5
H1462	hbo:1462a	locust[s]	H1357	hbo:1357	of.locusts	similar	prior	0.5
H1464	hbo:1464	it	H1416	hbo:1416	band	similar	prior	0.5
H1465	hbo:1465	back	H1458	hbo:1458	back	similar	prior	0.5
H1465	hbo:1465	back	H1471	hbo:1471	nations	similar	prior	0.5
H1465	hbo:1465	back	H1460	hbo:1460	back	similar	prior	0.5
H1465	hbo:1465	back	H1472	hbo:1472	bodies	similar	prior	0.5
H1466	hbo:1466	pride	H1343	hbo:1343	proud.[people]	similar	prior	0.6
H1466	hbo:1466	pride	H1346	hbo:1346	pride	similar	prior	0.6
H1466	hbo:1466	pride	H1347	hbo:1347	the.pride	similar	prior	0.6
H1466	hbo:1466	pride	H1344	hbo:1344	pride	similar	prior	0.5
H1466	hbo:1466	pride	H1348	hbo:1348	majesty	similar	prior	0.5
H1466	hbo:1466	pride	H1342	hbo:1342	highly.(exalted)	similar	prior	0.5
H1466	hbo:1466	pride	H1341	hbo:1341	proud	similar	prior	0.5
H1466	hbo:1466	pride	H1349	hbo:1349	arrogant.people	similar	prior	0.5
H1467	hbo:1467	pride	H1346	hbo:1346	pride	similar	prior	0.6
H1467	hbo:1467	pride	H1347	hbo:1347	the.pride	similar	prior	0.6
H1467	hbo:1467	pride	H1343	hbo:1343	proud.[people]	similar	prior	0.6
H1467	hbo:1467	pride	H1466	hbo:1466	pride	similar	prior	0.6
H1471	hbo:1471	nations	H7626	hbo:7626	the.tribes	similar	prior	0.5
H1472	hbo:1472	bodies	H1480	hbo:1480	the.corpse	similar	prior	0.5
H1472	hbo:1472	bodies	H6297	hbo:6297	corpses	similar	prior	0.5
H1472	hbo:1472	bodies	H1320	hbo:1320	flesh	similar	prior	0.5
H1472	hbo:1472	bodies	H1610	hbo:1610a	body	similar	prior	0.5
H1472	hbo:1472	bodies	H1458	hbo:1458	back	similar	prior	0.5
H1472	hbo:1472	bodies	H1460	hbo:1460	back	similar	prior	0.5
H1473	hbo:1473	exile[s]	H1546	hbo:1546	the.exile[s]	similar	high	1.0
H1473	hbo:1473	exile[s]	H1540	hbo:1540	you.will.uncover	similar	high	0.797
H1478	hbo:1478	he.expired	H4191	hbo:4191	he.died	similar	high	0.684
H1480	hbo:1480	the.corpse	H1479	hbo:1479	let.them.shut	similar	prior	0.5
H1481	hbo:1481	sojourn	H1616	hbo:1616	sojourner	similar	high	1.0
H1481	hbo:1481	sojourn	H4033	hbo:4033	their.sojournings	similar	high	0.86
H1481	hbo:1481	sojourn	H7931	hbo:7931	dwell	similar	high	0.769
H1481	hbo:1481	sojourn	H8453	hbo:8453	a.resident.alien	similar	high	0.706
H1481	hbo:1481	sojourn	H3427	hbo:3427	the.inhabitants	similar	high	0.683
H1481	hbo:1481	sojourn	H1628	hbo:1628	Geruth	similar	prior	0.5
H1481	hbo:1481	sojourn	H4034	hbo:4034	fears	similar	prior	0.5
H1481	hbo:1481	sojourn	H4032	hbo:4032	terror	similar	prior	0.5
H1481	hbo:1481	sojourn	H4460	hbo:4460	[the].granaries	similar	prior	0.5
H1481	hbo:1481	sojourn	H4035	hbo:4035	granary	similar	prior	0.5
H1481	hbo:1481a	they.stir.up.trouble	H1482	hbo:1482	cubs	similar	prior	0.5
H1481	hbo:1481a	they.stir.up.trouble	H1484	hbo:1484	cubs	similar	prior	0.5
H1481	hbo:1481b	you.will.be.afraid	H3372	hbo:3372	be.afraid	similar	high	0.817
H1484	hbo:1484	cubs	H1482	hbo:1482	cubs	similar	prior	0.6
H1484	hbo:1484	cubs	H3715	hbo:3715	a.young.lion	similar	prior	0.5
H1486	hbo:1486	lot	H5159	hbo:5159	inheritance	similar	high	0.833
H1486	hbo:1486	lot	H2505	hbo:2505	it.will.be.divided	similar	high	0.729
H1486	hbo:1486	lot	H2256	hbo:2256	ropes	similar	prior	0.5
H1488	hbo:1488	the.mowings	H1494	hbo:1494	shearers	similar	prior	0.5
H1488	hbo:1488	the.mowings	H1492	hbo:1492	fleece	similar	prior	0.5
H1492	hbo:1492	fleece	H1494	hbo:1494	shearers	similar	prior	0.5
H1492	hbo:1492	fleece	H6785	hbo:6785	wool	similar	prior	0.5
H1494	hbo:1494	shearers	H1500	hbo:1500	robbery	similar	prior	0.5
H1496	hbo:1496	of.hewn.[stone]	H0068	hbo:0068	stones	similar	high	0.809
H1496	hbo:1496	of.hewn.[stone]	H2672	hbo:2672b	stonemasons	similar	high	0.655
H1496	hbo:1496	of.hewn.[stone]	H1497	hbo:1497	he.has.robbed	similar	prior	0.5
H1496	hbo:1496	of.hewn.[stone]	H1491	hbo:1491	[were	similar	prior	0.5
H1497	hbo:1497	he.has.robbed	H1500	hbo:1500	robbery	similar	high	0.987
H1497	hbo:1497	he.has.robbed	H1498	hbo:1498	robbery	similar	high	0.938
H1497	hbo:1497	he.has.robbed	H6233	hbo:6233	oppression	similar	high	0.862
H1498	hbo:1498	robbery	H1497	hbo:1497	he.has.robbed	similar	high	0.938
H1498	hbo:1498	robbery	H6233	hbo:6233	oppression	similar	high	0.883
H1498	hbo:1498	robbery	H2555	hbo:2555	violence	similar	prior	0.5
H1499	hbo:1499	robbery	H1497	hbo:1497	he.has.robbed	similar	prior	0.5
H1499	hbo:1499	robbery	H1498	hbo:1498	robbery	similar	prior	0.5
H1500	hbo:1500	robbery	H1497	hbo:1497	he.has.robbed	similar	high	0.987
H1500	hbo:1500	robbery	H1499	hbo:1499	robbery	similar	prior	0.5
H1501	hbo:1501	locust	H2625	hbo:2625	locust[s]	similar	high	0.865
H1501	hbo:1501	locust	H3218	hbo:3218	locust[s]	similar	high	0.8
H1501	hbo:1501	locust	H0697	hbo:0697	locust[s]	similar	high	0.761
H1503	hbo:1503	the.rootstock	H5342	hbo:5342	a.shoot	similar	high	0.848
H1503	hbo:1503	the.rootstock	H8328	hbo:8328	root	similar	high	0.801
H1503	hbo:1503	the.rootstock	H1494	hbo:1494	shearers	similar	prior	0.5
H1503	hbo:1503	the.rootstock	H6288	hbo:6288	branches	similar	prior	0.5
H1504	hbo:1504	cut	H7112	hbo:7112	[those.who.are].cut.off	similar	prior	0.5
H1504	hbo:1504	cut	H2782	hbo:2782	[that.which.has.been].determined	similar	prior	0.5
H1505	hbo:1505	astrologers	H2445	hbo:2445	the.wise.men	similar	prior	0.5
H1505	hbo:1505	astrologers	H1494	hbo:1494	shearers	similar	prior	0.5
H1506	hbo:1506	pieces	H1508	hbo:1508	the.separate.place	similar	prior	0.5
H1506	hbo:1506	pieces	H1509	hbo:1509	infertile	similar	prior	0.5
H1506	hbo:1506	pieces	H4037	hbo:4037	the.axes	similar	prior	0.5
H1506	hbo:1506	pieces	H1504	hbo:1504	cut	similar	prior	0.5
H1508	hbo:1508	the.separate.place	H4037	hbo:4037	the.axes	similar	prior	0.5
H1508	hbo:1508	the.separate.place	H1504	hbo:1504	cut	similar	prior	0.5
H1509	hbo:1509	infertile	H1504	hbo:1504	cut	similar	prior	0.5
H1509	hbo:1509	infertile	H4037	hbo:4037	the.axes	similar	prior	0.5
H1509	hbo:1509	infertile	H1508	hbo:1508	the.separate.place	similar	prior	0.5
H1510	hbo:1510	decree	H1505	hbo:1505	astrologers	similar	prior	0.5
H1513	hbo:1513	coals	H0784	hbo:0784	fire	similar	high	0.791
H1516	hbo:1516	valley	H1237	hbo:1237	the.valley	similar	high	0.873
H1516	hbo:1516	valley	H6010	hbo:6010	the.valley	similar	high	0.868
H1516	hbo:1516	valley	H5158	hbo:5158	the.wadi	similar	high	0.798
H1516	hbo:1516	valley	H2022	hbo:2022	the.mountain	antonym	recall	0.751
H1516	hbo:1516a	the.valley	H6010	hbo:6010	the.valley	similar	high	0.844
H1516	hbo:1516a	the.valley	H5158	hbo:5158	the.wadi	similar	high	0.815
H1516	hbo:1516e	of	H6010	hbo:6010	the.valley	similar	high	0.732
H1517	hbo:1517	tendons	H1320	hbo:1320	flesh	similar	high	0.601
H1517	hbo:1517	tendons	H6106	hbo:6106	bones	similar	high	0.546
H1523	hbo:1523	let.it.be.glad	H8055	hbo:8055	rejoice	similar	high	1.0
H1523	hbo:1523	let.it.be.glad	H7442	hbo:7442	shout.for.joy	similar	high	1.0
H1523	hbo:1523	let.it.be.glad	H7797	hbo:7797	he.will.rejoice	similar	high	0.988
H1523	hbo:1523	let.it.be.glad	H5937	hbo:5937	I.will.exult	similar	high	0.948
H1523	hbo:1523	let.it.be.glad	H5970	hbo:5970	may.they.exult	similar	high	0.786
H1523	hbo:1523	let.it.be.glad	H6670	hbo:6670	cry.aloud	similar	high	0.751
H1523	hbo:1523	let.it.be.glad	H1525	hbo:1525	gladness	similar	prior	0.6
H1523	hbo:1523	let.it.be.glad	H5965	hbo:5965	he.will.rejoice	similar	prior	0.5
H1523	hbo:1523	let.it.be.glad	H7445	hbo:7445	a.cry.of.joy	similar	prior	0.5
H1524	hbo:1524	rejoicing	H8057	hbo:8057	joy	similar	high	0.749
H1524	hbo:1524	rejoicing	H4885	hbo:4885	the.joy	similar	high	0.667
H1524	hbo:1524	rejoicing	H1525	hbo:1525	gladness	similar	prior	0.6
H1525	hbo:1525	gladness	H1524	hbo:1524	rejoicing	similar	prior	0.5
H1525	hbo:1525	gladness	H1523	hbo:1523	let.it.be.glad	similar	prior	0.5
H1530	hbo:1530	heap	H8510	hbo:8510	a.mound	similar	high	0.562
H1530	hbo:1530	heap	H8074	hbo:8074	he.will.be.appalled	similar	prior	0.5
H1530	hbo:1530	heap	H6194	hbo:6194	heaps	similar	prior	0.5
H1530	hbo:1530	heap	H2723	hbo:2723	ruins	similar	prior	0.5
H1530	hbo:1530	heap	H5327	hbo:5327a	ruined	similar	prior	0.5
H1530	hbo:1530	heap	H1538	hbo:1538	heads	similar	prior	0.5
H1530	hbo:1530	heap	H1561	hbo:1561	the.dung(s)	similar	prior	0.5
H1530	hbo:1530	heap	H1543	hbo:1543	springs	similar	prior	0.5
H1530	hbo:1530	heap	H1536	hbo:1536	the.wheel	similar	prior	0.5
H1530	hbo:1530	heap	H1557	hbo:1557	dung	similar	prior	0.5
H1530	hbo:1530a	waves	H4867	hbo:4867	breakers	similar	high	0.726
H1534	hbo:1534	wheel	H0212	hbo:0212	wheels	similar	high	0.73
H1534	hbo:1534	wheel	H1536	hbo:1536	the.wheel	similar	prior	0.5
H1534	hbo:1534	wheel	H1530	hbo:1530	heap	similar	prior	0.5
H1534	hbo:1534	wheel	H1557	hbo:1557	dung	similar	prior	0.5
H1534	hbo:1534	wheel	H4039	hbo:4039	scroll	similar	prior	0.5
H1534	hbo:1534	wheel	H1543	hbo:1543	springs	similar	prior	0.5
H1534	hbo:1534	wheel	H1550	hbo:1550	[were].revolving	similar	prior	0.5
H1534	hbo:1534	wheel	H1538	hbo:1538	heads	similar	prior	0.5
H1534	hbo:1534	wheel	H1561	hbo:1561	the.dung(s)	similar	prior	0.5
H1534	hbo:1534	wheel	H1556	hbo:1556	roll	similar	prior	0.5
H1534	hbo:1534	wheel	H1552	hbo:1552	the.territories	similar	prior	0.5
H1535	hbo:1535	wheels	H1534	hbo:1534	wheel	similar	prior	0.5
H1536	hbo:1536	the.wheel	H1538	hbo:1538	heads	similar	prior	0.5
H1536	hbo:1536	the.wheel	H1543	hbo:1543	springs	similar	prior	0.5
H1536	hbo:1536	the.wheel	H1556	hbo:1556	roll	similar	prior	0.5
H1536	hbo:1536	the.wheel	H1561	hbo:1561	the.dung(s)	similar	prior	0.5
H1538	hbo:1538	heads	H6936	hbo:6936	of.his.head	similar	prior	0.5
H1538	hbo:1538	heads	H4696	hbo:4696	forehead	similar	prior	0.5
H1538	hbo:1538	heads	H1556	hbo:1556	roll	similar	prior	0.5
H1538	hbo:1538	heads	H1561	hbo:1561	the.dung(s)	similar	prior	0.5
H1538	hbo:1538	heads	H1543	hbo:1543	springs	similar	prior	0.5
H1540	hbo:1540	you.will.uncover	H1473	hbo:1473	exile[s]	similar	high	0.797
H1540	hbo:1540	you.will.uncover	H1549	hbo:1549	mirrors	similar	prior	0.5
H1544	hbo:1544	idols	H0457	hbo:0457	idols	similar	high	0.769
H1544	hbo:1544	idols	H6456	hbo:6456	idols	similar	high	0.738
H1544	hbo:1544	idols	H2553	hbo:2553	altars	similar	high	0.684
H1544	hbo:1544	idols	H4656	hbo:4656	an.abominable.image	similar	prior	0.5
H1544	hbo:1544	idols	H1557	hbo:1557	dung	similar	prior	0.5
H1544	hbo:1544	idols	H1543	hbo:1543	springs	similar	prior	0.5
H1544	hbo:1544	idols	H1561	hbo:1561	the.dung(s)	similar	prior	0.5
H1544	hbo:1544	idols	H1538	hbo:1538	heads	similar	prior	0.5
H1544	hbo:1544	idols	H1530	hbo:1530	heap	similar	prior	0.5
H1544	hbo:1544	idols	H1556	hbo:1556	roll	similar	prior	0.5
H1544	hbo:1544	idols	H1552	hbo:1552	the.territories	similar	prior	0.5
H1544	hbo:1544	idols	H1550	hbo:1550	[were].revolving	similar	prior	0.5
H1544	hbo:1544	idols	H4039	hbo:4039	scroll	similar	prior	0.5
H1544	hbo:1544	idols	H1536	hbo:1536	the.wheel	similar	prior	0.5
H1544	hbo:1544	idols	H1534	hbo:1534	wheel	similar	prior	0.5
H1545	hbo:1545	garments	H1565	hbo:1565	barren	similar	prior	0.5
H1546	hbo:1546	the.exile[s]	H1473	hbo:1473	exile[s]	similar	high	1.0
H1546	hbo:1546	the.exile[s]	H7622	hbo:7622	the.captivity	similar	prior	0.5
H1546	hbo:1546	the.exile[s]	H7628	hbo:7628	captivity	similar	prior	0.5
H1547	hbo:1547	of	H1541	hbo:1541	[one.who].reveals	similar	prior	0.5
H1548	hbo:1548	he.will.shave	H1494	hbo:1494	shearers	similar	prior	0.5
H1549	hbo:1549	mirrors	H1546	hbo:1546	the.exile[s]	similar	prior	0.5
H1549	hbo:1549	mirrors	H1473	hbo:1473	exile[s]	similar	prior	0.5
H1550	hbo:1550	[were].revolving	H1557	hbo:1557	dung	similar	prior	0.5
H1550	hbo:1550	[were].revolving	H1552	hbo:1552	the.territories	similar	prior	0.5
H1550	hbo:1550	[were].revolving	H1530	hbo:1530	heap	similar	prior	0.5
H1550	hbo:1550	[were].revolving	H1536	hbo:1536	the.wheel	similar	prior	0.5
H1550	hbo:1550	[were].revolving	H1538	hbo:1538	heads	similar	prior	0.5
H1550	hbo:1550	[were].revolving	H1561	hbo:1561	the.dung(s)	similar	prior	0.5
H1550	hbo:1550	[were].revolving	H1543	hbo:1543	springs	similar	prior	0.5
H1550	hbo:1550	[were].revolving	H4039	hbo:4039	scroll	similar	prior	0.5
H1550	hbo:1550	[were].revolving	H1556	hbo:1556	roll	similar	prior	0.5
H1552	hbo:1552	the.territories	H1366	hbo:1366	border	similar	high	0.747
H1552	hbo:1552	the.territories	H0776	hbo:0776	the.land	similar	prior	0.5
H1552	hbo:1552	the.territories	H4082	hbo:4082	province	similar	prior	0.5
H1552	hbo:1552	the.territories	H1557	hbo:1557	dung	similar	prior	0.5
H1552	hbo:1552	the.territories	H1556	hbo:1556	roll	similar	prior	0.5
H1552	hbo:1552	the.territories	H1561	hbo:1561	the.dung(s)	similar	prior	0.5
H1552	hbo:1552	the.territories	H4039	hbo:4039	scroll	similar	prior	0.5
H1552	hbo:1552	the.territories	H1543	hbo:1543	springs	similar	prior	0.5
H1552	hbo:1552	the.territories	H1536	hbo:1536	the.wheel	similar	prior	0.5
H1552	hbo:1552	the.territories	H1530	hbo:1530	heap	similar	prior	0.5
H1552	hbo:1552	the.territories	H1538	hbo:1538	heads	similar	prior	0.5
H1556	hbo:1556	roll	H4039	hbo:4039	scroll	similar	prior	0.6
H1556	hbo:1556	roll	H5437	hbo:5437	they	similar	high	0.54
H1556	hbo:1556	roll	H6428	hbo:6428	they.will.roll	similar	prior	0.5
H1556	hbo:1556	roll	H1543	hbo:1543	springs	similar	prior	0.5
H1557	hbo:1557	dung	H1561	hbo:1561	the.dung(s)	similar	prior	0.5
H1557	hbo:1557	dung	H1536	hbo:1536	the.wheel	similar	prior	0.5
H1557	hbo:1557	dung	H1556	hbo:1556	roll	similar	prior	0.5
H1557	hbo:1557	dung	H1538	hbo:1538	heads	similar	prior	0.5
H1557	hbo:1557	dung	H1543	hbo:1543	springs	similar	prior	0.5
H1560	hbo:1560	of.rolling	H4040	hbo:4040	a.scroll	similar	prior	0.5
H1560	hbo:1560	of.rolling	H1535	hbo:1535	wheels	similar	prior	0.5
H1561	hbo:1561	the.dung(s)	H1543	hbo:1543	springs	similar	prior	0.5
H1561	hbo:1561	the.dung(s)	H1556	hbo:1556	roll	similar	prior	0.5
H1563	hbo:1563	he.folded.it.up	H1565	hbo:1565	barren	similar	prior	0.5
H1563	hbo:1563	he.folded.it.up	H1564	hbo:1564	form	similar	prior	0.5
H1563	hbo:1563	he.folded.it.up	H1545	hbo:1545	garments	similar	prior	0.5
H1564	hbo:1564	form	H1545	hbo:1545	garments	similar	prior	0.5
H1564	hbo:1564	form	H1565	hbo:1565	barren	similar	prior	0.5
H1566	hbo:1566	he.breaks.out	H7379	hbo:7379	case	similar	prior	0.5
H1573	hbo:1573	of.papyrus	H5488	hbo:5488	of.reed[s]	similar	prior	0.5
H1573	hbo:1573	of.papyrus	H0100	hbo:0100	bulrush	similar	prior	0.5
H1573	hbo:1573	of.papyrus	H8392	hbo:8392	ark	similar	prior	0.5
H1573	hbo:1573	of.papyrus	H0098	hbo:0098	pools	similar	prior	0.5
H1573	hbo:1573	of.papyrus	H1572	hbo:1572	give	similar	prior	0.5
H1576	hbo:1576	recompense	H1578	hbo:1578	reward	similar	high	0.805
H1576	hbo:1576	recompense	H1580	hbo:1580	he	similar	high	0.783
H1576	hbo:1576	recompense	H6467	hbo:6467	work	similar	high	0.679
H1576	hbo:1576	recompense	H8005	hbo:8005	retribution	similar	prior	0.5
H1576	hbo:1576	recompense	H8408	hbo:8408	benefits	similar	prior	0.5
H1576	hbo:1576	recompense	H1581	hbo:1581	camels	similar	prior	0.5
H1578	hbo:1578	reward	H1576	hbo:1576	recompense	similar	high	0.805
H1578	hbo:1578	reward	H8408	hbo:8408	benefits	similar	prior	0.5
H1580	hbo:1580	he	H7999	hbo:7999	he.will.repay	similar	high	0.8
H1580	hbo:1580	he	H1576	hbo:1576	recompense	similar	high	0.783
H1580	hbo:1580	he	H7725	hbo:7725	return	similar	prior	0.5
H1580	hbo:1580	he	H8408	hbo:8408	benefits	similar	prior	0.5
H1580	hbo:1580	he	H1581	hbo:1581	camels	similar	prior	0.5
H1581	hbo:1581	camels	H2543	hbo:2543	donkey	similar	high	0.898
H1581	hbo:1581	camels	H5483	hbo:5483	horses	similar	high	0.675
H1581	hbo:1581	camels	H1578	hbo:1578	reward	similar	prior	0.5
H1581	hbo:1581	camels	H8408	hbo:8408	benefits	similar	prior	0.5
H1588	hbo:1588	the.garden	H1593	hbo:1593	gardens	similar	high	1.0
H1588	hbo:1588	the.garden	H6508	hbo:6508	parks	similar	high	0.576
H1588	hbo:1588	the.garden	H3657	hbo:3657	root	similar	prior	0.5
H1588	hbo:1588	the.garden	H4044	hbo:4044	shamelessness	similar	prior	0.5
H1588	hbo:1588	the.garden	H4042	hbo:4042	he.has.delivered	similar	prior	0.5
H1588	hbo:1588	the.garden	H1598	hbo:1598	I.will.defend	similar	prior	0.5
H1588	hbo:1588	the.garden	H4043	hbo:4043	shield	similar	prior	0.5
H1589	hbo:1589	she.stole	H1590	hbo:1590	thief	similar	high	1.0
H1589	hbo:1589	she.stole	H1497	hbo:1497	he.has.robbed	similar	high	0.59
H1589	hbo:1589	she.stole	H1591	hbo:1591	his.thing	similar	prior	0.5
H1590	hbo:1590	thief	H1589	hbo:1589	she.stole	similar	high	1.0
H1590	hbo:1590	thief	H6530	hbo:6530	of.the.violent.ones	similar	prior	0.5
H1590	hbo:1590	thief	H1497	hbo:1497	he.has.robbed	similar	prior	0.5
H1590	hbo:1590	thief	H1591	hbo:1591	his.thing	similar	prior	0.5
H1593	hbo:1593	gardens	H1588	hbo:1588	the.garden	similar	high	1.0
H1593	hbo:1593	gardens	H6508	hbo:6508	parks	similar	high	0.615
H1593	hbo:1593	gardens	H4302	hbo:4302	its.planting	similar	prior	0.5
H1593	hbo:1593	gardens	H4043	hbo:4043	shield	similar	prior	0.5
H1593	hbo:1593	gardens	H4044	hbo:4044	shamelessness	similar	prior	0.5
H1593	hbo:1593	gardens	H1598	hbo:1598	I.will.defend	similar	prior	0.5
H1593	hbo:1593	gardens	H4042	hbo:4042	he.has.delivered	similar	prior	0.5
H1598	hbo:1598	I.will.defend	H5337	hbo:5337	deliver	similar	prior	0.5
H1598	hbo:1598	I.will.defend	H4042	hbo:4042	he.has.delivered	similar	prior	0.5
H1598	hbo:1598	I.will.defend	H4043	hbo:4043	shield	similar	prior	0.5
H1598	hbo:1598	I.will.defend	H4044	hbo:4044	shamelessness	similar	prior	0.5
H1602	hbo:1602	it.will.abhor	H3988	hbo:3988	you.have.rejected	similar	high	0.618
H1602	hbo:1602	it.will.abhor	H1604	hbo:1604	the.loathing	similar	prior	0.6
H1602	hbo:1602	it.will.abhor	H8581	hbo:8581	they	similar	prior	0.5
H1602	hbo:1602	it.will.abhor	H0887	hbo:0887	it.stank	similar	prior	0.5
H1602	hbo:1602	it.will.abhor	H5361	hbo:5361	it.had.been.alienated	similar	prior	0.5
H1604	hbo:1604	the.loathing	H1602	hbo:1602	it.will.abhor	similar	prior	0.5
H1605	hbo:1605	he.rebuked	H1606	hbo:1606	rebuke	similar	prior	0.6
H1605	hbo:1605	he.rebuked	H2778	hbo:2778	taunt	similar	prior	0.5
H1605	hbo:1605	he.rebuked	H4045	hbo:4045	rebuke	similar	prior	0.5
H1606	hbo:1606	rebuke	H8433	hbo:8433a	rebuke	similar	high	0.754
H1606	hbo:1606	rebuke	H4045	hbo:4045	rebuke	similar	prior	0.5
H1612	hbo:1612	vine	H8384	hbo:8384	figs	similar	high	0.888
H1612	hbo:1612	vine	H3754	hbo:3754	vineyards	similar	high	0.75
H1612	hbo:1612	vine	H3196	hbo:3196	wine	similar	prior	0.5
H1614	hbo:1614	sulfur	H0784	hbo:0784	fire	similar	high	0.7
H1616	hbo:1616	sojourner	H1481	hbo:1481	sojourn	similar	high	1.0
H1616	hbo:1616	sojourner	H8453	hbo:8453	a.resident.alien	similar	high	1.0
H1616	hbo:1616	sojourner	H0249	hbo:0249	native-born	antonym	recall	0.763
H1616	hbo:1616	sojourner	H5236	hbo:5236	of.foreignness	similar	prior	0.5
H1616	hbo:1616	sojourner	H1628	hbo:1628	Geruth	similar	prior	0.5
H1618	hbo:1618	a.festering.rash	H5597	hbo:5597	flaking.skin	similar	prior	0.5
H1618	hbo:1618	a.festering.rash	H6879	hbo:6879	having.a.skin.disease	similar	prior	0.5
H1620	hbo:1620	olives	H4050	hbo:4050	saw	similar	prior	0.5
H1620	hbo:1620	olives	H1626	hbo:1626	gerah[s]	similar	prior	0.5
H1621	hbo:1621	neck(s)	H6677	hbo:6677	neck	similar	prior	0.5
H1621	hbo:1621	neck(s)	H1620	hbo:1620	olives	similar	prior	0.5
H1621	hbo:1621	neck(s)	H4050	hbo:4050	saw	similar	prior	0.5
H1621	hbo:1621	neck(s)	H1626	hbo:1626	gerah[s]	similar	prior	0.5
H1622	hbo:1622	Girgashite[s]	H6522	hbo:6522	Perizzite[s]	similar	high	1.0
H1622	hbo:1622	Girgashite[s]	H2340	hbo:2340	Hivite[s]	similar	high	1.0
H1622	hbo:1622	Girgashite[s]	H2850	hbo:2850	Hittite[s]	similar	high	0.945
H1622	hbo:1622	Girgashite[s]	H3669	hbo:3669	Canaanite[s]	similar	high	0.858
H1622	hbo:1622	Girgashite[s]	H2983	hbo:2983	Jebusite[s]	similar	high	0.839
H1622	hbo:1622	Girgashite[s]	H0567	hbo:0567	the.Amorite[s]	similar	high	0.791
H1624	hbo:1624	engage.in.strife	H4066	hbo:4066	strife	similar	high	0.748
H1624	hbo:1624	engage.in.strife	H2740	hbo:2740	the.burning	similar	prior	0.6
H1624	hbo:1624	engage.in.strife	H2734	hbo:2734	it.burned	similar	prior	0.6
H1624	hbo:1624	engage.in.strife	H4683	hbo:4683	contention	similar	prior	0.5
H1624	hbo:1624	engage.in.strife	H7379	hbo:7379	case	similar	prior	0.5
H1624	hbo:1624	engage.in.strife	H5327	hbo:5327	they.struggled.together	similar	prior	0.5
H1624	hbo:1624	engage.in.strife	H7378	hbo:7378	conduct.a.case	similar	prior	0.5
H1624	hbo:1624	engage.in.strife	H1627	hbo:1627	throat	similar	prior	0.5
H1625	hbo:1625	(of).cud	H1621	hbo:1621	neck(s)	similar	prior	0.5
H1625	hbo:1625	(of).cud	H4050	hbo:4050	saw	similar	prior	0.5
H1625	hbo:1625	(of).cud	H1626	hbo:1626	gerah[s]	similar	prior	0.5
H1625	hbo:1625	(of).cud	H1620	hbo:1620	olives	similar	prior	0.5
H1626	hbo:1626	gerah[s]	H8255	hbo:8255	the.shekel	similar	high	1.0
H1626	hbo:1626	gerah[s]	H4488	hbo:4488	minas	similar	high	0.698
H1626	hbo:1626	gerah[s]	H3603	hbo:3603	talent[s]	similar	high	0.654
H1627	hbo:1627	throat	H1621	hbo:1621	neck(s)	similar	high	0.566
H1627	hbo:1627	throat	H6677	hbo:6677	neck	similar	prior	0.5
H1627	hbo:1627	throat	H6203	hbo:6203	neck	similar	prior	0.5
H1633	hbo:1633	you.will.break	H4803	hbo:4803	[it.is].polished	similar	prior	0.5
H1633	hbo:1633	you.will.break	H1634	hbo:1634	the.bone	similar	prior	0.5
H1638	hbo:1638	he.has.broken	H1643	hbo:1643	groats	similar	prior	0.5
H1639	hbo:1639	it.will.be.withdrawn	H4052	hbo:4052	ledges	similar	prior	0.5
H1639	hbo:1639	it.will.be.withdrawn	H3254	hbo:3254	he.repeated	antonym	recall	0.456
H1640	hbo:1640	it	H0106	hbo:0106	a.fist	similar	prior	0.5
H1640	hbo:1640	it	H4053	hbo:4053	shovels	similar	prior	0.5
H1641	hbo:1641	sawn	H1500	hbo:1500	robbery	similar	prior	0.5
H1641	hbo:1641	sawn	H1621	hbo:1621	neck(s)	similar	prior	0.5
H1641	hbo:1641	sawn	H1620	hbo:1620	olives	similar	prior	0.5
H1641	hbo:1641	sawn	H1626	hbo:1626	gerah[s]	similar	prior	0.5
H1641	hbo:1641	sawn	H4050	hbo:4050	saw	similar	prior	0.5
H1644	hbo:1644	I	H1920	hbo:1920	he	similar	high	0.566
H1644	hbo:1644	I	H3318	hbo:3318	he.went.out	similar	high	0.552
H1644	hbo:1644	I	H3748	hbo:3748	of.divorce	similar	prior	0.5
H1644	hbo:1644	I	H7971	hbo:7971	he.sent	similar	prior	0.5
H1644	hbo:1644	I	H3423	hbo:3423	take	similar	prior	0.5
H1644	hbo:1644	I	H5080	hbo:5080	I	similar	prior	0.5
H1644	hbo:1644	I	H1646	hbo:1646	eviction(s)	similar	prior	0.5
H1644	hbo:1644	I	H1645	hbo:1645	of.[the].yield	similar	prior	0.5
H1644	hbo:1644	I	H4054	hbo:4054	lands	similar	prior	0.5
H1646	hbo:1646	eviction(s)	H1645	hbo:1645	of.[the].yield	similar	prior	0.5
H1651	hbo:1651	Geshurite[s]	H4602	hbo:4602	Maacathite[s]	similar	high	0.968
H1652	hbo:1652	[those.who].send.rain	H1653	hbo:1653	rain	similar	prior	0.6
H1653	hbo:1653	rain	H4306	hbo:4306	rain	similar	high	1.0
H1653	hbo:1653	rain	H4456	hbo:4456	spring.rain	similar	high	0.868
H1653	hbo:1653	rain	H2919	hbo:2919	dew	similar	high	0.753
H1653	hbo:1653	rain	H7241	hbo:7241	showers	similar	high	0.749
H1653	hbo:1653	rain	H5645	hbo:5645	clouds	similar	high	0.716
H1653	hbo:1653	rain	H1259	hbo:1259	hail	similar	high	0.709
H1653	hbo:1653	rain	H4305	hbo:4305	he.rained.down	similar	high	0.655
H1656	hbo:1656	rain	H1653	hbo:1653	rain	similar	prior	0.5
H1656	hbo:1656	rain	H1652	hbo:1652	[those.who].send.rain	similar	prior	0.5
H1660	hbo:1660	a.winepress	H3342	hbo:3342	winepress	similar	high	0.622
H1670	hbo:1670	dismay	H1669	hbo:1669	become.faint	similar	prior	0.5
H1671	hbo:1671	despair	H1670	hbo:1670	dismay	similar	prior	0.5
H1671	hbo:1671	despair	H1669	hbo:1669	become.faint	similar	prior	0.5
H1672	hbo:1672	he.will.be.anxious	H1674	hbo:1674	anxiety	similar	prior	0.5
H1674	hbo:1674	anxiety	H6343	hbo:6343	dread	similar	prior	0.5
H1674	hbo:1674	anxiety	H1091	hbo:1091	sudden.terror(s)	similar	prior	0.5
H1674	hbo:1674	anxiety	H3372	hbo:3372	be.afraid	similar	prior	0.5
H1675	hbo:1675	it.swoops.down	H5404	hbo:5404	eagle	similar	high	0.684
H1675	hbo:1675	it.swoops.down	H5774	hbo:5774	flying	similar	high	0.664
H1675	hbo:1675	it.swoops.down	H7363	hbo:7363	it.hovers	similar	high	0.554
H1676	hbo:1676	kite	H1675	hbo:1675	it.swoops.down	similar	prior	0.5
H1676	hbo:1676	kite	H5404	hbo:5404	eagle	similar	prior	0.5
H1676	hbo:1676	kite	H1772	hbo:1772	kite	similar	prior	0.5
H1677	hbo:1677	bear	H0738	hbo:0738	lions	similar	high	0.655
H1677	hbo:1677	bear	H0738	hbo:0738a	a.lion	similar	high	0.615
H1677	hbo:1677	bear	H2416	hbo:2416d	life	similar	prior	0.5
H1677	hbo:1677	bear	H2061	hbo:2061	wolf	similar	prior	0.5
H1677	hbo:1677	bear	H1680	hbo:1680	[which].flows.gently	similar	prior	0.5
H1677	hbo:1677	bear	H1681	hbo:1681	[the].whispering	similar	prior	0.5
H1681	hbo:1681	[the].whispering	H1680	hbo:1680	[which].flows.gently	similar	prior	0.5
H1682	hbo:1682	bees	H6880	hbo:6880	hornet	similar	prior	0.5
H1682	hbo:1682	bees	H1696	hbo:1696	he.spoke	similar	prior	0.5
H1682	hbo:1682	bees	H1702	hbo:1702	rafts	similar	prior	0.5
H1682	hbo:1682	bees	H1700	hbo:1700	the.cause	similar	prior	0.5
H1682	hbo:1682	bees	H1703	hbo:1703	words	similar	prior	0.5
H1684	hbo:1684	[they.were].sacrificing	H1685	hbo:1685	sacrifices	similar	prior	0.5
H1687	hbo:1687	room	H1696	hbo:1696	he.spoke	similar	prior	0.5
H1687	hbo:1687	room	H1682	hbo:1682	bees	similar	prior	0.5
H1687	hbo:1687	room	H1700	hbo:1700	the.cause	similar	prior	0.5
H1687	hbo:1687	room	H1703	hbo:1703	words	similar	prior	0.5
H1687	hbo:1687	room	H1702	hbo:1702	rafts	similar	prior	0.5
H1687	hbo:1687	room	H1698	hbo:1698	pestilence	similar	prior	0.5
H1690	hbo:1690	fig.cakes	H6778	hbo:6778	bunches.of.raisins	similar	high	0.91
H1690	hbo:1690	fig.cakes	H8384	hbo:8384	figs	similar	high	0.695
H1692	hbo:1692	it.clings	H1695	hbo:1695	[was].touching	similar	prior	0.5
H1694	hbo:1694	scales	H1692	hbo:1692	it.clings	similar	prior	0.5
H1694	hbo:1694	scales	H1695	hbo:1695	[was].touching	similar	prior	0.5
H1695	hbo:1695	[was].touching	H1692	hbo:1692	it.clings	similar	prior	0.6
H1695	hbo:1695	[was].touching	H6775	hbo:6775	[was].fastened	similar	prior	0.5
H1695	hbo:1695	[was].touching	H5060	hbo:5060	who].touches	similar	prior	0.5
H1696	hbo:1696	he.spoke	H0559	hbo:0559	he.said	similar	high	1.0
H1696	hbo:1696	he.spoke	H6680	hbo:6680	he.had.commanded	similar	high	0.947
H1696	hbo:1696	he.spoke	H6030	hbo:6030	he.answered	similar	high	0.742
H1696	hbo:1696	he.spoke	H0561	hbo:0561	words	similar	prior	0.5
H1696	hbo:1696	he.spoke	H1702	hbo:1702	rafts	similar	prior	0.5
H1696	hbo:1696	he.spoke	H1703	hbo:1703	words	similar	prior	0.5
H1696	hbo:1696a	she.destroyed	H7878	hbo:7878	I.will.meditate	similar	prior	0.5
H1697	hbo:1697	the.word	H5612	hbo:5612	the.scroll	similar	high	0.79
H1697	hbo:1697	the.word	H4617	hbo:4617	an.answer	similar	prior	0.5
H1697	hbo:1697	the.word	H4405	hbo:4405	words	similar	prior	0.5
H1697	hbo:1697	the.word	H4687	hbo:4687	commandments	similar	prior	0.5
H1697	hbo:1697	the.word	H5016	hbo:5016	prophecy	similar	prior	0.5
H1697	hbo:1697	the.word	H0562	hbo:0562	a.word	similar	prior	0.5
H1697	hbo:1697	the.word	H6098	hbo:6098	counsel	similar	prior	0.5
H1697	hbo:1697	the.word	H4745	hbo:4745	fate	similar	prior	0.5
H1697	hbo:1697	the.word	H0561	hbo:0561	words	similar	prior	0.5
H1697	hbo:1697	the.word	H1702	hbo:1702	rafts	similar	prior	0.5
H1697	hbo:1697	the.word	H1698	hbo:1698	pestilence	similar	prior	0.5
H1697	hbo:1697	the.word	H1703	hbo:1703	words	similar	prior	0.5
H1697	hbo:1697	the.word	H1682	hbo:1682	bees	similar	prior	0.5
H1697	hbo:1697	the.word	H1687	hbo:1687	room	similar	prior	0.5
H1697	hbo:1697	the.word	H1699	hbo:1699	their.own	similar	prior	0.5
H1698	hbo:1698	pestilence	H7458	hbo:7458	famine	similar	high	0.97
H1698	hbo:1698	pestilence	H2721	hbo:2721	heat	similar	prior	0.5
H1698	hbo:1698	pestilence	H5063	hbo:5063	a.plague	similar	prior	0.5
H1698	hbo:1698	pestilence	H7565	hbo:7565	flames	similar	prior	0.5
H1698	hbo:1698	pestilence	H6986	hbo:6986	destruction	similar	prior	0.5
H1698	hbo:1698	pestilence	H4245	hbo:4245	sickness	similar	prior	0.5
H1698	hbo:1698	pestilence	H1703	hbo:1703	words	similar	prior	0.5
H1698	hbo:1698	pestilence	H1696	hbo:1696	he.spoke	similar	prior	0.5
H1698	hbo:1698	pestilence	H1682	hbo:1682	bees	similar	prior	0.5
H1698	hbo:1698	pestilence	H1702	hbo:1702	rafts	similar	prior	0.5
H1698	hbo:1698	pestilence	H1700	hbo:1700	the.cause	similar	prior	0.5
H1699	hbo:1699	their.own	H5116	hbo:5116	habitation	similar	prior	0.5
H1699	hbo:1699	their.own	H1703	hbo:1703	words	similar	prior	0.5
H1699	hbo:1699	their.own	H1687	hbo:1687	room	similar	prior	0.5
H1699	hbo:1699	their.own	H1682	hbo:1682	bees	similar	prior	0.5
H1699	hbo:1699	their.own	H1698	hbo:1698	pestilence	similar	prior	0.5
H1699	hbo:1699	their.own	H1700	hbo:1700	the.cause	similar	prior	0.5
H1699	hbo:1699	their.own	H1696	hbo:1696	he.spoke	similar	prior	0.5
H1699	hbo:1699	their.own	H1702	hbo:1702	rafts	similar	prior	0.5
H1700	hbo:1700	the.cause	H1697	hbo:1697	the.word	similar	high	0.82
H1700	hbo:1700	the.cause	H1701	hbo:1701	[the].cause	similar	prior	0.6
H1702	hbo:1702	rafts	H1703	hbo:1703	words	similar	prior	0.5
H1702	hbo:1702	rafts	H1700	hbo:1700	the.cause	similar	prior	0.5
H1703	hbo:1703	words	H1700	hbo:1700	the.cause	similar	prior	0.5
H1706	hbo:1706	honey	H2461	hbo:2461	of.milk	similar	high	1.0
H1706	hbo:1706	honey	H5317	hbo:5317	honey	similar	high	0.722
H1706	hbo:1706	honey	H6688	hbo:6688	[are].a.honeycomb	similar	prior	0.5
H1706	hbo:1706	honey	H1707	hbo:1707	[the].hump	similar	prior	0.5
H1709	hbo:1709	the.fish(es)	H1710	hbo:1710	fish	similar	high	1.0
H1709	hbo:1709	the.fish(es)	H5775	hbo:5775	the.bird[s]	similar	high	0.841
H1709	hbo:1709	the.fish(es)	H7431	hbo:7431	thing	similar	high	0.801
H1709	hbo:1709	the.fish(es)	H2416	hbo:2416c	the.animal[s]	similar	high	0.732
H1709	hbo:1709	the.fish(es)	H0929	hbo:0929	livestock	similar	high	0.654
H1709	hbo:1709	the.fish(es)	H1771	hbo:1771	fishermen	similar	prior	0.5
H1709	hbo:1709	the.fish(es)	H1770	hbo:1770	they	similar	prior	0.5
H1709	hbo:1709	the.fish(es)	H1729	hbo:1729	of.fishing	similar	prior	0.5
H1709	hbo:1709	the.fish(es)	H1711	hbo:1711	may.they.multiply	similar	prior	0.5
H1709	hbo:1709	the.fish(es)	H1728	hbo:1728	fishermen	similar	prior	0.5
H1710	hbo:1710	fish	H1709	hbo:1709	the.fish(es)	similar	high	1.0
H1710	hbo:1710	fish	H1728	hbo:1728	fishermen	similar	prior	0.5
H1710	hbo:1710	fish	H1770	hbo:1770	they	similar	prior	0.5
H1710	hbo:1710	fish	H1711	hbo:1711	may.they.multiply	similar	prior	0.5
H1710	hbo:1710	fish	H1771	hbo:1771	fishermen	similar	prior	0.5
H1710	hbo:1710	fish	H1729	hbo:1729	of.fishing	similar	prior	0.5
H1713	hbo:1713a	banners	H1714	hbo:1714	the.standard	similar	prior	0.5
H1714	hbo:1714	the.standard	H0226	hbo:0226	signs	similar	prior	0.5
H1714	hbo:1714	the.standard	H5251	hbo:5251	a.standard	similar	prior	0.5
H1715	hbo:1715	grain	H8492	hbo:8492	new.wine	similar	high	1.0
H1715	hbo:1715	grain	H3323	hbo:3323	oil	similar	high	0.971
H1715	hbo:1715	grain	H8393	hbo:8393	produce	similar	high	0.673
H1715	hbo:1715	grain	H7668	hbo:7668	grain	similar	prior	0.5
H1715	hbo:1715	grain	H7054	hbo:7054	standing.grain	similar	prior	0.5
H1715	hbo:1715	grain	H2406	hbo:2406	wheat(s)	similar	prior	0.5
H1715	hbo:1715	grain	H7641	hbo:7641	of.grain	similar	prior	0.5
H1717	hbo:1717	the.nipples	H7699	hbo:7699	breasts	similar	high	0.669
H1722	hbo:1722	of.(the)	H3702	hbo:3702	(the)	similar	high	1.0
H1725	hbo:1725	galloping	H8410	hbo:8410	elm[s]	similar	prior	0.5
H1726	hbo:1726	galloping	H1725	hbo:1725	galloping	similar	prior	0.5
H1726	hbo:1726	galloping	H8410	hbo:8410	elm[s]	similar	prior	0.5
H1728	hbo:1728	fishermen	H1710	hbo:1710	fish	similar	prior	0.6
H1728	hbo:1728	fishermen	H1771	hbo:1771	fishermen	similar	prior	0.5
H1728	hbo:1728	fishermen	H1729	hbo:1729	of.fishing	similar	prior	0.5
H1728	hbo:1728	fishermen	H1711	hbo:1711	may.they.multiply	similar	prior	0.5
H1729	hbo:1729	of.fishing	H2053	hbo:2053	hooks	similar	prior	0.6
H1729	hbo:1729	of.fishing	H1710	hbo:1710	fish	similar	prior	0.6
H1729	hbo:1729	of.fishing	H1711	hbo:1711	may.they.multiply	similar	prior	0.5
H1729	hbo:1729	of.fishing	H1771	hbo:1771	fishermen	similar	prior	0.5
H1730	hbo:1730	lover	H3039	hbo:3039	my.beloved	similar	high	0.823
H1730	hbo:1730	lover	H0157	hbo:0157	love	similar	prior	0.5
H1730	hbo:1730	lover	H0160	hbo:0160	love	similar	prior	0.5
H1730	hbo:1730	lover	H7453	hbo:7453	neighbor	similar	prior	0.5
H1730	hbo:1730	lover	H1733	hbo:1733	aunt	similar	prior	0.5
H1730	hbo:1730	lover	H1731	hbo:1731	baskets	similar	prior	0.5
H1730	hbo:1730	lover	H1736	hbo:1736	the.mandrakes	similar	prior	0.5
H1731	hbo:1731	baskets	H6517	hbo:6517	pot	similar	high	0.606
H1731	hbo:1731	baskets	H2935	hbo:2935	basket	similar	prior	0.5
H1731	hbo:1731	baskets	H6357	hbo:6357	a.topaz	similar	prior	0.5
H1733	hbo:1733	aunt	H0269	hbo:0269	sister	similar	high	0.691
H1733	hbo:1733	aunt	H1730	hbo:1730	lover	similar	prior	0.5
H1733	hbo:1733	aunt	H1731	hbo:1731	baskets	similar	prior	0.5
H1736	hbo:1736	the.mandrakes	H1733	hbo:1733	aunt	similar	prior	0.5
H1736	hbo:1736	the.mandrakes	H1731	hbo:1731	baskets	similar	prior	0.5
H1738	hbo:1738	of	H1739	hbo:1739	faint	similar	prior	0.5
H1738	hbo:1738	of	H1742	hbo:1742	[is].faint	similar	prior	0.5
H1738	hbo:1738	of	H1773	hbo:1773	ink	similar	prior	0.5
H1739	hbo:1739	faint	H5079	hbo:5079	impurity	similar	high	0.56
H1739	hbo:1739	faint	H2931	hbo:2931	unclean	similar	high	0.508
H1739	hbo:1739	faint	H1742	hbo:1742	[is].faint	similar	prior	0.5
H1739	hbo:1739	faint	H1741	hbo:1741	the.illness	similar	prior	0.5
H1739	hbo:1739	faint	H1773	hbo:1773	ink	similar	prior	0.5
H1739	hbo:1739	faint	H1738	hbo:1738	of	similar	prior	0.5
H1739	hbo:1739	faint	H4064	hbo:4064	the.diseases	similar	prior	0.5
H1740	hbo:1740	people.rinsed	H7364	hbo:7364	he.will.wash	similar	high	0.501
H1740	hbo:1740	people.rinsed	H3526	hbo:3526	he.will.wash	similar	high	0.492
H1741	hbo:1741	the.illness	H1739	hbo:1739	faint	similar	prior	0.6
H1741	hbo:1741	the.illness	H1742	hbo:1742	[is].faint	similar	prior	0.5
H1741	hbo:1741	the.illness	H1738	hbo:1738	of	similar	prior	0.5
H1741	hbo:1741	the.illness	H1773	hbo:1773	ink	similar	prior	0.5
H1742	hbo:1742	[is].faint	H2470	hbo:2470	he.became.sick	similar	prior	0.5
H1743	hbo:1743	they.pounded	H4085	hbo:4085	mortar	similar	prior	0.5
H1745	hbo:1745	silence	H1826	hbo:1826	be.still	similar	prior	0.6
H1745	hbo:1745	silence	H1826	hbo:1826b	that.we.may.perish	similar	prior	0.6
H1745	hbo:1745	silence	H1747	hbo:1747	silence	similar	prior	0.5
H1752	hbo:1752	pile.up	H4070	hbo:4070	your.dwelling	similar	prior	0.6
H1753	hbo:1753	the.inhabitants	H1859	hbo:1859	generation	similar	prior	0.5
H1755	hbo:1755	a.generation	H5769	hbo:5769	of.perpetuity	similar	high	1.0
H1755	hbo:1755	a.generation	H8435	hbo:8435	genealogies	similar	prior	0.5
H1755	hbo:1755	a.generation	H1471	hbo:1471	nations	similar	prior	0.5
H1755	hbo:1755	a.generation	H1752	hbo:1752	pile.up	similar	prior	0.5
H1758	hbo:1758	thresh	H1854	hbo:1854	he.pulverized.[it]	similar	high	0.617
H1758	hbo:1758	thresh	H1759	hbo:1759	it	similar	prior	0.6
H1758	hbo:1758	thresh	H2251	hbo:2251	you.will.beat	similar	prior	0.5
H1758	hbo:1758	thresh	H1637	hbo:1637	the.threshing.floor	similar	prior	0.5
H1758	hbo:1758	thresh	H0947	hbo:0947	kicking.about	similar	prior	0.5
H1758	hbo:1758	thresh	H1786	hbo:1786	threshing	similar	prior	0.5
H1758	hbo:1758	thresh	H1788	hbo:1788	an.ibex	similar	prior	0.5
H1758	hbo:1758	thresh	H4098	hbo:4098	my.threshed.one	similar	prior	0.5
H1760	hbo:1760	he.is.pushed.down	H5080	hbo:5080a	he.will.thrust	similar	prior	0.5
H1760	hbo:1760	he.is.pushed.down	H7993	hbo:7993	he.threw	similar	prior	0.5
H1760	hbo:1760	he.is.pushed.down	H1644	hbo:1644a	it.will.be.tossed	similar	prior	0.5
H1760	hbo:1760	he.is.pushed.down	H4072	hbo:4072	calamity	similar	prior	0.5
H1762	hbo:1762	stumbling	H4072	hbo:4072	calamity	similar	prior	0.5
H1762	hbo:1762	stumbling	H1760	hbo:1760	he.is.pushed.down	similar	prior	0.5
H1765	hbo:1765	he.hurried.himself	H4116	hbo:4116	hurry	similar	prior	0.5
H1765	hbo:1765	he.hurried.himself	H0213	hbo:0213	[one.who].hastens	similar	prior	0.5
H1765	hbo:1765	he.hurried.himself	H0926	hbo:0926	they	similar	prior	0.5
H1765	hbo:1765	he.hurried.himself	H2363	hbo:2363	make	similar	prior	0.5
H1765	hbo:1765	he.hurried.himself	H4073	hbo:4073	blows	similar	prior	0.5
H1770	hbo:1770	they	H1729	hbo:1729	of.fishing	similar	prior	0.5
H1770	hbo:1770	they	H1728	hbo:1728	fishermen	similar	prior	0.5
H1770	hbo:1770	they	H1771	hbo:1771	fishermen	similar	prior	0.5
H1770	hbo:1770	they	H1711	hbo:1711	may.they.multiply	similar	prior	0.5
H1771	hbo:1771	fishermen	H1728	hbo:1728	fishermen	similar	prior	0.6
H1771	hbo:1771	fishermen	H1710	hbo:1710	fish	similar	prior	0.6
H1771	hbo:1771	fishermen	H1711	hbo:1711	may.they.multiply	similar	prior	0.5
H1772	hbo:1772	kite	H1675	hbo:1675	it.swoops.down	similar	prior	0.5
H1773	hbo:1773	ink	H1742	hbo:1742	[is].faint	similar	prior	0.5
H1777	hbo:1777	he.will.judge	H8199	hbo:8199	judges	similar	high	0.945
H1777	hbo:1777	he.will.judge	H6664	hbo:6664	righteousness	similar	high	0.777
H1777	hbo:1777	he.will.judge	H4066	hbo:4066	strife	similar	prior	0.5
H1777	hbo:1777	he.will.judge	H1781	hbo:1781	judge	similar	prior	0.5
H1777	hbo:1777	he.will.judge	H4082	hbo:4082	province	similar	prior	0.5
H1777	hbo:1777	he.will.judge	H4079	hbo:4079	of.contentions	similar	prior	0.5
H1777	hbo:1777	he.will.judge	H4090	hbo:4090	contentions	similar	prior	0.5
H1779	hbo:1779	judgment	H4941	hbo:4941	justice	similar	high	0.887
H1779	hbo:1779	judgment	H7379	hbo:7379	case	similar	prior	0.5
H1779	hbo:1779	judgment	H4082	hbo:4082	province	similar	prior	0.5
H1780	hbo:1780	the	H1778	hbo:1778	judging	similar	prior	0.5
H1781	hbo:1781	judge	H6414	hbo:6414	assessments	similar	prior	0.5
H1781	hbo:1781	judge	H4079	hbo:4079	of.contentions	similar	prior	0.5
H1781	hbo:1781	judge	H4082	hbo:4082	province	similar	prior	0.5
H1781	hbo:1781	judge	H1779	hbo:1779	judgment	similar	prior	0.5
H1782	hbo:1782	judges	H1784	hbo:1784	[the]	similar	prior	0.5
H1782	hbo:1782	judges	H4083	hbo:4083	the.province	similar	prior	0.5
H1782	hbo:1782	judges	H1778	hbo:1778	judging	similar	prior	0.5
H1782	hbo:1782	judges	H1780	hbo:1780	the	similar	prior	0.5
H1784	hbo:1784	[the]	H1780	hbo:1780	the	similar	prior	0.5
H1784	hbo:1784	[the]	H1778	hbo:1778	judging	similar	prior	0.5
H1785	hbo:1785	a.siege-work	H5550	hbo:5550	a.mound	similar	high	0.87
H1785	hbo:1785	a.siege-work	H4674	hbo:4674	siege-works	similar	prior	0.5
H1788	hbo:1788	an.ibex	H4098	hbo:4098	my.threshed.one	similar	prior	0.5
H1788	hbo:1788	an.ibex	H1786	hbo:1786	threshing	similar	prior	0.5
H1790	hbo:1790	oppressed	H6041	hbo:6041	poor	similar	high	0.776
H1790	hbo:1790	oppressed	H1792	hbo:1792	they.are.crushed	similar	high	0.664
H1791	hbo:1791	this	H1836	hbo:1836	this	similar	high	0.921
H1791	hbo:1791	this	H1668	hbo:1668	this.[one]	similar	prior	0.5
H1791	hbo:1791	this	H1797	hbo:1797	this	similar	prior	0.5
H1792	hbo:1792	they.are.crushed	H1790	hbo:1790	oppressed	similar	high	0.664
H1792	hbo:1792	they.are.crushed	H1796	hbo:1796	pounding	similar	prior	0.6
H1792	hbo:1792	they.are.crushed	H1795	hbo:1795	of.crushing	similar	prior	0.6
H1792	hbo:1792	they.are.crushed	H7779	hbo:7779	he	similar	prior	0.5
H1792	hbo:1792	they.are.crushed	H5218	hbo:5218a	stricken	similar	prior	0.5
H1792	hbo:1792	they.are.crushed	H7533	hbo:7533	crushed	similar	prior	0.5
H1792	hbo:1792	they.are.crushed	H7602	hbo:7602a	who].trample	similar	prior	0.5
H1793	hbo:1793	a.[person].crushed	H1792	hbo:1792	they.are.crushed	similar	prior	0.6
H1793	hbo:1793	a.[person].crushed	H1795	hbo:1795	of.crushing	similar	prior	0.6
H1793	hbo:1793	a.[person].crushed	H7533	hbo:7533	crushed	similar	prior	0.5
H1793	hbo:1793	a.[person].crushed	H3807	hbo:3807	they.will.beat	similar	prior	0.5
H1793	hbo:1793	a.[person].crushed	H6031	hbo:6031b	of.singing	similar	prior	0.5
H1794	hbo:1794	he.is.crushed	H1796	hbo:1796	pounding	similar	prior	0.6
H1794	hbo:1794	he.is.crushed	H1792	hbo:1792	they.are.crushed	similar	prior	0.6
H1795	hbo:1795	of.crushing	H1790	hbo:1790	oppressed	similar	prior	0.5
H1798	hbo:1798	rams	H0563	hbo:0563	lambs	similar	high	1.0
H1799	hbo:1799a	of	H1798	hbo:1798	rams	similar	prior	0.5
H1800	hbo:1800	poor.[people]	H6041	hbo:6041	poor	similar	high	1.0
H1800	hbo:1800	poor.[people]	H0034	hbo:0034	needy	similar	high	1.0
H1800	hbo:1800	poor.[people]	H7326	hbo:7326	[one.who.is].poor	similar	high	1.0
H1800	hbo:1800	poor.[people]	H6223	hbo:6223	a.rich.[person]	antonym	recall	0.694
H1800	hbo:1800	poor.[people]	H8217	hbo:8217	lowly	similar	prior	0.5
H1800	hbo:1800	poor.[people]	H4542	hbo:4542	poor	similar	prior	0.5
H1801	hbo:1801	I.leap.over	H7540	hbo:7540	they	similar	prior	0.5
H1801	hbo:1801	I.leap.over	H6452	hbo:6452	I.will.pass.over	similar	prior	0.5
H1802	hbo:1802	they.drew	H7579	hbo:7579	they.drew	similar	prior	0.5
H1802	hbo:1802	they.drew	H5375	hbo:5375	lift.up	similar	prior	0.5
H1802	hbo:1802	they.drew	H1808	hbo:1808	branches	similar	prior	0.5
H1803	hbo:1803a	of.the.poor.people	H6041	hbo:6041	poor	similar	prior	0.5
H1803	hbo:1803a	of.the.poor.people	H1800	hbo:1800	poor.[people]	similar	prior	0.5
H1804	hbo:1804	it	H7515	hbo:7515	you.fouled	similar	high	0.549
H1804	hbo:1804	it	H0535	hbo:0535	it.has.languished	similar	prior	0.5
H1805	hbo:1805	a.bucket	H1808	hbo:1808	branches	similar	prior	0.5
H1805	hbo:1805	a.bucket	H1802	hbo:1802	they.drew	similar	prior	0.5
H1808	hbo:1808	branches	H6288	hbo:6288	branches	similar	high	0.871
H1808	hbo:1808	branches	H5342	hbo:5342	a.shoot	similar	prior	0.5
H1809	hbo:1809	it.will.become.low	H8213	hbo:8213	it.will.become.low	similar	prior	0.5
H1811	hbo:1811	it.leaks	H1812	hbo:1812	a.dripping	similar	prior	0.6
H1811	hbo:1811	it.leaks	H5140	hbo:5140	let.them.flow	similar	prior	0.5
H1812	hbo:1812	a.dripping	H1811	hbo:1811	it.leaks	similar	prior	0.5
H1814	hbo:1814	hotly.pursuing	H7291	hbo:7291	they.pursued	similar	prior	0.5
H1814	hbo:1814	hotly.pursuing	H1816	hbo:1816	inflammation	similar	prior	0.5
H1817	hbo:1817	doors	H1280	hbo:1280	bars	similar	high	0.846
H1817	hbo:1817	doors	H4201	hbo:4201	doorposts	similar	high	0.797
H1817	hbo:1817	doors	H1805	hbo:1805	a.bucket	similar	prior	0.5
H1817	hbo:1817	doors	H1802	hbo:1802	they.drew	similar	prior	0.5
H1817	hbo:1817	doors	H1808	hbo:1808	branches	similar	prior	0.5
H1818	hbo:1818	blood	H5315	hbo:5315	self	similar	prior	0.5
H1819	hbo:1819	will	H4911	hbo:4911	speak.a.parable	similar	prior	0.5
H1819	hbo:1819	will	H2420	hbo:2420	riddle	similar	prior	0.5
H1819	hbo:1819	will	H2803	hbo:2803	he	similar	prior	0.5
H1819	hbo:1819	will	H1825	hbo:1825	likeness	similar	prior	0.5
H1819	hbo:1819	will	H1823	hbo:1823	the.likeness	similar	prior	0.5
H1822	hbo:1822	one.silenced	H1827	hbo:1827	a.whisper	similar	prior	0.5
H1823	hbo:1823	the.likeness	H8403	hbo:8403	a.likeness	similar	high	0.863
H1823	hbo:1823	the.likeness	H4758	hbo:4758	appearance	similar	high	0.78
H1823	hbo:1823	the.likeness	H1825	hbo:1825	likeness	similar	prior	0.5
H1824	hbo:1824	rest	H2677	hbo:2677	the.half	similar	prior	0.5
H1824	hbo:1824	rest	H8432	hbo:8432	the.midst	similar	prior	0.5
H1826	hbo:1826	be.still	H2814	hbo:2814	be.silent	similar	high	0.694
H1826	hbo:1826	be.still	H1747	hbo:1747	silence	similar	prior	0.6
H1826	hbo:1826	be.still	H1827	hbo:1827	a.whisper	similar	prior	0.5
H1826	hbo:1826	be.still	H1822	hbo:1822	one.silenced	similar	prior	0.5
H1827	hbo:1827	a.whisper	H1826	hbo:1826b	that.we.may.perish	similar	prior	0.6
H1828	hbo:1828	dung	H4087	hbo:4087	a.dung.hill	similar	prior	0.6
H1831	hbo:1831	juice	H1832	hbo:1832	tear[s]	similar	prior	0.5
H1831	hbo:1831	juice	H1830	hbo:1830	bitterly.(weep)	similar	prior	0.5
H1832	hbo:1832	tear[s]	H1065	hbo:1065	weeping	similar	high	0.672
H1832	hbo:1832	tear[s]	H4553	hbo:4553	wailing	similar	prior	0.5
H1832	hbo:1832	tear[s]	H1830	hbo:1830	bitterly.(weep)	similar	prior	0.5
H1836	hbo:1836	this	H1797	hbo:1797	this	similar	prior	0.5
H1836	hbo:1836	this	H1668	hbo:1668	this.[one]	similar	prior	0.5
H1843	hbo:1843	knowledge	H1847	hbo:1847	knowledge	similar	prior	0.6
H1843	hbo:1843	knowledge	H4093	hbo:4093	knowledge	similar	prior	0.6
H1843	hbo:1843	knowledge	H0998	hbo:0998	understanding	similar	prior	0.5
H1843	hbo:1843	knowledge	H2451	hbo:2451	wisdom	similar	prior	0.5
H1844	hbo:1844	knowledge	H1847	hbo:1847	knowledge	similar	high	0.982
H1844	hbo:1844	knowledge	H1843	hbo:1843	knowledge	similar	prior	0.6
H1844	hbo:1844	knowledge	H4093	hbo:4093	knowledge	similar	prior	0.6
H1844	hbo:1844	knowledge	H4486	hbo:4486	understanding	similar	prior	0.6
H1844	hbo:1844	knowledge	H2451	hbo:2451	wisdom	similar	prior	0.5
H1844	hbo:1844	knowledge	H4129	hbo:4129	a.relative	similar	prior	0.5
H1846	hbo:1846	it.is.extinguished	H4743	hbo:4743	they.will.rot.away	similar	prior	0.5
H1846	hbo:1846	it.is.extinguished	H5255	hbo:5255	you.will.be.torn.away	similar	prior	0.5
H1847	hbo:1847	knowledge	H8394	hbo:8394	understanding	similar	high	0.966
H1847	hbo:1847	knowledge	H2451	hbo:2451	wisdom	similar	high	0.949
H1847	hbo:1847	knowledge	H0998	hbo:0998	understanding	similar	high	0.895
H1847	hbo:1847	knowledge	H0200	hbo:0200	foolishness	antonym	recall	0.746
H1847	hbo:1847	knowledge	H4093	hbo:4093	knowledge	similar	prior	0.6
H1847	hbo:1847	knowledge	H3045	hbo:3045	you.will.know	similar	prior	0.6
H1847	hbo:1847	knowledge	H4130	hbo:4130	relative	similar	prior	0.5
H1847	hbo:1847	knowledge	H3049	hbo:3049	soothsayers	similar	prior	0.5
H1847	hbo:1847	knowledge	H1843	hbo:1843	knowledge	similar	prior	0.5
H1847	hbo:1847	knowledge	H4129	hbo:4129	a.relative	similar	prior	0.5
H1849	hbo:1849	people	H5065	hbo:5065	taskmasters	similar	prior	0.5
H1851	hbo:1851	thin	H7534	hbo:7534	thin	similar	high	0.779
H1851	hbo:1851	thin	H1277	hbo:1277	fat	antonym	recall	0.566
H1851	hbo:1851	thin	H1854	hbo:1854	he.pulverized.[it]	similar	prior	0.5
H1852	hbo:1852	curtain	H1851	hbo:1851	thin	similar	prior	0.5
H1852	hbo:1852	curtain	H1854	hbo:1854	he.pulverized.[it]	similar	prior	0.5
H1854	hbo:1854	he.pulverized.[it]	H3807	hbo:3807	they.will.beat	similar	high	0.632
H1854	hbo:1854	he.pulverized.[it]	H1758	hbo:1758	thresh	similar	high	0.617
H1854	hbo:1854	he.pulverized.[it]	H1851	hbo:1851	thin	similar	prior	0.5
H1854	hbo:1854	he.pulverized.[it]	H1743	hbo:1743	they.pounded	similar	prior	0.5
H1856	hbo:1856	pierced.through	H5055	hbo:5055	it.will.gore	similar	prior	0.5
H1856	hbo:1856	pierced.through	H5344	hbo:5344	they.had.been.designated	similar	prior	0.5
H1858	hbo:1858	mother-of-pearl	H1863	hbo:1863	thistle[s]	similar	prior	0.5
H1858	hbo:1858	mother-of-pearl	H1864	hbo:1864	the.south	similar	prior	0.5
H1858	hbo:1858	mother-of-pearl	H1866	hbo:1866	swallow	similar	prior	0.5
H1863	hbo:1863	thistle[s]	H6975	hbo:6975	thorns	similar	prior	0.5
H1864	hbo:1864	the.south	H6828	hbo:6828	northward	antonym	recall	0.81
H1864	hbo:1864	the.south	H1863	hbo:1863	thistle[s]	similar	prior	0.5
H1864	hbo:1864	the.south	H1866	hbo:1866	swallow	similar	prior	0.5
H1866	hbo:1866	swallow	H1863	hbo:1863	thistle[s]	similar	prior	0.5
H1869	hbo:1869	[one.who].treads	H7198	hbo:7198	bow	similar	high	0.671
H1869	hbo:1869	[one.who].treads	H6806	hbo:6806	steps	similar	prior	0.5
H1869	hbo:1869	[one.who].treads	H4703	hbo:4703	[the].steps	similar	prior	0.5
H1869	hbo:1869	[one.who].treads	H5148	hbo:5148	he	similar	prior	0.5
H1869	hbo:1869	[one.who].treads	H3384	hbo:3384a	[which].it.waters	similar	prior	0.5
H1869	hbo:1869	[one.who].treads	H1871	hbo:1871	drachmas	similar	prior	0.5
H1870	hbo:1870	way	H0734	hbo:0734	path	similar	high	0.921
H1870	hbo:1870	way	H4546	hbo:4546	highway	similar	high	0.854
H1870	hbo:1870	way	H1980	hbo:1980	go	similar	high	0.799
H1870	hbo:1870	way	H5410	hbo:5410	paths	similar	high	0.795
H1870	hbo:1870	way	H4096	hbo:4096	a.treading.place	similar	prior	0.5
H1870	hbo:1870	way	H1871	hbo:1871	drachmas	similar	prior	0.5
H1872	hbo:1872	arms	H0153	hbo:0153	force	similar	prior	0.5
H1875	hbo:1875	seek	H1245	hbo:1245	seek	similar	high	1.0
H1875	hbo:1875	seek	H7592	hbo:7592	ask	similar	high	0.825
H1875	hbo:1875	seek	H2713	hbo:2713	explore	similar	high	0.727
H1875	hbo:1875	seek	H8446	hbo:8446	spy.out	similar	prior	0.5
H1876	hbo:1876	let.it.sprout	H1877	hbo:1877	fresh.grass	similar	prior	0.6
H1876	hbo:1876	let.it.sprout	H5929	hbo:5929	leafage	similar	prior	0.5
H1877	hbo:1877	fresh.grass	H2682	hbo:2682	grass	similar	high	1.0
H1877	hbo:1877	fresh.grass	H6212	hbo:6212	vegetation	similar	high	1.0
H1877	hbo:1877	fresh.grass	H3418	hbo:3418	greenery	similar	high	0.902
H1877	hbo:1877	fresh.grass	H1876	hbo:1876	let.it.sprout	similar	prior	0.5
H1878	hbo:1878	he.will.be.made.fat	H1277	hbo:1277	fat	similar	prior	0.5
H1879	hbo:1879	fat	H8082	hbo:8082	fertile	similar	high	0.52
H1879	hbo:1879	fat	H1878	hbo:1878	he.will.be.made.fat	similar	prior	0.5
H1880	hbo:1880	fatness	H4924	hbo:4924	fat.places	similar	prior	0.5
H1880	hbo:1880	fatness	H8081	hbo:8081	oil	similar	prior	0.5
H1880	hbo:1880	fatness	H0665	hbo:0665	ash[es]	similar	prior	0.5
H1880	hbo:1880	fatness	H1879	hbo:1879	fat	similar	prior	0.5
H1880	hbo:1880	fatness	H1878	hbo:1878	he.will.be.made.fat	similar	prior	0.5
H1881	hbo:1881	law	H2706	hbo:2706	statutes	similar	prior	0.5
H1882	hbo:1882	the	H2942	hbo:2942	a.decree	similar	prior	0.5
H1882	hbo:1882	the	H8451	hbo:8451	law	similar	prior	0.5
H1882	hbo:1882	the	H6600	hbo:6600	the	similar	prior	0.5
H1882	hbo:1882	the	H7010	hbo:7010	the.statute	similar	prior	0.5
H1890	hbo:1890	my.gifts	H3053	hbo:3053	burden	similar	prior	0.5
H1892	hbo:1892	[is].futility	H7723	hbo:7723	worthlessness	similar	high	0.859
H1892	hbo:1892	[is].futility	H4671	hbo:4671	chaff	similar	prior	0.5
H1892	hbo:1892	[is].futility	H7386	hbo:7386	empty	similar	prior	0.5
H1899	hbo:1899	moaning	H1897	hbo:1897	it.will.utter	similar	prior	0.6
H1899	hbo:1899	moaning	H3013	hbo:3013	he.has.caused.grief	similar	prior	0.6
H1899	hbo:1899	moaning	H3015	hbo:3015	sorrow	similar	prior	0.6
H1899	hbo:1899	moaning	H1065	hbo:1065	weeping	similar	prior	0.5
H1899	hbo:1899	moaning	H5091	hbo:5091a	they.mourned	similar	prior	0.5
H1899	hbo:1899	moaning	H0602	hbo:0602	are].groaning	similar	prior	0.5
H1899	hbo:1899	moaning	H1902	hbo:1902	muttering	similar	prior	0.5
H1899	hbo:1899	moaning	H1900	hbo:1900	the.meditation	similar	prior	0.5
H1900	hbo:1900	the.meditation	H1897	hbo:1897	it.will.utter	similar	prior	0.5
H1902	hbo:1902	muttering	H1897	hbo:1897	it.will.utter	similar	high	0.657
H1902	hbo:1902	muttering	H7878	hbo:7878	I.will.meditate	similar	prior	0.5
H1902	hbo:1902	muttering	H1900	hbo:1900	the.meditation	similar	prior	0.5
H1905	hbo:1905	Hagrites	H3459	hbo:3459	Ishmaelites	similar	high	0.671
H1906	hbo:1906	a.shout.of.joy	H1959	hbo:1959	shouting	similar	prior	0.6
H1916	hbo:1916	the.footstool	H7272	hbo:7272	feet	similar	high	0.666
H1916	hbo:1916	the.footstool	H3678	hbo:3678	throne	similar	prior	0.5
H1918	hbo:1918	trees	H0730	hbo:0730	of.cedar(s)	similar	high	0.635
H1918	hbo:1918	trees	H1265	hbo:1265	of.cypresses	similar	prior	0.5
H1920	hbo:1920	he	H7971	hbo:7971	he.sent	similar	prior	0.5
H1920	hbo:1920	he	H5080	hbo:5080	I	similar	prior	0.5
H1921	hbo:1921	you.will.honor	H1925	hbo:1925	[the].splendor	similar	prior	0.6
H1921	hbo:1921	you.will.honor	H1926	hbo:1926	majesty	similar	prior	0.6
H1921	hbo:1921	you.will.honor	H6286	hbo:6286	beautify	similar	prior	0.5
H1921	hbo:1921	you.will.honor	H3513	hbo:3513	it.was.heavy	similar	prior	0.5
H1923	hbo:1923	of	H2122	hbo:2122	brightness(es)	similar	high	0.735
H1923	hbo:1923	of	H1922	hbo:1922	I.glorified	similar	prior	0.5
H1925	hbo:1925	[the].splendor	H1926	hbo:1926	majesty	similar	prior	0.6
H1926	hbo:1926	majesty	H1935	hbo:1935	splendor	similar	high	1.0
H1926	hbo:1926	majesty	H8597	hbo:8597	splendor	similar	high	0.9
H1926	hbo:1926	majesty	H1927	hbo:1927	adornment	similar	high	0.827
H1926	hbo:1926	majesty	H3519	hbo:3519	glory	similar	high	0.719
H1926	hbo:1926	majesty	H3520	hbo:3520	glorious	similar	prior	0.5
H1926	hbo:1926	majesty	H1925	hbo:1925	[the].splendor	similar	prior	0.5
H1927	hbo:1927	adornment	H1926	hbo:1926	majesty	similar	high	0.827
H1927	hbo:1927	adornment	H3519	hbo:3519	glory	similar	high	0.675
H1927	hbo:1927	adornment	H1935	hbo:1935	splendor	similar	high	0.655
H1927	hbo:1927	adornment	H8597	hbo:8597	splendor	similar	prior	0.5
H1927	hbo:1927	adornment	H1925	hbo:1925	[the].splendor	similar	prior	0.5
H1927	hbo:1927	adornment	H1921	hbo:1921	you.will.honor	similar	prior	0.5
H1933	hbo:1933a	become	H1942	hbo:1942	desire	similar	prior	0.5
H1933	hbo:1933a	become	H1943	hbo:1943	disaster	similar	prior	0.5
H1934	hbo:1934	it.will.be	H0383	hbo:0383	there	similar	high	0.994
H1935	hbo:1935	splendor	H1926	hbo:1926	majesty	similar	high	1.0
H1935	hbo:1935	splendor	H8597	hbo:8597	splendor	similar	high	0.946
H1935	hbo:1935	splendor	H3519	hbo:3519	glory	similar	high	0.764
H1935	hbo:1935	splendor	H1927	hbo:1927	adornment	similar	high	0.655
H1935	hbo:1935	splendor	H3366	hbo:3366	honor	similar	prior	0.5
H1935	hbo:1935	splendor	H3308	hbo:3308	beauty	similar	prior	0.5
H1942	hbo:1942	desire	H7451	hbo:7451	evil	similar	prior	0.5
H1942	hbo:1942	desire	H1943	hbo:1943	disaster	similar	prior	0.5
H1942	hbo:1942a	destruction(s)	H0343	hbo:0343	their.disaster	similar	prior	0.5
H1942	hbo:1942a	destruction(s)	H4875	hbo:4875	desolation	similar	prior	0.5
H1942	hbo:1942a	destruction(s)	H7722	hbo:7722a	devastation	similar	prior	0.5
H1943	hbo:1943	disaster	H6843	hbo:6843	doom	similar	prior	0.5
H1943	hbo:1943	disaster	H7451	hbo:7451b	evil	similar	prior	0.5
H1943	hbo:1943	disaster	H0343	hbo:0343	their.disaster	similar	prior	0.5
H1943	hbo:1943	disaster	H6869	hbo:6869	trouble	similar	high	0.494
H1943	hbo:1943	disaster	H7722	hbo:7722a	devastation	similar	high	0.474
H1947	hbo:1947	madness(es)	H5531	hbo:5531	folly	similar	high	1.0
H1947	hbo:1947	madness(es)	H2451	hbo:2451	wisdom	antonym	recall	0.658
H1947	hbo:1947	madness(es)	H1948	hbo:1948	[is].madness	similar	prior	0.6
H1947	hbo:1947	madness(es)	H1974	hbo:1974	rejoicings	similar	prior	0.5
H1947	hbo:1947	madness(es)	H8416	hbo:8416	praise	similar	prior	0.5
H1947	hbo:1947	madness(es)	H1984	hbo:1984a	praise	similar	prior	0.5
H1947	hbo:1947	madness(es)	H4110	hbo:4110	his.praise	similar	prior	0.5
H1948	hbo:1948	[is].madness	H8416	hbo:8416	praise	similar	prior	0.5
H1948	hbo:1948	[is].madness	H1974	hbo:1974	rejoicings	similar	prior	0.5
H1948	hbo:1948	[is].madness	H4110	hbo:4110	his.praise	similar	prior	0.5
H1948	hbo:1948	[is].madness	H1984	hbo:1984a	praise	similar	prior	0.5
H1949	hbo:1949	it.was.stirred	H4103	hbo:4103	confusion	similar	prior	0.5
H1952	hbo:1952	wealth	H6223	hbo:6223	a.rich.[person]	similar	high	0.852
H1952	hbo:1952	wealth	H6239	hbo:6239	wealth	similar	prior	0.5
H1952	hbo:1952	wealth	H1951	hbo:1951	you.regarded.as.easy	similar	prior	0.5
H1959	hbo:1959	shouting	H6670	hbo:6670	cry.aloud	similar	high	0.536
H1959	hbo:1959	shouting	H7321	hbo:7321	shout.for.joy	similar	prior	0.5
H1961	hbo:1961	it.was	H1933	hbo:1933a	become	similar	prior	0.5
H1961	hbo:1961	it.was	H2224	hbo:2224	it.rises	similar	prior	0.5
H1964	hbo:1964	the.temple	H1004	hbo:1004	the.house	similar	high	0.819
H1964	hbo:1964	the.temple	H0759	hbo:0759	fortresses	similar	prior	0.5
H1964	hbo:1964	the.temple	H1055	hbo:1055	the.palace	similar	prior	0.5
H1965	hbo:1965	the	H1964	hbo:1964	the.temple	similar	prior	0.6
H1966	hbo:1966	O.shining.one	H1984	hbo:1984a	praise	similar	prior	0.5
H1969	hbo:1969	hin	H0374	hbo:0374	ephah	similar	high	0.932
H1969	hbo:1969	hin	H3849	hbo:3849	a.log	similar	high	0.897
H1971	hbo:1971	the.expression	H5234	hbo:5234	he	similar	prior	0.5
H1974	hbo:1974	rejoicings	H8416	hbo:8416	praise	similar	prior	0.5
H1974	hbo:1974	rejoicings	H1984	hbo:1984a	praise	similar	prior	0.5
H1978	hbo:1978	steps	H1980	hbo:1980	go	similar	prior	0.6
H1978	hbo:1978	steps	H4703	hbo:4703	[the].steps	similar	prior	0.5
H1979	hbo:1979	goings	H0734	hbo:0734	path	similar	high	0.625
H1979	hbo:1979	goings	H1978	hbo:1978	steps	similar	prior	0.6
H1979	hbo:1979	goings	H1980	hbo:1980	go	similar	prior	0.6
H1979	hbo:1979	goings	H1870	hbo:1870	way	similar	prior	0.5
H1979	hbo:1979	goings	H4794	hbo:4794	the.running	similar	prior	0.5
H1979	hbo:1979	goings	H4570	hbo:4570a	tracks	similar	prior	0.5
H1979	hbo:1979	goings	H8418	hbo:8418	processions	similar	prior	0.5
H1979	hbo:1979	goings	H4109	hbo:4109	a.journey	similar	prior	0.5
H1979	hbo:1979	goings	H1982	hbo:1982	a.flowing	similar	prior	0.5
H1980	hbo:1980	go	H7725	hbo:7725	return	similar	high	0.835
H1980	hbo:1980	go	H1870	hbo:1870	way	similar	high	0.799
H1980	hbo:1980	go	H0935	hbo:0935	he.came	similar	high	0.778
H1980	hbo:1980	go	H7323	hbo:7323	he.ran	similar	high	0.755
H1980	hbo:1980	go	H7971	hbo:7971	he.sent	similar	high	0.75
H1980	hbo:1980	go	H5066	hbo:5066	he.drew.near	similar	high	0.735
H1980	hbo:1980	go	H7751	hbo:7751	[are].roving.about	similar	prior	0.5
H1980	hbo:1980	go	H6805	hbo:6805	marched	similar	prior	0.5
H1980	hbo:1980	go	H6275	hbo:6275	he.moved.on	similar	prior	0.5
H1980	hbo:1980	go	H1481	hbo:1481	sojourn	similar	prior	0.5
H1980	hbo:1980	go	H4550	hbo:4550	journeyings	similar	prior	0.5
H1980	hbo:1980	go	H0857	hbo:0857	come	similar	prior	0.5
H1980	hbo:1980	go	H5265	hbo:5265	they.set.out	similar	prior	0.5
H1980	hbo:1980	go	H4109	hbo:4109	a.journey	similar	prior	0.5
H1980	hbo:1980	go	H1978	hbo:1978	steps	similar	prior	0.5
H1980	hbo:1980	go	H1982	hbo:1982	a.flowing	similar	prior	0.5
H1980	hbo:1980	go	H8418	hbo:8418	processions	similar	prior	0.5
H1981	hbo:1981	walking	H1946	hbo:1946	it.will.go	similar	prior	0.5
H1982	hbo:1982	a.flowing	H1978	hbo:1978	steps	similar	prior	0.5
H1983	hbo:1983	toll	H1093	hbo:1093	tax	similar	high	1.0
H1983	hbo:1983	toll	H1946	hbo:1946	it.will.go	similar	prior	0.5
H1983	hbo:1983	toll	H1981	hbo:1981	walking	similar	prior	0.5
H1984	hbo:1984a	praise	H3034	hbo:3034	give.thanks	similar	high	1.0
H1984	hbo:1984a	praise	H8416	hbo:8416	praise	similar	high	1.0
H1984	hbo:1984a	praise	H2167	hbo:2167	sing.praises	similar	high	0.979
H1984	hbo:1984a	praise	H7623	hbo:7623	boast	similar	high	0.868
H1984	hbo:1984a	praise	H7442	hbo:7442	shout.for.joy	similar	high	0.805
H1984	hbo:1984a	praise	H7697	hbo:7697	madness	similar	prior	0.5
H1984	hbo:1984b	he.makes.look.foolish	H0954	hbo:0954	they.will.be.ashamed	antonym	recall	0.607
H1984	hbo:1984b	he.makes.look.foolish	H2659	hbo:2659	may.they.be.abashed	antonym	recall	0.54
H1984	hbo:1984b	he.makes.look.foolish	H3313	hbo:3313	he.shone.forth	similar	prior	0.5
H1984	hbo:1984b	he.makes.look.foolish	H7696	hbo:7696	behaving.like.a.madman	similar	prior	0.5
H1986	hbo:1986	they	H4205	hbo:4205	sore[s]	similar	prior	0.6
H1986	hbo:1986	they	H5221	hbo:5221	he	similar	prior	0.5
H1986	hbo:1986	they	H3807	hbo:3807	they.will.beat	similar	prior	0.5
H1986	hbo:1986	they	H4272	hbo:4272	he.smashes	similar	prior	0.5
H1989	hbo:1989	a.hammer	H4112	hbo:4112	beatings	similar	prior	0.5
H1989	hbo:1989	a.hammer	H1986	hbo:1986	they	similar	prior	0.5
H1993	hbo:1993	they	H1897	hbo:1897	it.will.utter	similar	prior	0.5
H1993	hbo:1993	they	H6963	hbo:6963	voice	similar	prior	0.5
H1993	hbo:1993	they	H7582	hbo:7582	make.desolate	similar	prior	0.5
H1993	hbo:1993	they	H1949	hbo:1949	it.was.stirred	similar	prior	0.5
H1993	hbo:1993	they	H1998	hbo:1998	the.sound	similar	prior	0.5
H1993	hbo:1993	they	H1995	hbo:1995	multitude	similar	prior	0.5
H1995	hbo:1995	multitude	H7588	hbo:7588	uproar	similar	high	0.713
H1998	hbo:1998	the.sound	H1995	hbo:1995	multitude	similar	prior	0.6
H2000	hbo:2000	he	H5916	hbo:5916	[who].troubled	similar	prior	0.5
H2000	hbo:2000	he	H4103	hbo:4103	confusion	similar	prior	0.5
H2000	hbo:2000	he	H7533	hbo:7533	crushed	similar	prior	0.5
H2000	hbo:2000	he	H2865	hbo:2865	be.dismayed	similar	prior	0.5
H2000	hbo:2000	he	H0926	hbo:0926	they	similar	prior	0.5
H2010	hbo:2010	a.holiday	H4494	hbo:4494	a.resting.place	similar	prior	0.5
H2010	hbo:2010	a.holiday	H5183	hbo:5183a	quietness	similar	prior	0.5
H2010	hbo:2010	a.holiday	H5117	hbo:5117	he	similar	prior	0.5
H2010	hbo:2010	a.holiday	H5118	hbo:5118	your.resting	similar	prior	0.5
H2010	hbo:2010	a.holiday	H4496	hbo:4496	rest	similar	prior	0.5
H2010	hbo:2010	a.holiday	H5207	hbo:5207	of.soothing	similar	prior	0.5
H2014	hbo:2014	stop(s)	H6314	hbo:6314	rest	similar	prior	0.6
H2015	hbo:2015	he.turned	H2019	hbo:2019	[is].crooked	similar	prior	0.6
H2015	hbo:2015	he.turned	H2016	hbo:2016	contrariness	similar	prior	0.6
H2015	hbo:2015	he.turned	H8419	hbo:8419	perverse.things	similar	prior	0.6
H2015	hbo:2015	he.turned	H5186	hbo:5186	incline	similar	high	0.515
H2015	hbo:2015	he.turned	H6617	hbo:6617	you.show.yourself.twisted	similar	prior	0.5
H2015	hbo:2015	he.turned	H5428	hbo:5428	pluck.up	similar	prior	0.5
H2015	hbo:2015	he.turned	H6141	hbo:6141	a.perverse.[person]	similar	prior	0.5
H2015	hbo:2015	he.turned	H4114	hbo:4114	the.overthrow	similar	prior	0.5
H2015	hbo:2015	he.turned	H2040	hbo:2040	he	similar	prior	0.5
H2015	hbo:2015	he.turned	H2498	hbo:2498	he.changed	similar	prior	0.5
H2015	hbo:2015	he.turned	H6437	hbo:6437	turn	similar	prior	0.5
H2015	hbo:2015	he.turned	H1556	hbo:1556	roll	similar	prior	0.5
H2015	hbo:2015	he.turned	H5557	hbo:5557	it.perverts	similar	prior	0.5
H2015	hbo:2015	he.turned	H4775	hbo:4775	he.rebelled	similar	prior	0.5
H2015	hbo:2015	he.turned	H5437	hbo:5437	they	similar	prior	0.5
H2015	hbo:2015	he.turned	H2018	hbo:2018	the.overthrow	similar	prior	0.5
H2016	hbo:2016	contrariness	H8419	hbo:8419	perverse.things	similar	prior	0.6
H2016	hbo:2016	contrariness	H2019	hbo:2019	[is].crooked	similar	prior	0.6
H2018	hbo:2018	the.overthrow	H2016	hbo:2016	contrariness	similar	prior	0.5
H2018	hbo:2018	the.overthrow	H2019	hbo:2019	[is].crooked	similar	prior	0.5
H2018	hbo:2018	the.overthrow	H8419	hbo:8419	perverse.things	similar	prior	0.5
H2019	hbo:2019	[is].crooked	H2016	hbo:2016	contrariness	similar	prior	0.5
H2020	hbo:2020	deliverance	H5337	hbo:5337	deliver	similar	prior	0.5
H2022	hbo:2022	the.mountain	H1389	hbo:1389	hills	similar	high	0.91
H2022	hbo:2022	the.mountain	H1516	hbo:1516	valley	antonym	recall	0.751
H2022	hbo:2022	the.mountain	H6010	hbo:6010	the.valley	antonym	recall	0.582
H2022	hbo:2022	the.mountain	H5553	hbo:5553	rock	similar	prior	0.5
H2025	hbo:2025	hearth	H0691	hbo:0691	their.valiant.one	similar	prior	0.5
H2026	hbo:2026	kill	H5221	hbo:5221	he	similar	high	0.926
H2026	hbo:2026	kill	H4191	hbo:4191	he.died	similar	high	0.903
H2026	hbo:2026	kill	H2491	hbo:2491	slain	similar	high	0.611
H2026	hbo:2026	kill	H2028	hbo:2028	slaughter	similar	prior	0.5
H2027	hbo:2027	slaughter	H2028	hbo:2028	slaughter	similar	prior	0.6
H2027	hbo:2027	slaughter	H2874	hbo:2874	slaughter	similar	prior	0.5
H2027	hbo:2027	slaughter	H4194	hbo:4194	death	similar	prior	0.5
H2027	hbo:2027	slaughter	H7523	hbo:7523	killer	similar	prior	0.5
H2028	hbo:2028	slaughter	H2026	hbo:2026	kill	similar	prior	0.6
H2029	hbo:2029	she.conceived	H2030	hbo:2030	[will.be].pregnant	similar	high	0.918
H2029	hbo:2029	she.conceived	H3205	hbo:3205	he.fathered	similar	high	0.737
H2029	hbo:2029	she.conceived	H3179	hbo:3179	they.were.in.heat	similar	prior	0.5
H2030	hbo:2030	[will.be].pregnant	H2029	hbo:2029	she.conceived	similar	high	0.918
H2034	hbo:2034	ruins	H2035	hbo:2035	your.destruction	similar	prior	0.5
H2040	hbo:2040	he	H5422	hbo:5422	they.pulled.down	similar	high	0.824
H2040	hbo:2040	he	H2034	hbo:2034	ruins	similar	prior	0.6
H2040	hbo:2040	he	H6209	hbo:6209	they.laid.bare	similar	prior	0.5
H2040	hbo:2040	he	H5062	hbo:5062	it.was.defeated	similar	prior	0.5
H2040	hbo:2040	he	H4229	hbo:4229	wipe.out	similar	prior	0.5
H2040	hbo:2040	he	H7843	hbo:7843	destroy	similar	prior	0.5
H2040	hbo:2040	he	H2035	hbo:2035	your.destruction	similar	prior	0.5
H2040	hbo:2040	he	H1129	hbo:1129	he.built	antonym	recall	0.488
H2041	hbo:2041	destruction	H2034	hbo:2034	ruins	similar	prior	0.5
H2041	hbo:2041	destruction	H2035	hbo:2035	your.destruction	similar	prior	0.5
H2041	hbo:2041	destruction	H2040	hbo:2040	he	similar	prior	0.5
H2045	hbo:2045	information	H4928	hbo:4928	bodyguard	similar	prior	0.5
H2045	hbo:2045	information	H8052	hbo:8052	report	similar	prior	0.5
H2045	hbo:2045	information	H8088	hbo:8088	report	similar	prior	0.5
H2045	hbo:2045	information	H8085	hbo:8085	hear	similar	prior	0.5
H2048	hbo:2048a	you.have.deceived	H2049	hbo:2049	mockeri(es)	similar	prior	0.6
H2048	hbo:2048a	you.have.deceived	H3932	hbo:3932	he.mocks	similar	prior	0.5
H2049	hbo:2049	mockeri(es)	H2048	hbo:2048a	you.have.deceived	similar	prior	0.5
H2053	hbo:2053	hooks	H3924	hbo:3924	loops	similar	prior	0.6
H2056	hbo:2056	a.child	H3206	hbo:3206	children	similar	prior	0.5
H2056	hbo:2056	a.child	H3207	hbo:3207	girl	similar	prior	0.5
H2056	hbo:2056	a.child	H8435	hbo:8435	genealogies	similar	prior	0.5
H2061	hbo:2061	wolf	H5246	hbo:5246	a.leopard	similar	high	0.867
H2061	hbo:2061	wolf	H0738	hbo:0738a	a.lion	similar	high	0.751
H2061	hbo:2061	wolf	H0738	hbo:0738	lions	similar	high	0.72
H2061	hbo:2061	wolf	H3715	hbo:3715	a.young.lion	similar	high	0.687
H2064	hbo:2064	he	H2065	hbo:2065	an.endowment	similar	prior	0.5
H2065	hbo:2065	an.endowment	H2064	hbo:2064	he	similar	prior	0.6
H2073	hbo:2073	of.loftiness	H2082	hbo:2082	he	similar	prior	0.5
H2076	hbo:2076	sacrifice	H2077	hbo:2077	sacrifices	similar	high	1.0
H2076	hbo:2076	sacrifice	H6999	hbo:6999	make.smoke	similar	high	0.898
H2076	hbo:2076	sacrifice	H7126	hbo:7126	he.will.present	similar	high	0.734
H2076	hbo:2076	sacrifice	H2026	hbo:2026	kill	similar	prior	0.5
H2076	hbo:2076	sacrifice	H5068	hbo:5068	make.a.contribution	similar	prior	0.5
H2076	hbo:2076	sacrifice	H2028	hbo:2028	slaughter	similar	prior	0.5
H2077	hbo:2077	sacrifices	H8002	hbo:8002	the.peace.offerings	similar	high	1.0
H2077	hbo:2077	sacrifices	H2076	hbo:2076	sacrifice	similar	high	1.0
H2077	hbo:2077	sacrifices	H5930	hbo:5930	a.burnt.offering	similar	high	1.0
H2077	hbo:2077	sacrifices	H0801	hbo:0801	a.fire.offering	similar	high	0.896
H2077	hbo:2077	sacrifices	H4503	hbo:4503	offering	similar	high	0.87
H2077	hbo:2077	sacrifices	H8426	hbo:8426	thanksgiving	similar	high	0.834
H2077	hbo:2077	sacrifices	H7133	hbo:7133	present	similar	high	0.798
H2077	hbo:2077	sacrifices	H4196	hbo:4196	altar	similar	prior	0.5
H2086	hbo:2086	arrogant.[people]	H2102	hbo:2102	he.will.act.presumptuously	similar	prior	0.5
H2086	hbo:2086	arrogant.[people]	H2087	hbo:2087	presumption	similar	prior	0.5
H2086	hbo:2086	arrogant.[people]	H5138	hbo:5138	cooked.food	similar	prior	0.5
H2086	hbo:2086	arrogant.[people]	H2121	hbo:2121	raging	similar	prior	0.5
H2087	hbo:2087	presumption	H2086	hbo:2086	arrogant.[people]	similar	prior	0.6
H2087	hbo:2087	presumption	H1343	hbo:1343	proud.[people]	similar	prior	0.5
H2087	hbo:2087	presumption	H1347	hbo:1347	the.pride	similar	prior	0.5
H2087	hbo:2087	presumption	H1346	hbo:1346	pride	similar	prior	0.5
H2087	hbo:2087	presumption	H2102	hbo:2102	he.will.act.presumptuously	similar	prior	0.5
H2091	hbo:2091	gold	H3701	hbo:3701	silver	similar	high	1.0
H2091	hbo:2091	gold	H5458	hbo:5458a	pure.gold	similar	high	0.975
H2091	hbo:2091	gold	H5178	hbo:5178	bronze	similar	high	0.902
H2091	hbo:2091	gold	H5777	hbo:5777	lead	similar	prior	0.5
H2091	hbo:2091	gold	H3800	hbo:3800	gold	similar	prior	0.5
H2091	hbo:2091	gold	H6337	hbo:6337	than.pure.gold	similar	prior	0.5
H2094	hbo:2094a	you.will.warn	H2096	hbo:2096	the.shining	similar	prior	0.6
H2094	hbo:2094a	you.will.warn	H5749	hbo:5749a	he.warned	similar	prior	0.5
H2100	hbo:2100	flowing	H5079	hbo:5079	impurity	similar	high	0.762
H2100	hbo:2100	flowing	H2931	hbo:2931	unclean	similar	high	0.697
H2102	hbo:2102	he.will.act.presumptuously	H1346	hbo:1346	pride	similar	prior	0.5
H2102	hbo:2102	he.will.act.presumptuously	H7292	hbo:7292	they.will.act.insolently	similar	prior	0.5
H2102	hbo:2102	he.will.act.presumptuously	H2087	hbo:2087	presumption	similar	prior	0.5
H2109	hbo:2109a	well.fed	H4202	hbo:4202	provision[s]	similar	prior	0.5
H2110	hbo:2110	it.fed	H4203	hbo:4203	food	similar	prior	0.5
H2111	hbo:2111	they.will.tremble	H7493	hbo:7493	it.quaked	similar	prior	0.5
H2113	hbo:2113	terror	H2111	hbo:2111	they.will.tremble	similar	prior	0.6
H2113	hbo:2113	terror	H2189	hbo:2189	a.terror	similar	prior	0.5
H2114	hbo:2114b	strangers	H5237	hbo:5237	foreign	similar	high	0.927
H2114	hbo:2114b	strangers	H5236	hbo:5236	of.foreignness	similar	high	0.82
H2114	hbo:2114b	strangers	H5234	hbo:5234a	[will.be].acting.as.a.stranger	similar	prior	0.5
H2114	hbo:2114b	strangers	H1616	hbo:1616	sojourner	similar	prior	0.5
H2114	hbo:2114b	strangers	H2115	hbo:2115	[egg]	similar	prior	0.5
H2115	hbo:2115	[egg]	H2213	hbo:2213	a.molding	similar	prior	0.5
H2115	hbo:2115	[egg]	H2223	hbo:2223	a.rooster	similar	prior	0.5
H2115	hbo:2115	[egg]	H4205	hbo:4205	sore[s]	similar	prior	0.5
H2121	hbo:2121	raging	H2087	hbo:2087	presumption	similar	prior	0.5
H2121	hbo:2121	raging	H2102	hbo:2102	he.will.act.presumptuously	similar	prior	0.5
H2121	hbo:2121	raging	H5138	hbo:5138	cooked.food	similar	prior	0.5
H2122	hbo:2122	brightness(es)	H3367	hbo:3367	the	similar	high	0.829
H2131	hbo:2131a	fetters	H0246	hbo:0246	chains	similar	prior	0.5
H2132	hbo:2132	olive.trees	H8081	hbo:8081	oil	similar	high	0.686
H2134	hbo:2134	pure	H1249	hbo:1249	pure	similar	high	0.604
H2134	hbo:2134	pure	H2892	hbo:2892	her.purification	similar	prior	0.5
H2134	hbo:2134	pure	H2137	hbo:2137	glass	similar	prior	0.5
H2135	hbo:2135	I.have.kept.pure	H1249	hbo:1249	pure	similar	prior	0.5
H2135	hbo:2135	I.have.kept.pure	H2892	hbo:2892	her.purification	similar	prior	0.5
H2138	hbo:2138	male	H2145	hbo:2145	male	similar	prior	0.5
H2138	hbo:2138	male	H2146	hbo:2146	memorial	similar	prior	0.5
H2138	hbo:2138	male	H0234	hbo:0234	offering	similar	prior	0.5
H2141	hbo:2141	they.are.pure	H2891	hbo:2891	he.will.be.pure	similar	prior	0.5
H2141	hbo:2141	they.are.pure	H1305	hbo:1305	[one.who].purifies.himself	similar	prior	0.5
H2141	hbo:2141	they.are.pure	H2135	hbo:2135	I.have.kept.pure	similar	prior	0.5
H2141	hbo:2141	they.are.pure	H2137	hbo:2137	glass	similar	prior	0.5
H2141	hbo:2141	they.are.pure	H2134	hbo:2134	pure	similar	prior	0.5
H2142	hbo:2142	remember	H2143	hbo:2143	remembrance	similar	high	0.927
H2142	hbo:2142	remember	H7911	hbo:7911	forget	antonym	recall	0.743
H2142	hbo:2142	remember	H2145	hbo:2145	male	similar	prior	0.5
H2142	hbo:2142	remember	H0234	hbo:0234	offering	similar	prior	0.5
H2143	hbo:2143	remembrance	H2142	hbo:2142	remember	similar	high	0.927
H2143	hbo:2143	remembrance	H2145	hbo:2145	male	similar	prior	0.5
H2143	hbo:2143	remembrance	H2138	hbo:2138	male	similar	prior	0.5
H2143	hbo:2143	remembrance	H2146	hbo:2146	memorial	similar	prior	0.5
H2143	hbo:2143	remembrance	H0234	hbo:0234	offering	similar	prior	0.5
H2145	hbo:2145	male	H5347	hbo:5347	female	antonym	recall	0.778
H2145	hbo:2145	male	H2146	hbo:2146	memorial	similar	prior	0.5
H2145	hbo:2145	male	H0234	hbo:0234	offering	similar	prior	0.5
H2146	hbo:2146	memorial	H2142	hbo:2142	remember	similar	high	0.827
H2146	hbo:2146	memorial	H2143	hbo:2143	remembrance	similar	prior	0.6
H2146	hbo:2146	memorial	H0234	hbo:0234	offering	similar	prior	0.5
H2151	hbo:2151	gluttons	H5433	hbo:5433	a.drunkard	similar	high	0.778
H2151	hbo:2151	gluttons	H2150	hbo:2150	shoots	similar	prior	0.5
H2151	hbo:2151	gluttons	H2149	hbo:2149	vileness	similar	prior	0.5
H2154	hbo:2154	licentiousness	H2181	hbo:2181	you.acted.as.a.prostitute	similar	high	0.646
H2154	hbo:2154	licentiousness	H8399	hbo:8399	destruction	similar	prior	0.5
H2156	hbo:2156	branch	H1612	hbo:1612	vine	similar	high	0.642
H2156	hbo:2156	branch	H8384	hbo:8384	figs	similar	high	0.582
H2156	hbo:2156	branch	H6288	hbo:6288	branches	similar	prior	0.5
H2156	hbo:2156	branch	H5342	hbo:5342	a.shoot	similar	prior	0.5
H2156	hbo:2156	branch	H1503	hbo:1503	the.rootstock	similar	prior	0.5
H2156	hbo:2156	branch	H3127	hbo:3127	shoots	similar	prior	0.5
H2156	hbo:2156	branch	H4211	hbo:4211	pruning.knives	similar	prior	0.5
H2156	hbo:2156	branch	H4212	hbo:4212	snuffers	similar	prior	0.5
H2156	hbo:2156	branch	H2168	hbo:2168	you.will.prune	similar	prior	0.5
H2158	hbo:2158	songs	H8416	hbo:8416	praise	similar	high	0.71
H2158	hbo:2158	songs	H4210	hbo:4210	a.psalm	similar	prior	0.5
H2161	hbo:2161	he.planned	H2803	hbo:2803	he	similar	high	0.725
H2161	hbo:2161	he.planned	H4209	hbo:4209	discretion	similar	prior	0.6
H2161	hbo:2161	he.planned	H3289	hbo:3289	he.consulted	similar	prior	0.5
H2161	hbo:2161	he.planned	H2790	hbo:2790a	be.silent	similar	prior	0.5
H2161	hbo:2161	he.planned	H2154	hbo:2154	licentiousness	similar	prior	0.5
H2162	hbo:2162	plan	H2161	hbo:2161	he.planned	similar	prior	0.6
H2162	hbo:2162	plan	H4209	hbo:4209	discretion	similar	prior	0.5
H2162	hbo:2162	plan	H2154	hbo:2154	licentiousness	similar	prior	0.5
H2163	hbo:2163	appointed	H2165	hbo:2165	an.appointed.time	similar	prior	0.5
H2166	hbo:2166	the	H5732	hbo:5732	times	similar	prior	0.5
H2166	hbo:2166	the	H6256	hbo:6256	time	similar	prior	0.5
H2166	hbo:2166	the	H2164	hbo:2164	you.have.agreed.together	similar	prior	0.5
H2167	hbo:2167	sing.praises	H3034	hbo:3034	give.thanks	similar	high	1.0
H2167	hbo:2167	sing.praises	H1984	hbo:1984a	praise	similar	high	0.979
H2167	hbo:2167	sing.praises	H8416	hbo:8416	praise	similar	high	0.911
H2168	hbo:2168	you.will.prune	H1219	hbo:1219	you.will.gather.grapes	similar	prior	0.5
H2170	hbo:2170	of.(the)	H2171	hbo:2171	the	similar	prior	0.5
H2172	hbo:2172	of.music	H7892	hbo:7892	a.song	similar	high	0.728
H2172	hbo:2172	of.music	H2176	hbo:2176	strength	similar	prior	0.5
H2172	hbo:2172	of.music	H4210	hbo:4210	a.psalm	similar	prior	0.5
H2172	hbo:2172	of.music	H2158	hbo:2158	songs	similar	prior	0.5
H2173	hbo:2173	of.the.best.products	H2169	hbo:2169	a.mountain.sheep	similar	prior	0.5
H2176	hbo:2176	strength	H2158	hbo:2158	songs	similar	prior	0.5
H2176	hbo:2176	strength	H4210	hbo:4210	a.psalm	similar	prior	0.5
H2176	hbo:2176	strength	H2167	hbo:2167	sing.praises	similar	prior	0.5
H2177	hbo:2177	kind	H4327	hbo:4327	kind	similar	prior	0.5
H2178	hbo:2178	(the).kinds	H2177	hbo:2177	kind	similar	prior	0.6
H2180	hbo:2180	tail	H2179	hbo:2179	it.attacked.in.the.rear	similar	prior	0.5
H2180	hbo:2180	tail	H7218	hbo:7218	head	antonym	recall	0.321
H2181	hbo:2181	you.acted.as.a.prostitute	H2183	hbo:2183	of.prostitution(s)	similar	high	0.963
H2181	hbo:2181	you.acted.as.a.prostitute	H2184	hbo:2184	prostitution	similar	high	0.957
H2181	hbo:2181	you.acted.as.a.prostitute	H8457	hbo:8457	prostitution(s)	similar	high	0.826
H2181	hbo:2181	you.acted.as.a.prostitute	H5003	hbo:5003	they.have.committed.adultery	similar	high	0.802
H2181	hbo:2181	you.acted.as.a.prostitute	H7847	hbo:7847	she.will.turn.aside	similar	prior	0.5
H2181	hbo:2181	you.acted.as.a.prostitute	H0868	hbo:0868	[the].hire	similar	prior	0.5
H2183	hbo:2183	of.prostitution(s)	H2184	hbo:2184	prostitution	similar	high	0.965
H2183	hbo:2183	of.prostitution(s)	H2181	hbo:2181	you.acted.as.a.prostitute	similar	high	0.963
H2183	hbo:2183	of.prostitution(s)	H8457	hbo:8457	prostitution(s)	similar	high	0.931
H2184	hbo:2184	prostitution	H8457	hbo:8457	prostitution(s)	similar	high	0.987
H2184	hbo:2184	prostitution	H2183	hbo:2183	of.prostitution(s)	similar	high	0.965
H2184	hbo:2184	prostitution	H2181	hbo:2181	you.acted.as.a.prostitute	similar	high	0.957
H2184	hbo:2184	prostitution	H2185	hbo:2185	a.prostitute	similar	prior	0.5
H2185	hbo:2185	a.prostitute	H2184	hbo:2184	prostitution	similar	prior	0.6
H2186	hbo:2186	have	H5361	hbo:5361	it.had.been.alienated	similar	prior	0.5
H2186	hbo:2186	have	H5203	hbo:5203	I.will.abandon	similar	prior	0.5
H2186	hbo:2186	have	H5800	hbo:5800	they.forsook	similar	prior	0.5
H2186	hbo:2186	have	H3988	hbo:3988	you.have.rejected	similar	prior	0.5
H2189	hbo:2189	a.terror	H4103	hbo:4103	confusion	similar	prior	0.5
H2189	hbo:2189	a.terror	H7460	hbo:7460	trembling	similar	prior	0.5
H2189	hbo:2189	a.terror	H6343	hbo:6343	dread	similar	prior	0.5
H2189	hbo:2189	a.terror	H2731	hbo:2731	trembling	similar	prior	0.5
H2189	hbo:2189	a.terror	H2111	hbo:2111	they.will.tremble	similar	prior	0.5
H2191	hbo:2191	a.little	H4592	hbo:4592	a.little	similar	prior	0.6
H2191	hbo:2191	a.little	H4213	hbo:4213	of.a.little	similar	prior	0.6
H2191	hbo:2191	a.little	H2192	hbo:2192	small	similar	prior	0.6
H2191	hbo:2191	a.little	H6996	hbo:6996	small	similar	prior	0.5
H2194	hbo:2194	he.will.direct.indignation	H2195	hbo:2195	indignation	similar	prior	0.6
H2194	hbo:2194	he.will.direct.indignation	H7043	hbo:7043	lighten	similar	prior	0.5
H2194	hbo:2194	he.will.direct.indignation	H7107	hbo:7107	he.was.angry	similar	prior	0.5
H2194	hbo:2194	he.will.direct.indignation	H2534	hbo:2534	rage	similar	prior	0.5
H2194	hbo:2194	he.will.direct.indignation	H0599	hbo:0599	he.was.angry	similar	prior	0.5
H2194	hbo:2194	he.will.direct.indignation	H0639	hbo:0639	anger	similar	prior	0.5
H2194	hbo:2194	he.will.direct.indignation	H0779	hbo:0779	[is].cursed	similar	prior	0.5
H2194	hbo:2194	he.will.direct.indignation	H8581	hbo:8581	they	similar	prior	0.5
H2195	hbo:2195	indignation	H0639	hbo:0639	anger	similar	high	0.863
H2195	hbo:2195	indignation	H2534	hbo:2534	rage	similar	high	0.808
H2195	hbo:2195	indignation	H2197	hbo:2197	a.rage	similar	high	0.678
H2196	hbo:2196	he.was.enraged	H2197	hbo:2197	a.rage	similar	prior	0.6
H2196	hbo:2196	he.was.enraged	H5620	hbo:5620	sullen	similar	prior	0.5
H2196	hbo:2196	he.was.enraged	H3707	hbo:3707	provoke	similar	prior	0.5
H2196	hbo:2196	he.was.enraged	H2734	hbo:2734	it.burned	similar	prior	0.5
H2196	hbo:2196	he.was.enraged	H0599	hbo:0599	he.was.angry	similar	prior	0.5
H2196	hbo:2196	he.was.enraged	H2198	hbo:2198	furious	similar	prior	0.5
H2197	hbo:2197	a.rage	H2534	hbo:2534	rage	similar	high	0.696
H2197	hbo:2197	a.rage	H0639	hbo:0639	anger	similar	high	0.69
H2197	hbo:2197	a.rage	H2195	hbo:2195	indignation	similar	high	0.678
H2197	hbo:2197	a.rage	H2740	hbo:2740	the.burning	similar	high	0.65
H2197	hbo:2197	a.rage	H2196	hbo:2196	he.was.enraged	similar	prior	0.5
H2197	hbo:2197	a.rage	H2198	hbo:2198	furious	similar	prior	0.5
H2199	hbo:2199	they.cried.out	H6817	hbo:6817	they.cried.out	similar	high	1.0
H2199	hbo:2199	they.cried.out	H7768	hbo:7768	I.cry.for.help	similar	high	0.867
H2199	hbo:2199	they.cried.out	H7321	hbo:7321	shout.for.joy	similar	high	0.83
H2199	hbo:2199	they.cried.out	H6818	hbo:6818	of.distress	similar	high	0.721
H2199	hbo:2199	they.cried.out	H0584	hbo:0584	you.will.groan	similar	prior	0.5
H2199	hbo:2199	they.cried.out	H3213	hbo:3213	wail	similar	prior	0.5
H2199	hbo:2199	they.cried.out	H5749	hbo:5749a	he.warned	similar	prior	0.5
H2201	hbo:2201	a.cry.of.distress	H6818	hbo:6818	of.distress	similar	high	1.0
H2201	hbo:2201	a.cry.of.distress	H1065	hbo:1065	weeping	similar	high	0.706
H2201	hbo:2201	a.cry.of.distress	H6682	hbo:6682	an.outcry	similar	high	0.689
H2201	hbo:2201	a.cry.of.distress	H7440	hbo:7440	a.shout.of.joy	similar	high	0.651
H2201	hbo:2201	a.cry.of.distress	H0585	hbo:0585	groaning	similar	prior	0.5
H2201	hbo:2201	a.cry.of.distress	H0602	hbo:0602	are].groaning	similar	prior	0.5
H2203	hbo:2203	pitch	H2564	hbo:2564	bitumen	similar	high	0.739
H2204	hbo:2204	he.was.old	H2205	hbo:2205	the.elders	similar	high	0.957
H2204	hbo:2204	he.was.old	H5288	hbo:5288	lad	antonym	recall	0.599
H2204	hbo:2204	he.was.old	H3465	hbo:3465	old.harvest	similar	prior	0.5
H2204	hbo:2204	he.was.old	H2206	hbo:2206	beard	similar	prior	0.5
H2205	hbo:2205	the.elders	H2204	hbo:2204	he.was.old	similar	high	0.957
H2205	hbo:2205	the.elders	H8269	hbo:8269	officials	similar	high	0.749
H2205	hbo:2205	the.elders	H2209	hbo:2209	old.age	similar	prior	0.6
H2205	hbo:2205	the.elders	H5288	hbo:5288	lad	antonym	recall	0.585
H2205	hbo:2205	the.elders	H3453	hbo:3453	aged.[people]	similar	prior	0.5
H2205	hbo:2205	the.elders	H2206	hbo:2206	beard	similar	prior	0.5
H2205	hbo:2205	the.elders	H2208	hbo:2208	his.old	similar	prior	0.5
H2206	hbo:2206	beard	H8181	hbo:8181	hair	similar	high	0.727
H2207	hbo:2207	old.age	H2209	hbo:2209	old.age	similar	prior	0.5
H2207	hbo:2207	old.age	H2206	hbo:2206	beard	similar	prior	0.5
H2207	hbo:2207	old.age	H2208	hbo:2208	his.old	similar	prior	0.5
H2207	hbo:2207	old.age	H2204	hbo:2204	he.was.old	similar	prior	0.5
H2207	hbo:2207	old.age	H2205	hbo:2205	the.elders	similar	prior	0.5
H2208	hbo:2208	his.old	H2205	hbo:2205	the.elders	similar	prior	0.6
H2208	hbo:2208	his.old	H2204	hbo:2204	he.was.old	similar	prior	0.6
H2208	hbo:2208	his.old	H2209	hbo:2209	old.age	similar	prior	0.6
H2208	hbo:2208	his.old	H7872	hbo:7872	old.age	similar	prior	0.5
H2208	hbo:2208	his.old	H2206	hbo:2206	beard	similar	prior	0.5
H2209	hbo:2209	old.age	H7872	hbo:7872	old.age	similar	high	0.777
H2209	hbo:2209	old.age	H2208	hbo:2208	his.old	similar	prior	0.5
H2209	hbo:2209	old.age	H2205	hbo:2205	the.elders	similar	prior	0.5
H2209	hbo:2209	old.age	H2206	hbo:2206	beard	similar	prior	0.5
H2210	hbo:2210	[he.is].raising.up	H2211	hbo:2211	[he.will].be.lifted.up	similar	prior	0.6
H2213	hbo:2213	a.molding	H4526	hbo:4526	rims	similar	high	0.804
H2219	hbo:2219	I.will.disperse	H6327	hbo:6327	they.were.scattered	similar	high	0.907
H2219	hbo:2219	I.will.disperse	H5086	hbo:5086	driven.about	similar	prior	0.5
H2220	hbo:2220	arm	H0248	hbo:0248	an.arm	similar	prior	0.5
H2221	hbo:2221	sown.in.it	H2232	hbo:2232	you.will.sow	similar	prior	0.5
H2221	hbo:2221	sown.in.it	H4218	hbo:4218	the.sown.land	similar	prior	0.5
H2221	hbo:2221	sown.in.it	H2235	hbo:2235	vegetables	similar	prior	0.5
H2223	hbo:2223	a.rooster	H4205	hbo:4205	sore[s]	similar	prior	0.5
H2223	hbo:2223	a.rooster	H2213	hbo:2213	a.molding	similar	prior	0.5
H2224	hbo:2224	it.rises	H0249	hbo:0249	native-born	similar	prior	0.5
H2224	hbo:2224	it.rises	H2225	hbo:2225	your.dawn	similar	prior	0.5
H2224	hbo:2224	it.rises	H4217	hbo:4217	eastward	similar	prior	0.5
H2225	hbo:2225	your.dawn	H5051	hbo:5051	brightness	similar	prior	0.5
H2225	hbo:2225	your.dawn	H4217	hbo:4217	eastward	similar	prior	0.5
H2229	hbo:2229a	they.poured.forth	H2231	hbo:2231	[was.the].ejaculation	similar	prior	0.5
H2230	hbo:2230	a.storm	H5492	hbo:5492	a.storm-wind	similar	prior	0.5
H2230	hbo:2230	a.storm	H1653	hbo:1653	rain	similar	prior	0.5
H2230	hbo:2230	a.storm	H7307	hbo:7307	spirit	similar	prior	0.5
H2230	hbo:2230	a.storm	H2229	hbo:2229a	they.poured.forth	similar	prior	0.5
H2230	hbo:2230	a.storm	H2231	hbo:2231	[was.the].ejaculation	similar	prior	0.5
H2232	hbo:2232	you.will.sow	H2233	hbo:2233	offspring	similar	high	1.0
H2232	hbo:2232	you.will.sow	H5193	hbo:5193	plant	similar	high	0.793
H2232	hbo:2232	you.will.sow	H7114	hbo:7114	harvesters	antonym	recall	0.71
H2232	hbo:2232	you.will.sow	H5599	hbo:5599a	self-sown.grain	similar	high	0.71
H2232	hbo:2232	you.will.sow	H2234	hbo:2234	the.offspring	similar	prior	0.6
H2233	hbo:2233	offspring	H2232	hbo:2232	you.will.sow	similar	high	1.0
H2233	hbo:2233	offspring	H6631	hbo:6631	descendants	similar	high	0.725
H2233	hbo:2233	offspring	H5209	hbo:5209	posterity	similar	prior	0.5
H2233	hbo:2233	offspring	H4218	hbo:4218	the.sown.land	similar	prior	0.5
H2233	hbo:2233	offspring	H2235	hbo:2235	vegetables	similar	prior	0.5
H2233	hbo:2233	offspring	H2221	hbo:2221	sown.in.it	similar	prior	0.5
H2234	hbo:2234	the.offspring	H2233	hbo:2233	offspring	similar	prior	0.6
H2235	hbo:2235	vegetables	H2232	hbo:2232	you.will.sow	similar	prior	0.5
H2236	hbo:2236	he.sprinkled	H5137	hbo:5137	he.will.spatter	similar	high	0.949
H2236	hbo:2236	he.sprinkled	H2231	hbo:2231	[was.the].ejaculation	similar	prior	0.5
H2236	hbo:2236	he.sprinkled	H6327	hbo:6327	they.were.scattered	similar	prior	0.5
H2236	hbo:2236	he.sprinkled	H4219	hbo:4219	bowls	similar	prior	0.5
H2239	hbo:2239	a.span	H0520	hbo:0520	cubits	similar	high	0.848
H2239	hbo:2239	a.span	H2948	hbo:2948	a.hand.breadth	similar	high	0.844
H2243	hbo:2243	bosom	H2245	hbo:2245	[he.is].loving	similar	prior	0.5
H2247	hbo:2247	hide.yourself	H2253	hbo:2253	the.hiding.place	similar	prior	0.6
H2247	hbo:2247	hide.yourself	H2244	hbo:2244	they.hid.themselves	similar	prior	0.6
H2247	hbo:2247	hide.yourself	H0693	hbo:0693	ambusher	similar	prior	0.5
H2248	hbo:2248	a.hurtful.act	H2255	hbo:2255	it.will.be.destroyed	similar	prior	0.5
H2248	hbo:2248	a.hurtful.act	H2257	hbo:2257	hurt	similar	prior	0.5
H2250	hbo:2250	wound	H6482	hbo:6482	bruise	similar	high	1.0
H2250	hbo:2250	wound	H4347	hbo:4347	wounds	similar	prior	0.5
H2250	hbo:2250	wound	H2270	hbo:2270	companions	similar	prior	0.5
H2250	hbo:2250	wound	H2271	hbo:2271	partners	similar	prior	0.5
H2250	hbo:2250	wound	H2274	hbo:2274	company	similar	prior	0.5
H2250	hbo:2250	wound	H2279	hbo:2279	set	similar	prior	0.5
H2250	hbo:2250	wound	H4225	hbo:4225	set	similar	prior	0.5
H2250	hbo:2250	wound	H2278	hbo:2278	companion	similar	prior	0.5
H2253	hbo:2253	the.hiding.place	H2247	hbo:2247	hide.yourself	similar	prior	0.5
H2254	hbo:2254	you.will.take.as.pledge	H2259	hbo:2259	sailors	similar	prior	0.5
H2254	hbo:2254	you.will.take.as.pledge	H2256	hbo:2256	ropes	similar	prior	0.5
H2254	hbo:2254	you.will.take.as.pledge	H2256	hbo:2256c	labor-pains	similar	prior	0.5
H2256	hbo:2256	ropes	H5159	hbo:5159	inheritance	similar	high	0.618
H2256	hbo:2256	ropes	H8333	hbo:8333	chains	similar	prior	0.5
H2256	hbo:2256c	labor-pains	H6735	hbo:6735b	pangs	similar	high	0.742
H2256	hbo:2256c	labor-pains	H2427	hbo:2427	anguish	similar	high	0.688
H2256	hbo:2256c	labor-pains	H8270	hbo:8270	navel	similar	prior	0.5
H2257	hbo:2257	hurt	H2255	hbo:2255	it.will.be.destroyed	similar	prior	0.5
H2258	hbo:2258	a.pledge	H4859	hbo:4859	a.loan	similar	prior	0.5
H2258	hbo:2258	a.pledge	H2256	hbo:2256	ropes	similar	prior	0.5
H2258	hbo:2258	a.pledge	H2256	hbo:2256c	labor-pains	similar	prior	0.5
H2259	hbo:2259	sailors	H4419	hbo:4419	mariners	similar	high	0.824
H2259	hbo:2259	sailors	H8650	hbo:8650	a.mast	similar	prior	0.5
H2259	hbo:2259	sailors	H0590	hbo:0590	the.ship[s]	similar	prior	0.5
H2259	hbo:2259	sailors	H2256	hbo:2256	ropes	similar	prior	0.5
H2259	hbo:2259	sailors	H2258	hbo:2258	a.pledge	similar	prior	0.5
H2260	hbo:2260	of.a.mast	H2258	hbo:2258	a.pledge	similar	prior	0.5
H2260	hbo:2260	of.a.mast	H2256	hbo:2256c	labor-pains	similar	prior	0.5
H2260	hbo:2260	of.a.mast	H2256	hbo:2256	ropes	similar	prior	0.5
H2260	hbo:2260	of.a.mast	H2259	hbo:2259	sailors	similar	prior	0.5
H2260	hbo:2260	of.a.mast	H2254	hbo:2254	you.will.take.as.pledge	similar	prior	0.5
H2263	hbo:2263	he.embraced	H5401	hbo:5401	he.kissed	similar	high	0.724
H2264	hbo:2264	of.folding	H2263	hbo:2263	he.embraced	similar	prior	0.6
H2266	hbo:2266	he.joined	H2278	hbo:2278	companion	similar	prior	0.6
H2266	hbo:2266	he.joined	H2279	hbo:2279	set	similar	prior	0.5
H2266	hbo:2266	he.joined	H2274	hbo:2274	company	similar	prior	0.5
H2266	hbo:2266	he.joined	H2250	hbo:2250	wound	similar	prior	0.5
H2266	hbo:2266	he.joined	H2271	hbo:2271	partners	similar	prior	0.5
H2266	hbo:2266	he.joined	H2270	hbo:2270	companions	similar	prior	0.5
H2266	hbo:2266	he.joined	H4225	hbo:4225	set	similar	prior	0.5
H2267	hbo:2267	spells	H2271	hbo:2271	partners	similar	prior	0.5
H2267	hbo:2267	spells	H2274	hbo:2274	company	similar	prior	0.5
H2267	hbo:2267	spells	H2266	hbo:2266	he.joined	similar	prior	0.5
H2267	hbo:2267	spells	H2250	hbo:2250	wound	similar	prior	0.5
H2267	hbo:2267	spells	H4225	hbo:4225	set	similar	prior	0.5
H2267	hbo:2267	spells	H2278	hbo:2278	companion	similar	prior	0.5
H2267	hbo:2267	spells	H2279	hbo:2279	set	similar	prior	0.5
H2270	hbo:2270	companions	H2266	hbo:2266	he.joined	similar	prior	0.6
H2270	hbo:2270	companions	H2271	hbo:2271	partners	similar	prior	0.6
H2270	hbo:2270	companions	H2278	hbo:2278	companion	similar	prior	0.6
H2270	hbo:2270	companions	H0441	hbo:0441a	a.close.friend	similar	prior	0.5
H2270	hbo:2270	companions	H7453	hbo:7453	neighbor	similar	prior	0.5
H2270	hbo:2270	companions	H7468	hbo:7468	[fem]	similar	prior	0.5
H2270	hbo:2270	companions	H4225	hbo:4225	set	similar	prior	0.5
H2270	hbo:2270	companions	H2274	hbo:2274	company	similar	prior	0.5
H2270	hbo:2270	companions	H2279	hbo:2279	set	similar	prior	0.5
H2271	hbo:2271	partners	H2266	hbo:2266	he.joined	similar	prior	0.6
H2271	hbo:2271	partners	H2278	hbo:2278	companion	similar	prior	0.6
H2272	hbo:2272	spots	H2271	hbo:2271	partners	similar	prior	0.5
H2272	hbo:2272	spots	H2250	hbo:2250	wound	similar	prior	0.5
H2272	hbo:2272	spots	H2274	hbo:2274	company	similar	prior	0.5
H2272	hbo:2272	spots	H2267	hbo:2267	spells	similar	prior	0.5
H2272	hbo:2272	spots	H4225	hbo:4225	set	similar	prior	0.5
H2272	hbo:2272	spots	H2278	hbo:2278	companion	similar	prior	0.5
H2272	hbo:2272	spots	H2266	hbo:2266	he.joined	similar	prior	0.5
H2272	hbo:2272	spots	H2279	hbo:2279	set	similar	prior	0.5
H2272	hbo:2272	spots	H2270	hbo:2270	companions	similar	prior	0.5
H2273	hbo:2273	companion	H2269	hbo:2269	companions	similar	prior	0.5
H2274	hbo:2274	company	H2271	hbo:2271	partners	similar	prior	0.5
H2274	hbo:2274	company	H4225	hbo:4225	set	similar	prior	0.5
H2274	hbo:2274	company	H2279	hbo:2279	set	similar	prior	0.5
H2274	hbo:2274	company	H2278	hbo:2278	companion	similar	prior	0.5
H2278	hbo:2278	companion	H4225	hbo:4225	set	similar	prior	0.5
H2278	hbo:2278	companion	H2279	hbo:2279	set	similar	prior	0.5
H2278	hbo:2278	companion	H2271	hbo:2271	partners	similar	prior	0.5
H2279	hbo:2279	set	H4225	hbo:4225	set	similar	high	1.0
H2279	hbo:2279	set	H2271	hbo:2271	partners	similar	prior	0.5
H2280	hbo:2280	he.saddled	H7495	hbo:7495	heal	similar	prior	0.5
H2282	hbo:2282	the.festival	H2287	hbo:2287	you.will.celebrate.a.festival	similar	high	1.0
H2282	hbo:2282	the.festival	H6453	hbo:6453	passover	similar	high	0.853
H2282	hbo:2282	the.festival	H6116	hbo:6116	an.assembly	similar	high	0.8
H2282	hbo:2282	the.festival	H7676	hbo:7676	the.sabbath	similar	high	0.754
H2282	hbo:2282	the.festival	H2283	hbo:2283	object.of.terror	similar	prior	0.5
H2287	hbo:2287	you.will.celebrate.a.festival	H2282	hbo:2282	the.festival	similar	high	1.0
H2287	hbo:2287	you.will.celebrate.a.festival	H2283	hbo:2283	object.of.terror	similar	prior	0.5
H2288	hbo:2288	the.clefts	H5585	hbo:5585a	the.clefts	similar	prior	0.5
H2289	hbo:2289	girded	H2296	hbo:2296	girded	similar	prior	0.6
H2289	hbo:2289	girded	H2290	hbo:2290a	a.belt	similar	prior	0.6
H2289	hbo:2289	girded	H2290	hbo:2290	a.belt	similar	prior	0.6
H2290	hbo:2290	a.belt	H0232	hbo:0232	loincloth	similar	high	0.695
H2290	hbo:2290	a.belt	H4975	hbo:4975	loins	similar	high	0.638
H2290	hbo:2290a	a.belt	H4975	hbo:4975	loins	similar	high	0.523
H2290	hbo:2290a	a.belt	H2289	hbo:2289	girded	similar	prior	0.5
H2296	hbo:2296	girded	H5401	hbo:5401a	[they.were].equipped	similar	prior	0.5
H2296	hbo:2296	girded	H2502	hbo:2502a	equipped	similar	prior	0.5
H2296	hbo:2296	girded	H2290	hbo:2290a	a.belt	similar	prior	0.5
H2296	hbo:2296	girded	H2289	hbo:2289	girded	similar	prior	0.5
H2296	hbo:2296	girded	H4228	hbo:4228	a.girding	similar	prior	0.5
H2299	hbo:2299	sharp	H2303	hbo:2303	sharp.points	similar	prior	0.5
H2299	hbo:2299	sharp	H2300	hbo:2300	it.has.been.sharpened	similar	prior	0.5
H2300	hbo:2300	it.has.been.sharpened	H2299	hbo:2299	sharp	similar	prior	0.6
H2300	hbo:2300	it.has.been.sharpened	H3913	hbo:3913	sharpen	similar	prior	0.5
H2300	hbo:2300	it.has.been.sharpened	H2303	hbo:2303	sharp.points	similar	prior	0.5
H2302	hbo:2302a	he.rejoiced	H2304	hbo:2304	joy	similar	prior	0.5
H2303	hbo:2303	sharp.points	H2300	hbo:2300	it.has.been.sharpened	similar	prior	0.6
H2303	hbo:2303	sharp.points	H2299	hbo:2299	sharp	similar	prior	0.6
H2304	hbo:2304	joy	H2302	hbo:2302a	he.rejoiced	similar	prior	0.6
H2308	hbo:2308	cease	H3254	hbo:3254	he.repeated	antonym	recall	0.625
H2308	hbo:2308	cease	H2310	hbo:2310	who.refrains	similar	prior	0.5
H2308	hbo:2308	cease	H7673	hbo:7673	I.will.put.an.end.to	similar	prior	0.5
H2308	hbo:2308	cease	H3615	hbo:3615	he.finished	similar	prior	0.5
H2308	hbo:2308	cease	H5203	hbo:5203	I.will.abandon	similar	prior	0.5
H2309	hbo:2309	of.cessation	H8398	hbo:8398	[the].world	similar	prior	0.5
H2309	hbo:2309	of.cessation	H2308	hbo:2308	cease	similar	prior	0.5
H2310	hbo:2310	who.refrains	H2308	hbo:2308	cease	similar	prior	0.5
H2310	hbo:2310	who.refrains	H2309	hbo:2309	of.cessation	similar	prior	0.5
H2315	hbo:2315	a.room	H5944	hbo:5944	his.upper	similar	high	0.555
H2315	hbo:2315	a.room	H6442	hbo:6442	inner	similar	high	0.55
H2315	hbo:2315	a.room	H6877	hbo:6877	chamber	similar	prior	0.5
H2315	hbo:2315	a.room	H3326	hbo:3326a	extension	similar	prior	0.5
H2315	hbo:2315	a.room	H2314	hbo:2314	surrounds	similar	prior	0.5
H2318	hbo:2318	renew	H2319	hbo:2319	new	similar	high	0.759
H2319	hbo:2319	new	H2318	hbo:2318	renew	similar	high	0.759
H2319	hbo:2319	new	H3465	hbo:3465	old.harvest	antonym	recall	0.503
H2320	hbo:2320	month	H8141	hbo:8141	year[s]	similar	high	0.847
H2320	hbo:2320	month	H3117	hbo:3117	day	similar	high	0.835
H2320	hbo:2320	month	H7620	hbo:7620	weeks	similar	high	0.652
H2320	hbo:2320	month	H2318	hbo:2318	renew	similar	prior	0.5
H2326	hbo:2326	a.debt	H2325	hbo:2325	you.will.endanger	similar	prior	0.5
H2329	hbo:2329	the.circle	H1550	hbo:1550	[were].revolving	similar	prior	0.5
H2329	hbo:2329	the.circle	H4230	hbo:4230	compass	similar	prior	0.5
H2329	hbo:2329	the.circle	H2328	hbo:2328	he.has.drawn.a.circle	similar	prior	0.5
H2330	hbo:2330	ask.a.riddle	H2420	hbo:2420	riddle	similar	high	1.0
H2330	hbo:2330	ask.a.riddle	H4912	hbo:4912	oracle	similar	high	0.583
H2331	hbo:2331	I.will.declare	H0262	hbo:0262	declaration	similar	prior	0.5
H2336	hbo:2336	thornbush	H7898	hbo:7898	bush[es]	similar	prior	0.5
H2336	hbo:2336	thornbush	H2337	hbo:2337	thickets	similar	prior	0.5
H2336	hbo:2336	thornbush	H2397	hbo:2397	hooks	similar	prior	0.5
H2337	hbo:2337	thickets	H2397	hbo:2397	hooks	similar	prior	0.5
H2339	hbo:2339	thread	H6616	hbo:6616	a.cord	similar	prior	0.5
H2339	hbo:2339	thread	H2256	hbo:2256	ropes	similar	prior	0.5
H2339	hbo:2339	thread	H6957	hbo:6957	a.measuring-line	similar	prior	0.5
H2340	hbo:2340	Hivite[s]	H6522	hbo:6522	Perizzite[s]	similar	high	1.0
H2340	hbo:2340	Hivite[s]	H2850	hbo:2850	Hittite[s]	similar	high	1.0
H2340	hbo:2340	Hivite[s]	H1622	hbo:1622	Girgashite[s]	similar	high	1.0
H2340	hbo:2340	Hivite[s]	H3669	hbo:3669	Canaanite[s]	similar	high	0.97
H2340	hbo:2340	Hivite[s]	H2983	hbo:2983	Jebusite[s]	similar	high	0.97
H2340	hbo:2340	Hivite[s]	H0567	hbo:0567	the.Amorite[s]	similar	high	0.871
H2342	hbo:2342	dancers	H3510	hbo:3510	in.pain	similar	prior	0.5
H2342	hbo:2342	dancers	H2344	hbo:2344	sand	similar	prior	0.5
H2342	hbo:2342	dancers	H4246	hbo:4246	dancing(s)	similar	prior	0.5
H2342	hbo:2342	dancers	H4234	hbo:4234	dancing	similar	prior	0.5
H2342	hbo:2342a	tremble	H4234	hbo:4234	dancing	similar	prior	0.6
H2342	hbo:2342a	tremble	H2470	hbo:2470a	entreat	similar	prior	0.6
H2342	hbo:2342a	tremble	H2427	hbo:2427	anguish	similar	prior	0.6
H2342	hbo:2342a	tremble	H6887	hbo:6887a	foes	similar	prior	0.5
H2342	hbo:2342a	tremble	H3205	hbo:3205a	giving.birth	similar	prior	0.5
H2344	hbo:2344	sand	H4246	hbo:4246	dancing(s)	similar	prior	0.5
H2344	hbo:2344	sand	H4234	hbo:4234	dancing	similar	prior	0.5
H2346	hbo:2346	wall	H4026	hbo:4026	towers	similar	high	0.769
H2346	hbo:2346	wall	H4013	hbo:4013	of.fortification	similar	high	0.75
H2346	hbo:2346	wall	H2426	hbo:2426	rampart	similar	prior	0.5
H2346	hbo:2346	wall	H2524	hbo:2524	father-in-law	similar	prior	0.5
H2346	hbo:2346	wall	H2545	hbo:2545	mother-in-law	similar	prior	0.5
H2347	hbo:2347	it.will.look.with.pity	H2550	hbo:2550	I.will.show.pity	similar	high	1.0
H2347	hbo:2347	it.will.look.with.pity	H7355	hbo:7355	I	similar	high	0.578
H2347	hbo:2347	it.will.look.with.pity	H2603	hbo:2603	show	similar	prior	0.5
H2348	hbo:2348	the.coast	H3220	hbo:3220	sea	similar	high	0.79
H2348	hbo:2348	the.coast	H1366	hbo:1366	border	similar	prior	0.5
H2348	hbo:2348	the.coast	H8193	hbo:8193	lips	similar	prior	0.5
H2348	hbo:2348	the.coast	H2653	hbo:2653	[he.is].covering	similar	prior	0.5
H2351	hbo:2351	outside	H2435	hbo:2435	outer	similar	high	0.8
H2351	hbo:2351	outside	H7339	hbo:7339	the.open.place	similar	high	0.667
H2352	hbo:2352	[the].hole	H2356	hbo:2356	holes	similar	prior	0.6
H2353	hbo:2353	white.cloth	H2355	hbo:2355a	white.cloth	similar	prior	0.6
H2353	hbo:2353	white.cloth	H2751	hbo:2751	of.white.bread	similar	prior	0.6
H2353	hbo:2353	white.cloth	H3836	hbo:3836	white	similar	prior	0.6
H2353	hbo:2353	white.cloth	H2357	hbo:2357	they.will.grow.pale	similar	prior	0.5
H2355	hbo:2355a	white.cloth	H3836	hbo:3836	white	similar	prior	0.6
H2355	hbo:2355a	white.cloth	H2751	hbo:2751	of.white.bread	similar	prior	0.6
H2357	hbo:2357	they.will.grow.pale	H2355	hbo:2355a	white.cloth	similar	prior	0.5
H2363	hbo:2363	make	H0926	hbo:0926	they	similar	prior	0.5
H2363	hbo:2363	make	H2648	hbo:2648	they	similar	prior	0.5
H2363	hbo:2363	make	H4116	hbo:4116	hurry	similar	prior	0.5
H2368	hbo:2368	of.a.seal	H2885	hbo:2885	rings	similar	prior	0.5
H2368	hbo:2368	of.a.seal	H2856	hbo:2856	seal.up	similar	prior	0.5
H2368	hbo:2368	of.a.seal	H2858	hbo:2858	seal	similar	prior	0.5
H2370	hbo:2370	seeing	H2379	hbo:2379	the.sight	similar	prior	0.5
H2372	hbo:2372	he.saw	H2384	hbo:2384	visions	similar	high	0.898
H2372	hbo:2372	he.saw	H2377	hbo:2377	vision	similar	high	0.844
H2372	hbo:2372	he.saw	H5027	hbo:5027	look	similar	high	0.818
H2372	hbo:2372	he.saw	H2374	hbo:2374	seer	similar	prior	0.6
H2372	hbo:2372	he.saw	H2380	hbo:2380	of.conspicuousness	similar	prior	0.6
H2372	hbo:2372	he.saw	H5030	hbo:5030	prophet	similar	prior	0.5
H2372	hbo:2372	he.saw	H5012	hbo:5012	prophesy	similar	prior	0.5
H2372	hbo:2372	he.saw	H4237	hbo:4237	window	similar	prior	0.5
H2372	hbo:2372	he.saw	H2378	hbo:2378	the.visions	similar	prior	0.5
H2373	hbo:2373	the.breast	H7785	hbo:7785	the.thigh	similar	high	1.0
H2373	hbo:2373	the.breast	H8573	hbo:8573	a.wave-offering	similar	high	0.973
H2374	hbo:2374	seer	H5030	hbo:5030	prophet	similar	high	1.0
H2374	hbo:2374	seer	H7203	hbo:7203	seer	similar	high	0.969
H2374	hbo:2374	seer	H5012	hbo:5012	prophesy	similar	high	0.825
H2374	hbo:2374	seer	H2384	hbo:2384	visions	similar	prior	0.6
H2376	hbo:2376	the.visions	H2380	hbo:2380	of.conspicuousness	similar	prior	0.5
H2377	hbo:2377	vision	H2372	hbo:2372	he.saw	similar	high	0.844
H2377	hbo:2377	vision	H2384	hbo:2384	visions	similar	high	0.74
H2377	hbo:2377	vision	H5016	hbo:5016	prophecy	similar	high	0.583
H2377	hbo:2377	vision	H4236	hbo:4236	a.vision	similar	prior	0.5
H2377	hbo:2377	vision	H2472	hbo:2472	a.dream	similar	prior	0.5
H2377	hbo:2377	vision	H4759	hbo:4759	vision	similar	prior	0.5
H2378	hbo:2378	the.visions	H2374	hbo:2374	seer	similar	prior	0.5
H2378	hbo:2378	the.visions	H2380	hbo:2380	of.conspicuousness	similar	prior	0.5
H2378	hbo:2378	the.visions	H2384	hbo:2384	visions	similar	prior	0.5
H2378	hbo:2378	the.visions	H4236	hbo:4236	a.vision	similar	prior	0.5
H2378	hbo:2378	the.visions	H2377	hbo:2377	vision	similar	prior	0.5
H2378	hbo:2378	the.visions	H4237	hbo:4237	window	similar	prior	0.5
H2379	hbo:2379	the.sight	H2376	hbo:2376	the.visions	similar	prior	0.5
H2380	hbo:2380	of.conspicuousness	H2384	hbo:2384	visions	similar	prior	0.5
H2380	hbo:2380	of.conspicuousness	H4236	hbo:4236	a.vision	similar	prior	0.5
H2384	hbo:2384	visions	H2372	hbo:2372	he.saw	similar	high	0.898
H2384	hbo:2384	visions	H2377	hbo:2377	vision	similar	high	0.74
H2384	hbo:2384	visions	H2380	hbo:2380	of.conspicuousness	similar	prior	0.6
H2384	hbo:2384	visions	H2374	hbo:2374	seer	similar	prior	0.5
H2385	hbo:2385	storm	H1300	hbo:1300	lightning	similar	prior	0.5
H2385	hbo:2385	storm	H5591	hbo:5591a	a.tempest	similar	prior	0.5
H2388	hbo:2388	be.strong	H2389	hbo:2389	strong	similar	high	0.843
H2388	hbo:2388	be.strong	H0553	hbo:0553	be.bold	similar	high	0.829
H2388	hbo:2388	be.strong	H8610	hbo:8610	he.seized	similar	high	0.761
H2388	hbo:2388	be.strong	H1396	hbo:1396	they.increased	similar	prior	0.5
H2388	hbo:2388	be.strong	H5582	hbo:5582	sustain	similar	prior	0.5
H2388	hbo:2388	be.strong	H1627	hbo:1627	throat	similar	prior	0.5
H2388	hbo:2388	be.strong	H2393	hbo:2393	to	similar	prior	0.5
H2388	hbo:2388	be.strong	H0539	hbo:0539	faithful	similar	prior	0.5
H2388	hbo:2388	be.strong	H5810	hbo:5810	it.prevailed	similar	prior	0.5
H2388	hbo:2388	be.strong	H8551	hbo:8551	[one.who].holds	similar	prior	0.5
H2388	hbo:2388	be.strong	H6484	hbo:6484	he.urged	similar	prior	0.5
H2388	hbo:2388	be.strong	H2391	hbo:2391	strength	similar	prior	0.5
H2388	hbo:2388	be.strong	H2390	hbo:2390	strong	similar	prior	0.5
H2389	hbo:2389	strong	H2388	hbo:2388	be.strong	similar	high	0.843
H2389	hbo:2389	strong	H2390	hbo:2390	strong	similar	prior	0.5
H2389	hbo:2389	strong	H2391	hbo:2391	strength	similar	prior	0.5
H2389	hbo:2389	strong	H2393	hbo:2393	to	similar	prior	0.5
H2390	hbo:2390	strong	H2391	hbo:2391	strength	similar	prior	0.5
H2390	hbo:2390	strong	H2392	hbo:2392	strength	similar	prior	0.5
H2390	hbo:2390	strong	H2394	hbo:2394	force	similar	prior	0.5
H2390	hbo:2390	strong	H2393	hbo:2393	to	similar	prior	0.5
H2392	hbo:2392	strength	H2391	hbo:2391	strength	similar	prior	0.5
H2393	hbo:2393	to	H1369	hbo:1369	strength	similar	prior	0.5
H2393	hbo:2393	to	H0553	hbo:0553	be.bold	similar	prior	0.5
H2393	hbo:2393	to	H2392	hbo:2392	strength	similar	prior	0.5
H2393	hbo:2393	to	H3581	hbo:3581	strength	similar	prior	0.5
H2393	hbo:2393	to	H2394	hbo:2394	force	similar	prior	0.5
H2393	hbo:2393	to	H2391	hbo:2391	strength	similar	prior	0.5
H2394	hbo:2394	force	H2391	hbo:2391	strength	similar	prior	0.5
H2394	hbo:2394	force	H2393	hbo:2393	to	similar	prior	0.5
H2394	hbo:2394	force	H2392	hbo:2392	strength	similar	prior	0.5
H2397	hbo:2397	hooks	H4964	hbo:4964	bridle	similar	high	0.714
H2398	hbo:2398	we.have.sinned	H2403	hbo:2403	sin	similar	high	1.0
H2398	hbo:2398	we.have.sinned	H0816	hbo:0816	he.will.be.guilty	similar	high	0.873
H2398	hbo:2398	we.have.sinned	H7684	hbo:7684	inadvertence	similar	high	0.762
H2398	hbo:2398	we.have.sinned	H2400	hbo:2400	sinners	similar	prior	0.5
H2398	hbo:2398	we.have.sinned	H5771	hbo:5771	iniquity	similar	prior	0.5
H2398	hbo:2398	we.have.sinned	H7686	hbo:7686	[one.who].leads.astray	similar	prior	0.5
H2398	hbo:2398	we.have.sinned	H7561	hbo:7561	we.have.acted.wickedly	similar	prior	0.5
H2398	hbo:2398	we.have.sinned	H5528	hbo:5528	I.have.acted.foolishly	similar	prior	0.5
H2398	hbo:2398	we.have.sinned	H0818	hbo:0818	a.guilty.[person]	similar	prior	0.5
H2399	hbo:2399	sin	H2401	hbo:2401	a.sin	similar	high	1.0
H2399	hbo:2399	sin	H2403	hbo:2403	sin	similar	high	1.0
H2399	hbo:2399	sin	H5771	hbo:5771	iniquity	similar	high	0.945
H2399	hbo:2399	sin	H6588	hbo:6588	transgressions	similar	high	0.811
H2399	hbo:2399	sin	H0817	hbo:0817	offering	similar	prior	0.5
H2399	hbo:2399	sin	H2400	hbo:2400	sinners	similar	prior	0.5
H2400	hbo:2400	sinners	H7563	hbo:7563	of.wicked.[people]	similar	high	0.937
H2400	hbo:2400	sinners	H6662	hbo:6662	righteous	antonym	recall	0.624
H2400	hbo:2400	sinners	H3971	hbo:3971a	a.blemish	similar	prior	0.5
H2401	hbo:2401	a.sin	H2399	hbo:2399	sin	similar	high	1.0
H2401	hbo:2401	a.sin	H6588	hbo:6588	transgressions	similar	high	0.931
H2401	hbo:2401	a.sin	H2403	hbo:2403	sin	similar	prior	0.6
H2401	hbo:2401	a.sin	H5771	hbo:5771	iniquity	similar	prior	0.5
H2402	hbo:2402	sin	H2409	hbo:2409	a.sin.offering	similar	prior	0.5
H2402	hbo:2402	sin	H2408	hbo:2408	sin	similar	prior	0.5
H2403	hbo:2403	sin	H2398	hbo:2398	we.have.sinned	similar	high	1.0
H2403	hbo:2403	sin	H3722	hbo:3722	he.will.make.atonement	similar	high	0.923
H2403	hbo:2403	sin	H0817	hbo:0817	offering	similar	high	0.887
H2403	hbo:2403	sin	H5930	hbo:5930	a.burnt.offering	similar	high	0.82
H2403	hbo:2403	sin	H3725	hbo:3725	atonement(s)	similar	high	0.797
H2403	hbo:2403	sin	H5771	hbo:5771	iniquity	similar	prior	0.5
H2403	hbo:2403	sin	H0819	hbo:0819	guilt	similar	prior	0.5
H2403	hbo:2403	sin	H6588	hbo:6588	transgressions	similar	prior	0.5
H2403	hbo:2403	sin	H2400	hbo:2400	sinners	similar	prior	0.5
H2404	hbo:2404	cutters	H6086	hbo:6086	wood(s)	similar	high	0.659
H2404	hbo:2404	cutters	H2672	hbo:2672b	stonemasons	similar	high	0.608
H2404	hbo:2404	cutters	H3772	hbo:3772	it.will.be.cut.off	similar	prior	0.5
H2406	hbo:2406	wheat(s)	H8184	hbo:8184	barley(s)	similar	high	0.983
H2406	hbo:2406	wheat(s)	H5742	hbo:5742	lentils	similar	high	0.778
H2409	hbo:2409	a.sin.offering	H2408	hbo:2408	sin	similar	prior	0.5
H2414	hbo:2414	you.will.seize	H2862	hbo:2862	he.will.snatch.away	similar	prior	0.6
H2414	hbo:2414	you.will.seize	H8610	hbo:8610	he.seized	similar	prior	0.5
H2414	hbo:2414	you.will.seize	H2963	hbo:2963	tear	similar	prior	0.5
H2414	hbo:2414	you.will.seize	H1497	hbo:1497	he.has.robbed	similar	prior	0.5
H2416	hbo:2416	[by].the.life	H2421	hbo:2421	he.lived	similar	high	1.0
H2416	hbo:2416	[by].the.life	H2424	hbo:2424	of.living	similar	prior	0.6
H2416	hbo:2416	[by].the.life	H4194	hbo:4194	death	antonym	recall	0.566
H2416	hbo:2416	[by].the.life	H2465	hbo:2465	lifespan	similar	prior	0.5
H2416	hbo:2416	[by].the.life	H2422	hbo:2422	[are].vigorous	similar	prior	0.5
H2416	hbo:2416a	living	H2421	hbo:2421	he.lived	similar	high	1.0
H2416	hbo:2416a	living	H0929	hbo:0929	livestock	similar	high	0.698
H2416	hbo:2416a	living	H8318	hbo:8318	thing	similar	high	0.614
H2416	hbo:2416a	living	H5775	hbo:5775	the.bird[s]	similar	high	0.608
H2416	hbo:2416a	living	H2424	hbo:2424	of.living	similar	prior	0.6
H2416	hbo:2416a	living	H2422	hbo:2422	[are].vigorous	similar	prior	0.5
H2416	hbo:2416c	the.animal[s]	H0929	hbo:0929	livestock	similar	high	0.939
H2416	hbo:2416c	the.animal[s]	H5775	hbo:5775	the.bird[s]	similar	high	0.929
H2416	hbo:2416c	the.animal[s]	H7431	hbo:7431	thing	similar	high	0.88
H2416	hbo:2416c	the.animal[s]	H8318	hbo:8318	thing	similar	high	0.734
H2416	hbo:2416c	the.animal[s]	H1709	hbo:1709	the.fish(es)	similar	high	0.732
H2416	hbo:2416c	the.animal[s]	H2424	hbo:2424	of.living	similar	prior	0.6
H2416	hbo:2416c	the.animal[s]	H4241	hbo:4241	preservation.of.life	similar	prior	0.5
H2416	hbo:2416c	the.animal[s]	H3351	hbo:3351	existence	similar	prior	0.5
H2416	hbo:2416d	life	H2424	hbo:2424	of.living	similar	prior	0.6
H2416	hbo:2416e	community	H2424	hbo:2424	of.living	similar	prior	0.6
H2416	hbo:2416e	community	H2416	hbo:2416	[by].the.life	similar	prior	0.5
H2416	hbo:2416e	community	H2416	hbo:2416a	living	similar	prior	0.5
H2416	hbo:2416e	community	H2422	hbo:2422	[are].vigorous	similar	prior	0.5
H2416	hbo:2416e	community	H2421	hbo:2421	he.lived	similar	prior	0.5
H2420	hbo:2420	riddle	H2330	hbo:2330	ask.a.riddle	similar	high	1.0
H2420	hbo:2420	riddle	H4912	hbo:4912	oracle	similar	high	0.772
H2420	hbo:2420	riddle	H4911	hbo:4911	speak.a.parable	similar	high	0.535
H2421	hbo:2421	he.lived	H2416	hbo:2416	[by].the.life	similar	high	1.0
H2421	hbo:2421	he.lived	H2416	hbo:2416a	living	similar	high	1.0
H2421	hbo:2421	he.lived	H4191	hbo:4191	he.died	antonym	recall	0.624
H2421	hbo:2421	he.lived	H2424	hbo:2424	of.living	similar	prior	0.5
H2421	hbo:2421	he.lived	H2422	hbo:2422	[are].vigorous	similar	prior	0.5
H2422	hbo:2422	[are].vigorous	H0724	hbo:0724	healing	similar	prior	0.6
H2422	hbo:2422	[are].vigorous	H2424	hbo:2424	of.living	similar	prior	0.5
H2423	hbo:2423	the	H2417	hbo:2417	the.living	similar	prior	0.5
H2423	hbo:2423	the	H2418	hbo:2418	live!	similar	prior	0.5
H2424	hbo:2424	of.living	H2421	hbo:2421	he.lived	similar	prior	0.6
H2426	hbo:2426	rampart	H2342	hbo:2342	dancers	similar	prior	0.5
H2426	hbo:2426	rampart	H2427	hbo:2427	anguish	similar	prior	0.5
H2426	hbo:2426	rampart	H4234	hbo:4234	dancing	similar	prior	0.5
H2426	hbo:2426	rampart	H4246	hbo:4246	dancing(s)	similar	prior	0.5
H2426	hbo:2426	rampart	H2479	hbo:2479	anguish	similar	prior	0.5
H2426	hbo:2426	rampart	H2344	hbo:2344	sand	similar	prior	0.5
H2427	hbo:2427	anguish	H2256	hbo:2256c	labor-pains	similar	high	0.688
H2427	hbo:2427	anguish	H7267	hbo:7267	turmoil	similar	prior	0.5
H2427	hbo:2427	anguish	H2731	hbo:2731	trembling	similar	prior	0.5
H2427	hbo:2427	anguish	H2342	hbo:2342	dancers	similar	prior	0.5
H2427	hbo:2427	anguish	H4234	hbo:4234	dancing	similar	prior	0.5
H2427	hbo:2427	anguish	H2479	hbo:2479	anguish	similar	prior	0.5
H2427	hbo:2427	anguish	H2344	hbo:2344	sand	similar	prior	0.5
H2427	hbo:2427	anguish	H4246	hbo:4246	dancing(s)	similar	prior	0.5
H2428	hbo:2428	of.strength	H1368	hbo:1368	warriors	similar	high	1.0
H2428	hbo:2428	of.strength	H1416	hbo:1416	band	similar	high	0.906
H2428	hbo:2428	of.strength	H6109	hbo:6109	power	similar	prior	0.5
H2428	hbo:2428	of.strength	H6635	hbo:6635	of.hosts	similar	prior	0.5
H2428	hbo:2428	of.strength	H3581	hbo:3581	strength	similar	prior	0.5
H2428	hbo:2428	of.strength	H1952	hbo:1952	wealth	similar	prior	0.5
H2428	hbo:2428	of.strength	H2342	hbo:2342a	tremble	similar	prior	0.5
H2433	hbo:2433	the.grace	H2594	hbo:2594	favor	similar	prior	0.5
H2433	hbo:2433	the.grace	H8467	hbo:8467	supplication	similar	prior	0.5
H2433	hbo:2433	the.grace	H8469	hbo:8469	supplications	similar	prior	0.5
H2433	hbo:2433	the.grace	H2589	hbo:2589	destruction	similar	prior	0.5
H2433	hbo:2433	the.grace	H2603	hbo:2603	show	similar	prior	0.5
H2433	hbo:2433	the.grace	H2587	hbo:2587	gracious	similar	prior	0.5
H2433	hbo:2433	the.grace	H2580	hbo:2580	favor	similar	prior	0.5
H2435	hbo:2435	outer	H6442	hbo:6442	inner	antonym	recall	0.856
H2436	hbo:2436	bosom	H7130	hbo:7130	midst	similar	prior	0.5
H2436	hbo:2436	bosom	H2220	hbo:2220	arm	similar	prior	0.5
H2441	hbo:2441	palate	H3956	hbo:3956	tongue	similar	high	0.724
H2443	hbo:2443	a.fish.hook	H4365	hbo:4365	his.fishing	similar	high	0.753
H2443	hbo:2443	a.fish.hook	H2764	hbo:2764a	net	similar	high	0.522
H2443	hbo:2443	a.fish.hook	H4685	hbo:4685	[is].snares	similar	prior	0.5
H2445	hbo:2445	the.wise.men	H3730	hbo:3730	a.bulb	similar	prior	0.5
H2448	hbo:2448	dullness	H2447	hbo:2447	dark	similar	prior	0.5
H2449	hbo:2449	you.are.wise	H0995	hbo:0995	understand	similar	high	0.876
H2449	hbo:2449	you.are.wise	H0998	hbo:0998	understanding	similar	high	0.841
H2449	hbo:2449	you.are.wise	H7919	hbo:7919	insight	similar	high	0.809
H2449	hbo:2449	you.are.wise	H3684	hbo:3684	a.fool	antonym	recall	0.734
H2449	hbo:2449	you.are.wise	H2454	hbo:2454	wisdom(s)	similar	prior	0.6
H2450	hbo:2450	wise	H2451	hbo:2451	wisdom	similar	high	1.0
H2450	hbo:2450	wise	H0995	hbo:0995	understand	similar	high	0.896
H2450	hbo:2450	wise	H7919	hbo:7919	insight	similar	high	0.827
H2450	hbo:2450	wise	H3684	hbo:3684	a.fool	antonym	recall	0.824
H2450	hbo:2450	wise	H0191	hbo:0191	a.fool	antonym	recall	0.749
H2450	hbo:2450	wise	H6612	hbo:6612	naive.people	antonym	recall	0.675
H2451	hbo:2451	wisdom	H0998	hbo:0998	understanding	similar	high	1.0
H2451	hbo:2451	wisdom	H2450	hbo:2450	wise	similar	high	1.0
H2451	hbo:2451	wisdom	H8394	hbo:8394	understanding	similar	high	0.996
H2451	hbo:2451	wisdom	H1847	hbo:1847	knowledge	similar	high	0.949
H2451	hbo:2451	wisdom	H7922	hbo:7922	insight	similar	high	0.809
H2451	hbo:2451	wisdom	H5531	hbo:5531	folly	antonym	recall	0.745
H2451	hbo:2451	wisdom	H1947	hbo:1947	madness(es)	antonym	recall	0.658
H2451	hbo:2451	wisdom	H2452	hbo:2452	wisdom	similar	prior	0.6
H2451	hbo:2451	wisdom	H2940	hbo:2940	taste	similar	prior	0.5
H2451	hbo:2451	wisdom	H4148	hbo:4148	discipline	similar	prior	0.5
H2451	hbo:2451	wisdom	H8454	hbo:8454	sound.wisdom	similar	prior	0.5
H2451	hbo:2451	wisdom	H7924	hbo:7924	insight	similar	prior	0.5
H2452	hbo:2452	wisdom	H2445	hbo:2445	the.wise.men	similar	prior	0.5
H2454	hbo:2454	wisdom(s)	H2451	hbo:2451	wisdom	similar	high	1.0
H2454	hbo:2454	wisdom(s)	H8394	hbo:8394	understanding	similar	high	0.704
H2454	hbo:2454	wisdom(s)	H0998	hbo:0998	understanding	similar	prior	0.5
H2455	hbo:2455	a.profane.thing	H2490	hbo:2490	he.began	similar	prior	0.5
H2455	hbo:2455	a.profane.thing	H6944	hbo:6944	holiness	antonym	recall	0.474
H2456	hbo:2456	he.became.sick	H8463	hbo:8463	diseases	similar	prior	0.5
H2459	hbo:2459	fat	H0451	hbo:0451	tail	similar	high	0.925
H2459	hbo:2459	fat	H4924	hbo:4924	fat.places	similar	prior	0.5
H2461	hbo:2461	of.milk	H1706	hbo:1706	honey	similar	high	1.0
H2461	hbo:2461	of.milk	H2529	hbo:2529	curd[s]	similar	high	0.802
H2465	hbo:2465	lifespan	H3117	hbo:3117	day	similar	prior	0.5
H2470	hbo:2470	he.became.sick	H2483	hbo:2483	sickness	similar	high	0.772
H2470	hbo:2470	he.became.sick	H7495	hbo:7495	heal	antonym	recall	0.517
H2470	hbo:2470	he.became.sick	H4251	hbo:4251	sicknesses	similar	prior	0.5
H2470	hbo:2470	he.became.sick	H4257	hbo:4257	machalath	similar	prior	0.5
H2470	hbo:2470	he.became.sick	H4245	hbo:4245	sickness	similar	prior	0.5
H2470	hbo:2470a	entreat	H6419	hbo:6419	pray	similar	high	0.797
H2471	hbo:2471	a.cake	H7550	hbo:7550	wafers	similar	high	1.0
H2471	hbo:2471	a.cake	H4682	hbo:4682	unleavened.bread(s)	similar	high	0.915
H2471	hbo:2471	a.cake	H2491	hbo:2491	slain	similar	prior	0.5
H2472	hbo:2472	a.dream	H6622	hbo:6622	he.interpreted	similar	high	0.864
H2472	hbo:2472	a.dream	H6623	hbo:6623	to.the.interpretation	similar	high	0.742
H2472	hbo:2472	a.dream	H2384	hbo:2384	visions	similar	prior	0.5
H2474	hbo:2474	windows	H4237	hbo:4237	window	similar	prior	0.5
H2474	hbo:2474	windows	H0699	hbo:0699	windows	similar	prior	0.5
H2474	hbo:2474	windows	H6672	hbo:6672a	noon(s)	similar	prior	0.5
H2474	hbo:2474	windows	H2485	hbo:2485	flutes	similar	prior	0.5
H2474	hbo:2474	windows	H4247	hbo:4247	holes	similar	prior	0.5
H2474	hbo:2474	windows	H2490	hbo:2490	he.began	similar	prior	0.5
H2474	hbo:2474	windows	H2491	hbo:2491	slain	similar	prior	0.5
H2474	hbo:2474	windows	H2471	hbo:2471	a.cake	similar	prior	0.5
H2476	hbo:2476	of.weakness	H2522	hbo:2522a	he.defeated	similar	prior	0.6
H2479	hbo:2479	anguish	H6735	hbo:6735b	pangs	similar	high	0.704
H2479	hbo:2479	anguish	H2342	hbo:2342a	tremble	similar	prior	0.5
H2479	hbo:2479	anguish	H3708	hbo:3708	provocation	similar	prior	0.5
H2479	hbo:2479	anguish	H2427	hbo:2427	anguish	similar	prior	0.5
H2479	hbo:2479	anguish	H2344	hbo:2344	sand	similar	prior	0.5
H2479	hbo:2479	anguish	H4234	hbo:4234	dancing	similar	prior	0.5
H2479	hbo:2479	anguish	H4246	hbo:4246	dancing(s)	similar	prior	0.5
H2479	hbo:2479	anguish	H2342	hbo:2342	dancers	similar	prior	0.5
H2481	hbo:2481	an.ornament	H5716	hbo:5716	ornament[s]	similar	prior	0.5
H2481	hbo:2481	an.ornament	H6781	hbo:6781	bracelets	similar	prior	0.5
H2481	hbo:2481	an.ornament	H2484	hbo:2484	jewelry	similar	prior	0.5
H2483	hbo:2483	sickness	H4245	hbo:4245	sickness	similar	high	0.807
H2483	hbo:2483	sickness	H2470	hbo:2470	he.became.sick	similar	high	0.772
H2483	hbo:2483	sickness	H8463	hbo:8463	diseases	similar	high	0.642
H2483	hbo:2483	sickness	H4832	hbo:4832	healing	antonym	recall	0.443
H2483	hbo:2483	sickness	H7495	hbo:7495	heal	antonym	recall	0.423
H2485	hbo:2485	flutes	H3658	hbo:3658	harps	similar	high	0.695
H2485	hbo:2485	flutes	H8596	hbo:8596	tambourines	similar	high	0.62
H2485	hbo:2485	flutes	H2471	hbo:2471	a.cake	similar	prior	0.5
H2485	hbo:2485	flutes	H2491	hbo:2491	slain	similar	prior	0.5
H2485	hbo:2485	flutes	H4247	hbo:4247	holes	similar	prior	0.5
H2487	hbo:2487	changes	H4171	hbo:4171	he.will.exchange	similar	prior	0.5
H2487	hbo:2487	changes	H2475	hbo:2475	of.passing.away	similar	prior	0.5
H2487	hbo:2487	changes	H4252	hbo:4252	knives	similar	prior	0.5
H2490	hbo:2490	he.began	H6942	hbo:6942	consecrate	antonym	recall	0.696
H2490	hbo:2490	he.began	H8462	hbo:8462	beginning	similar	prior	0.5
H2490	hbo:2490	he.began	H1856	hbo:1856	pierced.through	similar	prior	0.5
H2490	hbo:2490	he.began	H7225	hbo:7225	the.first	similar	prior	0.5
H2490	hbo:2490	he.began	H2491	hbo:2491	slain	similar	prior	0.5
H2490	hbo:2490	he.began	H2471	hbo:2471	a.cake	similar	prior	0.5
H2490	hbo:2490	he.began	H2485	hbo:2485	flutes	similar	prior	0.5
H2490	hbo:2490	he.began	H4247	hbo:4247	holes	similar	prior	0.5
H2491	hbo:2491	slain	H2026	hbo:2026	kill	similar	high	0.611
H2491	hbo:2491a	a.[woman].profaned	H4191	hbo:4191	he.died	similar	prior	0.5
H2491	hbo:2491a	a.[woman].profaned	H8462	hbo:8462	beginning	similar	prior	0.5
H2491	hbo:2491a	a.[woman].profaned	H2455	hbo:2455	a.profane.thing	similar	prior	0.5
H2491	hbo:2491a	a.[woman].profaned	H2490	hbo:2490	he.began	similar	prior	0.5
H2492	hbo:2492a	I.have.dreamed	H2377	hbo:2377	vision	similar	high	0.549
H2492	hbo:2492a	I.have.dreamed	H2384	hbo:2384	visions	similar	prior	0.5
H2492	hbo:2492a	I.have.dreamed	H8142	hbo:8142	sleep	similar	prior	0.5
H2492	hbo:2492a	I.have.dreamed	H2372	hbo:2372	he.saw	similar	prior	0.5
H2492	hbo:2492a	I.have.dreamed	H2493	hbo:2493	the	similar	prior	0.5
H2496	hbo:2496	flint	H5553	hbo:5553	rock	similar	high	0.545
H2498	hbo:2498	he.changed	H5674	hbo:5674a	he.was.furious	similar	prior	0.5
H2498	hbo:2498	he.changed	H4252	hbo:4252	knives	similar	prior	0.5
H2498	hbo:2498	he.changed	H2475	hbo:2475	of.passing.away	similar	prior	0.5
H2498	hbo:2498	he.changed	H2487	hbo:2487	changes	similar	prior	0.5
H2498	hbo:2498	he.changed	H4253	hbo:4253	the.plaits	similar	prior	0.5
H2499	hbo:2499	they.will.pass	H2498	hbo:2498	he.changed	similar	prior	0.6
H2502	hbo:2502	I	H5337	hbo:5337	deliver	similar	high	0.768
H2502	hbo:2502	I	H4254	hbo:4254	robes	similar	prior	0.5
H2502	hbo:2502	I	H2488	hbo:2488	spoil	similar	prior	0.5
H2502	hbo:2502a	equipped	H6635	hbo:6635	of.hosts	similar	prior	0.5
H2502	hbo:2502a	equipped	H2504	hbo:2504	loins	similar	prior	0.5
H2504	hbo:2504	loins	H4975	hbo:4975	loins	similar	high	0.842
H2505	hbo:2505	it.will.be.divided	H5157	hbo:5157	they.will.inherit	similar	high	0.812
H2505	hbo:2505	it.will.be.divided	H1486	hbo:1486	lot	similar	high	0.729
H2505	hbo:2505	it.will.be.divided	H6266	hbo:6266	magnificent	similar	prior	0.5
H2505	hbo:2505	it.will.be.divided	H2673	hbo:2673	he.divided	similar	prior	0.5
H2505	hbo:2505	it.will.be.divided	H4256	hbo:4256	division	similar	prior	0.5
H2505	hbo:2505a	she.makes.smooth	H6266	hbo:6266	magnificent	similar	prior	0.5
H2506	hbo:2506	portion	H5159	hbo:5159	inheritance	similar	high	0.797
H2506	hbo:2506	portion	H4521	hbo:4521	the.portion	similar	high	0.732
H2506	hbo:2506	portion	H2256	hbo:2256	ropes	similar	prior	0.5
H2506	hbo:2506	portion	H2509	hbo:2509	smooth	similar	prior	0.5
H2506	hbo:2506	portion	H2515	hbo:2515	a.division	similar	prior	0.5
H2506	hbo:2506	portion	H2505	hbo:2505a	she.makes.smooth	similar	prior	0.5
H2506	hbo:2506	portion	H4256	hbo:4256	division	similar	prior	0.5
H2506	hbo:2506	portion	H2514	hbo:2514	flattering.[words]	similar	prior	0.5
H2506	hbo:2506	portion	H2513	hbo:2513	the.portion	similar	prior	0.5
H2509	hbo:2509	smooth	H2519	hbo:2519	intrigues	similar	prior	0.5
H2512	hbo:2512	smooth.[ones]	H2509	hbo:2509	smooth	similar	prior	0.6
H2512	hbo:2512	smooth.[ones]	H2514	hbo:2514	flattering.[words]	similar	prior	0.5
H2512	hbo:2512	smooth.[ones]	H2519	hbo:2519	intrigues	similar	prior	0.5
H2512	hbo:2512	smooth.[ones]	H2505	hbo:2505a	she.makes.smooth	similar	prior	0.5
H2512	hbo:2512	smooth.[ones]	H2506	hbo:2506	portion	similar	prior	0.5
H2513	hbo:2513	the.portion	H7704	hbo:7704	field	similar	high	0.716
H2513	hbo:2513	the.portion	H2505	hbo:2505	it.will.be.divided	similar	prior	0.6
H2513	hbo:2513	the.portion	H4256	hbo:4256	division	similar	prior	0.6
H2513	hbo:2513	the.portion	H5159	hbo:5159	inheritance	similar	high	0.563
H2513	hbo:2513	the.portion	H2506	hbo:2506	portion	similar	prior	0.5
H2513	hbo:2513	the.portion	H2509	hbo:2509	smooth	similar	prior	0.5
H2513	hbo:2513	the.portion	H2256	hbo:2256	ropes	similar	prior	0.5
H2513	hbo:2513	the.portion	H2515	hbo:2515	a.division	similar	prior	0.5
H2514	hbo:2514	flattering.[words]	H2509	hbo:2509	smooth	similar	prior	0.5
H2514	hbo:2514	flattering.[words]	H2505	hbo:2505a	she.makes.smooth	similar	prior	0.5
H2514	hbo:2514	flattering.[words]	H2519	hbo:2519	intrigues	similar	prior	0.5
H2515	hbo:2515	a.division	H6390	hbo:6390	the.divisions	similar	prior	0.5
H2515	hbo:2515	a.division	H2505	hbo:2505	it.will.be.divided	similar	prior	0.5
H2515	hbo:2515	a.division	H4256	hbo:4256	division	similar	prior	0.5
H2519	hbo:2519	intrigues	H2505	hbo:2505a	she.makes.smooth	similar	prior	0.5
H2523	hbo:2523	[man]	H2476	hbo:2476	of.weakness	similar	prior	0.5
H2524	hbo:2524	father-in-law	H2545	hbo:2545	mother-in-law	similar	prior	0.5
H2524	hbo:2524	father-in-law	H1730	hbo:1730	lover	similar	prior	0.5
H2525	hbo:2525	[are].hot	H2527	hbo:2527	heat	similar	prior	0.6
H2525	hbo:2525	[are].hot	H2535	hbo:2535	sun	similar	prior	0.6
H2525	hbo:2525	[are].hot	H2552	hbo:2552	it.was.warm	similar	prior	0.6
H2527	hbo:2527	heat	H2535	hbo:2535	sun	similar	prior	0.6
H2527	hbo:2527	heat	H2534	hbo:2534	rage	similar	prior	0.6
H2527	hbo:2527	heat	H3179	hbo:3179	they.were.in.heat	similar	prior	0.5
H2527	hbo:2527	heat	H2529	hbo:2529	curd[s]	similar	prior	0.5
H2527	hbo:2527	heat	H2525	hbo:2525	[are].hot	similar	prior	0.5
H2528	hbo:2528	anger	H2534	hbo:2534	rage	similar	prior	0.6
H2528	hbo:2528	anger	H2527	hbo:2527	heat	similar	prior	0.6
H2528	hbo:2528	anger	H2535	hbo:2535	sun	similar	prior	0.6
H2529	hbo:2529	curd[s]	H2461	hbo:2461	of.milk	similar	high	0.802
H2529	hbo:2529	curd[s]	H8081	hbo:8081	oil	similar	prior	0.5
H2530	hbo:2530	desirable	H4261	hbo:4261	the.desire	similar	prior	0.6
H2530	hbo:2530	desirable	H8378	hbo:8378	[the].desire	similar	prior	0.5
H2530	hbo:2530a	of.preciousness(es)	H3368	hbo:3368	precious	similar	high	0.572
H2530	hbo:2530a	of.preciousness(es)	H8669	hbo:8669	desire	similar	prior	0.5
H2530	hbo:2530a	of.preciousness(es)	H4262	hbo:4262	things	similar	prior	0.5
H2530	hbo:2530a	of.preciousness(es)	H4261	hbo:4261	the.desire	similar	prior	0.5
H2530	hbo:2530a	of.preciousness(es)	H2530	hbo:2530	desirable	similar	prior	0.5
H2531	hbo:2531	of.desire	H2530	hbo:2530	desirable	similar	prior	0.6
H2531	hbo:2531	of.desire	H2532	hbo:2532	of.preciousness	similar	prior	0.5
H2531	hbo:2531	of.desire	H8378	hbo:8378	[the].desire	similar	prior	0.5
H2531	hbo:2531	of.desire	H4262	hbo:4262	things	similar	prior	0.5
H2531	hbo:2531	of.desire	H2530	hbo:2530a	of.preciousness(es)	similar	prior	0.5
H2531	hbo:2531	of.desire	H4261	hbo:4261	the.desire	similar	prior	0.5
H2532	hbo:2532	of.preciousness	H4261	hbo:4261	the.desire	similar	high	0.774
H2532	hbo:2532	of.preciousness	H2530	hbo:2530a	of.preciousness(es)	similar	prior	0.6
H2532	hbo:2532	of.preciousness	H8378	hbo:8378	[the].desire	similar	prior	0.5
H2532	hbo:2532	of.preciousness	H4262	hbo:4262	things	similar	prior	0.5
H2532	hbo:2532	of.preciousness	H2530	hbo:2530	desirable	similar	prior	0.5
H2534	hbo:2534	rage	H0639	hbo:0639	anger	similar	high	0.945
H2534	hbo:2534	rage	H5678	hbo:5678	fury	similar	high	0.89
H2534	hbo:2534	rage	H2740	hbo:2740	the.burning	similar	high	0.865
H2534	hbo:2534	rage	H2195	hbo:2195	indignation	similar	high	0.808
H2534	hbo:2534	rage	H7068	hbo:7068	jealousy	similar	high	0.726
H2534	hbo:2534	rage	H2535	hbo:2535	sun	similar	prior	0.6
H2534	hbo:2534	rage	H7267	hbo:7267	turmoil	similar	prior	0.5
H2534	hbo:2534	rage	H2152	hbo:2152	[the].burning.heat(s)	similar	prior	0.5
H2534	hbo:2534	rage	H2750	hbo:2750	heat	similar	prior	0.5
H2534	hbo:2534	rage	H2529	hbo:2529	curd[s]	similar	prior	0.5
H2534	hbo:2534	rage	H3179	hbo:3179	they.were.in.heat	similar	prior	0.5
H2535	hbo:2535	sun	H3842	hbo:3842	moon	antonym	recall	0.774
H2535	hbo:2535	sun	H8121	hbo:8121	sun	similar	high	0.662
H2535	hbo:2535	sun	H7135	hbo:7135	coldness	similar	prior	0.6
H2535	hbo:2535	sun	H2527	hbo:2527	heat	similar	prior	0.5
H2535	hbo:2535	sun	H2525	hbo:2525	[are].hot	similar	prior	0.5
H2543	hbo:2543	donkey	H1581	hbo:1581	camels	similar	high	0.898
H2543	hbo:2543	donkey	H7794	hbo:7794	an.ox	similar	high	0.868
H2543	hbo:2543	donkey	H6505	hbo:6505	mules	similar	high	0.849
H2543	hbo:2543	donkey	H5483	hbo:5483	horses	similar	prior	0.5
H2543	hbo:2543	donkey	H6629	hbo:6629	sheep	similar	prior	0.5
H2543	hbo:2543	donkey	H5895	hbo:5895	male.donkeys	similar	prior	0.5
H2543	hbo:2543	donkey	H2560	hbo:2560	they.are.in.turmoil	similar	prior	0.5
H2543	hbo:2543	donkey	H3180	hbo:3180	roe-deer	similar	prior	0.5
H2545	hbo:2545	mother-in-law	H3618	hbo:3618	daughter-in-law	similar	high	0.666
H2545	hbo:2545	mother-in-law	H2524	hbo:2524	father-in-law	similar	prior	0.5
H2548	hbo:2548	salted	H2558	hbo:2558	vinegar	similar	prior	0.5
H2548	hbo:2548	salted	H2556	hbo:2556	it.was.leavened	similar	prior	0.5
H2548	hbo:2548	salted	H2557	hbo:2557	leaven	similar	prior	0.5
H2550	hbo:2550	I.will.show.pity	H2347	hbo:2347	it.will.look.with.pity	similar	high	1.0
H2550	hbo:2550	I.will.show.pity	H7355	hbo:7355	I	similar	high	0.821
H2550	hbo:2550	I.will.show.pity	H4263	hbo:4263	the.love	similar	prior	0.5
H2551	hbo:2551a	compassion	H2550	hbo:2550	I.will.show.pity	similar	prior	0.5
H2551	hbo:2551a	compassion	H4263	hbo:4263	the.love	similar	prior	0.5
H2552	hbo:2552	it.was.warm	H2535	hbo:2535	sun	similar	prior	0.6
H2552	hbo:2552	it.was.warm	H2525	hbo:2525	[are].hot	similar	prior	0.5
H2552	hbo:2552	it.was.warm	H2553	hbo:2553	altars	similar	prior	0.5
H2553	hbo:2553	altars	H1544	hbo:1544	idols	similar	high	0.684
H2553	hbo:2553	altars	H2525	hbo:2525	[are].hot	similar	prior	0.5
H2553	hbo:2553	altars	H2535	hbo:2535	sun	similar	prior	0.5
H2553	hbo:2553	altars	H2527	hbo:2527	heat	similar	prior	0.5
H2554	hbo:2554	they.have.treated.violently	H8464	hbo:8464	owl	similar	prior	0.5
H2555	hbo:2555	violence	H7562	hbo:7562	wickedness	similar	high	0.881
H2555	hbo:2555	violence	H7701	hbo:7701	devastation	similar	high	0.727
H2555	hbo:2555	violence	H5039	hbo:5039	disgraceful.folly	similar	prior	0.5
H2555	hbo:2555	violence	H7564	hbo:7564	wickedness	similar	prior	0.5
H2555	hbo:2555	violence	H1497	hbo:1497	he.has.robbed	similar	prior	0.5
H2556	hbo:2556	it.was.leavened	H2558	hbo:2558	vinegar	similar	prior	0.5
H2556	hbo:2556	it.was.leavened	H7603	hbo:7603	leaven	similar	high	0.499
H2557	hbo:2557	leaven	H7603	hbo:7603	leaven	similar	high	1.0
H2557	hbo:2557	leaven	H4682	hbo:4682	unleavened.bread(s)	antonym	recall	0.696
H2558	hbo:2558	vinegar	H3196	hbo:3196	wine	similar	high	0.737
H2559	hbo:2559	will	H2542	hbo:2542	the.curves	similar	prior	0.5
H2561	hbo:2561	wine	H6071	hbo:6071	sweet.wine	similar	prior	0.5
H2561	hbo:2561	wine	H2560	hbo:2560	they.are.in.turmoil	similar	prior	0.5
H2563	hbo:2563	the.homer	H3734	hbo:3734	cor[s]	similar	high	0.696
H2563	hbo:2563	the.homer	H5429	hbo:5429	a.seah	similar	high	0.664
H2563	hbo:2563	the.homer	H2564	hbo:2564	bitumen	similar	high	0.617
H2563	hbo:2563b	clay	H2916	hbo:2916	mud	similar	high	0.815
H2563	hbo:2563b	clay	H2561	hbo:2561	wine	similar	prior	0.5
H2563	hbo:2563b	clay	H2564	hbo:2564	bitumen	similar	prior	0.5
H2564	hbo:2564	bitumen	H2203	hbo:2203	pitch	similar	high	0.739
H2564	hbo:2564	bitumen	H2563	hbo:2563	the.homer	similar	high	0.617
H2564	hbo:2564	bitumen	H2561	hbo:2561	wine	similar	prior	0.5
H2564	hbo:2564	bitumen	H2560	hbo:2560	they.are.in.turmoil	similar	prior	0.5
H2565	hbo:2565a	a.heap	H2563	hbo:2563	the.homer	similar	prior	0.5
H2567	hbo:2567	he.will.take.a.fifth.of	H2569	hbo:2569	part	similar	prior	0.5
H2573	hbo:2573	skin	H4997	hbo:4997	a.skin-bottle	similar	prior	0.5
H2580	hbo:2580	favor	H8469	hbo:8469	supplications	similar	prior	0.6
H2580	hbo:2580	favor	H2594	hbo:2594	favor	similar	prior	0.6
H2580	hbo:2580	favor	H2603	hbo:2603	show	similar	prior	0.6
H2580	hbo:2580	favor	H8467	hbo:8467	supplication	similar	prior	0.6
H2580	hbo:2580	favor	H2617	hbo:2617	loyalty	similar	prior	0.5
H2580	hbo:2580	favor	H7522	hbo:7522	favor	similar	prior	0.5
H2583	hbo:2583	they.encamped	H4264	hbo:4264	camp	similar	high	0.937
H2583	hbo:2583	they.encamped	H5265	hbo:5265	they.set.out	antonym	recall	0.898
H2583	hbo:2583	they.encamped	H8466	hbo:8466	encampment	similar	prior	0.6
H2583	hbo:2583	they.encamped	H1481	hbo:1481	sojourn	similar	prior	0.5
H2583	hbo:2583	they.encamped	H3427	hbo:3427	the.inhabitants	similar	prior	0.5
H2587	hbo:2587	gracious	H7349	hbo:7349	compassionate	similar	high	1.0
H2587	hbo:2587	gracious	H2617	hbo:2617	loyalty	similar	high	0.712
H2587	hbo:2587	gracious	H2580	hbo:2580	favor	similar	prior	0.5
H2587	hbo:2587	gracious	H8469	hbo:8469	supplications	similar	prior	0.5
H2588	hbo:2588	cells	H8466	hbo:8466	encampment	similar	prior	0.5
H2588	hbo:2588	cells	H2583	hbo:2583	they.encamped	similar	prior	0.5
H2589	hbo:2589	destruction	H2587	hbo:2587	gracious	similar	prior	0.5
H2589	hbo:2589	destruction	H2603	hbo:2603	show	similar	prior	0.5
H2589	hbo:2589	destruction	H2594	hbo:2594	favor	similar	prior	0.5
H2589	hbo:2589	destruction	H2580	hbo:2580	favor	similar	prior	0.5
H2589	hbo:2589	destruction	H8467	hbo:8467	supplication	similar	prior	0.5
H2589	hbo:2589	destruction	H8469	hbo:8469	supplications	similar	prior	0.5
H2590	hbo:2590	embalm	H6912	hbo:6912	he.was.buried	similar	high	0.623
H2590	hbo:2590	embalm	H2406	hbo:2406	wheat(s)	similar	prior	0.5
H2593	hbo:2593	men	H2598	hbo:2598	the.dedication	similar	prior	0.5
H2593	hbo:2593	men	H2443	hbo:2443	a.fish.hook	similar	prior	0.5
H2594	hbo:2594	favor	H2580	hbo:2580	favor	similar	prior	0.5
H2594	hbo:2594	favor	H8469	hbo:8469	supplications	similar	prior	0.5
H2594	hbo:2594	favor	H2587	hbo:2587	gracious	similar	prior	0.5
H2595	hbo:2595	spear	H7420	hbo:7420	spears	similar	high	0.641
H2595	hbo:2595	spear	H2719	hbo:2719	sword	similar	high	0.633
H2595	hbo:2595	spear	H2588	hbo:2588	cells	similar	prior	0.5
H2595	hbo:2595	spear	H4264	hbo:4264	camp	similar	prior	0.5
H2595	hbo:2595	spear	H8466	hbo:8466	encampment	similar	prior	0.5
H2595	hbo:2595	spear	H2583	hbo:2583	they.encamped	similar	prior	0.5
H2596	hbo:2596	they.dedicated	H2598	hbo:2598	the.dedication	similar	prior	0.6
H2596	hbo:2596	they.dedicated	H2593	hbo:2593	men	similar	prior	0.5
H2596	hbo:2596	they.dedicated	H2443	hbo:2443	a.fish.hook	similar	prior	0.5
H2598	hbo:2598	the.dedication	H2443	hbo:2443	a.fish.hook	similar	prior	0.5
H2603	hbo:2603	show	H7355	hbo:7355	I	similar	high	0.949
H2603	hbo:2603	show	H2589	hbo:2589	destruction	similar	prior	0.6
H2603	hbo:2603	show	H2594	hbo:2594	favor	similar	prior	0.6
H2603	hbo:2603	show	H2470	hbo:2470a	entreat	similar	prior	0.5
H2603	hbo:2603	show	H2550	hbo:2550	I.will.show.pity	similar	prior	0.5
H2603	hbo:2603	show	H2580	hbo:2580	favor	similar	prior	0.5
H2603	hbo:2603	show	H2587	hbo:2587	gracious	similar	prior	0.5
H2610	hbo:2610	it.was.polluted	H2613	hbo:2613	wicked.behavior	similar	prior	0.6
H2610	hbo:2610	it.was.polluted	H2611	hbo:2611	godless	similar	prior	0.6
H2610	hbo:2610	it.was.polluted	H2930	hbo:2930	he.will.be.unclean	similar	prior	0.5
H2610	hbo:2610	it.was.polluted	H1351	hbo:1351	they.were.defiled	similar	prior	0.5
H2610	hbo:2610	it.was.polluted	H2612	hbo:2612	godlessness	similar	prior	0.5
H2611	hbo:2611	godless	H2613	hbo:2613	wicked.behavior	similar	prior	0.6
H2612	hbo:2612	godlessness	H2611	hbo:2611	godless	similar	prior	0.6
H2612	hbo:2612	godlessness	H2613	hbo:2613	wicked.behavior	similar	prior	0.6
H2612	hbo:2612	godlessness	H2610	hbo:2610	it.was.polluted	similar	prior	0.6
H2613	hbo:2613	wicked.behavior	H2611	hbo:2611	godless	similar	prior	0.5
H2616	hbo:2616	you.show.yourself.faithful	H2618	hbo:2618	Hesed	similar	prior	0.6
H2616	hbo:2616	you.show.yourself.faithful	H2623	hbo:2623	your.faithful	similar	prior	0.5
H2616	hbo:2616	you.show.yourself.faithful	H2624	hbo:2624	stork	similar	prior	0.5
H2616	hbo:2616	you.show.yourself.faithful	H2617	hbo:2617	loyalty	similar	prior	0.5
H2617	hbo:2617	loyalty	H0571	hbo:0571	faithfulness	similar	high	1.0
H2617	hbo:2617	loyalty	H7356	hbo:7356	compassion(s)	similar	high	0.999
H2617	hbo:2617	loyalty	H6666	hbo:6666	righteousness	similar	high	0.965
H2617	hbo:2617	loyalty	H2623	hbo:2623	your.faithful	similar	high	0.954
H2617	hbo:2617	loyalty	H6664	hbo:6664	righteousness	similar	high	0.884
H2617	hbo:2617	loyalty	H0530	hbo:0530	faithfulness	similar	high	0.783
H2617	hbo:2617	loyalty	H2616	hbo:2616	you.show.yourself.faithful	similar	prior	0.6
H2617	hbo:2617	loyalty	H2618	hbo:2618	Hesed	similar	prior	0.6
H2617	hbo:2617	loyalty	H0160	hbo:0160	love	similar	prior	0.5
H2617	hbo:2617	loyalty	H7522	hbo:7522	favor	similar	prior	0.5
H2617	hbo:2617	loyalty	H5082	hbo:5082	noble.deeds	similar	prior	0.5
H2617	hbo:2617	loyalty	H0529	hbo:0529a	faithful.[people]	similar	prior	0.5
H2617	hbo:2617	loyalty	H1285	hbo:1285	covenant	similar	prior	0.5
H2617	hbo:2617	loyalty	H2624	hbo:2624	stork	similar	prior	0.5
H2620	hbo:2620	I.take.refuge	H4268	hbo:4268	refuge	similar	high	1.0
H2620	hbo:2620	I.take.refuge	H0982	hbo:0982	trust	similar	high	0.88
H2620	hbo:2620	I.take.refuge	H4869	hbo:4869	refuge	similar	high	0.846
H2620	hbo:2620	I.take.refuge	H5797	hbo:5797	strength	similar	high	0.73
H2622	hbo:2622	refuge	H2620	hbo:2620	I.take.refuge	similar	prior	0.5
H2623	hbo:2623	your.faithful	H2617	hbo:2617	loyalty	similar	high	0.954
H2623	hbo:2623	your.faithful	H3477	hbo:3477	right	similar	high	0.857
H2623	hbo:2623	your.faithful	H6662	hbo:6662	righteous	similar	high	0.813
H2623	hbo:2623	your.faithful	H8535	hbo:8535	blameless	similar	prior	0.5
H2624	hbo:2624	stork	H3284	hbo:3284	of.an.ostrich	similar	prior	0.5
H2624	hbo:2624	stork	H0344	hbo:0344	kite	similar	prior	0.5
H2624	hbo:2624	stork	H2623	hbo:2623	your.faithful	similar	prior	0.5
H2625	hbo:2625	locust[s]	H1501	hbo:1501	locust	similar	high	0.865
H2625	hbo:2625	locust[s]	H0697	hbo:0697	locust[s]	similar	high	0.853
H2625	hbo:2625	locust[s]	H3218	hbo:3218	locust[s]	similar	high	0.82
H2625	hbo:2625	locust[s]	H7711	hbo:7711a	blight	similar	high	0.719
H2625	hbo:2625	locust[s]	H3420	hbo:3420	mildew	similar	high	0.713
H2625	hbo:2625	locust[s]	H2628	hbo:2628	it	similar	prior	0.5
H2629	hbo:2629	you.will.muzzle	H4269	hbo:4269	a.muzzle	similar	prior	0.6
H2630	hbo:2630	it.will.be.hoarded	H2633	hbo:2633	wealth	similar	prior	0.6
H2630	hbo:2630	it.will.be.hoarded	H2634	hbo:2634	strong	similar	prior	0.5
H2630	hbo:2630	it.will.be.hoarded	H2626	hbo:2626	[is].mighty	similar	prior	0.5
H2631	hbo:2631	they.will.take.possession.of	H2632	hbo:2632	the	similar	prior	0.5
H2632	hbo:2632	the	H8633	hbo:8633	the.power	similar	prior	0.5
H2633	hbo:2633	wealth	H1952	hbo:1952	wealth	similar	high	0.664
H2633	hbo:2633	wealth	H6239	hbo:6239	wealth	similar	prior	0.5
H2633	hbo:2633	wealth	H2630	hbo:2630	it.will.be.hoarded	similar	prior	0.5
H2633	hbo:2633	wealth	H2626	hbo:2626	[is].mighty	similar	prior	0.5
H2633	hbo:2633	wealth	H2634	hbo:2634	strong	similar	prior	0.5
H2634	hbo:2634	strong	H2626	hbo:2626	[is].mighty	similar	prior	0.5
H2635	hbo:2635	the	H6523	hbo:6523	the	similar	high	1.0
H2635	hbo:2635	the	H3702	hbo:3702	(the)	similar	high	1.0
H2635	hbo:2635	the	H5174	hbo:5174	bronze	similar	high	0.956
H2635	hbo:2635	the	H1722	hbo:1722	of.(the)	similar	prior	0.5
H2637	hbo:2637	it.will.be.lacking	H2638	hbo:2638	lacking	similar	high	0.877
H2637	hbo:2637	it.will.be.lacking	H4270	hbo:4270	lack	similar	high	0.745
H2637	hbo:2637	it.will.be.lacking	H4591	hbo:4591	who].made.little	similar	high	0.602
H2637	hbo:2637	it.will.be.lacking	H2639	hbo:2639	poverty	similar	prior	0.6
H2637	hbo:2637	it.will.be.lacking	H2640	hbo:2640	lack	similar	prior	0.5
H2637	hbo:2637	it.will.be.lacking	H2642	hbo:2642	something.missing	similar	prior	0.5
H2638	hbo:2638	lacking	H4270	hbo:4270	lack	similar	prior	0.5
H2638	hbo:2638	lacking	H2639	hbo:2639	poverty	similar	prior	0.5
H2639	hbo:2639	poverty	H2638	hbo:2638	lacking	similar	prior	0.6
H2640	hbo:2640	lack	H4270	hbo:4270	lack	similar	prior	0.5
H2640	hbo:2640	lack	H2637	hbo:2637	it.will.be.lacking	similar	prior	0.5
H2640	hbo:2640	lack	H2639	hbo:2639	poverty	similar	prior	0.5
H2640	hbo:2640	lack	H2638	hbo:2638	lacking	similar	prior	0.5
H2642	hbo:2642	something.missing	H4270	hbo:4270	lack	similar	prior	0.5
H2642	hbo:2642	something.missing	H2640	hbo:2640	lack	similar	prior	0.5
H2642	hbo:2642	something.missing	H2638	hbo:2638	lacking	similar	prior	0.5
H2642	hbo:2642	something.missing	H2639	hbo:2639	poverty	similar	prior	0.5
H2645	hbo:2645	he.overlaid	H6823	hbo:6823	he.overlaid	similar	high	0.832
H2646	hbo:2646	chamber	H2645	hbo:2645	he.overlaid	similar	prior	0.6
H2646	hbo:2646	chamber	H2653	hbo:2653	[he.is].covering	similar	prior	0.5
H2646	hbo:2646	chamber	H2348	hbo:2348	the.coast	similar	prior	0.5
H2648	hbo:2648	they	H0926	hbo:0926	they	similar	high	0.658
H2648	hbo:2648	they	H0213	hbo:0213	[one.who].hastens	similar	prior	0.5
H2649	hbo:2649	haste	H4116	hbo:4116	hurry	similar	prior	0.5
H2649	hbo:2649	haste	H2363	hbo:2363a	will.he.enjoy	similar	prior	0.5
H2649	hbo:2649	haste	H2648	hbo:2648	they	similar	prior	0.5
H2651	hbo:2651	of.[the].hollow.of.hands	H3709	hbo:3709	palms	similar	high	0.627
H2654	hbo:2654	he.delights	H2656	hbo:2656	desire	similar	high	1.0
H2654	hbo:2654	he.delights	H7521	hbo:7521	he	similar	high	0.777
H2654	hbo:2654	he.delights	H0157	hbo:0157	love	similar	high	0.695
H2654	hbo:2654	he.delights	H3988	hbo:3988	you.have.rejected	antonym	recall	0.559
H2654	hbo:2654	he.delights	H2974	hbo:2974	be.willing	similar	prior	0.5
H2654	hbo:2654	he.delights	H8378	hbo:8378	[the].desire	similar	prior	0.5
H2654	hbo:2654	he.delights	H2836	hbo:2836	he.desired	similar	prior	0.5
H2654	hbo:2654	he.delights	H0014	hbo:0014	he.was.willing	similar	prior	0.5
H2654	hbo:2654	he.delights	H2837	hbo:2837	the.desire	similar	prior	0.5
H2656	hbo:2656	desire	H2654	hbo:2654	he.delights	similar	high	1.0
H2656	hbo:2656	desire	H8378	hbo:8378	[the].desire	similar	prior	0.5
H2656	hbo:2656	desire	H7522	hbo:7522	favor	similar	prior	0.5
H2658	hbo:2658	they.dug	H3738	hbo:3738	they.have.dug	similar	high	0.799
H2658	hbo:2658	they.dug	H2661	hbo:2661a	digging	similar	prior	0.5
H2659	hbo:2659	may.they.be.abashed	H0954	hbo:0954	they.will.be.ashamed	similar	high	0.945
H2659	hbo:2659	may.they.be.abashed	H3637	hbo:3637	humiliated	similar	high	0.732
H2659	hbo:2659	may.they.be.abashed	H1984	hbo:1984b	he.makes.look.foolish	antonym	recall	0.54
H2664	hbo:2664	he.disguised.himself	H1245	hbo:1245	seek	similar	high	0.536
H2664	hbo:2664	he.disguised.himself	H7836	hbo:7836	they	similar	prior	0.5
H2664	hbo:2664	he.disguised.himself	H2658	hbo:2658	they.dug	similar	prior	0.5
H2664	hbo:2664	he.disguised.himself	H2713	hbo:2713	explore	similar	prior	0.5
H2665	hbo:2665	a.plot	H2664	hbo:2664	he.disguised.himself	similar	prior	0.5
H2666	hbo:2666	she.had.been.given.freedom	H2670	hbo:2670	a.free.[person]	similar	prior	0.6
H2666	hbo:2666	she.had.been.given.freedom	H2668	hbo:2668	freedom	similar	prior	0.6
H2666	hbo:2666	she.had.been.given.freedom	H2667	hbo:2667	of.material	similar	prior	0.5
H2667	hbo:2667	of.material	H2670	hbo:2670	a.free.[person]	similar	prior	0.5
H2667	hbo:2667	of.material	H2668	hbo:2668	freedom	similar	prior	0.5
H2668	hbo:2668	freedom	H2670	hbo:2670	a.free.[person]	similar	prior	0.5
H2669	hbo:2669	separateness	H2670	hbo:2670	a.free.[person]	similar	prior	0.5
H2669	hbo:2669	separateness	H2667	hbo:2667	of.material	similar	prior	0.5
H2669	hbo:2669	separateness	H2666	hbo:2666	she.had.been.given.freedom	similar	prior	0.5
H2669	hbo:2669	separateness	H2668	hbo:2668	freedom	similar	prior	0.5
H2670	hbo:2670	a.free.[person]	H2668	hbo:2668	freedom	similar	prior	0.6
H2670	hbo:2670	a.free.[person]	H1865	hbo:1865	liberty	similar	prior	0.5
H2670	hbo:2670	a.free.[person]	H5650	hbo:5650	servant	antonym	recall	0.378
H2671	hbo:2671	arrows	H7198	hbo:7198	bow	similar	high	0.76
H2671	hbo:2671	arrows	H2595	hbo:2595	spear	similar	high	0.603
H2671	hbo:2671	arrows	H2687	hbo:2687	gravel	similar	prior	0.5
H2671	hbo:2671	arrows	H2686	hbo:2686	of.[those.who].divide	similar	prior	0.5
H2672	hbo:2672	dug.out	H4274	hbo:4274	of.hewing	similar	high	0.742
H2672	hbo:2672	dug.out	H1496	hbo:1496	of.hewn.[stone]	similar	high	0.639
H2672	hbo:2672	dug.out	H2404	hbo:2404	cutters	similar	high	0.533
H2672	hbo:2672b	stonemasons	H4274	hbo:4274	of.hewing	similar	high	0.819
H2672	hbo:2672b	stonemasons	H1496	hbo:1496	of.hewn.[stone]	similar	high	0.655
H2676	hbo:2676	the.middle	H2677	hbo:2677	the.half	similar	prior	0.5
H2676	hbo:2676	the.middle	H8432	hbo:8432	the.midst	similar	prior	0.5
H2676	hbo:2676	the.middle	H2673	hbo:2673	he.divided	similar	prior	0.5
H2677	hbo:2677	the.half	H4276	hbo:4276	the.half	similar	high	1.0
H2677	hbo:2677	the.half	H1425	hbo:1425	Gadite[s]	similar	high	0.868
H2677	hbo:2677	the.half	H7206	hbo:7206	Reubenite[s]	similar	high	0.743
H2677	hbo:2677	the.half	H8484	hbo:8484	middle	similar	prior	0.5
H2677	hbo:2677	the.half	H2673	hbo:2673	he.divided	similar	prior	0.5
H2677	hbo:2677	the.half	H2676	hbo:2676	the.middle	similar	prior	0.5
H2678	hbo:2678	arrow	H2676	hbo:2676	the.middle	similar	prior	0.5
H2678	hbo:2678	arrow	H2673	hbo:2673	he.divided	similar	prior	0.5
H2678	hbo:2678	arrow	H4276	hbo:4276	the.half	similar	prior	0.5
H2682	hbo:2682	grass	H1877	hbo:1877	fresh.grass	similar	high	1.0
H2682	hbo:2682	grass	H6212	hbo:6212	vegetation	similar	high	0.879
H2682	hbo:2682	grass	H8401	hbo:8401	straw	similar	prior	0.5
H2682	hbo:2682	grass	H3419	hbo:3419	of.vegetable[s]	similar	prior	0.5
H2683	hbo:2683	bosom	H2684	hbo:2684	bosom	similar	prior	0.5
H2686	hbo:2686	of.[those.who].divide	H2673	hbo:2673	he.divided	similar	prior	0.6
H2686	hbo:2686	of.[those.who].divide	H2505	hbo:2505	it.will.be.divided	similar	prior	0.5
H2687	hbo:2687	gravel	H2686	hbo:2686	of.[those.who].divide	similar	prior	0.5
H2689	hbo:2689	trumpets	H4700	hbo:4700	cymbals	similar	high	0.942
H2689	hbo:2689	trumpets	H7782	hbo:7782	trumpets	similar	high	0.892
H2689	hbo:2689	trumpets	H5035	hbo:5035a	lyres	similar	high	0.823
H2689	hbo:2689	trumpets	H3658	hbo:3658	harps	similar	high	0.752
H2689	hbo:2689	trumpets	H8596	hbo:8596	tambourines	similar	high	0.673
H2689	hbo:2689	trumpets	H2485	hbo:2485	flutes	similar	prior	0.5
H2689	hbo:2689	trumpets	H3104	hbo:3104	the.jubilee	similar	prior	0.5
H2691	hbo:2691	the.courtyard	H5835	hbo:5835	ledge	similar	high	0.934
H2691	hbo:2691	the.courtyard	H1004	hbo:1004	the.house	similar	prior	0.5
H2691	hbo:2691	the.courtyard	H3724	hbo:3724b	henna.blossom	similar	prior	0.5
H2691	hbo:2691	the.courtyard	H2918	hbo:2918	encampments	similar	prior	0.5
H2691	hbo:2691	the.courtyard	H3715	hbo:3715	a.young.lion	similar	prior	0.5
H2691	hbo:2691	the.courtyard	H5892	hbo:5892	city	similar	prior	0.5
H2691	hbo:2691	the.courtyard	H2681	hbo:2681	grass	similar	prior	0.5
H2706	hbo:2706	statutes	H4687	hbo:4687	commandments	similar	high	1.0
H2706	hbo:2706	statutes	H2708	hbo:2708	statutes	similar	high	1.0
H2706	hbo:2706	statutes	H4941	hbo:4941	justice	similar	high	0.877
H2706	hbo:2706	statutes	H8451	hbo:8451	law	similar	high	0.805
H2706	hbo:2706	statutes	H5715	hbo:5715	testimonies	similar	high	0.713
H2706	hbo:2706	statutes	H2710	hbo:2710	a.ruler's.staff	similar	prior	0.6
H2707	hbo:2707	[work]	H7049	hbo:7049a	he.carved	similar	prior	0.5
H2707	hbo:2707	[work]	H6603	hbo:6603	[the].engravings	similar	prior	0.5
H2708	hbo:2708	statutes	H2706	hbo:2706	statutes	similar	high	1.0
H2708	hbo:2708	statutes	H4687	hbo:4687	commandments	similar	high	0.887
H2708	hbo:2708	statutes	H8451	hbo:8451	law	similar	high	0.823
H2708	hbo:2708	statutes	H4941	hbo:4941	justice	similar	high	0.76
H2708	hbo:2708	statutes	H2710	hbo:2710	a.ruler's.staff	similar	prior	0.6
H2708	hbo:2708	statutes	H1881	hbo:1881	law	similar	prior	0.5
H2710	hbo:2710	a.ruler's.staff	H3789	hbo:3789	written	similar	prior	0.5
H2710	hbo:2710	a.ruler's.staff	H1696	hbo:1696a	she.destroyed	similar	prior	0.5
H2710	hbo:2710	a.ruler's.staff	H2708	hbo:2708	statutes	similar	prior	0.5
H2713	hbo:2713	explore	H2714	hbo:2714	searching	similar	high	0.974
H2713	hbo:2713	explore	H1875	hbo:1875	seek	similar	high	0.727
H2714	hbo:2714	searching	H2713	hbo:2713	explore	similar	high	0.974
H2714	hbo:2714	searching	H1875	hbo:1875	seek	similar	prior	0.5
H2715	hbo:2715	nobles	H8269	hbo:8269	officials	similar	high	0.73
H2717	hbo:2717	they.will.be.waste	H8074	hbo:8074	he.will.be.appalled	similar	high	0.861
H2717	hbo:2717	they.will.be.waste	H3001	hbo:3001	it.has.dried.up	similar	high	0.692
H2717	hbo:2717	they.will.be.waste	H2720	hbo:2720	[is].desolate	similar	prior	0.6
H2717	hbo:2717	they.will.be.waste	H2719	hbo:2719	sword	similar	prior	0.5
H2717	hbo:2717	they.will.be.waste	H2725	hbo:2725	dry.heat(s)	similar	prior	0.5
H2717	hbo:2717	they.will.be.waste	H2721	hbo:2721	heat	similar	prior	0.5
H2717	hbo:2717	they.will.be.waste	H2724	hbo:2724	ground	similar	prior	0.5
H2717	hbo:2717a	kill	H2724	hbo:2724	ground	similar	prior	0.6
H2719	hbo:2719	sword	H3553	hbo:3553	a.helmet	similar	prior	0.5
H2720	hbo:2720	[is].desolate	H2723	hbo:2723	ruins	similar	high	0.909
H2720	hbo:2720	[is].desolate	H2724	hbo:2724	ground	similar	prior	0.6
H2720	hbo:2720	[is].desolate	H8077	hbo:8077	a.desolation	similar	prior	0.5
H2720	hbo:2720	[is].desolate	H2725	hbo:2725	dry.heat(s)	similar	prior	0.5
H2720	hbo:2720	[is].desolate	H2721	hbo:2721	heat	similar	prior	0.5
H2721	hbo:2721	heat	H2723	hbo:2723	ruins	similar	high	0.935
H2721	hbo:2721	heat	H7701	hbo:7701	devastation	similar	high	0.709
H2721	hbo:2721	heat	H8077	hbo:8077	a.desolation	similar	high	0.687
H2721	hbo:2721	heat	H2720	hbo:2720	[is].desolate	similar	prior	0.6
H2721	hbo:2721	heat	H2717	hbo:2717	they.will.be.waste	similar	prior	0.6
H2721	hbo:2721	heat	H2724	hbo:2724	ground	similar	prior	0.6
H2721	hbo:2721	heat	H4875	hbo:4875	desolation	similar	prior	0.5
H2721	hbo:2721	heat	H2152	hbo:2152	[the].burning.heat(s)	similar	prior	0.5
H2721	hbo:2721	heat	H4889	hbo:4889	destruction	similar	prior	0.5
H2721	hbo:2721	heat	H4057	hbo:4057	wilderness	similar	prior	0.5
H2723	hbo:2723	ruins	H8077	hbo:8077	a.desolation	similar	high	0.978
H2723	hbo:2723	ruins	H2721	hbo:2721	heat	similar	high	0.935
H2723	hbo:2723	ruins	H8510	hbo:8510	a.mound	similar	high	0.75
H2723	hbo:2723	ruins	H4923	hbo:4923	a.waste	similar	high	0.726
H2723	hbo:2723	ruins	H2724	hbo:2724	ground	similar	prior	0.6
H2723	hbo:2723	ruins	H4057	hbo:4057	wilderness	similar	prior	0.5
H2723	hbo:2723	ruins	H3452	hbo:3452	Jeshimon	similar	prior	0.5
H2724	hbo:2724	ground	H3004	hbo:3004	ground	similar	high	0.954
H2724	hbo:2724	ground	H3220	hbo:3220	sea	antonym	recall	0.51
H2724	hbo:2724	ground	H2721	hbo:2721	heat	similar	prior	0.5
H2724	hbo:2724	ground	H2725	hbo:2725	dry.heat(s)	similar	prior	0.5
H2724	hbo:2724	ground	H2720	hbo:2720	[is].desolate	similar	prior	0.5
H2725	hbo:2725	dry.heat(s)	H2721	hbo:2721	heat	similar	prior	0.5
H2729	hbo:2729	[one.who].terrifies	H6342	hbo:6342	they.will.be.in.dread	similar	high	0.64
H2729	hbo:2729	[one.who].terrifies	H7264	hbo:7264	they.trembled	similar	high	0.578
H2729	hbo:2729	[one.who].terrifies	H2865	hbo:2865	be.dismayed	similar	prior	0.5
H2729	hbo:2729	[one.who].terrifies	H0926	hbo:0926	they	similar	prior	0.5
H2729	hbo:2729	[one.who].terrifies	H3025	hbo:3025	I.am.afraid.of	similar	prior	0.5
H2730	hbo:2730	trembling	H3373	hbo:3373	fearing	similar	high	0.687
H2730	hbo:2730	trembling	H2729	hbo:2729	[one.who].terrifies	similar	prior	0.6
H2730	hbo:2730	trembling	H2731	hbo:2731	trembling	similar	prior	0.6
H2730	hbo:2730	trembling	H6342	hbo:6342	they.will.be.in.dread	similar	prior	0.5
H2731	hbo:2731	trembling	H6343	hbo:6343	dread	similar	high	0.775
H2731	hbo:2731	trembling	H6342	hbo:6342	they.will.be.in.dread	similar	high	0.665
H2731	hbo:2731	trembling	H0367	hbo:0367	terror	similar	prior	0.5
H2731	hbo:2731	trembling	H4288	hbo:4288	terror	similar	prior	0.5
H2731	hbo:2731	trembling	H6206	hbo:6206	be.terrified	similar	prior	0.5
H2731	hbo:2731	trembling	H2730	hbo:2730	trembling	similar	prior	0.5
H2734	hbo:2734	it.burned	H2740	hbo:2740	the.burning	similar	high	0.915
H2734	hbo:2734	it.burned	H0639	hbo:0639	anger	similar	high	0.901
H2734	hbo:2734	it.burned	H0599	hbo:0599	he.was.angry	similar	high	0.855
H2734	hbo:2734	it.burned	H7107	hbo:7107	he.was.angry	similar	high	0.803
H2734	hbo:2734	it.burned	H3707	hbo:3707	provoke	similar	high	0.667
H2734	hbo:2734	it.burned	H8653	hbo:8653	staggering	similar	prior	0.5
H2738	hbo:2738	weed[s]	H6975	hbo:6975	thorns	similar	high	0.589
H2738	hbo:2738	weed[s]	H1863	hbo:1863	thistle[s]	similar	prior	0.5
H2740	hbo:2740	the.burning	H0639	hbo:0639	anger	similar	high	1.0
H2740	hbo:2740	the.burning	H2734	hbo:2734	it.burned	similar	high	0.915
H2740	hbo:2740	the.burning	H2534	hbo:2534	rage	similar	high	0.865
H2740	hbo:2740	the.burning	H7110	hbo:7110	wrath	similar	high	0.781
H2740	hbo:2740	the.burning	H2197	hbo:2197	a.rage	similar	high	0.65
H2742	hbo:2742	than.gold	H4173	hbo:4173	threshing-sledges	similar	prior	0.5
H2742	hbo:2742	than.gold	H2742	hbo:2742b	threshing.sledges	similar	prior	0.5
H2742	hbo:2742	than.gold	H2757	hbo:2757a	picks	similar	prior	0.5
H2742	hbo:2742	than.gold	H2785	hbo:2785	seeds	similar	prior	0.5
H2742	hbo:2742	than.gold	H2782	hbo:2782	[that.which.has.been].determined	similar	prior	0.5
H2742	hbo:2742b	threshing.sledges	H2757	hbo:2757a	picks	similar	prior	0.5
H2742	hbo:2742b	threshing.sledges	H2785	hbo:2785	seeds	similar	prior	0.5
H2742	hbo:2742e	of.diligent.[people]	H6102	hbo:6102	a.sluggard	antonym	recall	0.619
H2742	hbo:2742e	of.diligent.[people]	H3800	hbo:3800	gold	similar	prior	0.5
H2746	hbo:2746	heat	H2787	hbo:2787	it.is.charred	similar	prior	0.5
H2746	hbo:2746	heat	H2788	hbo:2788	parched.places	similar	prior	0.5
H2748	hbo:2748	soothsayer-priests	H3784	hbo:3784	sorcerers	similar	high	0.528
H2748	hbo:2748	soothsayer-priests	H2445	hbo:2445	the.wise.men	similar	prior	0.5
H2748	hbo:2748	soothsayer-priests	H3049	hbo:3049	soothsayers	similar	prior	0.5
H2748	hbo:2748	soothsayer-priests	H6049	hbo:6049	soothsayers	similar	prior	0.5
H2748	hbo:2748	soothsayer-priests	H2747	hbo:2747	tool	similar	prior	0.5
H2750	hbo:2750	heat	H2740	hbo:2740	the.burning	similar	high	0.754
H2750	hbo:2750	heat	H0639	hbo:0639	anger	similar	high	0.686
H2751	hbo:2751	of.white.bread	H2357	hbo:2357	they.will.grow.pale	similar	prior	0.5
H2751	hbo:2751	of.white.bread	H2355	hbo:2355a	white.cloth	similar	prior	0.5
H2758	hbo:2758	plowing	H7105	hbo:7105	harvest	antonym	recall	0.629
H2758	hbo:2758	plowing	H2790	hbo:2790	it.will.be.plowed	similar	prior	0.5
H2758	hbo:2758	plowing	H2796	hbo:2796	craftsmen	similar	prior	0.5
H2760	hbo:2760	he.roasts	H2761	hbo:2761	it.was.singed	similar	prior	0.6
H2763	hbo:2763	he.totally.destroyed	H2764	hbo:2764	thing[s]	similar	high	0.975
H2763	hbo:2763	he.totally.destroyed	H8045	hbo:8045	destroy	similar	high	0.888
H2763	hbo:2763	he.totally.destroyed	H5221	hbo:5221	he	similar	high	0.643
H2764	hbo:2764	thing[s]	H2763	hbo:2763	he.totally.destroyed	similar	high	0.975
H2764	hbo:2764	thing[s]	H6944	hbo:6944	holiness	similar	prior	0.5
H2764	hbo:2764a	net	H4365	hbo:4365	his.fishing	similar	high	0.741
H2764	hbo:2764a	net	H7568	hbo:7568	net	similar	high	0.696
H2764	hbo:2764a	net	H2443	hbo:2443	a.fish.hook	similar	high	0.522
H2778	hbo:2778	taunt	H2781	hbo:2781	reproach	similar	high	0.9
H2778	hbo:2778	taunt	H5006	hbo:5006	they.have.spurned	similar	high	0.766
H2779	hbo:2779	winter	H2778	hbo:2778	taunt	similar	prior	0.5
H2779	hbo:2779	winter	H7019	hbo:7019	summer	antonym	recall	0.467
H2781	hbo:2781	reproach	H2778	hbo:2778	taunt	similar	high	0.9
H2781	hbo:2781	reproach	H3639	hbo:3639	ignominy	similar	high	0.783
H2781	hbo:2781	reproach	H1322	hbo:1322	shame	similar	high	0.753
H2781	hbo:2781	reproach	H0955	hbo:0955	shame	similar	high	0.694
H2781	hbo:2781	reproach	H3637	hbo:3637	humiliated	similar	high	0.662
H2781	hbo:2781	reproach	H5007	hbo:5007a	blasphemies	similar	prior	0.5
H2781	hbo:2781	reproach	H7047	hbo:7047	derision	similar	prior	0.5
H2781	hbo:2781	reproach	H1606	hbo:1606	rebuke	similar	prior	0.5
H2782	hbo:2782	[that.which.has.been].determined	H2757	hbo:2757a	picks	similar	prior	0.5
H2782	hbo:2782	[that.which.has.been].determined	H2785	hbo:2785	seeds	similar	prior	0.5
H2782	hbo:2782	[that.which.has.been].determined	H2742	hbo:2742b	threshing.sledges	similar	prior	0.5
H2785	hbo:2785	seeds	H2757	hbo:2757a	picks	similar	prior	0.5
H2788	hbo:2788	parched.places	H2787	hbo:2787	it.is.charred	similar	prior	0.6
H2789	hbo:2789	of.earthenware	H2777	hbo:2777	the.potsherd	similar	prior	0.5
H2790	hbo:2790	it.will.be.plowed	H2796	hbo:2796	craftsmen	similar	high	0.607
H2790	hbo:2790	it.will.be.plowed	H2786	hbo:2786	he.has.gnashed	similar	prior	0.5
H2790	hbo:2790	it.will.be.plowed	H2789	hbo:2789	of.earthenware	similar	prior	0.5
H2790	hbo:2790	it.will.be.plowed	H2803	hbo:2803	he	similar	prior	0.5
H2790	hbo:2790	it.will.be.plowed	H2799	hbo:2799	carving	similar	prior	0.5
H2790	hbo:2790a	be.silent	H2814	hbo:2814	be.silent	similar	high	0.846
H2790	hbo:2790a	be.silent	H2791	hbo:2791	secretly	similar	prior	0.5
H2790	hbo:2790a	be.silent	H2758	hbo:2758	plowing	similar	prior	0.5
H2790	hbo:2790a	be.silent	H2796	hbo:2796	craftsmen	similar	prior	0.5
H2791	hbo:2791	secretly	H3909	hbo:3909	secrecy	similar	prior	0.5
H2794	hbo:2794	worker	H2796	hbo:2796	craftsmen	similar	prior	0.6
H2794	hbo:2794	worker	H2758	hbo:2758	plowing	similar	prior	0.5
H2794	hbo:2794	worker	H4281	hbo:4281	plowshare	similar	prior	0.5
H2794	hbo:2794	worker	H2799	hbo:2799	carving	similar	prior	0.5
H2794	hbo:2794	worker	H2790	hbo:2790a	be.silent	similar	prior	0.5
H2795	hbo:2795	deaf	H5787	hbo:5787	blind	similar	high	0.879
H2795	hbo:2795	deaf	H0483	hbo:0483	dumb	similar	high	0.794
H2795	hbo:2795	deaf	H2791	hbo:2791	secretly	similar	prior	0.5
H2795	hbo:2795	deaf	H2790	hbo:2790a	be.silent	similar	prior	0.5
H2796	hbo:2796	craftsmen	H4525	hbo:4525a	smith	similar	prior	0.5
H2796	hbo:2796	craftsmen	H2799	hbo:2799	carving	similar	prior	0.5
H2796	hbo:2796	craftsmen	H2803	hbo:2803a	of.a.skillful.worker	similar	prior	0.5
H2796	hbo:2796	craftsmen	H6466	hbo:6466	[those.who].do	similar	prior	0.5
H2799	hbo:2799	carving	H2758	hbo:2758	plowing	similar	prior	0.5
H2799	hbo:2799	carving	H2790	hbo:2790a	be.silent	similar	prior	0.5
H2799	hbo:2799	carving	H2796	hbo:2796	craftsmen	similar	prior	0.5
H2803	hbo:2803	he	H4284	hbo:4284	plans	similar	high	1.0
H2803	hbo:2803	he	H2161	hbo:2161	he.planned	similar	high	0.725
H2803	hbo:2803	he	H2790	hbo:2790a	be.silent	similar	high	0.653
H2803	hbo:2803	he	H4209	hbo:4209	discretion	similar	high	0.626
H2803	hbo:2803	he	H5608	hbo:5608	he.recounted	similar	prior	0.5
H2803	hbo:2803	he	H2808	hbo:2808	scheme.of.things	similar	prior	0.5
H2803	hbo:2803a	of.a.skillful.worker	H7551	hbo:7551	of.a.worker.in.colors	similar	high	1.0
H2803	hbo:2803a	of.a.skillful.worker	H2799	hbo:2799	carving	similar	prior	0.5
H2805	hbo:2805	the.girdle	H0642	hbo:0642	its.ephod	similar	high	0.696
H2805	hbo:2805	the.girdle	H2810	hbo:2810	war.engines	similar	prior	0.6
H2805	hbo:2805	the.girdle	H2803	hbo:2803	he	similar	prior	0.5
H2805	hbo:2805	the.girdle	H2808	hbo:2808	scheme.of.things	similar	prior	0.5
H2805	hbo:2805	the.girdle	H4284	hbo:4284	plans	similar	prior	0.5
H2808	hbo:2808	scheme.of.things	H4284	hbo:4284	plans	similar	prior	0.5
H2810	hbo:2810	war.engines	H2803	hbo:2803	he	similar	prior	0.6
H2810	hbo:2810	war.engines	H2803	hbo:2803a	of.a.skillful.worker	similar	prior	0.6
H2810	hbo:2810	war.engines	H4284	hbo:4284	plans	similar	prior	0.5
H2810	hbo:2810	war.engines	H2808	hbo:2808	scheme.of.things	similar	prior	0.5
H2810	hbo:2810	war.engines	H2805	hbo:2805	the.girdle	similar	prior	0.5
H2814	hbo:2814	be.silent	H2790	hbo:2790a	be.silent	similar	high	0.846
H2814	hbo:2814	be.silent	H1826	hbo:1826	be.still	similar	high	0.694
H2814	hbo:2814	be.silent	H0483	hbo:0483	dumb	similar	prior	0.5
H2814	hbo:2814	be.silent	H1827	hbo:1827	a.whisper	similar	prior	0.5
H2814	hbo:2814	be.silent	H8367	hbo:8367	that.it.will.be.quiet	similar	prior	0.5
H2819	hbo:2819	of.the.thing[s].needed	H2818	hbo:2818	[are].needing	similar	prior	0.5
H2820	hbo:2820	you.have.withheld	H4513	hbo:4513	he	similar	high	0.78
H2820	hbo:2820	you.have.withheld	H0680	hbo:0680	I.withheld	similar	prior	0.5
H2821	hbo:2821	he.makes.dark	H5050	hbo:5050	he.illuminates	antonym	recall	0.548
H2822	hbo:2822	darkness	H0653	hbo:0653	darkness	similar	high	1.0
H2822	hbo:2822	darkness	H2825	hbo:2825	darkness	similar	high	1.0
H2822	hbo:2822	darkness	H6757	hbo:6757	deep.darkness	similar	high	0.977
H2822	hbo:2822	darkness	H0652	hbo:0652	gloom	similar	high	0.886
H2822	hbo:2822	darkness	H6205	hbo:6205	thick.darkness	similar	high	0.866
H2822	hbo:2822	darkness	H0216	hbo:0216	light	antonym	recall	0.795
H2822	hbo:2822	darkness	H5051	hbo:5051	brightness	antonym	recall	0.606
H2822	hbo:2822	darkness	H5939	hbo:5939	darkness	similar	prior	0.5
H2822	hbo:2822	darkness	H3990	hbo:3990	darkness	similar	prior	0.5
H2823	hbo:2823	insignificant.[people]	H2822	hbo:2822	darkness	similar	prior	0.6
H2823	hbo:2823	insignificant.[people]	H2821	hbo:2821	he.makes.dark	similar	prior	0.6
H2823	hbo:2823	insignificant.[people]	H2825	hbo:2825	darkness	similar	prior	0.6
H2823	hbo:2823	insignificant.[people]	H3257	hbo:3257	shovels	similar	prior	0.5
H2823	hbo:2823	insignificant.[people]	H4285	hbo:4285	dark.places	similar	prior	0.5
H2825	hbo:2825	darkness	H0653	hbo:0653	darkness	similar	high	1.0
H2825	hbo:2825	darkness	H2822	hbo:2822	darkness	similar	high	1.0
H2825	hbo:2825	darkness	H0652	hbo:0652	gloom	similar	high	0.632
H2825	hbo:2825	darkness	H2823	hbo:2823	insignificant.[people]	similar	prior	0.5
H2825	hbo:2825	darkness	H4285	hbo:4285	dark.places	similar	prior	0.5
H2825	hbo:2825	darkness	H0216	hbo:0216	light	antonym	recall	0.497
H2830	hbo:2830	shining.substance	H2091	hbo:2091	gold	similar	prior	0.5
H2830	hbo:2830	shining.substance	H0784	hbo:0784	fire	similar	prior	0.5
H2830	hbo:2830	shining.substance	H5178	hbo:5178	bronze	similar	prior	0.5
H2833	hbo:2833	breastpiece	H0646	hbo:0646	the.ephod	similar	high	0.984
H2834	hbo:2834	draw	H4286	hbo:4286	the.peeling	similar	prior	0.5
H2835	hbo:2835	little.flocks	H2834	hbo:2834	draw	similar	prior	0.5
H2835	hbo:2835	little.flocks	H4286	hbo:4286	the.peeling	similar	prior	0.5
H2836	hbo:2836	he.desired	H2837	hbo:2837	the.desire	similar	high	0.88
H2836	hbo:2836	he.desired	H7355	hbo:7355	I	similar	prior	0.5
H2836	hbo:2836	he.desired	H2263	hbo:2263	he.embraced	similar	prior	0.5
H2836	hbo:2836	he.desired	H0160	hbo:0160	love	similar	prior	0.5
H2836	hbo:2836	he.desired	H8669	hbo:8669	desire	similar	prior	0.5
H2836	hbo:2836	he.desired	H3700	hbo:3700	greatly.(long)	similar	prior	0.5
H2836	hbo:2836	he.desired	H0157	hbo:0157	love	similar	prior	0.5
H2836	hbo:2836	he.desired	H2530	hbo:2530a	of.preciousness(es)	similar	prior	0.5
H2837	hbo:2837	the.desire	H2836	hbo:2836	he.desired	similar	high	0.88
H2838	hbo:2838	bands	H2837	hbo:2837	the.desire	similar	prior	0.5
H2839	hbo:2839	spokes	H2836	hbo:2836	he.desired	similar	prior	0.5
H2839	hbo:2839	spokes	H2838	hbo:2838	bands	similar	prior	0.5
H2839	hbo:2839	spokes	H2837	hbo:2837	the.desire	similar	prior	0.5
H2841	hbo:2841	a.sieve	H2840	hbo:2840	hubs	similar	prior	0.5
H2844	hbo:2844a	[are].shattered	H4288	hbo:4288	terror	similar	prior	0.6
H2844	hbo:2844a	[are].shattered	H2866	hbo:2866	a.terror	similar	prior	0.5
H2847	hbo:2847	the.terror	H4288	hbo:4288	terror	similar	prior	0.6
H2847	hbo:2847	the.terror	H2851	hbo:2851	terror	similar	prior	0.6
H2847	hbo:2847	the.terror	H2844	hbo:2844a	[are].shattered	similar	prior	0.6
H2847	hbo:2847	the.terror	H0366	hbo:0366	majestic	similar	prior	0.5
H2847	hbo:2847	the.terror	H2849	hbo:2849	terrors	similar	prior	0.5
H2847	hbo:2847	the.terror	H2866	hbo:2866	a.terror	similar	prior	0.5
H2847	hbo:2847	the.terror	H2865	hbo:2865	be.dismayed	similar	prior	0.5
H2848	hbo:2848	a.bandage	H2853	hbo:2853	at.all.(be.wrapped)	similar	prior	0.5
H2849	hbo:2849	terrors	H2851	hbo:2851	terror	similar	prior	0.5
H2849	hbo:2849	terrors	H2865	hbo:2865	be.dismayed	similar	prior	0.5
H2849	hbo:2849	terrors	H2866	hbo:2866	a.terror	similar	prior	0.5
H2849	hbo:2849	terrors	H2844	hbo:2844a	[are].shattered	similar	prior	0.5
H2849	hbo:2849	terrors	H4288	hbo:4288	terror	similar	prior	0.5
H2850	hbo:2850	Hittite[s]	H2340	hbo:2340	Hivite[s]	similar	high	1.0
H2850	hbo:2850	Hittite[s]	H6522	hbo:6522	Perizzite[s]	similar	high	1.0
H2850	hbo:2850	Hittite[s]	H1622	hbo:1622	Girgashite[s]	similar	high	0.945
H2850	hbo:2850	Hittite[s]	H3669	hbo:3669	Canaanite[s]	similar	high	0.93
H2850	hbo:2850	Hittite[s]	H0567	hbo:0567	the.Amorite[s]	similar	high	0.893
H2850	hbo:2850	Hittite[s]	H2983	hbo:2983	Jebusite[s]	similar	high	0.845
H2850	hbo:2850	Hittite[s]	H6430	hbo:6430	[the].Philistines	similar	prior	0.5
H2851	hbo:2851	terror	H2844	hbo:2844a	[are].shattered	similar	prior	0.6
H2851	hbo:2851	terror	H4288	hbo:4288	terror	similar	prior	0.6
H2851	hbo:2851	terror	H2865	hbo:2865	be.dismayed	similar	prior	0.6
H2851	hbo:2851	terror	H1091	hbo:1091	sudden.terror(s)	similar	prior	0.5
H2851	hbo:2851	terror	H6343	hbo:6343	dread	similar	prior	0.5
H2851	hbo:2851	terror	H0367	hbo:0367	terror	similar	prior	0.5
H2851	hbo:2851	terror	H2866	hbo:2866	a.terror	similar	prior	0.5
H2854	hbo:2854	swaddling-band	H2848	hbo:2848	a.bandage	similar	prior	0.5
H2854	hbo:2854	swaddling-band	H2853	hbo:2853	at.all.(be.wrapped)	similar	prior	0.5
H2856	hbo:2856	seal.up	H2368	hbo:2368	of.a.seal	similar	prior	0.5
H2856	hbo:2856	seal.up	H2858	hbo:2858	seal	similar	prior	0.5
H2859	hbo:2859a	father-in-law	H2860	hbo:2860	of.a.bridegroom	similar	high	0.792
H2859	hbo:2859a	father-in-law	H3947	hbo:3947	he.took	similar	high	0.586
H2859	hbo:2859a	father-in-law	H2861	hbo:2861	his.wedding	similar	prior	0.5
H2860	hbo:2860	of.a.bridegroom	H3618	hbo:3618	daughter-in-law	similar	high	0.834
H2860	hbo:2860	of.a.bridegroom	H2859	hbo:2859a	father-in-law	similar	high	0.792
H2861	hbo:2861	his.wedding	H2860	hbo:2860	of.a.bridegroom	similar	prior	0.5
H2863	hbo:2863	a.robber	H1500	hbo:1500	robbery	similar	prior	0.5
H2863	hbo:2863	a.robber	H2862	hbo:2862	he.will.snatch.away	similar	prior	0.5
H2864	hbo:2864	they.will.dig	H2658	hbo:2658	they.dug	similar	prior	0.5
H2865	hbo:2865	be.dismayed	H3372	hbo:3372	be.afraid	similar	high	0.958
H2865	hbo:2865	be.dismayed	H6342	hbo:6342	they.will.be.in.dread	similar	high	0.845
H2865	hbo:2865	be.dismayed	H6206	hbo:6206	be.terrified	similar	high	0.78
H2865	hbo:2865	be.dismayed	H8539	hbo:8539	be.astonished	similar	prior	0.5
H2865	hbo:2865	be.dismayed	H4549	hbo:4549	it.melted	similar	prior	0.5
H2865	hbo:2865	be.dismayed	H4288	hbo:4288	terror	similar	prior	0.5
H2865	hbo:2865	be.dismayed	H2866	hbo:2866	a.terror	similar	prior	0.5
H2865	hbo:2865	be.dismayed	H2844	hbo:2844a	[are].shattered	similar	prior	0.5
H2868	hbo:2868	it.was.good	H2869	hbo:2869	good	similar	prior	0.5
H2873	hbo:2873	slaughter	H2878	hbo:2878	slaughter	similar	high	0.985
H2873	hbo:2873	slaughter	H2876	hbo:2876	of.[the].bodyguards	similar	prior	0.5
H2873	hbo:2873	slaughter	H2879	hbo:2879	cooks	similar	prior	0.5
H2874	hbo:2874	slaughter	H2878	hbo:2878	slaughter	similar	high	0.758
H2874	hbo:2874	slaughter	H2876	hbo:2876	of.[the].bodyguards	similar	prior	0.5
H2874	hbo:2874	slaughter	H2028	hbo:2028	slaughter	similar	prior	0.5
H2876	hbo:2876	of.[the].bodyguards	H2873	hbo:2873	slaughter	similar	prior	0.5
H2876	hbo:2876	of.[the].bodyguards	H2874	hbo:2874	slaughter	similar	prior	0.5
H2876	hbo:2876	of.[the].bodyguards	H2879	hbo:2879	cooks	similar	prior	0.5
H2878	hbo:2878	slaughter	H2873	hbo:2873	slaughter	similar	high	0.985
H2878	hbo:2878	slaughter	H2874	hbo:2874	slaughter	similar	high	0.758
H2878	hbo:2878	slaughter	H4293	hbo:4293	a.place.of.slaughter	similar	prior	0.6
H2878	hbo:2878	slaughter	H2028	hbo:2028	slaughter	similar	prior	0.5
H2878	hbo:2878	slaughter	H7523	hbo:7523	killer	similar	prior	0.5
H2878	hbo:2878	slaughter	H2876	hbo:2876	of.[the].bodyguards	similar	prior	0.5
H2878	hbo:2878	slaughter	H2879	hbo:2879	cooks	similar	prior	0.5
H2879	hbo:2879	cooks	H2874	hbo:2874	slaughter	similar	prior	0.5
H2881	hbo:2881	he.will.dip	H2236	hbo:2236	he.sprinkled	similar	high	0.758
H2881	hbo:2881	he.will.dip	H4886	hbo:4886	you.will.anoint	similar	prior	0.5
H2885	hbo:2885	rings	H2858	hbo:2858	seal	similar	prior	0.5
H2885	hbo:2885	rings	H2883	hbo:2883	they.have.sunk	similar	prior	0.5
H2889	hbo:2889	pure	H2891	hbo:2891	he.will.be.pure	similar	high	1.0
H2889	hbo:2889	pure	H2931	hbo:2931	unclean	antonym	recall	0.712
H2889	hbo:2889	pure	H2892	hbo:2892	her.purification	similar	prior	0.6
H2889	hbo:2889	pure	H2893	hbo:2893	purification	similar	prior	0.6
H2889	hbo:2889	pure	H5458	hbo:5458a	pure.gold	similar	prior	0.5
H2889	hbo:2889	pure	H2134	hbo:2134	pure	similar	prior	0.5
H2889	hbo:2889	pure	H6918	hbo:6918	holy	similar	prior	0.5
H2891	hbo:2891	he.will.be.pure	H2893	hbo:2893	purification	similar	high	1.0
H2891	hbo:2891	he.will.be.pure	H3526	hbo:3526	he.will.wash	similar	high	0.921
H2891	hbo:2891	he.will.be.pure	H7364	hbo:7364	he.will.wash	similar	high	0.843
H2891	hbo:2891	he.will.be.pure	H2930	hbo:2930	he.will.be.unclean	antonym	recall	0.719
H2891	hbo:2891	he.will.be.pure	H2212	hbo:2212	refined	similar	prior	0.5
H2891	hbo:2891	he.will.be.pure	H2135	hbo:2135	I.have.kept.pure	similar	prior	0.5
H2891	hbo:2891	he.will.be.pure	H3835	hbo:3835	purify.[them]	similar	prior	0.5
H2891	hbo:2891	he.will.be.pure	H5352	hbo:5352	he.will.go.unpunished	similar	prior	0.5
H2891	hbo:2891	he.will.be.pure	H1305	hbo:1305	[one.who].purifies.himself	similar	prior	0.5
H2891	hbo:2891	he.will.be.pure	H5356	hbo:5356	innocence	similar	prior	0.5
H2892	hbo:2892	her.purification	H1252	hbo:1252	to.the.cleanness	similar	prior	0.5
H2892	hbo:2892	her.purification	H2889	hbo:2889	pure	similar	prior	0.5
H2892	hbo:2892	her.purification	H2932	hbo:2932	uncleanness	antonym	recall	0.471
H2893	hbo:2893	purification	H2891	hbo:2891	he.will.be.pure	similar	high	1.0
H2893	hbo:2893	purification	H2932	hbo:2932	uncleanness	antonym	recall	0.587
H2893	hbo:2893	purification	H6944	hbo:6944	holiness	similar	prior	0.5
H2893	hbo:2893	purification	H2889	hbo:2889	pure	similar	prior	0.5
H2894	hbo:2894	I	H4292	hbo:4292	a.broom	similar	prior	0.5
H2895	hbo:2895	it.was.good	H3190	hbo:3190	it.was.good	similar	high	0.914
H2895	hbo:2895	it.was.good	H8209	hbo:8209	[was].beautiful	similar	prior	0.6
H2895	hbo:2895	it.was.good	H7489	hbo:7489	it.was.displeasing	antonym	recall	0.577
H2895	hbo:2895	it.was.good	H5276	hbo:5276	it.will.be.pleasant	similar	prior	0.5
H2896	hbo:2896	good	H2898	hbo:2898	goodness	similar	high	1.0
H2896	hbo:2896	good	H3190	hbo:3190	it.was.good	similar	high	0.881
H2896	hbo:2896	good	H7451	hbo:7451	evil	antonym	recall	0.723
H2896	hbo:2896	good	H8209	hbo:8209	[was].beautiful	similar	prior	0.6
H2896	hbo:2896	good	H3368	hbo:3368	precious	similar	prior	0.5
H2896	hbo:2896	good	H3474	hbo:3474	it.was.pleasing	similar	prior	0.5
H2896	hbo:2896	good	H8378	hbo:8378	[the].desire	similar	prior	0.5
H2896	hbo:2896	good	H5273	hbo:5273	pleasant	similar	prior	0.5
H2896	hbo:2896a	good	H8209	hbo:8209	[was].beautiful	similar	prior	0.6
H2896	hbo:2896a	good	H4022	hbo:4022	excellent.gift	similar	prior	0.5
H2896	hbo:2896a	good	H4315	hbo:4315	the.best	similar	prior	0.5
H2896	hbo:2896b	good	H3190	hbo:3190	it.was.good	similar	high	0.871
H2896	hbo:2896b	good	H2898	hbo:2898	goodness	similar	high	0.852
H2896	hbo:2896b	good	H7451	hbo:7451b	evil	antonym	recall	0.738
H2896	hbo:2896b	good	H7451	hbo:7451	evil	antonym	recall	0.609
H2896	hbo:2896b	good	H8209	hbo:8209	[was].beautiful	similar	prior	0.6
H2898	hbo:2898	goodness	H2896	hbo:2896	good	similar	high	1.0
H2898	hbo:2898	goodness	H2896	hbo:2896b	good	similar	high	0.852
H2898	hbo:2898	goodness	H2617	hbo:2617	loyalty	similar	prior	0.5
H2898	hbo:2898	goodness	H7451	hbo:7451	evil	antonym	recall	0.488
H2901	hbo:2901	they.spun	H4299	hbo:4299	that.which.was.spun	similar	prior	0.5
H2902	hbo:2902	you.plastered	H8602	hbo:8602	whitewash	similar	high	0.913
H2902	hbo:2902	you.plastered	H2645	hbo:2645	he.overlaid	similar	prior	0.5
H2902	hbo:2902	you.plastered	H2910	hbo:2910	parts	similar	prior	0.5
H2903	hbo:2903	marks	H0226	hbo:0226	signs	similar	high	0.617
H2904	hbo:2904	he.hurled	H7993	hbo:7993	he.threw	similar	high	0.581
H2904	hbo:2904	he.hurled	H2925	hbo:2925	hurling	similar	prior	0.5
H2905	hbo:2905	rows	H7713	hbo:7713	ranks	similar	prior	0.5
H2911	hbo:2911	a.mill	H2912	hbo:2912	I.ground.[it]	similar	prior	0.6
H2912	hbo:2912	I.ground.[it]	H7347	hbo:7347	a.hand-mill	similar	high	0.632
H2915	hbo:2915	plaster	H2902	hbo:2902	you.plastered	similar	prior	0.5
H2915	hbo:2915	plaster	H2910	hbo:2910	parts	similar	prior	0.5
H2916	hbo:2916	mud	H6083	hbo:6083	dust	similar	high	0.817
H2916	hbo:2916	mud	H2563	hbo:2563b	clay	similar	high	0.815
H2918	hbo:2918	encampments	H2905	hbo:2905	rows	similar	prior	0.5
H2919	hbo:2919	dew	H4306	hbo:4306	rain	similar	high	0.914
H2919	hbo:2919	dew	H1653	hbo:1653	rain	similar	high	0.753
H2921	hbo:2921	spotted	H5348	hbo:5348	speckled	similar	high	1.0
H2921	hbo:2921	spotted	H6124	hbo:6124	striped.[ones]	similar	high	0.887
H2930	hbo:2930	he.will.be.unclean	H2891	hbo:2891	he.will.be.pure	antonym	recall	0.719
H2930	hbo:2930	he.will.be.unclean	H1351	hbo:1351	they.were.defiled	similar	prior	0.5
H2931	hbo:2931	unclean	H2932	hbo:2932	uncleanness	similar	high	1.0
H2931	hbo:2931	unclean	H5079	hbo:5079	impurity	similar	high	0.969
H2931	hbo:2931	unclean	H8263	hbo:8263	[is].a.detestable.thing	similar	high	0.844
H2931	hbo:2931	unclean	H2889	hbo:2889	pure	antonym	recall	0.712
H2932	hbo:2932	uncleanness	H5079	hbo:5079	impurity	similar	high	1.0
H2932	hbo:2932	uncleanness	H2931	hbo:2931	unclean	similar	high	1.0
H2932	hbo:2932	uncleanness	H2893	hbo:2893	purification	antonym	recall	0.587
H2934	hbo:2934	hide	H2244	hbo:2244	they.hid.themselves	similar	prior	0.5
H2937	hbo:2937	they.have.led.astray	H8582	hbo:8582	he	similar	prior	0.6
H2938	hbo:2938	I.tasted	H2441	hbo:2441	palate	similar	high	0.548
H2939	hbo:2939	they.will.feed	H2942	hbo:2942	a.decree	similar	prior	0.5
H2940	hbo:2940	taste	H1847	hbo:1847	knowledge	similar	prior	0.5
H2940	hbo:2940	taste	H0998	hbo:0998	understanding	similar	prior	0.5
H2940	hbo:2940	taste	H7922	hbo:7922	insight	similar	prior	0.5
H2940	hbo:2940	taste	H4303	hbo:4303	delicious.food(s)	similar	prior	0.5
H2942	hbo:2942	a.decree	H7924	hbo:7924	insight	similar	prior	0.5
H2946	hbo:2946	it.spread.out	H2949	hbo:2949	of.health(s)	similar	prior	0.5
H2946	hbo:2946	it.spread.out	H2948	hbo:2948	a.hand.breadth	similar	prior	0.5
H2946	hbo:2946	it.spread.out	H4304	hbo:4304	cloaks	similar	prior	0.5
H2946	hbo:2946	it.spread.out	H2947	hbo:2947	[was].a.hand.breadth	similar	prior	0.5
H2947	hbo:2947	[was].a.hand.breadth	H2948	hbo:2948	a.hand.breadth	similar	prior	0.6
H2947	hbo:2947	[was].a.hand.breadth	H3709	hbo:3709	palms	similar	prior	0.5
H2947	hbo:2947	[was].a.hand.breadth	H4304	hbo:4304	cloaks	similar	prior	0.5
H2948	hbo:2948	a.hand.breadth	H0520	hbo:0520	cubits	similar	high	0.91
H2948	hbo:2948	a.hand.breadth	H2239	hbo:2239	a.span	similar	high	0.844
H2949	hbo:2949	of.health(s)	H2948	hbo:2948	a.hand.breadth	similar	prior	0.5
H2949	hbo:2949	of.health(s)	H2947	hbo:2947	[was].a.hand.breadth	similar	prior	0.5
H2949	hbo:2949	of.health(s)	H4304	hbo:4304	cloaks	similar	prior	0.5
H2950	hbo:2950	[are.those.who].smear	H8267	hbo:8267	falsehood	similar	high	0.732
H2952	hbo:2952	mincing.along	H2945	hbo:2945	one[s]	similar	prior	0.5
H2959	hbo:2959	he.burdens	H2960	hbo:2960	burden	similar	prior	0.5
H2963	hbo:2963	tear	H2964	hbo:2964	prey	similar	high	1.0
H2963	hbo:2963	tear	H2966	hbo:2966	a.torn.animal	similar	prior	0.6
H2963	hbo:2963	tear	H6561	hbo:6561	[was].tearing.out	similar	prior	0.5
H2963	hbo:2963	tear	H5423	hbo:5423	he.tore.apart	similar	prior	0.5
H2964	hbo:2964	prey	H2963	hbo:2963	tear	similar	high	1.0
H2964	hbo:2964	prey	H2965	hbo:2965	the.fresh.[things]	similar	prior	0.5
H2964	hbo:2964	prey	H2966	hbo:2966	a.torn.animal	similar	prior	0.5
H2965	hbo:2965	the.fresh.[things]	H2966	hbo:2966	a.torn.animal	similar	prior	0.5
H2965	hbo:2965	the.fresh.[things]	H2963	hbo:2963	tear	similar	prior	0.5
H2966	hbo:2966	a.torn.animal	H5038	hbo:5038	corpse	similar	high	0.802
H2976	hbo:2976	despairing	H3176	hbo:3176	I.will.wait	antonym	recall	0.553
H2981	hbo:2981	produce	H6529	hbo:6529	fruit	similar	high	0.775
H2981	hbo:2981	produce	H8393	hbo:8393	produce	similar	prior	0.5
H2981	hbo:2981	produce	H3978	hbo:3978	food	similar	prior	0.5
H2981	hbo:2981	produce	H2988	hbo:2988	watercourses	similar	prior	0.5
H2981	hbo:2981	produce	H3105	hbo:3105	a.stream	similar	prior	0.5
H2981	hbo:2981	produce	H2986	hbo:2986	they	similar	prior	0.5
H2983	hbo:2983	Jebusite[s]	H2340	hbo:2340	Hivite[s]	similar	high	0.97
H2983	hbo:2983	Jebusite[s]	H6522	hbo:6522	Perizzite[s]	similar	high	0.894
H2983	hbo:2983	Jebusite[s]	H2850	hbo:2850	Hittite[s]	similar	high	0.845
H2983	hbo:2983	Jebusite[s]	H1622	hbo:1622	Girgashite[s]	similar	high	0.839
H2983	hbo:2983	Jebusite[s]	H3669	hbo:3669	Canaanite[s]	similar	high	0.815
H2983	hbo:2983	Jebusite[s]	H0567	hbo:0567	the.Amorite[s]	similar	high	0.794
H2983	hbo:2983	Jebusite[s]	H4001	hbo:4001	trampling	similar	prior	0.5
H2983	hbo:2983	Jebusite[s]	H8395	hbo:8395	the.downfall	similar	prior	0.5
H2983	hbo:2983	Jebusite[s]	H0947	hbo:0947	kicking.about	similar	prior	0.5
H2986	hbo:2986	they	H5375	hbo:5375	lift.up	similar	prior	0.5
H2988	hbo:2988	watercourses	H3105	hbo:3105	a.stream	similar	prior	0.6
H2988	hbo:2988	watercourses	H2986	hbo:2986	they	similar	prior	0.5
H2990	hbo:2990	a.running.sore	H2986	hbo:2986	they	similar	prior	0.5
H2990	hbo:2990	a.running.sore	H2988	hbo:2988	watercourses	similar	prior	0.5
H2990	hbo:2990	a.running.sore	H2981	hbo:2981	produce	similar	prior	0.5
H2990	hbo:2990	a.running.sore	H3105	hbo:3105	a.stream	similar	prior	0.5
H2993	hbo:2993	brother	H2992	hbo:2992	he	similar	prior	0.6
H2993	hbo:2993	brother	H2994	hbo:2994	wife	similar	prior	0.5
H2994	hbo:2994	wife	H2992	hbo:2992	he	similar	prior	0.5
H3001	hbo:3001	it.has.dried.up	H0535	hbo:0535	it.has.languished	similar	high	0.77
H3001	hbo:3001	it.has.dried.up	H2717	hbo:2717	they.will.be.waste	similar	high	0.692
H3001	hbo:3001	it.has.dried.up	H3004	hbo:3004	ground	similar	prior	0.5
H3001	hbo:3001	it.has.dried.up	H3006	hbo:3006	ground	similar	prior	0.5
H3002	hbo:3002	dry	H3892	hbo:3892	fresh	antonym	recall	0.534
H3002	hbo:3002	dry	H3004	hbo:3004	ground	similar	prior	0.5
H3004	hbo:3004	ground	H2724	hbo:2724	ground	similar	high	0.954
H3004	hbo:3004	ground	H3220	hbo:3220	sea	antonym	recall	0.706
H3004	hbo:3004	ground	H3002	hbo:3002	dry	similar	prior	0.6
H3004	hbo:3004	ground	H4325	hbo:4325	water	antonym	recall	0.584
H3004	hbo:3004	ground	H0776	hbo:0776	the.land	similar	prior	0.5
H3006	hbo:3006	ground	H3004	hbo:3004	ground	similar	prior	0.5
H3006	hbo:3006	ground	H3002	hbo:3002	dry	similar	prior	0.5
H3009	hbo:3009	husbandmen	H3010	hbo:3010	fields	similar	prior	0.5
H3013	hbo:3013	he.has.caused.grief	H3510	hbo:3510	in.pain	similar	prior	0.5
H3013	hbo:3013	he.has.caused.grief	H6087	hbo:6087a	be.grieved	similar	prior	0.5
H3013	hbo:3013	he.has.caused.grief	H8424	hbo:8424	grief	similar	prior	0.5
H3013	hbo:3013	he.has.caused.grief	H5162	hbo:5162	comfort	antonym	recall	0.488
H3014	hbo:3014	he.had.removed.[him]	H1898	hbo:1898	remove	similar	prior	0.6
H3015	hbo:3015	sorrow	H8057	hbo:8057	joy	antonym	recall	0.504
H3015	hbo:3015	sorrow	H0016	hbo:0016	of.reed	similar	prior	0.5
H3015	hbo:3015	sorrow	H8424	hbo:8424	grief	similar	prior	0.5
H3015	hbo:3015	sorrow	H8342	hbo:8342	joy	antonym	recall	0.484
H3016	hbo:3016	[are].fearful	H3025	hbo:3025	I.am.afraid.of	similar	prior	0.6
H3018	hbo:3018	property	H3019	hbo:3019	[those].weary	similar	prior	0.6
H3018	hbo:3018	property	H3022	hbo:3022	[the].gain	similar	prior	0.6
H3018	hbo:3018	property	H3023	hbo:3023	[will.be].weary	similar	prior	0.6
H3018	hbo:3018	property	H4639	hbo:4639	the.work	similar	prior	0.5
H3018	hbo:3018	property	H5999	hbo:5999	toil	similar	prior	0.5
H3018	hbo:3018	property	H3024	hbo:3024	[is].weariness	similar	prior	0.5
H3019	hbo:3019	[those].weary	H3023	hbo:3023	[will.be].weary	similar	prior	0.6
H3019	hbo:3019	[those].weary	H3021	hbo:3021	you.have.labored	similar	prior	0.6
H3019	hbo:3019	[those].weary	H3022	hbo:3022	[the].gain	similar	prior	0.6
H3019	hbo:3019	[those].weary	H3024	hbo:3024	[is].weariness	similar	prior	0.5
H3021	hbo:3021	you.have.labored	H3811	hbo:3811	I.am.weary	similar	high	0.721
H3021	hbo:3021	you.have.labored	H3022	hbo:3022	[the].gain	similar	prior	0.6
H3021	hbo:3021	you.have.labored	H5889	hbo:5889	weary	similar	prior	0.5
H3021	hbo:3021	you.have.labored	H3019	hbo:3019	[those].weary	similar	prior	0.5
H3021	hbo:3021	you.have.labored	H3024	hbo:3024	[is].weariness	similar	prior	0.5
H3022	hbo:3022	[the].gain	H3021	hbo:3021	you.have.labored	similar	prior	0.5
H3022	hbo:3022	[the].gain	H3019	hbo:3019	[those].weary	similar	prior	0.5
H3022	hbo:3022	[the].gain	H3024	hbo:3024	[is].weariness	similar	prior	0.5
H3023	hbo:3023	[will.be].weary	H5889	hbo:5889	weary	similar	high	0.761
H3023	hbo:3023	[will.be].weary	H3021	hbo:3021	you.have.labored	similar	prior	0.6
H3023	hbo:3023	[will.be].weary	H3022	hbo:3022	[the].gain	similar	prior	0.6
H3023	hbo:3023	[will.be].weary	H7504	hbo:7504	slack	similar	high	0.518
H3023	hbo:3023	[will.be].weary	H3019	hbo:3019	[those].weary	similar	prior	0.5
H3023	hbo:3023	[will.be].weary	H3024	hbo:3024	[is].weariness	similar	prior	0.5
H3025	hbo:3025	I.am.afraid.of	H3016	hbo:3016	[are].fearful	similar	prior	0.5
H3027	hbo:3027	hand	H3709	hbo:3709	palms	similar	prior	0.6
H3027	hbo:3027	hand	H3028	hbo:3028	hand	similar	prior	0.6
H3027	hbo:3027	hand	H3581	hbo:3581	strength	similar	prior	0.5
H3027	hbo:3027	hand	H2220	hbo:2220	arm	similar	prior	0.5
H3027	hbo:3027	hand	H0931	hbo:0931	the.thumb	similar	prior	0.5
H3027	hbo:3027	hand	H0676	hbo:0676	finger	similar	prior	0.5
H3027	hbo:3027	hand	H3447	hbo:3447	he.held.out	similar	prior	0.5
H3027	hbo:3027	hand	H8571	hbo:8571	the.lobe	similar	prior	0.5
H3032	hbo:3032	they.cast	H5307	hbo:5307	they.will.fall	similar	high	0.647
H3032	hbo:3032	they.cast	H1486	hbo:1486	lot	similar	high	0.534
H3033	hbo:3033	the.one.beloved	H3039	hbo:3039	my.beloved	similar	prior	0.6
H3034	hbo:3034	give.thanks	H2167	hbo:2167	sing.praises	similar	high	1.0
H3034	hbo:3034	give.thanks	H1984	hbo:1984a	praise	similar	high	1.0
H3034	hbo:3034	give.thanks	H8416	hbo:8416	praise	similar	high	0.939
H3034	hbo:3034	give.thanks	H1960	hbo:1960	songs.of.thanksgiving	similar	prior	0.6
H3034	hbo:3034	give.thanks	H3029	hbo:3029	[am].praising	similar	prior	0.6
H3034	hbo:3034a	shoot	H1960	hbo:1960	songs.of.thanksgiving	similar	prior	0.6
H3034	hbo:3034a	shoot	H3029	hbo:3029	[am].praising	similar	prior	0.6
H3039	hbo:3039	my.beloved	H1730	hbo:1730	lover	similar	high	0.823
H3045	hbo:3045	you.will.know	H0995	hbo:0995	understand	similar	high	0.913
H3045	hbo:3045	you.will.know	H3925	hbo:3925	teach	similar	prior	0.6
H3045	hbo:3045	you.will.know	H1843	hbo:1843	knowledge	similar	prior	0.5
H3045	hbo:3045	you.will.know	H4130	hbo:4130	relative	similar	prior	0.5
H3045	hbo:3045	you.will.know	H3049	hbo:3049	soothsayers	similar	prior	0.5
H3045	hbo:3045	you.will.know	H4093	hbo:4093	knowledge	similar	prior	0.5
H3045	hbo:3045	you.will.know	H4129	hbo:4129	a.relative	similar	prior	0.5
H3046	hbo:3046	make	H3045	hbo:3045	you.will.know	similar	prior	0.6
H3046	hbo:3046	make	H3925	hbo:3925	teach	similar	prior	0.6
H3046	hbo:3046	make	H3928	hbo:3928	my	similar	prior	0.6
H3046	hbo:3046	make	H4486	hbo:4486	understanding	similar	prior	0.5
H3049	hbo:3049	soothsayers	H0178	hbo:0178	necromancers	similar	high	1.0
H3049	hbo:3049	soothsayers	H7080	hbo:7080	diviners	similar	high	0.595
H3049	hbo:3049	soothsayers	H1844	hbo:1844	knowledge	similar	prior	0.5
H3049	hbo:3049	soothsayers	H4129	hbo:4129	a.relative	similar	prior	0.5
H3049	hbo:3049	soothsayers	H1843	hbo:1843	knowledge	similar	prior	0.5
H3049	hbo:3049	soothsayers	H4130	hbo:4130	relative	similar	prior	0.5
H3051	hbo:3051	give	H5414	hbo:5414	give	similar	prior	0.5
H3051	hbo:3051	give	H1890	hbo:1890	my.gifts	similar	prior	0.5
H3051	hbo:3051	give	H3053	hbo:3053	burden	similar	prior	0.5
H3054	hbo:3054	[were].becoming.Jews	H3064	hbo:3064	Jews	similar	prior	0.5
H3054	hbo:3054	[were].becoming.Jews	H3066	hbo:3066	Judean	similar	prior	0.5
H3054	hbo:3054	[were].becoming.Jews	H3057	hbo:3057	Judean	similar	prior	0.5
H3057	hbo:3057	Judean	H3066	hbo:3066	Judean	similar	prior	0.5
H3057	hbo:3057	Judean	H3064	hbo:3064	Jews	similar	prior	0.5
H3061	hbo:3061	Judah	H3062	hbo:3062	of	similar	prior	0.5
H3064	hbo:3064	Jews	H3066	hbo:3066	Judean	similar	prior	0.6
H3066	hbo:3066	Judean	H3064	hbo:3064	Jews	similar	prior	0.5
H3095	hbo:3095	an.emerald	H5306	hbo:5306	turquoise	similar	high	0.975
H3095	hbo:3095	an.emerald	H6357	hbo:6357	a.topaz	similar	high	0.916
H3095	hbo:3095	an.emerald	H5601	hbo:5601	sapphire	similar	high	0.9
H3095	hbo:3095	an.emerald	H0124	hbo:0124	of.a.ruby	similar	high	0.88
H3095	hbo:3095	an.emerald	H3471	hbo:3471	a.jasper	similar	high	0.868
H3095	hbo:3095	an.emerald	H7718	hbo:7718	of.onyx	similar	high	0.78
H3095	hbo:3095	an.emerald	H1304	hbo:1304	a.beryl	similar	prior	0.5
H3095	hbo:3095	an.emerald	H1989	hbo:1989	a.hammer	similar	prior	0.5
H3095	hbo:3095	an.emerald	H1986	hbo:1986	they	similar	prior	0.5
H3095	hbo:3095	an.emerald	H4112	hbo:4112	beatings	similar	prior	0.5
H3104	hbo:3104	the.jubilee	H8059	hbo:8059	the.remission	similar	high	0.812
H3104	hbo:3104	the.jubilee	H1865	hbo:1865	liberty	similar	prior	0.5
H3104	hbo:3104	the.jubilee	H8398	hbo:8398	[the].world	similar	prior	0.5
H3104	hbo:3104	the.jubilee	H2986	hbo:2986	they	similar	prior	0.5
H3104	hbo:3104	the.jubilee	H2981	hbo:2981	produce	similar	prior	0.5
H3104	hbo:3104	the.jubilee	H3105	hbo:3105	a.stream	similar	prior	0.5
H3104	hbo:3104	the.jubilee	H2988	hbo:2988	watercourses	similar	prior	0.5
H3104	hbo:3104	the.jubilee	H2990	hbo:2990	a.running.sore	similar	prior	0.5
H3105	hbo:3105	a.stream	H2986	hbo:2986	they	similar	prior	0.5
H3117	hbo:3117	day	H8141	hbo:8141	year[s]	similar	high	0.863
H3117	hbo:3117	day	H2320	hbo:2320	month	similar	high	0.835
H3117	hbo:3117	day	H7620	hbo:7620	weeks	similar	high	0.667
H3117	hbo:3117	day	H3915	hbo:3915	night	antonym	recall	0.628
H3117	hbo:3117	day	H6672	hbo:6672a	noon(s)	similar	prior	0.5
H3118	hbo:3118	days	H3117	hbo:3117	day	similar	prior	0.6
H3123	hbo:3123	dove	H8449	hbo:8449	turtle-doves	similar	high	0.933
H3126	hbo:3126	a.sucking.child	H3127	hbo:3127	shoots	similar	prior	0.5
H3126	hbo:3126	a.sucking.child	H3242	hbo:3242	shoots	similar	prior	0.5
H3138	hbo:3138	autumn.rain	H4305	hbo:4305	he.rained.down	similar	prior	0.6
H3138	hbo:3138	autumn.rain	H4456	hbo:4456	spring.rain	similar	prior	0.5
H3138	hbo:3138	autumn.rain	H4175	hbo:4175a	early.rain	similar	prior	0.5
H3148	hbo:3148	excess	H3254	hbo:3254	he.repeated	similar	prior	0.5
H3148	hbo:3148	excess	H3499	hbo:3499	the.rest	similar	prior	0.5
H3148	hbo:3148	excess	H7605	hbo:7605	the.rest	similar	prior	0.5
H3154	hbo:3154	sweat	H2188	hbo:2188	the.sweat	similar	prior	0.5
H3158	hbo:3158	Jezreelite	H3761	hbo:3761	Carmelite	similar	high	0.797
H3158	hbo:3158	Jezreelite	H3459	hbo:3459	Ishmaelites	similar	prior	0.5
H3158	hbo:3158	Jezreelite	H3505	hbo:3505	Ithrite	similar	prior	0.5
H3161	hbo:3161	let.it.be.united	H2266	hbo:2266	he.joined	similar	prior	0.5
H3173	hbo:3173	your.only	H0910	hbo:0910	alone	similar	prior	0.5
H3176	hbo:3176	I.will.wait	H6960	hbo:6960	wait	similar	high	0.945
H3176	hbo:3176	I.will.wait	H8431	hbo:8431	hope	similar	prior	0.6
H3176	hbo:3176	I.will.wait	H3175	hbo:3175	waiting	similar	prior	0.5
H3179	hbo:3179	they.were.in.heat	H3205	hbo:3205a	giving.birth	similar	prior	0.5
H3179	hbo:3179	they.were.in.heat	H2529	hbo:2529	curd[s]	similar	prior	0.5
H3180	hbo:3180	roe-deer	H2560	hbo:2560	they.are.in.turmoil	similar	prior	0.5
H3182	hbo:3182	barefoot	H6174	hbo:6174	naked	similar	high	0.814
H3187	hbo:3187	their.genealogical	H3188	hbo:3188	the.genealogy	similar	prior	0.5
H3190	hbo:3190	it.was.good	H2895	hbo:2895	it.was.good	similar	high	0.914
H3190	hbo:3190	it.was.good	H2896	hbo:2896	good	similar	high	0.881
H3190	hbo:3190	it.was.good	H2896	hbo:2896b	good	similar	high	0.871
H3190	hbo:3190	it.was.good	H7489	hbo:7489	it.was.displeasing	antonym	recall	0.63
H3190	hbo:3190	it.was.good	H3191	hbo:3191	it.is.good	similar	prior	0.6
H3190	hbo:3190	it.was.good	H3474	hbo:3474	it.was.pleasing	similar	prior	0.5
H3190	hbo:3190	it.was.good	H4315	hbo:4315	the.best	similar	prior	0.5
H3196	hbo:3196	wine	H7941	hbo:7941	strong.drink	similar	high	1.0
H3196	hbo:3196	wine	H8492	hbo:8492	new.wine	similar	high	0.812
H3196	hbo:3196	wine	H2558	hbo:2558	vinegar	similar	high	0.737
H3196	hbo:3196	wine	H6025	hbo:6025	grapes	similar	high	0.736
H3196	hbo:3196	wine	H7910	hbo:7910	drunkard	similar	prior	0.5
H3196	hbo:3196	wine	H4945	hbo:4945	the.cup.bearers	similar	prior	0.5
H3196	hbo:3196	wine	H5435	hbo:5435	drink	similar	prior	0.5
H3196	hbo:3196	wine	H5262	hbo:5262	their.drink	similar	prior	0.5
H3196	hbo:3196	wine	H4680	hbo:4680	it.will.be.drained.out	similar	prior	0.5
H3198	hbo:3198	[one.who].reproves	H8433	hbo:8433a	rebuke	similar	high	0.893
H3198	hbo:3198	[one.who].reproves	H3256	hbo:3256	discipline	similar	high	0.729
H3198	hbo:3198	[one.who].reproves	H7378	hbo:7378	conduct.a.case	similar	prior	0.5
H3198	hbo:3198	[one.who].reproves	H1605	hbo:1605	he.rebuked	similar	prior	0.5
H3198	hbo:3198	[one.who].reproves	H1606	hbo:1606	rebuke	similar	prior	0.5
H3201	hbo:3201	they.were.able	H1396	hbo:1396	they.increased	similar	prior	0.5
H3201	hbo:3201	they.were.able	H3546	hbo:3546	[they.were].able	similar	prior	0.5
H3202	hbo:3202	he.will.be.able	H3546	hbo:3546	[they.were].able	similar	prior	0.5
H3205	hbo:3205	he.fathered	H8435	hbo:8435	genealogies	similar	high	0.913
H3205	hbo:3205	he.fathered	H1121	hbo:1121	the.son	similar	high	0.865
H3205	hbo:3205	he.fathered	H3206	hbo:3206	children	similar	high	0.821
H3205	hbo:3205	he.fathered	H2029	hbo:2029	she.conceived	similar	high	0.737
H3205	hbo:3205	he.fathered	H2056	hbo:2056	a.child	similar	prior	0.5
H3205	hbo:3205	he.fathered	H3207	hbo:3207	girl	similar	prior	0.5
H3205	hbo:3205	he.fathered	H3208	hbo:3208	youth(s)	similar	prior	0.5
H3206	hbo:3206	children	H5288	hbo:5288	lad	similar	high	0.894
H3206	hbo:3206	children	H3207	hbo:3207	girl	similar	high	0.877
H3206	hbo:3206	children	H3205	hbo:3205	he.fathered	similar	high	0.821
H3206	hbo:3206	children	H2945	hbo:2945	one[s]	similar	prior	0.5
H3207	hbo:3207	girl	H3206	hbo:3206	children	similar	high	0.877
H3207	hbo:3207	girl	H5291	hbo:5291	woman	similar	high	0.618
H3208	hbo:3208	youth(s)	H5271	hbo:5271	youth(s)	similar	high	0.775
H3208	hbo:3208	youth(s)	H5290	hbo:5290	youth	similar	high	0.703
H3208	hbo:3208	youth(s)	H8435	hbo:8435	genealogies	similar	prior	0.5
H3208	hbo:3208	youth(s)	H3207	hbo:3207	girl	similar	prior	0.5
H3208	hbo:3208	youth(s)	H2056	hbo:2056	a.child	similar	prior	0.5
H3208	hbo:3208	youth(s)	H3211	hbo:3211	those.born	similar	prior	0.5
H3208	hbo:3208	youth(s)	H3206	hbo:3206	children	similar	prior	0.5
H3209	hbo:3209	born	H5768	hbo:5768	children	similar	prior	0.5
H3209	hbo:3209	born	H1121	hbo:1121	the.son	similar	prior	0.5
H3209	hbo:3209	born	H3205	hbo:3205	he.fathered	similar	prior	0.5
H3209	hbo:3209	born	H2056	hbo:2056	a.child	similar	prior	0.5
H3209	hbo:3209	born	H3208	hbo:3208	youth(s)	similar	prior	0.5
H3209	hbo:3209	born	H3211	hbo:3211	those.born	similar	prior	0.5
H3209	hbo:3209	born	H8435	hbo:8435	genealogies	similar	prior	0.5
H3211	hbo:3211	those.born	H2056	hbo:2056	a.child	similar	prior	0.5
H3211	hbo:3211	those.born	H3206	hbo:3206	children	similar	prior	0.5
H3211	hbo:3211	those.born	H3207	hbo:3207	girl	similar	prior	0.5
H3211	hbo:3211	those.born	H8435	hbo:8435	genealogies	similar	prior	0.5
H3213	hbo:3213	wail	H3214	hbo:3214	a.howling	similar	prior	0.6
H3213	hbo:3213	wail	H6817	hbo:6817	they.cried.out	similar	prior	0.5
H3213	hbo:3213	wail	H5091	hbo:5091a	they.mourned	similar	prior	0.5
H3214	hbo:3214	a.howling	H3213	hbo:3213	wail	similar	prior	0.5
H3214	hbo:3214	a.howling	H3215	hbo:3215	wailing	similar	prior	0.5
H3215	hbo:3215	wailing	H3213	hbo:3213	wail	similar	high	0.667
H3215	hbo:3215	wailing	H5092	hbo:5092	wailing	similar	prior	0.5
H3215	hbo:3215	wailing	H0585	hbo:0585	groaning	similar	prior	0.5
H3215	hbo:3215	wailing	H4553	hbo:4553	wailing	similar	prior	0.5
H3215	hbo:3215	wailing	H6682	hbo:6682	an.outcry	similar	prior	0.5
H3218	hbo:3218	locust[s]	H0697	hbo:0697	locust[s]	similar	high	0.996
H3218	hbo:3218	locust[s]	H2625	hbo:2625	locust[s]	similar	high	0.82
H3218	hbo:3218	locust[s]	H1501	hbo:1501	locust	similar	high	0.8
H3218	hbo:3218	locust[s]	H2284	hbo:2284	grasshopper	similar	high	0.633
H3218	hbo:3218	locust[s]	H6767	hbo:6767c	cymbals	similar	prior	0.5
H3218	hbo:3218	locust[s]	H1357	hbo:1357	of.locusts	similar	prior	0.5
H3220	hbo:3220	sea	H5104	hbo:5104	rivers	similar	high	0.825
H3220	hbo:3220	sea	H2348	hbo:2348	the.coast	similar	high	0.79
H3220	hbo:3220	sea	H4217	hbo:4217	eastward	antonym	recall	0.733
H3220	hbo:3220	sea	H6921	hbo:6921	eastward	antonym	recall	0.713
H3220	hbo:3220	sea	H3004	hbo:3004	ground	antonym	recall	0.706
H3222	hbo:3222	springs	H3220	hbo:3220	sea	similar	prior	0.5
H3225	hbo:3225	hand	H8040	hbo:8040	left	antonym	recall	0.817
H3225	hbo:3225	hand	H3231	hbo:3231	go.to.the.right	similar	prior	0.5
H3225	hbo:3225	hand	H8486	hbo:8486	southward	similar	prior	0.5
H3225	hbo:3225	hand	H3233	hbo:3233	right	similar	prior	0.5
H3231	hbo:3231	go.to.the.right	H8041	hbo:8041	go.to.the.left	antonym	recall	0.906
H3231	hbo:3231	go.to.the.right	H3225	hbo:3225	hand	similar	prior	0.6
H3231	hbo:3231	go.to.the.right	H8486	hbo:8486	southward	similar	prior	0.5
H3231	hbo:3231	go.to.the.right	H3233	hbo:3233	right	similar	prior	0.5
H3233	hbo:3233	right	H8042	hbo:8042	left	antonym	recall	0.699
H3233	hbo:3233	right	H3225	hbo:3225	hand	similar	prior	0.5
H3238	hbo:3238	the.oppressor	H5065	hbo:5065	taskmasters	similar	prior	0.5
H3238	hbo:3238	the.oppressor	H6231	hbo:6231	oppress	similar	prior	0.5
H3238	hbo:3238	the.oppressor	H7533	hbo:7533	crushed	similar	prior	0.5
H3242	hbo:3242	shoots	H3243	hbo:3243	you.will.suck	similar	prior	0.5
H3242	hbo:3242	shoots	H3243	hbo:3243a	nurse	similar	prior	0.5
H3242	hbo:3242	shoots	H3127	hbo:3127	shoots	similar	prior	0.5
H3243	hbo:3243	you.will.suck	H3127	hbo:3127	shoots	similar	prior	0.5
H3243	hbo:3243a	nurse	H5763	hbo:5763	nursing	similar	prior	0.5
H3244	hbo:3244	owl	H6893	hbo:6893	desert.owl	similar	high	0.958
H3244	hbo:3244	owl	H3563	hbo:3563a	owl	similar	high	0.958
H3244	hbo:3244	owl	H5398	hbo:5398	you.blew	similar	prior	0.5
H3245	hbo:3245	founded	H3559	hbo:3559	prepare	similar	high	0.693
H3245	hbo:3245	founded	H1129	hbo:1129	he.built	similar	high	0.624
H3245	hbo:3245	founded	H4146	hbo:4146	the.foundations	similar	prior	0.6
H3245	hbo:3245	founded	H3247	hbo:3247	the.base	similar	prior	0.6
H3246	hbo:3246	[was].the.beginning	H4145	hbo:4145	the.foundations	similar	prior	0.5
H3246	hbo:3246	[was].the.beginning	H4144	hbo:4144	[the].foundations	similar	prior	0.5
H3246	hbo:3246	[was].the.beginning	H3245	hbo:3245	founded	similar	prior	0.5
H3246	hbo:3246	[was].the.beginning	H3247	hbo:3247	the.base	similar	prior	0.5
H3247	hbo:3247	the.base	H3245	hbo:3245	founded	similar	prior	0.5
H3247	hbo:3247	the.base	H4144	hbo:4144	[the].foundations	similar	prior	0.5
H3248	hbo:3248	foundation	H4145	hbo:4145	the.foundations	similar	prior	0.5
H3248	hbo:3248	foundation	H3247	hbo:3247	the.base	similar	prior	0.5
H3248	hbo:3248	foundation	H4144	hbo:4144	[the].foundations	similar	prior	0.5
H3248	hbo:3248	foundation	H3246	hbo:3246	[was].the.beginning	similar	prior	0.5
H3248	hbo:3248	foundation	H3245	hbo:3245	founded	similar	prior	0.5
H3250	hbo:3250	a.faultfinder	H4148	hbo:4148	discipline	similar	prior	0.5
H3250	hbo:3250	a.faultfinder	H4561	hbo:4561	discipline	similar	prior	0.5
H3250	hbo:3250	a.faultfinder	H3256	hbo:3256	discipline	similar	prior	0.5
H3254	hbo:3254	he.repeated	H2308	hbo:2308	cease	antonym	recall	0.625
H3256	hbo:3256	discipline	H3925	hbo:3925	teach	similar	high	0.768
H3256	hbo:3256	discipline	H3198	hbo:3198	[one.who].reproves	similar	high	0.729
H3256	hbo:3256	discipline	H3928	hbo:3928	my	similar	prior	0.6
H3256	hbo:3256	discipline	H2094	hbo:2094a	you.will.warn	similar	prior	0.5
H3256	hbo:3256	discipline	H8433	hbo:8433a	rebuke	similar	prior	0.5
H3256	hbo:3256	discipline	H3384	hbo:3384b	teach	similar	prior	0.5
H3257	hbo:3257	shovels	H4289	hbo:4289	fire-pans	similar	high	0.76
H3257	hbo:3257	shovels	H3261	hbo:3261	it.will.sweep.away	similar	prior	0.5
H3259	hbo:3259	he	H4150	hbo:4150	of.meeting	similar	prior	0.6
H3259	hbo:3259	he	H6960	hbo:6960	wait	similar	prior	0.5
H3259	hbo:3259	he	H0622	hbo:0622	they.gathered	similar	prior	0.5
H3259	hbo:3259	he	H4151	hbo:4151	ranks	similar	prior	0.5
H3259	hbo:3259	he	H4152	hbo:4152	appointment	similar	prior	0.5
H3271	hbo:3271	he	H5844	hbo:5844	you.must.cover	similar	prior	0.6
H3271	hbo:3271	he	H5844	hbo:5844a	[he	similar	prior	0.6
H3272	hbo:3272	counselors	H5843	hbo:5843	counsel	similar	prior	0.5
H3276	hbo:3276	they.will.confer.profit	H5532	hbo:5532	it.is.of.use	similar	high	0.621
H3277	hbo:3277	the.mountain.goats	H3280	hbo:3280	a.mountain.goat	similar	prior	0.5
H3284	hbo:3284	of.an.ostrich	H8565	hbo:8565	jackals	similar	high	0.808
H3284	hbo:3284	of.an.ostrich	H5322	hbo:5322a	falcon	similar	prior	0.5
H3284	hbo:3284	of.an.ostrich	H5404	hbo:5404	eagle	similar	prior	0.5
H3284	hbo:3284	of.an.ostrich	H3283	hbo:3283	ostriches	similar	prior	0.5
H3286	hbo:3286	they.grow.weary	H5889	hbo:5889	weary	similar	prior	0.6
H3286	hbo:3286	they.grow.weary	H3288	hbo:3288	wearied	similar	prior	0.6
H3286	hbo:3286	they.grow.weary	H1669	hbo:1669	become.faint	similar	prior	0.5
H3287	hbo:3287	[person]	H3286	hbo:3286	they.grow.weary	similar	prior	0.6
H3287	hbo:3287	[person]	H3288	hbo:3288	wearied	similar	prior	0.6
H3287	hbo:3287	[person]	H3023	hbo:3023	[will.be].weary	similar	prior	0.5
H3287	hbo:3287	[person]	H5889	hbo:5889	weary	similar	prior	0.5
H3288	hbo:3288	wearied	H5889	hbo:5889	weary	similar	prior	0.6
H3289	hbo:3289	he.consulted	H6098	hbo:6098	counsel	similar	high	1.0
H3289	hbo:3289a	counselors	H6098	hbo:6098	counsel	similar	high	0.949
H3293	hbo:3293	forest	H6086	hbo:6086	wood(s)	similar	high	0.638
H3293	hbo:3293	forest	H3753	hbo:3753	camels	similar	prior	0.5
H3302	hbo:3302	they.are.beautiful	H3304	hbo:3304	very	similar	prior	0.5
H3303	hbo:3303	beautiful	H8389	hbo:8389	of.form	similar	high	0.885
H3303	hbo:3303	beautiful	H3304	hbo:3304	very	similar	prior	0.6
H3303	hbo:3303	beautiful	H3308	hbo:3308	beauty	similar	prior	0.6
H3303	hbo:3303	beautiful	H2896	hbo:2896	good	similar	prior	0.5
H3303	hbo:3303	beautiful	H5000	hbo:5000	[is].suitable	similar	prior	0.5
H3304	hbo:3304	very	H3302	hbo:3302	they.are.beautiful	similar	prior	0.6
H3304	hbo:3304	very	H3308	hbo:3308	beauty	similar	prior	0.5
H3306	hbo:3306	she.is.gasping.for.breath	H3307	hbo:3307	a.witness	similar	prior	0.6
H3306	hbo:3306	she.is.gasping.for.breath	H6315	hbo:6315	it.will.breathe	similar	prior	0.6
H3306	hbo:3306	she.is.gasping.for.breath	H6315	hbo:6315a	he.breathes.out	similar	prior	0.6
H3307	hbo:3307	a.witness	H6315	hbo:6315	it.will.breathe	similar	prior	0.6
H3307	hbo:3307	a.witness	H6315	hbo:6315a	he.breathes.out	similar	prior	0.6
H3308	hbo:3308	beauty	H8597	hbo:8597	splendor	similar	high	0.637
H3308	hbo:3308	beauty	H3304	hbo:3304	very	similar	prior	0.6
H3308	hbo:3308	beauty	H1926	hbo:1926	majesty	similar	prior	0.5
H3313	hbo:3313	he.shone.forth	H5050	hbo:5050	he.illuminates	similar	prior	0.5
H3313	hbo:3313	he.shone.forth	H2224	hbo:2224	it.rises	similar	prior	0.5
H3313	hbo:3313	he.shone.forth	H5301	hbo:5301	blow	similar	prior	0.5
H3314	hbo:3314	splendor	H3313	hbo:3313	he.shone.forth	similar	prior	0.5
H3318	hbo:3318	he.went.out	H7971	hbo:7971	he.sent	similar	high	0.627
H3318	hbo:3318	he.went.out	H4161	hbo:4161	the.utterance	similar	prior	0.6
H3318	hbo:3318	he.went.out	H0935	hbo:0935	he.came	antonym	recall	0.598
H3318	hbo:3318	he.went.out	H5312	hbo:5312	he.had.brought.out	similar	prior	0.5
H3318	hbo:3318	he.went.out	H6329	hbo:6329	he.obtained	similar	prior	0.5
H3318	hbo:3318	he.went.out	H1518	hbo:1518	you.burst.forth	similar	prior	0.5
H3318	hbo:3318	he.went.out	H8444	hbo:8444	extremities	similar	prior	0.5
H3318	hbo:3318	he.went.out	H3329	hbo:3329	of.the.offspring(s)	similar	prior	0.5
H3318	hbo:3318	he.went.out	H4163	hbo:4163	outhouses	similar	prior	0.5
H3320	hbo:3320	take.your.stand	H5975	hbo:5975	he.stood	similar	high	0.935
H3320	hbo:3320	take.your.stand	H5324	hbo:5324	[was].standing	similar	high	0.889
H3320	hbo:3320	take.your.stand	H6965	hbo:6965	he.arose	similar	high	0.724
H3320	hbo:3320	take.your.stand	H5333	hbo:5333	garrisons	similar	prior	0.6
H3323	hbo:3323	oil	H8492	hbo:8492	new.wine	similar	high	1.0
H3323	hbo:3323	oil	H1715	hbo:1715	grain	similar	high	0.971
H3323	hbo:3323	oil	H2132	hbo:2132	olive.trees	similar	prior	0.5
H3326	hbo:3326	beds	H6210	hbo:6210	couch	similar	high	0.629
H3326	hbo:3326	beds	H3331	hbo:3331	it.was.spread.as.a.bed	similar	prior	0.5
H3329	hbo:3329	of.the.offspring(s)	H8444	hbo:8444	extremities	similar	prior	0.5
H3329	hbo:3329	of.the.offspring(s)	H4161	hbo:4161	the.utterance	similar	prior	0.5
H3330	hbo:3330	certain	H3321	hbo:3321	make.certain	similar	prior	0.5
H3331	hbo:3331	it.was.spread.as.a.bed	H3326	hbo:3326	beds	similar	prior	0.6
H3331	hbo:3331	it.was.spread.as.a.bed	H4904	hbo:4904	bed	similar	prior	0.5
H3332	hbo:3332	he.poured	H4165	hbo:4165	casting	similar	prior	0.6
H3332	hbo:3332	he.poured	H6694	hbo:6694	someone.pours.out	similar	prior	0.6
H3332	hbo:3332	he.poured	H8210	hbo:8210	pour.out	similar	prior	0.5
H3332	hbo:3332	he.poured	H5137	hbo:5137	he.will.spatter	similar	prior	0.5
H3332	hbo:3332	he.poured	H5258	hbo:5258	he.poured.out	similar	prior	0.5
H3332	hbo:3332	he.poured	H6884	hbo:6884	[is].refined	similar	prior	0.5
H3332	hbo:3332	he.poured	H3335	hbo:3335a	the.potter	similar	prior	0.5
H3333	hbo:3333	casting	H4165	hbo:4165	casting	similar	prior	0.5
H3333	hbo:3333	casting	H3332	hbo:3332	he.poured	similar	prior	0.5
H3335	hbo:3335	the.[one	H1254	hbo:1254	he.created	similar	high	0.944
H3335	hbo:3335	the.[one	H3336	hbo:3336	inclination	similar	high	0.912
H3335	hbo:3335	the.[one	H3338	hbo:3338	members	similar	prior	0.5
H3335	hbo:3335a	the.potter	H1254	hbo:1254	he.created	similar	high	0.583
H3335	hbo:3335a	the.potter	H2789	hbo:2789	of.earthenware	similar	high	0.511
H3336	hbo:3336	inclination	H3335	hbo:3335	the.[one	similar	high	0.912
H3336	hbo:3336	inclination	H4284	hbo:4284	plans	similar	high	0.708
H3336	hbo:3336	inclination	H3820	hbo:3820	heart	similar	high	0.646
H3336	hbo:3336	inclination	H4209	hbo:4209	discretion	similar	prior	0.5
H3336	hbo:3336	inclination	H3338	hbo:3338	members	similar	prior	0.5
H3341	hbo:3341	I.will.kindle	H1197	hbo:1197	it.burned	similar	high	0.834
H3341	hbo:3341	I.will.kindle	H8313	hbo:8313	he.burned	similar	high	0.7
H3341	hbo:3341	I.will.kindle	H6702	hbo:6702	I	similar	prior	0.5
H3342	hbo:3342	winepress	H6333	hbo:6333	a.winepress	similar	prior	0.5
H3344	hbo:3344	it.will.burn	H6919	hbo:6919	it.has.been.kindled	similar	high	0.779
H3344	hbo:3344	it.will.burn	H1197	hbo:1197	it.burned	similar	high	0.753
H3344	hbo:3344	it.will.burn	H3518	hbo:3518	it.will.be.extinguished	antonym	recall	0.661
H3344	hbo:3344	it.will.burn	H8313	hbo:8313	he.burned	similar	high	0.658
H3344	hbo:3344	it.will.burn	H3857	hbo:3857	it.sets.ablaze	similar	high	0.598
H3346	hbo:3346	burning	H3345	hbo:3345	(the)	similar	prior	0.5
H3350	hbo:3350	a.burning	H3344	hbo:3344	it.will.burn	similar	prior	0.5
H3350	hbo:3350	a.burning	H4169	hbo:4169	[the].hearth	similar	prior	0.5
H3350	hbo:3350	a.burning	H4168	hbo:4168	hearths	similar	prior	0.5
H3351	hbo:3351	existence	H7012	hbo:7012	their.rising	similar	prior	0.5
H3351	hbo:3351	existence	H6965	hbo:6965	he.arose	similar	prior	0.5
H3351	hbo:3351	existence	H7009	hbo:7009	adversary	similar	prior	0.5
H3351	hbo:3351	existence	H8617	hbo:8617	power.to.stand	similar	prior	0.5
H3351	hbo:3351	existence	H7054	hbo:7054	standing.grain	similar	prior	0.5
H3351	hbo:3351	existence	H4725	hbo:4725	place	similar	prior	0.5
H3351	hbo:3351	existence	H8618	hbo:8618	rebels	similar	prior	0.5
H3353	hbo:3353	of.a.fowler	H6341	hbo:6341	snare	similar	high	0.748
H3353	hbo:3353	of.a.fowler	H4170	hbo:4170	snare	similar	prior	0.5
H3357	hbo:3357	dear	H3365	hbo:3365	let.it.be.precious	similar	prior	0.6
H3357	hbo:3357	dear	H3366	hbo:3366	honor	similar	prior	0.6
H3357	hbo:3357	dear	H3368	hbo:3368	precious	similar	prior	0.6
H3364	hbo:3364	he.awoke	H5782	hbo:5782	awake	similar	prior	0.5
H3364	hbo:3364	he.awoke	H7290	hbo:7290	[was].sleeping	antonym	recall	0.438
H3365	hbo:3365	let.it.be.precious	H3357	hbo:3357	dear	similar	prior	0.5
H3366	hbo:3366	honor	H3365	hbo:3365	let.it.be.precious	similar	prior	0.6
H3366	hbo:3366	honor	H8597	hbo:8597	splendor	similar	prior	0.5
H3366	hbo:3366	honor	H3519	hbo:3519	glory	similar	prior	0.5
H3366	hbo:3366	honor	H1420	hbo:1420	greatness	similar	prior	0.5
H3366	hbo:3366	honor	H3357	hbo:3357	dear	similar	prior	0.5
H3367	hbo:3367	the	H2122	hbo:2122	brightness(es)	similar	high	0.829
H3367	hbo:3367	the	H3358	hbo:3358	[is].difficult	similar	prior	0.5
H3368	hbo:3368	precious	H3365	hbo:3365	let.it.be.precious	similar	prior	0.6
H3368	hbo:3368	precious	H3357	hbo:3357	dear	similar	prior	0.5
H3369	hbo:3369	they.will.be.ensnared	H6341	hbo:6341	snare	similar	high	0.793
H3369	hbo:3369	they.will.be.ensnared	H4170	hbo:4170	snare	similar	high	0.771
H3369	hbo:3369	they.will.be.ensnared	H5367	hbo:5367	setting.traps	similar	high	0.657
H3369	hbo:3369	they.will.be.ensnared	H6679	hbo:6679	hunt	similar	prior	0.5
H3369	hbo:3369	they.will.be.ensnared	H3920	hbo:3920	he.captured	similar	prior	0.5
H3372	hbo:3372	be.afraid	H6342	hbo:6342	they.will.be.in.dread	similar	high	0.979
H3372	hbo:3372	be.afraid	H2865	hbo:2865	be.dismayed	similar	high	0.958
H3372	hbo:3372	be.afraid	H0982	hbo:0982	trust	antonym	recall	0.623
H3372	hbo:3372	be.afraid	H0926	hbo:0926	they	similar	prior	0.5
H3372	hbo:3372	be.afraid	H3025	hbo:3025	I.am.afraid.of	similar	prior	0.5
H3372	hbo:3372	be.afraid	H2729	hbo:2729	[one.who].terrifies	similar	prior	0.5
H3372	hbo:3372	be.afraid	H0366	hbo:0366	majestic	similar	prior	0.5
H3373	hbo:3373	fearing	H4172	hbo:4172	fear	similar	prior	0.5
H3374	hbo:3374	the.fear	H3372	hbo:3372	be.afraid	similar	prior	0.6
H3374	hbo:3374	the.fear	H4172	hbo:4172	fear	similar	prior	0.6
H3374	hbo:3374	the.fear	H6342	hbo:6342	they.will.be.in.dread	similar	prior	0.5
H3374	hbo:3374	the.fear	H6343	hbo:6343	dread	similar	prior	0.5
H3374	hbo:3374	the.fear	H2731	hbo:2731	trembling	similar	prior	0.5
H3374	hbo:3374	the.fear	H0367	hbo:0367	terror	similar	prior	0.5
H3381	hbo:3381	he.went.down	H5927	hbo:5927	he.went.up	antonym	recall	0.764
H3384	hbo:3384	shoot	H7198	hbo:7198	bow	similar	high	0.514
H3384	hbo:3384	shoot	H7232	hbo:7232	they.shot	similar	prior	0.5
H3384	hbo:3384	shoot	H2904	hbo:2904	he.hurled	similar	prior	0.5
H3384	hbo:3384	shoot	H3138	hbo:3138	autumn.rain	similar	prior	0.5
H3384	hbo:3384	shoot	H4175	hbo:4175a	early.rain	similar	prior	0.5
H3384	hbo:3384	shoot	H8451	hbo:8451	law	similar	prior	0.5
H3384	hbo:3384a	[which].it.waters	H7232	hbo:7232	they.shot	similar	prior	0.5
H3384	hbo:3384b	teach	H3925	hbo:3925	teach	similar	high	0.973
H3384	hbo:3384b	teach	H5148	hbo:5148	he	similar	high	0.663
H3384	hbo:3384b	teach	H7232	hbo:7232	they.shot	similar	prior	0.5
H3387	hbo:3387	green.plant	H3418	hbo:3418	greenery	similar	prior	0.6
H3387	hbo:3387	green.plant	H3419	hbo:3419	of.vegetable[s]	similar	prior	0.5
H3387	hbo:3387	green.plant	H3420	hbo:3420	mildew	similar	prior	0.5
H3387	hbo:3387	green.plant	H3422	hbo:3422	greenish	similar	prior	0.5
H3391	hbo:3391	the.month	H2320	hbo:2320	month	similar	high	0.82
H3391	hbo:3391	the.month	H3394	hbo:3394	moon	similar	prior	0.5
H3394	hbo:3394	moon	H8121	hbo:8121	sun	similar	high	0.968
H3394	hbo:3394	moon	H3556	hbo:3556	stars	similar	high	0.882
H3394	hbo:3394	moon	H3391	hbo:3391	the.month	similar	prior	0.6
H3407	hbo:3407	curtains	H7050	hbo:7050a	curtains	similar	high	0.938
H3407	hbo:3407	curtains	H4908	hbo:4908	tabernacle	similar	high	0.804
H3407	hbo:3407	curtains	H0168	hbo:0168	the.tent	similar	prior	0.5
H3407	hbo:3407	curtains	H6532	hbo:6532	curtain	similar	prior	0.5
H3407	hbo:3407	curtains	H3415	hbo:3415	it.is.trembling	similar	prior	0.5
H3409	hbo:3409	thigh	H7785	hbo:7785	the.thigh	similar	high	0.791
H3409	hbo:3409	thigh	H6763	hbo:6763	side-chambers	similar	high	0.716
H3409	hbo:3409	thigh	H3410	hbo:3410	loins	similar	prior	0.6
H3409	hbo:3409	thigh	H4975	hbo:4975	loins	similar	prior	0.5
H3409	hbo:3409	thigh	H3411	hbo:3411	the.innermost.parts	similar	prior	0.5
H3411	hbo:3411	the.innermost.parts	H6763	hbo:6763	side-chambers	similar	prior	0.5
H3411	hbo:3411	the.innermost.parts	H1366	hbo:1366	border	similar	prior	0.5
H3411	hbo:3411	the.innermost.parts	H1004	hbo:1004a	between	similar	prior	0.5
H3417	hbo:3417	she.will.spit	H7536	hbo:7536	spittle	similar	prior	0.5
H3418	hbo:3418	greenery	H6212	hbo:6212	vegetation	similar	high	0.975
H3418	hbo:3418	greenery	H1877	hbo:1877	fresh.grass	similar	high	0.902
H3418	hbo:3418	greenery	H3387	hbo:3387	green.plant	similar	prior	0.5
H3418	hbo:3418	greenery	H3422	hbo:3422	greenish	similar	prior	0.5
H3418	hbo:3418	greenery	H3419	hbo:3419	of.vegetable[s]	similar	prior	0.5
H3418	hbo:3418	greenery	H3420	hbo:3420	mildew	similar	prior	0.5
H3419	hbo:3419	of.vegetable[s]	H1877	hbo:1877	fresh.grass	similar	prior	0.5
H3419	hbo:3419	of.vegetable[s]	H3420	hbo:3420	mildew	similar	prior	0.5
H3419	hbo:3419	of.vegetable[s]	H3422	hbo:3422	greenish	similar	prior	0.5
H3420	hbo:3420	mildew	H7711	hbo:7711a	blight	similar	high	1.0
H3420	hbo:3420	mildew	H2625	hbo:2625	locust[s]	similar	high	0.713
H3420	hbo:3420	mildew	H0697	hbo:0697	locust[s]	similar	high	0.618
H3422	hbo:3422	greenish	H0125	hbo:0125	reddish	similar	high	0.985
H3422	hbo:3422	greenish	H3418	hbo:3418	greenery	similar	prior	0.6
H3422	hbo:3422	greenish	H3387	hbo:3387	green.plant	similar	prior	0.6
H3422	hbo:3422	greenish	H7838	hbo:7838	black	similar	prior	0.5
H3422	hbo:3422	greenish	H6669	hbo:6669	yellow	similar	prior	0.5
H3422	hbo:3422	greenish	H3420	hbo:3420	mildew	similar	prior	0.5
H3423	hbo:3423	take	H3425	hbo:3425	a.possession	similar	high	1.0
H3423	hbo:3423	take	H5157	hbo:5157	they.will.inherit	similar	high	0.991
H3423	hbo:3423	take	H5159	hbo:5159	inheritance	similar	high	0.918
H3423	hbo:3423	take	H3424	hbo:3424	a.possession	similar	prior	0.6
H3423	hbo:3423	take	H4180	hbo:4180	possession	similar	prior	0.6
H3423	hbo:3423	take	H0270	hbo:0270	it	similar	prior	0.5
H3423	hbo:3423	take	H7568	hbo:7568	net	similar	prior	0.5
H3424	hbo:3424	a.possession	H4180	hbo:4180	possession	similar	prior	0.6
H3424	hbo:3424	a.possession	H3425	hbo:3425	a.possession	similar	prior	0.6
H3425	hbo:3425	a.possession	H3423	hbo:3423	take	similar	high	1.0
H3425	hbo:3425	a.possession	H4181	hbo:4181	a.possession	similar	high	1.0
H3425	hbo:3425	a.possession	H5159	hbo:5159	inheritance	similar	high	0.887
H3425	hbo:3425	a.possession	H0272	hbo:0272	a.possession	similar	high	0.81
H3425	hbo:3425	a.possession	H3424	hbo:3424	a.possession	similar	prior	0.5
H3425	hbo:3425	a.possession	H7568	hbo:7568	net	similar	prior	0.5
H3425	hbo:3425	a.possession	H4180	hbo:4180	possession	similar	prior	0.5
H3427	hbo:3427	the.inhabitants	H4349	hbo:4349	the.place	similar	prior	0.5
H3427	hbo:3427	the.inhabitants	H3488	hbo:3488	he.sat	similar	prior	0.5
H3427	hbo:3427	the.inhabitants	H7675	hbo:7675	the.sitting	similar	prior	0.5
H3444	hbo:3444	salvation	H8668	hbo:8668	salvation	similar	high	1.0
H3444	hbo:3444	salvation	H3467	hbo:3467	save	similar	high	1.0
H3444	hbo:3444	salvation	H3468	hbo:3468	salvation	similar	high	1.0
H3444	hbo:3444	salvation	H3467	hbo:3467a	a.deliverer	similar	high	0.856
H3444	hbo:3444	salvation	H4190	hbo:4190	saving.acts	similar	prior	0.5
H3447	hbo:3447	he.held.out	H5186	hbo:5186	incline	similar	prior	0.5
H3452	hbo:3452	Jeshimon	H4057	hbo:4057	wilderness	similar	high	0.804
H3453	hbo:3453	aged.[people]	H3486	hbo:3486	decrepit	similar	prior	0.5
H3459	hbo:3459	Ishmaelites	H1905	hbo:1905	Hagrites	similar	high	0.671
H3459	hbo:3459	Ishmaelites	H7017	hbo:7017	Kenite	similar	high	0.639
H3462	hbo:3462	they.will.sleep	H5123	hbo:5123	anyone.will.slumber	similar	high	0.724
H3462	hbo:3462	they.will.sleep	H6974	hbo:6974a	awake	antonym	recall	0.722
H3462	hbo:3462	they.will.sleep	H7290	hbo:7290	[was].sleeping	similar	prior	0.5
H3462	hbo:3462	they.will.sleep	H8639	hbo:8639	deep.sleep	similar	prior	0.5
H3465	hbo:3465	old.harvest	H2319	hbo:2319	new	antonym	recall	0.503
H3465	hbo:3465	old.harvest	H6275	hbo:6275	he.moved.on	similar	prior	0.5
H3467	hbo:3467	save	H3444	hbo:3444	salvation	similar	high	1.0
H3467	hbo:3467	save	H5826	hbo:5826	help	similar	high	1.0
H3467	hbo:3467	save	H8668	hbo:8668	salvation	similar	high	1.0
H3467	hbo:3467	save	H5337	hbo:5337	deliver	similar	high	1.0
H3467	hbo:3467	save	H3254	hbo:3254	he.repeated	similar	prior	0.5
H3467	hbo:3467	save	H6403	hbo:6403	deliverer	similar	prior	0.5
H3467	hbo:3467	save	H4422	hbo:4422	he.escaped	similar	prior	0.5
H3467	hbo:3467a	a.deliverer	H5826	hbo:5826	help	similar	high	0.974
H3467	hbo:3467a	a.deliverer	H5337	hbo:5337	deliver	similar	high	0.947
H3467	hbo:3467a	a.deliverer	H8668	hbo:8668	salvation	similar	high	0.927
H3467	hbo:3467a	a.deliverer	H3444	hbo:3444	salvation	similar	high	0.856
H3467	hbo:3467a	a.deliverer	H4042	hbo:4042	he.has.delivered	similar	prior	0.5
H3467	hbo:3467a	a.deliverer	H6299	hbo:6299	you.will.redeem	similar	prior	0.5
H3467	hbo:3467a	a.deliverer	H1353	hbo:1353	redemption	similar	prior	0.5
H3468	hbo:3468	salvation	H3444	hbo:3444	salvation	similar	high	1.0
H3468	hbo:3468	salvation	H8668	hbo:8668	salvation	similar	prior	0.6
H3471	hbo:3471	a.jasper	H5306	hbo:5306	turquoise	similar	high	0.973
H3471	hbo:3471	a.jasper	H7718	hbo:7718	of.onyx	similar	high	0.973
H3471	hbo:3471	a.jasper	H5601	hbo:5601	sapphire	similar	high	0.874
H3471	hbo:3471	a.jasper	H3095	hbo:3095	an.emerald	similar	high	0.868
H3471	hbo:3471	a.jasper	H0124	hbo:0124	of.a.ruby	similar	high	0.85
H3471	hbo:3471	a.jasper	H6357	hbo:6357	a.topaz	similar	high	0.849
H3471	hbo:3471	a.jasper	H1304	hbo:1304	a.beryl	similar	prior	0.5
H3474	hbo:3474	it.was.pleasing	H3477	hbo:3477	right	similar	high	0.93
H3474	hbo:3474	it.was.pleasing	H7521	hbo:7521	he	similar	prior	0.5
H3474	hbo:3474	it.was.pleasing	H3787	hbo:3787	to.give.success	similar	prior	0.5
H3476	hbo:3476	uprightness	H3477	hbo:3477	right	similar	high	1.0
H3476	hbo:3476	uprightness	H4339	hbo:4339	uprightness(es)	similar	high	0.943
H3476	hbo:3476	uprightness	H8537	hbo:8537	integrity	similar	high	0.812
H3476	hbo:3476	uprightness	H6664	hbo:6664	righteousness	similar	high	0.706
H3476	hbo:3476	uprightness	H8538	hbo:8538	integrity	similar	prior	0.5
H3477	hbo:3477	right	H3476	hbo:3476	uprightness	similar	high	1.0
H3477	hbo:3477	right	H6662	hbo:6662	righteous	similar	high	0.994
H3477	hbo:3477	right	H3474	hbo:3474	it.was.pleasing	similar	high	0.93
H3477	hbo:3477	right	H4339	hbo:4339	uprightness(es)	similar	high	0.873
H3477	hbo:3477	right	H6664	hbo:6664	righteousness	similar	high	0.859
H3477	hbo:3477	right	H2623	hbo:2623	your.faithful	similar	high	0.857
H3477	hbo:3477	right	H7563	hbo:7563	of.wicked.[people]	antonym	recall	0.614
H3477	hbo:3477	right	H8549	hbo:8549	unblemished	similar	prior	0.5
H3477	hbo:3477	right	H6663	hbo:6663	I.am.righteous	similar	prior	0.5
H3477	hbo:3477	right	H4334	hbo:4334	plain	similar	prior	0.5
H3477	hbo:3477	right	H3483	hbo:3483	uprightness	similar	prior	0.5
H3483	hbo:3483	uprightness	H3474	hbo:3474	it.was.pleasing	similar	prior	0.5
H3483	hbo:3483	uprightness	H4339	hbo:4339	uprightness(es)	similar	prior	0.5
H3483	hbo:3483	uprightness	H3476	hbo:3476	uprightness	similar	prior	0.5
H3486	hbo:3486	decrepit	H3453	hbo:3453	aged.[people]	similar	prior	0.6
H3486	hbo:3486	decrepit	H1087	hbo:1087	worn.out	similar	prior	0.5
H3489	hbo:3489	the.tent.pegs	H4340	hbo:4340	tent-cords	similar	high	0.962
H3489	hbo:3489	the.tent.pegs	H2053	hbo:2053	hooks	similar	prior	0.5
H3490	hbo:3490	one	H0490	hbo:0490	a.widow	similar	high	1.0
H3490	hbo:3490	one	H6041	hbo:6041	poor	similar	high	0.799
H3498	hbo:3498	remained	H7604	hbo:7604	remain	similar	high	0.912
H3498	hbo:3498	remained	H3499	hbo:3499	the.rest	similar	prior	0.6
H3498	hbo:3498	remained	H3504	hbo:3504	advantage	similar	prior	0.5
H3498	hbo:3498	remained	H4195	hbo:4195	profit	similar	prior	0.5
H3498	hbo:3498	remained	H3148	hbo:3148	excess	similar	prior	0.5
H3498	hbo:3498	remained	H3502	hbo:3502	[the].wealth	similar	prior	0.5
H3498	hbo:3498	remained	H4340	hbo:4340	tent-cords	similar	prior	0.5
H3498	hbo:3498	remained	H3508	hbo:3508	lobe	similar	prior	0.5
H3498	hbo:3498	remained	H3499	hbo:3499a	cords	similar	prior	0.5
H3499	hbo:3499	the.rest	H7605	hbo:7605	the.rest	similar	high	0.801
H3499	hbo:3499	the.rest	H7611	hbo:7611	the.remnant	similar	prior	0.5
H3499	hbo:3499	the.rest	H4195	hbo:4195	profit	similar	prior	0.5
H3499	hbo:3499	the.rest	H3502	hbo:3502	[the].wealth	similar	prior	0.5
H3499	hbo:3499	the.rest	H4340	hbo:4340	tent-cords	similar	prior	0.5
H3499	hbo:3499	the.rest	H3499	hbo:3499a	cords	similar	prior	0.5
H3499	hbo:3499	the.rest	H3508	hbo:3508	lobe	similar	prior	0.5
H3499	hbo:3499	the.rest	H3148	hbo:3148	excess	similar	prior	0.5
H3499	hbo:3499	the.rest	H3504	hbo:3504	advantage	similar	prior	0.5
H3499	hbo:3499a	cords	H4340	hbo:4340	tent-cords	similar	prior	0.5
H3499	hbo:3499a	cords	H4195	hbo:4195	profit	similar	prior	0.5
H3499	hbo:3499a	cords	H3504	hbo:3504	advantage	similar	prior	0.5
H3499	hbo:3499a	cords	H3148	hbo:3148	excess	similar	prior	0.5
H3502	hbo:3502	[the].wealth	H3504	hbo:3504	advantage	similar	prior	0.5
H3502	hbo:3502	[the].wealth	H3148	hbo:3148	excess	similar	prior	0.5
H3502	hbo:3502	[the].wealth	H4195	hbo:4195	profit	similar	prior	0.5
H3502	hbo:3502	[the].wealth	H3499	hbo:3499a	cords	similar	prior	0.5
H3502	hbo:3502	[the].wealth	H3508	hbo:3508	lobe	similar	prior	0.5
H3502	hbo:3502	[the].wealth	H4340	hbo:4340	tent-cords	similar	prior	0.5
H3504	hbo:3504	advantage	H4195	hbo:4195	profit	similar	prior	0.5
H3504	hbo:3504	advantage	H4340	hbo:4340	tent-cords	similar	prior	0.5
H3505	hbo:3505	Ithrite	H5200	hbo:5200	Netophathite	similar	high	0.635
H3505	hbo:3505	Ithrite	H3761	hbo:3761	Carmelite	similar	high	0.63
H3505	hbo:3505	Ithrite	H3459	hbo:3459	Ishmaelites	similar	prior	0.5
H3508	hbo:3508	lobe	H3516	hbo:3516	liver	similar	high	1.0
H3508	hbo:3508	lobe	H3629	hbo:3629	kidneys	similar	high	0.83
H3508	hbo:3508	lobe	H2459	hbo:2459	fat	similar	high	0.748
H3508	hbo:3508	lobe	H4340	hbo:4340	tent-cords	similar	prior	0.5
H3508	hbo:3508	lobe	H3504	hbo:3504	advantage	similar	prior	0.5
H3508	hbo:3508	lobe	H3499	hbo:3499a	cords	similar	prior	0.5
H3508	hbo:3508	lobe	H4195	hbo:4195	profit	similar	prior	0.5
H3508	hbo:3508	lobe	H3148	hbo:3148	excess	similar	prior	0.5
H3510	hbo:3510	in.pain	H6087	hbo:6087a	be.grieved	similar	prior	0.5
H3511	hbo:3511	pain	H4341	hbo:4341	pain	similar	high	0.976
H3511	hbo:3511	pain	H3510	hbo:3510	in.pain	similar	prior	0.6
H3511	hbo:3511	pain	H2427	hbo:2427	anguish	similar	prior	0.5
H3511	hbo:3511	pain	H6090	hbo:6090a	pain	similar	prior	0.5
H3511	hbo:3511	pain	H6089	hbo:6089a	hard.labor	similar	prior	0.5
H3512	hbo:3512	he.will.be.disheartened	H3013	hbo:3013	he.has.caused.grief	similar	prior	0.5
H3512	hbo:3512	he.will.be.disheartened	H6862	hbo:6862a	foes	similar	prior	0.5
H3512	hbo:3512	he.will.be.disheartened	H4834	hbo:4834	grievous	similar	prior	0.5
H3513	hbo:3513	it.was.heavy	H3372	hbo:3372	be.afraid	similar	high	0.773
H3513	hbo:3513	it.was.heavy	H7185	hbo:7185	they.stiffened	similar	high	0.638
H3513	hbo:3513	it.was.heavy	H7043	hbo:7043	lighten	antonym	recall	0.606
H3513	hbo:3513	it.was.heavy	H3519	hbo:3519	glory	similar	prior	0.6
H3513	hbo:3513	it.was.heavy	H3520	hbo:3520	glorious	similar	prior	0.6
H3513	hbo:3513	it.was.heavy	H3514	hbo:3514	[the].weight	similar	prior	0.6
H3513	hbo:3513	it.was.heavy	H0959	hbo:0959	he.despised	antonym	recall	0.507
H3513	hbo:3513	it.was.heavy	H2715	hbo:2715	nobles	similar	prior	0.5
H3513	hbo:3513	it.was.heavy	H1431	hbo:1431	he.grew.up	similar	prior	0.5
H3513	hbo:3513	it.was.heavy	H6286	hbo:6286	beautify	similar	prior	0.5
H3513	hbo:3513	it.was.heavy	H5666	hbo:5666	it.is.thick	similar	prior	0.5
H3513	hbo:3513	it.was.heavy	H3517	hbo:3517	difficulty	similar	prior	0.5
H3513	hbo:3513	it.was.heavy	H3516	hbo:3516	liver	similar	prior	0.5
H3514	hbo:3514	[the].weight	H3515	hbo:3515	heavy	similar	prior	0.6
H3514	hbo:3514	[the].weight	H3520	hbo:3520	glorious	similar	prior	0.6
H3514	hbo:3514	[the].weight	H3519	hbo:3519	glory	similar	prior	0.6
H3514	hbo:3514	[the].weight	H3513	hbo:3513	it.was.heavy	similar	prior	0.5
H3514	hbo:3514	[the].weight	H4948	hbo:4948	weight	similar	prior	0.5
H3514	hbo:3514	[the].weight	H3517	hbo:3517	difficulty	similar	prior	0.5
H3515	hbo:3515	heavy	H7186	hbo:7186	hard	similar	high	0.639
H3515	hbo:3515	heavy	H3520	hbo:3520	glorious	similar	prior	0.6
H3515	hbo:3515	heavy	H3519	hbo:3519	glory	similar	prior	0.6
H3515	hbo:3515	heavy	H3517	hbo:3517	difficulty	similar	prior	0.5
H3515	hbo:3515	heavy	H7031	hbo:7031	swift	antonym	recall	0.413
H3516	hbo:3516	liver	H3508	hbo:3508	lobe	similar	high	1.0
H3516	hbo:3516	liver	H3517	hbo:3517	difficulty	similar	prior	0.5
H3516	hbo:3516	liver	H3519	hbo:3519	glory	similar	prior	0.5
H3516	hbo:3516	liver	H3520	hbo:3520	glorious	similar	prior	0.5
H3516	hbo:3516	liver	H3515	hbo:3515	heavy	similar	prior	0.5
H3516	hbo:3516	liver	H3514	hbo:3514	[the].weight	similar	prior	0.5
H3517	hbo:3517	difficulty	H3520	hbo:3520	glorious	similar	prior	0.5
H3518	hbo:3518	it.will.be.extinguished	H1846	hbo:1846	it.is.extinguished	similar	high	0.686
H3518	hbo:3518	it.will.be.extinguished	H3344	hbo:3344	it.will.burn	antonym	recall	0.661
H3518	hbo:3518	it.will.be.extinguished	H1197	hbo:1197	it.burned	antonym	recall	0.553
H3518	hbo:3518	it.will.be.extinguished	H3341	hbo:3341	I.will.kindle	antonym	recall	0.38
H3519	hbo:3519	glory	H1927	hbo:1927	adornment	similar	high	0.675
H3519	hbo:3519	glory	H3520	hbo:3520	glorious	similar	prior	0.5
H3519	hbo:3519	glory	H1420	hbo:1420	greatness	similar	prior	0.5
H3519	hbo:3519	glory	H3514	hbo:3514	[the].weight	similar	prior	0.5
H3519	hbo:3519	glory	H3515	hbo:3515	heavy	similar	prior	0.5
H3519	hbo:3519	glory	H3517	hbo:3517	difficulty	similar	prior	0.5
H3520	hbo:3520	glorious	H3519	hbo:3519	glory	similar	prior	0.6
H3523	hbo:3523	(the).quilt	H4346	hbo:4346	coverlet	similar	prior	0.5
H3524	hbo:3524	mighty	H0047	hbo:0047	of	similar	prior	0.6
H3524	hbo:3524	mighty	H0046	hbo:0046	the.mighty.one	similar	prior	0.6
H3524	hbo:3524	mighty	H1368	hbo:1368	warriors	similar	prior	0.5
H3524	hbo:3524	mighty	H0117	hbo:0117	majestic	similar	prior	0.5
H3524	hbo:3524	mighty	H2389	hbo:2389	strong	similar	prior	0.5
H3526	hbo:3526	he.will.wash	H7364	hbo:7364	he.will.wash	similar	high	1.0
H3526	hbo:3526	he.will.wash	H2891	hbo:2891	he.will.be.pure	similar	high	0.921
H3527	hbo:3527	he.multiplies	H3530	hbo:3530	a.distance	similar	prior	0.5
H3527	hbo:3527	he.multiplies	H3524	hbo:3524	mighty	similar	prior	0.5
H3530	hbo:3530	a.distance	H3524	hbo:3524	mighty	similar	prior	0.5
H3531	hbo:3531	sieve	H4346	hbo:4346	coverlet	similar	prior	0.5
H3531	hbo:3531	sieve	H3523	hbo:3523	(the).quilt	similar	prior	0.5
H3531	hbo:3531	sieve	H4345	hbo:4345	the.grating	similar	prior	0.5
H3532	hbo:3532	lambs	H0352	hbo:0352	rams	similar	high	1.0
H3532	hbo:3532	lambs	H1423	hbo:1423	a.kid	similar	prior	0.5
H3532	hbo:3532	lambs	H6629	hbo:6629	sheep	similar	prior	0.5
H3532	hbo:3532	lambs	H7716	hbo:7716	a.sheep	similar	prior	0.5
H3533	hbo:3533	it.will.be.subdued	H3665	hbo:3665	he	similar	prior	0.5
H3533	hbo:3533	it.will.be.subdued	H1792	hbo:1792	they.are.crushed	similar	prior	0.5
H3533	hbo:3533	it.will.be.subdued	H3534	hbo:3534	a.footstool	similar	prior	0.5
H3535	hbo:3535	a.ewe-lamb	H3532	hbo:3532	lambs	similar	high	0.819
H3535	hbo:3535	a.ewe-lamb	H0352	hbo:0352	rams	similar	high	0.624
H3535	hbo:3535	a.ewe-lamb	H3775	hbo:3775	rams	similar	prior	0.5
H3535	hbo:3535	a.ewe-lamb	H8574	hbo:8574	an.oven	similar	prior	0.5
H3535	hbo:3535	a.ewe-lamb	H7716	hbo:7716	a.sheep	similar	prior	0.5
H3536	hbo:3536	kiln	H8574	hbo:8574	an.oven	similar	prior	0.5
H3536	hbo:3536	kiln	H0861	hbo:0861	of.the.furnace	similar	prior	0.5
H3537	hbo:3537	jar	H6835	hbo:6835	the.jug	similar	high	0.715
H3537	hbo:3537	jar	H3590	hbo:3590	sparks	similar	prior	0.5
H3539	hbo:3539	ruby	H3590	hbo:3590	sparks	similar	prior	0.5
H3539	hbo:3539	ruby	H3537	hbo:3537	jar	similar	prior	0.5
H3543	hbo:3543	it.has.become.dull	H3544	hbo:3544	[is].dull	similar	high	1.0
H3543	hbo:3543	it.has.become.dull	H3607	hbo:3607	restrain	similar	prior	0.5
H3543	hbo:3543	it.has.become.dull	H3545	hbo:3545	relief	similar	prior	0.5
H3544	hbo:3544	[is].dull	H2821	hbo:2821	he.makes.dark	similar	prior	0.5
H3544	hbo:3544	[is].dull	H3545	hbo:3545	relief	similar	prior	0.5
H3547	hbo:3547	serve.as.priests	H8334	hbo:8334	serve	similar	high	0.88
H3547	hbo:3547	serve.as.priests	H3548	hbo:3548	priest	similar	high	0.822
H3549	hbo:3549	the	H3548	hbo:3548	priest	similar	prior	0.6
H3550	hbo:3550	priesthood	H3548	hbo:3548	priest	similar	high	0.792
H3550	hbo:3550	priesthood	H3547	hbo:3547	serve.as.priests	similar	high	0.764
H3553	hbo:3553	a.helmet	H8302	hbo:8302a	armor	similar	high	0.823
H3553	hbo:3553	a.helmet	H6793	hbo:6793a	body.shield	similar	high	0.674
H3553	hbo:3553	a.helmet	H4043	hbo:4043	shield	similar	high	0.584
H3554	hbo:3554	you.will.be.scorched	H3555	hbo:3555	burning	similar	prior	0.6
H3555	hbo:3555	burning	H3554	hbo:3554	you.will.be.scorched	similar	prior	0.5
H3555	hbo:3555	burning	H4348	hbo:4348	the.burn	similar	prior	0.5
H3556	hbo:3556	stars	H3394	hbo:3394	moon	similar	high	0.882
H3556	hbo:3556	stars	H8064	hbo:8064	heavens	similar	high	0.787
H3556	hbo:3556	stars	H8121	hbo:8121	sun	similar	high	0.701
H3557	hbo:3557	supply	H3928	hbo:3928	my	similar	prior	0.6
H3557	hbo:3557	supply	H3925	hbo:3925	teach	similar	prior	0.6
H3557	hbo:3557	supply	H5375	hbo:5375	lift.up	similar	high	0.516
H3557	hbo:3557	supply	H2421	hbo:2421	he.lived	similar	high	0.508
H3557	hbo:3557	supply	H8551	hbo:8551	[one.who].holds	similar	prior	0.5
H3559	hbo:3559	prepare	H3245	hbo:3245	founded	similar	high	0.693
H3559	hbo:3559	prepare	H8328	hbo:8328	root	similar	prior	0.6
H3559	hbo:3559	prepare	H3653	hbo:3653a	place	similar	prior	0.6
H3559	hbo:3559	prepare	H5228	hbo:5228	straightforward	similar	prior	0.5
H3559	hbo:3559	prepare	H6186	hbo:6186	they.deployed	similar	prior	0.5
H3559	hbo:3559	prepare	H3322	hbo:3322	he	similar	prior	0.5
H3559	hbo:3559	prepare	H5324	hbo:5324	[was].standing	similar	prior	0.5
H3559	hbo:3559	prepare	H1254	hbo:1254	he.created	similar	prior	0.5
H3559	hbo:3559	prepare	H6264	hbo:6264	ready	similar	prior	0.5
H3559	hbo:3559	prepare	H1129	hbo:1129	he.built	similar	prior	0.5
H3559	hbo:3559	prepare	H5564	hbo:5564	he.will.lean	similar	prior	0.5
H3559	hbo:3559	prepare	H4350	hbo:4350	stands	similar	prior	0.5
H3559	hbo:3559	prepare	H5221	hbo:5221	he	similar	prior	0.5
H3559	hbo:3559	prepare	H4347	hbo:4347	wounds	similar	prior	0.5
H3561	hbo:3561	cakes	H4350	hbo:4350	stands	similar	prior	0.5
H3561	hbo:3561	cakes	H3559	hbo:3559	prepare	similar	prior	0.5
H3561	hbo:3561	cakes	H4349	hbo:4349	the.place	similar	prior	0.5
H3561	hbo:3561	cakes	H8498	hbo:8498	arrangement	similar	prior	0.5
H3563	hbo:3563	cup	H8653	hbo:8653	staggering	similar	high	0.871
H3563	hbo:3563a	owl	H3244	hbo:3244	owl	similar	high	0.958
H3563	hbo:3563a	owl	H6893	hbo:6893	desert.owl	similar	high	0.863
H3563	hbo:3563a	owl	H0101	hbo:0101	bowls	similar	prior	0.5
H3564	hbo:3564	of.a.furnace	H8574	hbo:8574	an.oven	similar	prior	0.5
H3564	hbo:3564	of.a.furnace	H3733	hbo:3733	lambs	similar	prior	0.5
H3574	hbo:3574	prosperiti(es)	H3601	hbo:3601	distaff	similar	prior	0.5
H3574	hbo:3574	prosperiti(es)	H3788	hbo:3788	skill	similar	prior	0.5
H3574	hbo:3574	prosperiti(es)	H3787	hbo:3787	to.give.success	similar	prior	0.5
H3576	hbo:3576	I.will.lie	H3577	hbo:3577	falsehood	similar	high	1.0
H3576	hbo:3576	I.will.lie	H8267	hbo:8267	falsehood	similar	high	0.72
H3576	hbo:3576	I.will.lie	H0539	hbo:0539	faithful	antonym	recall	0.558
H3576	hbo:3576	I.will.lie	H2950	hbo:2950	[are.those.who].smear	similar	prior	0.5
H3577	hbo:3577	falsehood	H8267	hbo:8267	falsehood	similar	high	1.0
H3577	hbo:3577	falsehood	H3576	hbo:3576	I.will.lie	similar	high	1.0
H3577	hbo:3577	falsehood	H4820	hbo:4820	deceit	similar	high	0.819
H3577	hbo:3577	falsehood	H7423	hbo:7423a	deceit	similar	high	0.704
H3577	hbo:3577	falsehood	H0391	hbo:0391	a.deceitful.thing	similar	prior	0.5
H3581	hbo:3581	strength	H1369	hbo:1369	strength	similar	high	0.924
H3581	hbo:3581	strength	H5797	hbo:5797	strength	similar	high	0.911
H3581	hbo:3581	strength	H2392	hbo:2392	strength	similar	prior	0.5
H3581	hbo:3581	strength	H2394	hbo:2394	force	similar	prior	0.5
H3581	hbo:3581	strength	H8633	hbo:8633	the.power	similar	prior	0.5
H3582	hbo:3582	hide.[it]	H2244	hbo:2244	they.hid.themselves	similar	prior	0.5
H3582	hbo:3582	hide.[it]	H3772	hbo:3772	it.will.be.cut.off	similar	prior	0.5
H3584	hbo:3584	they.cringed	H8266	hbo:8266	you.will.deal.falsely	similar	high	0.69
H3584	hbo:3584	they.cringed	H3576	hbo:3576	I.will.lie	similar	high	0.546
H3584	hbo:3584	they.cringed	H3577	hbo:3577	falsehood	similar	prior	0.5
H3585	hbo:3585	lying	H7423	hbo:7423a	deceit	similar	prior	0.5
H3585	hbo:3585	lying	H4820	hbo:4820	deceit	similar	prior	0.5
H3585	hbo:3585	lying	H3586	hbo:3586	lying	similar	prior	0.5
H3585	hbo:3585	lying	H3584	hbo:3584	they.cringed	similar	prior	0.5
H3586	hbo:3586	lying	H3584	hbo:3584	they.cringed	similar	prior	0.6
H3591	hbo:3591	javelin	H2595	hbo:2595	spear	similar	high	0.563
H3591	hbo:3591	javelin	H7420	hbo:7420	spears	similar	prior	0.5
H3591	hbo:3591	javelin	H3553	hbo:3553	a.helmet	similar	prior	0.5
H3591	hbo:3591	javelin	H4551	hbo:4551a	quarry	similar	prior	0.5
H3591	hbo:3591	javelin	H2719	hbo:2719	sword	similar	high	0.488
H3595	hbo:3595	laver	H4350	hbo:4350	stands	similar	high	0.943
H3595	hbo:3595	laver	H4227	hbo:4227	a.baking.tray	similar	prior	0.5
H3595	hbo:3595	laver	H3563	hbo:3563a	owl	similar	prior	0.5
H3595	hbo:3595	laver	H3600	hbo:3600	a.stove	similar	prior	0.5
H3595	hbo:3595	laver	H3733	hbo:3733	lambs	similar	prior	0.5
H3595	hbo:3595	laver	H3564	hbo:3564	of.a.furnace	similar	prior	0.5
H3600	hbo:3600	a.stove	H3564	hbo:3564	of.a.furnace	similar	prior	0.5
H3600	hbo:3600	a.stove	H3733	hbo:3733	lambs	similar	prior	0.5
H3603	hbo:3603	talent[s]	H4488	hbo:4488	minas	similar	high	0.878
H3603	hbo:3603	talent[s]	H8255	hbo:8255	the.shekel	similar	high	0.851
H3603	hbo:3603	talent[s]	H1690	hbo:1690	fig.cakes	similar	prior	0.5
H3605	hbo:3605	all	H3632	hbo:3632	a.whole.offering	similar	prior	0.6
H3605	hbo:3605	all	H4358	hbo:4358	of.perfection	similar	prior	0.6
H3605	hbo:3605	all	H3606	hbo:3606	all	similar	prior	0.6
H3605	hbo:3605	all	H7227	hbo:7227	many	similar	prior	0.5
H3605	hbo:3605	all	H4360	hbo:4360	beautiful.garments	similar	prior	0.5
H3605	hbo:3605	all	H3634	hbo:3634	they.perfected	similar	prior	0.5
H3605	hbo:3605	all	H4359	hbo:4359	perfection	similar	prior	0.5
H3606	hbo:3606	all	H3632	hbo:3632	a.whole.offering	similar	prior	0.6
H3607	hbo:3607	restrain	H2820	hbo:2820	you.have.withheld	similar	prior	0.5
H3607	hbo:3607	restrain	H4513	hbo:4513	he	similar	prior	0.5
H3607	hbo:3607	restrain	H6113	hbo:6113	shut.up	similar	prior	0.5
H3607	hbo:3607	restrain	H3610	hbo:3610	two.kinds	similar	prior	0.5
H3607	hbo:3607	restrain	H3628	hbo:3628	imprisonment	similar	prior	0.5
H3607	hbo:3607	restrain	H4356	hbo:4356	folds	similar	prior	0.5
H3608	hbo:3608	imprisonment	H1004	hbo:1004	the.house	similar	high	0.704
H3608	hbo:3608	imprisonment	H5470	hbo:5470	the.prison	similar	high	0.696
H3608	hbo:3608	imprisonment	H3607	hbo:3607	restrain	similar	prior	0.6
H3608	hbo:3608	imprisonment	H4929	hbo:4929	guard	similar	prior	0.5
H3608	hbo:3608	imprisonment	H0615	hbo:0615	prisoners	similar	prior	0.5
H3608	hbo:3608	imprisonment	H4115	hbo:4115	stock[s]	similar	prior	0.5
H3608	hbo:3608	imprisonment	H3628	hbo:3628	imprisonment	similar	prior	0.5
H3608	hbo:3608	imprisonment	H3610	hbo:3610	two.kinds	similar	prior	0.5
H3608	hbo:3608	imprisonment	H4356	hbo:4356	folds	similar	prior	0.5
H3610	hbo:3610	two.kinds	H6151	hbo:6151	mixed	similar	prior	0.5
H3615	hbo:3615	he.finished	H8552	hbo:8552	was.finished	similar	high	0.875
H3615	hbo:3615	he.finished	H3617	hbo:3617	complete.destruction	similar	high	0.815
H3615	hbo:3615	he.finished	H7843	hbo:7843	destroy	similar	high	0.672
H3615	hbo:3615	he.finished	H3631	hbo:3631	failing	similar	prior	0.6
H3615	hbo:3615	he.finished	H8388	hbo:8388	it.turns	similar	prior	0.6
H3615	hbo:3615	he.finished	H8503	hbo:8503	the.end	similar	prior	0.6
H3615	hbo:3615	he.finished	H1584	hbo:1584	may.it.come.to.an.end	similar	prior	0.5
H3615	hbo:3615	he.finished	H5595	hbo:5595	you.should.be.swept.away	similar	prior	0.5
H3615	hbo:3615	he.finished	H1478	hbo:1478	he.expired	similar	prior	0.5
H3615	hbo:3615	he.finished	H1086	hbo:1086	it.wore.out	similar	prior	0.5
H3615	hbo:3615	he.finished	H1197	hbo:1197a	you.will.remove	similar	prior	0.5
H3615	hbo:3615	he.finished	H8502	hbo:8502	perfection	similar	prior	0.5
H3616	hbo:3616	longing	H8502	hbo:8502	perfection	similar	prior	0.5
H3616	hbo:3616	longing	H3615	hbo:3615	he.finished	similar	prior	0.5
H3616	hbo:3616	longing	H8503	hbo:8503	the.end	similar	prior	0.5
H3617	hbo:3617	complete.destruction	H3631	hbo:3631	failing	similar	prior	0.5
H3617	hbo:3617	complete.destruction	H3627	hbo:3627	articles	similar	prior	0.5
H3617	hbo:3617	complete.destruction	H4357	hbo:4357	[was].perfection(s)	similar	prior	0.5
H3617	hbo:3617	complete.destruction	H8502	hbo:8502	perfection	similar	prior	0.5
H3617	hbo:3617	complete.destruction	H3616	hbo:3616	longing	similar	prior	0.5
H3617	hbo:3617	complete.destruction	H8503	hbo:8503	the.end	similar	prior	0.5
H3618	hbo:3618	daughter-in-law	H2860	hbo:2860	of.a.bridegroom	similar	high	0.834
H3618	hbo:3618	daughter-in-law	H0802	hbo:0802	woman	similar	high	0.716
H3619	hbo:3619	a.basket	H2935	hbo:2935	basket	similar	prior	0.5
H3619	hbo:3619	a.basket	H3611	hbo:3611	dogs	similar	prior	0.5
H3623	hbo:3623	your.betrothal(s)	H3618	hbo:3618	daughter-in-law	similar	prior	0.5
H3627	hbo:3627	articles	H5401	hbo:5401	he.kissed	similar	prior	0.5
H3627	hbo:3627	articles	H0572	hbo:0572	sacks	similar	prior	0.5
H3627	hbo:3627	articles	H3984	hbo:3984	the	similar	prior	0.5
H3627	hbo:3627	articles	H8503	hbo:8503	the.end	similar	prior	0.5
H3627	hbo:3627	articles	H8502	hbo:8502	perfection	similar	prior	0.5
H3627	hbo:3627	articles	H3615	hbo:3615	he.finished	similar	prior	0.5
H3627	hbo:3627	articles	H3616	hbo:3616	longing	similar	prior	0.5
H3628	hbo:3628	imprisonment	H4356	hbo:4356	folds	similar	prior	0.5
H3628	hbo:3628	imprisonment	H3610	hbo:3610	two.kinds	similar	prior	0.5
H3629	hbo:3629	kidneys	H3508	hbo:3508	lobe	similar	high	0.83
H3629	hbo:3629	kidneys	H0451	hbo:0451	tail	similar	high	0.709
H3629	hbo:3629	kidneys	H7130	hbo:7130	midst	similar	prior	0.5
H3629	hbo:3629	kidneys	H0990	hbo:0990	belly	similar	prior	0.5
H3631	hbo:3631	failing	H8503	hbo:8503	the.end	similar	prior	0.5
H3631	hbo:3631	failing	H8502	hbo:8502	perfection	similar	prior	0.5
H3631	hbo:3631	failing	H3615	hbo:3615	he.finished	similar	prior	0.5
H3631	hbo:3631	failing	H3627	hbo:3627	articles	similar	prior	0.5
H3631	hbo:3631	failing	H3616	hbo:3616	longing	similar	prior	0.5
H3632	hbo:3632	a.whole.offering	H5930	hbo:5930	a.burnt.offering	similar	high	0.705
H3632	hbo:3632	a.whole.offering	H4358	hbo:4358	of.perfection	similar	prior	0.5
H3632	hbo:3632	a.whole.offering	H4359	hbo:4359	perfection	similar	prior	0.5
H3632	hbo:3632	a.whole.offering	H4360	hbo:4360	beautiful.garments	similar	prior	0.5
H3632	hbo:3632	a.whole.offering	H3634	hbo:3634	they.perfected	similar	prior	0.5
H3634	hbo:3634	they.perfected	H4358	hbo:4358	of.perfection	similar	prior	0.6
H3634	hbo:3634	they.perfected	H3632	hbo:3632	a.whole.offering	similar	prior	0.6
H3634	hbo:3634	they.perfected	H3605	hbo:3605	all	similar	prior	0.6
H3634	hbo:3634	they.perfected	H3606	hbo:3606	all	similar	prior	0.6
H3634	hbo:3634	they.perfected	H4360	hbo:4360	beautiful.garments	similar	prior	0.5
H3634	hbo:3634	they.perfected	H4359	hbo:4359	perfection	similar	prior	0.5
H3637	hbo:3637	humiliated	H0954	hbo:0954	they.will.be.ashamed	similar	high	0.909
H3637	hbo:3637	humiliated	H2659	hbo:2659	may.they.be.abashed	similar	high	0.732
H3637	hbo:3637	humiliated	H2781	hbo:2781	reproach	similar	high	0.662
H3637	hbo:3637	humiliated	H7036	hbo:7036	shame	similar	prior	0.5
H3637	hbo:3637	humiliated	H2778	hbo:2778	taunt	similar	prior	0.5
H3637	hbo:3637	humiliated	H3640	hbo:3640	shame	similar	prior	0.5
H3639	hbo:3639	ignominy	H1322	hbo:1322	shame	similar	high	0.843
H3639	hbo:3639	ignominy	H2781	hbo:2781	reproach	similar	high	0.783
H3639	hbo:3639	ignominy	H0955	hbo:0955	shame	similar	high	0.685
H3640	hbo:3640	shame	H3639	hbo:3639	ignominy	similar	prior	0.5
H3646	hbo:3646	cumin	H7100	hbo:7100	black.cumin	similar	high	1.0
H3653	hbo:3653	base	H4350	hbo:4350	stands	similar	prior	0.5
H3653	hbo:3653a	place	H3928	hbo:3928	my	similar	prior	0.6
H3654	hbo:3654	gnats	H6157	hbo:6157	swarm	similar	high	0.672
H3657	hbo:3657	root	H3654	hbo:3654	gnats	similar	prior	0.5
H3658	hbo:3658	harps	H5035	hbo:5035a	lyres	similar	high	1.0
H3658	hbo:3658	harps	H8596	hbo:8596	tambourines	similar	high	0.953
H3658	hbo:3658	harps	H4700	hbo:4700	cymbals	similar	high	0.927
H3658	hbo:3658	harps	H2689	hbo:2689	trumpets	similar	high	0.752
H3658	hbo:3658	harps	H2485	hbo:2485	flutes	similar	high	0.695
H3664	hbo:3664	gather	H6908	hbo:6908	I.will.gather	similar	high	0.698
H3664	hbo:3664	gather	H0622	hbo:0622	they.gathered	similar	prior	0.5
H3664	hbo:3664	gather	H4370	hbo:4370	undergarments	similar	prior	0.5
H3665	hbo:3665	he	H4355	hbo:4355	it.comes.low	similar	prior	0.5
H3665	hbo:3665	he	H3666	hbo:3666	bundle	similar	prior	0.5
H3669	hbo:3669	Canaanite[s]	H2340	hbo:2340	Hivite[s]	similar	high	0.97
H3669	hbo:3669	Canaanite[s]	H6522	hbo:6522	Perizzite[s]	similar	high	0.954
H3669	hbo:3669	Canaanite[s]	H2850	hbo:2850	Hittite[s]	similar	high	0.93
H3669	hbo:3669	Canaanite[s]	H0567	hbo:0567	the.Amorite[s]	similar	high	0.905
H3669	hbo:3669	Canaanite[s]	H1622	hbo:1622	Girgashite[s]	similar	high	0.858
H3669	hbo:3669	Canaanite[s]	H2983	hbo:2983	Jebusite[s]	similar	high	0.815
H3669	hbo:3669	Canaanite[s]	H6722	hbo:6722	Sidonians	similar	prior	0.5
H3670	hbo:3670	he.will.hide.himself	H3671	hbo:3671	wings	similar	prior	0.5
H3671	hbo:3671	wings	H5133	hbo:5133	plumage	similar	high	0.648
H3671	hbo:3671	wings	H6438	hbo:6438	the.corners	similar	prior	0.5
H3671	hbo:3671	wings	H0657	hbo:0657	[the].ends	similar	prior	0.5
H3671	hbo:3671	wings	H7757	hbo:7757	the.skirts	similar	prior	0.5
H3671	hbo:3671	wings	H6833	hbo:6833	bird	similar	prior	0.5
H3678	hbo:3678	throne	H4438	hbo:4438	kingdom	similar	high	0.77
H3678	hbo:3678	throne	H4467	hbo:4467	kingdom	similar	high	0.641
H3678	hbo:3678	throne	H3676	hbo:3676	the.throne	similar	prior	0.6
H3678	hbo:3678	throne	H7626	hbo:7626	the.tribes	similar	prior	0.5
H3678	hbo:3678	throne	H3764	hbo:3764	the.throne	similar	prior	0.5
H3680	hbo:3680	cover	H3681	hbo:3681	a.covering	similar	prior	0.6
H3680	hbo:3680	cover	H5844	hbo:5844	you.must.cover	similar	prior	0.5
H3681	hbo:3681	a.covering	H4372	hbo:4372	a.covering	similar	prior	0.6
H3681	hbo:3681	a.covering	H3682	hbo:3682	covering	similar	prior	0.6
H3682	hbo:3682	covering	H3830	hbo:3830	clothing	similar	high	0.735
H3682	hbo:3682	covering	H4372	hbo:4372	a.covering	similar	prior	0.6
H3682	hbo:3682	covering	H3801	hbo:3801	tunics	similar	prior	0.5
H3682	hbo:3682	covering	H4374	hbo:4374	covering	similar	prior	0.5
H3682	hbo:3682	covering	H3681	hbo:3681	a.covering	similar	prior	0.5
H3684	hbo:3684	a.fool	H0200	hbo:0200	foolishness	similar	high	1.0
H3684	hbo:3684	a.fool	H0191	hbo:0191	a.fool	similar	high	1.0
H3684	hbo:3684	a.fool	H6612	hbo:6612	naive.people	similar	high	0.985
H3684	hbo:3684	a.fool	H1198	hbo:1198	[is].stupid	similar	high	0.973
H3684	hbo:3684	a.fool	H2450	hbo:2450	wise	antonym	recall	0.824
H3684	hbo:3684	a.fool	H2449	hbo:2449	you.are.wise	antonym	recall	0.734
H3684	hbo:3684	a.fool	H3687	hbo:3687	of.folly	similar	prior	0.6
H3685	hbo:3685	Orion	H3684	hbo:3684	a.fool	similar	prior	0.5
H3687	hbo:3687	of.folly	H3684	hbo:3684	a.fool	similar	prior	0.5
H3687	hbo:3687	of.folly	H3685	hbo:3685	Orion	similar	prior	0.5
H3688	hbo:3688	they.are.foolish	H3687	hbo:3687	of.folly	similar	prior	0.5
H3688	hbo:3688	they.are.foolish	H3689	hbo:3689	loins	similar	prior	0.5
H3688	hbo:3688	they.are.foolish	H3685	hbo:3685	Orion	similar	prior	0.5
H3688	hbo:3688	they.are.foolish	H3690	hbo:3690	confidence	similar	prior	0.5
H3688	hbo:3688	they.are.foolish	H3684	hbo:3684	a.fool	similar	prior	0.5
H3689	hbo:3689	loins	H3690	hbo:3690	confidence	similar	prior	0.5
H3689	hbo:3689	loins	H3688	hbo:3688	they.are.foolish	similar	prior	0.5
H3689	hbo:3689	loins	H3685	hbo:3685	Orion	similar	prior	0.5
H3689	hbo:3689	loins	H3687	hbo:3687	of.folly	similar	prior	0.5
H3689	hbo:3689	loins	H3684	hbo:3684	a.fool	similar	prior	0.5
H3689	hbo:3689a	confidence	H4975	hbo:4975	loins	similar	prior	0.5
H3689	hbo:3689a	confidence	H4723	hbo:4723	hope	similar	prior	0.5
H3689	hbo:3689a	confidence	H3690	hbo:3690	confidence	similar	prior	0.5
H3689	hbo:3689a	confidence	H8615	hbo:8615	hope	similar	prior	0.5
H3689	hbo:3689a	confidence	H3688	hbo:3688	they.are.foolish	similar	prior	0.5
H3690	hbo:3690	confidence	H3687	hbo:3687	of.folly	similar	prior	0.5
H3690	hbo:3690	confidence	H3685	hbo:3685	Orion	similar	prior	0.5
H3690	hbo:3690	confidence	H3684	hbo:3684	a.fool	similar	prior	0.5
H3697	hbo:3697	surely.(trim)	H3765	hbo:3765	it	similar	prior	0.5
H3697	hbo:3697	surely.(trim)	H3698	hbo:3698	spelt	similar	prior	0.5
H3698	hbo:3698	spelt	H5742	hbo:5742	lentils	similar	high	0.763
H3698	hbo:3698	spelt	H3765	hbo:3765	it	similar	prior	0.5
H3699	hbo:3699	you.will.estimate	H4373	hbo:4373	number	similar	prior	0.6
H3700	hbo:3700	greatly.(long)	H2530	hbo:2530	desirable	similar	prior	0.5
H3700	hbo:3700	greatly.(long)	H6165	hbo:6165	it.pants	similar	prior	0.5
H3700	hbo:3700	greatly.(long)	H3701	hbo:3701	silver	similar	prior	0.5
H3700	hbo:3700	greatly.(long)	H0183	hbo:0183	it.will.desire	similar	high	0.496
H3701	hbo:3701	silver	H2091	hbo:2091	gold	similar	high	1.0
H3701	hbo:3701	silver	H5178	hbo:5178	bronze	similar	high	0.806
H3701	hbo:3701	silver	H6826	hbo:6826	the.plating	similar	prior	0.5
H3701	hbo:3701	silver	H7192	hbo:7192	piece[s].of.money	similar	prior	0.5
H3702	hbo:3702	(the)	H1722	hbo:1722	of.(the)	similar	high	1.0
H3702	hbo:3702	(the)	H6523	hbo:6523	the	similar	high	1.0
H3702	hbo:3702	(the)	H2635	hbo:2635	the	similar	high	1.0
H3707	hbo:3707	provoke	H2734	hbo:2734	it.burned	similar	high	0.667
H3707	hbo:3707	provoke	H0599	hbo:0599	he.was.angry	similar	high	0.664
H3708	hbo:3708	provocation	H3707	hbo:3707	provoke	similar	prior	0.6
H3708	hbo:3708	provocation	H3510	hbo:3510	in.pain	similar	prior	0.6
H3708	hbo:3708	provocation	H2740	hbo:2740	the.burning	similar	prior	0.5
H3708	hbo:3708	provocation	H3015	hbo:3015	sorrow	similar	prior	0.5
H3709	hbo:3709	palms	H7272	hbo:7272	feet	similar	high	0.71
H3709	hbo:3709	palms	H2651	hbo:2651	of.[the].hollow.of.hands	similar	high	0.627
H3709	hbo:3709	palms	H2220	hbo:2220	arm	similar	prior	0.5
H3709	hbo:3709	palms	H3721	hbo:3721	down?	similar	prior	0.5
H3712	hbo:3712	palm.branch	H0100	hbo:0100	bulrush	similar	high	0.873
H3712	hbo:3712	palm.branch	H3721	hbo:3721	down?	similar	prior	0.5
H3712	hbo:3712	palm.branch	H3709	hbo:3709	palms	similar	prior	0.5
H3713	hbo:3713	a.bowl	H4219	hbo:4219	bowls	similar	high	0.798
H3713	hbo:3713	a.bowl	H0101	hbo:0101	bowls	similar	prior	0.5
H3713	hbo:3713a	hoar-frost	H7140	hbo:7140	ice	similar	high	0.642
H3713	hbo:3713a	hoar-frost	H7950	hbo:7950	snow	similar	high	0.631
H3715	hbo:3715	a.young.lion	H3833	hbo:3833	a.lion	similar	high	1.0
H3715	hbo:3715	a.young.lion	H0738	hbo:0738a	a.lion	similar	high	1.0
H3715	hbo:3715	a.young.lion	H7826	hbo:7826	a.lion	similar	high	0.962
H3715	hbo:3715	a.young.lion	H0738	hbo:0738	lions	similar	high	0.939
H3715	hbo:3715	a.young.lion	H7580	hbo:7580	he.will.roar	similar	high	0.879
H3715	hbo:3715	a.young.lion	H2061	hbo:2061	wolf	similar	high	0.687
H3715	hbo:3715	a.young.lion	H3724	hbo:3724c	a.ransom	similar	prior	0.5
H3715	hbo:3715	a.young.lion	H3723	hbo:3723	villages	similar	prior	0.5
H3715	hbo:3715	a.young.lion	H3724	hbo:3724b	henna.blossom	similar	prior	0.5
H3717	hbo:3717	folded.double	H6471	hbo:6471	times	similar	prior	0.5
H3718	hbo:3718	double	H3717	hbo:3717	folded.double	similar	prior	0.6
H3718	hbo:3718	double	H4932	hbo:4932	double	similar	prior	0.5
H3720	hbo:3720	famine	H3719	hbo:3719	it.bent	similar	prior	0.5
H3721	hbo:3721	down?	H3665	hbo:3665	he	similar	prior	0.5
H3722	hbo:3722	he.will.make.atonement	H3725	hbo:3725	atonement(s)	similar	high	1.0
H3722	hbo:3722	he.will.make.atonement	H2403	hbo:2403	sin	similar	high	0.923
H3722	hbo:3722	he.will.make.atonement	H0817	hbo:0817	offering	similar	high	0.844
H3722	hbo:3722	he.will.make.atonement	H5930	hbo:5930	a.burnt.offering	similar	high	0.815
H3722	hbo:3722	he.will.make.atonement	H3727	hbo:3727	cover	similar	prior	0.5
H3723	hbo:3723	villages	H3724	hbo:3724c	a.ransom	similar	prior	0.5
H3724	hbo:3724b	henna.blossom	H3724	hbo:3724c	a.ransom	similar	prior	0.5
H3724	hbo:3724b	henna.blossom	H3723	hbo:3723	villages	similar	prior	0.5
H3725	hbo:3725	atonement(s)	H3722	hbo:3722	he.will.make.atonement	similar	high	1.0
H3725	hbo:3725	atonement(s)	H2403	hbo:2403	sin	similar	high	0.797
H3725	hbo:3725	atonement(s)	H0817	hbo:0817	offering	similar	high	0.777
H3725	hbo:3725	atonement(s)	H3724	hbo:3724c	a.ransom	similar	prior	0.5
H3727	hbo:3727	cover	H3725	hbo:3725	atonement(s)	similar	prior	0.5
H3727	hbo:3727	cover	H3724	hbo:3724c	a.ransom	similar	prior	0.5
H3729	hbo:3729	bound	H0631	hbo:0631	she.has.bound	similar	prior	0.5
H3730	hbo:3730	a.bulb	H8246	hbo:8246	shaped.like.almond.blossoms	similar	high	0.958
H3732	hbo:3732	[the].Caphtorites	H6430	hbo:6430	[the].Philistines	similar	high	0.765
H3733	hbo:3733	lambs	H0352	hbo:0352	rams	similar	high	0.655
H3733	hbo:3733	lambs	H7716	hbo:7716	a.sheep	similar	prior	0.5
H3733	hbo:3733	lambs	H3775	hbo:3775	rams	similar	prior	0.5
H3733	hbo:3733	lambs	H3532	hbo:3532	lambs	similar	prior	0.5
H3733	hbo:3733	lambs	H3753	hbo:3753	camels	similar	prior	0.5
H3734	hbo:3734	cor[s]	H1324	hbo:1324	baths	similar	high	0.755
H3734	hbo:3734	cor[s]	H2563	hbo:2563	the.homer	similar	high	0.696
H3734	hbo:3734	cor[s]	H1969	hbo:1969	hin	similar	prior	0.5
H3738	hbo:3738	they.have.dug	H2658	hbo:2658	they.dug	similar	high	0.799
H3738	hbo:3738	they.have.dug	H6419	hbo:6419	pray	similar	prior	0.5
H3738	hbo:3738	they.have.dug	H2672	hbo:2672	dug.out	similar	prior	0.5
H3738	hbo:3738	they.have.dug	H4351	hbo:4351	origins	similar	prior	0.5
H3738	hbo:3738	they.have.dug	H4379	hbo:4379	a.pit	similar	prior	0.5
H3739	hbo:3739	you.will.buy	H2282	hbo:2282	the.festival	similar	prior	0.5
H3739	hbo:3739	you.will.buy	H4960	hbo:4960	a.feast	similar	prior	0.5
H3741	hbo:3741	of.meadows	H3738	hbo:3738	they.have.dug	similar	prior	0.5
H3741	hbo:3741	of.meadows	H4379	hbo:4379	a.pit	similar	prior	0.5
H3742	hbo:3742	cherubim	H4397	hbo:4397	messengers	similar	prior	0.5
H3754	hbo:3754	vineyards	H1612	hbo:1612	vine	similar	high	0.75
H3754	hbo:3754	vineyards	H7704	hbo:7704	field	similar	high	0.739
H3754	hbo:3754	vineyards	H3196	hbo:3196	wine	similar	prior	0.5
H3755	hbo:3755	vinedressers	H0406	hbo:0406	farmers	similar	high	0.879
H3755	hbo:3755	vinedressers	H3754	hbo:3754	vineyards	similar	high	0.852
H3758	hbo:3758	crimson	H0713	hbo:0713	purple	similar	high	0.877
H3758	hbo:3758	crimson	H8504	hbo:8504	violet.stuff	similar	high	0.859
H3758	hbo:3758	crimson	H8144	hbo:8144	of.scarlet	similar	high	0.778
H3758	hbo:3758	crimson	H0119	hbo:0119	dyed.red	similar	prior	0.5
H3759	hbo:3759	orchard	H6529	hbo:6529	fruit	similar	prior	0.5
H3759	hbo:3759	orchard	H1593	hbo:1593	gardens	similar	prior	0.5
H3759	hbo:3759	orchard	H7704	hbo:7704	field	similar	prior	0.5
H3759	hbo:3759a	new.corn	H2406	hbo:2406	wheat(s)	similar	prior	0.5
H3761	hbo:3761	Carmelite	H3158	hbo:3158	Jezreelite	similar	high	0.797
H3761	hbo:3761	Carmelite	H5200	hbo:5200	Netophathite	similar	high	0.683
H3761	hbo:3761	Carmelite	H3459	hbo:3459	Ishmaelites	similar	prior	0.5
H3766	hbo:3766	he.bowed.down	H1290	hbo:1290	knees	similar	high	0.736
H3766	hbo:3766	he.bowed.down	H5307	hbo:5307	they.will.fall	similar	high	0.583
H3766	hbo:3766	he.bowed.down	H7812	hbo:7812a	he.bowed.down	similar	prior	0.5
H3766	hbo:3766	he.bowed.down	H3721	hbo:3721	down?	similar	prior	0.5
H3767	hbo:3767	legs	H3766	hbo:3766	he.bowed.down	similar	prior	0.5
H3769	hbo:3769	[was].dancing	H3753	hbo:3753	camels	similar	prior	0.5
H3769	hbo:3769	[was].dancing	H3733	hbo:3733	lambs	similar	prior	0.5
H3772	hbo:3772	it.will.be.cut.off	H1285	hbo:1285	covenant	similar	high	0.951
H3772	hbo:3772	it.will.be.cut.off	H8045	hbo:8045	destroy	similar	high	0.77
H3772	hbo:3772	it.will.be.cut.off	H6565	hbo:6565	break	antonym	recall	0.675
H3772	hbo:3772	it.will.be.cut.off	H1438	hbo:1438	he.cut.down	similar	prior	0.5
H3772	hbo:3772	it.will.be.cut.off	H0006	hbo:0006	destroy	similar	prior	0.5
H3772	hbo:3772	it.will.be.cut.off	H2266	hbo:2266	he.joined	similar	prior	0.5
H3772	hbo:3772	it.will.be.cut.off	H3748	hbo:3748	of.divorce	similar	prior	0.5
H3772	hbo:3772	it.will.be.cut.off	H3773	hbo:3773	of.beams	similar	prior	0.5
H3773	hbo:3773	of.beams	H3748	hbo:3748	of.divorce	similar	prior	0.5
H3774	hbo:3774	Kerethite[s]	H6432	hbo:6432	Pelethite[s]	similar	high	1.0
H3775	hbo:3775	rams	H7716	hbo:7716	a.sheep	similar	high	1.0
H3775	hbo:3775	rams	H3532	hbo:3532	lambs	similar	high	1.0
H3775	hbo:3775	rams	H0352	hbo:0352	rams	similar	high	0.87
H3775	hbo:3775	rams	H5795	hbo:5795	of.goats	similar	high	0.821
H3775	hbo:3775	rams	H6629	hbo:6629	sheep	similar	prior	0.5
H3775	hbo:3775	rams	H3535	hbo:3535	a.ewe-lamb	similar	prior	0.5
H3781	hbo:3781	axe[s]	H4384	hbo:4384	of.ruins	similar	prior	0.5
H3781	hbo:3781	axe[s]	H3782	hbo:3782	they.will.stumble	similar	prior	0.5
H3781	hbo:3781	axe[s]	H4383	hbo:4383	the.stumbling.block	similar	prior	0.5
H3781	hbo:3781	axe[s]	H3783	hbo:3783	stumbling	similar	prior	0.5
H3782	hbo:3782	they.will.stumble	H4383	hbo:4383	the.stumbling.block	similar	prior	0.6
H3782	hbo:3782	they.will.stumble	H3783	hbo:3783	stumbling	similar	prior	0.6
H3782	hbo:3782	they.will.stumble	H6328	hbo:6328	they.staggered	similar	prior	0.5
H3782	hbo:3782	they.will.stumble	H5307	hbo:5307	they.will.fall	similar	prior	0.5
H3782	hbo:3782	they.will.stumble	H4384	hbo:4384	of.ruins	similar	prior	0.5
H3784	hbo:3784	sorcerers	H6049	hbo:6049	soothsayers	similar	high	0.734
H3784	hbo:3784	sorcerers	H5172	hbo:5172	he.practiced.divination	similar	high	0.696
H3784	hbo:3784	sorcerers	H7081	hbo:7081	divination	similar	high	0.648
H3784	hbo:3784	sorcerers	H3908	hbo:3908	charming	similar	high	0.618
H3784	hbo:3784	sorcerers	H7080	hbo:7080	diviners	similar	high	0.599
H3784	hbo:3784	sorcerers	H2748	hbo:2748	soothsayer-priests	similar	high	0.528
H3784	hbo:3784	sorcerers	H3049	hbo:3049	soothsayers	similar	prior	0.5
H3784	hbo:3784	sorcerers	H0178	hbo:0178	necromancers	similar	prior	0.5
H3784	hbo:3784	sorcerers	H3785	hbo:3785	sorceries	similar	prior	0.5
H3784	hbo:3784	sorcerers	H3786	hbo:3786	sorcerers	similar	prior	0.5
H3785	hbo:3785	sorceries	H3858	hbo:3858a	enchantments	similar	prior	0.5
H3785	hbo:3785	sorceries	H3786	hbo:3786	sorcerers	similar	prior	0.5
H3787	hbo:3787	to.give.success	H2896	hbo:2896	good	similar	high	0.574
H3787	hbo:3787	to.give.success	H6743	hbo:6743	succeed	similar	prior	0.5
H3787	hbo:3787	to.give.success	H3788	hbo:3788	skill	similar	prior	0.5
H3787	hbo:3787	to.give.success	H3601	hbo:3601	distaff	similar	prior	0.5
H3788	hbo:3788	skill	H2451	hbo:2451	wisdom	similar	high	0.632
H3788	hbo:3788	skill	H0998	hbo:0998	understanding	similar	prior	0.5
H3788	hbo:3788	skill	H3601	hbo:3601	distaff	similar	prior	0.5
H3789	hbo:3789	written	H5608	hbo:5608a	scribe	similar	high	0.778
H3791	hbo:3791	to	H4385	hbo:4385	writing	similar	high	0.901
H3791	hbo:3791	to	H3792	hbo:3792	the	similar	high	0.713
H3791	hbo:3791	to	H5612	hbo:5612	the.scroll	similar	high	0.673
H3791	hbo:3791	to	H6573	hbo:6573	[is].(the).copy	similar	prior	0.5
H3793	hbo:3793	inscription	H4385	hbo:4385	writing	similar	prior	0.5
H3793	hbo:3793	inscription	H3791	hbo:3791	to	similar	prior	0.5
H3793	hbo:3793	inscription	H3789	hbo:3789	written	similar	prior	0.5
H3795	hbo:3795	pressed	H8081	hbo:8081	oil	similar	high	0.925
H3795	hbo:3795	pressed	H1792	hbo:1792	they.are.crushed	similar	prior	0.5
H3795	hbo:3795	pressed	H4386	hbo:4386	fragment[s]	similar	prior	0.5
H3795	hbo:3795	pressed	H3807	hbo:3807	they.will.beat	similar	prior	0.5
H3800	hbo:3800	gold	H6337	hbo:6337	than.pure.gold	similar	high	0.881
H3801	hbo:3801	tunics	H6446	hbo:6446	the.palms.and.soles	similar	high	0.937
H3801	hbo:3801	tunics	H0899	hbo:0899	garments	similar	high	0.882
H3801	hbo:3801	tunics	H4598	hbo:4598	the.robe	similar	high	0.84
H3801	hbo:3801	tunics	H4370	hbo:4370	undergarments	similar	high	0.766
H3802	hbo:3802	the.side	H7926	hbo:7926	shoulder	similar	prior	0.5
H3802	hbo:3802	the.side	H2220	hbo:2220	arm	similar	prior	0.5
H3804	hbo:3804	a.crown	H3803	hbo:3803a	[is].surrounding	similar	prior	0.6
H3804	hbo:3804	a.crown	H3805	hbo:3805	capital	similar	prior	0.6
H3804	hbo:3804	a.crown	H6843	hbo:6843	doom	similar	prior	0.5
H3804	hbo:3804	a.crown	H5850	hbo:5850	the.crown	similar	prior	0.5
H3805	hbo:3805	capital	H3803	hbo:3803a	[is].surrounding	similar	prior	0.6
H3805	hbo:3805	capital	H2213	hbo:2213	a.molding	similar	prior	0.5
H3806	hbo:3806	you.will.pound	H4389	hbo:4389	the.Mortar	similar	prior	0.5
H3806	hbo:3806	you.will.pound	H4388	hbo:4388	place	similar	prior	0.5
H3807	hbo:3807	they.will.beat	H1854	hbo:1854	he.pulverized.[it]	similar	high	0.632
H3807	hbo:3807	they.will.beat	H3795	hbo:3795	pressed	similar	prior	0.6
H3807	hbo:3807	they.will.beat	H7533	hbo:7533	crushed	similar	prior	0.5
H3807	hbo:3807	they.will.beat	H1792	hbo:1792	they.are.crushed	similar	prior	0.5
H3807	hbo:3807	they.will.beat	H3806	hbo:3806	you.will.pound	similar	prior	0.5
H3807	hbo:3807	they.will.beat	H7429	hbo:7429	it	similar	prior	0.5
H3807	hbo:3807	they.will.beat	H5310	hbo:5310	I.smash	similar	prior	0.5
H3807	hbo:3807	they.will.beat	H4386	hbo:4386	fragment[s]	similar	prior	0.5
H3811	hbo:3811	I.am.weary	H3021	hbo:3021	you.have.labored	similar	high	0.721
H3811	hbo:3811	I.am.weary	H6313	hbo:6313	it.grew.numb	similar	prior	0.5
H3816	hbo:3816	peoples	H0523	hbo:0523	peoples	similar	high	0.85
H3816	hbo:3816	peoples	H1471	hbo:1471	nations	similar	high	0.747
H3816	hbo:3816	peoples	H5971	hbo:5971	people	similar	prior	0.5
H3820	hbo:3820	heart	H3824	hbo:3824	heart	similar	high	1.0
H3820	hbo:3820	heart	H3821	hbo:3821	heart	similar	prior	0.6
H3820	hbo:3820	heart	H3629	hbo:3629	kidneys	similar	prior	0.5
H3820	hbo:3820	heart	H3826	hbo:3826	anger	similar	prior	0.5
H3820	hbo:3820	heart	H3834	hbo:3834	cakes	similar	prior	0.5
H3820	hbo:3820	heart	H3823	hbo:3823	you	similar	prior	0.5
H3820	hbo:3820b	Lebo	H3821	hbo:3821	heart	similar	prior	0.6
H3820	hbo:3820b	Lebo	H3996	hbo:3996	the.entrance	similar	prior	0.5
H3820	hbo:3820b	Lebo	H6607	hbo:6607	the.entrance	similar	prior	0.5
H3821	hbo:3821	heart	H3824	hbo:3824	heart	similar	prior	0.6
H3824	hbo:3824	heart	H3820	hbo:3820	heart	similar	high	1.0
H3824	hbo:3824	heart	H5315	hbo:5315	self	similar	prior	0.5
H3824	hbo:3824	heart	H3823	hbo:3823	you	similar	prior	0.5
H3825	hbo:3825	heart	H3821	hbo:3821	heart	similar	prior	0.5
H3826	hbo:3826	anger	H3834	hbo:3834	cakes	similar	prior	0.5
H3826	hbo:3826	anger	H3823	hbo:3823	you	similar	prior	0.5
H3826	hbo:3826	anger	H3824	hbo:3824	heart	similar	prior	0.5
H3828	hbo:3828	frankincense	H5561	hbo:5561	the.perfume(s)	similar	high	0.87
H3828	hbo:3828	frankincense	H3843	hbo:3843	bricks	similar	prior	0.5
H3828	hbo:3828	frankincense	H3836	hbo:3836	white	similar	prior	0.5
H3828	hbo:3828	frankincense	H3839	hbo:3839	of.poplar	similar	prior	0.5
H3830	hbo:3830	clothing	H4403	hbo:4403	clothes	similar	high	0.892
H3830	hbo:3830	clothing	H3847	hbo:3847	he.clothed	similar	high	0.818
H3830	hbo:3830	clothing	H3682	hbo:3682	covering	similar	high	0.735
H3830	hbo:3830	clothing	H0899	hbo:0899	garments	similar	high	0.734
H3830	hbo:3830	clothing	H2290	hbo:2290a	a.belt	similar	prior	0.6
H3830	hbo:3830	clothing	H4598	hbo:4598	the.robe	similar	high	0.573
H3830	hbo:3830	clothing	H8071	hbo:8071	clothes	similar	prior	0.5
H3830	hbo:3830	clothing	H5844	hbo:5844	you.must.cover	similar	prior	0.5
H3830	hbo:3830	clothing	H4055	hbo:4055	garments	similar	prior	0.5
H3830	hbo:3830	clothing	H6174	hbo:6174	naked	antonym	recall	0.481
H3830	hbo:3830a	clothed	H3847	hbo:3847	he.clothed	similar	high	0.833
H3831	hbo:3831	clothes	H4403	hbo:4403	clothes	similar	prior	0.6
H3831	hbo:3831	clothes	H3830	hbo:3830a	clothed	similar	prior	0.6
H3831	hbo:3831	clothes	H3830	hbo:3830	clothing	similar	prior	0.6
H3831	hbo:3831	clothes	H2290	hbo:2290a	a.belt	similar	prior	0.6
H3831	hbo:3831	clothes	H2290	hbo:2290	a.belt	similar	prior	0.6
H3831	hbo:3831	clothes	H8516	hbo:8516	clothing	similar	prior	0.6
H3831	hbo:3831	clothes	H3848	hbo:3848	he.will.be.clothed	similar	prior	0.5
H3833	hbo:3833	a.lion	H3715	hbo:3715	a.young.lion	similar	high	1.0
H3833	hbo:3833	a.lion	H0738	hbo:0738a	a.lion	similar	high	1.0
H3833	hbo:3833	a.lion	H0738	hbo:0738	lions	similar	high	0.787
H3834	hbo:3834	cakes	H3824	hbo:3824	heart	similar	prior	0.5
H3834	hbo:3834	cakes	H3823	hbo:3823	you	similar	prior	0.5
H3835	hbo:3835	purify.[them]	H3836	hbo:3836	white	similar	prior	0.6
H3835	hbo:3835	purify.[them]	H3526	hbo:3526	he.will.wash	similar	prior	0.5
H3835	hbo:3835	purify.[them]	H3835	hbo:3835a	make.bricks	similar	prior	0.5
H3835	hbo:3835	purify.[them]	H3839	hbo:3839	of.poplar	similar	prior	0.5
H3835	hbo:3835	purify.[them]	H3843	hbo:3843	bricks	similar	prior	0.5
H3835	hbo:3835	purify.[them]	H3828	hbo:3828	frankincense	similar	prior	0.5
H3835	hbo:3835	purify.[them]	H4404	hbo:4404	brick-mold[s]	similar	prior	0.5
H3835	hbo:3835	purify.[them]	H3842	hbo:3842	moon	similar	prior	0.5
H3835	hbo:3835a	make.bricks	H6663	hbo:6663	I.am.righteous	similar	prior	0.5
H3835	hbo:3835a	make.bricks	H4404	hbo:4404	brick-mold[s]	similar	prior	0.5
H3835	hbo:3835a	make.bricks	H3828	hbo:3828	frankincense	similar	prior	0.5
H3835	hbo:3835a	make.bricks	H3836	hbo:3836	white	similar	prior	0.5
H3835	hbo:3835a	make.bricks	H3842	hbo:3842	moon	similar	prior	0.5
H3835	hbo:3835a	make.bricks	H3839	hbo:3839	of.poplar	similar	prior	0.5
H3836	hbo:3836	white	H2751	hbo:2751	of.white.bread	similar	prior	0.6
H3836	hbo:3836	white	H6703	hbo:6703	shimmering	similar	prior	0.5
H3836	hbo:3836	white	H3843	hbo:3843	bricks	similar	prior	0.5
H3839	hbo:3839	of.poplar	H3836	hbo:3836	white	similar	prior	0.5
H3839	hbo:3839	of.poplar	H3843	hbo:3843	bricks	similar	prior	0.5
H3842	hbo:3842	moon	H2535	hbo:2535	sun	antonym	recall	0.774
H3842	hbo:3842	moon	H3394	hbo:3394	moon	similar	high	0.623
H3842	hbo:3842	moon	H4404	hbo:4404	brick-mold[s]	similar	prior	0.5
H3842	hbo:3842	moon	H3843	hbo:3843	bricks	similar	prior	0.5
H3842	hbo:3842	moon	H3836	hbo:3836	white	similar	prior	0.5
H3842	hbo:3842	moon	H3828	hbo:3828	frankincense	similar	prior	0.5
H3842	hbo:3842	moon	H3839	hbo:3839	of.poplar	similar	prior	0.5
H3843	hbo:3843	bricks	H4404	hbo:4404	brick-mold[s]	similar	prior	0.6
H3843	hbo:3843	bricks	H2563	hbo:2563	the.homer	similar	high	0.522
H3847	hbo:3847	he.clothed	H3830	hbo:3830a	clothed	similar	high	0.833
H3847	hbo:3847	he.clothed	H2290	hbo:2290	a.belt	similar	prior	0.6
H3847	hbo:3847	he.clothed	H6584	hbo:6584	they.made.a.raid	antonym	recall	0.589
H3847	hbo:3847	he.clothed	H8516	hbo:8516	clothing	similar	prior	0.5
H3849	hbo:3849	a.log	H1969	hbo:1969	hin	similar	high	0.897
H3851	hbo:3851	a.flame	H3852	hbo:3852	flame	similar	high	1.0
H3851	hbo:3851	a.flame	H0784	hbo:0784	fire	similar	high	0.75
H3851	hbo:3851	a.flame	H2719	hbo:2719	sword	similar	prior	0.5
H3851	hbo:3851	a.flame	H3827	hbo:3827	flame	similar	prior	0.5
H3851	hbo:3851	a.flame	H7957	hbo:7957	of.flame	similar	prior	0.5
H3852	hbo:3852	flame	H3851	hbo:3851	a.flame	similar	high	1.0
H3852	hbo:3852	flame	H0784	hbo:0784	fire	similar	high	0.897
H3852	hbo:3852	flame	H2719	hbo:2719	sword	similar	prior	0.5
H3852	hbo:3852	flame	H7957	hbo:7957	of.flame	similar	prior	0.5
H3852	hbo:3852	flame	H3827	hbo:3827	flame	similar	prior	0.5
H3857	hbo:3857	it.sets.ablaze	H1197	hbo:1197	it.burned	similar	high	0.808
H3857	hbo:3857	it.sets.ablaze	H3344	hbo:3344	it.will.burn	similar	high	0.598
H3867	hbo:3867	they.will.join.themselves	H3161	hbo:3161	let.it.be.united	similar	prior	0.5
H3867	hbo:3867	they.will.join.themselves	H2266	hbo:2266	he.joined	similar	prior	0.5
H3867	hbo:3867a	you.will.lend.to	H5670	hbo:5670	you.will.lend.to	similar	prior	0.5
H3869	hbo:3869	almond	H3868	hbo:3868	let.them.depart	similar	prior	0.5
H3871	hbo:3871	tablets	H0068	hbo:0068	stones	similar	high	0.725
H3871	hbo:3871	tablets	H5612	hbo:5612	the.scroll	similar	high	0.661
H3871	hbo:3871	tablets	H7175	hbo:7175	frames	similar	high	0.613
H3874	hbo:3874	he.wrapped	H3813	hbo:3813	he.covered	similar	prior	0.6
H3875	hbo:3875	covers	H3909	hbo:3909	secrecy	similar	prior	0.5
H3875	hbo:3875	covers	H3874	hbo:3874	he.wrapped	similar	prior	0.5
H3880	hbo:3880	[will.be].a.wreath	H3914	hbo:3914	wreaths	similar	prior	0.5
H3880	hbo:3880	[will.be].a.wreath	H3882	hbo:3882	Leviathan	similar	prior	0.5
H3882	hbo:3882	Leviathan	H8577	hbo:8577	monster	similar	high	0.757
H3882	hbo:3882	Leviathan	H8565	hbo:8565	jackals	similar	high	0.465
H3885	hbo:3885	they.grumbled	H2583	hbo:2583	they.encamped	similar	prior	0.5
H3885	hbo:3885a	spend.the.night	H3427	hbo:3427	the.inhabitants	similar	prior	0.5
H3885	hbo:3885a	spend.the.night	H7279	hbo:7279	you.murmured	similar	prior	0.5
H3885	hbo:3885a	spend.the.night	H4412	hbo:4412	a.hut	similar	prior	0.5
H3885	hbo:3885a	spend.the.night	H8519	hbo:8519	grumblings	similar	prior	0.5
H3886	hbo:3886a	they.have.been.rash	H3930	hbo:3930	throat	similar	prior	0.5
H3886	hbo:3886a	they.have.been.rash	H3216	hbo:3216a	they.will.swallow	similar	prior	0.5
H3887	hbo:3887c	the.envoys	H7043	hbo:7043	lighten	similar	prior	0.5
H3887	hbo:3887c	the.envoys	H2778	hbo:2778	taunt	similar	prior	0.5
H3888	hbo:3888	she.kneaded.[it]	H1217	hbo:1217	dough	similar	high	0.989
H3888	hbo:3888	she.kneaded.[it]	H0644	hbo:0644	you.will.bake	similar	high	0.713
H3888	hbo:3888	she.kneaded.[it]	H7246	hbo:7246	[dough]	similar	prior	0.5
H3891	hbo:3891	deviousness	H3868	hbo:3868	let.them.depart	similar	prior	0.5
H3891	hbo:3891	deviousness	H3869	hbo:3869	almond	similar	prior	0.5
H3892	hbo:3892	fresh	H3002	hbo:3002	dry	antonym	recall	0.534
H3892	hbo:3892	fresh	H7488	hbo:7488	luxuriant	similar	prior	0.5
H3893	hbo:3893	vigor	H3892	hbo:3892	fresh	similar	prior	0.5
H3894	hbo:3894	bowel[s]	H4421	hbo:4421	battle	similar	prior	0.5
H3894	hbo:3894	bowel[s]	H3901	hbo:3901	war	similar	prior	0.5
H3897	hbo:3897	they.will.lick.up	H0398	hbo:0398	you.will.eat	similar	prior	0.5
H3897	hbo:3897	they.will.lick.up	H1104	hbo:1104a	they.have.confused	similar	prior	0.5
H3898	hbo:3898	fight	H4421	hbo:4421	battle	similar	high	1.0
H3898	hbo:3898	fight	H6633	hbo:6633	mustered	similar	prior	0.5
H3898	hbo:3898	fight	H5401	hbo:5401a	[they.were].equipped	similar	prior	0.5
H3898	hbo:3898	fight	H3894	hbo:3894	bowel[s]	similar	prior	0.5
H3898	hbo:3898	fight	H3901	hbo:3901	war	similar	prior	0.5
H3898	hbo:3898	fight	H3899	hbo:3899	food	similar	prior	0.5
H3898	hbo:3898a	eat	H0398	hbo:0398	you.will.eat	similar	prior	0.5
H3899	hbo:3899	food	H6595	hbo:6595	a.piece	similar	high	0.866
H3899	hbo:3899	food	H5138	hbo:5138	cooked.food	similar	high	0.785
H3899	hbo:3899	food	H0400	hbo:0400	food	similar	high	0.774
H3899	hbo:3899	food	H0644	hbo:0644	you.will.bake	similar	high	0.642
H3899	hbo:3899	food	H7058	hbo:7058	flour	similar	prior	0.6
H3899	hbo:3899	food	H4682	hbo:4682	unleavened.bread(s)	similar	prior	0.5
H3899	hbo:3899	food	H4863	hbo:4863	your.kneading	similar	prior	0.5
H3899	hbo:3899	food	H2557	hbo:2557	leaven	similar	prior	0.5
H3899	hbo:3899	food	H3603	hbo:3603	talent[s]	similar	prior	0.5
H3899	hbo:3899	food	H4478	hbo:4478	manna	similar	prior	0.5
H3899	hbo:3899	food	H7039	hbo:7039	roasted.grain	similar	prior	0.5
H3899	hbo:3899	food	H2471	hbo:2471	a.cake	similar	prior	0.5
H3899	hbo:3899	food	H0737	hbo:0737	a.food.allowance	similar	prior	0.5
H3899	hbo:3899	food	H6720	hbo:6720	provision[s]	similar	prior	0.5
H3899	hbo:3899	food	H5692	hbo:5692	a.bread.cake	similar	prior	0.5
H3899	hbo:3899	food	H6598	hbo:6598	the.delicaci[es]	similar	prior	0.5
H3899	hbo:3899	food	H5560	hbo:5560	fine.flour	similar	prior	0.5
H3899	hbo:3899	food	H3888	hbo:3888	she.kneaded.[it]	similar	prior	0.5
H3899	hbo:3899	food	H3978	hbo:3978	food	similar	prior	0.5
H3899	hbo:3899	food	H7979	hbo:7979	table	similar	prior	0.5
H3901	hbo:3901	war	H3898	hbo:3898	fight	similar	prior	0.6
H3901	hbo:3901	war	H3898	hbo:3898a	eat	similar	prior	0.6
H3901	hbo:3901	war	H4421	hbo:4421	battle	similar	prior	0.6
H3905	hbo:3905	[those	H1792	hbo:1792	they.are.crushed	similar	prior	0.5
H3905	hbo:3905	[those	H7533	hbo:7533	crushed	similar	prior	0.5
H3905	hbo:3905	[those	H6231	hbo:6231	oppress	similar	prior	0.5
H3905	hbo:3905	[those	H3238	hbo:3238	the.oppressor	similar	prior	0.5
H3906	hbo:3906	oppression	H3905	hbo:3905	[those	similar	high	0.664
H3906	hbo:3906	oppression	H6040	hbo:6040	affliction	similar	high	0.513
H3907	hbo:3907	[were].whispering.to.one.another	H3908	hbo:3908	charming	similar	prior	0.5
H3908	hbo:3908	charming	H3784	hbo:3784	sorcerers	similar	high	0.618
H3908	hbo:3908	charming	H5175	hbo:5175	snake	similar	high	0.563
H3908	hbo:3908	charming	H7081	hbo:7081	divination	similar	high	0.513
H3908	hbo:3908	charming	H2267	hbo:2267	spells	similar	prior	0.5
H3908	hbo:3908	charming	H3907	hbo:3907	[were].whispering.to.one.another	similar	prior	0.5
H3909	hbo:3909	secrecy	H3874	hbo:3874	he.wrapped	similar	prior	0.5
H3914	hbo:3914	wreaths	H3880	hbo:3880	[will.be].a.wreath	similar	prior	0.6
H3914	hbo:3914	wreaths	H7639	hbo:7639	networks	similar	prior	0.5
H3914	hbo:3914	wreaths	H3882	hbo:3882	Leviathan	similar	prior	0.5
H3915	hbo:3915	night	H2822	hbo:2822	darkness	similar	high	0.697
H3915	hbo:3915	night	H1242	hbo:1242	morning	antonym	recall	0.628
H3915	hbo:3915	night	H3117	hbo:3117	day	antonym	recall	0.628
H3915	hbo:3915	night	H6672	hbo:6672a	noon(s)	antonym	recall	0.464
H3918	hbo:3918	a.lion	H7826	hbo:7826	a.lion	similar	prior	0.5
H3918	hbo:3918	a.lion	H3715	hbo:3715	a.young.lion	similar	prior	0.5
H3920	hbo:3920	he.captured	H8610	hbo:8610	he.seized	similar	high	0.809
H3920	hbo:3920	he.captured	H7617	hbo:7617	they.took.captive	similar	prior	0.5
H3920	hbo:3920	he.captured	H5381	hbo:5381	it.will.reach	similar	prior	0.5
H3920	hbo:3920	he.captured	H5367	hbo:5367	setting.traps	similar	prior	0.5
H3920	hbo:3920	he.captured	H3423	hbo:3423	take	similar	prior	0.5
H3920	hbo:3920	he.captured	H3921	hbo:3921	capture	similar	prior	0.5
H3924	hbo:3924	loops	H7165	hbo:7165	hooks	similar	high	0.683
H3925	hbo:3925	teach	H3384	hbo:3384b	teach	similar	high	0.973
H3928	hbo:3928	my	H8527	hbo:8527	pupil	similar	prior	0.6
H3928	hbo:3928	my	H3045	hbo:3045	you.will.know	similar	prior	0.6
H3932	hbo:3932	he.mocks	H3933	hbo:3933	mockery	similar	high	0.877
H3932	hbo:3932	he.mocks	H7047	hbo:7047	derision	similar	prior	0.5
H3933	hbo:3933	mockery	H3932	hbo:3932	he.mocks	similar	high	0.877
H3933	hbo:3933	mockery	H7047	hbo:7047	derision	similar	high	0.862
H3933	hbo:3933	mockery	H2781	hbo:2781	reproach	similar	high	0.7
H3934	hbo:3934	stammerings	H3933	hbo:3933	mockery	similar	prior	0.5
H3934	hbo:3934	stammerings	H3932	hbo:3932	he.mocks	similar	prior	0.5
H3939	hbo:3939	wormwood	H7219	hbo:7219	poison	similar	high	0.839
H3939	hbo:3939	wormwood	H2717	hbo:2717	they.will.be.waste	similar	prior	0.5
H3940	hbo:3940	torches	H0784	hbo:0784	fire	similar	high	0.69
H3943	hbo:3943	he.twisted	H5437	hbo:5437	they	similar	prior	0.5
H3944	hbo:3944	of.mockery	H3887	hbo:3887a	a.mocker	similar	high	0.802
H3944	hbo:3944	of.mockery	H2778	hbo:2778	taunt	similar	prior	0.5
H3944	hbo:3944	of.mockery	H3932	hbo:3932	he.mocks	similar	prior	0.5
H3947	hbo:3947	he.took	H0270	hbo:0270	it	similar	prior	0.5
H3947	hbo:3947	he.took	H3920	hbo:3920	he.captured	similar	prior	0.5
H3947	hbo:3947	he.took	H2414	hbo:2414	you.will.seize	similar	prior	0.5
H3947	hbo:3947	he.took	H3423	hbo:3423	take	similar	prior	0.5
H3947	hbo:3947	he.took	H7617	hbo:7617	they.took.captive	similar	prior	0.5
H3947	hbo:3947	he.took	H6998	hbo:6998	you.will.pluck.off	similar	prior	0.5
H3947	hbo:3947	he.took	H8610	hbo:8610	he.seized	similar	prior	0.5
H3947	hbo:3947	he.took	H4455	hbo:4455	booty	similar	prior	0.5
H3947	hbo:3947	he.took	H4728	hbo:4728	wares	similar	prior	0.5
H3947	hbo:3947	he.took	H3948	hbo:3948	teaching	similar	prior	0.5
H3947	hbo:3947	he.took	H4457	hbo:4457	tongs	similar	prior	0.5
H3947	hbo:3947	he.took	H5414	hbo:5414	give	antonym	recall	0.49
H3948	hbo:3948	teaching	H4148	hbo:4148	discipline	similar	high	0.719
H3948	hbo:3948	teaching	H3925	hbo:3925	teach	similar	prior	0.5
H3948	hbo:3948	teaching	H4455	hbo:4455	booty	similar	prior	0.5
H3948	hbo:3948	teaching	H4457	hbo:4457	tongs	similar	prior	0.5
H3948	hbo:3948	teaching	H4728	hbo:4728	wares	similar	prior	0.5
H3950	hbo:3950	gather	H1219	hbo:1219	you.will.gather.grapes	similar	prior	0.5
H3950	hbo:3950	gather	H0622	hbo:0622	they.gathered	similar	prior	0.5
H3950	hbo:3950	gather	H3951	hbo:3951	the.remnant	similar	prior	0.5
H3950	hbo:3950	gather	H3219	hbo:3219	pouch	similar	prior	0.5
H3951	hbo:3951	the.remnant	H5955	hbo:5955	gleanings	similar	prior	0.5
H3951	hbo:3951	the.remnant	H3219	hbo:3219	pouch	similar	prior	0.5
H3954	hbo:3954	the.spring-crop	H4456	hbo:4456	spring.rain	similar	prior	0.5
H3954	hbo:3954	the.spring-crop	H3953	hbo:3953	they.glean	similar	prior	0.5
H3956	hbo:3956	tongue	H8193	hbo:8193	lips	similar	high	1.0
H3956	hbo:3956	tongue	H2441	hbo:2441	palate	similar	high	0.724
H3956	hbo:3956	tongue	H4405	hbo:4405	words	similar	high	0.668
H3956	hbo:3956	tongue	H1696	hbo:1696a	she.destroyed	similar	prior	0.5
H3956	hbo:3956	tongue	H6433	hbo:6433	the.mouth	similar	prior	0.5
H3957	hbo:3957	rooms	H2646	hbo:2646	chamber	similar	prior	0.5
H3960	hbo:3960	slander	H1681	hbo:1681	[the].whispering	similar	prior	0.5
H3960	hbo:3960	slander	H3956	hbo:3956	tongue	similar	prior	0.5
H3961	hbo:3961	the	H3956	hbo:3956	tongue	similar	prior	0.5
H3961	hbo:3961	the	H6310	hbo:6310	mouth	similar	prior	0.5
H3970	hbo:3970	[the].desires	H8378	hbo:8378	[the].desire	similar	prior	0.6
H3970	hbo:3970	[the].desires	H0183	hbo:0183	it.will.desire	similar	prior	0.5
H3970	hbo:3970	[the].desires	H0185	hbo:0185	the.desire	similar	prior	0.5
H3973	hbo:3973	refuse	H3988	hbo:3988	you.have.rejected	similar	prior	0.5
H3974	hbo:3974	light	H5216	hbo:5216	lamps	similar	high	0.88
H3975	hbo:3975	[the].nest	H3974	hbo:3974	light	similar	prior	0.5
H3975	hbo:3975	[the].nest	H0216	hbo:0216	light	similar	prior	0.5
H3976	hbo:3976	balances	H6425	hbo:6425	scale[s]	similar	prior	0.5
H3978	hbo:3978	food	H0398	hbo:0398	you.will.eat	similar	high	0.841
H3978	hbo:3978	food	H0402	hbo:0402	food	similar	prior	0.5
H3978	hbo:3978	food	H1279	hbo:1279	food	similar	prior	0.5
H3978	hbo:3978	food	H6720	hbo:6720	provision[s]	similar	prior	0.5
H3978	hbo:3978	food	H7607	hbo:7607	relative	similar	prior	0.5
H3978	hbo:3978	food	H0400	hbo:0400	food	similar	prior	0.5
H3978	hbo:3978	food	H4361	hbo:4361	food	similar	prior	0.5
H3978	hbo:3978	food	H3979	hbo:3979	knife	similar	prior	0.5
H3978	hbo:3978	food	H3980	hbo:3980	fuel	similar	prior	0.5
H3978	hbo:3978	food	H0396	hbo:0396	the.food	similar	prior	0.5
H3979	hbo:3979	knife	H2719	hbo:2719	sword	similar	prior	0.5
H3979	hbo:3979	knife	H0402	hbo:0402	food	similar	prior	0.5
H3979	hbo:3979	knife	H0400	hbo:0400	food	similar	prior	0.5
H3979	hbo:3979	knife	H4361	hbo:4361	food	similar	prior	0.5
H3979	hbo:3979	knife	H0398	hbo:0398	you.will.eat	similar	prior	0.5
H3979	hbo:3979	knife	H0396	hbo:0396	the.food	similar	prior	0.5
H3979	hbo:3979	knife	H3980	hbo:3980	fuel	similar	prior	0.5
H3980	hbo:3980	fuel	H0398	hbo:0398	you.will.eat	similar	prior	0.5
H3980	hbo:3980	fuel	H4361	hbo:4361	food	similar	prior	0.5
H3980	hbo:3980	fuel	H0396	hbo:0396	the.food	similar	prior	0.5
H3980	hbo:3980	fuel	H0402	hbo:0402	food	similar	prior	0.5
H3981	hbo:3981	[the].efforts	H0554	hbo:0554	strong	similar	prior	0.5
H3982	hbo:3982	the.command	H0565	hbo:0565	word	similar	prior	0.5
H3982	hbo:3982	the.command	H0561	hbo:0561	words	similar	prior	0.5
H3983	hbo:3983	[is.by.the].word	H0563	hbo:0563	lambs	similar	prior	0.5
H3985	hbo:3985	he.refused	H0014	hbo:0014	he.was.willing	antonym	recall	0.698
H3985	hbo:3985	he.refused	H5106	hbo:5106	he.forbade	similar	prior	0.5
H3987	hbo:3987	are].refusing	H3986	hbo:3986	[are].refusing	similar	prior	0.5
H3987	hbo:3987	are].refusing	H3985	hbo:3985	he.refused	similar	prior	0.5
H3988	hbo:3988	you.have.rejected	H5006	hbo:5006	they.have.spurned	similar	high	0.906
H3988	hbo:3988	you.have.rejected	H0959	hbo:0959	he.despised	similar	high	0.75
H3988	hbo:3988	you.have.rejected	H2654	hbo:2654	he.delights	antonym	recall	0.559
H3988	hbo:3988	you.have.rejected	H0157	hbo:0157	love	antonym	recall	0.542
H3988	hbo:3988	you.have.rejected	H5361	hbo:5361	it.had.been.alienated	similar	prior	0.5
H3988	hbo:3988	you.have.rejected	H3973	hbo:3973	refuse	similar	prior	0.5
H3990	hbo:3990	darkness	H0653	hbo:0653	darkness	similar	prior	0.5
H3990	hbo:3990	darkness	H0652	hbo:0652	gloom	similar	prior	0.5
H3990	hbo:3990	darkness	H0651	hbo:0651	gloomy	similar	prior	0.5
H3990	hbo:3990	darkness	H3991	hbo:3991	of.darkness	similar	prior	0.5
H3990	hbo:3990	darkness	H0648	hbo:0648	[are].late.[crops]	similar	prior	0.5
H3991	hbo:3991	of.darkness	H3990	hbo:3990	darkness	similar	prior	0.6
H3991	hbo:3991	of.darkness	H0648	hbo:0648	[are].late.[crops]	similar	prior	0.5
H3991	hbo:3991	of.darkness	H0652	hbo:0652	gloom	similar	prior	0.5
H3993	hbo:3993	ambush	H0693	hbo:0693	ambusher	similar	high	0.853
H3993	hbo:3993	ambush	H0695	hbo:0695	a.lair	similar	prior	0.5
H3993	hbo:3993	ambush	H0696	hbo:0696	ambush	similar	prior	0.5
H3995	hbo:3995	places	H0914	hbo:0914	separate	similar	prior	0.5
H3995	hbo:3995	places	H0913	hbo:0913	tin	similar	prior	0.5
H3996	hbo:3996	the.entrance	H8179	hbo:8179	the.gate	similar	high	0.817
H3996	hbo:3996	the.entrance	H8393	hbo:8393	produce	similar	prior	0.5
H3996	hbo:3996	the.entrance	H0935	hbo:0935	he.came	similar	prior	0.5
H3996	hbo:3996	the.entrance	H0872	hbo:0872	entrance	similar	prior	0.5
H4001	hbo:4001	trampling	H0947	hbo:0947	kicking.about	similar	prior	0.5
H4001	hbo:4001	trampling	H4823	hbo:4823	trampling.place	similar	prior	0.5
H4001	hbo:4001	trampling	H7429	hbo:7429	it	similar	prior	0.5
H4001	hbo:4001	trampling	H8395	hbo:8395	the.downfall	similar	prior	0.5
H4002	hbo:4002	spring	H4599	hbo:4599	a.spring	similar	high	0.65
H4002	hbo:4002	spring	H5042	hbo:5042	it.pours.forth	similar	prior	0.5
H4003	hbo:4003	emptiness	H0950	hbo:0950	emptiness	similar	prior	0.5
H4005	hbo:4005	the.choicest	H4004	hbo:4004	of.choice	similar	prior	0.6
H4005	hbo:4005	the.choicest	H0972	hbo:0972	ones	similar	prior	0.6
H4005	hbo:4005	the.choicest	H2896	hbo:2896a	good	similar	prior	0.5
H4005	hbo:4005	the.choicest	H0970	hbo:0970	men	similar	prior	0.5
H4007	hbo:4007	of.confidence	H8431	hbo:8431	hope	similar	prior	0.5
H4008	hbo:4008	the.rash.utterance	H0981	hbo:0981	speaking.rashly	similar	prior	0.6
H4009	hbo:4009	of.confidence	H0983	hbo:0983	security	similar	high	0.889
H4009	hbo:4009	of.confidence	H4581	hbo:4581	stronghold	similar	high	0.729
H4009	hbo:4009	of.confidence	H4723	hbo:4723	hope	similar	prior	0.5
H4009	hbo:4009	of.confidence	H0986	hbo:0986	trust	similar	prior	0.5
H4009	hbo:4009	of.confidence	H4007	hbo:4007	of.confidence	similar	prior	0.5
H4009	hbo:4009	of.confidence	H4268	hbo:4268	refuge	similar	prior	0.5
H4009	hbo:4009	of.confidence	H0987	hbo:0987	securiti(es)	similar	prior	0.5
H4011	hbo:4011	structure	H1129	hbo:1129	he.built	similar	prior	0.5
H4013	hbo:4013	of.fortification	H4692	hbo:4692a	of.fortification	similar	high	0.824
H4013	hbo:4013	of.fortification	H2346	hbo:2346	wall	similar	high	0.75
H4013	hbo:4013	of.fortification	H0759	hbo:0759	fortresses	similar	high	0.723
H4013	hbo:4013	of.fortification	H4692	hbo:4692	siege	similar	high	0.7
H4013	hbo:4013	of.fortification	H4694	hbo:4694	fortifications	similar	high	0.658
H4013	hbo:4013	of.fortification	H4679	hbo:4679	strongholds	similar	prior	0.5
H4013	hbo:4013	of.fortification	H1223	hbo:1223	of.a.sheepfold	similar	prior	0.5
H4013	hbo:4013	of.fortification	H6869	hbo:6869	trouble	similar	prior	0.5
H4013	hbo:4013	of.fortification	H1225	hbo:1225	stronghold	similar	prior	0.5
H4013	hbo:4013	of.fortification	H1226	hbo:1226a	of.trouble	similar	prior	0.5
H4013	hbo:4013	of.fortification	H1220	hbo:1220	gold	similar	prior	0.5
H4013	hbo:4013	of.fortification	H1219	hbo:1219	you.will.gather.grapes	similar	prior	0.5
H4013	hbo:4013	of.fortification	H1210	hbo:1210	[the].grape.harvest	similar	prior	0.5
H4015	hbo:4015	fugitives	H1281	hbo:1281	fleeing	similar	prior	0.5
H4016	hbo:4016	genitals	H0954	hbo:0954	they.will.be.ashamed	similar	prior	0.5
H4016	hbo:4016	genitals	H1322	hbo:1322	shame	similar	prior	0.5
H4016	hbo:4016	genitals	H0955	hbo:0955	shame	similar	prior	0.5
H4018	hbo:4018	boiling.places	H1311	hbo:1311	boiled	similar	prior	0.5
H4020	hbo:4020	twisted.cords	H1383	hbo:1383	of.twisting	similar	prior	0.6
H4020	hbo:4020	twisted.cords	H1379	hbo:1379	they.set.bounds	similar	prior	0.5
H4020	hbo:4020	twisted.cords	H1366	hbo:1366	border	similar	prior	0.5
H4021	hbo:4021	headdresses	H4701	hbo:4701	turban	similar	high	0.789
H4021	hbo:4021	headdresses	H1392	hbo:1392	[was].bud	similar	prior	0.5
H4021	hbo:4021	headdresses	H1375	hbo:1375	cups	similar	prior	0.5
H4021	hbo:4021	headdresses	H1389	hbo:1389	hills	similar	prior	0.5
H4022	hbo:4022	excellent.gift	H4261	hbo:4261	the.desire	similar	prior	0.5
H4026	hbo:4026	towers	H2346	hbo:2346	wall	similar	high	0.769
H4026	hbo:4026	towers	H0759	hbo:0759	fortresses	similar	prior	0.5
H4030	hbo:4030	excellent.gifts	H4979	hbo:4979	gifts	similar	prior	0.5
H4030	hbo:4030	excellent.gifts	H4503	hbo:4503	offering	similar	prior	0.5
H4030	hbo:4030	excellent.gifts	H4022	hbo:4022	excellent.gift	similar	prior	0.5
H4032	hbo:4032	terror	H4288	hbo:4288	terror	similar	prior	0.5
H4032	hbo:4032	terror	H4034	hbo:4034	fears	similar	prior	0.5
H4033	hbo:4033	their.sojournings	H1481	hbo:1481	sojourn	similar	high	0.86
H4033	hbo:4033	their.sojournings	H1616	hbo:1616	sojourner	similar	prior	0.6
H4033	hbo:4033	their.sojournings	H4186	hbo:4186	places	similar	prior	0.5
H4033	hbo:4033	their.sojournings	H8453	hbo:8453	a.resident.alien	similar	prior	0.5
H4033	hbo:4033	their.sojournings	H1628	hbo:1628	Geruth	similar	prior	0.5
H4033	hbo:4033	their.sojournings	H4035	hbo:4035	granary	similar	prior	0.5
H4033	hbo:4033	their.sojournings	H4460	hbo:4460	[the].granaries	similar	prior	0.5
H4035	hbo:4035	granary	H4460	hbo:4460	[the].granaries	similar	prior	0.5
H4035	hbo:4035	granary	H1616	hbo:1616	sojourner	similar	prior	0.5
H4035	hbo:4035	granary	H1628	hbo:1628	Geruth	similar	prior	0.5
H4037	hbo:4037	the.axes	H1504	hbo:1504	cut	similar	prior	0.5
H4038	hbo:4038	(of).a.sickle	H2770	hbo:2770	a.sickle	similar	prior	0.6
H4039	hbo:4039	scroll	H1561	hbo:1561	the.dung(s)	similar	prior	0.5
H4039	hbo:4039	scroll	H1536	hbo:1536	the.wheel	similar	prior	0.5
H4039	hbo:4039	scroll	H1543	hbo:1543	springs	similar	prior	0.5
H4039	hbo:4039	scroll	H1556	hbo:1556	roll	similar	prior	0.5
H4039	hbo:4039	scroll	H1557	hbo:1557	dung	similar	prior	0.5
H4039	hbo:4039	scroll	H1530	hbo:1530	heap	similar	prior	0.5
H4039	hbo:4039	scroll	H1538	hbo:1538	heads	similar	prior	0.5
H4040	hbo:4040	a.scroll	H4039	hbo:4039	scroll	similar	prior	0.6
H4040	hbo:4040	a.scroll	H1535	hbo:1535	wheels	similar	prior	0.5
H4042	hbo:4042	he.has.delivered	H6403	hbo:6403	deliverer	similar	prior	0.5
H4042	hbo:4042	he.has.delivered	H5414	hbo:5414	give	similar	prior	0.5
H4042	hbo:4042	he.has.delivered	H4043	hbo:4043	shield	similar	prior	0.5
H4043	hbo:4043	shield	H6793	hbo:6793a	body.shield	similar	high	0.886
H4043	hbo:4043	shield	H3553	hbo:3553	a.helmet	similar	high	0.584
H4044	hbo:4044	shamelessness	H4043	hbo:4043	shield	similar	prior	0.5
H4044	hbo:4044	shamelessness	H4042	hbo:4042	he.has.delivered	similar	prior	0.5
H4046	hbo:4046	plague	H5062	hbo:5062	it.was.defeated	similar	high	0.765
H4046	hbo:4046	plague	H4347	hbo:4347	wounds	similar	high	0.758
H4046	hbo:4046	plague	H1698	hbo:1698	pestilence	similar	prior	0.5
H4046	hbo:4046	plague	H5061	hbo:5061	plague	similar	prior	0.5
H4050	hbo:4050	saw	H1641	hbo:1641	sawn	similar	prior	0.5
H4050	hbo:4050	saw	H1270	hbo:1270	iron	similar	prior	0.5
H4050	hbo:4050	saw	H1626	hbo:1626	gerah[s]	similar	prior	0.5
H4053	hbo:4053	shovels	H0106	hbo:0106	a.fist	similar	prior	0.5
H4054	hbo:4054	lands	H1646	hbo:1646	eviction(s)	similar	prior	0.5
H4054	hbo:4054	lands	H1645	hbo:1645	of.[the].yield	similar	prior	0.5
H4055	hbo:4055	garments	H8071	hbo:8071	clothes	similar	high	0.667
H4055	hbo:4055	garments	H4598	hbo:4598	the.robe	similar	prior	0.5
H4055	hbo:4055	garments	H4058	hbo:4058	he.measured	similar	prior	0.5
H4056	hbo:4056	the	H1684	hbo:1684	[they.were].sacrificing	similar	prior	0.5
H4056	hbo:4056	the	H1685	hbo:1685	sacrifices	similar	prior	0.5
H4057	hbo:4057	wilderness	H6160	hbo:6160	Arabah	similar	high	0.856
H4057	hbo:4057	wilderness	H6723	hbo:6723	of.dryness	similar	high	0.631
H4057	hbo:4057	wilderness	H1703	hbo:1703	words	similar	prior	0.5
H4057	hbo:4057	wilderness	H1687	hbo:1687	room	similar	prior	0.5
H4057	hbo:4057	wilderness	H1696	hbo:1696	he.spoke	similar	prior	0.5
H4057	hbo:4057	wilderness	H1699	hbo:1699	their.own	similar	prior	0.5
H4057	hbo:4057	wilderness	H1702	hbo:1702	rafts	similar	prior	0.5
H4057	hbo:4057	wilderness	H1697	hbo:1697	the.word	similar	prior	0.5
H4057	hbo:4057	wilderness	H1698	hbo:1698	pestilence	similar	prior	0.5
H4057	hbo:4057	wilderness	H1700	hbo:1700	the.cause	similar	prior	0.5
H4058	hbo:4058	he.measured	H4060	hbo:4060	measurement	similar	high	1.0
H4060	hbo:4060	measurement	H4058	hbo:4058	he.measured	similar	high	1.0
H4060	hbo:4060	measurement	H0520	hbo:0520	cubits	similar	high	0.925
H4060	hbo:4060	measurement	H6967	hbo:6967	height	similar	high	0.847
H4060	hbo:4060	measurement	H4055	hbo:4055	garments	similar	prior	0.5
H4060	hbo:4060	measurement	H1363	hbo:1363	height	similar	prior	0.5
H4060	hbo:4060	measurement	H4971	hbo:4971	measurement	similar	prior	0.5
H4060	hbo:4060	measurement	H4461	hbo:4461	measurements	similar	prior	0.5
H4062	hbo:4062	raging	H7292	hbo:7292	they.will.act.insolently	similar	prior	0.5
H4062	hbo:4062	raging	H7296	hbo:7296	pride	similar	prior	0.5
H4062	hbo:4062	raging	H7295	hbo:7295	proud.people	similar	prior	0.5
H4063	hbo:4063	robes	H0906	hbo:0906	of.linen	similar	prior	0.6
H4064	hbo:4064	the.diseases	H1741	hbo:1741	the.illness	similar	prior	0.6
H4064	hbo:4064	the.diseases	H1739	hbo:1739	faint	similar	prior	0.6
H4064	hbo:4064	the.diseases	H1742	hbo:1742	[is].faint	similar	prior	0.5
H4064	hbo:4064	the.diseases	H1738	hbo:1738	of	similar	prior	0.5
H4064	hbo:4064	the.diseases	H1773	hbo:1773	ink	similar	prior	0.5
H4065	hbo:4065	enticement(s)	H5080	hbo:5080	I	similar	prior	0.5
H4066	hbo:4066	strife	H7379	hbo:7379	case	similar	high	0.685
H4066	hbo:4066	strife	H4090	hbo:4090	contentions	similar	prior	0.6
H4066	hbo:4066	strife	H7378	hbo:7378	conduct.a.case	similar	prior	0.5
H4066	hbo:4066	strife	H4082	hbo:4082	province	similar	prior	0.5
H4066	hbo:4066	strife	H1781	hbo:1781	judge	similar	prior	0.5
H4070	hbo:4070	your.dwelling	H1859	hbo:1859	generation	similar	prior	0.5
H4070	hbo:4070	your.dwelling	H1753	hbo:1753	the.inhabitants	similar	prior	0.5
H4070	hbo:4070	your.dwelling	H8411	hbo:8411	(the)	similar	prior	0.5
H4071	hbo:4071	pile	H1752	hbo:1752	pile.up	similar	prior	0.5
H4071	hbo:4071	pile	H1755	hbo:1755	a.generation	similar	prior	0.5
H4076	hbo:4076	Medes	H4075	hbo:4075	Mede	similar	prior	0.6
H4079	hbo:4079	of.contentions	H4090	hbo:4090	contentions	similar	prior	0.6
H4079	hbo:4079	of.contentions	H1779	hbo:1779	judgment	similar	prior	0.5
H4079	hbo:4079	of.contentions	H4082	hbo:4082	province	similar	prior	0.5
H4082	hbo:4082	province	H0776	hbo:0776	the.land	similar	prior	0.5
H4082	hbo:4082	province	H5892	hbo:5892	city	similar	prior	0.5
H4083	hbo:4083	the.province	H1780	hbo:1780	the	similar	prior	0.5
H4083	hbo:4083	the.province	H1778	hbo:1778	judging	similar	prior	0.5
H4083	hbo:4083	the.province	H1784	hbo:1784	[the]	similar	prior	0.5
H4090	hbo:4090	contentions	H4079	hbo:4079	of.contentions	similar	prior	0.5
H4090	hbo:4090	contentions	H1781	hbo:1781	judge	similar	prior	0.5
H4090	hbo:4090	contentions	H4082	hbo:4082	province	similar	prior	0.5
H4090	hbo:4090	contentions	H1779	hbo:1779	judgment	similar	prior	0.5
H4093	hbo:4093	knowledge	H8394	hbo:8394	understanding	similar	high	0.812
H4093	hbo:4093	knowledge	H2451	hbo:2451	wisdom	similar	high	0.7
H4093	hbo:4093	knowledge	H3045	hbo:3045	you.will.know	similar	prior	0.6
H4093	hbo:4093	knowledge	H7922	hbo:7922	insight	similar	prior	0.5
H4093	hbo:4093	knowledge	H4130	hbo:4130	relative	similar	prior	0.5
H4093	hbo:4093	knowledge	H4129	hbo:4129	a.relative	similar	prior	0.5
H4093	hbo:4093	knowledge	H1843	hbo:1843	knowledge	similar	prior	0.5
H4093	hbo:4093	knowledge	H1844	hbo:1844	knowledge	similar	prior	0.5
H4094	hbo:4094	thrusts	H1856	hbo:1856	pierced.through	similar	prior	0.5
H4096	hbo:4096	a.treading.place	H1869	hbo:1869	[one.who].treads	similar	prior	0.6
H4096	hbo:4096	a.treading.place	H1871	hbo:1871	drachmas	similar	prior	0.5
H4097	hbo:4097	the.record	H1875	hbo:1875	seek	similar	prior	0.5
H4098	hbo:4098	my.threshed.one	H1786	hbo:1786	threshing	similar	prior	0.5
H4102	hbo:4102	delay	H0309	hbo:0309	delay	similar	high	0.726
H4103	hbo:4103	confusion	H1949	hbo:1949	it.was.stirred	similar	prior	0.6
H4103	hbo:4103	confusion	H0928	hbo:0928	terror	similar	prior	0.5
H4103	hbo:4103	confusion	H4288	hbo:4288	terror	similar	prior	0.5
H4103	hbo:4103	confusion	H7267	hbo:7267	turmoil	similar	prior	0.5
H4106	hbo:4106	skilled	H2450	hbo:2450	wise	similar	prior	0.5
H4106	hbo:4106	skilled	H4116	hbo:4116	hurry	similar	prior	0.5
H4106	hbo:4106	skilled	H4118	hbo:4118	quickly	similar	prior	0.5
H4109	hbo:4109	a.journey	H4546	hbo:4546	highway	similar	prior	0.5
H4109	hbo:4109	a.journey	H1870	hbo:1870	way	similar	prior	0.5
H4109	hbo:4109	a.journey	H0734	hbo:0734	path	similar	prior	0.5
H4109	hbo:4109	a.journey	H1978	hbo:1978	steps	similar	prior	0.5
H4109	hbo:4109	a.journey	H8418	hbo:8418	processions	similar	prior	0.5
H4109	hbo:4109	a.journey	H1982	hbo:1982	a.flowing	similar	prior	0.5
H4110	hbo:4110	his.praise	H1974	hbo:1974	rejoicings	similar	prior	0.6
H4110	hbo:4110	his.praise	H8416	hbo:8416	praise	similar	prior	0.6
H4110	hbo:4110	his.praise	H1984	hbo:1984a	praise	similar	prior	0.5
H4112	hbo:4112	beatings	H1986	hbo:1986	they	similar	prior	0.5
H4114	hbo:4114	the.overthrow	H2018	hbo:2018	the.overthrow	similar	prior	0.5
H4114	hbo:4114	the.overthrow	H8419	hbo:8419	perverse.things	similar	prior	0.5
H4114	hbo:4114	the.overthrow	H2015	hbo:2015	he.turned	similar	prior	0.5
H4114	hbo:4114	the.overthrow	H2016	hbo:2016	contrariness	similar	prior	0.5
H4114	hbo:4114	the.overthrow	H2019	hbo:2019	[is].crooked	similar	prior	0.5
H4115	hbo:4115	stock[s]	H4114	hbo:4114	the.overthrow	similar	prior	0.5
H4115	hbo:4115	stock[s]	H2019	hbo:2019	[is].crooked	similar	prior	0.5
H4115	hbo:4115	stock[s]	H8419	hbo:8419	perverse.things	similar	prior	0.5
H4115	hbo:4115	stock[s]	H2018	hbo:2018	the.overthrow	similar	prior	0.5
H4115	hbo:4115	stock[s]	H2016	hbo:2016	contrariness	similar	prior	0.5
H4115	hbo:4115	stock[s]	H2015	hbo:2015	he.turned	similar	prior	0.5
H4116	hbo:4116	hurry	H4106	hbo:4106	skilled	similar	prior	0.6
H4116	hbo:4116	hurry	H2648	hbo:2648	they	similar	prior	0.5
H4116	hbo:4116	hurry	H4118	hbo:4118	quickly	similar	prior	0.5
H4117	hbo:4117	certainly.(pay.the.bride-price)	H4119	hbo:4119	bride-price	similar	prior	0.5
H4117	hbo:4117	certainly.(pay.the.bride-price)	H4116	hbo:4116	hurry	similar	prior	0.5
H4118	hbo:4118	quickly	H4116	hbo:4116	hurry	similar	prior	0.6
H4118	hbo:4118	quickly	H4106	hbo:4106	skilled	similar	prior	0.6
H4118	hbo:4118	quickly	H7031	hbo:7031	swift	similar	prior	0.5
H4119	hbo:4119	bride-price	H4117	hbo:4117	certainly.(pay.the.bride-price)	similar	prior	0.6
H4119	hbo:4119	bride-price	H4979	hbo:4979	gifts	similar	prior	0.5
H4123	hbo:4123	deception(s)	H2048	hbo:2048a	you.have.deceived	similar	prior	0.5
H4125	hbo:4125	[woman]	H5984	hbo:5984	Ammonite	similar	high	0.76
H4125	hbo:4125	[woman]	H0130	hbo:0130	Edomite	similar	high	0.691
H4125	hbo:4125	[woman]	H2850	hbo:2850	Hittite[s]	similar	high	0.669
H4126	hbo:4126	in	H0935	hbo:0935	he.came	similar	prior	0.5
H4126	hbo:4126	in	H0872	hbo:0872	entrance	similar	prior	0.5
H4126	hbo:4126	in	H3996	hbo:3996	the.entrance	similar	prior	0.5
H4126	hbo:4126	in	H8393	hbo:8393	produce	similar	prior	0.5
H4127	hbo:4127	it.melted	H4529	hbo:4529	they.melted	similar	prior	0.5
H4129	hbo:4129	a.relative	H1843	hbo:1843	knowledge	similar	prior	0.5
H4130	hbo:4130	relative	H1844	hbo:1844	knowledge	similar	prior	0.5
H4130	hbo:4130	relative	H1843	hbo:1843	knowledge	similar	prior	0.5
H4130	hbo:4130	relative	H4129	hbo:4129	a.relative	similar	prior	0.5
H4131	hbo:4131	it.will.be.shaken	H4132	hbo:4132	frame	similar	prior	0.5
H4132	hbo:4132	frame	H5923	hbo:5923	yoke	similar	prior	0.5
H4132	hbo:4132	frame	H4133	hbo:4133	yoke-bar	similar	prior	0.5
H4132	hbo:4132	frame	H4938	hbo:4938a	staff	similar	prior	0.5
H4132	hbo:4132	frame	H4131	hbo:4131	it.will.be.shaken	similar	prior	0.5
H4133	hbo:4133	yoke-bar	H5923	hbo:5923	yoke	similar	high	0.712
H4133	hbo:4133	yoke-bar	H4131	hbo:4131	it.will.be.shaken	similar	prior	0.5
H4133	hbo:4133	yoke-bar	H4132	hbo:4132	frame	similar	prior	0.5
H4134	hbo:4134	he.will.become.impoverished	H7326	hbo:7326	[one.who.is].poor	similar	prior	0.5
H4134	hbo:4134	he.will.become.impoverished	H1800	hbo:1800	poor.[people]	similar	prior	0.5
H4134	hbo:4134	he.will.become.impoverished	H3381	hbo:3381	he.went.down	similar	prior	0.5
H4135	hbo:4135	he.will.be.circumcised	H6190	hbo:6190	foreskins	similar	high	0.961
H4135	hbo:4135	he.will.be.circumcised	H6189	hbo:6189	uncircumcised	antonym	recall	0.562
H4135	hbo:4135	he.will.be.circumcised	H1285	hbo:1285	covenant	similar	high	0.518
H4135	hbo:4135	he.will.be.circumcised	H4139	hbo:4139	circumcision(s)	similar	prior	0.5
H4135	hbo:4135a	I	H4139	hbo:4139	circumcision(s)	similar	prior	0.5
H4138	hbo:4138	kindred	H3211	hbo:3211	those.born	similar	prior	0.6
H4138	hbo:4138	kindred	H4129	hbo:4129	a.relative	similar	prior	0.6
H4138	hbo:4138	kindred	H4351	hbo:4351	origins	similar	prior	0.5
H4138	hbo:4138	kindred	H4940	hbo:4940	clans	similar	prior	0.5
H4138	hbo:4138	kindred	H1004	hbo:1004	the.house	similar	prior	0.5
H4138	hbo:4138	kindred	H3207	hbo:3207	girl	similar	prior	0.5
H4138	hbo:4138	kindred	H3206	hbo:3206	children	similar	prior	0.5
H4138	hbo:4138	kindred	H2056	hbo:2056	a.child	similar	prior	0.5
H4138	hbo:4138	kindred	H3205	hbo:3205	he.fathered	similar	prior	0.5
H4138	hbo:4138	kindred	H3208	hbo:3208	youth(s)	similar	prior	0.5
H4138	hbo:4138	kindred	H3209	hbo:3209	born	similar	prior	0.5
H4138	hbo:4138	kindred	H8435	hbo:8435	genealogies	similar	prior	0.5
H4141	hbo:4141	the.surrounding	H5252	hbo:5252	a.turn.of.affairs	similar	prior	0.5
H4141	hbo:4141	the.surrounding	H4524	hbo:4524	the.surroundings	similar	prior	0.5
H4143	hbo:4143	of.the.foundation	H3247	hbo:3247	the.base	similar	prior	0.5
H4143	hbo:4143	of.the.foundation	H4145	hbo:4145	the.foundations	similar	prior	0.5
H4143	hbo:4143	of.the.foundation	H4144	hbo:4144	[the].foundations	similar	prior	0.5
H4143	hbo:4143	of.the.foundation	H4527	hbo:4527	foundation	similar	prior	0.5
H4143	hbo:4143	of.the.foundation	H3248	hbo:3248	foundation	similar	prior	0.5
H4143	hbo:4143	of.the.foundation	H3246	hbo:3246	[was].the.beginning	similar	prior	0.5
H4143	hbo:4143	of.the.foundation	H3245	hbo:3245	founded	similar	prior	0.5
H4143	hbo:4143	of.the.foundation	H4146	hbo:4146	the.foundations	similar	prior	0.5
H4144	hbo:4144	[the].foundations	H3245	hbo:3245	founded	similar	prior	0.6
H4144	hbo:4144	[the].foundations	H3247	hbo:3247	the.base	similar	prior	0.6
H4145	hbo:4145	the.foundations	H3245	hbo:3245	founded	similar	prior	0.5
H4145	hbo:4145	the.foundations	H3247	hbo:3247	the.base	similar	prior	0.5
H4145	hbo:4145	the.foundations	H4144	hbo:4144	[the].foundations	similar	prior	0.5
H4146	hbo:4146	the.foundations	H3247	hbo:3247	the.base	similar	prior	0.6
H4146	hbo:4146	the.foundations	H3248	hbo:3248	foundation	similar	prior	0.5
H4146	hbo:4146	the.foundations	H3245	hbo:3245	founded	similar	prior	0.5
H4146	hbo:4146	the.foundations	H3246	hbo:3246	[was].the.beginning	similar	prior	0.5
H4146	hbo:4146	the.foundations	H4145	hbo:4145	the.foundations	similar	prior	0.5
H4146	hbo:4146	the.foundations	H4527	hbo:4527	foundation	similar	prior	0.5
H4148	hbo:4148	discipline	H8433	hbo:8433a	rebuke	similar	high	1.0
H4148	hbo:4148	discipline	H0200	hbo:0200	foolishness	antonym	recall	0.662
H4148	hbo:4148	discipline	H3925	hbo:3925	teach	similar	prior	0.6
H4148	hbo:4148	discipline	H8458	hbo:8458	guidance(s)	similar	prior	0.5
H4150	hbo:4150	of.meeting	H4908	hbo:4908	tabernacle	similar	high	0.934
H4150	hbo:4150	of.meeting	H2282	hbo:2282	the.festival	similar	prior	0.5
H4150	hbo:4150	of.meeting	H7676	hbo:7676	the.sabbath	similar	prior	0.5
H4150	hbo:4150	of.meeting	H6951	hbo:6951	assembly	similar	prior	0.5
H4150	hbo:4150	of.meeting	H2287	hbo:2287	you.will.celebrate.a.festival	similar	prior	0.5
H4150	hbo:4150	of.meeting	H3259	hbo:3259	he	similar	prior	0.5
H4150	hbo:4150	of.meeting	H4152	hbo:4152	appointment	similar	prior	0.5
H4150	hbo:4150	of.meeting	H4151	hbo:4151	ranks	similar	prior	0.5
H4152	hbo:4152	appointment	H4151	hbo:4151	ranks	similar	prior	0.5
H4155	hbo:4155	gloom	H4588	hbo:4588	gloom	similar	prior	0.6
H4155	hbo:4155	gloom	H5774	hbo:5774	flying	similar	prior	0.5
H4155	hbo:4155	gloom	H5890	hbo:5890	darkness	similar	prior	0.5
H4156	hbo:4156	schemes	H3289	hbo:3289a	counselors	similar	prior	0.6
H4156	hbo:4156	schemes	H6098	hbo:6098	counsel	similar	prior	0.5
H4156	hbo:4156	schemes	H3289	hbo:3289	he.consulted	similar	prior	0.5
H4157	hbo:4157	affliction	H6125	hbo:6125	[the].pressure	similar	prior	0.6
H4157	hbo:4157	affliction	H5781	hbo:5781	[am].about.to.make.totter	similar	prior	0.5
H4159	hbo:4159	wonders	H0226	hbo:0226	signs	similar	high	0.878
H4159	hbo:4159	wonders	H6382	hbo:6382	wonder[s]	similar	prior	0.5
H4161	hbo:4161	the.utterance	H4126	hbo:4126	in	similar	prior	0.5
H4161	hbo:4161	the.utterance	H3318	hbo:3318	he.went.out	similar	prior	0.5
H4163	hbo:4163	outhouses	H4161	hbo:4161	the.utterance	similar	prior	0.5
H4163	hbo:4163	outhouses	H8444	hbo:8444	extremities	similar	prior	0.5
H4163	hbo:4163	outhouses	H3329	hbo:3329	of.the.offspring(s)	similar	prior	0.5
H4164	hbo:4164	constraint	H4689	hbo:4689	distress	similar	prior	0.6
H4164	hbo:4164	constraint	H6693	hbo:6693	he.will.bring.distress	similar	prior	0.6
H4164	hbo:4164	constraint	H4691	hbo:4691	troubles	similar	prior	0.5
H4165	hbo:4165	casting	H3332	hbo:3332	he.poured	similar	prior	0.5
H4166	hbo:4166	casting	H4165	hbo:4165	casting	similar	prior	0.6
H4166	hbo:4166	casting	H3332	hbo:3332	he.poured	similar	prior	0.5
H4166	hbo:4166	casting	H3333	hbo:3333	casting	similar	prior	0.5
H4168	hbo:4168	hearths	H3344	hbo:3344	it.will.burn	similar	prior	0.5
H4168	hbo:4168	hearths	H4169	hbo:4169	[the].hearth	similar	prior	0.5
H4169	hbo:4169	[the].hearth	H3344	hbo:3344	it.will.burn	similar	prior	0.5
H4170	hbo:4170	snare	H6341	hbo:6341	snare	similar	high	1.0
H4170	hbo:4170	snare	H5367	hbo:5367	setting.traps	similar	high	0.688
H4170	hbo:4170	snare	H3353	hbo:3353	of.a.fowler	similar	prior	0.6
H4170	hbo:4170	snare	H4685	hbo:4685	[is].snares	similar	prior	0.5
H4170	hbo:4170	snare	H6354	hbo:6354	pit	similar	prior	0.5
H4171	hbo:4171	he.will.exchange	H2498	hbo:2498	he.changed	similar	prior	0.5
H4171	hbo:4171	he.will.exchange	H8132	hbo:8132	it.is.changed	similar	prior	0.5
H4172	hbo:4172	fear	H6343	hbo:6343	dread	similar	high	0.649
H4172	hbo:4172	fear	H3373	hbo:3373	fearing	similar	prior	0.6
H4172	hbo:4172	fear	H0367	hbo:0367	terror	similar	prior	0.5
H4173	hbo:4173	threshing-sledges	H1869	hbo:1869	[one.who].treads	similar	prior	0.5
H4174	hbo:4174	the.descent	H3381	hbo:3381	he.went.down	similar	prior	0.6
H4175	hbo:4175a	early.rain	H1653	hbo:1653	rain	similar	high	0.653
H4175	hbo:4175a	early.rain	H3138	hbo:3138	autumn.rain	similar	prior	0.6
H4175	hbo:4175a	early.rain	H4305	hbo:4305	he.rained.down	similar	prior	0.6
H4175	hbo:4175b	teachers	H3138	hbo:3138	autumn.rain	similar	prior	0.6
H4177	hbo:4177	a.razor	H1494	hbo:1494	shearers	similar	prior	0.5
H4180	hbo:4180	possession	H3425	hbo:3425	a.possession	similar	prior	0.6
H4180	hbo:4180	possession	H3424	hbo:3424	a.possession	similar	prior	0.5
H4181	hbo:4181	a.possession	H3425	hbo:3425	a.possession	similar	high	1.0
H4181	hbo:4181	a.possession	H0272	hbo:0272	a.possession	similar	high	0.821
H4181	hbo:4181	a.possession	H5159	hbo:5159	inheritance	similar	high	0.754
H4181	hbo:4181	a.possession	H3424	hbo:3424	a.possession	similar	prior	0.6
H4181	hbo:4181	a.possession	H4180	hbo:4180	possession	similar	prior	0.6
H4181	hbo:4181	a.possession	H7568	hbo:7568	net	similar	prior	0.5
H4184	hbo:4184	that	H5060	hbo:5060	who].touches	similar	prior	0.5
H4185	hbo:4185	it.will.depart	H5493	hbo:5493	he.turned.aside	similar	high	0.652
H4185	hbo:4185	it.will.depart	H7368	hbo:7368	be.distant	similar	prior	0.5
H4186	hbo:4186	places	H3427	hbo:3427	the.inhabitants	similar	high	0.729
H4186	hbo:4186	places	H4725	hbo:4725	place	similar	high	0.557
H4186	hbo:4186	places	H4411	hbo:4411	place	similar	prior	0.5
H4186	hbo:4186	places	H4583	hbo:4583	a.habitation	similar	prior	0.5
H4186	hbo:4186	places	H7675	hbo:7675	the.sitting	similar	prior	0.5
H4189	hbo:4189	the.cords	H4901	hbo:4901	price	similar	prior	0.5
H4190	hbo:4190	saving.acts	H8668	hbo:8668	salvation	similar	prior	0.5
H4190	hbo:4190	saving.acts	H3468	hbo:3468	salvation	similar	prior	0.5
H4190	hbo:4190	saving.acts	H3467	hbo:3467	save	similar	prior	0.5
H4191	hbo:4191	he.died	H4194	hbo:4194	death	similar	high	1.0
H4191	hbo:4191	he.died	H2026	hbo:2026	kill	similar	high	0.903
H4191	hbo:4191	he.died	H7523	hbo:7523	killer	similar	high	0.67
H4191	hbo:4191	he.died	H5221	hbo:5221	he	similar	high	0.665
H4191	hbo:4191	he.died	H2421	hbo:2421	he.lived	antonym	recall	0.624
H4191	hbo:4191	he.died	H0006	hbo:0006	destroy	similar	prior	0.5
H4191	hbo:4191	he.died	H7921	hbo:7921	it.will.make.childless	similar	prior	0.5
H4193	hbo:4193	death	H4194	hbo:4194	death	similar	prior	0.6
H4194	hbo:4194	death	H4191	hbo:4191	he.died	similar	high	1.0
H4194	hbo:4194	death	H4463	hbo:4463	[the].death(s)	similar	prior	0.6
H4194	hbo:4194	death	H2416	hbo:2416	[by].the.life	antonym	recall	0.566
H4194	hbo:4194	death	H1478	hbo:1478	he.expired	similar	prior	0.5
H4194	hbo:4194	death	H6986	hbo:6986	destruction	similar	prior	0.5
H4195	hbo:4195	profit	H3148	hbo:3148	excess	similar	prior	0.5
H4195	hbo:4195	profit	H4340	hbo:4340	tent-cords	similar	prior	0.5
H4196	hbo:4196	altar	H6999	hbo:6999	make.smoke	similar	high	0.973
H4196	hbo:4196	altar	H5930	hbo:5930	a.burnt.offering	similar	high	0.918
H4196	hbo:4196	altar	H2553	hbo:2553	altars	similar	prior	0.5
H4196	hbo:4196	altar	H1116	hbo:1116	places	similar	prior	0.5
H4196	hbo:4196	altar	H7004	hbo:7004	incense	similar	prior	0.5
H4196	hbo:4196	altar	H2077	hbo:2077	sacrifices	similar	prior	0.5
H4200	hbo:4200	granaries	H2106	hbo:2106	be].like.corners	similar	prior	0.5
H4201	hbo:4201	doorposts	H4947	hbo:4947	lintels	similar	high	0.898
H4201	hbo:4201	doorposts	H1817	hbo:1817	doors	similar	high	0.797
H4201	hbo:4201	doorposts	H5592	hbo:5592	the.threshold	similar	high	0.75
H4201	hbo:4201	doorposts	H8179	hbo:8179	the.gate	similar	prior	0.5
H4205	hbo:4205	sore[s]	H2213	hbo:2213	a.molding	similar	prior	0.5
H4207	hbo:4207	forks	H4289	hbo:4289	fire-pans	similar	high	0.924
H4207	hbo:4207	forks	H4219	hbo:4219	bowls	similar	high	0.879
H4209	hbo:4209	discretion	H4284	hbo:4284	plans	similar	high	0.829
H4209	hbo:4209	discretion	H2154	hbo:2154	licentiousness	similar	prior	0.5
H4209	hbo:4209	discretion	H4156	hbo:4156	schemes	similar	prior	0.5
H4210	hbo:4210	a.psalm	H7892	hbo:7892	a.song	similar	high	0.98
H4210	hbo:4210	a.psalm	H8416	hbo:8416	praise	similar	high	0.645
H4210	hbo:4210	a.psalm	H2158	hbo:2158	songs	similar	prior	0.6
H4210	hbo:4210	a.psalm	H2172	hbo:2172	of.music	similar	prior	0.5
H4211	hbo:4211	pruning.knives	H2719	hbo:2719	sword	similar	high	0.538
H4211	hbo:4211	pruning.knives	H4330	hbo:4330	squeezing	similar	prior	0.5
H4211	hbo:4211	pruning.knives	H2168	hbo:2168	you.will.prune	similar	prior	0.5
H4212	hbo:4212	snuffers	H4211	hbo:4211	pruning.knives	similar	prior	0.5
H4212	hbo:4212	snuffers	H2168	hbo:2168	you.will.prune	similar	prior	0.5
H4213	hbo:4213	of.a.little	H4592	hbo:4592	a.little	similar	high	0.833
H4213	hbo:4213	of.a.little	H2192	hbo:2192	small	similar	prior	0.6
H4213	hbo:4213	of.a.little	H6996	hbo:6996a	small	similar	prior	0.5
H4213	hbo:4213	of.a.little	H7227	hbo:7227	many	antonym	recall	0.369
H4214	hbo:4214	pitchfork	H2219	hbo:2219	I.will.disperse	similar	prior	0.5
H4214	hbo:4214	pitchfork	H4215	hbo:4215	the.scattering.winds	similar	prior	0.5
H4215	hbo:4215	the.scattering.winds	H2219	hbo:2219	I.will.disperse	similar	prior	0.5
H4217	hbo:4217	eastward	H4628	hbo:4628	west	antonym	recall	0.764
H4218	hbo:4218	the.sown.land	H2232	hbo:2232	you.will.sow	similar	prior	0.6
H4218	hbo:4218	the.sown.land	H2235	hbo:2235	vegetables	similar	prior	0.5
H4219	hbo:4219	bowls	H7086	hbo:7086	[was].a.dish	similar	high	0.882
H4219	hbo:4219	bowls	H4207	hbo:4207	forks	similar	high	0.879
H4219	hbo:4219	bowls	H7184	hbo:7184	jugs	similar	high	0.862
H4219	hbo:4219	bowls	H4289	hbo:4289	fire-pans	similar	high	0.821
H4219	hbo:4219	bowls	H1543	hbo:1543	springs	similar	prior	0.5
H4221	hbo:4221	the.marrow	H4220	hbo:4220	of.fatlings	similar	prior	0.5
H4225	hbo:4225	set	H2279	hbo:2279	set	similar	high	1.0
H4225	hbo:4225	set	H2266	hbo:2266	he.joined	similar	prior	0.5
H4225	hbo:4225	set	H2271	hbo:2271	partners	similar	prior	0.5
H4226	hbo:4226	clamps	H2266	hbo:2266	he.joined	similar	prior	0.5
H4226	hbo:4226	clamps	H2274	hbo:2274	company	similar	prior	0.5
H4226	hbo:4226	clamps	H2270	hbo:2270	companions	similar	prior	0.5
H4226	hbo:4226	clamps	H2250	hbo:2250	wound	similar	prior	0.5
H4226	hbo:4226	clamps	H2279	hbo:2279	set	similar	prior	0.5
H4226	hbo:4226	clamps	H2271	hbo:2271	partners	similar	prior	0.5
H4226	hbo:4226	clamps	H2267	hbo:2267	spells	similar	prior	0.5
H4226	hbo:4226	clamps	H4225	hbo:4225	set	similar	prior	0.5
H4226	hbo:4226	clamps	H2278	hbo:2278	companion	similar	prior	0.5
H4226	hbo:4226	clamps	H2272	hbo:2272	spots	similar	prior	0.5
H4227	hbo:4227	a.baking.tray	H7550	hbo:7550	wafers	similar	high	0.849
H4227	hbo:4227	a.baking.tray	H2281	hbo:2281	the.flat.cakes	similar	prior	0.5
H4228	hbo:4228	a.girding	H2290	hbo:2290a	a.belt	similar	prior	0.5
H4228	hbo:4228	a.girding	H2289	hbo:2289	girded	similar	prior	0.5
H4229	hbo:4229	wipe.out	H8045	hbo:8045	destroy	similar	high	0.665
H4229	hbo:4229	wipe.out	H3772	hbo:3772	it.will.be.cut.off	similar	high	0.606
H4229	hbo:4229	wipe.out	H0006	hbo:0006	destroy	similar	prior	0.5
H4229	hbo:4229	wipe.out	H4239	hbo:4239	the.blow	similar	prior	0.5
H4230	hbo:4230	compass	H2328	hbo:2328	he.has.drawn.a.circle	similar	prior	0.5
H4234	hbo:4234	dancing	H8596	hbo:8596	tambourines	similar	high	0.622
H4234	hbo:4234	dancing	H4246	hbo:4246	dancing(s)	similar	prior	0.5
H4236	hbo:4236	a.vision	H2384	hbo:2384	visions	similar	prior	0.5
H4236	hbo:4236	a.vision	H2374	hbo:2374	seer	similar	prior	0.5
H4237	hbo:4237	window	H2377	hbo:2377	vision	similar	prior	0.5
H4237	hbo:4237	window	H2380	hbo:2380	of.conspicuousness	similar	prior	0.5
H4237	hbo:4237	window	H2384	hbo:2384	visions	similar	prior	0.5
H4237	hbo:4237	window	H2374	hbo:2374	seer	similar	prior	0.5
H4237	hbo:4237	window	H4236	hbo:4236	a.vision	similar	prior	0.5
H4241	hbo:4241	preservation.of.life	H2421	hbo:2421	he.lived	similar	prior	0.5
H4241	hbo:4241	preservation.of.life	H2422	hbo:2422	[are].vigorous	similar	prior	0.5
H4241	hbo:4241	preservation.of.life	H2416	hbo:2416e	community	similar	prior	0.5
H4241	hbo:4241	preservation.of.life	H2416	hbo:2416	[by].the.life	similar	prior	0.5
H4241	hbo:4241	preservation.of.life	H2416	hbo:2416a	living	similar	prior	0.5
H4241	hbo:4241	preservation.of.life	H2424	hbo:2424	of.living	similar	prior	0.5
H4242	hbo:4242	a.price	H4377	hbo:4377	price	similar	high	0.664
H4242	hbo:4242	a.price	H4736	hbo:4736	the.purchase	similar	prior	0.5
H4242	hbo:4242	a.price	H4283	hbo:4283	next.day	similar	prior	0.5
H4245	hbo:4245	sickness	H2483	hbo:2483	sickness	similar	high	0.807
H4245	hbo:4245	sickness	H5061	hbo:5061	plague	similar	high	0.56
H4246	hbo:4246	dancing(s)	H4234	hbo:4234	dancing	similar	prior	0.5
H4246	hbo:4246	dancing(s)	H7540	hbo:7540	they	similar	prior	0.5
H4247	hbo:4247	holes	H2471	hbo:2471	a.cake	similar	prior	0.5
H4247	hbo:4247	holes	H2491	hbo:2491	slain	similar	prior	0.5
H4251	hbo:4251	sicknesses	H4245	hbo:4245	sickness	similar	prior	0.5
H4251	hbo:4251	sicknesses	H2483	hbo:2483	sickness	similar	prior	0.5
H4252	hbo:4252	knives	H2475	hbo:2475	of.passing.away	similar	prior	0.5
H4253	hbo:4253	the.plaits	H2475	hbo:2475	of.passing.away	similar	prior	0.5
H4253	hbo:4253	the.plaits	H4252	hbo:4252	knives	similar	prior	0.5
H4253	hbo:4253	the.plaits	H2487	hbo:2487	changes	similar	prior	0.5
H4254	hbo:4254	robes	H2488	hbo:2488	spoil	similar	prior	0.5
H4255	hbo:4255	classes	H2508	hbo:2508	portion	similar	prior	0.5
H4256	hbo:4256	division	H2505	hbo:2505	it.will.be.divided	similar	prior	0.6
H4256	hbo:4256	division	H6390	hbo:6390	the.divisions	similar	prior	0.5
H4256	hbo:4256	division	H2506	hbo:2506	portion	similar	prior	0.5
H4256	hbo:4256	division	H2515	hbo:2515	a.division	similar	prior	0.5
H4256	hbo:4256	division	H6391	hbo:6391	the.divisions	similar	prior	0.5
H4261	hbo:4261	the.desire	H2532	hbo:2532	of.preciousness	similar	high	0.774
H4262	hbo:4262	things	H4261	hbo:4261	the.desire	similar	prior	0.5
H4262	hbo:4262	things	H2530	hbo:2530	desirable	similar	prior	0.5
H4264	hbo:4264	camp	H2583	hbo:2583	they.encamped	similar	high	0.937
H4264	hbo:4264	camp	H8466	hbo:8466	encampment	similar	prior	0.6
H4264	hbo:4264	camp	H2918	hbo:2918	encampments	similar	prior	0.5
H4264	hbo:4264	camp	H1416	hbo:1416	band	similar	prior	0.5
H4264	hbo:4264	camp	H6635	hbo:6635	of.hosts	similar	prior	0.5
H4264	hbo:4264	camp	H2588	hbo:2588	cells	similar	prior	0.5
H4267	hbo:4267	strangling	H2614	hbo:2614	he.hanged.himself	similar	prior	0.5
H4268	hbo:4268	refuge	H4869	hbo:4869	refuge	similar	high	0.954
H4268	hbo:4268	refuge	H4581	hbo:4581	stronghold	similar	high	0.847
H4268	hbo:4268	refuge	H6697	hbo:6697	rock	similar	high	0.838
H4268	hbo:4268	refuge	H2622	hbo:2622	refuge	similar	prior	0.5
H4270	hbo:4270	lack	H7389	hbo:7389	poverty	similar	high	0.618
H4270	hbo:4270	lack	H2639	hbo:2639	poverty	similar	prior	0.6
H4270	hbo:4270	lack	H2638	hbo:2638	lacking	similar	prior	0.6
H4270	hbo:4270	lack	H7230	hbo:7230	abundance	antonym	recall	0.44
H4272	hbo:4272	he.smashes	H7779	hbo:7779	he	similar	prior	0.5
H4272	hbo:4272	he.smashes	H2491	hbo:2491	slain	similar	prior	0.5
H4272	hbo:4272	he.smashes	H7665	hbo:7665	I.will.break	similar	prior	0.5
H4272	hbo:4272	he.smashes	H1856	hbo:1856	pierced.through	similar	prior	0.5
H4272	hbo:4272	he.smashes	H4273	hbo:4273	the.wound	similar	prior	0.5
H4274	hbo:4274	of.hewing	H2672	hbo:2672b	stonemasons	similar	high	0.819
H4275	hbo:4275	half	H4276	hbo:4276	the.half	similar	prior	0.5
H4275	hbo:4275	half	H2677	hbo:2677	the.half	similar	prior	0.5
H4275	hbo:4275	half	H2676	hbo:2676	the.middle	similar	prior	0.5
H4275	hbo:4275	half	H2678	hbo:2678	arrow	similar	prior	0.5
H4275	hbo:4275	half	H2673	hbo:2673	he.divided	similar	prior	0.5
H4276	hbo:4276	the.half	H2677	hbo:2677	the.half	similar	high	1.0
H4276	hbo:4276	the.half	H2676	hbo:2676	the.middle	similar	prior	0.5
H4276	hbo:4276	the.half	H2673	hbo:2673	he.divided	similar	prior	0.5
H4278	hbo:4278	[the].depths	H2713	hbo:2713	explore	similar	prior	0.5
H4278	hbo:4278	[the].depths	H2714	hbo:2714	searching	similar	prior	0.5
H4281	hbo:4281	plowshare	H2796	hbo:2796	craftsmen	similar	prior	0.5
H4281	hbo:4281	plowshare	H2758	hbo:2758	plowing	similar	prior	0.5
H4281	hbo:4281	plowshare	H2790	hbo:2790a	be.silent	similar	prior	0.5
H4284	hbo:4284	plans	H2803	hbo:2803	he	similar	high	1.0
H4284	hbo:4284	plans	H6098	hbo:6098	counsel	similar	high	0.939
H4284	hbo:4284	plans	H4209	hbo:4209	discretion	similar	high	0.829
H4284	hbo:4284	plans	H3336	hbo:3336	inclination	similar	high	0.708
H4284	hbo:4284	plans	H2810	hbo:2810	war.engines	similar	prior	0.6
H4284	hbo:4284	plans	H4156	hbo:4156	schemes	similar	prior	0.5
H4285	hbo:4285	dark.places	H2822	hbo:2822	darkness	similar	prior	0.6
H4285	hbo:4285	dark.places	H2821	hbo:2821	he.makes.dark	similar	prior	0.6
H4285	hbo:4285	dark.places	H2825	hbo:2825	darkness	similar	prior	0.6
H4285	hbo:4285	dark.places	H2823	hbo:2823	insignificant.[people]	similar	prior	0.6
H4285	hbo:4285	dark.places	H6205	hbo:6205	thick.darkness	similar	prior	0.5
H4288	hbo:4288	terror	H2866	hbo:2866	a.terror	similar	prior	0.5
H4289	hbo:4289	fire-pans	H4457	hbo:4457	tongs	similar	high	0.957
H4289	hbo:4289	fire-pans	H4207	hbo:4207	forks	similar	high	0.924
H4289	hbo:4289	fire-pans	H4219	hbo:4219	bowls	similar	high	0.821
H4289	hbo:4289	fire-pans	H2846	hbo:2846	snatch.up	similar	prior	0.5
H4290	hbo:4290	in	H2864	hbo:2864	they.will.dig	similar	prior	0.5
H4293	hbo:4293	a.place.of.slaughter	H2873	hbo:2873	slaughter	similar	prior	0.6
H4293	hbo:4293	a.place.of.slaughter	H2879	hbo:2879	cooks	similar	prior	0.5
H4293	hbo:4293	a.place.of.slaughter	H2874	hbo:2874	slaughter	similar	prior	0.5
H4293	hbo:4293	a.place.of.slaughter	H2876	hbo:2876	of.[the].bodyguards	similar	prior	0.5
H4294	hbo:4294	the.tribe	H4940	hbo:4940	clans	similar	high	0.964
H4294	hbo:4294	the.tribe	H7626	hbo:7626	the.tribes	similar	high	0.963
H4294	hbo:4294	the.tribe	H4297	hbo:4297	perverseness	similar	prior	0.5
H4294	hbo:4294	the.tribe	H4298	hbo:4298	the.spreading(s)	similar	prior	0.5
H4296	hbo:4296	bed	H4904	hbo:4904	bed	similar	high	0.697
H4296	hbo:4296	bed	H6210	hbo:6210	couch	similar	high	0.673
H4296	hbo:4296	bed	H3326	hbo:3326a	extension	similar	prior	0.5
H4296	hbo:4296	bed	H4297	hbo:4297	perverseness	similar	prior	0.5
H4296	hbo:4296	bed	H4298	hbo:4298	the.spreading(s)	similar	prior	0.5
H4297	hbo:4297	perverseness	H4298	hbo:4298	the.spreading(s)	similar	prior	0.5
H4299	hbo:4299	that.which.was.spun	H2901	hbo:2901	they.spun	similar	prior	0.6
H4301	hbo:4301	hidden.treasures	H2633	hbo:2633	wealth	similar	prior	0.5
H4301	hbo:4301	hidden.treasures	H2934	hbo:2934	hide	similar	prior	0.5
H4302	hbo:4302	its.planting	H3754	hbo:3754	vineyards	similar	high	0.51
H4303	hbo:4303	delicious.food(s)	H4574	hbo:4574	delicacies	similar	prior	0.5
H4303	hbo:4303	delicious.food(s)	H3978	hbo:3978	food	similar	prior	0.5
H4303	hbo:4303	delicious.food(s)	H2938	hbo:2938	I.tasted	similar	prior	0.5
H4304	hbo:4304	cloaks	H2948	hbo:2948	a.hand.breadth	similar	prior	0.5
H4305	hbo:4305	he.rained.down	H1653	hbo:1653	rain	similar	high	0.655
H4305	hbo:4305	he.rained.down	H3384	hbo:3384a	[which].it.waters	similar	prior	0.5
H4306	hbo:4306	rain	H1653	hbo:1653	rain	similar	high	1.0
H4306	hbo:4306	rain	H2919	hbo:2919	dew	similar	high	0.914
H4306	hbo:4306	rain	H4456	hbo:4456	spring.rain	similar	high	0.908
H4306	hbo:4306	rain	H7241	hbo:7241	showers	similar	high	0.793
H4306	hbo:4306	rain	H1259	hbo:1259	hail	similar	high	0.7
H4306	hbo:4306	rain	H3138	hbo:3138	autumn.rain	similar	prior	0.6
H4325	hbo:4325	water	H3220	hbo:3220	sea	similar	high	0.888
H4325	hbo:4325	water	H8415	hbo:8415	the.deep	similar	high	0.7
H4325	hbo:4325	water	H5104	hbo:5104	rivers	similar	high	0.686
H4325	hbo:4325	water	H3004	hbo:3004	ground	antonym	recall	0.584
H4325	hbo:4325	water	H3999	hbo:3999	flood	similar	prior	0.5
H4325	hbo:4325	water	H4726	hbo:4726	spring	similar	prior	0.5
H4325	hbo:4325	water	H0650	hbo:0650	ravines	similar	prior	0.5
H4325	hbo:4325	water	H5158	hbo:5158	the.wadi	similar	prior	0.5
H4327	hbo:4327	kind	H8544	hbo:8544	a.form	similar	prior	0.5
H4329	hbo:4329a	the.covered.structure	H4539	hbo:4539	the.screen	similar	prior	0.5
H4329	hbo:4329a	the.covered.structure	H4540	hbo:4540	covering	similar	prior	0.5
H4329	hbo:4329a	the.covered.structure	H5526	hbo:5526	covering	similar	prior	0.5
H4330	hbo:4330	squeezing	H4160	hbo:4160a	oppressor	similar	prior	0.5
H4334	hbo:4334	plain	H1237	hbo:1237	the.valley	similar	high	0.792
H4334	hbo:4334	plain	H6010	hbo:6010	the.valley	similar	high	0.742
H4334	hbo:4334	plain	H3474	hbo:3474	it.was.pleasing	similar	prior	0.5
H4334	hbo:4334	plain	H4339	hbo:4339	uprightness(es)	similar	prior	0.5
H4334	hbo:4334	plain	H3476	hbo:3476	uprightness	similar	prior	0.5
H4334	hbo:4334	plain	H3483	hbo:3483	uprightness	similar	prior	0.5
H4339	hbo:4339	uprightness(es)	H3476	hbo:3476	uprightness	similar	high	0.943
H4339	hbo:4339	uprightness(es)	H6664	hbo:6664	righteousness	similar	high	0.88
H4339	hbo:4339	uprightness(es)	H3477	hbo:3477	right	similar	high	0.873
H4339	hbo:4339	uprightness(es)	H3474	hbo:3474	it.was.pleasing	similar	prior	0.5
H4340	hbo:4340	tent-cords	H3489	hbo:3489	the.tent.pegs	similar	high	0.962
H4340	hbo:4340	tent-cords	H2256	hbo:2256	ropes	similar	prior	0.5
H4340	hbo:4340	tent-cords	H7050	hbo:7050a	curtains	similar	prior	0.5
H4340	hbo:4340	tent-cords	H3148	hbo:3148	excess	similar	prior	0.5
H4341	hbo:4341	pain	H3511	hbo:3511	pain	similar	high	0.976
H4341	hbo:4341	pain	H8513	hbo:8513	hardship	similar	prior	0.5
H4341	hbo:4341	pain	H6093	hbo:6093	pain	similar	prior	0.5
H4341	hbo:4341	pain	H6090	hbo:6090a	pain	similar	prior	0.5
H4341	hbo:4341	pain	H6089	hbo:6089a	hard.labor	similar	prior	0.5
H4345	hbo:4345	the.grating	H4685	hbo:4685	[is].snares	similar	prior	0.5
H4345	hbo:4345	the.grating	H4346	hbo:4346	coverlet	similar	prior	0.5
H4345	hbo:4345	the.grating	H3523	hbo:3523	(the).quilt	similar	prior	0.5
H4347	hbo:4347	wounds	H4046	hbo:4046	plague	similar	high	0.758
H4347	hbo:4347	wounds	H5218	hbo:5218a	stricken	similar	prior	0.6
H4347	hbo:4347	wounds	H3795	hbo:3795	pressed	similar	prior	0.6
H4347	hbo:4347	wounds	H6482	hbo:6482	bruise	similar	prior	0.5
H4348	hbo:4348	the.burn	H0784	hbo:0784	fire	similar	prior	0.5
H4348	hbo:4348	the.burn	H3554	hbo:3554	you.will.be.scorched	similar	prior	0.5
H4350	hbo:4350	stands	H3595	hbo:3595	laver	similar	high	0.943
H4350	hbo:4350	stands	H4349	hbo:4349	the.place	similar	prior	0.5
H4351	hbo:4351	origins	H8435	hbo:8435	genealogies	similar	prior	0.5
H4356	hbo:4356	folds	H3610	hbo:3610	two.kinds	similar	prior	0.5
H4357	hbo:4357	[was].perfection(s)	H3631	hbo:3631	failing	similar	prior	0.5
H4357	hbo:4357	[was].perfection(s)	H8503	hbo:8503	the.end	similar	prior	0.5
H4357	hbo:4357	[was].perfection(s)	H3615	hbo:3615	he.finished	similar	prior	0.5
H4357	hbo:4357	[was].perfection(s)	H8502	hbo:8502	perfection	similar	prior	0.5
H4357	hbo:4357	[was].perfection(s)	H3627	hbo:3627	articles	similar	prior	0.5
H4357	hbo:4357	[was].perfection(s)	H3616	hbo:3616	longing	similar	prior	0.5
H4358	hbo:4358	of.perfection	H3606	hbo:3606	all	similar	prior	0.6
H4358	hbo:4358	of.perfection	H3632	hbo:3632	a.whole.offering	similar	prior	0.6
H4359	hbo:4359	perfection	H4358	hbo:4358	of.perfection	similar	prior	0.6
H4359	hbo:4359	perfection	H3634	hbo:3634	they.perfected	similar	prior	0.6
H4359	hbo:4359	perfection	H3606	hbo:3606	all	similar	prior	0.6
H4359	hbo:4359	perfection	H3632	hbo:3632	a.whole.offering	similar	prior	0.6
H4360	hbo:4360	beautiful.garments	H4359	hbo:4359	perfection	similar	prior	0.5
H4360	hbo:4360	beautiful.garments	H4358	hbo:4358	of.perfection	similar	prior	0.5
H4361	hbo:4361	food	H0396	hbo:0396	the.food	similar	prior	0.5
H4361	hbo:4361	food	H0398	hbo:0398	you.will.eat	similar	prior	0.5
H4362	hbo:4362	the.treasures	H3646	hbo:3646	cumin	similar	prior	0.5
H4364	hbo:4364	of.a.net	H4365	hbo:4365	his.fishing	similar	prior	0.5
H4365	hbo:4365	his.fishing	H2443	hbo:2443	a.fish.hook	similar	high	0.753
H4365	hbo:4365	his.fishing	H2764	hbo:2764a	net	similar	high	0.741
H4365	hbo:4365	his.fishing	H4364	hbo:4364	of.a.net	similar	prior	0.6
H4370	hbo:4370	undergarments	H3801	hbo:3801	tunics	similar	high	0.766
H4371	hbo:4371	tribute	H4373	hbo:4373	number	similar	prior	0.5
H4371	hbo:4371	tribute	H3699	hbo:3699	you.will.estimate	similar	prior	0.5
H4372	hbo:4372	a.covering	H3681	hbo:3681	a.covering	similar	prior	0.5
H4374	hbo:4374	covering	H3682	hbo:3682	covering	similar	prior	0.5
H4374	hbo:4374	covering	H4372	hbo:4372	a.covering	similar	prior	0.5
H4374	hbo:4374	covering	H3680	hbo:3680	cover	similar	prior	0.5
H4374	hbo:4374	covering	H3681	hbo:3681	a.covering	similar	prior	0.5
H4376	hbo:4376	he	H4465	hbo:4465	sold	similar	high	0.94
H4376	hbo:4376	he	H7069	hbo:7069	acquire	antonym	recall	0.575
H4376	hbo:4376	he	H5414	hbo:5414	give	similar	prior	0.5
H4376	hbo:4376	he	H7666	hbo:7666	buy.grain	similar	prior	0.5
H4376	hbo:4376	he	H7402	hbo:7402	[were].your	similar	prior	0.5
H4376	hbo:4376	he	H5503	hbo:5503	traders	similar	prior	0.5
H4377	hbo:4377	price	H4242	hbo:4242	a.price	similar	high	0.664
H4377	hbo:4377	price	H4465	hbo:4465	sold	similar	high	0.658
H4377	hbo:4377	price	H4376	hbo:4376	he	similar	high	0.652
H4377	hbo:4377	price	H7404	hbo:7404	your.trade	similar	prior	0.5
H4378	hbo:4378	acquaintance	H1971	hbo:1971	the.expression	similar	prior	0.5
H4378	hbo:4378	acquaintance	H5234	hbo:5234	he	similar	prior	0.5
H4380	hbo:4380	swords	H3738	hbo:3738	they.have.dug	similar	prior	0.5
H4380	hbo:4380	swords	H4351	hbo:4351	origins	similar	prior	0.5
H4383	hbo:4383	the.stumbling.block	H3783	hbo:3783	stumbling	similar	prior	0.6
H4383	hbo:4383	the.stumbling.block	H3782	hbo:3782	they.will.stumble	similar	prior	0.5
H4383	hbo:4383	the.stumbling.block	H4384	hbo:4384	of.ruins	similar	prior	0.5
H4384	hbo:4384	of.ruins	H4383	hbo:4383	the.stumbling.block	similar	prior	0.5
H4384	hbo:4384	of.ruins	H3783	hbo:3783	stumbling	similar	prior	0.5
H4385	hbo:4385	writing	H3791	hbo:3791	to	similar	high	0.901
H4385	hbo:4385	writing	H5612	hbo:5612	the.scroll	similar	high	0.802
H4385	hbo:4385	writing	H0107	hbo:0107	letters	similar	high	0.695
H4389	hbo:4389	the.Mortar	H4388	hbo:4388	place	similar	prior	0.5
H4390	hbo:4390	fill	H4393	hbo:4393	what	similar	high	0.873
H4390	hbo:4390	fill	H7646	hbo:7646	you.will.be.satisfied	similar	high	0.638
H4390	hbo:4390	fill	H4392	hbo:4392	full	similar	prior	0.6
H4390	hbo:4390	fill	H7648	hbo:7648	abundance	similar	prior	0.5
H4390	hbo:4390	fill	H7649	hbo:7649	satisfied	similar	prior	0.5
H4390	hbo:4390	fill	H1767	hbo:1767	sufficiency	similar	prior	0.5
H4390	hbo:4390	fill	H2596	hbo:2596	they.dedicated	similar	prior	0.5
H4392	hbo:4392	full	H4394	hbo:4394	installation.offering(s)	similar	prior	0.5
H4392	hbo:4392	full	H4395	hbo:4395	produce	similar	prior	0.5
H4392	hbo:4392	full	H4390	hbo:4390	fill	similar	prior	0.5
H4393	hbo:4393	what	H4390	hbo:4390	fill	similar	high	0.873
H4393	hbo:4393	what	H4392	hbo:4392	full	similar	prior	0.6
H4393	hbo:4393	what	H4394	hbo:4394	installation.offering(s)	similar	prior	0.5
H4393	hbo:4393	what	H4396	hbo:4396	settings	similar	prior	0.5
H4393	hbo:4393	what	H4402	hbo:4402	fullness	similar	prior	0.5
H4393	hbo:4393	what	H4395	hbo:4395	produce	similar	prior	0.5
H4394	hbo:4394	installation.offering(s)	H2833	hbo:2833	breastpiece	similar	prior	0.5
H4394	hbo:4394	installation.offering(s)	H7718	hbo:7718	of.onyx	similar	prior	0.5
H4394	hbo:4394	installation.offering(s)	H4395	hbo:4395	produce	similar	prior	0.5
H4394	hbo:4394	installation.offering(s)	H4390	hbo:4390	fill	similar	prior	0.5
H4395	hbo:4395	produce	H8393	hbo:8393	produce	similar	high	0.828
H4395	hbo:4395	produce	H4390	hbo:4390	fill	similar	prior	0.5
H4396	hbo:4396	settings	H4865	hbo:4865	filigree.settings	similar	high	0.898
H4396	hbo:4396	settings	H4394	hbo:4394	installation.offering(s)	similar	prior	0.5
H4396	hbo:4396	settings	H4395	hbo:4395	produce	similar	prior	0.5
H4396	hbo:4396	settings	H4390	hbo:4390	fill	similar	prior	0.5
H4396	hbo:4396	settings	H4392	hbo:4392	full	similar	prior	0.5
H4397	hbo:4397	messengers	H7971	hbo:7971	he.sent	similar	high	0.937
H4397	hbo:4397	messengers	H8314	hbo:8314	seraphim	similar	prior	0.5
H4397	hbo:4397	messengers	H4399	hbo:4399	work	similar	prior	0.5
H4397	hbo:4397	messengers	H4400	hbo:4400	the.message	similar	prior	0.5
H4399	hbo:4399	work	H5656	hbo:5656	service	similar	high	0.993
H4399	hbo:4399	work	H7676	hbo:7676	the.sabbath	antonym	recall	0.545
H4399	hbo:4399	work	H7677	hbo:7677	of.sabbath.observance	antonym	recall	0.508
H4399	hbo:4399	work	H2799	hbo:2799	carving	similar	prior	0.5
H4400	hbo:4400	the.message	H4399	hbo:4399	work	similar	prior	0.5
H4402	hbo:4402	fullness	H4390	hbo:4390	fill	similar	prior	0.5
H4402	hbo:4402	fullness	H4392	hbo:4392	full	similar	prior	0.5
H4402	hbo:4402	fullness	H4394	hbo:4394	installation.offering(s)	similar	prior	0.5
H4402	hbo:4402	fullness	H4396	hbo:4396	settings	similar	prior	0.5
H4402	hbo:4402	fullness	H4395	hbo:4395	produce	similar	prior	0.5
H4403	hbo:4403	clothes	H3830	hbo:3830	clothing	similar	high	0.892
H4403	hbo:4403	clothes	H0899	hbo:0899	garments	similar	high	0.689
H4403	hbo:4403	clothes	H8516	hbo:8516	clothing	similar	prior	0.6
H4403	hbo:4403	clothes	H4055	hbo:4055	garments	similar	prior	0.5
H4403	hbo:4403	clothes	H8008	hbo:8008	garments	similar	prior	0.5
H4404	hbo:4404	brick-mold[s]	H3836	hbo:3836	white	similar	prior	0.5
H4404	hbo:4404	brick-mold[s]	H3843	hbo:3843	bricks	similar	prior	0.5
H4404	hbo:4404	brick-mold[s]	H3828	hbo:3828	frankincense	similar	prior	0.5
H4404	hbo:4404	brick-mold[s]	H3839	hbo:3839	of.poplar	similar	prior	0.5
H4405	hbo:4405	words	H0561	hbo:0561	words	similar	high	0.994
H4405	hbo:4405	words	H0565	hbo:0565	word	similar	high	0.77
H4405	hbo:4405	words	H3956	hbo:3956	tongue	similar	high	0.668
H4405	hbo:4405	words	H4617	hbo:4617	an.answer	similar	prior	0.5
H4405	hbo:4405	words	H4912	hbo:4912	oracle	similar	prior	0.5
H4405	hbo:4405	words	H0562	hbo:0562	a.word	similar	prior	0.5
H4408	hbo:4408	mallow	H4420	hbo:4420	of.saltiness	similar	prior	0.5
H4408	hbo:4408	mallow	H4414	hbo:4414a	salted	similar	prior	0.5
H4410	hbo:4410	kingship	H4438	hbo:4438	kingdom	similar	high	1.0
H4410	hbo:4410	kingship	H4467	hbo:4467	kingdom	similar	high	1.0
H4410	hbo:4410	kingship	H4427	hbo:4427	he.reigned	similar	high	1.0
H4410	hbo:4410	kingship	H4436	hbo:4436	queen	similar	prior	0.5
H4410	hbo:4410	kingship	H4446	hbo:4446	the.queen	similar	prior	0.5
H4412	hbo:4412	a.hut	H4411	hbo:4411	place	similar	prior	0.5
H4415	hbo:4415	we.eat.salt	H4416	hbo:4416	salt	similar	prior	0.5
H4417	hbo:4417	Salt	H4420	hbo:4420	of.saltiness	similar	prior	0.5
H4417	hbo:4417	Salt	H4408	hbo:4408	mallow	similar	prior	0.5
H4418	hbo:4418	of.rags	H4414	hbo:4414a	salted	similar	prior	0.5
H4419	hbo:4419	mariners	H2259	hbo:2259	sailors	similar	high	0.824
H4419	hbo:4419	mariners	H0590	hbo:0590	the.ship[s]	similar	prior	0.5
H4419	hbo:4419	mariners	H8650	hbo:8650	a.mast	similar	prior	0.5
H4419	hbo:4419	mariners	H4420	hbo:4420	of.saltiness	similar	prior	0.5
H4419	hbo:4419	mariners	H4414	hbo:4414a	salted	similar	prior	0.5
H4419	hbo:4419	mariners	H4408	hbo:4408	mallow	similar	prior	0.5
H4419	hbo:4419	mariners	H4417	hbo:4417	Salt	similar	prior	0.5
H4420	hbo:4420	of.saltiness	H8077	hbo:8077	a.desolation	similar	high	0.588
H4420	hbo:4420	of.saltiness	H2723	hbo:2723	ruins	similar	high	0.553
H4420	hbo:4420	of.saltiness	H4057	hbo:4057	wilderness	similar	prior	0.5
H4420	hbo:4420	of.saltiness	H4414	hbo:4414a	salted	similar	prior	0.5
H4421	hbo:4421	battle	H3898	hbo:3898	fight	similar	high	1.0
H4421	hbo:4421	battle	H4634	hbo:4634	line	similar	high	0.728
H4421	hbo:4421	battle	H6635	hbo:6635	of.hosts	similar	prior	0.5
H4421	hbo:4421	battle	H7128	hbo:7128	battle	similar	prior	0.5
H4421	hbo:4421	battle	H3901	hbo:3901	war	similar	prior	0.5
H4422	hbo:4422	he.escaped	H6412	hbo:6412	an.escapee	similar	high	0.756
H4422	hbo:4422	he.escaped	H5337	hbo:5337	deliver	similar	high	0.717
H4422	hbo:4422	he.escaped	H6403	hbo:6403	deliverer	similar	prior	0.6
H4422	hbo:4422	he.escaped	H7323	hbo:7323	he.ran	similar	prior	0.5
H4422	hbo:4422	he.escaped	H4423	hbo:4423	mortar	similar	prior	0.5
H4425	hbo:4425	ears.of.corn	H4448	hbo:4448b	it.withers	similar	prior	0.5
H4426	hbo:4426	a.mocking.song	H4912	hbo:4912	oracle	similar	prior	0.5
H4426	hbo:4426	a.mocking.song	H3887	hbo:3887a	a.mocker	similar	prior	0.5
H4426	hbo:4426	a.mocking.song	H3944	hbo:3944	of.mockery	similar	prior	0.5
H4427	hbo:4427	he.reigned	H4438	hbo:4438	kingdom	similar	high	1.0
H4427	hbo:4427	he.reigned	H4410	hbo:4410	kingship	similar	high	1.0
H4427	hbo:4427	he.reigned	H4467	hbo:4467	kingdom	similar	prior	0.6
H4427	hbo:4427	he.reigned	H8199	hbo:8199	judges	similar	prior	0.5
H4427	hbo:4427	he.reigned	H4436	hbo:4436	queen	similar	prior	0.5
H4427	hbo:4427	he.reigned	H4446	hbo:4446	the.queen	similar	prior	0.5
H4428	hbo:4428	the.king	H8269	hbo:8269	officials	similar	high	0.863
H4428	hbo:4428	the.king	H7989	hbo:7989	ruler	similar	prior	0.5
H4428	hbo:4428	the.king	H4899	hbo:4899	the.[one].anointed	similar	prior	0.5
H4428	hbo:4428	the.king	H5387	hbo:5387	prince	similar	prior	0.5
H4428	hbo:4428	the.king	H0113	hbo:0113	lord	similar	prior	0.5
H4428	hbo:4428	the.king	H4475	hbo:4475	his.dominion	similar	prior	0.5
H4428	hbo:4428	the.king	H6346	hbo:6346	governors	similar	prior	0.5
H4428	hbo:4428	the.king	H5633	hbo:5633	the.rulers	similar	prior	0.5
H4428	hbo:4428	the.king	H7101	hbo:7101	O.rulers	similar	prior	0.5
H4430	hbo:4430	the	H4437	hbo:4437	the	similar	prior	0.5
H4430	hbo:4430	the	H4433	hbo:4433	the	similar	prior	0.5
H4433	hbo:4433	the	H4437	hbo:4437	the	similar	prior	0.5
H4434	hbo:4434	trap	H6041	hbo:6041	poor	similar	prior	0.5
H4434	hbo:4434	trap	H0034	hbo:0034	needy	similar	prior	0.5
H4434	hbo:4434	trap	H3921	hbo:3921	capture	similar	prior	0.5
H4434	hbo:4434	trap	H3920	hbo:3920	he.captured	similar	prior	0.5
H4436	hbo:4436	queen	H4428	hbo:4428	the.king	similar	high	0.825
H4436	hbo:4436	queen	H4427	hbo:4427	he.reigned	similar	prior	0.5
H4436	hbo:4436	queen	H4446	hbo:4446	the.queen	similar	prior	0.5
H4437	hbo:4437	the	H7985	hbo:7985	dominion	similar	high	1.0
H4437	hbo:4437	the	H4430	hbo:4430	the	similar	prior	0.5
H4438	hbo:4438	kingdom	H4427	hbo:4427	he.reigned	similar	high	1.0
H4438	hbo:4438	kingdom	H4467	hbo:4467	kingdom	similar	high	1.0
H4438	hbo:4438	kingdom	H4410	hbo:4410	kingship	similar	high	1.0
H4438	hbo:4438	kingdom	H4475	hbo:4475	his.dominion	similar	high	0.845
H4438	hbo:4438	kingdom	H3678	hbo:3678	throne	similar	high	0.77
H4438	hbo:4438	kingdom	H4468	hbo:4468	the.kingdom	similar	prior	0.6
H4438	hbo:4438	kingdom	H4446	hbo:4446	the.queen	similar	prior	0.5
H4446	hbo:4446	the.queen	H4428	hbo:4428	the.king	similar	prior	0.5
H4446	hbo:4446	the.queen	H4436	hbo:4436	queen	similar	prior	0.5
H4448	hbo:4448	has.he.said	H4449	hbo:4449	[was].speaking	similar	prior	0.6
H4448	hbo:4448	has.he.said	H1696	hbo:1696	he.spoke	similar	prior	0.5
H4448	hbo:4448	has.he.said	H0559	hbo:0559	he.said	similar	prior	0.5
H4448	hbo:4448	has.he.said	H5046	hbo:5046	tell	similar	prior	0.5
H4448	hbo:4448b	it.withers	H4405	hbo:4405	words	similar	prior	0.5
H4449	hbo:4449	[was].speaking	H4406	hbo:4406	the	similar	prior	0.5
H4451	hbo:4451	the.goad	H3925	hbo:3925	teach	similar	prior	0.5
H4451	hbo:4451	the.goad	H3928	hbo:3928	my	similar	prior	0.5
H4455	hbo:4455	booty	H7998	hbo:7998	plunder	similar	high	0.58
H4455	hbo:4455	booty	H4832	hbo:4832	healing	similar	prior	0.5
H4456	hbo:4456	spring.rain	H4306	hbo:4306	rain	similar	high	0.908
H4456	hbo:4456	spring.rain	H1653	hbo:1653	rain	similar	high	0.868
H4456	hbo:4456	spring.rain	H7241	hbo:7241	showers	similar	high	0.681
H4456	hbo:4456	spring.rain	H3953	hbo:3953	they.glean	similar	prior	0.5
H4457	hbo:4457	tongs	H4289	hbo:4289	fire-pans	similar	high	0.957
H4457	hbo:4457	tongs	H4455	hbo:4455	booty	similar	prior	0.5
H4457	hbo:4457	tongs	H4728	hbo:4728	wares	similar	prior	0.5
H4459	hbo:4459	[the].teeth	H4973	hbo:4973	[the].fangs	similar	prior	0.6
H4459	hbo:4459	[the].teeth	H8529	hbo:8529	[are].clothed.in.scarlet	similar	prior	0.5
H4459	hbo:4459	[the].teeth	H8438	hbo:8438	scarlet.stuff	similar	prior	0.5
H4460	hbo:4460	[the].granaries	H1616	hbo:1616	sojourner	similar	prior	0.5
H4460	hbo:4460	[the].granaries	H1628	hbo:1628	Geruth	similar	prior	0.5
H4461	hbo:4461	measurements	H4055	hbo:4055	garments	similar	prior	0.5
H4461	hbo:4461	measurements	H4058	hbo:4058	he.measured	similar	prior	0.5
H4463	hbo:4463	[the].death(s)	H4194	hbo:4194	death	similar	prior	0.5
H4463	hbo:4463	[the].death(s)	H4191	hbo:4191	he.died	similar	prior	0.5
H4465	hbo:4465	sold	H4376	hbo:4376	he	similar	high	0.94
H4465	hbo:4465	sold	H4736	hbo:4736	the.purchase	antonym	recall	0.538
H4465	hbo:4465	sold	H7666	hbo:7666	buy.grain	similar	prior	0.5
H4466	hbo:4466	a.sale	H4465	hbo:4465	sold	similar	prior	0.5
H4466	hbo:4466	a.sale	H4377	hbo:4377	price	similar	prior	0.5
H4466	hbo:4466	a.sale	H4376	hbo:4376	he	similar	prior	0.5
H4467	hbo:4467	kingdom	H4438	hbo:4438	kingdom	similar	high	1.0
H4467	hbo:4467	kingdom	H4468	hbo:4468	the.kingdom	similar	high	1.0
H4467	hbo:4467	kingdom	H4410	hbo:4410	kingship	similar	high	1.0
H4467	hbo:4467	kingdom	H4446	hbo:4446	the.queen	similar	prior	0.5
H4467	hbo:4467	kingdom	H4436	hbo:4436	queen	similar	prior	0.5
H4468	hbo:4468	the.kingdom	H4467	hbo:4467	kingdom	similar	high	1.0
H4468	hbo:4468	the.kingdom	H4410	hbo:4410	kingship	similar	prior	0.6
H4468	hbo:4468	the.kingdom	H4436	hbo:4436	queen	similar	prior	0.5
H4468	hbo:4468	the.kingdom	H4438	hbo:4438	kingdom	similar	prior	0.5
H4468	hbo:4468	the.kingdom	H4446	hbo:4446	the.queen	similar	prior	0.5
H4469	hbo:4469	mixed.wine	H4538	hbo:4538	spiced.drink	similar	prior	0.6
H4469	hbo:4469	mixed.wine	H4537	hbo:4537	mixing	similar	prior	0.5
H4472	hbo:4472	bitter.things	H4815	hbo:4815	bitter	similar	prior	0.6
H4472	hbo:4472	bitter.things	H4786	hbo:4786	bitterness	similar	prior	0.6
H4472	hbo:4472	bitter.things	H4845	hbo:4845	gall	similar	prior	0.5
H4472	hbo:4472	bitter.things	H4470	hbo:4470	bitterness	similar	prior	0.5
H4472	hbo:4472	bitter.things	H4751	hbo:4751	bitter	similar	prior	0.5
H4472	hbo:4472	bitter.things	H4814	hbo:4814	bitterness	similar	prior	0.5
H4472	hbo:4472	bitter.things	H4787	hbo:4787	the.bitterness	similar	prior	0.5
H4472	hbo:4472	bitter.things	H4846	hbo:4846	bitter	similar	prior	0.5
H4472	hbo:4472	bitter.things	H4844	hbo:4844	bitter.herbs	similar	prior	0.5
H4472	hbo:4472	bitter.things	H8563	hbo:8563	of.bitterness(es)	similar	prior	0.5
H4472	hbo:4472	bitter.things	H4753	hbo:4753	myrrh	similar	prior	0.5
H4472	hbo:4472	bitter.things	H4843	hbo:4843	it.is.bitter	similar	prior	0.5
H4473	hbo:4473	of.expansion	H4899	hbo:4899	the.[one].anointed	similar	prior	0.5
H4473	hbo:4473	of.expansion	H4888	hbo:4888	anointing	similar	prior	0.5
H4474	hbo:4474	rulers	H4910	hbo:4910	he.will.rule	similar	high	0.823
H4474	hbo:4474	rulers	H4475	hbo:4475	his.dominion	similar	high	0.652
H4474	hbo:4474	rulers	H8269	hbo:8269	officials	similar	prior	0.5
H4474	hbo:4474	rulers	H4915	hbo:4915	dominion	similar	prior	0.5
H4475	hbo:4475	his.dominion	H4438	hbo:4438	kingdom	similar	high	0.845
H4475	hbo:4475	his.dominion	H4910	hbo:4910	he.will.rule	similar	high	0.704
H4475	hbo:4475	his.dominion	H4467	hbo:4467	kingdom	similar	high	0.67
H4475	hbo:4475	his.dominion	H4468	hbo:4468	the.kingdom	similar	prior	0.5
H4475	hbo:4475	his.dominion	H7983	hbo:7983	[is].mastery	similar	prior	0.5
H4475	hbo:4475	his.dominion	H4915	hbo:4915	dominion	similar	prior	0.5
H4477	hbo:4477	sweet.things	H4986	hbo:4986	sweetness	similar	prior	0.5
H4477	hbo:4477	sweet.things	H4985	hbo:4985	they.became.sweet	similar	prior	0.5
H4477	hbo:4477	sweet.things	H4987	hbo:4987	sweetness	similar	prior	0.5
H4484	hbo:4484	mene	H4483	hbo:4483	he.had.appointed	similar	high	1.0
H4485	hbo:4485	mocking.song	H5059	hbo:5059	to.play	similar	prior	0.5
H4485	hbo:4485	mocking.song	H5058	hbo:5058	stringed.instruments	similar	prior	0.5
H4486	hbo:4486	understanding	H2452	hbo:2452	wisdom	similar	high	0.835
H4486	hbo:4486	understanding	H4093	hbo:4093	knowledge	similar	prior	0.6
H4486	hbo:4486	understanding	H1843	hbo:1843	knowledge	similar	prior	0.6
H4486	hbo:4486	understanding	H3045	hbo:3045	you.will.know	similar	prior	0.6
H4486	hbo:4486	understanding	H1847	hbo:1847	knowledge	similar	prior	0.6
H4486	hbo:4486	understanding	H0998	hbo:0998	understanding	similar	prior	0.5
H4487	hbo:4487	count	H4557	hbo:4557	number	similar	high	0.597
H4487	hbo:4487	count	H6485	hbo:6485	their.enrolled	similar	high	0.557
H4487	hbo:4487	count	H2803	hbo:2803	he	similar	high	0.555
H4487	hbo:4487	count	H4489	hbo:4489	times	similar	prior	0.5
H4487	hbo:4487	count	H4497	hbo:4497	trouble	similar	prior	0.5
H4487	hbo:4487	count	H4521	hbo:4521	the.portion	similar	prior	0.5
H4487	hbo:4487	count	H4488	hbo:4488	minas	similar	prior	0.5
H4487	hbo:4487	count	H4490	hbo:4490	portions	similar	prior	0.5
H4488	hbo:4488	minas	H3603	hbo:3603	talent[s]	similar	high	0.878
H4488	hbo:4488	minas	H8255	hbo:8255	the.shekel	similar	high	0.868
H4488	hbo:4488	minas	H1235	hbo:1235	a.beka	similar	prior	0.5
H4488	hbo:4488	minas	H4521	hbo:4521	the.portion	similar	prior	0.5
H4488	hbo:4488	minas	H4489	hbo:4489	times	similar	prior	0.5
H4490	hbo:4490	portions	H6598	hbo:6598	the.delicaci[es]	similar	prior	0.5
H4490	hbo:4490	portions	H4497	hbo:4497	trouble	similar	prior	0.5
H4490	hbo:4490	portions	H4489	hbo:4489	times	similar	prior	0.5
H4490	hbo:4490	portions	H4488	hbo:4488	minas	similar	prior	0.5
H4490	hbo:4490	portions	H4521	hbo:4521	the.portion	similar	prior	0.5
H4492	hbo:4492	dens	H5102	hbo:5102	they.will.stream	similar	prior	0.5
H4494	hbo:4494	a.resting.place	H4496	hbo:4496	rest	similar	high	0.757
H4494	hbo:4494	a.resting.place	H5207	hbo:5207	of.soothing	similar	prior	0.6
H4494	hbo:4494	a.resting.place	H7677	hbo:7677	of.sabbath.observance	similar	prior	0.5
H4494	hbo:4494	a.resting.place	H5117	hbo:5117	he	similar	prior	0.5
H4494	hbo:4494	a.resting.place	H5183	hbo:5183a	quietness	similar	prior	0.5
H4496	hbo:4496	rest	H7677	hbo:7677	of.sabbath.observance	similar	prior	0.5
H4496	hbo:4496	rest	H5183	hbo:5183a	quietness	similar	prior	0.5
H4497	hbo:4497	trouble	H5209	hbo:5209	posterity	similar	prior	0.6
H4497	hbo:4497	trouble	H4521	hbo:4521	the.portion	similar	prior	0.5
H4497	hbo:4497	trouble	H4489	hbo:4489	times	similar	prior	0.5
H4497	hbo:4497	trouble	H4488	hbo:4488	minas	similar	prior	0.5
H4498	hbo:4498	a.place.of.escape	H4268	hbo:4268	refuge	similar	high	0.698
H4498	hbo:4498	a.place.of.escape	H4869	hbo:4869	refuge	similar	high	0.639
H4498	hbo:4498	a.place.of.escape	H2620	hbo:2620	I.take.refuge	similar	prior	0.5
H4498	hbo:4498	a.place.of.escape	H1272	hbo:1272	he.fled	similar	prior	0.5
H4498	hbo:4498	a.place.of.escape	H5127	hbo:5127	they.fled	similar	prior	0.5
H4498	hbo:4498	a.place.of.escape	H5756	hbo:5756	bring.to.safety	similar	prior	0.5
H4498	hbo:4498	a.place.of.escape	H4422	hbo:4422	he.escaped	similar	prior	0.5
H4498	hbo:4498	a.place.of.escape	H4499	hbo:4499	flight	similar	prior	0.5
H4500	hbo:4500	a.beam	H0707	hbo:0707	of.weavers	similar	high	0.87
H4500	hbo:4500	a.beam	H4545	hbo:4545	web	similar	prior	0.5
H4501	hbo:4501	lampstand	H5216	hbo:5216	lamps	similar	high	1.0
H4501	hbo:4501	lampstand	H3940	hbo:3940	torches	similar	prior	0.5
H4502	hbo:4502	courtiers	H5139	hbo:5139	the.Nazirite	similar	prior	0.5
H4503	hbo:4503	offering	H5930	hbo:5930	a.burnt.offering	similar	high	1.0
H4503	hbo:4503	offering	H5262	hbo:5262	their.drink	similar	high	0.983
H4503	hbo:4503	offering	H7133	hbo:7133	present	similar	high	0.971
H4503	hbo:4503	offering	H4504	hbo:4504	offering	similar	prior	0.6
H4503	hbo:4503	offering	H8641	hbo:8641	the.contribution	similar	prior	0.5
H4510	hbo:4510	the.number	H4487	hbo:4487	count	similar	prior	0.6
H4510	hbo:4510	the.number	H4483	hbo:4483	he.had.appointed	similar	prior	0.5
H4510	hbo:4510	the.number	H4484	hbo:4484	mene	similar	prior	0.5
H4513	hbo:4513	he	H2820	hbo:2820	you.have.withheld	similar	high	0.78
H4514	hbo:4514	bolts	H1280	hbo:1280	bars	similar	high	0.742
H4514	hbo:4514	bolts	H4463	hbo:4463	[the].death(s)	similar	prior	0.5
H4514	hbo:4514	bolts	H1817	hbo:1817	doors	similar	prior	0.5
H4514	hbo:4514	bolts	H4515	hbo:4515	bolts	similar	prior	0.5
H4517	hbo:4517	rattles	H5128	hbo:5128	sway	similar	prior	0.5
H4518	hbo:4518	bowls	H7184	hbo:7184	jugs	similar	high	1.0
H4518	hbo:4518	bowls	H4219	hbo:4219	bowls	similar	prior	0.5
H4518	hbo:4518	bowls	H1375	hbo:1375	cups	similar	prior	0.5
H4518	hbo:4518	bowls	H0101	hbo:0101	bowls	similar	prior	0.5
H4518	hbo:4518	bowls	H7086	hbo:7086	[was].a.dish	similar	prior	0.5
H4518	hbo:4518	bowls	H5352	hbo:5352	he.will.go.unpunished	similar	prior	0.5
H4518	hbo:4518	bowls	H5355	hbo:5355	innocent	similar	prior	0.5
H4518	hbo:4518	bowls	H5356	hbo:5356	innocence	similar	prior	0.5
H4521	hbo:4521	the.portion	H2506	hbo:2506	portion	similar	high	0.732
H4521	hbo:4521	the.portion	H4490	hbo:4490	portions	similar	prior	0.6
H4521	hbo:4521	the.portion	H4489	hbo:4489	times	similar	prior	0.5
H4521	hbo:4521	the.portion	H5159	hbo:5159	inheritance	similar	high	0.46
H4522	hbo:4522	labor	H5086	hbo:5086	driven.about	similar	prior	0.5
H4522	hbo:4522	labor	H5449	hbo:5449	burden-bearer[s]	similar	prior	0.5
H4522	hbo:4522	labor	H6531	hbo:6531	harshness	similar	prior	0.5
H4522	hbo:4522	labor	H5656	hbo:5656	service	similar	prior	0.5
H4522	hbo:4522	labor	H5447	hbo:5447	the.forced.labor	similar	prior	0.5
H4522	hbo:4522	labor	H4371	hbo:4371	tribute	similar	prior	0.5
H4523	hbo:4523	[person]	H8557	hbo:8557	[which].melting.away	similar	prior	0.5
H4524	hbo:4524	the.surroundings	H5437	hbo:5437	they	similar	prior	0.6
H4524	hbo:4524	the.surroundings	H5438	hbo:5438	a.turn.of.affairs	similar	prior	0.6
H4525	hbo:4525a	smith	H5470	hbo:5470	the.prison	similar	prior	0.5
H4525	hbo:4525a	smith	H4526	hbo:4526	rims	similar	prior	0.5
H4526	hbo:4526	rims	H7948	hbo:7948	bars	similar	high	0.853
H4526	hbo:4526	rims	H2213	hbo:2213	a.molding	similar	high	0.804
H4526	hbo:4526	rims	H4274	hbo:4274	of.hewing	similar	prior	0.5
H4527	hbo:4527	foundation	H3245	hbo:3245	founded	similar	prior	0.5
H4527	hbo:4527	foundation	H4144	hbo:4144	[the].foundations	similar	prior	0.5
H4527	hbo:4527	foundation	H3248	hbo:3248	foundation	similar	prior	0.5
H4527	hbo:4527	foundation	H4145	hbo:4145	the.foundations	similar	prior	0.5
H4527	hbo:4527	foundation	H3246	hbo:3246	[was].the.beginning	similar	prior	0.5
H4527	hbo:4527	foundation	H3247	hbo:3247	the.base	similar	prior	0.5
H4528	hbo:4528	the	H7713	hbo:7713	ranks	similar	prior	0.5
H4528	hbo:4528	the	H5468	hbo:5468	order(s)	similar	prior	0.5
H4533	hbo:4533	veil	H4304	hbo:4304	cloaks	similar	prior	0.5
H4536	hbo:4536	the.merchandise	H0591	hbo:0591	ships	similar	prior	0.5
H4536	hbo:4536	the.merchandise	H5503	hbo:5503	traders	similar	prior	0.5
H4536	hbo:4536	the.merchandise	H5508	hbo:5508	paving.stone	similar	prior	0.5
H4536	hbo:4536	the.merchandise	H5507	hbo:5507	a.wall	similar	prior	0.5
H4538	hbo:4538	spiced.drink	H4537	hbo:4537	mixing	similar	prior	0.6
H4539	hbo:4539	the.screen	H6532	hbo:6532	curtain	similar	high	1.0
H4539	hbo:4539	the.screen	H7050	hbo:7050a	curtains	similar	high	0.846
H4539	hbo:4539	the.screen	H3407	hbo:3407	curtains	similar	prior	0.5
H4539	hbo:4539	the.screen	H3682	hbo:3682	covering	similar	prior	0.5
H4539	hbo:4539	the.screen	H4540	hbo:4540	covering	similar	prior	0.5
H4539	hbo:4539	the.screen	H5526	hbo:5526	covering	similar	prior	0.5
H4541	hbo:4541	a.molten.image	H6459	hbo:6459	idol	similar	high	0.963
H4541	hbo:4541	a.molten.image	H0457	hbo:0457	idols	similar	high	0.858
H4541	hbo:4541	a.molten.image	H6754	hbo:6754	images	similar	high	0.734
H4541	hbo:4541	a.molten.image	H5258	hbo:5258	he.poured.out	similar	high	0.724
H4541	hbo:4541	a.molten.image	H5566	hbo:5566	image	similar	prior	0.5
H4541	hbo:4541	a.molten.image	H5257	hbo:5257a	princes	similar	prior	0.5
H4542	hbo:4542	poor	H7326	hbo:7326	[one.who.is].poor	similar	prior	0.5
H4542	hbo:4542	poor	H6223	hbo:6223	a.rich.[person]	antonym	recall	0.444
H4543	hbo:4543	stores	H0214	hbo:0214	storehouses	similar	high	0.551
H4545	hbo:4545	web	H5259	hbo:5259	is].woven	similar	prior	0.5
H4546	hbo:4546	highway	H1870	hbo:1870	way	similar	high	0.854
H4546	hbo:4546	highway	H4547	hbo:4547	a.highway	similar	prior	0.6
H4546	hbo:4546	highway	H7635	hbo:7635	paths	similar	prior	0.5
H4546	hbo:4546	highway	H0734	hbo:0734	path	similar	prior	0.5
H4546	hbo:4546	highway	H5410	hbo:5410	paths	similar	prior	0.5
H4546	hbo:4546	highway	H5550	hbo:5550	a.mound	similar	prior	0.5
H4546	hbo:4546	highway	H5551	hbo:5551	a.stairway	similar	prior	0.5
H4547	hbo:4547	a.highway	H5551	hbo:5551	a.stairway	similar	prior	0.5
H4547	hbo:4547	a.highway	H5550	hbo:5550	a.mound	similar	prior	0.5
H4548	hbo:4548	nails	H3489	hbo:3489	the.tent.pegs	similar	prior	0.5
H4549	hbo:4549	it.melted	H4127	hbo:4127	it.melted	similar	high	0.68
H4549	hbo:4549	it.melted	H4529	hbo:4529	they.melted	similar	prior	0.6
H4549	hbo:4549	it.melted	H4523	hbo:4523	[person]	similar	prior	0.5
H4549	hbo:4549	it.melted	H8557	hbo:8557	[which].melting.away	similar	prior	0.5
H4550	hbo:4550	journeyings	H5265	hbo:5265	they.set.out	similar	high	0.953
H4550	hbo:4550	journeyings	H4551	hbo:4551a	quarry	similar	prior	0.5
H4551	hbo:4551a	quarry	H5265	hbo:5265	they.set.out	similar	prior	0.5
H4553	hbo:4553	wailing	H0060	hbo:0060	mourning	similar	high	0.76
H4553	hbo:4553	wailing	H5092	hbo:5092	wailing	similar	high	0.76
H4553	hbo:4553	wailing	H1065	hbo:1065	weeping	similar	high	0.756
H4553	hbo:4553	wailing	H1058	hbo:1058	they.wept	similar	high	0.603
H4553	hbo:4553	wailing	H5091	hbo:5091a	they.mourned	similar	prior	0.5
H4554	hbo:4554	fodder	H8401	hbo:8401	straw	similar	high	0.77
H4556	hbo:4556	rash	H5061	hbo:5061	plague	similar	high	0.947
H4556	hbo:4556	rash	H0934	hbo:0934	spot	similar	high	0.9
H4556	hbo:4556	rash	H5597	hbo:5597	flaking.skin	similar	prior	0.6
H4556	hbo:4556	rash	H5596	hbo:5596	attach	similar	prior	0.5
H4556	hbo:4556	rash	H4555	hbo:4555	veils	similar	prior	0.5
H4557	hbo:4557	number	H5615	hbo:5615	numbers	similar	prior	0.6
H4557	hbo:4557	number	H4487	hbo:4487	count	similar	high	0.597
H4557	hbo:4557	number	H4662	hbo:4662	of.the.muster	similar	prior	0.5
H4557	hbo:4557	number	H6486	hbo:6486	their.punishment	similar	prior	0.5
H4561	hbo:4561	discipline	H4148	hbo:4148	discipline	similar	prior	0.6
H4561	hbo:4561	discipline	H3256	hbo:3256	discipline	similar	prior	0.6
H4562	hbo:4562	the.bond	H0615	hbo:0615	prisoners	similar	prior	0.5
H4562	hbo:4562	the.bond	H4147	hbo:4147a	fetters	similar	prior	0.5
H4564	hbo:4564	a.hiding	H5641	hbo:5641	hide	similar	prior	0.5
H4564	hbo:4564	a.hiding	H4563	hbo:4563	shelter	similar	prior	0.5
H4564	hbo:4564	a.hiding	H4565	hbo:4565	places	similar	prior	0.5
H4565	hbo:4565	places	H5643	hbo:5643	secrecy	similar	high	0.844
H4565	hbo:4565	places	H4224	hbo:4224a	places	similar	prior	0.5
H4565	hbo:4565	places	H4563	hbo:4563	shelter	similar	prior	0.5
H4567	hbo:4567	deeds	H5673	hbo:5673	the	similar	prior	0.5
H4567	hbo:4567	deeds	H5648	hbo:5648	let.it.be.done	similar	prior	0.5
H4567	hbo:4567	deeds	H5649	hbo:5649	servants	similar	prior	0.5
H4568	hbo:4568	the.thickness	H5666	hbo:5666	it.is.thick	similar	prior	0.5
H4568	hbo:4568	the.thickness	H5672	hbo:5672	thickness	similar	prior	0.5
H4569	hbo:4569	the.pass	H5674	hbo:5674	pass.over	similar	high	0.681
H4569	hbo:4569a	the.fords	H5674	hbo:5674	pass.over	similar	high	0.763
H4569	hbo:4569a	the.fords	H4570	hbo:4570	camp	similar	prior	0.5
H4570	hbo:4570	camp	H7635	hbo:7635	paths	similar	prior	0.5
H4570	hbo:4570a	tracks	H0734	hbo:0734	path	similar	high	0.926
H4570	hbo:4570a	tracks	H5410	hbo:5410	paths	similar	high	0.828
H4570	hbo:4570a	tracks	H1870	hbo:1870	way	similar	prior	0.5
H4570	hbo:4570a	tracks	H7635	hbo:7635	paths	similar	prior	0.5
H4570	hbo:4570a	tracks	H5695	hbo:5695	calves	similar	prior	0.5
H4570	hbo:4570a	tracks	H5696	hbo:5696	round	similar	prior	0.5
H4570	hbo:4570a	tracks	H5694	hbo:5694	earrings	similar	prior	0.5
H4571	hbo:4571	they.slip	H4131	hbo:4131	it.will.be.shaken	similar	high	0.637
H4571	hbo:4571	they.slip	H3782	hbo:3782	they.will.stumble	similar	prior	0.5
H4571	hbo:4571	they.slip	H5307	hbo:5307	they.will.fall	similar	prior	0.5
H4574	hbo:4574	delicacies	H5719	hbo:5719	Adino	similar	prior	0.5
H4574	hbo:4574	delicacies	H5727	hbo:5727	they.luxuriated	similar	prior	0.5
H4574	hbo:4574	delicacies	H5730	hbo:5730	luxuries	similar	prior	0.5
H4575	hbo:4575	the.bonds	H6029	hbo:6029	I	similar	prior	0.5
H4576	hbo:4576	hoe	H5737	hbo:5737a	they.allowed.to.be.missing	similar	prior	0.5
H4578	hbo:4578	parts	H0990	hbo:0990	belly	similar	high	0.958
H4578	hbo:4578	parts	H4577	hbo:4577	belli(es)	similar	prior	0.6
H4578	hbo:4578	parts	H7130	hbo:7130	midst	similar	prior	0.5
H4578	hbo:4578	parts	H4579	hbo:4579	grains	similar	prior	0.5
H4580	hbo:4580	food	H5692	hbo:5692	a.bread.cake	similar	prior	0.6
H4580	hbo:4580	food	H5746	hbo:5746	you	similar	prior	0.5
H4581	hbo:4581	stronghold	H5797	hbo:5797	strength	similar	high	0.86
H4581	hbo:4581	stronghold	H4268	hbo:4268	refuge	similar	high	0.847
H4581	hbo:4581	stronghold	H4869	hbo:4869	refuge	similar	high	0.808
H4581	hbo:4581	stronghold	H6697	hbo:6697	rock	similar	high	0.785
H4581	hbo:4581	stronghold	H1447	hbo:1447	a.wall	similar	prior	0.5
H4581	hbo:4581	stronghold	H2622	hbo:2622	refuge	similar	prior	0.5
H4581	hbo:4581	stronghold	H4679	hbo:4679	strongholds	similar	prior	0.5
H4581	hbo:4581	stronghold	H4686	hbo:4686a	stronghold	similar	prior	0.5
H4581	hbo:4581	stronghold	H5756	hbo:5756	bring.to.safety	similar	prior	0.5
H4583	hbo:4583	a.habitation	H5116	hbo:5116	habitation	similar	high	0.69
H4583	hbo:4583	a.habitation	H4585	hbo:4585	dens	similar	prior	0.5
H4583	hbo:4583	a.habitation	H6030	hbo:6030	he.answered	similar	prior	0.5
H4585	hbo:4585	dens	H4583	hbo:4583	a.habitation	similar	prior	0.6
H4585	hbo:4585	dens	H5116	hbo:5116	habitation	similar	prior	0.5
H4585	hbo:4585	dens	H5520	hbo:5520	lair	similar	prior	0.5
H4588	hbo:4588	gloom	H5774	hbo:5774	flying	similar	prior	0.5
H4588	hbo:4588	gloom	H5890	hbo:5890	darkness	similar	prior	0.5
H4589	hbo:4589	nakedness(es)	H5783	hbo:5783	it.is.made.bare	similar	prior	0.5
H4589	hbo:4589	nakedness(es)	H5903	hbo:5903	nakedness	similar	prior	0.5
H4591	hbo:4591	who].made.little	H7235	hbo:7235	multiply	antonym	recall	0.624
H4591	hbo:4591	who].made.little	H2637	hbo:2637	it.will.be.lacking	similar	high	0.602
H4591	hbo:4591	who].made.little	H1639	hbo:1639	it.will.be.withdrawn	similar	high	0.463
H4592	hbo:4592	a.little	H4213	hbo:4213	of.a.little	similar	high	0.833
H4592	hbo:4592	a.little	H2192	hbo:2192	small	similar	prior	0.6
H4592	hbo:4592	a.little	H4705	hbo:4705	a.small.number	similar	high	0.571
H4592	hbo:4592	a.little	H7227	hbo:7227	many	antonym	recall	0.501
H4592	hbo:4592	a.little	H6996	hbo:6996	small	similar	prior	0.5
H4594	hbo:4594	a.mantle	H5844	hbo:5844	you.must.cover	similar	prior	0.5
H4595	hbo:4595	over-tunics	H5848	hbo:5848a	was.feeble	similar	prior	0.5
H4596	hbo:4596	a.ruin	H5773	hbo:5773	of.confusion(s)	similar	prior	0.5
H4596	hbo:4596	a.ruin	H5753	hbo:5753	we.have.done.wrong	similar	prior	0.5
H4598	hbo:4598	the.robe	H0899	hbo:0899	garments	similar	high	0.873
H4598	hbo:4598	the.robe	H3801	hbo:3801	tunics	similar	high	0.84
H4599	hbo:4599	a.spring	H1295	hbo:1295	the.pool	similar	prior	0.5
H4599	hbo:4599	a.spring	H5869	hbo:5869	eyes	similar	prior	0.5
H4602	hbo:4602	Maacathite[s]	H1651	hbo:1651	Geshurite[s]	similar	high	0.968
H4603	hbo:4603	they.acted.unfaithfully	H6586	hbo:6586	they.have.rebelled	similar	high	0.783
H4603	hbo:4603	they.acted.unfaithfully	H2181	hbo:2181	you.acted.as.a.prostitute	similar	prior	0.5
H4603	hbo:4603	they.acted.unfaithfully	H4598	hbo:4598	the.robe	similar	prior	0.5
H4604	hbo:4604	unfaithfulness	H4598	hbo:4598	the.robe	similar	prior	0.5
H4606	hbo:4606	the.goings.in	H5954	hbo:5954	he.went.in	similar	prior	0.5
H4608	hbo:4608	the.ascent	H5927	hbo:5927	he.went.up	similar	high	0.886
H4608	hbo:4608	the.ascent	H4609	hbo:4609	steps	similar	high	0.801
H4608	hbo:4608	the.ascent	H5930	hbo:5930	a.burnt.offering	similar	prior	0.6
H4608	hbo:4608	the.ascent	H5946	hbo:5946	of.the.Most.High	similar	prior	0.6
H4608	hbo:4608	the.ascent	H5945	hbo:5945	upper	similar	prior	0.6
H4608	hbo:4608	the.ascent	H5942	hbo:5942	upper	similar	prior	0.5
H4608	hbo:4608	the.ascent	H5920	hbo:5920	above	similar	prior	0.5
H4608	hbo:4608	the.ascent	H5945	hbo:5945a	the.Most.High	similar	prior	0.5
H4608	hbo:4608	the.ascent	H5929	hbo:5929	leafage	similar	prior	0.5
H4608	hbo:4608	the.ascent	H5940	hbo:5940	pestle	similar	prior	0.5
H4608	hbo:4608	the.ascent	H4607	hbo:4607	the.raising	similar	prior	0.5
H4608	hbo:4608	the.ascent	H8585	hbo:8585	trench	similar	prior	0.5
H4609	hbo:4609	steps	H4608	hbo:4608	the.ascent	similar	high	0.801
H4609	hbo:4609	steps	H5942	hbo:5942	upper	similar	prior	0.5
H4609	hbo:4609	steps	H5944	hbo:5944	his.upper	similar	prior	0.5
H4609	hbo:4609	steps	H5930	hbo:5930	a.burnt.offering	similar	prior	0.5
H4609	hbo:4609	steps	H4607	hbo:4607	the.raising	similar	prior	0.5
H4611	hbo:4611	deeds	H5949	hbo:5949	deeds	similar	high	0.921
H4611	hbo:4611	deeds	H1870	hbo:1870	way	similar	prior	0.5
H4611	hbo:4611	deeds	H5953	hbo:5953	they.will.deal.wantonly	similar	prior	0.5
H4611	hbo:4611	deeds	H5950	hbo:5950	deed[s]	similar	prior	0.5
H4612	hbo:4612	position	H6486	hbo:6486	their.punishment	similar	prior	0.5
H4613	hbo:4613	a.foothold	H4612	hbo:4612	position	similar	prior	0.5
H4614	hbo:4614	of.burden	H6006	hbo:6006	he.loaded	similar	prior	0.5
H4615	hbo:4615	depths	H4688	hbo:4688	depths	similar	high	0.946
H4618	hbo:4618	of.a.furrow	H6045	hbo:6045	business	similar	prior	0.5
H4620	hbo:4620	pain	H6090	hbo:6090a	pain	similar	prior	0.5
H4620	hbo:4620	pain	H6087	hbo:6087a	be.grieved	similar	prior	0.5
H4620	hbo:4620	pain	H6093	hbo:6093	pain	similar	prior	0.5
H4622	hbo:4622	limitation	H4623	hbo:4623	control	similar	prior	0.6
H4622	hbo:4622	limitation	H6114	hbo:6114	oppression	similar	prior	0.5
H4623	hbo:4623	control	H6114	hbo:6114	oppression	similar	prior	0.5
H4623	hbo:4623	control	H6113	hbo:6113	shut.up	similar	prior	0.5
H4623	hbo:4623	control	H4622	hbo:4622	limitation	similar	prior	0.5
H4625	hbo:4625	rough.places	H6143	hbo:6143	crookedness	similar	prior	0.5
H4625	hbo:4625	rough.places	H6140	hbo:6140	they.have.made.crooked	similar	prior	0.5
H4626	hbo:4626	to.the.clear.space	H6172	hbo:6172	the.nakedness	similar	prior	0.5
H4626	hbo:4626	to.the.clear.space	H8593	hbo:8593	sheath	similar	prior	0.5
H4626	hbo:4626	to.the.clear.space	H6168	hbo:6168	he.will.lay.bare	similar	prior	0.5
H4626	hbo:4626	to.the.clear.space	H4629	hbo:4629	the.open.place	similar	prior	0.5
H4626	hbo:4626	to.the.clear.space	H6181	hbo:6181	bareness	similar	prior	0.5
H4627	hbo:4627	merchandise	H7404	hbo:7404	your.trade	similar	high	0.635
H4627	hbo:4627	merchandise	H8594	hbo:8594	the.pledges	similar	prior	0.5
H4628	hbo:4628	west	H4217	hbo:4217	eastward	antonym	recall	0.764
H4628	hbo:4628	west	H3220	hbo:3220	sea	similar	prior	0.5
H4628	hbo:4628	west	H6150	hbo:6150	doing.in.the.evening	similar	prior	0.5
H4629	hbo:4629	the.open.place	H6181	hbo:6181	bareness	similar	prior	0.5
H4629	hbo:4629	the.open.place	H8593	hbo:8593	sheath	similar	prior	0.5
H4629	hbo:4629	the.open.place	H6168	hbo:6168	he.will.lay.bare	similar	prior	0.5
H4631	hbo:4631	cave	H6877	hbo:6877	chamber	similar	prior	0.5
H4631	hbo:4631	cave	H2356	hbo:2356	holes	similar	prior	0.5
H4631	hbo:4631	cave	H5585	hbo:5585a	the.clefts	similar	prior	0.5
H4633	hbo:4633	[the].plans	H6186	hbo:6186	they.deployed	similar	prior	0.5
H4633	hbo:4633	[the].plans	H6187	hbo:6187	valuation	similar	prior	0.5
H4633	hbo:4633	[the].plans	H4634	hbo:4634	line	similar	prior	0.5
H4633	hbo:4633	[the].plans	H4635	hbo:4635	the.row	similar	prior	0.5
H4634	hbo:4634	line	H4421	hbo:4421	battle	similar	high	0.728
H4635	hbo:4635	the.row	H7979	hbo:7979	table	similar	high	0.787
H4635	hbo:4635	the.row	H7896	hbo:7896	I	similar	prior	0.5
H4635	hbo:4635	the.row	H3899	hbo:3899	food	similar	prior	0.5
H4635	hbo:4635	the.row	H6187	hbo:6187	valuation	similar	prior	0.5
H4635	hbo:4635	the.row	H4634	hbo:4634	line	similar	prior	0.5
H4635	hbo:4635	the.row	H6186	hbo:6186	they.deployed	similar	prior	0.5
H4636	hbo:4636	people	H4589	hbo:4589	nakedness(es)	similar	prior	0.5
H4636	hbo:4636	people	H6174	hbo:6174	naked	similar	prior	0.5
H4636	hbo:4636	people	H5903	hbo:5903	nakedness	similar	prior	0.5
H4636	hbo:4636	people	H5783	hbo:5783	it.is.made.bare	similar	prior	0.5
H4637	hbo:4637	a.crash	H6184	hbo:6184	of.ruthless.[people]	similar	prior	0.5
H4639	hbo:4639	the.work	H4399	hbo:4399	work	similar	high	0.8
H4639	hbo:4639	the.work	H6467	hbo:6467	work	similar	high	0.758
H4639	hbo:4639	the.work	H4749	hbo:4749	hammered.work	similar	high	0.676
H4639	hbo:4639	the.work	H6468	hbo:6468	wage[s]	similar	high	0.65
H4639	hbo:4639	the.work	H5949	hbo:5949	deeds	similar	prior	0.5
H4639	hbo:4639	the.work	H5656	hbo:5656	service	similar	prior	0.5
H4639	hbo:4639	the.work	H6045	hbo:6045	business	similar	prior	0.5
H4639	hbo:4639	the.work	H7806	hbo:7806	twisted	similar	prior	0.5
H4639	hbo:4639	the.work	H6466	hbo:6466	[those.who].do	similar	prior	0.5
H4639	hbo:4639	the.work	H7553	hbo:7553	multicolored.material	similar	prior	0.5
H4639	hbo:4639	the.work	H4611	hbo:4611	deeds	similar	prior	0.5
H4639	hbo:4639	the.work	H2790	hbo:2790	it.will.be.plowed	similar	prior	0.5
H4642	hbo:4642	of.extortion(s)	H6216	hbo:6216	of.an.oppressor	similar	prior	0.5
H4642	hbo:4642	of.extortion(s)	H6217	hbo:6217	oppression(s)	similar	prior	0.5
H4642	hbo:4642	of.extortion(s)	H6231	hbo:6231	oppress	similar	prior	0.5
H4642	hbo:4642	of.extortion(s)	H6233	hbo:6233	oppression	similar	prior	0.5
H4643	hbo:4643	the.tithe	H6237	hbo:6237	he.will.take.a.tithe	similar	high	1.0
H4643	hbo:4643	the.tithe	H8641	hbo:8641	the.contribution	similar	high	0.913
H4643	hbo:4643	the.tithe	H1061	hbo:1061	the.first-fruits	similar	high	0.686
H4643	hbo:4643	the.tithe	H6453	hbo:6453	passover	similar	prior	0.5
H4646	hbo:4646	[will.be].a.gasp	H5301	hbo:5301	blow	similar	prior	0.6
H4646	hbo:4646	[will.be].a.gasp	H4647	hbo:4647	[the].bellow[s]	similar	prior	0.6
H4646	hbo:4646	[will.be].a.gasp	H8598	hbo:8598	apples	similar	prior	0.5
H4647	hbo:4647	[the].bellow[s]	H5301	hbo:5301	blow	similar	prior	0.5
H4647	hbo:4647	[the].bellow[s]	H8598	hbo:8598	apples	similar	prior	0.5
H4650	hbo:4650	a.war-club	H8600	hbo:8600	dispersions	similar	prior	0.5
H4650	hbo:4650	a.war-club	H6327	hbo:6327	they.were.scattered	similar	prior	0.5
H4651	hbo:4651	refuse	H5307	hbo:5307	they.will.fall	similar	prior	0.5
H4651	hbo:4651	refuse	H4658	hbo:4658	your.downfall	similar	prior	0.5
H4651	hbo:4651	refuse	H5309	hbo:5309	a.miscarriage	similar	prior	0.5
H4652	hbo:4652	[the].wondrous.works	H6382	hbo:6382	wonder[s]	similar	prior	0.6
H4652	hbo:4652	[the].wondrous.works	H6381	hbo:6381	wonders	similar	prior	0.6
H4652	hbo:4652	[the].wondrous.works	H6383	hbo:6383	[is].incomprehensible	similar	prior	0.5
H4653	hbo:4653	divisions	H4256	hbo:4256	division	similar	prior	0.5
H4653	hbo:4653	divisions	H6385	hbo:6385	it.was.divided	similar	prior	0.5
H4653	hbo:4653	divisions	H6388	hbo:6388	streams	similar	prior	0.5
H4653	hbo:4653	divisions	H6390	hbo:6390	the.divisions	similar	prior	0.5
H4655	hbo:4655	a.place.of.escape	H6403	hbo:6403	deliverer	similar	prior	0.5
H4655	hbo:4655	a.place.of.escape	H6413	hbo:6413	an.escaped.remnant	similar	prior	0.5
H4655	hbo:4655	a.place.of.escape	H6412	hbo:6412	an.escapee	similar	prior	0.5
H4656	hbo:4656	an.abominable.image	H8251	hbo:8251	things	similar	high	0.531
H4656	hbo:4656	an.abominable.image	H6427	hbo:6427	shuddering	similar	prior	0.5
H4658	hbo:4658	your.downfall	H8074	hbo:8074	he.will.be.appalled	similar	prior	0.5
H4658	hbo:4658	your.downfall	H6365	hbo:6365	disaster	similar	prior	0.5
H4659	hbo:4659	his.works	H6466	hbo:6466	[those.who].do	similar	prior	0.6
H4660	hbo:4660	his.shattering	H4661	hbo:4661	[are].a.war-club	similar	prior	0.5
H4660	hbo:4660	his.shattering	H5311	hbo:5311	a.driving.storm	similar	prior	0.5
H4662	hbo:4662	of.the.muster	H6488	hbo:6488	of.[the].guard	similar	prior	0.5
H4663	hbo:4663	the.muster	H6490	hbo:6490	precepts	similar	prior	0.5
H4663	hbo:4663	the.muster	H4662	hbo:4662	of.the.muster	similar	prior	0.5
H4663	hbo:4663	the.muster	H6488	hbo:6488	of.[the].guard	similar	prior	0.5
H4663	hbo:4663	the.muster	H6486	hbo:6486	their.punishment	similar	prior	0.5
H4663	hbo:4663	the.muster	H6485	hbo:6485	their.enrolled	similar	prior	0.5
H4663	hbo:4663	the.muster	H6487	hbo:6487	deposit	similar	prior	0.5
H4663	hbo:4663	the.muster	H6496	hbo:6496	overseers	similar	prior	0.5
H4665	hbo:4665	neck	H6677	hbo:6677	neck	similar	prior	0.5
H4667	hbo:4667	buttock[s]	H6585	hbo:6585	I.will.march	similar	prior	0.5
H4667	hbo:4667	buttock[s]	H6587	hbo:6587	a.step	similar	prior	0.5
H4668	hbo:4668	key	H6605	hbo:6605a	you.will.engrave	similar	prior	0.5
H4668	hbo:4668	key	H6607	hbo:6607	the.entrance	similar	prior	0.5
H4668	hbo:4668	key	H6609	hbo:6609	[were].drawn.swords	similar	prior	0.5
H4668	hbo:4668	key	H4669	hbo:4669	the.opening	similar	prior	0.5
H4668	hbo:4668	key	H6608	hbo:6608	the.opening	similar	prior	0.5
H4668	hbo:4668	key	H6605	hbo:6605	open	similar	prior	0.5
H4668	hbo:4668	key	H6610	hbo:6610	an.opening	similar	prior	0.5
H4669	hbo:4669	the.opening	H6607	hbo:6607	the.entrance	similar	prior	0.5
H4669	hbo:4669	the.opening	H6605	hbo:6605	open	similar	prior	0.5
H4669	hbo:4669	the.opening	H6610	hbo:6610	an.opening	similar	prior	0.5
H4670	hbo:4670	the.threshold	H0624	hbo:0624	the.store(s)	similar	prior	0.5
H4671	hbo:4671	chaff	H7179	hbo:7179	chaff	similar	high	0.716
H4671	hbo:4671	chaff	H8401	hbo:8401	straw	similar	prior	0.5
H4672	hbo:4672	I.have.found	H1245	hbo:1245	seek	similar	high	0.743
H4673	hbo:4673	the.garrison	H3320	hbo:3320	take.your.stand	similar	prior	0.6
H4673	hbo:4673	the.garrison	H4929	hbo:4929	guard	similar	prior	0.5
H4673	hbo:4673	the.garrison	H5333	hbo:5333	garrisons	similar	prior	0.5
H4673	hbo:4673	the.garrison	H1416	hbo:1416	band	similar	prior	0.5
H4673	hbo:4673	the.garrison	H4674	hbo:4674	siege-works	similar	prior	0.5
H4674	hbo:4674	siege-works	H4673	hbo:4673	the.garrison	similar	prior	0.5
H4676	hbo:4676	a.pillar	H1116	hbo:1116	places	similar	high	0.668
H4676	hbo:4676	a.pillar	H2553	hbo:2553	altars	similar	prior	0.5
H4676	hbo:4676	a.pillar	H4678	hbo:4678	a.pillar	similar	prior	0.5
H4676	hbo:4676	a.pillar	H4673	hbo:4673	the.garrison	similar	prior	0.5
H4676	hbo:4676	a.pillar	H5324	hbo:5324	[was].standing	similar	prior	0.5
H4676	hbo:4676	a.pillar	H5333	hbo:5333	garrisons	similar	prior	0.5
H4676	hbo:4676	a.pillar	H4674	hbo:4674	siege-works	similar	prior	0.5
H4678	hbo:4678	a.pillar	H5333	hbo:5333	garrisons	similar	prior	0.5
H4678	hbo:4678	a.pillar	H5324	hbo:5324	[was].standing	similar	prior	0.5
H4678	hbo:4678	a.pillar	H4673	hbo:4673	the.garrison	similar	prior	0.5
H4678	hbo:4678	a.pillar	H4674	hbo:4674	siege-works	similar	prior	0.5
H4678	hbo:4678	a.pillar	H4676	hbo:4676	a.pillar	similar	prior	0.5
H4679	hbo:4679	strongholds	H4686	hbo:4686a	stronghold	similar	high	0.719
H4679	hbo:4679	strongholds	H6877	hbo:6877	chamber	similar	prior	0.5
H4679	hbo:4679	strongholds	H6679	hbo:6679	hunt	similar	prior	0.5
H4679	hbo:4679	strongholds	H6719	hbo:6719	hunters	similar	prior	0.5
H4682	hbo:4682	unleavened.bread(s)	H2471	hbo:2471	a.cake	similar	high	0.915
H4682	hbo:4682	unleavened.bread(s)	H7550	hbo:7550	wafers	similar	high	0.861
H4682	hbo:4682	unleavened.bread(s)	H2557	hbo:2557	leaven	antonym	recall	0.696
H4683	hbo:4683	contention	H4066	hbo:4066	strife	similar	high	0.614
H4683	hbo:4683	contention	H1566	hbo:1566	he.breaks.out	similar	prior	0.5
H4683	hbo:4683	contention	H7379	hbo:7379	case	similar	prior	0.5
H4684	hbo:4684	of.the.neighings	H6670	hbo:6670	cry.aloud	similar	prior	0.5
H4685	hbo:4685	[is].snares	H4679	hbo:4679	strongholds	similar	prior	0.6
H4685	hbo:4685	[is].snares	H4692	hbo:4692a	of.fortification	similar	prior	0.5
H4685	hbo:4685	[is].snares	H4692	hbo:4692	siege	similar	prior	0.5
H4685	hbo:4685	[is].snares	H4365	hbo:4365	his.fishing	similar	prior	0.5
H4685	hbo:4685	[is].snares	H6341	hbo:6341	snare	similar	prior	0.5
H4685	hbo:4685	[is].snares	H6718	hbo:6718	hunted.game	similar	prior	0.5
H4685	hbo:4685	[is].snares	H6719	hbo:6719	hunters	similar	prior	0.5
H4685	hbo:4685	[is].snares	H4686	hbo:4686a	stronghold	similar	prior	0.5
H4685	hbo:4685	[is].snares	H6679	hbo:6679	hunt	similar	prior	0.5
H4686	hbo:4686a	stronghold	H4679	hbo:4679	strongholds	similar	high	0.719
H4686	hbo:4686a	stronghold	H6679	hbo:6679	hunt	similar	prior	0.5
H4686	hbo:4686a	stronghold	H6719	hbo:6719	hunters	similar	prior	0.5
H4686	hbo:4686a	stronghold	H6718	hbo:6718	hunted.game	similar	prior	0.5
H4687	hbo:4687	commandments	H2706	hbo:2706	statutes	similar	high	1.0
H4687	hbo:4687	commandments	H6680	hbo:6680	he.had.commanded	similar	high	1.0
H4687	hbo:4687	commandments	H8451	hbo:8451	law	similar	high	0.965
H4687	hbo:4687	commandments	H2708	hbo:2708	statutes	similar	high	0.887
H4687	hbo:4687	commandments	H5715	hbo:5715	testimonies	similar	high	0.693
H4687	hbo:4687	commandments	H5713	hbo:5713	witness	similar	prior	0.5
H4688	hbo:4688	depths	H4615	hbo:4615	depths	similar	high	0.946
H4688	hbo:4688	depths	H8415	hbo:8415	the.deep	similar	high	0.748
H4688	hbo:4688	depths	H4278	hbo:4278	[the].depths	similar	prior	0.5
H4688	hbo:4688	depths	H6683	hbo:6683	ocean-deep	similar	prior	0.5
H4689	hbo:4689	distress	H4691	hbo:4691	troubles	similar	high	0.696
H4689	hbo:4689	distress	H4164	hbo:4164	constraint	similar	prior	0.5
H4691	hbo:4691	troubles	H6862	hbo:6862	distress	similar	high	0.831
H4691	hbo:4691	troubles	H4689	hbo:4689	distress	similar	high	0.696
H4691	hbo:4691	troubles	H6862	hbo:6862a	foes	similar	high	0.69
H4691	hbo:4691	troubles	H6869	hbo:6869	trouble	similar	high	0.629
H4691	hbo:4691	troubles	H6887	hbo:6887	it.is.distress	similar	high	0.605
H4691	hbo:4691	troubles	H6365	hbo:6365	disaster	similar	prior	0.5
H4691	hbo:4691	troubles	H1942	hbo:1942a	destruction(s)	similar	prior	0.5
H4692	hbo:4692	siege	H6696	hbo:6696	they.laid.siege	similar	high	0.957
H4692	hbo:4692	siege	H4013	hbo:4013	of.fortification	similar	high	0.7
H4692	hbo:4692	siege	H6887	hbo:6887	it.is.distress	similar	prior	0.6
H4692	hbo:4692	siege	H4026	hbo:4026	towers	similar	prior	0.5
H4692	hbo:4692a	of.fortification	H4013	hbo:4013	of.fortification	similar	high	0.824
H4692	hbo:4692a	of.fortification	H4694	hbo:4694	fortifications	similar	high	0.647
H4692	hbo:4692a	of.fortification	H5341	hbo:5341	keep	similar	prior	0.6
H4692	hbo:4692a	of.fortification	H2426	hbo:2426	rampart	similar	prior	0.5
H4694	hbo:4694	fortifications	H4692	hbo:4692	siege	similar	high	0.816
H4694	hbo:4694	fortifications	H4013	hbo:4013	of.fortification	similar	high	0.658
H4694	hbo:4694	fortifications	H2426	hbo:2426	rampart	similar	prior	0.5
H4694	hbo:4694	fortifications	H4026	hbo:4026	towers	similar	prior	0.5
H4694	hbo:4694	fortifications	H6887	hbo:6887	it.is.distress	similar	prior	0.5
H4695	hbo:4695	your.strife	H4683	hbo:4683	contention	similar	prior	0.5
H4696	hbo:4696	forehead	H7218	hbo:7218	head	similar	prior	0.5
H4697	hbo:4697	leg.armor	H4696	hbo:4696	forehead	similar	prior	0.5
H4698	hbo:4698	the.bells	H4700	hbo:4700	cymbals	similar	prior	0.5
H4698	hbo:4698	the.bells	H6767	hbo:6767c	cymbals	similar	prior	0.5
H4698	hbo:4698	the.bells	H6750	hbo:6750	they.will.tingle	similar	prior	0.5
H4700	hbo:4700	cymbals	H5035	hbo:5035a	lyres	similar	high	1.0
H4700	hbo:4700	cymbals	H2689	hbo:2689	trumpets	similar	high	0.942
H4700	hbo:4700	cymbals	H3658	hbo:3658	harps	similar	high	0.927
H4700	hbo:4700	cymbals	H8596	hbo:8596	tambourines	similar	high	0.857
H4700	hbo:4700	cymbals	H6750	hbo:6750	they.will.tingle	similar	prior	0.5
H4701	hbo:4701	turban	H4021	hbo:4021	headdresses	similar	high	0.789
H4701	hbo:4701	turban	H5850	hbo:5850	the.crown	similar	prior	0.5
H4701	hbo:4701	turban	H6801	hbo:6801	tightly.(wind.up)	similar	prior	0.5
H4702	hbo:4702	bed	H3331	hbo:3331	it.was.spread.as.a.bed	similar	prior	0.5
H4702	hbo:4702	bed	H3326	hbo:3326	beds	similar	prior	0.5
H4703	hbo:4703	[the].steps	H6806	hbo:6806	steps	similar	high	0.848
H4703	hbo:4703	[the].steps	H6807	hbo:6807	marching	similar	prior	0.5
H4705	hbo:4705	a.small.number	H4592	hbo:4592	a.little	similar	high	0.571
H4705	hbo:4705	a.small.number	H6996	hbo:6996a	small	similar	prior	0.5
H4707	hbo:4707	watchtower	H6822	hbo:6822	watchman	similar	prior	0.6
H4710	hbo:4710	treasures	H8587	hbo:8587	[the].secrets	similar	prior	0.5
H4712	hbo:4712	places	H6869	hbo:6869	trouble	similar	high	0.628
H4712	hbo:4712	places	H6862	hbo:6862	distress	similar	prior	0.5
H4712	hbo:4712	places	H4164	hbo:4164	constraint	similar	prior	0.5
H4712	hbo:4712	places	H4689	hbo:4689	distress	similar	prior	0.5
H4712	hbo:4712	places	H6872	hbo:6872	the.bag	similar	prior	0.5
H4712	hbo:4712	places	H6887	hbo:6887	it.is.distress	similar	prior	0.5
H4712	hbo:4712	places	H4800	hbo:4800	place	antonym	recall	0.467
H4715	hbo:4715	a.crucible	H6884	hbo:6884	[is].refined	similar	prior	0.6
H4715	hbo:4715	a.crucible	H3564	hbo:3564	of.a.furnace	similar	prior	0.5
H4716	hbo:4716	rottenness	H4743	hbo:4743	they.will.rot.away	similar	prior	0.6
H4716	hbo:4716	rottenness	H7538	hbo:7538	rottenness	similar	prior	0.5
H4718	hbo:4718	[the].excavation	H4717	hbo:4717	hammers	similar	prior	0.5
H4720	hbo:4720	sanctuary	H6944	hbo:6944	holiness	similar	high	1.0
H4720	hbo:4720	sanctuary	H1004	hbo:1004	the.house	similar	high	0.691
H4720	hbo:4720	sanctuary	H4908	hbo:4908	tabernacle	similar	high	0.675
H4720	hbo:4720	sanctuary	H4196	hbo:4196	altar	similar	high	0.662
H4720	hbo:4720	sanctuary	H5145	hbo:5145	his.consecration	similar	prior	0.6
H4720	hbo:4720	sanctuary	H1964	hbo:1964	the.temple	similar	prior	0.5
H4721	hbo:4721	assemblies	H6953	hbo:6953	Teacher	similar	prior	0.5
H4723	hbo:4723	hope	H8615	hbo:8615	hope	similar	prior	0.5
H4724	hbo:4724	a.reservoir	H6960	hbo:6960	wait	similar	prior	0.5
H4724	hbo:4724	a.reservoir	H4723	hbo:4723	hope	similar	prior	0.5
H4725	hbo:4725	place	H5977	hbo:5977	place	similar	prior	0.5
H4725	hbo:4725	place	H0776	hbo:0776	the.land	similar	prior	0.5
H4725	hbo:4725	place	H4583	hbo:4583	a.habitation	similar	prior	0.5
H4725	hbo:4725	place	H4349	hbo:4349	the.place	similar	prior	0.5
H4725	hbo:4725	place	H7012	hbo:7012	their.rising	similar	prior	0.5
H4725	hbo:4725	place	H6965	hbo:6965	he.arose	similar	prior	0.5
H4725	hbo:4725	place	H8618	hbo:8618	rebels	similar	prior	0.5
H4725	hbo:4725	place	H7054	hbo:7054	standing.grain	similar	prior	0.5
H4725	hbo:4725	place	H8617	hbo:8617	power.to.stand	similar	prior	0.5
H4726	hbo:4726	spring	H4599	hbo:4599	a.spring	similar	high	0.847
H4726	hbo:4726	spring	H1295	hbo:1295	the.pool	similar	prior	0.5
H4726	hbo:4726	spring	H0875	hbo:0875	a.well	similar	prior	0.5
H4726	hbo:4726	spring	H5520	hbo:5520	lair	similar	prior	0.5
H4726	hbo:4726	spring	H4002	hbo:4002	spring	similar	prior	0.5
H4727	hbo:4727	taking	H4457	hbo:4457	tongs	similar	prior	0.5
H4727	hbo:4727	taking	H4455	hbo:4455	booty	similar	prior	0.5
H4727	hbo:4727	taking	H3948	hbo:3948	teaching	similar	prior	0.5
H4727	hbo:4727	taking	H3947	hbo:3947	he.took	similar	prior	0.5
H4727	hbo:4727	taking	H4728	hbo:4728	wares	similar	prior	0.5
H4728	hbo:4728	wares	H4455	hbo:4455	booty	similar	prior	0.5
H4729	hbo:4729b	altars	H7008	hbo:7008	the.smoke	similar	prior	0.6
H4729	hbo:4729b	altars	H4730	hbo:4730	a.censer	similar	prior	0.6
H4731	hbo:4731	staff	H4294	hbo:4294	the.tribe	similar	prior	0.5
H4731	hbo:4731	staff	H7626	hbo:7626	the.tribes	similar	prior	0.5
H4731	hbo:4731	staff	H4938	hbo:4938a	staff	similar	prior	0.5
H4733	hbo:4733	refuge	H5892	hbo:5892	city	similar	high	0.74
H4733	hbo:4733	refuge	H4268	hbo:4268	refuge	similar	prior	0.5
H4733	hbo:4733	refuge	H1350	hbo:1350	redeemer	similar	prior	0.5
H4734	hbo:4734	carvings	H7049	hbo:7049a	he.carved	similar	high	1.0
H4735	hbo:4735	livestock	H6629	hbo:6629	sheep	similar	high	0.891
H4735	hbo:4735	livestock	H7399	hbo:7399	property	similar	high	0.83
H4735	hbo:4735	livestock	H4736	hbo:4736	the.purchase	similar	high	0.672
H4735	hbo:4735	livestock	H5233	hbo:5233	riches	similar	prior	0.5
H4736	hbo:4736	the.purchase	H7069	hbo:7069	acquire	similar	high	0.868
H4736	hbo:4736	the.purchase	H4465	hbo:4465	sold	antonym	recall	0.538
H4738	hbo:4738	divination	H7081	hbo:7081	divination	similar	prior	0.6
H4738	hbo:4738	divination	H7080	hbo:7080	diviners	similar	prior	0.6
H4738	hbo:4738	divination	H7822	hbo:7822	boil[s]	similar	prior	0.5
H4740	hbo:4740	buttress	H2106	hbo:2106	be].like.corners	similar	prior	0.5
H4740	hbo:4740	buttress	H6438	hbo:6438	the.corners	similar	prior	0.5
H4740	hbo:4740	buttress	H7106	hbo:7106a	the.corners	similar	prior	0.5
H4741	hbo:4741	tools	H7102	hbo:7102	cassia(s)	similar	prior	0.5
H4743	hbo:4743	they.will.rot.away	H4127	hbo:4127	it.melted	similar	prior	0.5
H4744	hbo:4744	a.convocation	H6116	hbo:6116	an.assembly	similar	high	0.836
H4744	hbo:4744	a.convocation	H4150	hbo:4150	of.meeting	similar	prior	0.5
H4745	hbo:4745	fate	H7136	hbo:7136a	make.beams.for	similar	prior	0.5
H4746	hbo:4746	rafter[s]	H4745	hbo:4745	fate	similar	prior	0.5
H4746	hbo:4746	rafter[s]	H7176	hbo:7176	of.[the].town	similar	prior	0.5
H4746	hbo:4746	rafter[s]	H7147	hbo:7147	contrariness	similar	prior	0.5
H4746	hbo:4746	rafter[s]	H7136	hbo:7136a	make.beams.for	similar	prior	0.5
H4746	hbo:4746	rafter[s]	H7136	hbo:7136	it	similar	prior	0.5
H4746	hbo:4746	rafter[s]	H7151	hbo:7151	a.town	similar	prior	0.5
H4747	hbo:4747	coolness	H7135	hbo:7135	coldness	similar	prior	0.5
H4747	hbo:4747	coolness	H7119	hbo:7119	cool	similar	prior	0.5
H4748	hbo:4748	well-set.hair	H4749	hbo:4749	hammered.work	similar	prior	0.5
H4750	hbo:4750	a.cucumber.field	H7180	hbo:7180	cucumbers	similar	prior	0.5
H4751	hbo:4751	bitter	H4843	hbo:4843	it.is.bitter	similar	high	0.895
H4751	hbo:4751	bitter	H4815	hbo:4815	bitter	similar	prior	0.6
H4751	hbo:4751	bitter	H8563	hbo:8563	of.bitterness(es)	similar	prior	0.6
H4751	hbo:4751	bitter	H4472	hbo:4472	bitter.things	similar	prior	0.6
H4751	hbo:4751	bitter	H4786	hbo:4786	bitterness	similar	prior	0.6
H4751	hbo:4751	bitter	H4966	hbo:4966	sweet	antonym	recall	0.574
H4751	hbo:4751	bitter	H4470	hbo:4470	bitterness	similar	prior	0.5
H4751	hbo:4751	bitter	H4844	hbo:4844	bitter.herbs	similar	prior	0.5
H4753	hbo:4753	myrrh	H7076	hbo:7076	cinnamon	similar	high	0.83
H4753	hbo:4753	myrrh	H1314	hbo:1314	spices	similar	high	0.806
H4753	hbo:4753	myrrh	H0174	hbo:0174	aloes	similar	high	0.792
H4753	hbo:4753	myrrh	H3828	hbo:3828	frankincense	similar	high	0.565
H4753	hbo:4753	myrrh	H5561	hbo:5561	the.perfume(s)	similar	high	0.539
H4753	hbo:4753	myrrh	H4845	hbo:4845	gall	similar	prior	0.5
H4753	hbo:4753	myrrh	H4844	hbo:4844	bitter.herbs	similar	prior	0.5
H4753	hbo:4753	myrrh	H4470	hbo:4470	bitterness	similar	prior	0.5
H4753	hbo:4753	myrrh	H4815	hbo:4815	bitter	similar	prior	0.5
H4753	hbo:4753	myrrh	H4846	hbo:4846	bitter	similar	prior	0.5
H4753	hbo:4753	myrrh	H4751	hbo:4751	bitter	similar	prior	0.5
H4753	hbo:4753	myrrh	H8563	hbo:8563	of.bitterness(es)	similar	prior	0.5
H4756	hbo:4756	lord	H0113	hbo:0113	lord	similar	prior	0.5
H4758	hbo:4758	appearance	H4759	hbo:4759	vision	similar	high	0.956
H4758	hbo:4758	appearance	H1823	hbo:1823	the.likeness	similar	high	0.78
H4758	hbo:4758	appearance	H8389	hbo:8389	of.form	similar	high	0.698
H4758	hbo:4758	appearance	H6754	hbo:6754	images	similar	prior	0.5
H4758	hbo:4758	appearance	H8388	hbo:8388	it.turns	similar	prior	0.5
H4758	hbo:4758	appearance	H2380	hbo:2380	of.conspicuousness	similar	prior	0.5
H4758	hbo:4758	appearance	H2472	hbo:2472	a.dream	similar	prior	0.5
H4758	hbo:4758	appearance	H7202	hbo:7202	see	similar	prior	0.5
H4758	hbo:4758	appearance	H7209	hbo:7209	a.mirror	similar	prior	0.5
H4758	hbo:4758	appearance	H7203	hbo:7203	seer	similar	prior	0.5
H4759	hbo:4759	vision	H4758	hbo:4758	appearance	similar	high	0.956
H4759	hbo:4759	vision	H2384	hbo:2384	visions	similar	prior	0.5
H4759	hbo:4759	vision	H4236	hbo:4236	a.vision	similar	prior	0.5
H4759	hbo:4759	vision	H2372	hbo:2372	he.saw	similar	prior	0.5
H4763	hbo:4763	place.of.his.head	H7218	hbo:7218	head	similar	prior	0.6
H4763	hbo:4763	place.of.his.head	H7225	hbo:7225	the.first	similar	prior	0.5
H4763	hbo:4763	place.of.his.head	H7221	hbo:7221	than	similar	prior	0.5
H4763	hbo:4763	place.of.his.head	H7223	hbo:7223	first	similar	prior	0.5
H4763	hbo:4763	place.of.his.head	H7222	hbo:7222	top	similar	prior	0.5
H4766	hbo:4766	the.increase	H4768	hbo:4768	part	similar	prior	0.6
H4766	hbo:4766	the.increase	H4767	hbo:4767	much	similar	prior	0.6
H4766	hbo:4766	the.increase	H8635	hbo:8635	a.brood	similar	prior	0.6
H4766	hbo:4766	the.increase	H7227	hbo:7227	many	similar	prior	0.6
H4766	hbo:4766	the.increase	H7227	hbo:7227a	[the].chief	similar	prior	0.6
H4766	hbo:4766	the.increase	H8636	hbo:8636	usury	similar	prior	0.5
H4766	hbo:4766	the.increase	H0697	hbo:0697	locust[s]	similar	prior	0.5
H4767	hbo:4767	much	H4768	hbo:4768	part	similar	prior	0.5
H4769	hbo:4769	a.resting.place	H7258	hbo:7258	place	similar	prior	0.5
H4769	hbo:4769	a.resting.place	H7257	hbo:7257	they.will.lie.down	similar	prior	0.5
H4770	hbo:4770	of.[the].stall	H5695	hbo:5695	calves	similar	high	0.672
H4770	hbo:4770	of.[the].stall	H0723	hbo:0723	stalls	similar	prior	0.5
H4770	hbo:4770	of.[the].stall	H4806	hbo:4806	fatling	similar	prior	0.5
H4771	hbo:4771	rest	H7282	hbo:7282	[the].quiet.[people]	similar	prior	0.6
H4773	hbo:4773	a.sling	H7277	hbo:7277	of.stones	similar	prior	0.5
H4774	hbo:4774	place.of.rest	H4771	hbo:4771	rest	similar	prior	0.5
H4774	hbo:4774	place.of.rest	H7280	hbo:7280	[who].stirs.up	similar	prior	0.5
H4775	hbo:4775	he.rebelled	H6586	hbo:6586	they.have.rebelled	similar	high	0.861
H4776	hbo:4776	rebellion	H4805	hbo:4805	rebellion	similar	prior	0.5
H4776	hbo:4776	rebellion	H4779	hbo:4779	(the)	similar	prior	0.5
H4777	hbo:4777	rebellion	H4780	hbo:4780	rebelliousness	similar	prior	0.5
H4777	hbo:4777	rebellion	H4775	hbo:4775	he.rebelled	similar	prior	0.5
H4780	hbo:4780	rebelliousness	H4775	hbo:4775	he.rebelled	similar	prior	0.5
H4784	hbo:4784	rebellious	H5627	hbo:5627a	rebellion	similar	high	0.775
H4784	hbo:4784	rebellious	H8085	hbo:8085	hear	antonym	recall	0.578
H4784	hbo:4784	rebellious	H6586	hbo:6586	they.have.rebelled	similar	prior	0.5
H4784	hbo:4784	rebellious	H4775	hbo:4775	he.rebelled	similar	prior	0.5
H4784	hbo:4784	rebellious	H7147	hbo:7147	contrariness	similar	prior	0.5
H4784	hbo:4784	rebellious	H5637	hbo:5637	stubborn	similar	prior	0.5
H4786	hbo:4786	bitterness	H4846	hbo:4846	bitter	similar	prior	0.5
H4786	hbo:4786	bitterness	H4753	hbo:4753	myrrh	similar	prior	0.5
H4786	hbo:4786	bitterness	H4787	hbo:4787	the.bitterness	similar	prior	0.5
H4786	hbo:4786	bitterness	H4470	hbo:4470	bitterness	similar	prior	0.5
H4786	hbo:4786	bitterness	H4843	hbo:4843	it.is.bitter	similar	prior	0.5
H4786	hbo:4786	bitterness	H8563	hbo:8563	of.bitterness(es)	similar	prior	0.5
H4786	hbo:4786	bitterness	H4844	hbo:4844	bitter.herbs	similar	prior	0.5
H4786	hbo:4786	bitterness	H4814	hbo:4814	bitterness	similar	prior	0.5
H4786	hbo:4786	bitterness	H4845	hbo:4845	gall	similar	prior	0.5
H4786	hbo:4786	bitterness	H4751	hbo:4751	bitter	similar	prior	0.5
H4786	hbo:4786	bitterness	H4815	hbo:4815	bitter	similar	prior	0.5
H4787	hbo:4787	the.bitterness	H8563	hbo:8563	of.bitterness(es)	similar	prior	0.6
H4787	hbo:4787	the.bitterness	H4846	hbo:4846	bitter	similar	prior	0.6
H4787	hbo:4787	the.bitterness	H4751	hbo:4751	bitter	similar	prior	0.6
H4787	hbo:4787	the.bitterness	H4815	hbo:4815	bitter	similar	prior	0.6
H4787	hbo:4787	the.bitterness	H4786	hbo:4786	bitterness	similar	prior	0.6
H4787	hbo:4787	the.bitterness	H4472	hbo:4472	bitter.things	similar	prior	0.6
H4787	hbo:4787	the.bitterness	H4843	hbo:4843	it.is.bitter	similar	prior	0.5
H4787	hbo:4787	the.bitterness	H4470	hbo:4470	bitterness	similar	prior	0.5
H4787	hbo:4787	the.bitterness	H4814	hbo:4814	bitterness	similar	prior	0.5
H4787	hbo:4787	the.bitterness	H4845	hbo:4845	gall	similar	prior	0.5
H4787	hbo:4787	the.bitterness	H4844	hbo:4844	bitter.herbs	similar	prior	0.5
H4787	hbo:4787	the.bitterness	H4753	hbo:4753	myrrh	similar	prior	0.5
H4788	hbo:4788	homeless.people	H6040	hbo:6040	affliction	similar	high	0.678
H4788	hbo:4788	homeless.people	H6041	hbo:6041	poor	similar	high	0.653
H4791	hbo:4791	a.high.place	H7311	hbo:7311	you.will.offer.up	similar	high	0.973
H4791	hbo:4791	a.high.place	H7312	hbo:7312	[the].haughtiness	similar	prior	0.6
H4791	hbo:4791	a.high.place	H5131	hbo:5131	of.height	similar	prior	0.6
H4791	hbo:4791	a.high.place	H4607	hbo:4607	the.raising	similar	prior	0.5
H4791	hbo:4791	a.high.place	H8641	hbo:8641	the.contribution	similar	prior	0.5
H4791	hbo:4791	a.high.place	H7427	hbo:7427	arising	similar	prior	0.5
H4791	hbo:4791	a.high.place	H8642	hbo:8642	a.contribution	similar	prior	0.5
H4791	hbo:4791	a.high.place	H7413	hbo:7413	place	similar	prior	0.5
H4791	hbo:4791	a.high.place	H7318	hbo:7318	exaltation	similar	prior	0.5
H4793	hbo:4793	race	H4794	hbo:4794	the.running	similar	prior	0.5
H4794	hbo:4794	the.running	H4793	hbo:4793	race	similar	prior	0.5
H4800	hbo:4800	place	H7342	hbo:7342	broad	similar	prior	0.5
H4800	hbo:4800	place	H7338	hbo:7338	a.broad.space	similar	prior	0.5
H4800	hbo:4800	place	H7339	hbo:7339	the.open.place	similar	prior	0.5
H4800	hbo:4800	place	H7341	hbo:7341	breadth	similar	prior	0.5
H4800	hbo:4800	place	H4712	hbo:4712	places	antonym	recall	0.467
H4801	hbo:4801	a.distance	H7350	hbo:7350	a.distance	similar	high	1.0
H4801	hbo:4801	a.distance	H7138	hbo:7138	near	antonym	recall	0.486
H4802	hbo:4802	of.a.baking.pan	H4227	hbo:4227	a.baking.tray	similar	prior	0.5
H4803	hbo:4803	[it.is].polished	H4593	hbo:4593a	[it.is].wrapped	similar	prior	0.5
H4805	hbo:4805	rebellion	H4784	hbo:4784	rebellious	similar	high	0.79
H4806	hbo:4806	fatling	H6510	hbo:6510	cows	similar	prior	0.5
H4806	hbo:4806	fatling	H4760	hbo:4760	craw	similar	prior	0.5
H4808	hbo:4808	strife	H3401	hbo:3401	opponent	similar	prior	0.5
H4808	hbo:4808	strife	H7379	hbo:7379	case	similar	prior	0.5
H4814	hbo:4814	bitterness	H4843	hbo:4843	it.is.bitter	similar	prior	0.5
H4814	hbo:4814	bitterness	H4470	hbo:4470	bitterness	similar	prior	0.5
H4814	hbo:4814	bitterness	H4846	hbo:4846	bitter	similar	prior	0.5
H4814	hbo:4814	bitterness	H4751	hbo:4751	bitter	similar	prior	0.5
H4814	hbo:4814	bitterness	H8563	hbo:8563	of.bitterness(es)	similar	prior	0.5
H4814	hbo:4814	bitterness	H4753	hbo:4753	myrrh	similar	prior	0.5
H4814	hbo:4814	bitterness	H4844	hbo:4844	bitter.herbs	similar	prior	0.5
H4814	hbo:4814	bitterness	H4845	hbo:4845	gall	similar	prior	0.5
H4814	hbo:4814	bitterness	H4815	hbo:4815	bitter	similar	prior	0.5
H4815	hbo:4815	bitter	H4786	hbo:4786	bitterness	similar	prior	0.6
H4815	hbo:4815	bitter	H4470	hbo:4470	bitterness	similar	prior	0.5
H4816	hbo:4816	despair	H7391	hbo:7391	gentleness	similar	prior	0.5
H4816	hbo:4816	despair	H7390	hbo:7390	weak	similar	prior	0.5
H4817	hbo:4817	chariotry	H7393	hbo:7393	chariotry	similar	high	0.946
H4817	hbo:4817	chariotry	H6571	hbo:6571	horsemen	similar	high	0.782
H4817	hbo:4817	chariotry	H7396	hbo:7396	riding	similar	prior	0.5
H4817	hbo:4817	chariotry	H7395	hbo:7395	charioteer	similar	prior	0.5
H4817	hbo:4817	chariotry	H7392	hbo:7392	rider	similar	prior	0.5
H4818	hbo:4818	chariot	H7393	hbo:7393	chariotry	similar	high	1.0
H4818	hbo:4818	chariot	H5483	hbo:5483	horses	similar	high	0.999
H4818	hbo:4818	chariot	H6571	hbo:6571	horsemen	similar	high	0.75
H4818	hbo:4818	chariot	H4817	hbo:4817	chariotry	similar	high	0.722
H4818	hbo:4818	chariot	H0212	hbo:0212	wheels	similar	high	0.597
H4820	hbo:4820	deceit	H7423	hbo:7423a	deceit	similar	high	1.0
H4820	hbo:4820	deceit	H8267	hbo:8267	falsehood	similar	high	0.843
H4820	hbo:4820	deceit	H3577	hbo:3577	falsehood	similar	high	0.819
H4820	hbo:4820	deceit	H6121	hbo:6121	tracked	similar	prior	0.5
H4820	hbo:4820	deceit	H3576	hbo:3576	I.will.lie	similar	prior	0.5
H4820	hbo:4820	deceit	H7411	hbo:7411a	have	similar	prior	0.5
H4823	hbo:4823	trampling.place	H7429	hbo:7429	it	similar	high	0.679
H4827	hbo:4827	be].to.evil	H7489	hbo:7489	it.was.displeasing	similar	prior	0.5
H4827	hbo:4827	be].to.evil	H7455	hbo:7455	the.wickedness	similar	prior	0.5
H4827	hbo:4827	be].to.evil	H7451	hbo:7451	evil	similar	prior	0.5
H4828	hbo:4828	friend	H7453	hbo:7453	neighbor	similar	high	0.924
H4828	hbo:4828	friend	H7462	hbo:7462a	[one.who].associates.with	similar	prior	0.5
H4828	hbo:4828	friend	H7463	hbo:7463	the.friend	similar	prior	0.5
H4828	hbo:4828	friend	H7474	hbo:7474	my.friend	similar	prior	0.5
H4828	hbo:4828	friend	H7464	hbo:7464	companions	similar	prior	0.5
H4828	hbo:4828	friend	H7468	hbo:7468	[fem]	similar	prior	0.5
H4829	hbo:4829	pasture	H4830	hbo:4830	my.pasture	similar	high	0.816
H4829	hbo:4829	pasture	H5116	hbo:5116	habitation	similar	high	0.628
H4829	hbo:4829	pasture	H7471	hbo:7471	pasture	similar	prior	0.6
H4829	hbo:4829	pasture	H4054	hbo:4054	lands	similar	prior	0.5
H4829	hbo:4829	pasture	H3733	hbo:3733a	pasture	similar	prior	0.5
H4830	hbo:4830	my.pasture	H4829	hbo:4829	pasture	similar	high	0.816
H4830	hbo:4830	my.pasture	H1215	hbo:1215	unjust.gain	similar	prior	0.5
H4830	hbo:4830	my.pasture	H6629	hbo:6629	sheep	similar	prior	0.5
H4830	hbo:4830	my.pasture	H5116	hbo:5116	habitation	similar	prior	0.5
H4830	hbo:4830	my.pasture	H7471	hbo:7471	pasture	similar	prior	0.5
H4832	hbo:4832	healing	H7495	hbo:7495	heal	similar	prior	0.5
H4832	hbo:4832	healing	H7499	hbo:7499	medications	similar	prior	0.5
H4832	hbo:4832	healing	H7500	hbo:7500	healing	similar	prior	0.5
H4832	hbo:4832	healing	H2483	hbo:2483	sickness	antonym	recall	0.443
H4834	hbo:4834	grievous	H7451	hbo:7451	evil	similar	prior	0.5
H4835	hbo:4835	extortion	H7533	hbo:7533	crushed	similar	prior	0.5
H4835	hbo:4835	extortion	H7518	hbo:7518	pieces	similar	prior	0.5
H4836	hbo:4836	awl	H7527	hbo:7527	he.will.pierce	similar	prior	0.5
H4837	hbo:4837	a.pavement	H7531	hbo:7531	pavement	similar	prior	0.6
H4837	hbo:4837	a.pavement	H7172	hbo:7172	the.floor	similar	prior	0.5
H4838	hbo:4838	polished	H4803	hbo:4803	[it.is].polished	similar	prior	0.5
H4838	hbo:4838	polished	H4795	hbo:4795	their.rubbings	similar	prior	0.5
H4839	hbo:4839	broth	H5518	hbo:5518	pot	similar	high	0.609
H4839	hbo:4839	broth	H1320	hbo:1320	flesh	similar	prior	0.5
H4840	hbo:4840	of.aromatic.herbs	H7545	hbo:7545	ointment	similar	prior	0.6
H4840	hbo:4840	of.aromatic.herbs	H4842	hbo:4842	ointment.mixture	similar	prior	0.5
H4840	hbo:4840	of.aromatic.herbs	H7544	hbo:7544	spice	similar	prior	0.5
H4840	hbo:4840	of.aromatic.herbs	H7543	hbo:7543	of.a.perfumer	similar	prior	0.5
H4840	hbo:4840	of.aromatic.herbs	H4841	hbo:4841	seasoning	similar	prior	0.5
H4841	hbo:4841	seasoning	H4842	hbo:4842	ointment.mixture	similar	prior	0.5
H4841	hbo:4841	seasoning	H7544	hbo:7544	spice	similar	prior	0.5
H4841	hbo:4841	seasoning	H7545	hbo:7545	ointment	similar	prior	0.5
H4842	hbo:4842	ointment.mixture	H7543	hbo:7543	of.a.perfumer	similar	high	1.0
H4842	hbo:4842	ointment.mixture	H8081	hbo:8081	oil	similar	high	0.808
H4842	hbo:4842	ointment.mixture	H7544	hbo:7544	spice	similar	prior	0.5
H4843	hbo:4843	it.is.bitter	H4751	hbo:4751	bitter	similar	high	0.895
H4843	hbo:4843	it.is.bitter	H8563	hbo:8563	of.bitterness(es)	similar	prior	0.5
H4843	hbo:4843	it.is.bitter	H4846	hbo:4846	bitter	similar	prior	0.5
H4843	hbo:4843	it.is.bitter	H4753	hbo:4753	myrrh	similar	prior	0.5
H4843	hbo:4843	it.is.bitter	H4470	hbo:4470	bitterness	similar	prior	0.5
H4843	hbo:4843	it.is.bitter	H4845	hbo:4845	gall	similar	prior	0.5
H4843	hbo:4843	it.is.bitter	H4844	hbo:4844	bitter.herbs	similar	prior	0.5
H4843	hbo:4843	it.is.bitter	H4815	hbo:4815	bitter	similar	prior	0.5
H4844	hbo:4844	bitter.herbs	H4815	hbo:4815	bitter	similar	prior	0.5
H4844	hbo:4844	bitter.herbs	H4470	hbo:4470	bitterness	similar	prior	0.5
H4845	hbo:4845	gall	H4844	hbo:4844	bitter.herbs	similar	prior	0.5
H4845	hbo:4845	gall	H4470	hbo:4470	bitterness	similar	prior	0.5
H4845	hbo:4845	gall	H4815	hbo:4815	bitter	similar	prior	0.5
H4845	hbo:4845	gall	H4751	hbo:4751	bitter	similar	prior	0.5
H4846	hbo:4846	bitter	H4815	hbo:4815	bitter	similar	prior	0.6
H4846	hbo:4846	bitter	H8563	hbo:8563	of.bitterness(es)	similar	prior	0.6
H4846	hbo:4846	bitter	H4472	hbo:4472	bitter.things	similar	prior	0.6
H4846	hbo:4846	bitter	H4786	hbo:4786	bitterness	similar	prior	0.6
H4846	hbo:4846	bitter	H4844	hbo:4844	bitter.herbs	similar	prior	0.5
H4846	hbo:4846	bitter	H4470	hbo:4470	bitterness	similar	prior	0.5
H4846	hbo:4846	bitter	H4751	hbo:4751	bitter	similar	prior	0.5
H4846	hbo:4846	bitter	H4845	hbo:4845	gall	similar	prior	0.5
H4849	hbo:4849	wickedness	H7562	hbo:7562	wickedness	similar	prior	0.5
H4853	hbo:4853	burden	H5387	hbo:5387	prince	similar	prior	0.5
H4853	hbo:4853	burden	H7613	hbo:7613a	a.swelling	similar	prior	0.5
H4853	hbo:4853	burden	H5385	hbo:5385	burdens	similar	prior	0.5
H4853	hbo:4853	burden	H7863	hbo:7863	loftiness	similar	prior	0.5
H4853	hbo:4853	burden	H4864	hbo:4864	the.tax	similar	prior	0.5
H4853	hbo:4853	burden	H4858	hbo:4858	lifting.up	similar	prior	0.5
H4853	hbo:4853	burden	H4856	hbo:4856	lifting.up	similar	prior	0.5
H4855	hbo:4855	usury	H8636	hbo:8636	usury	similar	prior	0.5
H4855	hbo:4855	usury	H5378	hbo:5378	a.creditor	similar	prior	0.5
H4855	hbo:4855	usury	H4859	hbo:4859	a.loan	similar	prior	0.5
H4856	hbo:4856	lifting.up	H5385	hbo:5385	burdens	similar	prior	0.5
H4856	hbo:4856	lifting.up	H7863	hbo:7863	loftiness	similar	prior	0.5
H4856	hbo:4856	lifting.up	H4858	hbo:4858	lifting.up	similar	prior	0.5
H4858	hbo:4858	lifting.up	H7863	hbo:7863	loftiness	similar	prior	0.5
H4859	hbo:4859	a.loan	H4855	hbo:4855	usury	similar	prior	0.6
H4859	hbo:4859	a.loan	H4874	hbo:4874	the.loan	similar	prior	0.6
H4859	hbo:4859	a.loan	H5378	hbo:5378	a.creditor	similar	prior	0.5
H4860	hbo:4860	deception	H4876	hbo:4876	deceptions	similar	prior	0.5
H4860	hbo:4860	deception	H5377	hbo:5377	let.him.deceive	similar	prior	0.5
H4863	hbo:4863	your.kneading	H0625	hbo:0625	[the].gathering	similar	prior	0.5
H4864	hbo:4864	the.tax	H4979	hbo:4979	gifts	similar	prior	0.5
H4864	hbo:4864	the.tax	H4522	hbo:4522	labor	similar	prior	0.5
H4864	hbo:4864	the.tax	H7863	hbo:7863	loftiness	similar	prior	0.5
H4864	hbo:4864	the.tax	H4858	hbo:4858	lifting.up	similar	prior	0.5
H4864	hbo:4864	the.tax	H5387	hbo:5387	prince	similar	prior	0.5
H4864	hbo:4864	the.tax	H5385	hbo:5385	burdens	similar	prior	0.5
H4864	hbo:4864	the.tax	H7613	hbo:7613a	a.swelling	similar	prior	0.5
H4864	hbo:4864	the.tax	H4856	hbo:4856	lifting.up	similar	prior	0.5
H4865	hbo:4865	filigree.settings	H4396	hbo:4396	settings	similar	high	0.898
H4865	hbo:4865	filigree.settings	H7661	hbo:7661	dizziness	similar	prior	0.5
H4865	hbo:4865	filigree.settings	H7660	hbo:7660	set	similar	prior	0.5
H4867	hbo:4867	breakers	H1530	hbo:1530a	waves	similar	high	0.726
H4867	hbo:4867	breakers	H4866	hbo:4866	[the].mouth.of.[the].womb	similar	prior	0.5
H4867	hbo:4867	breakers	H7666	hbo:7666	buy.grain	similar	prior	0.5
H4867	hbo:4867	breakers	H7668	hbo:7668	grain	similar	prior	0.5
H4868	hbo:4868	cessation(s)	H7673	hbo:7673	I.will.put.an.end.to	similar	prior	0.5
H4868	hbo:4868	cessation(s)	H7677	hbo:7677	of.sabbath.observance	similar	prior	0.5
H4868	hbo:4868	cessation(s)	H7676	hbo:7676	the.sabbath	similar	prior	0.5
H4868	hbo:4868	cessation(s)	H7674	hbo:7674	still	similar	prior	0.5
H4869	hbo:4869	refuge	H4268	hbo:4268	refuge	similar	high	0.954
H4869	hbo:4869	refuge	H2620	hbo:2620	I.take.refuge	similar	high	0.846
H4869	hbo:4869	refuge	H4581	hbo:4581	stronghold	similar	high	0.808
H4869	hbo:4869	refuge	H6697	hbo:6697	rock	similar	high	0.799
H4869	hbo:4869	refuge	H5797	hbo:5797	strength	similar	high	0.766
H4869	hbo:4869	refuge	H0759	hbo:0759	fortresses	similar	prior	0.5
H4870	hbo:4870	[was].a.mistake	H7691	hbo:7691	errors	similar	prior	0.6
H4874	hbo:4874	the.loan	H4855	hbo:4855	usury	similar	prior	0.6
H4874	hbo:4874	the.loan	H5386	hbo:5386	debt	similar	prior	0.5
H4875	hbo:4875	desolation	H7722	hbo:7722a	devastation	similar	high	0.949
H4878	hbo:4878	apostasies	H4779	hbo:4779	(the)	similar	prior	0.5
H4880	hbo:4880	oars	H7885	hbo:7885	of.rowing	similar	prior	0.5
H4880	hbo:4880	oars	H7751	hbo:7751	[are].roving.about	similar	prior	0.5
H4884	hbo:4884	measure	H4060	hbo:4060	measurement	similar	high	0.859
H4884	hbo:4884	measure	H0374	hbo:0374	ephah	similar	high	0.775
H4885	hbo:4885	the.joy	H8342	hbo:8342	joy	similar	prior	0.5
H4885	hbo:4885	the.joy	H8057	hbo:8057	joy	similar	prior	0.5
H4886	hbo:4886	you.will.anoint	H4888	hbo:4888	anointing	similar	high	0.969
H4886	hbo:4886	you.will.anoint	H2902	hbo:2902	you.plastered	similar	prior	0.5
H4886	hbo:4886	you.will.anoint	H4899	hbo:4899	the.[one].anointed	similar	prior	0.5
H4886	hbo:4886	you.will.anoint	H4473	hbo:4473	of.expansion	similar	prior	0.5
H4888	hbo:4888	anointing	H8081	hbo:8081	oil	similar	high	0.954
H4888	hbo:4888a	[is].the.share	H4886	hbo:4886	you.will.anoint	similar	high	0.807
H4888	hbo:4888a	[is].the.share	H4899	hbo:4899	the.[one].anointed	similar	prior	0.5
H4888	hbo:4888a	[is].the.share	H4473	hbo:4473	of.expansion	similar	prior	0.5
H4889	hbo:4889	destruction	H7843	hbo:7843	destroy	similar	high	0.955
H4889	hbo:4889	destruction	H4892	hbo:4892	his.destruction	similar	prior	0.5
H4890	hbo:4890	[are].laughter	H7832	hbo:7832	it.laughs	similar	prior	0.5
H4891	hbo:4891	of.dawn	H7836	hbo:7836	they	similar	prior	0.5
H4891	hbo:4891	of.dawn	H7837	hbo:7837	dawn	similar	prior	0.5
H4893	hbo:4893	[was].a.disfigurement	H7843	hbo:7843	destroy	similar	prior	0.5
H4893	hbo:4893	[was].a.disfigurement	H4892	hbo:4892	his.destruction	similar	prior	0.5
H4893	hbo:4893	[was].a.disfigurement	H4889	hbo:4889	destruction	similar	prior	0.5
H4894	hbo:4894	a.spreading.place	H7849	hbo:7849	she.spread.out	similar	prior	0.5
H4895	hbo:4895	animosity	H7852	hbo:7852	they	similar	prior	0.5
H4896	hbo:4896	rule	H7860	hbo:7860	officials	similar	prior	0.5
H4899	hbo:4899	the.[one].anointed	H4888	hbo:4888	anointing	similar	prior	0.5
H4900	hbo:4900	he.drew	H2502	hbo:2502	I	similar	prior	0.5
H4900	hbo:4900	he.drew	H4189	hbo:4189	the.cords	similar	prior	0.5
H4900	hbo:4900	he.drew	H4901	hbo:4901	price	similar	prior	0.5
H4903	hbo:4903	bed	H4904	hbo:4904	bed	similar	prior	0.6
H4904	hbo:4904	bed	H7901	hbo:7901	he.lay.down	similar	high	0.902
H4904	hbo:4904	bed	H7903	hbo:7903	copulation	similar	high	0.701
H4904	hbo:4904	bed	H3326	hbo:3326	beds	similar	prior	0.5
H4906	hbo:4906	his.carved.image	H7914	hbo:7914	the.ships	similar	prior	0.6
H4906	hbo:4906	his.carved.image	H6754	hbo:6754	images	similar	high	0.537
H4907	hbo:4907	abode	H7932	hbo:7932	they.dwelt	similar	prior	0.5
H4908	hbo:4908	tabernacle	H0168	hbo:0168	the.tent	similar	high	1.0
H4908	hbo:4908	tabernacle	H4150	hbo:4150	of.meeting	similar	high	0.934
H4908	hbo:4908	tabernacle	H3407	hbo:3407	curtains	similar	high	0.804
H4908	hbo:4908	tabernacle	H6944	hbo:6944	holiness	similar	prior	0.5
H4908	hbo:4908	tabernacle	H1004	hbo:1004a	between	similar	prior	0.5
H4908	hbo:4908	tabernacle	H4186	hbo:4186	places	similar	prior	0.5
H4908	hbo:4908	tabernacle	H4411	hbo:4411	place	similar	prior	0.5
H4908	hbo:4908	tabernacle	H1964	hbo:1964	the.temple	similar	prior	0.5
H4908	hbo:4908	tabernacle	H4070	hbo:4070	your.dwelling	similar	prior	0.5
H4908	hbo:4908	tabernacle	H7931	hbo:7931	dwell	similar	prior	0.5
H4909	hbo:4909	wage[s]	H7939	hbo:7939	wage[s]	similar	prior	0.5
H4909	hbo:4909	wage[s]	H7938	hbo:7938	of.wage[s]	similar	prior	0.5
H4909	hbo:4909	wage[s]	H7916	hbo:7916	of.a.hired.laborer	similar	prior	0.5
H4910	hbo:4910	he.will.rule	H4474	hbo:4474	rulers	similar	high	0.823
H4910	hbo:4910	he.will.rule	H4475	hbo:4475	his.dominion	similar	high	0.704
H4910	hbo:4910	he.will.rule	H5057	hbo:5057	ruler	similar	prior	0.5
H4910	hbo:4910	he.will.rule	H8660	hbo:8660	governor	similar	prior	0.5
H4910	hbo:4910	he.will.rule	H7336	hbo:7336	rulers	similar	prior	0.5
H4910	hbo:4910	he.will.rule	H4427	hbo:4427	he.reigned	similar	prior	0.5
H4910	hbo:4910	he.will.rule	H7989	hbo:7989	ruler	similar	prior	0.5
H4910	hbo:4910	he.will.rule	H0441	hbo:0441a	a.close.friend	similar	prior	0.5
H4910	hbo:4910	he.will.rule	H8323	hbo:8323	ruling	similar	prior	0.5
H4910	hbo:4910	he.will.rule	H4915	hbo:4915	dominion	similar	prior	0.5
H4911	hbo:4911	speak.a.parable	H4912	hbo:4912	oracle	similar	high	0.859
H4912	hbo:4912	oracle	H4911	hbo:4911	speak.a.parable	similar	high	0.859
H4912	hbo:4912	oracle	H2420	hbo:2420	riddle	similar	high	0.772
H4912	hbo:4912	oracle	H2330	hbo:2330	ask.a.riddle	similar	high	0.583
H4916	hbo:4916	(the).undertaking	H4639	hbo:4639	the.work	similar	high	0.507
H4916	hbo:4916a	sending	H7964	hbo:7964	dowri(es)	similar	prior	0.5
H4917	hbo:4917	discharge	H4916	hbo:4916a	sending	similar	prior	0.6
H4917	hbo:4917	discharge	H4916	hbo:4916	(the).undertaking	similar	prior	0.6
H4917	hbo:4917	discharge	H7971	hbo:7971	he.sent	similar	prior	0.5
H4917	hbo:4917	discharge	H7964	hbo:7964	dowri(es)	similar	prior	0.5
H4923	hbo:4923	a.waste	H8077	hbo:8077	a.desolation	similar	high	1.0
H4923	hbo:4923	a.waste	H8074	hbo:8074	he.will.be.appalled	similar	high	0.922
H4923	hbo:4923	a.waste	H2723	hbo:2723	ruins	similar	high	0.726
H4923	hbo:4923	a.waste	H8076	hbo:8076	desolate	similar	prior	0.6
H4923	hbo:4923	a.waste	H8047	hbo:8047	waste	similar	prior	0.5
H4923	hbo:4923	a.waste	H8078	hbo:8078	horror	similar	prior	0.5
H4924	hbo:4924	fat.places	H0820	hbo:0820	people	similar	prior	0.5
H4924	hbo:4924	fat.places	H8081	hbo:8081	oil	similar	prior	0.5
H4924	hbo:4924	fat.places	H8080	hbo:8080	he.became.fat	similar	prior	0.5
H4926	hbo:4926	the.hearing	H4928	hbo:4928	bodyguard	similar	prior	0.5
H4926	hbo:4926	the.hearing	H8088	hbo:8088	report	similar	prior	0.5
H4926	hbo:4926	the.hearing	H8052	hbo:8052	report	similar	prior	0.5
H4926	hbo:4926	the.hearing	H2045	hbo:2045	information	similar	prior	0.5
H4926	hbo:4926	the.hearing	H8085	hbo:8085	hear	similar	prior	0.5
H4928	hbo:4928	bodyguard	H4929	hbo:4929	guard	similar	prior	0.5
H4928	hbo:4928	bodyguard	H6635	hbo:6635	of.hosts	similar	prior	0.5
H4928	hbo:4928	bodyguard	H8052	hbo:8052	report	similar	prior	0.5
H4928	hbo:4928	bodyguard	H8088	hbo:8088	report	similar	prior	0.5
H4929	hbo:4929	guard	H4931	hbo:4931	the.duty	similar	high	0.997
H4929	hbo:4929	guard	H0821	hbo:0821	the.watch	similar	prior	0.6
H4929	hbo:4929	guard	H6486	hbo:6486	their.punishment	similar	high	0.569
H4929	hbo:4929	guard	H4525	hbo:4525	prison	similar	prior	0.5
H4929	hbo:4929	guard	H8104	hbo:8104	keep	similar	prior	0.5
H4929	hbo:4929	guard	H8108	hbo:8108	a.guard	similar	prior	0.5
H4929	hbo:4929	guard	H8107	hbo:8107	of.vigil(s)	similar	prior	0.5
H4929	hbo:4929	guard	H8109	hbo:8109	the.eyelids	similar	prior	0.5
H4930	hbo:4930	nails	H4548	hbo:4548	nails	similar	prior	0.5
H4931	hbo:4931	the.duty	H8104	hbo:8104	keep	similar	high	0.975
H4931	hbo:4931	the.duty	H0821	hbo:0821	the.watch	similar	prior	0.6
H4931	hbo:4931	the.duty	H6487	hbo:6487	deposit	similar	prior	0.5
H4932	hbo:4932	double	H8145	hbo:8145	Vashni	similar	prior	0.6
H4932	hbo:4932	double	H8136	hbo:8136	of.repetition[s]	similar	prior	0.5
H4932	hbo:4932	double	H8138	hbo:8138a	they.did.[it].again	similar	prior	0.5
H4933	hbo:4933	plunder	H0957	hbo:0957	spoil	similar	high	0.772
H4933	hbo:4933	plunder	H7998	hbo:7998	plunder	similar	prior	0.5
H4934	hbo:4934	the.narrow.way	H8168	hbo:8168	handfuls	similar	prior	0.5
H4937	hbo:4937	support	H8172	hbo:8172	depended	similar	prior	0.6
H4937	hbo:4937	support	H4938	hbo:4938a	staff	similar	prior	0.6
H4937	hbo:4937	support	H5564	hbo:5564	he.will.lean	similar	prior	0.5
H4938	hbo:4938a	staff	H8172	hbo:8172	depended	similar	high	0.831
H4940	hbo:4940	clans	H4294	hbo:4294	the.tribe	similar	high	0.964
H4940	hbo:4940	clans	H8435	hbo:8435	genealogies	similar	high	0.899
H4940	hbo:4940	clans	H1004	hbo:1004	the.house	similar	prior	0.5
H4940	hbo:4940	clans	H1471	hbo:1471a	of.Goyim	similar	prior	0.5
H4940	hbo:4940	clans	H5971	hbo:5971a	kinspeople(s)	similar	prior	0.5
H4941	hbo:4941	justice	H6664	hbo:6664	righteousness	similar	high	1.0
H4941	hbo:4941	justice	H6666	hbo:6666	righteousness	similar	high	0.971
H4941	hbo:4941	justice	H1779	hbo:1779	judgment	similar	high	0.887
H4941	hbo:4941	justice	H2706	hbo:2706	statutes	similar	high	0.877
H4941	hbo:4941	justice	H5766	hbo:5766	injustice	antonym	recall	0.61
H4941	hbo:4941	justice	H8201	hbo:8201	judgments	similar	prior	0.6
H4941	hbo:4941	justice	H4971	hbo:4971	measurement	similar	prior	0.5
H4941	hbo:4941	justice	H4612	hbo:4612	position	similar	prior	0.5
H4941	hbo:4941	justice	H6486	hbo:6486	their.punishment	similar	prior	0.5
H4941	hbo:4941	justice	H8403	hbo:8403	a.likeness	similar	prior	0.5
H4941	hbo:4941	justice	H4687	hbo:4687	commandments	similar	prior	0.5
H4942	hbo:4942	saddlebaskets	H8239	hbo:8239	put.on	similar	prior	0.5
H4943	hbo:4943	of.the.acquisition	H4476	hbo:4476	a.place.possessed	similar	prior	0.6
H4944	hbo:4944	rushing	H8264	hbo:8264	[someone.will.be].rushing	similar	prior	0.5
H4945	hbo:4945	the.cup.bearers	H8250	hbo:8250	drinks	similar	prior	0.5
H4945	hbo:4945	the.cup.bearers	H8268	hbo:8268	channel	similar	prior	0.5
H4946	hbo:4946	weight	H8254	hbo:8254	I	similar	prior	0.5
H4947	hbo:4947	lintels	H4201	hbo:4201	doorposts	similar	high	0.898
H4947	hbo:4947	lintels	H5592	hbo:5592a	basins	similar	high	0.681
H4947	hbo:4947	lintels	H1817	hbo:1817	doors	similar	prior	0.5
H4948	hbo:4948	weight	H3976	hbo:3976	balances	similar	prior	0.5
H4948	hbo:4948	weight	H4949	hbo:4949	the.leveling.tool	similar	prior	0.5
H4948	hbo:4948	weight	H6425	hbo:6425	scale[s]	similar	prior	0.5
H4948	hbo:4948	weight	H4946	hbo:4946	weight	similar	prior	0.5
H4949	hbo:4949	the.leveling.tool	H4946	hbo:4946	weight	similar	prior	0.5
H4949	hbo:4949	the.leveling.tool	H8255	hbo:8255	the.shekel	similar	prior	0.5
H4949	hbo:4949	the.leveling.tool	H8254	hbo:8254	I	similar	prior	0.5
H4950	hbo:4950	clearness	H8257	hbo:8257	it.will.sink	similar	prior	0.5
H4953	hbo:4953	the	H7030	hbo:7030	zither	similar	high	1.0
H4953	hbo:4953	the	H5443	hbo:5443	trigon	similar	high	1.0
H4953	hbo:4953	the	H7162	hbo:7162	the	similar	high	0.959
H4953	hbo:4953	the	H6460	hbo:6460	harp	similar	high	0.958
H4955	hbo:4955	burnings	H8313	hbo:8313	he.burned	similar	prior	0.6
H4960	hbo:4960	a.feast	H2282	hbo:2282	the.festival	similar	high	0.571
H4960	hbo:4960	a.feast	H4945	hbo:4945	the.cup.bearers	similar	prior	0.5
H4960	hbo:4960	a.feast	H8354	hbo:8354	drink	similar	prior	0.5
H4960	hbo:4960	a.feast	H4150	hbo:4150	of.meeting	similar	prior	0.5
H4961	hbo:4961	of	H8355	hbo:8355	they.drank	similar	prior	0.5
H4962	hbo:4962	men	H0582	hbo:0582	humankind	similar	high	0.581
H4963	hbo:4963	a.heap.of.straw	H8401	hbo:8401	straw	similar	prior	0.6
H4964	hbo:4964	bridle	H2397	hbo:2397	hooks	similar	high	0.714
H4965	hbo:4965	the.bridle	H4964	hbo:4964	bridle	similar	prior	0.5
H4966	hbo:4966	sweet	H4477	hbo:4477	sweet.things	similar	prior	0.6
H4966	hbo:4966	sweet	H4751	hbo:4751	bitter	antonym	recall	0.574
H4966	hbo:4966	sweet	H4987	hbo:4987	sweetness	similar	prior	0.5
H4966	hbo:4966	sweet	H4985	hbo:4985	they.became.sweet	similar	prior	0.5
H4966	hbo:4966	sweet	H4986	hbo:4986	sweetness	similar	prior	0.5
H4969	hbo:4969	he	H0572	hbo:0572	sacks	similar	prior	0.5
H4971	hbo:4971	measurement	H8506	hbo:8506	measurement	similar	prior	0.5
H4971	hbo:4971	measurement	H8505	hbo:8505	it.is.correct	similar	prior	0.5
H4973	hbo:4973	[the].fangs	H3895	hbo:3895	cheeks	similar	prior	0.5
H4973	hbo:4973	[the].fangs	H8438	hbo:8438	scarlet.stuff	similar	prior	0.5
H4973	hbo:4973	[the].fangs	H8529	hbo:8529	[are].clothed.in.scarlet	similar	prior	0.5
H4974	hbo:4974	soundness	H8535	hbo:8535	blameless	similar	prior	0.6
H4974	hbo:4974	soundness	H8549	hbo:8549	unblemished	similar	prior	0.6
H4974	hbo:4974	soundness	H8537	hbo:8537	integrity	similar	prior	0.6
H4974	hbo:4974	soundness	H8538	hbo:8538	integrity	similar	prior	0.5
H4975	hbo:4975	loins	H2504	hbo:2504	loins	similar	high	0.842
H4975	hbo:4975	loins	H2290	hbo:2290	a.belt	similar	high	0.638
H4976	hbo:4976	a.gift	H4991	hbo:4991	a.gift	similar	high	0.776
H4976	hbo:4976	a.gift	H4979	hbo:4979	gifts	similar	high	0.666
H4976	hbo:4976	a.gift	H7810	hbo:7810	a.bribe	similar	prior	0.5
H4976	hbo:4976	a.gift	H4503	hbo:4503	offering	similar	prior	0.5
H4976	hbo:4976	a.gift	H5411	hbo:5411	servants	similar	prior	0.5
H4978	hbo:4978	gifts	H5415	hbo:5415	he	similar	prior	0.5
H4979	hbo:4979	gifts	H8641	hbo:8641	the.contribution	similar	high	0.761
H4985	hbo:4985	they.became.sweet	H4966	hbo:4966	sweet	similar	prior	0.6
H4985	hbo:4985	they.became.sweet	H4477	hbo:4477	sweet.things	similar	prior	0.6
H4985	hbo:4985	they.became.sweet	H4986	hbo:4986	sweetness	similar	prior	0.5
H4985	hbo:4985	they.became.sweet	H4987	hbo:4987	sweetness	similar	prior	0.5
H4986	hbo:4986	sweetness	H4987	hbo:4987	sweetness	similar	prior	0.5
H4991	hbo:4991	a.gift	H4976	hbo:4976	a.gift	similar	high	0.776
H4991	hbo:4991	a.gift	H4979	hbo:4979	gifts	similar	prior	0.6
H4991	hbo:4991	a.gift	H4022	hbo:4022	excellent.gift	similar	prior	0.5
H4991	hbo:4991	a.gift	H4864	hbo:4864	the.tax	similar	prior	0.5
H4999	hbo:4999	[the].pastures	H5000	hbo:5000	[is].suitable	similar	prior	0.5
H5000	hbo:5000	[is].suitable	H5116	hbo:5116	habitation	similar	prior	0.5
H5000	hbo:5000	[is].suitable	H8597	hbo:8597	splendor	similar	prior	0.5
H5002	hbo:5002	the.utterance	H0559	hbo:0559	he.said	similar	high	0.818
H5002	hbo:5002	the.utterance	H1697	hbo:1697	the.word	similar	prior	0.5
H5002	hbo:5002	the.utterance	H1696	hbo:1696	he.spoke	similar	prior	0.5
H5002	hbo:5002	the.utterance	H5001	hbo:5001	they.have.uttered	similar	prior	0.5
H5003	hbo:5003	they.have.committed.adultery	H2181	hbo:2181	you.acted.as.a.prostitute	similar	high	0.802
H5003	hbo:5003	they.have.committed.adultery	H5004	hbo:5004	adulteri(es)	similar	prior	0.6
H5003	hbo:5003	they.have.committed.adultery	H2184	hbo:2184	prostitution	similar	prior	0.5
H5004	hbo:5004	adulteri(es)	H2184	hbo:2184	prostitution	similar	prior	0.5
H5004	hbo:5004	adulteri(es)	H2183	hbo:2183	of.prostitution(s)	similar	prior	0.5
H5004	hbo:5004	adulteri(es)	H5003	hbo:5003	they.have.committed.adultery	similar	prior	0.5
H5005	hbo:5005	adulteries	H5003	hbo:5003	they.have.committed.adultery	similar	prior	0.5
H5005	hbo:5005	adulteries	H5004	hbo:5004	adulteri(es)	similar	prior	0.5
H5006	hbo:5006	they.have.spurned	H3988	hbo:3988	you.have.rejected	similar	high	0.906
H5006	hbo:5006	they.have.spurned	H2778	hbo:2778	taunt	similar	high	0.766
H5006	hbo:5006	they.have.spurned	H7043	hbo:7043	lighten	similar	prior	0.5
H5006	hbo:5006	they.have.spurned	H0959	hbo:0959	he.despised	similar	prior	0.5
H5008	hbo:5008	he.will.groan	H0584	hbo:0584	you.will.groan	similar	prior	0.5
H5008	hbo:5008	he.will.groan	H5009	hbo:5009	groaning	similar	prior	0.5
H5009	hbo:5009	groaning	H0602	hbo:0602	are].groaning	similar	prior	0.5
H5012	hbo:5012	prophesy	H2374	hbo:2374	seer	similar	high	0.825
H5013	hbo:5013	he.prophesied	H5029	hbo:5029	the	similar	prior	0.5
H5016	hbo:5016	prophecy	H4853	hbo:4853	burden	similar	prior	0.5
H5017	hbo:5017	the.prophesying	H5013	hbo:5013	he.prophesied	similar	prior	0.5
H5017	hbo:5017	the.prophesying	H5029	hbo:5029	the	similar	prior	0.5
H5027	hbo:5027	look	H7200	hbo:7200	see	similar	high	0.863
H5027	hbo:5027	look	H2372	hbo:2372	he.saw	similar	high	0.818
H5027	hbo:5027	look	H7789	hbo:7789	I	similar	high	0.708
H5027	hbo:5027	look	H6437	hbo:6437	turn	similar	prior	0.5
H5027	hbo:5027	look	H4007	hbo:4007	of.confidence	similar	prior	0.5
H5030	hbo:5030	prophet	H2374	hbo:2374	seer	similar	high	1.0
H5030	hbo:5030	prophet	H7203	hbo:7203	seer	similar	high	0.888
H5031	hbo:5031	prophetess	H2372	hbo:2372	he.saw	similar	prior	0.5
H5031	hbo:5031	prophetess	H7200	hbo:7200	see	similar	prior	0.5
H5031	hbo:5031	prophetess	H5030	hbo:5030	prophet	similar	prior	0.5
H5031	hbo:5031	prophetess	H5016	hbo:5016	prophecy	similar	prior	0.5
H5031	hbo:5031	prophetess	H5012	hbo:5012	prophesy	similar	prior	0.5
H5034	hbo:5034	it.will.wither	H3001	hbo:3001	it.has.dried.up	similar	high	0.634
H5034	hbo:5034	it.will.wither	H5039	hbo:5039	disgraceful.folly	similar	prior	0.6
H5034	hbo:5034	it.will.wither	H5036	hbo:5036	a.fool	similar	prior	0.5
H5034	hbo:5034	it.will.wither	H5040	hbo:5040	lewdness	similar	prior	0.5
H5034	hbo:5034	it.will.wither	H5038	hbo:5038	corpse	similar	prior	0.5
H5035	hbo:5035	jars	H4997	hbo:4997	a.skin-bottle	similar	prior	0.5
H5035	hbo:5035	jars	H2573	hbo:2573	skin	similar	prior	0.5
H5035	hbo:5035a	lyres	H3658	hbo:3658	harps	similar	high	1.0
H5035	hbo:5035a	lyres	H4700	hbo:4700	cymbals	similar	high	1.0
H5035	hbo:5035a	lyres	H8596	hbo:8596	tambourines	similar	high	0.918
H5035	hbo:5035a	lyres	H2689	hbo:2689	trumpets	similar	high	0.823
H5035	hbo:5035a	lyres	H5058	hbo:5058	stringed.instruments	similar	prior	0.5
H5035	hbo:5035a	lyres	H6835	hbo:6835	the.jug	similar	prior	0.5
H5035	hbo:5035a	lyres	H3537	hbo:3537	jar	similar	prior	0.5
H5035	hbo:5035a	lyres	H3627	hbo:3627	articles	similar	prior	0.5
H5035	hbo:5035a	lyres	H1228	hbo:1228	a.jar	similar	prior	0.5
H5036	hbo:5036	a.fool	H5039	hbo:5039	disgraceful.folly	similar	high	0.856
H5036	hbo:5036	a.fool	H5034	hbo:5034	it.will.wither	similar	prior	0.6
H5036	hbo:5036	a.fool	H0191	hbo:0191	a.fool	similar	prior	0.5
H5036	hbo:5036	a.fool	H5530	hbo:5530	fool	similar	prior	0.5
H5036	hbo:5036	a.fool	H3684	hbo:3684	a.fool	similar	prior	0.5
H5036	hbo:5036	a.fool	H6612	hbo:6612	naive.people	similar	prior	0.5
H5036	hbo:5036	a.fool	H1197	hbo:1197b	they.are.stupid	similar	prior	0.5
H5036	hbo:5036	a.fool	H1198	hbo:1198	[is].stupid	similar	prior	0.5
H5038	hbo:5038	corpse	H2966	hbo:2966	a.torn.animal	similar	high	0.802
H5038	hbo:5038	corpse	H4658	hbo:4658	your.downfall	similar	prior	0.6
H5038	hbo:5038	corpse	H6297	hbo:6297	corpses	similar	prior	0.5
H5038	hbo:5038	corpse	H1472	hbo:1472	bodies	similar	prior	0.5
H5039	hbo:5039	disgraceful.folly	H5036	hbo:5036	a.fool	similar	high	0.856
H5039	hbo:5039	disgraceful.folly	H8441	hbo:8441	abominations	similar	high	0.741
H5039	hbo:5039	disgraceful.folly	H7451	hbo:7451b	evil	similar	high	0.656
H5039	hbo:5039	disgraceful.folly	H8604	hbo:8604	offensiveness	similar	prior	0.5
H5040	hbo:5040	lewdness	H2154	hbo:2154	licentiousness	similar	prior	0.5
H5040	hbo:5040	lewdness	H5036	hbo:5036	a.fool	similar	prior	0.5
H5040	hbo:5040	lewdness	H5039	hbo:5039	disgraceful.folly	similar	prior	0.5
H5042	hbo:5042	it.pours.forth	H0981	hbo:0981	speaking.rashly	similar	prior	0.5
H5042	hbo:5042	it.pours.forth	H5140	hbo:5140	let.them.flow	similar	prior	0.5
H5042	hbo:5042	it.pours.forth	H4599	hbo:4599	a.spring	similar	prior	0.5
H5042	hbo:5042	it.pours.forth	H1518	hbo:1518	you.burst.forth	similar	prior	0.5
H5045	hbo:5045	south	H1864	hbo:1864	the.south	similar	high	1.0
H5045	hbo:5045	south	H8486	hbo:8486	southward	similar	high	0.904
H5045	hbo:5045	south	H6828	hbo:6828	northward	antonym	recall	0.819
H5045	hbo:5045	south	H3225	hbo:3225	hand	similar	prior	0.5
H5046	hbo:5046	tell	H0559	hbo:0559	he.said	similar	high	0.859
H5046	hbo:5046	tell	H1696	hbo:1696	he.spoke	similar	prior	0.5
H5050	hbo:5050	he.illuminates	H5051	hbo:5051	brightness	similar	high	0.81
H5050	hbo:5050	he.illuminates	H0215	hbo:0215	make.shine	similar	high	0.699
H5050	hbo:5050	he.illuminates	H2821	hbo:2821	he.makes.dark	antonym	recall	0.548
H5051	hbo:5051	brightness	H0216	hbo:0216	light	similar	high	0.842
H5051	hbo:5051	brightness	H5050	hbo:5050	he.illuminates	similar	high	0.81
H5051	hbo:5051	brightness	H1300	hbo:1300	lightning	similar	high	0.697
H5051	hbo:5051	brightness	H2822	hbo:2822	darkness	antonym	recall	0.606
H5051	hbo:5051	brightness	H3974	hbo:3974	light	similar	prior	0.5
H5054	hbo:5054	gleams.of.light	H5051	hbo:5051	brightness	similar	prior	0.5
H5054	hbo:5054	gleams.of.light	H5050	hbo:5050	he.illuminates	similar	prior	0.5
H5056	hbo:5056	prone.to.gore	H5055	hbo:5055	it.will.gore	similar	prior	0.6
H5057	hbo:5057	ruler	H6496	hbo:6496	overseers	similar	high	0.841
H5057	hbo:5057	ruler	H8269	hbo:8269	officials	similar	high	0.823
H5057	hbo:5057	ruler	H4428	hbo:4428	the.king	similar	high	0.804
H5057	hbo:5057	ruler	H7218	hbo:7218	head	similar	prior	0.5
H5057	hbo:5057	ruler	H0441	hbo:0441a	a.close.friend	similar	prior	0.5
H5057	hbo:5057	ruler	H7336	hbo:7336	rulers	similar	prior	0.5
H5057	hbo:5057	ruler	H5631	hbo:5631	court-officials	similar	prior	0.5
H5057	hbo:5057	ruler	H7860	hbo:7860	officials	similar	prior	0.5
H5057	hbo:5057	ruler	H7989	hbo:7989	ruler	similar	prior	0.5
H5057	hbo:5057	ruler	H5046	hbo:5046	tell	similar	prior	0.5
H5058	hbo:5058	stringed.instruments	H7892	hbo:7892	a.song	similar	high	0.813
H5058	hbo:5058	stringed.instruments	H5059	hbo:5059	to.play	similar	prior	0.6
H5058	hbo:5058	stringed.instruments	H3658	hbo:3658	harps	similar	prior	0.5
H5058	hbo:5058	stringed.instruments	H2172	hbo:2172	of.music	similar	prior	0.5
H5059	hbo:5059	to.play	H7891	hbo:7891	singers	similar	high	0.748
H5059	hbo:5059	to.play	H8628	hbo:8628	they.gave.a.blast	similar	prior	0.5
H5059	hbo:5059	to.play	H2167	hbo:2167	sing.praises	similar	prior	0.5
H5059	hbo:5059	to.play	H5058	hbo:5058	stringed.instruments	similar	prior	0.5
H5060	hbo:5060	who].touches	H4291	hbo:4291	it.reached	similar	prior	0.5
H5061	hbo:5061	plague	H6883	hbo:6883	of.a.serious.skin.disease	similar	high	1.0
H5061	hbo:5061	plague	H6581	hbo:6581	it.has.spread	similar	high	1.0
H5061	hbo:5061	plague	H5424	hbo:5424	scall	similar	high	1.0
H5061	hbo:5061	plague	H4556	hbo:4556	rash	similar	high	0.947
H5061	hbo:5061	plague	H0934	hbo:0934	spot	similar	high	0.914
H5061	hbo:5061	plague	H1698	hbo:1698	pestilence	similar	prior	0.5
H5061	hbo:5061	plague	H2483	hbo:2483	sickness	similar	prior	0.5
H5061	hbo:5061	plague	H5063	hbo:5063	a.plague	similar	prior	0.5
H5061	hbo:5061	plague	H4064	hbo:4064	the.diseases	similar	prior	0.5
H5061	hbo:5061	plague	H4347	hbo:4347	wounds	similar	prior	0.5
H5061	hbo:5061	plague	H3671	hbo:3671	wings	similar	prior	0.5
H5062	hbo:5062	it.was.defeated	H5221	hbo:5221	he	similar	high	0.822
H5063	hbo:5063	a.plague	H4046	hbo:4046	plague	similar	high	0.778
H5064	hbo:5064	are].spilled	H8210	hbo:8210	pour.out	similar	prior	0.5
H5064	hbo:5064	are].spilled	H5413	hbo:5413	it.was.poured.out	similar	prior	0.5
H5064	hbo:5064	are].spilled	H5140	hbo:5140	let.them.flow	similar	prior	0.5
H5064	hbo:5064	are].spilled	H6168	hbo:6168	he.will.lay.bare	similar	prior	0.5
H5064	hbo:5064	are].spilled	H1818	hbo:1818	blood	similar	prior	0.5
H5065	hbo:5065	taskmasters	H3905	hbo:3905	[those	similar	high	0.572
H5066	hbo:5066	he.drew.near	H7126	hbo:7126	he.will.present	similar	high	0.842
H5066	hbo:5066	he.drew.near	H1980	hbo:1980	go	similar	high	0.735
H5066	hbo:5066	he.drew.near	H5060	hbo:5060	who].touches	similar	prior	0.5
H5067	hbo:5067	a.heap	H6194	hbo:6194	heaps	similar	prior	0.6
H5067	hbo:5067	a.heap	H1530	hbo:1530a	waves	similar	high	0.573
H5068	hbo:5068	make.a.contribution	H5071	hbo:5071	a.freewill.offering	similar	high	0.935
H5068	hbo:5068	make.a.contribution	H5082	hbo:5082	noble.deeds	similar	prior	0.5
H5068	hbo:5068	make.a.contribution	H5081	hbo:5081	noble.[people]	similar	prior	0.5
H5071	hbo:5071	a.freewill.offering	H5068	hbo:5068	make.a.contribution	similar	high	0.935
H5071	hbo:5071	a.freewill.offering	H5088	hbo:5088	vows	similar	high	0.85
H5071	hbo:5071	a.freewill.offering	H7133	hbo:7133	present	similar	high	0.692
H5071	hbo:5071	a.freewill.offering	H8641	hbo:8641	the.contribution	similar	prior	0.5
H5071	hbo:5071	a.freewill.offering	H4643	hbo:4643	the.tithe	similar	prior	0.5
H5071	hbo:5071	a.freewill.offering	H5082	hbo:5082	noble.deeds	similar	prior	0.5
H5071	hbo:5071	a.freewill.offering	H5081	hbo:5081	noble.[people]	similar	prior	0.5
H5074	hbo:5074	they.have.fled	H5110	hbo:5110	show.sympathy	similar	prior	0.6
H5074	hbo:5074	they.have.fled	H5112	hbo:5112	wandering	similar	prior	0.6
H5074	hbo:5074	they.have.fled	H7300	hbo:7300	you.will.be.restless	similar	prior	0.5
H5074	hbo:5074	they.have.fled	H4788	hbo:4788	homeless.people	similar	prior	0.5
H5074	hbo:5074	they.have.fled	H5127	hbo:5127	they.fled	similar	prior	0.5
H5074	hbo:5074	they.have.fled	H5086	hbo:5086	driven.about	similar	prior	0.5
H5074	hbo:5074	they.have.fled	H1272	hbo:1272	he.fled	similar	prior	0.5
H5074	hbo:5074	they.have.fled	H5076	hbo:5076	restlessness(es)	similar	prior	0.5
H5074	hbo:5074	they.have.fled	H5079	hbo:5079	impurity	similar	prior	0.5
H5079	hbo:5079	impurity	H2932	hbo:2932	uncleanness	similar	high	1.0
H5079	hbo:5079	impurity	H2931	hbo:2931	unclean	similar	high	0.969
H5079	hbo:5079	impurity	H2100	hbo:2100	flowing	similar	high	0.762
H5079	hbo:5079	impurity	H2891	hbo:2891	he.will.be.pure	antonym	recall	0.625
H5079	hbo:5079	impurity	H1540	hbo:1540	you.will.uncover	similar	prior	0.5
H5079	hbo:5079	impurity	H5076	hbo:5076	restlessness(es)	similar	prior	0.5
H5080	hbo:5080	I	H6327	hbo:6327	they.were.scattered	similar	high	0.775
H5080	hbo:5080	I	H6908	hbo:6908	I.will.gather	antonym	recall	0.593
H5081	hbo:5081	noble.[people]	H1800	hbo:1800	poor.[people]	antonym	recall	0.635
H5081	hbo:5081	noble.[people]	H5071	hbo:5071	a.freewill.offering	similar	prior	0.5
H5081	hbo:5081	noble.[people]	H2655	hbo:2655	desiring	similar	prior	0.5
H5081	hbo:5081	noble.[people]	H2715	hbo:2715	nobles	similar	prior	0.5
H5081	hbo:5081	noble.[people]	H5068	hbo:5068	make.a.contribution	similar	prior	0.5
H5082	hbo:5082	noble.deeds	H5081	hbo:5081	noble.[people]	similar	high	0.871
H5085	hbo:5085	of.[the].sheath	H5084	hbo:5084	sheath	similar	prior	0.6
H5087	hbo:5087	you.will.vow	H5088	hbo:5088	vows	similar	high	1.0
H5087	hbo:5087	you.will.vow	H7621	hbo:7621	oath	similar	high	0.727
H5087	hbo:5087	you.will.vow	H7650	hbo:7650	he.swore	similar	high	0.611
H5088	hbo:5088	vows	H5087	hbo:5087	you.will.vow	similar	high	1.0
H5088	hbo:5088	vows	H5071	hbo:5071	a.freewill.offering	similar	high	0.85
H5088	hbo:5088	vows	H7621	hbo:7621	oath	similar	high	0.719
H5088	hbo:5088	vows	H6818	hbo:6818	of.distress	similar	prior	0.5
H5088	hbo:5088	vows	H7650	hbo:7650	he.swore	similar	prior	0.5
H5090	hbo:5090	he	H1980	hbo:1980	go	similar	high	0.656
H5090	hbo:5090	he	H7392	hbo:7392	rider	similar	high	0.584
H5090	hbo:5090	he	H5095	hbo:5095	he	similar	prior	0.5
H5090	hbo:5090	he	H1849	hbo:1849	people	similar	prior	0.5
H5090	hbo:5090	he	H5148	hbo:5148	he	similar	prior	0.5
H5090	hbo:5090	he	H4491	hbo:4491	driving	similar	prior	0.5
H5091	hbo:5091a	they.mourned	H0602	hbo:0602	are].groaning	similar	prior	0.5
H5092	hbo:5092	wailing	H5091	hbo:5091a	they.mourned	similar	prior	0.6
H5092	hbo:5092	wailing	H0421	hbo:0421	wail	similar	prior	0.5
H5092	hbo:5092	wailing	H0585	hbo:0585	groaning	similar	prior	0.5
H5095	hbo:5095	he	H5148	hbo:5148	he	similar	high	0.673
H5095	hbo:5095	he	H7462	hbo:7462	they.will.graze	similar	prior	0.5
H5095	hbo:5095	he	H5097	hbo:5097	watering-places	similar	prior	0.5
H5098	hbo:5098	you.will.groan	H7580	hbo:7580	he.will.roar	similar	high	0.6
H5098	hbo:5098	you.will.groan	H1897	hbo:1897	it.will.utter	similar	prior	0.5
H5098	hbo:5098	you.will.groan	H5099	hbo:5099	[is].a.roaring	similar	prior	0.5
H5099	hbo:5099	[is].a.roaring	H7581	hbo:7581	its.roaring	similar	prior	0.5
H5100	hbo:5100	growling	H5098	hbo:5098	you.will.groan	similar	prior	0.5
H5100	hbo:5100	growling	H5099	hbo:5099	[is].a.roaring	similar	prior	0.5
H5104	hbo:5104	rivers	H5158	hbo:5158	the.wadi	similar	high	0.861
H5104	hbo:5104	rivers	H3220	hbo:3220	sea	similar	high	0.825
H5104	hbo:5104	rivers	H4325	hbo:4325	water	similar	high	0.686
H5104	hbo:5104	rivers	H5102	hbo:5102	they.will.stream	similar	prior	0.5
H5105	hbo:5105	daylight	H0216	hbo:0216	light	similar	prior	0.6
H5106	hbo:5106	he.forbade	H6565	hbo:6565	break	similar	high	0.708
H5107	hbo:5107	it.will.bear.fruit	H5108	hbo:5108	[the].fruit	similar	prior	0.6
H5107	hbo:5107	it.will.bear.fruit	H8570	hbo:8570	fruits	similar	prior	0.5
H5108	hbo:5108	[the].fruit	H5107	hbo:5107	it.will.bear.fruit	similar	prior	0.5
H5108	hbo:5108	[the].fruit	H8570	hbo:8570	fruits	similar	prior	0.5
H5110	hbo:5110	show.sympathy	H5128	hbo:5128	sway	similar	high	0.628
H5110	hbo:5110	show.sympathy	H5112	hbo:5112	wandering	similar	prior	0.6
H5110	hbo:5110	show.sympathy	H5205	hbo:5205	the.condolence	similar	prior	0.5
H5110	hbo:5110	show.sympathy	H4493	hbo:4493	a.shaking	similar	prior	0.5
H5112	hbo:5112	wandering	H4493	hbo:4493	a.shaking	similar	prior	0.5
H5116	hbo:5116	habitation	H4999	hbo:4999	[the].pastures	similar	high	0.784
H5116	hbo:5116	habitation	H4829	hbo:4829	pasture	similar	high	0.628
H5117	hbo:5117	he	H4494	hbo:4494	a.resting.place	similar	prior	0.6
H5117	hbo:5117	he	H5183	hbo:5183a	quietness	similar	prior	0.6
H5117	hbo:5117	he	H5118	hbo:5118	your.resting	similar	prior	0.6
H5117	hbo:5117	he	H7674	hbo:7674	still	similar	prior	0.5
H5117	hbo:5117	he	H7931	hbo:7931	dwell	similar	prior	0.5
H5117	hbo:5117	he	H8252	hbo:8252	it.was.at.peace	similar	prior	0.5
H5117	hbo:5117	he	H7673	hbo:7673	I.will.put.an.end.to	similar	prior	0.5
H5117	hbo:5117	he	H7599	hbo:7599	he.will.be.at.ease	similar	prior	0.5
H5117	hbo:5117	he	H7918	hbo:7918	as.subsided	similar	prior	0.5
H5118	hbo:5118	your.resting	H4494	hbo:4494	a.resting.place	similar	prior	0.5
H5118	hbo:5118	your.resting	H4496	hbo:4496	rest	similar	prior	0.5
H5118	hbo:5118	your.resting	H5117	hbo:5117	he	similar	prior	0.5
H5118	hbo:5118	your.resting	H5183	hbo:5183a	quietness	similar	prior	0.5
H5123	hbo:5123	anyone.will.slumber	H3462	hbo:3462	they.will.sleep	similar	high	0.724
H5123	hbo:5123	anyone.will.slumber	H5124	hbo:5124	drowsiness	similar	prior	0.6
H5123	hbo:5123	anyone.will.slumber	H7290	hbo:7290	[was].sleeping	similar	prior	0.5
H5123	hbo:5123	anyone.will.slumber	H8572	hbo:8572	slumber	similar	prior	0.5
H5124	hbo:5124	drowsiness	H5123	hbo:5123	anyone.will.slumber	similar	prior	0.5
H5124	hbo:5124	drowsiness	H8572	hbo:8572	slumber	similar	prior	0.5
H5125	hbo:5125	may.it.increase	H5209	hbo:5209	posterity	similar	prior	0.6
H5127	hbo:5127	they.fled	H1272	hbo:1272	he.fled	similar	high	0.947
H5127	hbo:5127	they.fled	H7291	hbo:7291	they.pursued	antonym	recall	0.565
H5127	hbo:5127	they.fled	H4499	hbo:4499	flight	similar	prior	0.5
H5128	hbo:5128	sway	H5110	hbo:5110	show.sympathy	similar	high	0.628
H5128	hbo:5128	sway	H7264	hbo:7264	they.trembled	similar	high	0.622
H5128	hbo:5128	sway	H8582	hbo:8582	he	similar	high	0.607
H5128	hbo:5128	sway	H7493	hbo:7493	it.quaked	similar	prior	0.5
H5128	hbo:5128	sway	H7300	hbo:7300	you.will.be.restless	similar	prior	0.5
H5128	hbo:5128	sway	H4131	hbo:4131	it.will.be.shaken	similar	prior	0.5
H5128	hbo:5128	sway	H2342	hbo:2342a	tremble	similar	prior	0.5
H5130	hbo:5130	he.will.wave	H5128	hbo:5128	sway	similar	prior	0.5
H5131	hbo:5131	of.height	H5299	hbo:5299	the.height	similar	prior	0.5
H5132	hbo:5132	they.fled	H5133	hbo:5133	plumage	similar	prior	0.5
H5133	hbo:5133	plumage	H0084	hbo:0084	pinion	similar	high	0.659
H5133	hbo:5133	plumage	H3671	hbo:3671	wings	similar	high	0.648
H5133	hbo:5133	plumage	H0083	hbo:0083	wing[s]	similar	high	0.539
H5133	hbo:5133	plumage	H5060	hbo:5060	who].touches	similar	prior	0.5
H5137	hbo:5137	he.will.spatter	H2236	hbo:2236	he.sprinkled	similar	high	0.949
H5138	hbo:5138	cooked.food	H3899	hbo:3899	food	similar	high	0.785
H5138	hbo:5138	cooked.food	H1310	hbo:1310	you.will.boil	similar	high	0.594
H5138	hbo:5138	cooked.food	H2102	hbo:2102	he.will.act.presumptuously	similar	prior	0.5
H5138	hbo:5138	cooked.food	H2087	hbo:2087	presumption	similar	prior	0.5
H5139	hbo:5139	the.Nazirite	H5145	hbo:5145	his.consecration	similar	high	1.0
H5139	hbo:5139	the.Nazirite	H5144	hbo:5144	he.will.be.a.Nazirite	similar	high	1.0
H5140	hbo:5140	let.them.flow	H7491	hbo:7491	they.drip	similar	high	0.817
H5140	hbo:5140	let.them.flow	H5198	hbo:5198	stacte	similar	prior	0.6
H5140	hbo:5140a	streams	H5198	hbo:5198	stacte	similar	prior	0.6
H5141	hbo:5141	a.ring	H2885	hbo:2885	rings	similar	high	0.664
H5141	hbo:5141	a.ring	H6807	hbo:6807	marching	similar	prior	0.5
H5141	hbo:5141	a.ring	H5694	hbo:5694	earrings	similar	prior	0.5
H5144	hbo:5144	he.will.be.a.Nazirite	H5139	hbo:5139	the.Nazirite	similar	high	1.0
H5144	hbo:5144	he.will.be.a.Nazirite	H6942	hbo:6942	consecrate	similar	high	0.67
H5144	hbo:5144	he.will.be.a.Nazirite	H4502	hbo:4502	courtiers	similar	prior	0.5
H5145	hbo:5145	his.consecration	H5139	hbo:5139	the.Nazirite	similar	high	1.0
H5145	hbo:5145	his.consecration	H3804	hbo:3804	a.crown	similar	prior	0.5
H5145	hbo:5145	his.consecration	H5850	hbo:5850	the.crown	similar	prior	0.5
H5145	hbo:5145	his.consecration	H3803	hbo:3803a	[is].surrounding	similar	prior	0.5
H5145	hbo:5145	his.consecration	H4502	hbo:4502	courtiers	similar	prior	0.5
H5148	hbo:5148	he	H5095	hbo:5095	he	similar	high	0.673
H5148	hbo:5148	he	H3384	hbo:3384b	teach	similar	high	0.663
H5150	hbo:5150	comfort(s)	H5162	hbo:5162	comfort	similar	prior	0.5
H5153	hbo:5153	bronze	H5154	hbo:5154	of.bronze	similar	prior	0.6
H5153	hbo:5153	bronze	H5178	hbo:5178	bronze	similar	prior	0.6
H5154	hbo:5154	of.bronze	H5153	hbo:5153	bronze	similar	prior	0.5
H5157	hbo:5157	they.will.inherit	H5159	hbo:5159	inheritance	similar	high	1.0
H5157	hbo:5157	they.will.inherit	H3423	hbo:3423	take	similar	high	0.991
H5157	hbo:5157	they.will.inherit	H2505	hbo:2505	it.will.be.divided	similar	high	0.812
H5157	hbo:5157	they.will.inherit	H1379	hbo:1379	they.set.bounds	similar	prior	0.5
H5158	hbo:5158	the.wadi	H5104	hbo:5104	rivers	similar	high	0.861
H5158	hbo:5158	the.wadi	H6010	hbo:6010	the.valley	similar	high	0.829
H5158	hbo:5158	the.wadi	H1516	hbo:1516a	the.valley	similar	high	0.815
H5158	hbo:5158	the.wadi	H4599	hbo:4599	a.spring	similar	prior	0.5
H5159	hbo:5159	inheritance	H5157	hbo:5157	they.will.inherit	similar	high	1.0
H5159	hbo:5159	inheritance	H3423	hbo:3423	take	similar	high	0.918
H5159	hbo:5159	inheritance	H3425	hbo:3425	a.possession	similar	high	0.887
H5159	hbo:5159	inheritance	H0272	hbo:0272	a.possession	similar	high	0.885
H5159	hbo:5159	inheritance	H1486	hbo:1486	lot	similar	high	0.833
H5159	hbo:5159	inheritance	H2506	hbo:2506	portion	similar	high	0.797
H5162	hbo:5162	comfort	H0024	hbo:0024	Abib	similar	prior	0.5
H5162	hbo:5162	comfort	H5150	hbo:5150	comfort(s)	similar	prior	0.5
H5164	hbo:5164	compassion	H5162	hbo:5162	comfort	similar	prior	0.5
H5164	hbo:5164	compassion	H5150	hbo:5150	comfort(s)	similar	prior	0.5
H5164	hbo:5164	compassion	H8575	hbo:8575	consolations	similar	prior	0.5
H5165	hbo:5165	comfort	H5150	hbo:5150	comfort(s)	similar	prior	0.5
H5165	hbo:5165	comfort	H5164	hbo:5164	compassion	similar	prior	0.5
H5165	hbo:5165	comfort	H8575	hbo:8575	consolations	similar	prior	0.5
H5165	hbo:5165	comfort	H5162	hbo:5162	comfort	similar	prior	0.5
H5172	hbo:5172	he.practiced.divination	H7081	hbo:7081	divination	similar	high	0.766
H5172	hbo:5172	he.practiced.divination	H3784	hbo:3784	sorcerers	similar	high	0.696
H5172	hbo:5172	he.practiced.divination	H7080	hbo:7080	diviners	similar	high	0.679
H5172	hbo:5172	he.practiced.divination	H6049	hbo:6049	soothsayers	similar	high	0.668
H5173	hbo:5173	enchantment	H5172	hbo:5172	he.practiced.divination	similar	prior	0.5
H5174	hbo:5174	bronze	H6523	hbo:6523	the	similar	high	1.0
H5174	hbo:5174	bronze	H2635	hbo:2635	the	similar	high	0.956
H5174	hbo:5174	bronze	H1722	hbo:1722	of.(the)	similar	high	0.883
H5175	hbo:5175	snake	H8314	hbo:8314	seraphim	similar	high	0.678
H5175	hbo:5175	snake	H8577	hbo:8577	monster	similar	high	0.613
H5175	hbo:5175	snake	H3908	hbo:3908	charming	similar	high	0.563
H5175	hbo:5175	snake	H6620	hbo:6620	of.cobras	similar	high	0.563
H5178	hbo:5178	bronze	H2091	hbo:2091	gold	similar	high	0.902
H5178	hbo:5178	bronze	H1270	hbo:1270	iron	similar	high	0.853
H5178	hbo:5178	bronze	H5154	hbo:5154	of.bronze	similar	prior	0.6
H5178	hbo:5178	bronze	H5153	hbo:5153	bronze	similar	prior	0.5
H5181	hbo:5181	it.stretches	H5185	hbo:5185	[is].descending	similar	prior	0.6
H5181	hbo:5181	it.stretches	H5307	hbo:5307	they.will.fall	similar	prior	0.5
H5183	hbo:5183a	quietness	H4494	hbo:4494	a.resting.place	similar	prior	0.6
H5183	hbo:5183a	quietness	H5181	hbo:5181	it.stretches	similar	prior	0.5
H5183	hbo:5183a	quietness	H5117	hbo:5117	he	similar	prior	0.5
H5185	hbo:5185	[is].descending	H5183	hbo:5183a	quietness	similar	prior	0.5
H5185	hbo:5185	[is].descending	H5181	hbo:5181	it.stretches	similar	prior	0.5
H5186	hbo:5186	incline	H5493	hbo:5493	he.turned.aside	similar	high	0.77
H5186	hbo:5186	incline	H4298	hbo:4298	the.spreading(s)	similar	prior	0.6
H5186	hbo:5186	incline	H6566	hbo:6566	he.spread.out	similar	prior	0.5
H5186	hbo:5186	incline	H5628	hbo:5628a	it.will.overhang	similar	prior	0.5
H5186	hbo:5186	incline	H6437	hbo:6437	turn	similar	prior	0.5
H5186	hbo:5186	incline	H7847	hbo:7847	she.will.turn.aside	similar	prior	0.5
H5186	hbo:5186	incline	H5203	hbo:5203	I.will.abandon	similar	prior	0.5
H5186	hbo:5186	incline	H4294	hbo:4294	the.tribe	similar	prior	0.5
H5186	hbo:5186	incline	H4296	hbo:4296	bed	similar	prior	0.5
H5186	hbo:5186	incline	H4297	hbo:4297	perverseness	similar	prior	0.5
H5187	hbo:5187	[the].weighers	H5190	hbo:5190	[am].laying	similar	prior	0.5
H5187	hbo:5187	[the].weighers	H5192	hbo:5192	the.burden	similar	prior	0.5
H5188	hbo:5188	pendants	H5198	hbo:5198	stacte	similar	prior	0.5
H5189	hbo:5189	tendrils	H2156	hbo:2156	branch	similar	prior	0.5
H5189	hbo:5189	tendrils	H6288	hbo:6288	branches	similar	prior	0.5
H5190	hbo:5190	[am].laying	H5375	hbo:5375	lift.up	similar	prior	0.5
H5190	hbo:5190	[am].laying	H5192	hbo:5192	the.burden	similar	prior	0.5
H5191	hbo:5191	I.lifted	H5190	hbo:5190	[am].laying	similar	prior	0.6
H5191	hbo:5191	I.lifted	H5192	hbo:5192	the.burden	similar	prior	0.6
H5192	hbo:5192	the.burden	H5190	hbo:5190	[am].laying	similar	prior	0.6
H5193	hbo:5193	plant	H2232	hbo:2232	you.will.sow	similar	high	0.793
H5194	hbo:5194	[is].the.plantation	H4302	hbo:4302	its.planting	similar	prior	0.6
H5195	hbo:5195	be].like.plants	H5193	hbo:5193	plant	similar	prior	0.5
H5195	hbo:5195	be].like.plants	H4302	hbo:4302	its.planting	similar	prior	0.5
H5195	hbo:5195	be].like.plants	H5194	hbo:5194	[is].the.plantation	similar	prior	0.5
H5197	hbo:5197	prophesy	H7491	hbo:7491	they.drip	similar	high	0.631
H5197	hbo:5197	prophesy	H5198	hbo:5198	stacte	similar	prior	0.6
H5197	hbo:5197	prophesy	H5188	hbo:5188	pendants	similar	prior	0.5
H5200	hbo:5200	Netophathite	H3761	hbo:3761	Carmelite	similar	high	0.683
H5200	hbo:5200	Netophathite	H7017	hbo:7017	Kenite	similar	prior	0.5
H5200	hbo:5200	Netophathite	H3459	hbo:3459	Ishmaelites	similar	prior	0.5
H5200	hbo:5200	Netophathite	H3158	hbo:3158	Jezreelite	similar	prior	0.5
H5201	hbo:5201	he.keep?	H8104	hbo:8104	keep	similar	prior	0.5
H5201	hbo:5201	he.keep?	H6485	hbo:6485	their.enrolled	similar	prior	0.5
H5201	hbo:5201	he.keep?	H5341	hbo:5341	keep	similar	prior	0.5
H5201	hbo:5201	he.keep?	H4307	hbo:4307	the.guard	similar	prior	0.5
H5201	hbo:5201	he.keep?	H7911	hbo:7911	forget	antonym	recall	0.45
H5203	hbo:5203	I.will.abandon	H5800	hbo:5800	they.forsook	similar	high	0.668
H5204	hbo:5204	wailing	H5092	hbo:5092	wailing	similar	prior	0.5
H5205	hbo:5205	the.condolence	H5112	hbo:5112	wandering	similar	prior	0.5
H5205	hbo:5205	the.condolence	H4493	hbo:4493	a.shaking	similar	prior	0.5
H5206	hbo:5206	impurity	H5079	hbo:5079	impurity	similar	prior	0.5
H5206	hbo:5206	impurity	H5074	hbo:5074	they.have.fled	similar	prior	0.5
H5206	hbo:5206	impurity	H5076	hbo:5076	restlessness(es)	similar	prior	0.5
H5207	hbo:5207	of.soothing	H7381	hbo:7381	an.odor	similar	high	1.0
H5207	hbo:5207	of.soothing	H0801	hbo:0801	a.fire.offering	similar	high	1.0
H5207	hbo:5207	of.soothing	H5930	hbo:5930	a.burnt.offering	similar	high	0.811
H5207	hbo:5207	of.soothing	H4496	hbo:4496	rest	similar	prior	0.5
H5207	hbo:5207	of.soothing	H5118	hbo:5118	your.resting	similar	prior	0.5
H5207	hbo:5207	of.soothing	H5117	hbo:5117	he	similar	prior	0.5
H5207	hbo:5207	of.soothing	H5183	hbo:5183a	quietness	similar	prior	0.5
H5207	hbo:5207	of.soothing	H4494	hbo:4494	a.resting.place	similar	prior	0.5
H5209	hbo:5209	posterity	H5220	hbo:5220	progeny	similar	high	0.966
H5213	hbo:5213	become].(into).a.spark	H5132	hbo:5132	they.fled	similar	prior	0.5
H5214	hbo:5214	plow	H5215	hbo:5215	unplowed.ground	similar	prior	0.5
H5216	hbo:5216	lamps	H4501	hbo:4501	lampstand	similar	high	1.0
H5216	hbo:5216	lamps	H3974	hbo:3974	light	similar	high	0.88
H5216	hbo:5216	lamps	H3940	hbo:3940	torches	similar	prior	0.5
H5218	hbo:5218a	stricken	H2470	hbo:2470	he.became.sick	similar	prior	0.5
H5218	hbo:5218a	stricken	H5219	hbo:5219	spice	similar	prior	0.5
H5220	hbo:5220	progeny	H5209	hbo:5209	posterity	similar	high	0.966
H5220	hbo:5220	progeny	H2233	hbo:2233	offspring	similar	prior	0.5
H5221	hbo:5221	he	H2026	hbo:2026	kill	similar	high	0.926
H5221	hbo:5221	he	H5062	hbo:5062	it.was.defeated	similar	high	0.822
H5221	hbo:5221	he	H5218	hbo:5218a	stricken	similar	prior	0.6
H5221	hbo:5221	he	H5222	hbo:5222	stricken.[people]	similar	prior	0.6
H5221	hbo:5221	he	H5055	hbo:5055	it.will.gore	similar	prior	0.5
H5221	hbo:5221	he	H4272	hbo:4272	he.smashes	similar	prior	0.5
H5221	hbo:5221	he	H5065	hbo:5065	taskmasters	similar	prior	0.5
H5221	hbo:5221	he	H2491	hbo:2491	slain	similar	prior	0.5
H5221	hbo:5221	he	H8628	hbo:8628	they.gave.a.blast	similar	prior	0.5
H5221	hbo:5221	he	H7523	hbo:7523	killer	similar	prior	0.5
H5221	hbo:5221	he	H7819	hbo:7819	he.will.cut.the.throat.of	similar	prior	0.5
H5221	hbo:5221	he	H5619	hbo:5619	they	similar	prior	0.5
H5222	hbo:5222	stricken.[people]	H5218	hbo:5218a	stricken	similar	prior	0.6
H5222	hbo:5222	stricken.[people]	H4347	hbo:4347	wounds	similar	prior	0.5
H5222	hbo:5222	stricken.[people]	H3559	hbo:3559	prepare	similar	prior	0.5
H5222	hbo:5222	stricken.[people]	H5221	hbo:5221	he	similar	prior	0.5
H5222	hbo:5222	stricken.[people]	H5223	hbo:5223	stricken	similar	prior	0.5
H5223	hbo:5223	stricken	H5218	hbo:5218a	stricken	similar	prior	0.6
H5223	hbo:5223	stricken	H4347	hbo:4347	wounds	similar	prior	0.5
H5223	hbo:5223	stricken	H3559	hbo:3559	prepare	similar	prior	0.5
H5223	hbo:5223	stricken	H5221	hbo:5221	he	similar	prior	0.5
H5228	hbo:5228	straightforward	H5229	hbo:5229	straightforwardness	similar	prior	0.6
H5228	hbo:5228	straightforward	H3477	hbo:3477	right	similar	high	0.571
H5228	hbo:5228	straightforward	H6141	hbo:6141	a.perverse.[person]	antonym	recall	0.422
H5230	hbo:5230	they.dealt.cunningly.with	H7411	hbo:7411a	have	similar	prior	0.5
H5230	hbo:5230	they.dealt.cunningly.with	H6231	hbo:6231	oppress	similar	prior	0.5
H5230	hbo:5230	they.dealt.cunningly.with	H4820	hbo:4820	deceit	similar	prior	0.5
H5230	hbo:5230	they.dealt.cunningly.with	H5231	hbo:5231	deceitfulness(es)	similar	prior	0.5
H5230	hbo:5230	they.dealt.cunningly.with	H3596	hbo:3596	a.scoundrel	similar	prior	0.5
H5231	hbo:5231	deceitfulness(es)	H3596	hbo:3596	a.scoundrel	similar	prior	0.5
H5233	hbo:5233	riches	H6239	hbo:6239	wealth	similar	high	0.856
H5233	hbo:5233	riches	H5459	hbo:5459	of.possession	similar	high	0.645
H5233	hbo:5233	riches	H2633	hbo:2633	wealth	similar	prior	0.5
H5233	hbo:5233	riches	H1952	hbo:1952	wealth	similar	prior	0.5
H5234	hbo:5234	he	H3045	hbo:3045	you.will.know	antonym	recall	0.613
H5234	hbo:5234	he	H5237	hbo:5237	foreign	similar	prior	0.5
H5234	hbo:5234a	[will.be].acting.as.a.stranger	H5235	hbo:5235	misfortune	similar	prior	0.5
H5236	hbo:5236	of.foreignness	H5237	hbo:5237	foreign	similar	high	0.965
H5236	hbo:5236	of.foreignness	H2114	hbo:2114b	strangers	similar	high	0.82
H5236	hbo:5236	of.foreignness	H1471	hbo:1471	nations	similar	prior	0.5
H5236	hbo:5236	of.foreignness	H5234	hbo:5234a	[will.be].acting.as.a.stranger	similar	prior	0.5
H5236	hbo:5236	of.foreignness	H5235	hbo:5235	misfortune	similar	prior	0.5
H5237	hbo:5237	foreign	H5236	hbo:5236	of.foreignness	similar	high	0.965
H5237	hbo:5237	foreign	H2114	hbo:2114b	strangers	similar	high	0.927
H5237	hbo:5237	foreign	H1616	hbo:1616	sojourner	similar	high	0.553
H5237	hbo:5237	foreign	H8453	hbo:8453	a.resident.alien	similar	prior	0.5
H5237	hbo:5237	foreign	H5234	hbo:5234a	[will.be].acting.as.a.stranger	similar	prior	0.5
H5237	hbo:5237	foreign	H5235	hbo:5235	misfortune	similar	prior	0.5
H5239	hbo:5239	as	H4512	hbo:4512	property	similar	prior	0.5
H5246	hbo:5246	a.leopard	H2061	hbo:2061	wolf	similar	high	0.867
H5246	hbo:5246	a.leopard	H0738	hbo:0738	lions	similar	high	0.712
H5246	hbo:5246	a.leopard	H3715	hbo:3715	a.young.lion	similar	high	0.614
H5246	hbo:5246	a.leopard	H0738	hbo:0738a	a.lion	similar	high	0.611
H5246	hbo:5246	a.leopard	H1677	hbo:1677	bear	similar	high	0.565
H5246	hbo:5246	a.leopard	H7826	hbo:7826	a.lion	similar	prior	0.5
H5251	hbo:5251	a.standard	H5264	hbo:5264	be.displayed	similar	prior	0.5
H5252	hbo:5252	a.turn.of.affairs	H5437	hbo:5437	they	similar	prior	0.6
H5252	hbo:5252	a.turn.of.affairs	H5438	hbo:5438	a.turn.of.affairs	similar	prior	0.6
H5252	hbo:5252	a.turn.of.affairs	H4524	hbo:4524	the.surroundings	similar	prior	0.5
H5254	hbo:5254	put	H4531	hbo:4531	trials	similar	prior	0.5
H5257	hbo:5257a	princes	H8269	hbo:8269	officials	similar	prior	0.5
H5257	hbo:5257a	princes	H4541	hbo:4541	a.molten.image	similar	prior	0.5
H5258	hbo:5258	he.poured.out	H5262	hbo:5262	their.drink	similar	high	0.828
H5258	hbo:5258	he.poured.out	H4541	hbo:4541	a.molten.image	similar	high	0.724
H5258	hbo:5258	he.poured.out	H5257	hbo:5257a	princes	similar	prior	0.6
H5258	hbo:5258	he.poured.out	H5261	hbo:5261	their.drink	similar	prior	0.5
H5260	hbo:5260	offer.in.sacrifice	H5261	hbo:5261	their.drink	similar	prior	0.5
H5262	hbo:5262	their.drink	H4503	hbo:4503	offering	similar	high	0.983
H5262	hbo:5262	their.drink	H5930	hbo:5930	a.burnt.offering	similar	high	0.879
H5262	hbo:5262	their.drink	H5257	hbo:5257a	princes	similar	prior	0.5
H5262	hbo:5262	their.drink	H4541	hbo:4541	a.molten.image	similar	prior	0.5
H5265	hbo:5265	they.set.out	H4550	hbo:4550	journeyings	similar	high	0.953
H5265	hbo:5265	they.set.out	H2583	hbo:2583	they.encamped	antonym	recall	0.898
H5265	hbo:5265	they.set.out	H0167	hbo:0167	he.moved.tent	similar	prior	0.5
H5265	hbo:5265	they.set.out	H6275	hbo:6275	he.moved.on	similar	prior	0.5
H5271	hbo:5271	youth(s)	H3208	hbo:3208	youth(s)	similar	high	0.775
H5271	hbo:5271	youth(s)	H5291	hbo:5291	woman	similar	prior	0.5
H5273	hbo:5273	pleasant	H5282	hbo:5282	of.pleasantness(es)	similar	prior	0.5
H5273	hbo:5273	pleasant	H4516	hbo:4516	delicacies	similar	prior	0.5
H5274	hbo:5274	locked	H4514	hbo:4514	bolts	similar	prior	0.5
H5274	hbo:5274	locked	H4515	hbo:4515	bolts	similar	prior	0.5
H5275	hbo:5275	sandals	H7272	hbo:7272	feet	similar	high	0.738
H5275	hbo:5275	sandals	H5274	hbo:5274	locked	similar	prior	0.5
H5275	hbo:5275	sandals	H4515	hbo:4515	bolts	similar	prior	0.5
H5276	hbo:5276	it.will.be.pleasant	H5273	hbo:5273	pleasant	similar	high	0.939
H5276	hbo:5276	it.will.be.pleasant	H5282	hbo:5282	of.pleasantness(es)	similar	prior	0.6
H5276	hbo:5276	it.will.be.pleasant	H5278	hbo:5278	of.kindness	similar	prior	0.5
H5276	hbo:5276	it.will.be.pleasant	H4516	hbo:4516	delicacies	similar	prior	0.5
H5278	hbo:5278	of.kindness	H5282	hbo:5282	of.pleasantness(es)	similar	prior	0.6
H5278	hbo:5278	of.kindness	H5276	hbo:5276	it.will.be.pleasant	similar	prior	0.6
H5278	hbo:5278	of.kindness	H4966	hbo:4966	sweet	similar	high	0.553
H5278	hbo:5278	of.kindness	H2617	hbo:2617	loyalty	similar	prior	0.5
H5278	hbo:5278	of.kindness	H3190	hbo:3190	it.was.good	similar	prior	0.5
H5278	hbo:5278	of.kindness	H4516	hbo:4516	delicacies	similar	prior	0.5
H5282	hbo:5282	of.pleasantness(es)	H5273	hbo:5273	pleasant	similar	prior	0.6
H5282	hbo:5282	of.pleasantness(es)	H4516	hbo:4516	delicacies	similar	prior	0.5
H5287	hbo:5287	he.shook.off	H5128	hbo:5128	sway	similar	high	0.526
H5287	hbo:5287	he.shook.off	H5296	hbo:5296	tow	similar	prior	0.5
H5288	hbo:5288	lad	H5291	hbo:5291	woman	similar	high	1.0
H5288	hbo:5288	lad	H3206	hbo:3206	children	similar	high	0.894
H5288	hbo:5288	lad	H5650	hbo:5650	servant	similar	high	0.723
H5288	hbo:5288	lad	H2204	hbo:2204	he.was.old	antonym	recall	0.599
H5288	hbo:5288	lad	H2205	hbo:2205	the.elders	antonym	recall	0.585
H5288	hbo:5288	lad	H0977	hbo:0977	he.will.choose	similar	prior	0.5
H5288	hbo:5288	lad	H2945	hbo:2945	one[s]	similar	prior	0.5
H5288	hbo:5288	lad	H6810	hbo:6810	young	similar	prior	0.5
H5288	hbo:5288	lad	H5271	hbo:5271	youth(s)	similar	prior	0.5
H5288	hbo:5288	lad	H5290	hbo:5290	youth	similar	prior	0.5
H5290	hbo:5290	youth	H5271	hbo:5271	youth(s)	similar	high	0.756
H5290	hbo:5290	youth	H3208	hbo:3208	youth(s)	similar	high	0.703
H5290	hbo:5290	youth	H0970	hbo:0970	men	similar	prior	0.5
H5291	hbo:5291	woman	H5288	hbo:5288	lad	similar	high	1.0
H5291	hbo:5291	woman	H0802	hbo:0802	woman	similar	high	0.894
H5291	hbo:5291	woman	H1330	hbo:1330	a.virgin	similar	high	0.844
H5291	hbo:5291	woman	H1323	hbo:1323	daughters	similar	high	0.712
H5291	hbo:5291	woman	H5959	hbo:5959	woman	similar	prior	0.6
H5291	hbo:5291	woman	H5958	hbo:5958	young.man	similar	prior	0.6
H5291	hbo:5291	woman	H0519	hbo:0519	maidservant	similar	prior	0.5
H5291	hbo:5291	woman	H5290	hbo:5290	youth	similar	prior	0.5
H5299	hbo:5299	the.height	H2022	hbo:2022	the.mountain	similar	prior	0.5
H5299	hbo:5299	the.height	H1389	hbo:1389	hills	similar	prior	0.5
H5301	hbo:5301	blow	H4647	hbo:4647	[the].bellow[s]	similar	prior	0.6
H5301	hbo:5301	blow	H1197	hbo:1197	it.burned	similar	high	0.587
H5306	hbo:5306	turquoise	H3095	hbo:3095	an.emerald	similar	high	0.975
H5306	hbo:5306	turquoise	H3471	hbo:3471	a.jasper	similar	high	0.973
H5306	hbo:5306	turquoise	H0124	hbo:0124	of.a.ruby	similar	high	0.872
H5306	hbo:5306	turquoise	H6357	hbo:6357	a.topaz	similar	high	0.857
H5306	hbo:5306	turquoise	H7718	hbo:7718	of.onyx	similar	high	0.845
H5306	hbo:5306	turquoise	H1304	hbo:1304	a.beryl	similar	prior	0.5
H5307	hbo:5307	they.will.fall	H7993	hbo:7993	he.threw	similar	prior	0.5
H5309	hbo:5309	a.miscarriage	H4658	hbo:4658	your.downfall	similar	prior	0.5
H5309	hbo:5309	a.miscarriage	H5307	hbo:5307	they.will.fall	similar	prior	0.5
H5310	hbo:5310	I.smash	H4660	hbo:4660	his.shattering	similar	prior	0.5
H5310	hbo:5310	I.smash	H5311	hbo:5311	a.driving.storm	similar	prior	0.5
H5310	hbo:5310	I.smash	H4661	hbo:4661	[are].a.war-club	similar	prior	0.5
H5310	hbo:5310a	it.was.scattered	H6327	hbo:6327	they.were.scattered	similar	high	0.892
H5310	hbo:5310a	it.was.scattered	H1792	hbo:1792	they.are.crushed	similar	prior	0.5
H5310	hbo:5310a	it.was.scattered	H2219	hbo:2219	I.will.disperse	similar	prior	0.5
H5311	hbo:5311	a.driving.storm	H4661	hbo:4661	[are].a.war-club	similar	prior	0.5
H5313	hbo:5313	the	H5312	hbo:5312	he.had.brought.out	similar	prior	0.5
H5314	hbo:5314	he.refreshed.himself	H7305	hbo:7305	relief	similar	prior	0.5
H5314	hbo:5314	he.refreshed.himself	H5315	hbo:5315	self	similar	prior	0.5
H5315	hbo:5315	self	H5397	hbo:5397	breath	similar	high	0.672
H5315	hbo:5315	self	H0185	hbo:0185	the.desire	similar	high	0.622
H5316	hbo:5316	Napheth	H5299	hbo:5299	the.height	similar	prior	0.5
H5316	hbo:5316	Napheth	H5131	hbo:5131	of.height	similar	prior	0.5
H5317	hbo:5317	honey	H1706	hbo:1706	honey	similar	high	0.722
H5317	hbo:5317	honey	H3295	hbo:3295a	the.honeycomb	similar	prior	0.5
H5319	hbo:5319	wrestling(s)	H6616	hbo:6616	a.cord	similar	prior	0.5
H5319	hbo:5319	wrestling(s)	H6617	hbo:6617	you.show.yourself.twisted	similar	prior	0.5
H5322	hbo:5322a	falcon	H5328	hbo:5328	blossom	similar	prior	0.6
H5322	hbo:5322a	falcon	H6692	hbo:6692	it.has.blossomed	similar	prior	0.5
H5322	hbo:5322a	falcon	H5404	hbo:5404	eagle	similar	prior	0.5
H5322	hbo:5322a	falcon	H6525	hbo:6525	blossom	similar	prior	0.5
H5322	hbo:5322a	falcon	H5132	hbo:5132	they.fled	similar	prior	0.5
H5322	hbo:5322a	falcon	H5213	hbo:5213	become].(into).a.spark	similar	prior	0.5
H5322	hbo:5322a	falcon	H5340	hbo:5340a	it.will.bloom	similar	prior	0.5
H5324	hbo:5324	[was].standing	H5975	hbo:5975	he.stood	similar	high	0.916
H5324	hbo:5324	[was].standing	H3320	hbo:3320	take.your.stand	similar	high	0.889
H5324	hbo:5324	[was].standing	H6965	hbo:6965	he.arose	similar	high	0.815
H5324	hbo:5324	[was].standing	H3322	hbo:3322	he	similar	prior	0.5
H5324	hbo:5324	[was].standing	H4676	hbo:4676	a.pillar	similar	prior	0.5
H5324	hbo:5324	[was].standing	H5333	hbo:5333	garrisons	similar	prior	0.5
H5324	hbo:5324	[was].standing	H4673	hbo:4673	the.garrison	similar	prior	0.5
H5324	hbo:5324	[was].standing	H4674	hbo:4674	siege-works	similar	prior	0.5
H5325	hbo:5325	hilt	H4678	hbo:4678	a.pillar	similar	prior	0.5
H5325	hbo:5325	hilt	H4673	hbo:4673	the.garrison	similar	prior	0.5
H5325	hbo:5325	hilt	H4674	hbo:4674	siege-works	similar	prior	0.5
H5325	hbo:5325	hilt	H4676	hbo:4676	a.pillar	similar	prior	0.5
H5325	hbo:5325	hilt	H5324	hbo:5324	[was].standing	similar	prior	0.5
H5325	hbo:5325	hilt	H5333	hbo:5333	garrisons	similar	prior	0.5
H5327	hbo:5327	they.struggled.together	H4695	hbo:4695	your.strife	similar	prior	0.5
H5327	hbo:5327	they.struggled.together	H4683	hbo:4683	contention	similar	prior	0.5
H5327	hbo:5327a	ruined	H4683	hbo:4683	contention	similar	prior	0.6
H5327	hbo:5327a	ruined	H2717	hbo:2717	they.will.be.waste	similar	prior	0.5
H5328	hbo:5328	blossom	H5340	hbo:5340a	it.will.bloom	similar	prior	0.5
H5328	hbo:5328	blossom	H5132	hbo:5132	they.fled	similar	prior	0.5
H5328	hbo:5328	blossom	H5213	hbo:5213	become].(into).a.spark	similar	prior	0.5
H5331	hbo:5331	perpetuity	H5769	hbo:5769	of.perpetuity	similar	high	0.86
H5331	hbo:5331	perpetuity	H5329	hbo:5329	choirmaster	similar	prior	0.5
H5333	hbo:5333	garrisons	H4673	hbo:4673	the.garrison	similar	prior	0.5
H5333	hbo:5333	garrisons	H4674	hbo:4674	siege-works	similar	prior	0.5
H5337	hbo:5337	deliver	H3467	hbo:3467	save	similar	high	1.0
H5337	hbo:5337	deliver	H3467	hbo:3467a	a.deliverer	similar	high	0.947
H5337	hbo:5337	deliver	H6403	hbo:6403	deliverer	similar	high	0.842
H5337	hbo:5337	deliver	H2502	hbo:2502	I	similar	high	0.768
H5340	hbo:5340a	it.will.bloom	H6524	hbo:6524	it.will.bud	similar	high	0.586
H5340	hbo:5340a	it.will.bloom	H5322	hbo:5322a	falcon	similar	prior	0.5
H5340	hbo:5340a	it.will.bloom	H7718	hbo:7718	of.onyx	similar	prior	0.5
H5340	hbo:5340a	it.will.bloom	H5132	hbo:5132	they.fled	similar	prior	0.5
H5340	hbo:5340a	it.will.bloom	H5213	hbo:5213	become].(into).a.spark	similar	prior	0.5
H5341	hbo:5341	keep	H6887	hbo:6887	it.is.distress	similar	prior	0.6
H5341	hbo:5341	keep	H1598	hbo:1598	I.will.defend	similar	prior	0.5
H5341	hbo:5341	keep	H1252	hbo:1252	to.the.cleanness	similar	prior	0.5
H5341	hbo:5341	keep	H6822	hbo:6822	watchman	similar	prior	0.5
H5342	hbo:5342	a.shoot	H1503	hbo:1503	the.rootstock	similar	high	0.848
H5342	hbo:5342	a.shoot	H3127	hbo:3127	shoots	similar	prior	0.5
H5344	hbo:5344	they.had.been.designated	H2921	hbo:2921	spotted	similar	prior	0.5
H5344	hbo:5344	they.had.been.designated	H5347	hbo:5347	female	similar	prior	0.5
H5344	hbo:5344	they.had.been.designated	H4717	hbo:4717	hammers	similar	prior	0.5
H5344	hbo:5344	they.had.been.designated	H4718	hbo:4718	[the].excavation	similar	prior	0.5
H5344	hbo:5344a	he.slandered	H0779	hbo:0779	[is].cursed	similar	high	0.554
H5345	hbo:5345	settings	H5347	hbo:5347	female	similar	prior	0.5
H5345	hbo:5345	settings	H4718	hbo:4718	[the].excavation	similar	prior	0.5
H5345	hbo:5345	settings	H5344	hbo:5344	they.had.been.designated	similar	prior	0.5
H5345	hbo:5345	settings	H4717	hbo:4717	hammers	similar	prior	0.5
H5347	hbo:5347	female	H2145	hbo:2145	male	antonym	recall	0.778
H5347	hbo:5347	female	H4717	hbo:4717	hammers	similar	prior	0.5
H5347	hbo:5347	female	H4718	hbo:4718	[the].excavation	similar	prior	0.5
H5348	hbo:5348	speckled	H6124	hbo:6124	striped.[ones]	similar	high	1.0
H5348	hbo:5348	speckled	H2921	hbo:2921	spotted	similar	high	1.0
H5348	hbo:5348	speckled	H1261	hbo:1261	mottled	similar	high	0.757
H5350	hbo:5350	crumbs	H5348	hbo:5348	speckled	similar	prior	0.5
H5351	hbo:5351	(the).studs	H5348	hbo:5348	speckled	similar	prior	0.5
H5351	hbo:5351	(the).studs	H5350	hbo:5350	crumbs	similar	prior	0.5
H5352	hbo:5352	he.will.go.unpunished	H5355	hbo:5355	innocent	similar	high	0.891
H5352	hbo:5352	he.will.go.unpunished	H5356	hbo:5356	innocence	similar	prior	0.6
H5352	hbo:5352	he.will.go.unpunished	H2135	hbo:2135	I.have.kept.pure	similar	prior	0.5
H5355	hbo:5355	innocent	H5352	hbo:5352	he.will.go.unpunished	similar	high	0.891
H5355	hbo:5355	innocent	H5356	hbo:5356	innocence	similar	prior	0.6
H5355	hbo:5355	innocent	H8535	hbo:8535	blameless	similar	prior	0.5
H5355	hbo:5355	innocent	H6662	hbo:6662	righteous	similar	prior	0.5
H5356	hbo:5356	innocence	H6949	hbo:6949	they.will.be.blunt	similar	prior	0.5
H5356	hbo:5356	innocence	H5355	hbo:5355	innocent	similar	prior	0.5
H5356	hbo:5356	innocence	H5352	hbo:5352	he.will.go.unpunished	similar	prior	0.5
H5357	hbo:5357	the.clefts	H2288	hbo:2288	the.clefts	similar	prior	0.5
H5357	hbo:5357	the.clefts	H5585	hbo:5585a	the.clefts	similar	prior	0.5
H5357	hbo:5357	the.clefts	H4526	hbo:4526	rims	similar	prior	0.5
H5358	hbo:5358	he.will.be.avenged	H5359	hbo:5359	vengeance	similar	high	1.0
H5359	hbo:5359	vengeance	H5358	hbo:5358	he.will.be.avenged	similar	high	1.0
H5359	hbo:5359	vengeance	H5360	hbo:5360	vengeance	similar	high	1.0
H5359	hbo:5359	vengeance	H7966	hbo:7966	retribution	similar	high	0.688
H5360	hbo:5360	vengeance	H5359	hbo:5359	vengeance	similar	high	1.0
H5362	hbo:5362	he.will.cut.down	H5363	hbo:5363	beating	similar	prior	0.5
H5362	hbo:5362a	[they.were].encircling	H5437	hbo:5437	they	similar	high	0.755
H5362	hbo:5362a	[they.were].encircling	H3803	hbo:3803a	[is].surrounding	similar	prior	0.5
H5362	hbo:5362a	[they.were].encircling	H5849	hbo:5849	crowns	similar	prior	0.5
H5362	hbo:5362a	[they.were].encircling	H5364	hbo:5364	a.rope	similar	prior	0.5
H5365	hbo:5365	gouging.out	H5423	hbo:5423	he.tore.apart	similar	prior	0.5
H5365	hbo:5365	gouging.out	H3738	hbo:3738	they.have.dug	similar	prior	0.5
H5366	hbo:5366	the.cleft	H5357	hbo:5357	the.clefts	similar	prior	0.5
H5366	hbo:5366	the.cleft	H2288	hbo:2288	the.clefts	similar	prior	0.5
H5366	hbo:5366	the.cleft	H5365	hbo:5365	gouging.out	similar	prior	0.5
H5367	hbo:5367	setting.traps	H4170	hbo:4170	snare	similar	high	0.688
H5372	hbo:5372	a.slanderer	H7279	hbo:7279	you.murmured	similar	prior	0.5
H5375	hbo:5375	lift.up	H7613	hbo:7613	majesty	similar	prior	0.6
H5375	hbo:5375	lift.up	H5545	hbo:5545	it.will.be.forgiven	similar	prior	0.5
H5375	hbo:5375	lift.up	H5414	hbo:5414	give	similar	prior	0.5
H5375	hbo:5375	lift.up	H7311	hbo:7311	you.will.offer.up	similar	prior	0.5
H5375	hbo:5375	lift.up	H5387	hbo:5387	prince	similar	prior	0.5
H5375	hbo:5375	lift.up	H7613	hbo:7613a	a.swelling	similar	prior	0.5
H5375	hbo:5375	lift.up	H4856	hbo:4856	lifting.up	similar	prior	0.5
H5375	hbo:5375	lift.up	H4858	hbo:4858	lifting.up	similar	prior	0.5
H5375	hbo:5375	lift.up	H7863	hbo:7863	loftiness	similar	prior	0.5
H5375	hbo:5375	lift.up	H5385	hbo:5385	burdens	similar	prior	0.5
H5377	hbo:5377	let.him.deceive	H6601	hbo:6601	will.he.deceive	similar	prior	0.5
H5377	hbo:5377	let.him.deceive	H4876	hbo:4876	deceptions	similar	prior	0.5
H5378	hbo:5378	a.creditor	H1681	hbo:1681	[the].whispering	similar	prior	0.5
H5380	hbo:5380	he.drove.away	H7307	hbo:7307	spirit	similar	high	0.613
H5380	hbo:5380	he.drove.away	H1760	hbo:1760	he.is.pushed.down	similar	prior	0.5
H5380	hbo:5380	he.drove.away	H5086	hbo:5086	driven.about	similar	prior	0.5
H5381	hbo:5381	it.will.reach	H4672	hbo:4672	I.have.found	similar	high	0.656
H5381	hbo:5381	it.will.reach	H7291	hbo:7291	they.pursued	similar	high	0.617
H5381	hbo:5381	it.will.reach	H1692	hbo:1692	it.clings	similar	prior	0.5
H5382	hbo:5382	he	H7911	hbo:7911	forget	similar	high	0.705
H5382	hbo:5382	he	H7876	hbo:7876	you.forgot	similar	prior	0.6
H5385	hbo:5385	burdens	H7863	hbo:7863	loftiness	similar	prior	0.5
H5385	hbo:5385	burdens	H4858	hbo:4858	lifting.up	similar	prior	0.5
H5387	hbo:5387	prince	H0441	hbo:0441	chief	similar	prior	0.5
H5387	hbo:5387	prince	H2205	hbo:2205	the.elders	similar	prior	0.5
H5387	hbo:5387	prince	H8269	hbo:8269	officials	similar	prior	0.5
H5387	hbo:5387	prince	H5257	hbo:5257a	princes	similar	prior	0.5
H5387	hbo:5387	prince	H5633	hbo:5633	the.rulers	similar	prior	0.5
H5387	hbo:5387	prince	H4899	hbo:4899	the.[one].anointed	similar	prior	0.5
H5387	hbo:5387	prince	H6496	hbo:6496	overseers	similar	prior	0.5
H5387	hbo:5387	prince	H5057	hbo:5057	ruler	similar	prior	0.5
H5387	hbo:5387	prince	H5461	hbo:5461	officials	similar	prior	0.5
H5387	hbo:5387	prince	H4858	hbo:4858	lifting.up	similar	prior	0.5
H5387	hbo:5387	prince	H4856	hbo:4856	lifting.up	similar	prior	0.5
H5387	hbo:5387	prince	H5385	hbo:5385	burdens	similar	prior	0.5
H5387	hbo:5387	prince	H7863	hbo:7863	loftiness	similar	prior	0.5
H5388	hbo:5388	of.forgetting	H7876	hbo:7876	you.forgot	similar	prior	0.6
H5388	hbo:5388	of.forgetting	H5382	hbo:5382	he	similar	prior	0.6
H5390	hbo:5390	[the].kisses	H5528	hbo:5528	I.have.acted.foolishly	similar	prior	0.5
H5390	hbo:5390	[the].kisses	H5401	hbo:5401	he.kissed	similar	prior	0.5
H5391	hbo:5391	it	H5392	hbo:5392	interest	similar	prior	0.5
H5391	hbo:5391a	you.will.charge.interest	H5392	hbo:5392	interest	similar	high	1.0
H5391	hbo:5391a	you.will.charge.interest	H8636	hbo:8636	usury	similar	high	0.64
H5391	hbo:5391a	you.will.charge.interest	H3992	hbo:3992	malignant	similar	prior	0.5
H5391	hbo:5391a	you.will.charge.interest	H5391	hbo:5391	it	similar	prior	0.5
H5392	hbo:5392	interest	H5391	hbo:5391a	you.will.charge.interest	similar	high	1.0
H5392	hbo:5392	interest	H8636	hbo:8636	usury	similar	high	0.959
H5392	hbo:5392	interest	H4855	hbo:4855	usury	similar	prior	0.5
H5393	hbo:5393	room	H3957	hbo:3957	rooms	similar	prior	0.6
H5393	hbo:5393	room	H2315	hbo:2315	a.room	similar	prior	0.5
H5397	hbo:5397	breath	H7307	hbo:7307	spirit	similar	high	0.745
H5397	hbo:5397	breath	H5315	hbo:5315	self	similar	high	0.672
H5397	hbo:5397	breath	H8580	hbo:8580a	owl	similar	prior	0.5
H5397	hbo:5397	breath	H5395	hbo:5395	I.puff	similar	prior	0.5
H5398	hbo:5398	you.blew	H5301	hbo:5301	blow	similar	prior	0.5
H5399	hbo:5399	twilight	H6153	hbo:6153	evening	similar	prior	0.5
H5399	hbo:5399	twilight	H5939	hbo:5939	darkness	similar	prior	0.5
H5399	hbo:5399	twilight	H1242	hbo:1242	morning	similar	prior	0.5
H5399	hbo:5399	twilight	H5398	hbo:5398	you.blew	similar	prior	0.5
H5399	hbo:5399	twilight	H3244	hbo:3244	owl	similar	prior	0.5
H5401	hbo:5401	he.kissed	H2263	hbo:2263	he.embraced	similar	high	0.724
H5401	hbo:5401	he.kissed	H5060	hbo:5060	who].touches	similar	prior	0.5
H5402	hbo:5402	weaponry	H5401	hbo:5401	he.kissed	similar	prior	0.5
H5403	hbo:5403	eagles	H5404	hbo:5404	eagle	similar	prior	0.6
H5404	hbo:5404	eagle	H1675	hbo:1675	it.swoops.down	similar	high	0.684
H5406	hbo:5406	the.letter	H5407	hbo:5407	the	similar	prior	0.6
H5408	hbo:5408	he	H5409	hbo:5409	pieces	similar	high	1.0
H5409	hbo:5409	pieces	H5408	hbo:5408	he	similar	high	1.0
H5410	hbo:5410	paths	H0734	hbo:0734	path	similar	high	1.0
H5410	hbo:5410	paths	H4570	hbo:4570a	tracks	similar	high	0.828
H5410	hbo:5410	paths	H1870	hbo:1870	way	similar	high	0.795
H5410	hbo:5410a	[the].path	H0734	hbo:0734	path	similar	high	0.851
H5411	hbo:5411	servants	H4979	hbo:4979	gifts	similar	prior	0.5
H5411	hbo:5411	servants	H4991	hbo:4991	a.gift	similar	prior	0.5
H5413	hbo:5413	it.was.poured.out	H3332	hbo:3332	he.poured	similar	prior	0.5
H5413	hbo:5413	it.was.poured.out	H2229	hbo:2229a	they.poured.forth	similar	prior	0.5
H5413	hbo:5413	it.was.poured.out	H2046	hbo:2046	melting	similar	prior	0.5
H5414	hbo:5414	give	H7760	hbo:7760	he.put	similar	high	0.851
H5414	hbo:5414	give	H6059	hbo:6059	generously.(provide)	similar	prior	0.5
H5414	hbo:5414	give	H4976	hbo:4976	a.gift	similar	prior	0.5
H5414	hbo:5414	give	H4991	hbo:4991	a.gift	similar	prior	0.5
H5414	hbo:5414	give	H5411	hbo:5411	servants	similar	prior	0.5
H5422	hbo:5422	they.pulled.down	H2040	hbo:2040	he	similar	high	0.824
H5422	hbo:5422	they.pulled.down	H5428	hbo:5428	pluck.up	similar	high	0.665
H5422	hbo:5422	they.pulled.down	H1129	hbo:1129	he.built	antonym	recall	0.529
H5422	hbo:5422	they.pulled.down	H2000	hbo:2000	he	similar	prior	0.5
H5422	hbo:5422	they.pulled.down	H6209	hbo:6209	they.laid.bare	similar	prior	0.5
H5422	hbo:5422	they.pulled.down	H7843	hbo:7843	destroy	similar	prior	0.5
H5423	hbo:5423	he.tore.apart	H1438	hbo:1438	he.cut.down	similar	prior	0.5
H5423	hbo:5423	he.tore.apart	H5255	hbo:5255	you.will.be.torn.away	similar	prior	0.5
H5423	hbo:5423	he.tore.apart	H5424	hbo:5424	scall	similar	prior	0.5
H5424	hbo:5424	scall	H5061	hbo:5061	plague	similar	high	1.0
H5424	hbo:5424	scall	H6883	hbo:6883	of.a.serious.skin.disease	similar	high	0.981
H5424	hbo:5424	scall	H7822	hbo:7822	boil[s]	similar	prior	0.5
H5425	hbo:5425b	to.unfasten	H7540	hbo:7540	they	similar	prior	0.5
H5425	hbo:5425b	to.unfasten	H2673	hbo:2673	he.divided	similar	prior	0.5
H5425	hbo:5425b	to.unfasten	H5203	hbo:5203	I.will.abandon	similar	prior	0.5
H5428	hbo:5428	pluck.up	H5422	hbo:5422	they.pulled.down	similar	high	0.665
H5428	hbo:5428	pluck.up	H2040	hbo:2040	he	similar	high	0.606
H5428	hbo:5428	pluck.up	H5255	hbo:5255	you.will.be.torn.away	similar	prior	0.5
H5429	hbo:5429	a.seah	H1969	hbo:1969	hin	similar	prior	0.5
H5431	hbo:5431	[which].marches	H5430	hbo:5430	boot	similar	prior	0.5
H5433	hbo:5433	a.drunkard	H2151	hbo:2151	gluttons	similar	high	0.778
H5435	hbo:5435	drink	H7941	hbo:7941	strong.drink	similar	prior	0.5
H5435	hbo:5435	drink	H8354	hbo:8354	drink	similar	prior	0.5
H5437	hbo:5437	they	H6437	hbo:6437	turn	similar	high	0.875
H5437	hbo:5437	they	H5362	hbo:5362a	[they.were].encircling	similar	high	0.755
H5437	hbo:5437	they	H7725	hbo:7725	return	similar	prior	0.6
H5437	hbo:5437	they	H5975	hbo:5975	he.stood	antonym	recall	0.514
H5437	hbo:5437	they	H0661	hbo:0661	they	similar	prior	0.5
H5437	hbo:5437	they	H5438	hbo:5438	a.turn.of.affairs	similar	prior	0.5
H5437	hbo:5437	they	H5252	hbo:5252	a.turn.of.affairs	similar	prior	0.5
H5437	hbo:5437	they	H4141	hbo:4141	the.surrounding	similar	prior	0.5
H5437	hbo:5437	they	H4524	hbo:4524	the.surroundings	similar	prior	0.5
H5438	hbo:5438	a.turn.of.affairs	H5437	hbo:5437	they	similar	prior	0.6
H5438	hbo:5438	a.turn.of.affairs	H5252	hbo:5252	a.turn.of.affairs	similar	prior	0.5
H5438	hbo:5438	a.turn.of.affairs	H4524	hbo:4524	the.surroundings	similar	prior	0.5
H5438	hbo:5438	a.turn.of.affairs	H4141	hbo:4141	the.surrounding	similar	prior	0.5
H5440	hbo:5440	they.are.entangled	H5441	hbo:5441	thicket	similar	prior	0.5
H5440	hbo:5440	they.are.entangled	H5442	hbo:5442	thicket	similar	prior	0.5
H5441	hbo:5441	thicket	H5440	hbo:5440	they.are.entangled	similar	prior	0.6
H5441	hbo:5441	thicket	H5442	hbo:5442	thicket	similar	prior	0.5
H5442	hbo:5442	thicket	H5441	hbo:5441	thicket	similar	prior	0.6
H5442	hbo:5442	thicket	H5440	hbo:5440	they.are.entangled	similar	prior	0.6
H5443	hbo:5443	trigon	H4953	hbo:4953	the	similar	high	1.0
H5445	hbo:5445	I.will.carry	H5449	hbo:5449	burden-bearer[s]	similar	prior	0.6
H5445	hbo:5445	I.will.carry	H5447	hbo:5447	the.forced.labor	similar	prior	0.6
H5445	hbo:5445	I.will.carry	H4853	hbo:4853	burden	similar	prior	0.5
H5445	hbo:5445	I.will.carry	H5375	hbo:5375	lift.up	similar	prior	0.5
H5447	hbo:5447	the.forced.labor	H5449	hbo:5449	burden-bearer[s]	similar	prior	0.6
H5447	hbo:5447	the.forced.labor	H4853	hbo:4853	burden	similar	prior	0.5
H5447	hbo:5447	the.forced.labor	H5445	hbo:5445	I.will.carry	similar	prior	0.5
H5447	hbo:5447	the.forced.labor	H5450	hbo:5450	their.forced	similar	prior	0.5
H5447	hbo:5447	the.forced.labor	H5451	hbo:5451	Sibboleth	similar	prior	0.5
H5448	hbo:5448	burden	H4853	hbo:4853	burden	similar	prior	0.5
H5448	hbo:5448	burden	H5445	hbo:5445	I.will.carry	similar	prior	0.5
H5448	hbo:5448	burden	H5450	hbo:5450	their.forced	similar	prior	0.5
H5449	hbo:5449	burden-bearer[s]	H5450	hbo:5450	their.forced	similar	prior	0.5
H5449	hbo:5449	burden-bearer[s]	H5448	hbo:5448	burden	similar	prior	0.5
H5449	hbo:5449	burden-bearer[s]	H5445	hbo:5445	I.will.carry	similar	prior	0.5
H5450	hbo:5450	their.forced	H5449	hbo:5449	burden-bearer[s]	similar	prior	0.6
H5450	hbo:5450	their.forced	H5447	hbo:5447	the.forced.labor	similar	prior	0.6
H5450	hbo:5450	their.forced	H5445	hbo:5445	I.will.carry	similar	prior	0.6
H5450	hbo:5450	their.forced	H6531	hbo:6531	harshness	similar	high	0.517
H5450	hbo:5450	their.forced	H6031	hbo:6031	he	similar	prior	0.5
H5451	hbo:5451	Sibboleth	H7641	hbo:7641	of.grain	similar	prior	0.6
H5451	hbo:5451	Sibboleth	H7641	hbo:7641a	a.flood	similar	prior	0.6
H5451	hbo:5451	Sibboleth	H5448	hbo:5448	burden	similar	prior	0.5
H5451	hbo:5451	Sibboleth	H5450	hbo:5450	their.forced	similar	prior	0.5
H5451	hbo:5451	Sibboleth	H5449	hbo:5449	burden-bearer[s]	similar	prior	0.5
H5451	hbo:5451	Sibboleth	H5445	hbo:5445	I.will.carry	similar	prior	0.5
H5456	hbo:5456	he.prostrated.himself	H7812	hbo:7812a	he.bowed.down	similar	prior	0.5
H5458	hbo:5458a	pure.gold	H2091	hbo:2091	gold	similar	high	0.975
H5458	hbo:5458a	pure.gold	H5462	hbo:5462	he	similar	prior	0.5
H5458	hbo:5458a	pure.gold	H4525	hbo:4525a	smith	similar	prior	0.5
H5458	hbo:5458a	pure.gold	H4526	hbo:4526	rims	similar	prior	0.5
H5458	hbo:5458a	pure.gold	H5474	hbo:5474	cage	similar	prior	0.5
H5459	hbo:5459	of.possession	H5233	hbo:5233	riches	similar	high	0.645
H5459	hbo:5459	of.possession	H2073	hbo:2073	of.loftiness	similar	prior	0.5
H5459	hbo:5459	of.possession	H0214	hbo:0214	storehouses	similar	prior	0.5
H5461	hbo:5461	officials	H8269	hbo:8269	officials	similar	high	0.882
H5461	hbo:5461	officials	H6346	hbo:6346	governors	similar	high	0.727
H5461	hbo:5461	officials	H7991	hbo:7991	officers	similar	high	0.657
H5462	hbo:5462	he	H6605	hbo:6605	open	antonym	recall	0.513
H5462	hbo:5462	he	H7092	hbo:7092	it.shuts	similar	prior	0.5
H5462	hbo:5462	he	H4526	hbo:4526	rims	similar	prior	0.5
H5462	hbo:5462	he	H4525	hbo:4525a	smith	similar	prior	0.5
H5463	hbo:5463	he.closed	H5462	hbo:5462	he	similar	prior	0.6
H5468	hbo:5468	order(s)	H7713	hbo:7713	ranks	similar	prior	0.5
H5470	hbo:5470	the.prison	H3608	hbo:3608	imprisonment	similar	high	0.696
H5470	hbo:5470	the.prison	H5469	hbo:5469	roundness	similar	prior	0.5
H5472	hbo:5472	may.they.be.turned.back	H5509	hbo:5509	dross(es)	similar	prior	0.5
H5474	hbo:5474	cage	H5462	hbo:5462	he	similar	prior	0.5
H5474	hbo:5474	cage	H4526	hbo:4526	rims	similar	prior	0.5
H5474	hbo:5474	cage	H4525	hbo:4525a	smith	similar	prior	0.5
H5475	hbo:5475	counsel	H6098	hbo:6098	counsel	similar	high	0.846
H5475	hbo:5475	counsel	H4156	hbo:4156	schemes	similar	prior	0.5
H5475	hbo:5475	counsel	H7328	hbo:7328	the	similar	prior	0.5
H5480	hbo:5480	you.will.anoint.yourself	H4886	hbo:4886	you.will.anoint	similar	prior	0.5
H5480	hbo:5480	you.will.anoint.yourself	H2881	hbo:2881	he.will.dip	similar	prior	0.5
H5480	hbo:5480	you.will.anoint.yourself	H1878	hbo:1878	he.will.be.made.fat	similar	prior	0.5
H5483	hbo:5483	horses	H7393	hbo:7393	chariotry	similar	high	1.0
H5483	hbo:5483	horses	H6571	hbo:6571	horsemen	similar	high	1.0
H5483	hbo:5483	horses	H4818	hbo:4818	chariot	similar	high	0.999
H5483	hbo:5483	horses	H7392	hbo:7392	rider	similar	high	0.965
H5483	hbo:5483	horses	H6505	hbo:6505	mules	similar	high	0.782
H5483	hbo:5483	horses	H7409	hbo:7409	steed[s]	similar	high	0.702
H5483	hbo:5483	horses	H4817	hbo:4817	chariotry	similar	high	0.676
H5483	hbo:5483	horses	H7395	hbo:7395	charioteer	similar	prior	0.5
H5484	hbo:5484	mare	H5483	hbo:5483	horses	similar	prior	0.5
H5486	hbo:5486	I.will.bring.to.an.end	H5595	hbo:5595	you.should.be.swept.away	similar	prior	0.5
H5486	hbo:5486	I.will.bring.to.an.end	H3615	hbo:3615	he.finished	similar	prior	0.5
H5490	hbo:5490	end	H7097	hbo:7097	the.end	similar	high	0.73
H5490	hbo:5490	end	H7093	hbo:7093	end	similar	prior	0.5
H5490	hbo:5490	end	H7117	hbo:7117	end	similar	prior	0.5
H5490	hbo:5490	end	H8503	hbo:8503	the.end	similar	prior	0.5
H5490	hbo:5490	end	H7098	hbo:7098	the.ends	similar	prior	0.5
H5490	hbo:5490	end	H5492	hbo:5492	a.storm-wind	similar	prior	0.5
H5490	hbo:5490	end	H5486	hbo:5486	I.will.bring.to.an.end	similar	prior	0.5
H5491	hbo:5491	the	H5487	hbo:5487	it.will.put.an.end.to	similar	prior	0.5
H5492	hbo:5492	a.storm-wind	H5591	hbo:5591a	a.tempest	similar	high	0.593
H5492	hbo:5492	a.storm-wind	H5486	hbo:5486	I.will.bring.to.an.end	similar	prior	0.5
H5493	hbo:5493	he.turned.aside	H5186	hbo:5186	incline	similar	high	0.77
H5493	hbo:5493	he.turned.aside	H4185	hbo:4185	it.will.depart	similar	high	0.652
H5493	hbo:5493	he.turned.aside	H7725	hbo:7725	return	similar	high	0.648
H5493	hbo:5493	he.turned.aside	H5494	hbo:5494	thrust.away	similar	prior	0.5
H5493	hbo:5493	he.turned.aside	H5627	hbo:5627a	rebellion	similar	prior	0.5
H5497	hbo:5497	robe	H4533	hbo:4533	veil	similar	prior	0.5
H5498	hbo:5498	people	H4900	hbo:4900	he.drew	similar	prior	0.5
H5499	hbo:5499	of.clothes	H5498	hbo:5498	people	similar	prior	0.5
H5500	hbo:5500	I.will.scrape.away	H5501	hbo:5501	offscouring	similar	prior	0.5
H5503	hbo:5503	traders	H7402	hbo:7402	[were].your	similar	high	0.696
H5503	hbo:5503	traders	H4536	hbo:4536	the.merchandise	similar	prior	0.6
H5504	hbo:5504	profit	H4536	hbo:4536	the.merchandise	similar	prior	0.6
H5504	hbo:5504	profit	H1214	hbo:1214	[is].gaining	similar	prior	0.5
H5504	hbo:5504	profit	H5508	hbo:5508	paving.stone	similar	prior	0.5
H5504	hbo:5504	profit	H5507	hbo:5507	a.wall	similar	prior	0.5
H5506	hbo:5506	[were].the.merchandise	H4536	hbo:4536	the.merchandise	similar	prior	0.6
H5506	hbo:5506	[were].the.merchandise	H5503	hbo:5503	traders	similar	prior	0.6
H5506	hbo:5506	[were].the.merchandise	H5504	hbo:5504	profit	similar	prior	0.5
H5506	hbo:5506	[were].the.merchandise	H5507	hbo:5507	a.wall	similar	prior	0.5
H5506	hbo:5506	[were].the.merchandise	H5508	hbo:5508	paving.stone	similar	prior	0.5
H5507	hbo:5507	a.wall	H5503	hbo:5503	traders	similar	prior	0.5
H5508	hbo:5508	paving.stone	H5507	hbo:5507	a.wall	similar	prior	0.5
H5508	hbo:5508	paving.stone	H5503	hbo:5503	traders	similar	prior	0.5
H5509	hbo:5509	dross(es)	H5777	hbo:5777	lead	similar	high	0.599
H5518	hbo:5518	pot	H6517	hbo:6517	pot	similar	high	0.772
H5518	hbo:5518	pot	H1731	hbo:1731	baskets	similar	prior	0.5
H5518	hbo:5518	pot	H4227	hbo:4227	a.baking.tray	similar	prior	0.5
H5519	hbo:5519	crowd	H5520	hbo:5520	lair	similar	prior	0.5
H5521	hbo:5521	booths	H0168	hbo:0168	the.tent	similar	prior	0.5
H5521	hbo:5521	booths	H5526	hbo:5526	covering	similar	prior	0.5
H5521	hbo:5521	booths	H5520	hbo:5520	lair	similar	prior	0.5
H5521	hbo:5521	booths	H5519	hbo:5519	crowd	similar	prior	0.5
H5526	hbo:5526	covering	H6566	hbo:6566	he.spread.out	similar	high	0.658
H5526	hbo:5526	covering	H3680	hbo:3680	cover	similar	prior	0.5
H5526	hbo:5526	covering	H5844	hbo:5844a	[he	similar	prior	0.5
H5526	hbo:5526	covering	H4540	hbo:4540	covering	similar	prior	0.5
H5526	hbo:5526	covering	H4534	hbo:4534	than.a.thorn.hedge	similar	prior	0.5
H5526	hbo:5526	covering	H5519	hbo:5519	crowd	similar	prior	0.5
H5526	hbo:5526	covering	H5520	hbo:5520	lair	similar	prior	0.5
H5528	hbo:5528	I.have.acted.foolishly	H5530	hbo:5530	fool	similar	prior	0.6
H5528	hbo:5528	I.have.acted.foolishly	H5529	hbo:5529	folly	similar	prior	0.5
H5528	hbo:5528	I.have.acted.foolishly	H5531	hbo:5531	folly	similar	prior	0.5
H5530	hbo:5530	fool	H3684	hbo:3684	a.fool	similar	high	0.967
H5530	hbo:5530	fool	H0191	hbo:0191	a.fool	similar	high	0.891
H5530	hbo:5530	fool	H2450	hbo:2450	wise	antonym	recall	0.654
H5530	hbo:5530	fool	H5529	hbo:5529	folly	similar	prior	0.5
H5531	hbo:5531	folly	H1947	hbo:1947	madness(es)	similar	high	1.0
H5531	hbo:5531	folly	H0200	hbo:0200	foolishness	similar	high	0.884
H5531	hbo:5531	folly	H2451	hbo:2451	wisdom	antonym	recall	0.745
H5531	hbo:5531	folly	H5528	hbo:5528	I.have.acted.foolishly	similar	prior	0.5
H5531	hbo:5531	folly	H5529	hbo:5529	folly	similar	prior	0.5
H5532	hbo:5532	it.is.of.use	H3276	hbo:3276	they.will.confer.profit	similar	high	0.621
H5532	hbo:5532	it.is.of.use	H4543	hbo:4543	stores	similar	prior	0.5
H5536	hbo:5536	basket	H2935	hbo:2935	basket	similar	prior	0.5
H5536	hbo:5536	basket	H1731	hbo:1731	baskets	similar	prior	0.5
H5545	hbo:5545	it.will.be.forgiven	H3722	hbo:3722	he.will.make.atonement	similar	high	0.701
H5545	hbo:5545	it.will.be.forgiven	H5547	hbo:5547	forgiveness(es)	similar	prior	0.5
H5546	hbo:5546	ready.to.forgive	H5547	hbo:5547	forgiveness(es)	similar	prior	0.5
H5546	hbo:5546	ready.to.forgive	H5545	hbo:5545	it.will.be.forgiven	similar	prior	0.5
H5547	hbo:5547	forgiveness(es)	H5545	hbo:5545	it.will.be.forgiven	similar	prior	0.5
H5547	hbo:5547	forgiveness(es)	H5375	hbo:5375	lift.up	similar	prior	0.5
H5547	hbo:5547	forgiveness(es)	H3722	hbo:3722	he.will.make.atonement	similar	prior	0.5
H5549	hbo:5549	cast.up	H7311	hbo:7311	you.will.offer.up	similar	prior	0.5
H5549	hbo:5549	cast.up	H5375	hbo:5375	lift.up	similar	prior	0.5
H5549	hbo:5549	cast.up	H4547	hbo:4547	a.highway	similar	prior	0.5
H5549	hbo:5549	cast.up	H5550	hbo:5550	a.mound	similar	prior	0.5
H5549	hbo:5549	cast.up	H5551	hbo:5551	a.stairway	similar	prior	0.5
H5550	hbo:5550	a.mound	H1785	hbo:1785	a.siege-work	similar	high	0.87
H5550	hbo:5550	a.mound	H2426	hbo:2426	rampart	similar	prior	0.5
H5550	hbo:5550	a.mound	H4674	hbo:4674	siege-works	similar	prior	0.5
H5550	hbo:5550	a.mound	H5551	hbo:5551	a.stairway	similar	prior	0.5
H5552	hbo:5552	branches	H5536	hbo:5536	basket	similar	prior	0.5
H5553	hbo:5553	rock	H2496	hbo:2496	flint	similar	high	0.545
H5557	hbo:5557	it.perverts	H5558	hbo:5558	perverseness	similar	prior	0.5
H5559	hbo:5559	they.came.up	H5927	hbo:5927	he.went.up	similar	prior	0.5
H5561	hbo:5561	the.perfume(s)	H7004	hbo:7004	incense	similar	high	0.988
H5561	hbo:5561	the.perfume(s)	H3828	hbo:3828	frankincense	similar	high	0.87
H5561	hbo:5561	the.perfume(s)	H8081	hbo:8081	oil	similar	high	0.87
H5561	hbo:5561	the.perfume(s)	H4838	hbo:4838	polished	similar	prior	0.5
H5564	hbo:5564	he.will.lean	H5582	hbo:5582	sustain	similar	prior	0.6
H5564	hbo:5564	he.will.lean	H5749	hbo:5749a	he.warned	similar	prior	0.6
H5564	hbo:5564	he.will.lean	H5375	hbo:5375	lift.up	similar	prior	0.6
H5564	hbo:5564	he.will.lean	H4552	hbo:4552	support[s]	similar	prior	0.6
H5566	hbo:5566	image	H6459	hbo:6459	idol	similar	high	0.701
H5566	hbo:5566	image	H6754	hbo:6754	images	similar	high	0.611
H5566	hbo:5566	image	H1544	hbo:1544	idols	similar	prior	0.5
H5568	hbo:5568	it.made.bristle.up	H5569	hbo:5569	bristly	similar	prior	0.6
H5568	hbo:5568	it.made.bristle.up	H4548	hbo:4548	nails	similar	prior	0.5
H5568	hbo:5568	it.made.bristle.up	H4930	hbo:4930	nails	similar	prior	0.5
H5569	hbo:5569	bristly	H4930	hbo:4930	nails	similar	prior	0.5
H5569	hbo:5569	bristly	H4548	hbo:4548	nails	similar	prior	0.5
H5575	hbo:5575	blindness(es)	H5788	hbo:5788	blindness	similar	prior	0.5
H5575	hbo:5575	blindness(es)	H5787	hbo:5787	blind	similar	prior	0.5
H5582	hbo:5582	sustain	H4552	hbo:4552	support[s]	similar	prior	0.6
H5585	hbo:5585a	the.clefts	H5588	hbo:5588	half-hearted.people	similar	prior	0.5
H5585	hbo:5585a	the.clefts	H5634	hbo:5634	boughs	similar	prior	0.5
H5586	hbo:5586	[is].about.to.lop.off	H5634	hbo:5634	boughs	similar	prior	0.5
H5586	hbo:5586	[is].about.to.lop.off	H5588	hbo:5588	half-hearted.people	similar	prior	0.5
H5586	hbo:5586	[is].about.to.lop.off	H5585	hbo:5585a	the.clefts	similar	prior	0.5
H5587	hbo:5587	crutches	H5585	hbo:5585a	the.clefts	similar	prior	0.6
H5587	hbo:5587	crutches	H5588	hbo:5588	half-hearted.people	similar	prior	0.6
H5588	hbo:5588	half-hearted.people	H5585	hbo:5585a	the.clefts	similar	prior	0.6
H5588	hbo:5588	half-hearted.people	H5634	hbo:5634	boughs	similar	prior	0.5
H5589	hbo:5589	boughs	H5634	hbo:5634	boughs	similar	prior	0.5
H5589	hbo:5589	boughs	H5585	hbo:5585a	the.clefts	similar	prior	0.5
H5589	hbo:5589	boughs	H5588	hbo:5588	half-hearted.people	similar	prior	0.5
H5589	hbo:5589	boughs	H5586	hbo:5586	[is].about.to.lop.off	similar	prior	0.5
H5591	hbo:5591	a.storm	H5492	hbo:5492	a.storm-wind	similar	high	0.627
H5591	hbo:5591	a.storm	H2230	hbo:2230	a.storm	similar	high	0.606
H5591	hbo:5591	a.storm	H7307	hbo:7307	spirit	similar	high	0.514
H5591	hbo:5591a	a.tempest	H7307	hbo:7307	spirit	similar	high	0.76
H5591	hbo:5591a	a.tempest	H5492	hbo:5492	a.storm-wind	similar	high	0.593
H5592	hbo:5592	the.threshold	H4201	hbo:4201	doorposts	similar	high	0.75
H5592	hbo:5592	the.threshold	H4670	hbo:4670	the.threshold	similar	prior	0.5
H5592	hbo:5592	the.threshold	H6607	hbo:6607	the.entrance	similar	prior	0.5
H5592	hbo:5592	the.threshold	H8179	hbo:8179	the.gate	similar	prior	0.5
H5592	hbo:5592	the.threshold	H1543	hbo:1543	springs	similar	prior	0.5
H5592	hbo:5592	the.threshold	H5605	hbo:5605	to.stand.at.the.threshold	similar	prior	0.5
H5592	hbo:5592a	basins	H4219	hbo:4219	bowls	similar	high	0.738
H5592	hbo:5592a	basins	H0101	hbo:0101	bowls	similar	prior	0.5
H5592	hbo:5592a	basins	H3563	hbo:3563a	owl	similar	prior	0.5
H5594	hbo:5594	mourn	H1058	hbo:1058	they.wept	similar	high	0.822
H5594	hbo:5594	mourn	H0056	hbo:0056	he.mourned	similar	high	0.662
H5594	hbo:5594	mourn	H0060	hbo:0060	mourning	similar	high	0.604
H5594	hbo:5594	mourn	H1065	hbo:1065	weeping	similar	prior	0.5
H5594	hbo:5594	mourn	H5091	hbo:5091a	they.mourned	similar	prior	0.5
H5596	hbo:5596	attach	H3867	hbo:3867	they.will.join.themselves	similar	high	0.539
H5596	hbo:5596	attach	H2266	hbo:2266	he.joined	similar	prior	0.5
H5596	hbo:5596	attach	H1692	hbo:1692	it.clings	similar	prior	0.5
H5596	hbo:5596	attach	H4555	hbo:4555	veils	similar	prior	0.5
H5597	hbo:5597	flaking.skin	H5596	hbo:5596	attach	similar	prior	0.5
H5597	hbo:5597	flaking.skin	H4555	hbo:4555	veils	similar	prior	0.5
H5599	hbo:5599a	self-sown.grain	H2232	hbo:2232	you.will.sow	similar	high	0.71
H5599	hbo:5599a	self-sown.grain	H4939	hbo:4939	bloodshed	similar	prior	0.5
H5600	hbo:5600	the.ship	H5603	hbo:5603	[it.was].paneled	similar	prior	0.5
H5601	hbo:5601	sapphire	H3095	hbo:3095	an.emerald	similar	high	0.9
H5601	hbo:5601	sapphire	H3471	hbo:3471	a.jasper	similar	high	0.874
H5601	hbo:5601	sapphire	H7718	hbo:7718	of.onyx	similar	high	0.812
H5603	hbo:5603	[it.was].paneled	H2902	hbo:2902	you.plastered	similar	prior	0.5
H5604	hbo:5604	the.ceiling	H5600	hbo:5600	the.ship	similar	prior	0.5
H5604	hbo:5604	the.ceiling	H5603	hbo:5603	[it.was].paneled	similar	prior	0.5
H5604	hbo:5604	the.ceiling	H8226	hbo:8226	hidden.[things]	similar	prior	0.5
H5605	hbo:5605	to.stand.at.the.threshold	H5592	hbo:5592a	basins	similar	prior	0.5
H5606	hbo:5606	slap	H1767	hbo:1767	sufficiency	similar	prior	0.5
H5607	hbo:5607	mockery	H5606	hbo:5606	slap	similar	prior	0.5
H5608	hbo:5608	he.recounted	H7878	hbo:7878	I.will.meditate	similar	prior	0.5
H5608	hbo:5608	he.recounted	H2450	hbo:2450	wise	similar	prior	0.5
H5608	hbo:5608	he.recounted	H5612	hbo:5612	the.scroll	similar	prior	0.5
H5608	hbo:5608	he.recounted	H5610	hbo:5610	census	similar	prior	0.5
H5608	hbo:5608	he.recounted	H5615	hbo:5615	numbers	similar	prior	0.5
H5608	hbo:5608a	scribe	H3789	hbo:3789	written	similar	high	0.778
H5609	hbo:5609	the.book	H3792	hbo:3792	the	similar	high	0.793
H5610	hbo:5610	census	H5615	hbo:5615	numbers	similar	prior	0.5
H5610	hbo:5610	census	H4557	hbo:4557	number	similar	prior	0.5
H5610	hbo:5610	census	H5612	hbo:5612	the.scroll	similar	prior	0.5
H5612	hbo:5612	the.scroll	H4385	hbo:4385	writing	similar	high	0.802
H5612	hbo:5612	the.scroll	H1697	hbo:1697	the.word	similar	high	0.79
H5612	hbo:5612	the.scroll	H0107	hbo:0107	letters	similar	high	0.764
H5612	hbo:5612	the.scroll	H4557	hbo:4557	number	similar	prior	0.5
H5615	hbo:5615	numbers	H4662	hbo:4662	of.the.muster	similar	prior	0.5
H5615	hbo:5615	numbers	H5612	hbo:5612	the.scroll	similar	prior	0.5
H5615	hbo:5615	numbers	H4557	hbo:4557	number	similar	prior	0.5
H5619	hbo:5619	they	H7275	hbo:7275	they.stoned	similar	high	0.755
H5619	hbo:5619	they	H2026	hbo:2026	kill	similar	prior	0.5
H5627	hbo:5627a	rebellion	H4784	hbo:4784	rebellious	similar	high	0.775
H5627	hbo:5627a	rebellion	H2398	hbo:2398	we.have.sinned	similar	high	0.689
H5627	hbo:5627a	rebellion	H5637	hbo:5637	stubborn	similar	prior	0.6
H5627	hbo:5627a	rebellion	H5493	hbo:5493	he.turned.aside	similar	prior	0.6
H5627	hbo:5627a	rebellion	H4878	hbo:4878	apostasies	similar	prior	0.5
H5627	hbo:5627a	rebellion	H4776	hbo:4776	rebellion	similar	prior	0.5
H5627	hbo:5627a	rebellion	H6588	hbo:6588	transgressions	similar	prior	0.5
H5627	hbo:5627a	rebellion	H5494	hbo:5494	thrust.away	similar	prior	0.5
H5628	hbo:5628	sprawled.out	H5629	hbo:5629	the.overhanging	similar	prior	0.5
H5628	hbo:5628a	it.will.overhang	H6566	hbo:6566	he.spread.out	similar	prior	0.5
H5631	hbo:5631	court-officials	H8269	hbo:8269	officials	similar	high	1.0
H5631	hbo:5631	court-officials	H6496	hbo:6496	overseers	similar	high	0.851
H5633	hbo:5633	the.rulers	H8269	hbo:8269	officials	similar	prior	0.5
H5633	hbo:5633	the.rulers	H0113	hbo:0113	lord	similar	prior	0.5
H5635	hbo:5635	the.[one	H8314	hbo:8314	seraphim	similar	prior	0.5
H5635	hbo:5635	the.[one	H4955	hbo:4955	burnings	similar	prior	0.5
H5635	hbo:5635	the.[one	H8316	hbo:8316	burning	similar	prior	0.5
H5635	hbo:5635	the.[one	H8313	hbo:8313	he.burned	similar	prior	0.5
H5637	hbo:5637	stubborn	H5493	hbo:5493	he.turned.aside	similar	prior	0.6
H5637	hbo:5637	stubborn	H4775	hbo:4775	he.rebelled	similar	prior	0.5
H5637	hbo:5637	stubborn	H7147	hbo:7147	contrariness	similar	prior	0.5
H5637	hbo:5637	stubborn	H5620	hbo:5620	sullen	similar	prior	0.5
H5640	hbo:5640	they.stopped.up	H5462	hbo:5462	he	similar	prior	0.5
H5641	hbo:5641	hide	H6845	hbo:6845	they.lie.hidden	similar	high	0.776
H5641	hbo:5641	hide	H5956	hbo:5956	it.will.be.hidden	similar	high	0.686
H5641	hbo:5641	hide	H2244	hbo:2244	they.hid.themselves	similar	prior	0.5
H5641	hbo:5641	hide	H3582	hbo:3582	hide.[it]	similar	prior	0.5
H5641	hbo:5641	hide	H2934	hbo:2934	hide	similar	prior	0.5
H5641	hbo:5641	hide	H4563	hbo:4563	shelter	similar	prior	0.5
H5641	hbo:5641	hide	H4565	hbo:4565	places	similar	prior	0.5
H5643	hbo:5643	secrecy	H4565	hbo:4565	places	similar	high	0.844
H5643	hbo:5643	secrecy	H4268	hbo:4268	refuge	similar	high	0.625
H5643	hbo:5643	secrecy	H6738	hbo:6738	shade	similar	high	0.613
H5643	hbo:5643	secrecy	H3909	hbo:3909	secrecy	similar	prior	0.5
H5643	hbo:5643	secrecy	H4374	hbo:4374	covering	similar	prior	0.5
H5643	hbo:5643	secrecy	H2253	hbo:2253	the.hiding.place	similar	prior	0.5
H5643	hbo:5643	secrecy	H5520	hbo:5520	lair	similar	prior	0.5
H5643	hbo:5643	secrecy	H8587	hbo:8587	[the].secrets	similar	prior	0.5
H5643	hbo:5643	secrecy	H4563	hbo:4563	shelter	similar	prior	0.5
H5643	hbo:5643	secrecy	H4564	hbo:4564	a.hiding	similar	prior	0.5
H5645	hbo:5645	clouds	H7834	hbo:7834	clouds	similar	high	1.0
H5645	hbo:5645	clouds	H1653	hbo:1653	rain	similar	high	0.716
H5645	hbo:5645	clouds	H5743	hbo:5743	he.covers.with.a.cloud	similar	prior	0.6
H5645	hbo:5645	clouds	H6053	hbo:6053	cloud	similar	prior	0.5
H5646	hbo:5646	a.canopy	H5645	hbo:5645	clouds	similar	prior	0.5
H5647	hbo:5647	serve	H5656	hbo:5656	service	similar	high	0.916
H5647	hbo:5647	serve	H6213	hbo:6213	do	similar	high	0.694
H5647	hbo:5647	serve	H8334	hbo:8334	serve	similar	prior	0.5
H5647	hbo:5647	serve	H5652	hbo:5652	deeds	similar	prior	0.5
H5647	hbo:5647	serve	H4566	hbo:4566	deeds	similar	prior	0.5
H5647	hbo:5647	serve	H5657	hbo:5657	service	similar	prior	0.5
H5648	hbo:5648	let.it.be.done	H5673	hbo:5673	the	similar	prior	0.5
H5649	hbo:5649	servants	H5648	hbo:5648	let.it.be.done	similar	prior	0.5
H5649	hbo:5649	servants	H5673	hbo:5673	the	similar	prior	0.5
H5650	hbo:5650	servant	H5288	hbo:5288	lad	similar	high	0.723
H5650	hbo:5650	servant	H0113	hbo:0113	lord	antonym	recall	0.589
H5650	hbo:5650	servant	H4566	hbo:4566	deeds	similar	prior	0.5
H5652	hbo:5652	deeds	H5650	hbo:5650	servant	similar	prior	0.5
H5652	hbo:5652	deeds	H4566	hbo:4566	deeds	similar	prior	0.5
H5656	hbo:5656	service	H4399	hbo:4399	work	similar	high	0.993
H5656	hbo:5656	service	H5647	hbo:5647	serve	similar	high	0.916
H5656	hbo:5656	service	H5652	hbo:5652	deeds	similar	prior	0.5
H5656	hbo:5656	service	H5657	hbo:5657	service	similar	prior	0.5
H5656	hbo:5656	service	H5659	hbo:5659	servitude	similar	prior	0.5
H5656	hbo:5656	service	H5650	hbo:5650	servant	similar	prior	0.5
H5656	hbo:5656	service	H4566	hbo:4566	deeds	similar	prior	0.5
H5657	hbo:5657	service	H5650	hbo:5650	servant	similar	prior	0.5
H5657	hbo:5657	service	H4566	hbo:4566	deeds	similar	prior	0.5
H5657	hbo:5657	service	H5652	hbo:5652	deeds	similar	prior	0.5
H5659	hbo:5659	servitude	H5657	hbo:5657	service	similar	prior	0.5
H5659	hbo:5659	servitude	H4566	hbo:4566	deeds	similar	prior	0.5
H5659	hbo:5659	servitude	H5647	hbo:5647	serve	similar	prior	0.5
H5659	hbo:5659	servitude	H5650	hbo:5650	servant	similar	prior	0.5
H5659	hbo:5659	servitude	H5652	hbo:5652	deeds	similar	prior	0.5
H5666	hbo:5666	it.is.thick	H1277	hbo:1277	fat	similar	prior	0.5
H5666	hbo:5666	it.is.thick	H5672	hbo:5672	thickness	similar	prior	0.5
H5667	hbo:5667	pledge	H5670	hbo:5670	you.will.lend.to	similar	high	0.711
H5667	hbo:5667	pledge	H2258	hbo:2258	a.pledge	similar	prior	0.5
H5667	hbo:5667	pledge	H2254	hbo:2254b	he.is.in.labor.with	similar	prior	0.5
H5667	hbo:5667	pledge	H6148	hbo:6148	make.a.wager	similar	prior	0.5
H5667	hbo:5667	pledge	H5671	hbo:5671	pledge[s]	similar	prior	0.5
H5668	hbo:5668	of	H1558	hbo:1558	account	similar	high	0.669
H5668	hbo:5668	of	H5674	hbo:5674a	he.was.furious	similar	prior	0.5
H5668	hbo:5668	of	H5669	hbo:5669	of.the.produce	similar	prior	0.5
H5668	hbo:5668	of	H4569	hbo:4569a	the.fords	similar	prior	0.5
H5668	hbo:5668	of	H5676	hbo:5676	the.other.side	similar	prior	0.5
H5668	hbo:5668	of	H5678	hbo:5678	fury	similar	prior	0.5
H5668	hbo:5668	of	H5674	hbo:5674	pass.over	similar	prior	0.5
H5668	hbo:5668	of	H5679	hbo:5679	ford	similar	prior	0.5
H5669	hbo:5669	of.the.produce	H5674	hbo:5674	pass.over	similar	prior	0.5
H5669	hbo:5669	of.the.produce	H4569	hbo:4569a	the.fords	similar	prior	0.5
H5669	hbo:5669	of.the.produce	H5676	hbo:5676	the.other.side	similar	prior	0.5
H5669	hbo:5669	of.the.produce	H5678	hbo:5678	fury	similar	prior	0.5
H5669	hbo:5669	of.the.produce	H5679	hbo:5679	ford	similar	prior	0.5
H5669	hbo:5669	of.the.produce	H5674	hbo:5674a	he.was.furious	similar	prior	0.5
H5670	hbo:5670	you.will.lend.to	H5667	hbo:5667	pledge	similar	high	0.711
H5670	hbo:5670	you.will.lend.to	H5671	hbo:5671	pledge[s]	similar	prior	0.6
H5670	hbo:5670	you.will.lend.to	H2254	hbo:2254b	he.is.in.labor.with	similar	prior	0.5
H5671	hbo:5671	pledge[s]	H5670	hbo:5670	you.will.lend.to	similar	prior	0.5
H5672	hbo:5672	thickness	H7341	hbo:7341	breadth	similar	high	0.699
H5672	hbo:5672	thickness	H0753	hbo:0753	length	similar	prior	0.5
H5672	hbo:5672	thickness	H1277	hbo:1277	fat	similar	prior	0.5
H5673	hbo:5673	the	H5648	hbo:5648	let.it.be.done	similar	prior	0.5
H5674	hbo:5674	pass.over	H5676	hbo:5676	the.other.side	similar	high	0.968
H5674	hbo:5674	pass.over	H4569	hbo:4569a	the.fords	similar	high	0.763
H5674	hbo:5674	pass.over	H1980	hbo:1980	go	similar	high	0.694
H5674	hbo:5674	pass.over	H5678	hbo:5678	fury	similar	prior	0.5
H5674	hbo:5674a	he.was.furious	H0599	hbo:0599	he.was.angry	similar	high	0.535
H5674	hbo:5674a	he.was.furious	H4569	hbo:4569a	the.fords	similar	prior	0.5
H5674	hbo:5674a	he.was.furious	H5679	hbo:5679	ford	similar	prior	0.5
H5674	hbo:5674a	he.was.furious	H5676	hbo:5676	the.other.side	similar	prior	0.5
H5674	hbo:5674a	he.was.furious	H5674	hbo:5674	pass.over	similar	prior	0.5
H5676	hbo:5676	the.other.side	H5674	hbo:5674	pass.over	similar	high	0.968
H5676	hbo:5676	the.other.side	H6285	hbo:6285	side	similar	prior	0.5
H5678	hbo:5678	fury	H0639	hbo:0639	anger	similar	high	0.958
H5678	hbo:5678	fury	H2534	hbo:2534	rage	similar	high	0.89
H5678	hbo:5678	fury	H7267	hbo:7267	turmoil	similar	prior	0.5
H5678	hbo:5678	fury	H4569	hbo:4569a	the.fords	similar	prior	0.5
H5678	hbo:5678	fury	H5676	hbo:5676	the.other.side	similar	prior	0.5
H5679	hbo:5679	ford	H5678	hbo:5678	fury	similar	prior	0.5
H5679	hbo:5679	ford	H4569	hbo:4569a	the.fords	similar	prior	0.5
H5679	hbo:5679	ford	H5676	hbo:5676	the.other.side	similar	prior	0.5
H5679	hbo:5679	ford	H5674	hbo:5674	pass.over	similar	prior	0.5
H5680	hbo:5680	the.Hebrews	H5676	hbo:5676	the.other.side	similar	prior	0.5
H5680	hbo:5680	the.Hebrews	H5679	hbo:5679	ford	similar	prior	0.5
H5680	hbo:5680	the.Hebrews	H5669	hbo:5669	of.the.produce	similar	prior	0.5
H5680	hbo:5680	the.Hebrews	H5674	hbo:5674a	he.was.furious	similar	prior	0.5
H5680	hbo:5680	the.Hebrews	H5674	hbo:5674	pass.over	similar	prior	0.5
H5680	hbo:5680	the.Hebrews	H5678	hbo:5678	fury	similar	prior	0.5
H5680	hbo:5680	the.Hebrews	H4569	hbo:4569a	the.fords	similar	prior	0.5
H5680	hbo:5680	the.Hebrews	H5668	hbo:5668	of	similar	prior	0.5
H5687	hbo:5687	leafy	H7488	hbo:7488	luxuriant	similar	high	0.638
H5687	hbo:5687	leafy	H5686	hbo:5686	they	similar	prior	0.5
H5688	hbo:5688	ropes	H8333	hbo:8333	chains	similar	high	0.9
H5688	hbo:5688	ropes	H2256	hbo:2256	ropes	similar	prior	0.5
H5688	hbo:5688	ropes	H6616	hbo:6616	a.cord	similar	prior	0.5
H5688	hbo:5688	ropes	H6060	hbo:6060	necklaces	similar	prior	0.5
H5688	hbo:5688	ropes	H5687	hbo:5687	leafy	similar	prior	0.5
H5688	hbo:5688	ropes	H5686	hbo:5686	they	similar	prior	0.5
H5689	hbo:5689	she.lusted	H5691	hbo:5691	lust	similar	prior	0.5
H5689	hbo:5689	she.lusted	H5690	hbo:5690	lustful.desires	similar	prior	0.5
H5689	hbo:5689	she.lusted	H5748	hbo:5748	flute	similar	prior	0.5
H5690	hbo:5690	lustful.desires	H5689	hbo:5689	she.lusted	similar	prior	0.6
H5690	hbo:5690	lustful.desires	H5748	hbo:5748	flute	similar	prior	0.5
H5691	hbo:5691	lust	H0579	hbo:0579	[is].seeking.an.opportunity	similar	prior	0.5
H5691	hbo:5691	lust	H5690	hbo:5690	lustful.desires	similar	prior	0.5
H5691	hbo:5691	lust	H5748	hbo:5748	flute	similar	prior	0.5
H5692	hbo:5692	a.bread.cake	H2471	hbo:2471	a.cake	similar	high	0.709
H5692	hbo:5692	a.bread.cake	H3823	hbo:3823	you	similar	prior	0.5
H5692	hbo:5692	a.bread.cake	H5746	hbo:5746	you	similar	prior	0.5
H5694	hbo:5694	earrings	H5695	hbo:5695	calves	similar	prior	0.5
H5694	hbo:5694	earrings	H5696	hbo:5696	round	similar	prior	0.5
H5695	hbo:5695	calves	H6499	hbo:6499	a.young.bull	similar	high	0.711
H5695	hbo:5695	calves	H4770	hbo:4770	of.[the].stall	similar	high	0.672
H5695	hbo:5695	calves	H7794	hbo:7794	an.ox	similar	prior	0.5
H5695	hbo:5695	calves	H4806	hbo:4806	fatling	similar	prior	0.5
H5695	hbo:5695	calves	H1241	hbo:1241	cattle	similar	prior	0.5
H5695	hbo:5695	calves	H5696	hbo:5696	round	similar	prior	0.5
H5696	hbo:5696	round	H7251	hbo:7251	square	antonym	recall	0.781
H5697	hbo:5697	a.heifer	H5695	hbo:5695	calves	similar	high	0.815
H5697	hbo:5697	a.heifer	H6499	hbo:6499	a.young.bull	similar	prior	0.5
H5697	hbo:5697	a.heifer	H4570	hbo:4570a	tracks	similar	prior	0.5
H5697	hbo:5697	a.heifer	H5694	hbo:5694	earrings	similar	prior	0.5
H5697	hbo:5697	a.heifer	H5696	hbo:5696	round	similar	prior	0.5
H5699	hbo:5699	cart	H1534	hbo:1534	wheel	similar	prior	0.5
H5699	hbo:5699	cart	H7393	hbo:7393	chariotry	similar	prior	0.5
H5699	hbo:5699	cart	H4818	hbo:4818	chariot	similar	prior	0.5
H5699	hbo:5699	cart	H5695	hbo:5695	calves	similar	prior	0.5
H5699	hbo:5699	cart	H4570	hbo:4570a	tracks	similar	prior	0.5
H5699	hbo:5699	cart	H5696	hbo:5696	round	similar	prior	0.5
H5699	hbo:5699	cart	H5694	hbo:5694	earrings	similar	prior	0.5
H5706	hbo:5706	booty	H5703	hbo:5703	ever	similar	prior	0.5
H5706	hbo:5706	booty	H5710	hbo:5710a	you.adorned.yourself	similar	prior	0.5
H5707	hbo:5707	a.witness	H5713	hbo:5713	witness	similar	prior	0.6
H5707	hbo:5707	a.witness	H8584	hbo:8584	[the].testimony	similar	prior	0.6
H5707	hbo:5707	a.witness	H5749	hbo:5749a	he.warned	similar	prior	0.5
H5707	hbo:5707	a.witness	H5715	hbo:5715	testimonies	similar	prior	0.5
H5710	hbo:5710a	you.adorned.yourself	H5703	hbo:5703	ever	similar	prior	0.5
H5712	hbo:5712	congregation	H6951	hbo:6951	assembly	similar	high	0.85
H5712	hbo:5712	congregation	H4152	hbo:4152	appointment	similar	prior	0.5
H5712	hbo:5712	congregation	H4151	hbo:4151	ranks	similar	prior	0.5
H5713	hbo:5713	witness	H5749	hbo:5749a	he.warned	similar	high	0.73
H5713	hbo:5713	witness	H8584	hbo:8584	[the].testimony	similar	prior	0.6
H5713	hbo:5713	witness	H5715	hbo:5715	testimonies	similar	prior	0.5
H5715	hbo:5715	testimonies	H2706	hbo:2706	statutes	similar	high	0.713
H5715	hbo:5715	testimonies	H4687	hbo:4687	commandments	similar	high	0.693
H5715	hbo:5715	testimonies	H8451	hbo:8451	law	similar	high	0.692
H5715	hbo:5715	testimonies	H5707	hbo:5707	a.witness	similar	prior	0.6
H5715	hbo:5715	testimonies	H5713	hbo:5713	witness	similar	prior	0.6
H5715	hbo:5715	testimonies	H8584	hbo:8584	[the].testimony	similar	prior	0.6
H5715	hbo:5715	testimonies	H5749	hbo:5749a	he.warned	similar	prior	0.5
H5727	hbo:5727	they.luxuriated	H5719	hbo:5719	Adino	similar	prior	0.5
H5727	hbo:5727	they.luxuriated	H5730	hbo:5730	luxuries	similar	prior	0.5
H5730	hbo:5730	luxuries	H5719	hbo:5719	Adino	similar	prior	0.6
H5730	hbo:5730	luxuries	H4574	hbo:4574	delicacies	similar	prior	0.6
H5736	hbo:5736	surplus	H7235	hbo:7235	multiply	similar	prior	0.5
H5736	hbo:5736	surplus	H3498	hbo:3498	remained	similar	prior	0.5
H5737	hbo:5737a	they.allowed.to.be.missing	H5739	hbo:5739	flock	similar	prior	0.5
H5739	hbo:5739	flock	H6629	hbo:6629	sheep	similar	high	0.825
H5739	hbo:5739	flock	H4735	hbo:4735	livestock	similar	high	0.562
H5742	hbo:5742	lentils	H2406	hbo:2406	wheat(s)	similar	high	0.778
H5742	hbo:5742	lentils	H3698	hbo:3698	spelt	similar	high	0.763
H5742	hbo:5742	lentils	H8184	hbo:8184	barley(s)	similar	high	0.761
H5748	hbo:5748	flute	H4700	hbo:4700	cymbals	similar	prior	0.5
H5748	hbo:5748	flute	H2485	hbo:2485	flutes	similar	prior	0.5
H5748	hbo:5748	flute	H3658	hbo:3658	harps	similar	high	0.489
H5749	hbo:5749a	he.warned	H5713	hbo:5713	witness	similar	high	0.73
H5749	hbo:5749a	he.warned	H5375	hbo:5375	lift.up	similar	prior	0.6
H5753	hbo:5753	we.have.done.wrong	H5791	hbo:5791	he	similar	prior	0.6
H5753	hbo:5753	we.have.done.wrong	H6617	hbo:6617	you.show.yourself.twisted	similar	prior	0.5
H5753	hbo:5753	we.have.done.wrong	H6141	hbo:6141	a.perverse.[person]	similar	prior	0.5
H5753	hbo:5753	we.have.done.wrong	H5557	hbo:5557	it.perverts	similar	prior	0.5
H5753	hbo:5753	we.have.done.wrong	H5773	hbo:5773	of.confusion(s)	similar	prior	0.5
H5753	hbo:5753	we.have.done.wrong	H5771	hbo:5771	iniquity	similar	prior	0.5
H5754	hbo:5754	a.ruin	H5856	hbo:5856	heaps.of.ruins	similar	prior	0.5
H5754	hbo:5754	a.ruin	H5773	hbo:5773	of.confusion(s)	similar	prior	0.5
H5754	hbo:5754	a.ruin	H4596	hbo:4596	a.ruin	similar	prior	0.5
H5756	hbo:5756	bring.to.safety	H5127	hbo:5127	they.fled	similar	prior	0.5
H5756	hbo:5756	bring.to.safety	H2620	hbo:2620	I.take.refuge	similar	prior	0.5
H5759	hbo:5759	young.boys	H5764	hbo:5764	child	similar	prior	0.6
H5760	hbo:5760	a.young.boy	H5766	hbo:5766a	injustice	similar	prior	0.6
H5760	hbo:5760	a.young.boy	H5766	hbo:5766	injustice	similar	prior	0.6
H5760	hbo:5760	a.young.boy	H5765	hbo:5765	he.acts.unjustly	similar	prior	0.5
H5760	hbo:5760	a.young.boy	H5767	hbo:5767	an.unjust.person	similar	prior	0.5
H5760	hbo:5760	a.young.boy	H5932	hbo:5932	of.injustice	similar	prior	0.5
H5763	hbo:5763	nursing	H5764	hbo:5764	child	similar	prior	0.6
H5764	hbo:5764	child	H5763	hbo:5763	nursing	similar	prior	0.5
H5765	hbo:5765	he.acts.unjustly	H5767	hbo:5767	an.unjust.person	similar	prior	0.6
H5765	hbo:5765	he.acts.unjustly	H5932	hbo:5932	of.injustice	similar	prior	0.6
H5765	hbo:5765	he.acts.unjustly	H5953	hbo:5953	they.will.deal.wantonly	similar	prior	0.6
H5765	hbo:5765	he.acts.unjustly	H5766	hbo:5766a	injustice	similar	prior	0.6
H5765	hbo:5765	he.acts.unjustly	H5766	hbo:5766	injustice	similar	prior	0.6
H5765	hbo:5765	he.acts.unjustly	H5760	hbo:5760	a.young.boy	similar	prior	0.6
H5766	hbo:5766	injustice	H7562	hbo:7562	wickedness	similar	high	0.761
H5766	hbo:5766	injustice	H4941	hbo:4941	justice	antonym	recall	0.61
H5766	hbo:5766a	injustice	H0205	hbo:0205	wickedness	similar	high	0.825
H5766	hbo:5766a	injustice	H2555	hbo:2555	violence	similar	high	0.798
H5766	hbo:5766a	injustice	H5760	hbo:5760	a.young.boy	similar	prior	0.5
H5766	hbo:5766a	injustice	H5932	hbo:5932	of.injustice	similar	prior	0.5
H5766	hbo:5766a	injustice	H5765	hbo:5765	he.acts.unjustly	similar	prior	0.5
H5767	hbo:5767	an.unjust.person	H5932	hbo:5932	of.injustice	similar	prior	0.6
H5767	hbo:5767	an.unjust.person	H5760	hbo:5760	a.young.boy	similar	prior	0.6
H5767	hbo:5767	an.unjust.person	H2555	hbo:2555	violence	similar	prior	0.5
H5767	hbo:5767	an.unjust.person	H7563	hbo:7563	of.wicked.[people]	similar	prior	0.5
H5767	hbo:5767	an.unjust.person	H5765	hbo:5765	he.acts.unjustly	similar	prior	0.5
H5768	hbo:5768	children	H5759	hbo:5759	young.boys	similar	prior	0.6
H5768	hbo:5768	children	H5764	hbo:5764	child	similar	prior	0.6
H5768	hbo:5768	children	H5763	hbo:5763	nursing	similar	prior	0.6
H5768	hbo:5768	children	H2945	hbo:2945	one[s]	similar	prior	0.5
H5768	hbo:5768	children	H3243	hbo:3243	you.will.suck	similar	prior	0.5
H5768	hbo:5768	children	H3206	hbo:3206	children	similar	prior	0.5
H5768	hbo:5768	children	H5288	hbo:5288	lad	similar	prior	0.5
H5769	hbo:5769	of.perpetuity	H1755	hbo:1755	a.generation	similar	high	1.0
H5769	hbo:5769	of.perpetuity	H5331	hbo:5331	perpetuity	similar	high	0.86
H5769	hbo:5769	of.perpetuity	H5957	hbo:5957	forever	similar	prior	0.6
H5769	hbo:5769	of.perpetuity	H2465	hbo:2465	lifespan	similar	prior	0.5
H5770	hbo:5770a	looking.suspiciously.at	H5869	hbo:5869	eyes	similar	prior	0.5
H5771	hbo:5771	iniquity	H6588	hbo:6588	transgressions	similar	high	0.982
H5771	hbo:5771	iniquity	H2399	hbo:2399	sin	similar	high	0.945
H5771	hbo:5771	iniquity	H0819	hbo:0819	guilt	similar	high	0.773
H5771	hbo:5771	iniquity	H5791	hbo:5791	he	similar	prior	0.6
H5771	hbo:5771	iniquity	H7562	hbo:7562	wickedness	similar	prior	0.5
H5771	hbo:5771	iniquity	H5766	hbo:5766	injustice	similar	prior	0.5
H5771	hbo:5771	iniquity	H7684	hbo:7684	inadvertence	similar	prior	0.5
H5772	hbo:5772a	her.right	H6256	hbo:6256	time	similar	prior	0.5
H5772	hbo:5772a	her.right	H6261	hbo:6261	ready	similar	prior	0.5
H5772	hbo:5772a	her.right	H4617	hbo:4617	an.answer	similar	prior	0.5
H5772	hbo:5772a	her.right	H6030	hbo:6030	he.answered	similar	prior	0.5
H5773	hbo:5773	of.confusion(s)	H5753	hbo:5753	we.have.done.wrong	similar	prior	0.6
H5773	hbo:5773	of.confusion(s)	H5771	hbo:5771	iniquity	similar	prior	0.6
H5773	hbo:5773	of.confusion(s)	H5791	hbo:5791	he	similar	prior	0.6
H5774	hbo:5774	flying	H1675	hbo:1675	it.swoops.down	similar	high	0.664
H5774	hbo:5774	flying	H1669	hbo:1669	become.faint	similar	prior	0.5
H5774	hbo:5774	flying	H5775	hbo:5775	the.bird[s]	similar	prior	0.5
H5774	hbo:5774	flying	H6079	hbo:6079	eyelids	similar	prior	0.5
H5775	hbo:5775	the.bird[s]	H7431	hbo:7431	thing	similar	high	1.0
H5775	hbo:5775	the.bird[s]	H6833	hbo:6833	bird	similar	high	0.995
H5775	hbo:5775	the.bird[s]	H0929	hbo:0929	livestock	similar	high	0.958
H5775	hbo:5775	the.bird[s]	H2416	hbo:2416c	the.animal[s]	similar	high	0.929
H5775	hbo:5775	the.bird[s]	H1709	hbo:1709	the.fish(es)	similar	high	0.841
H5775	hbo:5775	the.bird[s]	H6079	hbo:6079	eyelids	similar	prior	0.5
H5776	hbo:5776	the.bird[s]	H5775	hbo:5775	the.bird[s]	similar	prior	0.6
H5777	hbo:5777	lead	H0913	hbo:0913	tin	similar	high	0.918
H5777	hbo:5777	lead	H1270	hbo:1270	iron	similar	high	0.81
H5777	hbo:5777	lead	H3701	hbo:3701	silver	similar	high	0.626
H5777	hbo:5777	lead	H5178	hbo:5178	bronze	similar	high	0.603
H5777	hbo:5777	lead	H5509	hbo:5509	dross(es)	similar	high	0.599
H5777	hbo:5777	lead	H6082	hbo:6082	[the].fawn	similar	prior	0.5
H5782	hbo:5782	awake	H5287	hbo:5287	he.shook.off	similar	prior	0.6
H5782	hbo:5782	awake	H5375	hbo:5375	lift.up	similar	prior	0.5
H5786	hbo:5786	he.made.blind	H5787	hbo:5787	blind	similar	high	0.796
H5786	hbo:5786	he.made.blind	H5788	hbo:5788	blindness	similar	prior	0.6
H5786	hbo:5786	he.made.blind	H6491	hbo:6491	open	antonym	recall	0.443
H5787	hbo:5787	blind	H2795	hbo:2795	deaf	similar	high	0.879
H5787	hbo:5787	blind	H6455	hbo:6455	lame	similar	high	0.713
H5787	hbo:5787	blind	H0483	hbo:0483	dumb	similar	high	0.656
H5787	hbo:5787	blind	H5788	hbo:5788	blindness	similar	prior	0.6
H5787	hbo:5787	blind	H6491	hbo:6491	open	antonym	recall	0.466
H5792	hbo:5792	oppression	H5791	hbo:5791	he	similar	prior	0.5
H5794	hbo:5794	strong	H5810	hbo:5810	it.prevailed	similar	prior	0.6
H5794	hbo:5794	strong	H5808	hbo:5808	a.strong.[one]	similar	prior	0.6
H5794	hbo:5794	strong	H0047	hbo:0047	of	similar	high	0.585
H5794	hbo:5794	strong	H6099	hbo:6099	mighty	similar	prior	0.5
H5794	hbo:5794	strong	H5807	hbo:5807	fierceness	similar	prior	0.5
H5794	hbo:5794	strong	H1368	hbo:1368	warriors	similar	prior	0.5
H5794	hbo:5794	strong	H0533	hbo:0533	a.strong.[one]	similar	prior	0.5
H5794	hbo:5794	strong	H2389	hbo:2389	strong	similar	prior	0.5
H5794	hbo:5794	strong	H0386	hbo:0386	ever-flowing	similar	prior	0.5
H5794	hbo:5794	strong	H5822	hbo:5822	vulture	similar	prior	0.5
H5795	hbo:5795	of.goats	H8163	hbo:8163a	a.male.goat	similar	high	1.0
H5795	hbo:5795	of.goats	H3775	hbo:3775	rams	similar	high	0.821
H5795	hbo:5795	of.goats	H6629	hbo:6629	sheep	similar	prior	0.5
H5797	hbo:5797	strength	H4581	hbo:4581	stronghold	similar	high	0.86
H5797	hbo:5797	strength	H4869	hbo:4869	refuge	similar	high	0.766
H5797	hbo:5797	strength	H5808	hbo:5808	a.strong.[one]	similar	prior	0.6
H5797	hbo:5797	strength	H1369	hbo:1369	strength	similar	prior	0.5
H5797	hbo:5797	strength	H4679	hbo:4679	strongholds	similar	prior	0.5
H5797	hbo:5797	strength	H2394	hbo:2394	force	similar	prior	0.5
H5797	hbo:5797	strength	H2428	hbo:2428	of.strength	similar	prior	0.5
H5797	hbo:5797	strength	H8633	hbo:8633	the.power	similar	prior	0.5
H5797	hbo:5797	strength	H2392	hbo:2392	strength	similar	prior	0.5
H5797	hbo:5797	strength	H7161	hbo:7161	horns	similar	prior	0.5
H5797	hbo:5797	strength	H5822	hbo:5822	vulture	similar	prior	0.5
H5801	hbo:5801	wares	H5800	hbo:5800	they.forsook	similar	prior	0.5
H5807	hbo:5807	fierceness	H1369	hbo:1369	strength	similar	high	0.702
H5807	hbo:5807	fierceness	H2393	hbo:2393	to	similar	prior	0.5
H5807	hbo:5807	fierceness	H5810	hbo:5810	it.prevailed	similar	prior	0.5
H5807	hbo:5807	fierceness	H5808	hbo:5808	a.strong.[one]	similar	prior	0.5
H5807	hbo:5807	fierceness	H5822	hbo:5822	vulture	similar	prior	0.5
H5808	hbo:5808	a.strong.[one]	H5822	hbo:5822	vulture	similar	prior	0.5
H5808	hbo:5808	a.strong.[one]	H5810	hbo:5810	it.prevailed	similar	prior	0.5
H5810	hbo:5810	it.prevailed	H3267	hbo:3267	barbarous	similar	prior	0.6
H5810	hbo:5810	it.prevailed	H5808	hbo:5808	a.strong.[one]	similar	prior	0.6
H5810	hbo:5810	it.prevailed	H0553	hbo:0553	be.bold	similar	prior	0.5
H5810	hbo:5810	it.prevailed	H1396	hbo:1396	they.increased	similar	prior	0.5
H5822	hbo:5822	vulture	H5810	hbo:5810	it.prevailed	similar	prior	0.5
H5826	hbo:5826	help	H5828	hbo:5828	help	similar	high	1.0
H5826	hbo:5826	help	H3467	hbo:3467	save	similar	high	1.0
H5826	hbo:5826	help	H5833	hbo:5833	help	similar	high	1.0
H5826	hbo:5826	help	H3467	hbo:3467a	a.deliverer	similar	high	0.974
H5826	hbo:5826	help	H8551	hbo:8551	[one.who].holds	similar	prior	0.5
H5826	hbo:5826	help	H5564	hbo:5564	he.will.lean	similar	prior	0.5
H5828	hbo:5828	help	H5826	hbo:5826	help	similar	high	1.0
H5828	hbo:5828	help	H5833	hbo:5833	help	similar	high	1.0
H5828	hbo:5828	help	H3467	hbo:3467	save	similar	high	0.726
H5828	hbo:5828	help	H8668	hbo:8668	salvation	similar	prior	0.5
H5833	hbo:5833	help	H5826	hbo:5826	help	similar	high	1.0
H5833	hbo:5833	help	H5828	hbo:5828	help	similar	high	1.0
H5833	hbo:5833	help	H3467	hbo:3467	save	similar	high	0.779
H5833	hbo:5833	help	H8668	hbo:8668	salvation	similar	prior	0.5
H5835	hbo:5835	ledge	H2691	hbo:2691	the.courtyard	similar	high	0.934
H5842	hbo:5842	a.stylus	H3789	hbo:3789	written	similar	prior	0.5
H5842	hbo:5842	a.stylus	H2747	hbo:2747	tool	similar	prior	0.5
H5843	hbo:5843	counsel	H3272	hbo:3272	counselors	similar	prior	0.6
H5844	hbo:5844	you.must.cover	H3847	hbo:3847	he.clothed	similar	high	0.68
H5847	hbo:5847	bat	H6893	hbo:6893	desert.owl	similar	high	0.679
H5847	hbo:5847	bat	H3244	hbo:3244	owl	similar	high	0.606
H5848	hbo:5848	he.turns	H5968	hbo:5968	they.will.become.faint	similar	prior	0.5
H5848	hbo:5848a	was.feeble	H5774	hbo:5774	flying	similar	prior	0.5
H5848	hbo:5848a	was.feeble	H3013	hbo:3013	he.has.caused.grief	similar	prior	0.5
H5849	hbo:5849	crowns	H5148	hbo:5148	he	similar	prior	0.5
H5849	hbo:5849	crowns	H3803	hbo:3803a	[is].surrounding	similar	prior	0.5
H5850	hbo:5850	the.crown	H6797	hbo:6797	a.turban	similar	high	0.582
H5850	hbo:5850	the.crown	H2213	hbo:2213	a.molding	similar	prior	0.5
H5850	hbo:5850	the.crown	H5716	hbo:5716	ornament[s]	similar	prior	0.5
H5856	hbo:5856	heaps.of.ruins	H2723	hbo:2723	ruins	similar	high	0.708
H5856	hbo:5856	heaps.of.ruins	H8510	hbo:8510	a.mound	similar	high	0.626
H5856	hbo:5856	heaps.of.ruins	H4654	hbo:4654a	of.a.ruin	similar	prior	0.5
H5856	hbo:5856	heaps.of.ruins	H5753	hbo:5753	we.have.done.wrong	similar	prior	0.5
H5856	hbo:5856	heaps.of.ruins	H4596	hbo:4596	a.ruin	similar	prior	0.5
H5856	hbo:5856	heaps.of.ruins	H5773	hbo:5773	of.confusion(s)	similar	prior	0.5
H5861	hbo:5861	bird[s].of.prey	H5404	hbo:5404	eagle	similar	prior	0.5
H5861	hbo:5861	bird[s].of.prey	H1772	hbo:1772	kite	similar	prior	0.5
H5861	hbo:5861	bird[s].of.prey	H6158	hbo:6158	raven	similar	prior	0.5
H5861	hbo:5861	bird[s].of.prey	H6538	hbo:6538	vulture	similar	prior	0.5
H5861	hbo:5861	bird[s].of.prey	H5860	hbo:5860	it.rushed	similar	prior	0.5
H5869	hbo:5869	eyes	H0241	hbo:0241	ears	similar	high	0.917
H5869	hbo:5869	eyes	H7210	hbo:7210	of.appearance	similar	prior	0.5
H5869	hbo:5869	eyes	H0380	hbo:0380	the.pupil	similar	prior	0.5
H5869	hbo:5869	eyes	H4599	hbo:4599	a.spring	similar	prior	0.5
H5869	hbo:5869	eyes	H6440	hbo:6440	before	similar	prior	0.5
H5869	hbo:5869	eyes	H4726	hbo:4726	spring	similar	prior	0.5
H5869	hbo:5869	eyes	H4758	hbo:4758	appearance	similar	prior	0.5
H5888	hbo:5888	it.was.weary	H5889	hbo:5889	weary	similar	prior	0.6
H5888	hbo:5888	it.was.weary	H3286	hbo:3286	they.grow.weary	similar	prior	0.6
H5888	hbo:5888	it.was.weary	H3288	hbo:3288	wearied	similar	prior	0.6
H5889	hbo:5889	weary	H3023	hbo:3023	[will.be].weary	similar	high	0.761
H5890	hbo:5890	darkness	H5774	hbo:5774	flying	similar	prior	0.5
H5892	hbo:5892	city	H4733	hbo:4733	refuge	similar	high	0.74
H5892	hbo:5892	city	H7176	hbo:7176	of.[the].town	similar	prior	0.5
H5892	hbo:5892	city	H5782	hbo:5782	awake	similar	prior	0.5
H5903	hbo:5903	nakedness	H6174	hbo:6174	naked	similar	high	0.894
H5903	hbo:5903	nakedness	H5783	hbo:5783	it.is.made.bare	similar	prior	0.5
H5914	hbo:5914	the.anklets	H5913	hbo:5913	they.tinkle.with.anklets	similar	prior	0.5
H5920	hbo:5920	above	H5927	hbo:5927	he.went.up	similar	prior	0.5
H5920	hbo:5920	above	H5945	hbo:5945a	the.Most.High	similar	prior	0.5
H5920	hbo:5920	above	H5940	hbo:5940	pestle	similar	prior	0.5
H5920	hbo:5920	above	H4607	hbo:4607	the.raising	similar	prior	0.5
H5920	hbo:5920	above	H4609	hbo:4609	steps	similar	prior	0.5
H5920	hbo:5920	above	H5942	hbo:5942	upper	similar	prior	0.5
H5920	hbo:5920	above	H5930	hbo:5930	a.burnt.offering	similar	prior	0.5
H5920	hbo:5920	above	H5944	hbo:5944	his.upper	similar	prior	0.5
H5923	hbo:5923	yoke	H4133	hbo:4133	yoke-bar	similar	high	0.712
H5923	hbo:5923	yoke	H5948	hbo:5948	a.crucible	similar	prior	0.5
H5927	hbo:5927	he.went.up	H4608	hbo:4608	the.ascent	similar	high	0.886
H5927	hbo:5927	he.went.up	H3381	hbo:3381	he.went.down	antonym	recall	0.764
H5927	hbo:5927	he.went.up	H0935	hbo:0935	he.came	similar	high	0.76
H5927	hbo:5927	he.went.up	H2224	hbo:2224	it.rises	similar	prior	0.5
H5927	hbo:5927	he.went.up	H5674	hbo:5674	pass.over	similar	prior	0.5
H5927	hbo:5927	he.went.up	H2076	hbo:2076	sacrifice	similar	prior	0.5
H5927	hbo:5927	he.went.up	H5312	hbo:5312	he.had.brought.out	similar	prior	0.5
H5927	hbo:5927	he.went.up	H5942	hbo:5942	upper	similar	prior	0.5
H5927	hbo:5927	he.went.up	H4607	hbo:4607	the.raising	similar	prior	0.5
H5927	hbo:5927	he.went.up	H5945	hbo:5945a	the.Most.High	similar	prior	0.5
H5927	hbo:5927	he.went.up	H5944	hbo:5944	his.upper	similar	prior	0.5
H5929	hbo:5929	leafage	H8585	hbo:8585	trench	similar	prior	0.5
H5929	hbo:5929	leafage	H5944	hbo:5944	his.upper	similar	prior	0.5
H5929	hbo:5929	leafage	H4609	hbo:4609	steps	similar	prior	0.5
H5929	hbo:5929	leafage	H5920	hbo:5920	above	similar	prior	0.5
H5929	hbo:5929	leafage	H5945	hbo:5945a	the.Most.High	similar	prior	0.5
H5929	hbo:5929	leafage	H5940	hbo:5940	pestle	similar	prior	0.5
H5929	hbo:5929	leafage	H5927	hbo:5927	he.went.up	similar	prior	0.5
H5929	hbo:5929	leafage	H5930	hbo:5930	a.burnt.offering	similar	prior	0.5
H5929	hbo:5929	leafage	H5942	hbo:5942	upper	similar	prior	0.5
H5929	hbo:5929	leafage	H4607	hbo:4607	the.raising	similar	prior	0.5
H5930	hbo:5930	a.burnt.offering	H4503	hbo:4503	offering	similar	high	1.0
H5930	hbo:5930	a.burnt.offering	H2077	hbo:2077	sacrifices	similar	high	1.0
H5930	hbo:5930	a.burnt.offering	H0801	hbo:0801	a.fire.offering	similar	high	1.0
H5930	hbo:5930	a.burnt.offering	H8002	hbo:8002	the.peace.offerings	similar	high	0.982
H5930	hbo:5930	a.burnt.offering	H0817	hbo:0817	offering	similar	high	0.966
H5930	hbo:5930	a.burnt.offering	H4196	hbo:4196	altar	similar	high	0.918
H5930	hbo:5930	a.burnt.offering	H6999	hbo:6999	make.smoke	similar	high	0.908
H5930	hbo:5930	a.burnt.offering	H5262	hbo:5262	their.drink	similar	high	0.879
H5930	hbo:5930	a.burnt.offering	H7133	hbo:7133	present	similar	prior	0.5
H5930	hbo:5930	a.burnt.offering	H7004	hbo:7004	incense	similar	prior	0.5
H5930	hbo:5930	a.burnt.offering	H5942	hbo:5942	upper	similar	prior	0.5
H5930	hbo:5930	a.burnt.offering	H5944	hbo:5944	his.upper	similar	prior	0.5
H5930	hbo:5930	a.burnt.offering	H4607	hbo:4607	the.raising	similar	prior	0.5
H5932	hbo:5932	of.injustice	H5766	hbo:5766a	injustice	similar	prior	0.6
H5932	hbo:5932	of.injustice	H5766	hbo:5766	injustice	similar	prior	0.6
H5932	hbo:5932	of.injustice	H5765	hbo:5765	he.acts.unjustly	similar	prior	0.5
H5934	hbo:5934	your.youth(s)	H5958	hbo:5958	young.man	similar	prior	0.5
H5937	hbo:5937	I.will.exult	H1523	hbo:1523	let.it.be.glad	similar	high	0.948
H5937	hbo:5937	I.will.exult	H7797	hbo:7797	he.will.rejoice	similar	high	0.888
H5937	hbo:5937	I.will.exult	H5965	hbo:5965	he.will.rejoice	similar	prior	0.5
H5938	hbo:5938	exulting	H5947	hbo:5947	exultant	similar	prior	0.6
H5938	hbo:5938	exulting	H5937	hbo:5937	I.will.exult	similar	prior	0.6
H5940	hbo:5940	pestle	H5944	hbo:5944	his.upper	similar	prior	0.5
H5940	hbo:5940	pestle	H4609	hbo:4609	steps	similar	prior	0.5
H5940	hbo:5940	pestle	H5930	hbo:5930	a.burnt.offering	similar	prior	0.5
H5940	hbo:5940	pestle	H4607	hbo:4607	the.raising	similar	prior	0.5
H5940	hbo:5940	pestle	H5945	hbo:5945a	the.Most.High	similar	prior	0.5
H5940	hbo:5940	pestle	H5927	hbo:5927	he.went.up	similar	prior	0.5
H5940	hbo:5940	pestle	H5942	hbo:5942	upper	similar	prior	0.5
H5942	hbo:5942	upper	H4607	hbo:4607	the.raising	similar	prior	0.5
H5943	hbo:5943	(the).Most	H5928	hbo:5928	burnt.offerings	similar	prior	0.5
H5944	hbo:5944	his.upper	H4607	hbo:4607	the.raising	similar	prior	0.5
H5944	hbo:5944	his.upper	H5942	hbo:5942	upper	similar	prior	0.5
H5945	hbo:5945	upper	H8481	hbo:8481	lower	antonym	recall	0.627
H5945	hbo:5945	upper	H5944	hbo:5944	his.upper	similar	prior	0.6
H5945	hbo:5945a	the.Most.High	H4609	hbo:4609	steps	similar	prior	0.5
H5945	hbo:5945a	the.Most.High	H5930	hbo:5930	a.burnt.offering	similar	prior	0.5
H5945	hbo:5945a	the.Most.High	H5942	hbo:5942	upper	similar	prior	0.5
H5945	hbo:5945a	the.Most.High	H5944	hbo:5944	his.upper	similar	prior	0.5
H5945	hbo:5945a	the.Most.High	H4607	hbo:4607	the.raising	similar	prior	0.5
H5946	hbo:5946	of.the.Most.High	H5945	hbo:5945a	the.Most.High	similar	prior	0.6
H5946	hbo:5946	of.the.Most.High	H5920	hbo:5920	above	similar	prior	0.6
H5946	hbo:5946	of.the.Most.High	H5928	hbo:5928	burnt.offerings	similar	prior	0.5
H5947	hbo:5947	exultant	H5937	hbo:5937	I.will.exult	similar	prior	0.6
H5949	hbo:5949	deeds	H4611	hbo:4611	deeds	similar	high	0.921
H5950	hbo:5950	deed[s]	H5949	hbo:5949	deeds	similar	prior	0.5
H5951	hbo:5951	exultation	H5970	hbo:5970	may.they.exult	similar	prior	0.5
H5952	hbo:5952	his.upper	H5928	hbo:5928	burnt.offerings	similar	prior	0.5
H5952	hbo:5952	his.upper	H5943	hbo:5943	(the).Most	similar	prior	0.5
H5952	hbo:5952	his.upper	H5946	hbo:5946	of.the.Most.High	similar	prior	0.5
H5953	hbo:5953	they.will.deal.wantonly	H5767	hbo:5767	an.unjust.person	similar	prior	0.6
H5953	hbo:5953	they.will.deal.wantonly	H5766	hbo:5766	injustice	similar	prior	0.6
H5953	hbo:5953	they.will.deal.wantonly	H1792	hbo:1792	they.are.crushed	similar	prior	0.5
H5953	hbo:5953	they.will.deal.wantonly	H1219	hbo:1219	you.will.gather.grapes	similar	prior	0.5
H5953	hbo:5953	they.will.deal.wantonly	H7451	hbo:7451b	evil	similar	prior	0.5
H5953	hbo:5953	they.will.deal.wantonly	H5950	hbo:5950	deed[s]	similar	prior	0.5
H5953	hbo:5953	they.will.deal.wantonly	H5949	hbo:5949	deeds	similar	prior	0.5
H5955	hbo:5955	gleanings	H1210	hbo:1210	[the].grape.harvest	similar	high	0.851
H5955	hbo:5955	gleanings	H8586	hbo:8586	wantonness(es)	similar	prior	0.5
H5955	hbo:5955	gleanings	H4611	hbo:4611	deeds	similar	prior	0.5
H5955	hbo:5955	gleanings	H5949	hbo:5949	deeds	similar	prior	0.5
H5955	hbo:5955	gleanings	H5953	hbo:5953	they.will.deal.wantonly	similar	prior	0.5
H5955	hbo:5955	gleanings	H5950	hbo:5950	deed[s]	similar	prior	0.5
H5956	hbo:5956	it.will.be.hidden	H5641	hbo:5641	hide	similar	high	0.686
H5956	hbo:5956	it.will.be.hidden	H3582	hbo:3582	hide.[it]	similar	high	0.649
H5956	hbo:5956	it.will.be.hidden	H8587	hbo:8587	[the].secrets	similar	prior	0.6
H5956	hbo:5956	it.will.be.hidden	H2934	hbo:2934	hide	similar	prior	0.5
H5958	hbo:5958	young.man	H5959	hbo:5959	woman	similar	prior	0.6
H5958	hbo:5958	young.man	H5961	hbo:5961	alamoth	similar	prior	0.6
H5959	hbo:5959	woman	H5934	hbo:5934	your.youth(s)	similar	prior	0.5
H5959	hbo:5959	woman	H5958	hbo:5958	young.man	similar	prior	0.5
H5959	hbo:5959	woman	H1330	hbo:1330	a.virgin	similar	high	0.489
H5961	hbo:5961	alamoth	H5959	hbo:5959	woman	similar	prior	0.6
H5968	hbo:5968	they.will.become.faint	H5969	hbo:5969	[were].wilted	similar	prior	0.5
H5970	hbo:5970	may.they.exult	H5937	hbo:5937	I.will.exult	similar	high	0.804
H5970	hbo:5970	may.they.exult	H7442	hbo:7442	shout.for.joy	similar	high	0.795
H5970	hbo:5970	may.they.exult	H1523	hbo:1523	let.it.be.glad	similar	high	0.786
H5970	hbo:5970	may.they.exult	H8055	hbo:8055	rejoice	similar	high	0.758
H5970	hbo:5970	may.they.exult	H7797	hbo:7797	he.will.rejoice	similar	high	0.733
H5971	hbo:5971	people	H1471	hbo:1471	nations	similar	high	0.906
H5975	hbo:5975	he.stood	H3320	hbo:3320	take.your.stand	similar	high	0.935
H5975	hbo:5975	he.stood	H5324	hbo:5324	[was].standing	similar	high	0.916
H5975	hbo:5975	he.stood	H6965	hbo:6965	he.arose	similar	high	0.887
H5975	hbo:5975	he.stood	H5977	hbo:5977	place	similar	high	0.872
H5975	hbo:5975	he.stood	H3322	hbo:3322	he	similar	prior	0.5
H5975	hbo:5975	he.stood	H4613	hbo:4613	a.foothold	similar	prior	0.5
H5975	hbo:5975	he.stood	H4612	hbo:4612	position	similar	prior	0.5
H5975	hbo:5975	he.stood	H5982	hbo:5982	pillars	similar	prior	0.5
H5976	hbo:5976	you.caused.to.stand	H4571	hbo:4571	they.slip	similar	prior	0.5
H5977	hbo:5977	place	H5975	hbo:5975	he.stood	similar	high	0.872
H5977	hbo:5977	place	H4613	hbo:4613	a.foothold	similar	prior	0.5
H5977	hbo:5977	place	H5982	hbo:5982	pillars	similar	prior	0.5
H5979	hbo:5979	ground	H5977	hbo:5977	place	similar	prior	0.6
H5979	hbo:5979	ground	H4613	hbo:4613	a.foothold	similar	prior	0.6
H5979	hbo:5979	ground	H5982	hbo:5982	pillars	similar	prior	0.6
H5979	hbo:5979	ground	H4612	hbo:4612	position	similar	prior	0.5
H5979	hbo:5979	ground	H5975	hbo:5975	he.stood	similar	prior	0.5
H5980	hbo:5980	to	H5971	hbo:5971	people	similar	prior	0.5
H5982	hbo:5982	pillars	H7175	hbo:7175	frames	similar	high	0.974
H5982	hbo:5982	pillars	H5977	hbo:5977	place	similar	prior	0.6
H5982	hbo:5982	pillars	H4676	hbo:4676	a.pillar	similar	prior	0.5
H5982	hbo:5982	pillars	H4612	hbo:4612	position	similar	prior	0.5
H5982	hbo:5982	pillars	H4613	hbo:4613	a.foothold	similar	prior	0.5
H5984	hbo:5984	Ammonite	H4125	hbo:4125	[woman]	similar	high	0.76
H5984	hbo:5984	Ammonite	H2850	hbo:2850	Hittite[s]	similar	high	0.724
H5984	hbo:5984	Ammonite	H6430	hbo:6430	[the].Philistines	similar	prior	0.5
H5995	hbo:5995	cut.grain	H1430	hbo:1430	a.stack.of.sheaves	similar	prior	0.5
H5995	hbo:5995	cut.grain	H6016	hbo:6016	a.sheaf	similar	prior	0.5
H5997	hbo:5997	citizen	H2270	hbo:2270	companions	similar	prior	0.5
H5997	hbo:5997	citizen	H7453	hbo:7453	neighbor	similar	prior	0.5
H5998	hbo:5998	he.toils	H5999	hbo:5999	toil	similar	high	0.997
H5999	hbo:5999	toil	H6001	hbo:6001a	[was].toiling	similar	high	1.0
H5999	hbo:5999	toil	H5998	hbo:5998	he.toils	similar	high	0.997
H5999	hbo:5999	toil	H6001	hbo:6001	of.laborers	similar	high	0.901
H5999	hbo:5999	toil	H0205	hbo:0205	wickedness	similar	high	0.822
H6001	hbo:6001	of.laborers	H5999	hbo:5999	toil	similar	high	0.901
H6001	hbo:6001	of.laborers	H3021	hbo:3021	you.have.labored	similar	prior	0.5
H6001	hbo:6001a	[was].toiling	H5999	hbo:5999	toil	similar	high	1.0
H6006	hbo:6006	he.loaded	H5448	hbo:5448	burden	similar	high	0.503
H6006	hbo:6006	he.loaded	H5449	hbo:5449	burden-bearer[s]	similar	prior	0.5
H6006	hbo:6006	he.loaded	H5375	hbo:5375	lift.up	similar	prior	0.5
H6006	hbo:6006	he.loaded	H5445	hbo:5445	I.will.carry	similar	prior	0.5
H6009	hbo:6009	make.deep	H4615	hbo:4615	depths	similar	prior	0.5
H6010	hbo:6010	the.valley	H1237	hbo:1237	the.valley	similar	high	0.876
H6010	hbo:6010	the.valley	H1516	hbo:1516	valley	similar	high	0.868
H6010	hbo:6010	the.valley	H1516	hbo:1516a	the.valley	similar	high	0.844
H6010	hbo:6010	the.valley	H5158	hbo:5158	the.wadi	similar	high	0.829
H6010	hbo:6010	the.valley	H4334	hbo:4334	plain	similar	high	0.742
H6010	hbo:6010	the.valley	H1516	hbo:1516e	of	similar	high	0.732
H6010	hbo:6010	the.valley	H2022	hbo:2022	the.mountain	antonym	recall	0.582
H6010	hbo:6010	the.valley	H6011	hbo:6011	the.depths	similar	prior	0.5
H6010	hbo:6010	the.valley	H6009	hbo:6009	make.deep	similar	prior	0.5
H6010	hbo:6010	the.valley	H6013	hbo:6013	deep	similar	prior	0.5
H6010	hbo:6010	the.valley	H4615	hbo:4615	depths	similar	prior	0.5
H6010	hbo:6010	the.valley	H6012	hbo:6012	deep	similar	prior	0.5
H6011	hbo:6011	the.depths	H4615	hbo:4615	depths	similar	prior	0.5
H6011	hbo:6011	the.depths	H6012	hbo:6012	deep	similar	prior	0.5
H6011	hbo:6011	the.depths	H6013	hbo:6013	deep	similar	prior	0.5
H6011	hbo:6011	the.depths	H6009	hbo:6009	make.deep	similar	prior	0.5
H6012	hbo:6012	deep	H4615	hbo:4615	depths	similar	prior	0.5
H6012	hbo:6012	deep	H6009	hbo:6009	make.deep	similar	prior	0.5
H6013	hbo:6013	deep	H6009	hbo:6009	make.deep	similar	prior	0.6
H6013	hbo:6013	deep	H8415	hbo:8415	the.deep	similar	prior	0.5
H6013	hbo:6013	deep	H6012	hbo:6012	deep	similar	prior	0.5
H6013	hbo:6013	deep	H4615	hbo:4615	depths	similar	prior	0.5
H6016	hbo:6016	a.sheaf	H1430	hbo:1430	a.stack.of.sheaves	similar	prior	0.5
H6016	hbo:6016	a.sheaf	H6194	hbo:6194	heaps	similar	prior	0.5
H6016	hbo:6016	a.sheaf	H0485	hbo:0485	sheaves	similar	prior	0.5
H6016	hbo:6016a	omer	H5995	hbo:5995	cut.grain	similar	prior	0.5
H6025	hbo:6025	grapes	H3196	hbo:3196	wine	similar	high	0.736
H6025	hbo:6025	grapes	H0811	hbo:0811	clusters	similar	high	0.687
H6025	hbo:6025	grapes	H1690	hbo:1690	fig.cakes	similar	prior	0.5
H6025	hbo:6025	grapes	H1061	hbo:1061	the.first-fruits	similar	prior	0.5
H6026	hbo:6026	you.will.take.delight	H6028	hbo:6028	delicate	similar	prior	0.5
H6027	hbo:6027	of.delight	H6026	hbo:6026	you.will.take.delight	similar	prior	0.5
H6027	hbo:6027	of.delight	H4574	hbo:4574	delicacies	similar	prior	0.5
H6027	hbo:6027	of.delight	H8588	hbo:8588	the.delights	similar	prior	0.5
H6027	hbo:6027	of.delight	H6028	hbo:6028	delicate	similar	prior	0.5
H6028	hbo:6028	delicate	H6026	hbo:6026	you.will.take.delight	similar	prior	0.5
H6028	hbo:6028	delicate	H4906	hbo:4906	his.carved.image	similar	prior	0.5
H6028	hbo:6028	delicate	H8588	hbo:8588	the.delights	similar	prior	0.5
H6029	hbo:6029	I	H0631	hbo:0631	she.has.bound	similar	prior	0.5
H6030	hbo:6030	he.answered	H0559	hbo:0559	he.said	similar	high	0.865
H6030	hbo:6030	he.answered	H1696	hbo:1696	he.spoke	similar	high	0.742
H6030	hbo:6030	he.answered	H7592	hbo:7592	ask	antonym	recall	0.59
H6030	hbo:6030	he.answered	H4585	hbo:4585	dens	similar	prior	0.5
H6030	hbo:6030	he.answered	H4617	hbo:4617	an.answer	similar	prior	0.5
H6030	hbo:6030	he.answered	H6256	hbo:6256	time	similar	prior	0.5
H6030	hbo:6030	he.answered	H6261	hbo:6261	ready	similar	prior	0.5
H6031	hbo:6031	he	H6039	hbo:6039	[the].affliction	similar	prior	0.6
H6031	hbo:6031	he	H6040	hbo:6040	affliction	similar	prior	0.6
H6031	hbo:6031	he	H3013	hbo:3013	he.has.caused.grief	similar	prior	0.5
H6031	hbo:6031	he	H6531	hbo:6531	harshness	similar	prior	0.5
H6031	hbo:6031	he	H5953	hbo:5953	they.will.deal.wantonly	similar	prior	0.5
H6031	hbo:6031	he	H3905	hbo:3905	[those	similar	prior	0.5
H6031	hbo:6031	he	H3665	hbo:3665	he	similar	prior	0.5
H6031	hbo:6031	he	H4618	hbo:4618	of.a.furrow	similar	prior	0.5
H6031	hbo:6031	he	H6045	hbo:6045	business	similar	prior	0.5
H6031	hbo:6031a	be.busy	H6039	hbo:6039	[the].affliction	similar	prior	0.6
H6031	hbo:6031b	of.singing	H6039	hbo:6039	[the].affliction	similar	prior	0.6
H6031	hbo:6031b	of.singing	H6035	hbo:6035	humble.[people]	similar	prior	0.6
H6031	hbo:6031b	of.singing	H6038	hbo:6038	humility	similar	prior	0.6
H6031	hbo:6031b	of.singing	H1790	hbo:1790	oppressed	similar	prior	0.5
H6035	hbo:6035	humble.[people]	H1343	hbo:1343	proud.[people]	antonym	recall	0.726
H6035	hbo:6035	humble.[people]	H6038	hbo:6038	humility	similar	prior	0.5
H6035	hbo:6035	humble.[people]	H6041	hbo:6041	poor	similar	prior	0.5
H6035	hbo:6035	humble.[people]	H8589	hbo:8589	humiliation	similar	prior	0.5
H6035	hbo:6035	humble.[people]	H6040	hbo:6040	affliction	similar	prior	0.5
H6035	hbo:6035	humble.[people]	H6031	hbo:6031	he	similar	prior	0.5
H6035	hbo:6035	humble.[people]	H6039	hbo:6039	[the].affliction	similar	prior	0.5
H6038	hbo:6038	humility	H6031	hbo:6031	he	similar	prior	0.5
H6039	hbo:6039	[the].affliction	H6038	hbo:6038	humility	similar	prior	0.5
H6039	hbo:6039	[the].affliction	H6031	hbo:6031	he	similar	prior	0.5
H6040	hbo:6040	affliction	H4788	hbo:4788	homeless.people	similar	high	0.678
H6040	hbo:6040	affliction	H6869	hbo:6869	trouble	similar	high	0.646
H6040	hbo:6040	affliction	H6039	hbo:6039	[the].affliction	similar	prior	0.6
H6040	hbo:6040	affliction	H5999	hbo:5999	toil	similar	prior	0.5
H6040	hbo:6040	affliction	H7389	hbo:7389	poverty	similar	prior	0.5
H6040	hbo:6040	affliction	H6031	hbo:6031	he	similar	prior	0.5
H6040	hbo:6040	affliction	H6038	hbo:6038	humility	similar	prior	0.5
H6041	hbo:6041	poor	H0034	hbo:0034	needy	similar	high	1.0
H6041	hbo:6041	poor	H1800	hbo:1800	poor.[people]	similar	high	1.0
H6041	hbo:6041	poor	H7326	hbo:7326	[one.who.is].poor	similar	high	0.923
H6041	hbo:6041	poor	H3490	hbo:3490	one	similar	high	0.799
H6041	hbo:6041	poor	H1790	hbo:1790	oppressed	similar	high	0.776
H6041	hbo:6041	poor	H6223	hbo:6223	a.rich.[person]	antonym	recall	0.603
H6041	hbo:6041	poor	H6039	hbo:6039	[the].affliction	similar	prior	0.6
H6041	hbo:6041	poor	H8217	hbo:8217	lowly	similar	prior	0.5
H6041	hbo:6041	poor	H4542	hbo:4542	poor	similar	prior	0.5
H6041	hbo:6041	poor	H6031	hbo:6031	he	similar	prior	0.5
H6041	hbo:6041	poor	H6038	hbo:6038	humility	similar	prior	0.5
H6045	hbo:6045	business	H5656	hbo:5656	service	similar	prior	0.5
H6049	hbo:6049	soothsayers	H3784	hbo:3784	sorcerers	similar	high	0.734
H6049	hbo:6049	soothsayers	H7080	hbo:7080	diviners	similar	high	0.726
H6049	hbo:6049	soothsayers	H5172	hbo:5172	he.practiced.divination	similar	high	0.668
H6049	hbo:6049	soothsayers	H7081	hbo:7081	divination	similar	high	0.65
H6049	hbo:6049	soothsayers	H6051	hbo:6051	cloud	similar	prior	0.6
H6049	hbo:6049	soothsayers	H0178	hbo:0178	necromancers	similar	high	0.536
H6049	hbo:6049	soothsayers	H6459	hbo:6459	idol	similar	prior	0.5
H6049	hbo:6049	soothsayers	H3785	hbo:3785	sorceries	similar	prior	0.5
H6051	hbo:6051	cloud	H6205	hbo:6205	thick.darkness	similar	high	0.799
H6051	hbo:6051	cloud	H7834	hbo:7834	clouds	similar	prior	0.5
H6051	hbo:6051	cloud	H6053	hbo:6053	cloud	similar	prior	0.5
H6051	hbo:6051	cloud	H5645	hbo:5645	clouds	similar	prior	0.5
H6051	hbo:6051	cloud	H6049	hbo:6049	soothsayers	similar	prior	0.5
H6053	hbo:6053	cloud	H6051	hbo:6051	cloud	similar	prior	0.5
H6053	hbo:6053	cloud	H6049	hbo:6049	soothsayers	similar	prior	0.5
H6057	hbo:6057	branch[es]	H6788	hbo:6788	treetop	similar	prior	0.5
H6057	hbo:6057	branch[es]	H1808	hbo:1808	branches	similar	prior	0.5
H6057	hbo:6057	branch[es]	H3127	hbo:3127	shoots	similar	prior	0.5
H6058	hbo:6058	full.of.branches	H6057	hbo:6057	branch[es]	similar	prior	0.5
H6059	hbo:6059	generously.(provide)	H6062	hbo:6062	Anakites	similar	prior	0.5
H6060	hbo:6060	necklaces	H8333	hbo:8333	chains	similar	prior	0.5
H6060	hbo:6060	necklaces	H6059	hbo:6059	generously.(provide)	similar	prior	0.5
H6060	hbo:6060	necklaces	H6062	hbo:6062	Anakites	similar	prior	0.5
H6062	hbo:6062	Anakites	H6003	hbo:6003	Amalekite[s]	similar	prior	0.5
H6062	hbo:6062	Anakites	H1368	hbo:1368	warriors	similar	prior	0.5
H6062	hbo:6062	Anakites	H2752	hbo:2752	the.Horite[s]	similar	prior	0.5
H6064	hbo:6064	they.are.punished	H3722	hbo:3722	he.will.make.atonement	similar	prior	0.5
H6064	hbo:6064	they.are.punished	H6066	hbo:6066	a.fine	similar	prior	0.5
H6066	hbo:6066	a.fine	H6064	hbo:6064	they.are.punished	similar	prior	0.5
H6071	hbo:6071	sweet.wine	H3196	hbo:3196	wine	similar	high	0.696
H6071	hbo:6071	sweet.wine	H8492	hbo:8492	new.wine	similar	high	0.695
H6072	hbo:6072	you.will.tread.down	H6071	hbo:6071	sweet.wine	similar	prior	0.5
H6074	hbo:6074	foliage	H5929	hbo:5929	leafage	similar	prior	0.5
H6076	hbo:6076a	hill	H2914	hbo:2914	tumors	similar	prior	0.5
H6076	hbo:6076a	hill	H6075	hbo:6075	it.is.swollen	similar	prior	0.5
H6080	hbo:6080	he.dusted.[them]	H6083	hbo:6083	dust	similar	prior	0.5
H6083	hbo:6083	dust	H2916	hbo:2916	mud	similar	high	0.817
H6083	hbo:6083	dust	H0080	hbo:0080	dust	similar	high	0.735
H6083	hbo:6083	dust	H0665	hbo:0665	ash[es]	similar	high	0.602
H6083	hbo:6083	dust	H2344	hbo:2344	sand	similar	prior	0.5
H6083	hbo:6083	dust	H0127	hbo:0127	land	similar	prior	0.5
H6086	hbo:6086	wood(s)	H0730	hbo:0730	of.cedar(s)	similar	high	0.941
H6086	hbo:6086	wood(s)	H7848	hbo:7848	of.acacia	similar	high	0.809
H6086	hbo:6086	wood(s)	H6097	hbo:6097	wood	similar	prior	0.6
H6086	hbo:6086	wood(s)	H0181	hbo:0181	a.piece.of.firewood	similar	prior	0.5
H6086	hbo:6086	wood(s)	H4731	hbo:4731	staff	similar	prior	0.5
H6086	hbo:6086	wood(s)	H0636	hbo:0636	(the)	similar	prior	0.5
H6086	hbo:6086	wood(s)	H6074	hbo:6074	foliage	similar	prior	0.5
H6086	hbo:6086	wood(s)	H0363	hbo:0363	the	similar	prior	0.5
H6087	hbo:6087a	be.grieved	H6090	hbo:6090a	pain	similar	prior	0.5
H6089	hbo:6089a	hard.labor	H6087	hbo:6087a	be.grieved	similar	prior	0.5
H6089	hbo:6089a	hard.labor	H3015	hbo:3015	sorrow	similar	prior	0.5
H6089	hbo:6089a	hard.labor	H5999	hbo:5999	toil	similar	prior	0.5
H6089	hbo:6089a	hard.labor	H6001	hbo:6001	of.laborers	similar	prior	0.5
H6089	hbo:6089a	hard.labor	H4620	hbo:4620	pain	similar	prior	0.5
H6089	hbo:6089a	hard.labor	H6093	hbo:6093	pain	similar	prior	0.5
H6089	hbo:6089a	hard.labor	H6092	hbo:6092	laborers	similar	prior	0.5
H6089	hbo:6089a	hard.labor	H6091	hbo:6091	idols	similar	prior	0.5
H6089	hbo:6089a	hard.labor	H6090	hbo:6090a	pain	similar	prior	0.5
H6090	hbo:6090a	pain	H6089	hbo:6089a	hard.labor	similar	prior	0.5
H6090	hbo:6090a	pain	H3015	hbo:3015	sorrow	similar	prior	0.5
H6091	hbo:6091	idols	H1544	hbo:1544	idols	similar	high	0.778
H6091	hbo:6091	idols	H0457	hbo:0457	idols	similar	high	0.742
H6091	hbo:6091	idols	H6456	hbo:6456	idols	similar	high	0.74
H6091	hbo:6091	idols	H4906	hbo:4906	his.carved.image	similar	prior	0.5
H6091	hbo:6091	idols	H6736	hbo:6736	of.images	similar	prior	0.5
H6091	hbo:6091	idols	H8163	hbo:8163a	a.male.goat	similar	prior	0.5
H6091	hbo:6091	idols	H6459	hbo:6459	idol	similar	prior	0.5
H6091	hbo:6091	idols	H6087	hbo:6087a	be.grieved	similar	prior	0.5
H6091	hbo:6091	idols	H6090	hbo:6090a	pain	similar	prior	0.5
H6092	hbo:6092	laborers	H6087	hbo:6087a	be.grieved	similar	prior	0.5
H6092	hbo:6092	laborers	H6090	hbo:6090a	pain	similar	prior	0.5
H6092	hbo:6092	laborers	H4620	hbo:4620	pain	similar	prior	0.5
H6092	hbo:6092	laborers	H6093	hbo:6093	pain	similar	prior	0.5
H6093	hbo:6093	pain	H6089	hbo:6089a	hard.labor	similar	prior	0.5
H6093	hbo:6093	pain	H2342	hbo:2342a	tremble	similar	prior	0.5
H6093	hbo:6093	pain	H6090	hbo:6090a	pain	similar	prior	0.5
H6093	hbo:6093	pain	H6087	hbo:6087a	be.grieved	similar	prior	0.5
H6094	hbo:6094	sorrow	H6087	hbo:6087a	be.grieved	similar	prior	0.6
H6094	hbo:6094	sorrow	H3511	hbo:3511	pain	similar	prior	0.5
H6094	hbo:6094	sorrow	H4620	hbo:4620	pain	similar	prior	0.5
H6094	hbo:6094	sorrow	H6092	hbo:6092	laborers	similar	prior	0.5
H6094	hbo:6094	sorrow	H6093	hbo:6093	pain	similar	prior	0.5
H6094	hbo:6094	sorrow	H6090	hbo:6090a	pain	similar	prior	0.5
H6098	hbo:6098	counsel	H3289	hbo:3289	he.consulted	similar	high	1.0
H6098	hbo:6098	counsel	H3289	hbo:3289a	counselors	similar	high	0.949
H6098	hbo:6098	counsel	H4284	hbo:4284	plans	similar	high	0.939
H6098	hbo:6098	counsel	H4209	hbo:4209	discretion	similar	high	0.736
H6098	hbo:6098	counsel	H1847	hbo:1847	knowledge	similar	high	0.65
H6098	hbo:6098	counsel	H4156	hbo:4156	schemes	similar	prior	0.6
H6099	hbo:6099	mighty	H7227	hbo:7227	many	similar	high	1.0
H6099	hbo:6099	mighty	H1419	hbo:1419	great	similar	high	0.755
H6099	hbo:6099	mighty	H6184	hbo:6184	of.ruthless.[people]	similar	high	0.671
H6099	hbo:6099	mighty	H0117	hbo:0117	majestic	similar	high	0.664
H6099	hbo:6099	mighty	H3524	hbo:3524	mighty	similar	prior	0.5
H6102	hbo:6102	a.sluggard	H7423	hbo:7423	of.deceit	similar	high	0.706
H6102	hbo:6102	a.sluggard	H2742	hbo:2742e	of.diligent.[people]	antonym	recall	0.619
H6102	hbo:6102	a.sluggard	H6101	hbo:6101	hesitate	similar	prior	0.6
H6103	hbo:6103a	laziness(es)	H6102	hbo:6102	a.sluggard	similar	prior	0.6
H6103	hbo:6103a	laziness(es)	H6101	hbo:6101	hesitate	similar	prior	0.6
H6104	hbo:6104	of.laziness	H6102	hbo:6102	a.sluggard	similar	prior	0.6
H6104	hbo:6104	of.laziness	H6101	hbo:6101	hesitate	similar	prior	0.6
H6105	hbo:6105	they.are.numerous	H1419	hbo:1419	great	similar	prior	0.5
H6105	hbo:6105	they.are.numerous	H2389	hbo:2389	strong	similar	prior	0.5
H6105	hbo:6105	they.are.numerous	H8624	hbo:8624	strong	similar	prior	0.5
H6105	hbo:6105	they.are.numerous	H6106	hbo:6106	bones	similar	prior	0.5
H6105	hbo:6105	they.are.numerous	H8592	hbo:8592	power(s)	similar	prior	0.5
H6105	hbo:6105	they.are.numerous	H6099	hbo:6099	mighty	similar	prior	0.5
H6106	hbo:6106	bones	H1320	hbo:1320	flesh	similar	high	0.699
H6106	hbo:6106	bones	H1517	hbo:1517	tendons	similar	high	0.546
H6106	hbo:6106	bones	H1538	hbo:1538	heads	similar	prior	0.5
H6106	hbo:6106	bones	H1634	hbo:1634	the.bone	similar	prior	0.5
H6106	hbo:6106	bones	H6099	hbo:6099	mighty	similar	prior	0.5
H6108	hbo:6108	the.might	H6109	hbo:6109	power	similar	prior	0.6
H6108	hbo:6108	the.might	H7230	hbo:7230	abundance	similar	prior	0.5
H6108	hbo:6108	the.might	H8592	hbo:8592	power(s)	similar	prior	0.5
H6108	hbo:6108	the.might	H6105	hbo:6105	they.are.numerous	similar	prior	0.5
H6108	hbo:6108	the.might	H6099	hbo:6099	mighty	similar	prior	0.5
H6108	hbo:6108	the.might	H6106	hbo:6106	bones	similar	prior	0.5
H6109	hbo:6109	power	H6106	hbo:6106	bones	similar	prior	0.5
H6109	hbo:6109	power	H8592	hbo:8592	power(s)	similar	prior	0.5
H6109	hbo:6109	power	H6105	hbo:6105	they.are.numerous	similar	prior	0.5
H6109	hbo:6109	power	H6099	hbo:6099	mighty	similar	prior	0.5
H6113	hbo:6113	shut.up	H6887	hbo:6887	it.is.distress	similar	prior	0.6
H6113	hbo:6113	shut.up	H4622	hbo:4622	limitation	similar	prior	0.6
H6113	hbo:6113	shut.up	H6115	hbo:6115	oppression	similar	prior	0.6
H6113	hbo:6113	shut.up	H6696	hbo:6696	they.laid.siege	similar	prior	0.6
H6113	hbo:6113	shut.up	H4623	hbo:4623	control	similar	prior	0.6
H6113	hbo:6113	shut.up	H5462	hbo:5462	he	similar	prior	0.5
H6113	hbo:6113	shut.up	H2820	hbo:2820	you.have.withheld	similar	prior	0.5
H6113	hbo:6113	shut.up	H6114	hbo:6114	oppression	similar	prior	0.5
H6115	hbo:6115	oppression	H3906	hbo:3906	oppression	similar	prior	0.5
H6115	hbo:6115	oppression	H6231	hbo:6231	oppress	similar	prior	0.5
H6115	hbo:6115	oppression	H4941	hbo:4941	justice	similar	prior	0.5
H6115	hbo:6115	oppression	H4623	hbo:4623	control	similar	prior	0.5
H6115	hbo:6115	oppression	H4622	hbo:4622	limitation	similar	prior	0.5
H6115	hbo:6115	oppression	H6114	hbo:6114	oppression	similar	prior	0.5
H6115	hbo:6115	oppression	H6113	hbo:6113	shut.up	similar	prior	0.5
H6116	hbo:6116	an.assembly	H4744	hbo:4744	a.convocation	similar	high	0.836
H6116	hbo:6116	an.assembly	H2282	hbo:2282	the.festival	similar	high	0.8
H6116	hbo:6116	an.assembly	H4150	hbo:4150	of.meeting	similar	prior	0.5
H6116	hbo:6116	an.assembly	H6951	hbo:6951	assembly	similar	prior	0.5
H6116	hbo:6116	an.assembly	H4623	hbo:4623	control	similar	prior	0.5
H6116	hbo:6116	an.assembly	H6115	hbo:6115	oppression	similar	prior	0.5
H6116	hbo:6116	an.assembly	H6113	hbo:6113	shut.up	similar	prior	0.5
H6116	hbo:6116	an.assembly	H4622	hbo:4622	limitation	similar	prior	0.5
H6116	hbo:6116	an.assembly	H6114	hbo:6114	oppression	similar	prior	0.5
H6117	hbo:6117	he	H6122	hbo:6122	guile	similar	prior	0.5
H6118	hbo:6118	[the].consequence	H6119	hbo:6119	[the].heels	similar	prior	0.5
H6118	hbo:6118	[the].consequence	H1576	hbo:1576	recompense	similar	prior	0.5
H6118	hbo:6118	[the].consequence	H7939	hbo:7939	wage[s]	similar	prior	0.5
H6118	hbo:6118	[the].consequence	H6122	hbo:6122	guile	similar	prior	0.5
H6118	hbo:6118	[the].consequence	H6117	hbo:6117	he	similar	prior	0.5
H6119	hbo:6119	[the].heels	H3709	hbo:3709	palms	similar	prior	0.5
H6119	hbo:6119	[the].heels	H2220	hbo:2220	arm	similar	prior	0.5
H6119	hbo:6119	[the].heels	H6122	hbo:6122	guile	similar	prior	0.5
H6119	hbo:6119	[the].heels	H6117	hbo:6117	he	similar	prior	0.5
H6124	hbo:6124	striped.[ones]	H5348	hbo:5348	speckled	similar	high	1.0
H6124	hbo:6124	striped.[ones]	H2921	hbo:2921	spotted	similar	high	0.887
H6124	hbo:6124	striped.[ones]	H1261	hbo:1261	mottled	similar	high	0.836
H6125	hbo:6125	[the].pressure	H5781	hbo:5781	[am].about.to.make.totter	similar	prior	0.5
H6127	hbo:6127	perverted	H6129	hbo:6129	twisting	similar	prior	0.6
H6128	hbo:6128	twisting	H6127	hbo:6127	perverted	similar	prior	0.6
H6128	hbo:6128	twisting	H6129	hbo:6129	twisting	similar	prior	0.6
H6131	hbo:6131	he.hamstrung	H5428	hbo:5428	pluck.up	similar	prior	0.5
H6133	hbo:6133	a.member	H6135	hbo:6135	[was].barren	similar	prior	0.5
H6133	hbo:6133	a.member	H6131	hbo:6131	he.hamstrung	similar	prior	0.5
H6135	hbo:6135	[was].barren	H4420	hbo:4420	of.saltiness	similar	prior	0.5
H6135	hbo:6135	[was].barren	H1565	hbo:1565	barren	similar	prior	0.5
H6135	hbo:6135	[was].barren	H6131	hbo:6131	he.hamstrung	similar	prior	0.5
H6136	hbo:6136	the.stump	H6132	hbo:6132	they.were.uprooted	similar	prior	0.5
H6140	hbo:6140	they.have.made.crooked	H6143	hbo:6143	crookedness	similar	prior	0.6
H6140	hbo:6140	they.have.made.crooked	H5557	hbo:5557	it.perverts	similar	prior	0.5
H6141	hbo:6141	a.perverse.[person]	H6617	hbo:6617	you.show.yourself.twisted	similar	high	0.878
H6141	hbo:6141	a.perverse.[person]	H6143	hbo:6143	crookedness	similar	prior	0.6
H6141	hbo:6141	a.perverse.[person]	H4625	hbo:4625	rough.places	similar	prior	0.5
H6143	hbo:6143	crookedness	H6140	hbo:6140	they.have.made.crooked	similar	prior	0.5
H6148	hbo:6148	make.a.wager	H2254	hbo:2254	you.will.take.as.pledge	similar	prior	0.5
H6148	hbo:6148	make.a.wager	H6161	hbo:6161	pledge	similar	prior	0.5
H6148	hbo:6148	make.a.wager	H4627	hbo:4627	merchandise	similar	prior	0.5
H6148	hbo:6148	make.a.wager	H8594	hbo:8594	the.pledges	similar	prior	0.5
H6150	hbo:6150	doing.in.the.evening	H6153	hbo:6153	evening	similar	high	0.71
H6150	hbo:6150	doing.in.the.evening	H2821	hbo:2821	he.makes.dark	similar	prior	0.5
H6153	hbo:6153	evening	H1242	hbo:1242	morning	antonym	recall	0.695
H6153	hbo:6153	evening	H4628	hbo:4628	west	similar	prior	0.6
H6153	hbo:6153	evening	H6672	hbo:6672a	noon(s)	similar	prior	0.5
H6154	hbo:6154	woof	H8359	hbo:8359	warp	similar	high	1.0
H6154	hbo:6154	woof	H6157	hbo:6157	swarm	similar	prior	0.5
H6154	hbo:6154a	foreigner	H6157	hbo:6157	swarm	similar	high	0.691
H6156	hbo:6156	[is].sweet	H6149	hbo:6149	it.will.be.pleasing	similar	prior	0.5
H6157	hbo:6157	swarm	H6154	hbo:6154a	foreigner	similar	high	0.691
H6157	hbo:6157	swarm	H3654	hbo:3654	gnats	similar	high	0.672
H6157	hbo:6157	swarm	H0697	hbo:0697	locust[s]	similar	prior	0.5
H6158	hbo:6158	raven	H6155	hbo:6155	poplars	similar	prior	0.5
H6160	hbo:6160	Arabah	H4057	hbo:4057	wilderness	similar	high	0.856
H6160	hbo:6160	Arabah	H8219	hbo:8219	Shephelah	similar	prior	0.5
H6160	hbo:6160	Arabah	H3452	hbo:3452	Jeshimon	similar	prior	0.5
H6160	hbo:6160	Arabah	H8064	hbo:8064	heavens	similar	prior	0.5
H6160	hbo:6160	Arabah	H4334	hbo:4334	plain	similar	prior	0.5
H6161	hbo:6161	pledge	H6148	hbo:6148	make.a.wager	similar	prior	0.6
H6161	hbo:6161	pledge	H6148	hbo:6148a	they.have.mixed.themselves	similar	prior	0.6
H6161	hbo:6161	pledge	H2258	hbo:2258	a.pledge	similar	prior	0.5
H6161	hbo:6161	pledge	H8594	hbo:8594	the.pledges	similar	prior	0.5
H6161	hbo:6161	pledge	H4627	hbo:4627	merchandise	similar	prior	0.5
H6162	hbo:6162	pledge	H6161	hbo:6161	pledge	similar	prior	0.6
H6162	hbo:6162	pledge	H6148	hbo:6148	make.a.wager	similar	prior	0.6
H6162	hbo:6162	pledge	H5667	hbo:5667	pledge	similar	high	0.581
H6162	hbo:6162	pledge	H2258	hbo:2258	a.pledge	similar	prior	0.5
H6162	hbo:6162	pledge	H8594	hbo:8594	the.pledges	similar	prior	0.5
H6162	hbo:6162	pledge	H4627	hbo:4627	merchandise	similar	prior	0.5
H6163	hbo:6163	Arabs	H6160	hbo:6160	Arabah	similar	prior	0.5
H6168	hbo:6168	he.will.lay.bare	H6181	hbo:6181	bareness	similar	prior	0.6
H6168	hbo:6168	he.will.lay.bare	H6172	hbo:6172	the.nakedness	similar	prior	0.6
H6168	hbo:6168	he.will.lay.bare	H8210	hbo:8210	pour.out	similar	prior	0.5
H6168	hbo:6168	he.will.lay.bare	H6209	hbo:6209	they.laid.bare	similar	prior	0.5
H6168	hbo:6168	he.will.lay.bare	H7324	hbo:7324a	I.will.draw	similar	prior	0.5
H6169	hbo:6169	bare.places	H6168	hbo:6168	he.will.lay.bare	similar	prior	0.5
H6169	hbo:6169	bare.places	H4629	hbo:4629	the.open.place	similar	prior	0.5
H6169	hbo:6169	bare.places	H6172	hbo:6172	the.nakedness	similar	prior	0.5
H6169	hbo:6169	bare.places	H6181	hbo:6181	bareness	similar	prior	0.5
H6169	hbo:6169	bare.places	H4626	hbo:4626	to.the.clear.space	similar	prior	0.5
H6169	hbo:6169	bare.places	H8593	hbo:8593	sheath	similar	prior	0.5
H6170	hbo:6170	the.beds	H6165	hbo:6165	it.pants	similar	prior	0.5
H6172	hbo:6172	the.nakedness	H6181	hbo:6181	bareness	similar	prior	0.6
H6172	hbo:6172	the.nakedness	H6174	hbo:6174	naked	similar	prior	0.5
H6172	hbo:6172	the.nakedness	H5903	hbo:5903	nakedness	similar	prior	0.5
H6172	hbo:6172	the.nakedness	H8593	hbo:8593	sheath	similar	prior	0.5
H6172	hbo:6172	the.nakedness	H6168	hbo:6168	he.will.lay.bare	similar	prior	0.5
H6172	hbo:6172	the.nakedness	H4629	hbo:4629	the.open.place	similar	prior	0.5
H6174	hbo:6174	naked	H5903	hbo:5903	nakedness	similar	high	0.894
H6174	hbo:6174	naked	H3182	hbo:3182	barefoot	similar	high	0.814
H6174	hbo:6174	naked	H6181	hbo:6181	bareness	similar	prior	0.5
H6174	hbo:6174	naked	H5783	hbo:5783	it.is.made.bare	similar	prior	0.5
H6174	hbo:6174	naked	H4589	hbo:4589	nakedness(es)	similar	prior	0.5
H6174	hbo:6174	naked	H3830	hbo:3830	clothing	antonym	recall	0.481
H6175	hbo:6175	a.sensible.[person]	H6612	hbo:6612	naive.people	antonym	recall	0.821
H6175	hbo:6175	a.sensible.[person]	H2450	hbo:2450	wise	similar	prior	0.5
H6175	hbo:6175	a.sensible.[person]	H6193	hbo:6193	they	similar	prior	0.5
H6176	hbo:6176	a.juniper.bush	H6185	hbo:6185	childless	similar	prior	0.5
H6176	hbo:6176	a.juniper.bush	H6199	hbo:6199	a.bush	similar	prior	0.5
H6176	hbo:6176	a.juniper.bush	H6209	hbo:6209	they.laid.bare	similar	prior	0.5
H6178	hbo:6178	slope	H6206	hbo:6206	be.terrified	similar	prior	0.5
H6178	hbo:6178	slope	H4637	hbo:4637	a.crash	similar	prior	0.5
H6178	hbo:6178	slope	H6184	hbo:6184	of.ruthless.[people]	similar	prior	0.5
H6183	hbo:6183	clouds	H6201	hbo:6201	may.it.drop	similar	prior	0.5
H6183	hbo:6183	clouds	H6205	hbo:6205	thick.darkness	similar	prior	0.5
H6185	hbo:6185	childless	H6135	hbo:6135	[was].barren	similar	prior	0.5
H6185	hbo:6185	childless	H6199	hbo:6199	a.bush	similar	prior	0.5
H6185	hbo:6185	childless	H6209	hbo:6209	they.laid.bare	similar	prior	0.5
H6186	hbo:6186	they.deployed	H4421	hbo:4421	battle	similar	high	0.636
H6186	hbo:6186	they.deployed	H4633	hbo:4633	[the].plans	similar	prior	0.6
H6186	hbo:6186	they.deployed	H7760	hbo:7760	he.put	similar	high	0.533
H6186	hbo:6186	they.deployed	H2502	hbo:2502a	equipped	similar	prior	0.5
H6186	hbo:6186	they.deployed	H5401	hbo:5401	he.kissed	similar	prior	0.5
H6187	hbo:6187	valuation	H6186	hbo:6186	they.deployed	similar	prior	0.5
H6187	hbo:6187	valuation	H4634	hbo:4634	line	similar	prior	0.5
H6189	hbo:6189	uncircumcised	H4135	hbo:4135	he.will.be.circumcised	antonym	recall	0.562
H6189	hbo:6189	uncircumcised	H6188	hbo:6188	be.counted.as.uncircumcised	similar	prior	0.5
H6190	hbo:6190	foreskins	H4135	hbo:4135	he.will.be.circumcised	similar	high	0.961
H6190	hbo:6190	foreskins	H1285	hbo:1285	covenant	similar	high	0.512
H6190	hbo:6190	foreskins	H6188	hbo:6188	be.counted.as.uncircumcised	similar	prior	0.5
H6191	hbo:6191	very.(be.crafty)	H6195	hbo:6195	prudence	similar	prior	0.5
H6193	hbo:6193	they	H6191	hbo:6191	very.(be.crafty)	similar	prior	0.5
H6195	hbo:6195	prudence	H4209	hbo:4209	discretion	similar	high	0.731
H6195	hbo:6195	prudence	H3684	hbo:3684	a.fool	antonym	recall	0.565
H6195	hbo:6195	prudence	H7922	hbo:7922	insight	similar	prior	0.5
H6195	hbo:6195	prudence	H6098	hbo:6098	counsel	similar	prior	0.5
H6195	hbo:6195	prudence	H6191	hbo:6191	very.(be.crafty)	similar	prior	0.5
H6195	hbo:6195	prudence	H6193	hbo:6193	they	similar	prior	0.5
H6202	hbo:6202	you	H7819	hbo:7819	he.will.cut.the.throat.of	similar	high	0.639
H6202	hbo:6202	you	H6203	hbo:6203	neck	similar	prior	0.6
H6202	hbo:6202	you	H2873	hbo:2873	slaughter	similar	prior	0.5
H6203	hbo:6203	neck	H6677	hbo:6677	neck	similar	prior	0.5
H6203	hbo:6203	neck	H1458	hbo:1458	back	similar	prior	0.5
H6205	hbo:6205	thick.darkness	H2822	hbo:2822	darkness	similar	high	0.866
H6205	hbo:6205	thick.darkness	H0653	hbo:0653	darkness	similar	high	0.801
H6205	hbo:6205	thick.darkness	H6051	hbo:6051	cloud	similar	high	0.799
H6205	hbo:6205	thick.darkness	H5939	hbo:5939	darkness	similar	prior	0.5
H6205	hbo:6205	thick.darkness	H6201	hbo:6201	may.it.drop	similar	prior	0.5
H6206	hbo:6206	be.terrified	H2865	hbo:2865	be.dismayed	similar	high	0.78
H6206	hbo:6206	be.terrified	H3372	hbo:3372	be.afraid	similar	high	0.729
H6206	hbo:6206	be.terrified	H6342	hbo:6342	they.will.be.in.dread	similar	high	0.664
H6206	hbo:6206	be.terrified	H8539	hbo:8539	be.astonished	similar	prior	0.5
H6206	hbo:6206	be.terrified	H6184	hbo:6184	of.ruthless.[people]	similar	prior	0.5
H6206	hbo:6206	be.terrified	H4637	hbo:4637	a.crash	similar	prior	0.5
H6209	hbo:6209	they.laid.bare	H6181	hbo:6181	bareness	similar	prior	0.5
H6209	hbo:6209	they.laid.bare	H6965	hbo:6965	he.arose	similar	prior	0.5
H6209	hbo:6209	they.laid.bare	H6199	hbo:6199	a.bush	similar	prior	0.5
H6210	hbo:6210	couch	H4296	hbo:4296	bed	similar	high	0.673
H6210	hbo:6210	couch	H3326	hbo:3326	beds	similar	high	0.629
H6212	hbo:6212	vegetation	H1877	hbo:1877	fresh.grass	similar	high	1.0
H6212	hbo:6212	vegetation	H3418	hbo:3418	greenery	similar	high	0.975
H6212	hbo:6212	vegetation	H2682	hbo:2682	grass	similar	high	0.879
H6212	hbo:6212	vegetation	H1488	hbo:1488	the.mowings	similar	prior	0.5
H6212	hbo:6212	vegetation	H5929	hbo:5929	leafage	similar	prior	0.5
H6213	hbo:6213	do	H6466	hbo:6466	[those.who].do	similar	prior	0.5
H6213	hbo:6213	do	H1129	hbo:1129	he.built	similar	prior	0.5
H6213	hbo:6213	do	H4749	hbo:4749	hammered.work	similar	prior	0.5
H6213	hbo:6213	do	H3335	hbo:3335	the.[one	similar	prior	0.5
H6213	hbo:6213	do	H1254	hbo:1254	he.created	similar	prior	0.5
H6213	hbo:6213	do	H2796	hbo:2796	craftsmen	similar	prior	0.5
H6216	hbo:6216	of.an.oppressor	H6231	hbo:6231	oppress	similar	prior	0.6
H6216	hbo:6216	of.an.oppressor	H4642	hbo:4642	of.extortion(s)	similar	prior	0.6
H6216	hbo:6216	of.an.oppressor	H6234	hbo:6234	oppression	similar	prior	0.6
H6217	hbo:6217	oppression(s)	H6216	hbo:6216	of.an.oppressor	similar	prior	0.5
H6218	hbo:6218	ten	H6237	hbo:6237	he.will.take.a.tithe	similar	prior	0.6
H6218	hbo:6218	ten	H4643	hbo:4643	the.tithe	similar	prior	0.5
H6219	hbo:6219	wrought	H6247	hbo:6247	[are].a.plate	similar	prior	0.5
H6223	hbo:6223	a.rich.[person]	H1952	hbo:1952	wealth	similar	high	0.852
H6223	hbo:6223	a.rich.[person]	H7326	hbo:7326	[one.who.is].poor	antonym	recall	0.804
H6223	hbo:6223	a.rich.[person]	H1800	hbo:1800	poor.[people]	antonym	recall	0.694
H6223	hbo:6223	a.rich.[person]	H6041	hbo:6041	poor	antonym	recall	0.603
H6223	hbo:6223	a.rich.[person]	H6239	hbo:6239	wealth	similar	prior	0.5
H6225	hbo:6225	it.will.smoke	H6227	hbo:6227	smoke	similar	prior	0.5
H6226	hbo:6226	smoking	H6225	hbo:6225	it.will.smoke	similar	prior	0.5
H6226	hbo:6226	smoking	H6227	hbo:6227	smoke	similar	prior	0.5
H6231	hbo:6231	oppress	H6233	hbo:6233	oppression	similar	high	1.0
H6231	hbo:6231	oppress	H4642	hbo:4642	of.extortion(s)	similar	prior	0.6
H6231	hbo:6231	oppress	H6234	hbo:6234	oppression	similar	prior	0.6
H6231	hbo:6231	oppress	H7411	hbo:7411a	have	similar	prior	0.5
H6231	hbo:6231	oppress	H5065	hbo:5065	taskmasters	similar	prior	0.5
H6231	hbo:6231	oppress	H1792	hbo:1792	they.are.crushed	similar	prior	0.5
H6231	hbo:6231	oppress	H8266	hbo:8266	you.will.deal.falsely	similar	prior	0.5
H6231	hbo:6231	oppress	H2555	hbo:2555	violence	similar	prior	0.5
H6231	hbo:6231	oppress	H3906	hbo:3906	oppression	similar	prior	0.5
H6231	hbo:6231	oppress	H7602	hbo:7602a	who].trample	similar	prior	0.5
H6231	hbo:6231	oppress	H6906	hbo:6906	[are].robbing	similar	prior	0.5
H6231	hbo:6231	oppress	H6217	hbo:6217	oppression(s)	similar	prior	0.5
H6231	hbo:6231	oppress	H6216	hbo:6216	of.an.oppressor	similar	prior	0.5
H6233	hbo:6233	oppression	H6231	hbo:6231	oppress	similar	high	1.0
H6233	hbo:6233	oppression	H1498	hbo:1498	robbery	similar	high	0.883
H6233	hbo:6233	oppression	H1497	hbo:1497	he.has.robbed	similar	high	0.862
H6233	hbo:6233	oppression	H3238	hbo:3238	the.oppressor	similar	high	0.614
H6233	hbo:6233	oppression	H2555	hbo:2555	violence	similar	prior	0.5
H6233	hbo:6233	oppression	H8496	hbo:8496	oppression	similar	prior	0.5
H6233	hbo:6233	oppression	H6217	hbo:6217	oppression(s)	similar	prior	0.5
H6233	hbo:6233	oppression	H6216	hbo:6216	of.an.oppressor	similar	prior	0.5
H6234	hbo:6234	oppression	H4642	hbo:4642	of.extortion(s)	similar	prior	0.6
H6234	hbo:6234	oppression	H6231	hbo:6231	oppress	similar	prior	0.5
H6234	hbo:6234	oppression	H6217	hbo:6217	oppression(s)	similar	prior	0.5
H6234	hbo:6234	oppression	H6233	hbo:6233	oppression	similar	prior	0.5
H6234	hbo:6234	oppression	H6216	hbo:6216	of.an.oppressor	similar	prior	0.5
H6237	hbo:6237	he.will.take.a.tithe	H4643	hbo:4643	the.tithe	similar	high	1.0
H6237	hbo:6237	he.will.take.a.tithe	H6218	hbo:6218	ten	similar	prior	0.5
H6238	hbo:6238	gain.riches	H7326	hbo:7326	[one.who.is].poor	antonym	recall	0.651
H6238	hbo:6238	gain.riches	H6239	hbo:6239	wealth	similar	prior	0.6
H6239	hbo:6239	wealth	H5233	hbo:5233	riches	similar	high	0.856
H6239	hbo:6239	wealth	H6223	hbo:6223	a.rich.[person]	similar	prior	0.6
H6239	hbo:6239	wealth	H6238	hbo:6238	gain.riches	similar	prior	0.5
H6241	hbo:6241	tenths.[of.an.ephah]	H4643	hbo:4643	the.tithe	similar	prior	0.5
H6241	hbo:6241	tenths.[of.an.ephah]	H6237	hbo:6237	he.will.take.a.tithe	similar	prior	0.5
H6241	hbo:6241	tenths.[of.an.ephah]	H6218	hbo:6218	ten	similar	prior	0.5
H6245	hbo:6245a	they.have.become.smooth	H6219	hbo:6219	wrought	similar	prior	0.5
H6245	hbo:6245a	they.have.become.smooth	H6247	hbo:6247	[are].a.plate	similar	prior	0.5
H6248	hbo:6248	thought	H6250	hbo:6250	plans	similar	prior	0.5
H6255	hbo:6255	Ashteroth	H6254	hbo:6254	Ashterathite	similar	prior	0.5
H6256	hbo:6256	time	H3117	hbo:3117	day	similar	high	0.622
H6256	hbo:6256	time	H6261	hbo:6261	ready	similar	prior	0.6
H6256	hbo:6256	time	H7281	hbo:7281	a.moment	similar	high	0.574
H6256	hbo:6256	time	H8141	hbo:8141	year[s]	similar	prior	0.5
H6256	hbo:6256	time	H6471	hbo:6471	times	similar	prior	0.5
H6256	hbo:6256	time	H6264	hbo:6264	ready	similar	prior	0.5
H6256	hbo:6256	time	H4150	hbo:4150	of.meeting	similar	prior	0.5
H6256	hbo:6256	time	H4617	hbo:4617	an.answer	similar	prior	0.5
H6257	hbo:6257	they.are.destined	H6264	hbo:6264	ready	similar	prior	0.5
H6257	hbo:6257	they.are.destined	H6259	hbo:6259	their	similar	prior	0.5
H6260	hbo:6260	goats	H5795	hbo:5795	of.goats	similar	high	0.853
H6260	hbo:6260	goats	H6629	hbo:6629	sheep	similar	prior	0.5
H6260	hbo:6260	goats	H6257	hbo:6257	they.are.destined	similar	prior	0.5
H6260	hbo:6260	goats	H6259	hbo:6259	their	similar	prior	0.5
H6260	hbo:6260	goats	H6264	hbo:6264	ready	similar	prior	0.5
H6261	hbo:6261	ready	H4617	hbo:4617	an.answer	similar	prior	0.5
H6264	hbo:6264	ready	H6257	hbo:6257	they.are.destined	similar	prior	0.6
H6264	hbo:6264	ready	H6259	hbo:6259	their	similar	prior	0.5
H6266	hbo:6266	magnificent	H6276	hbo:6276	enduring	similar	prior	0.5
H6266	hbo:6266	magnificent	H6275	hbo:6275	he.moved.on	similar	prior	0.5
H6266	hbo:6266	magnificent	H6277	hbo:6277	arrogant	similar	prior	0.5
H6267	hbo:6267	[are].ancient	H6268	hbo:6268	the.[one].ancient	similar	prior	0.6
H6267	hbo:6267	[are].ancient	H6924	hbo:6924	of.[the].east	similar	prior	0.5
H6267	hbo:6267	[are].ancient	H3453	hbo:3453	aged.[people]	similar	prior	0.5
H6267	hbo:6267	[are].ancient	H6276	hbo:6276	enduring	similar	prior	0.5
H6267	hbo:6267	[are].ancient	H6266	hbo:6266	magnificent	similar	prior	0.5
H6267	hbo:6267	[are].ancient	H6275	hbo:6275	he.moved.on	similar	prior	0.5
H6267	hbo:6267	[are].ancient	H6277	hbo:6277	arrogant	similar	prior	0.5
H6275	hbo:6275	he.moved.on	H6277	hbo:6277	arrogant	similar	prior	0.5
H6276	hbo:6276	enduring	H6266	hbo:6266	magnificent	similar	prior	0.6
H6276	hbo:6276	enduring	H6277	hbo:6277	arrogant	similar	prior	0.5
H6276	hbo:6276	enduring	H6275	hbo:6275	he.moved.on	similar	prior	0.5
H6279	hbo:6279	he.was.entreated	H6419	hbo:6419	pray	similar	high	0.815
H6279	hbo:6279	he.was.entreated	H2603	hbo:2603	show	similar	high	0.657
H6279	hbo:6279	he.was.entreated	H2470	hbo:2470a	entreat	similar	prior	0.5
H6283	hbo:6283	an.abundance	H6280	hbo:6280	you.have.multiplied	similar	prior	0.5
H6284	hbo:6284	I	H6285	hbo:6285	side	similar	prior	0.5
H6285	hbo:6285	side	H1366	hbo:1366	border	similar	high	1.0
H6286	hbo:6286	beautify	H7623	hbo:7623	boast	similar	prior	0.5
H6286	hbo:6286	beautify	H1219	hbo:1219b	it.will.be.withheld	similar	prior	0.5
H6286	hbo:6286	beautify	H6287	hbo:6287	turbans	similar	prior	0.5
H6287	hbo:6287	turbans	H6797	hbo:6797	a.turban	similar	high	0.658
H6287	hbo:6287	turbans	H4701	hbo:4701	turban	similar	high	0.616
H6287	hbo:6287	turbans	H8597	hbo:8597	splendor	similar	prior	0.5
H6288	hbo:6288	branches	H1808	hbo:1808	branches	similar	high	0.871
H6288	hbo:6288	branches	H6057	hbo:6057	branch[es]	similar	prior	0.5
H6288	hbo:6288	branches	H6289	hbo:6289	a.glow	similar	prior	0.5
H6292	hbo:6292	of.unclean.meat	H2931	hbo:2931	unclean	similar	high	0.797
H6292	hbo:6292	of.unclean.meat	H8441	hbo:8441	abominations	similar	prior	0.5
H6292	hbo:6292	of.unclean.meat	H8251	hbo:8251	things	similar	prior	0.5
H6292	hbo:6292	of.unclean.meat	H8263	hbo:8263	[is].a.detestable.thing	similar	prior	0.5
H6293	hbo:6293	it.touches	H7122	hbo:7122	meet	similar	high	0.732
H6293	hbo:6293	it.touches	H4645	hbo:4645	a.target	similar	prior	0.5
H6293	hbo:6293	it.touches	H6294	hbo:6294	an.occurrence	similar	prior	0.5
H6294	hbo:6294	an.occurrence	H6293	hbo:6293	it.touches	similar	prior	0.6
H6294	hbo:6294	an.occurrence	H4745	hbo:4745	fate	similar	prior	0.5
H6294	hbo:6294	an.occurrence	H4645	hbo:4645	a.target	similar	prior	0.5
H6296	hbo:6296	they.were.[too].exhausted	H6297	hbo:6297	corpses	similar	prior	0.5
H6297	hbo:6297	corpses	H1480	hbo:1480	the.corpse	similar	prior	0.5
H6298	hbo:6298	he	H6293	hbo:6293	it.touches	similar	prior	0.5
H6299	hbo:6299	you.will.redeem	H1350	hbo:1350	redeemer	similar	high	0.852
H6299	hbo:6299	you.will.redeem	H1353	hbo:1353	redemption	similar	high	0.67
H6299	hbo:6299	you.will.redeem	H5337	hbo:5337	deliver	similar	high	0.58
H6302	hbo:6302	the.ransom(s)	H6299	hbo:6299	you.will.redeem	similar	prior	0.6
H6302	hbo:6302	the.ransom(s)	H1353	hbo:1353	redemption	similar	prior	0.5
H6302	hbo:6302	the.ransom(s)	H3724	hbo:3724c	a.ransom	similar	prior	0.5
H6302	hbo:6302	the.ransom(s)	H6306	hbo:6306a	the.ransom	similar	prior	0.5
H6304	hbo:6304	redemption	H6299	hbo:6299	you.will.redeem	similar	prior	0.6
H6304	hbo:6304	redemption	H3724	hbo:3724c	a.ransom	similar	prior	0.5
H6304	hbo:6304	redemption	H6302	hbo:6302	the.ransom(s)	similar	prior	0.5
H6304	hbo:6304	redemption	H6306	hbo:6306a	the.ransom	similar	prior	0.5
H6306	hbo:6306a	the.ransom	H6299	hbo:6299	you.will.redeem	similar	prior	0.6
H6306	hbo:6306a	the.ransom	H6304	hbo:6304	redemption	similar	prior	0.6
H6306	hbo:6306a	the.ransom	H1353	hbo:1353	redemption	similar	prior	0.5
H6306	hbo:6306a	the.ransom	H6302	hbo:6302	the.ransom(s)	similar	prior	0.5
H6309	hbo:6309	suet	H2459	hbo:2459	fat	similar	prior	0.5
H6310	hbo:6310	mouth	H8193	hbo:8193	lips	similar	high	0.813
H6310	hbo:6310	mouth	H3956	hbo:3956	tongue	similar	high	0.752
H6310	hbo:6310	mouth	H2441	hbo:2441	palate	similar	prior	0.5
H6310	hbo:6310	mouth	H0241	hbo:0241	ears	similar	prior	0.5
H6310	hbo:6310	mouth	H6433	hbo:6433	the.mouth	similar	prior	0.5
H6313	hbo:6313	it.grew.numb	H7503	hbo:7503	refrain	similar	high	0.598
H6313	hbo:6313	it.grew.numb	H2014	hbo:2014	stop(s)	similar	prior	0.5
H6314	hbo:6314	rest	H6313	hbo:6313	it.grew.numb	similar	prior	0.5
H6314	hbo:6314	rest	H2014	hbo:2014	stop(s)	similar	prior	0.5
H6315	hbo:6315	it.will.breathe	H6351	hbo:6351	they.are.trapped	similar	prior	0.6
H6315	hbo:6315	it.will.breathe	H5301	hbo:5301	blow	similar	prior	0.5
H6315	hbo:6315a	he.breathes.out	H6351	hbo:6351	they.are.trapped	similar	prior	0.6
H6315	hbo:6315a	he.breathes.out	H6368	hbo:6368	soot	similar	prior	0.5
H6320	hbo:6320	eye-paint	H5601	hbo:5601	sapphire	similar	prior	0.5
H6327	hbo:6327	they.were.scattered	H2219	hbo:2219	I.will.disperse	similar	high	0.907
H6327	hbo:6327	they.were.scattered	H5080	hbo:5080	I	similar	high	0.775
H6327	hbo:6327	they.were.scattered	H6908	hbo:6908	I.will.gather	antonym	recall	0.65
H6327	hbo:6327	they.were.scattered	H6555	hbo:6555	he.urged	similar	prior	0.5
H6328	hbo:6328	they.staggered	H4383	hbo:4383	the.stumbling.block	similar	prior	0.5
H6328	hbo:6328	they.staggered	H6375	hbo:6375	tottering	similar	prior	0.5
H6329	hbo:6329	he.obtained	H5414	hbo:5414	give	similar	prior	0.5
H6330	hbo:6330	staggering	H6328	hbo:6328	they.staggered	similar	prior	0.5
H6330	hbo:6330	staggering	H6375	hbo:6375	tottering	similar	prior	0.5
H6331	hbo:6331	he.broke	H6565	hbo:6565	break	similar	prior	0.6
H6331	hbo:6331	he.broke	H6565	hbo:6565a	utterly.(split)	similar	prior	0.6
H6337	hbo:6337	than.pure.gold	H3800	hbo:3800	gold	similar	high	0.881
H6337	hbo:6337	than.pure.gold	H5458	hbo:5458a	pure.gold	similar	prior	0.5
H6338	hbo:6338	refined	H6337	hbo:6337	than.pure.gold	similar	prior	0.5
H6340	hbo:6340	scattered	H2219	hbo:2219	I.will.disperse	similar	prior	0.5
H6340	hbo:6340	scattered	H6327	hbo:6327	they.were.scattered	similar	prior	0.5
H6341	hbo:6341	snare	H4170	hbo:4170	snare	similar	high	1.0
H6341	hbo:6341	snare	H3369	hbo:3369	they.will.be.ensnared	similar	high	0.793
H6341	hbo:6341	snare	H3353	hbo:3353	of.a.fowler	similar	high	0.748
H6341	hbo:6341	snare	H5367	hbo:5367	setting.traps	similar	prior	0.5
H6341	hbo:6341	snare	H2764	hbo:2764a	net	similar	prior	0.5
H6341	hbo:6341	snare	H6351	hbo:6351	they.are.trapped	similar	prior	0.5
H6342	hbo:6342	they.will.be.in.dread	H3372	hbo:3372	be.afraid	similar	high	0.979
H6342	hbo:6342	they.will.be.in.dread	H2865	hbo:2865	be.dismayed	similar	high	0.845
H6342	hbo:6342	they.will.be.in.dread	H0926	hbo:0926	they	similar	high	0.735
H6342	hbo:6342	they.will.be.in.dread	H0982	hbo:0982	trust	antonym	recall	0.618
H6342	hbo:6342	they.will.be.in.dread	H3025	hbo:3025	I.am.afraid.of	similar	prior	0.5
H6343	hbo:6343	dread	H0367	hbo:0367	terror	similar	high	0.837
H6343	hbo:6343	dread	H2731	hbo:2731	trembling	similar	high	0.775
H6343	hbo:6343	dread	H0982	hbo:0982	trust	antonym	recall	0.504
H6343	hbo:6343	dread	H4288	hbo:4288	terror	similar	prior	0.5
H6343	hbo:6343	dread	H6345	hbo:6345	of.me	similar	prior	0.5
H6343	hbo:6343	dread	H6344	hbo:6344	its.thighs	similar	prior	0.5
H6344	hbo:6344	its.thighs	H6342	hbo:6342	they.will.be.in.dread	similar	prior	0.5
H6344	hbo:6344	its.thighs	H6345	hbo:6345	of.me	similar	prior	0.5
H6345	hbo:6345	of.me	H6342	hbo:6342	they.will.be.in.dread	similar	prior	0.5
H6346	hbo:6346	governors	H8269	hbo:8269	officials	similar	high	0.744
H6346	hbo:6346	governors	H5461	hbo:5461	officials	similar	high	0.727
H6346	hbo:6346	governors	H5257	hbo:5257a	princes	similar	prior	0.5
H6346	hbo:6346	governors	H8660	hbo:8660	governor	similar	prior	0.5
H6348	hbo:6348	undisciplined	H6349	hbo:6349	destructiveness	similar	prior	0.6
H6350	hbo:6350	recklessness	H6349	hbo:6349	destructiveness	similar	prior	0.5
H6350	hbo:6350	recklessness	H6348	hbo:6348	undisciplined	similar	prior	0.5
H6351	hbo:6351	they.are.trapped	H6341	hbo:6341	snare	similar	prior	0.6
H6352	hbo:6352	charcoal	H1513	hbo:1513	coals	similar	high	0.704
H6352	hbo:6352	charcoal	H0784	hbo:0784	fire	similar	prior	0.5
H6354	hbo:6354	pit	H7845	hbo:7845	pit	similar	prior	0.5
H6356	hbo:6356	[is].a.mildew	H6354	hbo:6354	pit	similar	prior	0.5
H6357	hbo:6357	a.topaz	H0124	hbo:0124	of.a.ruby	similar	high	1.0
H6357	hbo:6357	a.topaz	H3095	hbo:3095	an.emerald	similar	high	0.916
H6357	hbo:6357	a.topaz	H5306	hbo:5306	turquoise	similar	high	0.857
H6357	hbo:6357	a.topaz	H3471	hbo:3471	a.jasper	similar	high	0.849
H6357	hbo:6357	a.topaz	H7718	hbo:7718	of.onyx	similar	high	0.811
H6358	hbo:6358	spread.out.[things]	H6362	hbo:6362	let.go.off.duty	similar	prior	0.5
H6360	hbo:6360	of.a.hammer	H4718	hbo:4718	[the].excavation	similar	prior	0.5
H6363	hbo:6363	firstborn	H1060	hbo:1060	firstborn	similar	high	0.884
H6363	hbo:6363	firstborn	H6362	hbo:6362	let.go.off.duty	similar	prior	0.6
H6363	hbo:6363	firstborn	H4548	hbo:4548	nails	similar	prior	0.5
H6363	hbo:6363	firstborn	H1062	hbo:1062	birthright	similar	prior	0.5
H6363	hbo:6363	firstborn	H6358	hbo:6358	spread.out.[things]	similar	prior	0.5
H6365	hbo:6365	disaster	H0343	hbo:0343	their.disaster	similar	high	0.805
H6365	hbo:6365	disaster	H1942	hbo:1942a	destruction(s)	similar	high	0.551
H6370	hbo:6370	concubine	H0802	hbo:0802	woman	similar	high	0.897
H6370	hbo:6370	concubine	H3904	hbo:3904	concubines	similar	prior	0.5
H6370	hbo:6370	concubine	H0519	hbo:0519	maidservant	similar	prior	0.5
H6374	hbo:6374	of.edges	H6310	hbo:6310	mouth	similar	prior	0.5
H6378	hbo:6378	the.flask	H6379	hbo:6379	[were].trickling	similar	prior	0.5
H6381	hbo:6381	wonders	H6382	hbo:6382	wonder[s]	similar	high	1.0
H6381	hbo:6381	wonders	H6383	hbo:6383	[is].incomprehensible	similar	prior	0.6
H6381	hbo:6381	wonders	H4159	hbo:4159	wonders	similar	prior	0.5
H6382	hbo:6382	wonder[s]	H6381	hbo:6381	wonders	similar	high	1.0
H6382	hbo:6382	wonder[s]	H6383	hbo:6383	[is].incomprehensible	similar	prior	0.6
H6382	hbo:6382	wonder[s]	H1431	hbo:1431	he.grew.up	similar	prior	0.5
H6383	hbo:6383	[is].incomprehensible	H6382	hbo:6382	wonder[s]	similar	prior	0.5
H6386	hbo:6386	divided	H6392	hbo:6392	divisions	similar	prior	0.5
H6386	hbo:6386	divided	H6387	hbo:6387	half	similar	prior	0.5
H6387	hbo:6387	half	H6392	hbo:6392	divisions	similar	prior	0.5
H6388	hbo:6388	streams	H6385	hbo:6385	it.was.divided	similar	prior	0.5
H6390	hbo:6390	the.divisions	H6385	hbo:6385	it.was.divided	similar	prior	0.5
H6391	hbo:6391	the.divisions	H6390	hbo:6390	the.divisions	similar	prior	0.5
H6391	hbo:6391	the.divisions	H4653	hbo:4653	divisions	similar	prior	0.5
H6391	hbo:6391	the.divisions	H6388	hbo:6388	streams	similar	prior	0.5
H6391	hbo:6391	the.divisions	H6385	hbo:6385	it.was.divided	similar	prior	0.5
H6399	hbo:6399	[are].paying.reverence	H6402	hbo:6402	the.worship	similar	prior	0.5
H6400	hbo:6400	a.mill-stone	H1690	hbo:1690	fig.cakes	similar	prior	0.5
H6400	hbo:6400	a.mill-stone	H6398	hbo:6398	he.sliced.[them]	similar	prior	0.5
H6403	hbo:6403	deliverer	H5337	hbo:5337	deliver	similar	high	0.842
H6403	hbo:6403	deliverer	H6412	hbo:6412	an.escapee	similar	prior	0.5
H6403	hbo:6403	deliverer	H6413	hbo:6413	an.escaped.remnant	similar	prior	0.5
H6412	hbo:6412	an.escapee	H6413	hbo:6413	an.escaped.remnant	similar	high	0.905
H6412	hbo:6412	an.escapee	H8300	hbo:8300	a.survivor	similar	high	0.858
H6412	hbo:6412	an.escapee	H4422	hbo:4422	he.escaped	similar	high	0.756
H6412	hbo:6412	an.escapee	H7604	hbo:7604	remain	similar	high	0.601
H6412	hbo:6412	an.escapee	H6403	hbo:6403	deliverer	similar	prior	0.6
H6413	hbo:6413	an.escaped.remnant	H6412	hbo:6412	an.escapee	similar	high	0.905
H6413	hbo:6413	an.escaped.remnant	H7611	hbo:7611	the.remnant	similar	high	0.886
H6413	hbo:6413	an.escaped.remnant	H8300	hbo:8300	a.survivor	similar	high	0.83
H6413	hbo:6413	an.escaped.remnant	H7604	hbo:7604	remain	similar	high	0.65
H6414	hbo:6414	assessments	H6415	hbo:6415	a.decision	similar	prior	0.5
H6415	hbo:6415	a.decision	H6414	hbo:6414	assessments	similar	prior	0.6
H6415	hbo:6415	a.decision	H6416	hbo:6416	calling.for.judgment	similar	prior	0.6
H6415	hbo:6415	a.decision	H6417	hbo:6417	decision	similar	prior	0.6
H6416	hbo:6416	calling.for.judgment	H6417	hbo:6417	decision	similar	prior	0.6
H6416	hbo:6416	calling.for.judgment	H6414	hbo:6414	assessments	similar	prior	0.6
H6416	hbo:6416	calling.for.judgment	H6415	hbo:6415	a.decision	similar	prior	0.5
H6416	hbo:6416	calling.for.judgment	H8605	hbo:8605	prayer	similar	prior	0.5
H6416	hbo:6416	calling.for.judgment	H6419	hbo:6419	pray	similar	prior	0.5
H6417	hbo:6417	decision	H6414	hbo:6414	assessments	similar	prior	0.6
H6417	hbo:6417	decision	H6419	hbo:6419	pray	similar	prior	0.5
H6417	hbo:6417	decision	H8605	hbo:8605	prayer	similar	prior	0.5
H6417	hbo:6417	decision	H6415	hbo:6415	a.decision	similar	prior	0.5
H6419	hbo:6419	pray	H8605	hbo:8605	prayer	similar	high	1.0
H6419	hbo:6419	pray	H6279	hbo:6279	he.was.entreated	similar	high	0.815
H6419	hbo:6419	pray	H2470	hbo:2470a	entreat	similar	high	0.797
H6419	hbo:6419	pray	H7878	hbo:7878	I.will.meditate	similar	prior	0.5
H6419	hbo:6419	pray	H6293	hbo:6293	it.touches	similar	prior	0.5
H6419	hbo:6419	pray	H6414	hbo:6414	assessments	similar	prior	0.5
H6419	hbo:6419	pray	H6415	hbo:6415	a.decision	similar	prior	0.5
H6424	hbo:6424a	make.level	H4657	hbo:4657	[the].balancing(s)	similar	prior	0.5
H6424	hbo:6424a	make.level	H6425	hbo:6425	scale[s]	similar	prior	0.5
H6425	hbo:6425	scale[s]	H4657	hbo:4657	[the].balancing(s)	similar	prior	0.5
H6426	hbo:6426	they	H7493	hbo:7493	it.quaked	similar	prior	0.5
H6426	hbo:6426	they	H4656	hbo:4656	an.abominable.image	similar	prior	0.5
H6426	hbo:6426	they	H8606	hbo:8606	horror	similar	prior	0.5
H6426	hbo:6426	they	H6427	hbo:6427	shuddering	similar	prior	0.5
H6427	hbo:6427	shuddering	H2731	hbo:2731	trembling	similar	prior	0.5
H6427	hbo:6427	shuddering	H6343	hbo:6343	dread	similar	prior	0.5
H6427	hbo:6427	shuddering	H8178	hbo:8178	shuddering	similar	prior	0.5
H6430	hbo:6430	[the].Philistines	H3732	hbo:3732	[the].Caphtorites	similar	high	0.765
H6432	hbo:6432	Pelethite[s]	H3774	hbo:3774	Kerethite[s]	similar	high	1.0
H6437	hbo:6437	turn	H5437	hbo:5437	they	similar	high	0.875
H6437	hbo:6437	turn	H0268	hbo:0268	backwards	similar	prior	0.6
H6437	hbo:6437	turn	H5493	hbo:5493	he.turned.aside	similar	prior	0.5
H6437	hbo:6437	turn	H7725	hbo:7725	return	similar	prior	0.5
H6438	hbo:6438	the.corners	H6285	hbo:6285	side	similar	prior	0.5
H6438	hbo:6438	the.corners	H7218	hbo:7218	head	similar	prior	0.5
H6438	hbo:6438	the.corners	H6443	hbo:6443	than.corals	similar	prior	0.5
H6440	hbo:6440	before	H4696	hbo:4696	forehead	similar	prior	0.5
H6440	hbo:6440	before	H3895	hbo:3895	cheeks	similar	prior	0.5
H6442	hbo:6442	inner	H2435	hbo:2435	outer	antonym	recall	0.856
H6442	hbo:6442	inner	H1004	hbo:1004a	between	similar	prior	0.5
H6442	hbo:6442	inner	H6437	hbo:6437	turn	similar	prior	0.5
H6442	hbo:6442	inner	H6440	hbo:6440	before	similar	prior	0.5
H6446	hbo:6446	the.palms.and.soles	H3801	hbo:3801	tunics	similar	high	0.937
H6446	hbo:6446	the.palms.and.soles	H3709	hbo:3709	palms	similar	prior	0.5
H6446	hbo:6446	the.palms.and.soles	H6648	hbo:6648	of.colored.cloth(s)	similar	prior	0.5
H6446	hbo:6446	the.palms.and.soles	H6451	hbo:6451	an.abundance	similar	prior	0.5
H6452	hbo:6452	I.will.pass.over	H6455	hbo:6455	lame	similar	high	0.643
H6452	hbo:6452a	[be].limping	H6455	hbo:6455	lame	similar	prior	0.5
H6453	hbo:6453	passover	H2282	hbo:2282	the.festival	similar	high	0.853
H6455	hbo:6455	lame	H5787	hbo:5787	blind	similar	high	0.713
H6455	hbo:6455	lame	H6452	hbo:6452	I.will.pass.over	similar	high	0.643
H6455	hbo:6455	lame	H0483	hbo:0483	dumb	similar	prior	0.5
H6455	hbo:6455	lame	H2795	hbo:2795	deaf	similar	prior	0.5
H6456	hbo:6456	idols	H6459	hbo:6459	idol	similar	high	0.844
H6456	hbo:6456	idols	H0457	hbo:0457	idols	similar	high	0.832
H6456	hbo:6456	idols	H6091	hbo:6091	idols	similar	high	0.74
H6456	hbo:6456	idols	H8655	hbo:8655	teraphim	similar	prior	0.5
H6458	hbo:6458	cut.out	H6459	hbo:6459	idol	similar	high	0.69
H6458	hbo:6458	cut.out	H2672	hbo:2672b	stonemasons	similar	prior	0.5
H6458	hbo:6458	cut.out	H7049	hbo:7049a	he.carved	similar	prior	0.5
H6458	hbo:6458	cut.out	H4734	hbo:4734	carvings	similar	prior	0.5
H6458	hbo:6458	cut.out	H6456	hbo:6456	idols	similar	prior	0.5
H6459	hbo:6459	idol	H4541	hbo:4541	a.molten.image	similar	high	0.963
H6459	hbo:6459	idol	H6456	hbo:6456	idols	similar	high	0.844
H6459	hbo:6459	idol	H8544	hbo:8544	a.form	similar	high	0.831
H6459	hbo:6459	idol	H0457	hbo:0457	idols	similar	high	0.825
H6459	hbo:6459	idol	H6754	hbo:6754	images	similar	high	0.702
H6459	hbo:6459	idol	H5566	hbo:5566	image	similar	high	0.701
H6459	hbo:6459	idol	H4656	hbo:4656	an.abominable.image	similar	prior	0.5
H6459	hbo:6459	idol	H5257	hbo:5257a	princes	similar	prior	0.5
H6459	hbo:6459	idol	H1116	hbo:1116	places	similar	prior	0.5
H6459	hbo:6459	idol	H1544	hbo:1544	idols	similar	prior	0.5
H6460	hbo:6460	harp	H4953	hbo:4953	the	similar	high	0.958
H6463	hbo:6463	I.groan	H0660	hbo:0660	viper	similar	prior	0.5
H6466	hbo:6466	[those.who].do	H6467	hbo:6467	work	similar	high	1.0
H6467	hbo:6467	work	H6466	hbo:6466	[those.who].do	similar	high	1.0
H6467	hbo:6467	work	H6468	hbo:6468	wage[s]	similar	high	0.84
H6467	hbo:6467	work	H1576	hbo:1576	recompense	similar	high	0.679
H6467	hbo:6467	work	H4611	hbo:4611	deeds	similar	high	0.623
H6467	hbo:6467	work	H4659	hbo:4659	his.works	similar	prior	0.6
H6467	hbo:6467	work	H5949	hbo:5949	deeds	similar	high	0.593
H6467	hbo:6467	work	H4242	hbo:4242	a.price	similar	prior	0.5
H6467	hbo:6467	work	H1578	hbo:1578	reward	similar	prior	0.5
H6467	hbo:6467	work	H4909	hbo:4909	wage[s]	similar	prior	0.5
H6467	hbo:6467	work	H4399	hbo:4399	work	similar	prior	0.5
H6467	hbo:6467	work	H7916	hbo:7916	of.a.hired.laborer	similar	prior	0.5
H6468	hbo:6468	wage[s]	H6467	hbo:6467	work	similar	high	0.84
H6468	hbo:6468	wage[s]	H7939	hbo:7939	wage[s]	similar	high	0.812
H6468	hbo:6468	wage[s]	H5656	hbo:5656	service	similar	prior	0.5
H6468	hbo:6468	wage[s]	H6466	hbo:6466	[those.who].do	similar	prior	0.5
H6470	hbo:6470	it.was.troubled	H5916	hbo:5916	[who].troubled	similar	prior	0.5
H6470	hbo:6470	it.was.troubled	H7308	hbo:7308	a.spirit	similar	prior	0.5
H6471	hbo:6471	times	H6470	hbo:6470	it.was.troubled	similar	prior	0.5
H6472	hbo:6472	a.bell	H6471	hbo:6471	times	similar	prior	0.5
H6472	hbo:6472	a.bell	H6470	hbo:6470	it.was.troubled	similar	prior	0.5
H6473	hbo:6473	it.will.open.wide	H7337	hbo:7337	you.enlarge	similar	high	0.595
H6475	hbo:6475	they.have.opened	H6605	hbo:6605	open	similar	high	0.767
H6476	hbo:6476	break.forth	H6670	hbo:6670	cry.aloud	similar	high	0.904
H6476	hbo:6476	break.forth	H7442	hbo:7442	shout.for.joy	similar	high	0.861
H6476	hbo:6476	break.forth	H2167	hbo:2167	sing.praises	similar	prior	0.5
H6477	hbo:6477	charge	H6484	hbo:6484	he.urged	similar	prior	0.5
H6478	hbo:6478	he.stripped	H6479	hbo:6479	strips	similar	prior	0.6
H6482	hbo:6482	bruise	H2250	hbo:2250	wound	similar	high	1.0
H6485	hbo:6485	their.enrolled	H6486	hbo:6486	their.punishment	similar	high	0.908
H6485	hbo:6485	their.enrolled	H6488	hbo:6488	of.[the].guard	similar	prior	0.6
H6485	hbo:6485	their.enrolled	H4662	hbo:4662	of.the.muster	similar	prior	0.5
H6485	hbo:6485	their.enrolled	H5975	hbo:5975	he.stood	similar	prior	0.5
H6485	hbo:6485	their.enrolled	H7860	hbo:7860	officials	similar	prior	0.5
H6485	hbo:6485	their.enrolled	H2803	hbo:2803	he	similar	prior	0.5
H6485	hbo:6485	their.enrolled	H6487	hbo:6487	deposit	similar	prior	0.5
H6485	hbo:6485	their.enrolled	H5608	hbo:5608a	scribe	similar	prior	0.5
H6486	hbo:6486	their.punishment	H6485	hbo:6485	their.enrolled	similar	high	0.908
H6486	hbo:6486	their.punishment	H4929	hbo:4929	guard	similar	high	0.569
H6486	hbo:6486	their.punishment	H6488	hbo:6488	of.[the].guard	similar	prior	0.5
H6486	hbo:6486	their.punishment	H4662	hbo:4662	of.the.muster	similar	prior	0.5
H6487	hbo:6487	deposit	H6496	hbo:6496	overseers	similar	prior	0.5
H6487	hbo:6487	deposit	H6488	hbo:6488	of.[the].guard	similar	prior	0.5
H6487	hbo:6487	deposit	H6490	hbo:6490	precepts	similar	prior	0.5
H6487	hbo:6487	deposit	H4662	hbo:4662	of.the.muster	similar	prior	0.5
H6487	hbo:6487	deposit	H6485	hbo:6485	their.enrolled	similar	prior	0.5
H6487	hbo:6487	deposit	H6486	hbo:6486	their.punishment	similar	prior	0.5
H6488	hbo:6488	of.[the].guard	H6486	hbo:6486	their.punishment	similar	prior	0.6
H6488	hbo:6488	of.[the].guard	H6496	hbo:6496	overseers	similar	prior	0.6
H6490	hbo:6490	precepts	H6680	hbo:6680	he.had.commanded	similar	prior	0.6
H6490	hbo:6490	precepts	H6485	hbo:6485	their.enrolled	similar	prior	0.5
H6490	hbo:6490	precepts	H4662	hbo:4662	of.the.muster	similar	prior	0.5
H6490	hbo:6490	precepts	H6496	hbo:6496	overseers	similar	prior	0.5
H6490	hbo:6490	precepts	H6488	hbo:6488	of.[the].guard	similar	prior	0.5
H6490	hbo:6490	precepts	H6486	hbo:6486	their.punishment	similar	prior	0.5
H6491	hbo:6491	open	H6495	hbo:6495	opening	similar	prior	0.6
H6491	hbo:6491	open	H6493	hbo:6493	seeing	similar	prior	0.5
H6491	hbo:6491	open	H5787	hbo:5787	blind	antonym	recall	0.466
H6491	hbo:6491	open	H5786	hbo:5786	he.made.blind	antonym	recall	0.443
H6493	hbo:6493	seeing	H6495	hbo:6495	opening	similar	prior	0.5
H6496	hbo:6496	overseers	H5631	hbo:5631	court-officials	similar	high	0.851
H6496	hbo:6496	overseers	H5057	hbo:5057	ruler	similar	high	0.841
H6496	hbo:6496	overseers	H8269	hbo:8269	officials	similar	high	0.814
H6496	hbo:6496	overseers	H6488	hbo:6488	of.[the].guard	similar	prior	0.5
H6497	hbo:6497	gourds	H6498	hbo:6498	gourds	similar	prior	0.5
H6499	hbo:6499	a.young.bull	H1241	hbo:1241	cattle	similar	high	1.0
H6500	hbo:6500	he.flourishes	H6509	hbo:6509	be.fruitful	similar	prior	0.5
H6500	hbo:6500	he.flourishes	H6529	hbo:6529	fruit	similar	prior	0.5
H6501	hbo:6501	a.wild.donkey	H6505	hbo:6505	mules	similar	prior	0.5
H6501	hbo:6501	a.wild.donkey	H2543	hbo:2543	donkey	similar	prior	0.5
H6504	hbo:6504	they.separated	H2673	hbo:2673	he.divided	similar	prior	0.5
H6504	hbo:6504	they.separated	H0914	hbo:0914	separate	similar	prior	0.5
H6504	hbo:6504	they.separated	H3995	hbo:3995	places	similar	prior	0.5
H6504	hbo:6504	they.separated	H2686	hbo:2686	of.[those.who].divide	similar	prior	0.5
H6504	hbo:6504	they.separated	H5395	hbo:5395	I.puff	similar	prior	0.5
H6504	hbo:6504	they.separated	H6395	hbo:6395	I.will.make.separate	similar	prior	0.5
H6504	hbo:6504	they.separated	H6507	hbo:6507	[the].seeds	similar	prior	0.5
H6505	hbo:6505	mules	H2543	hbo:2543	donkey	similar	high	0.849
H6505	hbo:6505	mules	H5483	hbo:5483	horses	similar	high	0.782
H6506	hbo:6506	the.mule	H5483	hbo:5483	horses	similar	prior	0.5
H6506	hbo:6506	the.mule	H2543	hbo:2543	donkey	similar	prior	0.5
H6506	hbo:6506	the.mule	H6505	hbo:6505	mules	similar	prior	0.5
H6508	hbo:6508	parks	H1593	hbo:1593	gardens	similar	high	0.615
H6508	hbo:6508	parks	H1588	hbo:1588	the.garden	similar	high	0.576
H6508	hbo:6508	parks	H3657	hbo:3657	root	similar	prior	0.5
H6509	hbo:6509	be.fruitful	H6529	hbo:6529	fruit	similar	high	0.799
H6509	hbo:6509	be.fruitful	H7235	hbo:7235	multiply	similar	high	0.757
H6509	hbo:6509	be.fruitful	H7488	hbo:7488	luxuriant	similar	prior	0.5
H6510	hbo:6510	cows	H6499	hbo:6499	a.young.bull	similar	prior	0.6
H6517	hbo:6517	pot	H5518	hbo:5518	pot	similar	high	0.772
H6517	hbo:6517	pot	H6333	hbo:6333	a.winepress	similar	prior	0.5
H6519	hbo:6519	the.open.regions	H6520	hbo:6520	rural.people	similar	prior	0.6
H6520	hbo:6520	rural.people	H6519	hbo:6519	the.open.regions	similar	prior	0.5
H6521	hbo:6521	the.hamlet-dweller[s]	H6520	hbo:6520	rural.people	similar	prior	0.5
H6522	hbo:6522	Perizzite[s]	H2340	hbo:2340	Hivite[s]	similar	high	1.0
H6522	hbo:6522	Perizzite[s]	H1622	hbo:1622	Girgashite[s]	similar	high	1.0
H6522	hbo:6522	Perizzite[s]	H2850	hbo:2850	Hittite[s]	similar	high	1.0
H6522	hbo:6522	Perizzite[s]	H3669	hbo:3669	Canaanite[s]	similar	high	0.954
H6522	hbo:6522	Perizzite[s]	H2983	hbo:2983	Jebusite[s]	similar	high	0.894
H6522	hbo:6522	Perizzite[s]	H0567	hbo:0567	the.Amorite[s]	similar	high	0.826
H6523	hbo:6523	the	H2635	hbo:2635	the	similar	high	1.0
H6523	hbo:6523	the	H5174	hbo:5174	bronze	similar	high	1.0
H6523	hbo:6523	the	H3702	hbo:3702	(the)	similar	high	1.0
H6523	hbo:6523	the	H1722	hbo:1722	of.(the)	similar	prior	0.5
H6524	hbo:6524	it.will.bud	H6692	hbo:6692	it.has.blossomed	similar	high	0.78
H6524	hbo:6524	it.will.bud	H2224	hbo:2224	it.rises	similar	prior	0.5
H6524	hbo:6524	it.will.bud	H5342	hbo:5342	a.shoot	similar	prior	0.5
H6524	hbo:6524	it.will.bud	H0667	hbo:0667	ones	similar	prior	0.5
H6525	hbo:6525	blossom	H8246	hbo:8246	shaped.like.almond.blossoms	similar	high	0.922
H6525	hbo:6525	blossom	H6731	hbo:6731	blossom	similar	high	0.827
H6525	hbo:6525	blossom	H0667	hbo:0667	ones	similar	prior	0.5
H6525	hbo:6525	blossom	H6524	hbo:6524	it.will.bud	similar	prior	0.5
H6526	hbo:6526	a.brood	H0667	hbo:0667	ones	similar	prior	0.5
H6526	hbo:6526	a.brood	H6525	hbo:6525	blossom	similar	prior	0.5
H6526	hbo:6526	a.brood	H6524	hbo:6524	it.will.bud	similar	prior	0.5
H6527	hbo:6527	who].improvise	H6528	hbo:6528	the.fallen.grape[s]	similar	prior	0.5
H6529	hbo:6529	fruit	H8393	hbo:8393	produce	similar	high	0.847
H6529	hbo:6529	fruit	H2981	hbo:2981	produce	similar	high	0.775
H6529	hbo:6529	fruit	H1061	hbo:1061	the.first-fruits	similar	prior	0.5
H6530	hbo:6530	of.the.violent.ones	H2555	hbo:2555	violence	similar	prior	0.5
H6530	hbo:6530	of.the.violent.ones	H6184	hbo:6184	of.ruthless.[people]	similar	prior	0.5
H6530	hbo:6530	of.the.violent.ones	H6555	hbo:6555	he.urged	similar	prior	0.5
H6531	hbo:6531	harshness	H5450	hbo:5450	their.forced	similar	high	0.517
H6532	hbo:6532	curtain	H4539	hbo:4539	the.screen	similar	high	1.0
H6533	hbo:6533	you.must.tear	H7167	hbo:7167	he.tore	similar	high	0.688
H6536	hbo:6536	[is].dividing.in.two	H6541	hbo:6541	a.hoof	similar	high	1.0
H6536	hbo:6536	[is].dividing.in.two	H8157	hbo:8157	a.cleft	similar	high	1.0
H6536	hbo:6536	[is].dividing.in.two	H8156	hbo:8156	cleaves	similar	high	0.993
H6536	hbo:6536	[is].dividing.in.two	H2673	hbo:2673	he.divided	similar	prior	0.5
H6536	hbo:6536	[is].dividing.in.two	H6538	hbo:6538	vulture	similar	prior	0.5
H6541	hbo:6541	a.hoof	H6536	hbo:6536	[is].dividing.in.two	similar	high	1.0
H6541	hbo:6541	a.hoof	H8157	hbo:8157	a.cleft	similar	high	1.0
H6541	hbo:6541	a.hoof	H8156	hbo:8156	cleaves	similar	high	1.0
H6541	hbo:6541	a.hoof	H6538	hbo:6538	vulture	similar	prior	0.5
H6544	hbo:6544	let.loose	H6555	hbo:6555	he.urged	similar	prior	0.5
H6546	hbo:6546	of.[the].leaders	H6544	hbo:6544	let.loose	similar	prior	0.6
H6546	hbo:6546	of.[the].leaders	H6553	hbo:6553	Pirathonite	similar	prior	0.5
H6555	hbo:6555	he.urged	H6556	hbo:6556	a.breach	similar	high	1.0
H6555	hbo:6555	he.urged	H5422	hbo:5422	they.pulled.down	similar	high	0.547
H6555	hbo:6555	he.urged	H6484	hbo:6484	he.urged	similar	prior	0.5
H6555	hbo:6555	he.urged	H6561	hbo:6561	[was].tearing.out	similar	prior	0.5
H6555	hbo:6555	he.urged	H7231	hbo:7231	they.are.many	similar	prior	0.5
H6556	hbo:6556	a.breach	H6555	hbo:6555	he.urged	similar	high	1.0
H6556	hbo:6556	a.breach	H0919	hbo:0919	the.damage	similar	prior	0.5
H6556	hbo:6556	a.breach	H2346	hbo:2346	wall	antonym	recall	0.362
H6561	hbo:6561	[was].tearing.out	H5423	hbo:5423	he.tore.apart	similar	prior	0.5
H6561	hbo:6561	[was].tearing.out	H4665	hbo:4665	neck	similar	prior	0.5
H6563	hbo:6563	plunder	H6561	hbo:6561	[was].tearing.out	similar	prior	0.6
H6563	hbo:6563	plunder	H4665	hbo:4665	neck	similar	prior	0.5
H6565	hbo:6565	break	H5106	hbo:5106	he.forbade	similar	high	0.708
H6565	hbo:6565	break	H1285	hbo:1285	covenant	antonym	recall	0.678
H6565	hbo:6565	break	H3772	hbo:3772	it.will.be.cut.off	antonym	recall	0.675
H6565	hbo:6565	break	H8104	hbo:8104	keep	antonym	recall	0.527
H6565	hbo:6565	break	H5493	hbo:5493	he.turned.aside	similar	prior	0.5
H6565	hbo:6565	break	H2498	hbo:2498	he.changed	similar	prior	0.5
H6565	hbo:6565	break	H6965	hbo:6965	he.arose	antonym	recall	0.49
H6566	hbo:6566	he.spread.out	H5526	hbo:5526	covering	similar	high	0.658
H6566	hbo:6566	he.spread.out	H4666	hbo:4666	sail	similar	prior	0.6
H6566	hbo:6566	he.spread.out	H6581	hbo:6581	it.has.spread	similar	prior	0.5
H6566	hbo:6566	he.spread.out	H7502	hbo:7502	I.have.spread.out	similar	prior	0.5
H6566	hbo:6566	he.spread.out	H4969	hbo:4969	he	similar	prior	0.5
H6567	hbo:6567	decide	H6575	hbo:6575	the.exact.amount	similar	prior	0.6
H6567	hbo:6567	decide	H6395	hbo:6395	I.will.make.separate	similar	prior	0.5
H6569	hbo:6569	dung	H1561	hbo:1561	the.dung(s)	similar	prior	0.5
H6571	hbo:6571	horsemen	H7393	hbo:7393	chariotry	similar	high	1.0
H6571	hbo:6571	horsemen	H5483	hbo:5483	horses	similar	high	1.0
H6571	hbo:6571	horsemen	H7392	hbo:7392	rider	similar	high	0.804
H6571	hbo:6571	horsemen	H4817	hbo:4817	chariotry	similar	high	0.782
H6571	hbo:6571	horsemen	H4818	hbo:4818	chariot	similar	high	0.75
H6571	hbo:6571	horsemen	H7273	hbo:7273	foot.soldier[s]	antonym	recall	0.585
H6571	hbo:6571	horsemen	H7395	hbo:7395	charioteer	similar	prior	0.5
H6571	hbo:6571	horsemen	H7409	hbo:7409	steed[s]	similar	prior	0.5
H6572	hbo:6572	(the).copy	H6599	hbo:6599	the.sentence	similar	prior	0.6
H6572	hbo:6572	(the).copy	H6600	hbo:6600	the	similar	prior	0.6
H6575	hbo:6575	the.exact.amount	H6567	hbo:6567	decide	similar	prior	0.5
H6576	hbo:6576	he.spreads	H6566	hbo:6566	he.spread.out	similar	prior	0.5
H6576	hbo:6576	he.spreads	H4666	hbo:4666	sail	similar	prior	0.5
H6581	hbo:6581	it.has.spread	H5061	hbo:5061	plague	similar	high	1.0
H6584	hbo:6584	they.made.a.raid	H3847	hbo:3847	he.clothed	antonym	recall	0.589
H6584	hbo:6584	they.made.a.raid	H1464	hbo:1464	it	similar	prior	0.5
H6585	hbo:6585	I.will.march	H6587	hbo:6587	a.step	similar	prior	0.5
H6586	hbo:6586	they.have.rebelled	H6588	hbo:6588	transgressions	similar	high	1.0
H6586	hbo:6586	they.have.rebelled	H4775	hbo:4775	he.rebelled	similar	high	0.861
H6586	hbo:6586	they.have.rebelled	H2398	hbo:2398	we.have.sinned	similar	high	0.815
H6586	hbo:6586	they.have.rebelled	H4603	hbo:4603	they.acted.unfaithfully	similar	high	0.783
H6586	hbo:6586	they.have.rebelled	H5674	hbo:5674	pass.over	similar	prior	0.5
H6588	hbo:6588	transgressions	H6586	hbo:6586	they.have.rebelled	similar	high	1.0
H6588	hbo:6588	transgressions	H5771	hbo:5771	iniquity	similar	high	0.982
H6588	hbo:6588	transgressions	H2401	hbo:2401	a.sin	similar	high	0.931
H6588	hbo:6588	transgressions	H2399	hbo:2399	sin	similar	high	0.811
H6588	hbo:6588	transgressions	H4805	hbo:4805	rebellion	similar	prior	0.5
H6588	hbo:6588	transgressions	H7562	hbo:7562	wickedness	similar	prior	0.5
H6588	hbo:6588	transgressions	H7684	hbo:7684	inadvertence	similar	prior	0.5
H6591	hbo:6591	interpretation	H6590	hbo:6590	an.interpreter	similar	prior	0.5
H6593	hbo:6593	of.linen(s)	H6785	hbo:6785	wool	similar	high	1.0
H6593	hbo:6593	of.linen(s)	H0906	hbo:0906	of.linen	similar	prior	0.5
H6593	hbo:6593	of.linen(s)	H6594	hbo:6594	flax	similar	prior	0.5
H6594	hbo:6594	flax	H0906	hbo:0906	of.linen	similar	prior	0.5
H6595	hbo:6595	a.piece	H3899	hbo:3899	food	similar	high	0.866
H6595	hbo:6595	a.piece	H2471	hbo:2471	a.cake	similar	high	0.615
H6595	hbo:6595	a.piece	H6626	hbo:6626	you.will.crumble	similar	prior	0.5
H6599	hbo:6599	the.sentence	H6600	hbo:6600	the	similar	prior	0.6
H6599	hbo:6599	the.sentence	H6573	hbo:6573	[is].(the).copy	similar	prior	0.6
H6599	hbo:6599	the.sentence	H5407	hbo:5407	the	similar	prior	0.6
H6599	hbo:6599	the.sentence	H5406	hbo:5406	the.letter	similar	prior	0.6
H6600	hbo:6600	the	H5406	hbo:5406	the.letter	similar	prior	0.6
H6601	hbo:6601	will.he.deceive	H7411	hbo:7411a	have	similar	prior	0.5
H6601	hbo:6601	will.he.deceive	H2048	hbo:2048a	you.have.deceived	similar	prior	0.5
H6601	hbo:6601	will.he.deceive	H3584	hbo:3584	they.cringed	similar	prior	0.5
H6601	hbo:6601	will.he.deceive	H6612	hbo:6612	naive.people	similar	prior	0.5
H6603	hbo:6603	[the].engravings	H7049	hbo:7049a	he.carved	similar	high	0.653
H6603	hbo:6603	[the].engravings	H4734	hbo:4734	carvings	similar	prior	0.5
H6603	hbo:6603	[the].engravings	H2672	hbo:2672	dug.out	similar	prior	0.5
H6605	hbo:6605	open	H6475	hbo:6475	they.have.opened	similar	high	0.767
H6605	hbo:6605	open	H6491	hbo:6491	open	similar	high	0.744
H6605	hbo:6605	open	H6610	hbo:6610	an.opening	similar	prior	0.6
H6605	hbo:6605	open	H6608	hbo:6608	the.opening	similar	prior	0.6
H6605	hbo:6605	open	H5462	hbo:5462	he	antonym	recall	0.513
H6605	hbo:6605	open	H2790	hbo:2790a	be.silent	similar	prior	0.5
H6605	hbo:6605	open	H5425	hbo:5425b	to.unfasten	similar	prior	0.5
H6605	hbo:6605	open	H6473	hbo:6473	it.will.open.wide	similar	prior	0.5
H6605	hbo:6605	open	H6584	hbo:6584	they.made.a.raid	similar	prior	0.5
H6605	hbo:6605	open	H6607	hbo:6607	the.entrance	similar	prior	0.5
H6605	hbo:6605a	you.will.engrave	H6610	hbo:6610	an.opening	similar	prior	0.6
H6605	hbo:6605a	you.will.engrave	H6607	hbo:6607	the.entrance	similar	prior	0.6
H6605	hbo:6605a	you.will.engrave	H6608	hbo:6608	the.opening	similar	prior	0.6
H6605	hbo:6605a	you.will.engrave	H6795	hbo:6795	she.went.down	similar	prior	0.5
H6605	hbo:6605a	you.will.engrave	H8025	hbo:8025	[who].drew	similar	prior	0.5
H6607	hbo:6607	the.entrance	H8179	hbo:8179	the.gate	similar	high	0.913
H6607	hbo:6607	the.entrance	H6608	hbo:6608	the.opening	similar	prior	0.6
H6607	hbo:6607	the.entrance	H3996	hbo:3996	the.entrance	similar	prior	0.5
H6607	hbo:6607	the.entrance	H1817	hbo:1817	doors	similar	prior	0.5
H6608	hbo:6608	the.opening	H6609	hbo:6609	[were].drawn.swords	similar	prior	0.5
H6608	hbo:6608	the.opening	H6610	hbo:6610	an.opening	similar	prior	0.5
H6608	hbo:6608	the.opening	H6607	hbo:6607	the.entrance	similar	prior	0.5
H6608	hbo:6608	the.opening	H6605	hbo:6605	open	similar	prior	0.5
H6608	hbo:6608	the.opening	H4669	hbo:4669	the.opening	similar	prior	0.5
H6609	hbo:6609	[were].drawn.swords	H2719	hbo:2719	sword	similar	prior	0.5
H6609	hbo:6609	[were].drawn.swords	H6607	hbo:6607	the.entrance	similar	prior	0.5
H6609	hbo:6609	[were].drawn.swords	H6605	hbo:6605	open	similar	prior	0.5
H6609	hbo:6609	[were].drawn.swords	H4669	hbo:4669	the.opening	similar	prior	0.5
H6609	hbo:6609	[were].drawn.swords	H6610	hbo:6610	an.opening	similar	prior	0.5
H6610	hbo:6610	an.opening	H6607	hbo:6607	the.entrance	similar	prior	0.6
H6610	hbo:6610	an.opening	H6608	hbo:6608	the.opening	similar	prior	0.6
H6612	hbo:6612	naive.people	H3684	hbo:3684	a.fool	similar	high	0.985
H6612	hbo:6612	naive.people	H0191	hbo:0191	a.fool	similar	high	0.977
H6612	hbo:6612	naive.people	H6175	hbo:6175	a.sensible.[person]	antonym	recall	0.821
H6612	hbo:6612	naive.people	H2450	hbo:2450	wise	antonym	recall	0.675
H6612	hbo:6612a	a.simple.person	H0191	hbo:0191	a.fool	similar	high	0.683
H6612	hbo:6612a	a.simple.person	H6175	hbo:6175	a.sensible.[person]	antonym	recall	0.513
H6615	hbo:6615	naiveté	H6612	hbo:6612	naive.people	similar	prior	0.6
H6615	hbo:6615	naiveté	H6612	hbo:6612a	a.simple.person	similar	prior	0.6
H6615	hbo:6615	naiveté	H6601	hbo:6601	will.he.deceive	similar	prior	0.5
H6616	hbo:6616	a.cord	H6617	hbo:6617	you.show.yourself.twisted	similar	prior	0.5
H6617	hbo:6617	you.show.yourself.twisted	H6141	hbo:6141	a.perverse.[person]	similar	high	0.878
H6617	hbo:6617	you.show.yourself.twisted	H6616	hbo:6616	a.cord	similar	prior	0.6
H6617	hbo:6617	you.show.yourself.twisted	H3943	hbo:3943	he.twisted	similar	prior	0.5
H6618	hbo:6618	crooked	H5319	hbo:5319	wrestling(s)	similar	prior	0.5
H6618	hbo:6618	crooked	H6616	hbo:6616	a.cord	similar	prior	0.5
H6618	hbo:6618	crooked	H6617	hbo:6617	you.show.yourself.twisted	similar	prior	0.5
H6620	hbo:6620	of.cobras	H6848	hbo:6848a	of.a.viper	similar	high	0.855
H6620	hbo:6620	of.cobras	H0660	hbo:0660	viper	similar	high	0.847
H6620	hbo:6620	of.cobras	H8577	hbo:8577	monster	similar	high	0.719
H6620	hbo:6620	of.cobras	H4670	hbo:4670	the.threshold	similar	prior	0.5
H6621	hbo:6621	suddenness	H0926	hbo:0926	they	similar	prior	0.5
H6621	hbo:6621	suddenness	H7281	hbo:7281	a.moment	similar	prior	0.5
H6622	hbo:6622	he.interpreted	H6623	hbo:6623	to.the.interpretation	similar	high	0.905
H6622	hbo:6622	he.interpreted	H2472	hbo:2472	a.dream	similar	high	0.864
H6623	hbo:6623	to.the.interpretation	H6622	hbo:6622	he.interpreted	similar	high	0.905
H6623	hbo:6623	to.the.interpretation	H2472	hbo:2472	a.dream	similar	high	0.742
H6627	hbo:6627	excrement	H6674	hbo:6674	filthy	similar	prior	0.5
H6629	hbo:6629	sheep	H4735	hbo:4735	livestock	similar	high	0.891
H6629	hbo:6629	sheep	H1241	hbo:1241	cattle	similar	high	0.883
H6629	hbo:6629	sheep	H5739	hbo:5739	flock	similar	high	0.825
H6631	hbo:6631	descendants	H2233	hbo:2233	offspring	similar	high	0.725
H6631	hbo:6631	descendants	H3318	hbo:3318	he.went.out	similar	prior	0.5
H6631	hbo:6631	descendants	H4163	hbo:4163	outhouses	similar	prior	0.5
H6631	hbo:6631	descendants	H4161	hbo:4161	the.utterance	similar	prior	0.5
H6631	hbo:6631	descendants	H8444	hbo:8444	extremities	similar	prior	0.5
H6631	hbo:6631	descendants	H3329	hbo:3329	of.the.offspring(s)	similar	prior	0.5
H6635	hbo:6635	of.hosts	H4634	hbo:4634	line	similar	prior	0.5
H6635	hbo:6635	of.hosts	H7128	hbo:7128	battle	similar	prior	0.5
H6635	hbo:6635	of.hosts	H1416	hbo:1416	band	similar	prior	0.5
H6639	hbo:6639	swollen	H6638	hbo:6638	make.swell	similar	prior	0.5
H6640	hbo:6640	anything	H6634	hbo:6634	he.will.be.pleased	similar	prior	0.5
H6641	hbo:6641	speckled	H6648	hbo:6648	of.colored.cloth(s)	similar	prior	0.6
H6643	hbo:6643	beauty	H3280	hbo:3280	a.mountain.goat	similar	prior	0.5
H6643	hbo:6643a	gazelle	H0354	hbo:0354	deer	similar	high	0.984
H6643	hbo:6643a	gazelle	H3280	hbo:3280	a.mountain.goat	similar	prior	0.5
H6643	hbo:6643a	gazelle	H6646	hbo:6646	gazelles	similar	prior	0.5
H6646	hbo:6646	gazelles	H0365	hbo:0365	a.doe	similar	high	0.501
H6648	hbo:6648	of.colored.cloth(s)	H7553	hbo:7553	multicolored.material	similar	high	0.754
H6648	hbo:6648	of.colored.cloth(s)	H6647	hbo:6647	let.it.become.wet	similar	prior	0.6
H6648	hbo:6648	of.colored.cloth(s)	H6641	hbo:6641	speckled	similar	prior	0.5
H6651	hbo:6651	it.heaped.up	H0103	hbo:0103	you.will.gather	similar	prior	0.5
H6651	hbo:6651	it.heaped.up	H6652	hbo:6652	heaps	similar	prior	0.5
H6654	hbo:6654	side	H6763	hbo:6763	side-chambers	similar	prior	0.5
H6654	hbo:6654	side	H6285	hbo:6285	side	similar	prior	0.5
H6654	hbo:6654	side	H5676	hbo:5676	the.other.side	similar	prior	0.5
H6658	hbo:6658	[are].lying.in.wait.for	H6660	hbo:6660	lying.in.wait	similar	prior	0.6
H6662	hbo:6662	righteous	H6663	hbo:6663	I.am.righteous	similar	high	1.0
H6662	hbo:6662	righteous	H3477	hbo:3477	right	similar	high	0.994
H6662	hbo:6662	righteous	H7563	hbo:7563	of.wicked.[people]	antonym	recall	0.899
H6662	hbo:6662	righteous	H7561	hbo:7561	we.have.acted.wickedly	antonym	recall	0.698
H6662	hbo:6662	righteous	H6664	hbo:6664	righteousness	similar	prior	0.5
H6662	hbo:6662	righteous	H8549	hbo:8549	unblemished	similar	prior	0.5
H6663	hbo:6663	I.am.righteous	H6662	hbo:6662	righteous	similar	high	1.0
H6663	hbo:6663	I.am.righteous	H6666	hbo:6666	righteousness	similar	high	1.0
H6663	hbo:6663	I.am.righteous	H7561	hbo:7561	we.have.acted.wickedly	antonym	recall	0.821
H6664	hbo:6664	righteousness	H6666	hbo:6666	righteousness	similar	high	1.0
H6664	hbo:6664	righteousness	H4941	hbo:4941	justice	similar	high	1.0
H6664	hbo:6664	righteousness	H0571	hbo:0571	faithfulness	similar	high	0.943
H6664	hbo:6664	righteousness	H2617	hbo:2617	loyalty	similar	high	0.884
H6664	hbo:6664	righteousness	H4339	hbo:4339	uprightness(es)	similar	high	0.88
H6664	hbo:6664	righteousness	H3477	hbo:3477	right	similar	high	0.859
H6664	hbo:6664	righteousness	H1777	hbo:1777	he.will.judge	similar	high	0.777
H6665	hbo:6665	right.doing	H6666	hbo:6666	righteousness	similar	prior	0.6
H6666	hbo:6666	righteousness	H6664	hbo:6664	righteousness	similar	high	1.0
H6666	hbo:6666	righteousness	H6663	hbo:6663	I.am.righteous	similar	high	1.0
H6666	hbo:6666	righteousness	H4941	hbo:4941	justice	similar	high	0.971
H6666	hbo:6666	righteousness	H2617	hbo:2617	loyalty	similar	high	0.965
H6668	hbo:6668	gleaming	H6669	hbo:6669	yellow	similar	prior	0.5
H6669	hbo:6669	yellow	H6668	hbo:6668	gleaming	similar	prior	0.5
H6670	hbo:6670	cry.aloud	H6476	hbo:6476	break.forth	similar	high	0.904
H6670	hbo:6670	cry.aloud	H7442	hbo:7442	shout.for.joy	similar	high	0.844
H6670	hbo:6670	cry.aloud	H1523	hbo:1523	let.it.be.glad	similar	high	0.751
H6671	hbo:6671	they.press.out.oil	H3323	hbo:3323	oil	similar	prior	0.5
H6671	hbo:6671	they.press.out.oil	H6672	hbo:6672a	noon(s)	similar	prior	0.5
H6672	hbo:6672a	noon(s)	H1242	hbo:1242	morning	similar	high	0.564
H6672	hbo:6672a	noon(s)	H3323	hbo:3323	oil	similar	prior	0.5
H6672	hbo:6672a	noon(s)	H3915	hbo:3915	night	antonym	recall	0.464
H6673	hbo:6673	command	H6680	hbo:6680	he.had.commanded	similar	prior	0.6
H6673	hbo:6673	command	H2706	hbo:2706	statutes	similar	prior	0.5
H6673	hbo:6673	command	H6490	hbo:6490	precepts	similar	prior	0.5
H6673	hbo:6673	command	H4687	hbo:4687	commandments	similar	prior	0.5
H6673	hbo:6673	command	H1697	hbo:1697	the.word	similar	prior	0.5
H6675	hbo:6675	excrement	H6627	hbo:6627	excrement	similar	prior	0.6
H6675	hbo:6675	excrement	H6674	hbo:6674	filthy	similar	prior	0.5
H6679	hbo:6679	hunt	H6718	hbo:6718	hunted.game	similar	high	0.823
H6679	hbo:6679	hunt	H6719	hbo:6719	hunters	similar	prior	0.6
H6679	hbo:6679	hunt	H6720	hbo:6720	provision[s]	similar	prior	0.5
H6679	hbo:6679	hunt	H3353	hbo:3353	of.a.fowler	similar	prior	0.5
H6680	hbo:6680	he.had.commanded	H4687	hbo:4687	commandments	similar	high	1.0
H6680	hbo:6680	he.had.commanded	H1696	hbo:1696	he.spoke	similar	high	0.947
H6680	hbo:6680	he.had.commanded	H0559	hbo:0559	he.said	similar	prior	0.5
H6681	hbo:6681	let.them.cry.aloud	H6682	hbo:6682	an.outcry	similar	prior	0.6
H6682	hbo:6682	an.outcry	H2201	hbo:2201	a.cry.of.distress	similar	high	0.689
H6682	hbo:6682	an.outcry	H0585	hbo:0585	groaning	similar	prior	0.5
H6682	hbo:6682	an.outcry	H6818	hbo:6818	of.distress	similar	prior	0.5
H6682	hbo:6682	an.outcry	H7775	hbo:7775	my.cry	similar	prior	0.5
H6682	hbo:6682	an.outcry	H6681	hbo:6681	let.them.cry.aloud	similar	prior	0.5
H6684	hbo:6684	they.fasted	H6685	hbo:6685	a.fast	similar	high	0.767
H6685	hbo:6685	a.fast	H6684	hbo:6684	they.fasted	similar	high	0.767
H6685	hbo:6685	a.fast	H0060	hbo:0060	mourning	similar	high	0.587
H6685	hbo:6685	a.fast	H6031	hbo:6031b	of.singing	similar	prior	0.5
H6685	hbo:6685	a.fast	H8242	hbo:8242	sackcloth	similar	prior	0.5
H6687	hbo:6687	he.caused.to.float	H6824	hbo:6824	outflow	similar	prior	0.5
H6687	hbo:6687	he.caused.to.float	H6688	hbo:6688	[are].a.honeycomb	similar	prior	0.5
H6688	hbo:6688	[are].a.honeycomb	H6824	hbo:6824	outflow	similar	prior	0.5
H6692	hbo:6692	it.has.blossomed	H6731	hbo:6731	blossom	similar	high	0.829
H6692	hbo:6692	it.has.blossomed	H6524	hbo:6524	it.will.bud	similar	high	0.78
H6692	hbo:6692	it.has.blossomed	H6733	hbo:6733	a.flower	similar	prior	0.5
H6693	hbo:6693	he.will.bring.distress	H6887	hbo:6887	it.is.distress	similar	high	0.758
H6693	hbo:6693	he.will.bring.distress	H5065	hbo:5065	taskmasters	similar	prior	0.5
H6693	hbo:6693	he.will.bring.distress	H3906	hbo:3906	oppression	similar	prior	0.5
H6693	hbo:6693	he.will.bring.distress	H4691	hbo:4691	troubles	similar	prior	0.5
H6693	hbo:6693	he.will.bring.distress	H4164	hbo:4164	constraint	similar	prior	0.5
H6694	hbo:6694	someone.pours.out	H4690	hbo:4690	[the].pillars	similar	prior	0.5
H6695	hbo:6695	distress	H4164	hbo:4164	constraint	similar	prior	0.5
H6695	hbo:6695	distress	H4689	hbo:4689	distress	similar	prior	0.5
H6695	hbo:6695	distress	H6693	hbo:6693	he.will.bring.distress	similar	prior	0.5
H6695	hbo:6695	distress	H4691	hbo:4691	troubles	similar	prior	0.5
H6696	hbo:6696	they.laid.siege	H4692	hbo:4692	siege	similar	high	0.957
H6696	hbo:6696	they.laid.siege	H6887	hbo:6887	it.is.distress	similar	prior	0.6
H6696	hbo:6696	they.laid.siege	H5437	hbo:5437	they	similar	prior	0.5
H6696	hbo:6696a	you.will.treat.as.a.foe	H5341	hbo:5341	keep	similar	prior	0.6
H6696	hbo:6696a	you.will.treat.as.a.foe	H3599	hbo:3599	a.bag	similar	prior	0.5
H6697	hbo:6697	rock	H4268	hbo:4268	refuge	similar	high	0.838
H6697	hbo:6697	rock	H4869	hbo:4869	refuge	similar	high	0.799
H6697	hbo:6697	rock	H4581	hbo:4581	stronghold	similar	high	0.785
H6697	hbo:6697	rock	H2620	hbo:2620	I.take.refuge	similar	prior	0.5
H6697	hbo:6697	rock	H6083	hbo:6083	dust	similar	prior	0.5
H6697	hbo:6697	rock	H5553	hbo:5553	rock	similar	prior	0.5
H6697	hbo:6697a	of.flint(s)	H0068	hbo:0068	stones	similar	prior	0.5
H6699	hbo:6699	designs	H6754	hbo:6754	images	similar	high	0.643
H6699	hbo:6699	designs	H1823	hbo:1823	the.likeness	similar	prior	0.5
H6703	hbo:6703	shimmering	H6705	hbo:6705	they.were.dazzling	similar	prior	0.5
H6704	hbo:6704	[will.be].parched	H6707	hbo:6707	a.parched.land	similar	prior	0.6
H6705	hbo:6705	they.were.dazzling	H6703	hbo:6703	shimmering	similar	prior	0.6
H6706	hbo:6706	bareness	H6703	hbo:6703	shimmering	similar	prior	0.5
H6706	hbo:6706	bareness	H6705	hbo:6705	they.were.dazzling	similar	prior	0.5
H6707	hbo:6707	a.parched.land	H6703	hbo:6703	shimmering	similar	prior	0.5
H6707	hbo:6707	a.parched.land	H6706	hbo:6706	bareness	similar	prior	0.5
H6707	hbo:6707	a.parched.land	H6705	hbo:6705	they.were.dazzling	similar	prior	0.5
H6710	hbo:6710	arid.regions	H6774	hbo:6774	thirsty.ground	similar	prior	0.5
H6710	hbo:6710	arid.regions	H6706	hbo:6706	bareness	similar	prior	0.5
H6710	hbo:6710	arid.regions	H6705	hbo:6705	they.were.dazzling	similar	prior	0.5
H6710	hbo:6710	arid.regions	H6707	hbo:6707	a.parched.land	similar	prior	0.5
H6710	hbo:6710	arid.regions	H6703	hbo:6703	shimmering	similar	prior	0.5
H6712	hbo:6712	laughter	H6711	hbo:6711	mock	similar	prior	0.5
H6713	hbo:6713	of.Zahar	H6715	hbo:6715	tawny	similar	prior	0.5
H6716	hbo:6716	ships	H0591	hbo:0591	ships	similar	high	0.636
H6718	hbo:6718	hunted.game	H6679	hbo:6679	hunt	similar	high	0.823
H6718	hbo:6718	hunted.game	H6719	hbo:6719	hunters	similar	prior	0.5
H6718	hbo:6718	hunted.game	H4679	hbo:4679	strongholds	similar	prior	0.5
H6718	hbo:6718a	food-supply	H6720	hbo:6720	provision[s]	similar	prior	0.5
H6718	hbo:6718a	food-supply	H2963	hbo:2963	tear	similar	prior	0.5
H6719	hbo:6719	hunters	H6679	hbo:6679	hunt	similar	prior	0.5
H6720	hbo:6720	provision[s]	H0400	hbo:0400	food	similar	high	0.605
H6720	hbo:6720	provision[s]	H4202	hbo:4202	provision[s]	similar	prior	0.5
H6720	hbo:6720	provision[s]	H6679	hbo:6679	hunt	similar	prior	0.5
H6723	hbo:6723	of.dryness	H4057	hbo:4057	wilderness	similar	high	0.631
H6723	hbo:6723	of.dryness	H6710	hbo:6710	arid.regions	similar	prior	0.5
H6723	hbo:6723	of.dryness	H2721	hbo:2721	heat	similar	prior	0.5
H6723	hbo:6723	of.dryness	H3452	hbo:3452	Jeshimon	similar	prior	0.5
H6723	hbo:6723	of.dryness	H6160	hbo:6160	Arabah	similar	prior	0.5
H6724	hbo:6724	a.dry.land	H6723	hbo:6723	of.dryness	similar	prior	0.5
H6725	hbo:6725	gravestone	H5329	hbo:5329	choirmaster	similar	prior	0.5
H6725	hbo:6725	gravestone	H4676	hbo:4676	a.pillar	similar	prior	0.5
H6725	hbo:6725	gravestone	H0226	hbo:0226	signs	similar	prior	0.5
H6725	hbo:6725	gravestone	H6680	hbo:6680	he.had.commanded	similar	prior	0.5
H6725	hbo:6725	gravestone	H4687	hbo:4687	commandments	similar	prior	0.5
H6725	hbo:6725	gravestone	H6673	hbo:6673	command	similar	prior	0.5
H6728	hbo:6728a	desert-dwellers	H8565	hbo:8565	jackals	similar	high	0.594
H6731	hbo:6731	blossom	H6525	hbo:6525	blossom	similar	high	0.827
H6731	hbo:6731	blossom	H6733	hbo:6733	a.flower	similar	prior	0.6
H6731	hbo:6731	blossom	H5328	hbo:5328	blossom	similar	prior	0.5
H6733	hbo:6733	a.flower	H6692	hbo:6692	it.has.blossomed	similar	prior	0.6
H6733	hbo:6733	a.flower	H6731	hbo:6731	blossom	similar	prior	0.5
H6734	hbo:6734	tassel[s]	H6733	hbo:6733	a.flower	similar	prior	0.6
H6734	hbo:6734	tassel[s]	H6977	hbo:6977	locks	similar	prior	0.5
H6734	hbo:6734	tassel[s]	H8181	hbo:8181	hair	similar	prior	0.5
H6735	hbo:6735b	pangs	H2256	hbo:2256c	labor-pains	similar	high	0.742
H6735	hbo:6735b	pangs	H2479	hbo:2479	anguish	similar	high	0.704
H6735	hbo:6735b	pangs	H2427	hbo:2427	anguish	similar	high	0.608
H6736	hbo:6736	of.images	H6699	hbo:6699	designs	similar	prior	0.5
H6738	hbo:6738	shade	H5643	hbo:5643	secrecy	similar	high	0.613
H6738	hbo:6738	shade	H6751	hbo:6751	[which].gave.shade	similar	prior	0.6
H6738	hbo:6738	shade	H6757	hbo:6757	deep.darkness	similar	prior	0.6
H6740	hbo:6740	roast	H6748	hbo:6748	roasted	similar	high	1.0
H6740	hbo:6740	roast	H0644	hbo:0644	you.will.bake	similar	high	0.611
H6744	hbo:6744	prospering	H6743	hbo:6743	succeed	similar	prior	0.5
H6745	hbo:6745	bowl	H6746	hbo:6746	a.jar	similar	prior	0.5
H6748	hbo:6748	roasted	H6740	hbo:6740	roast	similar	high	1.0
H6748	hbo:6748	roasted	H1310	hbo:1310	you.will.boil	similar	high	0.73
H6751	hbo:6751	[which].gave.shade	H6738	hbo:6738	shade	similar	prior	0.5
H6754	hbo:6754	images	H4541	hbo:4541	a.molten.image	similar	high	0.734
H6754	hbo:6754	images	H6459	hbo:6459	idol	similar	high	0.702
H6754	hbo:6754	images	H6699	hbo:6699	designs	similar	high	0.643
H6754	hbo:6754	images	H6755	hbo:6755	the.image	similar	prior	0.6
H6754	hbo:6754	images	H1823	hbo:1823	the.likeness	similar	prior	0.5
H6754	hbo:6754	images	H1544	hbo:1544	idols	similar	prior	0.5
H6757	hbo:6757	deep.darkness	H2822	hbo:2822	darkness	similar	high	0.977
H6757	hbo:6757	deep.darkness	H0653	hbo:0653	darkness	similar	high	0.825
H6757	hbo:6757	deep.darkness	H0216	hbo:0216	light	antonym	recall	0.539
H6757	hbo:6757	deep.darkness	H6738	hbo:6738	shade	similar	prior	0.5
H6757	hbo:6757	deep.darkness	H6751	hbo:6751	[which].gave.shade	similar	prior	0.5
H6760	hbo:6760	who.is].lame	H8181	hbo:8181	hair	similar	prior	0.5
H6760	hbo:6760	who.is].lame	H6452	hbo:6452	I.will.pass.over	similar	prior	0.5
H6760	hbo:6760	who.is].lame	H6761	hbo:6761	stumbling	similar	prior	0.5
H6767	hbo:6767c	cymbals	H6750	hbo:6750	they.will.tingle	similar	prior	0.5
H6770	hbo:6770	they.were.thirsty	H6771	hbo:6771	thirsty	similar	prior	0.6
H6770	hbo:6770	they.were.thirsty	H7457	hbo:7457	hungry	similar	prior	0.5
H6771	hbo:6771	thirsty	H6774	hbo:6774	thirsty.ground	similar	prior	0.5
H6771	hbo:6771	thirsty	H6770	hbo:6770	they.were.thirsty	similar	prior	0.5
H6772	hbo:6772	thirst	H6774	hbo:6774	thirsty.ground	similar	high	0.792
H6772	hbo:6772	thirst	H6770	hbo:6770	they.were.thirsty	similar	high	0.766
H6773	hbo:6773	thirst	H6771	hbo:6771	thirsty	similar	prior	0.5
H6773	hbo:6773	thirst	H6772	hbo:6772	thirst	similar	prior	0.5
H6773	hbo:6773	thirst	H6770	hbo:6770	they.were.thirsty	similar	prior	0.5
H6773	hbo:6773	thirst	H6774	hbo:6774	thirsty.ground	similar	prior	0.5
H6774	hbo:6774	thirsty.ground	H6772	hbo:6772	thirst	similar	high	0.792
H6774	hbo:6774	thirsty.ground	H4325	hbo:4325	water	antonym	recall	0.506
H6774	hbo:6774	thirsty.ground	H6770	hbo:6770	they.were.thirsty	similar	prior	0.5
H6775	hbo:6775	[was].fastened	H0631	hbo:0631	she.has.bound	similar	prior	0.5
H6775	hbo:6775	[was].fastened	H2266	hbo:2266	he.joined	similar	prior	0.5
H6775	hbo:6775	[was].fastened	H1692	hbo:1692	it.clings	similar	prior	0.5
H6776	hbo:6776	a.pair	H6775	hbo:6775	[was].fastened	similar	prior	0.6
H6776	hbo:6776	a.pair	H1241	hbo:1241	cattle	similar	prior	0.5
H6776	hbo:6776	a.pair	H5923	hbo:5923	yoke	similar	prior	0.5
H6777	hbo:6777	veil	H6809	hbo:6809	veil	similar	prior	0.5
H6777	hbo:6777	veil	H7289	hbo:7289	shawls	similar	prior	0.5
H6777	hbo:6777	veil	H4304	hbo:4304	cloaks	similar	prior	0.5
H6777	hbo:6777	veil	H6782	hbo:6782	a.snare	similar	prior	0.5
H6778	hbo:6778	bunches.of.raisins	H1690	hbo:1690	fig.cakes	similar	high	0.91
H6779	hbo:6779	they.will.spring.up	H6780	hbo:6780	growth	similar	high	0.844
H6779	hbo:6779	they.will.spring.up	H6524	hbo:6524	it.will.bud	similar	high	0.698
H6779	hbo:6779	they.will.spring.up	H1876	hbo:1876	let.it.sprout	similar	prior	0.5
H6779	hbo:6779	they.will.spring.up	H3127	hbo:3127	shoots	similar	prior	0.5
H6779	hbo:6779	they.will.spring.up	H7685	hbo:7685	it.will.grow	similar	prior	0.5
H6779	hbo:6779	they.will.spring.up	H6509	hbo:6509	be.fruitful	similar	prior	0.5
H6779	hbo:6779	they.will.spring.up	H6525	hbo:6525	blossom	similar	prior	0.5
H6780	hbo:6780	growth	H6779	hbo:6779	they.will.spring.up	similar	high	0.844
H6780	hbo:6780	growth	H5929	hbo:5929	leafage	similar	prior	0.5
H6780	hbo:6780	growth	H5342	hbo:5342	a.shoot	similar	prior	0.5
H6781	hbo:6781	bracelets	H6775	hbo:6775	[was].fastened	similar	prior	0.5
H6781	hbo:6781	bracelets	H6776	hbo:6776	a.pair	similar	prior	0.5
H6784	hbo:6784	[which].dry.up	H6778	hbo:6778	bunches.of.raisins	similar	prior	0.5
H6785	hbo:6785	wool	H6593	hbo:6593	of.linen(s)	similar	high	1.0
H6785	hbo:6785	wool	H6788	hbo:6788	treetop	similar	prior	0.5
H6789	hbo:6789	I	H3001	hbo:3001	it.has.dried.up	similar	prior	0.5
H6789	hbo:6789	I	H3582	hbo:3582	hide.[it]	similar	prior	0.5
H6789	hbo:6789	I	H2763	hbo:2763	he.totally.destroyed	similar	prior	0.5
H6789	hbo:6789	I	H3772	hbo:3772	it.will.be.cut.off	similar	prior	0.5
H6789	hbo:6789	I	H6783	hbo:6783	perpetuity	similar	prior	0.5
H6791	hbo:6791	thorns	H6796	hbo:6796	pricks	similar	prior	0.5
H6791	hbo:6791	thorns	H6793	hbo:6793a	body.shield	similar	prior	0.5
H6792	hbo:6792	sheep	H6629	hbo:6629	sheep	similar	prior	0.6
H6793	hbo:6793a	body.shield	H4043	hbo:4043	shield	similar	high	0.886
H6793	hbo:6793a	body.shield	H7420	hbo:7420	spears	similar	high	0.821
H6793	hbo:6793a	body.shield	H3553	hbo:3553	a.helmet	similar	high	0.674
H6793	hbo:6793a	body.shield	H2595	hbo:2595	spear	similar	prior	0.5
H6793	hbo:6793a	body.shield	H6796	hbo:6796	pricks	similar	prior	0.5
H6793	hbo:6793a	body.shield	H7982	hbo:7982	shields	similar	prior	0.5
H6794	hbo:6794	tunnel	H6804	hbo:6804	the.pipes	similar	prior	0.5
H6795	hbo:6795	she.went.down	H5307	hbo:5307	they.will.fall	similar	prior	0.5
H6795	hbo:6795	she.went.down	H3381	hbo:3381	he.went.down	similar	prior	0.5
H6796	hbo:6796	pricks	H6793	hbo:6793a	body.shield	similar	prior	0.5
H6797	hbo:6797	a.turban	H4701	hbo:4701	turban	similar	high	0.895
H6797	hbo:6797	a.turban	H4021	hbo:4021	headdresses	similar	prior	0.5
H6797	hbo:6797	a.turban	H6802	hbo:6802	a.winding	similar	prior	0.5
H6797	hbo:6797	a.turban	H6801	hbo:6801	tightly.(wind.up)	similar	prior	0.5
H6801	hbo:6801	tightly.(wind.up)	H5844	hbo:5844	you.must.cover	similar	prior	0.5
H6801	hbo:6801	tightly.(wind.up)	H1540	hbo:1540	you.will.uncover	similar	prior	0.5
H6802	hbo:6802	a.winding	H4701	hbo:4701	turban	similar	prior	0.5
H6802	hbo:6802	a.winding	H6801	hbo:6801	tightly.(wind.up)	similar	prior	0.5
H6803	hbo:6803	a.jar	H1543	hbo:1543	springs	similar	prior	0.5
H6803	hbo:6803	a.jar	H6793	hbo:6793a	body.shield	similar	prior	0.5
H6805	hbo:6805	marched	H4703	hbo:4703	[the].steps	similar	prior	0.6
H6805	hbo:6805	marched	H6806	hbo:6806	steps	similar	prior	0.6
H6805	hbo:6805	marched	H1869	hbo:1869	[one.who].treads	similar	high	0.505
H6805	hbo:6805	marched	H6807	hbo:6807	marching	similar	prior	0.5
H6806	hbo:6806	steps	H6471	hbo:6471	times	similar	prior	0.5
H6806	hbo:6806	steps	H6807	hbo:6807	marching	similar	prior	0.5
H6807	hbo:6807	marching	H4703	hbo:4703	[the].steps	similar	prior	0.6
H6807	hbo:6807	marching	H6806	hbo:6806	steps	similar	prior	0.6
H6807	hbo:6807	marching	H6805	hbo:6805	marched	similar	prior	0.6
H6807	hbo:6807	marching	H5716	hbo:5716	ornament[s]	similar	prior	0.5
H6810	hbo:6810	young	H6996	hbo:6996a	small	similar	prior	0.5
H6810	hbo:6810	young	H4705	hbo:4705	a.small.number	similar	prior	0.5
H6810	hbo:6810	young	H1067	hbo:1067	firstborn	antonym	recall	0.47
H6812	hbo:6812	to	H6819	hbo:6819	they.will.be.insignificant	similar	prior	0.5
H6812	hbo:6812	to	H6810	hbo:6810	young	similar	prior	0.5
H6812	hbo:6812	to	H4705	hbo:4705	a.small.number	similar	prior	0.5
H6817	hbo:6817	they.cried.out	H2199	hbo:2199	they.cried.out	similar	high	1.0
H6817	hbo:6817	they.cried.out	H6818	hbo:6818	of.distress	similar	high	1.0
H6817	hbo:6817	they.cried.out	H7321	hbo:7321	shout.for.joy	similar	prior	0.5
H6818	hbo:6818	of.distress	H2201	hbo:2201	a.cry.of.distress	similar	high	1.0
H6818	hbo:6818	of.distress	H6817	hbo:6817	they.cried.out	similar	high	1.0
H6818	hbo:6818	of.distress	H2199	hbo:2199	they.cried.out	similar	high	0.721
H6818	hbo:6818	of.distress	H7440	hbo:7440	a.shout.of.joy	similar	high	0.669
H6819	hbo:6819	they.will.be.insignificant	H4705	hbo:4705	a.small.number	similar	prior	0.6
H6819	hbo:6819	they.will.be.insignificant	H6810	hbo:6810	young	similar	prior	0.5
H6822	hbo:6822	watchman	H8259	hbo:8259	she.looked.down	similar	high	0.641
H6822	hbo:6822	watchman	H7200	hbo:7200	see	similar	high	0.641
H6823	hbo:6823	he.overlaid	H6826	hbo:6826	the.plating	similar	high	1.0
H6823	hbo:6823	he.overlaid	H5603	hbo:5603	[it.was].paneled	similar	prior	0.5
H6823	hbo:6823	he.overlaid	H2902	hbo:2902	you.plastered	similar	prior	0.5
H6823	hbo:6823	he.overlaid	H6844	hbo:6844	rug	similar	prior	0.5
H6823	hbo:6823	he.overlaid	H6858	hbo:6858	capital	similar	prior	0.5
H6826	hbo:6826	the.plating	H6823	hbo:6823	he.overlaid	similar	high	1.0
H6826	hbo:6826	the.plating	H5178	hbo:5178	bronze	similar	high	0.715
H6826	hbo:6826	the.plating	H2091	hbo:2091	gold	similar	high	0.711
H6826	hbo:6826	the.plating	H6844	hbo:6844	rug	similar	prior	0.5
H6826	hbo:6826	the.plating	H6858	hbo:6858	capital	similar	prior	0.5
H6828	hbo:6828	northward	H5045	hbo:5045	south	antonym	recall	0.819
H6828	hbo:6828	northward	H1864	hbo:1864	the.south	antonym	recall	0.81
H6828	hbo:6828	northward	H4710	hbo:4710	treasures	similar	prior	0.5
H6830	hbo:6830	northerner[s]	H6831	hbo:6831	the.Zephonite[s]	similar	prior	0.6
H6830	hbo:6830	northerner[s]	H6828	hbo:6828	northward	similar	prior	0.5
H6830	hbo:6830	northerner[s]	H4710	hbo:4710	treasures	similar	prior	0.5
H6833	hbo:6833	bird	H5775	hbo:5775	the.bird[s]	similar	high	0.995
H6835	hbo:6835	the.jug	H3537	hbo:3537	jar	similar	high	0.715
H6838	hbo:6838	a.wafer	H6835	hbo:6835	the.jug	similar	prior	0.5
H6841	hbo:6841	he-goats	H6842	hbo:6842	he-goats	similar	prior	0.6
H6842	hbo:6842	he-goats	H5795	hbo:5795	of.goats	similar	high	0.895
H6842	hbo:6842	he-goats	H8163	hbo:8163a	a.male.goat	similar	high	0.733
H6842	hbo:6842	he-goats	H7716	hbo:7716	a.sheep	similar	prior	0.5
H6844	hbo:6844	rug	H6858	hbo:6858	capital	similar	prior	0.5
H6845	hbo:6845	they.lie.hidden	H3368	hbo:3368	precious	similar	prior	0.6
H6845	hbo:6845	they.lie.hidden	H0693	hbo:0693	ambusher	similar	prior	0.5
H6845	hbo:6845	they.lie.hidden	H2934	hbo:2934	hide	similar	prior	0.5
H6845	hbo:6845	they.lie.hidden	H6830	hbo:6830	northerner[s]	similar	prior	0.5
H6845	hbo:6845	they.lie.hidden	H6828	hbo:6828	northward	similar	prior	0.5
H6845	hbo:6845	they.lie.hidden	H4710	hbo:4710	treasures	similar	prior	0.5
H6848	hbo:6848a	of.a.viper	H6620	hbo:6620	of.cobras	similar	high	0.855
H6848	hbo:6848a	of.a.viper	H0660	hbo:0660	viper	similar	high	0.855
H6850	hbo:6850	whisper	H1897	hbo:1897	it.will.utter	similar	high	0.532
H6850	hbo:6850	whisper	H6851	hbo:6851	a.willow	similar	prior	0.5
H6858	hbo:6858	capital	H3730	hbo:3730	a.bulb	similar	prior	0.5
H6858	hbo:6858	capital	H3805	hbo:3805	capital	similar	prior	0.5
H6862	hbo:6862	distress	H6887	hbo:6887	it.is.distress	similar	high	1.0
H6862	hbo:6862	distress	H6869	hbo:6869	trouble	similar	high	1.0
H6862	hbo:6862	distress	H0341	hbo:0341	enemies	similar	high	0.936
H6862	hbo:6862	distress	H4691	hbo:4691	troubles	similar	high	0.831
H6862	hbo:6862	distress	H4689	hbo:4689	distress	similar	prior	0.5
H6862	hbo:6862	distress	H6031	hbo:6031	he	similar	prior	0.5
H6862	hbo:6862a	foes	H0341	hbo:0341	enemies	similar	high	1.0
H6862	hbo:6862a	foes	H7854	hbo:7854	adversary	similar	prior	0.5
H6862	hbo:6862a	foes	H6040	hbo:6040	affliction	similar	prior	0.5
H6862	hbo:6862a	foes	H8130	hbo:8130	[those	similar	prior	0.5
H6862	hbo:6862a	foes	H6864	hbo:6864	a.flint	similar	prior	0.5
H6862	hbo:6862a	foes	H4712	hbo:4712	places	similar	prior	0.5
H6862	hbo:6862a	foes	H6872	hbo:6872	the.bag	similar	prior	0.5
H6864	hbo:6864	a.flint	H2496	hbo:2496	flint	similar	prior	0.5
H6867	hbo:6867	[is].the.scar	H6866	hbo:6866	they.will.be.scorched	similar	prior	0.5
H6869	hbo:6869	trouble	H6862	hbo:6862	distress	similar	high	1.0
H6869	hbo:6869	trouble	H6862	hbo:6862a	foes	similar	high	0.9
H6869	hbo:6869	trouble	H7114	hbo:7114a	it.was.short	similar	prior	0.6
H6869	hbo:6869	trouble	H7115	hbo:7115	shortness	similar	prior	0.6
H6869	hbo:6869	trouble	H7116	hbo:7116	[were].short	similar	prior	0.6
H6869	hbo:6869	trouble	H6887	hbo:6887	it.is.distress	similar	prior	0.5
H6869	hbo:6869	trouble	H7451	hbo:7451b	evil	similar	prior	0.5
H6869	hbo:6869	trouble	H4689	hbo:4689	distress	similar	prior	0.5
H6869	hbo:6869	trouble	H1225	hbo:1225	stronghold	similar	prior	0.5
H6869	hbo:6869	trouble	H1220	hbo:1220	gold	similar	prior	0.5
H6869	hbo:6869	trouble	H6872	hbo:6872	the.bag	similar	prior	0.5
H6869	hbo:6869	trouble	H1208	hbo:1208	fortified	similar	prior	0.5
H6872	hbo:6872	the.bag	H6696	hbo:6696	they.laid.siege	similar	prior	0.5
H6872	hbo:6872	the.bag	H6862	hbo:6862	distress	similar	prior	0.5
H6876	hbo:6876	Tyrians	H6722	hbo:6722	Sidonians	similar	prior	0.5
H6879	hbo:6879	having.a.skin.disease	H6883	hbo:6883	of.a.serious.skin.disease	similar	high	1.0
H6879	hbo:6879	having.a.skin.disease	H2930	hbo:2930	he.will.be.unclean	similar	high	0.744
H6879	hbo:6879	having.a.skin.disease	H6581	hbo:6581	it.has.spread	similar	high	0.723
H6879	hbo:6879	having.a.skin.disease	H4556	hbo:4556	rash	similar	high	0.685
H6880	hbo:6880	hornet	H6879	hbo:6879	having.a.skin.disease	similar	prior	0.5
H6880	hbo:6880	hornet	H6883	hbo:6883	of.a.serious.skin.disease	similar	prior	0.5
H6883	hbo:6883	of.a.serious.skin.disease	H5061	hbo:5061	plague	similar	high	1.0
H6883	hbo:6883	of.a.serious.skin.disease	H5424	hbo:5424	scall	similar	high	0.981
H6883	hbo:6883	of.a.serious.skin.disease	H0934	hbo:0934	spot	similar	high	0.963
H6884	hbo:6884	[is].refined	H0974	hbo:0974	I	similar	high	0.714
H6884	hbo:6884	[is].refined	H2212	hbo:2212	refined	similar	prior	0.5
H6884	hbo:6884	[is].refined	H5254	hbo:5254	put	similar	prior	0.5
H6884	hbo:6884	[is].refined	H1305	hbo:1305	[one.who].purifies.himself	similar	prior	0.5
H6884	hbo:6884	[is].refined	H4715	hbo:4715	a.crucible	similar	prior	0.5
H6884	hbo:6884	[is].refined	H6885	hbo:6885	the.goldsmith[s]	similar	prior	0.5
H6885	hbo:6885	the.goldsmith[s]	H4715	hbo:4715	a.crucible	similar	prior	0.5
H6887	hbo:6887	it.is.distress	H6862	hbo:6862	distress	similar	high	1.0
H6887	hbo:6887	it.is.distress	H6862	hbo:6862a	foes	similar	high	0.853
H6887	hbo:6887	it.is.distress	H0341	hbo:0341	enemies	similar	high	0.778
H6887	hbo:6887	it.is.distress	H6693	hbo:6693	he.will.bring.distress	similar	high	0.758
H6887	hbo:6887	it.is.distress	H7337	hbo:7337	you.enlarge	antonym	recall	0.502
H6887	hbo:6887	it.is.distress	H6872	hbo:6872	the.bag	similar	prior	0.5
H6887	hbo:6887	it.is.distress	H4692	hbo:4692	siege	similar	prior	0.5
H6887	hbo:6887a	foes	H6862	hbo:6862a	foes	similar	high	0.9
H6887	hbo:6887a	foes	H0341	hbo:0341	enemies	similar	high	0.879
H6887	hbo:6887a	foes	H7092	hbo:7092	it.shuts	similar	prior	0.5
H6893	hbo:6893	desert.owl	H3244	hbo:3244	owl	similar	high	0.958
H6893	hbo:6893	desert.owl	H3563	hbo:3563a	owl	similar	high	0.863
H6893	hbo:6893	desert.owl	H5847	hbo:5847	bat	similar	high	0.679
H6895	hbo:6895	curse	H5344	hbo:5344	they.had.been.designated	similar	prior	0.5
H6898	hbo:6898	tent	H6894	hbo:6894	the.kab	similar	prior	0.5
H6899	hbo:6899	collection(s)	H6910	hbo:6910	[the].gathering	similar	prior	0.5
H6899	hbo:6899	collection(s)	H6908	hbo:6908	I.will.gather	similar	prior	0.5
H6900	hbo:6900	grave	H6913	hbo:6913	graves	similar	high	1.0
H6901	hbo:6901	they.took	H3947	hbo:3947	he.took	similar	high	0.741
H6901	hbo:6901	they.took	H5375	hbo:5375	lift.up	similar	prior	0.5
H6901	hbo:6901	they.took	H3950	hbo:3950	gather	similar	prior	0.5
H6901	hbo:6901	they.took	H6904	hbo:6904	his.battering-ram	similar	prior	0.5
H6906	hbo:6906	[are].robbing	H1497	hbo:1497	he.has.robbed	similar	prior	0.5
H6908	hbo:6908	I.will.gather	H0622	hbo:0622	they.gathered	similar	high	1.0
H6908	hbo:6908	I.will.gather	H6327	hbo:6327	they.were.scattered	antonym	recall	0.65
H6908	hbo:6908	I.will.gather	H6910	hbo:6910	[the].gathering	similar	prior	0.6
H6908	hbo:6908	I.will.gather	H5080	hbo:5080	I	antonym	recall	0.593
H6908	hbo:6908	I.will.gather	H7197	hbo:7197	gathering	similar	prior	0.5
H6908	hbo:6908	I.will.gather	H6960	hbo:6960	wait	similar	prior	0.5
H6908	hbo:6908	I.will.gather	H0625	hbo:0625	[the].gathering	similar	prior	0.5
H6912	hbo:6912	he.was.buried	H6913	hbo:6913	graves	similar	high	1.0
H6912	hbo:6912	he.was.buried	H0060	hbo:0060	mourning	similar	prior	0.5
H6913	hbo:6913	graves	H6912	hbo:6912	he.was.buried	similar	high	1.0
H6913	hbo:6913	graves	H6900	hbo:6900	grave	similar	high	1.0
H6915	hbo:6915	he.bowed.low	H7812	hbo:7812a	he.bowed.down	similar	high	0.869
H6915	hbo:6915	he.bowed.low	H3766	hbo:3766	he.bowed.down	similar	prior	0.5
H6916	hbo:6916	cassia	H0174	hbo:0174	aloes	similar	prior	0.5
H6916	hbo:6916	cassia	H4753	hbo:4753	myrrh	similar	prior	0.5
H6918	hbo:6918	holy	H6942	hbo:6942	consecrate	similar	high	1.0
H6918	hbo:6918	holy	H6944	hbo:6944	holiness	similar	high	1.0
H6918	hbo:6918	holy	H4720	hbo:4720	sanctuary	similar	prior	0.5
H6919	hbo:6919	it.has.been.kindled	H3344	hbo:3344	it.will.burn	similar	high	0.779
H6919	hbo:6919	it.has.been.kindled	H1197	hbo:1197	it.burned	similar	high	0.62
H6919	hbo:6919	it.has.been.kindled	H3857	hbo:3857	it.sets.ablaze	similar	high	0.579
H6919	hbo:6919	it.has.been.kindled	H3341	hbo:3341	I.will.kindle	similar	prior	0.5
H6920	hbo:6920	fever	H6919	hbo:6919	it.has.been.kindled	similar	prior	0.5
H6921	hbo:6921	eastward	H6927	hbo:6927	their.former	similar	prior	0.5
H6921	hbo:6921	eastward	H6917	hbo:6917	of.ancient.times	similar	prior	0.5
H6921	hbo:6921	eastward	H6923	hbo:6923	they	similar	prior	0.5
H6921	hbo:6921	eastward	H6930	hbo:6930	eastern	similar	prior	0.5
H6921	hbo:6921	eastward	H6924	hbo:6924	of.[the].east	similar	prior	0.5
H6922	hbo:6922	holy	H6918	hbo:6918	holy	similar	prior	0.5
H6923	hbo:6923	they	H6930	hbo:6930	eastern	similar	prior	0.5
H6923	hbo:6923	they	H6917	hbo:6917	of.ancient.times	similar	prior	0.5
H6923	hbo:6923	they	H6927	hbo:6927	their.former	similar	prior	0.5
H6924	hbo:6924	of.[the].east	H6926	hbo:6926	the.east	similar	prior	0.6
H6924	hbo:6924	of.[the].east	H6921	hbo:6921	eastward	similar	prior	0.6
H6924	hbo:6924	of.[the].east	H6931	hbo:6931	eastern	similar	prior	0.6
H6924	hbo:6924	of.[the].east	H7223	hbo:7223	first	similar	prior	0.5
H6924	hbo:6924	of.[the].east	H4217	hbo:4217	eastward	similar	prior	0.5
H6924	hbo:6924	of.[the].east	H6927	hbo:6927	their.former	similar	prior	0.5
H6924	hbo:6924	of.[the].east	H6923	hbo:6923	they	similar	prior	0.5
H6924	hbo:6924	of.[the].east	H6930	hbo:6930	eastern	similar	prior	0.5
H6924	hbo:6924	of.[the].east	H6917	hbo:6917	of.ancient.times	similar	prior	0.5
H6926	hbo:6926	the.east	H6931	hbo:6931	eastern	similar	prior	0.6
H6926	hbo:6926	the.east	H4217	hbo:4217	eastward	similar	prior	0.5
H6926	hbo:6926	the.east	H6924	hbo:6924	of.[the].east	similar	prior	0.5
H6926	hbo:6926	the.east	H6927	hbo:6927	their.former	similar	prior	0.5
H6926	hbo:6926	the.east	H6930	hbo:6930	eastern	similar	prior	0.5
H6926	hbo:6926	the.east	H6917	hbo:6917	of.ancient.times	similar	prior	0.5
H6926	hbo:6926	the.east	H6923	hbo:6923	they	similar	prior	0.5
H6927	hbo:6927	their.former	H6917	hbo:6917	of.ancient.times	similar	prior	0.5
H6928	hbo:6928	the.former.time	H6933	hbo:6933	the	similar	prior	0.5
H6930	hbo:6930	eastern	H6917	hbo:6917	of.ancient.times	similar	prior	0.5
H6930	hbo:6930	eastern	H6927	hbo:6927	their.former	similar	prior	0.5
H6931	hbo:6931	eastern	H6924	hbo:6924	of.[the].east	similar	prior	0.5
H6931	hbo:6931	eastern	H6923	hbo:6923	they	similar	prior	0.5
H6931	hbo:6931	eastern	H6927	hbo:6927	their.former	similar	prior	0.5
H6931	hbo:6931	eastern	H6930	hbo:6930	eastern	similar	prior	0.5
H6931	hbo:6931	eastern	H6917	hbo:6917	of.ancient.times	similar	prior	0.5
H6936	hbo:6936	of.his.head	H7218	hbo:7218	head	similar	high	0.793
H6936	hbo:6936	of.his.head	H6916	hbo:6916	cassia	similar	prior	0.5
H6937	hbo:6937	mourning	H2821	hbo:2821	he.makes.dark	similar	prior	0.5
H6937	hbo:6937	mourning	H6940	hbo:6940	darkness	similar	prior	0.5
H6940	hbo:6940	darkness	H6937	hbo:6937	mourning	similar	prior	0.6
H6942	hbo:6942	consecrate	H6944	hbo:6944	holiness	similar	high	1.0
H6942	hbo:6942	consecrate	H6918	hbo:6918	holy	similar	high	1.0
H6942	hbo:6942	consecrate	H2490	hbo:2490	he.began	antonym	recall	0.696
H6942	hbo:6942	consecrate	H2763	hbo:2763	he.totally.destroyed	similar	prior	0.5
H6942	hbo:6942	consecrate	H2596	hbo:2596	they.dedicated	similar	prior	0.5
H6942	hbo:6942	consecrate	H5139	hbo:5139	the.Nazirite	similar	prior	0.5
H6944	hbo:6944	holiness	H6942	hbo:6942	consecrate	similar	high	1.0
H6944	hbo:6944	holiness	H4720	hbo:4720	sanctuary	similar	high	1.0
H6944	hbo:6944	holiness	H3727	hbo:3727	cover	similar	prior	0.5
H6944	hbo:6944	holiness	H3722	hbo:3722	he.will.make.atonement	similar	prior	0.5
H6945	hbo:6945	cult.prostitutes	H4720	hbo:4720	sanctuary	similar	prior	0.5
H6949	hbo:6949	they.will.be.blunt	H3543	hbo:3543	it.has.become.dull	similar	prior	0.5
H6950	hbo:6950	they.assembled	H6951	hbo:6951	assembly	similar	high	0.895
H6950	hbo:6950	they.assembled	H0622	hbo:0622	they.gathered	similar	high	0.798
H6950	hbo:6950	they.assembled	H6952	hbo:6952	the.assembly	similar	prior	0.6
H6950	hbo:6950	they.assembled	H3259	hbo:3259	he	similar	prior	0.5
H6950	hbo:6950	they.assembled	H6953	hbo:6953	Teacher	similar	prior	0.5
H6950	hbo:6950	they.assembled	H4721	hbo:4721	assemblies	similar	prior	0.5
H6951	hbo:6951	assembly	H6950	hbo:6950	they.assembled	similar	high	0.895
H6951	hbo:6951	assembly	H5712	hbo:5712	congregation	similar	high	0.85
H6951	hbo:6951	assembly	H1995	hbo:1995	multitude	similar	prior	0.5
H6951	hbo:6951	assembly	H4721	hbo:4721	assemblies	similar	prior	0.5
H6951	hbo:6951	assembly	H6953	hbo:6953	Teacher	similar	prior	0.5
H6951	hbo:6951	assembly	H6952	hbo:6952	the.assembly	similar	prior	0.5
H6952	hbo:6952	the.assembly	H4721	hbo:4721	assemblies	similar	prior	0.5
H6952	hbo:6952	the.assembly	H6953	hbo:6953	Teacher	similar	prior	0.5
H6953	hbo:6953	Teacher	H2450	hbo:2450	wise	similar	high	0.704
H6953	hbo:6953	Teacher	H2451	hbo:2451	wisdom	similar	high	0.663
H6957	hbo:6957	a.measuring-line	H4060	hbo:4060	measurement	similar	high	0.68
H6957	hbo:6957	a.measuring-line	H8615	hbo:8615	hope	similar	prior	0.5
H6957	hbo:6957	a.measuring-line	H6960	hbo:6960	wait	similar	prior	0.5
H6957	hbo:6957	a.measuring-line	H4723	hbo:4723	hope	similar	prior	0.5
H6957	hbo:6957a	of.strength	H6961	hbo:6961a	Que	similar	prior	0.6
H6960	hbo:6960	wait	H3176	hbo:3176	I.will.wait	similar	high	0.945
H6960	hbo:6960	wait	H0622	hbo:0622	they.gathered	similar	prior	0.5
H6961	hbo:6961a	Que	H6957	hbo:6957	a.measuring-line	similar	prior	0.5
H6961	hbo:6961a	Que	H6960	hbo:6960	wait	similar	prior	0.5
H6961	hbo:6961a	Que	H4723	hbo:4723	hope	similar	prior	0.5
H6961	hbo:6961a	Que	H8615	hbo:8615	hope	similar	prior	0.5
H6962	hbo:6962	you.will.feel.loathing	H3988	hbo:3988	you.have.rejected	similar	prior	0.5
H6962	hbo:6962	you.will.feel.loathing	H8262	hbo:8262	you.will.detest	similar	prior	0.5
H6962	hbo:6962	you.will.feel.loathing	H8581	hbo:8581	they	similar	prior	0.5
H6963	hbo:6963	voice	H8643	hbo:8643	a.shout	similar	high	0.926
H6963	hbo:6963	voice	H7588	hbo:7588	uproar	similar	prior	0.5
H6963	hbo:6963	voice	H6680	hbo:6680	he.had.commanded	similar	prior	0.5
H6965	hbo:6965	he.arose	H5975	hbo:5975	he.stood	similar	high	0.887
H6965	hbo:6965	he.arose	H5324	hbo:5324	[was].standing	similar	high	0.815
H6965	hbo:6965	he.arose	H5782	hbo:5782	awake	similar	prior	0.5
H6965	hbo:6965	he.arose	H8617	hbo:8617	power.to.stand	similar	prior	0.5
H6965	hbo:6965	he.arose	H7054	hbo:7054	standing.grain	similar	prior	0.5
H6965	hbo:6965	he.arose	H8618	hbo:8618	rebels	similar	prior	0.5
H6965	hbo:6965	he.arose	H7012	hbo:7012	their.rising	similar	prior	0.5
H6967	hbo:6967	height	H7341	hbo:7341	breadth	similar	high	1.0
H6967	hbo:6967	height	H0753	hbo:0753	length	similar	high	1.0
H6967	hbo:6967	height	H4060	hbo:4060	measurement	similar	high	0.847
H6967	hbo:6967	height	H8617	hbo:8617	power.to.stand	similar	prior	0.5
H6967	hbo:6967	height	H8618	hbo:8618	rebels	similar	prior	0.5
H6967	hbo:6967	height	H6965	hbo:6965	he.arose	similar	prior	0.5
H6967	hbo:6967	height	H7009	hbo:7009	adversary	similar	prior	0.5
H6967	hbo:6967	height	H7054	hbo:7054	standing.grain	similar	prior	0.5
H6967	hbo:6967	height	H7012	hbo:7012	their.rising	similar	prior	0.5
H6967	hbo:6967	height	H3351	hbo:3351	existence	similar	prior	0.5
H6967	hbo:6967	height	H4725	hbo:4725	place	similar	prior	0.5
H6969	hbo:6969	he.made.a.lament	H0056	hbo:0056	he.mourned	similar	high	0.594
H6969	hbo:6969	he.made.a.lament	H7013	hbo:7013	his.spear	similar	prior	0.5
H6973	hbo:6973	he.loathed	H0887	hbo:0887	it.stank	similar	high	0.614
H6973	hbo:6973	he.loathed	H8581	hbo:8581	they	similar	prior	0.5
H6973	hbo:6973	he.loathed	H3988	hbo:3988	you.have.rejected	similar	prior	0.5
H6973	hbo:6973	he.loathed	H1602	hbo:1602	it.will.abhor	similar	prior	0.5
H6973	hbo:6973	he.loathed	H5361	hbo:5361	it.had.been.alienated	similar	prior	0.5
H6973	hbo:6973	he.loathed	H8130	hbo:8130	[those	similar	prior	0.5
H6973	hbo:6973	he.loathed	H8262	hbo:8262	you.will.detest	similar	prior	0.5
H6974	hbo:6974a	awake	H3462	hbo:3462	they.will.sleep	antonym	recall	0.722
H6975	hbo:6975	thorns	H2738	hbo:2738	weed[s]	similar	high	0.589
H6975	hbo:6975	thorns	H6791	hbo:6791	thorns	similar	prior	0.5
H6975	hbo:6975	thorns	H7898	hbo:7898	bush[es]	similar	prior	0.5
H6977	hbo:6977	locks	H6975	hbo:6975	thorns	similar	prior	0.5
H6979	hbo:6979	I.have.dug	H4747	hbo:4747	coolness	similar	prior	0.5
H6979	hbo:6979	I.have.dug	H4726	hbo:4726	spring	similar	prior	0.5
H6979	hbo:6979	I.have.dug	H7119	hbo:7119	cool	similar	prior	0.5
H6979	hbo:6979	I.have.dug	H7135	hbo:7135	coldness	similar	prior	0.5
H6982	hbo:6982	beams	H4746	hbo:4746	rafter[s]	similar	prior	0.6
H6982	hbo:6982	beams	H6086	hbo:6086	wood(s)	similar	prior	0.5
H6982	hbo:6982	beams	H4745	hbo:4745	fate	similar	prior	0.5
H6982	hbo:6982	beams	H7136	hbo:7136	it	similar	prior	0.5
H6982	hbo:6982	beams	H7136	hbo:7136a	make.beams.for	similar	prior	0.5
H6982	hbo:6982	beams	H7147	hbo:7147	contrariness	similar	prior	0.5
H6982	hbo:6982	beams	H7176	hbo:7176	of.[the].town	similar	prior	0.5
H6982	hbo:6982	beams	H7151	hbo:7151	a.town	similar	prior	0.5
H6982	hbo:6982	beams	H7137	hbo:7137	a.happening	similar	prior	0.5
H6986	hbo:6986	destruction	H7565	hbo:7565	flames	similar	high	0.703
H6988	hbo:6988	incense	H7004	hbo:7004	incense	similar	prior	0.6
H6988	hbo:6988	incense	H4730	hbo:4730	a.censer	similar	prior	0.5
H6992	hbo:6992	[were].about.to.be.killed	H2491	hbo:2491	slain	similar	prior	0.5
H6993	hbo:6993	slaughter	H6991	hbo:6991	he	similar	prior	0.5
H6994	hbo:6994	it.was.small	H6996	hbo:6996	small	similar	prior	0.6
H6995	hbo:6995	finger	H6994	hbo:6994	it.was.small	similar	prior	0.5
H6996	hbo:6996	small	H1419	hbo:1419	great	antonym	recall	0.502
H6996	hbo:6996a	small	H6995	hbo:6995	finger	similar	prior	0.5
H6996	hbo:6996a	small	H6994	hbo:6994	it.was.small	similar	prior	0.5
H6996	hbo:6996a	small	H1419	hbo:1419	great	antonym	recall	0.48
H6998	hbo:6998	you.will.pluck.off	H3950	hbo:3950	gather	similar	prior	0.5
H6999	hbo:6999	make.smoke	H4196	hbo:4196	altar	similar	high	0.973
H6999	hbo:6999	make.smoke	H5930	hbo:5930	a.burnt.offering	similar	high	0.908
H6999	hbo:6999	make.smoke	H2076	hbo:2076	sacrifice	similar	high	0.898
H6999	hbo:6999	make.smoke	H5207	hbo:5207	of.soothing	similar	prior	0.5
H6999	hbo:6999	make.smoke	H7004	hbo:7004	incense	similar	prior	0.5
H6999	hbo:6999	make.smoke	H4730	hbo:4730	a.censer	similar	prior	0.5
H6999	hbo:6999	make.smoke	H6988	hbo:6988	incense	similar	prior	0.5
H7002	hbo:7002	incense	H6988	hbo:6988	incense	similar	prior	0.5
H7002	hbo:7002	incense	H4730	hbo:4730	a.censer	similar	prior	0.5
H7002	hbo:7002	incense	H7008	hbo:7008	the.smoke	similar	prior	0.5
H7002	hbo:7002	incense	H6999	hbo:6999	make.smoke	similar	prior	0.5
H7002	hbo:7002	incense	H7004	hbo:7004	incense	similar	prior	0.5
H7004	hbo:7004	incense	H5561	hbo:5561	the.perfume(s)	similar	high	0.988
H7004	hbo:7004	incense	H3828	hbo:3828	frankincense	similar	prior	0.5
H7004	hbo:7004	incense	H4730	hbo:4730	a.censer	similar	prior	0.5
H7004	hbo:7004	incense	H6999	hbo:6999	make.smoke	similar	prior	0.5
H7004	hbo:7004	incense	H6988	hbo:6988	incense	similar	prior	0.5
H7008	hbo:7008	the.smoke	H6227	hbo:6227	smoke	similar	high	0.695
H7008	hbo:7008	the.smoke	H7004	hbo:7004	incense	similar	prior	0.5
H7008	hbo:7008	the.smoke	H6999	hbo:6999	make.smoke	similar	prior	0.5
H7008	hbo:7008	the.smoke	H6988	hbo:6988	incense	similar	prior	0.5
H7008	hbo:7008	the.smoke	H4730	hbo:4730	a.censer	similar	prior	0.5
H7009	hbo:7009	adversary	H8617	hbo:8617	power.to.stand	similar	prior	0.5
H7009	hbo:7009	adversary	H7012	hbo:7012	their.rising	similar	prior	0.5
H7009	hbo:7009	adversary	H6965	hbo:6965	he.arose	similar	prior	0.5
H7009	hbo:7009	adversary	H4725	hbo:4725	place	similar	prior	0.5
H7009	hbo:7009	adversary	H8618	hbo:8618	rebels	similar	prior	0.5
H7009	hbo:7009	adversary	H7054	hbo:7054	standing.grain	similar	prior	0.5
H7010	hbo:7010	the.statute	H7011	hbo:7011	[will.be].enduring	similar	prior	0.5
H7010	hbo:7010	the.statute	H6966	hbo:6966	he.had.set.up	similar	prior	0.5
H7011	hbo:7011	[will.be].enduring	H6966	hbo:6966	he.had.set.up	similar	prior	0.5
H7015	hbo:7015	a.lamentation	H7013	hbo:7013	his.spear	similar	prior	0.5
H7017	hbo:7017	Kenite	H7074	hbo:7074	Kenizzite	similar	high	0.689
H7017	hbo:7017	Kenite	H3505	hbo:3505	Ithrite	similar	prior	0.5
H7017	hbo:7017	Kenite	H3158	hbo:3158	Jezreelite	similar	prior	0.5
H7017	hbo:7017	Kenite	H3761	hbo:3761	Carmelite	similar	prior	0.5
H7019	hbo:7019	summer	H2779	hbo:2779	winter	antonym	recall	0.467
H7020	hbo:7020	outermost	H7099	hbo:7099	[the].ends	similar	prior	0.5
H7022	hbo:7022	disgrace	H7043	hbo:7043	lighten	similar	prior	0.5
H7022	hbo:7022	disgrace	H7031	hbo:7031	swift	similar	prior	0.5
H7023	hbo:7023	wall	H2346	hbo:2346	wall	similar	prior	0.5
H7023	hbo:7023	wall	H1447	hbo:1447	a.wall	similar	prior	0.5
H7030	hbo:7030	zither	H4953	hbo:4953	the	similar	high	1.0
H7031	hbo:7031	swift	H3515	hbo:3515	heavy	antonym	recall	0.413
H7033	hbo:7033	he	H6867	hbo:6867	[is].the.scar	similar	prior	0.5
H7033	hbo:7033	he	H6740	hbo:6740	roast	similar	prior	0.5
H7034	hbo:7034	lightly.esteemed	H7036	hbo:7036	shame	similar	prior	0.6
H7034	hbo:7034	lightly.esteemed	H0936	hbo:0936	[one.who].despises	similar	prior	0.5
H7034	hbo:7034	lightly.esteemed	H0959	hbo:0959	he.despised	similar	prior	0.5
H7034	hbo:7034	lightly.esteemed	H3513	hbo:3513	it.was.heavy	antonym	recall	0.347
H7036	hbo:7036	shame	H3639	hbo:3639	ignominy	similar	prior	0.5
H7036	hbo:7036	shame	H5007	hbo:5007a	blasphemies	similar	prior	0.5
H7036	hbo:7036	shame	H2781	hbo:2781	reproach	similar	prior	0.5
H7036	hbo:7036	shame	H1322	hbo:1322	shame	similar	prior	0.5
H7036	hbo:7036	shame	H7034	hbo:7034	lightly.esteemed	similar	prior	0.5
H7039	hbo:7039	roasted.grain	H0024	hbo:0024	Abib	similar	prior	0.5
H7039	hbo:7039	roasted.grain	H7033	hbo:7033	he	similar	prior	0.5
H7043	hbo:7043	lighten	H0959	hbo:0959	he.despised	similar	high	0.65
H7043	hbo:7043	lighten	H3513	hbo:3513	it.was.heavy	antonym	recall	0.606
H7043	hbo:7043	lighten	H1442	hbo:1442	they.have.blasphemed	similar	prior	0.5
H7043	hbo:7043	lighten	H6895	hbo:6895	curse	similar	prior	0.5
H7043	hbo:7043	lighten	H7031	hbo:7031	swift	similar	prior	0.5
H7044	hbo:7044	burnished	H7043	hbo:7043	lighten	similar	prior	0.5
H7044	hbo:7044	burnished	H7022	hbo:7022	disgrace	similar	prior	0.5
H7044	hbo:7044	burnished	H7031	hbo:7031	swift	similar	prior	0.5
H7045	hbo:7045	curse	H0423	hbo:0423	a.curse	similar	high	0.888
H7045	hbo:7045	curse	H7043	hbo:7043	lighten	similar	high	0.655
H7045	hbo:7045	curse	H1293	hbo:1293	blessing	antonym	recall	0.521
H7045	hbo:7045	curse	H3994	hbo:3994	curse	similar	prior	0.5
H7045	hbo:7045	curse	H7044	hbo:7044	burnished	similar	prior	0.5
H7045	hbo:7045	curse	H7031	hbo:7031	swift	similar	prior	0.5
H7045	hbo:7045	curse	H7022	hbo:7022	disgrace	similar	prior	0.5
H7046	hbo:7046	they.derided	H7047	hbo:7047	derision	similar	prior	0.5
H7046	hbo:7046	they.derided	H2048	hbo:2048a	you.have.deceived	similar	prior	0.5
H7046	hbo:7046	they.derided	H7048	hbo:7048	derision	similar	prior	0.5
H7047	hbo:7047	derision	H3933	hbo:3933	mockery	similar	high	0.862
H7047	hbo:7047	derision	H7048	hbo:7048	derision	similar	prior	0.5
H7049	hbo:7049	he.slung.[it]	H7051	hbo:7051	slingers	similar	prior	0.5
H7049	hbo:7049	he.slung.[it]	H7050	hbo:7050a	curtains	similar	prior	0.5
H7049	hbo:7049a	he.carved	H4734	hbo:4734	carvings	similar	high	1.0
H7050	hbo:7050	sling	H7049	hbo:7049a	he.carved	similar	prior	0.6
H7050	hbo:7050	sling	H7050	hbo:7050a	curtains	similar	prior	0.5
H7050	hbo:7050	sling	H7049	hbo:7049	he.slung.[it]	similar	prior	0.5
H7050	hbo:7050	sling	H7051	hbo:7051	slingers	similar	prior	0.5
H7050	hbo:7050a	curtains	H3407	hbo:3407	curtains	similar	high	0.938
H7050	hbo:7050a	curtains	H4539	hbo:4539	the.screen	similar	high	0.846
H7051	hbo:7051	slingers	H7050	hbo:7050a	curtains	similar	prior	0.5
H7052	hbo:7052	worthless	H7043	hbo:7043	lighten	similar	prior	0.5
H7052	hbo:7052	worthless	H7044	hbo:7044	burnished	similar	prior	0.5
H7052	hbo:7052	worthless	H7045	hbo:7045	curse	similar	prior	0.5
H7052	hbo:7052	worthless	H7031	hbo:7031	swift	similar	prior	0.5
H7052	hbo:7052	worthless	H7022	hbo:7022	disgrace	similar	prior	0.5
H7054	hbo:7054	standing.grain	H6212	hbo:6212	vegetation	similar	high	0.597
H7054	hbo:7054	standing.grain	H5995	hbo:5995	cut.grain	similar	prior	0.5
H7054	hbo:7054	standing.grain	H2233	hbo:2233	offspring	similar	prior	0.5
H7054	hbo:7054	standing.grain	H5599	hbo:5599a	self-sown.grain	similar	prior	0.5
H7054	hbo:7054	standing.grain	H7012	hbo:7012	their.rising	similar	prior	0.5
H7058	hbo:7058	flour	H5560	hbo:5560	fine.flour	similar	high	0.841
H7061	hbo:7061	he.will.take.a.handful	H4393	hbo:4393	what	similar	prior	0.5
H7061	hbo:7061	he.will.take.a.handful	H3709	hbo:3709	palms	similar	prior	0.5
H7062	hbo:7062	his.handful	H2651	hbo:2651	of.[the].hollow.of.hands	similar	prior	0.5
H7062	hbo:7062	his.handful	H3709	hbo:3709	palms	similar	prior	0.5
H7064	hbo:7064	nest	H7077	hbo:7077	they.made.nests	similar	prior	0.6
H7064	hbo:7064	nest	H4585	hbo:4585	dens	similar	prior	0.5
H7064	hbo:7064	nest	H1000	hbo:1000	eggs	similar	prior	0.5
H7064	hbo:7064	nest	H0667	hbo:0667	ones	similar	prior	0.5
H7065	hbo:7065	they	H7068	hbo:7068	jealousy	similar	high	1.0
H7067	hbo:7067	jealous	H7065	hbo:7065	they	similar	prior	0.6
H7067	hbo:7067	jealous	H7068	hbo:7068	jealousy	similar	prior	0.6
H7068	hbo:7068	jealousy	H7065	hbo:7065	they	similar	high	1.0
H7068	hbo:7068	jealousy	H2534	hbo:2534	rage	similar	high	0.726
H7069	hbo:7069	acquire	H4736	hbo:4736	the.purchase	similar	high	0.868
H7069	hbo:7069	acquire	H4376	hbo:4376	he	antonym	recall	0.575
H7069	hbo:7069	acquire	H3947	hbo:3947	he.took	similar	high	0.564
H7070	hbo:7070	branches	H7076	hbo:7076	cinnamon	similar	prior	0.5
H7070	hbo:7070	branches	H0100	hbo:0100	bulrush	similar	prior	0.5
H7070	hbo:7070	branches	H6106	hbo:6106	bones	similar	prior	0.5
H7070	hbo:7070	branches	H5488	hbo:5488	of.reed[s]	similar	prior	0.5
H7070	hbo:7070	branches	H1573	hbo:1573	of.papyrus	similar	prior	0.5
H7070	hbo:7070	branches	H0098	hbo:0098	pools	similar	prior	0.5
H7072	hbo:7072	jealous	H7065	hbo:7065	they	similar	prior	0.5
H7072	hbo:7072	jealous	H7067	hbo:7067	jealous	similar	prior	0.5
H7072	hbo:7072	jealous	H7068	hbo:7068	jealousy	similar	prior	0.5
H7074	hbo:7074	Kenizzite	H7017	hbo:7017	Kenite	similar	high	0.689
H7074	hbo:7074	Kenizzite	H6522	hbo:6522	Perizzite[s]	similar	high	0.677
H7075	hbo:7075	property	H7399	hbo:7399	property	similar	high	0.777
H7075	hbo:7075	property	H4736	hbo:4736	the.purchase	similar	high	0.717
H7075	hbo:7075	property	H5233	hbo:5233	riches	similar	prior	0.5
H7075	hbo:7075	property	H1952	hbo:1952	wealth	similar	prior	0.5
H7076	hbo:7076	cinnamon	H4753	hbo:4753	myrrh	similar	high	0.83
H7076	hbo:7076	cinnamon	H0174	hbo:0174	aloes	similar	high	0.732
H7076	hbo:7076	cinnamon	H6916	hbo:6916	cassia	similar	prior	0.5
H7077	hbo:7077	they.made.nests	H7064	hbo:7064	nest	similar	prior	0.5
H7080	hbo:7080	diviners	H6049	hbo:6049	soothsayers	similar	high	0.726
H7080	hbo:7080	diviners	H5172	hbo:5172	he.practiced.divination	similar	high	0.679
H7080	hbo:7080	diviners	H0178	hbo:0178	necromancers	similar	high	0.628
H7080	hbo:7080	diviners	H3784	hbo:3784	sorcerers	similar	high	0.599
H7080	hbo:7080	diviners	H3049	hbo:3049	soothsayers	similar	high	0.595
H7080	hbo:7080	diviners	H4738	hbo:4738	divination	similar	prior	0.5
H7081	hbo:7081	divination	H5172	hbo:5172	he.practiced.divination	similar	high	0.766
H7081	hbo:7081	divination	H6049	hbo:6049	soothsayers	similar	high	0.65
H7081	hbo:7081	divination	H3784	hbo:3784	sorcerers	similar	high	0.648
H7081	hbo:7081	divination	H3908	hbo:3908	charming	similar	high	0.513
H7081	hbo:7081	divination	H3785	hbo:3785	sorceries	similar	prior	0.5
H7081	hbo:7081	divination	H0178	hbo:0178	necromancers	similar	prior	0.5
H7083	hbo:7083	writing-case	H7184	hbo:7184	jugs	similar	prior	0.5
H7086	hbo:7086	[was].a.dish	H4219	hbo:4219	bowls	similar	high	0.882
H7086	hbo:7086	[was].a.dish	H0101	hbo:0101	bowls	similar	prior	0.5
H7088	hbo:7088	I.have.rolled.up	H7089	hbo:7089	anguish	similar	prior	0.5
H7088	hbo:7088	I.have.rolled.up	H7090	hbo:7090	hedgehog	similar	prior	0.5
H7090	hbo:7090	hedgehog	H7089	hbo:7089	anguish	similar	prior	0.5
H7093	hbo:7093	end	H0319	hbo:0319	end	similar	high	0.756
H7093	hbo:7093	end	H7097	hbo:7097	the.end	similar	prior	0.6
H7093	hbo:7093	end	H7117	hbo:7117	end	similar	prior	0.5
H7093	hbo:7093	end	H7099	hbo:7099	[the].ends	similar	prior	0.5
H7093	hbo:7093	end	H7020	hbo:7020	outermost	similar	prior	0.5
H7095	hbo:7095	a.shape	H1823	hbo:1823	the.likeness	similar	prior	0.5
H7095	hbo:7095	a.shape	H7094	hbo:7094	he.cut.off	similar	prior	0.5
H7096	hbo:7096	cut.off	H7099	hbo:7099	[the].ends	similar	prior	0.6
H7096	hbo:7096	cut.off	H7098	hbo:7098	the.ends	similar	prior	0.6
H7096	hbo:7096	cut.off	H7117	hbo:7117	end	similar	prior	0.6
H7096	hbo:7096	cut.off	H1214	hbo:1214	[is].gaining	similar	prior	0.5
H7096	hbo:7096	cut.off	H7093	hbo:7093	end	similar	prior	0.5
H7096	hbo:7096	cut.off	H3772	hbo:3772	it.will.be.cut.off	similar	prior	0.5
H7097	hbo:7097	the.end	H1366	hbo:1366	border	similar	high	0.875
H7097	hbo:7097	the.end	H7098	hbo:7098	the.ends	similar	prior	0.5
H7098	hbo:7098	the.ends	H7097	hbo:7097	the.end	similar	prior	0.6
H7098	hbo:7098	the.ends	H6285	hbo:6285	side	similar	prior	0.5
H7099	hbo:7099	[the].ends	H7097	hbo:7097	the.end	similar	prior	0.6
H7099	hbo:7099	[the].ends	H7117	hbo:7117	end	similar	prior	0.6
H7099	hbo:7099	[the].ends	H7098	hbo:7098	the.ends	similar	prior	0.6
H7099	hbo:7099	[the].ends	H1366	hbo:1366	border	similar	prior	0.5
H7100	hbo:7100	black.cumin	H3646	hbo:3646	cumin	similar	high	1.0
H7101	hbo:7101	O.rulers	H8269	hbo:8269	officials	similar	prior	0.5
H7101	hbo:7101	O.rulers	H5461	hbo:5461	officials	similar	prior	0.5
H7101	hbo:7101	O.rulers	H7336	hbo:7336	rulers	similar	prior	0.5
H7101	hbo:7101	O.rulers	H7218	hbo:7218	head	similar	prior	0.5
H7101	hbo:7101	O.rulers	H5057	hbo:5057	ruler	similar	prior	0.5
H7101	hbo:7101	O.rulers	H7860	hbo:7860	officials	similar	prior	0.5
H7101	hbo:7101	O.rulers	H7989	hbo:7989	ruler	similar	prior	0.5
H7101	hbo:7101	O.rulers	H5387	hbo:5387a	clouds	similar	prior	0.5
H7105	hbo:7105	harvest	H7114	hbo:7114	harvesters	similar	high	0.971
H7105	hbo:7105	harvest	H2758	hbo:2758	plowing	antonym	recall	0.629
H7105	hbo:7105	harvest	H8393	hbo:8393	produce	similar	high	0.615
H7105	hbo:7105	harvest	H5955	hbo:5955	gleanings	similar	prior	0.5
H7105	hbo:7105	harvest	H1061	hbo:1061	the.first-fruits	similar	prior	0.5
H7105	hbo:7105	harvest	H0024	hbo:0024	Abib	similar	prior	0.5
H7105	hbo:7105a	branch[es]	H7114	hbo:7114	harvesters	similar	high	0.55
H7107	hbo:7107	he.was.angry	H7110	hbo:7110	wrath	similar	high	1.0
H7107	hbo:7107	he.was.angry	H2734	hbo:2734	it.burned	similar	high	0.803
H7107	hbo:7107	he.was.angry	H3707	hbo:3707	provoke	similar	prior	0.5
H7107	hbo:7107	he.was.angry	H5620	hbo:5620	sullen	similar	prior	0.5
H7107	hbo:7107	he.was.angry	H0599	hbo:0599	he.was.angry	similar	prior	0.5
H7107	hbo:7107	he.was.angry	H2196	hbo:2196	he.was.enraged	similar	prior	0.5
H7109	hbo:7109	anger	H7108	hbo:7108	he.was.furious	similar	prior	0.5
H7110	hbo:7110	wrath	H7107	hbo:7107	he.was.angry	similar	high	1.0
H7110	hbo:7110	wrath	H2740	hbo:2740	the.burning	similar	high	0.781
H7110	hbo:7110	wrath	H0639	hbo:0639	anger	similar	high	0.772
H7110	hbo:7110	wrath	H2534	hbo:2534	rage	similar	high	0.681
H7110	hbo:7110	wrath	H2750	hbo:2750	heat	similar	prior	0.5
H7110	hbo:7110	wrath	H2195	hbo:2195	indignation	similar	prior	0.5
H7110	hbo:7110	wrath	H5678	hbo:5678	fury	similar	prior	0.5
H7110	hbo:7110	wrath	H2197	hbo:2197	a.rage	similar	prior	0.5
H7110	hbo:7110	wrath	H7111	hbo:7111	a.stump	similar	prior	0.5
H7112	hbo:7112	[those.who.are].cut.off	H1438	hbo:1438	he.cut.down	similar	high	0.705
H7112	hbo:7112	[those.who.are].cut.off	H7113	hbo:7113	cut.off!	similar	prior	0.6
H7112	hbo:7112	[those.who.are].cut.off	H3772	hbo:3772	it.will.be.cut.off	similar	prior	0.5
H7112	hbo:7112	[those.who.are].cut.off	H7020	hbo:7020	outermost	similar	prior	0.5
H7112	hbo:7112	[those.who.are].cut.off	H7093	hbo:7093	end	similar	prior	0.5
H7113	hbo:7113	cut.off!	H7118	hbo:7118	the.part	similar	prior	0.5
H7114	hbo:7114	harvesters	H7105	hbo:7105	harvest	similar	high	0.971
H7114	hbo:7114	harvesters	H2232	hbo:2232	you.will.sow	antonym	recall	0.71
H7114	hbo:7114a	it.was.short	H7115	hbo:7115	shortness	similar	prior	0.5
H7114	hbo:7114a	it.was.short	H7116	hbo:7116	[were].short	similar	prior	0.5
H7115	hbo:7115	shortness	H7114	hbo:7114	harvesters	similar	prior	0.6
H7115	hbo:7115	shortness	H7114	hbo:7114a	it.was.short	similar	prior	0.6
H7115	hbo:7115	shortness	H7116	hbo:7116	[were].short	similar	prior	0.5
H7116	hbo:7116	[were].short	H7114	hbo:7114a	it.was.short	similar	prior	0.6
H7116	hbo:7116	[were].short	H7115	hbo:7115	shortness	similar	prior	0.6
H7116	hbo:7116	[were].short	H4592	hbo:4592	a.little	similar	prior	0.5
H7117	hbo:7117	end	H7097	hbo:7097	the.end	similar	prior	0.6
H7119	hbo:7119	cool	H7135	hbo:7135	coldness	similar	prior	0.6
H7119	hbo:7119	cool	H7120	hbo:7120	cold	similar	prior	0.6
H7120	hbo:7120	cold	H7135	hbo:7135	coldness	similar	prior	0.5
H7120	hbo:7120	cold	H6979	hbo:6979	I.have.dug	similar	prior	0.5
H7120	hbo:7120	cold	H4747	hbo:4747	coolness	similar	prior	0.5
H7120	hbo:7120	cold	H7119	hbo:7119	cool	similar	prior	0.5
H7121	hbo:7121	he.called	H0559	hbo:0559	he.said	similar	high	0.76
H7121	hbo:7121	he.called	H8085	hbo:8085	hear	similar	high	0.688
H7121	hbo:7121	he.called	H1696	hbo:1696	he.spoke	similar	prior	0.5
H7121	hbo:7121	he.called	H7768	hbo:7768	I.cry.for.help	similar	prior	0.5
H7121	hbo:7121	he.called	H5344	hbo:5344	they.had.been.designated	similar	prior	0.5
H7121	hbo:7121	he.called	H4744	hbo:4744	a.convocation	similar	prior	0.5
H7121	hbo:7121	he.called	H2199	hbo:2199	they.cried.out	similar	prior	0.5
H7122	hbo:7122	meet	H6298	hbo:6298	he	similar	prior	0.5
H7122	hbo:7122	meet	H5060	hbo:5060	who].touches	similar	prior	0.5
H7124	hbo:7124	partridge	H7121	hbo:7121	he.called	similar	prior	0.5
H7124	hbo:7124	partridge	H4744	hbo:4744	a.convocation	similar	prior	0.5
H7124	hbo:7124	partridge	H7148	hbo:7148	called	similar	prior	0.5
H7124	hbo:7124	partridge	H7150	hbo:7150	proclamation	similar	prior	0.5
H7126	hbo:7126	he.will.present	H7133	hbo:7133	present	similar	high	1.0
H7126	hbo:7126	he.will.present	H7138	hbo:7138	near	similar	prior	0.6
H7126	hbo:7126	he.will.present	H0857	hbo:0857	come	similar	prior	0.5
H7126	hbo:7126	he.will.present	H7128	hbo:7128	battle	similar	prior	0.5
H7129	hbo:7129	war	H7127	hbo:7127	they.approached	similar	prior	0.5
H7130	hbo:7130	midst	H8432	hbo:8432	the.midst	similar	high	0.81
H7130	hbo:7130	midst	H0990	hbo:0990	belly	similar	prior	0.5
H7131	hbo:7131	approaching	H7126	hbo:7126	he.will.present	similar	high	0.953
H7131	hbo:7131	approaching	H7128	hbo:7128	battle	similar	prior	0.5
H7132	hbo:7132	the.approach	H7126	hbo:7126	he.will.present	similar	prior	0.6
H7132	hbo:7132	the.approach	H7138	hbo:7138	near	similar	prior	0.6
H7132	hbo:7132	the.approach	H7128	hbo:7128	battle	similar	prior	0.5
H7132	hbo:7132	the.approach	H7131	hbo:7131	approaching	similar	prior	0.5
H7132	hbo:7132	the.approach	H7133	hbo:7133	present	similar	prior	0.5
H7133	hbo:7133	present	H7126	hbo:7126	he.will.present	similar	high	1.0
H7133	hbo:7133	present	H4503	hbo:4503	offering	similar	high	0.971
H7133	hbo:7133	present	H0801	hbo:0801	a.fire.offering	similar	high	0.873
H7133	hbo:7133	present	H8641	hbo:8641	the.contribution	similar	prior	0.5
H7133	hbo:7133	present	H4643	hbo:4643	the.tithe	similar	prior	0.5
H7133	hbo:7133	present	H7131	hbo:7131	approaching	similar	prior	0.5
H7133	hbo:7133	present	H7128	hbo:7128	battle	similar	prior	0.5
H7134	hbo:7134	axes	H1631	hbo:1631	axe	similar	prior	0.5
H7136	hbo:7136	it	H6298	hbo:6298	he	similar	prior	0.5
H7136	hbo:7136	it	H7122	hbo:7122	meet	similar	prior	0.5
H7136	hbo:7136a	make.beams.for	H6293	hbo:6293	it.touches	similar	prior	0.5
H7136	hbo:7136a	make.beams.for	H7136	hbo:7136	it	similar	prior	0.5
H7137	hbo:7137	a.happening	H4745	hbo:4745	fate	similar	prior	0.5
H7137	hbo:7137	a.happening	H7151	hbo:7151	a.town	similar	prior	0.5
H7137	hbo:7137	a.happening	H4746	hbo:4746	rafter[s]	similar	prior	0.5
H7137	hbo:7137	a.happening	H7176	hbo:7176	of.[the].town	similar	prior	0.5
H7137	hbo:7137	a.happening	H7147	hbo:7147	contrariness	similar	prior	0.5
H7137	hbo:7137	a.happening	H7136	hbo:7136a	make.beams.for	similar	prior	0.5
H7137	hbo:7137	a.happening	H7136	hbo:7136	it	similar	prior	0.5
H7138	hbo:7138	near	H7350	hbo:7350	a.distance	antonym	recall	0.691
H7138	hbo:7138	near	H7368	hbo:7368	be.distant	antonym	recall	0.579
H7138	hbo:7138	near	H7131	hbo:7131	approaching	similar	prior	0.5
H7138	hbo:7138	near	H5060	hbo:5060	who].touches	similar	prior	0.5
H7138	hbo:7138	near	H7128	hbo:7128	battle	similar	prior	0.5
H7138	hbo:7138	near	H7133	hbo:7133	present	similar	prior	0.5
H7138	hbo:7138	near	H7126	hbo:7126	he.will.present	similar	prior	0.5
H7138	hbo:7138	near	H4801	hbo:4801	a.distance	antonym	recall	0.486
H7139	hbo:7139	they.will.make.bald	H7144	hbo:7144	baldness	similar	high	1.0
H7139	hbo:7139	they.will.make.bald	H1371	hbo:1371	[is].bald	similar	prior	0.6
H7139	hbo:7139	they.will.make.bald	H7142	hbo:7142	O.bald.[man]	similar	prior	0.6
H7139	hbo:7139	they.will.make.bald	H7146	hbo:7146	his.bald	similar	prior	0.5
H7139	hbo:7139	they.will.make.bald	H1372	hbo:1372	his.bald	similar	prior	0.5
H7140	hbo:7140	ice	H3713	hbo:3713a	hoar-frost	similar	high	0.642
H7140	hbo:7140	ice	H7950	hbo:7950	snow	similar	high	0.585
H7142	hbo:7142	O.bald.[man]	H7146	hbo:7146	his.bald	similar	high	0.763
H7142	hbo:7142	O.bald.[man]	H1371	hbo:1371	[is].bald	similar	prior	0.6
H7142	hbo:7142	O.bald.[man]	H7144	hbo:7144	baldness	similar	prior	0.6
H7142	hbo:7142	O.bald.[man]	H7139	hbo:7139	they.will.make.bald	similar	prior	0.5
H7144	hbo:7144	baldness	H7139	hbo:7139	they.will.make.bald	similar	high	1.0
H7144	hbo:7144	baldness	H1371	hbo:1371	[is].bald	similar	prior	0.6
H7144	hbo:7144	baldness	H7142	hbo:7142	O.bald.[man]	similar	prior	0.5
H7144	hbo:7144	baldness	H7146	hbo:7146	his.bald	similar	prior	0.5
H7146	hbo:7146	his.bald	H1372	hbo:1372	his.bald	similar	high	1.0
H7146	hbo:7146	his.bald	H7139	hbo:7139	they.will.make.bald	similar	prior	0.5
H7147	hbo:7147	contrariness	H6586	hbo:6586	they.have.rebelled	similar	prior	0.5
H7147	hbo:7147	contrariness	H7136	hbo:7136a	make.beams.for	similar	prior	0.5
H7147	hbo:7147	contrariness	H4745	hbo:4745	fate	similar	prior	0.5
H7147	hbo:7147	contrariness	H7136	hbo:7136	it	similar	prior	0.5
H7148	hbo:7148	called	H4744	hbo:4744	a.convocation	similar	prior	0.5
H7148	hbo:7148	called	H7121	hbo:7121	he.called	similar	prior	0.5
H7150	hbo:7150	proclamation	H7148	hbo:7148	called	similar	prior	0.5
H7150	hbo:7150	proclamation	H7121	hbo:7121	he.called	similar	prior	0.5
H7150	hbo:7150	proclamation	H4744	hbo:4744	a.convocation	similar	prior	0.5
H7151	hbo:7151	a.town	H5892	hbo:5892	city	similar	prior	0.5
H7151	hbo:7151	a.town	H7136	hbo:7136a	make.beams.for	similar	prior	0.5
H7151	hbo:7151	a.town	H7147	hbo:7147	contrariness	similar	prior	0.5
H7151	hbo:7151	a.town	H7136	hbo:7136	it	similar	prior	0.5
H7151	hbo:7151	a.town	H4745	hbo:4745	fate	similar	prior	0.5
H7160	hbo:7160	it.shone	H7161	hbo:7161	horns	similar	prior	0.5
H7160	hbo:7160	it.shone	H5050	hbo:5050	he.illuminates	similar	prior	0.5
H7161	hbo:7161	horns	H3581	hbo:3581	strength	similar	prior	0.5
H7161	hbo:7161	horns	H1389	hbo:1389	hills	similar	prior	0.5
H7161	hbo:7161	horns	H7160	hbo:7160	it.shone	similar	prior	0.5
H7162	hbo:7162	the	H4953	hbo:4953	the	similar	high	0.959
H7162	hbo:7162	the	H7161	hbo:7161	horns	similar	prior	0.6
H7164	hbo:7164	[is].stooping.low	H7165	hbo:7165	hooks	similar	prior	0.5
H7165	hbo:7165	hooks	H2053	hbo:2053	hooks	similar	prior	0.5
H7166	hbo:7166	ankles	H7165	hbo:7165	hooks	similar	prior	0.5
H7166	hbo:7166	ankles	H7164	hbo:7164	[is].stooping.low	similar	prior	0.5
H7167	hbo:7167	he.tore	H6533	hbo:6533	you.must.tear	similar	high	0.688
H7167	hbo:7167	he.tore	H5423	hbo:5423	he.tore.apart	similar	prior	0.5
H7167	hbo:7167	he.tore	H8295	hbo:8295	they.will.cut	similar	prior	0.5
H7171	hbo:7171	a.gadfly	H7169	hbo:7169	I.was.nipped.off	similar	prior	0.5
H7172	hbo:7172	the.floor	H0776	hbo:0776	the.land	similar	prior	0.5
H7175	hbo:7175	frames	H5982	hbo:5982	pillars	similar	high	0.974
H7175	hbo:7175	frames	H0134	hbo:0134	bases	similar	high	0.969
H7175	hbo:7175	frames	H1280	hbo:1280	bars	similar	prior	0.5
H7176	hbo:7176	of.[the].town	H7151	hbo:7151	a.town	similar	high	0.959
H7176	hbo:7176	of.[the].town	H7147	hbo:7147	contrariness	similar	prior	0.5
H7176	hbo:7176	of.[the].town	H4745	hbo:4745	fate	similar	prior	0.5
H7176	hbo:7176	of.[the].town	H7136	hbo:7136	it	similar	prior	0.5
H7176	hbo:7176	of.[the].town	H7136	hbo:7136a	make.beams.for	similar	prior	0.5
H7179	hbo:7179	chaff	H4671	hbo:4671	chaff	similar	high	0.716
H7179	hbo:7179	chaff	H7197	hbo:7197	gathering	similar	prior	0.5
H7181	hbo:7181	pay.attention	H0238	hbo:0238	give	similar	high	0.976
H7181	hbo:7181	pay.attention	H8085	hbo:8085	hear	similar	high	0.972
H7182	hbo:7182	attentiveness	H7181	hbo:7181	pay.attention	similar	high	0.688
H7182	hbo:7182	attentiveness	H7183	hbo:7183a	attentive	similar	prior	0.5
H7183	hbo:7183a	attentive	H7182	hbo:7182	attentiveness	similar	prior	0.6
H7184	hbo:7184	jugs	H4518	hbo:4518	bowls	similar	high	1.0
H7184	hbo:7184	jugs	H4219	hbo:4219	bowls	similar	high	0.862
H7184	hbo:7184	jugs	H3713	hbo:3713	a.bowl	similar	prior	0.5
H7184	hbo:7184	jugs	H6357	hbo:6357	a.topaz	similar	prior	0.5
H7184	hbo:7184	jugs	H7086	hbo:7086	[was].a.dish	similar	prior	0.5
H7185	hbo:7185	they.stiffened	H7186	hbo:7186	hard	similar	high	0.852
H7185	hbo:7185	they.stiffened	H3513	hbo:3513	it.was.heavy	similar	high	0.638
H7185	hbo:7185	they.stiffened	H7503	hbo:7503	refrain	antonym	recall	0.52
H7185	hbo:7185	they.stiffened	H5637	hbo:5637	stubborn	similar	prior	0.5
H7185	hbo:7185	they.stiffened	H7401	hbo:7401	it.was.soft	antonym	recall	0.489
H7186	hbo:7186	hard	H7185	hbo:7185	they.stiffened	similar	high	0.852
H7186	hbo:7186	hard	H3515	hbo:3515	heavy	similar	high	0.639
H7186	hbo:7186	hard	H6089	hbo:6089a	hard.labor	similar	prior	0.5
H7186	hbo:7186	hard	H0393	hbo:0393	cruel	similar	prior	0.5
H7186	hbo:7186	hard	H7390	hbo:7390	weak	antonym	recall	0.398
H7190	hbo:7190	the.stubbornness	H7185	hbo:7185	they.stiffened	similar	prior	0.5
H7190	hbo:7190	the.stubbornness	H7186	hbo:7186	hard	similar	prior	0.5
H7192	hbo:7192	piece[s].of.money	H8255	hbo:8255	the.shekel	similar	high	0.562
H7194	hbo:7194	he.conspired	H7195	hbo:7195	conspiracy	similar	high	1.0
H7194	hbo:7194	he.conspired	H4776	hbo:4776	rebellion	similar	prior	0.5
H7194	hbo:7194	he.conspired	H6586	hbo:6586	they.have.rebelled	similar	prior	0.5
H7195	hbo:7195	conspiracy	H7194	hbo:7194	he.conspired	similar	high	1.0
H7195	hbo:7195	conspiracy	H6586	hbo:6586	they.have.rebelled	similar	prior	0.5
H7195	hbo:7195	conspiracy	H4776	hbo:4776	rebellion	similar	prior	0.5
H7196	hbo:7196	sashes	H7194	hbo:7194	he.conspired	similar	prior	0.5
H7196	hbo:7196	sashes	H7195	hbo:7195	conspiracy	similar	prior	0.5
H7197	hbo:7197	gathering	H3950	hbo:3950	gather	similar	high	0.575
H7198	hbo:7198	bow	H2671	hbo:2671	arrows	similar	high	0.76
H7198	hbo:7198	bow	H1869	hbo:1869	[one.who].treads	similar	high	0.671
H7199	hbo:7199	a.bowman	H7198	hbo:7198	bow	similar	prior	0.6
H7200	hbo:7200	see	H5027	hbo:5027	look	similar	high	0.863
H7200	hbo:7200	see	H2372	hbo:2372	he.saw	similar	prior	0.6
H7200	hbo:7200	see	H2380	hbo:2380	of.conspicuousness	similar	prior	0.6
H7200	hbo:7200	see	H7583	hbo:7583	[was].gazing	similar	prior	0.6
H7200	hbo:7200	see	H2384	hbo:2384	visions	similar	prior	0.6
H7200	hbo:7200	see	H2374	hbo:2374	seer	similar	prior	0.6
H7200	hbo:7200	see	H7207	hbo:7207	the.sight	similar	prior	0.6
H7200	hbo:7200	see	H6437	hbo:6437	turn	similar	prior	0.5
H7200	hbo:7200	see	H7789	hbo:7789	I	similar	prior	0.5
H7200	hbo:7200	see	H5012	hbo:5012	prophesy	similar	prior	0.5
H7200	hbo:7200	see	H7209	hbo:7209	a.mirror	similar	prior	0.5
H7200	hbo:7200	see	H7202	hbo:7202	see	similar	prior	0.5
H7201	hbo:7201	kite	H1675	hbo:1675	it.swoops.down	similar	prior	0.5
H7201	hbo:7201	kite	H1772	hbo:1772	kite	similar	prior	0.5
H7201	hbo:7201	kite	H1676	hbo:1676	kite	similar	prior	0.5
H7202	hbo:7202	see	H7203	hbo:7203	seer	similar	prior	0.5
H7202	hbo:7202	see	H4759	hbo:4759	vision	similar	prior	0.5
H7203	hbo:7203	seer	H2374	hbo:2374	seer	similar	high	0.969
H7203	hbo:7203	seer	H5030	hbo:5030	prophet	similar	high	0.888
H7206	hbo:7206	Reubenite[s]	H1425	hbo:1425	Gadite[s]	similar	high	1.0
H7206	hbo:7206	Reubenite[s]	H2677	hbo:2677	the.half	similar	high	0.743
H7206	hbo:7206	Reubenite[s]	H7626	hbo:7626	the.tribes	similar	prior	0.5
H7207	hbo:7207	the.sight	H7583	hbo:7583	[was].gazing	similar	prior	0.6
H7207	hbo:7207	the.sight	H7209	hbo:7209	a.mirror	similar	prior	0.5
H7207	hbo:7207	the.sight	H7203	hbo:7203	seer	similar	prior	0.5
H7207	hbo:7207	the.sight	H7202	hbo:7202	see	similar	prior	0.5
H7207	hbo:7207	the.sight	H7200	hbo:7200	see	similar	prior	0.5
H7207	hbo:7207	the.sight	H4758	hbo:4758	appearance	similar	prior	0.5
H7207	hbo:7207	the.sight	H7210	hbo:7210	of.appearance	similar	prior	0.5
H7207	hbo:7207	the.sight	H4759	hbo:4759	vision	similar	prior	0.5
H7209	hbo:7209	a.mirror	H7203	hbo:7203	seer	similar	prior	0.5
H7209	hbo:7209	a.mirror	H4759	hbo:4759	vision	similar	prior	0.5
H7209	hbo:7209	a.mirror	H7202	hbo:7202	see	similar	prior	0.5
H7210	hbo:7210	of.appearance	H4758	hbo:4758	appearance	similar	high	0.755
H7210	hbo:7210	of.appearance	H7202	hbo:7202	see	similar	prior	0.5
H7210	hbo:7210	of.appearance	H7203	hbo:7203	seer	similar	prior	0.5
H7210	hbo:7210	of.appearance	H7209	hbo:7209	a.mirror	similar	prior	0.5
H7210	hbo:7210	of.appearance	H4759	hbo:4759	vision	similar	prior	0.5
H7210	hbo:7210	of.appearance	H8389	hbo:8389	of.form	similar	high	0.486
H7213	hbo:7213	it.will.rise	H7215	hbo:7215	corals	similar	prior	0.5
H7213	hbo:7213	it.will.rise	H7214	hbo:7214	of.a.wild.ox	similar	prior	0.5
H7214	hbo:7214	of.a.wild.ox	H7215	hbo:7215	corals	similar	prior	0.5
H7218	hbo:7218	head	H6936	hbo:6936	of.his.head	similar	high	0.793
H7218	hbo:7218	head	H5387	hbo:5387	prince	similar	high	0.74
H7218	hbo:7218	head	H7991	hbo:7991	officers	similar	high	0.678
H7218	hbo:7218	head	H8269	hbo:8269	officials	similar	high	0.672
H7218	hbo:7218	head	H2205	hbo:2205	the.elders	similar	high	0.576
H7218	hbo:7218	head	H6788	hbo:6788	treetop	similar	prior	0.5
H7218	hbo:7218	head	H7222	hbo:7222	top	similar	prior	0.5
H7218	hbo:7218	head	H7223	hbo:7223	first	similar	prior	0.5
H7219	hbo:7219	poison	H3939	hbo:3939	wormwood	similar	high	0.839
H7221	hbo:7221	than	H7223	hbo:7223	first	similar	prior	0.5
H7221	hbo:7221	than	H7218	hbo:7218	head	similar	prior	0.5
H7221	hbo:7221	than	H7222	hbo:7222	top	similar	prior	0.5
H7221	hbo:7221	than	H7225	hbo:7225	the.first	similar	prior	0.5
H7223	hbo:7223	first	H0314	hbo:0314	latter	antonym	recall	0.706
H7223	hbo:7223	first	H1067	hbo:1067	firstborn	similar	prior	0.5
H7223	hbo:7223	first	H7218	hbo:7218	head	similar	prior	0.5
H7223	hbo:7223	first	H6933	hbo:6933	the	similar	prior	0.5
H7223	hbo:7223	first	H7222	hbo:7222	top	similar	prior	0.5
H7225	hbo:7225	the.first	H1061	hbo:1061	the.first-fruits	similar	high	0.892
H7225	hbo:7225	the.first	H7223	hbo:7223	first	similar	prior	0.6
H7225	hbo:7225	the.first	H4395	hbo:4395	produce	similar	prior	0.5
H7225	hbo:7225	the.first	H7218	hbo:7218	head	similar	prior	0.5
H7225	hbo:7225	the.first	H7222	hbo:7222	top	similar	prior	0.5
H7227	hbo:7227	many	H6099	hbo:6099	mighty	similar	high	1.0
H7227	hbo:7227	many	H7230	hbo:7230	abundance	similar	high	1.0
H7227	hbo:7227	many	H1419	hbo:1419	great	similar	high	0.759
H7227	hbo:7227	many	H4767	hbo:4767	much	similar	prior	0.6
H7227	hbo:7227	many	H4592	hbo:4592	a.little	antonym	recall	0.501
H7227	hbo:7227	many	H7227	hbo:7227a	[the].chief	similar	prior	0.5
H7227	hbo:7227	many	H7241	hbo:7241	showers	similar	prior	0.5
H7227	hbo:7227a	[the].chief	H4767	hbo:4767	much	similar	prior	0.6
H7227	hbo:7227a	[the].chief	H4392	hbo:4392	full	similar	prior	0.5
H7227	hbo:7227a	[the].chief	H7231	hbo:7231	they.are.many	similar	prior	0.5
H7227	hbo:7227a	[the].chief	H7230	hbo:7230	abundance	similar	prior	0.5
H7227	hbo:7227a	[the].chief	H7241	hbo:7241	showers	similar	prior	0.5
H7229	hbo:7229	great	H7690	hbo:7690	exceedingly	similar	high	1.0
H7230	hbo:7230	abundance	H7227	hbo:7227	many	similar	high	1.0
H7230	hbo:7230	abundance	H7231	hbo:7231	they.are.many	similar	prior	0.6
H7230	hbo:7230	abundance	H4393	hbo:4393	what	similar	prior	0.5
H7230	hbo:7230	abundance	H1420	hbo:1420	greatness	similar	prior	0.5
H7230	hbo:7230	abundance	H1995	hbo:1995	multitude	similar	prior	0.5
H7230	hbo:7230	abundance	H4768	hbo:4768	part	similar	prior	0.5
H7230	hbo:7230	abundance	H8229	hbo:8229	an.abundance	similar	prior	0.5
H7230	hbo:7230	abundance	H7241	hbo:7241	showers	similar	prior	0.5
H7230	hbo:7230	abundance	H4270	hbo:4270	lack	antonym	recall	0.44
H7231	hbo:7231	they.are.many	H1431	hbo:1431	he.grew.up	similar	high	0.635
H7232	hbo:7232	they.shot	H7231	hbo:7231	they.are.many	similar	prior	0.6
H7232	hbo:7232	they.shot	H7228	hbo:7228	archers	similar	prior	0.5
H7234	hbo:7234	I.have.spread	H4765	hbo:4765	coverings	similar	prior	0.5
H7235	hbo:7235	multiply	H6509	hbo:6509	be.fruitful	similar	high	0.757
H7235	hbo:7235	multiply	H4591	hbo:4591	who].made.little	antonym	recall	0.624
H7235	hbo:7235	multiply	H8635	hbo:8635	a.brood	similar	prior	0.6
H7235	hbo:7235	multiply	H1431	hbo:1431	he.grew.up	similar	prior	0.5
H7235	hbo:7235	multiply	H1432	hbo:1432	growing.up	similar	prior	0.5
H7235	hbo:7235	multiply	H4768	hbo:4768	part	similar	prior	0.5
H7235	hbo:7235	multiply	H3254	hbo:3254	he.repeated	similar	prior	0.5
H7236	hbo:7236	it.grew.great	H7238	hbo:7238	the	similar	prior	0.5
H7238	hbo:7238	the	H7229	hbo:7229	great	similar	prior	0.5
H7238	hbo:7238	the	H1420	hbo:1420	greatness	similar	prior	0.5
H7241	hbo:7241	showers	H4306	hbo:4306	rain	similar	high	0.793
H7241	hbo:7241	showers	H1653	hbo:1653	rain	similar	high	0.749
H7241	hbo:7241	showers	H4456	hbo:4456	spring.rain	similar	high	0.681
H7241	hbo:7241	showers	H4305	hbo:4305	he.rained.down	similar	prior	0.5
H7241	hbo:7241	showers	H7231	hbo:7231	they.are.many	similar	prior	0.5
H7250	hbo:7250	lie	H7903	hbo:7903	copulation	similar	high	0.706
H7250	hbo:7250	lie	H7252	hbo:7252	my.lying	similar	prior	0.5
H7251	hbo:7251	square	H5696	hbo:5696	round	antonym	recall	0.781
H7251	hbo:7251	square	H7255	hbo:7255	the.fourth.part	similar	prior	0.5
H7251	hbo:7251	square	H7256	hbo:7256	a.fourth.generation	similar	prior	0.5
H7253	hbo:7253	sides	H7251	hbo:7251	square	similar	high	0.855
H7253	hbo:7253	sides	H7255	hbo:7255	the.fourth.part	similar	prior	0.6
H7253	hbo:7253	sides	H2677	hbo:2677	the.half	similar	prior	0.5
H7256	hbo:7256	a.fourth.generation	H8029	hbo:8029	a.third.generation	similar	high	1.0
H7256	hbo:7256	a.fourth.generation	H7255	hbo:7255	the.fourth.part	similar	prior	0.5
H7256	hbo:7256	a.fourth.generation	H7253	hbo:7253	sides	similar	prior	0.5
H7257	hbo:7257	they.will.lie.down	H3427	hbo:3427	the.inhabitants	similar	prior	0.5
H7258	hbo:7258	place	H7257	hbo:7257	they.will.lie.down	similar	high	0.655
H7258	hbo:7258	place	H4908	hbo:4908	tabernacle	similar	prior	0.5
H7258	hbo:7258	place	H4583	hbo:4583	a.habitation	similar	prior	0.5
H7261	hbo:7261	nobles	H7229	hbo:7229	great	similar	prior	0.5
H7264	hbo:7264	they.trembled	H7493	hbo:7493	it.quaked	similar	high	0.807
H7264	hbo:7264	they.trembled	H6342	hbo:6342	they.will.be.in.dread	similar	prior	0.5
H7264	hbo:7264	they.trembled	H7269	hbo:7269	trembling	similar	prior	0.5
H7264	hbo:7264	they.trembled	H0712	hbo:0712	box	similar	prior	0.5
H7264	hbo:7264	they.trembled	H7268	hbo:7268	trembling	similar	prior	0.5
H7266	hbo:7266	rage	H7265	hbo:7265	they.enraged	similar	prior	0.5
H7267	hbo:7267	turmoil	H2740	hbo:2740	the.burning	similar	prior	0.5
H7267	hbo:7267	turmoil	H0712	hbo:0712	box	similar	prior	0.5
H7267	hbo:7267	turmoil	H7264	hbo:7264	they.trembled	similar	prior	0.5
H7267	hbo:7267	turmoil	H7269	hbo:7269	trembling	similar	prior	0.5
H7267	hbo:7267	turmoil	H7268	hbo:7268	trembling	similar	prior	0.5
H7268	hbo:7268	trembling	H0712	hbo:0712	box	similar	prior	0.5
H7269	hbo:7269	trembling	H0712	hbo:0712	box	similar	prior	0.5
H7269	hbo:7269	trembling	H7268	hbo:7268	trembling	similar	prior	0.5
H7270	hbo:7270	spy.out	H8446	hbo:8446	spy.out	similar	high	0.924
H7270	hbo:7270	spy.out	H2713	hbo:2713	explore	similar	prior	0.5
H7270	hbo:7270	spy.out	H2658	hbo:2658	they.dug	similar	prior	0.5
H7270	hbo:7270	spy.out	H4772	hbo:4772	feet	similar	prior	0.5
H7270	hbo:7270	spy.out	H7273	hbo:7273	foot.soldier[s]	similar	prior	0.5
H7271	hbo:7271	feet	H7272	hbo:7272	feet	similar	prior	0.6
H7271	hbo:7271	feet	H7273	hbo:7273	foot.soldier[s]	similar	prior	0.6
H7272	hbo:7272	feet	H5275	hbo:5275	sandals	similar	high	0.738
H7272	hbo:7272	feet	H3709	hbo:3709	palms	similar	high	0.71
H7272	hbo:7272	feet	H1916	hbo:1916	the.footstool	similar	high	0.666
H7272	hbo:7272	feet	H7273	hbo:7273	foot.soldier[s]	similar	prior	0.6
H7272	hbo:7272	feet	H6119	hbo:6119	[the].heels	similar	high	0.544
H7272	hbo:7272	feet	H6805	hbo:6805	marched	similar	prior	0.5
H7272	hbo:7272	feet	H7785	hbo:7785	the.thigh	similar	prior	0.5
H7272	hbo:7272	feet	H0676	hbo:0676	finger	similar	prior	0.5
H7272	hbo:7272	feet	H0931	hbo:0931	the.thumb	similar	prior	0.5
H7272	hbo:7272	feet	H6471	hbo:6471	times	similar	prior	0.5
H7272	hbo:7272	feet	H8571	hbo:8571	the.lobe	similar	prior	0.5
H7272	hbo:7272	feet	H6806	hbo:6806	steps	similar	prior	0.5
H7272	hbo:7272	feet	H4703	hbo:4703	[the].steps	similar	prior	0.5
H7272	hbo:7272	feet	H6446	hbo:6446	the.palms.and.soles	similar	prior	0.5
H7272	hbo:7272	feet	H7270	hbo:7270	spy.out	similar	prior	0.5
H7272	hbo:7272	feet	H4772	hbo:4772	feet	similar	prior	0.5
H7273	hbo:7273	foot.soldier[s]	H6571	hbo:6571	horsemen	antonym	recall	0.585
H7273	hbo:7273	foot.soldier[s]	H7393	hbo:7393	chariotry	antonym	recall	0.577
H7273	hbo:7273	foot.soldier[s]	H4772	hbo:4772	feet	similar	prior	0.5
H7275	hbo:7275	they.stoned	H5619	hbo:5619	they	similar	high	0.755
H7275	hbo:7275	they.stoned	H4773	hbo:4773	a.sling	similar	prior	0.5
H7275	hbo:7275	they.stoned	H7277	hbo:7277	of.stones	similar	prior	0.5
H7279	hbo:7279	you.murmured	H8519	hbo:8519	grumblings	similar	prior	0.5
H7280	hbo:7280	[who].stirs.up	H8252	hbo:8252	it.was.at.peace	similar	high	0.63
H7280	hbo:7280	[who].stirs.up	H7599	hbo:7599	he.will.be.at.ease	similar	prior	0.5
H7280	hbo:7280	[who].stirs.up	H5117	hbo:5117	he	similar	prior	0.5
H7280	hbo:7280	[who].stirs.up	H4771	hbo:4771	rest	similar	prior	0.5
H7281	hbo:7281	a.moment	H7280	hbo:7280	[who].stirs.up	similar	prior	0.5
H7282	hbo:7282	[the].quiet.[people]	H4771	hbo:4771	rest	similar	prior	0.5
H7282	hbo:7282	[the].quiet.[people]	H4774	hbo:4774	place.of.rest	similar	prior	0.5
H7282	hbo:7282	[the].quiet.[people]	H7280	hbo:7280	[who].stirs.up	similar	prior	0.5
H7283	hbo:7283	do.they.plot	H7285	hbo:7285	a.crowd	similar	prior	0.6
H7284	hbo:7284	they.came.as.a.crowd	H7283	hbo:7283	do.they.plot	similar	prior	0.6
H7284	hbo:7284	they.came.as.a.crowd	H7285	hbo:7285	a.crowd	similar	prior	0.6
H7286	hbo:7286	he.hammered.out	H3533	hbo:3533	it.will.be.subdued	similar	prior	0.5
H7286	hbo:7286	he.hammered.out	H7554	hbo:7554	[who].beat.out	similar	prior	0.5
H7287	hbo:7287	ruled	H7980	hbo:7980	he	similar	prior	0.5
H7287	hbo:7287	ruled	H4427	hbo:4427	he.reigned	similar	prior	0.5
H7287	hbo:7287	ruled	H8323	hbo:8323	ruling	similar	prior	0.5
H7287	hbo:7287	ruled	H4910	hbo:4910	he.will.rule	similar	prior	0.5
H7289	hbo:7289	shawls	H6809	hbo:6809	veil	similar	prior	0.5
H7289	hbo:7289	shawls	H7286	hbo:7286	he.hammered.out	similar	prior	0.5
H7290	hbo:7290	[was].sleeping	H8639	hbo:8639	deep.sleep	similar	prior	0.6
H7290	hbo:7290	[was].sleeping	H3364	hbo:3364	he.awoke	antonym	recall	0.438
H7291	hbo:7291	they.pursued	H5381	hbo:5381	it.will.reach	similar	high	0.617
H7291	hbo:7291	they.pursued	H5127	hbo:5127	they.fled	antonym	recall	0.565
H7291	hbo:7291	they.pursued	H1272	hbo:1272	he.fled	antonym	recall	0.511
H7291	hbo:7291	they.pursued	H1692	hbo:1692	it.clings	similar	prior	0.5
H7291	hbo:7291	they.pursued	H4783	hbo:4783	persecution	similar	prior	0.5
H7295	hbo:7295	proud.people	H7292	hbo:7292	they.will.act.insolently	similar	prior	0.5
H7296	hbo:7296	pride	H7295	hbo:7295	proud.people	similar	prior	0.5
H7296	hbo:7296	pride	H7292	hbo:7292	they.will.act.insolently	similar	prior	0.5
H7300	hbo:7300	you.will.be.restless	H4788	hbo:4788	homeless.people	similar	prior	0.6
H7301	hbo:7301	I	H7302	hbo:7302	watered	similar	high	0.762
H7301	hbo:7301	I	H8248	hbo:8248	water	similar	prior	0.5
H7301	hbo:7301	I	H7377	hbo:7377	moisture	similar	prior	0.5
H7301	hbo:7301	I	H7310	hbo:7310	[is].saturation	similar	prior	0.5
H7302	hbo:7302	watered	H7301	hbo:7301	I	similar	high	0.762
H7302	hbo:7302	watered	H3892	hbo:3892	fresh	similar	prior	0.5
H7302	hbo:7302	watered	H8248	hbo:8248	water	similar	high	0.457
H7304	hbo:7304	it.was.relief	H7305	hbo:7305	relief	similar	prior	0.6
H7305	hbo:7305	relief	H7304	hbo:7304	it.was.relief	similar	prior	0.5
H7305	hbo:7305	relief	H7309	hbo:7309	respite	similar	prior	0.5
H7306	hbo:7306a	they	H7381	hbo:7381	an.odor	similar	high	0.744
H7306	hbo:7306a	they	H7307	hbo:7307	spirit	similar	prior	0.5
H7307	hbo:7307	spirit	H5591	hbo:5591a	a.tempest	similar	high	0.76
H7307	hbo:7307	spirit	H5397	hbo:5397	breath	similar	high	0.745
H7307	hbo:7307	spirit	H5380	hbo:5380	he.drove.away	similar	high	0.613
H7307	hbo:7307	spirit	H5475	hbo:5475	counsel	similar	prior	0.5
H7307	hbo:7307	spirit	H6315	hbo:6315	it.will.breathe	similar	prior	0.5
H7307	hbo:7307	spirit	H6921	hbo:6921	eastward	similar	prior	0.5
H7307	hbo:7307	spirit	H5492	hbo:5492	a.storm-wind	similar	prior	0.5
H7307	hbo:7307	spirit	H5086	hbo:5086	driven.about	similar	prior	0.5
H7307	hbo:7307	spirit	H8185	hbo:8185	of.the.hair[s]	similar	prior	0.5
H7307	hbo:7307	spirit	H5315	hbo:5315	self	similar	prior	0.5
H7307	hbo:7307	spirit	H2385	hbo:2385	storm	similar	prior	0.5
H7307	hbo:7307	spirit	H3824	hbo:3824	heart	similar	prior	0.5
H7308	hbo:7308	a.spirit	H7382	hbo:7382	smell	similar	prior	0.5
H7309	hbo:7309	respite	H7305	hbo:7305	relief	similar	prior	0.6
H7309	hbo:7309	respite	H7304	hbo:7304	it.was.relief	similar	prior	0.5
H7310	hbo:7310	[is].saturation	H7302	hbo:7302	watered	similar	prior	0.5
H7311	hbo:7311	you.will.offer.up	H4791	hbo:4791	a.high.place	similar	high	0.973
H7311	hbo:7311	you.will.offer.up	H1361	hbo:1361	it.was.haughty	similar	high	0.831
H7311	hbo:7311	you.will.offer.up	H7682	hbo:7682	[is].exalted	similar	high	0.77
H7311	hbo:7311	you.will.offer.up	H5131	hbo:5131	of.height	similar	prior	0.6
H7311	hbo:7311	you.will.offer.up	H8213	hbo:8213	it.will.become.low	antonym	recall	0.562
H7311	hbo:7311	you.will.offer.up	H5068	hbo:5068	make.a.contribution	similar	prior	0.5
H7311	hbo:7311	you.will.offer.up	H7427	hbo:7427	arising	similar	prior	0.5
H7311	hbo:7311	you.will.offer.up	H7413	hbo:7413	place	similar	prior	0.5
H7311	hbo:7311	you.will.offer.up	H7312	hbo:7312	[the].haughtiness	similar	prior	0.5
H7311	hbo:7311	you.will.offer.up	H8641	hbo:8641	the.contribution	similar	prior	0.5
H7311	hbo:7311	you.will.offer.up	H7315	hbo:7315	height	similar	prior	0.5
H7311	hbo:7311	you.will.offer.up	H7415	hbo:7415	a.maggot	similar	prior	0.5
H7311	hbo:7311	you.will.offer.up	H8642	hbo:8642	a.contribution	similar	prior	0.5
H7311	hbo:7311	you.will.offer.up	H7419	hbo:7419	height	similar	prior	0.5
H7311	hbo:7311	you.will.offer.up	H7318	hbo:7318	exaltation	similar	prior	0.5
H7312	hbo:7312	[the].haughtiness	H7311	hbo:7311	you.will.offer.up	similar	prior	0.6
H7312	hbo:7312	[the].haughtiness	H5131	hbo:5131	of.height	similar	prior	0.6
H7312	hbo:7312	[the].haughtiness	H1343	hbo:1343	proud.[people]	similar	prior	0.5
H7312	hbo:7312	[the].haughtiness	H7413	hbo:7413	place	similar	prior	0.5
H7312	hbo:7312	[the].haughtiness	H7427	hbo:7427	arising	similar	prior	0.5
H7313	hbo:7313	lifting.up	H7314	hbo:7314	height	similar	prior	0.5
H7315	hbo:7315	height	H4791	hbo:4791	a.high.place	similar	prior	0.6
H7315	hbo:7315	height	H7312	hbo:7312	[the].haughtiness	similar	prior	0.6
H7315	hbo:7315	height	H5131	hbo:5131	of.height	similar	prior	0.6
H7315	hbo:7315	height	H7311	hbo:7311	you.will.offer.up	similar	prior	0.6
H7315	hbo:7315	height	H8641	hbo:8641	the.contribution	similar	prior	0.5
H7315	hbo:7315	height	H7318	hbo:7318	exaltation	similar	prior	0.5
H7315	hbo:7315	height	H7413	hbo:7413	place	similar	prior	0.5
H7315	hbo:7315	height	H8642	hbo:8642	a.contribution	similar	prior	0.5
H7315	hbo:7315	height	H7427	hbo:7427	arising	similar	prior	0.5
H7318	hbo:7318	exaltation	H7311	hbo:7311	you.will.offer.up	similar	prior	0.6
H7318	hbo:7318	exaltation	H8642	hbo:8642	a.contribution	similar	prior	0.5
H7318	hbo:7318	exaltation	H7413	hbo:7413	place	similar	prior	0.5
H7318	hbo:7318	exaltation	H7312	hbo:7312	[the].haughtiness	similar	prior	0.5
H7318	hbo:7318	exaltation	H7427	hbo:7427	arising	similar	prior	0.5
H7321	hbo:7321	shout.for.joy	H8643	hbo:8643	a.shout	similar	high	1.0
H7321	hbo:7321	shout.for.joy	H7442	hbo:7442	shout.for.joy	similar	high	0.889
H7321	hbo:7321	shout.for.joy	H2199	hbo:2199	they.cried.out	similar	high	0.83
H7321	hbo:7321	shout.for.joy	H6670	hbo:6670	cry.aloud	similar	prior	0.5
H7323	hbo:7323	he.ran	H1980	hbo:1980	go	similar	high	0.755
H7323	hbo:7323	he.ran	H2363	hbo:2363	make	similar	prior	0.5
H7323	hbo:7323	he.ran	H4794	hbo:4794	the.running	similar	prior	0.5
H7323	hbo:7323	he.ran	H4793	hbo:4793	race	similar	prior	0.5
H7324	hbo:7324a	I.will.draw	H8210	hbo:8210	pour.out	similar	high	0.641
H7324	hbo:7324a	I.will.draw	H7385	hbo:7385	emptiness	similar	prior	0.6
H7324	hbo:7324a	I.will.draw	H7386	hbo:7386	empty	similar	prior	0.6
H7326	hbo:7326	[one.who.is].poor	H1800	hbo:1800	poor.[people]	similar	high	1.0
H7326	hbo:7326	[one.who.is].poor	H6223	hbo:6223	a.rich.[person]	antonym	recall	0.804
H7326	hbo:7326	[one.who.is].poor	H6238	hbo:6238	gain.riches	antonym	recall	0.651
H7329	hbo:7329	it.will.be.made.lean	H7330	hbo:7330	lean	similar	prior	0.5
H7329	hbo:7329	it.will.be.made.lean	H7332	hbo:7332	leanness	similar	prior	0.5
H7329	hbo:7329	it.will.be.made.lean	H7334	hbo:7334	leanness	similar	prior	0.5
H7330	hbo:7330	lean	H7334	hbo:7334	leanness	similar	prior	0.6
H7330	hbo:7330	lean	H7329	hbo:7329	it.will.be.made.lean	similar	prior	0.6
H7332	hbo:7332	leanness	H7334	hbo:7334	leanness	similar	prior	0.6
H7332	hbo:7332	leanness	H7330	hbo:7330	lean	similar	prior	0.6
H7332	hbo:7332	leanness	H7329	hbo:7329	it.will.be.made.lean	similar	prior	0.6
H7333	hbo:7333	of.a.ruler	H7336	hbo:7336	rulers	similar	prior	0.5
H7334	hbo:7334	leanness	H7329	hbo:7329	it.will.be.made.lean	similar	prior	0.6
H7336	hbo:7336	rulers	H8269	hbo:8269	officials	similar	prior	0.5
H7337	hbo:7337	you.enlarge	H4800	hbo:4800	place	similar	high	0.705
H7337	hbo:7337	you.enlarge	H6473	hbo:6473	it.will.open.wide	similar	high	0.595
H7337	hbo:7337	you.enlarge	H6887	hbo:6887	it.is.distress	antonym	recall	0.502
H7338	hbo:7338	a.broad.space	H7337	hbo:7337	you.enlarge	similar	prior	0.6
H7338	hbo:7338	a.broad.space	H7341	hbo:7341	breadth	similar	prior	0.6
H7338	hbo:7338	a.broad.space	H4800	hbo:4800	place	similar	prior	0.5
H7338	hbo:7338	a.broad.space	H7339	hbo:7339	the.open.place	similar	prior	0.5
H7338	hbo:7338	a.broad.space	H7342	hbo:7342	broad	similar	prior	0.5
H7339	hbo:7339	the.open.place	H7784	hbo:7784	street	similar	high	0.678
H7339	hbo:7339	the.open.place	H2351	hbo:2351	outside	similar	high	0.667
H7339	hbo:7339	the.open.place	H7337	hbo:7337	you.enlarge	similar	prior	0.5
H7341	hbo:7341	breadth	H0753	hbo:0753	length	similar	high	1.0
H7341	hbo:7341	breadth	H6967	hbo:6967	height	similar	high	1.0
H7341	hbo:7341	breadth	H7337	hbo:7337	you.enlarge	similar	prior	0.6
H7341	hbo:7341	breadth	H7342	hbo:7342	broad	similar	prior	0.5
H7341	hbo:7341	breadth	H7339	hbo:7339	the.open.place	similar	prior	0.5
H7342	hbo:7342	broad	H7337	hbo:7337	you.enlarge	similar	high	0.701
H7342	hbo:7342	broad	H7338	hbo:7338	a.broad.space	similar	prior	0.6
H7342	hbo:7342	broad	H7341	hbo:7341	breadth	similar	prior	0.6
H7342	hbo:7342	broad	H7339	hbo:7339	the.open.place	similar	prior	0.5
H7347	hbo:7347	a.hand-mill	H2912	hbo:2912	I.ground.[it]	similar	high	0.632
H7347	hbo:7347	a.hand-mill	H6400	hbo:6400	a.mill-stone	similar	prior	0.5
H7349	hbo:7349	compassionate	H2587	hbo:2587	gracious	similar	high	1.0
H7349	hbo:7349	compassionate	H2617	hbo:2617	loyalty	similar	high	0.712
H7349	hbo:7349	compassionate	H7358	hbo:7358	womb	similar	prior	0.5
H7349	hbo:7349	compassionate	H7355	hbo:7355	I	similar	prior	0.5
H7349	hbo:7349	compassionate	H7362	hbo:7362	compassionate	similar	prior	0.5
H7350	hbo:7350	a.distance	H7368	hbo:7368	be.distant	similar	high	1.0
H7350	hbo:7350	a.distance	H4801	hbo:4801	a.distance	similar	high	1.0
H7350	hbo:7350	a.distance	H7138	hbo:7138	near	antonym	recall	0.691
H7351	hbo:7351	rafters	H7298	hbo:7298	troughs	similar	prior	0.5
H7355	hbo:7355	I	H2603	hbo:2603	show	similar	high	0.949
H7355	hbo:7355	I	H2550	hbo:2550	I.will.show.pity	similar	high	0.821
H7355	hbo:7355	I	H7349	hbo:7349	compassionate	similar	prior	0.6
H7355	hbo:7355	I	H7362	hbo:7362	compassionate	similar	prior	0.6
H7355	hbo:7355	I	H7358	hbo:7358	womb	similar	prior	0.5
H7356	hbo:7356	compassion(s)	H2617	hbo:2617	loyalty	similar	high	0.999
H7358	hbo:7358	womb	H0990	hbo:0990	belly	similar	high	0.727
H7358	hbo:7358	womb	H7356	hbo:7356	compassion(s)	similar	prior	0.6
H7361	hbo:7361	a.womb	H7355	hbo:7355	I	similar	prior	0.5
H7361	hbo:7361	a.womb	H7349	hbo:7349	compassionate	similar	prior	0.5
H7361	hbo:7361	a.womb	H7356	hbo:7356	compassion(s)	similar	prior	0.5
H7361	hbo:7361	a.womb	H7362	hbo:7362	compassionate	similar	prior	0.5
H7361	hbo:7361	a.womb	H7358	hbo:7358	womb	similar	prior	0.5
H7362	hbo:7362	compassionate	H7349	hbo:7349	compassionate	similar	prior	0.6
H7362	hbo:7362	compassionate	H7356	hbo:7356	compassion(s)	similar	prior	0.5
H7362	hbo:7362	compassionate	H7358	hbo:7358	womb	similar	prior	0.5
H7363	hbo:7363	it.hovers	H1675	hbo:1675	it.swoops.down	similar	high	0.554
H7363	hbo:7363	it.hovers	H6335	hbo:6335	they.paw.the.ground	similar	prior	0.5
H7363	hbo:7363	it.hovers	H5860	hbo:5860	it.rushed	similar	prior	0.5
H7364	hbo:7364	he.will.wash	H3526	hbo:3526	he.will.wash	similar	high	1.0
H7364	hbo:7364	he.will.wash	H2891	hbo:2891	he.will.be.pure	similar	high	0.843
H7366	hbo:7366	my.washing	H7364	hbo:7364	he.will.wash	similar	prior	0.6
H7367	hbo:7367	washing	H7364	hbo:7364	he.will.wash	similar	prior	0.5
H7367	hbo:7367	washing	H7366	hbo:7366	my.washing	similar	prior	0.5
H7368	hbo:7368	be.distant	H7350	hbo:7350	a.distance	similar	high	1.0
H7368	hbo:7368	be.distant	H7138	hbo:7138	near	antonym	recall	0.579
H7369	hbo:7369	[people].far	H4801	hbo:4801	a.distance	similar	prior	0.5
H7369	hbo:7369	[people].far	H7368	hbo:7368	be.distant	similar	prior	0.5
H7369	hbo:7369	[people].far	H7350	hbo:7350	a.distance	similar	prior	0.5
H7370	hbo:7370	it.is.aroused	H4802	hbo:4802	of.a.baking.pan	similar	prior	0.5
H7373	hbo:7373	[is].a.fresh.[plant]	H7372	hbo:7372	they.are.wet	similar	prior	0.5
H7376	hbo:7376	they.will.be.dashed.in.pieces	H5310	hbo:5310a	it.was.scattered	similar	prior	0.5
H7377	hbo:7377	moisture	H7302	hbo:7302	watered	similar	prior	0.6
H7377	hbo:7377	moisture	H7310	hbo:7310	[is].saturation	similar	prior	0.5
H7378	hbo:7378	conduct.a.case	H7379	hbo:7379	case	similar	high	1.0
H7378	hbo:7378	conduct.a.case	H8199	hbo:8199	judges	similar	high	0.842
H7378	hbo:7378	conduct.a.case	H1777	hbo:1777	he.will.judge	similar	prior	0.5
H7378	hbo:7378	conduct.a.case	H1566	hbo:1566	he.breaks.out	similar	prior	0.5
H7378	hbo:7378	conduct.a.case	H4808	hbo:4808	strife	similar	prior	0.5
H7379	hbo:7379	case	H7378	hbo:7378	conduct.a.case	similar	high	1.0
H7379	hbo:7379	case	H4066	hbo:4066	strife	similar	high	0.685
H7381	hbo:7381	an.odor	H5207	hbo:5207	of.soothing	similar	high	1.0
H7381	hbo:7381	an.odor	H7382	hbo:7382	smell	similar	prior	0.6
H7381	hbo:7381	an.odor	H7307	hbo:7307	spirit	similar	prior	0.5
H7385	hbo:7385	emptiness	H8414	hbo:8414	emptiness	similar	high	0.702
H7385	hbo:7385	emptiness	H7386	hbo:7386	empty	similar	prior	0.6
H7385	hbo:7385	emptiness	H1892	hbo:1892	[is].futility	similar	prior	0.5
H7385	hbo:7385	emptiness	H7324	hbo:7324a	I.will.draw	similar	prior	0.5
H7386	hbo:7386	empty	H7385	hbo:7385	emptiness	similar	prior	0.5
H7386	hbo:7386	empty	H7324	hbo:7324a	I.will.draw	similar	prior	0.5
H7386	hbo:7386	empty	H8082	hbo:8082	fertile	antonym	recall	0.368
H7388	hbo:7388	spittle	H7325	hbo:7325a	it.has.secreted	similar	prior	0.5
H7389	hbo:7389	poverty	H7326	hbo:7326	[one.who.is].poor	similar	high	0.868
H7389	hbo:7389	poverty	H0491	hbo:0491	her.widowhood	similar	prior	0.6
H7390	hbo:7390	weak	H7401	hbo:7401	it.was.soft	similar	prior	0.6
H7390	hbo:7390	weak	H6031	hbo:6031b	of.singing	similar	prior	0.5
H7390	hbo:7390	weak	H7391	hbo:7391	gentleness	similar	prior	0.5
H7390	hbo:7390	weak	H7186	hbo:7186	hard	antonym	recall	0.398
H7391	hbo:7391	gentleness	H6026	hbo:6026	you.will.take.delight	similar	prior	0.5
H7392	hbo:7392	rider	H7393	hbo:7393	chariotry	similar	high	1.0
H7392	hbo:7392	rider	H5483	hbo:5483	horses	similar	high	0.965
H7392	hbo:7392	rider	H6571	hbo:6571	horsemen	similar	high	0.804
H7392	hbo:7392	rider	H5980	hbo:5980	to	similar	prior	0.5
H7392	hbo:7392	rider	H5130	hbo:5130	he.will.wave	similar	prior	0.5
H7392	hbo:7392	rider	H7396	hbo:7396	riding	similar	prior	0.5
H7392	hbo:7392	rider	H7395	hbo:7395	charioteer	similar	prior	0.5
H7393	hbo:7393	chariotry	H6571	hbo:6571	horsemen	similar	high	1.0
H7393	hbo:7393	chariotry	H5483	hbo:5483	horses	similar	high	1.0
H7393	hbo:7393	chariotry	H7392	hbo:7392	rider	similar	high	1.0
H7393	hbo:7393	chariotry	H4818	hbo:4818	chariot	similar	high	1.0
H7393	hbo:7393	chariotry	H4817	hbo:4817	chariotry	similar	high	0.946
H7393	hbo:7393	chariotry	H7395	hbo:7395	charioteer	similar	prior	0.6
H7393	hbo:7393	chariotry	H7273	hbo:7273	foot.soldier[s]	antonym	recall	0.577
H7393	hbo:7393	chariotry	H7396	hbo:7396	riding	similar	prior	0.5
H7395	hbo:7395	charioteer	H4818	hbo:4818	chariot	similar	prior	0.5
H7396	hbo:7396	riding	H7395	hbo:7395	charioteer	similar	prior	0.5
H7396	hbo:7396	riding	H4818	hbo:4818	chariot	similar	prior	0.5
H7398	hbo:7398	chariot	H7396	hbo:7396	riding	similar	prior	0.5
H7398	hbo:7398	chariot	H7395	hbo:7395	charioteer	similar	prior	0.5
H7398	hbo:7398	chariot	H4818	hbo:4818	chariot	similar	prior	0.5
H7398	hbo:7398	chariot	H4817	hbo:4817	chariotry	similar	prior	0.5
H7398	hbo:7398	chariot	H7392	hbo:7392	rider	similar	prior	0.5
H7398	hbo:7398	chariot	H7393	hbo:7393	chariotry	similar	prior	0.5
H7399	hbo:7399	property	H4735	hbo:4735	livestock	similar	high	0.83
H7399	hbo:7399	property	H7075	hbo:7075	property	similar	high	0.777
H7399	hbo:7399	property	H2633	hbo:2633	wealth	similar	prior	0.5
H7399	hbo:7399	property	H6239	hbo:6239	wealth	similar	prior	0.5
H7399	hbo:7399	property	H2428	hbo:2428	of.strength	similar	prior	0.5
H7399	hbo:7399	property	H5233	hbo:5233	riches	similar	prior	0.5
H7399	hbo:7399	property	H1952	hbo:1952	wealth	similar	prior	0.5
H7400	hbo:7400	slander	H5372	hbo:5372	a.slanderer	similar	prior	0.5
H7400	hbo:7400	slander	H3960	hbo:3960	slander	similar	prior	0.5
H7400	hbo:7400	slander	H1681	hbo:1681	[the].whispering	similar	prior	0.5
H7400	hbo:7400	slander	H4819	hbo:4819	your.market	similar	prior	0.5
H7401	hbo:7401	it.was.soft	H0553	hbo:0553	be.bold	antonym	recall	0.55
H7401	hbo:7401	it.was.soft	H4549	hbo:4549	it.melted	similar	prior	0.5
H7401	hbo:7401	it.was.soft	H4127	hbo:4127	it.melted	similar	prior	0.5
H7401	hbo:7401	it.was.soft	H4816	hbo:4816	despair	similar	prior	0.5
H7401	hbo:7401	it.was.soft	H7391	hbo:7391	gentleness	similar	prior	0.5
H7401	hbo:7401	it.was.soft	H7390	hbo:7390	weak	similar	prior	0.5
H7401	hbo:7401	it.was.soft	H7185	hbo:7185	they.stiffened	antonym	recall	0.489
H7402	hbo:7402	[were].your	H7404	hbo:7404	your.trade	similar	high	0.814
H7402	hbo:7402	[were].your	H5503	hbo:5503	traders	similar	high	0.696
H7402	hbo:7402	[were].your	H4819	hbo:4819	your.market	similar	prior	0.5
H7402	hbo:7402	[were].your	H7400	hbo:7400	slander	similar	prior	0.5
H7404	hbo:7404	your.trade	H5504	hbo:5504	profit	similar	prior	0.5
H7404	hbo:7404	your.trade	H4819	hbo:4819	your.market	similar	prior	0.5
H7404	hbo:7404	your.trade	H7400	hbo:7400	slander	similar	prior	0.5
H7406	hbo:7406	places	H7407	hbo:7407	conspiracies	similar	prior	0.5
H7406	hbo:7406	places	H7405	hbo:7405	they.will.bind	similar	prior	0.5
H7407	hbo:7407	conspiracies	H7405	hbo:7405	they.will.bind	similar	prior	0.5
H7408	hbo:7408	he.had.accumulated	H6238	hbo:6238	gain.riches	similar	prior	0.5
H7408	hbo:7408	he.had.accumulated	H0622	hbo:0622	they.gathered	similar	prior	0.5
H7408	hbo:7408	he.had.accumulated	H7069	hbo:7069	acquire	similar	prior	0.5
H7409	hbo:7409	steed[s]	H5483	hbo:5483	horses	similar	high	0.702
H7409	hbo:7409	steed[s]	H4818	hbo:4818	chariot	similar	high	0.579
H7409	hbo:7409	steed[s]	H7399	hbo:7399	property	similar	prior	0.5
H7409	hbo:7409	steed[s]	H7408	hbo:7408	he.had.accumulated	similar	prior	0.5
H7411	hbo:7411	he.has.thrown	H4820	hbo:4820	deceit	similar	prior	0.5
H7411	hbo:7411a	have	H2904	hbo:2904	he.hurled	similar	prior	0.5
H7411	hbo:7411a	have	H3576	hbo:3576	I.will.lie	similar	prior	0.5
H7411	hbo:7411a	have	H8266	hbo:8266	you.will.deal.falsely	similar	prior	0.5
H7411	hbo:7411a	have	H7993	hbo:7993	he.threw	similar	prior	0.5
H7413	hbo:7413	place	H5131	hbo:5131	of.height	similar	prior	0.6
H7413	hbo:7413	place	H7311	hbo:7311	you.will.offer.up	similar	prior	0.6
H7415	hbo:7415	a.maggot	H8438	hbo:8438	scarlet.stuff	similar	prior	0.5
H7416	hbo:7416	pomegranates	H8561	hbo:8561	palm.trees	similar	high	0.852
H7416	hbo:7416	pomegranates	H7799	hbo:7799	lilies	similar	prior	0.5
H7419	hbo:7419	height	H8642	hbo:8642	a.contribution	similar	prior	0.5
H7419	hbo:7419	height	H7315	hbo:7315	height	similar	prior	0.5
H7419	hbo:7419	height	H8641	hbo:8641	the.contribution	similar	prior	0.5
H7419	hbo:7419	height	H7413	hbo:7413	place	similar	prior	0.5
H7419	hbo:7419	height	H7427	hbo:7427	arising	similar	prior	0.5
H7419	hbo:7419	height	H4791	hbo:4791	a.high.place	similar	prior	0.5
H7419	hbo:7419	height	H7318	hbo:7318	exaltation	similar	prior	0.5
H7419	hbo:7419	height	H7312	hbo:7312	[the].haughtiness	similar	prior	0.5
H7420	hbo:7420	spears	H6793	hbo:6793a	body.shield	similar	high	0.821
H7420	hbo:7420	spears	H2595	hbo:2595	spear	similar	high	0.641
H7420	hbo:7420	spears	H2671	hbo:2671	arrows	similar	prior	0.5
H7420	hbo:7420	spears	H2719	hbo:2719	sword	similar	prior	0.5
H7423	hbo:7423	of.deceit	H4820	hbo:4820	deceit	similar	high	1.0
H7423	hbo:7423	of.deceit	H6102	hbo:6102	a.sluggard	similar	high	0.706
H7423	hbo:7423a	deceit	H4820	hbo:4820	deceit	similar	high	1.0
H7423	hbo:7423a	deceit	H8267	hbo:8267	falsehood	similar	high	0.777
H7423	hbo:7423a	deceit	H3577	hbo:3577	falsehood	similar	high	0.704
H7423	hbo:7423a	deceit	H8649	hbo:8649	deceitfulness	similar	prior	0.5
H7423	hbo:7423a	deceit	H7411	hbo:7411a	have	similar	prior	0.5
H7426	hbo:7426	they.rose	H7318	hbo:7318	exaltation	similar	prior	0.6
H7426	hbo:7426	they.rose	H7311	hbo:7311	you.will.offer.up	similar	prior	0.6
H7426	hbo:7426	they.rose	H7456	hbo:7456	it.was.hungry	similar	prior	0.5
H7426	hbo:7426	they.rose	H4743	hbo:4743	they.will.rot.away	similar	prior	0.5
H7426	hbo:7426	they.rose	H7415	hbo:7415	a.maggot	similar	prior	0.5
H7427	hbo:7427	arising	H7413	hbo:7413	place	similar	prior	0.5
H7429	hbo:7429	it	H0947	hbo:0947	kicking.about	similar	high	0.639
H7429	hbo:7429	it	H6231	hbo:6231	oppress	similar	prior	0.5
H7429	hbo:7429	it	H7602	hbo:7602	it.pants.for	similar	prior	0.5
H7429	hbo:7429	it	H1792	hbo:1792	they.are.crushed	similar	prior	0.5
H7430	hbo:7430	creeps	H7431	hbo:7431	thing	similar	high	1.0
H7430	hbo:7430	creeps	H8318	hbo:8318	thing	similar	high	0.928
H7431	hbo:7431	thing	H7430	hbo:7430	creeps	similar	high	1.0
H7431	hbo:7431	thing	H5775	hbo:5775	the.bird[s]	similar	high	1.0
H7431	hbo:7431	thing	H8318	hbo:8318	thing	similar	high	1.0
H7431	hbo:7431	thing	H0929	hbo:0929	livestock	similar	high	0.899
H7431	hbo:7431	thing	H2416	hbo:2416c	the.animal[s]	similar	high	0.88
H7431	hbo:7431	thing	H1709	hbo:1709	the.fish(es)	similar	high	0.801
H7438	hbo:7438	shouts	H7440	hbo:7440	a.shout.of.joy	similar	prior	0.5
H7440	hbo:7440	a.shout.of.joy	H7445	hbo:7445	a.cry.of.joy	similar	high	0.894
H7440	hbo:7440	a.shout.of.joy	H8342	hbo:8342	joy	similar	prior	0.5
H7440	hbo:7440	a.shout.of.joy	H8467	hbo:8467	supplication	similar	prior	0.5
H7442	hbo:7442	shout.for.joy	H1523	hbo:1523	let.it.be.glad	similar	high	1.0
H7442	hbo:7442	shout.for.joy	H6476	hbo:6476	break.forth	similar	high	0.861
H7442	hbo:7442	shout.for.joy	H6670	hbo:6670	cry.aloud	similar	high	0.844
H7442	hbo:7442	shout.for.joy	H8416	hbo:8416	praise	similar	high	0.823
H7442	hbo:7442	shout.for.joy	H1984	hbo:1984a	praise	similar	high	0.805
H7442	hbo:7442	shout.for.joy	H7438	hbo:7438	shouts	similar	prior	0.5
H7442	hbo:7442	shout.for.joy	H7443	hbo:7443	of.ostriches	similar	prior	0.5
H7443	hbo:7443	of.ostriches	H7438	hbo:7438	shouts	similar	prior	0.5
H7443	hbo:7443	of.ostriches	H7440	hbo:7440	a.shout.of.joy	similar	prior	0.5
H7445	hbo:7445	a.cry.of.joy	H7440	hbo:7440	a.shout.of.joy	similar	high	0.894
H7445	hbo:7445	a.cry.of.joy	H7442	hbo:7442	shout.for.joy	similar	high	0.875
H7445	hbo:7445	a.cry.of.joy	H8342	hbo:8342	joy	similar	prior	0.5
H7445	hbo:7445	a.cry.of.joy	H7438	hbo:7438	shouts	similar	prior	0.5
H7445	hbo:7445	a.cry.of.joy	H7443	hbo:7443	of.ostriches	similar	prior	0.5
H7451	hbo:7451	evil	H7455	hbo:7455	the.wickedness	similar	high	1.0
H7451	hbo:7451	evil	H7489	hbo:7489	it.was.displeasing	similar	high	1.0
H7451	hbo:7451	evil	H2896	hbo:2896	good	antonym	recall	0.723
H7451	hbo:7451	evil	H2896	hbo:2896b	good	antonym	recall	0.609
H7451	hbo:7451	evil	H7563	hbo:7563	of.wicked.[people]	similar	prior	0.5
H7451	hbo:7451	evil	H2555	hbo:2555	violence	similar	prior	0.5
H7451	hbo:7451b	evil	H7489	hbo:7489	it.was.displeasing	similar	high	1.0
H7451	hbo:7451b	evil	H7455	hbo:7455	the.wickedness	similar	high	1.0
H7451	hbo:7451b	evil	H2896	hbo:2896b	good	antonym	recall	0.738
H7451	hbo:7451b	evil	H6887	hbo:6887	it.is.distress	similar	prior	0.5
H7451	hbo:7451b	evil	H1100	hbo:1100	of.worthlessness	similar	prior	0.5
H7452	hbo:7452	shouting	H7482	hbo:7482	your.thunder	similar	prior	0.5
H7452	hbo:7452	shouting	H7321	hbo:7321	shout.for.joy	similar	prior	0.5
H7453	hbo:7453	neighbor	H7464	hbo:7464	companions	similar	prior	0.5
H7454	hbo:7454	thought[s]	H7469	hbo:7469	striving	similar	prior	0.5
H7454	hbo:7454	thought[s]	H7475	hbo:7475	[is].a.striving	similar	prior	0.5
H7455	hbo:7455	the.wickedness	H7451	hbo:7451	evil	similar	high	1.0
H7455	hbo:7455	the.wickedness	H7451	hbo:7451b	evil	similar	high	1.0
H7455	hbo:7455	the.wickedness	H2896	hbo:2896	good	antonym	recall	0.548
H7455	hbo:7455	the.wickedness	H7562	hbo:7562	wickedness	similar	prior	0.5
H7455	hbo:7455	the.wickedness	H5766	hbo:5766	injustice	similar	prior	0.5
H7456	hbo:7456	it.was.hungry	H7457	hbo:7457	hungry	similar	high	1.0
H7456	hbo:7456	it.was.hungry	H7646	hbo:7646	you.will.be.satisfied	antonym	recall	0.658
H7456	hbo:7456	it.was.hungry	H7459	hbo:7459	of.the.hunger	similar	prior	0.5
H7457	hbo:7457	hungry	H7456	hbo:7456	it.was.hungry	similar	high	1.0
H7457	hbo:7457	hungry	H7649	hbo:7649	satisfied	antonym	recall	0.564
H7457	hbo:7457	hungry	H6772	hbo:6772	thirst	similar	prior	0.5
H7458	hbo:7458	famine	H1698	hbo:1698	pestilence	similar	high	0.97
H7458	hbo:7458	famine	H7459	hbo:7459	of.the.hunger	similar	prior	0.6
H7458	hbo:7458	famine	H7647	hbo:7647	plenty	antonym	recall	0.554
H7458	hbo:7458	famine	H6587	hbo:6587	a.step	similar	prior	0.5
H7458	hbo:7458	famine	H7456	hbo:7456	it.was.hungry	similar	prior	0.5
H7461	hbo:7461a	trembling	H7460	hbo:7460	trembling	similar	prior	0.6
H7461	hbo:7461a	trembling	H8178	hbo:8178	shuddering	similar	prior	0.5
H7462	hbo:7462	they.will.graze	H7473	hbo:7473	shepherds	similar	high	0.943
H7462	hbo:7462	they.will.graze	H7471	hbo:7471	pasture	similar	prior	0.5
H7462	hbo:7462a	[one.who].associates.with	H7464	hbo:7464	companions	similar	prior	0.5
H7462	hbo:7462a	[one.who].associates.with	H7453	hbo:7453	neighbor	similar	prior	0.5
H7463	hbo:7463	the.friend	H7453	hbo:7453	neighbor	similar	prior	0.6
H7463	hbo:7463	the.friend	H7464	hbo:7464	companions	similar	prior	0.6
H7463	hbo:7463	the.friend	H7468	hbo:7468	[fem]	similar	prior	0.6
H7463	hbo:7463	the.friend	H0157	hbo:0157	love	similar	prior	0.5
H7463	hbo:7463	the.friend	H7474	hbo:7474	my.friend	similar	prior	0.5
H7463	hbo:7463	the.friend	H7462	hbo:7462a	[one.who].associates.with	similar	prior	0.5
H7464	hbo:7464	companions	H7453	hbo:7453	neighbor	similar	prior	0.6
H7464	hbo:7464	companions	H4828	hbo:4828	friend	similar	prior	0.6
H7464	hbo:7464	companions	H7462	hbo:7462	they.will.graze	similar	prior	0.5
H7468	hbo:7468	[fem]	H7453	hbo:7453	neighbor	similar	prior	0.6
H7468	hbo:7468	[fem]	H4828	hbo:4828	friend	similar	prior	0.6
H7468	hbo:7468	[fem]	H7474	hbo:7474	my.friend	similar	prior	0.5
H7468	hbo:7468	[fem]	H7463	hbo:7463	the.friend	similar	prior	0.5
H7468	hbo:7468	[fem]	H7462	hbo:7462a	[one.who].associates.with	similar	prior	0.5
H7469	hbo:7469	striving	H7462	hbo:7462a	[one.who].associates.with	similar	prior	0.5
H7471	hbo:7471	pasture	H7473	hbo:7473	shepherds	similar	prior	0.6
H7473	hbo:7473	shepherds	H7462	hbo:7462	they.will.graze	similar	high	0.943
H7473	hbo:7473	shepherds	H6629	hbo:6629	sheep	similar	prior	0.5
H7473	hbo:7473	shepherds	H5739	hbo:5739	flock	similar	prior	0.5
H7474	hbo:7474	my.friend	H7453	hbo:7453	neighbor	similar	prior	0.5
H7474	hbo:7474	my.friend	H7464	hbo:7464	companions	similar	prior	0.5
H7474	hbo:7474	my.friend	H7462	hbo:7462a	[one.who].associates.with	similar	prior	0.5
H7476	hbo:7476	thoughts	H7470	hbo:7470a	the.will	similar	prior	0.5
H7477	hbo:7477	they.have.been.made.to.quiver	H8653	hbo:8653	staggering	similar	prior	0.5
H7477	hbo:7477	they.have.been.made.to.quiver	H7478	hbo:7478	of.reeling	similar	prior	0.5
H7478	hbo:7478	of.reeling	H8653	hbo:8653	staggering	similar	prior	0.6
H7479	hbo:7479	veils	H7477	hbo:7477	they.have.been.made.to.quiver	similar	prior	0.5
H7479	hbo:7479	veils	H7478	hbo:7478	of.reeling	similar	prior	0.5
H7479	hbo:7479	veils	H8653	hbo:8653	staggering	similar	prior	0.5
H7481	hbo:7481	he.thunders	H7482	hbo:7482	your.thunder	similar	high	0.792
H7481	hbo:7481	he.thunders	H7483	hbo:7483	a.mane	similar	prior	0.5
H7482	hbo:7482	your.thunder	H6963	hbo:6963	voice	similar	high	0.648
H7482	hbo:7482	your.thunder	H1300	hbo:1300	lightning	similar	high	0.64
H7483	hbo:7483	a.mane	H7482	hbo:7482	your.thunder	similar	prior	0.5
H7488	hbo:7488	luxuriant	H5687	hbo:5687	leafy	similar	high	0.638
H7488	hbo:7488	luxuriant	H1877	hbo:1877	fresh.grass	similar	prior	0.5
H7489	hbo:7489	it.was.displeasing	H7451	hbo:7451b	evil	similar	high	1.0
H7489	hbo:7489	it.was.displeasing	H7451	hbo:7451	evil	similar	high	1.0
H7489	hbo:7489	it.was.displeasing	H3190	hbo:3190	it.was.good	antonym	recall	0.63
H7489	hbo:7489	it.was.displeasing	H2895	hbo:2895	it.was.good	antonym	recall	0.577
H7489	hbo:7489	it.was.displeasing	H7563	hbo:7563	of.wicked.[people]	similar	prior	0.5
H7489	hbo:7489a	utterly.(break)	H7563	hbo:7563	of.wicked.[people]	similar	high	0.582
H7491	hbo:7491	they.drip	H5140	hbo:5140	let.them.flow	similar	high	0.817
H7491	hbo:7491	they.drip	H2100	hbo:2100	flowing	similar	prior	0.5
H7493	hbo:7493	it.quaked	H7264	hbo:7264	they.trembled	similar	high	0.807
H7493	hbo:7493	it.quaked	H5287	hbo:5287	he.shook.off	similar	prior	0.5
H7493	hbo:7493	it.quaked	H4131	hbo:4131	it.will.be.shaken	similar	prior	0.5
H7494	hbo:7494	earthquake	H7493	hbo:7493	it.quaked	similar	high	0.8
H7494	hbo:7494	earthquake	H7588	hbo:7588	uproar	similar	high	0.601
H7494	hbo:7494	earthquake	H2111	hbo:2111	they.will.tremble	similar	prior	0.5
H7494	hbo:7494	earthquake	H7264	hbo:7264	they.trembled	similar	prior	0.5
H7495	hbo:7495	heal	H4832	hbo:4832	healing	similar	prior	0.6
H7495	hbo:7495	heal	H2470	hbo:2470	he.became.sick	antonym	recall	0.517
H7495	hbo:7495	heal	H7500	hbo:7500	healing	similar	prior	0.5
H7495	hbo:7495	heal	H7499	hbo:7499	medications	similar	prior	0.5
H7499	hbo:7499	medications	H7500	hbo:7500	healing	similar	prior	0.6
H7499	hbo:7499	medications	H4832	hbo:4832	healing	similar	prior	0.6
H7499	hbo:7499	medications	H7495	hbo:7495	heal	similar	prior	0.6
H7500	hbo:7500	healing	H7495	hbo:7495	heal	similar	prior	0.6
H7500	hbo:7500	healing	H4832	hbo:4832	healing	similar	prior	0.6
H7502	hbo:7502	I.have.spread.out	H7507	hbo:7507	back	similar	prior	0.5
H7503	hbo:7503	refrain	H0553	hbo:0553	be.bold	antonym	recall	0.533
H7503	hbo:7503	refrain	H4127	hbo:4127	it.melted	similar	prior	0.5
H7503	hbo:7503	refrain	H3021	hbo:3021	you.have.labored	similar	prior	0.5
H7503	hbo:7503	refrain	H7918	hbo:7918	as.subsided	similar	prior	0.5
H7503	hbo:7503	refrain	H5800	hbo:5800	they.forsook	similar	prior	0.5
H7503	hbo:7503	refrain	H5203	hbo:5203	I.will.abandon	similar	prior	0.5
H7503	hbo:7503	refrain	H7401	hbo:7401	it.was.soft	similar	prior	0.5
H7503	hbo:7503	refrain	H7496	hbo:7496	[the].shades	similar	prior	0.5
H7504	hbo:7504	slack	H3023	hbo:3023	[will.be].weary	similar	high	0.518
H7504	hbo:7504	slack	H2523	hbo:2523	[man]	similar	prior	0.5
H7504	hbo:7504	slack	H7496	hbo:7496	[the].shades	similar	prior	0.5
H7510	hbo:7510	slackness	H7503	hbo:7503	refrain	similar	prior	0.5
H7510	hbo:7510	slackness	H7496	hbo:7496	[the].shades	similar	prior	0.5
H7510	hbo:7510	slackness	H7504	hbo:7504	slack	similar	prior	0.5
H7515	hbo:7515	you.fouled	H4833	hbo:4833	the.befouled.thing	similar	prior	0.5
H7518	hbo:7518	pieces	H7533	hbo:7533	crushed	similar	prior	0.5
H7521	hbo:7521	he	H2654	hbo:2654	he.delights	similar	high	0.777
H7521	hbo:7521	he	H0014	hbo:0014	he.was.willing	similar	prior	0.5
H7521	hbo:7521a	it.will.accept	H2837	hbo:2837	the.desire	similar	prior	0.5
H7523	hbo:7523	killer	H4191	hbo:4191	he.died	similar	high	0.67
H7523	hbo:7523	killer	H2026	hbo:2026	kill	similar	prior	0.5
H7523	hbo:7523	killer	H7524	hbo:7524	shattering	similar	prior	0.5
H7528	hbo:7528	[was].fitted.out	H7531	hbo:7531	pavement	similar	prior	0.5
H7528	hbo:7528	[was].fitted.out	H4837	hbo:4837	a.pavement	similar	prior	0.5
H7529	hbo:7529	of.hot.coals	H7531	hbo:7531	pavement	similar	prior	0.5
H7531	hbo:7531	pavement	H4837	hbo:4837	a.pavement	similar	prior	0.5
H7533	hbo:7533	crushed	H7665	hbo:7665	I.will.break	similar	high	0.635
H7533	hbo:7533	crushed	H6206	hbo:6206	be.terrified	similar	prior	0.5
H7533	hbo:7533	crushed	H5065	hbo:5065	taskmasters	similar	prior	0.5
H7533	hbo:7533	crushed	H7779	hbo:7779	he	similar	prior	0.5
H7534	hbo:7534	thin	H1851	hbo:1851	thin	similar	high	0.779
H7537	hbo:7537	it.will.rot	H7538	hbo:7538	rottenness	similar	prior	0.6
H7537	hbo:7537	it.will.rot	H7539	hbo:7539	of.rottenness	similar	prior	0.5
H7539	hbo:7539	of.rottenness	H7538	hbo:7538	rottenness	similar	prior	0.6
H7539	hbo:7539	of.rottenness	H7537	hbo:7537	it.will.rot	similar	prior	0.6
H7539	hbo:7539	of.rottenness	H7536	hbo:7536	spittle	similar	prior	0.5
H7540	hbo:7540	they	H2287	hbo:2287	you.will.celebrate.a.festival	similar	prior	0.5
H7540	hbo:7540	they	H1523	hbo:1523	let.it.be.glad	similar	prior	0.5
H7541	hbo:7541	temple	H7534	hbo:7534	thin	similar	prior	0.5
H7541	hbo:7541	temple	H7550	hbo:7550	wafers	similar	prior	0.5
H7543	hbo:7543	of.a.perfumer	H4842	hbo:4842	ointment.mixture	similar	high	1.0
H7543	hbo:7543	of.a.perfumer	H8081	hbo:8081	oil	similar	high	0.717
H7543	hbo:7543	of.a.perfumer	H7545	hbo:7545	ointment	similar	prior	0.5
H7543	hbo:7543	of.a.perfumer	H4841	hbo:4841	seasoning	similar	prior	0.5
H7543	hbo:7543	of.a.perfumer	H7544	hbo:7544	spice	similar	prior	0.5
H7545	hbo:7545	ointment	H4842	hbo:4842	ointment.mixture	similar	prior	0.5
H7545	hbo:7545	ointment	H7544	hbo:7544	spice	similar	prior	0.5
H7546	hbo:7546	the.perfumers	H4842	hbo:4842	ointment.mixture	similar	prior	0.5
H7546	hbo:7546	the.perfumers	H7543	hbo:7543	of.a.perfumer	similar	prior	0.5
H7546	hbo:7546	the.perfumers	H7545	hbo:7545	ointment	similar	prior	0.5
H7546	hbo:7546	the.perfumers	H7548	hbo:7548	perfumers	similar	prior	0.5
H7546	hbo:7546	the.perfumers	H4840	hbo:4840	of.aromatic.herbs	similar	prior	0.5
H7546	hbo:7546	the.perfumers	H4841	hbo:4841	seasoning	similar	prior	0.5
H7546	hbo:7546	the.perfumers	H7547	hbo:7547	perfumes	similar	prior	0.5
H7546	hbo:7546	the.perfumers	H7544	hbo:7544	spice	similar	prior	0.5
H7547	hbo:7547	perfumes	H4753	hbo:4753	myrrh	similar	prior	0.5
H7547	hbo:7547	perfumes	H4842	hbo:4842	ointment.mixture	similar	prior	0.5
H7547	hbo:7547	perfumes	H4841	hbo:4841	seasoning	similar	prior	0.5
H7547	hbo:7547	perfumes	H4840	hbo:4840	of.aromatic.herbs	similar	prior	0.5
H7547	hbo:7547	perfumes	H7545	hbo:7545	ointment	similar	prior	0.5
H7547	hbo:7547	perfumes	H7544	hbo:7544	spice	similar	prior	0.5
H7547	hbo:7547	perfumes	H7543	hbo:7543	of.a.perfumer	similar	prior	0.5
H7547	hbo:7547	perfumes	H7548	hbo:7548	perfumers	similar	prior	0.5
H7548	hbo:7548	perfumers	H4840	hbo:4840	of.aromatic.herbs	similar	prior	0.5
H7548	hbo:7548	perfumers	H7544	hbo:7544	spice	similar	prior	0.5
H7548	hbo:7548	perfumers	H7545	hbo:7545	ointment	similar	prior	0.5
H7548	hbo:7548	perfumers	H4842	hbo:4842	ointment.mixture	similar	prior	0.5
H7548	hbo:7548	perfumers	H7543	hbo:7543	of.a.perfumer	similar	prior	0.5
H7548	hbo:7548	perfumers	H4841	hbo:4841	seasoning	similar	prior	0.5
H7549	hbo:7549	the.firmament	H8064	hbo:8064	heavens	similar	high	0.786
H7549	hbo:7549	the.firmament	H7554	hbo:7554	[who].beat.out	similar	prior	0.5
H7550	hbo:7550	wafers	H2471	hbo:2471	a.cake	similar	high	1.0
H7550	hbo:7550	wafers	H4682	hbo:4682	unleavened.bread(s)	similar	high	0.861
H7550	hbo:7550	wafers	H4227	hbo:4227	a.baking.tray	similar	high	0.849
H7550	hbo:7550	wafers	H7534	hbo:7534	thin	similar	prior	0.5
H7551	hbo:7551	of.a.worker.in.colors	H2803	hbo:2803a	of.a.skillful.worker	similar	high	1.0
H7553	hbo:7553	multicolored.material	H6648	hbo:6648	of.colored.cloth(s)	similar	high	0.754
H7553	hbo:7553	multicolored.material	H7551	hbo:7551	of.a.worker.in.colors	similar	prior	0.6
H7554	hbo:7554	[who].beat.out	H7567	hbo:7567	it.will.shatter	similar	prior	0.6
H7554	hbo:7554	[who].beat.out	H6566	hbo:6566	he.spread.out	similar	prior	0.5
H7555	hbo:7555	beaten.out	H7554	hbo:7554	[who].beat.out	similar	prior	0.6
H7555	hbo:7555	beaten.out	H7549	hbo:7549	the.firmament	similar	prior	0.5
H7556	hbo:7556	he.will.spit	H7536	hbo:7536	spittle	similar	prior	0.6
H7561	hbo:7561	we.have.acted.wickedly	H7563	hbo:7563	of.wicked.[people]	similar	high	1.0
H7561	hbo:7561	we.have.acted.wickedly	H6663	hbo:6663	I.am.righteous	antonym	recall	0.821
H7561	hbo:7561	we.have.acted.wickedly	H6662	hbo:6662	righteous	antonym	recall	0.698
H7561	hbo:7561	we.have.acted.wickedly	H7564	hbo:7564	wickedness	similar	prior	0.6
H7561	hbo:7561	we.have.acted.wickedly	H0816	hbo:0816	he.will.be.guilty	similar	prior	0.5
H7561	hbo:7561	we.have.acted.wickedly	H4849	hbo:4849	wickedness	similar	prior	0.5
H7562	hbo:7562	wickedness	H2555	hbo:2555	violence	similar	high	0.881
H7562	hbo:7562	wickedness	H0205	hbo:0205	wickedness	similar	high	0.88
H7562	hbo:7562	wickedness	H5766	hbo:5766	injustice	similar	high	0.761
H7563	hbo:7563	of.wicked.[people]	H2400	hbo:2400	sinners	similar	high	0.937
H7563	hbo:7563	of.wicked.[people]	H6662	hbo:6662	righteous	antonym	recall	0.899
H7563	hbo:7563	of.wicked.[people]	H4849	hbo:4849	wickedness	similar	prior	0.5
H7564	hbo:7564	wickedness	H7562	hbo:7562	wickedness	similar	high	1.0
H7564	hbo:7564	wickedness	H5766	hbo:5766	injustice	similar	high	0.702
H7564	hbo:7564	wickedness	H6666	hbo:6666	righteousness	antonym	recall	0.524
H7564	hbo:7564	wickedness	H4849	hbo:4849	wickedness	similar	prior	0.5
H7565	hbo:7565	flames	H6986	hbo:6986	destruction	similar	high	0.703
H7565	hbo:7565	flames	H3851	hbo:3851	a.flame	similar	high	0.584
H7568	hbo:7568	net	H2764	hbo:2764a	net	similar	high	0.696
H7568	hbo:7568	net	H4345	hbo:4345	the.grating	similar	prior	0.5
H7568	hbo:7568	net	H4170	hbo:4170	snare	similar	prior	0.5
H7568	hbo:7568	net	H4685	hbo:4685	[is].snares	similar	prior	0.5
H7568	hbo:7568	net	H3424	hbo:3424	a.possession	similar	prior	0.5
H7568	hbo:7568	net	H4180	hbo:4180	possession	similar	prior	0.5
H7569	hbo:7569	chain	H7572	hbo:7572	chains	similar	prior	0.5
H7569	hbo:7569	chain	H7577	hbo:7577	chains	similar	prior	0.5
H7569	hbo:7569	chain	H7576	hbo:7576	it.will.be.snapped	similar	prior	0.5
H7570	hbo:7570	make.boil	H1310	hbo:1310	you.will.boil	similar	prior	0.5
H7571	hbo:7571	boilings	H7570	hbo:7570	make.boil	similar	prior	0.5
H7572	hbo:7572	chains	H7576	hbo:7576	it.will.be.snapped	similar	prior	0.5
H7574	hbo:7574	a.broom.plant	H7573	hbo:7573	harness	similar	prior	0.5
H7577	hbo:7577	chains	H7572	hbo:7572	chains	similar	prior	0.5
H7577	hbo:7577	chains	H7576	hbo:7576	it.will.be.snapped	similar	prior	0.5
H7579	hbo:7579	they.drew	H4325	hbo:4325	water	similar	high	0.628
H7579	hbo:7579	they.drew	H4857	hbo:4857	[the].places.for.drawing.water	similar	prior	0.5
H7580	hbo:7580	he.will.roar	H3715	hbo:3715	a.young.lion	similar	high	0.879
H7580	hbo:7580	he.will.roar	H1993	hbo:1993	they	similar	high	0.631
H7581	hbo:7581	its.roaring	H1993	hbo:1993	they	similar	high	0.625
H7581	hbo:7581	its.roaring	H6963	hbo:6963	voice	similar	high	0.596
H7582	hbo:7582	make.desolate	H7591	hbo:7591	ruin	similar	prior	0.5
H7582	hbo:7582	make.desolate	H7612	hbo:7612	devastation	similar	prior	0.5
H7583	hbo:7583	[was].gazing	H8539	hbo:8539	be.astonished	similar	prior	0.5
H7588	hbo:7588	uproar	H1995	hbo:1995	multitude	similar	high	0.713
H7589	hbo:7589	scorn	H3944	hbo:3944	of.mockery	similar	prior	0.5
H7589	hbo:7589	scorn	H0939	hbo:0939	contempt	similar	prior	0.5
H7589	hbo:7589	scorn	H0937	hbo:0937	contempt	similar	prior	0.5
H7590	hbo:7590a	despise	H7589	hbo:7589	scorn	similar	prior	0.5
H7592	hbo:7592	ask	H7596	hbo:7596	petition	similar	high	1.0
H7592	hbo:7592	ask	H1875	hbo:1875	seek	similar	high	0.825
H7592	hbo:7592	ask	H1245	hbo:1245	seek	similar	high	0.802
H7592	hbo:7592	ask	H6030	hbo:6030	he.answered	antonym	recall	0.59
H7592	hbo:7592	ask	H1239	hbo:1239	he.will.seek	similar	prior	0.5
H7592	hbo:7592	ask	H1246	hbo:1246	request	similar	prior	0.5
H7592	hbo:7592	ask	H6279	hbo:6279	he.was.entreated	similar	prior	0.5
H7592	hbo:7592	ask	H8605	hbo:8605	prayer	similar	prior	0.5
H7592	hbo:7592	ask	H4862	hbo:4862	requests	similar	prior	0.5
H7593	hbo:7593	[is].asking	H7595	hbo:7595	the	similar	prior	0.5
H7596	hbo:7596	petition	H7592	hbo:7592	ask	similar	high	1.0
H7596	hbo:7596	petition	H1246	hbo:1246	request	similar	high	0.743
H7596	hbo:7596	petition	H8469	hbo:8469	supplications	similar	prior	0.5
H7596	hbo:7596	petition	H4862	hbo:4862	requests	similar	prior	0.5
H7599	hbo:7599	he.will.be.at.ease	H8252	hbo:8252	it.was.at.peace	similar	high	0.658
H7599	hbo:7599	he.will.be.at.ease	H7600	hbo:7600	your	similar	prior	0.6
H7603	hbo:7603	leaven	H2557	hbo:2557	leaven	similar	high	1.0
H7603	hbo:7603	leaven	H4682	hbo:4682	unleavened.bread(s)	antonym	recall	0.471
H7604	hbo:7604	remain	H3498	hbo:3498	remained	similar	high	0.912
H7604	hbo:7604	remain	H6413	hbo:6413	an.escaped.remnant	similar	high	0.65
H7604	hbo:7604	remain	H6412	hbo:6412	an.escapee	similar	high	0.601
H7605	hbo:7605	the.rest	H3499	hbo:3499	the.rest	similar	high	0.801
H7605	hbo:7605	the.rest	H7604	hbo:7604	remain	similar	prior	0.6
H7605	hbo:7605	the.rest	H6413	hbo:6413	an.escaped.remnant	similar	prior	0.5
H7605	hbo:7605	the.rest	H7611	hbo:7611	the.remnant	similar	prior	0.5
H7607	hbo:7607	relative	H1320	hbo:1320	flesh	similar	high	0.753
H7607	hbo:7607	relative	H4138	hbo:4138	kindred	similar	high	0.51
H7607	hbo:7607	relative	H7608	hbo:7608	[are].relative[s]	similar	prior	0.5
H7611	hbo:7611	the.remnant	H6413	hbo:6413	an.escaped.remnant	similar	high	0.886
H7611	hbo:7611	the.remnant	H7605	hbo:7605	the.rest	similar	prior	0.5
H7612	hbo:7612	devastation	H7591	hbo:7591	ruin	similar	prior	0.5
H7613	hbo:7613	majesty	H1420	hbo:1420	greatness	similar	prior	0.5
H7613	hbo:7613	majesty	H1431	hbo:1431	he.grew.up	similar	prior	0.5
H7613	hbo:7613a	a.swelling	H5387	hbo:5387	prince	similar	prior	0.5
H7613	hbo:7613a	a.swelling	H4858	hbo:4858	lifting.up	similar	prior	0.5
H7613	hbo:7613a	a.swelling	H4856	hbo:4856	lifting.up	similar	prior	0.5
H7613	hbo:7613a	a.swelling	H5385	hbo:5385	burdens	similar	prior	0.5
H7613	hbo:7613a	a.swelling	H7863	hbo:7863	loftiness	similar	prior	0.5
H7617	hbo:7617	they.took.captive	H7628	hbo:7628	captivity	similar	high	1.0
H7617	hbo:7617	they.took.captive	H1473	hbo:1473	exile[s]	similar	prior	0.5
H7617	hbo:7617	they.took.captive	H5498	hbo:5498	people	similar	prior	0.5
H7617	hbo:7617	they.took.captive	H7622	hbo:7622	the.captivity	similar	prior	0.5
H7617	hbo:7617	they.took.captive	H7618	hbo:7618	an.agate	similar	prior	0.5
H7618	hbo:7618	an.agate	H7622	hbo:7622	the.captivity	similar	prior	0.5
H7618	hbo:7618	an.agate	H7628	hbo:7628	captivity	similar	prior	0.5
H7618	hbo:7618	an.agate	H7633	hbo:7633	captive[s]	similar	prior	0.5
H7620	hbo:7620	weeks	H8141	hbo:8141	year[s]	similar	high	0.678
H7620	hbo:7620	weeks	H3117	hbo:3117	day	similar	high	0.667
H7620	hbo:7620	weeks	H2320	hbo:2320	month	similar	high	0.652
H7621	hbo:7621	oath	H7650	hbo:7650	he.swore	similar	high	1.0
H7621	hbo:7621	oath	H5087	hbo:5087	you.will.vow	similar	high	0.727
H7621	hbo:7621	oath	H5088	hbo:5088	vows	similar	high	0.719
H7621	hbo:7621	oath	H1285	hbo:1285	covenant	similar	high	0.696
H7621	hbo:7621	oath	H0423	hbo:0423	a.curse	similar	high	0.669
H7621	hbo:7621	oath	H7620	hbo:7620	weeks	similar	prior	0.5
H7622	hbo:7622	the.captivity	H7633	hbo:7633	captive[s]	similar	prior	0.5
H7622	hbo:7622	the.captivity	H7628	hbo:7628	captivity	similar	prior	0.5
H7622	hbo:7622a	captivity	H7628	hbo:7628	captivity	similar	high	0.838
H7623	hbo:7623	boast	H8416	hbo:8416	praise	similar	high	0.883
H7623	hbo:7623	boast	H1984	hbo:1984a	praise	similar	high	0.868
H7623	hbo:7623a	he	H1984	hbo:1984b	he.makes.look.foolish	similar	high	0.631
H7626	hbo:7626	the.tribes	H4294	hbo:4294	the.tribe	similar	high	0.963
H7626	hbo:7626	the.tribes	H4940	hbo:4940	clans	similar	high	0.81
H7626	hbo:7626	the.tribes	H8275	hbo:8275	the.scepter	similar	prior	0.5
H7628	hbo:7628	captivity	H7617	hbo:7617	they.took.captive	similar	high	1.0
H7628	hbo:7628	captivity	H7633	hbo:7633	captive[s]	similar	high	0.977
H7628	hbo:7628	captivity	H7622	hbo:7622a	captivity	similar	high	0.838
H7628	hbo:7628	captivity	H1473	hbo:1473	exile[s]	similar	high	0.682
H7631	hbo:7631	the	H7632	hbo:7632	the.flame	similar	prior	0.6
H7633	hbo:7633	captive[s]	H7628	hbo:7628	captivity	similar	high	0.977
H7633	hbo:7633	captive[s]	H7622	hbo:7622a	captivity	similar	prior	0.5
H7633	hbo:7633	captive[s]	H1473	hbo:1473	exile[s]	similar	prior	0.5
H7635	hbo:7635	paths	H7640	hbo:7640	a.skirt	similar	prior	0.5
H7639	hbo:7639	networks	H5440	hbo:5440	they.are.entangled	similar	prior	0.6
H7639	hbo:7639	networks	H7730	hbo:7730	the.branche[s]	similar	prior	0.5
H7641	hbo:7641	of.grain	H0485	hbo:0485	sheaves	similar	high	0.549
H7641	hbo:7641	of.grain	H7640	hbo:7640	a.skirt	similar	prior	0.5
H7641	hbo:7641	of.grain	H7635	hbo:7635	paths	similar	prior	0.5
H7641	hbo:7641a	a.flood	H7635	hbo:7635	paths	similar	prior	0.5
H7641	hbo:7641a	a.flood	H7640	hbo:7640	a.skirt	similar	prior	0.5
H7641	hbo:7641a	a.flood	H7641	hbo:7641	of.grain	similar	prior	0.5
H7642	hbo:7642	a.snail	H1101	hbo:1101	mixed	similar	prior	0.5
H7642	hbo:7642	a.snail	H8400	hbo:8400	a.defect	similar	prior	0.5
H7646	hbo:7646	you.will.be.satisfied	H7649	hbo:7649	satisfied	similar	high	0.998
H7646	hbo:7646	you.will.be.satisfied	H7456	hbo:7456	it.was.hungry	antonym	recall	0.658
H7646	hbo:7646	you.will.be.satisfied	H7653	hbo:7653	surfeit	similar	prior	0.6
H7646	hbo:7646	you.will.be.satisfied	H5606	hbo:5606	slap	similar	prior	0.5
H7647	hbo:7647	plenty	H7458	hbo:7458	famine	antonym	recall	0.554
H7647	hbo:7647	plenty	H7230	hbo:7230	abundance	similar	prior	0.5
H7647	hbo:7647	plenty	H7646	hbo:7646	you.will.be.satisfied	similar	prior	0.5
H7647	hbo:7647	plenty	H1995	hbo:1995	multitude	similar	prior	0.5
H7647	hbo:7647	plenty	H7649	hbo:7649	satisfied	similar	prior	0.5
H7648	hbo:7648	abundance	H7646	hbo:7646	you.will.be.satisfied	similar	high	0.82
H7648	hbo:7648	abundance	H7649	hbo:7649	satisfied	similar	prior	0.6
H7648	hbo:7648	abundance	H7653	hbo:7653	surfeit	similar	prior	0.6
H7649	hbo:7649	satisfied	H7646	hbo:7646	you.will.be.satisfied	similar	high	0.998
H7649	hbo:7649	satisfied	H7653	hbo:7653	surfeit	similar	prior	0.6
H7649	hbo:7649	satisfied	H7457	hbo:7457	hungry	antonym	recall	0.564
H7650	hbo:7650	he.swore	H7621	hbo:7621	oath	similar	high	1.0
H7650	hbo:7650	he.swore	H0422	hbo:0422	put	similar	prior	0.5
H7650	hbo:7650	he.swore	H7620	hbo:7620	weeks	similar	prior	0.5
H7653	hbo:7653	surfeit	H7649	hbo:7649	satisfied	similar	prior	0.5
H7653	hbo:7653	surfeit	H7646	hbo:7646	you.will.be.satisfied	similar	prior	0.5
H7653	hbo:7653	surfeit	H7648	hbo:7648	abundance	similar	prior	0.5
H7653	hbo:7653	surfeit	H7654	hbo:7654	satiety	similar	prior	0.5
H7653	hbo:7653	surfeit	H7647	hbo:7647	plenty	similar	prior	0.5
H7654	hbo:7654	satiety	H7648	hbo:7648	abundance	similar	prior	0.6
H7654	hbo:7654	satiety	H7646	hbo:7646	you.will.be.satisfied	similar	prior	0.6
H7654	hbo:7654	satiety	H7649	hbo:7649	satisfied	similar	prior	0.6
H7654	hbo:7654	satiety	H7653	hbo:7653	surfeit	similar	prior	0.6
H7654	hbo:7654	satiety	H1767	hbo:1767	sufficiency	similar	prior	0.5
H7654	hbo:7654	satiety	H7647	hbo:7647	plenty	similar	prior	0.5
H7660	hbo:7660	set	H7661	hbo:7661	dizziness	similar	prior	0.5
H7663	hbo:7663	they.hope	H3176	hbo:3176	I.will.wait	similar	high	0.62
H7663	hbo:7663	they.hope	H7688	hbo:7688	they.will.stare	similar	prior	0.5
H7664	hbo:7664	hope	H7663	hbo:7663	they.hope	similar	prior	0.5
H7665	hbo:7665	I.will.break	H7533	hbo:7533	crushed	similar	high	0.635
H7665	hbo:7665	I.will.break	H2865	hbo:2865	be.dismayed	similar	prior	0.5
H7665	hbo:7665	I.will.break	H5310	hbo:5310a	it.was.scattered	similar	prior	0.5
H7665	hbo:7665	I.will.break	H6565	hbo:6565a	utterly.(split)	similar	prior	0.5
H7665	hbo:7665	I.will.break	H6561	hbo:6561	[was].tearing.out	similar	prior	0.5
H7665	hbo:7665	I.will.break	H4866	hbo:4866	[the].mouth.of.[the].womb	similar	prior	0.5
H7665	hbo:7665	I.will.break	H7666	hbo:7666	buy.grain	similar	prior	0.5
H7665	hbo:7665	I.will.break	H4867	hbo:4867	breakers	similar	prior	0.5
H7666	hbo:7666	buy.grain	H4866	hbo:4866	[the].mouth.of.[the].womb	similar	prior	0.5
H7667	hbo:7667	destruction	H4658	hbo:4658	your.downfall	similar	prior	0.5
H7667	hbo:7667	destruction	H6365	hbo:6365	disaster	similar	prior	0.5
H7667	hbo:7667	destruction	H6556	hbo:6556	a.breach	similar	prior	0.5
H7667	hbo:7667	destruction	H7666	hbo:7666	buy.grain	similar	prior	0.5
H7667	hbo:7667	destruction	H7670	hbo:7670	breaking	similar	prior	0.5
H7667	hbo:7667	destruction	H4866	hbo:4866	[the].mouth.of.[the].womb	similar	prior	0.5
H7667	hbo:7667	destruction	H4867	hbo:4867	breakers	similar	prior	0.5
H7668	hbo:7668	grain	H1250	hbo:1250	grain	similar	high	0.677
H7668	hbo:7668	grain	H7054	hbo:7054	standing.grain	similar	prior	0.5
H7668	hbo:7668	grain	H4866	hbo:4866	[the].mouth.of.[the].womb	similar	prior	0.5
H7670	hbo:7670	breaking	H7668	hbo:7668	grain	similar	prior	0.5
H7670	hbo:7670	breaking	H7666	hbo:7666	buy.grain	similar	prior	0.5
H7670	hbo:7670	breaking	H7665	hbo:7665	I.will.break	similar	prior	0.5
H7670	hbo:7670	breaking	H4867	hbo:4867	breakers	similar	prior	0.5
H7670	hbo:7670	breaking	H4866	hbo:4866	[the].mouth.of.[the].womb	similar	prior	0.5
H7673	hbo:7673	I.will.put.an.end.to	H7676	hbo:7676	the.sabbath	similar	high	0.785
H7673	hbo:7673	I.will.put.an.end.to	H7674	hbo:7674	still	similar	prior	0.6
H7673	hbo:7673	I.will.put.an.end.to	H2310	hbo:2310	who.refrains	similar	prior	0.5
H7673	hbo:7673	I.will.put.an.end.to	H7677	hbo:7677	of.sabbath.observance	similar	prior	0.5
H7676	hbo:7676	the.sabbath	H7677	hbo:7677	of.sabbath.observance	similar	high	1.0
H7676	hbo:7676	the.sabbath	H2282	hbo:2282	the.festival	similar	high	0.754
H7676	hbo:7676	the.sabbath	H4399	hbo:4399	work	antonym	recall	0.545
H7677	hbo:7677	of.sabbath.observance	H7676	hbo:7676	the.sabbath	similar	high	1.0
H7677	hbo:7677	of.sabbath.observance	H4399	hbo:4399	work	antonym	recall	0.508
H7677	hbo:7677	of.sabbath.observance	H7674	hbo:7674	still	similar	prior	0.5
H7677	hbo:7677	of.sabbath.observance	H7673	hbo:7673	I.will.put.an.end.to	similar	prior	0.5
H7679	hbo:7679	[he.is].making.great	H7685	hbo:7685	it.will.grow	similar	prior	0.6
H7680	hbo:7680	may.it.increase	H7690	hbo:7690	exceedingly	similar	prior	0.5
H7682	hbo:7682	[is].exalted	H1361	hbo:1361	it.was.haughty	similar	high	0.85
H7682	hbo:7682	[is].exalted	H8213	hbo:8213	it.will.become.low	antonym	recall	0.593
H7683	hbo:7683	[one.who].goes.astray	H7686	hbo:7686	[one.who].leads.astray	similar	high	0.737
H7683	hbo:7683	[one.who].goes.astray	H2398	hbo:2398	we.have.sinned	similar	high	0.588
H7683	hbo:7683	[one.who].goes.astray	H8582	hbo:8582	he	similar	prior	0.5
H7684	hbo:7684	inadvertence	H2398	hbo:2398	we.have.sinned	similar	high	0.762
H7685	hbo:7685	it.will.grow	H7689	hbo:7689	[is].exalted	similar	prior	0.5
H7685	hbo:7685	it.will.grow	H7679	hbo:7679	[he.is].making.great	similar	prior	0.5
H7686	hbo:7686	[one.who].leads.astray	H7683	hbo:7683	[one.who].goes.astray	similar	high	0.737
H7686	hbo:7686	[one.who].leads.astray	H8582	hbo:8582	he	similar	high	0.711
H7686	hbo:7686	[one.who].leads.astray	H7684	hbo:7684	inadvertence	similar	high	0.618
H7686	hbo:7686	[one.who].leads.astray	H7691	hbo:7691	errors	similar	prior	0.6
H7686	hbo:7686	[one.who].leads.astray	H2937	hbo:2937	they.have.led.astray	similar	prior	0.5
H7686	hbo:7686	[one.who].leads.astray	H4870	hbo:4870	[was].a.mistake	similar	prior	0.5
H7688	hbo:7688	they.will.stare	H5027	hbo:5027	look	similar	high	0.734
H7688	hbo:7688	they.will.stare	H2372	hbo:2372	he.saw	similar	prior	0.5
H7689	hbo:7689	[is].exalted	H7679	hbo:7679	[he.is].making.great	similar	prior	0.6
H7689	hbo:7689	[is].exalted	H7685	hbo:7685	it.will.grow	similar	prior	0.6
H7690	hbo:7690	exceedingly	H7229	hbo:7229	great	similar	high	1.0
H7691	hbo:7691	errors	H7686	hbo:7686	[one.who].leads.astray	similar	prior	0.5
H7691	hbo:7691	errors	H4870	hbo:4870	[was].a.mistake	similar	prior	0.5
H7696	hbo:7696	behaving.like.a.madman	H7697	hbo:7697	madness	similar	prior	0.5
H7697	hbo:7697	madness	H1947	hbo:1947	madness(es)	similar	prior	0.5
H7699	hbo:7699	breasts	H1717	hbo:1717	the.nipples	similar	high	0.669
H7701	hbo:7701	devastation	H2555	hbo:2555	violence	similar	high	0.727
H7701	hbo:7701	devastation	H2721	hbo:2721	heat	similar	high	0.709
H7701	hbo:7701	devastation	H7722	hbo:7722a	devastation	similar	prior	0.5
H7701	hbo:7701	devastation	H1500	hbo:1500	robbery	similar	prior	0.5
H7701	hbo:7701	devastation	H1498	hbo:1498	robbery	similar	prior	0.5
H7701	hbo:7701	devastation	H8047	hbo:8047	waste	similar	prior	0.5
H7703	hbo:7703	it.has.been.devastated	H0398	hbo:0398	you.will.eat	similar	prior	0.5
H7703	hbo:7703	it.has.been.devastated	H6530	hbo:6530	of.the.violent.ones	similar	prior	0.5
H7703	hbo:7703	it.has.been.devastated	H1464	hbo:1464	it	similar	prior	0.5
H7703	hbo:7703	it.has.been.devastated	H6906	hbo:6906	[are].robbing	similar	prior	0.5
H7703	hbo:7703	it.has.been.devastated	H2717	hbo:2717	they.will.be.waste	similar	prior	0.5
H7703	hbo:7703	it.has.been.devastated	H8074	hbo:8074	he.will.be.appalled	similar	prior	0.5
H7703	hbo:7703	it.has.been.devastated	H1497	hbo:1497	he.has.robbed	similar	prior	0.5
H7703	hbo:7703	it.has.been.devastated	H5307	hbo:5307	they.will.fall	similar	prior	0.5
H7704	hbo:7704	field	H3754	hbo:3754	vineyards	similar	high	0.739
H7704	hbo:7704	field	H2513	hbo:2513	the.portion	similar	high	0.716
H7704	hbo:7704	field	H2351	hbo:2351	outside	similar	prior	0.5
H7704	hbo:7704	field	H0776	hbo:0776	the.land	similar	prior	0.5
H7704	hbo:7704	field	H7709	hbo:7709	the.terraced.fields	similar	prior	0.5
H7704	hbo:7704	field	H0127	hbo:0127	land	similar	prior	0.5
H7704	hbo:7704a	of.[the].field	H8525	hbo:8525	[the].furrows	similar	high	0.72
H7704	hbo:7704a	of.[the].field	H3724	hbo:3724b	henna.blossom	similar	prior	0.5
H7705	hbo:7705	breast	H7699	hbo:7699	breasts	similar	prior	0.5
H7710	hbo:7710	scorched	H7711	hbo:7711a	blight	similar	high	0.656
H7710	hbo:7710	scorched	H8127	hbo:8127	teeth	similar	prior	0.5
H7711	hbo:7711a	blight	H3420	hbo:3420	mildew	similar	high	1.0
H7711	hbo:7711a	blight	H2625	hbo:2625	locust[s]	similar	high	0.719
H7711	hbo:7711a	blight	H7710	hbo:7710	scorched	similar	high	0.656
H7711	hbo:7711a	blight	H0697	hbo:0697	locust[s]	similar	high	0.628
H7716	hbo:7716	a.sheep	H3775	hbo:3775	rams	similar	high	1.0
H7716	hbo:7716	a.sheep	H5795	hbo:5795	of.goats	similar	high	0.744
H7716	hbo:7716	a.sheep	H6629	hbo:6629	sheep	similar	prior	0.5
H7718	hbo:7718	of.onyx	H3471	hbo:3471	a.jasper	similar	high	0.973
H7718	hbo:7718	of.onyx	H5306	hbo:5306	turquoise	similar	high	0.845
H7718	hbo:7718	of.onyx	H0124	hbo:0124	of.a.ruby	similar	high	0.816
H7718	hbo:7718	of.onyx	H5601	hbo:5601	sapphire	similar	high	0.812
H7718	hbo:7718	of.onyx	H6357	hbo:6357	a.topaz	similar	high	0.811
H7718	hbo:7718	of.onyx	H3095	hbo:3095	an.emerald	similar	high	0.78
H7720	hbo:7720	ornaments	H5141	hbo:5141	a.ring	similar	prior	0.5
H7720	hbo:7720	ornaments	H5188	hbo:5188	pendants	similar	prior	0.5
H7720	hbo:7720	ornaments	H2481	hbo:2481	an.ornament	similar	prior	0.5
H7722	hbo:7722a	devastation	H4875	hbo:4875	desolation	similar	high	0.949
H7722	hbo:7722a	devastation	H0343	hbo:0343	their.disaster	similar	high	0.637
H7722	hbo:7722a	devastation	H7451	hbo:7451b	evil	similar	prior	0.5
H7723	hbo:7723	worthlessness	H8267	hbo:8267	falsehood	similar	high	1.0
H7723	hbo:7723	worthlessness	H0205	hbo:0205	wickedness	similar	high	0.869
H7723	hbo:7723	worthlessness	H1892	hbo:1892	[is].futility	similar	high	0.859
H7723	hbo:7723	worthlessness	H7386	hbo:7386	empty	similar	prior	0.5
H7725	hbo:7725	return	H1980	hbo:1980	go	similar	high	0.835
H7725	hbo:7725	return	H4878	hbo:4878	apostasies	similar	prior	0.5
H7726	hbo:7726	apostate	H7725	hbo:7725	return	similar	prior	0.6
H7726	hbo:7726	apostate	H7870	hbo:7870	the.restoration	similar	prior	0.5
H7728	hbo:7728	apostate	H7726	hbo:7726	apostate	similar	prior	0.5
H7728	hbo:7728	apostate	H7725	hbo:7725	return	similar	prior	0.5
H7728	hbo:7728	apostate	H8666	hbo:8666	the.return	similar	prior	0.5
H7728	hbo:7728	apostate	H7870	hbo:7870	the.restoration	similar	prior	0.5
H7728	hbo:7728	apostate	H4878	hbo:4878	apostasies	similar	prior	0.5
H7729	hbo:7729	returning	H7726	hbo:7726	apostate	similar	prior	0.6
H7729	hbo:7729	returning	H7725	hbo:7725	return	similar	prior	0.6
H7729	hbo:7729	returning	H7870	hbo:7870	the.restoration	similar	prior	0.5
H7729	hbo:7729	returning	H4878	hbo:4878	apostasies	similar	prior	0.5
H7729	hbo:7729	returning	H7728	hbo:7728	apostate	similar	prior	0.5
H7729	hbo:7729	returning	H8666	hbo:8666	the.return	similar	prior	0.5
H7730	hbo:7730	the.branche[s]	H5440	hbo:5440	they.are.entangled	similar	prior	0.6
H7730	hbo:7730	the.branche[s]	H5442	hbo:5442	thicket	similar	prior	0.6
H7730	hbo:7730	the.branche[s]	H5441	hbo:5441	thicket	similar	prior	0.6
H7735	hbo:7735	you.cause.to.grow	H7685	hbo:7685	it.will.grow	similar	prior	0.6
H7735	hbo:7735	you.cause.to.grow	H5473	hbo:5473	[which.is].fenced.around	similar	prior	0.5
H7745	hbo:7745	a.pit	H7845	hbo:7845	pit	similar	prior	0.6
H7745	hbo:7745	a.pit	H7882	hbo:7882	a.pit	similar	prior	0.6
H7751	hbo:7751	[are].roving.about	H5437	hbo:5437	they	similar	high	0.526
H7751	hbo:7751	[are].roving.about	H7885	hbo:7885	of.rowing	similar	prior	0.5
H7752	hbo:7752	whips	H7885	hbo:7885	of.rowing	similar	prior	0.5
H7752	hbo:7752	whips	H7751	hbo:7751	[are].roving.about	similar	prior	0.5
H7752	hbo:7752	whips	H4880	hbo:4880	oars	similar	prior	0.5
H7753	hbo:7753	[am].about.to.fence.up	H4881	hbo:4881	hedge	similar	prior	0.5
H7758	hbo:7758	barefoot	H6174	hbo:6174	naked	similar	prior	0.5
H7758	hbo:7758	barefoot	H7617	hbo:7617	they.took.captive	similar	prior	0.5
H7760	hbo:7760	he.put	H5414	hbo:5414	give	similar	high	0.851
H7760	hbo:7760	he.put	H5975	hbo:5975	he.stood	similar	high	0.646
H7760	hbo:7760	he.put	H4487	hbo:4487	count	similar	prior	0.5
H7760	hbo:7760	he.put	H7896	hbo:7896	I	similar	prior	0.5
H7760	hbo:7760	he.put	H6213	hbo:6213	do	similar	prior	0.5
H7760	hbo:7760	he.put	H3322	hbo:3322	he	similar	prior	0.5
H7760	hbo:7760	he.put	H1413	hbo:1413a	they.cut.themselves	similar	prior	0.5
H7760	hbo:7760	he.put	H8667	hbo:8667	property	similar	prior	0.5
H7768	hbo:7768	I.cry.for.help	H2199	hbo:2199	they.cried.out	similar	high	0.867
H7768	hbo:7768	I.cry.for.help	H7769	hbo:7769	a.cry.for.help	similar	prior	0.6
H7768	hbo:7768	I.cry.for.help	H6817	hbo:6817	they.cried.out	similar	prior	0.5
H7768	hbo:7768	I.cry.for.help	H7775	hbo:7775	my.cry	similar	prior	0.5
H7771	hbo:7771a	crying.out	H7775	hbo:7775	my.cry	similar	prior	0.5
H7771	hbo:7771a	crying.out	H7773	hbo:7773	my.cry.for.help	similar	prior	0.5
H7771	hbo:7771a	crying.out	H7768	hbo:7768	I.cry.for.help	similar	prior	0.5
H7773	hbo:7773	my.cry.for.help	H7768	hbo:7768	I.cry.for.help	similar	prior	0.5
H7773	hbo:7773	my.cry.for.help	H2199	hbo:2199	they.cried.out	similar	prior	0.5
H7773	hbo:7773	my.cry.for.help	H7775	hbo:7775	my.cry	similar	prior	0.5
H7775	hbo:7775	my.cry	H7768	hbo:7768	I.cry.for.help	similar	prior	0.6
H7775	hbo:7775	my.cry	H7769	hbo:7769	a.cry.for.help	similar	prior	0.6
H7775	hbo:7775	my.cry	H6818	hbo:6818	of.distress	similar	prior	0.5
H7775	hbo:7775	my.cry	H7440	hbo:7440	a.shout.of.joy	similar	prior	0.5
H7775	hbo:7775	my.cry	H2201	hbo:2201	a.cry.of.distress	similar	prior	0.5
H7778	hbo:7778	gatekeepers	H4931	hbo:4931	the.duty	similar	prior	0.5
H7778	hbo:7778	gatekeepers	H8179	hbo:8179	the.gate	similar	prior	0.5
H7782	hbo:7782	trumpets	H8643	hbo:8643	a.shout	similar	high	1.0
H7782	hbo:7782	trumpets	H2689	hbo:2689	trumpets	similar	high	0.892
H7782	hbo:7782	trumpets	H3104	hbo:3104	the.jubilee	similar	high	0.521
H7782	hbo:7782	trumpets	H7161	hbo:7161	horns	similar	prior	0.5
H7782	hbo:7782	trumpets	H8237	hbo:8237	tent	similar	prior	0.5
H7782	hbo:7782	trumpets	H8235	hbo:8235	[are].clearness	similar	prior	0.5
H7782	hbo:7782	trumpets	H8233	hbo:8233	of.beauty	similar	prior	0.5
H7782	hbo:7782	trumpets	H8231	hbo:8231	it.is.beautiful	similar	prior	0.5
H7784	hbo:7784	street	H7339	hbo:7339	the.open.place	similar	high	0.678
H7784	hbo:7784	street	H7785	hbo:7785	the.thigh	similar	prior	0.5
H7785	hbo:7785	the.thigh	H2373	hbo:2373	the.breast	similar	high	1.0
H7785	hbo:7785	the.thigh	H8573	hbo:8573	a.wave-offering	similar	high	0.917
H7785	hbo:7785	the.thigh	H3409	hbo:3409	thigh	similar	high	0.791
H7788	hbo:7788	[were].your	H8670	hbo:8670	a.gift	similar	prior	0.5
H7789	hbo:7789	I	H5027	hbo:5027	look	similar	high	0.708
H7789	hbo:7789	I	H8324	hbo:8324	enemies	similar	prior	0.5
H7789	hbo:7789	I	H7790	hbo:7790	walls	similar	prior	0.5
H7791	hbo:7791	a.wall	H8284	hbo:8284	its.vine	similar	prior	0.5
H7794	hbo:7794	an.ox	H2543	hbo:2543	donkey	similar	high	0.868
H7794	hbo:7794	an.ox	H1241	hbo:1241	cattle	similar	high	0.822
H7794	hbo:7794	an.ox	H6499	hbo:6499	a.young.bull	similar	prior	0.5
H7794	hbo:7794	an.ox	H7214	hbo:7214	of.a.wild.ox	similar	prior	0.5
H7794	hbo:7794	an.ox	H5697	hbo:5697	a.heifer	similar	prior	0.5
H7794	hbo:7794	an.ox	H4806	hbo:4806	fatling	similar	prior	0.5
H7794	hbo:7794	an.ox	H7791	hbo:7791	a.wall	similar	prior	0.5
H7794	hbo:7794	an.ox	H8284	hbo:8284	its.vine	similar	prior	0.5
H7795	hbo:7795	a.row	H7787	hbo:7787	he.sawed	similar	prior	0.5
H7797	hbo:7797	he.will.rejoice	H8055	hbo:8055	rejoice	similar	high	1.0
H7797	hbo:7797	he.will.rejoice	H1523	hbo:1523	let.it.be.glad	similar	high	0.988
H7797	hbo:7797	he.will.rejoice	H5937	hbo:5937	I.will.exult	similar	high	0.888
H7797	hbo:7797	he.will.rejoice	H7442	hbo:7442	shout.for.joy	similar	high	0.864
H7797	hbo:7797	he.will.rejoice	H8056	hbo:8056	joyful	similar	high	0.781
H7797	hbo:7797	he.will.rejoice	H5970	hbo:5970	may.they.exult	similar	high	0.733
H7797	hbo:7797	he.will.rejoice	H6670	hbo:6670	cry.aloud	similar	prior	0.5
H7797	hbo:7797	he.will.rejoice	H2287	hbo:2287	you.will.celebrate.a.festival	similar	prior	0.5
H7797	hbo:7797	he.will.rejoice	H5965	hbo:5965	he.will.rejoice	similar	prior	0.5
H7797	hbo:7797	he.will.rejoice	H8057	hbo:8057	joy	similar	prior	0.5
H7797	hbo:7797	he.will.rejoice	H8342	hbo:8342	joy	similar	prior	0.5
H7799	hbo:7799	lilies	H8561	hbo:8561	palm.trees	similar	prior	0.5
H7806	hbo:7806	twisted	H8336	hbo:8336	fine.linen	similar	high	1.0
H7807	hbo:7807	lowly	H7817	hbo:7817	it.will.be.humbled	similar	prior	0.5
H7808	hbo:7808	thought	H7879	hbo:7879	complaint	similar	prior	0.5
H7809	hbo:7809	you.have.bribed	H7810	hbo:7810	a.bribe	similar	prior	0.6
H7810	hbo:7810	a.bribe	H4979	hbo:4979	gifts	similar	prior	0.5
H7810	hbo:7810	a.bribe	H7809	hbo:7809	you.have.bribed	similar	prior	0.5
H7811	hbo:7811	swimmer	H7813	hbo:7813	of.swimming	similar	prior	0.6
H7812	hbo:7812a	he.bowed.down	H6915	hbo:6915	he.bowed.low	similar	high	0.869
H7812	hbo:7812a	he.bowed.down	H5647	hbo:5647	serve	similar	high	0.753
H7812	hbo:7812a	he.bowed.down	H7816	hbo:7816	his.own	similar	prior	0.5
H7813	hbo:7813	of.swimming	H7811	hbo:7811	swimmer	similar	prior	0.5
H7814	hbo:7814	laughter	H6670	hbo:6670	cry.aloud	similar	prior	0.5
H7814	hbo:7814	laughter	H4890	hbo:4890	[are].laughter	similar	prior	0.5
H7815	hbo:7815	than.soot	H7838	hbo:7838	black	similar	prior	0.5
H7815	hbo:7815	than.soot	H7835	hbo:7835	it.has.become.black	similar	prior	0.5
H7817	hbo:7817	it.will.be.humbled	H8213	hbo:8213	it.will.become.low	similar	high	1.0
H7817	hbo:7817	it.will.be.humbled	H7812	hbo:7812a	he.bowed.down	similar	prior	0.6
H7817	hbo:7817	it.will.be.humbled	H5754	hbo:5754	a.ruin	similar	prior	0.5
H7817	hbo:7817	it.will.be.humbled	H4355	hbo:4355	it.comes.low	similar	prior	0.5
H7817	hbo:7817	it.will.be.humbled	H3721	hbo:3721	down?	similar	prior	0.5
H7817	hbo:7817	it.will.be.humbled	H3665	hbo:3665	he	similar	prior	0.5
H7819	hbo:7819	he.will.cut.the.throat.of	H2076	hbo:2076	sacrifice	similar	prior	0.5
H7819	hbo:7819	he.will.cut.the.throat.of	H2873	hbo:2873	slaughter	similar	prior	0.5
H7819	hbo:7819	he.will.cut.the.throat.of	H7821	hbo:7821	the.slaughter	similar	prior	0.5
H7819	hbo:7819	he.will.cut.the.throat.of	H7820	hbo:7820	beaten	similar	prior	0.5
H7820	hbo:7820	beaten	H3795	hbo:3795	pressed	similar	prior	0.5
H7820	hbo:7820	beaten	H7833	hbo:7833	I	similar	prior	0.5
H7820	hbo:7820	beaten	H1792	hbo:1792	they.are.crushed	similar	prior	0.5
H7821	hbo:7821	the.slaughter	H7819	hbo:7819	he.will.cut.the.throat.of	similar	prior	0.6
H7821	hbo:7821	the.slaughter	H7820	hbo:7820	beaten	similar	prior	0.5
H7822	hbo:7822	boil[s]	H5061	hbo:5061	plague	similar	high	0.838
H7822	hbo:7822	boil[s]	H6883	hbo:6883	of.a.serious.skin.disease	similar	high	0.787
H7822	hbo:7822	boil[s]	H6482	hbo:6482	bruise	similar	prior	0.5
H7825	hbo:7825	pits	H6354	hbo:6354	pit	similar	prior	0.5
H7825	hbo:7825	pits	H7812	hbo:7812a	he.bowed.down	similar	prior	0.5
H7825	hbo:7825	pits	H7816	hbo:7816	his.own	similar	prior	0.5
H7826	hbo:7826	a.lion	H3715	hbo:3715	a.young.lion	similar	high	0.962
H7826	hbo:7826	a.lion	H0738	hbo:0738a	a.lion	similar	high	0.706
H7826	hbo:7826	a.lion	H3833	hbo:3833	a.lion	similar	high	0.701
H7826	hbo:7826	a.lion	H6810	hbo:6810	young	similar	prior	0.5
H7826	hbo:7826	a.lion	H2061	hbo:2061	wolf	similar	prior	0.5
H7826	hbo:7826	a.lion	H7827	hbo:7827	onycha	similar	prior	0.5
H7829	hbo:7829	consumption	H7828	hbo:7828	gull	similar	prior	0.5
H7832	hbo:7832	it.laughs	H4890	hbo:4890	[are].laughter	similar	prior	0.6
H7832	hbo:7832	it.laughs	H1523	hbo:1523	let.it.be.glad	similar	prior	0.5
H7832	hbo:7832	it.laughs	H6711	hbo:6711	mock	similar	prior	0.5
H7833	hbo:7833	I	H1854	hbo:1854	he.pulverized.[it]	similar	prior	0.5
H7833	hbo:7833	I	H2912	hbo:2912	I.ground.[it]	similar	prior	0.5
H7833	hbo:7833	I	H7834	hbo:7834	clouds	similar	prior	0.5
H7834	hbo:7834	clouds	H5645	hbo:5645	clouds	similar	high	1.0
H7834	hbo:7834	clouds	H8064	hbo:8064	heavens	similar	high	0.673
H7835	hbo:7835	it.has.become.black	H7838	hbo:7838	black	similar	prior	0.6
H7837	hbo:7837	dawn	H0215	hbo:0215	make.shine	similar	high	0.656
H7837	hbo:7837	dawn	H4891	hbo:4891	of.dawn	similar	prior	0.6
H7837	hbo:7837	dawn	H1242	hbo:1242	morning	similar	prior	0.5
H7837	hbo:7837	dawn	H7836	hbo:7836	they	similar	prior	0.5
H7838	hbo:7838	black	H6669	hbo:6669	yellow	similar	high	0.737
H7838	hbo:7838	black	H3836	hbo:3836	white	antonym	recall	0.49
H7839	hbo:7839	hair	H7835	hbo:7835	it.has.become.black	similar	prior	0.5
H7839	hbo:7839	hair	H7815	hbo:7815	than.soot	similar	prior	0.5
H7839	hbo:7839	hair	H7840	hbo:7840	[am].blackish	similar	prior	0.5
H7839	hbo:7839	hair	H7838	hbo:7838	black	similar	prior	0.5
H7840	hbo:7840	[am].blackish	H7835	hbo:7835	it.has.become.black	similar	prior	0.6
H7840	hbo:7840	[am].blackish	H7838	hbo:7838	black	similar	prior	0.6
H7840	hbo:7840	[am].blackish	H7815	hbo:7815	than.soot	similar	prior	0.5
H7843	hbo:7843	destroy	H8045	hbo:8045	destroy	similar	high	0.993
H7843	hbo:7843	destroy	H3615	hbo:3615	he.finished	similar	high	0.672
H7843	hbo:7843	destroy	H0006	hbo:0006	destroy	similar	prior	0.5
H7843	hbo:7843	destroy	H4892	hbo:4892	his.destruction	similar	prior	0.5
H7845	hbo:7845	pit	H1360	hbo:1360	marshes	similar	prior	0.5
H7847	hbo:7847	she.will.turn.aside	H7750	hbo:7750	[those.who].fall.away	similar	prior	0.6
H7847	hbo:7847	she.will.turn.aside	H5493	hbo:5493	he.turned.aside	similar	prior	0.5
H7848	hbo:7848	of.acacia	H6086	hbo:6086	wood(s)	similar	high	0.809
H7849	hbo:7849	she.spread.out	H4894	hbo:4894	a.spreading.place	similar	prior	0.6
H7849	hbo:7849	she.spread.out	H7337	hbo:7337	you.enlarge	similar	prior	0.5
H7849	hbo:7849	she.spread.out	H6566	hbo:6566	he.spread.out	similar	prior	0.5
H7849	hbo:7849	she.spread.out	H7502	hbo:7502	I.have.spread.out	similar	prior	0.5
H7849	hbo:7849	she.spread.out	H5186	hbo:5186	incline	similar	prior	0.5
H7850	hbo:7850	scourge	H4880	hbo:4880	oars	similar	prior	0.5
H7850	hbo:7850	scourge	H7885	hbo:7885	of.rowing	similar	prior	0.5
H7850	hbo:7850	scourge	H7751	hbo:7751	[are].roving.about	similar	prior	0.5
H7850	hbo:7850	scourge	H7752	hbo:7752	whips	similar	prior	0.5
H7852	hbo:7852	they	H8130	hbo:8130	[those	similar	prior	0.5
H7852	hbo:7852	they	H6887	hbo:6887a	foes	similar	prior	0.5
H7853	hbo:7853	they	H7855	hbo:7855	an.accusation	similar	prior	0.5
H7853	hbo:7853	they	H7854	hbo:7854	adversary	similar	prior	0.5
H7854	hbo:7854	adversary	H4397	hbo:4397	messengers	antonym	recall	0.559
H7854	hbo:7854	adversary	H1100	hbo:1100	of.worthlessness	similar	prior	0.5
H7854	hbo:7854	adversary	H0341	hbo:0341	enemies	similar	prior	0.5
H7855	hbo:7855	an.accusation	H7854	hbo:7854	adversary	similar	prior	0.5
H7857	hbo:7857	overflowing	H7858	hbo:7858	flood	similar	high	0.91
H7857	hbo:7857	overflowing	H3526	hbo:3526	he.will.wash	similar	prior	0.5
H7857	hbo:7857	overflowing	H7364	hbo:7364	he.will.wash	similar	prior	0.5
H7857	hbo:7857	overflowing	H5140	hbo:5140a	streams	similar	prior	0.5
H7857	hbo:7857	overflowing	H8241	hbo:8241	a.flood	similar	prior	0.5
H7858	hbo:7858	flood	H7857	hbo:7857	overflowing	similar	high	0.91
H7858	hbo:7858	flood	H5104	hbo:5104	rivers	similar	prior	0.5
H7858	hbo:7858	flood	H7641	hbo:7641a	a.flood	similar	prior	0.5
H7858	hbo:7858	flood	H3999	hbo:3999	flood	similar	prior	0.5
H7858	hbo:7858	flood	H4325	hbo:4325	water	similar	prior	0.5
H7860	hbo:7860	officials	H8269	hbo:8269	officials	similar	high	0.844
H7860	hbo:7860	officials	H6346	hbo:6346	governors	similar	high	0.626
H7860	hbo:7860	officials	H5608	hbo:5608a	scribe	similar	prior	0.5
H7860	hbo:7860	officials	H6496	hbo:6496	overseers	similar	prior	0.5
H7862	hbo:7862	a.gift	H4979	hbo:4979	gifts	similar	prior	0.5
H7862	hbo:7862	a.gift	H4503	hbo:4503	offering	similar	prior	0.5
H7862	hbo:7862	a.gift	H8641	hbo:8641	the.contribution	similar	prior	0.5
H7867	hbo:7867	I.am.gray.haired	H7872	hbo:7872	old.age	similar	prior	0.5
H7868	hbo:7868	the.elders	H7872	hbo:7872	old.age	similar	prior	0.6
H7869	hbo:7869	his.old	H7872	hbo:7872	old.age	similar	prior	0.5
H7869	hbo:7869	his.old	H2204	hbo:2204	he.was.old	similar	prior	0.5
H7869	hbo:7869	his.old	H3453	hbo:3453	aged.[people]	similar	prior	0.5
H7869	hbo:7869	his.old	H7867	hbo:7867	I.am.gray.haired	similar	prior	0.5
H7870	hbo:7870	the.restoration	H7725	hbo:7725	return	similar	prior	0.5
H7870	hbo:7870	the.restoration	H4878	hbo:4878	apostasies	similar	prior	0.5
H7871	hbo:7871	dwelling	H7675	hbo:7675	the.sitting	similar	prior	0.5
H7871	hbo:7871	dwelling	H4186	hbo:4186	places	similar	prior	0.5
H7871	hbo:7871	dwelling	H3427	hbo:3427	the.inhabitants	similar	prior	0.5
H7871	hbo:7871	dwelling	H8453	hbo:8453	a.resident.alien	similar	prior	0.5
H7872	hbo:7872	old.age	H2209	hbo:2209	old.age	similar	high	0.777
H7872	hbo:7872	old.age	H2205	hbo:2205	the.elders	similar	prior	0.5
H7873	hbo:7873	a.going.away	H5381	hbo:5381	it.will.reach	similar	prior	0.6
H7873	hbo:7873	a.going.away	H5509	hbo:5509	dross(es)	similar	prior	0.5
H7873	hbo:7873	a.going.away	H5472	hbo:5472	may.they.be.turned.back	similar	prior	0.5
H7874	hbo:7874	you.will.whitewash	H7875	hbo:7875	lime	similar	prior	0.5
H7876	hbo:7876	you.forgot	H5382	hbo:5382	he	similar	prior	0.5
H7878	hbo:7878	I.will.meditate	H1897	hbo:1897	it.will.utter	similar	high	0.663
H7878	hbo:7878	I.will.meditate	H7881	hbo:7881	meditation	similar	prior	0.5
H7878	hbo:7878	I.will.meditate	H7879	hbo:7879	complaint	similar	prior	0.5
H7878	hbo:7878	I.will.meditate	H7808	hbo:7808	thought	similar	prior	0.5
H7879	hbo:7879	complaint	H7878	hbo:7878	I.will.meditate	similar	prior	0.6
H7880	hbo:7880	(the).bush[es]	H6086	hbo:6086	wood(s)	similar	prior	0.5
H7880	hbo:7880	(the).bush[es]	H6212	hbo:6212	vegetation	similar	prior	0.5
H7881	hbo:7881	meditation	H1897	hbo:1897	it.will.utter	similar	high	0.606
H7881	hbo:7881	meditation	H7808	hbo:7808	thought	similar	prior	0.5
H7881	hbo:7881	meditation	H7879	hbo:7879	complaint	similar	prior	0.5
H7882	hbo:7882	a.pit	H7845	hbo:7845	pit	similar	prior	0.5
H7885	hbo:7885	of.rowing	H4880	hbo:4880	oars	similar	prior	0.6
H7891	hbo:7891	singers	H7892	hbo:7892	a.song	similar	high	1.0
H7891	hbo:7891	singers	H5059	hbo:5059	to.play	similar	high	0.748
H7891	hbo:7891	singers	H2167	hbo:2167	sing.praises	similar	high	0.686
H7891	hbo:7891	singers	H4210	hbo:4210	a.psalm	similar	high	0.63
H7891	hbo:7891	singers	H8057	hbo:8057	joy	similar	prior	0.5
H7892	hbo:7892	a.song	H7891	hbo:7891	singers	similar	high	1.0
H7892	hbo:7892	a.song	H4210	hbo:4210	a.psalm	similar	high	0.98
H7892	hbo:7892	a.song	H5058	hbo:5058	stringed.instruments	similar	high	0.813
H7892	hbo:7892	a.song	H2172	hbo:2172	of.music	similar	high	0.728
H7892	hbo:7892	a.song	H8416	hbo:8416	praise	similar	prior	0.5
H7892	hbo:7892	a.song	H2158	hbo:2158	songs	similar	prior	0.5
H7896	hbo:7896	I	H5414	hbo:5414	give	similar	prior	0.5
H7896	hbo:7896	I	H5564	hbo:5564	he.will.lean	similar	prior	0.5
H7897	hbo:7897	[the].garment	H7896	hbo:7896	I	similar	prior	0.5
H7897	hbo:7897	[the].garment	H8356	hbo:8356	foundations	similar	prior	0.5
H7897	hbo:7897	[the].garment	H7898	hbo:7898	bush[es]	similar	prior	0.5
H7898	hbo:7898	bush[es]	H8068	hbo:8068	thorn[s]	similar	high	1.0
H7898	hbo:7898	bush[es]	H8356	hbo:8356	foundations	similar	prior	0.5
H7898	hbo:7898	bush[es]	H7896	hbo:7896	I	similar	prior	0.5
H7899	hbo:7899	thorns	H7905	hbo:7905	harpoons	similar	prior	0.5
H7900	hbo:7900	booth	H5526	hbo:5526	covering	similar	prior	0.5
H7901	hbo:7901	he.lay.down	H4904	hbo:4904	bed	similar	high	0.902
H7901	hbo:7901	he.lay.down	H3331	hbo:3331	it.was.spread.as.a.bed	similar	prior	0.5
H7901	hbo:7901	he.lay.down	H7257	hbo:7257	they.will.lie.down	similar	prior	0.5
H7901	hbo:7901	he.lay.down	H7250	hbo:7250	lie	similar	prior	0.5
H7901	hbo:7901	he.lay.down	H7903	hbo:7903	copulation	similar	prior	0.5
H7902	hbo:7902	a.laying	H2919	hbo:2919	dew	similar	prior	0.5
H7902	hbo:7902	a.laying	H4478	hbo:4478	manna	similar	prior	0.5
H7902	hbo:7902	a.laying	H7901	hbo:7901	he.lay.down	similar	prior	0.5
H7903	hbo:7903	copulation	H7250	hbo:7250	lie	similar	high	0.706
H7903	hbo:7903	copulation	H2233	hbo:2233	offspring	similar	prior	0.5
H7907	hbo:7907	heart	H4906	hbo:4906	his.carved.image	similar	prior	0.5
H7908	hbo:7908	childlessness	H7921	hbo:7921	it.will.make.childless	similar	prior	0.6
H7908	hbo:7908	childlessness	H7909	hbo:7909	robbed.of.cubs	similar	prior	0.6
H7909	hbo:7909	robbed.of.cubs	H7921	hbo:7921	it.will.make.childless	similar	prior	0.6
H7910	hbo:7910	drunkard	H8354	hbo:8354	drink	similar	prior	0.6
H7910	hbo:7910	drunkard	H7941	hbo:7941	strong.drink	similar	prior	0.6
H7910	hbo:7910	drunkard	H7937	hbo:7937	I.will.make.drunk	similar	prior	0.5
H7910	hbo:7910	drunkard	H7943	hbo:7943	drunkenness	similar	prior	0.5
H7911	hbo:7911	forget	H2142	hbo:2142	remember	antonym	recall	0.743
H7911	hbo:7911	forget	H5382	hbo:5382	he	similar	high	0.705
H7913	hbo:7913	forgetting	H7911	hbo:7911	forget	similar	prior	0.6
H7914	hbo:7914	the.ships	H4906	hbo:4906	his.carved.image	similar	prior	0.5
H7914	hbo:7914	the.ships	H7907	hbo:7907	heart	similar	prior	0.5
H7916	hbo:7916	of.a.hired.laborer	H7939	hbo:7939	wage[s]	similar	high	0.835
H7916	hbo:7916	of.a.hired.laborer	H7938	hbo:7938	of.wage[s]	similar	prior	0.6
H7916	hbo:7916	of.a.hired.laborer	H5650	hbo:5650	servant	similar	prior	0.5
H7918	hbo:7918	as.subsided	H8367	hbo:8367	that.it.will.be.quiet	similar	prior	0.5
H7919	hbo:7919	insight	H0995	hbo:0995	understand	similar	high	1.0
H7919	hbo:7919	insight	H2450	hbo:2450	wise	similar	high	0.827
H7919	hbo:7919	insight	H2449	hbo:2449	you.are.wise	similar	high	0.809
H7919	hbo:7919	insight	H2451	hbo:2451	wisdom	similar	high	0.789
H7919	hbo:7919	insight	H6743	hbo:6743	succeed	similar	prior	0.5
H7921	hbo:7921	it.will.make.childless	H7908	hbo:7908	childlessness	similar	prior	0.5
H7921	hbo:7921	it.will.make.childless	H7923	hbo:7923	your.bereavement(s)	similar	prior	0.5
H7922	hbo:7922	insight	H8394	hbo:8394	understanding	similar	high	0.859
H7922	hbo:7922	insight	H0998	hbo:0998	understanding	similar	high	0.828
H7922	hbo:7922	insight	H2451	hbo:2451	wisdom	similar	high	0.809
H7922	hbo:7922	insight	H1847	hbo:1847	knowledge	similar	high	0.778
H7922	hbo:7922	insight	H3684	hbo:3684	a.fool	antonym	recall	0.577
H7922	hbo:7922	insight	H4905	hbo:4905	a.poem	similar	prior	0.5
H7923	hbo:7923	your.bereavement(s)	H7908	hbo:7908	childlessness	similar	prior	0.5
H7924	hbo:7924	insight	H0998	hbo:0998	understanding	similar	prior	0.5
H7924	hbo:7924	insight	H7920	hbo:7920	considering	similar	prior	0.5
H7925	hbo:7925	he.rose.early	H6965	hbo:6965	he.arose	similar	high	0.73
H7926	hbo:7926	shoulder	H1458	hbo:1458	back	similar	prior	0.5
H7926	hbo:7926	shoulder	H7925	hbo:7925	he.rose.early	similar	prior	0.5
H7931	hbo:7931	dwell	H3427	hbo:3427	the.inhabitants	similar	high	0.684
H7931	hbo:7931	dwell	H7932	hbo:7932	they.dwelt	similar	prior	0.6
H7931	hbo:7931	dwell	H4186	hbo:4186	places	similar	prior	0.5
H7931	hbo:7931	dwell	H2583	hbo:2583	they.encamped	similar	prior	0.5
H7934	hbo:7934	neighbors	H7453	hbo:7453	neighbor	similar	prior	0.5
H7934	hbo:7934	neighbors	H7138	hbo:7138	near	similar	prior	0.5
H7934	hbo:7934	neighbors	H7931	hbo:7931	dwell	similar	prior	0.5
H7934	hbo:7934	neighbors	H4908	hbo:4908	tabernacle	similar	prior	0.5
H7936	hbo:7936	he.hired	H7939	hbo:7939	wage[s]	similar	high	0.888
H7936	hbo:7936	he.hired	H7916	hbo:7916	of.a.hired.laborer	similar	prior	0.6
H7936	hbo:7936	he.hired	H7938	hbo:7938	of.wage[s]	similar	prior	0.6
H7936	hbo:7936	he.hired	H6467	hbo:6467	work	similar	prior	0.5
H7936	hbo:7936	he.hired	H4909	hbo:4909	wage[s]	similar	prior	0.5
H7937	hbo:7937	I.will.make.drunk	H7910	hbo:7910	drunkard	similar	prior	0.6
H7937	hbo:7937	I.will.make.drunk	H7941	hbo:7941	strong.drink	similar	prior	0.6
H7937	hbo:7937	I.will.make.drunk	H7943	hbo:7943	drunkenness	similar	prior	0.6
H7939	hbo:7939	wage[s]	H7936	hbo:7936	he.hired	similar	high	0.888
H7939	hbo:7939	wage[s]	H7916	hbo:7916	of.a.hired.laborer	similar	high	0.835
H7939	hbo:7939	wage[s]	H6468	hbo:6468	wage[s]	similar	high	0.812
H7939	hbo:7939	wage[s]	H7938	hbo:7938	of.wage[s]	similar	prior	0.6
H7939	hbo:7939	wage[s]	H4242	hbo:4242	a.price	similar	prior	0.5
H7939	hbo:7939	wage[s]	H1576	hbo:1576	recompense	similar	prior	0.5
H7939	hbo:7939	wage[s]	H4909	hbo:4909	wage[s]	similar	prior	0.5
H7939	hbo:7939	wage[s]	H1578	hbo:1578	reward	similar	prior	0.5
H7939	hbo:7939	wage[s]	H6467	hbo:6467	work	similar	prior	0.5
H7941	hbo:7941	strong.drink	H3196	hbo:3196	wine	similar	high	1.0
H7941	hbo:7941	strong.drink	H4680	hbo:4680	it.will.be.drained.out	similar	prior	0.5
H7941	hbo:7941	strong.drink	H7943	hbo:7943	drunkenness	similar	prior	0.5
H7941	hbo:7941	strong.drink	H7910	hbo:7910	drunkard	similar	prior	0.5
H7941	hbo:7941	strong.drink	H7937	hbo:7937	I.will.make.drunk	similar	prior	0.5
H7943	hbo:7943	drunkenness	H7910	hbo:7910	drunkard	similar	prior	0.6
H7943	hbo:7943	drunkenness	H7937	hbo:7937	I.will.make.drunk	similar	prior	0.5
H7946	hbo:7946	[is].at.ease	H7600	hbo:7600	your	similar	prior	0.6
H7946	hbo:7946	[is].at.ease	H7599	hbo:7599	he.will.be.at.ease	similar	prior	0.6
H7948	hbo:7948	bars	H4526	hbo:4526	rims	similar	high	0.853
H7948	hbo:7948	bars	H4350	hbo:4350	stands	similar	high	0.792
H7948	hbo:7948	bars	H7947	hbo:7947	joined	similar	prior	0.5
H7949	hbo:7949	let.it.snow	H7950	hbo:7950	snow	similar	prior	0.5
H7950	hbo:7950	snow	H3713	hbo:3713a	hoar-frost	similar	high	0.631
H7950	hbo:7950	snow	H7949	hbo:7949	let.it.snow	similar	prior	0.6
H7950	hbo:7950	snow	H7140	hbo:7140	ice	similar	high	0.585
H7950	hbo:7950	snow	H1259	hbo:1259	hail	similar	high	0.545
H7951	hbo:7951	they.are.at.ease	H7599	hbo:7599	he.will.be.at.ease	similar	prior	0.5
H7951	hbo:7951	they.are.at.ease	H7961	hbo:7961	at.ease	similar	prior	0.5
H7951	hbo:7951	they.are.at.ease	H7962	hbo:7962	security	similar	prior	0.5
H7951	hbo:7951	they.are.at.ease	H7987	hbo:7987	quietness	similar	prior	0.5
H7951	hbo:7951	they.are.at.ease	H7952	hbo:7952	be.negligent	similar	prior	0.5
H7952	hbo:7952	be.negligent	H7961	hbo:7961	at.ease	similar	prior	0.5
H7957	hbo:7957	of.flame	H3852	hbo:3852	flame	similar	prior	0.6
H7957	hbo:7957	of.flame	H3827	hbo:3827	flame	similar	prior	0.5
H7958	hbo:7958	quail	H4478	hbo:4478	manna	similar	prior	0.5
H7961	hbo:7961	at.ease	H8252	hbo:8252	it.was.at.peace	similar	high	0.635
H7961	hbo:7961	at.ease	H7951	hbo:7951	they.are.at.ease	similar	prior	0.6
H7961	hbo:7961	at.ease	H7600	hbo:7600	your	similar	prior	0.5
H7961	hbo:7961	at.ease	H7962	hbo:7962	security	similar	prior	0.5
H7962	hbo:7962	security	H7961	hbo:7961	at.ease	similar	prior	0.5
H7962	hbo:7962	security	H7952	hbo:7952	be.negligent	similar	prior	0.5
H7963	hbo:7963	prosperity	H7954	hbo:7954	at.ease	similar	prior	0.5
H7965	hbo:7965	peace	H7999	hbo:7999	he.will.repay	similar	prior	0.6
H7965	hbo:7965	peace	H4974	hbo:4974	soundness	similar	prior	0.5
H7965	hbo:7965	peace	H4496	hbo:4496	rest	similar	prior	0.5
H7965	hbo:7965	peace	H7962	hbo:7962	security	similar	prior	0.5
H7966	hbo:7966	retribution	H5359	hbo:5359	vengeance	similar	high	0.688
H7966	hbo:7966	retribution	H1576	hbo:1576	recompense	similar	prior	0.5
H7966	hbo:7966	retribution	H7999	hbo:7999	he.will.repay	similar	prior	0.5
H7966	hbo:7966	retribution	H8002	hbo:8002	the.peace.offerings	similar	prior	0.5
H7966	hbo:7966	retribution	H8005	hbo:8005	retribution	similar	prior	0.5
H7966	hbo:7966	retribution	H8003	hbo:8003	complete	similar	prior	0.5
H7966	hbo:7966	retribution	H8021	hbo:8021	rewards	similar	prior	0.5
H7970	hbo:7970	officers	H8029	hbo:8029	a.third.generation	similar	prior	0.5
H7970	hbo:7970	officers	H8027	hbo:8027	three.years.old	similar	prior	0.5
H7971	hbo:7971	he.sent	H4397	hbo:4397	messengers	similar	high	0.937
H7971	hbo:7971	he.sent	H1980	hbo:1980	go	similar	high	0.75
H7971	hbo:7971	he.sent	H3748	hbo:3748	of.divorce	similar	prior	0.5
H7971	hbo:7971	he.sent	H7964	hbo:7964	dowri(es)	similar	prior	0.5
H7971	hbo:7971	he.sent	H4916	hbo:4916a	sending	similar	prior	0.5
H7976	hbo:7976	shoots	H4916	hbo:4916a	sending	similar	prior	0.5
H7976	hbo:7976	shoots	H7971	hbo:7971	he.sent	similar	prior	0.5
H7976	hbo:7976	shoots	H7964	hbo:7964	dowri(es)	similar	prior	0.5
H7976	hbo:7976	shoots	H4917	hbo:4917	discharge	similar	prior	0.5
H7979	hbo:7979	table	H4635	hbo:4635	the.row	similar	high	0.787
H7980	hbo:7980	he	H7989	hbo:7989	ruler	similar	prior	0.6
H7980	hbo:7980	he	H7983	hbo:7983	[is].mastery	similar	prior	0.6
H7982	hbo:7982	shields	H4043	hbo:4043	shield	similar	prior	0.5
H7983	hbo:7983	[is].mastery	H7986	hbo:7986	imperious	similar	prior	0.5
H7983	hbo:7983	[is].mastery	H7989	hbo:7989	ruler	similar	prior	0.5
H7983	hbo:7983	[is].mastery	H7980	hbo:7980	he	similar	prior	0.5
H7984	hbo:7984	the.authorities	H7985	hbo:7985	dominion	similar	prior	0.5
H7984	hbo:7984	the.authorities	H7981	hbo:7981	he	similar	prior	0.5
H7984	hbo:7984	the.authorities	H7990	hbo:7990	[is].having.mastery	similar	prior	0.5
H7985	hbo:7985	dominion	H4437	hbo:4437	the	similar	high	1.0
H7985	hbo:7985	dominion	H4430	hbo:4430	the	similar	prior	0.5
H7985	hbo:7985	dominion	H7981	hbo:7981	he	similar	prior	0.5
H7986	hbo:7986	imperious	H7980	hbo:7980	he	similar	prior	0.6
H7986	hbo:7986	imperious	H7983	hbo:7983	[is].mastery	similar	prior	0.6
H7986	hbo:7986	imperious	H7989	hbo:7989	ruler	similar	prior	0.6
H7987	hbo:7987	quietness	H7961	hbo:7961	at.ease	similar	prior	0.5
H7987	hbo:7987	quietness	H7952	hbo:7952	be.negligent	similar	prior	0.5
H7987	hbo:7987	quietness	H7962	hbo:7962	security	similar	prior	0.5
H7988	hbo:7988	afterbirth	H7953	hbo:7953	he.will.take.away	similar	prior	0.5
H7989	hbo:7989	ruler	H7983	hbo:7983	[is].mastery	similar	prior	0.6
H7989	hbo:7989	ruler	H8269	hbo:8269	officials	similar	prior	0.5
H7989	hbo:7989	ruler	H7980	hbo:7980	he	similar	prior	0.5
H7989	hbo:7989	ruler	H7986	hbo:7986	imperious	similar	prior	0.5
H7990	hbo:7990	[is].having.mastery	H7985	hbo:7985	dominion	similar	prior	0.5
H7990	hbo:7990	[is].having.mastery	H7981	hbo:7981	he	similar	prior	0.5
H7991	hbo:7991	officers	H8269	hbo:8269	officials	similar	high	0.875
H7991	hbo:7991	officers	H8029	hbo:8029	a.third.generation	similar	prior	0.6
H7991	hbo:7991	officers	H7101	hbo:7101	O.rulers	similar	prior	0.5
H7991	hbo:7991	officers	H8027	hbo:8027	three.years.old	similar	prior	0.5
H7991	hbo:7991	officers	H7970	hbo:7970	officers	similar	prior	0.5
H7993	hbo:7993	he.threw	H7994	hbo:7994	cormorant	similar	prior	0.5
H7993	hbo:7993	he.threw	H7995	hbo:7995	felling	similar	prior	0.5
H7994	hbo:7994	cormorant	H7995	hbo:7995	felling	similar	prior	0.5
H7998	hbo:7998	plunder	H0962	hbo:0962	they.plundered	similar	high	0.972
H7998	hbo:7998	plunder	H0957	hbo:0957	spoil	similar	high	0.751
H7998	hbo:7998	plunder	H8154	hbo:8154	of	similar	prior	0.5
H7999	hbo:7999	he.will.repay	H1580	hbo:1580	he	similar	high	0.8
H7999	hbo:7999	he.will.repay	H5358	hbo:5358	he.will.be.avenged	similar	prior	0.5
H7999	hbo:7999	he.will.repay	H8021	hbo:8021	rewards	similar	prior	0.5
H7999	hbo:7999	he.will.repay	H8005	hbo:8005	retribution	similar	prior	0.5
H7999	hbo:7999	he.will.repay	H7965	hbo:7965	peace	similar	prior	0.5
H7999	hbo:7999	he.will.repay	H8003	hbo:8003	complete	similar	prior	0.5
H8001	hbo:8001	peace	H8000	hbo:8000	he	similar	prior	0.5
H8002	hbo:8002	the.peace.offerings	H2077	hbo:2077	sacrifices	similar	high	1.0
H8002	hbo:8002	the.peace.offerings	H5930	hbo:5930	a.burnt.offering	similar	high	0.982
H8002	hbo:8002	the.peace.offerings	H4503	hbo:4503	offering	similar	high	0.844
H8002	hbo:8002	the.peace.offerings	H7965	hbo:7965	peace	similar	prior	0.6
H8002	hbo:8002	the.peace.offerings	H8005	hbo:8005	retribution	similar	prior	0.5
H8002	hbo:8002	the.peace.offerings	H7999	hbo:7999	he.will.repay	similar	prior	0.5
H8002	hbo:8002	the.peace.offerings	H8021	hbo:8021	rewards	similar	prior	0.5
H8002	hbo:8002	the.peace.offerings	H8003	hbo:8003	complete	similar	prior	0.5
H8003	hbo:8003	complete	H7965	hbo:7965	peace	similar	prior	0.6
H8003	hbo:8003	complete	H7999	hbo:7999	he.will.repay	similar	prior	0.6
H8003	hbo:8003	complete	H8552	hbo:8552	was.finished	similar	prior	0.5
H8003	hbo:8003	complete	H3632	hbo:3632	a.whole.offering	similar	prior	0.5
H8003	hbo:8003	complete	H8021	hbo:8021	rewards	similar	prior	0.5
H8003	hbo:8003	complete	H8005	hbo:8005	retribution	similar	prior	0.5
H8005	hbo:8005	retribution	H7965	hbo:7965	peace	similar	prior	0.5
H8005	hbo:8005	retribution	H8021	hbo:8021	rewards	similar	prior	0.5
H8008	hbo:8008	garments	H4055	hbo:4055	garments	similar	high	0.69
H8008	hbo:8008	garments	H8071	hbo:8071	clothes	similar	prior	0.6
H8008	hbo:8008	garments	H0899	hbo:0899	garments	similar	prior	0.5
H8008	hbo:8008	garments	H3830	hbo:3830	clothing	similar	prior	0.5
H8011	hbo:8011	retribution	H8002	hbo:8002	the.peace.offerings	similar	prior	0.5
H8011	hbo:8011	retribution	H8003	hbo:8003	complete	similar	prior	0.5
H8011	hbo:8011	retribution	H7965	hbo:7965	peace	similar	prior	0.5
H8011	hbo:8011	retribution	H8021	hbo:8021	rewards	similar	prior	0.5
H8011	hbo:8011	retribution	H8005	hbo:8005	retribution	similar	prior	0.5
H8011	hbo:8011	retribution	H7999	hbo:7999	he.will.repay	similar	prior	0.5
H8011	hbo:8011	retribution	H7966	hbo:7966	retribution	similar	prior	0.5
H8021	hbo:8021	rewards	H7966	hbo:7966	retribution	similar	prior	0.6
H8021	hbo:8021	rewards	H7965	hbo:7965	peace	similar	prior	0.5
H8025	hbo:8025	[who].drew	H6584	hbo:6584	they.made.a.raid	similar	prior	0.5
H8025	hbo:8025	[who].drew	H5423	hbo:5423	he.tore.apart	similar	prior	0.5
H8029	hbo:8029	a.third.generation	H7256	hbo:7256	a.fourth.generation	similar	high	1.0
H8029	hbo:8029	a.third.generation	H8027	hbo:8027	three.years.old	similar	prior	0.5
H8034	hbo:8034	name	H8036	hbo:8036	name	similar	prior	0.6
H8034	hbo:8034	name	H2143	hbo:2143	remembrance	similar	prior	0.5
H8034	hbo:8034	name	H5344	hbo:5344	they.had.been.designated	similar	prior	0.5
H8040	hbo:8040	left	H3225	hbo:3225	hand	antonym	recall	0.817
H8040	hbo:8040	left	H6828	hbo:6828	northward	similar	prior	0.5
H8040	hbo:8040	left	H3233	hbo:3233	right	antonym	recall	0.47
H8041	hbo:8041	go.to.the.left	H3231	hbo:3231	go.to.the.right	antonym	recall	0.906
H8041	hbo:8041	go.to.the.left	H8040	hbo:8040	left	similar	prior	0.6
H8041	hbo:8041	go.to.the.left	H8042	hbo:8042	left	similar	prior	0.5
H8042	hbo:8042	left	H3233	hbo:3233	right	antonym	recall	0.699
H8045	hbo:8045	destroy	H7843	hbo:7843	destroy	similar	high	0.993
H8045	hbo:8045	destroy	H2763	hbo:2763	he.totally.destroyed	similar	high	0.888
H8045	hbo:8045	destroy	H0006	hbo:0006	destroy	similar	high	0.886
H8045	hbo:8045	destroy	H1197	hbo:1197a	you.will.remove	similar	prior	0.5
H8045	hbo:8045	destroy	H5307	hbo:5307	they.will.fall	similar	prior	0.5
H8045	hbo:8045	destroy	H3582	hbo:3582	hide.[it]	similar	prior	0.5
H8045	hbo:8045	destroy	H6789	hbo:6789	I	similar	prior	0.5
H8045	hbo:8045	destroy	H2000	hbo:2000	he	similar	prior	0.5
H8047	hbo:8047	waste	H8077	hbo:8077	a.desolation	similar	high	0.986
H8047	hbo:8047	waste	H8322	hbo:8322	a.hissing	similar	high	0.925
H8047	hbo:8047	waste	H2723	hbo:2723	ruins	similar	high	0.722
H8047	hbo:8047	waste	H8076	hbo:8076	desolate	similar	prior	0.6
H8047	hbo:8047	waste	H8075	hbo:8075	he.was.appalled	similar	prior	0.6
H8047	hbo:8047	waste	H7722	hbo:7722a	devastation	similar	prior	0.5
H8047	hbo:8047	waste	H4923	hbo:4923	a.waste	similar	prior	0.5
H8047	hbo:8047	waste	H2721	hbo:2721	heat	similar	prior	0.5
H8047	hbo:8047	waste	H4114	hbo:4114	the.overthrow	similar	prior	0.5
H8047	hbo:8047	waste	H8074	hbo:8074	he.will.be.appalled	similar	prior	0.5
H8052	hbo:8052	report	H8088	hbo:8088	report	similar	high	0.952
H8052	hbo:8052	report	H1697	hbo:1697	the.word	similar	prior	0.5
H8055	hbo:8055	rejoice	H1523	hbo:1523	let.it.be.glad	similar	high	1.0
H8055	hbo:8055	rejoice	H7797	hbo:7797	he.will.rejoice	similar	high	1.0
H8055	hbo:8055	rejoice	H5970	hbo:5970	may.they.exult	similar	high	0.758
H8056	hbo:8056	joyful	H1523	hbo:1523	let.it.be.glad	similar	high	0.81
H8056	hbo:8056	joyful	H7797	hbo:7797	he.will.rejoice	similar	high	0.781
H8057	hbo:8057	joy	H8342	hbo:8342	joy	similar	high	1.0
H8057	hbo:8057	joy	H1524	hbo:1524	rejoicing	similar	high	0.749
H8057	hbo:8057	joy	H7445	hbo:7445	a.cry.of.joy	similar	high	0.74
H8057	hbo:8057	joy	H0060	hbo:0060	mourning	antonym	recall	0.544
H8057	hbo:8057	joy	H3015	hbo:3015	sorrow	antonym	recall	0.504
H8058	hbo:8058	they.had.stumbled	H3782	hbo:3782	they.will.stumble	similar	prior	0.5
H8058	hbo:8058	they.had.stumbled	H5307	hbo:5307	they.will.fall	similar	prior	0.5
H8058	hbo:8058	they.had.stumbled	H5203	hbo:5203	I.will.abandon	similar	prior	0.5
H8058	hbo:8058	they.had.stumbled	H8059	hbo:8059	the.remission	similar	prior	0.5
H8059	hbo:8059	the.remission	H3104	hbo:3104	the.jubilee	similar	high	0.812
H8059	hbo:8059	the.remission	H1865	hbo:1865	liberty	similar	prior	0.5
H8059	hbo:8059	the.remission	H8058	hbo:8058	they.had.stumbled	similar	prior	0.5
H8064	hbo:8064	heavens	H3556	hbo:3556	stars	similar	high	0.787
H8064	hbo:8064	heavens	H7549	hbo:7549	the.firmament	similar	high	0.786
H8064	hbo:8064	heavens	H7834	hbo:7834	clouds	similar	high	0.673
H8064	hbo:8064	heavens	H0776	hbo:0776	the.land	antonym	recall	0.629
H8064	hbo:8064	heavens	H8065	hbo:8065	of	similar	prior	0.5
H8065	hbo:8065	of	H0772	hbo:0772	the	antonym	recall	0.894
H8068	hbo:8068	thorn[s]	H7898	hbo:7898	bush[es]	similar	high	1.0
H8071	hbo:8071	clothes	H0899	hbo:0899	garments	similar	high	0.825
H8071	hbo:8071	clothes	H3801	hbo:3801	tunics	similar	high	0.693
H8071	hbo:8071	clothes	H4055	hbo:4055	garments	similar	high	0.667
H8071	hbo:8071	clothes	H4598	hbo:4598	the.robe	similar	high	0.641
H8071	hbo:8071	clothes	H8008	hbo:8008	garments	similar	prior	0.5
H8074	hbo:8074	he.will.be.appalled	H8077	hbo:8077	a.desolation	similar	high	1.0
H8074	hbo:8074	he.will.be.appalled	H4923	hbo:4923	a.waste	similar	high	0.922
H8074	hbo:8074	he.will.be.appalled	H2717	hbo:2717	they.will.be.waste	similar	high	0.861
H8074	hbo:8074	he.will.be.appalled	H8076	hbo:8076	desolate	similar	prior	0.6
H8074	hbo:8074	he.will.be.appalled	H8539	hbo:8539	be.astonished	similar	prior	0.5
H8074	hbo:8074	he.will.be.appalled	H2720	hbo:2720	[is].desolate	similar	prior	0.5
H8074	hbo:8074	he.will.be.appalled	H4875	hbo:4875	desolation	similar	prior	0.5
H8074	hbo:8074	he.will.be.appalled	H8047	hbo:8047	waste	similar	prior	0.5
H8076	hbo:8076	desolate	H8077	hbo:8077	a.desolation	similar	prior	0.6
H8076	hbo:8076	desolate	H1565	hbo:1565	barren	similar	prior	0.5
H8076	hbo:8076	desolate	H4923	hbo:4923	a.waste	similar	prior	0.5
H8076	hbo:8076	desolate	H8078	hbo:8078	horror	similar	prior	0.5
H8076	hbo:8076	desolate	H8074	hbo:8074	he.will.be.appalled	similar	prior	0.5
H8076	hbo:8076	desolate	H8047	hbo:8047	waste	similar	prior	0.5
H8077	hbo:8077	a.desolation	H4923	hbo:4923	a.waste	similar	high	1.0
H8077	hbo:8077	a.desolation	H8074	hbo:8074	he.will.be.appalled	similar	high	1.0
H8077	hbo:8077	a.desolation	H8047	hbo:8047	waste	similar	high	0.986
H8077	hbo:8077	a.desolation	H2723	hbo:2723	ruins	similar	high	0.978
H8077	hbo:8077	a.desolation	H2721	hbo:2721	heat	similar	high	0.687
H8077	hbo:8077	a.desolation	H8078	hbo:8078	horror	similar	prior	0.5
H8078	hbo:8078	horror	H8074	hbo:8074	he.will.be.appalled	similar	prior	0.5
H8078	hbo:8078	horror	H8047	hbo:8047	waste	similar	prior	0.5
H8080	hbo:8080	he.became.fat	H4924	hbo:4924	fat.places	similar	prior	0.6
H8080	hbo:8080	he.became.fat	H1277	hbo:1277	fat	similar	prior	0.5
H8080	hbo:8080	he.became.fat	H8081	hbo:8081	oil	similar	prior	0.5
H8080	hbo:8080	he.became.fat	H1878	hbo:1878	he.will.be.made.fat	similar	prior	0.5
H8080	hbo:8080	he.became.fat	H0820	hbo:0820	people	similar	prior	0.5
H8080	hbo:8080	he.became.fat	H8082	hbo:8082	fertile	similar	prior	0.5
H8081	hbo:8081	oil	H4888	hbo:4888	anointing	similar	high	0.954
H8081	hbo:8081	oil	H3795	hbo:3795	pressed	similar	high	0.925
H8081	hbo:8081	oil	H4886	hbo:4886	you.will.anoint	similar	prior	0.5
H8081	hbo:8081	oil	H3323	hbo:3323	oil	similar	prior	0.5
H8081	hbo:8081	oil	H8082	hbo:8082	fertile	similar	prior	0.5
H8081	hbo:8081	oil	H8080	hbo:8080	he.became.fat	similar	prior	0.5
H8081	hbo:8081	oil	H0820	hbo:0820	people	similar	prior	0.5
H8082	hbo:8082	fertile	H1277	hbo:1277	fat	similar	high	0.554
H8082	hbo:8082	fertile	H0820	hbo:0820	people	similar	prior	0.5
H8085	hbo:8085	hear	H8088	hbo:8088	report	similar	high	1.0
H8085	hbo:8085	hear	H7181	hbo:7181	pay.attention	similar	high	0.972
H8085	hbo:8085	hear	H0238	hbo:0238	give	similar	high	0.899
H8085	hbo:8085	hear	H1875	hbo:1875	seek	similar	prior	0.5
H8085	hbo:8085	hear	H7182	hbo:7182	attentiveness	similar	prior	0.5
H8085	hbo:8085	hear	H4928	hbo:4928	bodyguard	similar	prior	0.5
H8088	hbo:8088	report	H8085	hbo:8085	hear	similar	high	1.0
H8088	hbo:8088	report	H8052	hbo:8052	report	similar	high	0.952
H8088	hbo:8088	report	H1697	hbo:1697	the.word	similar	prior	0.5
H8089	hbo:8089	of.him	H8052	hbo:8052	report	similar	prior	0.5
H8089	hbo:8089	of.him	H1697	hbo:1697	the.word	similar	prior	0.5
H8089	hbo:8089	of.him	H2045	hbo:2045	information	similar	prior	0.5
H8089	hbo:8089	of.him	H4926	hbo:4926	the.hearing	similar	prior	0.5
H8089	hbo:8089	of.him	H4928	hbo:4928	bodyguard	similar	prior	0.5
H8103	hbo:8103	derision	H8102	hbo:8102	a.whisper	similar	prior	0.5
H8104	hbo:8104	keep	H4931	hbo:4931	the.duty	similar	high	0.975
H8104	hbo:8104	keep	H4929	hbo:4929	guard	similar	prior	0.6
H8104	hbo:8104	keep	H0821	hbo:0821	the.watch	similar	prior	0.6
H8104	hbo:8104	keep	H8108	hbo:8108	a.guard	similar	prior	0.6
H8104	hbo:8104	keep	H5341	hbo:5341	keep	similar	prior	0.5
H8104	hbo:8104	keep	H8245	hbo:8245	[am].keeping.watch	similar	prior	0.5
H8104	hbo:8104	keep	H6822	hbo:6822	watchman	similar	prior	0.5
H8104	hbo:8104	keep	H7778	hbo:7778	gatekeepers	similar	prior	0.5
H8104	hbo:8104	keep	H1598	hbo:1598	I.will.defend	similar	prior	0.5
H8104	hbo:8104	keep	H4928	hbo:4928	bodyguard	similar	prior	0.5
H8104	hbo:8104	keep	H8109	hbo:8109	the.eyelids	similar	prior	0.5
H8107	hbo:8107	of.vigil(s)	H8104	hbo:8104	keep	similar	prior	0.5
H8107	hbo:8107	of.vigil(s)	H8108	hbo:8108	a.guard	similar	prior	0.5
H8107	hbo:8107	of.vigil(s)	H8109	hbo:8109	the.eyelids	similar	prior	0.5
H8107	hbo:8107	of.vigil(s)	H0821	hbo:0821	the.watch	similar	prior	0.5
H8107	hbo:8107	of.vigil(s)	H4931	hbo:4931	the.duty	similar	prior	0.5
H8108	hbo:8108	a.guard	H4931	hbo:4931	the.duty	similar	prior	0.6
H8108	hbo:8108	a.guard	H0821	hbo:0821	the.watch	similar	prior	0.6
H8108	hbo:8108	a.guard	H4929	hbo:4929	guard	similar	prior	0.6
H8108	hbo:8108	a.guard	H8109	hbo:8109	the.eyelids	similar	prior	0.5
H8108	hbo:8108	a.guard	H8104	hbo:8104	keep	similar	prior	0.5
H8109	hbo:8109	the.eyelids	H0821	hbo:0821	the.watch	similar	prior	0.6
H8109	hbo:8109	the.eyelids	H4931	hbo:4931	the.duty	similar	prior	0.5
H8121	hbo:8121	sun	H3394	hbo:3394	moon	similar	high	0.968
H8121	hbo:8121	sun	H3556	hbo:3556	stars	similar	high	0.701
H8121	hbo:8121	sun	H0216	hbo:0216	light	similar	high	0.684
H8127	hbo:8127	teeth	H8148	hbo:8148	taunt	similar	prior	0.5
H8128	hbo:8128	tooth	H8127	hbo:8127	teeth	similar	prior	0.6
H8130	hbo:8130	[those	H8135	hbo:8135	hatred	similar	high	1.0
H8130	hbo:8130	[those	H0157	hbo:0157	love	antonym	recall	0.862
H8130	hbo:8130	[those	H8581	hbo:8581	they	similar	high	0.703
H8130	hbo:8130	[those	H8146	hbo:8146	[wife]	similar	prior	0.5
H8135	hbo:8135	hatred	H8130	hbo:8130	[those	similar	high	1.0
H8135	hbo:8135	hatred	H0160	hbo:0160	love	antonym	recall	0.656
H8135	hbo:8135	hatred	H0157	hbo:0157	love	antonym	recall	0.522
H8138	hbo:8138	he	H8132	hbo:8132	it.is.changed	similar	prior	0.5
H8138	hbo:8138a	they.did.[it].again	H8132	hbo:8132	it.is.changed	similar	prior	0.6
H8138	hbo:8138a	they.did.[it].again	H2498	hbo:2498	he.changed	similar	prior	0.5
H8138	hbo:8138a	they.did.[it].again	H2664	hbo:2664	he.disguised.himself	similar	prior	0.5
H8138	hbo:8138a	they.did.[it].again	H8136	hbo:8136	of.repetition[s]	similar	prior	0.5
H8138	hbo:8138a	they.did.[it].again	H4171	hbo:4171	he.will.exchange	similar	high	0.485
H8141	hbo:8141	year[s]	H3117	hbo:3117	day	similar	high	0.863
H8141	hbo:8141	year[s]	H2320	hbo:2320	month	similar	high	0.847
H8141	hbo:8141	year[s]	H7620	hbo:7620	weeks	similar	high	0.678
H8141	hbo:8141	year[s]	H8138	hbo:8138	he	similar	prior	0.5
H8141	hbo:8141	year[s]	H8132	hbo:8132	it.is.changed	similar	prior	0.5
H8142	hbo:8142	sleep	H8572	hbo:8572	slumber	similar	high	0.568
H8142	hbo:8142	sleep	H8639	hbo:8639	deep.sleep	similar	prior	0.5
H8142	hbo:8142	sleep	H2493	hbo:2493	the	similar	prior	0.5
H8143	hbo:8143	ivori(es)	H8127	hbo:8127	teeth	similar	prior	0.5
H8143	hbo:8143	ivori(es)	H8150	hbo:8150	[are].sharpened	similar	prior	0.5
H8143	hbo:8143	ivori(es)	H8148	hbo:8148	taunt	similar	prior	0.5
H8144	hbo:8144	of.scarlet	H8438	hbo:8438	scarlet.stuff	similar	high	1.0
H8144	hbo:8144	of.scarlet	H0713	hbo:0713	purple	similar	high	1.0
H8144	hbo:8144	of.scarlet	H8504	hbo:8504	violet.stuff	similar	high	1.0
H8144	hbo:8144	of.scarlet	H0231	hbo:0231	hyssop	similar	high	0.891
H8144	hbo:8144	of.scarlet	H0119	hbo:0119	dyed.red	similar	prior	0.5
H8145	hbo:8145	Vashni	H8138	hbo:8138a	they.did.[it].again	similar	prior	0.5
H8145	hbo:8145	Vashni	H4932	hbo:4932	double	similar	prior	0.5
H8145	hbo:8145	Vashni	H8136	hbo:8136	of.repetition[s]	similar	prior	0.5
H8146	hbo:8146	[wife]	H8135	hbo:8135	hatred	similar	prior	0.5
H8148	hbo:8148	taunt	H2781	hbo:2781	reproach	similar	prior	0.5
H8150	hbo:8150	[are].sharpened	H3925	hbo:3925	teach	similar	prior	0.5
H8150	hbo:8150	[are].sharpened	H8127	hbo:8127	teeth	similar	prior	0.5
H8150	hbo:8150	[are].sharpened	H8148	hbo:8148	taunt	similar	prior	0.5
H8154	hbo:8154	of	H0962	hbo:0962	they.plundered	similar	high	0.534
H8154	hbo:8154	of	H1497	hbo:1497	he.has.robbed	similar	prior	0.5
H8155	hbo:8155	they.plundered	H1497	hbo:1497	he.has.robbed	similar	prior	0.5
H8155	hbo:8155	they.plundered	H7997	hbo:7997	plunder	similar	prior	0.5
H8155	hbo:8155	they.plundered	H4933	hbo:4933	plunder	similar	prior	0.5
H8156	hbo:8156	cleaves	H6541	hbo:6541	a.hoof	similar	high	1.0
H8156	hbo:8156	cleaves	H8157	hbo:8157	a.cleft	similar	high	1.0
H8156	hbo:8156	cleaves	H6536	hbo:6536	[is].dividing.in.two	similar	high	0.993
H8157	hbo:8157	a.cleft	H6541	hbo:6541	a.hoof	similar	high	1.0
H8157	hbo:8157	a.cleft	H6536	hbo:6536	[is].dividing.in.two	similar	high	1.0
H8157	hbo:8157	a.cleft	H8156	hbo:8156	cleaves	similar	high	1.0
H8159	hbo:8159	he.looked	H7200	hbo:7200	see	similar	prior	0.5
H8159	hbo:8159	he.looked	H6822	hbo:6822	watchman	similar	prior	0.5
H8159	hbo:8159	he.looked	H5027	hbo:5027	look	similar	prior	0.5
H8163	hbo:8163	hairy	H6842	hbo:6842	he-goats	similar	high	0.543
H8163	hbo:8163	hairy	H8185	hbo:8185	of.the.hair[s]	similar	prior	0.5
H8163	hbo:8163	hairy	H8181	hbo:8181	hair	similar	prior	0.5
H8163	hbo:8163a	a.male.goat	H5795	hbo:5795	of.goats	similar	high	1.0
H8163	hbo:8163a	a.male.goat	H1544	hbo:1544	idols	similar	prior	0.5
H8163	hbo:8163a	a.male.goat	H8175	hbo:8175a	he.will.storm	similar	prior	0.5
H8163	hbo:8163a	a.male.goat	H8185	hbo:8185	of.the.hair[s]	similar	prior	0.5
H8163	hbo:8163a	a.male.goat	H8181	hbo:8181	hair	similar	prior	0.5
H8163	hbo:8163a	a.male.goat	H8163	hbo:8163	hairy	similar	prior	0.5
H8166	hbo:8166	a.female.goat	H8163	hbo:8163a	a.male.goat	similar	prior	0.5
H8166	hbo:8166	a.female.goat	H8181	hbo:8181	hair	similar	prior	0.5
H8166	hbo:8166	a.female.goat	H8175	hbo:8175a	he.will.storm	similar	prior	0.5
H8166	hbo:8166	a.female.goat	H8184	hbo:8184	barley(s)	similar	prior	0.5
H8166	hbo:8166	a.female.goat	H8185	hbo:8185	of.the.hair[s]	similar	prior	0.5
H8166	hbo:8166	a.female.goat	H8163	hbo:8163	hairy	similar	prior	0.5
H8168	hbo:8168	handfuls	H6872	hbo:6872	the.bag	similar	prior	0.5
H8168	hbo:8168	handfuls	H3709	hbo:3709	palms	similar	prior	0.5
H8168	hbo:8168	handfuls	H2651	hbo:2651	of.[the].hollow.of.hands	similar	prior	0.5
H8168	hbo:8168	handfuls	H2239	hbo:2239	a.span	similar	prior	0.5
H8168	hbo:8168	handfuls	H0520	hbo:0520	cubits	similar	prior	0.5
H8172	hbo:8172	depended	H4938	hbo:4938a	staff	similar	high	0.831
H8172	hbo:8172	depended	H0982	hbo:0982	trust	similar	high	0.821
H8172	hbo:8172	depended	H2620	hbo:2620	I.take.refuge	similar	prior	0.5
H8172	hbo:8172	depended	H5564	hbo:5564	he.will.lean	similar	prior	0.5
H8172	hbo:8172	depended	H4937	hbo:4937	support	similar	prior	0.5
H8173	hbo:8173	seal.over	H2821	hbo:2821	he.makes.dark	similar	prior	0.5
H8173	hbo:8173	seal.over	H5786	hbo:5786	he.made.blind	similar	prior	0.5
H8173	hbo:8173a	I.will.delight.myself	H8191	hbo:8191	delight(s)	similar	prior	0.5
H8175	hbo:8175a	he.will.storm	H8163	hbo:8163	hairy	similar	prior	0.5
H8175	hbo:8175a	he.will.storm	H8185	hbo:8185	of.the.hair[s]	similar	prior	0.5
H8175	hbo:8175a	he.will.storm	H8181	hbo:8181	hair	similar	prior	0.5
H8176	hbo:8176	he.calculates	H1819	hbo:1819	will	similar	prior	0.5
H8176	hbo:8176	he.calculates	H8180	hbo:8180	measures	similar	prior	0.5
H8178	hbo:8178	shuddering	H2731	hbo:2731	trembling	similar	prior	0.5
H8178	hbo:8178	shuddering	H8183	hbo:8183	a.storm	similar	prior	0.5
H8178	hbo:8178	shuddering	H8184	hbo:8184	barley(s)	similar	prior	0.5
H8178	hbo:8178	shuddering	H8163	hbo:8163	hairy	similar	prior	0.5
H8178	hbo:8178	shuddering	H8166	hbo:8166	a.female.goat	similar	prior	0.5
H8178	hbo:8178	shuddering	H8163	hbo:8163a	a.male.goat	similar	prior	0.5
H8178	hbo:8178	shuddering	H8185	hbo:8185	of.the.hair[s]	similar	prior	0.5
H8178	hbo:8178	shuddering	H8181	hbo:8181	hair	similar	prior	0.5
H8178	hbo:8178	shuddering	H8175	hbo:8175a	he.will.storm	similar	prior	0.5
H8179	hbo:8179	the.gate	H6607	hbo:6607	the.entrance	similar	high	0.913
H8179	hbo:8179	the.gate	H3996	hbo:3996	the.entrance	similar	high	0.817
H8179	hbo:8179	the.gate	H1280	hbo:1280	bars	similar	prior	0.5
H8179	hbo:8179	the.gate	H1817	hbo:1817	doors	similar	prior	0.5
H8183	hbo:8183	a.storm	H8175	hbo:8175a	he.will.storm	similar	prior	0.5
H8184	hbo:8184	barley(s)	H2406	hbo:2406	wheat(s)	similar	high	0.983
H8184	hbo:8184	barley(s)	H5742	hbo:5742	lentils	similar	high	0.761
H8184	hbo:8184	barley(s)	H8163	hbo:8163a	a.male.goat	similar	prior	0.5
H8184	hbo:8184	barley(s)	H8175	hbo:8175a	he.will.storm	similar	prior	0.5
H8184	hbo:8184	barley(s)	H8185	hbo:8185	of.the.hair[s]	similar	prior	0.5
H8184	hbo:8184	barley(s)	H8163	hbo:8163	hairy	similar	prior	0.5
H8184	hbo:8184	barley(s)	H8181	hbo:8181	hair	similar	prior	0.5
H8185	hbo:8185	of.the.hair[s]	H8181	hbo:8181	hair	similar	prior	0.6
H8185	hbo:8185	of.the.hair[s]	H5492	hbo:5492	a.storm-wind	similar	prior	0.5
H8185	hbo:8185	of.the.hair[s]	H5591	hbo:5591	a.storm	similar	prior	0.5
H8191	hbo:8191	delight(s)	H8588	hbo:8588	the.delights	similar	prior	0.5
H8192	hbo:8192	swept.bare	H8205	hbo:8205	bare.heights	similar	prior	0.5
H8193	hbo:8193	lips	H3956	hbo:3956	tongue	similar	high	1.0
H8193	hbo:8193	lips	H6310	hbo:6310	mouth	similar	high	0.813
H8193	hbo:8193	lips	H7097	hbo:7097	the.end	similar	prior	0.5
H8194	hbo:8194	cheese	H8192	hbo:8192	swept.bare	similar	prior	0.5
H8194	hbo:8194	cheese	H8205	hbo:8205	bare.heights	similar	prior	0.5
H8196	hbo:8196	judgment	H8201	hbo:8201	judgments	similar	prior	0.6
H8196	hbo:8196	judgment	H4941	hbo:4941	justice	similar	prior	0.6
H8196	hbo:8196	judgment	H8199	hbo:8199	judges	similar	prior	0.6
H8198	hbo:8198	maidservant	H0519	hbo:0519	maidservant	similar	high	0.871
H8198	hbo:8198	maidservant	H5650	hbo:5650	servant	similar	prior	0.5
H8198	hbo:8198	maidservant	H4940	hbo:4940	clans	similar	prior	0.5
H8199	hbo:8199	judges	H1777	hbo:1777	he.will.judge	similar	high	0.945
H8199	hbo:8199	judges	H7378	hbo:7378	conduct.a.case	similar	high	0.842
H8199	hbo:8199	judges	H5359	hbo:5359	vengeance	similar	prior	0.5
H8199	hbo:8199	judges	H5358	hbo:5358	he.will.be.avenged	similar	prior	0.5
H8199	hbo:8199	judges	H6414	hbo:6414	assessments	similar	prior	0.5
H8199	hbo:8199	judges	H3198	hbo:3198	[one.who].reproves	similar	prior	0.5
H8199	hbo:8199	judges	H5360	hbo:5360	vengeance	similar	prior	0.5
H8199	hbo:8199	judges	H6419	hbo:6419	pray	similar	prior	0.5
H8199	hbo:8199	judges	H8196	hbo:8196	judgment	similar	prior	0.5
H8201	hbo:8201	judgments	H8199	hbo:8199	judges	similar	high	0.841
H8201	hbo:8201	judgments	H1779	hbo:1779	judgment	similar	prior	0.5
H8201	hbo:8201	judgments	H4941	hbo:4941	justice	similar	prior	0.5
H8205	hbo:8205	bare.heights	H8192	hbo:8192	swept.bare	similar	prior	0.6
H8205	hbo:8205	bare.heights	H4791	hbo:4791	a.high.place	similar	prior	0.5
H8205	hbo:8205	bare.heights	H1116	hbo:1116	places	similar	prior	0.5
H8205	hbo:8205	bare.heights	H2022	hbo:2022	the.mountain	similar	prior	0.5
H8209	hbo:8209	[was].beautiful	H8232	hbo:8232	it.seemed.good	similar	prior	0.5
H8209	hbo:8209	[was].beautiful	H8238	hbo:8238	(the)	similar	prior	0.5
H8210	hbo:8210	pour.out	H7324	hbo:7324a	I.will.draw	similar	high	0.641
H8210	hbo:8210	pour.out	H2342	hbo:2342	dancers	similar	prior	0.5
H8210	hbo:8210	pour.out	H5258	hbo:5258	he.poured.out	similar	prior	0.5
H8211	hbo:8211	the.pouring.out	H8210	hbo:8210	pour.out	similar	prior	0.6
H8212	hbo:8212	of.penis	H8211	hbo:8211	the.pouring.out	similar	prior	0.5
H8212	hbo:8212	of.penis	H8210	hbo:8210	pour.out	similar	prior	0.5
H8213	hbo:8213	it.will.become.low	H7817	hbo:7817	it.will.be.humbled	similar	high	1.0
H8213	hbo:8213	it.will.become.low	H1361	hbo:1361	it.was.haughty	antonym	recall	0.685
H8213	hbo:8213	it.will.become.low	H7682	hbo:7682	[is].exalted	antonym	recall	0.593
H8213	hbo:8213	it.will.become.low	H3665	hbo:3665	he	similar	prior	0.5
H8213	hbo:8213	it.will.become.low	H4355	hbo:4355	it.comes.low	similar	prior	0.5
H8213	hbo:8213	it.will.become.low	H8214	hbo:8214	bring.low	similar	prior	0.5
H8213	hbo:8213	it.will.become.low	H5307	hbo:5307	they.will.fall	similar	prior	0.5
H8213	hbo:8213	it.will.become.low	H8216	hbo:8216	place	similar	prior	0.5
H8213	hbo:8213	it.will.become.low	H8220	hbo:8220	lowering	similar	prior	0.5
H8213	hbo:8213	it.will.become.low	H8219	hbo:8219	Shephelah	similar	prior	0.5
H8213	hbo:8213	it.will.become.low	H8218	hbo:8218	lowness	similar	prior	0.5
H8214	hbo:8214	bring.low	H8215	hbo:8215	a.lowly.[one]	similar	prior	0.5
H8216	hbo:8216	place	H8219	hbo:8219	Shephelah	similar	prior	0.5
H8216	hbo:8216	place	H8220	hbo:8220	lowering	similar	prior	0.5
H8217	hbo:8217	lowly	H8216	hbo:8216	place	similar	prior	0.5
H8217	hbo:8217	lowly	H8218	hbo:8218	lowness	similar	prior	0.5
H8217	hbo:8217	lowly	H8219	hbo:8219	Shephelah	similar	prior	0.5
H8217	hbo:8217	lowly	H8220	hbo:8220	lowering	similar	prior	0.5
H8217	hbo:8217	lowly	H1364	hbo:1364	high	antonym	recall	0.428
H8217	hbo:8217	lowly	H1361	hbo:1361	it.was.haughty	antonym	recall	0.39
H8217	hbo:8217	lowly	H1363	hbo:1363	height	antonym	recall	0.343
H8218	hbo:8218	lowness	H8216	hbo:8216	place	similar	prior	0.5
H8218	hbo:8218	lowness	H8220	hbo:8220	lowering	similar	prior	0.5
H8218	hbo:8218	lowness	H8219	hbo:8219	Shephelah	similar	prior	0.5
H8220	hbo:8220	lowering	H8219	hbo:8219	Shephelah	similar	prior	0.5
H8222	hbo:8222	a.moustache	H2206	hbo:2206	beard	similar	prior	0.5
H8226	hbo:8226	hidden.[things]	H5603	hbo:5603	[it.was].paneled	similar	prior	0.5
H8226	hbo:8226	hidden.[things]	H5600	hbo:5600	the.ship	similar	prior	0.5
H8228	hbo:8228	[the].abundance	H8229	hbo:8229	an.abundance	similar	prior	0.6
H8229	hbo:8229	an.abundance	H1995	hbo:1995	multitude	similar	prior	0.5
H8229	hbo:8229	an.abundance	H8228	hbo:8228	[the].abundance	similar	prior	0.5
H8231	hbo:8231	it.is.beautiful	H8235	hbo:8235	[are].clearness	similar	prior	0.5
H8231	hbo:8231	it.is.beautiful	H8237	hbo:8237	tent	similar	prior	0.5
H8231	hbo:8231	it.is.beautiful	H8233	hbo:8233	of.beauty	similar	prior	0.5
H8232	hbo:8232	it.seemed.good	H8238	hbo:8238	(the)	similar	prior	0.5
H8233	hbo:8233	of.beauty	H8237	hbo:8237	tent	similar	prior	0.5
H8233	hbo:8233	of.beauty	H8235	hbo:8235	[are].clearness	similar	prior	0.5
H8237	hbo:8237	tent	H8235	hbo:8235	[are].clearness	similar	prior	0.5
H8241	hbo:8241	a.flood	H7858	hbo:7858	flood	similar	prior	0.5
H8242	hbo:8242	sackcloth	H0899	hbo:0899	garments	similar	high	0.702
H8242	hbo:8242	sackcloth	H0665	hbo:0665	ash[es]	similar	high	0.673
H8242	hbo:8242	sackcloth	H4055	hbo:4055	garments	similar	prior	0.5
H8242	hbo:8242	sackcloth	H0572	hbo:0572	sacks	similar	prior	0.5
H8245	hbo:8245	[am].keeping.watch	H5027	hbo:5027	look	similar	prior	0.5
H8245	hbo:8245	[am].keeping.watch	H6822	hbo:6822	watchman	similar	prior	0.5
H8246	hbo:8246	shaped.like.almond.blossoms	H1375	hbo:1375	cups	similar	high	1.0
H8246	hbo:8246	shaped.like.almond.blossoms	H3730	hbo:3730	a.bulb	similar	high	0.958
H8246	hbo:8246	shaped.like.almond.blossoms	H6525	hbo:6525	blossom	similar	high	0.922
H8246	hbo:8246	shaped.like.almond.blossoms	H8245	hbo:8245	[am].keeping.watch	similar	prior	0.5
H8247	hbo:8247	almonds	H8246	hbo:8246	shaped.like.almond.blossoms	similar	high	0.776
H8247	hbo:8247	almonds	H8245	hbo:8245	[am].keeping.watch	similar	prior	0.5
H8248	hbo:8248	water	H8354	hbo:8354	drink	similar	high	0.633
H8248	hbo:8248	water	H8250	hbo:8250	drinks	similar	prior	0.5
H8248	hbo:8248	water	H4945	hbo:4945	the.cup.bearers	similar	prior	0.5
H8248	hbo:8248	water	H8268	hbo:8268	channel	similar	prior	0.5
H8250	hbo:8250	drinks	H5435	hbo:5435	drink	similar	prior	0.5
H8250	hbo:8250	drinks	H4945	hbo:4945	the.cup.bearers	similar	prior	0.5
H8251	hbo:8251	things	H8262	hbo:8262	you.will.detest	similar	prior	0.6
H8251	hbo:8251	things	H8263	hbo:8263	[is].a.detestable.thing	similar	prior	0.6
H8251	hbo:8251	things	H8441	hbo:8441	abominations	similar	prior	0.5
H8252	hbo:8252	it.was.at.peace	H7599	hbo:7599	he.will.be.at.ease	similar	high	0.658
H8252	hbo:8252	it.was.at.peace	H7961	hbo:7961	at.ease	similar	high	0.635
H8252	hbo:8252	it.was.at.peace	H7280	hbo:7280	[who].stirs.up	similar	high	0.63
H8252	hbo:8252	it.was.at.peace	H5314	hbo:5314	he.refreshed.himself	similar	prior	0.5
H8252	hbo:8252	it.was.at.peace	H4494	hbo:4494	a.resting.place	similar	prior	0.5
H8252	hbo:8252	it.was.at.peace	H7965	hbo:7965	peace	similar	prior	0.5
H8252	hbo:8252	it.was.at.peace	H8367	hbo:8367	that.it.will.be.quiet	similar	prior	0.5
H8252	hbo:8252	it.was.at.peace	H8253	hbo:8253	quietness	similar	prior	0.5
H8252	hbo:8252	it.was.at.peace	H7264	hbo:7264	they.trembled	antonym	recall	0.495
H8253	hbo:8253	quietness	H8252	hbo:8252	it.was.at.peace	similar	prior	0.5
H8255	hbo:8255	the.shekel	H1626	hbo:1626	gerah[s]	similar	high	1.0
H8255	hbo:8255	the.shekel	H4488	hbo:4488	minas	similar	high	0.868
H8255	hbo:8255	the.shekel	H3603	hbo:3603	talent[s]	similar	high	0.851
H8255	hbo:8255	the.shekel	H4946	hbo:4946	weight	similar	prior	0.5
H8256	hbo:8256	sycamores	H0729	hbo:0729a	made.firm	similar	prior	0.5
H8256	hbo:8256	sycamores	H2132	hbo:2132	olive.trees	similar	prior	0.5
H8257	hbo:8257	it.will.sink	H2883	hbo:2883	they.have.sunk	similar	prior	0.5
H8258	hbo:8258	depressions	H7086	hbo:7086	[was].a.dish	similar	prior	0.5
H8259	hbo:8259	she.looked.down	H5027	hbo:5027	look	similar	high	0.692
H8259	hbo:8259	she.looked.down	H7200	hbo:7200	see	similar	high	0.647
H8259	hbo:8259	she.looked.down	H6822	hbo:6822	watchman	similar	high	0.641
H8260	hbo:8260	frame-work	H4947	hbo:4947	lintels	similar	prior	0.5
H8260	hbo:8260	frame-work	H8261	hbo:8261	of.frames	similar	prior	0.5
H8261	hbo:8261	of.frames	H8260	hbo:8260	frame-work	similar	prior	0.6
H8261	hbo:8261	of.frames	H4947	hbo:4947	lintels	similar	prior	0.5
H8262	hbo:8262	you.will.detest	H8263	hbo:8263	[is].a.detestable.thing	similar	high	1.0
H8262	hbo:8262	you.will.detest	H8581	hbo:8581	they	similar	prior	0.5
H8262	hbo:8262	you.will.detest	H8251	hbo:8251	things	similar	prior	0.5
H8263	hbo:8263	[is].a.detestable.thing	H8262	hbo:8262	you.will.detest	similar	high	1.0
H8263	hbo:8263	[is].a.detestable.thing	H2931	hbo:2931	unclean	similar	high	0.844
H8263	hbo:8263	[is].a.detestable.thing	H8251	hbo:8251	things	similar	prior	0.5
H8264	hbo:8264	[someone.will.be].rushing	H8628	hbo:8628	they.gave.a.blast	similar	prior	0.5
H8264	hbo:8264	[someone.will.be].rushing	H7751	hbo:7751	[are].roving.about	similar	prior	0.5
H8264	hbo:8264	[someone.will.be].rushing	H6770	hbo:6770	they.were.thirsty	similar	prior	0.5
H8264	hbo:8264	[someone.will.be].rushing	H6165	hbo:6165	it.pants	similar	prior	0.5
H8266	hbo:8266	you.will.deal.falsely	H3584	hbo:3584	they.cringed	similar	high	0.69
H8266	hbo:8266	you.will.deal.falsely	H8267	hbo:8267	falsehood	similar	prior	0.5
H8266	hbo:8266	you.will.deal.falsely	H0539	hbo:0539	faithful	antonym	recall	0.497
H8267	hbo:8267	falsehood	H3577	hbo:3577	falsehood	similar	high	1.0
H8267	hbo:8267	falsehood	H7723	hbo:7723	worthlessness	similar	high	1.0
H8267	hbo:8267	falsehood	H4820	hbo:4820	deceit	similar	high	0.843
H8267	hbo:8267	falsehood	H7423	hbo:7423a	deceit	similar	high	0.777
H8267	hbo:8267	falsehood	H2950	hbo:2950	[are.those.who].smear	similar	high	0.732
H8267	hbo:8267	falsehood	H0571	hbo:0571	faithfulness	antonym	recall	0.6
H8267	hbo:8267	falsehood	H3584	hbo:3584	they.cringed	similar	prior	0.6
H8267	hbo:8267	falsehood	H2050	hbo:2050a	will.you.attack	similar	prior	0.6
H8267	hbo:8267	falsehood	H7411	hbo:7411a	have	similar	prior	0.5
H8267	hbo:8267	falsehood	H4030	hbo:4030	excellent.gifts	similar	prior	0.5
H8267	hbo:8267	falsehood	H3585	hbo:3585	lying	similar	prior	0.5
H8268	hbo:8268	channel	H7298	hbo:7298	troughs	similar	prior	0.5
H8268	hbo:8268	channel	H8250	hbo:8250	drinks	similar	prior	0.5
H8269	hbo:8269	officials	H5631	hbo:5631	court-officials	similar	high	1.0
H8269	hbo:8269	officials	H7991	hbo:7991	officers	similar	high	0.875
H8269	hbo:8269	officials	H4428	hbo:4428	the.king	similar	high	0.863
H8269	hbo:8269	officials	H7860	hbo:7860	officials	similar	high	0.844
H8269	hbo:8269	officials	H6496	hbo:6496	overseers	similar	high	0.814
H8269	hbo:8269	officials	H2205	hbo:2205	the.elders	similar	high	0.749
H8269	hbo:8269	officials	H6346	hbo:6346	governors	similar	high	0.744
H8269	hbo:8269	officials	H8323	hbo:8323	ruling	similar	prior	0.5
H8270	hbo:8270	navel	H8306	hbo:8306	the.muscles	similar	prior	0.5
H8275	hbo:8275	the.scepter	H4294	hbo:4294	the.tribe	similar	prior	0.5
H8275	hbo:8275	the.scepter	H7626	hbo:7626	the.tribes	similar	prior	0.5
H8277	hbo:8277	they.survived	H8300	hbo:8300	a.survivor	similar	prior	0.5
H8278	hbo:8278	the.woven.material	H0899	hbo:0899	garments	similar	high	0.79
H8278	hbo:8278	the.woven.material	H8336	hbo:8336	fine.linen	similar	high	0.723
H8278	hbo:8278	the.woven.material	H8279	hbo:8279	marker	similar	prior	0.5
H8282	hbo:8282	noble.ladies	H4436	hbo:4436	queen	similar	high	0.557
H8282	hbo:8282	noble.ladies	H4446	hbo:4446	the.queen	similar	prior	0.5
H8282	hbo:8282	noble.ladies	H8323	hbo:8323	ruling	similar	prior	0.5
H8285	hbo:8285	bracelets	H8270	hbo:8270	navel	similar	prior	0.5
H8285	hbo:8285	bracelets	H8306	hbo:8306	the.muscles	similar	prior	0.5
H8285	hbo:8285	bracelets	H8307	hbo:8307	the.stubbornness	similar	prior	0.5
H8288	hbo:8288	a.thong	H8308	hbo:8308	[which].entwines	similar	prior	0.6
H8291	hbo:8291	its.choice	H8320	hbo:8320	sorrel	similar	prior	0.5
H8292	hbo:8292	[the].whistling	H8319	hbo:8319	he.will.hiss	similar	prior	0.6
H8295	hbo:8295	they.will.cut	H1413	hbo:1413a	they.cut.themselves	similar	high	0.595
H8296	hbo:8296	cut[s]	H8295	hbo:8295	they.will.cut	similar	prior	0.5
H8299	hbo:8299	branches	H8276	hbo:8276	they.are.intertwined	similar	prior	0.6
H8299	hbo:8299	branches	H2156	hbo:2156	branch	similar	prior	0.5
H8299	hbo:8299	branches	H6057	hbo:6057	branch[es]	similar	prior	0.5
H8299	hbo:8299	branches	H1808	hbo:1808	branches	similar	prior	0.5
H8300	hbo:8300	a.survivor	H6412	hbo:6412	an.escapee	similar	high	0.858
H8300	hbo:8300	a.survivor	H6413	hbo:6413	an.escaped.remnant	similar	high	0.83
H8300	hbo:8300	a.survivor	H7611	hbo:7611	the.remnant	similar	high	0.653
H8300	hbo:8300	a.survivor	H4672	hbo:4672	I.have.found	similar	prior	0.5
H8300	hbo:8300	a.survivor	H3498	hbo:3498	remained	similar	prior	0.5
H8302	hbo:8302a	armor	H3553	hbo:3553	a.helmet	similar	high	0.823
H8302	hbo:8302a	armor	H4043	hbo:4043	shield	similar	prior	0.5
H8302	hbo:8302a	armor	H7193	hbo:7193	scale	similar	prior	0.5
H8307	hbo:8307	the.stubbornness	H8306	hbo:8306	the.muscles	similar	prior	0.5
H8307	hbo:8307	the.stubbornness	H8270	hbo:8270	navel	similar	prior	0.5
H8308	hbo:8308	[which].entwines	H8288	hbo:8288	a.thong	similar	prior	0.5
H8313	hbo:8313	he.burned	H8316	hbo:8316	burning	similar	high	0.9
H8313	hbo:8313	he.burned	H1197	hbo:1197	it.burned	similar	high	0.896
H8313	hbo:8313	he.burned	H3341	hbo:3341	I.will.kindle	similar	high	0.7
H8313	hbo:8313	he.burned	H3344	hbo:3344	it.will.burn	similar	high	0.658
H8313	hbo:8313	he.burned	H6999	hbo:6999	make.smoke	similar	high	0.625
H8313	hbo:8313	he.burned	H6919	hbo:6919	it.has.been.kindled	similar	prior	0.5
H8313	hbo:8313	he.burned	H4348	hbo:4348	the.burn	similar	prior	0.5
H8313	hbo:8313	he.burned	H7033	hbo:7033	he	similar	prior	0.5
H8313	hbo:8313	he.burned	H3857	hbo:3857	it.sets.ablaze	similar	prior	0.5
H8313	hbo:8313	he.burned	H8314	hbo:8314	seraphim	similar	prior	0.5
H8313	hbo:8313	he.burned	H4955	hbo:4955	burnings	similar	prior	0.5
H8314	hbo:8314	seraphim	H5175	hbo:5175	snake	similar	high	0.678
H8314	hbo:8314	seraphim	H3742	hbo:3742	cherubim	similar	high	0.533
H8314	hbo:8314	seraphim	H8577	hbo:8577	monster	similar	prior	0.5
H8314	hbo:8314	seraphim	H4955	hbo:4955	burnings	similar	prior	0.5
H8316	hbo:8316	burning	H8313	hbo:8313	he.burned	similar	high	0.9
H8316	hbo:8316	burning	H0784	hbo:0784	fire	similar	high	0.64
H8316	hbo:8316	burning	H4955	hbo:4955	burnings	similar	prior	0.5
H8316	hbo:8316	burning	H8314	hbo:8314	seraphim	similar	prior	0.5
H8318	hbo:8318	thing	H7431	hbo:7431	thing	similar	high	1.0
H8318	hbo:8318	thing	H7430	hbo:7430	creeps	similar	high	0.928
H8319	hbo:8319	he.will.hiss	H8292	hbo:8292	[the].whistling	similar	prior	0.5
H8322	hbo:8322	a.hissing	H8047	hbo:8047	waste	similar	high	0.925
H8322	hbo:8322	a.hissing	H2781	hbo:2781	reproach	similar	prior	0.5
H8322	hbo:8322	a.hissing	H3933	hbo:3933	mockery	similar	prior	0.5
H8322	hbo:8322	a.hissing	H8292	hbo:8292	[the].whistling	similar	prior	0.5
H8322	hbo:8322	a.hissing	H8319	hbo:8319	he.will.hiss	similar	prior	0.5
H8323	hbo:8323	ruling	H8269	hbo:8269	officials	similar	prior	0.5
H8323	hbo:8323	ruling	H7989	hbo:7989	ruler	similar	prior	0.5
H8323	hbo:8323	ruling	H7860	hbo:7860	officials	similar	prior	0.5
H8324	hbo:8324	enemies	H7790	hbo:7790	walls	similar	prior	0.5
H8328	hbo:8328	root	H1503	hbo:1503	the.rootstock	similar	high	0.801
H8330	hbo:8330	of	H8328	hbo:8328	root	similar	prior	0.5
H8330	hbo:8330	of	H8332	hbo:8332a	banishment	similar	prior	0.5
H8333	hbo:8333	chains	H5688	hbo:5688	ropes	similar	high	0.9
H8334	hbo:8334	serve	H3547	hbo:3547	serve.as.priests	similar	high	0.88
H8334	hbo:8334	serve	H8335	hbo:8335	of.service	similar	prior	0.6
H8335	hbo:8335	of.service	H8334	hbo:8334	serve	similar	prior	0.5
H8336	hbo:8336	fine.linen	H7806	hbo:7806	twisted	similar	high	1.0
H8336	hbo:8336	fine.linen	H0948	hbo:0948	fine.linen	similar	high	1.0
H8336	hbo:8336	fine.linen	H7893	hbo:7893	of.alabaster	similar	prior	0.6
H8336	hbo:8336	fine.linen	H6593	hbo:6593	of.linen(s)	similar	prior	0.5
H8336	hbo:8336	fine.linen	H7553	hbo:7553	multicolored.material	similar	prior	0.5
H8336	hbo:8336	fine.linen	H6785	hbo:6785	wool	similar	prior	0.5
H8336	hbo:8336a	of.marble	H0948	hbo:0948	fine.linen	similar	high	0.81
H8336	hbo:8336a	of.marble	H7893	hbo:7893	of.alabaster	similar	prior	0.6
H8336	hbo:8336a	of.marble	H6648	hbo:6648	of.colored.cloth(s)	similar	prior	0.5
H8336	hbo:8336a	of.marble	H6594	hbo:6594	flax	similar	prior	0.5
H8342	hbo:8342	joy	H8057	hbo:8057	joy	similar	high	1.0
H8342	hbo:8342	joy	H1524	hbo:1524	rejoicing	similar	high	0.635
H8342	hbo:8342	joy	H0060	hbo:0060	mourning	antonym	recall	0.533
H8342	hbo:8342	joy	H4885	hbo:4885	the.joy	similar	prior	0.5
H8342	hbo:8342	joy	H3015	hbo:3015	sorrow	antonym	recall	0.484
H8354	hbo:8354	drink	H0398	hbo:0398	you.will.eat	similar	high	0.909
H8354	hbo:8354	drink	H8248	hbo:8248	water	similar	high	0.633
H8354	hbo:8354	drink	H3952	hbo:3952	they.lapped.up	similar	prior	0.5
H8354	hbo:8354	drink	H4680	hbo:4680	it.will.be.drained.out	similar	prior	0.5
H8354	hbo:8354	drink	H4960	hbo:4960	a.feast	similar	prior	0.5
H8356	hbo:8356	foundations	H7896	hbo:7896	I	similar	prior	0.5
H8358	hbo:8358	drinking	H4960	hbo:4960	a.feast	similar	prior	0.5
H8358	hbo:8358	drinking	H8354	hbo:8354	drink	similar	prior	0.5
H8359	hbo:8359	warp	H6154	hbo:6154	woof	similar	high	1.0
H8360	hbo:8360	drinking	H8358	hbo:8358	drinking	similar	prior	0.6
H8360	hbo:8360	drinking	H4960	hbo:4960	a.feast	similar	prior	0.5
H8360	hbo:8360	drinking	H8354	hbo:8354	drink	similar	prior	0.5
H8362	hbo:8362	planted	H8363	hbo:8363	be].like.shoots	similar	prior	0.5
H8367	hbo:8367	that.it.will.be.quiet	H1826	hbo:1826	be.still	similar	prior	0.5
H8367	hbo:8367	that.it.will.be.quiet	H1993	hbo:1993	they	antonym	recall	0.381
H8372	hbo:8372	chambers	H3957	hbo:3957	rooms	similar	prior	0.5
H8372	hbo:8372	chambers	H2315	hbo:2315	a.room	similar	prior	0.5
H8375	hbo:8375	longing	H8373	hbo:8373	I.long	similar	prior	0.5
H8376	hbo:8376	you.will.mark.out	H8427	hbo:8427	he.made.marks	similar	prior	0.6
H8378	hbo:8378	[the].desire	H4261	hbo:4261	the.desire	similar	prior	0.5
H8378	hbo:8378	[the].desire	H2837	hbo:2837	the.desire	similar	prior	0.5
H8378	hbo:8378	[the].desire	H0185	hbo:0185	the.desire	similar	prior	0.5
H8379	hbo:8379	desire	H8427	hbo:8427	he.made.marks	similar	prior	0.5
H8379	hbo:8379	desire	H8420	hbo:8420	mark	similar	prior	0.5
H8382	hbo:8382	[are].bearing.twins	H8380	hbo:8380	twins	similar	prior	0.5
H8383	hbo:8383	toil(s)	H0205	hbo:0205	wickedness	similar	prior	0.5
H8384	hbo:8384	figs	H1612	hbo:1612	vine	similar	high	0.888
H8384	hbo:8384	figs	H1690	hbo:1690	fig.cakes	similar	high	0.695
H8384	hbo:8384	figs	H7416	hbo:7416	pomegranates	similar	high	0.673
H8386	hbo:8386	mourning	H0592	hbo:0592	lamentation	similar	prior	0.5
H8388	hbo:8388	it.turns	H5676	hbo:5676	the.other.side	similar	prior	0.6
H8388	hbo:8388	it.turns	H6440	hbo:6440	before	similar	prior	0.5
H8389	hbo:8389	of.form	H3303	hbo:3303	beautiful	similar	high	0.885
H8389	hbo:8389	of.form	H4758	hbo:4758	appearance	similar	high	0.698
H8389	hbo:8389	of.form	H6440	hbo:6440	before	similar	prior	0.6
H8389	hbo:8389	of.form	H8388	hbo:8388	it.turns	similar	prior	0.5
H8392	hbo:8392	ark	H0712	hbo:0712	box	similar	high	0.58
H8393	hbo:8393	produce	H6529	hbo:6529	fruit	similar	high	0.847
H8393	hbo:8393	produce	H4395	hbo:4395	produce	similar	high	0.828
H8393	hbo:8393	produce	H1715	hbo:1715	grain	similar	high	0.673
H8393	hbo:8393	produce	H5669	hbo:5669	of.the.produce	similar	prior	0.6
H8393	hbo:8393	produce	H3323	hbo:3323	oil	similar	prior	0.5
H8393	hbo:8393	produce	H0872	hbo:0872	entrance	similar	prior	0.5
H8393	hbo:8393	produce	H0935	hbo:0935	he.came	similar	prior	0.5
H8394	hbo:8394	understanding	H0998	hbo:0998	understanding	similar	high	1.0
H8394	hbo:8394	understanding	H2451	hbo:2451	wisdom	similar	high	0.996
H8394	hbo:8394	understanding	H1847	hbo:1847	knowledge	similar	high	0.966
H8394	hbo:8394	understanding	H1843	hbo:1843	knowledge	similar	prior	0.5
H8394	hbo:8394	understanding	H8454	hbo:8454	sound.wisdom	similar	prior	0.5
H8395	hbo:8395	the.downfall	H0947	hbo:0947	kicking.about	similar	prior	0.5
H8397	hbo:8397	[is].confusion	H2154	hbo:2154	licentiousness	similar	prior	0.5
H8397	hbo:8397	[is].confusion	H8604	hbo:8604	offensiveness	similar	prior	0.5
H8397	hbo:8397	[is].confusion	H1101	hbo:1101	mixed	similar	prior	0.5
H8397	hbo:8397	[is].confusion	H7642	hbo:7642	a.snail	similar	prior	0.5
H8397	hbo:8397	[is].confusion	H8400	hbo:8400	a.defect	similar	prior	0.5
H8398	hbo:8398	[the].world	H3105	hbo:3105	a.stream	similar	prior	0.5
H8398	hbo:8398	[the].world	H2986	hbo:2986	they	similar	prior	0.5
H8398	hbo:8398	[the].world	H2981	hbo:2981	produce	similar	prior	0.5
H8398	hbo:8398	[the].world	H2988	hbo:2988	watercourses	similar	prior	0.5
H8398	hbo:8398	[the].world	H2990	hbo:2990	a.running.sore	similar	prior	0.5
H8399	hbo:8399	destruction	H1087	hbo:1087	worn.out	similar	prior	0.5
H8399	hbo:8399	destruction	H1100	hbo:1100	of.worthlessness	similar	prior	0.5
H8400	hbo:8400	a.defect	H1101	hbo:1101	mixed	similar	prior	0.5
H8401	hbo:8401	straw	H4554	hbo:4554	fodder	similar	high	0.77
H8401	hbo:8401	straw	H7179	hbo:7179	chaff	similar	high	0.533
H8401	hbo:8401	straw	H4963	hbo:4963	a.heap.of.straw	similar	prior	0.5
H8403	hbo:8403	a.likeness	H1823	hbo:1823	the.likeness	similar	high	0.863
H8403	hbo:8403	a.likeness	H8544	hbo:8544	a.form	similar	high	0.719
H8403	hbo:8403	a.likeness	H6699	hbo:6699	designs	similar	prior	0.5
H8403	hbo:8403	a.likeness	H7095	hbo:7095	a.shape	similar	prior	0.5
H8403	hbo:8403	a.likeness	H6459	hbo:6459	idol	similar	prior	0.5
H8403	hbo:8403	a.likeness	H4011	hbo:4011	structure	similar	prior	0.5
H8403	hbo:8403	a.likeness	H1129	hbo:1129	he.built	similar	prior	0.5
H8409	hbo:8409	the.hostility	H1627	hbo:1627	throat	similar	prior	0.5
H8409	hbo:8409	the.hostility	H1624	hbo:1624	engage.in.strife	similar	prior	0.5
H8410	hbo:8410	elm[s]	H1265	hbo:1265	of.cypresses	similar	prior	0.5
H8410	hbo:8410	elm[s]	H6716	hbo:6716	ships	similar	prior	0.5
H8411	hbo:8411	(the)	H1859	hbo:1859	generation	similar	prior	0.5
H8411	hbo:8411	(the)	H1753	hbo:1753	the.inhabitants	similar	prior	0.5
H8414	hbo:8414	emptiness	H0922	hbo:0922	emptiness	similar	high	0.899
H8414	hbo:8414	emptiness	H7385	hbo:7385	emptiness	similar	high	0.702
H8414	hbo:8414	emptiness	H1892	hbo:1892	[is].futility	similar	high	0.61
H8415	hbo:8415	the.deep	H4688	hbo:4688	depths	similar	high	0.748
H8415	hbo:8415	the.deep	H6012	hbo:6012	deep	similar	prior	0.5
H8415	hbo:8415	the.deep	H3220	hbo:3220	sea	similar	prior	0.5
H8416	hbo:8416	praise	H1984	hbo:1984a	praise	similar	high	1.0
H8416	hbo:8416	praise	H3034	hbo:3034	give.thanks	similar	high	0.939
H8416	hbo:8416	praise	H2167	hbo:2167	sing.praises	similar	high	0.911
H8416	hbo:8416	praise	H7623	hbo:7623	boast	similar	high	0.883
H8416	hbo:8416	praise	H7442	hbo:7442	shout.for.joy	similar	high	0.823
H8416	hbo:8416	praise	H1974	hbo:1974	rejoicings	similar	prior	0.6
H8417	hbo:8417	error	H8414	hbo:8414	emptiness	similar	prior	0.5
H8418	hbo:8418	processions	H1978	hbo:1978	steps	similar	prior	0.5
H8418	hbo:8418	processions	H1982	hbo:1982	a.flowing	similar	prior	0.5
H8419	hbo:8419	perverse.things	H2019	hbo:2019	[is].crooked	similar	prior	0.6
H8419	hbo:8419	perverse.things	H5999	hbo:5999	toil	similar	prior	0.5
H8419	hbo:8419	perverse.things	H3891	hbo:3891	deviousness	similar	prior	0.5
H8419	hbo:8419	perverse.things	H2016	hbo:2016	contrariness	similar	prior	0.5
H8420	hbo:8420	mark	H0226	hbo:0226	signs	similar	high	0.543
H8420	hbo:8420	mark	H8427	hbo:8427	he.made.marks	similar	prior	0.5
H8421	hbo:8421	it.returned	H7725	hbo:7725	return	similar	prior	0.5
H8424	hbo:8424	grief	H3015	hbo:3015	sorrow	similar	prior	0.6
H8424	hbo:8424	grief	H3013	hbo:3013	he.has.caused.grief	similar	prior	0.6
H8424	hbo:8424	grief	H6089	hbo:6089a	hard.labor	similar	prior	0.5
H8424	hbo:8424	grief	H0060	hbo:0060	mourning	similar	prior	0.5
H8426	hbo:8426	thanksgiving	H2077	hbo:2077	sacrifices	similar	high	0.834
H8426	hbo:8426	thanksgiving	H8002	hbo:8002	the.peace.offerings	similar	high	0.739
H8426	hbo:8426	thanksgiving	H4503	hbo:4503	offering	similar	high	0.612
H8426	hbo:8426	thanksgiving	H5930	hbo:5930	a.burnt.offering	similar	high	0.609
H8426	hbo:8426	thanksgiving	H1960	hbo:1960	songs.of.thanksgiving	similar	prior	0.6
H8426	hbo:8426	thanksgiving	H8416	hbo:8416	praise	similar	prior	0.5
H8431	hbo:8431	hope	H8615	hbo:8615	hope	similar	high	1.0
H8431	hbo:8431	hope	H3175	hbo:3175	waiting	similar	prior	0.5
H8432	hbo:8432	the.midst	H7130	hbo:7130	midst	similar	high	0.81
H8432	hbo:8432	the.midst	H8484	hbo:8484	middle	similar	prior	0.5
H8433	hbo:8433a	rebuke	H4148	hbo:4148	discipline	similar	high	1.0
H8435	hbo:8435	genealogies	H3205	hbo:3205	he.fathered	similar	high	0.913
H8435	hbo:8435	genealogies	H4940	hbo:4940	clans	similar	high	0.899
H8435	hbo:8435	genealogies	H3211	hbo:3211	those.born	similar	prior	0.6
H8435	hbo:8435	genealogies	H3207	hbo:3207	girl	similar	prior	0.5
H8435	hbo:8435	genealogies	H3206	hbo:3206	children	similar	prior	0.5
H8438	hbo:8438	scarlet.stuff	H8144	hbo:8144	of.scarlet	similar	high	1.0
H8441	hbo:8441	abominations	H5039	hbo:5039	disgraceful.folly	similar	high	0.741
H8441	hbo:8441	abominations	H8581	hbo:8581	they	similar	prior	0.6
H8441	hbo:8441	abominations	H8262	hbo:8262	you.will.detest	similar	prior	0.5
H8441	hbo:8441	abominations	H8263	hbo:8263	[is].a.detestable.thing	similar	prior	0.5
H8442	hbo:8442	error	H8582	hbo:8582	he	similar	prior	0.5
H8444	hbo:8444	extremities	H1366	hbo:1366	border	similar	high	0.773
H8444	hbo:8444	extremities	H7097	hbo:7097	the.end	similar	high	0.662
H8444	hbo:8444	extremities	H4161	hbo:4161	the.utterance	similar	prior	0.6
H8444	hbo:8444	extremities	H3318	hbo:3318	he.went.out	similar	prior	0.6
H8444	hbo:8444	extremities	H1367	hbo:1367	borders	similar	prior	0.5
H8446	hbo:8446	spy.out	H7270	hbo:7270	spy.out	similar	high	0.924
H8446	hbo:8446	spy.out	H0579	hbo:0579	[is].seeking.an.opportunity	similar	prior	0.5
H8446	hbo:8446	spy.out	H2658	hbo:2658	they.dug	similar	prior	0.5
H8446	hbo:8446	spy.out	H2713	hbo:2713	explore	similar	prior	0.5
H8446	hbo:8446	spy.out	H8447	hbo:8447	[the].turn	similar	prior	0.5
H8446	hbo:8446	spy.out	H8448	hbo:8448	to.the.order	similar	prior	0.5
H8447	hbo:8447	[the].turn	H8448	hbo:8448	to.the.order	similar	prior	0.5
H8449	hbo:8449	turtle-doves	H3123	hbo:3123	dove	similar	high	0.933
H8451	hbo:8451	law	H4687	hbo:4687	commandments	similar	high	0.965
H8451	hbo:8451	law	H2708	hbo:2708	statutes	similar	high	0.823
H8451	hbo:8451	law	H2706	hbo:2706	statutes	similar	high	0.805
H8451	hbo:8451	law	H4941	hbo:4941	justice	similar	prior	0.5
H8451	hbo:8451	law	H8074	hbo:8074	he.will.be.appalled	similar	prior	0.5
H8451	hbo:8451	law	H3948	hbo:3948	teaching	similar	prior	0.5
H8451	hbo:8451	law	H1697	hbo:1697	the.word	similar	prior	0.5
H8451	hbo:8451	law	H4175	hbo:4175a	early.rain	similar	prior	0.5
H8451	hbo:8451	law	H3138	hbo:3138	autumn.rain	similar	prior	0.5
H8453	hbo:8453	a.resident.alien	H1616	hbo:1616	sojourner	similar	high	1.0
H8453	hbo:8453	a.resident.alien	H1481	hbo:1481	sojourn	similar	high	0.706
H8453	hbo:8453	a.resident.alien	H0249	hbo:0249	native-born	antonym	recall	0.581
H8453	hbo:8453	a.resident.alien	H4186	hbo:4186	places	similar	prior	0.5
H8453	hbo:8453	a.resident.alien	H3427	hbo:3427	the.inhabitants	similar	prior	0.5
H8453	hbo:8453	a.resident.alien	H7675	hbo:7675	the.sitting	similar	prior	0.5
H8454	hbo:8454	sound.wisdom	H6098	hbo:6098	counsel	similar	prior	0.5
H8454	hbo:8454	sound.wisdom	H8458	hbo:8458	guidance(s)	similar	prior	0.5
H8454	hbo:8454	sound.wisdom	H1847	hbo:1847	knowledge	similar	prior	0.5
H8454	hbo:8454	sound.wisdom	H0998	hbo:0998	understanding	similar	prior	0.5
H8457	hbo:8457	prostitution(s)	H2184	hbo:2184	prostitution	similar	high	0.987
H8457	hbo:8457	prostitution(s)	H2183	hbo:2183	of.prostitution(s)	similar	high	0.931
H8457	hbo:8457	prostitution(s)	H2181	hbo:2181	you.acted.as.a.prostitute	similar	high	0.826
H8457	hbo:8457	prostitution(s)	H5004	hbo:5004	adulteri(es)	similar	prior	0.5
H8457	hbo:8457	prostitution(s)	H2185	hbo:2185	a.prostitute	similar	prior	0.5
H8458	hbo:8458	guidance(s)	H6098	hbo:6098	counsel	similar	prior	0.5
H8462	hbo:8462	beginning	H8537	hbo:8537	integrity	similar	prior	0.5
H8462	hbo:8462	beginning	H7225	hbo:7225	the.first	similar	prior	0.5
H8462	hbo:8462	beginning	H2490	hbo:2490	he.began	similar	prior	0.5
H8462	hbo:8462	beginning	H2455	hbo:2455	a.profane.thing	similar	prior	0.5
H8463	hbo:8463	diseases	H2483	hbo:2483	sickness	similar	high	0.642
H8464	hbo:8464	owl	H2555	hbo:2555	violence	similar	prior	0.5
H8467	hbo:8467	supplication	H8605	hbo:8605	prayer	similar	high	1.0
H8467	hbo:8467	supplication	H2603	hbo:2603	show	similar	high	0.79
H8467	hbo:8467	supplication	H2589	hbo:2589	destruction	similar	prior	0.6
H8467	hbo:8467	supplication	H0584	hbo:0584	you.will.groan	similar	prior	0.6
H8467	hbo:8467	supplication	H2580	hbo:2580	favor	similar	prior	0.5
H8467	hbo:8467	supplication	H2587	hbo:2587	gracious	similar	prior	0.5
H8467	hbo:8467	supplication	H2594	hbo:2594	favor	similar	prior	0.5
H8469	hbo:8469	supplications	H8605	hbo:8605	prayer	similar	high	1.0
H8469	hbo:8469	supplications	H0584	hbo:0584	you.will.groan	similar	prior	0.6
H8469	hbo:8469	supplications	H2589	hbo:2589	destruction	similar	prior	0.6
H8469	hbo:8469	supplications	H7879	hbo:7879	complaint	similar	prior	0.5
H8481	hbo:8481	lower	H5945	hbo:5945	upper	antonym	recall	0.627
H8482	hbo:8482	lowest	H8481	hbo:8481	lower	similar	prior	0.5
H8486	hbo:8486	southward	H5045	hbo:5045	south	similar	high	0.904
H8486	hbo:8486	southward	H1864	hbo:1864	the.south	similar	high	0.794
H8486	hbo:8486	southward	H3233	hbo:3233	right	similar	prior	0.5
H8490	hbo:8490	columns	H8558	hbo:8558	the.palm.trees	similar	prior	0.5
H8490	hbo:8490	columns	H8561	hbo:8561	palm.trees	similar	prior	0.5
H8490	hbo:8490	columns	H8564	hbo:8564	guideposts	similar	prior	0.5
H8490	hbo:8490	columns	H8560	hbo:8560	the.palm.tree	similar	prior	0.5
H8492	hbo:8492	new.wine	H3323	hbo:3323	oil	similar	high	1.0
H8492	hbo:8492	new.wine	H1715	hbo:1715	grain	similar	high	1.0
H8492	hbo:8492	new.wine	H8393	hbo:8393	produce	similar	high	0.635
H8492	hbo:8492	new.wine	H2558	hbo:2558	vinegar	similar	prior	0.5
H8495	hbo:8495	male.goats	H6260	hbo:6260	goats	similar	high	0.794
H8495	hbo:8495	male.goats	H6842	hbo:6842	he-goats	similar	high	0.769
H8495	hbo:8495	male.goats	H5795	hbo:5795	of.goats	similar	high	0.755
H8495	hbo:8495	male.goats	H3532	hbo:3532	lambs	similar	high	0.692
H8496	hbo:8496	oppression	H4820	hbo:4820	deceit	similar	high	0.589
H8496	hbo:8496	oppression	H2555	hbo:2555	violence	similar	prior	0.5
H8498	hbo:8498	arrangement	H4349	hbo:4349	the.place	similar	prior	0.5
H8498	hbo:8498	arrangement	H3559	hbo:3559	prepare	similar	prior	0.5
H8498	hbo:8498	arrangement	H4350	hbo:4350	stands	similar	prior	0.5
H8502	hbo:8502	perfection	H4357	hbo:4357	[was].perfection(s)	similar	prior	0.6
H8503	hbo:8503	the.end	H8388	hbo:8388	it.turns	similar	prior	0.6
H8503	hbo:8503	the.end	H7093	hbo:7093	end	similar	prior	0.5
H8503	hbo:8503	the.end	H8502	hbo:8502	perfection	similar	prior	0.5
H8503	hbo:8503	the.end	H3615	hbo:3615	he.finished	similar	prior	0.5
H8504	hbo:8504	violet.stuff	H0713	hbo:0713	purple	similar	high	1.0
H8504	hbo:8504	violet.stuff	H8144	hbo:8144	of.scarlet	similar	high	1.0
H8504	hbo:8504	violet.stuff	H3758	hbo:3758	crimson	similar	high	0.859
H8505	hbo:8505	it.is.correct	H4971	hbo:4971	measurement	similar	prior	0.6
H8505	hbo:8505	it.is.correct	H8508	hbo:8508	of.an.example	similar	prior	0.6
H8505	hbo:8505	it.is.correct	H4058	hbo:4058	he.measured	similar	prior	0.5
H8505	hbo:8505	it.is.correct	H8506	hbo:8506	measurement	similar	prior	0.5
H8506	hbo:8506	measurement	H4971	hbo:4971	measurement	similar	prior	0.5
H8508	hbo:8508	of.an.example	H4971	hbo:4971	measurement	similar	prior	0.6
H8508	hbo:8508	of.an.example	H8505	hbo:8505	it.is.correct	similar	prior	0.5
H8508	hbo:8508	of.an.example	H8506	hbo:8506	measurement	similar	prior	0.5
H8510	hbo:8510	a.mound	H2723	hbo:2723	ruins	similar	high	0.75
H8510	hbo:8510	a.mound	H5856	hbo:5856	heaps.of.ruins	similar	high	0.626
H8510	hbo:8510	a.mound	H8534	hbo:8534	[are].curls	similar	prior	0.5
H8510	hbo:8510	a.mound	H8524	hbo:8524a	lofty	similar	prior	0.5
H8511	hbo:8511	they	H8518	hbo:8518	hang	similar	prior	0.6
H8513	hbo:8513	hardship	H3015	hbo:3015	sorrow	similar	prior	0.5
H8513	hbo:8513	hardship	H6040	hbo:6040	affliction	similar	prior	0.5
H8513	hbo:8513	hardship	H5999	hbo:5999	toil	similar	prior	0.5
H8513	hbo:8513	hardship	H3811	hbo:3811	I.am.weary	similar	prior	0.5
H8516	hbo:8516	clothing	H3830	hbo:3830	clothing	similar	prior	0.6
H8516	hbo:8516	clothing	H2290	hbo:2290a	a.belt	similar	prior	0.6
H8516	hbo:8516	clothing	H2290	hbo:2290	a.belt	similar	prior	0.6
H8516	hbo:8516	clothing	H3830	hbo:3830a	clothed	similar	prior	0.6
H8518	hbo:8518	hang	H6086	hbo:6086	wood(s)	similar	high	0.578
H8518	hbo:8518	hang	H3363	hbo:3363	it.was.alienated	similar	prior	0.5
H8518	hbo:8518	hang	H8522	hbo:8522	quiver	similar	prior	0.5
H8519	hbo:8519	grumblings	H7379	hbo:7379	case	similar	prior	0.5
H8519	hbo:8519	grumblings	H4779	hbo:4779	(the)	similar	prior	0.5
H8524	hbo:8524a	lofty	H8534	hbo:8534	[are].curls	similar	prior	0.5
H8525	hbo:8525	[the].furrows	H7704	hbo:7704a	of.[the].field	similar	high	0.72
H8525	hbo:8525	[the].furrows	H1418	hbo:1418	cuts	similar	prior	0.6
H8525	hbo:8525	[the].furrows	H2790	hbo:2790	it.will.be.plowed	similar	prior	0.5
H8525	hbo:8525	[the].furrows	H4618	hbo:4618	of.a.furrow	similar	prior	0.5
H8527	hbo:8527	pupil	H3925	hbo:3925	teach	similar	prior	0.6
H8527	hbo:8527	pupil	H3928	hbo:3928	my	similar	prior	0.5
H8527	hbo:8527	pupil	H4451	hbo:4451	the.goad	similar	prior	0.5
H8529	hbo:8529	[are].clothed.in.scarlet	H8438	hbo:8438	scarlet.stuff	similar	prior	0.5
H8535	hbo:8535	blameless	H3477	hbo:3477	right	similar	high	0.68
H8535	hbo:8535	blameless	H6662	hbo:6662	righteous	similar	high	0.639
H8535	hbo:8535	blameless	H8549	hbo:8549	unblemished	similar	prior	0.6
H8535	hbo:8535	blameless	H8537	hbo:8537	integrity	similar	prior	0.5
H8535	hbo:8535	blameless	H1252	hbo:1252	to.the.cleanness	similar	prior	0.5
H8535	hbo:8535	blameless	H8538	hbo:8538	integrity	similar	prior	0.5
H8535	hbo:8535	blameless	H6141	hbo:6141	a.perverse.[person]	antonym	recall	0.476
H8535	hbo:8535	blameless	H7563	hbo:7563	of.wicked.[people]	antonym	recall	0.452
H8537	hbo:8537	integrity	H8538	hbo:8538	integrity	similar	high	0.842
H8537	hbo:8537	integrity	H3476	hbo:3476	uprightness	similar	high	0.812
H8537	hbo:8537	integrity	H8535	hbo:8535	blameless	similar	prior	0.6
H8537	hbo:8537	integrity	H8549	hbo:8549	unblemished	similar	prior	0.5
H8537	hbo:8537	integrity	H6666	hbo:6666	righteousness	similar	prior	0.5
H8538	hbo:8538	integrity	H8537	hbo:8537	integrity	similar	high	0.842
H8538	hbo:8538	integrity	H6666	hbo:6666	righteousness	similar	prior	0.5
H8541	hbo:8541	bewilderment	H8539	hbo:8539	be.astonished	similar	prior	0.5
H8544	hbo:8544	a.form	H6459	hbo:6459	idol	similar	high	0.831
H8544	hbo:8544	a.form	H8403	hbo:8403	a.likeness	similar	high	0.719
H8544	hbo:8544	a.form	H1823	hbo:1823	the.likeness	similar	high	0.673
H8544	hbo:8544	a.form	H6754	hbo:6754	images	similar	high	0.602
H8545	hbo:8545	exchange	H2487	hbo:2487	changes	similar	prior	0.5
H8546	hbo:8546	of.death	H4463	hbo:4463	[the].death(s)	similar	prior	0.6
H8546	hbo:8546	of.death	H4194	hbo:4194	death	similar	prior	0.6
H8546	hbo:8546	of.death	H4191	hbo:4191	he.died	similar	prior	0.5
H8549	hbo:8549	unblemished	H8538	hbo:8538	integrity	similar	prior	0.5
H8549	hbo:8549	unblemished	H8537	hbo:8537	integrity	similar	prior	0.5
H8549	hbo:8549	unblemished	H8535	hbo:8535	blameless	similar	prior	0.5
H8550	hbo:8550	Thummim	H0224	hbo:0224	Urim	similar	high	0.891
H8551	hbo:8551	[one.who].holds	H0270	hbo:0270	it	similar	prior	0.5
H8551	hbo:8551	[one.who].holds	H5564	hbo:5564	he.will.lean	similar	prior	0.5
H8551	hbo:8551	[one.who].holds	H5582	hbo:5582	sustain	similar	prior	0.5
H8552	hbo:8552	was.finished	H3615	hbo:3615	he.finished	similar	high	0.875
H8552	hbo:8552	was.finished	H5595	hbo:5595	you.should.be.swept.away	similar	prior	0.5
H8552	hbo:8552	was.finished	H7999	hbo:7999	he.will.repay	similar	prior	0.5
H8552	hbo:8552	was.finished	H8535	hbo:8535	blameless	similar	prior	0.5
H8552	hbo:8552	was.finished	H4974	hbo:4974	soundness	similar	prior	0.5
H8552	hbo:8552	was.finished	H8538	hbo:8538	integrity	similar	prior	0.5
H8552	hbo:8552	was.finished	H8537	hbo:8537	integrity	similar	prior	0.5
H8552	hbo:8552	was.finished	H8549	hbo:8549	unblemished	similar	prior	0.5
H8557	hbo:8557	[which].melting.away	H4529	hbo:4529	they.melted	similar	prior	0.6
H8557	hbo:8557	[which].melting.away	H4549	hbo:4549	it.melted	similar	prior	0.6
H8558	hbo:8558	the.palm.trees	H8561	hbo:8561	palm.trees	similar	prior	0.6
H8558	hbo:8558	the.palm.trees	H8560	hbo:8560	the.palm.tree	similar	prior	0.6
H8560	hbo:8560	the.palm.tree	H8561	hbo:8561	palm.trees	similar	prior	0.6
H8561	hbo:8561	palm.trees	H7416	hbo:7416	pomegranates	similar	high	0.852
H8561	hbo:8561	palm.trees	H8560	hbo:8560	the.palm.tree	similar	prior	0.5
H8562	hbo:8562	cleansings	H4841	hbo:4841	seasoning	similar	prior	0.5
H8562	hbo:8562	cleansings	H1314	hbo:1314	spices	similar	prior	0.5
H8562	hbo:8562	cleansings	H4838	hbo:4838	polished	similar	prior	0.5
H8562	hbo:8562	cleansings	H4795	hbo:4795	their.rubbings	similar	prior	0.5
H8563	hbo:8563	of.bitterness(es)	H4815	hbo:4815	bitter	similar	prior	0.6
H8563	hbo:8563	of.bitterness(es)	H4472	hbo:4472	bitter.things	similar	prior	0.6
H8563	hbo:8563	of.bitterness(es)	H4786	hbo:4786	bitterness	similar	prior	0.6
H8563	hbo:8563	of.bitterness(es)	H4844	hbo:4844	bitter.herbs	similar	prior	0.5
H8563	hbo:8563	of.bitterness(es)	H4845	hbo:4845	gall	similar	prior	0.5
H8563	hbo:8563	of.bitterness(es)	H4751	hbo:4751	bitter	similar	prior	0.5
H8563	hbo:8563	of.bitterness(es)	H4470	hbo:4470	bitterness	similar	prior	0.5
H8564	hbo:8564	guideposts	H8561	hbo:8561	palm.trees	similar	prior	0.5
H8564	hbo:8564	guideposts	H8560	hbo:8560	the.palm.tree	similar	prior	0.5
H8564	hbo:8564	guideposts	H8558	hbo:8558	the.palm.trees	similar	prior	0.5
H8565	hbo:8565	jackals	H3284	hbo:3284	of.an.ostrich	similar	high	0.808
H8565	hbo:8565	jackals	H7776	hbo:7776	foxes	similar	prior	0.5
H8566	hbo:8566	they.have.hired	H0868	hbo:0868	[the].hire	similar	prior	0.6
H8566	hbo:8566	they.have.hired	H0866	hbo:0866	[are].wage[s]	similar	prior	0.6
H8569	hbo:8569	occasions	H5106	hbo:5106	he.forbade	similar	prior	0.5
H8570	hbo:8570	fruits	H8393	hbo:8393	produce	similar	high	0.642
H8570	hbo:8570	fruits	H6529	hbo:6529	fruit	similar	high	0.63
H8570	hbo:8570	fruits	H2981	hbo:2981	produce	similar	high	0.561
H8571	hbo:8571	the.lobe	H0931	hbo:0931	the.thumb	similar	high	0.814
H8571	hbo:8571	the.lobe	H0241	hbo:0241	ears	similar	prior	0.5
H8572	hbo:8572	slumber	H5123	hbo:5123	anyone.will.slumber	similar	prior	0.6
H8572	hbo:8572	slumber	H5124	hbo:5124	drowsiness	similar	prior	0.6
H8572	hbo:8572	slumber	H8142	hbo:8142	sleep	similar	high	0.568
H8572	hbo:8572	slumber	H8639	hbo:8639	deep.sleep	similar	high	0.561
H8573	hbo:8573	a.wave-offering	H2373	hbo:2373	the.breast	similar	high	0.973
H8573	hbo:8573	a.wave-offering	H7785	hbo:7785	the.thigh	similar	high	0.917
H8573	hbo:8573	a.wave-offering	H8641	hbo:8641	the.contribution	similar	high	0.82
H8573	hbo:8573	a.wave-offering	H2077	hbo:2077	sacrifices	similar	prior	0.5
H8575	hbo:8575	consolations	H5162	hbo:5162	comfort	similar	prior	0.6
H8575	hbo:8575	consolations	H5150	hbo:5150	comfort(s)	similar	prior	0.6
H8577	hbo:8577	monster	H3882	hbo:3882	Leviathan	similar	high	0.757
H8577	hbo:8577	monster	H6620	hbo:6620	of.cobras	similar	high	0.719
H8577	hbo:8577	monster	H5175	hbo:5175	snake	similar	high	0.613
H8577	hbo:8577	monster	H7569	hbo:7569	chain	similar	prior	0.5
H8577	hbo:8577	monster	H0660	hbo:0660	viper	similar	prior	0.5
H8577	hbo:8577	monster	H7776	hbo:7776	foxes	similar	prior	0.5
H8577	hbo:8577	monster	H8565	hbo:8565	jackals	similar	prior	0.5
H8580	hbo:8580a	owl	H5395	hbo:5395	I.puff	similar	prior	0.5
H8581	hbo:8581	they	H8130	hbo:8130	[those	similar	high	0.703
H8581	hbo:8581	they	H3988	hbo:3988	you.have.rejected	similar	high	0.649
H8581	hbo:8581	they	H2115	hbo:2115	[egg]	similar	prior	0.5
H8581	hbo:8581	they	H8441	hbo:8441	abominations	similar	prior	0.5
H8582	hbo:8582	he	H8442	hbo:8442	error	similar	prior	0.6
H8584	hbo:8584	[the].testimony	H8451	hbo:8451	law	similar	high	0.628
H8584	hbo:8584	[the].testimony	H5749	hbo:5749a	he.warned	similar	prior	0.5
H8584	hbo:8584	[the].testimony	H5715	hbo:5715	testimonies	similar	prior	0.5
H8585	hbo:8585	trench	H0801	hbo:0801	a.fire.offering	similar	prior	0.5
H8585	hbo:8585	trench	H4161	hbo:4161	the.utterance	similar	prior	0.5
H8585	hbo:8585	trench	H5920	hbo:5920	above	similar	prior	0.5
H8585	hbo:8585	trench	H5945	hbo:5945a	the.Most.High	similar	prior	0.5
H8585	hbo:8585	trench	H5944	hbo:5944	his.upper	similar	prior	0.5
H8585	hbo:8585	trench	H5940	hbo:5940	pestle	similar	prior	0.5
H8585	hbo:8585	trench	H5930	hbo:5930	a.burnt.offering	similar	prior	0.5
H8585	hbo:8585	trench	H4607	hbo:4607	the.raising	similar	prior	0.5
H8585	hbo:8585	trench	H5927	hbo:5927	he.went.up	similar	prior	0.5
H8585	hbo:8585	trench	H5942	hbo:5942	upper	similar	prior	0.5
H8585	hbo:8585	trench	H4609	hbo:4609	steps	similar	prior	0.5
H8586	hbo:8586	wantonness(es)	H4611	hbo:4611	deeds	similar	prior	0.5
H8586	hbo:8586	wantonness(es)	H5949	hbo:5949	deeds	similar	prior	0.5
H8586	hbo:8586	wantonness(es)	H5950	hbo:5950	deed[s]	similar	prior	0.5
H8586	hbo:8586	wantonness(es)	H5953	hbo:5953	they.will.deal.wantonly	similar	prior	0.5
H8587	hbo:8587	[the].secrets	H5956	hbo:5956	it.will.be.hidden	similar	prior	0.5
H8588	hbo:8588	the.delights	H5730	hbo:5730	luxuries	similar	prior	0.5
H8588	hbo:8588	the.delights	H6028	hbo:6028	delicate	similar	prior	0.5
H8588	hbo:8588	the.delights	H6026	hbo:6026	you.will.take.delight	similar	prior	0.5
H8589	hbo:8589	humiliation	H6040	hbo:6040	affliction	similar	prior	0.5
H8589	hbo:8589	humiliation	H6031	hbo:6031	he	similar	prior	0.5
H8589	hbo:8589	humiliation	H6038	hbo:6038	humility	similar	prior	0.5
H8589	hbo:8589	humiliation	H6039	hbo:6039	[the].affliction	similar	prior	0.5
H8589	hbo:8589	humiliation	H6041	hbo:6041	poor	similar	prior	0.5
H8591	hbo:8591	mocking	H2048	hbo:2048a	you.have.deceived	similar	prior	0.5
H8592	hbo:8592	power(s)	H6099	hbo:6099	mighty	similar	prior	0.5
H8592	hbo:8592	power(s)	H6106	hbo:6106	bones	similar	prior	0.5
H8593	hbo:8593	sheath	H2719	hbo:2719	sword	similar	high	0.543
H8593	hbo:8593	sheath	H5084	hbo:5084	sheath	similar	prior	0.5
H8593	hbo:8593	sheath	H4177	hbo:4177	a.razor	similar	prior	0.5
H8593	hbo:8593	sheath	H6181	hbo:6181	bareness	similar	prior	0.5
H8595	hbo:8595	of.mockeri(es)	H8591	hbo:8591	mocking	similar	prior	0.5
H8596	hbo:8596	tambourines	H3658	hbo:3658	harps	similar	high	0.953
H8596	hbo:8596	tambourines	H5035	hbo:5035a	lyres	similar	high	0.918
H8596	hbo:8596	tambourines	H4700	hbo:4700	cymbals	similar	high	0.857
H8596	hbo:8596	tambourines	H2689	hbo:2689	trumpets	similar	high	0.673
H8596	hbo:8596	tambourines	H4234	hbo:4234	dancing	similar	high	0.622
H8596	hbo:8596	tambourines	H2485	hbo:2485	flutes	similar	high	0.62
H8596	hbo:8596	tambourines	H5748	hbo:5748	flute	similar	prior	0.5
H8596	hbo:8596	tambourines	H4246	hbo:4246	dancing(s)	similar	prior	0.5
H8596	hbo:8596	tambourines	H8608	hbo:8608	[they.are].beating	similar	prior	0.5
H8597	hbo:8597	splendor	H1935	hbo:1935	splendor	similar	high	0.946
H8597	hbo:8597	splendor	H1926	hbo:1926	majesty	similar	high	0.9
H8597	hbo:8597	splendor	H3308	hbo:3308	beauty	similar	high	0.637
H8597	hbo:8597	splendor	H1420	hbo:1420	greatness	similar	prior	0.5
H8597	hbo:8597	splendor	H6287	hbo:6287	turbans	similar	prior	0.5
H8597	hbo:8597	splendor	H3519	hbo:3519	glory	similar	prior	0.5
H8597	hbo:8597	splendor	H3520	hbo:3520	glorious	similar	prior	0.5
H8598	hbo:8598	apples	H1918	hbo:1918	trees	similar	prior	0.5
H8598	hbo:8598	apples	H8247	hbo:8247	almonds	similar	prior	0.5
H8598	hbo:8598	apples	H5301	hbo:5301	blow	similar	prior	0.5
H8600	hbo:8600	dispersions	H6327	hbo:6327	they.were.scattered	similar	prior	0.5
H8601	hbo:8601	broken.pieces	H3989	hbo:3989	a.baked.item	similar	prior	0.6
H8602	hbo:8602	whitewash	H2902	hbo:2902	you.plastered	similar	high	0.913
H8604	hbo:8604	offensiveness	H1948	hbo:1948	[is].madness	similar	prior	0.6
H8604	hbo:8604	offensiveness	H8417	hbo:8417	error	similar	prior	0.6
H8605	hbo:8605	prayer	H8467	hbo:8467	supplication	similar	high	1.0
H8605	hbo:8605	prayer	H6419	hbo:6419	pray	similar	high	1.0
H8605	hbo:8605	prayer	H8469	hbo:8469	supplications	similar	high	1.0
H8605	hbo:8605	prayer	H1156	hbo:1156	they.sought	similar	prior	0.5
H8605	hbo:8605	prayer	H7878	hbo:7878	I.will.meditate	similar	prior	0.5
H8605	hbo:8605	prayer	H6414	hbo:6414	assessments	similar	prior	0.5
H8605	hbo:8605	prayer	H6415	hbo:6415	a.decision	similar	prior	0.5
H8606	hbo:8606	horror	H6427	hbo:6427	shuddering	similar	prior	0.5
H8606	hbo:8606	horror	H4656	hbo:4656	an.abominable.image	similar	prior	0.5
H8609	hbo:8609	sew	H7167	hbo:7167	he.tore	antonym	recall	0.336
H8610	hbo:8610	he.seized	H3920	hbo:3920	he.captured	similar	high	0.809
H8610	hbo:8610	he.seized	H2388	hbo:2388	be.strong	similar	high	0.761
H8610	hbo:8610	he.seized	H0270	hbo:0270	it	similar	high	0.711
H8615	hbo:8615	hope	H8431	hbo:8431	hope	similar	high	1.0
H8615	hbo:8615	hope	H6957	hbo:6957a	of.strength	similar	prior	0.6
H8615	hbo:8615	hope	H4723	hbo:4723	hope	similar	prior	0.5
H8617	hbo:8617	power.to.stand	H7012	hbo:7012	their.rising	similar	prior	0.5
H8617	hbo:8617	power.to.stand	H7054	hbo:7054	standing.grain	similar	prior	0.5
H8618	hbo:8618	rebels	H8617	hbo:8617	power.to.stand	similar	prior	0.5
H8618	hbo:8618	rebels	H7012	hbo:7012	their.rising	similar	prior	0.5
H8618	hbo:8618	rebels	H7054	hbo:7054	standing.grain	similar	prior	0.5
H8619	hbo:8619	trumpet	H8628	hbo:8628	they.gave.a.blast	similar	prior	0.5
H8619	hbo:8619	trumpet	H8629	hbo:8629	a.blast	similar	prior	0.5
H8623	hbo:8623	mighty	H8633	hbo:8633	the.power	similar	prior	0.6
H8624	hbo:8624	strong	H8633	hbo:8633	the.power	similar	prior	0.6
H8624	hbo:8624	strong	H8623	hbo:8623	mighty	similar	prior	0.6
H8624	hbo:8624	strong	H2429	hbo:2429	power	similar	prior	0.5
H8624	hbo:8624	strong	H8631	hbo:8631	it.grew.strong	similar	prior	0.5
H8628	hbo:8628	they.gave.a.blast	H5060	hbo:5060	who].touches	similar	prior	0.5
H8628	hbo:8628	they.gave.a.blast	H3341	hbo:3341	I.will.kindle	similar	prior	0.5
H8629	hbo:8629	a.blast	H8628	hbo:8628	they.gave.a.blast	similar	prior	0.5
H8630	hbo:8630	someone	H8623	hbo:8623	mighty	similar	prior	0.5
H8632	hbo:8632	the	H8631	hbo:8631	it.grew.strong	similar	prior	0.5
H8632	hbo:8632	the	H8624	hbo:8624	strong	similar	prior	0.5
H8633	hbo:8633	the.power	H8623	hbo:8623	mighty	similar	prior	0.5
H8633	hbo:8633	the.power	H8630	hbo:8630	someone	similar	prior	0.5
H8635	hbo:8635	a.brood	H7231	hbo:7231	they.are.many	similar	prior	0.6
H8635	hbo:8635	a.brood	H7227	hbo:7227	many	similar	prior	0.6
H8635	hbo:8635	a.brood	H7227	hbo:7227a	[the].chief	similar	prior	0.6
H8635	hbo:8635	a.brood	H4768	hbo:4768	part	similar	prior	0.5
H8635	hbo:8635	a.brood	H4767	hbo:4767	much	similar	prior	0.5
H8636	hbo:8636	usury	H5392	hbo:5392	interest	similar	high	0.959
H8636	hbo:8636	usury	H5391	hbo:5391a	you.will.charge.interest	similar	high	0.64
H8636	hbo:8636	usury	H0697	hbo:0697	locust[s]	similar	prior	0.5
H8636	hbo:8636	usury	H8635	hbo:8635	a.brood	similar	prior	0.5
H8636	hbo:8636	usury	H4767	hbo:4767	much	similar	prior	0.5
H8636	hbo:8636	usury	H4768	hbo:4768	part	similar	prior	0.5
H8641	hbo:8641	the.contribution	H4643	hbo:4643	the.tithe	similar	high	0.913
H8641	hbo:8641	the.contribution	H8573	hbo:8573	a.wave-offering	similar	high	0.82
H8641	hbo:8641	the.contribution	H4979	hbo:4979	gifts	similar	high	0.761
H8641	hbo:8641	the.contribution	H7312	hbo:7312	[the].haughtiness	similar	prior	0.5
H8641	hbo:8641	the.contribution	H7413	hbo:7413	place	similar	prior	0.5
H8641	hbo:8641	the.contribution	H7427	hbo:7427	arising	similar	prior	0.5
H8641	hbo:8641	the.contribution	H8642	hbo:8642	a.contribution	similar	prior	0.5
H8641	hbo:8641	the.contribution	H7318	hbo:7318	exaltation	similar	prior	0.5
H8642	hbo:8642	a.contribution	H7312	hbo:7312	[the].haughtiness	similar	prior	0.5
H8642	hbo:8642	a.contribution	H7427	hbo:7427	arising	similar	prior	0.5
H8642	hbo:8642	a.contribution	H7413	hbo:7413	place	similar	prior	0.5
H8643	hbo:8643	a.shout	H7782	hbo:7782	trumpets	similar	high	1.0
H8643	hbo:8643	a.shout	H7321	hbo:7321	shout.for.joy	similar	high	1.0
H8643	hbo:8643	a.shout	H6963	hbo:6963	voice	similar	high	0.926
H8643	hbo:8643	a.shout	H7440	hbo:7440	a.shout.of.joy	similar	high	0.734
H8643	hbo:8643	a.shout	H1959	hbo:1959	shouting	similar	prior	0.5
H8643	hbo:8643	a.shout	H7452	hbo:7452	shouting	similar	prior	0.5
H8649	hbo:8649	deceitfulness	H7411	hbo:7411a	have	similar	prior	0.5
H8653	hbo:8653	staggering	H3563	hbo:3563	cup	similar	high	0.871
H8653	hbo:8653	staggering	H7478	hbo:7478	of.reeling	similar	prior	0.5
H8653	hbo:8653	staggering	H7477	hbo:7477	they.have.been.made.to.quiver	similar	prior	0.5
H8655	hbo:8655	teraphim	H4541	hbo:4541	a.molten.image	similar	prior	0.5
H8655	hbo:8655	teraphim	H1544	hbo:1544	idols	similar	prior	0.5
H8655	hbo:8655	teraphim	H8163	hbo:8163	hairy	similar	prior	0.5
H8655	hbo:8655	teraphim	H0457	hbo:0457	idols	similar	prior	0.5
H8655	hbo:8655	teraphim	H6091	hbo:6091	idols	similar	prior	0.5
H8655	hbo:8655	teraphim	H6459	hbo:6459	idol	similar	prior	0.5
H8655	hbo:8655	teraphim	H5566	hbo:5566	image	similar	prior	0.5
H8660	hbo:8660	governor	H5461	hbo:5461	officials	similar	prior	0.5
H8663	hbo:8663	noises	H7588	hbo:7588	uproar	similar	high	0.763
H8663	hbo:8663	noises	H1949	hbo:1949	it.was.stirred	similar	prior	0.5
H8663	hbo:8663	noises	H1993	hbo:1993	they	similar	prior	0.5
H8663	hbo:8663	noises	H6963	hbo:6963	voice	similar	prior	0.5
H8663	hbo:8663	noises	H4875	hbo:4875	desolation	similar	prior	0.5
H8663	hbo:8663	noises	H7722	hbo:7722a	devastation	similar	prior	0.5
H8665	hbo:8665	of.checkered.work	H4865	hbo:4865	filigree.settings	similar	prior	0.5
H8665	hbo:8665	of.checkered.work	H7660	hbo:7660	set	similar	prior	0.5
H8665	hbo:8665	of.checkered.work	H7661	hbo:7661	dizziness	similar	prior	0.5
H8666	hbo:8666	the.return	H7725	hbo:7725	return	similar	high	0.823
H8666	hbo:8666	the.return	H4617	hbo:4617	an.answer	similar	prior	0.5
H8666	hbo:8666	the.return	H7726	hbo:7726	apostate	similar	prior	0.5
H8666	hbo:8666	the.return	H7870	hbo:7870	the.restoration	similar	prior	0.5
H8666	hbo:8666	the.return	H4878	hbo:4878	apostasies	similar	prior	0.5
H8668	hbo:8668	salvation	H3444	hbo:3444	salvation	similar	high	1.0
H8668	hbo:8668	salvation	H3467	hbo:3467	save	similar	high	1.0
H8668	hbo:8668	salvation	H3467	hbo:3467a	a.deliverer	similar	high	0.927
H8669	hbo:8669	desire	H5315	hbo:5315	self	similar	prior	0.5
