# multi-word expressions (M1): target phrase -> original lexeme(s); lang=asm; from bcv-commons/lexeme-alignments; content+same-testament, count>=2. CC0
surface	strongs	lexemes	kind	confidence	count	methods
অকবোৰৰ বাল হাননৰ	H1177	hbo:1177	fertility	1.0	2	eflomal
অগনিকুণডত পেলোৱা	H3345	hbo:3345	fertility	1.0	3	eflomal
অগনিকৃত উপহাৰ	H0801	hbo:0801	fertility	1.0	34	eflomal
অগনিকৃত উপহাৰ সবৰূপে	H0801	hbo:0801	fertility	1.0	4	eflomal
অগনিকৃত উপহাৰবোৰৰ	H0801	hbo:0801	fertility	1.0	3	eflomal
অগনিকৃত উপহাৰসবৰূপে	H0801	hbo:0801	fertility	1.0	2	eflomal
অগনিকৃত উপহাৰৰ	H0801	hbo:0801	fertility	1.0	3	eflomal
অগাধ জল	H8415	hbo:8415	fertility	1.0	3	eflomal
অগাধ জলৰ	H8415	hbo:8415	fertility	1.0	3	eflomal
অগাধ ঠাইৰ	G0012	grc:12	fertility	1.0	6	eflomal
অচিনাকি লোকৰ	G0245	grc:245	fertility	1.0	2	eflomal
অচুননৎ অৱসথাৰেই	H6189	hbo:6189	fertility	1.0	2	eflomal
অজঞান লোকে	H3684	hbo:3684	fertility	1.0	2	eflomal
অজঞানী কৰে	H3684	hbo:3684	fertility	1.0	2	eflomal
অজঞানী লোকে	H3684	hbo:3684	fertility	1.0	3	eflomal
অজঞানী লোকৰ	H3684	hbo:3684	fertility	1.0	7	eflomal
অজৰীকাম বোখৰু	H5840	hbo:5840	fertility	1.0	2	eflomal
অতযনত দুখিত	H2560	hbo:2560	fertility	1.0	2	eflomal
অতি পবিতৰ সথান	H1687	hbo:1687	fertility	1.0	2	eflomal
অতি পবিতৰ সথানৰ	H1687	hbo:1687	fertility	1.0	3	eflomal
অতি পৰভাতে উঠি	H7925	hbo:7925	fertility	1.0	2	eflomal
অতি ৰাতিপুৱাতে উঠি	H7925	hbo:7925	fertility	1.0	2	eflomal
অতিশয চমৎকৃত	G1568	grc:1568	fertility	1.0	2	eflomal
অতিশয বিসময মানি	G1605	grc:1605	fertility	1.0	2	eflomal
অতিশয লোক	H1995	hbo:1995	fertility	1.0	2	eflomal
অতিশয হাবিযাহ	G1971	grc:1971	fertility	1.0	7	eflomal
অদবেল মিবচম	H4017	hbo:4017	fertility	1.0	2	eflomal
অদভুত লকষণ দেখুৱাইছিল	H4159	hbo:4159	fertility	1.0	2	eflomal
অদভুত লকষণ দেখুৱাব	G5059	grc:5059	fertility	1.0	2	eflomal
অদভুত লকষণৰ	H4159	hbo:4159	fertility	1.0	2	eflomal
অদুনী বেজক	H0137	hbo:0137	fertility	1.0	2	eflomal
অধিক ভাগ	G4119	grc:4119	fertility	1.0	4	eflomal
অধিক মহান	G4119	grc:4119	fertility	1.0	2	eflomal
অধিক হোৱাত	H7230	hbo:7230	fertility	1.0	2	eflomal
অধিকাৰ নিদিওঁ	H3425	hbo:3425	fertility	1.0	2	eflomal
অধিকাৰী হ	G2816	grc:2816	fertility	1.0	7	eflomal
অধৰম আচৰণ	H6586	hbo:6586	fertility	1.0	3	eflomal
অনতঃসথানলৈ অৰথাৎ	H1687	hbo:1687	fertility	1.0	2	eflomal
অননত কাললৈকে	H5769	hbo:5769	fertility	1.0	9	eflomal
অননত জীৱনৰ	G2222	grc:2222	fertility	1.0	2	eflomal
অনযানয বৃততানত	H3499	hbo:3499	fertility	1.0	9	eflomal
অনযাযৰ তুলাচনী	H3976	hbo:3976	fertility	1.0	2	eflomal
অনা ইহুদী লোকেও	G1484	grc:1484	fertility	1.0	2	eflomal
অনা ইহুদী সকলৰ	G1484	grc:1484	fertility	1.0	18	eflomal
অনা দুদা ফলৰ	H1736	hbo:1736	fertility	1.0	2	eflomal
অনাথোতীযা অবীযেজৰ	H6069	hbo:6069	fertility	1.0	2	eflomal
অনাদি কালৰ	H5769	hbo:5769	fertility	1.0	4	eflomal
অনুগৰহৰ বৰ	G5486	grc:5486	fertility	1.0	5	eflomal
অনুপাতে কিককৰ	H3603	hbo:3603	fertility	1.0	2	eflomal
অনুসাৰে চেকল জোখ	H4948	hbo:4948	fertility	1.0	3	eflomal
অনুসাৰে চেকল জোখৰ	H4948	hbo:4948	fertility	1.0	7	eflomal
অনেক অনেক	H7227	hbo:7227	fertility	1.0	4	eflomal
অনেক বিধ	G1243	grc:1243	fertility	1.0	2	eflomal
অপমান অপমান	H2781	hbo:2781	fertility	1.0	2	eflomal
অপমান কৰিলা	H1442	hbo:1442	fertility	1.0	2	eflomal
অপৰাধৰ পৰতিফল	H5771	hbo:5771	fertility	1.0	2	eflomal
অবশিষট বৃততানত	H3499	hbo:3499	fertility	1.0	3	eflomal
অবিশবাসী সকলৰ	G0571	grc:571	fertility	1.0	2	eflomal
অবীনাদব ইচবাল	H0041	hbo:0041	fertility	1.0	2	eflomal
অবৰাহামৰ অবৰাহাম	G0011	grc:11	fertility	1.0	2	eflomal
অভাৱ পূৰণ	G5303	grc:5303	fertility	1.0	2	eflomal
অভিশপত হওঁক	H0779	hbo:0779	fertility	1.0	5	eflomal
অভিষিকত খৰীষট	G5547	grc:5547	fertility	1.0	3	eflomal
অভিষিকত জনক	H4899	hbo:4899	fertility	1.0	4	eflomal
অভিষিকত জনৰ	H4899	hbo:4899	fertility	1.0	5	eflomal
অযিন গদীৰ	H5872	hbo:5872	fertility	1.0	2	eflomal
অযীন গননীম	H5873	hbo:5873	fertility	1.0	2	eflomal
অলপ সমযৰ	G1024,G3398	grc:1024,grc:3398	phrasal	1.0	11	eflomal;gloss
অলপমান তেজ	H1818	hbo:1818	fertility	1.0	2	eflomal
অলপহে সৰু	G1642	grc:1642	fertility	1.0	2	eflomal
অলপো খাবলৈ	H0398	hbo:0398	fertility	1.0	2	eflomal
অশুচি আতমাৰ	G4151	grc:4151	fertility	1.0	2	eflomal
অশুচি জনাব	H2930	hbo:2930	fertility	1.0	3	eflomal
অশুচি থাকিব	H2930	hbo:2930	fertility	1.0	4	eflomal
অশুচি ধৰা	G0169	grc:169	fertility	1.0	4	eflomal
অশুচিতা নাশক	H5079	hbo:5079	fertility	1.0	6	eflomal
অষটাৰেৎ দেবীৰ	H6253	hbo:6253	fertility	1.0	2	eflomal
অসাৰ নিচিনা	H1892	hbo:1892	fertility	1.0	2	eflomal
অসাৰ পৰতিমাবোৰৰ	H1892	hbo:1892	fertility	1.0	2	eflomal
অসাৰ বাহিৰে	H1892	hbo:1892	fertility	1.0	2	eflomal
অসাৰ মূরতিবোৰৰ	H1892	hbo:1892	fertility	1.0	2	eflomal
অসীম পরেম	H2617	hbo:2617	fertility	1.0	8	eflomal
অসীম পরেমৰ	H2617	hbo:2617	fertility	1.0	2	eflomal
অসুৰকষিত অংশবোৰ চাবলৈহে	H6172	hbo:6172	fertility	1.0	2	eflomal
অহিতে পাপ	H2398	hbo:2398	fertility	1.0	11	eflomal
অহিতে সাকষয দিছে	G2649	grc:2649	fertility	1.0	2	eflomal
অৰকীযা চীনীযা	H6208	hbo:6208	fertility	1.0	2	eflomal
অৰণোন নদীৰ	H0769	hbo:0769	fertility	1.0	4	eflomal
অৰাম নহৰযিম	H0763	hbo:0763	fertility	1.0	2	eflomal
অৰামীযা ভাষাৰে	H0762	hbo:0762	fertility	1.0	3	eflomal
অৰামীযা সৈনযৰ	H0758	hbo:0758	fertility	1.0	2	eflomal
অৱশযে পৰাণদণড	H4191	hbo:4191	fertility	1.0	2	eflomal
অৱশিষট থাকিল	H7604	hbo:7604	fertility	1.0	2	eflomal
অৱশিষট বৃততানত	H3499	hbo:3499	fertility	1.0	9	eflomal
অৱশিষট বৃততানতৰ	H3499	hbo:3499	fertility	1.0	5	eflomal
অৱশিষট ভাগ	H7611	hbo:7611	fertility	1.0	8	eflomal
অৱশিষট ভাগক	H7611	hbo:7611	fertility	1.0	10	eflomal
অৱশিষট ভাগলৈ	H7611	hbo:7611	fertility	1.0	2	eflomal
অৱশিষট ভাগে	H7611	hbo:7611	fertility	1.0	3	eflomal
আঁঠুকাঢি পৰণিপাত	H7812	hbo:7812a	fertility	1.0	2	eflomal
আকরমণ পৰাজয	H5221	hbo:5221	fertility	1.0	2	eflomal
আকাশ বাণী	G5456	grc:5456	fertility	1.0	3	eflomal
আকাশ মণডল	H8064	hbo:8064	fertility	1.0	50	eflomal
আকাশ মণডলক	H8064	hbo:8064	fertility	1.0	6	eflomal
আকাশ মণডলত	H8064	hbo:8064	fertility	1.0	3	eflomal
আকাশ মণডলে	H8064	hbo:8064	fertility	1.0	3	eflomal
আকাশ মণডলৰ	H8064	hbo:8064	fertility	1.0	16	eflomal
আগত লগাই পান	G4222	grc:4222	fertility	1.0	2	eflomal
আগত শপত খাই	H7650	hbo:7650	fertility	1.0	2	eflomal
আগত শুভবারতা পৰচাৰ	G2097	grc:2097	fertility	1.0	2	eflomal
আগত শুভবাৰতা ঘোষণা	G2097	grc:2097	fertility	1.0	3	eflomal
আগত শুভবাৰতা পৰচাৰ	G2097	grc:2097	fertility	1.0	4	eflomal
আগবঢোৱা নৈবেদয	H8641	hbo:8641	fertility	1.0	2	eflomal
আগেদি গমন	H5674	hbo:5674	fertility	1.0	2	eflomal
আগেযে কৈছিলোঁ	G4302	grc:4302	fertility	1.0	2	eflomal
আঙঠা ধৰা	H4289	hbo:4289	fertility	1.0	6	eflomal
আঙঠি গঢাবা	H2885	hbo:2885	fertility	1.0	2	eflomal
আঙুল ডাঠ	H5672	hbo:5672	fertility	1.0	2	eflomal
আচেৰা দেৱীৰ	H0842	hbo:0842	fertility	1.0	2	eflomal
আচেৰা মুৰততি	H0842	hbo:0842	fertility	1.0	2	eflomal
আচেৰা মুৰততিবোৰ	H0842	hbo:0842	fertility	1.0	6	eflomal
আচেৰা মুৰততিবোৰক	H0842	hbo:0842	fertility	1.0	2	eflomal
আচেৰা মূরতি	H0842	hbo:0842	fertility	1.0	2	eflomal
আচেৰা মূৰততিবোৰ	H0842	hbo:0842	fertility	1.0	4	eflomal
আচেৰা মূৰতি	H0842	hbo:0842	fertility	1.0	2	eflomal
আচৰিত কারযৰ	H6381	hbo:6381	fertility	1.0	5	eflomal
আচৰিত কাৰযবোৰ	H6381	hbo:6381	fertility	1.0	5	eflomal
আচৰিত কাৰযবোৰৰ	H6381	hbo:6381	fertility	1.0	2	eflomal
আচৰিত কৰম	H6381	hbo:6381	fertility	1.0	2	eflomal
আচৰিত কৰমবোৰ	H6381	hbo:6381	fertility	1.0	2	eflomal
আচৰিত চিন	G4592	grc:4592	fertility	1.0	11	eflomal
আচৰিত চিন দেখুৱাইছিল	G4592	grc:4592	fertility	1.0	2	eflomal
আচৰিত চিন দেখুৱালে	G4592	grc:4592	fertility	1.0	2	eflomal
আচৰিত চিনৰ	G4592	grc:4592	fertility	1.0	2	eflomal
আচৰিত মানিব	H8074	hbo:8074	fertility	1.0	2	eflomal
আজঞা উলঙঘন	G1785	grc:1785	fertility	1.0	2	eflomal
আজঞা দিছিলোঁ	H6680	hbo:6680	fertility	1.0	3	eflomal
আজঞা দিছো	H6680	hbo:6680	fertility	1.0	5	eflomal
আজঞা দিলে	G2753	grc:2753	fertility	1.0	2	eflomal
আজঞা দিলোঁ	H6680	hbo:6680	fertility	1.0	4	eflomal
আজঞা নমনা	G0545	grc:545	fertility	1.0	2	eflomal
আজঞা পতর	H1881	hbo:1881	fertility	1.0	2	eflomal
আজঞা পালন	H4687	hbo:4687	fertility	1.0	6	eflomal
আটদৰ মৰণা	H0329	hbo:0329b	fertility	1.0	2	eflomal
আটাই বসতুৰ	H3605	hbo:3605	fertility	1.0	2	eflomal
আটাইতকৈ সৰু	G3398	grc:3398	fertility	1.0	2	eflomal
আতমা সথিতি	H7307	hbo:7307	fertility	1.0	6	eflomal
আতৰত ৰাখিব	H5462	hbo:5462	fertility	1.0	3	eflomal
আদেশ দিযাৰ	G4929	grc:4929	fertility	1.0	2	eflomal
আদেশ দিলোঁ	H6680	hbo:6680	fertility	1.0	2	eflomal
আন দেশলৈ ল	G0589	grc:589	fertility	1.0	2	eflomal
আননদ গান	H7442	hbo:7442	fertility	1.0	3	eflomal
আননদ গানেৰে	H7440	hbo:7440	fertility	1.0	2	eflomal
আপদ ফানদ নিৰূপিত	H6341	hbo:6341	fertility	1.0	2	eflomal
আপুনি ইচছা	G2309	grc:2309	fertility	1.0	2	eflomal
আপুনি কৈছে	G3004	grc:3004	fertility	1.0	2	eflomal
আপুনি গাগৰি গতাই	G5007	grc:5007	fertility	1.0	2	eflomal
আপুনি জানে	G1492	grc:1492	fertility	1.0	2	eflomal
আপোনালোকলৈ লিখিছোঁ	G1125	grc:1125	fertility	1.0	4	eflomal
আপোনালোকলৈ লিখিলোঁ	G1125	grc:1125	fertility	1.0	4	eflomal
আপোনালোকে কাৰযত	H4916	hbo:4916	fertility	1.0	2	eflomal
আপোনালোকে চিনি	G1492	grc:1492	fertility	1.0	2	eflomal
আপোনালোকে জানিব	G1492	grc:1492	fertility	1.0	2	eflomal
আপোনালোকে জানে	G1492	grc:1492	fertility	1.0	13	eflomal
আপোনালোকে নাজানে	G1492	grc:1492	fertility	1.0	6	eflomal
আপোনালোকে নাযক	G2233	grc:2233	fertility	1.0	2	eflomal
আপোনালোকে ভোজন	H0398	hbo:0398	fertility	1.0	2	eflomal
আমাৰ আছে	G2192	grc:2192	fertility	1.0	4	eflomal
আমোদ পরমোদৰ	H8057	hbo:8057	fertility	1.0	2	eflomal
আলফযৰ পুতেক	G0256	grc:256	fertility	1.0	4	eflomal
আলেকজেনদৰিযা নগৰৰ	G0222	grc:222	fertility	1.0	2	eflomal
আশরয শিলা	H2620	hbo:2620	fertility	1.0	2	eflomal
আশৰয লৈছোঁ	H2620	hbo:2620	fertility	1.0	2	eflomal
আশৰয লোৱাই	H2620	hbo:2620	fertility	1.0	2	eflomal
আশৰয সথল	H4268	hbo:4268	fertility	1.0	2	eflomal
আহাৰ খায	H0398	hbo:0398	fertility	1.0	2	eflomal
আহাৰ যোগান	H3899	hbo:3899	fertility	1.0	3	eflomal
আহাৰেৰে তৃপত	H7646	hbo:7646	fertility	1.0	3	eflomal
আহিব আহিব	H0935	hbo:0935	fertility	1.0	3	eflomal
আহিল নামি আহিল	H3381	hbo:3381	fertility	1.0	2	eflomal
ইচছা কৰোঁ	G2309	grc:2309	fertility	1.0	2	eflomal
ইচছা পালন	G2307	grc:2307	fertility	1.0	2	eflomal
ইচছাকৃত দান	H5068	hbo:5068	fertility	1.0	2	eflomal
ইচছামতে এনেই	H5071	hbo:5071	fertility	1.0	3	eflomal
ইচছামতে এনেই দিবৰ অৰথে	H5071	hbo:5071	fertility	1.0	2	eflomal
ইচছাৰে দান	H5068	hbo:5068	fertility	1.0	2	eflomal
ইচিযোন গেবৰত	H6100	hbo:6100	fertility	1.0	2	eflomal
ইতিহাস পুসতকখনত	H5612	hbo:5612	fertility	1.0	9	eflomal
ইফৰযিম অঞচলত	H0669	hbo:0669	fertility	1.0	3	eflomal
ইবৰী ভাষাৰে	H3066	hbo:3066	fertility	1.0	4	eflomal
ইলহাননে গাতীযা	H1663	hbo:1663	fertility	1.0	2	eflomal
ইলিযাচা ইলিযাচাৰ	H0501	hbo:0501	fertility	1.0	2	eflomal
ইলীচাই উততৰ	H0559	hbo:0559	fertility	1.0	3	eflomal
ইলীচাই ক	H0559	hbo:0559	fertility	1.0	5	eflomal
ইলীচাই গেহজীক	H1522	hbo:1522	fertility	1.0	2	eflomal
ইসরাযেলীযা ভাইসকলৰ	H0251	hbo:0251	fertility	1.0	2	eflomal
ইসরাযেলীযা ভাইৰ	H0251	hbo:0251	fertility	1.0	2	eflomal
ইহুদী ইহুদী	G2453	grc:2453	fertility	1.0	3	eflomal
ইহুদী সকলে	G2453	grc:2453	fertility	1.0	2	eflomal
ইহুদী সকলেও	G2453	grc:2453	fertility	1.0	2	eflomal
ঈশবৰক ধনযবাদ	G2168	grc:2168	fertility	1.0	5	eflomal
ঈশবৰক নিনদা	G0988	grc:988	fertility	1.0	8	eflomal
ঈশবৰত ভাৰসা	H0982	hbo:0982	fertility	1.0	2	eflomal
উগুল থুগুল	G5015	grc:5015	fertility	1.0	3	eflomal
উচছনন ঠাইবোৰত	H2723	hbo:2723	fertility	1.0	2	eflomal
উজবল ৰঙা	G2847	grc:2847	fertility	1.0	2	eflomal
উজবল ৰঙা বৰণীযা	G2847	grc:2847	fertility	1.0	2	eflomal
উজুটি খাই	H3782	hbo:3782	fertility	1.0	3	eflomal
উজুটি খাই পৰিব	H3782	hbo:3782	fertility	1.0	3	eflomal
উজুটি খায	G4350	grc:4350	fertility	1.0	2	eflomal
উজুটি খুউৱা	G4348	grc:4348	fertility	1.0	3	eflomal
উজুটি খোৱা মূঢা	H4383	hbo:4383	fertility	1.0	3	eflomal
উজুতি খাই	H3782	hbo:3782	fertility	1.0	2	eflomal
উঠাৰ লগে লগে	G2117	grc:2117	fertility	1.0	2	eflomal
উঠিবলৈ খাপ	H4609	hbo:4609	fertility	1.0	3	eflomal
উততম খাদয	H6598	hbo:6598	fertility	1.0	3	eflomal
উততম দৰাকষালতা	H8321	hbo:8321	fertility	1.0	2	eflomal
উততম বসতুৰে	H2898	hbo:2898	fertility	1.0	2	eflomal
উততম সোণৰ	H6337	hbo:6337	fertility	1.0	2	eflomal
উততোলনীয উপহাৰ	H8641	hbo:8641	fertility	1.0	5	eflomal
উততোলনীয উপহাৰৰ	H8641	hbo:8641	fertility	1.0	2	eflomal
উততোলনীয কৰিবা	H8641	hbo:8641	fertility	1.0	2	eflomal
উততৰ দিশত	H6828	hbo:6828	fertility	1.0	3	eflomal
উততৰ দিশৰ	H6828	hbo:6828	fertility	1.0	12	eflomal
উততৰ ফালে	H6828	hbo:6828	fertility	1.0	16	eflomal
উততৰ লে	H0559	hbo:0559	fertility	1.0	2	eflomal
উততৰাধিকাৰীও হৈছে	G2818	grc:2818	fertility	1.0	2	eflomal
উদং গাৰে শুদা	H6174	hbo:6174	fertility	1.0	2	eflomal
উদদেশযে অগনিকৃত উপহাৰ	H0801	hbo:0801	fertility	1.0	4	eflomal
উদধাৰ পাব	G4982	grc:4982	fertility	1.0	2	eflomal
উননতি লাভ	H6743	hbo:6743	fertility	1.0	3	eflomal
উপচি পৰিবলৈ	G4052	grc:4052	fertility	1.0	2	eflomal
উপচি পৰে	G4052	grc:4052	fertility	1.0	6	eflomal
উপদেশ উপদেশ	G1321	grc:1321	fertility	1.0	2	eflomal
উপদেশ দি	G1321	grc:1321	fertility	1.0	11	eflomal
উপদেশ দিবলৈ	G1321	grc:1321	fertility	1.0	7	eflomal
উপবাস নিৰূপণ	H6685	hbo:6685	fertility	1.0	2	eflomal
উপযুকত সময পদধতি	H6256	hbo:6256	fertility	1.0	2	eflomal
উপহাৰ গৰহণ	H4503	hbo:4503	fertility	1.0	2	eflomal
উপহাৰ ভূমিৰ	H8641	hbo:8641	fertility	1.0	4	eflomal
উপায বিচাৰি ফুৰিছে	G2212	grc:2212	fertility	1.0	2	eflomal
উপায বিচাৰিলে	G2212	grc:2212	fertility	1.0	6	eflomal
উবুৰি পৰণিপাত	H7812	hbo:7812a	fertility	1.0	2	eflomal
উবুৰি পৰিলোঁ	H5307	hbo:5307	fertility	1.0	2	eflomal
উবুৰি সাষটাঙগে পরণিপাত	H5457	hbo:5457	fertility	1.0	3	eflomal
উভতি আহিবা	H7725	hbo:7725	fertility	1.0	2	eflomal
উভতি আহিল	G5290	grc:5290	fertility	1.0	2	eflomal
উলটি আহিব	H7725	hbo:7725	fertility	1.0	2	eflomal
উলিযাই আনিছিলোঁ	H3318	hbo:3318	fertility	1.0	3	eflomal
উলিযাই আনিলে	H3318	hbo:3318	fertility	1.0	7	eflomal
উৎসৰগ মঙগলাৰথক	H8002	hbo:8002	fertility	1.0	3	eflomal
উৰদধলোকত জযধবনি	G5310	grc:5310	fertility	1.0	2	eflomal
এই লিখাও আছে	G1125	grc:1125	fertility	1.0	3	eflomal
এইটো কৰিলা	H2063	hbo:2063	fertility	1.0	2	eflomal
এইবুলি কৈ	H0559	hbo:0559	fertility	1.0	2	eflomal
এইযেই ঘোষণা	H5002	hbo:5002	fertility	1.0	4	eflomal
এওঁকো মনোনীত	H0970	hbo:0977	fertility	1.0	2	eflomal
এওঁলৈ অপেকষা	H6960	hbo:6960	fertility	1.0	2	eflomal
একলহ লৈ	G2765	grc:2765	fertility	1.0	2	eflomal
একেটি পুতৰৰ	H3173	hbo:3173	fertility	1.0	3	eflomal
একেথৰে চাই	G0816	grc:816	fertility	1.0	6	eflomal
একেলগ গৰভৱতী	H2029	hbo:2029	fertility	1.0	2	eflomal
একোকে নকবা	H2814	hbo:2814	fertility	1.0	2	eflomal
এগৰাকী ৰোমীযা নাগৰিক	G4514	grc:4514	fertility	1.0	2	eflomal
এঘণটাও পৰ দি থাকিব নোৱাৰিলা	G1127	grc:1127	fertility	1.0	2	eflomal
এচটা শিল	G3037	grc:3037	fertility	1.0	2	eflomal
এচিযা দেশত	G0773	grc:773	fertility	1.0	3	eflomal
এচিযা দেশৰ	G0773	grc:773	fertility	1.0	3	eflomal
এচোব বন	H0231	hbo:0231	fertility	1.0	4	eflomal
এজনী ছোৱালী	H0802	hbo:0802	fertility	1.0	2	eflomal
এজনী মহিলাক	H0802	hbo:0802	fertility	1.0	2	eflomal
এজনে আন	H7453	hbo:7453	fertility	1.0	8	eflomal
এজনো বিনষট	G0622	grc:622	fertility	1.0	2	eflomal
এজোপা ডিমৰু গছ	G4808	grc:4808	fertility	1.0	2	eflomal
এটা মতা মেৰ	H0352	hbo:0352	fertility	1.0	5	eflomal
এটা মতা মেৰ ছাগ	H0352	hbo:0352	fertility	1.0	2	eflomal
এডাল ওলোম জৰী	H0594	hbo:0594	fertility	1.0	2	eflomal
এডোখৰ কাঠ	H6086	hbo:6086	fertility	1.0	5	eflomal
এফোদ বসতৰ	H0646	hbo:0646	fertility	1.0	4	eflomal
এফোদৰ কঁকালত	H2805	hbo:2805	fertility	1.0	2	eflomal
এবছৰীযা মতা মেৰ পোৱালি	H3532	hbo:3532	fertility	1.0	2	eflomal
এবছৰীযা মেৰ ছাগ পোৱালি	H3532	hbo:3532	fertility	1.0	3	eflomal
এবছৰীযা মেৰ পোৱালি	H3532	hbo:3532	fertility	1.0	3	eflomal
এবাটি খুৱায	G4221	grc:4221	fertility	1.0	2	eflomal
এবেন এজৰৰ	H0072	hbo:0072	fertility	1.0	2	eflomal
এযেই ঘোষণা	H5002	hbo:5002	fertility	1.0	2	eflomal
এযোৰ জোতাৰ	H5275	hbo:5275	fertility	1.0	2	eflomal
এহাল যঁজা	H8380	hbo:8380	fertility	1.0	2	eflomal
এৰচ কাঠেৰে সজা	H0730	hbo:0730	fertility	1.0	2	eflomal
ঐননৰ অহীৰা	H0299	hbo:0299	fertility	1.0	3	eflomal
ঐফাৰ মিহি	H5560	hbo:5560	fertility	1.0	2	eflomal
ঐশবৰিক ভাবোকতি পৰচাৰ	G4395	grc:4395	fertility	1.0	5	eflomal
ওখ ঠাইৰ মঠবোৰ	H1116	hbo:1116	fertility	1.0	6	eflomal
ওখ ঠাইৰ মঠবোৰত	H1116	hbo:1116	fertility	1.0	2	eflomal
ওখকৈ চিটীম	H7848	hbo:7848	fertility	1.0	2	eflomal
ওচৰ চাপি আহিছে	H7138	hbo:7138	fertility	1.0	2	eflomal
ওচৰলৈ আনিলে	G4374	grc:4374	fertility	1.0	4	eflomal
ওচৰলৈ মাতি	G4341	grc:4341	fertility	1.0	9	eflomal
ওচৰলৈ মাতি আনি	G4341	grc:4341	fertility	1.0	4	eflomal
ওচৰেদি পাৰ	H5674	hbo:5674	fertility	1.0	2	eflomal
ওচৰেদি যোৱা	H5674	hbo:5674	fertility	1.0	2	eflomal
ওপৰত বিশবাস	G4100	grc:4100	fertility	1.0	4	eflomal
ওপৰতো করুদধ	H0599	hbo:0599	fertility	1.0	2	eflomal
ওপৰলৈ উঠে	H5927	hbo:5927	fertility	1.0	2	eflomal
ওপৰেৰে পাৰ	H5674	hbo:5674	fertility	1.0	2	eflomal
ওফনদি বাগৰি	H1415	hbo:1415	fertility	1.0	2	eflomal
ওবেদ ইদোম	H5654	hbo:5654	fertility	1.0	5	eflomal
ওবেদ ইদোমৰ	H5654	hbo:5654	fertility	1.0	12	eflomal
ওলাই আহিছিল	H3318	hbo:3318	fertility	1.0	4	eflomal
ওলাই আহিছে	H3318	hbo:3318	fertility	1.0	8	eflomal
ওলাই গ ল	G1831	grc:1831	fertility	1.0	3	eflomal
ওলাই যাব	H3318	hbo:3318	fertility	1.0	13	eflomal
ওলাই যোৱা	H3318	hbo:3318	fertility	1.0	8	eflomal
কঁকালত বানধা	H2296	hbo:2296	fertility	1.0	2	eflomal
কইৰা চৰাইৰ	H7124	hbo:7124	fertility	1.0	2	eflomal
ককাযেক ভাযেকৰ	H0251	hbo:0251	fertility	1.0	3	eflomal
ককাযেৰা ভাযেৰাৰ	H0251	hbo:0251	fertility	1.0	2	eflomal
কঠিন বযৱহাৰ	H7287	hbo:7287	fertility	1.0	2	eflomal
কঠিনতা অনুসাৰে	H8307	hbo:8307	fertility	1.0	6	eflomal
কঠিযা পৰিছিল	G4687	grc:4687	fertility	1.0	2	eflomal
কঠোৰ ততবাৱধাযক	H5065	hbo:5065	fertility	1.0	3	eflomal
কঠোৰ পৰিশৰম	H5923	hbo:5923	fertility	1.0	2	eflomal
কথাত মানতি	H0225	hbo:0225	fertility	1.0	2	eflomal
কনান সোমাবা	H3667	hbo:3667	fertility	1.0	2	eflomal
কফীৰা বেৰোতৰ	H3716	hbo:3716	fertility	1.0	2	eflomal
করুচত দিযক	G4717	grc:4717	fertility	1.0	5	eflomal
করুচত দিযা	G4717	grc:4717	fertility	1.0	7	eflomal
করুচত দিলে	G4717	grc:4717	fertility	1.0	2	eflomal
করুচত হত	G4717	grc:4717	fertility	1.0	6	eflomal
কলম সবৰূপে লগোৱা	G1461	grc:1461	fertility	1.0	3	eflomal
কলিজাৰ ওচৰত	H3516	hbo:3516	fertility	1.0	4	eflomal
কলিজাৰ ওচৰত তেলীযা	H3516	hbo:3516	fertility	1.0	5	eflomal
কষতিপূৰণ দিব লাগিব	H7999	hbo:7999	fertility	1.0	2	eflomal
কষতিপূৰণ মুকত	H2670	hbo:2670	fertility	1.0	2	eflomal
কষমতা দিযা	G1325	grc:1325	fertility	1.0	3	eflomal
কষানত সবভাৱী	G1933	grc:1933	fertility	1.0	3	eflomal
কাকতী ফৰিং	H0697	hbo:0697	fertility	1.0	3	eflomal
কাকতী ফৰিঙৰ	H0697	hbo:0697	fertility	1.0	2	eflomal
কাকুতি মিনতি	G3870	grc:3870	fertility	1.0	2	eflomal
কাকো নকবা	G3367	grc:3367	fertility	1.0	3	eflomal
কাকো নিদিবা	G3367	grc:3367	fertility	1.0	2	eflomal
কাচি লগাই	G1407	grc:1407	fertility	1.0	3	eflomal
কাঠত ওলোমাই	G2910	grc:2910	fertility	1.0	2	eflomal
কাঠৰ দুডাল	H6086	hbo:6086	fertility	1.0	4	eflomal
কাঢি লয	H1497	hbo:1497	fertility	1.0	2	eflomal
কাদেচ বৰণেযাৰ	H6947	hbo:6947	fertility	1.0	6	eflomal
কানদিবলৈ ধৰিলে	H1058	hbo:1058	fertility	1.0	9	eflomal
কাননা নগৰত	G2580	grc:2580	fertility	1.0	3	eflomal
কাপোৰ পাৰি	G2440	grc:2440	fertility	1.0	2	eflomal
কাপোৰেৰে মেৰিযাই	G4683	grc:4683	fertility	1.0	2	eflomal
কাম বাধয কৰালে	H4522	hbo:4522	fertility	1.0	3	eflomal
কামত লগাব	H4399	hbo:4399	fertility	1.0	2	eflomal
কারয সাধন	G1754	grc:1754	fertility	1.0	2	eflomal
কারযকে সফল	H6743	hbo:6743	fertility	1.0	2	eflomal
কাষে কাষে চকৰকেইটাও	H0212	hbo:0212	fertility	1.0	2	eflomal
কাষেদি ফালৰ	H6285	hbo:6285	fertility	1.0	11	eflomal
কাৰক আতমাই	H7307	hbo:7307	fertility	1.0	3	eflomal
কাৰচিপি বন	H7553	hbo:7553	fertility	1.0	5	eflomal
কাৰয সাধন	G1754	grc:1754	fertility	1.0	11	eflomal
কাৰয সিদধ কৰিলে	H6213	hbo:6213	fertility	1.0	2	eflomal
কাৰযৰ কথা	H1697	hbo:1697	fertility	1.0	2	eflomal
কাৰযৰ চিন	G4592	grc:4592	fertility	1.0	2	eflomal
কাৰো নাই	G3762	grc:3762	fertility	1.0	2	eflomal
কিনাৰৰ কোঁঠালিবোৰৰ	H6763	hbo:6763	fertility	1.0	2	eflomal
কিনি আনাগৈ	H7666	hbo:7666	fertility	1.0	2	eflomal
কিবৰোৎ হততাবাত	H6914	hbo:6914	fertility	1.0	2	eflomal
কিমানবাৰ শপত	H7650	hbo:7650	fertility	1.0	2	eflomal
কিলিকিযা দেশৰ	G2791	grc:2791	fertility	1.0	2	eflomal
কিৰিযৎ অরবব	H7153	hbo:7153	fertility	1.0	7	eflomal
কিৰিযৎ অরবব নগৰত	H7153	hbo:7153	fertility	1.0	2	eflomal
কিৰিযৎ চেফৰ	H7158	hbo:7158a	fertility	1.0	3	eflomal
কিৰিযৎ যিযাৰীম	H7157	hbo:7157	fertility	1.0	5	eflomal
কিৰিযৎ যিযাৰীমত	H7157	hbo:7157	fertility	1.0	3	eflomal
কিৰিযৎ যিযাৰীমৰ	H7157	hbo:7157	fertility	1.0	9	eflomal
কুকুৰাই ডাক তুমি	G0220	grc:220	fertility	1.0	2	eflomal
কুকৰম কৰিলোঁ	H7561	hbo:7561	fertility	1.0	2	eflomal
কুটা ডাল উলিযাবলৈ	G2595	grc:2595	fertility	1.0	2	eflomal
কুপর দবীপৰ	G2953	grc:2953	fertility	1.0	2	eflomal
কুপৰ দবীপলৈ	G2954	grc:2954	fertility	1.0	2	eflomal
কুমাৰীতবৰ অৰথে	H1331	hbo:1331	fertility	1.0	2	eflomal
কুষঠ ৰোগ	H6883	hbo:6883	fertility	1.0	4	eflomal
কুষঠ ৰোগী	G3015	grc:3015	fertility	1.0	4	eflomal
কুষঠ ৰোগৰ	H6883	hbo:6883	fertility	1.0	6	eflomal
কুষঠৰোগ আতৰিল	G3014	grc:3014	fertility	1.0	2	eflomal
কুষঠৰোগৰ ঘা	H5061	hbo:5061	fertility	1.0	2	eflomal
কুৰৰ পকষীৰ	H5404	hbo:5404	fertility	1.0	3	eflomal
কুৰৰ পখীৰ	H5404	hbo:5404	fertility	1.0	2	eflomal
কেঁকোৰা বিছাৰ	G4651	grc:4651	fertility	1.0	2	eflomal
কেইখনমান নগৰ	H5892	hbo:5892	fertility	1.0	2	eflomal
কেইজনী কনযাই	G3933	grc:3933	fertility	1.0	2	eflomal
কেৰাহীত ভজা	H4802	hbo:4802	fertility	1.0	2	eflomal
কেৱল ধৰিবলৈ চেষটা	H7469	hbo:7469	fertility	1.0	4	eflomal
কৈছিল অশুচি	G0169	grc:169	fertility	1.0	2	eflomal
কৈছিলোঁ বোলে	H0559	hbo:0559	fertility	1.0	2	eflomal
কোট চোলা পিনধাবা	H3801	hbo:3801	fertility	1.0	2	eflomal
কোনেও নোৱাৰিব	G3762	grc:3762	fertility	1.0	2	eflomal
কোনো নহয	G3762	grc:3762	fertility	1.0	2	eflomal
কোনো মানুহে	H0376	hbo:0376	fertility	1.0	2	eflomal
কোৱা তুমি	G3004	grc:3004	fertility	1.0	3	eflomal
কোৱা বোলে	H0559	hbo:0559	fertility	1.0	2	eflomal
কোৱা হৈছিল	G2046	grc:2046	fertility	1.0	4	eflomal
কৰমচাৰী নপুংসক	H5631	hbo:5631	fertility	1.0	2	eflomal
কৰাটো ইচছা	G2309	grc:2309	fertility	1.0	2	eflomal
কৰাতো ইচছা	G2309	grc:2309	fertility	1.0	3	eflomal
কৰিব নোৱাৰিব	H3201	hbo:3201	fertility	1.0	3	eflomal
কৰিব নোৱাৰিলে	G1410	grc:1410	fertility	1.0	4	eflomal
কৰিব নোৱাৰোঁ	G1410	grc:1410	fertility	1.0	2	eflomal
কৰিব পাৰে	G1410	grc:1410	fertility	1.0	16	eflomal
কৰিব লাগিব	G1163	grc:1163	fertility	1.0	5	eflomal
কৰিব লাগে	G1163	grc:1163	fertility	1.0	9	eflomal
কৰিম দযা	H7355	hbo:7355	fertility	1.0	3	eflomal
কৰিম দযা কৰিম	H7355	hbo:7355	fertility	1.0	2	eflomal
কৰিলে পৰণিপাত	H7812	hbo:7812a	fertility	1.0	2	eflomal
কৰূব কেইজনৰ	H3742	hbo:3742	fertility	1.0	8	eflomal
কৰূব দুটাৰ	H3742	hbo:3742	fertility	1.0	4	eflomal
কৰূবৰ আকৃতি	H3742	hbo:3742	fertility	1.0	2	eflomal
কৰেথীযা পেলেথীযা	H3774	hbo:3774	fertility	1.0	2	eflomal
কৰেথীযা পেলেথীযাসকলৰ	H3774	hbo:3774	fertility	1.0	3	eflomal
কৰোধ বৰষাই	H2534	hbo:2534	fertility	1.0	2	eflomal
খঙত জবলি উঠিল	H2734	hbo:2734	fertility	1.0	3	eflomal
খমিৰ নিদিযা	H4682	hbo:4682	fertility	1.0	2	eflomal
খমিৰ নিদিযা পিঠা	H4682	hbo:4682	fertility	1.0	2	eflomal
খমিৰ নোহোৱা পিঠাৰ	G0106	grc:106	fertility	1.0	6	eflomal
খমীৰ নিদিযা	H4682	hbo:4682	fertility	1.0	6	eflomal
খমীৰ নিদিযা পিঠা	H4682	hbo:4682	fertility	1.0	17	eflomal
খমীৰ নিদিযা পিঠাহে	H4682	hbo:4682	fertility	1.0	2	eflomal
খমীৰ নিদিযা পিঠাৰ	H4682	hbo:4682	fertility	1.0	13	eflomal
খাই তৃপত ল	G5526	grc:5526	fertility	1.0	3	eflomal
খাজুৰ গছৰ আকৃতি	H8561	hbo:8561	fertility	1.0	8	eflomal
খাটত তুলি	G2895	grc:2895	fertility	1.0	2	eflomal
খাপ দি থাকে	H0693	hbo:0693	fertility	1.0	2	eflomal
খিলানবোৰ বাৰাণডাৰ ওলাই থকা	H0361	hbo:0361	fertility	1.0	2	eflomal
খিলানবোৰত খিডিকি	H2474	hbo:2474	fertility	1.0	2	eflomal
খুঁটা চুঙী	H0134	hbo:0134	fertility	1.0	2	eflomal
খুটাবোৰৰ চুঙী	H0134	hbo:0134	fertility	1.0	5	eflomal
খুটাবোৰৰ হাঁকোটা	H2053	hbo:2053	fertility	1.0	5	eflomal
খুনদি উলিওৱা	H3795	hbo:3795	fertility	1.0	2	eflomal
খেজুৰ পাত	G5404	grc:5404	fertility	1.0	2	eflomal
খেতি পথাৰ	H7704	hbo:7704	fertility	1.0	4	eflomal
খেদি পঠিযাব	H1644	hbo:1644	fertility	1.0	3	eflomal
খোজকাঢি ফুৰা	G4043	grc:4043	fertility	1.0	5	eflomal
খোদিত দৰেই	H6603	hbo:6603	fertility	1.0	2	eflomal
খোৱা কেঁচুৱা	H3126	hbo:3126	fertility	1.0	3	eflomal
খোৱা বসতুৰ	G1033	grc:1033	fertility	1.0	4	eflomal
খোৱাত উজজাই	H8058	hbo:8058	fertility	1.0	2	eflomal
খৰিকটীযা যোগান	H7579	hbo:7579	fertility	1.0	3	eflomal
খৰিদা দলীলখন	H4736	hbo:4736	fertility	1.0	3	eflomal
খৰীষটত বিশবাস নকৰা	G0571	grc:571	fertility	1.0	2	eflomal
খৰীষটৰ শতরু	G0500	grc:500	fertility	1.0	2	eflomal
গঙগা চিলনী	H7828	hbo:7828	fertility	1.0	2	eflomal
গণিত হ	G3049	grc:3049	fertility	1.0	3	eflomal
গধূলি পৰত	H6153	hbo:6153	fertility	1.0	3	eflomal
গধূলি বেলা	H6153	hbo:6153	fertility	1.0	2	eflomal
গধূলি হোৱাৰ	H6153	hbo:6153	fertility	1.0	2	eflomal
গনধক জুইৰ	G4442	grc:4442	fertility	1.0	2	eflomal
গভীৰ পরেমৰ	H2617	hbo:2617	fertility	1.0	5	eflomal
গভীৰভাৱে জনাৰ	G1922	grc:1922	fertility	1.0	3	eflomal
গা ধুব লাগিব	H7364	hbo:7364	fertility	1.0	2	eflomal
গাখীৰ জোল	H2461	hbo:2461	fertility	1.0	4	eflomal
গাগৰি পাইছিল	G5007	grc:5007	fertility	1.0	4	eflomal
গাত থুই পেলাব	G1716	grc:1716	fertility	1.0	2	eflomal
গাতলৈ যোৱাসকলেৰে	H0953	hbo:0953	fertility	1.0	3	eflomal
গাতলৈ লগাবোৰে	H0953	hbo:0953	fertility	1.0	2	eflomal
গাধত জীন	H2280	hbo:2280	fertility	1.0	3	eflomal
গালত চৰ মাৰে	G4600	grc:4600	fertility	1.0	2	eflomal
গালীল পরদেশলৈ	G1056	grc:1056	fertility	1.0	2	eflomal
গালীল পৰদেশত	G1056	grc:1056	fertility	1.0	3	eflomal
গালীল পৰদেশলৈ	G1056	grc:1056	fertility	1.0	9	eflomal
গালীল পৰদেশৰ	G1056	grc:1056	fertility	1.0	23	eflomal
গাৱেঁ গাৱেঁ	G2968	grc:2968	fertility	1.0	2	eflomal
গিলিযদৰ গিলিযদ	H1568	hbo:1568	fertility	1.0	2	eflomal
গীত গাই গাই	G5214	grc:5214	fertility	1.0	2	eflomal
গুচি গ ল	G0565	grc:565	fertility	1.0	6	eflomal
গুচি যা	G5217	grc:5217	fertility	1.0	2	eflomal
গুচি যাব	H1980	hbo:1980	fertility	1.0	2	eflomal
গুচি যাম	H1980	hbo:1980	fertility	1.0	2	eflomal
গুটি ববা	H2232	hbo:2232	fertility	1.0	2	eflomal
গুটি সিঁচিবা	H2232	hbo:2232	fertility	1.0	2	eflomal
গুপুতে ৰাখে	H3680	hbo:3680	fertility	1.0	2	eflomal
গেৎচিমানী এখন	G1068	grc:1068	fertility	1.0	2	eflomal
গোটেই ৰাতি	H3885	hbo:3885a	fertility	1.0	3	eflomal
গোপনে খাপ পাতি	H4565	hbo:4565	fertility	1.0	2	eflomal
গোমৰ গৰভৱতী	H2029	hbo:2029	fertility	1.0	2	eflomal
গোষঠী গোষঠী	H4940	hbo:4940	fertility	1.0	2	eflomal
গোষঠী পৰা গোষঠী	H4940	hbo:4940	fertility	1.0	4	eflomal
গোষঠীক বংশানুকৰমে	H4940	hbo:4940	fertility	1.0	2	eflomal
গোষঠীৰ পূৰবপুৰুষ	H4940	hbo:4940	fertility	1.0	4	eflomal
গৌৰৱ কৰিম	G2744	grc:2744	fertility	1.0	2	eflomal
গৰবব খৰবব	H1347	hbo:1347	fertility	1.0	3	eflomal
গৰভৱতী এটি	H2029	hbo:2029	fertility	1.0	2	eflomal
গৰহণ কৰে	G1209	grc:1209	fertility	1.0	2	eflomal
গৰাস পেলাব	H0398	hbo:0398	fertility	1.0	4	eflomal
গৰীকভাষী ইহুদী	G1675	grc:1675	fertility	1.0	2	eflomal
ঘটনা ঘটি	H1697	hbo:1697	fertility	1.0	2	eflomal
ঘিণলগা কাৰযৰ	H8441	hbo:8441	fertility	1.0	3	eflomal
ঘিণলগীযা কাৰযবোৰ	H8441	hbo:8441	fertility	1.0	3	eflomal
ঘিণলগীযা কাৰযৰ	H8441	hbo:8441	fertility	1.0	17	eflomal
ঘিণলগীযা দেৱতা	H8251	hbo:8251	fertility	1.0	3	eflomal
ঘিণলগীযা বসতু	H8251	hbo:8251	fertility	1.0	2	eflomal
ঘিণলগীযা বসতুবোৰ	H8251	hbo:8251	fertility	1.0	2	eflomal
ঘূৰি অহা	H7725	hbo:7725	fertility	1.0	2	eflomal
ঘূৰি আহি	G5290	grc:5290	fertility	1.0	3	eflomal
ঘূৰি আহিম	H7725	hbo:7725	fertility	1.0	3	eflomal
ঘূৰি ফুৰি	H5437	hbo:5437	fertility	1.0	2	eflomal
ঘূৰি যোৱা	H7725	hbo:7725	fertility	1.0	2	eflomal
ঘৃণনীয বসতু	H8251	hbo:8251	fertility	1.0	2	eflomal
ঘৃণা উপজিল	H8581	hbo:8581	fertility	1.0	2	eflomal
ঘোলা কৰিছা	H7515	hbo:7515	fertility	1.0	2	eflomal
ঘৰগিৰী ইলিযাকীম	H0471	hbo:0471	fertility	1.0	3	eflomal
ঘৰচীযা পশু	H0929	hbo:0929	fertility	1.0	7	eflomal
ঘৰলৈ উলটি	G5290	grc:5290	fertility	1.0	3	eflomal
চকুৰ পানী	H1832	hbo:1832	fertility	1.0	2	eflomal
চকুৰ সনমুখতে	H5869	hbo:5869	fertility	1.0	4	eflomal
চকুৰে চাই	H7200	hbo:7200	fertility	1.0	2	eflomal
চকুৰেই পৰিপূৰণ	G1073	grc:1073	fertility	1.0	2	eflomal
চট কাপোৰ পিনধি	H8242	hbo:8242	fertility	1.0	7	eflomal
চট কাপোৰ পিনধিলে	H8242	hbo:8242	fertility	1.0	2	eflomal
চদোম ঘমোৰাৰ	H5467	hbo:5467	fertility	1.0	4	eflomal
চদোমৰ ঘমোৰাৰ	H5467	hbo:5467	fertility	1.0	2	eflomal
চনদুক নিযা	H0727	hbo:0727	fertility	1.0	3	eflomal
চফটিযা চফটিযাৰ	H8203	hbo:8203	fertility	1.0	2	eflomal
চমৰীযা সকলৰ	G4541	grc:4541	fertility	1.0	2	eflomal
চাদোক চাদোকৰ	H6659	hbo:6659	fertility	1.0	2	eflomal
চাবুকেৰে কোবাবলৈ	G3146	grc:3146	fertility	1.0	2	eflomal
চাবুকেৰে শাসতি	H3256	hbo:3256	fertility	1.0	2	eflomal
চালবোনীযা ইলিযহবা	H0455	hbo:0455	fertility	1.0	2	eflomal
চাৰি আঙুল	H2948	hbo:2948	fertility	1.0	2	eflomal
চাৰি চুকত	G5064	grc:5064	fertility	1.0	3	eflomal
চাৰি শ	G5071	grc:5071	fertility	1.0	4	eflomal
চাৰি হাজাৰ	G5070	grc:5070	fertility	1.0	5	eflomal
চাৰিওফালে চালে	G4017	grc:4017	fertility	1.0	3	eflomal
চাৰিওফালে থিয	G4026	grc:4026	fertility	1.0	2	eflomal
চাৰে তিনি	G5140	grc:5140	fertility	1.0	3	eflomal
চিঙি পেলালে	H5423	hbo:5423	fertility	1.0	2	eflomal
চিটীম সাজিবা	H7848	hbo:7848	fertility	1.0	3	eflomal
চিঠি খেলত	H1486	hbo:1486	fertility	1.0	2	eflomal
চিঠি খেলাই	H1486	hbo:1486	fertility	1.0	4	eflomal
চিঠি খেলাওঁতে	H1486	hbo:1486	fertility	1.0	5	eflomal
চিঠি খেলাতে	H1486	hbo:1486	fertility	1.0	2	eflomal
চিঠি খেলাম	H1486	hbo:1486	fertility	1.0	2	eflomal
চিঠি খেলালে	H1486	hbo:1486	fertility	1.0	6	eflomal
চিঠি খেলেৰে	H1486	hbo:1486	fertility	1.0	2	eflomal
চিন আচৰিত কারয	G4592	grc:4592	fertility	1.0	2	eflomal
চিনি পাবা	G1921	grc:1921	fertility	1.0	2	eflomal
চিবদিযৰ পুতেক	G2199	grc:2199	fertility	1.0	4	eflomal
চিমচোন পলেষটীযাহঁতে ধৰেহে	H8123	hbo:8123	fertility	1.0	3	eflomal
চিমিযোন ফৈদৰ	H8095	hbo:8095	fertility	1.0	2	eflomal
চিৰকাল সথাযী	H5769	hbo:5769	fertility	1.0	3	eflomal
চিৰসথাযী কৰিম	H5769	hbo:5769	fertility	1.0	2	eflomal
চিৰসথাযী পরেম	H2617	hbo:2617	fertility	1.0	2	eflomal
চীনয পৰববতৰ	H5514	hbo:5514	fertility	1.0	2	eflomal
চুচন ৰাজপরসাদত	H7800	hbo:7800	fertility	1.0	2	eflomal
চুননৎ কৰোৱালে	H4135	hbo:4135	fertility	1.0	2	eflomal
চুননৎ নোহোৱা	G0203	grc:203	fertility	1.0	2	eflomal
চুননৎ হোৱা	G4061	grc:4061	fertility	1.0	12	eflomal
চুমা খায	H5401	hbo:5401	fertility	1.0	2	eflomal
চুমা খোৱা	H5401	hbo:5401	fertility	1.0	2	eflomal
চুলি বাঢিবলৈ	H8181	hbo:8181	fertility	1.0	2	eflomal
চুলি মুকলিকৈ	H6544	hbo:6544	fertility	1.0	3	eflomal
চুলি সৰি	H4803	hbo:4803	fertility	1.0	2	eflomal
চুলিৰে মচিলে	G1591	grc:1591	fertility	1.0	2	eflomal
চেঁউৰী গৰু	H5697	hbo:5697	fertility	1.0	2	eflomal
চেকল অনুসাৰে	H8255	hbo:8255	fertility	1.0	4	eflomal
চেকল জোখৰ আনিছিল	H4392	hbo:4392	fertility	1.0	6	eflomal
চেকল ৰূপৰ	H3701	hbo:3701	fertility	1.0	2	eflomal
চেলক নহৰয	H5171	hbo:5171	fertility	1.0	2	eflomal
চেলেকি খালে	H3952	hbo:3952	fertility	1.0	2	eflomal
চোকল জোখৰ	H4392	hbo:4392	fertility	1.0	2	eflomal
চোতাল কেইখন	H2691	hbo:2691	fertility	1.0	3	eflomal
চোতাল কেইখনত	H2691	hbo:2691	fertility	1.0	3	eflomal
চোৰাত গছ	H2336	hbo:2336	fertility	1.0	2	eflomal
চৌলে ধৰিবলৈ	H7586	hbo:7586	fertility	1.0	2	eflomal
চৰণীযা ঠাযে	H4054	hbo:4054	fertility	1.0	2	eflomal
চৰণীযা ঠাযেৰে সৰববমুঠ	H4054	hbo:4054	fertility	1.0	2	eflomal
চৰাইবোৰে খুঁটি	G4071	grc:4071	fertility	1.0	2	eflomal
চৰাটো জুখি	H4058	hbo:4058	fertility	1.0	2	eflomal
চৰাটো বনধ	H5462	hbo:5462	fertility	1.0	2	eflomal
ছাইত বাগৰা	H6428	hbo:6428	fertility	1.0	2	eflomal
ছাউনি পতা	H2583	hbo:2583	fertility	1.0	2	eflomal
ছাউনি পাতি	H2583	hbo:2583	fertility	1.0	14	eflomal
ছাউনি পাতিলে	H2583	hbo:2583	fertility	1.0	74	eflomal
ছাগলী গৰুৰ	H1241	hbo:1241	fertility	1.0	2	eflomal
ছাগলী পোৱালি	H1423	hbo:1423	fertility	1.0	5	eflomal
ছাগলী পোৱালিৰ	H1423	hbo:1423	fertility	1.0	2	eflomal
ছাগলী মেৰ	H6629	hbo:6629	fertility	1.0	2	eflomal
ছাগলীৰ নোমৰ	H5795	hbo:5795	fertility	1.0	3	eflomal
ছাগৰ জাকৰ	H6629	hbo:6629	fertility	1.0	2	eflomal
ছালৰ মোটত	G0779	grc:779	fertility	1.0	2	eflomal
ছিঙি পেলালে	H5423	hbo:5423	fertility	1.0	2	eflomal
ছোৱালী জনী	G3813	grc:3813	fertility	1.0	2	eflomal
ছোৱালী বিযা	H0802	hbo:0802	fertility	1.0	3	eflomal
জখৰিযা জখৰিযাৰ	H2148	hbo:2148	fertility	1.0	3	eflomal
জঞাতি কুটুমব	G4773	grc:4773	fertility	1.0	2	eflomal
জঞানসমপননতাৰ দবাৰাই পৰিচিত	H2445	hbo:2445	fertility	1.0	5	eflomal
জঞানী ভবা	H2450	hbo:2450	fertility	1.0	2	eflomal
জনকে ইচছা	G2309	grc:2309	fertility	1.0	2	eflomal
জনতু উৰগ	G4071	grc:4071	fertility	1.0	2	eflomal
জনতু ঘিণ লগা	H8263	hbo:8263	fertility	1.0	2	eflomal
জনমাওঁতা বিঘিনি	H4383	hbo:4383	fertility	1.0	3	eflomal
জবদীৰ জবদী	H2067	hbo:2067	fertility	1.0	2	eflomal
জবলি উঠাত	H2734	hbo:2734	fertility	1.0	3	eflomal
জবলি উঠিল	H2734	hbo:2734	fertility	1.0	15	eflomal
জযেষঠ পুতৰ	H1060	hbo:1060	fertility	1.0	5	eflomal
জাকৰ মেৰ	H6629	hbo:6629	fertility	1.0	2	eflomal
জাতি জাতিৰ	H1471	hbo:1471	fertility	1.0	2	eflomal
জাতি সমূহক	H1471	hbo:1471	fertility	1.0	8	eflomal
জাতি সমূহে	H1471	hbo:1471	fertility	1.0	8	eflomal
জাতি সমূহৰ	H1471	hbo:1471	fertility	1.0	38	eflomal
জাতিবোৰক তেওঁলোকতকৈযো	H1471	hbo:1471	fertility	1.0	2	eflomal
জাতিবোৰৰ কৰিম	H1471	hbo:1471	fertility	1.0	2	eflomal
জানিবলৈ পোৱাত	G1921	grc:1921	fertility	1.0	4	eflomal
জালৰ আকৃতিৰ	H7639	hbo:7639	fertility	1.0	3	eflomal
জাহাজ খন	G4143	grc:4143	fertility	1.0	2	eflomal
জিখৰী জিখৰীৰ	H2147	hbo:2147	fertility	1.0	2	eflomal
জিলাৰ অংশত	H6418	hbo:6418a	fertility	1.0	2	eflomal
জিলাৰ অংশৰ	H6418	hbo:6418a	fertility	1.0	3	eflomal
জিলিকা দাগ	H0934	hbo:0934	fertility	1.0	7	eflomal
জিলিকা দাগত	H0934	hbo:0934	fertility	1.0	2	eflomal
জীযাই আছোঁ	G2198	grc:2198	fertility	1.0	3	eflomal
জীযাই উঠা	G2198	grc:2198	fertility	1.0	3	eflomal
জীযাই উঠিল	G2198	grc:2198	fertility	1.0	4	eflomal
জীযাই থাকিবলৈ	H2421	hbo:2421	fertility	1.0	4	eflomal
জীযাই থাকিম	H2421	hbo:2421	fertility	1.0	6	eflomal
জীযাই থাকো	G2198	grc:2198	fertility	1.0	2	eflomal
জীযাই ৰাখিবলৈ	H2421	hbo:2421	fertility	1.0	2	eflomal
জীযাই ৰাখিলোঁহেঁতেন	H2421	hbo:2421	fertility	1.0	2	eflomal
জীৱন দিযে	G2227	grc:2227	fertility	1.0	2	eflomal
জীৱন ধাৰণ	H2421	hbo:2421	fertility	1.0	5	eflomal
জীৱন সমপৰকীয	G0982	grc:982	fertility	1.0	2	eflomal
জীৱনত শপত	H2416	hbo:2416	fertility	1.0	3	eflomal
জীৱনৰ আযুস	G2222	grc:2222	fertility	1.0	3	eflomal
জীৱনৰ কালত	H3117	hbo:3117	fertility	1.0	2	eflomal
জীৱনৰো ভাগী	G4800	grc:4800	fertility	1.0	2	eflomal
জীৱিত পরাণী	H2416	hbo:2416a	fertility	1.0	2	eflomal
জীৱিত পৰাণীৰ	G2226	grc:2226	fertility	1.0	5	eflomal
জীৱিত শপত	H2416	hbo:2416	fertility	1.0	2	eflomal
জুইত পুৰি	H8313	hbo:8313	fertility	1.0	3	eflomal
জুইত পোৰা	H0784	hbo:0784	fertility	1.0	4	eflomal
জুইত ভসম	H0784	hbo:0784	fertility	1.0	4	eflomal
জুইৰ তাপত	H0784	hbo:0784	fertility	1.0	2	eflomal
জুইৰে পুৰি	H8313	hbo:8313	fertility	1.0	2	eflomal
জুৰি বৈ	H0650	hbo:0650	fertility	1.0	3	eflomal
জুৰিবোৰৰ কাষত	H0650	hbo:0650	fertility	1.0	3	eflomal
জুৰিৰ পাৰত	H5158	hbo:5158	fertility	1.0	2	eflomal
জেষঠ পুতৰ	H1060	hbo:1060	fertility	1.0	3	eflomal
জেষঠয পুতৰ	H1060	hbo:1060	fertility	1.0	2	eflomal
জেৰহৰ গোষঠীৰ	H2227	hbo:2227	fertility	1.0	2	eflomal
জৈতুন পৰবতলৈ	G3735	grc:3735	fertility	1.0	4	eflomal
জৈতুন পৰবতৰ	G3735	grc:3735	fertility	1.0	5	eflomal
জোখেৰে জোখা	G3354	grc:3354	fertility	1.0	3	eflomal
জোখৰ পাতর	H0374	hbo:0374	fertility	1.0	2	eflomal
জোতা সোলোকোৱা	H5275	hbo:5275	fertility	1.0	3	eflomal
জোপা খাজুৰ গছ	H8558	hbo:8558	fertility	1.0	2	eflomal
জৰীৰ পাক	H3924	hbo:3924	fertility	1.0	2	eflomal
জৰীৰ পাক লগাবা	H3924	hbo:3924	fertility	1.0	2	eflomal
টলমোন অককুব	H6126	hbo:6126	fertility	1.0	2	eflomal
টুকুৰাবোৰৰ পাচি	G2801	grc:2801	fertility	1.0	2	eflomal
টেঙা দৰাকষাগুটি	H1155	hbo:1155	fertility	1.0	2	eflomal
টোপনি গৈছে	G2837	grc:2837	fertility	1.0	2	eflomal
টোপনি নোৱাৰিলে	H8142	hbo:8142	fertility	1.0	2	eflomal
ঠাইলৈ পঠিযালে	H7971	hbo:7971	fertility	1.0	2	eflomal
ডাঙৰ দীঘল	H1431	hbo:1431	fertility	1.0	7	eflomal
ডিমৰু গছক	H8384	hbo:8384	fertility	1.0	2	eflomal
ডিমৰু গছজোপা	G4808	grc:4808	fertility	1.0	3	eflomal
ডিমৰু গছবোৰ	H8256	hbo:8256	fertility	1.0	2	eflomal
ডিমৰু গছৰ গুটি	H8384	hbo:8384	fertility	1.0	2	eflomal
ডিমৰু গুটিৰ	H8384	hbo:8384	fertility	1.0	7	eflomal
ডিমৰু ফল	G4810	grc:4810	fertility	1.0	3	eflomal
ডেকা কালৰ	H5271	hbo:5271	fertility	1.0	2	eflomal
ডেকা কালৰে	G3503	grc:3503	fertility	1.0	3	eflomal
ডেকা যুৱক	H5288	hbo:5288	fertility	1.0	2	eflomal
ডেকা সিংহ	H3715	hbo:3715	fertility	1.0	3	eflomal
ডেকা সিংহবোৰৰ	H3715	hbo:3715	fertility	1.0	2	eflomal
ডেকা সিংহৰ	H3715	hbo:3715	fertility	1.0	4	eflomal
ডেকা ৰা	H5288	hbo:5288	fertility	1.0	2	eflomal
ডেকা ৰাক	H5288	hbo:5288	fertility	1.0	2	eflomal
ঢাকি ধৰিছিল	H3680	hbo:3680	fertility	1.0	2	eflomal
ঢাকি ধৰোঁতা	H5526	hbo:5526	fertility	1.0	2	eflomal
ঢাকি ৰাখে	H3680	hbo:3680	fertility	1.0	2	eflomal
ঢোঁৰা কাউৰীৰ	H6158	hbo:6158	fertility	1.0	2	eflomal
তকতা যুগুত	H7175	hbo:7175	fertility	1.0	2	eflomal
তনতৰ মনতৰ	H3785	hbo:3785	fertility	1.0	2	eflomal
তনদুৰত তাও	H0644	hbo:0644	fertility	1.0	2	eflomal
তমবু তৰি	H2583	hbo:2583	fertility	1.0	13	eflomal
তমবু তৰিলে	H2583	hbo:2583	fertility	1.0	6	eflomal
তলচছাৰত এদনৰ	H5729	hbo:5729	fertility	1.0	2	eflomal
তললৈ নামি	H3381	hbo:3381	fertility	1.0	7	eflomal
তহচৰ এক	H8476	hbo:8476	fertility	1.0	3	eflomal
তাডনা কৰিছিলোঁ	G1377	grc:1377	fertility	1.0	2	eflomal
তাতকৈ অধিক	H3254	hbo:3254	fertility	1.0	2	eflomal
তাতকৈযো অধিক	H3254	hbo:3254	fertility	1.0	4	eflomal
তালিকা পতৰ লোৱা	G1121	grc:1121	fertility	1.0	2	eflomal
তাৰচ নগৰৰ	G5018	grc:5018	fertility	1.0	2	eflomal
তিতা শাকেৰে	H4844	hbo:4844	fertility	1.0	2	eflomal
তিনি ভাগৰ	G5154	grc:5154	fertility	1.0	4	eflomal
তিনি ভাগৰ এভাগ	G5154	grc:5154	fertility	1.0	8	eflomal
তিলগৎ পিলনেচৰ	H8407	hbo:8407a	fertility	1.0	3	eflomal
তুচছ জঞান	H0959	hbo:0959	fertility	1.0	3	eflomal
তুমি কৈছা	G3004	grc:3004	fertility	1.0	3	eflomal
তুমি গৈ	G5217	grc:5217	fertility	1.0	2	eflomal
তুলয শোকাতুৰ	G4036	grc:4036	fertility	1.0	2	eflomal
তুলি ধৰিছোঁ	H5375	hbo:5375	fertility	1.0	2	eflomal
তুলি নিযা	G0353	grc:353	fertility	1.0	2	eflomal
তৃতীয বাৰ	G5154	grc:5154	fertility	1.0	6	eflomal
তৃপত ল	G5526	grc:5526	fertility	1.0	3	eflomal
তৃপত হবা	H7646	hbo:7646	fertility	1.0	2	eflomal
তেওঁক উততৰ	G0611	grc:611	fertility	1.0	2	eflomal
তেওঁক মৈদাম	H6912	hbo:6912	fertility	1.0	16	eflomal
তেওঁক মৈদাম দিযা	H6912	hbo:6912	fertility	1.0	5	eflomal
তেওঁকেই দিযা	G1325	grc:1325	fertility	1.0	3	eflomal
তেওঁত আশৰয	H2620	hbo:2620	fertility	1.0	3	eflomal
তেওঁত ভাৰসা	H0982	hbo:0982	fertility	1.0	2	eflomal
তেওঁতে আশৰয	H2620	hbo:2620	fertility	1.0	2	eflomal
তেওঁলোকেও লঘোন দিব	G3522	grc:3522	fertility	1.0	3	eflomal
তেওঁলোকেহে ৰকষা	H5337	hbo:5337	fertility	1.0	2	eflomal
তেওঁৰ আছিল	G2192	grc:2192	fertility	1.0	2	eflomal
তেওঁৰ ৰজা	H4427	hbo:4427	fertility	1.0	2	eflomal
তেলেৰে ভৰা সফটিকৰ	G0211	grc:211	fertility	1.0	2	eflomal
তেৰচ নামেৰে	H0904	hbo:0904	fertility	1.0	2	eflomal
তোমাতেই আশৰয লৈছোঁ	H2620	hbo:2620	fertility	1.0	3	eflomal
তোমালোক যোৱা	G5217	grc:5217	fertility	1.0	4	eflomal
তোমালোকক উদধাৰ	H5337	hbo:5337	fertility	1.0	2	eflomal
তোমালোকক খেদি নিনিলেও	H7291	hbo:7291	fertility	1.0	2	eflomal
তোমালোকৰ আছে	G2192	grc:2192	fertility	1.0	6	eflomal
তোমালোকৰো পৰযোজন	G5535	grc:5535	fertility	1.0	2	eflomal
তোমালোকৰো বিচাৰ	G2919	grc:2919	fertility	1.0	2	eflomal
তোমাৰ আছে	G2192	grc:2192	fertility	1.0	4	eflomal
তোলনীযা পুতৰৰ	G5206	grc:5206	fertility	1.0	2	eflomal
তোলা হ	G5312	grc:5312	fertility	1.0	2	eflomal
তৰাস জনমাইছিল	H2851	hbo:2851	fertility	1.0	3	eflomal
তৰাৰ অসংখয	H3556	hbo:3556	fertility	1.0	2	eflomal
তৰোৱাল উলিযাই	G3162	grc:3162	fertility	1.0	2	eflomal
তৰোৱালৰ আঘাতত	H2719	hbo:2719	fertility	1.0	3	eflomal
থমকি ৰ	G2476	grc:2476	fertility	1.0	2	eflomal
থোপা শুকান	H6778	hbo:6778	fertility	1.0	2	eflomal
দকষিণ অঞচল	H5045	hbo:5045	fertility	1.0	5	eflomal
দকষিণ অঞচলত	H5045	hbo:5045	fertility	1.0	4	eflomal
দকষিণ অঞচলেদি	H5045	hbo:5045	fertility	1.0	2	eflomal
দকষিণৰ বতাহ	G3558	grc:3558	fertility	1.0	2	eflomal
দণডৰ পাতৰ ব	G1777	grc:1777	fertility	1.0	2	eflomal
দবাৰাই হত	H2491	hbo:2491	fertility	1.0	6	eflomal
দবাৰাই হত হোৱাসকলৰ	H2491	hbo:2491	fertility	1.0	4	eflomal
দবিতীয বাৰ	G1208	grc:1208	fertility	1.0	8	eflomal
দবৰাত অমমীযেলৰ	H5988	hbo:5988	fertility	1.0	2	eflomal
দমৰা গৰুটো	H6499	hbo:6499	fertility	1.0	5	eflomal
দমৰা গৰুটোৰ	H6499	hbo:6499	fertility	1.0	2	eflomal
দমৰা গৰুৰ	H6499	hbo:6499	fertility	1.0	12	eflomal
দযাৰে পৰিপূরণ	H7349	hbo:7349	fertility	1.0	2	eflomal
দযাৰে পৰিপূৰণ	H7349	hbo:7349	fertility	1.0	2	eflomal
দলিযাই পেলোৱা	G0906	grc:906	fertility	1.0	2	eflomal
দহভাগৰ দুভাগ	H6241	hbo:6241	fertility	1.0	2	eflomal
দাঙি শপত	H5375	hbo:5375	fertility	1.0	6	eflomal
দানা পাতৰত শুৱাই	G5336	grc:5336	fertility	1.0	3	eflomal
দাম চেকল ৰূপ	H3701	hbo:3701	fertility	1.0	2	eflomal
দামুৰি দুটাৰ	H5695	hbo:5695	fertility	1.0	2	eflomal
দাযুদৰ বংশৰ	G1138	grc:1138	fertility	1.0	7	eflomal
দিনা দিন	H3117	hbo:3117	fertility	1.0	2	eflomal
দিযা হৈছিল	H3052	hbo:3052	fertility	1.0	2	eflomal
দীঘল চুলি	G2863	grc:2863	fertility	1.0	2	eflomal
দীঘে পথালিযে	G3372	grc:3372	fertility	1.0	2	eflomal
দীপতি পৰকাশ	H3313	hbo:3313	fertility	1.0	2	eflomal
দুখত কেঁকাই	H0584	hbo:0584	fertility	1.0	2	eflomal
দুজোপা জিতগছ	H2132	hbo:2132	fertility	1.0	2	eflomal
দুটা শিং	H7161	hbo:7161	fertility	1.0	2	eflomal
দুটা সতমভ	H5982	hbo:5982	fertility	1.0	2	eflomal
দুটাই মেলি	H6566	hbo:6566	fertility	1.0	3	eflomal
দুডাল শিকলিৰে	G0254	grc:254	fertility	1.0	2	eflomal
দুপৰ বেলা	H6672	hbo:6672a	fertility	1.0	3	eflomal
দুফলীযা খুৰা	H6541	hbo:6541	fertility	1.0	3	eflomal
দুযোখন খোৰা	H5223	hbo:5223	fertility	1.0	2	eflomal
দুৱাৰ ডলিত	H5592	hbo:5592	fertility	1.0	2	eflomal
দুৱাৰ ডলিৰ	H4670	hbo:4670	fertility	1.0	2	eflomal
দুৱাৰ মুখত	H6607	hbo:6607	fertility	1.0	18	eflomal
দুৱাৰ মুখতে	G2374	grc:2374	fertility	1.0	2	eflomal
দুৱাৰ মেলি	G0455	grc:455	fertility	1.0	4	eflomal
দুৱাৰ ৰখীযা	H8179	hbo:8179	fertility	1.0	2	eflomal
দুৱাৰখন খুলি	H6605	hbo:6605	fertility	1.0	2	eflomal
দুৱাৰৰ ওচৰত	H6607	hbo:6607	fertility	1.0	2	eflomal
দুৱাৰৰ খুটাত	H4201	hbo:4201	fertility	1.0	3	eflomal
দুৱাৰৰ খুটাৰ	H4201	hbo:4201	fertility	1.0	3	eflomal
দুৱাৰৰ চৌকাঠৰ	H4201	hbo:4201	fertility	1.0	2	eflomal
দুৱাৰৰ ডাং লগাই	H1817	hbo:1817	fertility	1.0	2	eflomal
দুৱাৰৰ বাহিৰত	H6607	hbo:6607	fertility	1.0	2	eflomal
দূখৰ পান পাতৰ	G4221	grc:4221	fertility	1.0	3	eflomal
দৃষটানত দি	G3850	grc:3850	fertility	1.0	7	eflomal
দেখা পাই	H4672	hbo:4672	fertility	1.0	2	eflomal
দেখা পাবা	H7200	hbo:7200	fertility	1.0	2	eflomal
দেখি আচৰিত	G2296	grc:2296	fertility	1.0	2	eflomal
দেখি বযাকুল বা	H2865	hbo:2865	fertility	1.0	2	eflomal
দেখিবলৈ পাওঁ	G0308	grc:308	fertility	1.0	2	eflomal
দেখিবলৈ পাবা	H7200	hbo:7200	fertility	1.0	5	eflomal
দেশৰ সীমা	H1366	hbo:1366	fertility	1.0	2	eflomal
দেৱালবোৰ সমপূৰণ	H3635	hbo:3635	fertility	1.0	2	eflomal
দোন যৱ ধান	H8184	hbo:8184	fertility	1.0	2	eflomal
দোলনীয উপহাৰৰ	H8573	hbo:8573	fertility	1.0	2	eflomal
দোলনীয নৈবেদয	H8573	hbo:8573	fertility	1.0	2	eflomal
দোলনীয নৈবেদযৰ অৰথে	H8573	hbo:8573	fertility	1.0	3	eflomal
দোলনীয নৈবেদযৰ দোলালে	H8573	hbo:8573	fertility	1.0	2	eflomal
দোষাদোষ জঞানৰ	G4893	grc:4893	fertility	1.0	4	eflomal
দোষাৰথক উপহাৰ	H0817	hbo:0817	fertility	1.0	3	eflomal
দোষাৰথক বলি	H0817	hbo:0817	fertility	1.0	11	eflomal
দোষাৰথক বলিৰ	H0817	hbo:0817	fertility	1.0	6	eflomal
দৌৰি পলাই	H5127	hbo:5127	fertility	1.0	2	eflomal
দৰশন পোৱা	H2372	hbo:2372	fertility	1.0	3	eflomal
দৱাৰাই পৰাজিত	H5062	hbo:5062	fertility	1.0	2	eflomal
ধনযবাদ দিওঁ	G2168	grc:2168	fertility	1.0	4	eflomal
ধনুৰ জোঁৰ	H7198	hbo:7198	fertility	1.0	3	eflomal
ধবংসকাৰী ঘিণলগীযা	G0946	grc:946	fertility	1.0	2	eflomal
ধবংসসথান কৰিম	H8077	hbo:8077	fertility	1.0	3	eflomal
ধবনি শুনা	H6963	hbo:6963	fertility	1.0	3	eflomal
ধাতৰী দুজনীক	H3205	hbo:3205	fertility	1.0	2	eflomal
ধারমিক বুলি গণিত	G1344	grc:1344	fertility	1.0	2	eflomal
ধাৰমিক বুলি	G1344	grc:1344	fertility	1.0	3	eflomal
ধাৰমিক বুলি গণিত	G1344	grc:1344	fertility	1.0	13	eflomal
ধাৰমিক বুলি পৰমাণিত	G1344	grc:1344	fertility	1.0	5	eflomal
ধৈৰয ধৰি	G3114	grc:3114	fertility	1.0	2	eflomal
ধৰণৰ কাৰয	H6213	hbo:6213	fertility	1.0	2	eflomal
ধৰণৰ ৰোগ	G3554	grc:3554	fertility	1.0	3	eflomal
ধৰমশাসতৰৰ বচন	G1124	grc:1124	fertility	1.0	6	eflomal
ধৰমশাসতৰৰ বচনে	G1124	grc:1124	fertility	1.0	2	eflomal
ধৰি শপত খায	G3660	grc:3660	fertility	1.0	3	eflomal
ধৰি শপত খালে	G3660	grc:3660	fertility	1.0	2	eflomal
নকবলৈ আদেশ	G3853	grc:3853	fertility	1.0	2	eflomal
নগৰখন বেৰি	H6696	hbo:6696	fertility	1.0	2	eflomal
নগৰৰ দুৱাৰ	H8179	hbo:8179	fertility	1.0	6	eflomal
নগৰৰ দুৱাৰ মুখলৈ	H8179	hbo:8179	fertility	1.0	3	eflomal
নগৰৰ দুৱাৰত	H8179	hbo:8179	fertility	1.0	10	eflomal
নগৰৰ দুৱাৰবোৰ	H8179	hbo:8179	fertility	1.0	4	eflomal
নগৰৰ দুৱাৰৰ	H8179	hbo:8179	fertility	1.0	22	eflomal
নগৰৰ পরৱেশ দুৱাৰত	H8179	hbo:8179	fertility	1.0	2	eflomal
নগৰৰ পরৱেশদবাৰৰ	H8179	hbo:8179	fertility	1.0	2	eflomal
নতুন দরাকষাৰস	H8492	hbo:8492	fertility	1.0	2	eflomal
নতুন দৰাকষাৰস	H8492	hbo:8492	fertility	1.0	6	eflomal
নতুন দৰাকষাৰসে	H8492	hbo:8492	fertility	1.0	2	eflomal
নদী পাৰ হৈ যাব	H5674	hbo:5674	fertility	1.0	2	eflomal
নদীখনৰ পাৰত	H5158	hbo:5158	fertility	1.0	2	eflomal
নদীৰ পাৰত	H5104	hbo:5104	fertility	1.0	5	eflomal
নদীৰ পাৰৰ	H5104	hbo:5104	fertility	1.0	2	eflomal
নবাটৰ যাৰবিযামে	H3379	hbo:3379	fertility	1.0	3	eflomal
নবাটৰ যাৰবিযামে সকলো	H3379	hbo:3379	fertility	1.0	3	eflomal
নমাই আনিম	H3381	hbo:3381	fertility	1.0	3	eflomal
নযায বিচাৰত	H4941	hbo:4941	fertility	1.0	2	eflomal
নযায বিচাৰেৰে	H4941	hbo:4941	fertility	1.0	2	eflomal
নযায বিচাৰৰ	H4941	hbo:4941	fertility	1.0	5	eflomal
নাইকিযা কৰিম	H7673	hbo:7673	fertility	1.0	3	eflomal
নাদব অবীহূৰ	H5070	hbo:5070	fertility	1.0	2	eflomal
নানা বিধ	G4164	grc:4164	fertility	1.0	4	eflomal
নাম ঘৰৰ অধিকাৰী	G0752	grc:752	fertility	1.0	6	eflomal
নামাথীযা চোফৰে	H6691	hbo:6691	fertility	1.0	2	eflomal
নামি অহা	G2597	grc:2597	fertility	1.0	7	eflomal
নামি আহিছিল	H3381	hbo:3381	fertility	1.0	3	eflomal
নামি আহিবলৈ	H3381	hbo:3381	fertility	1.0	2	eflomal
নামি আহিল	H3381	hbo:3381	fertility	1.0	4	eflomal
নামি বাটত	H4174	hbo:4174	fertility	1.0	3	eflomal
নামি যোৱা	H3381	hbo:3381	fertility	1.0	6	eflomal
নামেৰে পৰখযাত	G1941	grc:1941	fertility	1.0	2	eflomal
নামেৰে শপত	H7650	hbo:7650	fertility	1.0	4	eflomal
নামেৰে শপত খাই	H7650	hbo:7650	fertility	1.0	4	eflomal
নামেৰে শপত খালে	H7650	hbo:7650	fertility	1.0	3	eflomal
নিঃশেষে বিনষট	H2763	hbo:2763	fertility	1.0	16	eflomal
নিগূঢ তততব	G3466	grc:3466	fertility	1.0	7	eflomal
নিগূঢ ততব	G3466	grc:3466	fertility	1.0	3	eflomal
নিগূঢ বিষয	H7328	hbo:7328	fertility	1.0	4	eflomal
নিগূঢ সতয	G3466	grc:3466	fertility	1.0	2	eflomal
নিঘূণ পশু	H8549	hbo:8549	fertility	1.0	9	eflomal
নিজ গোষঠী অনুসাৰে	H4940	hbo:4940	fertility	1.0	2	eflomal
নিজ নিজ অঙগ পৰতযঙগবোৰক	G3196	grc:3196	fertility	1.0	3	eflomal
নিজ নিজ গোষঠী অনুসাৰে	H4940	hbo:4940	fertility	1.0	5	eflomal
নিজ নিজ বংশ অনুসাৰে	H4940	hbo:4940	fertility	1.0	2	eflomal
নিজ মৰযযদা ৰখাত উদযোগী	H7072	hbo:7072	fertility	1.0	2	eflomal
নিজক পবিতৰ	H6942	hbo:6942	fertility	1.0	6	eflomal
নিজকে নমৰ	H3665	hbo:3665	fertility	1.0	8	eflomal
নিজকে পবিতৰ	H6942	hbo:6942	fertility	1.0	8	eflomal
নিজকে পৃথকে	H5144	hbo:5144	fertility	1.0	2	eflomal
নিজকে বনধ	H0632	hbo:0632	fertility	1.0	2	eflomal
নিদিবা সনমান	G5091	grc:5091	fertility	1.0	2	eflomal
নিদৰিত হ ল	G2837	grc:2837	fertility	1.0	2	eflomal
নিপুণৰূপে মিহি	H8278	hbo:8278	fertility	1.0	2	eflomal
নিমন ভুমিৰ	H8219	hbo:8219	fertility	1.0	2	eflomal
নিযম চনদুকটি	H0727	hbo:0727	fertility	1.0	9	eflomal
নিযম চনদুকটো	H0727	hbo:0727	fertility	1.0	3	eflomal
নিযম চনদুকৰ	H0727	hbo:0727	fertility	1.0	30	eflomal
নিযমটি ভাঙিলে	H1285	hbo:1285	fertility	1.0	2	eflomal
নিযুকত পাঁচনি	G0652	grc:652	fertility	1.0	4	eflomal
নিযৰ পৰি	H2919	hbo:2919	fertility	1.0	2	eflomal
নিরজন ঠাইত	G2047	grc:2047	fertility	1.0	2	eflomal
নিশবাস পৰশবাস	H7307	hbo:7307	fertility	1.0	2	eflomal
নিসতাৰ পৰব	G3957	grc:3957	fertility	1.0	5	eflomal
নিসতাৰ পৰবব	H6453	hbo:6453	fertility	1.0	18	eflomal
নিসতাৰ পৰবব পালন	H6453	hbo:6453	fertility	1.0	7	eflomal
নিসতাৰ পৰববৰ	H6453	hbo:6453	fertility	1.0	12	eflomal
নিসতাৰ পৰববৰ বলি	H6453	hbo:6453	fertility	1.0	5	eflomal
নিসতাৰ পৰববৰ বলিদানৰ	H6453	hbo:6453	fertility	1.0	3	eflomal
নিসতাৰ পৰবৰ	G3957	grc:3957	fertility	1.0	6	eflomal
নিসতাৰ পৰবৰ ভোজ	G3957	grc:3957	fertility	1.0	10	eflomal
নিসতাৰ পৰবৰ সমযত	G1859	grc:1859	fertility	1.0	2	eflomal
নিৰঘূণী পশু	H8549	hbo:8549	fertility	1.0	3	eflomal
নিৰদদোষী বুলি পৰমাণিত	G1344	grc:1344	fertility	1.0	2	eflomal
নিৰবাসনৰ বছৰৰ	H8141	hbo:8141	fertility	1.0	3	eflomal
নিৰভয হোৱা	G2293	grc:2293	fertility	1.0	2	eflomal
নিৰূপিত মূলয	H6187	hbo:6187	fertility	1.0	8	eflomal
নিৰূপিত মূলযৰ	H6187	hbo:6187	fertility	1.0	3	eflomal
নীলকানত মণিৰে	H5601	hbo:5601	fertility	1.0	2	eflomal
নীলা বৰণীযা	H8504	hbo:8504	fertility	1.0	4	eflomal
নুবুজিবা দেখোতে দেখিবা	G4920	grc:4920	fertility	1.0	2	eflomal
নুমাই যাব	H1846	hbo:1846	fertility	1.0	4	eflomal
নুৰিওৱা পুথি	H4039	hbo:4039	fertility	1.0	2	eflomal
নুৰিওৱা পুথিখন	H4039	hbo:4039	fertility	1.0	3	eflomal
নেফগ যাফীযা	H5298	hbo:5298	fertility	1.0	3	eflomal
নৈবেদয ঢালিছিল	H5258	hbo:5258	fertility	1.0	2	eflomal
নৈবেদয সবৰূপে ঢলা	G4689	grc:4689	fertility	1.0	2	eflomal
নৈবেদযসবৰূপে মিহি	H5560	hbo:5560	fertility	1.0	2	eflomal
নোম একোচা এচোব বন	H0231	hbo:0231	fertility	1.0	2	eflomal
নোহৰ সমযৰ	H5146	hbo:5146	fertility	1.0	2	eflomal
নৰিযাত পৰি	G0770	grc:770	fertility	1.0	4	eflomal
নৰিযাৰ ভাও	H2470	hbo:2470	fertility	1.0	2	eflomal
পঁজা সাজোঁ	G4633	grc:4633	fertility	1.0	2	eflomal
পকষত উততৰ	G0627	grc:627	fertility	1.0	2	eflomal
পকষে সাকষয	G3140	grc:3140	fertility	1.0	3	eflomal
পকা চুলিৰে শোকতে	H7872	hbo:7872	fertility	1.0	2	eflomal
পখৰি দাগ	H2921	hbo:2921	fertility	1.0	3	eflomal
পচহুৰ পচহুৰৰ	H6583	hbo:6583	fertility	1.0	2	eflomal
পঠাই দিলে	H7971	hbo:7971	fertility	1.0	3	eflomal
পঠিযাই কোৱালে	H7971	hbo:7971	fertility	1.0	2	eflomal
পঠিযাই দিলে	H7971	hbo:7971	fertility	1.0	2	eflomal
পঠিযাইছোঁ যুগুত	G2680	grc:2680	fertility	1.0	2	eflomal
পতনীক মৈদাম	H6912	hbo:6912	fertility	1.0	2	eflomal
পদদন অৰাম	H6307	hbo:6307	fertility	1.0	2	eflomal
পদদন অৰামত	H6307	hbo:6307	fertility	1.0	3	eflomal
পদদন অৰামৰ	H6307	hbo:6307	fertility	1.0	4	eflomal
পবিতর ঠাইবোৰ	H1116	hbo:1116	fertility	1.0	2	eflomal
পবিতৰ ঈশবৰ	H6918	hbo:6918	fertility	1.0	5	eflomal
পবিতৰ ঈশবৰ জনা	H6918	hbo:6918	fertility	1.0	6	eflomal
পবিতৰ ঈশবৰ জনাই	H6918	hbo:6918	fertility	1.0	4	eflomal
পবিতৰ ঈশবৰ জনাক	H6918	hbo:6918	fertility	1.0	3	eflomal
পবিতৰ ঈশবৰ জনাত	H6918	hbo:6918	fertility	1.0	2	eflomal
পবিতৰ ঈশবৰ জনাৰ	H6918	hbo:6918	fertility	1.0	4	eflomal
পবিতৰ ঈশবৰ জনাৰ বিৰুদধেই	H6918	hbo:6918	fertility	1.0	2	eflomal
পবিতৰ জনা	H6918	hbo:6918	fertility	1.0	7	eflomal
পবিতৰ জনাই	H6918	hbo:6918	fertility	1.0	2	eflomal
পবিতৰ জনাক	H6918	hbo:6918	fertility	1.0	2	eflomal
পবিতৰ জনাৰ	H6918	hbo:6918	fertility	1.0	2	eflomal
পবিতৰ ঠাইবোৰৰ	H1116	hbo:1116	fertility	1.0	2	eflomal
পবিতৰ বসতু	H6944	hbo:6944	fertility	1.0	11	eflomal
পবিতৰ সথানলৈ	H6944	hbo:6944	fertility	1.0	2	eflomal
পরচুৰ ফল	H6529	hbo:6529	fertility	1.0	2	eflomal
পরতি ভয জনমিছিল	H6343	hbo:6343	fertility	1.0	2	eflomal
পরতিমা বোৰৰ	H1544	hbo:1544	fertility	1.0	2	eflomal
পরথম পুতর	H1060	hbo:1060	fertility	1.0	2	eflomal
পরথমে জগা	H6363	hbo:6363	fertility	1.0	2	eflomal
পরদেশৰ আঞচলিক	H0324	hbo:0324	fertility	1.0	2	eflomal
পরবেশ দুৱাৰৰ	H6607	hbo:6607	fertility	1.0	2	eflomal
পরশংসা পৰশংসা	H1984	hbo:1984a	fertility	1.0	2	eflomal
পলাই ৰকষা পোৱা	H6412	hbo:6412	fertility	1.0	2	eflomal
পশচিম দিশৰ	H4628	hbo:4628	fertility	1.0	3	eflomal
পাঁচ হাজাৰ	G4000	grc:4000	fertility	1.0	6	eflomal
পাঁচখন পৰদাৰ	H3407	hbo:3407	fertility	1.0	2	eflomal
পাছে খেদি গ	H7291	hbo:7291	fertility	1.0	2	eflomal
পাছে পাছে আহা	G0190	grc:190	fertility	1.0	6	eflomal
পাছে পাছে আহিব	G0190	grc:190	fertility	1.0	2	eflomal
পাছে পাছে আহিবলৈ	G0190	grc:190	fertility	1.0	2	eflomal
পাছে পাছে খেদি	H7291	hbo:7291	fertility	1.0	16	eflomal
পাছে পাছে গ	G0190	grc:190	fertility	1.0	13	eflomal
পাতৰত পান	G4221	grc:4221	fertility	1.0	2	eflomal
পাদুকা নলবা	G5266	grc:5266	fertility	1.0	2	eflomal
পান পাতৰ ধৰোঁতাই	H4945	hbo:4945	fertility	1.0	2	eflomal
পানী খুৱালে	H8248	hbo:8248	fertility	1.0	2	eflomal
পানী বৈ	H4325	hbo:4325	fertility	1.0	5	eflomal
পাপাৰথক বলিদানৰ	H2403	hbo:2403	fertility	1.0	4	eflomal
পারবতয অঞচলৰ	H2022	hbo:2022	fertility	1.0	2	eflomal
পালন কৰিবলগীযা বিধি	H2708	hbo:2708	fertility	1.0	4	eflomal
পালন কৰে	G4160	grc:4160	fertility	1.0	6	eflomal
পালন কৰোঁতা	G4163	grc:4163	fertility	1.0	2	eflomal
পাহাৰীযা অঞচললৈ	H2022	hbo:2022	fertility	1.0	2	eflomal
পাহাৰীযা অঞচলৰ	H2022	hbo:2022	fertility	1.0	3	eflomal
পাৰ হৈ গ	H5674	hbo:5674	fertility	1.0	4	eflomal
পাৰ হৈ যাব	H5674	hbo:5674	fertility	1.0	2	eflomal
পাৰ হৈ যোৱা	H5674	hbo:5674	fertility	1.0	2	eflomal
পিঠা ডোখৰ	G5596	grc:5596	fertility	1.0	3	eflomal
পিঠা থবৰ	H3899	hbo:3899	fertility	1.0	2	eflomal
পিতলৰ গঢালে	H5178	hbo:5178	fertility	1.0	2	eflomal
পিতৃ আগত	H0001	hbo:0001	fertility	1.0	2	eflomal
পিতৃ মাতৃৰ	G1118	grc:1118	fertility	1.0	3	eflomal
পিযলা পোৱা	H4672	hbo:4672	fertility	1.0	2	eflomal
পিযলাও আনিছিল	H7004	hbo:7004	fertility	1.0	3	eflomal
পিযলাও দান	H7004	hbo:7004	fertility	1.0	2	eflomal
পিযাহ গুচাবলৈ	H6772	hbo:6772	fertility	1.0	2	eflomal
পিযাহ নালাগিব	G1372	grc:1372	fertility	1.0	3	eflomal
পিযাহ লগা	G1372	grc:1372	fertility	1.0	3	eflomal
পিযাহ লাগিছিল	G1372	grc:1372	fertility	1.0	2	eflomal
পিযাহ লাগে	G1372	grc:1372	fertility	1.0	2	eflomal
পিযাহত আতুৰ	H6770	hbo:6770	fertility	1.0	2	eflomal
পিযোৰ দেৱতাৰ	H6465	hbo:6465	fertility	1.0	2	eflomal
পিযোৰৰ বাল দেৱতাত	H1187	hbo:1187	fertility	1.0	2	eflomal
পিৰাথোনীযা হিললোলৰ	H6553	hbo:6553	fertility	1.0	2	eflomal
পীথোন মেলক	H4429	hbo:4429	fertility	1.0	2	eflomal
পীৰা নকৰোঁ	G5286	grc:5286	fertility	1.0	2	eflomal
পুতর জনমিল	H3205	hbo:3205	fertility	1.0	7	eflomal
পুতেক জনমিল	H3205	hbo:3205	fertility	1.0	4	eflomal
পুতৰ জনম	H3205	hbo:3205	fertility	1.0	2	eflomal
পুতৰ পৰসৱ	H3205	hbo:3205	fertility	1.0	2	eflomal
পুথিৰ নুৰা	G0975	grc:975	fertility	1.0	2	eflomal
পুথিৰ সৰু নুৰাটো	G0974	grc:974	fertility	1.0	2	eflomal
পুনৰ উলটি আহিম	H7725	hbo:7725	fertility	1.0	2	eflomal
পুনৰ ঘুৰি	H7725	hbo:7725	fertility	1.0	2	eflomal
পুনৰ ঘূৰাই	H7725	hbo:7725	fertility	1.0	2	eflomal
পুনৰ ঘূৰি	H7725	hbo:7725	fertility	1.0	4	eflomal
পুনৰায আহিব	H7725	hbo:7725	fertility	1.0	2	eflomal
পুনৰায উঠিব	G0450	grc:450	fertility	1.0	6	eflomal
পুনৰায উততৰ	H6030	hbo:6030	fertility	1.0	5	eflomal
পুনৰায ঘূৰাই	H7725	hbo:7725	fertility	1.0	2	eflomal
পুনৰায ঘূৰি	H7725	hbo:7725	fertility	1.0	3	eflomal
পুনৰায জীব	H2421	hbo:2421	fertility	1.0	2	eflomal
পুনৰায নিৰমমাণ	H1129	hbo:1129	fertility	1.0	8	eflomal
পুনৰায সঞজীৱিত	H2421	hbo:2421	fertility	1.0	7	eflomal
পুসতক খনত	H5612	hbo:5612	fertility	1.0	4	eflomal
পুৰণি টাপলি নামাৰে	G1915	grc:1915	fertility	1.0	2	eflomal
পুৰণি দিনৰ	H5769	hbo:5769	fertility	1.0	2	eflomal
পুৰণি শসয	H3465	hbo:3465	fertility	1.0	2	eflomal
পুৰসকাৰ পালেই	G3408	grc:3408	fertility	1.0	2	eflomal
পুৰি পেলালে	H8313	hbo:8313	fertility	1.0	7	eflomal
পুৰি পেলোৱা	H8313	hbo:8313	fertility	1.0	4	eflomal
পুৰি ভষম	H8313	hbo:8313	fertility	1.0	2	eflomal
পুৰি ভসম	H8313	hbo:8313	fertility	1.0	6	eflomal
পুৰোহিত কাৰয	H3547	hbo:3547	fertility	1.0	2	eflomal
পুৰোহিত কৰম	H3547	hbo:3547	fertility	1.0	5	eflomal
পুৰোহিত পদৰ	H3550	hbo:3550	fertility	1.0	6	eflomal
পুৰোহিতৰ কাৰয	H3547	hbo:3547	fertility	1.0	2	eflomal
পুৰোহিতৰ কৰম	H3547	hbo:3547	fertility	1.0	3	eflomal
পূজাৰ শিলৰ সতমভবোৰ	H4676	hbo:4676	fertility	1.0	2	eflomal
পূৰব পুৰুষসকলৰ	H0001	hbo:0001	fertility	1.0	6	eflomal
পৃথক ঘৰটোৰ	H1508	hbo:1508	fertility	1.0	2	eflomal
পৃথক হোৱা	G0873	grc:873	fertility	1.0	2	eflomal
পৃথকে থকাৰ	H5145	hbo:5145	fertility	1.0	3	eflomal
পেয নৈবেদয উৎসৰগ	H5262	hbo:5262	fertility	1.0	2	eflomal
পেয নৈবেদযৰ বাহিৰেও	H5262	hbo:5262	fertility	1.0	4	eflomal
পোখৰৎ হচবযিম	H6380	hbo:6380	fertility	1.0	2	eflomal
পোচাক পিনধে	H3830	hbo:3830	fertility	1.0	2	eflomal
পোহনীযা দামুৰিটো	G3448	grc:3448	fertility	1.0	3	eflomal
পোৱা নগ	G2147	grc:2147	fertility	1.0	7	eflomal
পোৱা নগল	H7912	hbo:7912	fertility	1.0	2	eflomal
পোৱালিবোৰক ডেউকাৰ	G4420	grc:4420	fertility	1.0	2	eflomal
পৰ দি থাকা	G1127	grc:1127	fertility	1.0	4	eflomal
পৰকষালন পাতৰ	H3595	hbo:3595	fertility	1.0	8	eflomal
পৰখযাত নাম	G1941	grc:1941	fertility	1.0	3	eflomal
পৰচণড কৰোধত	H0639	hbo:0639	fertility	1.0	2	eflomal
পৰজবলিত অগনিকুণডৰ	H0861	hbo:0861	fertility	1.0	2	eflomal
পৰজা লোকসকলৰ	H5971	hbo:5971	fertility	1.0	3	eflomal
পৰণিপাত কৰিলে	H7812	hbo:7812a	fertility	1.0	8	eflomal
পৰতযেক বছৰৰ	H8141	hbo:8141	fertility	1.0	2	eflomal
পৰতিকাৰ নাসাধিব	H5358	hbo:5358	fertility	1.0	2	eflomal
পৰতিকাৰ সাধকৰ	H1350	hbo:1350	fertility	1.0	3	eflomal
পৰতিকাৰ সাধিলে	H5360	hbo:5360	fertility	1.0	3	eflomal
পৰতিখন তকতাত	H7947	hbo:7947	fertility	1.0	2	eflomal
পৰতিজঞা সিদধ	H5088	hbo:5088	fertility	1.0	5	eflomal
পৰতিজনে নিজ নিজ	G1538	grc:1538	fertility	1.0	2	eflomal
পৰতিপালন ডাঙৰ দীঘল	H1431	hbo:1431	fertility	1.0	2	eflomal
পৰথম পুতর	H1060	hbo:1060	fertility	1.0	4	eflomal
পৰথম পুতৰ	H1060	hbo:1060	fertility	1.0	2	eflomal
পৰথম ফলৰ ভাগ	H1061	hbo:1061	fertility	1.0	2	eflomal
পৰথম সনতান	H1060	hbo:1060	fertility	1.0	2	eflomal
পৰথমে জগা	H1060	hbo:1060	fertility	1.0	5	eflomal
পৰথমে জনম	G4416	grc:4416	fertility	1.0	2	gloss
পৰথমে জনমাক	H1060	hbo:1060	fertility	1.0	2	eflomal
পৰথমে পকা শসযৰ	H1061	hbo:1061	fertility	1.0	2	eflomal
পৰদা ইখনৰ	H3407	hbo:3407	fertility	1.0	2	eflomal
পৰদা কেইখনৰ	H3407	hbo:3407	fertility	1.0	2	eflomal
পৰদীপ জবলাই	H5216	hbo:5216	fertility	1.0	2	eflomal
পৰদীপবোৰ জবলাই	H5216	hbo:5216	fertility	1.0	2	eflomal
পৰধান আসন	G4410	grc:4410	fertility	1.0	2	eflomal
পৰধান গণক	H5371	hbo:5371	fertility	1.0	2	eflomal
পৰধান পতনী	H7261	hbo:7261	fertility	1.0	2	eflomal
পৰধান পুৰোহিত	G0749	grc:749	fertility	1.0	59	eflomal
পৰধান পুৰোহিতৰ	G0749	grc:749	fertility	1.0	3	eflomal
পৰধান বিষযা পরাদেশিক	H0324	hbo:0324	fertility	1.0	2	eflomal
পৰবঞচনা কৰে	H8267	hbo:8267	fertility	1.0	2	eflomal
পৰববতীযা অঞচলৰ	H2022	hbo:2022	fertility	1.0	10	eflomal
পৰবৃততি জনমালে	H5496	hbo:5496	fertility	1.0	2	eflomal
পৰবৰ সমযত	G1859	grc:1859	fertility	1.0	4	eflomal
পৰভাতে উঠি	H7925	hbo:7925	fertility	1.0	5	eflomal
পৰভু আপোনাৰ	H0113	hbo:0113	fertility	1.0	2	eflomal
পৰভু পৰভু	G2962	grc:2962	fertility	1.0	2	eflomal
পৰভেদক বসতৰৰ	H6532	hbo:6532	fertility	1.0	8	eflomal
পৰশংসা সতুতি	H0615	hbo:0615	fertility	1.0	2	eflomal
পৰশংসাৰ সথল	H8416	hbo:8416	fertility	1.0	2	eflomal
পৰশবাস বাযু	H7307	hbo:7307	fertility	1.0	2	eflomal
পৰহৰী কোঁঠালি	H8372	hbo:8372	fertility	1.0	4	eflomal
পৰহৰী কোঁঠালিবোৰ	H8372	hbo:8372	fertility	1.0	3	eflomal
পৰহৰী কোঁঠালিৰ	H8372	hbo:8372	fertility	1.0	2	eflomal
পৰাকৰম কাৰযবোৰ	G1411	grc:1411	fertility	1.0	2	eflomal
পৰাকৰম কাৰযৰ চিন	G4592	grc:4592	fertility	1.0	5	eflomal
পৰাকৰমবোৰ লৰোৱা	G4531	grc:4531	fertility	1.0	3	eflomal
পৰাকৰমী জনা	H0046	hbo:0046	fertility	1.0	3	eflomal
পৰাণ দণড	H4191	hbo:4191	fertility	1.0	2	eflomal
পৰাণ নাশৰ	H5315	hbo:5315	fertility	1.0	2	eflomal
পৰাণদণড অৱশযে	H4191	hbo:4191	fertility	1.0	2	eflomal
পৰাৰথনা গৰহণ	H6279	hbo:6279	fertility	1.0	3	eflomal
পৰাৰথনাৰ উততৰ	H6030	hbo:6030	fertility	1.0	2	eflomal
পৰিচৰযা পদ	G1248	grc:1248	fertility	1.0	4	eflomal
পৰিতযাগ কৰিলা	G1459	grc:1459	fertility	1.0	2	eflomal
পৰিতৰাণ কৰাব	G4982	grc:4982	fertility	1.0	2	eflomal
পৰিতৰাণ পাব	G4982	grc:4982	fertility	1.0	13	eflomal
পৰিমাণ জুখি	H4948	hbo:4948	fertility	1.0	2	eflomal
পৰিমাণে পানী	H4325	hbo:4325	fertility	1.0	2	eflomal
পৰিমান জৰী	H6957	hbo:6957	fertility	1.0	2	eflomal
পৰিল পৰিল	G4098	grc:4098	fertility	1.0	2	eflomal
পৰিশৰমৰ ফল	H3018	hbo:3018	fertility	1.0	3	eflomal
পৰীকষা নকৰিবা	G1598	grc:1598	fertility	1.0	2	eflomal
পৰীতি ভোজ	G2165	grc:2165	fertility	1.0	2	eflomal
ফলৱতী উদযানত	H3759	hbo:3759	fertility	1.0	2	eflomal
ফাটি ভসম	H1880	hbo:1880	fertility	1.0	2	eflomal
ফালে একেথৰে চাই	G0816	grc:816	fertility	1.0	2	eflomal
ফালে ঘূৰি	G4762	grc:4762	fertility	1.0	3	eflomal
ফিঙগাৰ শিল	H0068	hbo:0068	fertility	1.0	2	eflomal
ফুটুকা ফুটুকী পখৰা	H5348	hbo:5348	fertility	1.0	6	eflomal
ফুলৰ ছবি	H6731	hbo:6731	fertility	1.0	3	eflomal
বংশত গজালি	H6780	hbo:6780	fertility	1.0	2	eflomal
বংশৰ বিৱৰণ	H8435	hbo:8435	fertility	1.0	5	eflomal
বংশৰ ভাইসকলৰ	H0251	hbo:0251	fertility	1.0	2	eflomal
বংশৰ হৈছে	H8435	hbo:8435	fertility	1.0	2	eflomal
বকবুক হকুফা	H2709	hbo:2709	fertility	1.0	2	eflomal
বচলেলে চিটীম	H7848	hbo:7848	fertility	1.0	3	eflomal
বছৰৰ মাহৰ	H2320	hbo:2320	fertility	1.0	2	eflomal
বনদী অৱসথা পৰিবৰততন	H7622	hbo:7622	fertility	1.0	11	eflomal
বনদী অৱসথা পৰিৱৰততন	H7622	hbo:7622	fertility	1.0	2	eflomal
বনদী অৱসথাত	H7628	hbo:7628	fertility	1.0	3	eflomal
বনদী অৱসথাৰ	H7628	hbo:7628	fertility	1.0	5	eflomal
বনদী নিযা	H7628	hbo:7628	fertility	1.0	2	eflomal
বনদী নিযাসকলৰ	H7617	hbo:7617	fertility	1.0	2	eflomal
বনধক লয	H2254	hbo:2254	fertility	1.0	2	eflomal
বনধক লোৱা	H2254	hbo:2254	fertility	1.0	2	eflomal
বনধকী বসতু	H5667	hbo:5667	fertility	1.0	3	eflomal
বনধা নিযমটি	H1285	hbo:1285	fertility	1.0	2	eflomal
বনৰীযা গাধই	H6501	hbo:6501	fertility	1.0	2	eflomal
বনৰীযা গাধবোৰে	H6501	hbo:6501	fertility	1.0	2	eflomal
বনৰীযা গাধৰ	H6501	hbo:6501	fertility	1.0	4	eflomal
বনৰীযা জনতুবোৰক	H2416	hbo:2416c	fertility	1.0	2	eflomal
বনৰীযা জনতুবোৰে	H2416	hbo:2416c	fertility	1.0	2	eflomal
বযভিচাৰ নকৰিবা	G3431	grc:3431	fertility	1.0	2	eflomal
বযসত ৰজা	H4427	hbo:4427	fertility	1.0	7	eflomal
বযসত ৰাজতৱ	H4427	hbo:4427	fertility	1.0	2	eflomal
বযাকুল বা	H2865	hbo:2865	fertility	1.0	3	eflomal
বযাধৰ ফানদৰ	H6341	hbo:6341	fertility	1.0	2	eflomal
বযাপি যোৱা দেখে	H6581	hbo:6581	fertility	1.0	3	eflomal
বযৱসথা পুসতকৰ	H8451	hbo:8451	fertility	1.0	3	eflomal
বলি উ ৎসৰগ	G4374	grc:4374	fertility	1.0	2	eflomal
বলি হোম বলি	H5930	hbo:5930	fertility	1.0	2	eflomal
বলিদান উৎসৰগ	H2076	hbo:2076	fertility	1.0	2	eflomal
বলৱান হোৱা	H0553	hbo:0553	fertility	1.0	3	eflomal
বসতু অশুচি	G2839	grc:2839	fertility	1.0	3	eflomal
বসতৰ পিনধাই	H3847	hbo:3847	fertility	1.0	4	eflomal
বসতৰ পিনধাম	H3847	hbo:3847	fertility	1.0	3	eflomal
বসতৰ পিনধিব	H3847	hbo:3847	fertility	1.0	2	eflomal
বসতৰ পৰিধান	H3847	hbo:3847	fertility	1.0	3	eflomal
বসতৰেৰে ঢকা হ	G1902	grc:1902	fertility	1.0	2	eflomal
বহুতো দকষতা সমপনন	H2428	hbo:2428	fertility	1.0	2	eflomal
বহুমুলয বসতু	H0214	hbo:0214	fertility	1.0	2	eflomal
বাওঁফালে নুঘুৰিলে	H8040	hbo:8040	fertility	1.0	2	eflomal
বাকয আহিল	H1697	hbo:1697	fertility	1.0	25	eflomal
বাকয বলৈ	H1696	hbo:1696	fertility	1.0	2	eflomal
বাকী নাথাকিল	H7604	hbo:7604	fertility	1.0	2	eflomal
বাচান দেশীয	H1316	hbo:1316	fertility	1.0	2	eflomal
বাটলৈ ওলাই	G1831	grc:1831	fertility	1.0	2	eflomal
বাটি কাঁহীৰ	G4221	grc:4221	fertility	1.0	2	eflomal
বাটে পঠিযাব	H7971	hbo:7971	fertility	1.0	2	eflomal
বাটেদি বাটেদি	H1870	hbo:1870	fertility	1.0	2	eflomal
বাণিজয দৰবয	H4627	hbo:4627	fertility	1.0	5	eflomal
বাতৰি ক	H5046	hbo:5046	fertility	1.0	2	eflomal
বাতৰি শুনাৰ	H8085	hbo:8085	fertility	1.0	2	eflomal
বাতৰি শুনিলে	H8085	hbo:8085	fertility	1.0	2	eflomal
বাদয বজোৱাত	H7892	hbo:7892	fertility	1.0	2	eflomal
বানধি থোৱা	G1210	grc:1210	fertility	1.0	3	eflomal
বাপতাইজিত হ	G0907	grc:907	fertility	1.0	3	eflomal
বাপতিসম দিছোঁ	G0907	grc:907	fertility	1.0	3	eflomal
বাপতিসম লবৰ	G0907	grc:907	fertility	1.0	2	eflomal
বাপতিসম লৈছিল	G0907	grc:907	fertility	1.0	2	eflomal
বাপতিসম লৈছে	G0907	grc:907	fertility	1.0	2	eflomal
বাবিল পৰদেশৰ	H4083	hbo:4083	fertility	1.0	2	eflomal
বাবে চুঙী	H0134	hbo:0134	fertility	1.0	3	eflomal
বাযুত উডুৱাই	H7307	hbo:7307	fertility	1.0	6	eflomal
বাযেক ভনীযেক	H0269	hbo:0269	fertility	1.0	2	eflomal
বাযেক ভনীযেকৰ	H0269	hbo:0269	fertility	1.0	3	eflomal
বাযেৰা ভনীযেৰাক	H0269	hbo:0269	fertility	1.0	3	eflomal
বারতা পঠালে	H7971	hbo:7971	fertility	1.0	2	eflomal
বালিৰ অসংখয	H2344	hbo:2344	fertility	1.0	3	eflomal
বাসিনদাসকলক ধৰা	H8551	hbo:8551	fertility	1.0	2	eflomal
বাহিনীসকলৰ পৰখযাত	H6635	hbo:6635	fertility	1.0	4	eflomal
বাহিৰ ওলা	G1831	grc:1831	fertility	1.0	2	eflomal
বাহিৰ ওলাই গ	G1831	grc:1831	fertility	1.0	2	eflomal
বাহিৰ ওলাব	H3318	hbo:3318	fertility	1.0	4	eflomal
বাহিৰলৈ অহা	H3318	hbo:3318	fertility	1.0	2	eflomal
বাহিৰলৈ আহিব	H3318	hbo:3318	fertility	1.0	2	eflomal
বাহিৰলৈ যাব	H3318	hbo:3318	fertility	1.0	3	eflomal
বাহু দুটা	H2220	hbo:2220	fertility	1.0	4	eflomal
বাৰাণডাৰ ওলাই	H0361	hbo:0361	fertility	1.0	2	eflomal
বাৰী পাতি	H5193	hbo:5193	fertility	1.0	2	eflomal
বিকরী দিছিলা	H4376	hbo:4376	fertility	1.0	2	eflomal
বিখৰীৰ চেবা	H7652	hbo:7652	fertility	1.0	2	eflomal
বিখৰীৰ চেবাৰ	H7652	hbo:7652	fertility	1.0	4	eflomal
বিঘিনি জনমায	G4624	grc:4624	fertility	1.0	2	eflomal
বিচাৰ নযায	H4941	hbo:4941	fertility	1.0	4	eflomal
বিচাৰি নাপালে	H4672	hbo:4672	fertility	1.0	3	eflomal
বিচাৰি পাবা	H4672	hbo:4672	fertility	1.0	2	eflomal
বিচাৰি পায	G2147	grc:2147	fertility	1.0	2	eflomal
বিচাৰি ফুৰাবোৰৰ	H1245	hbo:1245	fertility	1.0	2	eflomal
বিচাৰৰ আসনত	G0968	grc:968	fertility	1.0	5	eflomal
বিচাৰৰ আসনৰ	G0968	grc:968	fertility	1.0	5	eflomal
বিচাৰৰ দিনা	G2920	grc:2920	fertility	1.0	2	eflomal
বিদায দিলে	H7971	hbo:7971	fertility	1.0	3	eflomal
বিদেশীৰ নিচিনা	G0915	grc:915	fertility	1.0	2	eflomal
বিদেশীৰ যাবা	H1616	hbo:1616	fertility	1.0	2	eflomal
বিধান অনুসৰি	G1832	grc:1832	fertility	1.0	2	eflomal
বিধান উলঙঘন	G3551	grc:3551	fertility	1.0	2	eflomal
বিধান পণডিত	G3544	grc:3544	fertility	1.0	3	eflomal
বিধান পণডিতে	G3544	grc:3544	fertility	1.0	2	eflomal
বিধান পালন	G3551	grc:3551	fertility	1.0	3	eflomal
বিধান পালনৰ	G3551	grc:3551	fertility	1.0	2	eflomal
বিধান শাসতৰ	G3551	grc:3551	fertility	1.0	3	eflomal
বিধান শাসতৰত	G3551	grc:3551	fertility	1.0	4	eflomal
বিধান শাসতৰৰ	G3551	grc:3551	fertility	1.0	2	eflomal
বিধান সনমত	G1832	grc:1832	fertility	1.0	9	eflomal
বিধানৰ অধযাপকে	G1122	grc:1122	fertility	1.0	3	eflomal
বিধানৰ ধাৰমিক	G3551	grc:3551	fertility	1.0	2	eflomal
বিধানৰ বিধান	G3551	grc:3551	fertility	1.0	2	eflomal
বিধানৰ মতে	G1832	grc:1832	fertility	1.0	6	eflomal
বিধিবোৰ পালন	H2708	hbo:2708	fertility	1.0	2	eflomal
বিনয কৰোঁ	G3870	grc:3870	fertility	1.0	2	eflomal
বিনৈ বনবোৰ	G2215	grc:2215	fertility	1.0	2	eflomal
বিনৈ বনৰ	G2215	grc:2215	fertility	1.0	2	eflomal
বিপথে পৰিচালিত	H8582	hbo:8582	fertility	1.0	2	eflomal
বিপৰীত আচৰণ	H7147	hbo:7147	fertility	1.0	3	eflomal
বিবাহৰ সমবনধ	H2859	hbo:2859	fertility	1.0	2	eflomal
বিবেচনা চোৱা	H7200	hbo:7200	fertility	1.0	2	eflomal
বিভিনন জাতিবোৰৰ	H1471	hbo:1471	fertility	1.0	2	eflomal
বিভিনন জাতিৰ	H1471	hbo:1471	fertility	1.0	3	eflomal
বিভিনন ধৰণৰ	H4327	hbo:4327	fertility	1.0	3	eflomal
বিযপি যোৱা	H6581	hbo:6581	fertility	1.0	2	eflomal
বিযা কৰায	G1060	grc:1060	fertility	1.0	2	eflomal
বিযাৰ ভোজ	G1062	grc:1062	fertility	1.0	2	eflomal
বিযাৰ ভোজলৈ	G1062	grc:1062	fertility	1.0	2	eflomal
বিশবাস কৰিছা	G4100	grc:4100	fertility	1.0	4	eflomal
বিশবাস কৰোঁ	G4100	grc:4100	fertility	1.0	2	eflomal
বিশবাস ঘাতকতা	H0898	hbo:0898	fertility	1.0	9	eflomal
বিশবাস ঘাতকসকলৰ	H0898	hbo:0898	fertility	1.0	2	eflomal
বিশবাস ঘাতকিনী	H0898	hbo:0898	fertility	1.0	2	eflomal
বিশবাস নকৰিলে	G4100	grc:4100	fertility	1.0	4	eflomal
বিশবাসত বিঘিনি	G4624	grc:4624	fertility	1.0	2	eflomal
বিশবাসযোগয চুকতি	H2617	hbo:2617	fertility	1.0	2	eflomal
বিশবাসী ভাই	G0080	grc:80	fertility	1.0	3	eflomal
বিশুদধ জটামাংসীৰ	G3487	grc:3487	fertility	1.0	2	eflomal
বিশৰাম দিন	H7676	hbo:7676	fertility	1.0	10	eflomal
বিশৰাম দিনবোৰ	H7676	hbo:7676	fertility	1.0	9	eflomal
বিশৰাম বাৰ	H7676	hbo:7676	fertility	1.0	12	eflomal
বিশৰাম বাৰত	H7676	hbo:7676	fertility	1.0	3	eflomal
বিশৰাম বাৰৰ	H7676	hbo:7676	fertility	1.0	2	eflomal
বিশৱাসযোগয নিযম	H2617	hbo:2617	fertility	1.0	2	eflomal
বিষযাসকলক মতাই	H7860	hbo:7860	fertility	1.0	2	eflomal
বিষযে ঘোষণা	H4853	hbo:4853a	fertility	1.0	7	eflomal
বিষযে জানিবলৈ	H3045	hbo:3045	fertility	1.0	4	eflomal
বিষযে জানিলে	H3045	hbo:3045	fertility	1.0	3	eflomal
বিষযে বুজি	H3045	hbo:3045	fertility	1.0	2	eflomal
বিষযে শুনা	H8085	hbo:8085	fertility	1.0	2	eflomal
বিষযে শুনি	H8085	hbo:8085	fertility	1.0	6	eflomal
বিষযে শুনিবলৈ	H8085	hbo:8085	fertility	1.0	2	eflomal
বিষযেই কৈ	G2980	grc:2980	fertility	1.0	2	eflomal
বিসতৃত খালী	H7549	hbo:7549	fertility	1.0	2	eflomal
বিসময মানিছে	G2296	grc:2296	fertility	1.0	2	eflomal
বিসময মানিব	H8074	hbo:8074	fertility	1.0	5	eflomal
বিৰুদধে আচৰণ	H4784	hbo:4784	fertility	1.0	3	eflomal
বিৰুদধে বিদরোহ	H4784	hbo:4784	fertility	1.0	2	eflomal
বিৰুদধে বিদৰোহ	H4784	hbo:4784	fertility	1.0	3	eflomal
বিৰুদধে যুদধ	H4421	hbo:4421	fertility	1.0	2	eflomal
বীণা বজাই	H3658	hbo:3658	fertility	1.0	4	eflomal
বুকুলৈ হাউলি	G4738	grc:4738	fertility	1.0	2	eflomal
বুদধি কৌশল	H8454	hbo:8454	fertility	1.0	2	eflomal
বুলি কৈছিল	H0559	hbo:0559	fertility	1.0	2	eflomal
বুলি কৈছে	G3004	grc:3004	fertility	1.0	2	eflomal
বুলি ঘোষণা	H7121	hbo:7121	fertility	1.0	2	eflomal
বুলি পৰমাণিত	G1344	grc:1344	fertility	1.0	3	eflomal
বুলি ভাবি	G1380	grc:1380	fertility	1.0	2	eflomal
বুলি ভাবিছা	G1380	grc:1380	fertility	1.0	2	eflomal
বুলি ভাবে	G1380	grc:1380	fertility	1.0	2	eflomal
বৃদধ নেতাসকলক	H2205	hbo:2205	fertility	1.0	2	eflomal
বৃদধ নেতাসকলে	H2205	hbo:2205	fertility	1.0	4	eflomal
বৃদধ নেতাসকলৰ	H2205	hbo:2205	fertility	1.0	3	eflomal
বৃহৎ এদল	G3793	grc:3793	fertility	1.0	2	eflomal
বৃহৎ দল	G3793	grc:3793	fertility	1.0	3	eflomal
বেগাই আছোঁ	G5035	grc:5035	fertility	1.0	3	eflomal
বেতনভোগী দাস	G3411	grc:3411	fertility	1.0	2	eflomal
বেদনাৰ বেদনাই	H2427	hbo:2427	fertility	1.0	2	eflomal
বেযা আচৰণ	H7489	hbo:7489	fertility	1.0	2	eflomal
বেযা বেযা	H7451	hbo:7451	fertility	1.0	2	eflomal
বেলচবূব ৰ	G0954	grc:954	fertility	1.0	3	eflomal
বেলেগে বেলেগে	H0905	hbo:0905	fertility	1.0	2	eflomal
বেশযা কৰম	H2181	hbo:2181	fertility	1.0	2	eflomal
বেহু পাতিলে	H6186	hbo:6186	fertility	1.0	4	eflomal
বেৰ লহয ৰোৱীৰ	H0883	hbo:0883	fertility	1.0	2	eflomal
বৈথনিযা গাৱঁৰ	G0963	grc:963	fertility	1.0	3	eflomal
বৈৎলেহম নামৰ	G0965	grc:965	fertility	1.0	2	eflomal
বোহনৰ শিলটোলৈকে	H0932	hbo:0932	fertility	1.0	2	eflomal
বৰকৈ কৰনদন	H1058	hbo:1058	fertility	1.0	2	eflomal
বৰজিত নুবুলিবা	G2840	grc:2840	fertility	1.0	2	eflomal
বৰজিত বসতু	H2764	hbo:2764	fertility	1.0	6	eflomal
বৰজিত বসতুৰ	H2764	hbo:2764	fertility	1.0	3	eflomal
বৰণনা লিখি	H3789	hbo:3789	fertility	1.0	2	eflomal
বৰষপূৰতি উৎসৱ	H3104	hbo:3104	fertility	1.0	2	eflomal
বৰষপূৰতি উৎসৱৰ	H3104	hbo:3104	fertility	1.0	4	eflomal
বৰষপূৰতি উৎসৱৰ বছৰত মুকলি	H3104	hbo:3104	fertility	1.0	2	eflomal
ভকতি লঙঘন	G0763	grc:763	fertility	1.0	2	eflomal
ভকষয নৈবেদযৰ	H4503	hbo:4503	fertility	1.0	18	eflomal
ভতৰা এটা এটা	H6499	hbo:6499	fertility	1.0	3	eflomal
ভতৰা গৰু	H6499	hbo:6499	fertility	1.0	4	eflomal
ভাঙি পেলাব	H5422	hbo:5422	fertility	1.0	4	eflomal
ভাঙি ভাঙি	G2622	grc:2622	fertility	1.0	2	eflomal
ভাবি বংশৰ	H1755	hbo:1755	fertility	1.0	2	eflomal
ভাবী বংশই	H1755	hbo:1755	fertility	1.0	2	eflomal
ভাবোকতি পৰচাৰ	G4395	grc:4395	fertility	1.0	14	eflomal
ভাযেক ককাযেকসকল	H0251	hbo:0251	fertility	1.0	4	eflomal
ভাযেক ককাযেকসকলক	H0251	hbo:0251	fertility	1.0	6	eflomal
ভাযেক ককাযেকসকলৰ	H0251	hbo:0251	fertility	1.0	4	eflomal
ভাৱবাণী পৰচাৰ	H5012	hbo:5012	fertility	1.0	5	eflomal
ভিততিমূল সথাপন	H3245	hbo:3245	fertility	1.0	13	eflomal
ভিতৰ কোঠালিত	H2315	hbo:2315	fertility	1.0	4	eflomal
ভিতৰ চোতালখনত	H6442	hbo:6442	fertility	1.0	2	eflomal
ভিতৰত সোমাবলৈ	G1525	grc:1525	fertility	1.0	2	eflomal
ভিতৰলৈ আনিলে	G1521	grc:1521	fertility	1.0	2	eflomal
ভিতৰলৈ নোসোমাওক	G1525	grc:1525	fertility	1.0	2	eflomal
ভিতৰলৈ সোমাই	G1525	grc:1525	fertility	1.0	5	eflomal
ভুৱা ভাববাদী	G5578	grc:5578	fertility	1.0	2	eflomal
ভূতবোৰে বিনয	G3870	grc:3870	fertility	1.0	2	eflomal
ভূতে পোৱা	G1139	grc:1139	fertility	1.0	10	eflomal
ভূতৰ আতমাই	G4151	grc:4151	fertility	1.0	2	eflomal
ভেডা ছাগলী	H6629	hbo:6629	fertility	1.0	7	eflomal
ভোজন কৰোঁতে	G2068	grc:2068	fertility	1.0	2	eflomal
ভোজন পাৰিব	H0398	hbo:0398	fertility	1.0	2	eflomal
ভোজনত বহি	G0345	grc:345	fertility	1.0	2	eflomal
ভৰানতি জনমায	G4105	grc:4105	fertility	1.0	2	eflomal
ভৰিৰে গচকিলে	H7429	hbo:7429	fertility	1.0	2	eflomal
ভৱিষযৎ গণনা	H7080	hbo:7080	fertility	1.0	2	eflomal
মঙগলবাদ কৰিছে	G0782	grc:782	fertility	1.0	7	eflomal
মঙগলবাদ জনাইছে	G0782	grc:782	fertility	1.0	2	eflomal
মঙগলবাদ দিব	G0782	grc:782	fertility	1.0	13	eflomal
মঙগলবাদ দিবা	G0782	grc:782	fertility	1.0	2	eflomal
মঙগলাৰথক উৎসৰগ	H8002	hbo:8002	fertility	1.0	6	eflomal
মচুললম মচুললমৰ	H4918	hbo:4918	fertility	1.0	6	eflomal
মণডলী সমূহক	G1577	grc:1577	fertility	1.0	3	eflomal
মতা মেৰ ছাগ পোৱালি	H3532	hbo:3532	fertility	1.0	2	eflomal
মনদিৰৰ আঁৰ	G2665	grc:2665	fertility	1.0	2	eflomal
মনদিৰৰ গাযকসকল	H7891	hbo:7891	fertility	1.0	3	eflomal
মনদিৰৰ পৰিচৰযাৰ	H5411	hbo:5411	fertility	1.0	2	eflomal
মনে মনে থাক	G5392	grc:5392	fertility	1.0	2	eflomal
মনে মনে থাকা	H2790	hbo:2790a	fertility	1.0	5	eflomal
মহচেযাৰ নেৰিযাৰ	H5374	hbo:5374	fertility	1.0	2	eflomal
মহলোন কিলিযোন	H3630	hbo:3630	fertility	1.0	2	eflomal
মহাজল সমূহৰ	H4325	hbo:4325	fertility	1.0	3	eflomal
মহাজাতি উৎপনন	H1471	hbo:1471	fertility	1.0	2	eflomal
মহানগৰ নীনবিলৈ	H5210	hbo:5210	fertility	1.0	3	eflomal
মহাশবদকাৰী শিঙা	H7782	hbo:7782	fertility	1.0	3	eflomal
মহিলা গৰাকীক	G1135	grc:1135	fertility	1.0	3	eflomal
মহিলা গৰাকীযে	G1135	grc:1135	fertility	1.0	3	eflomal
মহেৰচালল হচ বজ	H4122	hbo:4122	fertility	1.0	2	eflomal
মাংস ভোজন	H0398	hbo:0398	fertility	1.0	4	eflomal
মাংসৰ অভিলাষ	G4561	grc:4561	fertility	1.0	3	eflomal
মাইকী মেৰ ছাগৰ জাকৰ	H5739	hbo:5739	fertility	1.0	2	eflomal
মাজত থাকিলেও	H8432	hbo:8432	fertility	1.0	2	eflomal
মাজেদি গমন	H5674	hbo:5674	fertility	1.0	2	eflomal
মাজেদি যাব	H5674	hbo:5674	fertility	1.0	3	eflomal
মাজেদি যাবলৈ	H5674	hbo:5674	fertility	1.0	2	eflomal
মাজেদি যোৱা	H5674	hbo:5674	fertility	1.0	2	eflomal
মাটিৰ সীমাৰ	H1366	hbo:1366	fertility	1.0	2	eflomal
মাতি আনি	G4341	grc:4341	fertility	1.0	2	eflomal
মাতি গোট খুৱালে	G4779	grc:4779	fertility	1.0	2	eflomal
মানুহ অনধ	G5185	grc:5185	fertility	1.0	3	eflomal
মানুহ গুপতচৰ	H7270	hbo:7270	fertility	1.0	2	eflomal
মানুহ পঠালে	H7971	hbo:7971	fertility	1.0	4	eflomal
মানুহ পঠিযাই	H7971	hbo:7971	fertility	1.0	25	eflomal
মানুহ পঠিযাম	H7971	hbo:7971	fertility	1.0	2	eflomal
মানুহ পঠিযালে	H7971	hbo:7971	fertility	1.0	5	eflomal
মানুহ পঠোৱা	H7971	hbo:7971	fertility	1.0	2	eflomal
মানুহ বধী	H7523	hbo:7523	fertility	1.0	3	eflomal
মানুহক নিজ	H5315	hbo:5315	fertility	1.0	3	eflomal
মানুহৰ দল	G3793	grc:3793	fertility	1.0	3	eflomal
মাহেকীযা অশৌচৰ কালৰ	H5079	hbo:5079	fertility	1.0	3	eflomal
মাৰি বনধ	H2856	hbo:2856	fertility	1.0	2	eflomal
মিচৰ দেশৰ	G0125	grc:125	fertility	1.0	4	eflomal
মিছা কওঁতা	H8267	hbo:8267	fertility	1.0	4	eflomal
মিছা কোৱা	H8267	hbo:8267	fertility	1.0	2	eflomal
মিছা কৰে	H8267	hbo:8267	fertility	1.0	3	eflomal
মিছা নকওঁ	G5574	grc:5574	fertility	1.0	3	eflomal
মিদিযনীযাৰ গিদিযোনৰ	H4080	hbo:4080	fertility	1.0	2	eflomal
মিষৰফোৎ মযিমলৈকে	H4956	hbo:4956	fertility	1.0	2	eflomal
মিহলোৱা আটাগুডিৰ	H1101	hbo:1101	fertility	1.0	3	eflomal
মিহি আটা	H5560	hbo:5560	fertility	1.0	3	eflomal
মিহি আটাগুডি	H5560	hbo:5560	fertility	1.0	5	eflomal
মিহি আটাগুডিৰে	H5560	hbo:5560	fertility	1.0	16	eflomal
মিহি সূতাৰ	H8336	hbo:8336	fertility	1.0	2	eflomal
মুকত যাব	H3318	hbo:3318	fertility	1.0	2	eflomal
মুকলি পথাৰত	H7704	hbo:7704	fertility	1.0	3	eflomal
মূৰৰ চুলি	H7218	hbo:7218	fertility	1.0	3	eflomal
মৃত লোকৰ মাজৰ	G3498	grc:3498	fertility	1.0	25	eflomal
মৃত সকলৰ মাজৰ	G3498	grc:3498	fertility	1.0	3	eflomal
মৃতবোৰৰ মাজৰ	G3498	grc:3498	fertility	1.0	3	eflomal
মেনদি গছবোৰৰ	H1918	hbo:1918	fertility	1.0	3	eflomal
মেষৰ নোম	G2053	grc:2053	fertility	1.0	2	eflomal
মেৰ ছাগ এবছৰীযা	H3532	hbo:3532	fertility	1.0	6	eflomal
মেৰ ছাগ ছাগলী	H6629	hbo:6629	fertility	1.0	7	eflomal
মেৰ ছাগ পোৱালিটো	H3532	hbo:3532	fertility	1.0	3	eflomal
মেৰ ছাগ পোৱালিৰ	H3532	hbo:3532	fertility	1.0	2	eflomal
মেৰ ছাগ ৰখীযা	H7473	hbo:7473	fertility	1.0	5	eflomal
মেৰ ছাগ ৰখীযাবোৰ	H7473	hbo:7473	fertility	1.0	4	eflomal
মেৰ ছাগ ৰখীযাবোৰে	H7473	hbo:7473	fertility	1.0	2	eflomal
মেৰ ছাগ ৰখীযাবোৰৰ	H7473	hbo:7473	fertility	1.0	5	eflomal
মেৰ ছাগ ৰখীযাৰ	H7473	hbo:7473	fertility	1.0	4	eflomal
মেৰ ছাগৰ জাকক	H6629	hbo:6629	fertility	1.0	9	eflomal
মেৰ ছাগৰ ৰখীযা	H7473	hbo:7473	fertility	1.0	2	eflomal
মেৰ পোৱালি উৎসৰগ	H3532	hbo:3532	fertility	1.0	3	eflomal
মেৰৰ জাক	H6629	hbo:6629	fertility	1.0	2	eflomal
মেৰৰ নোম কটা	H1494	hbo:1494	fertility	1.0	2	eflomal
মেৰৰ মেৰ	H0352	hbo:0352	fertility	1.0	6	eflomal
মেৰৰখীযাক আঘাত	G3960	grc:3960	fertility	1.0	2	eflomal
মৈচক অবেদ	H4336	hbo:4336	fertility	1.0	8	eflomal
মৈদাম দিবলৈ	H6912	hbo:6912	fertility	1.0	3	eflomal
মৈদাম দিযা	H6912	hbo:6912	fertility	1.0	7	eflomal
মৈদাম দিযাগৈ	H6912	hbo:6912	fertility	1.0	2	eflomal
মৈদাম দিলে	H6912	hbo:6912	fertility	1.0	11	eflomal
মৈদামত থোৱা	G1780	grc:1780	fertility	1.0	2	eflomal
মৈদামত মৈদাম	H6913	hbo:6913	fertility	1.0	3	eflomal
মোচিক লগ	H6298	hbo:6298	fertility	1.0	2	eflomal
মোটতহে থয	G0779	grc:779	fertility	1.0	2	eflomal
মোলক দেৱতাৰ	H4432	hbo:4432	fertility	1.0	3	eflomal
মোহৰ মাৰি	H2856	hbo:2856	fertility	1.0	3	eflomal
মোহৰ মাৰি বনধ	H2856	hbo:2856	fertility	1.0	3	eflomal
মোহৰ মাৰিলে	G4972	grc:4972	fertility	1.0	2	eflomal
মোহৰত কৰাৰ	H2368	hbo:2368	fertility	1.0	3	eflomal
মৰণা মৰা	H1637	hbo:1637	fertility	1.0	12	eflomal
মৰণা মৰা খলা	H1637	hbo:1637	fertility	1.0	2	eflomal
মৰণা মৰা খলাত	H1637	hbo:1637	fertility	1.0	2	eflomal
মৰণা মৰা খলাৰ	H1637	hbo:1637	fertility	1.0	2	eflomal
মৰণা মৰা ঠাইত	H1637	hbo:1637	fertility	1.0	3	eflomal
মৰযযদা ৰখাত উদযোগী	H7067	hbo:7067	fertility	1.0	2	eflomal
মৰাযোত মৰাযোতৰ	H4812	hbo:4812	fertility	1.0	2	eflomal
মৰাৰীৰ বংশবোৰলৈ চৰণীযা ঠাযেৰে	H4054	hbo:4054	fertility	1.0	2	eflomal
মৰিবও লাগে	G1163	grc:1163	fertility	1.0	2	eflomal
যতনেৰে পালন	H8104	hbo:8104	fertility	1.0	2	eflomal
যাওঁ ঠাইলৈ	G5217	grc:5217	fertility	1.0	2	eflomal
যাকোব যাকোবৰ	G2384	grc:2384	fertility	1.0	2	eflomal
যাকোবৰ বংশৰ	H3290	hbo:3290	fertility	1.0	3	eflomal
যাকোবৰ যাকোবৰ	H3290	hbo:3290	fertility	1.0	2	eflomal
যাবলগীযা পথ	H1870	hbo:1870	fertility	1.0	2	eflomal
যাবলগীযা পথত	H1870	hbo:1870	fertility	1.0	2	eflomal
যাবলৈ দিযক	H7971	hbo:7971	fertility	1.0	2	eflomal
যাবলৈ নিদিলে	G1439	grc:1439	fertility	1.0	2	eflomal
যাবেচ গিলিযদ	H3003	hbo:3003b	fertility	1.0	3	eflomal
যাবেচ গিলিযদৰ	H3003	hbo:3003b	fertility	1.0	6	eflomal
যিকোনোৱে শৱ	H5038	hbo:5038	fertility	1.0	4	eflomal
যিচবি বৰীযা	H1283	hbo:1283	fertility	1.0	2	eflomal
যিচযা ভাৱবাদীযে	G2268	grc:2268	fertility	1.0	2	eflomal
যিচযাই সুধিলে	H0559	hbo:0559	fertility	1.0	2	eflomal
যিজনে চুব	H5060	hbo:5060	fertility	1.0	2	eflomal
যিজৰিযেলীযা অহীনোৱম	H0293	hbo:0293	fertility	1.0	2	eflomal
যিদযাৰ মূখয	H3048	hbo:3048	fertility	1.0	2	eflomal
যিফুননিৰ কালেব	H3312	hbo:3312	fertility	1.0	6	eflomal
যিসকলক মনদিৰৰ পৰিচৰযাৰ	H5411	hbo:5411	fertility	1.0	2	eflomal
যিসকলে ভয	H3373	hbo:3373	fertility	1.0	5	eflomal
যিহক ৰোৱা যায	G4687	grc:4687	fertility	1.0	2	eflomal
যিহুদীযাত যাওঁক	G2449	grc:2449	fertility	1.0	2	eflomal
যিহোচাফট ইতিহাস	H3092	hbo:3092	fertility	1.0	3	eflomal
যিহোচাফটে আটাহ	H3092	hbo:3092	fertility	1.0	2	eflomal
যিহোযাকীমৰ যকনিযাক	H3079	hbo:3079	fertility	1.0	2	eflomal
যিহোৱাক করুদধ তুলিছিল	H3707	hbo:3707	fertility	1.0	2	eflomal
যিহোৱাক করোধত উততেজিত	H3707	hbo:3707	fertility	1.0	2	eflomal
যিৰীহোৰ সনমুখত	H3405	hbo:3405	fertility	1.0	8	eflomal
যিৰূচালেম মনদিৰত	G2411	grc:2411	fertility	1.0	3	eflomal
যিৰূচালেম যিৰূচালেম	G2419	grc:2419	fertility	1.0	2	eflomal
যিৰূচালেমত ঈশবৰৰ	H0426	hbo:0426	fertility	1.0	5	eflomal
যীচুত বিশবাস	G4100	grc:4100	fertility	1.0	4	eflomal
যীচুৰ ওচৰলৈ আহি	G4334	grc:4334	fertility	1.0	4	eflomal
যীচুৱে এটা দৃষটানত দি	G3850	grc:3850	fertility	1.0	2	eflomal
যীচুৱে ক	G3004	grc:3004	fertility	1.0	28	eflomal
যীচুৱে কলে	G3004	grc:3004	fertility	1.0	3	eflomal
যীচুৱে কৈছিল	G3004	grc:3004	fertility	1.0	2	eflomal
যীচুৱে দৃষটানত	G3850	grc:3850	fertility	1.0	2	eflomal
যীচুৱে সুধিলে	G3004	grc:3004	fertility	1.0	6	eflomal
যুগুত কৰাগৈ	G2090	grc:2090	fertility	1.0	2	eflomal
যুগুত কৰিবা	H6213	hbo:6213	fertility	1.0	2	eflomal
যুগুত থাকা	G2092	grc:2092	fertility	1.0	2	eflomal
যুগুত থাকে	G2092	grc:2092	fertility	1.0	2	eflomal
যুগুত হৈ	G2092	grc:2092	fertility	1.0	3	eflomal
যুবা সিংহৰ	H3715	hbo:3715	fertility	1.0	2	eflomal
যেতিযা বান	G4366	grc:4366	fertility	1.0	2	eflomal
যোঁত জৰী	H4147	hbo:4147a	fertility	1.0	3	eflomal
যোচেফৰ যোচেফ	G2501	grc:2501	fertility	1.0	2	eflomal
যোৱা বাটেদি	H4608	hbo:4608	fertility	1.0	2	eflomal
যৌৱন কালৰ	H5271	hbo:5271	fertility	1.0	8	eflomal
যৰদদন নদী	H3383	hbo:3383	fertility	1.0	9	eflomal
যৰদদন নদীৰ পাৰৰ	H3383	hbo:3383	fertility	1.0	2	eflomal
যৰদদনৰ পাৰৰ	H3383	hbo:3383	fertility	1.0	3	eflomal
ল তেওঁক মৈদাম	H6912	hbo:6912	fertility	1.0	2	eflomal
লগালে শলখা	H4514	hbo:4514	fertility	1.0	3	eflomal
লগীযা কাৰয	H4931	hbo:4931	fertility	1.0	3	eflomal
লজজিত ম	G0153	grc:153	fertility	1.0	2	eflomal
লবলৈ বিচাৰি ফুৰাবোৰৰ	H1245	hbo:1245	fertility	1.0	2	eflomal
লমপট আচৰণ	G0766	grc:766	fertility	1.0	4	eflomal;gloss
লমপট আচৰণত	G0766	grc:766	fertility	1.0	4	eflomal;gloss
লাজত নপৰিব	G2617	grc:2617	fertility	1.0	3	eflomal
লামা চবকতানী	G4518	grc:4518	fertility	1.0	2	eflomal
লিখা আছে	G1125	grc:1125	fertility	1.0	44	eflomal
লিখা কথাখিনি	H3792	hbo:3792	fertility	1.0	2	eflomal
লিখা বাকযবোৰ	H1697	hbo:1697	fertility	1.0	2	eflomal
লিখাও আছে	G1125	grc:1125	fertility	1.0	9	eflomal
লিঙগাগৰ চৰমম	H6190	hbo:6190	fertility	1.0	4	eflomal
লিবানোনৰ গছবোৰেও	H3844	hbo:3844	fertility	1.0	2	eflomal
লিলি ফুল	H7799	hbo:7799	fertility	1.0	2	eflomal
লিলি ফুলৰ	H7799	hbo:7799	fertility	1.0	5	eflomal
লুটদৰবয নিনদাৰ	H0957	hbo:0957	fertility	1.0	2	eflomal
লুটি বসতুৰ	H7998	hbo:7998	fertility	1.0	2	eflomal
লুপত কৰিম	H7673	hbo:7673	fertility	1.0	2	eflomal
লুপত ব	G3928	grc:3928	fertility	1.0	2	eflomal
লেখক চাফনক	H8227	hbo:8227a	fertility	1.0	2	eflomal
লোকক শিকষা	G1321	grc:1321	fertility	1.0	2	eflomal
লোকক হতযা	H0376	hbo:0376	fertility	1.0	2	eflomal
লোকক ৰকষা	G4982	grc:4982	fertility	1.0	2	eflomal
লোকসকলৰ সনতান	H1121	hbo:1121	fertility	1.0	2	eflomal
শণ সুতাৰ মিহি কাপোৰ	G1039	grc:1039	fertility	1.0	3	eflomal
শণ সূতাৰ মিহি কাপোৰ কেইখন	G3608	grc:3608	fertility	1.0	2	eflomal
শণ সূতাৰ মিহি কাপোৰেৰে	G4616	grc:4616	fertility	1.0	2	eflomal
শতৰুৰ হাতত শোধাই	G3860	grc:3860	fertility	1.0	9	eflomal
শতৰুৰ হাতত শোধাই দিব	G3860	grc:3860	fertility	1.0	4	eflomal
শবদেৰে শিঙা বজাই	H7782	hbo:7782	fertility	1.0	2	eflomal
শবাস পরশবাস	H7307	hbo:7307	fertility	1.0	3	eflomal
শলাকানি কটা	H4457	hbo:4457	fertility	1.0	2	eflomal
শসযকষেতৰ কিনা	H7069	hbo:7069	fertility	1.0	2	eflomal
শসযমৰা ঠাইলৈ	H1637	hbo:1637	fertility	1.0	3	eflomal
শসযৰ আটাৰ	H7225	hbo:7225	fertility	1.0	2	eflomal
শসযৰ দ মৰ	H6194	hbo:6194	fertility	1.0	2	eflomal
শানতি হওক	G1515	grc:1515	fertility	1.0	16	eflomal
শানতিৰ আঁকৰ	G1515	grc:1515	fertility	1.0	3	eflomal
শানতিৰ আকৰ	G1515	grc:1515	fertility	1.0	2	eflomal
শাসতরত লিখা	G1125	grc:1125	fertility	1.0	7	eflomal
শাসতরত লিখা আছে	G1125	grc:1125	fertility	1.0	7	eflomal
শাসতৰত লিখা	G1125	grc:1125	fertility	1.0	3	eflomal
শাসতৰীয বচন	G1124	grc:1124	fertility	1.0	4	eflomal
শাসন পৰণালীবোৰৰ	H4941	hbo:4941	fertility	1.0	3	eflomal
শাসন পৰণালীৰ	H4941	hbo:4941	fertility	1.0	4	eflomal
শিকলিৰে বানধি	H0631	hbo:0631	fertility	1.0	4	eflomal
শিকলিৰে বানধিলে	H0631	hbo:0631	fertility	1.0	2	eflomal
শিকষা দি	G1321	grc:1321	fertility	1.0	7	eflomal
শিকষা দিবলৈ	G1321	grc:1321	fertility	1.0	2	eflomal
শিল দলিযাই বধ	H7275	hbo:7275	fertility	1.0	4	eflomal
শিলচটা থোৱা	G3037	grc:3037	fertility	1.0	2	eflomal
শিলৰ সতমভ	H4676	hbo:4676	fertility	1.0	2	eflomal
শিষয ভাববাদী	H5030	hbo:5030	fertility	1.0	3	eflomal
শিষয ভাববাদীসকলৰ	H5030	hbo:5030	fertility	1.0	5	eflomal
শিৰোৰকষক টুপি	H3553	hbo:3553	fertility	1.0	2	eflomal
শিৰোৰকষক টুপী	H3553	hbo:3553	fertility	1.0	2	eflomal
শুকাই গ ল	G3583	grc:3583	fertility	1.0	7	eflomal
শুকাই গৈছিল	G3584	grc:3584	fertility	1.0	2	eflomal
শুকান বাটেদি	H3004	hbo:3004	fertility	1.0	3	eflomal
শুকান বাটেৰে	H3004	hbo:3004	fertility	1.0	2	eflomal
শুকান মাটিৰ	H2724	hbo:2724	fertility	1.0	2	eflomal
শুদধ গঢালে	H2889	hbo:2889	fertility	1.0	2	eflomal
শুদা পৰিণত	H6706	hbo:6706	fertility	1.0	2	eflomal
শুদা হাতে	G2756	grc:2756	fertility	1.0	4	eflomal
শুনাকৈ পাঠ	H0241	hbo:0241	fertility	1.0	2	eflomal
শুনি বিসমিত	G2296	grc:2296	fertility	1.0	2	eflomal
শুভবারতা ঘোষণা	G2097	grc:2097	fertility	1.0	2	eflomal
শুভবারতা পরচাৰ	G2097	grc:2097	fertility	1.0	6	eflomal
শুভবাৰততা পৰচাৰ	H1319	hbo:1319	fertility	1.0	2	eflomal
শুভবাৰতা ঘোষণাৰ	G2098	grc:2098	fertility	1.0	2	eflomal
শুভেচছা জনাইছে	G0782	grc:782	fertility	1.0	3	eflomal
শুৱাই থলে	G5087	grc:5087	fertility	1.0	3	eflomal
শোধাই দিম	H5414	hbo:5414	fertility	1.0	2	eflomal
শোধাই দিযে	H5414	hbo:5414	fertility	1.0	2	eflomal
শৰমৰ ফল	H3018	hbo:3018	fertility	1.0	2	eflomal
শৱ চুই অশুচি	H2931	hbo:2931	fertility	1.0	4	eflomal
সঁচাকৈ কৈছোঁ	G3004	grc:3004	fertility	1.0	2	eflomal
সংখযা অনুসাৰে	H4557	hbo:4557	fertility	1.0	13	eflomal
সংখযা কম	G2856	grc:2856	fertility	1.0	4	eflomal
সংখযাত বৃদধি	H7235	hbo:7235	fertility	1.0	5	eflomal
সকলক সৰববসবহীন	H7758	hbo:7758	fertility	1.0	2	eflomal
সকলো আপোনাৰেই	H3605	hbo:3605	fertility	1.0	2	eflomal
সকলোকে সকলো	G3956	grc:3956	fertility	1.0	2	eflomal
সকলৰ গোষঠীবোৰৰ	H4940	hbo:4940	fertility	1.0	2	eflomal
সকলৰ সমাজক	H5712	hbo:5712	fertility	1.0	2	eflomal
সকলৰে সনধি	H7999	hbo:7999	fertility	1.0	2	eflomal
সতমভ দুটা	H5982	hbo:5982	fertility	1.0	2	eflomal
সতযতাত চলা	H6662	hbo:6662	fertility	1.0	7	eflomal
সতযতাত চলা জনৰ	H6662	hbo:6662	fertility	1.0	4	eflomal
সতযতাত চলাজনৰ	H6662	hbo:6662	fertility	1.0	2	eflomal
সতযতাৰে কাৰয	H6662	hbo:6662	fertility	1.0	2	eflomal
সথাপনৰ পুৰববৰে	G2602	grc:2602	fertility	1.0	2	eflomal
সনতান জনম	H3205	hbo:3205	fertility	1.0	4	eflomal
সনতান পৰসৱ	H3205	hbo:3205	fertility	1.0	6	eflomal
সনতান পৰসৱৰ	H3205	hbo:3205	fertility	1.0	2	eflomal
সনতানটিযে পিযাহ এৰাৰ	H1580	hbo:1580	fertility	1.0	2	eflomal
সনধিযা থাকিব	H6153	hbo:6153	fertility	1.0	2	eflomal
সনধিযা পৰত	H6153	hbo:6153	fertility	1.0	4	eflomal
সনমান দিবলৈ	H3366	hbo:3366	fertility	1.0	5	eflomal
সনমুখৰ দুই ভাগত	H0352	hbo:0352b	fertility	1.0	4	eflomal
সপোন দেখিলে	H2492	hbo:2492a	fertility	1.0	6	eflomal
সপোন দেখিলোঁ	H2492	hbo:2492a	fertility	1.0	6	eflomal
সপোনৰ অৰথও	H2472	hbo:2472	fertility	1.0	2	eflomal
সবদেশীয বিদেশীয	H0249	hbo:0249	fertility	1.0	2	eflomal
সবরগৰ দূত	G0032	grc:32	fertility	1.0	14	eflomal
সবরগৰ দূতে	G0032	grc:32	fertility	1.0	4	eflomal
সবাধীন জনীৰ	G1658	grc:1658	fertility	1.0	2	eflomal
সবৰগত থাকি	H8064	hbo:8064	fertility	1.0	9	eflomal
সবৰগৰ দূত	G0032	grc:32	fertility	1.0	21	eflomal
সবৰগৰ দূতক	G0032	grc:32	fertility	1.0	3	eflomal
সবৰগৰ দূতে	G0032	grc:32	fertility	1.0	7	eflomal
সবৰগৰ দূতৰ	G0032	grc:32	fertility	1.0	4	eflomal
সবৰূপে সমৰপণ	G3936	grc:3936	fertility	1.0	2	eflomal
সভাৰ দমৰা	H6499	hbo:6499	fertility	1.0	2	eflomal
সভাৰ দমৰা গৰু	H6499	hbo:6499	fertility	1.0	2	eflomal
সমগর যিহূদা	G2449	grc:2449	fertility	1.0	3	eflomal
সমপূরণৰূপে বিনষট	H2763	hbo:2763	fertility	1.0	2	eflomal
সমপূৰণ কাপোৰেৰে	H3632	hbo:3632	fertility	1.0	2	eflomal
সমপূৰণ বিশৰামৰ	H7677	hbo:7677	fertility	1.0	4	eflomal
সমপূৰণ বিশৰামৰ দিন	H7677	hbo:7677	fertility	1.0	2	eflomal
সমপৰকীয কাৰয	H5656	hbo:5656	fertility	1.0	2	eflomal
সমবাদ দিযাগৈ	G0518	grc:518	fertility	1.0	3	eflomal
সমযত আহি	H0935	hbo:0935	fertility	1.0	2	eflomal
সমিধান দি	G0611	grc:611	fertility	1.0	2	eflomal
সমুদৰ পাতৰটো	H3220	hbo:3220	fertility	1.0	7	eflomal
সমূহে আসফালন	H1607	hbo:1607	fertility	1.0	2	eflomal
সমৰণাৰথক অংশ	H0234	hbo:0234	fertility	1.0	2	eflomal
সলাই যিহোযাকীম	H3079	hbo:3079	fertility	1.0	2	eflomal
সাঁচত ঢলা পৰতিমাটো	H4541	hbo:4541	fertility	1.0	2	eflomal
সাঁচত ঢলা পৰতিমাবোৰ	H4541	hbo:4541	fertility	1.0	3	eflomal
সাঁথৰৰ অৰথ	H2420	hbo:2420	fertility	1.0	2	eflomal
সাকষয ফলি	H5715	hbo:5715	fertility	1.0	7	eflomal
সাকষয ফলিৰ	H5715	hbo:5715	fertility	1.0	11	eflomal
সাকষাৎ কৰা	H4150	hbo:4150	fertility	1.0	121	eflomal
সাগৰত পৰ	G2281	grc:2281	fertility	1.0	2	eflomal
সাগৰৰ তীৰলৈ	G2281	grc:2281	fertility	1.0	3	eflomal
সাগৰৰ তীৰৰ	H3220	hbo:3220	fertility	1.0	2	eflomal
সাপে খুটে	H5391	hbo:5391	fertility	1.0	2	eflomal
সাষটাঙগে পরণিপাত	H5457	hbo:5457	fertility	1.0	3	eflomal
সাহসেৰে পৰচাৰ	G3955	grc:3955	fertility	1.0	3	eflomal
সিংহ অহাৰ	H0738	hbo:0738a	fertility	1.0	2	eflomal
সিংহাসনত বহোঁতা	H3678	hbo:3678	fertility	1.0	3	eflomal
সিংহৰ মুৰততি	H0738	hbo:0738	fertility	1.0	2	eflomal
সিচাঁ এওঁলোক	G4687	grc:4687	fertility	1.0	2	eflomal
সিচিঁ পেলায	G4650	grc:4650	fertility	1.0	2	eflomal
সিদধ থাকোঁতা	H8535	hbo:8535	fertility	1.0	2	eflomal
সীমা শেষ	H8444	hbo:8444	fertility	1.0	2	eflomal
সীমাৰ ভিতৰতেই	H1366	hbo:1366	fertility	1.0	2	eflomal
সু সবাদু আহাৰ	H4303	hbo:4303	fertility	1.0	2	eflomal
সুখযাতিৰ পতৰ	G1992	grc:1992	fertility	1.0	2	eflomal
সুগনধি তেল	G3464	grc:3464	fertility	1.0	5	eflomal
সুগনধি ধূপ	H7004	hbo:7004	fertility	1.0	3	eflomal
সুগনধি বটল	G3464	grc:3464	fertility	1.0	2	eflomal
সুতলৈ ধাৰ	H5392	hbo:5392	fertility	1.0	2	eflomal
সুবিচাৰেৰে শাসতি	H3256	hbo:3256	fertility	1.0	2	eflomal
সুসথ কৰিলোঁহেতেন	G2390	grc:2390	fertility	1.0	2	eflomal
সুসথজনক গছৰ ৰস	H6875	hbo:6875	fertility	1.0	2	eflomal
সুসথিৰ পরেম	H2617	hbo:2617	fertility	1.0	2	eflomal
সুসথিৰ পরেমৰ	H2617	hbo:2617	fertility	1.0	2	eflomal
সূতা বেঙুনীযা	H0713	hbo:0713	fertility	1.0	2	eflomal
সূরয মাৰ	H8121	hbo:8121	fertility	1.0	2	eflomal
সূৰয মাৰ	H8121	hbo:8121	fertility	1.0	8	eflomal
সৃষটি কৰিলে	H6213	hbo:6213	fertility	1.0	2	eflomal
সেইখিনিও নিযা	G0142	grc:142	fertility	1.0	2	eflomal
সেইবোৰত ফল	G2590	grc:2590	fertility	1.0	2	eflomal
সেনাপতি এলিযাৰ	H8269	hbo:8269	fertility	1.0	2	eflomal
সেযা সিদধ	G4137	grc:4137	fertility	1.0	2	eflomal
সেযে অগনিকৃত উপহাৰ	H0801	hbo:0801	fertility	1.0	2	eflomal
সেৱকীযা কাম	H5656	hbo:5656	fertility	1.0	2	eflomal
সেৱা পুজা	H5647	hbo:5647	fertility	1.0	4	eflomal
সৈতে আননদ	G4796	grc:4796	fertility	1.0	6	eflomal
সৈনয দলক	G4686	grc:4686	fertility	1.0	2	eflomal
সৈনয দলৰ	G4686	grc:4686	fertility	1.0	3	eflomal
সৈনয সামনতই	H2428	hbo:2428	fertility	1.0	6	eflomal
সৈনয সামনতৰ	H2428	hbo:2428	fertility	1.0	5	eflomal
সৈনযৰ বেহু পাতিলে	H6186	hbo:6186	fertility	1.0	2	eflomal
সোঁত বোৱাদি	H5102	hbo:5102	fertility	1.0	2	eflomal
সোণৰ সোণ	H2091	hbo:2091	fertility	1.0	2	eflomal
সোনকালে উঠিল	H7925	hbo:7925	fertility	1.0	2	eflomal
সৰপৰ বংশধৰ	G2191	grc:2191	fertility	1.0	2	eflomal
সৰববশকতিমান জনা	H7706	hbo:7706	fertility	1.0	3	eflomal
সৰববশকতিমান জনাৰ	H7706	hbo:7706	fertility	1.0	15	eflomal
সৰববোপৰি জনাৰ	H5945	hbo:5945a	fertility	1.0	6	eflomal
সৰু সৰু ৰা	H2945	hbo:2945	fertility	1.0	2	eflomal
হচচোন তামৰত	H2688	hbo:2688	fertility	1.0	2	eflomal
হচবিযা হচবিযাৰ	H2811	hbo:2811	fertility	1.0	2	eflomal
হচুফা টববাযোৎ	H2817	hbo:2817	fertility	1.0	2	eflomal
হববোৎ যাযীৰ	H2971	hbo:2971	fertility	1.0	2	eflomal
হমাতৰ অৰপদৰ	H2574	hbo:2574	fertility	1.0	2	eflomal
হমাতৰ পৰৱেশসথানলৈকে	H2574	hbo:2574	fertility	1.0	3	eflomal
হমাতৰ সথানৰ	H2574	hbo:2574	fertility	1.0	2	eflomal
হযতো মনতে	H3824	hbo:3824	fertility	1.0	3	eflomal
হাঁকোটা লগাম	H2397	hbo:2397	fertility	1.0	2	eflomal
হাঁহিযাতৰ পাতর	H3933	hbo:3933	fertility	1.0	2	eflomal
হাজাৰৰ সেনাপতি	G5506	grc:5506	fertility	1.0	3	eflomal
হাজাৰৰ সেনাপতিযে	G5506	grc:5506	fertility	1.0	9	eflomal
হাজাৰৰ সেনাপতিৰ	G5506	grc:5506	fertility	1.0	4	eflomal
হাতত শোধাই দিব	G3860	grc:3860	fertility	1.0	3	eflomal
হাতত শোধাই দিযা	G3860	grc:3860	fertility	1.0	3	eflomal
হাতত শোধাই দিলে	G3860	grc:3860	fertility	1.0	4	eflomal
হাতৰ তলুৱাত	H3709	hbo:3709	fertility	1.0	7	eflomal
হাদাম বানধা	H5550	hbo:5550	fertility	1.0	2	eflomal
হিননোমৰ পুতেকৰ	H1516	hbo:1516a	fertility	1.0	2	eflomal
হিলকিযা হিলকিযাৰ	H2518	hbo:2518	fertility	1.0	2	eflomal
হে ঈশবৰ মোৰ	H5329	hbo:5329	fertility	1.0	2	eflomal
হে পরিয সনতানসকল	G5040	grc:5040	fertility	1.0	3	eflomal
হে পৰিয সকল	G0027	grc:27	fertility	1.0	7	eflomal
হেঁচি মেলি	G4918	grc:4918	fertility	1.0	2	eflomal
হেঁপাহ পলোৱাকৈ	H7648	hbo:7648	fertility	1.0	2	eflomal
হেলোনৰ ইলীযাব	H0446	hbo:0446	fertility	1.0	3	eflomal
হেৰোদ ৰজাৰ	G2264	grc:2264	fertility	1.0	2	eflomal
হোম বলি উৎসৰগ	H5930	hbo:5930	fertility	1.0	19	eflomal
হোম বলি উৎসৰগৰ	H5930	hbo:5930	fertility	1.0	2	eflomal
হোম বলিসবৰূপে উৎসৰগ	H5930	hbo:5930	fertility	1.0	4	eflomal
হোমবলি উৎসরগ	H0784	hbo:0784	fertility	1.0	2	eflomal
হোমবলি উৎসৰগ	H5930	hbo:5930	fertility	1.0	5	eflomal
হোমবলি বলি	H5930	hbo:5930	fertility	1.0	2	eflomal
হোৰেব পরবতত	H2722	hbo:2722	fertility	1.0	2	eflomal
হোৰেব পাহাৰৰ	H2722	hbo:2722	fertility	1.0	2	eflomal
হোৰেব পৰববতত	H2722	hbo:2722	fertility	1.0	2	eflomal
হৰিণীৰ ঠেঙৰ	H0355	hbo:0355	fertility	1.0	2	eflomal
ৰকতপাত কৰাত	H1818	hbo:1818	fertility	1.0	2	eflomal
ৰকতপাতৰ দোষ	H1818	hbo:1818	fertility	1.0	16	eflomal
ৰকতপাতৰ দোষ গাতে	H1818	hbo:1818	fertility	1.0	5	eflomal
ৰকতপাতৰ পৰতিশোধ	H1818	hbo:1818	fertility	1.0	4	eflomal
ৰকষক দূতবোৰৰ	H8269	hbo:8269	fertility	1.0	2	eflomal
ৰকষা পালে	G4982	grc:4982	fertility	1.0	3	eflomal
ৰকষা পোৱা লোকসকল	H6413	hbo:6413	fertility	1.0	2	eflomal
ৰকষী সৈনযদলক	H5333	hbo:5333	fertility	1.0	2	eflomal
ৰজাই পঠালে	H7971	hbo:7971	fertility	1.0	2	eflomal
ৰজাৰ ৰজা	H4428	hbo:4428	fertility	1.0	2	eflomal
ৰমলিযাৰ পেকহ	H7425	hbo:7425	fertility	1.0	3	eflomal
ৰমলিযাৰ পেকহে	H7425	hbo:7425	fertility	1.0	2	eflomal
ৰাজকীয বসতৰ	G2066	grc:2066	fertility	1.0	2	eflomal
ৰাজতবৰ বছৰত	H8141	hbo:8141	fertility	1.0	21	eflomal
ৰাজতৱ কৰিছিল	H4427	hbo:4427	fertility	1.0	2	eflomal
ৰাজবসতৰ পিনধি	H3847	hbo:3847	fertility	1.0	3	eflomal
ৰাজয শাসন	H4427	hbo:4427	fertility	1.0	2	eflomal
ৰাটি থাকোঁতে	H3206	hbo:3206	fertility	1.0	3	eflomal
ৰাণী ইষটেৰে	H0635	hbo:0635	fertility	1.0	2	eflomal
ৰাণী ৱষটী	H2060	hbo:2060	fertility	1.0	2	eflomal
ৰাতি থাকিবৰ	H3885	hbo:3885a	fertility	1.0	3	eflomal
ৰাতি পুৱালত	G4405	grc:4405	fertility	1.0	2	eflomal
ৰাতিটো কটালে	H3885	hbo:3885a	fertility	1.0	2	eflomal
ৰাতিটো থাকিল	H3885	hbo:3885a	fertility	1.0	2	eflomal
ৰাতিপুৱালৈ নাৰাখিবা	H1242	hbo:1242	fertility	1.0	2	eflomal
ৰাতিৰ আহাৰ	G1173	grc:1173	fertility	1.0	2	eflomal
ৰামোৎ গিলিযদ	H7433	hbo:7433	fertility	1.0	3	eflomal
ৰামোৎ গিলিযদত	H7433	hbo:7433	fertility	1.0	4	eflomal
ৰামোৎ গিলিযদলৈ	H7433	hbo:7433	fertility	1.0	10	eflomal
ৰামোৎ গিলিযদৰ	H7433	hbo:7433	fertility	1.0	2	eflomal
ৰাযা ৰাযাৰ	H7211	hbo:7211	fertility	1.0	2	eflomal
ৰূপে বৃদধি	H7235	hbo:7235	fertility	1.0	2	eflomal
ৰূপৰ বিনিমযত	H3701	hbo:3701	fertility	1.0	2	eflomal
ৰূপৰ ৰূপ	H3701	hbo:3701	fertility	1.0	2	eflomal
ৰোগী সুসথ	G2323	grc:2323	fertility	1.0	2	eflomal
ৰোতম গছৰ	H7574	hbo:7574	fertility	1.0	4	eflomal
ৰোমান নাগৰিক	G4514	grc:4514	fertility	1.0	2	eflomal
ভকষয নৈবেদয	H4503	hbo:4503	fertility	0.979	47	eflomal
পূরব পুৰুষসকলৰ	H0001	hbo:0001	fertility	0.973	37	eflomal
ৰাজতব কৰিছিল	H4427	hbo:4427	fertility	0.971	34	eflomal
অননতকাল সথাযী	H5769	hbo:5769	fertility	0.968	30	eflomal
পাপাৰথক বলিৰ	H2403	hbo:2403	fertility	0.968	31	eflomal
শাসন পৰণালীবোৰ	H4941	hbo:4941	fertility	0.965	28	eflomal
শাসন পৰণালী	H4941	hbo:4941	fertility	0.96	25	eflomal
জীৱনৰ শপত	H2416	hbo:2416	fertility	0.952	42	eflomal
বিধানৰ অধযাপক	G1122	grc:1122	fertility	0.95	57	eflomal
ইহুদী সকলৰ	G2453	grc:2453	fertility	0.947	19	eflomal
নিজকে অশুচি	H2930	hbo:2930	fertility	0.944	18	eflomal
সকলো বিষযতে	G3956	grc:3956	fertility	0.941	17	eflomal
উততৰ ক	H0559	hbo:0559	fertility	0.933	15	eflomal
ভাববাণী পৰচাৰ	H5012	hbo:5012	fertility	0.933	85	eflomal
পাছে খেদি	H7291	hbo:7291	fertility	0.929	14	eflomal
নিযম চনদুক	H0727	hbo:0727	fertility	0.927	52	eflomal
ওপৰলৈ উঠি	H5927	hbo:5927	fertility	0.923	13	eflomal
আশীৰববাদ পৰাপত	H1288	hbo:1288	fertility	0.917	11	eflomal
চেকল ৰূপ	H3701	hbo:3701	fertility	0.917	11	eflomal
শোধাই দিব	G3860	grc:3860	fertility	0.917	11	eflomal
উততৰ দিলে	G0611	grc:611	fertility	0.915	54	eflomal
মিহি শণ	H8336	hbo:8336	fertility	0.909	20	eflomal
সেৱা পূজা	H5647	hbo:5647	fertility	0.909	10	eflomal
তোমালোকে যিহোৱাৰ	H3050	hbo:3050	fertility	0.905	21	eflomal
কুকুৰাই ডাক	G0220	grc:220	fertility	0.9	9	eflomal
দকষিণ অঞচলৰ	H5045	hbo:5045	fertility	0.9	10	eflomal
সেৱা শুশৰূষা	G1247	grc:1247	fertility	0.9	10	eflomal
পাছে পাছে	G0190	grc:190	fertility	0.897	35	eflomal
তেওঁত বিশবাস	G4100	grc:4100	fertility	0.895	17	eflomal
মানুহ পঠাই	H7971	hbo:7971	fertility	0.895	19	eflomal
ডাঙৰ ডাঙৰ	H1419	hbo:1419	fertility	0.889	8	eflomal
ইলিযাজৰ ঈথামৰ	H0499	hbo:0499	fertility	0.875	7	eflomal
উলটি আহিল	G5290	grc:5290	fertility	0.875	7	eflomal
ওচৰলৈ আহিল	G4334	grc:4334	fertility	0.875	7	eflomal
কাৰয কৰিলে	H6213	hbo:6213	fertility	0.875	8	eflomal
চিঠি খেলৰ	H1486	hbo:1486	fertility	0.875	7	eflomal
দুৱাৰ মুকলি	G0455	grc:455	fertility	0.875	7	eflomal
পাপাৰথক বলিসবৰূপে	H2403	hbo:2403	fertility	0.875	8	eflomal
ফল ভোগ	H5375,H0398	hbo:5375,hbo:0398	phrasal	0.875	16	eflomal
বিশৰাম বাৰে	H7676	hbo:7676	fertility	0.875	8	eflomal
কৰিব নোৱাৰে	G1410	grc:1410	fertility	0.867	14	eflomal
ওচৰ চুবুৰীযাৰ	H7453,H7934	hbo:7453,hbo:7934	phrasal	0.864	22	eflomal
অদভুত লকষণ	G5059	grc:5059	fertility	0.857	6	eflomal
গভীৰ পরেম	H2617	hbo:2617	fertility	0.857	6	eflomal
দমৰা ষাঁড	H6499	hbo:6499	fertility	0.857	6	eflomal
নগৰে নগৰে	G4172	grc:4172	fertility	0.857	6	eflomal
নযায কাৰয	H6662	hbo:6662	fertility	0.857	6	eflomal
পবিতৰ ঠাইবোৰ	H1116	hbo:1116	fertility	0.857	6	eflomal
পৰথম ফল	G0536	grc:536	fertility	0.857	6	eflomal
পৰথমে জনমা	H1060	hbo:1060	fertility	0.857	12	eflomal
পৰশংসাৰ গান	H2167	hbo:2167	fertility	0.857	6	eflomal
বাহিৰলৈ উলিযাই	H3318	hbo:3318	fertility	0.857	6	eflomal
ভাৰসা কৰিছোঁ	H0982	hbo:0982	fertility	0.857	6	eflomal
মিহি শণ সূতাৰ	H8336	hbo:8336	fertility	0.857	6	eflomal
মেৰ ছাগৰ জাক	H6629	hbo:6629	fertility	0.857	6	eflomal
ষাঁড গৰুটোৰ	H6499	hbo:6499	fertility	0.857	6	eflomal
সাগৰৰ তীৰত	G2281	grc:2281	fertility	0.857	6	eflomal
ঘিণলগীযা কাৰয	H8441	hbo:8441	fertility	0.833	6	eflomal
চিঞৰি চিঞৰি	G2896	grc:2896	fertility	0.833	5	eflomal
চৰণীযা পথাৰৰ	H4830	hbo:4830	fertility	0.833	5	eflomal
দুৱাৰ মুখলৈ	H6607,H8179	hbo:6607,hbo:8179	phrasal	0.833	12	eflomal
বনদী কৰি	H7617	hbo:7617	fertility	0.833	6	eflomal
মেৰৰ জাকৰ	H6629	hbo:6629	fertility	0.833	5	eflomal
সাকষয দিছোঁ	G3140	grc:3140	fertility	0.833	6	eflomal
পবিতৰ সথানৰ	H6944,H4720	hbo:6944,hbo:4720	phrasal	0.823	33	eflomal
ছিনন ভিনন	H6327	hbo:6327	fertility	0.821	32	eflomal
আননদ ধবনি	H7321	hbo:7321	fertility	0.8	4	eflomal
ইযাক কৈছে	H5002	hbo:5002	fertility	0.8	5	eflomal
ওলাই আহিব	H3318	hbo:3318	fertility	0.8	4	eflomal
ওলাই গ	G1831	grc:1831	fertility	0.8	9	eflomal
কাৰয সিদধ	H6213	hbo:6213	fertility	0.8	4	eflomal
গুচি যোৱা	H1980	hbo:1980	fertility	0.8	4	eflomal
ঘূৰি আহিব	H7725	hbo:7725	fertility	0.8	4	eflomal
তুলি লৈ	G0142	grc:142	fertility	0.8	4	eflomal
দমৰা গৰু	H6499	hbo:6499	fertility	0.8	4	eflomal
দুখন ফলি	H3871	hbo:3871	fertility	0.8	5	eflomal
দুৱাৰ বনধ	H5462	hbo:5462	fertility	0.8	4	eflomal
পশুৰ জাকবোৰ	H6629	hbo:6629	fertility	0.8	4	eflomal
পান পাতৰ ধৰোঁতা	H4945	hbo:4945	fertility	0.8	5	eflomal
বিচাৰ নিষপততি	H4941	hbo:4941	fertility	0.8	4	eflomal
বিচাৰি পোৱা	H4672	hbo:4672	fertility	0.8	4	eflomal
বিষযে জানিব	H3045	hbo:3045	fertility	0.8	4	eflomal
বিৰুদধে পাপ	H2398	hbo:2398	fertility	0.8	4	eflomal
মঙগল চোৱা	H7080	hbo:7080	fertility	0.8	4	eflomal
মাংসৰ বশত	G4561	grc:4561	fertility	0.8	5	eflomal
সতযতাত চলে	H6662	hbo:6662	fertility	0.8	4	eflomal
সনমুখৰ দুই	H0352	hbo:0352b	fertility	0.8	5	eflomal
সৰুৰ বৰলৈকে	H6996	hbo:6996a	fertility	0.8	4	eflomal
ৰূপৰ মুদৰা	G0694	grc:694	fertility	0.8	4	eflomal
ওচৰত থিয	G3936,G2186	grc:3936,grc:2186	phrasal	0.786	14	eflomal
এটি নিযম	H1285,H3772	hbo:1285,hbo:3772	phrasal	0.778	18	eflomal
কথালৈ কাণ	H8085,H0241	hbo:8085,hbo:0241	phrasal	0.778	9	eflomal
ধূপ জবলাবৰ	H6999,H7004	hbo:6999,hbo:7004	phrasal	0.778	9	eflomal
পাপাৰথক বলি	H2403	hbo:2403	fertility	0.778	17	eflomal
পৰাকৰম কাৰয	G1411,G4592	grc:1411,grc:4592	phrasal	0.778	9	eflomal
যীচুৱে ক লে	G3004	grc:3004	fertility	0.778	9	eflomal
সোধ বিচাৰৰ	G2920,G2917	grc:2920,grc:2917	phrasal	0.778	17	eflomal
হে পৰিয ভাই	G0080,G0027	grc:80,grc:27	phrasal	0.778	9	eflomal
পৰতিজনে নিজ	H0376	hbo:0376	fertility	0.769	13	eflomal
শণ সূতাৰ	H0906,H6593	hbo:0906,hbo:6593	phrasal	0.765	16	eflomal
অনুগৰহ পৰাপত	H2580	hbo:2580	fertility	0.75	3	eflomal
আচাৰ বযৱহাৰত	H1870	hbo:1870	fertility	0.75	3	eflomal
ইচছা পূৰ	G2307	grc:2307	fertility	0.75	3	eflomal
উৎসৱ পালন	H2287	hbo:2287	fertility	0.75	3	eflomal
এগৰাকী মহিলাৰ	G1135	grc:1135	fertility	0.75	3	eflomal
ওপৰলৈ উঠিল	G0305	grc:305	fertility	0.75	3	eflomal
ওলাই আহোঁতে	H3318	hbo:3318	fertility	0.75	4	eflomal
গাধত উঠি	H7392	hbo:7392	fertility	0.75	4	eflomal
গীত গোৱা	H7892,H7891	hbo:7892,hbo:7891	phrasal	0.75	11	eflomal
চৰণীযা ঠাইবোৰ	H4999	hbo:4999	fertility	0.75	3	eflomal
তৰোৱাল টাঙোন	G3162	grc:3162	fertility	0.75	3	eflomal
দবাৰাই পাপ	H2398	hbo:2398	fertility	0.75	4	eflomal
দহ ভাগৰ দুভাগ	H6241	hbo:6241	fertility	0.75	4	eflomal
নামি গ	H3381	hbo:3381	fertility	0.75	3	eflomal
নামি গৈ	H3381	hbo:3381	fertility	0.75	4	eflomal
নৈবেদয উৎসৰগ	H4503	hbo:4503	fertility	0.75	3	eflomal
পকষাঘাত ৰোগীজনক	G3885	grc:3885	fertility	0.75	3	eflomal
পবিতর সথান	H6944	hbo:6944	fertility	0.75	3	eflomal
পবিতৰ ঠাইবোৰত	H1116	hbo:1116	fertility	0.75	4	eflomal
পিনধা কাপোৰ	G2440	grc:2440	fertility	0.75	3	eflomal
পৰতিকাৰ সাধিম	H5360	hbo:5360	fertility	0.75	3	eflomal
পৰশংসা কৰক	H1984	hbo:1984a	fertility	0.75	3	eflomal
পৰিচাৰক সকলৰ	G4245	grc:4245	fertility	0.75	4	eflomal
পৰিমাণ জৰী	H6957	hbo:6957	fertility	0.75	3	eflomal
বসতু লুট	H0961	hbo:0961	fertility	0.75	3	eflomal
বারতা পঠাই	H7971	hbo:7971	fertility	0.75	3	eflomal
বিচাৰি পালোঁ	H4672	hbo:4672	fertility	0.75	3	eflomal
বীৰ পুৰুষ	H1368,H0376	hbo:1368,hbo:0376	phrasal	0.75	8	eflomal
বুলি গণয	H2803	hbo:2803	fertility	0.75	3	eflomal
বুলি জঞান	G3049	grc:3049	fertility	0.75	3	eflomal
বুলি পৰখযাত	G2564	grc:2564	fertility	0.75	3	eflomal
বৃদধ অৱসথাত	H7872	hbo:7872	fertility	0.75	4	eflomal
ভাযেক ককাযেক	H0251	hbo:0251	fertility	0.75	3	eflomal
ভোজনত বহা	G0345	grc:345	fertility	0.75	3	eflomal
ভোজৰ আযোজন	H4960	hbo:4960	fertility	0.75	3	eflomal
মাজেদি পাৰ	H5674	hbo:5674	fertility	0.75	3	eflomal
শাসনকৰততা নিযুকত	H6485	hbo:6485	fertility	0.75	4	eflomal
শুনিবলৈ অমানতি	H8085	hbo:8085	fertility	0.75	3	eflomal
সংখযা বৃদধি	H7235	hbo:7235	fertility	0.75	3	eflomal
সকলো কৰমৰ	H3605	hbo:3605	fertility	0.75	3	eflomal
সকলো ঠাইতে	G3650	grc:3650	fertility	0.75	3	eflomal
সাঁচত ঢালি	H4541	hbo:4541	fertility	0.75	3	eflomal
ৰাজতবৰ বছৰৰ	H8141	hbo:8141	fertility	0.75	3	eflomal
ষাঁড গৰু	H1241,H7794	hbo:1241,hbo:7794	phrasal	0.737	33	eflomal
শোধাই দিযা	G3860	grc:3860	fertility	0.733	11	eflomal
গোট গোট	H2219,H6327	hbo:2219,hbo:6327	phrasal	0.727	11	eflomal
চৰণীযা ঠাযেৰে	H4054	hbo:4054	fertility	0.719	32	eflomal
উততৰ নিদিলে	G0611	grc:611	fertility	0.714	5	eflomal
জুখি হাত	H0520,H4058	hbo:0520,hbo:4058	phrasal	0.714	7	eflomal
ধৰমত বৃদধি	G3619,G3618	grc:3619,grc:3618	phrasal	0.714	7	eflomal
পরবেশ দুৱাৰত	H6607	hbo:6607	fertility	0.714	6	eflomal
ফৰাৎ নদীৰ	H5104,H6578	hbo:5104,hbo:6578	phrasal	0.714	7	eflomal
মঙগলাৰথক বলিৰ	H8002	hbo:8002	fertility	0.714	6	eflomal
সনতান সকলৰ	H1121	hbo:1121	fertility	0.714	7	eflomal
ৰকষক সেনাপতিযে	H2876,H7227	hbo:2876,hbo:7227a	phrasal	0.714	7	eflomal
ওচৰলৈ আহি	G4334	grc:4334	fertility	0.706	24	eflomal
ক ব	G2046,G2980	grc:2046,grc:2980	phrasal	0.7	10	eflomal
কোৱা বাকয	H1697,H1696	hbo:1697,hbo:1696	phrasal	0.7	10	eflomal
মাটিত পৰি	G4098	grc:4098	fertility	0.7	7	eflomal
শযযা তুলি	G2895,G0142	grc:2895,grc:142	phrasal	0.7	10	eflomal
শুভবাৰতা পৰচাৰ	G2097,G2098	grc:2097,grc:2098	phrasal	0.7	10	eflomal
সৈনয সামনত	H2428,H4264	hbo:2428,hbo:4264	phrasal	0.688	15	eflomal
অনযাযৰ পৰতিকাৰ উদধাৰ	G1556	grc:1556	fertility	0.667	2	eflomal
আগত পৰকাশ	G0601,G1718	grc:601,grc:1718	phrasal	0.667	6	eflomal
আতমিক বৰৰ	G5486	grc:5486	fertility	0.667	2	eflomal
আননদ উললাস	H8057	hbo:8057	fertility	0.667	2	eflomal
ইলীচাই ক লে	H0559	hbo:0559	fertility	0.667	3	eflomal
উজুটি খোৱা	H3782	hbo:3782	fertility	0.667	2	eflomal
উততৰ দিযে	H6030	hbo:6030	fertility	0.667	3	eflomal
উলিযাই যাম	H7324	hbo:7324a	fertility	0.667	3	eflomal
এইসকল লোকেই	H0428	hbo:0428	fertility	0.667	3	eflomal
এগৰাকী মহিলা	G1135	grc:1135	fertility	0.667	2	eflomal
এজনী চেঁউৰী	H5697,H5347	hbo:5697,hbo:5347	phrasal	0.667	6	eflomal
ওচৰলৈ বেগাই	G4370	grc:4370	fertility	0.667	2	eflomal
ওচৰলৈ লৈ	G5342	grc:5342	fertility	0.667	2	eflomal
ওলাই অহা	H3318,H5927	hbo:3318,hbo:5927	phrasal	0.667	6	eflomal
ক লে হে	G3004	grc:3004	fertility	0.667	6	eflomal
কাঁইটীযা বন	H8068	hbo:8068	fertility	0.667	2	eflomal
কারয কৰিলে	H6213	hbo:6213	fertility	0.667	2	eflomal
কৈছে তুমি	G3004	grc:3004	fertility	0.667	2	eflomal
কোনো পুৰুষে	H0376	hbo:0376	fertility	0.667	3	eflomal
কোনো পৰকাৰৰ	H3605	hbo:3605	fertility	0.667	3	eflomal
কোনোৱে সৰু	G5013	grc:5013	fertility	0.667	3	eflomal
কোৱা ক	G3004	grc:3004	fertility	0.667	2	eflomal
খেদি খেদি	H7291	hbo:7291	fertility	0.667	2	eflomal
গরভত জনম	H3205	hbo:3205	fertility	0.667	2	eflomal
গৰবব আচৰণ	H2102	hbo:2102	fertility	0.667	2	eflomal
চূৰীচদদযৰ চলমীযেল	H8017	hbo:8017	fertility	0.667	3	eflomal
ছোৱালী জনীৰ	G3813	grc:3813	fertility	0.667	2	eflomal
জঞান পরজঞা	H2452	hbo:2452	fertility	0.667	2	eflomal
জীযাই জীযাই	H2416	hbo:2416	fertility	0.667	4	eflomal
ঠাটটা বিদৰূপ	G1702	grc:1702	fertility	0.667	2	eflomal
তমবু তৰিব	H2583	hbo:2583	fertility	0.667	2	eflomal
দকষিণ দিশৰ	H5045	hbo:5045	fertility	0.667	3	eflomal
ধবংসৰ সতূপ	H5856	hbo:5856	fertility	0.667	2	eflomal
নবুজৰদান সেনাপতিযে	H5018	hbo:5018	fertility	0.667	3	eflomal
নাডী ভুৰু	H7130	hbo:7130	fertility	0.667	5	eflomal
নামি আহা	G2597	grc:2597	fertility	0.667	2	eflomal
নিজ বংশ অনুসাৰে	H4940	hbo:4940	fertility	0.667	3	eflomal
নিজে নিজে	G0844	grc:844	fertility	0.667	2	eflomal
নিযম কৰিম	G1242	grc:1242	fertility	0.667	2	eflomal
পকষে উততৰ	G0626,G0627	grc:626,grc:627	phrasal	0.667	6	eflomal
পরিয ভাই	G0080	grc:80	fertility	0.667	2	eflomal
পশুৰ জাকৰ	H6629	hbo:6629	fertility	0.667	2	eflomal
পানী পান	H8354	hbo:8354	fertility	0.667	2	eflomal
পালন কৰিম	H6213	hbo:6213	fertility	0.667	2	eflomal
পুতি থোৱা	H2934	hbo:2934	fertility	0.667	2	eflomal
পুতেক চিমোন	G4613	grc:4613	fertility	0.667	3	eflomal
পুসতকত লিখা	H3789	hbo:3789	fertility	0.667	2	eflomal
পূব ফালৰ	H6921,H4217	hbo:6921,hbo:4217	phrasal	0.667	6	eflomal
পৰথমে পকা	H1061	hbo:1061	fertility	0.667	2	eflomal
পৰধান সেনাপতি	H8269	hbo:8269	fertility	0.667	3	eflomal
পৰাণ তযাগ	G1634	grc:1634	fertility	0.667	2	eflomal
বংশৰ সনতান	H1121	hbo:1121	fertility	0.667	2	eflomal
বনদী কাম	H4522,H5647	hbo:4522,hbo:5647	phrasal	0.667	6	eflomal
বনদী লৈ	H7617	hbo:7617	fertility	0.667	2	eflomal
বনদীশালত বনদী	G5438	grc:5438	fertility	0.667	2	eflomal
বনৰীযা জনতু	H2416	hbo:2416c	fertility	0.667	3	eflomal
বযৱহাৰ কৰিলে	H6213	hbo:6213	fertility	0.667	2	eflomal
বলেৰে কাঢি	H1497	hbo:1497	fertility	0.667	2	eflomal
বসতু পবিতৰ	H6944	hbo:6944	fertility	0.667	3	eflomal
বাকয পৰচাৰ	H1696	hbo:1696	fertility	0.667	3	eflomal
বাহিৰ আনিলে	H3318	hbo:3318	fertility	0.667	2	eflomal
বাহিৰলৈ আহিল	G1831	grc:1831	fertility	0.667	2	eflomal
বিষযে কোৱা	H5046	hbo:5046	fertility	0.667	2	eflomal
বিষযে নাজানে	G1492	grc:1492	fertility	0.667	6	eflomal
বুদধিমান জঞানী	H2450	hbo:2450	fertility	0.667	2	eflomal
বুলি কৈ	G3004	grc:3004	fertility	0.667	4	eflomal
বৰষুণ বৰষাব	H4306	hbo:4306	fertility	0.667	3	eflomal
ভাঙি পেলাবা	H7665	hbo:7665	fertility	0.667	2	eflomal
ভাবী বংশৰ	H1755	hbo:1755	fertility	0.667	2	eflomal
ভেঁটি সথাপন	G2310	grc:2310	fertility	0.667	2	eflomal
মিহি শণ সূতাৰে	H8336	hbo:8336	fertility	0.667	2	eflomal
মূৰৰ লাউখোলা	G2898	grc:2898	fertility	0.667	2	eflomal
মেৰ ছাগলী	H6629,H7716	hbo:6629,hbo:7716	phrasal	0.667	6	eflomal
মৰা শৱ	H6297,H5038	hbo:6297,hbo:5038	phrasal	0.667	6	eflomal
মৰোঁ মৰোঁ	G0599	grc:599	fertility	0.667	2	eflomal
যাওঁতে যাওঁতে	G2597	grc:2597	fertility	0.667	2	eflomal
যুদধলৈ সাজু	H2502	hbo:2502a	fertility	0.667	2	eflomal
যুবা সিংহ	H3715	hbo:3715	fertility	0.667	2	eflomal
যোগয পাতৰ	G4921	grc:4921	fertility	0.667	2	eflomal
যৰদদন নদীত	H3383	hbo:3383	fertility	0.667	2	eflomal
সকলো বসতুৰ	H3605	hbo:3605	fertility	0.667	6	eflomal
সুধিলে তুমি	G3004	grc:3004	fertility	0.667	3	eflomal
সৈনয বাহিনীৰ	H6635	hbo:6635	fertility	0.667	2	eflomal
সোণৰ অলঙকাৰ	H2091	hbo:2091	fertility	0.667	2	eflomal
সোধা সুধি	G4802	grc:4802	fertility	0.667	3	eflomal
হাজাৰ হাজাৰ	H0505	hbo:0505a	fertility	0.667	2	eflomal
হাতী দাঁতৰ	H8127	hbo:8127	fertility	0.667	2	eflomal
হাতৰ হাত	H3027	hbo:3027	fertility	0.667	2	eflomal
হিযা ভুকুৱাই	G2875	grc:2875	fertility	0.667	2	eflomal
হে পৰিয সনতানসকল	G5040	grc:5040	fertility	0.667	2	eflomal
হোৰেব পাহাৰত	H2722	hbo:2722	fertility	0.667	2	eflomal
ভাঙি পেলালে	H5422,H2040,H7665	hbo:5422,hbo:2040,hbo:7665	phrasal	0.65	20	eflomal
মেৰ ছাগৰ	H6629,H0352	hbo:6629,hbo:0352	phrasal	0.645	26	eflomal
পবিতৰ সথান	H6944,H4720	hbo:6944,hbo:4720	phrasal	0.636	11	eflomal
বুজ বিচাৰ	H7270,H2713	hbo:7270,hbo:2713	phrasal	0.636	9	eflomal
মন পালটন	G3340,G3341	grc:3340,grc:3341	phrasal	0.636	33	eflomal
নিযম পৰণালী	H4941,H2708	hbo:4941,hbo:2708	phrasal	0.625	8	eflomal
পৰ দি	G1127,G0069	grc:1127,grc:69	phrasal	0.625	8	eflomal
বুলি কয	G3004	grc:3004	fertility	0.625	5	eflomal
শোধাই দিলে	G3860	grc:3860	fertility	0.625	5	eflomal
হাত দীঘল	H0520,H0753	hbo:0520,hbo:0753	phrasal	0.615	26	eflomal
উততৰ দি	G0611	grc:611	fertility	0.613	106	eflomal
অপবাদ দিছে	G2723,G1458	grc:2723,grc:1458	phrasal	0.6	5	eflomal
ইনদৰিয দমন	G1466,G1467	grc:1466,grc:1467	phrasal	0.6	5	eflomal
ওচৰলৈ গৈ	G4334	grc:4334	fertility	0.6	3	eflomal
ওপৰত পৰভুতব	G2961,G2634	grc:2961,grc:2634	phrasal	0.6	5	eflomal
কঁকাল বানধি	G2224	grc:2224	fertility	0.6	3	eflomal
কটা পৰতিমা	H6459,H6456	hbo:6459,hbo:6456	phrasal	0.6	5	eflomal
গোট খুৱালে	H6908,H6950	hbo:6908,hbo:6950	phrasal	0.6	5	eflomal
নাৱত উঠি	G4143,G1684	grc:4143,grc:1684	phrasal	0.6	5	eflomal
নিঃশেষে সংহাৰ	H2763,H3617	hbo:2763,hbo:3617	phrasal	0.6	5	eflomal
মতা মেৰ ছাগ	H0352	hbo:0352	fertility	0.6	4	eflomal
মিছা সাকষয	G5576,G5577	grc:5576,grc:5577	phrasal	0.6	5	eflomal
মেৰ ছাগৰ জাকৰ	H6629,H5739	hbo:6629,hbo:5739	phrasal	0.6	10	eflomal
যেতিযা আহিল	H0935	hbo:0935	fertility	0.6	4	eflomal
লোক সকলে	G3793,G3956	grc:3793,grc:3956	phrasal	0.6	5	eflomal
শিকষা দিযে	H3256,H3384	hbo:3256,hbo:3384b	phrasal	0.6	5	eflomal
সথাপন কৰিম	H7760	hbo:7760	fertility	0.6	3	eflomal
সথিৰ হৈ	G2476	grc:2476	fertility	0.6	3	eflomal
ৰাজতব বছৰত	H8141	hbo:8141	fertility	0.6	5	eflomal
এই এই	H0428,H2063	hbo:0428,hbo:2063	phrasal	0.571	6	eflomal
দিনে দিনে	G2250	grc:2250	fertility	0.571	4	eflomal
দেখা পালে	G2147	grc:2147	fertility	0.571	4	eflomal
পান পাতৰ	H3563,H4945	hbo:3563,hbo:4945	phrasal	0.571	10	eflomal
বিচাৰি পালে	G2147	grc:2147	fertility	0.571	4	eflomal
বিনযামীন ফৈদৰ	G5443	grc:5443	fertility	0.571	4	eflomal
বিসময মানিলে	G2296,G1839	grc:2296,grc:1839	phrasal	0.565	22	eflomal
মেৰ ছাগ	H6629,H0352,H7716	hbo:6629,hbo:0352,hbo:7716	phrasal	0.565	59	eflomal
মেৰ পোৱালি	G0721,G0286	grc:721,grc:286	phrasal	0.565	16	eflomal
জীৱন যাপন	G4043,G2198	grc:4043,grc:2198	phrasal	0.562	15	eflomal
বনদী অৱসথালৈ	H7628,H1473	hbo:7628,hbo:1473	phrasal	0.562	14	eflomal
সাঁচত ঢলা	H4541,H5262,H3332	hbo:4541,hbo:5262a,hbo:3332	phrasal	0.562	16	eflomal
নিজ নিজ	G2398,G1538	grc:2398,grc:1538	phrasal	0.55	14	eflomal
এগৰাকী মহিলাই	G1135	grc:1135	fertility	0.545	6	eflomal
ৰাতিপুৱাতে উঠি	H7925,H1242	hbo:7925,hbo:1242	phrasal	0.545	11	eflomal
সাকষয দিছে	G3140	grc:3140	fertility	0.539	7	eflomal
পুতর পুতর	H1121	hbo:1121	fertility	0.538	12	eflomal
অদুললমীযা হীৰা	H2437	hbo:2437	fertility	0.5	2	eflomal
অনধই অনধক	G5185	grc:5185	fertility	0.5	2	eflomal
অসাৰ অসাৰ	H1892	hbo:1892	fertility	0.5	2	eflomal
আটাহ পাৰি	G2896,G2905,G0349	grc:2896,grc:2905,grc:349	phrasal	0.5	15	eflomal
আযুসৰ কালত	H3117	hbo:3117	fertility	0.5	8	eflomal
উততৰত ক	H0559	hbo:0559	fertility	0.5	2	eflomal
এওঁলোক বিশৰামত	G2663	grc:2663	fertility	0.5	2	eflomal
এচপৰা মেঘে	G3507	grc:3507	fertility	0.5	2	eflomal
এজনী এবছৰীযা	H1323	hbo:1323	fertility	0.5	2	eflomal
এজনী তিৰোতা	G1135	grc:1135	fertility	0.5	2	eflomal
ওক গছৰ	H0424,H0437	hbo:0424,hbo:0437	phrasal	0.5	4	eflomal
ওচৰ চাপি	H7126,H5066	hbo:7126,hbo:5066	phrasal	0.5	20	eflomal
ঔৰসত জনমা	H4578	hbo:4578	fertility	0.5	3	eflomal
ক লা	H7838,H1696	hbo:7838,hbo:1696	phrasal	0.5	9	eflomal
ক লোঁ	H0559,H1696	hbo:0559,hbo:1696	phrasal	0.5	24	eflomal
ককালতকৈযো ডাঙৰ	H4975	hbo:4975	fertility	0.5	2	eflomal
কথা জনালে	H5046,H1697	hbo:5046,hbo:1697	phrasal	0.5	5	eflomal
কষতিপূৰণ দিব নালাগিব	H7999	hbo:7999	fertility	0.5	2	eflomal
কাপোৰৰ আঁচল	H3671,H7757	hbo:3671,hbo:7757	phrasal	0.5	4	eflomal
কিছু সমযৰ	G3398	grc:3398	fertility	0.5	2	eflomal
কুচন ৰিচাথযিমৰ	H3573	hbo:3573	fertility	0.5	2	eflomal
কৈছিল বোলে	G3004	grc:3004	fertility	0.5	3	eflomal
কোনো নাই	G3762	grc:3762	fertility	0.5	2	eflomal
কোনো পুৰুষ	H0376	hbo:0376	fertility	0.5	2	eflomal
কোনোৱে গৰহণ	G1209	grc:1209	fertility	0.5	2	eflomal
কোৱা এই	H0559	hbo:0559	fertility	0.5	2	eflomal
কৰিব নোৱাৰা	G1410	grc:1410	fertility	0.5	2	eflomal
কৰিব সেই	G3195	grc:3195	fertility	0.5	2	eflomal
গাতত পৰিব	H6354	hbo:6354	fertility	0.5	2	eflomal
গুচি যাবৰ	H5927	hbo:5927	fertility	0.5	2	eflomal
গোট খোৱালে	H0622,H6908	hbo:0622,hbo:6908	phrasal	0.5	4	eflomal
গোষঠী অনুসাৰে	H4940	hbo:4940	fertility	0.5	2	eflomal
গৰুৱে যদি	H5055	hbo:5055	fertility	0.5	2	eflomal
ঘোৰ অনধকাৰে	H0652,H6205	hbo:0652,hbo:6205	phrasal	0.5	4	eflomal
চৰণীযা ঠাই	H4829,H4830	hbo:4829,hbo:4830	phrasal	0.5	5	eflomal
জুইত পুৰি ভসম	H8313	hbo:8313	fertility	0.5	2	eflomal
জুইৰে পোৰা	H0784	hbo:0784	fertility	0.5	2	eflomal
ডিমৰু গছৰ	G4808	grc:4808	fertility	0.5	5	eflomal
তূৰী বজাবলৈ	G4537	grc:4537	fertility	0.5	2	eflomal
তূৰী বজালে	H8628	hbo:8628	fertility	0.5	2	eflomal
তেওঁৰ গাত আছে	G2192	grc:2192	fertility	0.5	2	eflomal
তেতিযা উততৰ	H6030,H0559	hbo:6030,hbo:0559	phrasal	0.5	5	eflomal
দরাকষাৰস পান	G4095	grc:4095	fertility	0.5	2	eflomal
দহ ভাগৰ এভাগ আটাগুডি	H6241	hbo:6241	fertility	0.5	2	eflomal
দাসতবৰ বনধনগৃহৰ	H1004	hbo:1004	fertility	0.5	2	eflomal
দিনা কাম	H4399	hbo:4399	fertility	0.5	2	eflomal
দিনৰে আজিলৈকে	H3117	hbo:3117	fertility	0.5	2	eflomal
দৃঢ পৰতযয	G3982,G4006	grc:3982,grc:4006	phrasal	0.5	4	eflomal
দেখা পালোঁ	G2147	grc:2147	fertility	0.5	2	eflomal
দোদযৰ ইলিযাজ	H1734	hbo:1734	fertility	0.5	2	eflomal
দোদৰ ইলহানন	H1734	hbo:1734	fertility	0.5	2	eflomal
দৰাকষাৰস পান	H3196,H8354	hbo:3196,hbo:8354	phrasal	0.5	4	eflomal
ধৰিবলৈ চেষটা	H7469,H7475	hbo:7469,hbo:7475	phrasal	0.5	4	eflomal
নাজানো জানে	G1492	grc:1492	fertility	0.5	2	eflomal
নানা চিন	H0226	hbo:0226	fertility	0.5	2	eflomal
নিজকে শুচি	H2135,H6942	hbo:2135,hbo:6942	phrasal	0.5	4	eflomal
নিজম দি	G4601	grc:4601	fertility	0.5	4	eflomal
নিদিলেহেঁতেন ইযাক	G1358	grc:1358	fertility	0.5	2	eflomal
নিযম চুকতি	H1285	hbo:1285	fertility	0.5	2	eflomal
নিৰুৎসাহ বা	H2865	hbo:2865	fertility	0.5	2	eflomal
নিৰূপিত সময	G2540	grc:2540	fertility	0.5	2	eflomal
পকষে ভাল	G2570,G4851	grc:2570,grc:4851	phrasal	0.5	4	eflomal
পকোৱা শণ	H7806	hbo:7806	fertility	0.5	2	eflomal
পবিতৰ সথানত	H4720,H6944	hbo:4720,hbo:6944	phrasal	0.5	6	eflomal
পশুৰ জাক	H4735,H5739	hbo:4735,hbo:5739	phrasal	0.5	5	eflomal
পাঁচনি পদ	G0651,G0652	grc:651,grc:652	phrasal	0.5	4	eflomal
পানী খাব	H8354	hbo:8354	fertility	0.5	2	eflomal
পানী খাবলৈ	H8248	hbo:8248	fertility	0.5	3	eflomal
পুতর বংশধৰ	H1121	hbo:1121	fertility	0.5	2	eflomal
পুৰুষ সতৰীযে	H0802	hbo:0802	fertility	0.5	2	eflomal
পৰচৰচচাকাৰীৰ সুসবাদু আহাৰৰ	H5372	hbo:5372	fertility	0.5	2	eflomal
পৰতযেক মাহৰ	H2320	hbo:2320	fertility	0.5	2	eflomal
পৰতিকাৰ সাধিব	H5358	hbo:5358	fertility	0.5	2	eflomal
পৰতিদান দিব	G0591	grc:591	fertility	0.5	2	eflomal
পৰাৰথনাৰে ছদমবেশ	G4392	grc:4392	fertility	0.5	2	eflomal
বংশৰ অধিপতি	H0441	hbo:0441	fertility	0.5	2	eflomal
বনদী কামৰ	H4522	hbo:4522	fertility	0.5	2	eflomal
বনৰীযা জনতুক	H2416	hbo:2416c	fertility	0.5	2	eflomal
বনৰীযা জনতুৰ	G2342	grc:2342	fertility	0.5	2	eflomal
বলি মঙগলাৰথক বলি	H2077	hbo:2077	fertility	0.5	2	eflomal
বাকয পালন	H8085	hbo:8085	fertility	0.5	2	eflomal
বাট চাই	G0553,G1551	grc:553,grc:1551	phrasal	0.5	5	eflomal
বাঢি বাঢি	H7235	hbo:7235	fertility	0.5	3	eflomal
বিধানৰ বিধানৰ	G3551	grc:3551	fertility	0.5	2	eflomal
বিষযে আপোনালোকে	G1492	grc:1492	fertility	0.5	2	eflomal
বিষযে নাজানো	G1492	grc:1492	fertility	0.5	2	eflomal
বিসময মানি	G2296,G1839,G1605	grc:2296,grc:1839,grc:1605	phrasal	0.5	12	eflomal
বুঢা আঙুলিত	H3233	hbo:3233	fertility	0.5	2	eflomal
বেহা বেপাৰ	H5503	hbo:5503	fertility	0.5	2	eflomal
বৎচেবাই ক	H0559	hbo:0559	fertility	0.5	2	eflomal
ভাঙি পেলোৱা	G1575	grc:1575	fertility	0.5	2	eflomal
ভোজনত বহিল	G0377	grc:377	fertility	0.5	2	eflomal
মঙগল চায	H7081	hbo:7081	fertility	0.5	2	eflomal
মহলী মুচী	H4187,H4249	hbo:4187,hbo:4249	phrasal	0.5	4	eflomal
মহিলা গৰাকী	G1135	grc:1135	fertility	0.5	4	eflomal
মাইকী মেৰ	H3535	hbo:3535	fertility	0.5	2	eflomal
মাজেদি গ	G1330	grc:1330	fertility	0.5	2	eflomal
মাজেদি যাবলৈ অনুমতি	H5674	hbo:5674	fertility	0.5	2	eflomal
মানুহ বধীক	H7523	hbo:7523	fertility	0.5	2	eflomal
মানুহৰ কাৰয	H4639	hbo:4639	fertility	0.5	2	eflomal
মাহৰ দিনা	H2320	hbo:2320	fertility	0.5	2	eflomal
মাৰি পঠোৱা	H3384	hbo:3384	fertility	0.5	2	eflomal
যোৱা গৈ	G5217	grc:5217	fertility	0.5	2	eflomal
শবদ শুনা	H6963,H8085	hbo:6963,hbo:8085	phrasal	0.5	5	eflomal
শসয দোৱা	H7105,H7114	hbo:7105,hbo:7114	phrasal	0.5	5	eflomal
শিকলিৰে বনধা	H0631	hbo:0631	fertility	0.5	2	eflomal
শুদধ পৰিষকাৰ	G2513	grc:2513	fertility	0.5	2	eflomal
শোধাই দিছিল	G3860	grc:3860	fertility	0.5	2	eflomal
ষাঁড গৰুৰ	H1241,H7794	hbo:1241,hbo:7794	phrasal	0.5	4	eflomal
সংখযাত অধিক	H7227	hbo:7227	fertility	0.5	3	eflomal
সকলো বিষযৰ	H3605	hbo:3605	fertility	0.5	2	eflomal
সঙকলপ সিদধ	H5087,H5088	hbo:5087,hbo:5088	phrasal	0.5	4	eflomal
সমৰপণ দিম	H5414	hbo:5414	fertility	0.5	2	eflomal
সহাযৰ পৰাৰথনা	H7592	hbo:7592	fertility	0.5	2	eflomal
সোমাই গৈ	H0935	hbo:0935	fertility	0.5	4	eflomal
হাতত সমৰপণ	H3027,H5462	hbo:3027,hbo:5462	phrasal	0.5	6	eflomal
ৰকষা পোৱা	H6412,H6413	hbo:6412,hbo:6413	phrasal	0.5	8	eflomal
ৰকষী সৈনযদল	H5333	hbo:5333	fertility	0.5	2	eflomal
ৰাজতব কালত	H3117	hbo:3117	fertility	0.5	2	eflomal
বলি উৎসৰগ	H2076,H2077,H5930	hbo:2076,hbo:2077,hbo:5930	phrasal	0.455	11	eflomal
গডেৰে আবৃত	H1208,H4013	hbo:1208,hbo:4013	phrasal	0.454	30	eflomal
বিবেচনা শকতি	H0998,H8394,H0995	hbo:0998,hbo:8394,hbo:0995	phrasal	0.454	11	eflomal
বগাই ফুৰা	H7431,H8318	hbo:7431,hbo:8318	phrasal	0.444	7	eflomal
বিদৰোহ আচৰণ	H4775,H4784,H6586	hbo:4775,hbo:4784,hbo:6586	phrasal	0.444	9	eflomal
বুলি কোৱা	G3004,G2564	grc:3004,grc:2564	phrasal	0.444	11	eflomal
মিচৰ দেশত	G0125	grc:125	fertility	0.444	4	eflomal
ল ৰাটি	H3206,H1121	hbo:3206,hbo:1121	phrasal	0.444	9	eflomal
ধন সমপততি	H2428,H7399	hbo:2428,hbo:7399	phrasal	0.435	14	eflomal
আচাৰ বযৱহাৰৰ	G0391	grc:391	fertility	0.429	3	eflomal
পৰবব পালন	H6213,H2282	hbo:6213,hbo:2282	phrasal	0.429	7	eflomal
বিচাৰ নিসপততি	H4941,H8199	hbo:4941,hbo:8199	phrasal	0.429	7	eflomal
বিষযে জানে	G1492	grc:1492	fertility	0.429	3	eflomal
বুলি গণিত	G3049	grc:3049	fertility	0.429	3	eflomal
বুলি মতা	G2564	grc:2564	fertility	0.429	3	eflomal
মেৰ ছাগ পোৱালি	H3532,H7716,H3733	hbo:3532,hbo:7716,hbo:3733	phrasal	0.429	13	eflomal
শিল দলিযাই	H5619,H7275	hbo:5619,hbo:7275	phrasal	0.429	8	eflomal
ওলাই আহিল	G1831	grc:1831	fertility	0.417	5	eflomal
নৰ বধ	G5407,G5408	grc:5407,grc:5408	phrasal	0.417	8	eflomal
কথা কোৱা	H1696,H0559	hbo:1696,hbo:0559	phrasal	0.4	17	eflomal
দণডৰ পাতৰ	G1777,G2917	grc:1777,grc:2917	phrasal	0.4	4	eflomal
নাচি নাচি	H4234,H4246	hbo:4234,hbo:4246	phrasal	0.4	4	eflomal
বিষযে নাজানা	G1492	grc:1492	fertility	0.4	2	eflomal
মোহৰ মৰা	G4972	grc:4972	fertility	0.4	2	eflomal
গ ল	G0565,G1831	grc:565,grc:1831	phrasal	0.391	12	eflomal
বুলি ক	G3004	grc:3004	fertility	0.385	5	eflomal
ল ৰা	H1121,H2945,H5288	hbo:1121,hbo:2945,hbo:5288	phrasal	0.375	8	eflomal
শসয উৎপনন	H8393,H6529	hbo:8393,hbo:6529	phrasal	0.375	5	eflomal
ফল উৎপনন	G2590,G2592	grc:2590,grc:2592	phrasal	0.357	10	eflomal
আতমা আতমা	H7307	hbo:7307	fertility	0.333	2	eflomal
উততম উততম	H2898,H2896,H4022,H4315	hbo:2898,hbo:2896,hbo:4022,hbo:4315	phrasal	0.333	10	eflomal
ওচৰ চাপিছে	H0935,H7138	hbo:0935,hbo:7138	phrasal	0.333	4	eflomal
গুচি গ	G0565	grc:565	fertility	0.333	8	eflomal
জাতিৰ জাতি	G1484	grc:1484	fertility	0.333	2	eflomal
জীৱিত পৰাণী	G2226	grc:2226	fertility	0.333	2	eflomal
জেবহ চলমুননা	H6759	hbo:6759	fertility	0.333	2	eflomal
ডিমৰু গছত	H8384	hbo:8384	fertility	0.333	2	eflomal
তাকে কৰিলে	H6213	hbo:6213	fertility	0.333	3	eflomal
দহ ভাগৰ এভাগ	G1181	grc:1181	fertility	0.333	2	eflomal
পুৰুষে পুৰুষে	G3862	grc:3862	fertility	0.333	2	eflomal
পুৰোহিতৰ পুৰোহিত	H3548	hbo:3548	fertility	0.333	2	eflomal
পুৱাতে উঠি	H7925	hbo:7925	fertility	0.333	2	eflomal
পৰতিফল দিব	G0591	grc:591	fertility	0.333	2	eflomal
বাকয বাকয	G3056	grc:3056	fertility	0.333	3	eflomal
বাকযলৈ কাণ	H6963,H8085	hbo:6963,hbo:8085	phrasal	0.333	6	eflomal
মঙগলাৰথক বলি	H2077	hbo:2077	fertility	0.333	3	eflomal
মতা ছাগলী	H5795,H6260	hbo:5795,hbo:6260	phrasal	0.333	27	eflomal
মিছা কথাৰে	H8267	hbo:8267	fertility	0.333	2	eflomal
সথাপন কৰিলে	H7760	hbo:7760	fertility	0.333	3	eflomal
সৰববসব বেচি	G4453	grc:4453	fertility	0.333	2	eflomal
মনে মনে	H2790,H2814	hbo:2790a,hbo:2814	phrasal	0.318	12	eflomal
বসতৰ পিনধা	G2066	grc:2066	fertility	0.308	4	eflomal
গোট খালে	H6908,H6950,H0622	hbo:6908,hbo:6950,hbo:0622	phrasal	0.3	24	eflomal
যৰদদন নদীৰ	G2446	grc:2446	fertility	0.3	6	eflomal
কঁপি কঁপি	G4363	grc:4363	fertility	0.286	2	eflomal
খোৱা বোৱা	H0398	hbo:0398	fertility	0.286	5	eflomal
চেকল জোখৰ	H8255,H4392	hbo:8255,hbo:4392	phrasal	0.286	7	eflomal
পুসতকখনত লিখা	H3789	hbo:3789	fertility	0.286	6	eflomal
বেলি মাৰ	G2246	grc:2246	fertility	0.286	2	eflomal
সকলোতকৈ সৰু	G1646	grc:1646	fertility	0.286	2	eflomal
ৰঙা বৰণীযা	H8438,H8144	hbo:8438,hbo:8144	phrasal	0.286	7	eflomal
হাতত শোধাই	H3027,H5462	hbo:3027,hbo:5462	phrasal	0.278	8	eflomal
কোৱা কথা	H0559,H1696,H1697	hbo:0559,hbo:1696,hbo:1697	phrasal	0.273	9	eflomal
পুৰি পেলাব	G2618	grc:2618	fertility	0.273	3	eflomal
বাহিৰ ওলাই	G1831	grc:1831	fertility	0.261	6	eflomal
আচাৰ বযৱহাৰ	G0391	grc:391	fertility	0.25	2	eflomal
ইলকানাৰ পুতর	H1121	hbo:1121	fertility	0.25	4	eflomal
উলিযাই অনা	H5337	hbo:5337	fertility	0.25	2	eflomal
চুমা খালে	G2705	grc:2705	fertility	0.25	4	eflomal
ডোখৰ ডোখৰ	G1288	grc:1288	fertility	0.25	2	eflomal
দুৱাৰ খুলি	G2374	grc:2374	fertility	0.25	2	eflomal
পৰচণড কৰোধ	H0639	hbo:0639	fertility	0.25	2	eflomal
মিচৰ দেশলৈ	G0125	grc:125	fertility	0.25	5	eflomal
সকলো সকলো	H3605	hbo:3605	fertility	0.25	6	eflomal
সুগনধি দৰবয	G0759	grc:759	fertility	0.25	3	eflomal
পুতৰ সনতান	G5207	grc:5207	fertility	0.222	2	eflomal
বেঙেনা বৰণীযা	G4209	grc:4209	fertility	0.222	2	eflomal
সথানৰ চেকল	H8255	hbo:8255	fertility	0.222	9	eflomal
আজঞা অনুসাৰে	H6310	hbo:6310	fertility	0.2	4	eflomal
কানদি কানদি	G2799,G2896	grc:2799,grc:2896	phrasal	0.2	6	eflomal
বসতৰ পিনধি	G4749	grc:4749	fertility	0.2	2	eflomal
বাহিৰলৈ ওলাই	G1831	grc:1831	fertility	0.182	8	eflomal
ক ম	H0559,H1696	hbo:0559,hbo:1696	phrasal	0.176	8	eflomal
তেতিযা ক	G3004	grc:3004	fertility	0.167	2	eflomal
দিনৰ দিনা	G2250	grc:2250	fertility	0.167	2	eflomal
যাবলৈ এৰি	G0630	grc:630	fertility	0.167	2	eflomal
নযায বিচাৰ	G2920	grc:2920	fertility	0.147	5	eflomal
যুগে যুগে	G0165	grc:165	fertility	0.143	2	eflomal
জীযাই থাকিব	G2198	grc:2198	fertility	0.132	5	eflomal
ঈশবৰ ঈশবৰ	G2316	grc:2316	fertility	0.071	3	eflomal
অনতৰজবালাৰে জবলিছোঁ	H7068	hbo:7068	fertility	0.0	2	eflomal
অননত কালৰ	G0165	grc:165	fertility	0.0	2	eflomal
অনযানয সকলো	H1697	hbo:1697	fertility	0.0	4	eflomal
অবেদ নেগো	H5665	hbo:5665	fertility	0.0	2	eflomal
অবেদ নেগোক	H5665	hbo:5665	fertility	0.0	2	eflomal
অমমীনাদবৰ নহচোন	H5177	hbo:5177	fertility	0.0	3	eflomal
অযাৰ ৰিসপাই	H7532	hbo:7532	fertility	0.0	2	eflomal
অৱসথালৈ গ	H1980	hbo:1980	fertility	0.0	2	eflomal
অৱসথালৈ যাব	H1980	hbo:1980	fertility	0.0	4	eflomal
আকৃতিৰে বাটি	H1375	hbo:1375	fertility	0.0	2	eflomal
আকৰণৰ পগীযেল	H5918	hbo:5918	fertility	0.0	3	eflomal
আচৰিত কারয	G4160	grc:4160	fertility	0.0	2	eflomal
ইজনে সিজনক	H0376	hbo:0376	fertility	0.0	5	eflomal
ইতিহাস লিখা	H3789	hbo:3789	fertility	0.0	12	eflomal
ইযালৈ আহক	H5493	hbo:5493	fertility	0.0	2	eflomal
ঈৰষা বিৰোধ	G2052	grc:2052	fertility	0.0	4	eflomal
উততম কাৰযবোৰ	H2617	hbo:2617	fertility	0.0	2	eflomal
উদদেশযে সুঘৰাণৰ	H5207	hbo:5207	fertility	0.0	4	eflomal
উপহাৰ উৎসৰগ	H7126	hbo:7126	fertility	0.0	4	eflomal
উৎসৰগ কৰিব	H6213	hbo:6213	fertility	0.0	2	eflomal
এই কথা কৈছে	H0559	hbo:0559	fertility	0.0	6	eflomal
এইদৰে কৈছে	H0559	hbo:0559	fertility	0.0	2	eflomal
এটাকৈ সপোন	H2472	hbo:2472	fertility	0.0	2	eflomal
এবছৰীযা মেৰ পোৱালি আনিছিল	H3532	hbo:3532	fertility	0.0	4	eflomal
এভাগ বেচিকৈ	H3254	hbo:3254	fertility	0.0	2	eflomal
এভাগ বেছিকৈ	H3254	hbo:3254	fertility	0.0	2	eflomal
ওচৰলৈ আহিছিল	H0935	hbo:0935	fertility	0.0	2	eflomal
ওচৰলৈ নাহিব	H7126	hbo:7126	fertility	0.0	2	eflomal
ওপজাৰে পৰা	G1080	grc:1080	fertility	0.0	2	eflomal
ওপৰত উঠিবলৈ	H4608	hbo:4608	fertility	0.0	2	eflomal
কহাৎ মৰাৰী	H4847	hbo:4847	fertility	0.0	4	eflomal
কাৰয শুধৰোৱা	H4611	hbo:4611	fertility	0.0	2	eflomal
কাৰযৰ যোগয	H6743	hbo:6743	fertility	0.0	2	eflomal
কাৰেহৰ যোহাননক	H3110	hbo:3110	fertility	0.0	3	eflomal
কাৰেহৰ যোহাননে	H3110	hbo:3110	fertility	0.0	3	eflomal
কুকুৰাই দিলে	G5455	grc:5455	fertility	0.0	2	eflomal
কোনো লোক	H0376	hbo:0376	fertility	0.0	3	eflomal
কৰমকাৰীসকলৰ শৰেণীত	H6635	hbo:6635	fertility	0.0	4	eflomal
কৰিলে কৰিলে	G4160	grc:4160	fertility	0.0	2	eflomal
খণডন কৰা	H3772	hbo:3772	fertility	0.0	2	eflomal
খাবলৈ দিযা	G1325	grc:1325	fertility	0.0	3	eflomal
গিদিযোনীৰ অবীদান	H0027	hbo:0027	fertility	0.0	3	eflomal
গুছি গ	H1980	hbo:1980	fertility	0.0	2	eflomal
গৌৰৱ হওক	H0571	hbo:0571	fertility	0.0	2	eflomal
গৰভফল ফল	H6529	hbo:6529	fertility	0.0	2	eflomal
ঘৃণাৰ পাতৰ	G3404	grc:3404	fertility	0.0	3	eflomal
চদেযূৰৰ ইলীচূৰ	H7707	hbo:7707	fertility	0.0	3	eflomal
চিলহীৰ অজুবা	H5806	hbo:5806	fertility	0.0	2	eflomal
চুকত ধৰি	G0746	grc:746	fertility	0.0	2	eflomal
চেবনা যোৱাহে	H3098	hbo:3098	fertility	0.0	2	eflomal
চৰাটোৰ কাষত	H3802	hbo:3802	fertility	0.0	2	eflomal
ছাগলী উৎসৰগ	H8163	hbo:8163a	fertility	0.0	2	eflomal
জঞান বুদধি	H0995	hbo:0995	fertility	0.0	2	eflomal
জনাত আননদ	H6026	hbo:6026	fertility	0.0	2	eflomal
জানিব পাৰিলে	H5046	hbo:5046	fertility	0.0	2	eflomal
টোলোঠাৰ সমান	H4500	hbo:4500	fertility	0.0	3	eflomal
ঠেঙেৰে ফুৰা	H1980	hbo:1980	fertility	0.0	2	eflomal
ততবাৱধানত শোধাই	H3027	hbo:3027	fertility	0.0	2	eflomal
তুমি কৰিলা	H6213	hbo:6213	fertility	0.0	2	eflomal
তেওঁক বিযোগ	G5563	grc:5563	fertility	0.0	2	eflomal
তেতিযা লে	H0559	hbo:0559	fertility	0.0	2	eflomal
তেনেকৈ কথাৰ	H4405	hbo:4405	fertility	0.0	2	eflomal
তৈমনীযা ইলীফজে	H0464	hbo:0464	fertility	0.0	2	eflomal
তোমালোক হোৱা	G1510	grc:1510	fertility	0.0	2	eflomal
দযাহে শাসতরৰ	G1656	grc:1656	fertility	0.0	2	eflomal
দহোটা শিং	G2768	grc:2768	fertility	0.0	2	eflomal
দুযো দেহ	G4561	grc:4561	fertility	0.0	3	eflomal
দূৰৈত থাকে	G0568	grc:568	fertility	0.0	2	eflomal
দৃষটিত হৈছোঁ	H4672	hbo:4672	fertility	0.0	2	eflomal
দৰাকষাবাৰী পাতি	G5452	grc:5452	fertility	0.0	2	eflomal
দৰাকষাবাৰী পাতিব	H5193	hbo:5193	fertility	0.0	4	eflomal
নাতি পুতৰ	H1121	hbo:1121	fertility	0.0	3	eflomal
নাবোতলৈ দলিওৱাত	H5022	hbo:5022	fertility	0.0	2	eflomal
নিযম বযৱসথা	H2706	hbo:2706	fertility	0.0	2	eflomal
পদাচূৰৰ গমলীযেল	H1583	hbo:1583	fertility	0.0	3	eflomal
পাখি বাকলি	H5579	hbo:5579	fertility	0.0	2	eflomal
পাচি তুলি	G2894	grc:2894	fertility	0.0	2	eflomal
পাছত সেই	H1980	hbo:1980	fertility	0.0	2	eflomal
পাছে গ	H1980	hbo:1980	fertility	0.0	2	eflomal
পাৰসযৰ কোৰচ	H3566	hbo:3566	fertility	0.0	2	eflomal
পুতৰ পুতৰ	H1121	hbo:1121	fertility	0.0	2	eflomal
পুনৰ গাগৰি	G0243	grc:243	fertility	0.0	2	eflomal
পুৰবব পুৰুষৰ	H0001	hbo:0001	fertility	0.0	2	eflomal
পূৰব পুৰুষ	G3962	grc:3962	fertility	0.0	9	eflomal
পোহা গুণ	H0178	hbo:0178	fertility	0.0	2	eflomal
পৰভু যিহোৱাই	H0136	hbo:0136	fertility	0.0	15	eflomal
পৰাণ ৰকষা	H2421	hbo:2421	fertility	0.0	2	eflomal
পৰিষকা আককিলাক	G4251	grc:4251	fertility	0.0	2	eflomal
ফুলৰ সজা	H4639	hbo:4639	fertility	0.0	2	eflomal
বছৰৰ মূৰত	H7093	hbo:7093	fertility	0.0	4	eflomal
বছৰৰ শেষত	H7097	hbo:7097	fertility	0.0	2	eflomal
বযসীযা পুৰুষৰ	H2145	hbo:2145	fertility	0.0	2	eflomal
বলৱান সাহিযাল	H2388	hbo:2388	fertility	0.0	3	eflomal
বাকয অনুসাৰে	H6310	hbo:6310	fertility	0.0	3	eflomal
বাচানৰ ওগ	H5747	hbo:5747	fertility	0.0	2	eflomal
বাবিললৈ যাবলৈ	H0935	hbo:0935	fertility	0.0	2	eflomal
বিধি শাসন	H2706	hbo:2706	fertility	0.0	2	eflomal
বিনিযা বিনিযাৰ	H4162	hbo:4162	fertility	0.0	2	eflomal
বিলিযমেৰে সাকষাৎ	H7136	hbo:7136	fertility	0.0	2	eflomal
বৃহৎ মানুহৰ	G4183	grc:4183	fertility	0.0	3	eflomal
বেদনাই ধৰিছে	H2388	hbo:2388	fertility	0.0	2	eflomal
বোলে এইদৰে	H0559	hbo:0559	fertility	0.0	2	eflomal
বৰকোচ চীচৰা	H1302	hbo:1302	fertility	0.0	2	eflomal
ভিতৰ অংশ	H0990	hbo:0990	fertility	0.0	2	eflomal
ভিনন দেশীয	H5236	hbo:5236	fertility	0.0	2	eflomal
ভোজন কৰিলে	H3899	hbo:3899	fertility	0.0	2	eflomal
মাজৰ এজনক	G1520	grc:1520	fertility	0.0	2	eflomal
মানুহৰ বৃহৎ এটাও	G4183	grc:4183	fertility	0.0	2	eflomal
মেৰ ছাগ মেৰ পোৱালি আনিছিল	H3532	hbo:3532	fertility	0.0	3	eflomal
মোন পানী ধৰিছিল	H3557	hbo:3557	fertility	0.0	2	eflomal
মোৱাবীযা অৰীযেলৰ	H0739	hbo:0739	fertility	0.0	2	eflomal
যিফুননিৰ কালেবক	H3612	hbo:3612	fertility	0.0	3	eflomal
যিবোৰৰ পাখি বাকলি	H5579	hbo:5579	fertility	0.0	2	eflomal
যুদধাৰুৰ সাজু	H6186	hbo:6186	fertility	0.0	2	eflomal
যেফতৰ মাগোগ মাদয	H3315	hbo:3315	fertility	0.0	2	eflomal
সঁচাই কওঁ	G3004	grc:3004	fertility	0.0	2	eflomal
সঁচাকৈ কওঁ	G3004	grc:3004	fertility	0.0	17	eflomal
সকলো লোকক	H5971	hbo:5971	fertility	0.0	2	eflomal
সমভাৱনাৰ বাতৰি	G4171	grc:4171	fertility	0.0	2	eflomal
সেযে হ	H1961	hbo:1961	fertility	0.0	2	eflomal
সোঁ কাণৰ সোঁ	H0931	hbo:0931	fertility	0.0	2	eflomal
সোঁ বুঢা আঙুলিত	H0931	hbo:0931	fertility	0.0	3	eflomal
সৰববশকতিমানক পায	H7706	hbo:7706	fertility	0.0	2	eflomal
হগলা মিলকা	H4435	hbo:4435	fertility	0.0	2	eflomal
হিততীযাৰ ঊৰিযাও	H2850	hbo:2850	fertility	0.0	2	eflomal
হূৰৰ ঊৰী	H0221	hbo:0221	fertility	0.0	2	eflomal
ৰাজতবৰ কালত	H3117	hbo:3117	fertility	0.0	2	eflomal
ৰাজতবৰ সমযত	H3117	hbo:3117	fertility	0.0	4	eflomal
