# Proper-noun lexicon (roadmap N1): biblical name Strong's -> localized renderings; shoresh macula.build_proper_nouns. OT/Hebrew (STEPBible Np); NT Greek needs TIPNR.
strong	translit	lang	surface	source	weight
H0029	a.viy.yah	eng	Abijah	gloss	1.0
H0029	a.viy.yah	fra	Abiya	gloss	1.0
H0029	a.viy.yah	por	Abias	gloss	1.0
H0029	a.viy.yah	spa	Abías	gloss	1.0
H0029	a.viy.yah	cmn-Hans	亚比雅，《思》阿彼雅	gloss	1.0
H0029	a.viy.yah	cmn-Hant	亞比雅，《思》阿彼雅	gloss	1.0
H0029	a.viy.yah	deu	Abija	gloss	1.0
H0029	a.viy.yah	nld	Abia	gloss	1.0
H0029	a.viy.yah	swa	abiya, abia	gloss	1.0
H0029	a.viy.yah	arb	أَبِيَّا	aligned	0.889
H0029	a.viy.yah	arb	وَأَبِيَّا	aligned	0.667
H0029	a.viy.yah	eng	abijah	aligned	0.786
H0029	a.viy.yah	hin	अबिय्याह	aligned	0.786
H0029	a.viy.yah	rus	авии	aligned	0.75
H0029	a.viy.yah	rus	авия	aligned	0.7
H0029	a.viy.yah	spa	abia	aligned	1.0
H0029	a.viy.yah	spa	abías	aligned	0.955
H0030	a.vi.hu	eng	Abihu	gloss	1.0
H0030	a.vi.hu	fra	Abihou	gloss	1.0
H0030	a.vi.hu	por	Abiú	gloss	1.0
H0030	a.vi.hu	spa	Abiú	gloss	1.0
H0030	a.vi.hu	cmn-Hans	亚比户，《思》阿彼胡	gloss	1.0
H0030	a.vi.hu	cmn-Hant	亞比戶，《思》阿彼胡	gloss	1.0
H0030	a.vi.hu	deu	Abihu	gloss	1.0
H0030	a.vi.hu	nld	Abihu	gloss	1.0
H0030	a.vi.hu	swa	abihu, mfiki	gloss	1.0
H0030	a.vi.hu	arb	وَأَبِيهُو	aligned	1.0
H0030	a.vi.hu	arb	وَأَبِيهُوَ	aligned	1.0
H0030	a.vi.hu	eng	abihu	aligned	0.565
H0030	a.vi.hu	hin	अबीहू	aligned	0.167
H0030	a.vi.hu	rus	авиуд	aligned	0.429
H0030	a.vi.hu	spa	abiú	aligned	1.0
H0039	a.vi.ma.el	eng	Abimael	gloss	1.0
H0039	a.vi.ma.el	fra	Abimaël	gloss	1.0
H0039	a.vi.ma.el	por	Abimael	gloss	1.0
H0039	a.vi.ma.el	spa	Abimael	gloss	1.0
H0039	a.vi.ma.el	cmn-Hans	亚比玛利，《思》阿彼玛耳	gloss	1.0
H0039	a.vi.ma.el	cmn-Hant	亞比瑪利，《思》阿彼瑪耳	gloss	1.0
H0039	a.vi.ma.el	deu	Abimaël	gloss	1.0
H0039	a.vi.ma.el	nld	Abimaël	gloss	1.0
H0039	a.vi.ma.el	swa	abimaeli, obali	gloss	1.0
H0039	a.vi.ma.el	arb	وَأَبِيمَايِلَ	aligned	1.0
H0039	a.vi.ma.el	eng	abimael	aligned	1.0
H0039	a.vi.ma.el	hin	अबीमाएल	aligned	1.0
H0039	a.vi.ma.el	spa	abimael	aligned	1.0
H0041	a.vi.na.dav	eng	Abinadab	gloss	1.0
H0041	a.vi.na.dav	fra	Abinadab	gloss	1.0
H0041	a.vi.na.dav	por	Abinadabe	gloss	1.0
H0041	a.vi.na.dav	spa	Abinadab	gloss	1.0
H0041	a.vi.na.dav	cmn-Hans	亚比拿达，《思》阿彼纳达布	gloss	1.0
H0041	a.vi.na.dav	cmn-Hant	亞比拿達，《思》阿彼納達布	gloss	1.0
H0041	a.vi.na.dav	deu	Abinadab	gloss	1.0
H0041	a.vi.na.dav	nld	Abinadab	gloss	1.0
H0041	a.vi.na.dav	swa	nafath-dori	gloss	1.0
H0041	a.vi.na.dav	arb	أَبِينَادَابَ	aligned	1.0
H0041	a.vi.na.dav	arb	وَأَبِينَادَابَ	aligned	1.0
H0041	a.vi.na.dav	eng	abinadab	aligned	0.818
H0041	a.vi.na.dav	hin	अबीनादाब	aligned	0.846
H0041	a.vi.na.dav	spa	abinadab	aligned	0.923
H0043	ev.ya.saph	eng	Ebiasaph	gloss	1.0
H0043	ev.ya.saph	fra	Ébiasaph	gloss	1.0
H0043	ev.ya.saph	por	Ebiasafe	gloss	1.0
H0043	ev.ya.saph	spa	Ebiasaf	gloss	1.0
H0043	ev.ya.saph	cmn-Hans	以比雅撒，《思》厄贝雅撒夫	gloss	1.0
H0043	ev.ya.saph	cmn-Hant	以比雅撒，《思》厄貝雅撒夫	gloss	1.0
H0043	ev.ya.saph	deu	Abiasaf	gloss	1.0
H0043	ev.ya.saph	nld	Ebjasaf	gloss	1.0
H0043	ev.ya.saph	swa	ebiasafu, abiasafu	gloss	1.0
H0043	ev.ya.saph	eng	ebiasaph	aligned	0.833
H0043	ev.ya.saph	hin	एब्यासाप	aligned	0.5
H0043	ev.ya.saph	spa	abiasaph	aligned	0.667
H0044	a.vi.e.zer	eng	Abiezer	gloss	1.0
H0044	a.vi.e.zer	fra	Abiézer	gloss	1.0
H0044	a.vi.e.zer	por	Abiezer	gloss	1.0
H0044	a.vi.e.zer	spa	Abiezer	gloss	1.0
H0044	a.vi.e.zer	cmn-Hans	亚比以谢，《思》阿彼厄责尔，阿彼厄则尔	gloss	1.0
H0044	a.vi.e.zer	cmn-Hant	亞比以謝，《思》阿彼厄責爾，阿彼厄則爾	gloss	1.0
H0044	a.vi.e.zer	deu	Abiëser	gloss	1.0
H0044	a.vi.e.zer	nld	Abiëzer	gloss	1.0
H0044	a.vi.e.zer	swa	abiezeri	gloss	1.0
H0044	a.vi.e.zer	arb	أَبِيعَزَرَ	aligned	1.0
H0044	a.vi.e.zer	arb	أَبِيعَزَرُ	aligned	1.0
H0044	a.vi.e.zer	eng	abi-ezer	aligned	1.0
H0044	a.vi.e.zer	eng	abiezer	aligned	0.9
H0044	a.vi.e.zer	hin	अबीएजेर	aligned	0.833
H0044	a.vi.e.zer	spa	abiezer	aligned	0.833
H0048	a.vi.ram	eng	Abiram	gloss	1.0
H0048	a.vi.ram	fra	Abiram	gloss	1.0
H0048	a.vi.ram	por	Abirão	gloss	1.0
H0048	a.vi.ram	spa	Abiram	gloss	1.0
H0048	a.vi.ram	cmn-Hans	亚比兰，《思》阿彼兰	gloss	1.0
H0048	a.vi.ram	cmn-Hant	亞比蘭，《思》阿彼蘭	gloss	1.0
H0048	a.vi.ram	deu	Abiram	gloss	1.0
H0048	a.vi.ram	nld	Abiram	gloss	1.0
H0048	a.vi.ram	swa	abiramu	gloss	1.0
H0048	a.vi.ram	arb	وَأَبِيرَامَ	aligned	1.0
H0048	a.vi.ram	arb	وَأَبِيرَامُ	aligned	1.0
H0048	a.vi.ram	eng	abiram	aligned	0.5
H0048	a.vi.ram	rus	елиава	aligned	0.5
H0048	a.vi.ram	spa	abiram	aligned	1.0
H0049	a.vi.shag	eng	Abishag	gloss	1.0
H0049	a.vi.shag	fra	Abishag	gloss	1.0
H0049	a.vi.shag	por	Abisague	gloss	1.0
H0049	a.vi.shag	spa	Abisag	gloss	1.0
H0049	a.vi.shag	cmn-Hans	亚比煞，《思》阿彼沙格	gloss	1.0
H0049	a.vi.shag	cmn-Hant	亞比煞，《思》阿彼沙格	gloss	1.0
H0049	a.vi.shag	dan	Abishag	gloss	1.0
H0049	a.vi.shag	deu	Abischag	gloss	1.0
H0049	a.vi.shag	nld	Abisag	gloss	1.0
H0049	a.vi.shag	swa	abishagi, anioze, umtakie	gloss	1.0
H0049	a.vi.shag	arb	أَبِيشَجَ	aligned	1.0
H0049	a.vi.shag	arb	أَبِيشَجُ	aligned	1.0
H0049	a.vi.shag	eng	abishag	aligned	0.8
H0049	a.vi.shag	hin	अबीशग	aligned	0.8
H0049	a.vi.shag	rus	ависагу	aligned	1.0
H0049	a.vi.shag	spa	abisag	aligned	1.0
H0051	a.vi.shur	eng	Abishur	gloss	1.0
H0051	a.vi.shur	fra	Abishour	gloss	1.0
H0051	a.vi.shur	por	Abisur	gloss	1.0
H0051	a.vi.shur	spa	Abisur	gloss	1.0
H0051	a.vi.shur	cmn-Hans	亚比述，《思》阿彼叔尔	gloss	1.0
H0051	a.vi.shur	cmn-Hant	亞比述，《思》阿彼叔爾	gloss	1.0
H0051	a.vi.shur	deu	Abischur	gloss	1.0
H0051	a.vi.shur	nld	Abisur	gloss	1.0
H0051	a.vi.shur	swa	abishuri	gloss	1.0
H0051	a.vi.shur	eng	abishur	aligned	0.667
H0051	a.vi.shur	spa	abisur	aligned	1.0
H0052	a.vi.shay	eng	Abishai	gloss	1.0
H0052	a.vi.shay	deu	Abischai	gloss	1.0
H0052	a.vi.shay	nld	Abisai	gloss	1.0
H0052	a.vi.shay	swa	abishai, usimwangamize	gloss	1.0
H0052	a.vi.shay	arb	أَبِيشَايَ	aligned	1.0
H0052	a.vi.shay	arb	أَبِيشَايُ	aligned	1.0
H0052	a.vi.shay	arb	أَبْشَايَ	aligned	1.0
H0052	a.vi.shay	arb	وَأَبِيشَايَ	aligned	1.0
H0052	a.vi.shay	arb	وَأَبِيشَايُ	aligned	1.0
H0052	a.vi.shay	eng	abishai	aligned	0.78
H0052	a.vi.shay	hin	अबीशै	aligned	0.64
H0052	a.vi.shay	rus	авессе	aligned	1.0
H0052	a.vi.shay	rus	саруин	aligned	1.0
H0052	a.vi.shay	rus	авесса	aligned	0.6
H0052	a.vi.shay	rus	иоава	aligned	0.176
H0052	a.vi.shay	spa	abisai	aligned	1.0
H0053	a.vi.sha.lom	eng	Absalom	gloss	1.0
H0053	a.vi.sha.lom	deu	Abschalom	gloss	1.0
H0053	a.vi.sha.lom	nld	Abisalom	gloss	1.0
H0053	a.vi.sha.lom	swa	absalomu	gloss	1.0
H0053	a.vi.sha.lom	arb	أَبْشَالُومَ	aligned	1.0
H0053	a.vi.sha.lom	arb	أَبْشَالُومُ	aligned	1.0
H0053	a.vi.sha.lom	arb	وَأَبْشَالُومُ	aligned	1.0
H0053	a.vi.sha.lom	arb	لِأَبْشَالُومَ	aligned	0.455
H0053	a.vi.sha.lom	eng	abishalom	aligned	1.0
H0053	a.vi.sha.lom	eng	absalom	aligned	0.843
H0053	a.vi.sha.lom	eng	absalom’s	aligned	0.667
H0053	a.vi.sha.lom	hin	अबशालोम	aligned	0.811
H0053	a.vi.sha.lom	rus	авессаломом	aligned	1.0
H0053	a.vi.sha.lom	rus	авессалому	aligned	0.818
H0053	a.vi.sha.lom	rus	авессалом	aligned	0.769
H0053	a.vi.sha.lom	rus	авессалома	aligned	0.5
H0053	a.vi.sha.lom	spa	abisalom	aligned	1.0
H0053	a.vi.sha.lom	spa	absalom	aligned	0.99
H0054	ev.ya.tar	eng	Abiathar	gloss	1.0
H0054	ev.ya.tar	fra	Abiatar	gloss	1.0
H0054	ev.ya.tar	por	Abiatar	gloss	1.0
H0054	ev.ya.tar	spa	Abiatar	gloss	1.0
H0054	ev.ya.tar	cmn-Hans	亚比亚他，《思》厄贝雅塔尔	gloss	1.0
H0054	ev.ya.tar	cmn-Hant	亞比亞他，《思》厄貝雅塔爾	gloss	1.0
H0054	ev.ya.tar	dan	Ebjatar	gloss	1.0
H0054	ev.ya.tar	deu	Abjatar	gloss	1.0
H0054	ev.ya.tar	nld	Abjatar	gloss	1.0
H0054	ev.ya.tar	swa	abiathari, neneni	gloss	1.0
H0054	ev.ya.tar	arb	أَبِيَاثَارَ	aligned	1.0
H0054	ev.ya.tar	arb	أَبِيَاثَارُ	aligned	1.0
H0054	ev.ya.tar	arb	وَأَبِيَاثَارُ	aligned	1.0
H0054	ev.ya.tar	arb	وَأَبِيَاثَارَ	aligned	0.8
H0054	ev.ya.tar	arb	لِأَبِيَاثَارَ	aligned	0.6
H0054	ev.ya.tar	eng	abiathar	aligned	0.767
H0054	ev.ya.tar	hin	एब्यातार	aligned	0.519
H0054	ev.ya.tar	rus	авиафару	aligned	0.8
H0054	ev.ya.tar	rus	авиафар	aligned	0.5
H0054	ev.ya.tar	spa	abiathar	aligned	0.968
H0062	a.vel bet-ma.a.khah	eng	Abel-beth-maachah	gloss	1.0
H0062	a.vel bet-ma.a.khah	fra	Abel-Beth-Maaka	gloss	1.0
H0062	a.vel bet-ma.a.khah	por	Abel-Bete-Maacá	gloss	1.0
H0062	a.vel bet-ma.a.khah	spa	Abel-bet-maaca	gloss	1.0
H0062	a.vel bet-ma.a.khah	cmn-Hans	亚伯‧伯‧玛迦，伯‧玛迦的亚比拉，《思》阿贝耳贝特玛阿加，贝特玛阿加的阿贝耳	gloss	1.0
H0062	a.vel bet-ma.a.khah	cmn-Hant	亞伯‧伯‧瑪迦，伯‧瑪迦的亞比拉，《思》阿貝耳貝特瑪阿加，貝特瑪阿加的阿貝耳	gloss	1.0
H0063	a.vel hash.shit.tim	eng	Abel-shittim	gloss	1.0
H0063	a.vel hash.shit.tim	fra	Abel-Shittim	gloss	1.0
H0063	a.vel hash.shit.tim	por	Abel-Sitim	gloss	1.0
H0063	a.vel hash.shit.tim	spa	Abel-sitim	gloss	1.0
H0063	a.vel hash.shit.tim	cmn-Hans	亚伯‧什亭，《思》阿贝耳史廷	gloss	1.0
H0063	a.vel hash.shit.tim	cmn-Hant	亞伯‧什亭，《思》阿貝耳史廷	gloss	1.0
H0063	a.vel hash.shit.tim	deu	Abel-Schittim	gloss	1.0
H0063	a.vel hash.shit.tim	nld	Abel-Hassittim	gloss	1.0
H0063	a.vel hash.shit.tim	swa	abel-shitimu	gloss	1.0
H0064	a.vel ke.ra.mim	eng	Abel-keramim	gloss	1.0
H0064	a.vel ke.ra.mim	fra	Abel-Keramim	gloss	1.0
H0064	a.vel ke.ra.mim	por	Abel-Queramim	gloss	1.0
H0064	a.vel ke.ra.mim	cmn-Hans	亚备勒‧基拉明，《思》阿贝耳革辣明	gloss	1.0
H0064	a.vel ke.ra.mim	cmn-Hant	亞備勒‧基拉明，《思》阿貝耳革辣明	gloss	1.0
H0064	a.vel ke.ra.mim	deu	Abel-Keramim	gloss	1.0
H0064	a.vel ke.ra.mim	nld	Abel-Keramim	gloss	1.0
H0065	a.vel me.cho.lah	eng	Abel-meholah	gloss	1.0
H0065	a.vel me.cho.lah	fra	Abel-Mehola	gloss	1.0
H0065	a.vel me.cho.lah	por	Abel-Meolá	gloss	1.0
H0065	a.vel me.cho.lah	spa	Abel-mehola	gloss	1.0
H0065	a.vel me.cho.lah	cmn-Hans	亚伯‧米何拉，《思》阿贝耳默曷拉	gloss	1.0
H0065	a.vel me.cho.lah	cmn-Hant	亞伯‧米何拉，《思》阿貝耳默曷拉	gloss	1.0
H0065	a.vel me.cho.lah	deu	Abel-Mehola	gloss	1.0
H0065	a.vel me.cho.lah	nld	Abel-Mechola	gloss	1.0
H0065	a.vel me.cho.lah	swa	abel-mehola	gloss	1.0
H0072	e.ven ha.e.zer	eng	Ebenezer	gloss	1.0
H0072	e.ven ha.e.zer	fra	Eben-Ezer	gloss	1.0
H0072	e.ven ha.e.zer	por	Ebenézer	gloss	1.0
H0072	e.ven ha.e.zer	spa	Ebenezer	gloss	1.0
H0072	e.ven ha.e.zer	cmn-Hans	以便以谢，《思》厄本厄则尔	gloss	1.0
H0072	e.ven ha.e.zer	cmn-Hant	以便以謝，《思》厄本厄則爾	gloss	1.0
H0072	e.ven ha.e.zer	deu	Eben-Eser	gloss	1.0
H0072	e.ven ha.e.zer	nld	Eben-Haëzer	gloss	1.0
H0072	e.ven ha.e.zer	swa	ebenezeri	gloss	1.0
H0072	e.ven ha.e.zer	eng	eben-ezer	aligned	1.0
H0074	av.ner	eng	Abner	gloss	1.0
H0074	av.ner	fra	Abner	gloss	1.0
H0074	av.ner	por	Abner	gloss	1.0
H0074	av.ner	spa	Abner	gloss	1.0
H0074	av.ner	cmn-Hans	押尼珥，《思》阿贝乃尔	gloss	1.0
H0074	av.ner	cmn-Hant	押尼珥，《思》阿貝乃爾	gloss	1.0
H0074	av.ner	dan	Abner	gloss	1.0
H0074	av.ner	deu	Abner	gloss	1.0
H0074	av.ner	nld	Abner	gloss	1.0
H0074	av.ner	swa	abneri, umefanyaje	gloss	1.0
H0074	av.ner	arb	أَبْنَيْرُ	aligned	1.0
H0074	av.ner	arb	وَأَبْنَيْرُ	aligned	1.0
H0074	av.ner	arb	أَبْنَيْرَ	aligned	0.957
H0074	av.ner	eng	abner’s	aligned	1.0
H0074	av.ner	eng	abner	aligned	0.868
H0074	av.ner	hin	अब्नेर	aligned	0.787
H0074	av.ner	rus	нирова	aligned	1.0
H0074	av.ner	rus	авениру	aligned	0.667
H0074	av.ner	rus	ниров	aligned	0.667
H0074	av.ner	rus	авенир	aligned	0.625
H0074	av.ner	rus	авенира	aligned	0.625
H0074	av.ner	rus	авениром	aligned	0.5
H0074	av.ner	spa	abner	aligned	1.0
H0078	iv.tsan	eng	Ibzan	gloss	1.0
H0078	iv.tsan	fra	Ibtsân	gloss	1.0
H0078	iv.tsan	por	Ibsã	gloss	1.0
H0078	iv.tsan	spa	Ibzán	gloss	1.0
H0078	iv.tsan	cmn-Hans	以比赞，《思》依贝赞	gloss	1.0
H0078	iv.tsan	cmn-Hant	以比讚，《思》依貝贊	gloss	1.0
H0078	iv.tsan	deu	Ibzan	gloss	1.0
H0078	iv.tsan	nld	Ibsan	gloss	1.0
H0078	iv.tsan	swa	ibzani	gloss	1.0
H0078	iv.tsan	arb	إِبْصَانُ	aligned	1.0
H0078	iv.tsan	eng	ibzan	aligned	0.667
H0078	iv.tsan	hin	इबसान	aligned	1.0
H0078	iv.tsan	rus	есевон	aligned	0.25
H0078	iv.tsan	spa	ibzan	aligned	1.0
H0085	av.ra.ham	eng	Abraham	gloss	1.0
H0085	av.ra.ham	fra	Abraham	gloss	1.0
H0085	av.ra.ham	por	Abraão	gloss	1.0
H0085	av.ra.ham	spa	Abraham	gloss	1.0
H0085	av.ra.ham	cmn-Hans	亚伯拉罕，《思》亚巴郎	gloss	1.0
H0085	av.ra.ham	cmn-Hant	亞伯拉罕，《思》亞巴郎	gloss	1.0
H0085	av.ra.ham	dan	Abraham	gloss	1.0
H0085	av.ra.ham	deu	Abraham	gloss	1.0
H0085	av.ra.ham	nld	Abraham	gloss	1.0
H0085	av.ra.ham	swa	abrahamu	gloss	1.0
H0085	av.ra.ham	amh	አብርሃም	gloss	1.0
H0085	av.ra.ham	arb	لِإِبْرَاهِيمَ	aligned	0.719
H0085	av.ra.ham	arb	إِبْرَاهِيمُ	aligned	0.623
H0085	av.ra.ham	arb	إِبْراهِيمَ	aligned	0.571
H0085	av.ra.ham	arb	إِبْرَاهِيمَ	aligned	0.448
H0085	av.ra.ham	eng	abraham’s	aligned	0.688
H0085	av.ra.ham	eng	abraham	aligned	0.57
H0085	av.ra.ham	hin	अब्राहम	aligned	0.562
H0085	av.ra.ham	rus	авраамов	aligned	0.75
H0085	av.ra.ham	rus	авраам	aligned	0.688
H0085	av.ra.ham	rus	аврааму	aligned	0.485
H0085	av.ra.ham	rus	авраама	aligned	0.25
H0085	av.ra.ham	spa	abraham	aligned	0.698
H0087	av.ram	eng	Abram	gloss	1.0
H0087	av.ram	fra	Abram	gloss	1.0
H0087	av.ram	por	Abrão	gloss	1.0
H0087	av.ram	spa	Abram	gloss	1.0
H0087	av.ram	cmn-Hans	亚伯兰，《思》亚巴郎	gloss	1.0
H0087	av.ram	cmn-Hant	亞伯蘭，《思》亞巴郎	gloss	1.0
H0087	av.ram	dan	Abram	gloss	1.0
H0087	av.ram	deu	Abram	gloss	1.0
H0087	av.ram	nld	Abram	gloss	1.0
H0087	av.ram	swa	abramu	gloss	1.0
H0087	av.ram	arb	أَبْرَامَ	aligned	1.0
H0087	av.ram	arb	لِأَبْرَامَ	aligned	1.0
H0087	av.ram	arb	أَبْرَامُ	aligned	0.964
H0087	av.ram	eng	abram’s	aligned	1.0
H0087	av.ram	eng	abram	aligned	0.773
H0087	av.ram	hin	अब्राम	aligned	0.787
H0087	av.ram	rus	аврам	aligned	0.857
H0087	av.ram	rus	авраму	aligned	0.818
H0087	av.ram	rus	аврама	aligned	0.667
H0087	av.ram	spa	abram	aligned	1.0
H0088	o.vot	eng	Oboth	gloss	1.0
H0088	o.vot	fra	Oboth	gloss	1.0
H0088	o.vot	por	Obote	gloss	1.0
H0088	o.vot	spa	Obot	gloss	1.0
H0088	o.vot	cmn-Hans	阿伯，《思》敖波特	gloss	1.0
H0088	o.vot	cmn-Hant	阿伯，《思》敖波特	gloss	1.0
H0088	o.vot	deu	Obot	gloss	1.0
H0088	o.vot	nld	Obot	gloss	1.0
H0088	o.vot	swa	obothi	gloss	1.0
H0088	o.vot	arb	أُوبُوتَ	aligned	1.0
H0088	o.vot	eng	oboth	aligned	0.5
H0088	o.vot	rus	овофа	aligned	1.0
H0088	o.vot	rus	овофе	aligned	1.0
H0088	o.vot	spa	oboth	aligned	1.0
H0090	a.gag	eng	Agag	gloss	1.0
H0090	a.gag	fra	Agag	gloss	1.0
H0090	a.gag	por	Agague	gloss	1.0
H0090	a.gag	spa	Agag	gloss	1.0
H0090	a.gag	cmn-Hans	亚甲，《思》阿加格	gloss	1.0
H0090	a.gag	cmn-Hant	亞甲，《思》阿加格	gloss	1.0
H0090	a.gag	deu	Agag	gloss	1.0
H0090	a.gag	nld	Agag	gloss	1.0
H0090	a.gag	swa	agagi	gloss	1.0
H0090	a.gag	arb	أَجَاجَ	aligned	1.0
H0090	a.gag	arb	أَجَاجُ	aligned	1.0
H0090	a.gag	eng	agag	aligned	0.933
H0090	a.gag	hin	अगाग	aligned	0.833
H0090	a.gag	spa	agag	aligned	1.0
H0112	id.do	eng	Iddo	gloss	1.0
H0112	id.do	fra	Iddo	gloss	1.0
H0112	id.do	por	Ido	gloss	1.0
H0112	id.do	spa	Iddo	gloss	1.0
H0112	id.do	cmn-Hans	易多，《思》依多	gloss	1.0
H0112	id.do	cmn-Hant	易多，《思》依多	gloss	1.0
H0112	id.do	deu	Iddo	gloss	1.0
H0112	id.do	nld	Iddo	gloss	1.0
H0112	id.do	swa	ido	gloss	1.0
H0112	id.do	eng	iddo	aligned	0.12
H0112	id.do	hin	इद्दो	aligned	0.143
H0112	id.do	spa	iddo	aligned	0.143
H0121	a.dam	eng	Adam	gloss	1.0
H0121	a.dam	arb	لِآدَمَ	aligned	1.0
H0121	a.dam	arb	آدَمُ	aligned	0.176
H0121	a.dam	eng	adam	aligned	0.349
H0121	a.dam	hin	आदम	aligned	0.15
H0121	a.dam	spa	adam	aligned	0.348
H0123	e.dom	eng	Edom	gloss	1.0
H0123	e.dom	fra	Édom	gloss	1.0
H0123	e.dom	por	Edom	gloss	1.0
H0123	e.dom	spa	Edom	gloss	1.0
H0123	e.dom	cmn-Hans	以东，《思》厄东	gloss	1.0
H0123	e.dom	cmn-Hant	以東，《思》厄東	gloss	1.0
H0123	e.dom	dan	Edom	gloss	1.0
H0123	e.dom	deu	Edom	gloss	1.0
H0123	e.dom	nld	Edom	gloss	1.0
H0123	e.dom	swa	edomu, waedomi	gloss	1.0
H0123	e.dom	arb	أَدُومَ	aligned	1.0
H0123	e.dom	arb	أَدُومُ	aligned	1.0
H0123	e.dom	arb	وَأَدُومَ	aligned	1.0
H0123	e.dom	eng	edom	aligned	0.853
H0123	e.dom	eng	edom’s	aligned	0.667
H0123	e.dom	eng	edomites	aligned	0.474
H0123	e.dom	hin	एदोम	aligned	0.824
H0123	e.dom	hin	एदोमियों	aligned	0.714
H0123	e.dom	hin	एदोमी	aligned	0.267
H0123	e.dom	rus	едом	aligned	1.0
H0123	e.dom	rus	едомскому	aligned	1.0
H0123	e.dom	rus	идумее	aligned	1.0
H0123	e.dom	rus	едоме	aligned	0.6
H0123	e.dom	rus	едома	aligned	0.429
H0123	e.dom	rus	моава	aligned	0.105
H0123	e.dom	spa	edom	aligned	0.974
H0123	e.dom	spa	idumea	aligned	0.667
H0123	e.dom	spa	idumeos	aligned	0.667
H0126	ad.mah	eng	Admah	gloss	1.0
H0126	ad.mah	fra	Adma	gloss	1.0
H0126	ad.mah	por	Admá	gloss	1.0
H0126	ad.mah	spa	Admá	gloss	1.0
H0126	ad.mah	cmn-Hans	押玛，《思》阿德玛，阿玛德	gloss	1.0
H0126	ad.mah	cmn-Hant	押瑪，《思》阿德瑪，阿瑪德	gloss	1.0
H0126	ad.mah	deu	Adma	gloss	1.0
H0126	ad.mah	nld	Adma	gloss	1.0
H0126	ad.mah	swa	adma, niwezeje	gloss	1.0
H0126	ad.mah	arb	أَدْمَةَ	aligned	1.0
H0126	ad.mah	eng	admah	aligned	0.8
H0126	ad.mah	hin	अदमा	aligned	0.6
H0126	ad.mah	spa	adma	aligned	1.0
H0131	a.dum.mim	eng	Adummim	gloss	1.0
H0131	a.dum.mim	arb	أَدُمِّيمَ	aligned	1.0
H0131	a.dum.mim	eng	adummim	aligned	0.75
H0131	a.dum.mim	hin	अदुम्मीम	aligned	1.0
H0137	a.do.ni-ve.zeq	eng	Adoni-bezek	gloss	1.0
H0137	a.do.ni-ve.zeq	fra	Adoni-Bèzeq	gloss	1.0
H0137	a.do.ni-ve.zeq	por	Adoni-Bezeque	gloss	1.0
H0137	a.do.ni-ve.zeq	spa	Adonibézec	gloss	1.0
H0137	a.do.ni-ve.zeq	cmn-Hans	亚多尼‧比色，《思》阿多尼贝则克	gloss	1.0
H0137	a.do.ni-ve.zeq	cmn-Hant	亞多尼‧比色，《思》阿多尼貝則克	gloss	1.0
H0137	a.do.ni-ve.zeq	deu	Adoni-Besek	gloss	1.0
H0137	a.do.ni-ve.zeq	nld	Adonibezek	gloss	1.0
H0137	a.do.ni-ve.zeq	swa	adoni-bezeki	gloss	1.0
H0137	a.do.ni-ve.zeq	eng	adoni-bezek	aligned	1.0
H0138	a.do.niy.yah	eng	Adonijah	gloss	1.0
H0138	a.do.niy.yah	dan	Adonija	gloss	1.0
H0138	a.do.niy.yah	deu	Adonija	gloss	1.0
H0138	a.do.niy.yah	nld	Adonia	gloss	1.0
H0138	a.do.niy.yah	swa	adonia, adonikamu, amwogopa	gloss	1.0
H0138	a.do.niy.yah	arb	أَدُونِيَّا	aligned	1.0
H0138	a.do.niy.yah	arb	لِأَدُونِيَّا	aligned	1.0
H0138	a.do.niy.yah	eng	adonijah	aligned	0.727
H0138	a.do.niy.yah	hin	अदोनिय्याह	aligned	0.72
H0138	a.do.niy.yah	rus	адония	aligned	0.8
H0138	a.do.niy.yah	rus	адонии	aligned	0.75
H0138	a.do.niy.yah	rus	аггифы	aligned	0.667
H0138	a.do.niy.yah	spa	adonía	aligned	1.0
H0138	a.do.niy.yah	spa	adonías	aligned	1.0
H0140	a.do.ni.qam	eng	Adonikam	gloss	1.0
H0140	a.do.ni.qam	fra	Adoniqam	gloss	1.0
H0140	a.do.ni.qam	por	Adonicão	gloss	1.0
H0140	a.do.ni.qam	spa	Adonicán	gloss	1.0
H0140	a.do.ni.qam	cmn-Hans	亚多尼干，《思》阿多尼干	gloss	1.0
H0140	a.do.ni.qam	cmn-Hant	亞多尼干，《思》阿多尼干	gloss	1.0
H0140	a.do.ni.qam	deu	Adonikam	gloss	1.0
H0140	a.do.ni.qam	nld	Adonikam	gloss	1.0
H0140	a.do.ni.qam	swa	adonikamu	gloss	1.0
H0140	a.do.ni.qam	arb	أَدُونِيقَامَ	aligned	1.0
H0140	a.do.ni.qam	eng	adonikam	aligned	1.0
H0140	a.do.ni.qam	hin	अदोनीकाम	aligned	1.0
H0140	a.do.ni.qam	rus	адоникама	aligned	1.0
H0140	a.do.ni.qam	spa	adonicam	aligned	1.0
H0141	a.do.ni.ram	eng	Adoniram	gloss	1.0
H0141	a.do.ni.ram	fra	Adoniram	gloss	1.0
H0141	a.do.ni.ram	por	Adonirão	gloss	1.0
H0141	a.do.ni.ram	spa	Adoniram	gloss	1.0
H0141	a.do.ni.ram	cmn-Hans	亚多尼兰，《思》阿多尼兰 ，阿多兰	gloss	1.0
H0141	a.do.ni.ram	cmn-Hant	亞多尼蘭，《思》阿多尼蘭 ，阿多蘭	gloss	1.0
H0141	a.do.ni.ram	deu	Adoniram	gloss	1.0
H0141	a.do.ni.ram	nld	Adoniram	gloss	1.0
H0141	a.do.ni.ram	swa	adoramu	gloss	1.0
H0141	a.do.ni.ram	eng	adoniram	aligned	0.5
H0141	a.do.ni.ram	spa	adoniram	aligned	1.0
H0143	a.dar	eng	Adar	gloss	1.0
H0143	a.dar	fra	Adar	gloss	1.0
H0143	a.dar	por	adar	gloss	1.0
H0143	a.dar	spa	Adar	gloss	1.0
H0143	a.dar	cmn-Hans	亚达月	gloss	1.0
H0143	a.dar	cmn-Hant	亞達月	gloss	1.0
H0143	a.dar	arb	أَذَارَ	aligned	0.889
H0143	a.dar	eng	adar	aligned	0.889
H0143	a.dar	hin	अदार	aligned	0.8
H0143	a.dar	rus	адара	aligned	0.4
H0143	a.dar	spa	adar	aligned	0.889
H0151	a.do.ram	eng	Adoram	gloss	1.0
H0151	a.do.ram	fra	Adoram	gloss	1.0
H0151	a.do.ram	por	Adorão	gloss	1.0
H0151	a.do.ram	spa	Adoram	gloss	1.0
H0151	a.do.ram	cmn-Hans	亚多兰，《思》阿多兰	gloss	1.0
H0151	a.do.ram	cmn-Hant	亞多蘭，《思》阿多蘭	gloss	1.0
H0151	a.do.ram	deu	Adoniram	gloss	1.0
H0151	a.do.ram	nld	Adoram	gloss	1.0
H0151	a.do.ram	swa	adoramu	gloss	1.0
H0151	a.do.ram	eng	adoram	aligned	0.75
H0151	a.do.ram	spa	adoram	aligned	0.4
H0164	e.hud	eng	Ehud	gloss	1.0
H0164	e.hud	fra	Éhoud	gloss	1.0
H0164	e.hud	por	Eúde	gloss	1.0
H0164	e.hud	spa	Aod	gloss	1.0
H0164	e.hud	cmn-Hans	以笏，《思》厄胡得	gloss	1.0
H0164	e.hud	cmn-Hant	以笏，《思》厄胡得	gloss	1.0
H0164	e.hud	deu	Ehud	gloss	1.0
H0164	e.hud	nld	Ehud	gloss	1.0
H0164	e.hud	swa	ehudi	gloss	1.0
H0164	e.hud	arb	إِهُودَ	aligned	1.0
H0164	e.hud	arb	إِهُودُ	aligned	1.0
H0164	e.hud	eng	ehud	aligned	0.5
H0164	e.hud	hin	एहूद	aligned	0.3
H0164	e.hud	rus	аод	aligned	1.0
H0164	e.hud	spa	aod	aligned	1.0
H0170	o.ho.lah	eng	Oholah	gloss	1.0
H0170	o.ho.lah	fra	Ohola	gloss	1.0
H0170	o.ho.lah	por	Oolá	gloss	1.0
H0170	o.ho.lah	spa	Ahola	gloss	1.0
H0170	o.ho.lah	cmn-Hans	阿荷拉，《思》敖曷拉	gloss	1.0
H0170	o.ho.lah	cmn-Hant	阿荷拉，《思》敖曷拉	gloss	1.0
H0170	o.ho.lah	deu	Ohola	gloss	1.0
H0170	o.ho.lah	nld	Ohola	gloss	1.0
H0170	o.ho.lah	swa	ohola	gloss	1.0
H0170	o.ho.lah	arb	أُهُولَةَ	aligned	1.0
H0170	o.ho.lah	arb	أُهُولَةُ	aligned	1.0
H0170	o.ho.lah	eng	aholah	aligned	1.0
H0170	o.ho.lah	eng	oholah	aligned	0.8
H0170	o.ho.lah	hin	ओहोला	aligned	1.0
H0170	o.ho.lah	spa	aholah	aligned	1.0
H0171	o.ho.li.av	eng	Oholiab	gloss	1.0
H0171	o.ho.li.av	fra	Oholiab	gloss	1.0
H0171	o.ho.li.av	por	Ooliabe	gloss	1.0
H0171	o.ho.li.av	spa	Aholiab	gloss	1.0
H0171	o.ho.li.av	cmn-Hans	亚何利亚伯，《思》敖曷里雅布	gloss	1.0
H0171	o.ho.li.av	cmn-Hant	亞何利亞伯，《思》敖曷里雅布	gloss	1.0
H0171	o.ho.li.av	deu	Oholiab	gloss	1.0
H0171	o.ho.li.av	nld	Oholiab	gloss	1.0
H0171	o.ho.li.av	swa	oholiabu	gloss	1.0
H0171	o.ho.li.av	arb	وَأُهُولِيآبُ	aligned	1.0
H0171	o.ho.li.av	eng	aholiab	aligned	1.0
H0171	o.ho.li.av	eng	oholiab	aligned	0.6
H0171	o.ho.li.av	hin	ओहोलीआब	aligned	0.6
H0171	o.ho.li.av	spa	aholiab	aligned	1.0
H0172	o.ho.li.vah	eng	Oholibah	gloss	1.0
H0172	o.ho.li.vah	fra	Oholiba	gloss	1.0
H0172	o.ho.li.vah	por	Oolibá	gloss	1.0
H0172	o.ho.li.vah	spa	Aholibá	gloss	1.0
H0172	o.ho.li.vah	cmn-Hans	阿荷利巴，《思》敖曷里巴	gloss	1.0
H0172	o.ho.li.vah	cmn-Hant	阿荷利巴，《思》敖曷里巴	gloss	1.0
H0172	o.ho.li.vah	deu	Oholiba	gloss	1.0
H0172	o.ho.li.vah	nld	Oholiba	gloss	1.0
H0172	o.ho.li.vah	swa	oholiba	gloss	1.0
H0172	o.ho.li.vah	arb	أُهُولِيبَةُ	aligned	1.0
H0172	o.ho.li.vah	eng	aholibah	aligned	1.0
H0172	o.ho.li.vah	eng	oholibah	aligned	0.5
H0172	o.ho.li.vah	hin	ओहोलीबा	aligned	0.714
H0172	o.ho.li.vah	spa	aholibah	aligned	1.0
H0175	a.ha.ron	eng	Aaron	gloss	1.0
H0175	a.ha.ron	fra	Aaron	gloss	1.0
H0175	a.ha.ron	por	Arão	gloss	1.0
H0175	a.ha.ron	spa	Aarón	gloss	1.0
H0175	a.ha.ron	cmn-Hans	亚伦，《思》亚郎	gloss	1.0
H0175	a.ha.ron	cmn-Hant	亞倫，《思》亞郎	gloss	1.0
H0175	a.ha.ron	dan	Aron	gloss	1.0
H0175	a.ha.ron	deu	Aaron	gloss	1.0
H0175	a.ha.ron	nld	Aäron	gloss	1.0
H0175	a.ha.ron	swa	haruni	gloss	1.0
H0175	a.ha.ron	amh	አሮን	gloss	1.0
H0175	a.ha.ron	arb	وَهارُونَ	aligned	1.0
H0175	a.ha.ron	arb	وَهَارُونُ	aligned	1.0
H0175	a.ha.ron	arb	هَارُونُ	aligned	0.985
H0175	a.ha.ron	arb	هَارُونَ	aligned	0.961
H0175	a.ha.ron	arb	لِهَارُونَ	aligned	0.949
H0175	a.ha.ron	arb	وَهَارُونَ	aligned	0.946
H0175	a.ha.ron	eng	aaronite	aligned	1.0
H0175	a.ha.ron	eng	aaron	aligned	0.817
H0175	a.ha.ron	eng	aaron’s	aligned	0.8
H0175	a.ha.ron	hin	हारून	aligned	0.693
H0175	a.ha.ron	rus	аароновых	aligned	1.0
H0175	a.ha.ron	rus	аарону	aligned	0.86
H0175	a.ha.ron	rus	аароном	aligned	0.8
H0175	a.ha.ron	rus	аарон	aligned	0.766
H0175	a.ha.ron	rus	аароне	aligned	0.667
H0175	a.ha.ron	rus	ааронов	aligned	0.667
H0175	a.ha.ron	rus	аарона	aligned	0.661
H0175	a.ha.ron	rus	аароновы	aligned	0.6
H0175	a.ha.ron	spa	aarón	aligned	0.986
H0187	u.zal	eng	Uzal	gloss	1.0
H0187	u.zal	fra	Ouzal	gloss	1.0
H0187	u.zal	por	Uzal	gloss	1.0
H0187	u.zal	spa	Uzal	gloss	1.0
H0187	u.zal	cmn-Hans	乌萨，《思》乌匝耳	gloss	1.0
H0187	u.zal	cmn-Hant	烏薩，《思》烏匝耳	gloss	1.0
H0187	u.zal	deu	Usal	gloss	1.0
H0187	u.zal	nld	Uzal	gloss	1.0
H0187	u.zal	swa	uzali	gloss	1.0
H0187	u.zal	arb	وَأُوزَالَ	aligned	1.0
H0187	u.zal	eng	uzal	aligned	1.0
H0187	u.zal	hin	ऊजाल	aligned	1.0
H0187	u.zal	spa	uzal	aligned	1.0
H0195	u.lay	eng	Ulai	gloss	1.0
H0195	u.lay	arb	أُولَايَ	aligned	1.0
H0195	u.lay	eng	ulai	aligned	0.75
H0195	u.lay	hin	ऊलै	aligned	1.0
H0195	u.lay	spa	ulai	aligned	1.0
H0198	u.lam	eng	Ulam	gloss	1.0
H0198	u.lam	fra	mais	gloss	1.0
H0198	u.lam	por	mas	gloss	1.0
H0198	u.lam	spa	pero	gloss	1.0
H0198	u.lam	cmn-Hans	但是，可是；然而；尽管如此；只是	gloss	1.0
H0198	u.lam	cmn-Hant	但是，可是；然而；儘管如此；只是	gloss	1.0
H0198	u.lam	arb	أُولَامَ	aligned	1.0
H0198	u.lam	arb	أُولَامُ	aligned	1.0
H0198	u.lam	eng	ulam	aligned	1.0
H0198	u.lam	hin	ऊलाम	aligned	1.0
H0198	u.lam	rus	улама	aligned	1.0
H0198	u.lam	spa	ulam	aligned	1.0
H0201	o.mar	eng	Omar	gloss	1.0
H0201	o.mar	fra	Omar	gloss	1.0
H0201	o.mar	por	Omar	gloss	1.0
H0201	o.mar	spa	Omar	gloss	1.0
H0201	o.mar	cmn-Hans	阿抹，《思》敖玛尔	gloss	1.0
H0201	o.mar	cmn-Hant	阿抹，《思》敖瑪爾	gloss	1.0
H0201	o.mar	deu	Omar	gloss	1.0
H0201	o.mar	nld	Omar	gloss	1.0
H0201	o.mar	swa	omari	gloss	1.0
H0201	o.mar	eng	omar	aligned	0.833
H0201	o.mar	hin	ओमार	aligned	0.667
H0201	o.mar	spa	omar	aligned	1.0
H0204	on	eng	On	gloss	1.0
H0204	on	deu	On	gloss	1.0
H0204	on	nld	On	gloss	1.0
H0204	on	swa	oni	gloss	1.0
H0204	on	arb	أُونَ	aligned	1.0
H0204	on	hin	ओन	aligned	0.6
H0204	on	spa	on	aligned	1.0
H0208	o.nam	eng	Onam	gloss	1.0
H0208	o.nam	fra	Onam	gloss	1.0
H0208	o.nam	por	Onã	gloss	1.0
H0208	o.nam	spa	Onán	gloss	1.0
H0208	o.nam	cmn-Hans	阿南，《思》敖南	gloss	1.0
H0208	o.nam	cmn-Hant	阿南，《思》敖南	gloss	1.0
H0208	o.nam	deu	Onam	gloss	1.0
H0208	o.nam	nld	Onam	gloss	1.0
H0208	o.nam	swa	onamu	gloss	1.0
H0208	o.nam	arb	أُونَامَ	aligned	1.0
H0208	o.nam	arb	وَأُونَامُ	aligned	1.0
H0208	o.nam	eng	onam	aligned	0.75
H0208	o.nam	hin	ओनाम	aligned	0.667
H0208	o.nam	spa	onam	aligned	1.0
H0209	o.nan	eng	Onan	gloss	1.0
H0209	o.nan	fra	Onân	gloss	1.0
H0209	o.nan	por	Onã	gloss	1.0
H0209	o.nan	spa	Onán	gloss	1.0
H0209	o.nan	cmn-Hans	俄南，《思》敖难	gloss	1.0
H0209	o.nan	cmn-Hant	俄南，《思》敖難	gloss	1.0
H0209	o.nan	deu	Onan	gloss	1.0
H0209	o.nan	nld	Onan	gloss	1.0
H0209	o.nan	swa	onani	gloss	1.0
H0209	o.nan	arb	وَأُونَانُ	aligned	1.0
H0209	o.nan	eng	onan	aligned	0.625
H0209	o.nan	hin	ओनान	aligned	0.286
H0209	o.nan	rus	онан	aligned	1.0
H0209	o.nan	spa	onán	aligned	1.0
H0210	u.phaz	eng	Uphaz	gloss	1.0
H0210	u.phaz	fra	Ouphaz	gloss	1.0
H0210	u.phaz	por	Ufaz	gloss	1.0
H0210	u.phaz	spa	Ufaz	gloss	1.0
H0210	u.phaz	cmn-Hans	乌法，《思》敖非尔	gloss	1.0
H0210	u.phaz	cmn-Hant	烏法，《思》敖非爾	gloss	1.0
H0210	u.phaz	deu	Ufas	gloss	1.0
H0210	u.phaz	nld	Ufaz	gloss	1.0
H0210	u.phaz	swa	ufazi	gloss	1.0
H0210	u.phaz	arb	أُوفَازَ	aligned	1.0
H0210	u.phaz	eng	uphaz	aligned	0.75
H0210	u.phaz	spa	uphaz	aligned	1.0
H0211	o.phir	eng	Ophir	gloss	1.0
H0211	o.phir	fra	Ophir	gloss	1.0
H0211	o.phir	por	Ofir	gloss	1.0
H0211	o.phir	spa	Ofir	gloss	1.0
H0211	o.phir	cmn-Hans	阿斐，《思》敖非尔	gloss	1.0
H0211	o.phir	cmn-Hant	阿斐，《思》敖非爾	gloss	1.0
H0211	o.phir	deu	Ofir	gloss	1.0
H0211	o.phir	nld	Ofir	gloss	1.0
H0211	o.phir	swa	ofiri	gloss	1.0
H0211	o.phir	arb	أُوفِيرَ	aligned	1.0
H0211	o.phir	arb	وَأُوفِيرَ	aligned	1.0
H0211	o.phir	eng	ophir	aligned	0.88
H0211	o.phir	hin	ओपीर	aligned	0.833
H0211	o.phir	spa	ophir	aligned	1.0
H0221	u.ri	eng	Uri	gloss	1.0
H0221	u.ri	fra	Ouri	gloss	1.0
H0221	u.ri	por	Uri	gloss	1.0
H0221	u.ri	spa	Uri	gloss	1.0
H0221	u.ri	cmn-Hans	乌利，《思》乌黎	gloss	1.0
H0221	u.ri	cmn-Hant	烏利，《思》烏黎	gloss	1.0
H0221	u.ri	deu	Uri	gloss	1.0
H0221	u.ri	nld	Uri	gloss	1.0
H0221	u.ri	swa	uri	gloss	1.0
H0221	u.ri	arb	أُورِي	aligned	1.0
H0221	u.ri	arb	وَأُورِي	aligned	1.0
H0221	u.ri	eng	uri	aligned	0.867
H0221	u.ri	hin	ऊरी	aligned	0.429
H0221	u.ri	spa	uri	aligned	1.0
H0222	u.ri.el	eng	Uriel	gloss	1.0
H0222	u.ri.el	fra	Ouriel	gloss	1.0
H0222	u.ri.el	por	Uriel	gloss	1.0
H0222	u.ri.el	cmn-Hans	乌列，《思》乌黎耳	gloss	1.0
H0222	u.ri.el	cmn-Hant	烏列，《思》烏黎耳	gloss	1.0
H0222	u.ri.el	deu	Uriël	gloss	1.0
H0222	u.ri.el	nld	Uriël	gloss	1.0
H0222	u.ri.el	swa	urieli	gloss	1.0
H0222	u.ri.el	arb	أُورِيئِيلَ	aligned	1.0
H0222	u.ri.el	eng	uriel	aligned	0.875
H0222	u.ri.el	hin	ऊरीएल	aligned	0.6
H0222	u.ri.el	spa	uriel	aligned	1.0
H0223	u.riy.yah	eng	Uriah	gloss	1.0
H0223	u.riy.yah	fra	Urie	gloss	1.0
H0223	u.riy.yah	por	Urias	gloss	1.0
H0223	u.riy.yah	spa	Urías	gloss	1.0
H0223	u.riy.yah	cmn-Hans	乌利亚，《思》乌黎雅	gloss	1.0
H0223	u.riy.yah	cmn-Hant	烏利亞，《思》烏黎雅	gloss	1.0
H0223	u.riy.yah	deu	Urija	gloss	1.0
H0223	u.riy.yah	nld	Uria	gloss	1.0
H0223	u.riy.yah	swa	uria	gloss	1.0
H0223	u.riy.yah	arb	أُورِيَّا	aligned	1.0
H0223	u.riy.yah	arb	وَأُورِيَّا	aligned	1.0
H0223	u.riy.yah	arb	لِأُورِيَّا	aligned	0.5
H0223	u.riy.yah	eng	urijah	aligned	0.909
H0223	u.riy.yah	eng	uriah	aligned	0.862
H0223	u.riy.yah	eng	uriah’s	aligned	0.5
H0223	u.riy.yah	hin	ऊरिय्याह	aligned	0.872
H0223	u.riy.yah	rus	урию	aligned	1.0
H0223	u.riy.yah	rus	урия	aligned	0.7
H0223	u.riy.yah	rus	урии	aligned	0.286
H0223	u.riy.yah	spa	uría	aligned	1.0
H0223	u.riy.yah	spa	urías	aligned	0.929
H0256	ach.av	eng	Ahab	gloss	1.0
H0256	ach.av	dan	Ahab	gloss	1.0
H0256	ach.av	deu	Ahab	gloss	1.0
H0256	ach.av	nld	Achab	gloss	1.0
H0256	ach.av	swa	ahabu, aniu	gloss	1.0
H0256	ach.av	arb	أَخْآبَ	aligned	1.0
H0256	ach.av	arb	أَخْآبُ	aligned	1.0
H0256	ach.av	arb	لِأَخْآبَ	aligned	0.615
H0256	ach.av	eng	ahab	aligned	0.874
H0256	ach.av	eng	ahab’s	aligned	0.625
H0256	ach.av	hin	अहाब	aligned	0.86
H0256	ach.av	rus	ахавом	aligned	1.0
H0256	ach.av	rus	ахав	aligned	0.833
H0256	ach.av	rus	ахаву	aligned	0.8
H0256	ach.av	rus	ахава	aligned	0.538
H0256	ach.av	spa	achâb	aligned	1.0
H0271	a.chaz	eng	Ahaz	gloss	1.0
H0271	a.chaz	fra	Achaz	gloss	1.0
H0271	a.chaz	por	Acaz	gloss	1.0
H0271	a.chaz	spa	Acaz	gloss	1.0
H0271	a.chaz	cmn-Hans	亚哈斯，《思》阿哈次	gloss	1.0
H0271	a.chaz	cmn-Hant	亞哈斯，《思》阿哈次	gloss	1.0
H0271	a.chaz	dan	Akaz	gloss	1.0
H0271	a.chaz	deu	Ahas	gloss	1.0
H0271	a.chaz	nld	Achaz	gloss	1.0
H0271	a.chaz	swa	ahazi, anz, sitaitaka	gloss	1.0
H0271	a.chaz	arb	آحَازُ	aligned	1.0
H0271	a.chaz	arb	وَآحَازَ	aligned	1.0
H0271	a.chaz	arb	آحَازَ	aligned	0.923
H0271	a.chaz	arb	وَآحَازُ	aligned	0.75
H0271	a.chaz	eng	ahaz	aligned	0.809
H0271	a.chaz	hin	आहाज	aligned	0.833
H0271	a.chaz	rus	ахаз	aligned	0.684
H0271	a.chaz	spa	ahaz	aligned	1.0
H0271	a.chaz	spa	achâz	aligned	0.947
H0274	a.chaz.yah	eng	Ahaziah	gloss	1.0
H0274	a.chaz.yah	fra	Ahazya	gloss	1.0
H0274	a.chaz.yah	por	Acazias	gloss	1.0
H0274	a.chaz.yah	spa	Ocozías	gloss	1.0
H0274	a.chaz.yah	cmn-Hans	亚哈谢，《思》阿哈齐雅	gloss	1.0
H0274	a.chaz.yah	cmn-Hant	亞哈謝，《思》阿哈齊雅	gloss	1.0
H0274	a.chaz.yah	deu	Ahasja	gloss	1.0
H0274	a.chaz.yah	nld	Achazja	gloss	1.0
H0274	a.chaz.yah	swa	ahazia	gloss	1.0
H0274	a.chaz.yah	arb	أَخَزْيَا	aligned	0.969
H0274	a.chaz.yah	eng	ahaziah	aligned	0.771
H0274	a.chaz.yah	eng	ahaziah’s	aligned	0.667
H0274	a.chaz.yah	hin	अहज्याह	aligned	0.795
H0274	a.chaz.yah	rus	ахава	aligned	0.154
H0274	a.chaz.yah	spa	ochôzías	aligned	1.0
H0277	a.chi	eng	Ahi	gloss	1.0
H0277	a.chi	fra	Ahi	gloss	1.0
H0277	a.chi	por	Aí	gloss	1.0
H0277	a.chi	spa	Ají	gloss	1.0
H0277	a.chi	cmn-Hans	亚希，《思》阿希	gloss	1.0
H0277	a.chi	cmn-Hant	亞希，《思》阿希	gloss	1.0
H0277	a.chi	deu	Ahi	gloss	1.0
H0277	a.chi	nld	Achi	gloss	1.0
H0277	a.chi	swa	ahi	gloss	1.0
H0277	a.chi	eng	ahi	aligned	1.0
H0277	a.chi	hin	अही	aligned	1.0
H0279	a.chi.am	eng	Ahiam	gloss	1.0
H0279	a.chi.am	fra	Ahyam	gloss	1.0
H0279	a.chi.am	por	Aião	gloss	1.0
H0279	a.chi.am	spa	Ajían	gloss	1.0
H0279	a.chi.am	cmn-Hans	亚希暗，《思》阿希扬，阿希杨	gloss	1.0
H0279	a.chi.am	cmn-Hant	亞希暗，《思》阿希揚，阿希楊	gloss	1.0
H0279	a.chi.am	deu	Ahiam	gloss	1.0
H0279	a.chi.am	nld	Achiam	gloss	1.0
H0279	a.chi.am	swa	ahiamu	gloss	1.0
H0279	a.chi.am	eng	ahiam	aligned	1.0
H0279	a.chi.am	hin	अहीआम	aligned	1.0
H0279	a.chi.am	spa	ahiam	aligned	1.0
H0283	ach.yo	eng	Ahio	gloss	1.0
H0283	ach.yo	fra	Ahio	gloss	1.0
H0283	ach.yo	por	Aiô	gloss	1.0
H0283	ach.yo	spa	Ahio	gloss	1.0
H0283	ach.yo	cmn-Hans	亚希约，《思》阿希约	gloss	1.0
H0283	ach.yo	cmn-Hant	亞希約，《思》阿希約	gloss	1.0
H0283	ach.yo	deu	Achjo	gloss	1.0
H0283	ach.yo	nld	Achio	gloss	1.0
H0283	ach.yo	swa	ahio	gloss	1.0
H0283	ach.yo	arb	وَأَخِيُو	aligned	1.0
H0283	ach.yo	eng	ahio	aligned	0.5
H0285	a.chi.tuv	eng	Ahitub	gloss	1.0
H0285	a.chi.tuv	fra	Ahitoub	gloss	1.0
H0285	a.chi.tuv	por	Aitube	gloss	1.0
H0285	a.chi.tuv	spa	Ajitob	gloss	1.0
H0285	a.chi.tuv	cmn-Hans	亚希突，《思》阿希突布	gloss	1.0
H0285	a.chi.tuv	cmn-Hant	亞希突，《思》阿希突布	gloss	1.0
H0285	a.chi.tuv	deu	Ahitub	gloss	1.0
H0285	a.chi.tuv	nld	Achitub	gloss	1.0
H0285	a.chi.tuv	swa	ahitubu	gloss	1.0
H0285	a.chi.tuv	arb	أَخِيطُوبَ	aligned	1.0
H0285	a.chi.tuv	eng	ahitub	aligned	0.903
H0285	a.chi.tuv	hin	अहीतूब	aligned	0.8
H0285	a.chi.tuv	rus	ахитув	aligned	0.667
H0285	a.chi.tuv	spa	achîtob	aligned	1.0
H0285	a.chi.tuv	spa	ahitob	aligned	1.0
H0285	a.chi.tuv	spa	meraioth	aligned	0.286
H0286	a.chi.lud	eng	Ahilud	gloss	1.0
H0286	a.chi.lud	fra	Ahiloud	gloss	1.0
H0286	a.chi.lud	por	Ailude	gloss	1.0
H0286	a.chi.lud	spa	Ajilud	gloss	1.0
H0286	a.chi.lud	cmn-Hans	亚希律，《思》阿希路得	gloss	1.0
H0286	a.chi.lud	cmn-Hant	亞希律，《思》阿希路得	gloss	1.0
H0286	a.chi.lud	deu	Ahilud	gloss	1.0
H0286	a.chi.lud	nld	Achilud	gloss	1.0
H0286	a.chi.lud	swa	ahiludi, tarehe	gloss	1.0
H0286	a.chi.lud	arb	أَخِيلُودَ	aligned	1.0
H0286	a.chi.lud	eng	ahilud	aligned	1.0
H0286	a.chi.lud	hin	अहीलूद	aligned	1.0
H0286	a.chi.lud	spa	ahilud	aligned	1.0
H0288	a.chi.me.lekh	eng	Ahimelech	gloss	1.0
H0288	a.chi.me.lekh	fra	Ahimèlek	gloss	1.0
H0288	a.chi.me.lekh	por	Aimeleque	gloss	1.0
H0288	a.chi.me.lekh	spa	Ajimelec	gloss	1.0
H0288	a.chi.me.lekh	cmn-Hans	亚希米勒，《思》阿希默肋客	gloss	1.0
H0288	a.chi.me.lekh	cmn-Hant	亞希米勒，《思》阿希默肋客	gloss	1.0
H0288	a.chi.me.lekh	deu	Ahimelech	gloss	1.0
H0288	a.chi.me.lekh	nld	Achimelech	gloss	1.0
H0288	a.chi.me.lekh	swa	ahimeleki, msir	gloss	1.0
H0288	a.chi.me.lekh	arb	أَخِيمَالِكَ	aligned	1.0
H0288	a.chi.me.lekh	arb	أَخِيمَالِكُ	aligned	1.0
H0288	a.chi.me.lekh	arb	وَأَخِيمَالِكَ	aligned	1.0
H0288	a.chi.me.lekh	eng	ahimelech	aligned	0.735
H0288	a.chi.me.lekh	hin	अहीमेलेक	aligned	0.562
H0288	a.chi.me.lekh	rus	ахимелеху	aligned	0.8
H0288	a.chi.me.lekh	spa	ahimelech	aligned	1.0
H0289	a.chi.man	eng	Ahiman	gloss	1.0
H0289	a.chi.man	fra	Ahimân	gloss	1.0
H0289	a.chi.man	por	Aimã	gloss	1.0
H0289	a.chi.man	spa	Ajimán	gloss	1.0
H0289	a.chi.man	cmn-Hans	亚希幔，《思》阿希曼	gloss	1.0
H0289	a.chi.man	cmn-Hant	亞希幔，《思》阿希曼	gloss	1.0
H0289	a.chi.man	deu	Ahiman	gloss	1.0
H0289	a.chi.man	nld	Achiman	gloss	1.0
H0289	a.chi.man	swa	ahimani	gloss	1.0
H0289	a.chi.man	arb	وَأَخِيمَانَ	aligned	1.0
H0289	a.chi.man	eng	ahiman	aligned	0.625
H0289	a.chi.man	hin	अहीमन	aligned	0.75
H0289	a.chi.man	spa	talmai	aligned	0.5
H0293	a.chi.no.am	eng	Ahinoam	gloss	1.0
H0293	a.chi.no.am	fra	Ahinoam	gloss	1.0
H0293	a.chi.no.am	por	Ainoã	gloss	1.0
H0293	a.chi.no.am	spa	Ajinoam	gloss	1.0
H0293	a.chi.no.am	cmn-Hans	亚希暖，《思》阿希诺罕	gloss	1.0
H0293	a.chi.no.am	cmn-Hant	亞希暖，《思》阿希諾罕	gloss	1.0
H0293	a.chi.no.am	deu	Ahinoam	gloss	1.0
H0293	a.chi.no.am	nld	Achinoam	gloss	1.0
H0293	a.chi.no.am	swa	ahinoamu	gloss	1.0
H0293	a.chi.no.am	arb	أَخِينُوعَمَ	aligned	1.0
H0293	a.chi.no.am	arb	أَخِينُوعَمُ	aligned	1.0
H0293	a.chi.no.am	eng	ahinoam	aligned	0.857
H0293	a.chi.no.am	hin	अहीनोअम	aligned	0.714
H0293	a.chi.no.am	spa	ahinoam	aligned	1.0
H0295	a.chi.e.zer	eng	Ahiezer	gloss	1.0
H0295	a.chi.e.zer	fra	Ahièzer	gloss	1.0
H0295	a.chi.e.zer	por	Aiezer	gloss	1.0
H0295	a.chi.e.zer	spa	Ajiezer	gloss	1.0
H0295	a.chi.e.zer	cmn-Hans	亚希以谢，《思》阿希厄则尔	gloss	1.0
H0295	a.chi.e.zer	cmn-Hant	亞希以謝，《思》阿希厄則爾	gloss	1.0
H0295	a.chi.e.zer	deu	Ahiëser	gloss	1.0
H0295	a.chi.e.zer	nld	Achiëzer	gloss	1.0
H0295	a.chi.e.zer	swa	ahiezeri	gloss	1.0
H0295	a.chi.e.zer	arb	أَخِيعَزَرُ	aligned	1.0
H0295	a.chi.e.zer	eng	ahiezer	aligned	1.0
H0295	a.chi.e.zer	hin	अहीएजेर	aligned	1.0
H0295	a.chi.e.zer	rus	аммишаддая	aligned	1.0
H0295	a.chi.e.zer	spa	ahiezer	aligned	1.0
H0296	a.chi.qam	eng	Ahikam	gloss	1.0
H0296	a.chi.qam	fra	Ahiqam	gloss	1.0
H0296	a.chi.qam	por	Aicão	gloss	1.0
H0296	a.chi.qam	spa	Ajicán	gloss	1.0
H0296	a.chi.qam	cmn-Hans	亚希甘，《思》阿希甘	gloss	1.0
H0296	a.chi.qam	cmn-Hant	亞希甘，《思》阿希甘	gloss	1.0
H0296	a.chi.qam	deu	Ahikam	gloss	1.0
H0296	a.chi.qam	nld	Achikam	gloss	1.0
H0296	a.chi.qam	swa	ahikamu, kabidh, ampeleke	gloss	1.0
H0296	a.chi.qam	arb	أَخِيقَامَ	aligned	1.0
H0296	a.chi.qam	arb	وَأَخِيقَامَ	aligned	1.0
H0296	a.chi.qam	eng	ahikam	aligned	0.95
H0296	a.chi.qam	hin	अहीकाम	aligned	0.947
H0296	a.chi.qam	spa	ahicam	aligned	1.0
H0300	a.chi.sha.char	eng	Ahishahar	gloss	1.0
H0300	a.chi.sha.char	fra	Ahishahar	gloss	1.0
H0300	a.chi.sha.char	por	Aisaar	gloss	1.0
H0300	a.chi.sha.char	spa	Ajisajar	gloss	1.0
H0300	a.chi.sha.char	cmn-Hans	亚希沙哈，《思》希沙哈尔	gloss	1.0
H0300	a.chi.sha.char	cmn-Hant	亞希沙哈，《思》希沙哈爾	gloss	1.0
H0300	a.chi.sha.char	deu	Ahischahar	gloss	1.0
H0300	a.chi.sha.char	nld	Achisachar	gloss	1.0
H0300	a.chi.sha.char	swa	ahishahari	gloss	1.0
H0325	a.chash.ve.rosh	eng	Ahasuerus	gloss	1.0
H0325	a.chash.ve.rosh	fra	Assuérus	gloss	1.0
H0325	a.chash.ve.rosh	por	Assuero	gloss	1.0
H0325	a.chash.ve.rosh	spa	Asuero	gloss	1.0
H0325	a.chash.ve.rosh	cmn-Hans	亚哈随鲁，薛西斯，《思》薛西斯	gloss	1.0
H0325	a.chash.ve.rosh	cmn-Hant	亞哈隨魯，薛西斯，《思》薛西斯	gloss	1.0
H0325	a.chash.ve.rosh	deu	Xerxes	gloss	1.0
H0325	a.chash.ve.rosh	nld	Ahasveros	gloss	1.0
H0325	a.chash.ve.rosh	swa	ahasuero	gloss	1.0
H0325	a.chash.ve.rosh	arb	أَحَشْوِيرُوشَ	aligned	1.0
H0325	a.chash.ve.rosh	arb	أَحَشْوِيرُوشُ	aligned	1.0
H0325	a.chash.ve.rosh	eng	ahasuerus	aligned	1.0
H0325	a.chash.ve.rosh	eng	xerxes	aligned	0.867
H0325	a.chash.ve.rosh	hin	क्षयर्ष	aligned	1.0
H0325	a.chash.ve.rosh	rus	артаксеркс	aligned	0.833
H0325	a.chash.ve.rosh	spa	assuero	aligned	1.0
H0333	a.ter	eng	Ater	gloss	1.0
H0333	a.ter	fra	Atér	gloss	1.0
H0333	a.ter	por	Ater	gloss	1.0
H0333	a.ter	spa	Ater	gloss	1.0
H0333	a.ter	cmn-Hans	亚特，《思》阿特尔	gloss	1.0
H0333	a.ter	cmn-Hant	亞特，《思》阿特爾	gloss	1.0
H0333	a.ter	deu	Ater	gloss	1.0
H0333	a.ter	nld	Ater	gloss	1.0
H0333	a.ter	swa	ateri	gloss	1.0
H0333	a.ter	arb	آطِيرَ	aligned	1.0
H0333	a.ter	eng	ater	aligned	1.0
H0333	a.ter	hin	आतेर	aligned	1.0
H0333	a.ter	spa	ater	aligned	1.0
H0347	iy.yov	eng	Job	gloss	1.0
H0347	iy.yov	fra	Job	gloss	1.0
H0347	iy.yov	por	Jó	gloss	1.0
H0347	iy.yov	spa	Job	gloss	1.0
H0347	iy.yov	cmn-Hans	约伯	gloss	1.0
H0347	iy.yov	cmn-Hant	約伯	gloss	1.0
H0347	iy.yov	dan	Job	gloss	1.0
H0347	iy.yov	deu	Ijob	gloss	1.0
H0347	iy.yov	nld	Job	gloss	1.0
H0347	iy.yov	swa	ayubu	gloss	1.0
H0347	iy.yov	arb	أَيُّوبُ	aligned	1.0
H0347	iy.yov	arb	وَأَيُّوبُ	aligned	1.0
H0347	iy.yov	arb	أَيُّوبَ	aligned	0.964
H0347	iy.yov	eng	job	aligned	0.829
H0347	iy.yov	eng	job’s	aligned	0.455
H0347	iy.yov	hin	अय्यूब	aligned	0.774
H0347	iy.yov	rus	иову	aligned	0.833
H0347	iy.yov	rus	иов	aligned	0.786
H0347	iy.yov	rus	иова	aligned	0.6
H0347	iy.yov	spa	job	aligned	0.965
H0348	i.ze.vel	eng	Jezebel	gloss	1.0
H0348	i.ze.vel	fra	Jézabel	gloss	1.0
H0348	i.ze.vel	por	Jezabel	gloss	1.0
H0348	i.ze.vel	spa	Jezabel	gloss	1.0
H0348	i.ze.vel	cmn-Hans	耶洗别，《思》依则贝耳	gloss	1.0
H0348	i.ze.vel	cmn-Hant	耶洗別，《思》依則貝耳	gloss	1.0
H0348	i.ze.vel	deu	Isebel	gloss	1.0
H0348	i.ze.vel	nld	Izebel	gloss	1.0
H0348	i.ze.vel	swa	yezebeli	gloss	1.0
H0348	i.ze.vel	arb	إِيزَابَلُ	aligned	1.0
H0348	i.ze.vel	arb	إِيزَابَلَ	aligned	0.909
H0348	i.ze.vel	eng	jezebel’s	aligned	1.0
H0348	i.ze.vel	eng	jezebel	aligned	0.854
H0348	i.ze.vel	hin	ईजेबेल	aligned	0.762
H0348	i.ze.vel	rus	иезавель	aligned	1.0
H0348	i.ze.vel	rus	иезавели	aligned	0.667
H0348	i.ze.vel	spa	jezabel	aligned	0.955
H0356	e.lon	eng	Elon	gloss	1.0
H0356	e.lon	fra	Élôn	gloss	1.0
H0356	e.lon	por	Elom	gloss	1.0
H0356	e.lon	spa	Elón	gloss	1.0
H0356	e.lon	cmn-Hans	以伦，《思》厄隆	gloss	1.0
H0356	e.lon	cmn-Hant	以倫，《思》厄隆	gloss	1.0
H0356	e.lon	deu	Elon	gloss	1.0
H0356	e.lon	nld	Elon	gloss	1.0
H0356	e.lon	swa	eloni	gloss	1.0
H0356	e.lon	arb	إِيلُونَ	aligned	1.0
H0356	e.lon	arb	إِيلُونُ	aligned	1.0
H0356	e.lon	eng	elon	aligned	0.733
H0356	e.lon	hin	एलोन	aligned	0.429
H0356	e.lon	rus	елон	aligned	1.0
H0356	e.lon	spa	elón	aligned	1.0
H0357	ay.ya.lon	eng	Aijalon	gloss	1.0
H0357	ay.ya.lon	fra	Ayalôn	gloss	1.0
H0357	ay.ya.lon	por	Aijalom	gloss	1.0
H0357	ay.ya.lon	spa	Ajalón	gloss	1.0
H0357	ay.ya.lon	cmn-Hans	亚雅仑，《思》阿雅隆	gloss	1.0
H0357	ay.ya.lon	cmn-Hant	亞雅崙，《思》阿雅隆	gloss	1.0
H0357	ay.ya.lon	deu	Ajalon	gloss	1.0
H0357	ay.ya.lon	nld	Ajjalon	gloss	1.0
H0357	ay.ya.lon	swa	aiyaloni, ayaloni	gloss	1.0
H0357	ay.ya.lon	arb	أَيَّلُونَ	aligned	1.0
H0357	ay.ya.lon	arb	وَأَيَّلُونَ	aligned	1.0
H0357	ay.ya.lon	eng	aijalon	aligned	0.789
H0357	ay.ya.lon	hin	अय्यालोन	aligned	0.75
H0357	ay.ya.lon	rus	аиалон	aligned	0.667
H0357	ay.ya.lon	spa	ajalón	aligned	1.0
H0358	e.lon bet cha.nan	eng	Elonbeth-hanan	gloss	1.0
H0358	e.lon bet cha.nan	fra	Élôn-Beth-Hanân	gloss	1.0
H0358	e.lon bet cha.nan	por	Elom	gloss	1.0
H0358	e.lon bet cha.nan	spa	Elón	gloss	1.0
H0358	e.lon bet cha.nan	cmn-Hans	以伦‧伯‧哈南，《思》阿雅隆及贝特哈南	gloss	1.0
H0358	e.lon bet cha.nan	cmn-Hant	以倫‧伯‧哈南，《思》阿雅隆及貝特哈南	gloss	1.0
H0359	e.lat	eng	Elath	gloss	1.0
H0359	e.lat	deu	Elat	gloss	1.0
H0359	e.lat	nld	Elat	gloss	1.0
H0359	e.lat	swa	elathi, elothi	gloss	1.0
H0359	e.lat	arb	أَيْلَةَ	aligned	0.467
H0359	e.lat	eng	elath	aligned	0.8
H0359	e.lat	eng	eloth	aligned	0.8
H0359	e.lat	hin	एलोत	aligned	1.0
H0359	e.lat	hin	एलत	aligned	0.75
H0359	e.lat	spa	elath	aligned	1.0
H0362	e.lim	eng	Elim	gloss	1.0
H0362	e.lim	fra	Élim	gloss	1.0
H0362	e.lim	por	Elim	gloss	1.0
H0362	e.lim	spa	Elim	gloss	1.0
H0362	e.lim	cmn-Hans	以琳，《思》厄林	gloss	1.0
H0362	e.lim	cmn-Hant	以琳，《思》厄林	gloss	1.0
H0362	e.lim	deu	Elim	gloss	1.0
H0362	e.lim	nld	Elim	gloss	1.0
H0362	e.lim	swa	elim	gloss	1.0
H0362	e.lim	arb	إِيلِيمَ	aligned	1.0
H0362	e.lim	eng	elim	aligned	0.818
H0362	e.lim	hin	एलीम	aligned	0.5
H0362	e.lim	rus	елим	aligned	1.0
H0362	e.lim	spa	elim	aligned	1.0
H0378	ish-bo.shet	eng	Ish-bosheth	gloss	1.0
H0378	ish-bo.shet	fra	Ish-Bosheth	gloss	1.0
H0378	ish-bo.shet	por	Isbosete	gloss	1.0
H0378	ish-bo.shet	spa	Ishboset	gloss	1.0
H0378	ish-bo.shet	cmn-Hans	伊施波设，《思》依市巴耳	gloss	1.0
H0378	ish-bo.shet	cmn-Hant	伊施波設，《思》依市巴耳	gloss	1.0
H0378	ish-bo.shet	eng	ish-bosheth	aligned	0.625
H0384	i.ti.el	eng	Ithiel	gloss	1.0
H0384	i.ti.el	fra	Ithiel	gloss	1.0
H0384	i.ti.el	por	Itiel	gloss	1.0
H0384	i.ti.el	spa	Itiel	gloss	1.0
H0384	i.ti.el	cmn-Hans	以铁，《思》依提耳	gloss	1.0
H0384	i.ti.el	cmn-Hant	以鐵，《思》依提耳	gloss	1.0
H0384	i.ti.el	deu	Itiël	gloss	1.0
H0384	i.ti.el	nld	Itiël	gloss	1.0
H0384	i.ti.el	swa	ithieli	gloss	1.0
H0384	i.ti.el	arb	إِيثِيئِيلَ	aligned	1.0
H0384	i.ti.el	eng	ithiel	aligned	0.667
H0384	i.ti.el	spa	ithiel	aligned	1.0
H0385	i.ta.mar	eng	Ithamar	gloss	1.0
H0385	i.ta.mar	fra	Itamar	gloss	1.0
H0385	i.ta.mar	por	Itamar	gloss	1.0
H0385	i.ta.mar	spa	Itamar	gloss	1.0
H0385	i.ta.mar	cmn-Hans	以他玛，《思》依塔玛尔	gloss	1.0
H0385	i.ta.mar	cmn-Hant	以他瑪，《思》依塔瑪爾	gloss	1.0
H0385	i.ta.mar	deu	Itamar	gloss	1.0
H0385	i.ta.mar	nld	Itamar	gloss	1.0
H0385	i.ta.mar	swa	ithamari	gloss	1.0
H0385	i.ta.mar	arb	إِيثَامَارَ	aligned	1.0
H0385	i.ta.mar	arb	وَإِيثَامَارَ	aligned	1.0
H0385	i.ta.mar	arb	وَإِيثَامَارُ	aligned	1.0
H0385	i.ta.mar	eng	ithamar’s	aligned	1.0
H0385	i.ta.mar	eng	ithamar	aligned	0.769
H0385	i.ta.mar	hin	ईतामार	aligned	0.8
H0385	i.ta.mar	spa	ithamar	aligned	1.0
H0387	e.tan	eng	Ethan	gloss	1.0
H0387	e.tan	eng	ethan	aligned	0.733
H0387	e.tan	hin	एतान	aligned	0.5
H0387	e.tan	spa	ethán	aligned	1.0
H0392	akh.ziv	eng	Achzib	gloss	1.0
H0392	akh.ziv	fra	Akzib	gloss	1.0
H0392	akh.ziv	por	Aczibe	gloss	1.0
H0392	akh.ziv	spa	Aczib	gloss	1.0
H0392	akh.ziv	cmn-Hans	亚革悉，《思》阿革齐布	gloss	1.0
H0392	akh.ziv	cmn-Hant	亞革悉，《思》阿革齊布	gloss	1.0
H0392	akh.ziv	deu	Achsib	gloss	1.0
H0392	akh.ziv	nld	Achzib	gloss	1.0
H0392	akh.ziv	swa	akzibu, akizibu	gloss	1.0
H0392	akh.ziv	arb	أَكْزِيبَ	aligned	1.0
H0392	akh.ziv	eng	achzib	aligned	0.75
H0392	akh.ziv	spa	achzib	aligned	1.0
H0397	a.khish	eng	Achish	gloss	1.0
H0397	a.khish	fra	Akish	gloss	1.0
H0397	a.khish	por	Aquis	gloss	1.0
H0397	a.khish	spa	Aquis	gloss	1.0
H0397	a.khish	cmn-Hans	亚吉，《思》阿基士	gloss	1.0
H0397	a.khish	cmn-Hant	亞吉，《思》阿基士	gloss	1.0
H0397	a.khish	deu	Achisch	gloss	1.0
H0397	a.khish	nld	Achis	gloss	1.0
H0397	a.khish	swa	akishi	gloss	1.0
H0397	a.khish	arb	أَخِيشَ	aligned	1.0
H0397	a.khish	arb	أَخِيشُ	aligned	1.0
H0397	a.khish	eng	achish	aligned	0.95
H0397	a.khish	hin	आकीश	aligned	1.0
H0397	a.khish	rus	анхус	aligned	1.0
H0397	a.khish	rus	анхусу	aligned	0.8
H0397	a.khish	spa	achîs	aligned	1.0
H0407	akh.shaph	eng	Achshaph	gloss	1.0
H0407	akh.shaph	fra	Akshaf	gloss	1.0
H0407	akh.shaph	por	Acsafe	gloss	1.0
H0407	akh.shaph	spa	Acsaf	gloss	1.0
H0407	akh.shaph	cmn-Hans	押煞，《思》阿革沙夫，阿革沙弗	gloss	1.0
H0407	akh.shaph	cmn-Hant	押煞，《思》阿革沙夫，阿革沙弗	gloss	1.0
H0407	akh.shaph	deu	Achschaf	gloss	1.0
H0407	akh.shaph	nld	Achsaf	gloss	1.0
H0407	akh.shaph	swa	akshafu	gloss	1.0
H0407	akh.shaph	arb	أَكْشَافَ	aligned	1.0
H0407	akh.shaph	eng	achshaph	aligned	0.667
H0407	akh.shaph	spa	achsaph	aligned	1.0
H0419	el.dad	eng	Eldad	gloss	1.0
H0419	el.dad	fra	Eldad	gloss	1.0
H0419	el.dad	por	Eldade	gloss	1.0
H0419	el.dad	spa	Eldad	gloss	1.0
H0419	el.dad	cmn-Hans	伊利达，《思》厄耳达得	gloss	1.0
H0419	el.dad	cmn-Hant	伊利達，《思》厄耳達得	gloss	1.0
H0419	el.dad	deu	Eldad	gloss	1.0
H0419	el.dad	nld	Eldad	gloss	1.0
H0419	el.dad	swa	eldadi	gloss	1.0
H0419	el.dad	arb	أَلْدَادُ	aligned	1.0
H0419	el.dad	eng	eldad	aligned	0.75
H0419	el.dad	hin	एलदाद	aligned	1.0
H0419	el.dad	rus	модад	aligned	1.0
H0419	el.dad	spa	eldad	aligned	1.0
H0420	el.da.ah	eng	Eldaah	gloss	1.0
H0420	el.da.ah	fra	Eldaa	gloss	1.0
H0420	el.da.ah	por	Elda	gloss	1.0
H0420	el.da.ah	spa	Eldá	gloss	1.0
H0420	el.da.ah	cmn-Hans	以勒大，《思》厄耳达阿	gloss	1.0
H0420	el.da.ah	cmn-Hant	以勒大，《思》厄耳達阿	gloss	1.0
H0420	el.da.ah	deu	Eldaga	gloss	1.0
H0420	el.da.ah	nld	Eldaä	gloss	1.0
H0420	el.da.ah	swa	eldaa	gloss	1.0
H0420	el.da.ah	arb	وَأَلْدَعَةُ	aligned	1.0
H0420	el.da.ah	eng	eldaah	aligned	0.5
H0420	el.da.ah	spa	eldaa	aligned	1.0
H0425	e.lah	eng	Elah	gloss	1.0
H0425	e.lah	arb	أَيْلَةُ	aligned	1.0
H0425	e.lah	arb	وَأَيْلَةُ	aligned	1.0
H0425	e.lah	arb	أَيْلَةَ	aligned	0.533
H0425	e.lah	eng	elah	aligned	0.871
H0425	e.lah	hin	एला	aligned	0.857
H0425	e.lah	spa	ela	aligned	0.929
H0445	el.cha.nan	eng	Elhanan	gloss	1.0
H0445	el.cha.nan	fra	Elhanân	gloss	1.0
H0445	el.cha.nan	por	Elanã	gloss	1.0
H0445	el.cha.nan	spa	Eljanán	gloss	1.0
H0445	el.cha.nan	cmn-Hans	伊勒哈难，《思》厄耳哈难	gloss	1.0
H0445	el.cha.nan	cmn-Hant	伊勒哈難，《思》厄耳哈難	gloss	1.0
H0445	el.cha.nan	deu	Elhanan	gloss	1.0
H0445	el.cha.nan	nld	Elchanan	gloss	1.0
H0445	el.cha.nan	swa	elhanani	gloss	1.0
H0445	el.cha.nan	arb	وَأَلْحَانَانُ	aligned	1.0
H0445	el.cha.nan	eng	elhanan	aligned	0.75
H0445	el.cha.nan	hin	एल्हनान	aligned	1.0
H0446	e.li.av	eng	Eliab	gloss	1.0
H0446	e.li.av	fra	Éliab	gloss	1.0
H0446	e.li.av	por	Eliabe	gloss	1.0
H0446	e.li.av	spa	Eliab	gloss	1.0
H0446	e.li.av	cmn-Hans	以利押，《思》厄里雅布	gloss	1.0
H0446	e.li.av	cmn-Hant	以利押，《思》厄里雅布	gloss	1.0
H0446	e.li.av	deu	Eliab	gloss	1.0
H0446	e.li.av	nld	Eliab	gloss	1.0
H0446	e.li.av	swa	eliabu, elihu	gloss	1.0
H0446	e.li.av	arb	أَلِيآبَ	aligned	1.0
H0446	e.li.av	arb	أَلِيآبُ	aligned	1.0
H0446	e.li.av	arb	وَأَلِيآبَ	aligned	1.0
H0446	e.li.av	eng	eliab	aligned	0.927
H0446	e.li.av	hin	एलीआब	aligned	0.864
H0446	e.li.av	rus	хелона	aligned	1.0
H0446	e.li.av	spa	eliab	aligned	1.0
H0447	e.li.el	eng	Eliel	gloss	1.0
H0447	e.li.el	fra	Èliel	gloss	1.0
H0447	e.li.el	por	Eliel	gloss	1.0
H0447	e.li.el	spa	Eliel	gloss	1.0
H0447	e.li.el	cmn-Hans	以利业，《现》以列，《思》厄里耳	gloss	1.0
H0447	e.li.el	cmn-Hant	以利業，《現》以列，《思》厄里耳	gloss	1.0
H0447	e.li.el	deu	Eliël	gloss	1.0
H0447	e.li.el	nld	Eliël	gloss	1.0
H0447	e.li.el	swa	elieli, elihu	gloss	1.0
H0447	e.li.el	arb	إِيلِيئِيلُ	aligned	1.0
H0447	e.li.el	arb	وَإِيلِيئِيلُ	aligned	1.0
H0447	e.li.el	eng	eliel	aligned	0.75
H0447	e.li.el	hin	एलीएल	aligned	0.556
H0447	e.li.el	spa	eliel	aligned	1.0
H0448	e.li.a.tah	eng	Eliathah	gloss	1.0
H0448	e.li.a.tah	fra	Èliata	gloss	1.0
H0448	e.li.a.tah	por	Eliata	gloss	1.0
H0448	e.li.a.tah	spa	Eliata	gloss	1.0
H0448	e.li.a.tah	cmn-Hans	以利亚他，《思》厄里雅达	gloss	1.0
H0448	e.li.a.tah	cmn-Hant	以利亞他，《思》厄里雅達	gloss	1.0
H0448	e.li.a.tah	deu	Eliata	gloss	1.0
H0448	e.li.a.tah	nld	Eliata	gloss	1.0
H0448	e.li.a.tah	swa	eliatha	gloss	1.0
H0448	e.li.a.tah	eng	eliathah	aligned	0.75
H0448	e.li.a.tah	spa	eliatha	aligned	1.0
H0452	e.liy.yah	eng	Elijah	gloss	1.0
H0452	e.liy.yah	fra	Élie	gloss	1.0
H0452	e.liy.yah	por	Elias	gloss	1.0
H0452	e.liy.yah	spa	Elías	gloss	1.0
H0452	e.liy.yah	cmn-Hans	以利亚，《思》厄里亚	gloss	1.0
H0452	e.liy.yah	cmn-Hant	以利亞，《思》厄里亞	gloss	1.0
H0452	e.liy.yah	dan	Elias	gloss	1.0
H0452	e.liy.yah	deu	Elija	gloss	1.0
H0452	e.liy.yah	nld	Elia	gloss	1.0
H0452	e.liy.yah	swa	eliya	gloss	1.0
H0452	e.liy.yah	arb	إِيلِيَّا	aligned	0.714
H0452	e.liy.yah	arb	وَإِيلِيَّا	aligned	0.6
H0452	e.liy.yah	eng	elijah	aligned	0.583
H0452	e.liy.yah	hin	एलिय्याह	aligned	0.667
H0452	e.liy.yah	rus	илии	aligned	0.6
H0452	e.liy.yah	rus	илия	aligned	0.556
H0452	e.liy.yah	spa	elías	aligned	0.677
H0453	e.li.hu	eng	Elihu	gloss	1.0
H0453	e.li.hu	fra	Élihou	gloss	1.0
H0453	e.li.hu	por	Eliú	gloss	1.0
H0453	e.li.hu	spa	Eliú	gloss	1.0
H0453	e.li.hu	cmn-Hans	以利户，《思》厄里胡	gloss	1.0
H0453	e.li.hu	cmn-Hant	以利戶，《思》厄里胡	gloss	1.0
H0453	e.li.hu	deu	Elihu	gloss	1.0
H0453	e.li.hu	nld	Elihu	gloss	1.0
H0453	e.li.hu	swa	elihu	gloss	1.0
H0453	e.li.hu	arb	أَلِيهُو	aligned	1.0
H0453	e.li.hu	arb	أَلِيهُوَ	aligned	1.0
H0453	e.li.hu	eng	elihu	aligned	0.905
H0453	e.li.hu	hin	एलीहू	aligned	0.818
H0453	e.li.hu	rus	елиуй	aligned	1.0
H0453	e.li.hu	spa	eliú	aligned	1.0
H0454	el.ye.ho.e.nay	eng	Eliehoenai	gloss	1.0
H0454	el.ye.ho.e.nay	deu	Eljoënai	gloss	1.0
H0454	el.ye.ho.e.nay	nld	Eljoënai	gloss	1.0
H0454	el.ye.ho.e.nay	swa	eliehoenai, elioenai	gloss	1.0
H0454	el.ye.ho.e.nay	arb	أَلْيُوعِينَايُ	aligned	1.0
H0454	el.ye.ho.e.nay	arb	وَأَلْيُوعِينَايُ	aligned	1.0
H0454	el.ye.ho.e.nay	eng	eliehoenai	aligned	1.0
H0454	el.ye.ho.e.nay	eng	elioenai	aligned	0.8
H0454	el.ye.ho.e.nay	hin	एल्यहोएनै	aligned	1.0
H0454	el.ye.ho.e.nay	hin	एल्योएनै	aligned	0.714
H0454	el.ye.ho.e.nay	spa	elioenai	aligned	0.9
H0460	el.ya.saph	eng	Eliasaph	gloss	1.0
H0460	el.ya.saph	fra	Eliasaph	gloss	1.0
H0460	el.ya.saph	por	Eliasafe	gloss	1.0
H0460	el.ya.saph	spa	Eliasaf	gloss	1.0
H0460	el.ya.saph	cmn-Hans	以利雅萨，《思》厄肋雅撒夫，厄里雅撒夫	gloss	1.0
H0460	el.ya.saph	cmn-Hant	以利雅薩，《思》厄肋雅撒夫，厄里雅撒夫	gloss	1.0
H0460	el.ya.saph	deu	Eljasaf	gloss	1.0
H0460	el.ya.saph	nld	Eljasaf	gloss	1.0
H0460	el.ya.saph	swa	eliasafu	gloss	1.0
H0460	el.ya.saph	arb	أَلِيَاسَافُ	aligned	1.0
H0460	el.ya.saph	eng	eliasaph	aligned	1.0
H0460	el.ya.saph	hin	एल्यासाप	aligned	1.0
H0460	el.ya.saph	rus	регуила	aligned	1.0
H0460	el.ya.saph	spa	eliasaph	aligned	1.0
H0461	e.li.e.zer	eng	Eliezer	gloss	1.0
H0461	e.li.e.zer	fra	Éliézer	gloss	1.0
H0461	e.li.e.zer	por	Eliézer	gloss	1.0
H0461	e.li.e.zer	spa	Eliezer	gloss	1.0
H0461	e.li.e.zer	cmn-Hans	以利以谢，《思》厄里厄则尔	gloss	1.0
H0461	e.li.e.zer	cmn-Hant	以利以謝，《思》厄里厄則爾	gloss	1.0
H0461	e.li.e.zer	dan	Eliezer	gloss	1.0
H0461	e.li.e.zer	deu	Eliëser	gloss	1.0
H0461	e.li.e.zer	nld	Eliëzer	gloss	1.0
H0461	e.li.e.zer	swa	eliezeri	gloss	1.0
H0461	e.li.e.zer	arb	أَلِيعَازَرُ	aligned	1.0
H0461	e.li.e.zer	arb	أَلِيعَزَرَ	aligned	1.0
H0461	e.li.e.zer	arb	أَلِيعَزَرُ	aligned	1.0
H0461	e.li.e.zer	arb	وَأَلِيعَزَرُ	aligned	1.0
H0461	e.li.e.zer	eng	eliezer	aligned	0.655
H0461	e.li.e.zer	hin	एलीएजेर	aligned	0.5
H0461	e.li.e.zer	rus	елиезера	aligned	1.0
H0461	e.li.e.zer	rus	елиезер	aligned	0.667
H0461	e.li.e.zer	spa	eliezer	aligned	0.933
H0464	e.li.phaz	eng	Eliphaz	gloss	1.0
H0464	e.li.phaz	fra	Èlifaz	gloss	1.0
H0464	e.li.phaz	por	Elifaz	gloss	1.0
H0464	e.li.phaz	spa	Elifaz	gloss	1.0
H0464	e.li.phaz	cmn-Hans	以利法，《思》厄里法次	gloss	1.0
H0464	e.li.phaz	cmn-Hant	以利法，《思》厄里法次	gloss	1.0
H0464	e.li.phaz	dan	Elifaz	gloss	1.0
H0464	e.li.phaz	deu	Elifas	gloss	1.0
H0464	e.li.phaz	nld	Elifaz	gloss	1.0
H0464	e.li.phaz	swa	elifazi	gloss	1.0
H0464	e.li.phaz	arb	أَلِيفَازَ	aligned	1.0
H0464	e.li.phaz	arb	أَلِيفَازُ	aligned	1.0
H0464	e.li.phaz	arb	لِأَلِيفَازَ	aligned	0.667
H0464	e.li.phaz	eng	eliphaz	aligned	0.966
H0464	e.li.phaz	hin	एलीपज	aligned	0.857
H0464	e.li.phaz	rus	елифаз	aligned	1.0
H0464	e.li.phaz	rus	елифаза	aligned	1.0
H0464	e.li.phaz	rus	исавова	aligned	0.667
H0464	e.li.phaz	spa	eliphaz	aligned	1.0
H0466	e.liph.le.hu	eng	Eliphelehu	gloss	1.0
H0466	e.liph.le.hu	fra	Èlifeléhou	gloss	1.0
H0466	e.liph.le.hu	por	Elifeleu	gloss	1.0
H0466	e.liph.le.hu	spa	Elifelu	gloss	1.0
H0466	e.liph.le.hu	cmn-Hans	以利斐利户，《思》厄里斐路	gloss	1.0
H0466	e.liph.le.hu	cmn-Hant	以利斐利戶，《思》厄里斐路	gloss	1.0
H0466	e.liph.le.hu	deu	Elifelehu	gloss	1.0
H0466	e.liph.le.hu	nld	Elifelehu	gloss	1.0
H0466	e.liph.le.hu	swa	elifelehu	gloss	1.0
H0466	e.liph.le.hu	arb	وَأَلِيفَلْيَا	aligned	1.0
H0466	e.liph.le.hu	eng	elipheleh	aligned	1.0
H0466	e.liph.le.hu	spa	eliphelehu	aligned	1.0
H0467	e.li.phe.let	eng	Eliphelet	gloss	1.0
H0467	e.li.phe.let	deu	Elifelet	gloss	1.0
H0467	e.li.phe.let	nld	Elifelet	gloss	1.0
H0467	e.li.phe.let	swa	elifeleti, elipeleti	gloss	1.0
H0467	e.li.phe.let	arb	وَأَلِيفَلَطُ	aligned	1.0
H0467	e.li.phe.let	eng	eliphalet	aligned	1.0
H0467	e.li.phe.let	eng	eliphelet	aligned	0.643
H0467	e.li.phe.let	hin	एलीपेलेत	aligned	0.6
H0467	e.li.phe.let	spa	eliphelet	aligned	1.0
H0467	e.li.phe.let	spa	elipheleth	aligned	1.0
H0468	e.li.tsur	eng	Elizur	gloss	1.0
H0468	e.li.tsur	fra	Èlitsour	gloss	1.0
H0468	e.li.tsur	por	Elizur	gloss	1.0
H0468	e.li.tsur	spa	Elisur	gloss	1.0
H0468	e.li.tsur	cmn-Hans	以利蓿，《思》厄里族尔	gloss	1.0
H0468	e.li.tsur	cmn-Hant	以利蓿，《思》厄里族爾	gloss	1.0
H0468	e.li.tsur	deu	Elizur	gloss	1.0
H0468	e.li.tsur	nld	Elisur	gloss	1.0
H0468	e.li.tsur	swa	elisuri	gloss	1.0
H0468	e.li.tsur	arb	أَلِيصُورُ	aligned	1.0
H0468	e.li.tsur	eng	elizur	aligned	1.0
H0468	e.li.tsur	hin	एलीसूर	aligned	1.0
H0468	e.li.tsur	spa	elisur	aligned	1.0
H0469	e.li.tsa.phan	eng	Elizaphan	gloss	1.0
H0469	e.li.tsa.phan	deu	Elizafan	gloss	1.0
H0469	e.li.tsa.phan	nld	Elisafan	gloss	1.0
H0469	e.li.tsa.phan	swa	elisafani, elsafani	gloss	1.0
H0469	e.li.tsa.phan	arb	أَلِيصَافَانَ	aligned	1.0
H0469	e.li.tsa.phan	arb	أَلِيصَافَانُ	aligned	1.0
H0469	e.li.tsa.phan	eng	elizaphan	aligned	1.0
H0469	e.li.tsa.phan	eng	elzaphan	aligned	0.75
H0469	e.li.tsa.phan	hin	एलीसापान	aligned	1.0
H0469	e.li.tsa.phan	rus	узиила	aligned	1.0
H0469	e.li.tsa.phan	spa	elisaphán	aligned	1.0
H0469	e.li.tsa.phan	spa	elzaphán	aligned	1.0
H0471	el.ya.qim	eng	Eliakim	gloss	1.0
H0471	el.ya.qim	fra	Elyaqim	gloss	1.0
H0471	el.ya.qim	por	Eliaquim	gloss	1.0
H0471	el.ya.qim	spa	Eliacín	gloss	1.0
H0471	el.ya.qim	cmn-Hans	以利亚敬，《思》厄里雅金	gloss	1.0
H0471	el.ya.qim	cmn-Hant	以利亞敬，《思》厄里雅金	gloss	1.0
H0471	el.ya.qim	deu	Eljakim	gloss	1.0
H0471	el.ya.qim	nld	Eljakim	gloss	1.0
H0471	el.ya.qim	swa	eliakimu	gloss	1.0
H0471	el.ya.qim	arb	أَلِيَاقِيمُ	aligned	1.0
H0471	el.ya.qim	arb	أَلِيَاقِيمَ	aligned	0.556
H0471	el.ya.qim	eng	eliakim	aligned	0.733
H0471	el.ya.qim	hin	एलयाकीम	aligned	0.786
H0471	el.ya.qim	rus	хелкиин	aligned	1.0
H0471	el.ya.qim	rus	дворца	aligned	0.5
H0471	el.ya.qim	spa	eliacim	aligned	1.0
H0474	e.li.shu.a	eng	Elishua	gloss	1.0
H0474	e.li.shu.a	fra	Èlishoua	gloss	1.0
H0474	e.li.shu.a	por	Elisua	gloss	1.0
H0474	e.li.shu.a	spa	Elisúa	gloss	1.0
H0474	e.li.shu.a	cmn-Hans	以利书亚，《思》厄里叔亚	gloss	1.0
H0474	e.li.shu.a	cmn-Hant	以利書亞，《思》厄里叔亞	gloss	1.0
H0474	e.li.shu.a	deu	Elischua	gloss	1.0
H0474	e.li.shu.a	nld	Elisua	gloss	1.0
H0474	e.li.shu.a	swa	elishua, elpeleti	gloss	1.0
H0474	e.li.shu.a	arb	وَأَلِيشُوعُ	aligned	1.0
H0474	e.li.shu.a	eng	elishua	aligned	0.4
H0474	e.li.shu.a	spa	elisua	aligned	1.0
H0475	el.ya.shiv	eng	Eliashib	gloss	1.0
H0475	el.ya.shiv	fra	Elyashib	gloss	1.0
H0475	el.ya.shiv	por	Eliasibe	gloss	1.0
H0475	el.ya.shiv	spa	Eliasib	gloss	1.0
H0475	el.ya.shiv	cmn-Hans	以利亚实，《思》厄里雅史布	gloss	1.0
H0475	el.ya.shiv	cmn-Hant	以利亞實，《思》厄里雅史布	gloss	1.0
H0475	el.ya.shiv	deu	Eljaschib	gloss	1.0
H0475	el.ya.shiv	nld	Eljasib	gloss	1.0
H0475	el.ya.shiv	swa	eliashibu	gloss	1.0
H0475	el.ya.shiv	arb	أَلِيَاشِيبَ	aligned	1.0
H0475	el.ya.shiv	arb	أَلْيَاشِيبَ	aligned	1.0
H0475	el.ya.shiv	arb	أَلْيَاشِيبُ	aligned	1.0
H0475	el.ya.shiv	arb	وَأَلْيَاشِيبُ	aligned	1.0
H0475	el.ya.shiv	eng	eliashib	aligned	0.882
H0475	el.ya.shiv	hin	एल्याशीब	aligned	0.812
H0475	el.ya.shiv	spa	eliasib	aligned	1.0
H0476	e.li.sha.ma	eng	Elishama	gloss	1.0
H0476	e.li.sha.ma	fra	Élishama	gloss	1.0
H0476	e.li.sha.ma	por	Elisama	gloss	1.0
H0476	e.li.sha.ma	spa	Elisama	gloss	1.0
H0476	e.li.sha.ma	cmn-Hans	以利沙玛，《思》厄里沙玛	gloss	1.0
H0476	e.li.sha.ma	cmn-Hant	以利沙瑪，《思》厄里沙瑪	gloss	1.0
H0476	e.li.sha.ma	deu	Elischama	gloss	1.0
H0476	e.li.sha.ma	nld	Elisama	gloss	1.0
H0476	e.li.sha.ma	swa	elishama	gloss	1.0
H0476	e.li.sha.ma	arb	أَلِيشَامَاعَ	aligned	1.0
H0476	e.li.sha.ma	arb	أَلِيشَمَعَ	aligned	1.0
H0476	e.li.sha.ma	arb	أَلِيشَمَعُ	aligned	1.0
H0476	e.li.sha.ma	arb	وَأَلِيشَمَعُ	aligned	1.0
H0476	e.li.sha.ma	eng	elishama	aligned	0.848
H0476	e.li.sha.ma	hin	एलीशामा	aligned	0.812
H0476	e.li.sha.ma	rus	аммиуда	aligned	0.5
H0476	e.li.sha.ma	spa	elisama	aligned	1.0
H0477	e.li.sah	eng	Elisha	gloss	1.0
H0477	e.li.sah	fra	Élisée	gloss	1.0
H0477	e.li.sah	por	Eliseu	gloss	1.0
H0477	e.li.sah	spa	Eliseo	gloss	1.0
H0477	e.li.sah	cmn-Hans	以利沙，《思》厄里叟	gloss	1.0
H0477	e.li.sah	cmn-Hant	以利沙，《思》厄里叟	gloss	1.0
H0477	e.li.sah	deu	Elischa	gloss	1.0
H0477	e.li.sah	nld	Elisa	gloss	1.0
H0477	e.li.sah	swa	elisha, wafumbue, tukaapo, mamayo	gloss	1.0
H0477	e.li.sah	arb	أَلِيشَعُ	aligned	1.0
H0477	e.li.sah	arb	أَلِيشَعَ	aligned	0.889
H0477	e.li.sah	eng	elisha	aligned	0.598
H0477	e.li.sah	hin	एलीशा	aligned	0.7
H0477	e.li.sah	rus	елисей	aligned	0.864
H0477	e.li.sah	rus	елисею	aligned	0.8
H0477	e.li.sah	spa	eliseo	aligned	0.983
H0486	al.mo.dad	eng	Almodad	gloss	1.0
H0486	al.mo.dad	fra	Almodad	gloss	1.0
H0486	al.mo.dad	por	Almodade	gloss	1.0
H0486	al.mo.dad	spa	Almodad	gloss	1.0
H0486	al.mo.dad	cmn-Hans	亚摩答，《思》阿耳摩达得	gloss	1.0
H0486	al.mo.dad	cmn-Hant	亞摩答，《思》阿耳摩達得	gloss	1.0
H0486	al.mo.dad	deu	Almodad	gloss	1.0
H0486	al.mo.dad	nld	Almodad	gloss	1.0
H0486	al.mo.dad	swa	almodadi	gloss	1.0
H0486	al.mo.dad	arb	أَلْمُودَادَ	aligned	1.0
H0486	al.mo.dad	eng	almodad	aligned	1.0
H0486	al.mo.dad	hin	अल्मोदाद	aligned	1.0
H0494	el.na.tan	eng	Elnathan	gloss	1.0
H0494	el.na.tan	fra	Elnathan	gloss	1.0
H0494	el.na.tan	por	Elnatã	gloss	1.0
H0494	el.na.tan	spa	Elnatán	gloss	1.0
H0494	el.na.tan	cmn-Hans	以利拿单，《思》厄耳纳堂	gloss	1.0
H0494	el.na.tan	cmn-Hant	以利拿單，《思》厄耳納堂	gloss	1.0
H0494	el.na.tan	deu	Elnatan	gloss	1.0
H0494	el.na.tan	nld	Elnatan	gloss	1.0
H0494	el.na.tan	swa	elnathani	gloss	1.0
H0494	el.na.tan	arb	أَلْنَاثَانَ	aligned	1.0
H0494	el.na.tan	arb	وَأَلْنَاثَانَ	aligned	1.0
H0494	el.na.tan	eng	elnathan	aligned	0.714
H0494	el.na.tan	hin	एलनातान	aligned	0.75
H0494	el.na.tan	spa	elnathán	aligned	1.0
H0495	el.la.sar	eng	Ellasar	gloss	1.0
H0495	el.la.sar	fra	Ellasar	gloss	1.0
H0495	el.la.sar	por	Elasar	gloss	1.0
H0495	el.la.sar	spa	Elasar	gloss	1.0
H0495	el.la.sar	cmn-Hans	以拉撒，《思》厄拉撒尔	gloss	1.0
H0495	el.la.sar	cmn-Hant	以拉撒，《思》厄拉撒爾	gloss	1.0
H0495	el.la.sar	deu	Ellasar	gloss	1.0
H0495	el.la.sar	nld	Ellasar	gloss	1.0
H0495	el.la.sar	swa	elasari	gloss	1.0
H0495	el.la.sar	arb	أَلَّاسَارَ	aligned	1.0
H0495	el.la.sar	eng	ellasar	aligned	1.0
H0495	el.la.sar	hin	एल्लासार	aligned	1.0
H0495	el.la.sar	spa	elasar	aligned	1.0
H0499	el.a.zar	eng	Eleazar	gloss	1.0
H0499	el.a.zar	fra	Éléazar	gloss	1.0
H0499	el.a.zar	por	Eleazar	gloss	1.0
H0499	el.a.zar	spa	Eleazar	gloss	1.0
H0499	el.a.zar	cmn-Hans	以利亚撒，《思》厄肋阿匝尔	gloss	1.0
H0499	el.a.zar	cmn-Hant	以利亞撒，《思》厄肋阿匝爾	gloss	1.0
H0499	el.a.zar	dan	Eleazar	gloss	1.0
H0499	el.a.zar	deu	Eleasar	gloss	1.0
H0499	el.a.zar	nld	Eleazar	gloss	1.0
H0499	el.a.zar	swa	eleazari, ukampe	gloss	1.0
H0499	el.a.zar	arb	أَلِعَازَارَ	aligned	1.0
H0499	el.a.zar	arb	أَلِعَازَارُ	aligned	1.0
H0499	el.a.zar	arb	لِأَلِعَازَارَ	aligned	1.0
H0499	el.a.zar	arb	وَأَلِعَازَارُ	aligned	1.0
H0499	el.a.zar	arb	وَأَلْعَازَارُ	aligned	1.0
H0499	el.a.zar	arb	وَأَلِعَازَارَ	aligned	0.875
H0499	el.a.zar	eng	eleazar’s	aligned	1.0
H0499	el.a.zar	eng	eleazar	aligned	0.816
H0499	el.a.zar	hin	एलीआजर	aligned	0.712
H0499	el.a.zar	rus	додо	aligned	1.0
H0499	el.a.zar	rus	елеазаром	aligned	1.0
H0499	el.a.zar	rus	елеазару	aligned	1.0
H0499	el.a.zar	rus	елеазар	aligned	0.714
H0499	el.a.zar	rus	ифамар	aligned	0.667
H0499	el.a.zar	spa	eleazar	aligned	0.973
H0501	el.a.sah	eng	Eleasah	gloss	1.0
H0501	el.a.sah	fra	Èleasa	gloss	1.0
H0501	el.a.sah	por	Eleasa	gloss	1.0
H0501	el.a.sah	spa	Elasa	gloss	1.0
H0501	el.a.sah	cmn-Hans	以利亚萨，《思》厄拉撒	gloss	1.0
H0501	el.a.sah	cmn-Hant	以利亞薩，《思》厄拉撒	gloss	1.0
H0501	el.a.sah	deu	Elasa	gloss	1.0
H0501	el.a.sah	nld	Elasa	gloss	1.0
H0501	el.a.sah	swa	eleasa, elasa, refaya	gloss	1.0
H0501	el.a.sah	eng	eleasah	aligned	1.0
H0501	el.a.sah	eng	elasah	aligned	0.667
H0501	el.a.sah	hin	एलासा	aligned	0.857
H0501	el.a.sah	rus	ацел	aligned	1.0
H0501	el.a.sah	spa	elasa	aligned	1.0
H0508	el.pa.al	eng	Elpaal	gloss	1.0
H0508	el.pa.al	fra	Elpaal	gloss	1.0
H0508	el.pa.al	por	Elpaal	gloss	1.0
H0508	el.pa.al	spa	Elpaal	gloss	1.0
H0508	el.pa.al	cmn-Hans	以利巴力，《思》厄耳帕耳	gloss	1.0
H0508	el.pa.al	cmn-Hant	以利巴力，《思》厄耳帕耳	gloss	1.0
H0508	el.pa.al	deu	Elpaal	gloss	1.0
H0508	el.pa.al	nld	Elpaäl	gloss	1.0
H0508	el.pa.al	swa	elpaali	gloss	1.0
H0508	el.pa.al	arb	أَلْفَعَلَ	aligned	1.0
H0508	el.pa.al	eng	elpaal	aligned	1.0
H0508	el.pa.al	hin	एल्पाल	aligned	1.0
H0508	el.pa.al	rus	елпаала	aligned	1.0
H0508	el.pa.al	spa	elphaal	aligned	1.0
H0511	el.qa.nah	eng	Elkanah	gloss	1.0
H0511	el.qa.nah	fra	Elqana	gloss	1.0
H0511	el.qa.nah	por	Elcana	gloss	1.0
H0511	el.qa.nah	spa	Elcana	gloss	1.0
H0511	el.qa.nah	cmn-Hans	以利加拿	gloss	1.0
H0511	el.qa.nah	cmn-Hant	以利加拿	gloss	1.0
H0511	el.qa.nah	deu	Elkana	gloss	1.0
H0511	el.qa.nah	nld	Elkana	gloss	1.0
H0511	el.qa.nah	swa	elkana	gloss	1.0
H0511	el.qa.nah	arb	أَلْقَانَةَ	aligned	1.0
H0511	el.qa.nah	arb	أَلْقَانَةُ	aligned	1.0
H0511	el.qa.nah	arb	وَأَلْقَانَةُ	aligned	1.0
H0511	el.qa.nah	eng	elkanah	aligned	0.929
H0511	el.qa.nah	hin	एल्काना	aligned	0.783
H0511	el.qa.nah	rus	елкана	aligned	0.6
H0511	el.qa.nah	spa	elcana	aligned	1.0
H0526	a.mon	eng	Amon	gloss	1.0
H0526	a.mon	arb	آمُونُ	aligned	1.0
H0526	a.mon	arb	آمُونَ	aligned	0.9
H0526	a.mon	eng	amon	aligned	0.769
H0526	a.mon	hin	आमोन	aligned	0.8
H0526	a.mon	rus	амону	aligned	1.0
H0526	a.mon	spa	amón	aligned	0.833
H0531	a.mots	eng	Amoz	gloss	1.0
H0531	a.mots	fra	Amots	gloss	1.0
H0531	a.mots	por	Amoz	gloss	1.0
H0531	a.mots	spa	Amoz	gloss	1.0
H0531	a.mots	cmn-Hans	亚摩斯，《思》阿摩兹	gloss	1.0
H0531	a.mots	cmn-Hant	亞摩斯，《思》阿摩茲	gloss	1.0
H0531	a.mots	dan	Amos	gloss	1.0
H0531	a.mots	deu	Amoz	gloss	1.0
H0531	a.mots	nld	Amos	gloss	1.0
H0531	a.mots	swa	amozi	gloss	1.0
H0531	a.mots	arb	آمُوصَ	aligned	1.0
H0531	a.mots	eng	amoz	aligned	0.963
H0531	a.mots	hin	आमोस	aligned	0.619
H0531	a.mots	spa	amoz	aligned	1.0
H0550	am.non	eng	Amnon	gloss	1.0
H0550	am.non	fra	Amnon	gloss	1.0
H0550	am.non	por	Amnom	gloss	1.0
H0550	am.non	spa	Amnón	gloss	1.0
H0550	am.non	cmn-Hans	暗嫩，《思》阿默农	gloss	1.0
H0550	am.non	cmn-Hant	暗嫩，《思》阿默農	gloss	1.0
H0550	am.non	deu	Amnon	gloss	1.0
H0550	am.non	nld	Amnon	gloss	1.0
H0550	am.non	swa	amnoni, machukio, huji	gloss	1.0
H0550	am.non	arb	أَمْنُونَ	aligned	1.0
H0550	am.non	arb	أَمْنُونُ	aligned	1.0
H0550	am.non	eng	amnon	aligned	0.836
H0550	am.non	hin	अम्नोन	aligned	0.767
H0550	am.non	rus	амнон	aligned	0.667
H0550	am.non	rus	амнона	aligned	0.6
H0550	am.non	spa	amnón	aligned	1.0
H0557	am.tsi	eng	Amzi	gloss	1.0
H0557	am.tsi	fra	Amtsi	gloss	1.0
H0557	am.tsi	por	Anzi	gloss	1.0
H0557	am.tsi	spa	Amsi	gloss	1.0
H0557	am.tsi	cmn-Hans	暗西，《思》阿默漆	gloss	1.0
H0557	am.tsi	cmn-Hant	暗西，《思》阿默漆	gloss	1.0
H0557	am.tsi	deu	Amzi	gloss	1.0
H0557	am.tsi	nld	Amsi	gloss	1.0
H0557	am.tsi	swa	amzi	gloss	1.0
H0557	am.tsi	eng	amzi	aligned	0.75
H0557	am.tsi	hin	अमसी	aligned	0.667
H0558	a.mats.yah	eng	Amaziah	gloss	1.0
H0558	a.mats.yah	fra	Amatsia	gloss	1.0
H0558	a.mats.yah	por	Amazias	gloss	1.0
H0558	a.mats.yah	spa	Amasías	gloss	1.0
H0558	a.mats.yah	cmn-Hans	亚玛谢，《思》阿玛责雅	gloss	1.0
H0558	a.mats.yah	cmn-Hant	亞瑪謝，《思》阿瑪責雅	gloss	1.0
H0558	a.mats.yah	deu	Amazja	gloss	1.0
H0558	a.mats.yah	nld	Amasja	gloss	1.0
H0558	a.mats.yah	swa	amazia	gloss	1.0
H0558	a.mats.yah	arb	أَمَصْيَا	aligned	1.0
H0558	a.mats.yah	arb	وَأَمَصْيَا	aligned	1.0
H0558	a.mats.yah	eng	amaziah	aligned	0.871
H0558	a.mats.yah	hin	अमस्याह	aligned	0.795
H0558	a.mats.yah	rus	амасия	aligned	0.538
H0558	a.mats.yah	rus	амасии	aligned	0.5
H0558	a.mats.yah	rus	иоасов	aligned	0.5
H0558	a.mats.yah	rus	терн	aligned	0.333
H0558	a.mats.yah	spa	amasías	aligned	0.976
H0564	im.mer	eng	Immer	gloss	1.0
H0564	im.mer	fra	Immer	gloss	1.0
H0564	im.mer	por	Imer	gloss	1.0
H0564	im.mer	spa	Imer	gloss	1.0
H0564	im.mer	cmn-Hans	音麦，《思》依默尔	gloss	1.0
H0564	im.mer	cmn-Hant	音麥，《思》依默爾	gloss	1.0
H0564	im.mer	deu	Immer	gloss	1.0
H0564	im.mer	nld	Immer	gloss	1.0
H0564	im.mer	swa	imeri	gloss	1.0
H0564	im.mer	arb	إِمِّيرَ	aligned	1.0
H0564	im.mer	eng	immer	aligned	0.789
H0564	im.mer	hin	इम्मेर	aligned	0.778
H0564	im.mer	rus	иммера	aligned	0.6
H0564	im.mer	spa	immer	aligned	1.0
H0566	im.ri	eng	Imri	gloss	1.0
H0566	im.ri	fra	Imri	gloss	1.0
H0566	im.ri	por	Inri	gloss	1.0
H0566	im.ri	spa	Imri	gloss	1.0
H0566	im.ri	cmn-Hans	音利，《思》依默黎	gloss	1.0
H0566	im.ri	cmn-Hant	音利，《思》依默黎	gloss	1.0
H0566	im.ri	deu	Imri	gloss	1.0
H0566	im.ri	nld	Imri	gloss	1.0
H0566	im.ri	swa	imri, imli	gloss	1.0
H0566	im.ri	arb	إِمْرِي	aligned	1.0
H0566	im.ri	eng	imri	aligned	0.75
H0566	im.ri	hin	इम्री	aligned	1.0
H0583	e.nosh	eng	Enosh	gloss	1.0
H0583	e.nosh	deu	Enosch	gloss	1.0
H0583	e.nosh	nld	Enos	gloss	1.0
H0583	e.nosh	swa	enoshi	gloss	1.0
H0583	e.nosh	arb	أَنُوشُ	aligned	1.0
H0583	e.nosh	arb	أَنُوشَ	aligned	0.667
H0583	e.nosh	eng	enosh	aligned	0.889
H0583	e.nosh	eng	enos	aligned	0.857
H0583	e.nosh	hin	एनोश	aligned	0.857
H0583	e.nosh	rus	еноса	aligned	1.0
H0583	e.nosh	rus	енос	aligned	0.667
H0583	e.nosh	spa	enós	aligned	0.857
H0609	a.sa	eng	Asa	gloss	1.0
H0609	a.sa	fra	Asa	gloss	1.0
H0609	a.sa	por	Asa	gloss	1.0
H0609	a.sa	spa	Asa	gloss	1.0
H0609	a.sa	cmn-Hans	亚撒，《思》阿撒	gloss	1.0
H0609	a.sa	cmn-Hant	亞撒，《思》阿撒	gloss	1.0
H0609	a.sa	deu	Asa	gloss	1.0
H0609	a.sa	nld	Asa	gloss	1.0
H0609	a.sa	swa	asa	gloss	1.0
H0609	a.sa	arb	لِآسَا	aligned	1.0
H0609	a.sa	arb	آسَا	aligned	0.956
H0609	a.sa	eng	asa	aligned	0.877
H0609	a.sa	eng	asa’s	aligned	0.4
H0609	a.sa	hin	आसा	aligned	0.754
H0609	a.sa	rus	асою	aligned	1.0
H0609	a.sa	rus	аса	aligned	0.737
H0609	a.sa	rus	асы	aligned	0.538
H0609	a.sa	rus	иудейского	aligned	0.102
H0609	a.sa	spa	asa	aligned	0.95
H0621	a.se.nat	eng	Asenath	gloss	1.0
H0621	a.se.nat	fra	Asenath	gloss	1.0
H0621	a.se.nat	por	Asenate	gloss	1.0
H0621	a.se.nat	spa	Asenat	gloss	1.0
H0621	a.se.nat	cmn-Hans	亚西纳，《思》阿斯纳特	gloss	1.0
H0621	a.se.nat	cmn-Hant	亞西納，《思》阿斯納特	gloss	1.0
H0621	a.se.nat	deu	Asenat	gloss	1.0
H0621	a.se.nat	nld	Asnat	gloss	1.0
H0621	a.se.nat	swa	asenathi	gloss	1.0
H0621	a.se.nat	arb	أَسْنَاتُ	aligned	1.0
H0621	a.se.nat	eng	asenath	aligned	0.833
H0621	a.se.nat	hin	आसनत	aligned	1.0
H0621	a.se.nat	rus	жреца	aligned	1.0
H0621	a.se.nat	spa	asenath	aligned	1.0
H0623	a.saph	eng	Asaph	gloss	1.0
H0623	a.saph	fra	Asaph	gloss	1.0
H0623	a.saph	por	Asafe	gloss	1.0
H0623	a.saph	spa	Asaf	gloss	1.0
H0623	a.saph	cmn-Hans	亚萨，《思》阿撒夫	gloss	1.0
H0623	a.saph	cmn-Hant	亞薩，《思》阿撒夫	gloss	1.0
H0623	a.saph	deu	Asaf	gloss	1.0
H0623	a.saph	nld	Asaf	gloss	1.0
H0623	a.saph	swa	asafu, ebiasafu	gloss	1.0
H0623	a.saph	arb	آسَافَ	aligned	1.0
H0623	a.saph	arb	آسَافُ	aligned	1.0
H0623	a.saph	arb	وَآسَافَ	aligned	1.0
H0623	a.saph	eng	asaph’s	aligned	1.0
H0623	a.saph	eng	asaph	aligned	0.892
H0623	a.saph	hin	आसाप	aligned	0.788
H0623	a.saph	rus	асафа	aligned	0.75
H0623	a.saph	spa	asaph	aligned	1.0
H0634	e.sar-chad.don	eng	Esarhaddon	gloss	1.0
H0634	e.sar-chad.don	fra	Asarhaddôn	gloss	1.0
H0634	e.sar-chad.don	por	Esar-Hadom	gloss	1.0
H0634	e.sar-chad.don	spa	Esar-hadón	gloss	1.0
H0634	e.sar-chad.don	cmn-Hans	以撒哈顿，《思》厄撒哈冬	gloss	1.0
H0634	e.sar-chad.don	cmn-Hant	以撒哈頓，《思》厄撒哈冬	gloss	1.0
H0634	e.sar-chad.don	eng	esar-haddon	aligned	0.667
H0635	es.ter	eng	Esther	gloss	1.0
H0635	es.ter	fra	Esther	gloss	1.0
H0635	es.ter	por	Ester	gloss	1.0
H0635	es.ter	spa	Ester	gloss	1.0
H0635	es.ter	cmn-Hans	以斯帖，《思》艾斯德尔	gloss	1.0
H0635	es.ter	cmn-Hant	以斯帖，《思》艾斯德爾	gloss	1.0
H0635	es.ter	deu	Ester	gloss	1.0
H0635	es.ter	nld	Ester	gloss	1.0
H0635	es.ter	swa	esta, ianda, mhimize	gloss	1.0
H0635	es.ter	arb	أَسْتِيرَ	aligned	1.0
H0635	es.ter	arb	أَسْتِيرُ	aligned	1.0
H0635	es.ter	arb	لِأَسْتِيرَ	aligned	1.0
H0635	es.ter	eng	esther’s	aligned	1.0
H0635	es.ter	eng	esther	aligned	0.867
H0635	es.ter	hin	एस्तेर	aligned	0.725
H0635	es.ter	rus	есфири	aligned	0.824
H0635	es.ter	rus	есфирь	aligned	0.667
H0635	es.ter	spa	esther	aligned	1.0
H0663	a.pheq	eng	Aphek	gloss	1.0
H0663	a.pheq	deu	Afek	gloss	1.0
H0663	a.pheq	nld	Afek	gloss	1.0
H0663	a.pheq	swa	afeki, afeka, meara	gloss	1.0
H0663	a.pheq	arb	أَفِيقَ	aligned	1.0
H0663	a.pheq	arb	وَأَفِيقَ	aligned	1.0
H0663	a.pheq	eng	aphik	aligned	1.0
H0663	a.pheq	eng	aphek	aligned	0.733
H0663	a.pheq	hin	अपेक	aligned	0.667
H0663	a.pheq	spa	aphec	aligned	1.0
H0669	eph.ra.yim	eng	Ephraim	gloss	1.0
H0669	eph.ra.yim	fra	Éphraïm	gloss	1.0
H0669	eph.ra.yim	por	Efraim	gloss	1.0
H0669	eph.ra.yim	spa	Efraín	gloss	1.0
H0669	eph.ra.yim	cmn-Hans	以法莲，《思》厄弗辣因	gloss	1.0
H0669	eph.ra.yim	cmn-Hant	以法蓮，《思》厄弗辣因	gloss	1.0
H0669	eph.ra.yim	dan	Efraim	gloss	1.0
H0669	eph.ra.yim	deu	Efraim	gloss	1.0
H0669	eph.ra.yim	nld	Efraïm	gloss	1.0
H0669	eph.ra.yim	swa	efraimu	gloss	1.0
H0669	eph.ra.yim	amh	ኤፍሬም	gloss	1.0
H0669	eph.ra.yim	arb	أَفْرَايِمَ	aligned	1.0
H0669	eph.ra.yim	arb	لِأَفْرَايِمَ	aligned	1.0
H0669	eph.ra.yim	arb	وَأَفْرَايِمَ	aligned	1.0
H0669	eph.ra.yim	arb	وَأَفْرَايِمُ	aligned	1.0
H0669	eph.ra.yim	arb	أَفْرَايِمُ	aligned	0.931
H0669	eph.ra.yim	eng	ephraim	aligned	0.859
H0669	eph.ra.yim	eng	ephraim’s	aligned	0.8
H0669	eph.ra.yim	eng	ephraimites	aligned	0.375
H0669	eph.ra.yim	hin	एप्रैमियों	aligned	0.889
H0669	eph.ra.yim	hin	एप्रैम	aligned	0.795
H0669	eph.ra.yim	hin	एप्रैमी	aligned	0.6
H0669	eph.ra.yim	rus	ефремова	aligned	1.0
H0669	eph.ra.yim	rus	ефрем	aligned	0.909
H0669	eph.ra.yim	rus	ефремовых	aligned	0.875
H0669	eph.ra.yim	rus	ефремову	aligned	0.75
H0669	eph.ra.yim	rus	ефрема	aligned	0.591
H0669	eph.ra.yim	rus	ефремовой	aligned	0.357
H0669	eph.ra.yim	rus	манассии	aligned	0.13
H0669	eph.ra.yim	spa	ephraim	aligned	0.989
H0672	eph.ra.tah	eng	Ephrathah	gloss	1.0
H0672	eph.ra.tah	deu	Efrata	gloss	1.0
H0672	eph.ra.tah	nld	Efrat	gloss	1.0
H0672	eph.ra.tah	swa	efrata, yearimu	gloss	1.0
H0672	eph.ra.tah	arb	أَفْرَاتَةَ	aligned	1.0
H0672	eph.ra.tah	eng	ephrata	aligned	1.0
H0672	eph.ra.tah	eng	ephrath	aligned	1.0
H0672	eph.ra.tah	eng	ephrathah	aligned	0.714
H0672	eph.ra.tah	eng	ephratah	aligned	0.667
H0672	eph.ra.tah	hin	एप्राता	aligned	0.8
H0672	eph.ra.tah	spa	ephrata	aligned	1.0
H0675	ets.bon	eng	Ezbon	gloss	1.0
H0675	ets.bon	fra	Ezbôn	gloss	1.0
H0675	ets.bon	por	Esbom	gloss	1.0
H0675	ets.bon	spa	Ezbón	gloss	1.0
H0675	ets.bon	cmn-Hans	以斯本，《思》厄兹朋	gloss	1.0
H0675	ets.bon	cmn-Hant	以斯本，《思》厄茲朋	gloss	1.0
H0675	ets.bon	deu	Ezbon	gloss	1.0
H0675	ets.bon	nld	Esbon	gloss	1.0
H0675	ets.bon	swa	esboni	gloss	1.0
H0675	ets.bon	eng	ezbon	aligned	0.75
H0682	a.tsel	eng	Azel	gloss	1.0
H0682	a.tsel	fra	Azel	gloss	1.0
H0682	a.tsel	por	Azel	gloss	1.0
H0682	a.tsel	spa	Azel	gloss	1.0
H0682	a.tsel	cmn-Hans	亚悉，《思》阿责耳	gloss	1.0
H0682	a.tsel	cmn-Hant	亞悉，《思》阿責耳	gloss	1.0
H0682	a.tsel	deu	Azel	gloss	1.0
H0682	a.tsel	nld	Asel	gloss	1.0
H0682	a.tsel	swa	aseli	gloss	1.0
H0682	a.tsel	arb	وَآصِيلَ	aligned	1.0
H0682	a.tsel	eng	azal	aligned	1.0
H0682	a.tsel	eng	azel	aligned	0.833
H0682	a.tsel	hin	आसेल	aligned	0.714
H0682	a.tsel	rus	ацела	aligned	1.0
H0682	a.tsel	spa	asel	aligned	1.0
H0687	e.tser	eng	Ezer	gloss	1.0
H0687	e.tser	fra	Étsèr	gloss	1.0
H0687	e.tser	por	Eser	gloss	1.0
H0687	e.tser	spa	Ezer	gloss	1.0
H0687	e.tser	cmn-Hans	以察，《思》厄责尔	gloss	1.0
H0687	e.tser	cmn-Hant	以察，《思》厄責爾	gloss	1.0
H0687	e.tser	deu	Ezer	gloss	1.0
H0687	e.tser	nld	Eser	gloss	1.0
H0687	e.tser	swa	eseri, ezeri	gloss	1.0
H0687	e.tser	arb	إِيصَرَ	aligned	1.0
H0687	e.tser	arb	وَإِيصَرُ	aligned	1.0
H0687	e.tser	eng	ezer	aligned	0.368
H0687	e.tser	hin	एसेर	aligned	0.6
H0687	e.tser	spa	ezer	aligned	0.429
H0709	ar.gov	eng	Argob	gloss	1.0
H0709	ar.gov	fra	Argob	gloss	1.0
H0709	ar.gov	por	Argobe	gloss	1.0
H0709	ar.gov	spa	Argob	gloss	1.0
H0709	ar.gov	cmn-Hans	亚珥歌伯，《思》阿尔哥布	gloss	1.0
H0709	ar.gov	cmn-Hant	亞珥歌伯，《思》阿爾哥布	gloss	1.0
H0709	ar.gov	deu	Argob	gloss	1.0
H0709	ar.gov	nld	Argob	gloss	1.0
H0709	ar.gov	swa	argobu, otwa	gloss	1.0
H0709	ar.gov	arb	أَرْجُوبَ	aligned	1.0
H0709	ar.gov	eng	argob	aligned	0.7
H0709	ar.gov	hin	अर्गोब	aligned	0.75
H0709	ar.gov	spa	argob	aligned	1.0
H0719	ar.vad	eng	Arvad	gloss	1.0
H0719	ar.vad	fra	Arvad	gloss	1.0
H0719	ar.vad	por	Arvade	gloss	1.0
H0719	ar.vad	spa	Arvad	gloss	1.0
H0719	ar.vad	cmn-Hans	亚发，《思》阿尔瓦得	gloss	1.0
H0719	ar.vad	cmn-Hant	亞發，《思》阿爾瓦得	gloss	1.0
H0719	ar.vad	deu	Arwad	gloss	1.0
H0719	ar.vad	nld	Arwad	gloss	1.0
H0719	ar.vad	swa	arvadi	gloss	1.0
H0719	ar.vad	eng	arvad	aligned	0.75
H0719	ar.vad	rus	арвада	aligned	1.0
H0719	ar.vad	spa	arvad	aligned	1.0
H0728	a.rav.nah	eng	Araunah	gloss	1.0
H0728	a.rav.nah	fra	Arawna	gloss	1.0
H0728	a.rav.nah	por	Araúna	gloss	1.0
H0728	a.rav.nah	spa	Arauna	gloss	1.0
H0728	a.rav.nah	cmn-Hans	亚劳拿，《思》敖尔难	gloss	1.0
H0728	a.rav.nah	cmn-Hant	亞勞拿，《思》敖爾難	gloss	1.0
H0728	a.rav.nah	deu	Arauna	gloss	1.0
H0728	a.rav.nah	nld	Arauna	gloss	1.0
H0728	a.rav.nah	swa	arauna, gharim	gloss	1.0
H0728	a.rav.nah	arb	أَرُونَةَ	aligned	1.0
H0728	a.rav.nah	arb	أَرُونَةُ	aligned	1.0
H0728	a.rav.nah	eng	araunah	aligned	0.867
H0728	a.rav.nah	hin	अरौना	aligned	1.0
H0728	a.rav.nah	rus	орна	aligned	0.6
H0728	a.rav.nah	spa	arauna	aligned	1.0
H0733	a.rach	eng	Arah	gloss	1.0
H0733	a.rach	fra	Arah	gloss	1.0
H0733	a.rach	por	Ará	gloss	1.0
H0733	a.rach	spa	Ara	gloss	1.0
H0733	a.rach	cmn-Hans	亚拉，《思》阿辣黑	gloss	1.0
H0733	a.rach	cmn-Hant	亞拉，《思》阿辣黑	gloss	1.0
H0733	a.rach	arb	آرَحَ	aligned	1.0
H0733	a.rach	eng	arah	aligned	1.0
H0733	a.rach	hin	आरह	aligned	1.0
H0733	a.rach	rus	араха	aligned	1.0
H0733	a.rach	spa	ara	aligned	0.333
H0739	a.ri.el	eng	Ariel	gloss	1.0
H0739	a.ri.el	fra	puissant guerrier	gloss	1.0
H0739	a.ri.el	por	grande guerreiro	gloss	1.0
H0739	a.ri.el	spa	poderoso guerrero	gloss	1.0
H0739	a.ri.el	cmn-Hans	大能的勇士；勇猛的战士	gloss	1.0
H0739	a.ri.el	cmn-Hant	大能的勇士；勇猛的戰士	gloss	1.0
H0739	a.ri.el	deu	Opferherd	gloss	1.0
H0739	a.ri.el	nld	brandhaard voor het offer	gloss	1.0
H0739	a.ri.el	swa	madhabahu, madhabahuni, pale	gloss	1.0
H0739	a.ri.el	eng	lion-like	aligned	1.0
H0739	a.ri.el	eng	champions	aligned	0.667
H0739	a.ri.el	rus	льва	aligned	0.182
H0758	a.ram	eng	Aram	gloss	1.0
H0758	a.ram	fra	Aram Maaka	gloss	1.0
H0758	a.ram	por	Maacá, na Síria	gloss	1.0
H0758	a.ram	spa	Maaca	gloss	1.0
H0758	a.ram	cmn-Hans	亚兰·玛迦，《现》叙利亚人的玛迦，《思》玛阿加的阿兰	gloss	1.0
H0758	a.ram	cmn-Hant	亞蘭·瑪迦，《現》敘利亞人的瑪迦，《思》瑪阿加的阿蘭	gloss	1.0
H0758	a.ram	dan	Aram	gloss	1.0
H0758	a.ram	deu	Aram	gloss	1.0
H0758	a.ram	nld	Aram	gloss	1.0
H0758	a.ram	swa	washami, shamu, aramu, mshami, mwarami	gloss	1.0
H0758	a.ram	arb	أَرَامُ	aligned	1.0
H0758	a.ram	arb	وَأَرَامَ	aligned	1.0
H0758	a.ram	arb	ٱلْأَرَامِيِّينَ	aligned	1.0
H0758	a.ram	arb	أَرَامَ	aligned	0.974
H0758	a.ram	arb	وَأَرَامُ	aligned	0.6
H0758	a.ram	arb	ٱلْأَرَامِيُّونَ	aligned	0.556
H0758	a.ram	eng	aram	aligned	0.842
H0758	a.ram	eng	arameans	aligned	0.686
H0758	a.ram	eng	aramaeans	aligned	0.615
H0758	a.ram	eng	aramean	aligned	0.385
H0758	a.ram	hin	अराम	aligned	0.879
H0758	a.ram	hin	अरामियों	aligned	0.632
H0758	a.ram	hin	अरामी	aligned	0.429
H0758	a.ram	rus	сирияне	aligned	0.6
H0758	a.ram	rus	сирийцы	aligned	0.5
H0758	a.ram	rus	сирийский	aligned	0.364
H0758	a.ram	rus	сирийского	aligned	0.333
H0758	a.ram	rus	сириян	aligned	0.3
H0758	a.ram	rus	сирии	aligned	0.273
H0758	a.ram	rus	иорама	aligned	0.182
H0758	a.ram	spa	siria	aligned	0.881
H0758	a.ram	spa	aram	aligned	0.7
H0763	a.ram na.ha.ra.yim	eng	Mesopotamia	gloss	1.0
H0763	a.ram na.ha.ra.yim	fra	Aram Naharaïm	gloss	1.0
H0763	a.ram na.ha.ra.yim	por	Arã Naaraim	gloss	1.0
H0763	a.ram na.ha.ra.yim	spa	Mesopotamia	gloss	1.0
H0763	a.ram na.ha.ra.yim	cmn-Hans	美索不达米亚，《思》美索不达米亚，厄东，阿兰	gloss	1.0
H0763	a.ram na.ha.ra.yim	cmn-Hant	美索不達米亞，《思》美索不達米亞，厄東，阿蘭	gloss	1.0
H0763	a.ram na.ha.ra.yim	eng	aram-naharaim	aligned	0.8
H0771	or.nan	eng	Ornan	gloss	1.0
H0771	or.nan	fra	Ornân	gloss	1.0
H0771	or.nan	por	Ornã	gloss	1.0
H0771	or.nan	spa	Ornán	gloss	1.0
H0771	or.nan	cmn-Hans	阿珥楠，《现》亚劳拿，《思》敖尔难	gloss	1.0
H0771	or.nan	cmn-Hant	阿珥楠，《現》亞勞拿，《思》敖爾難	gloss	1.0
H0771	or.nan	arb	أُرْنَانُ	aligned	1.0
H0771	or.nan	arb	أُرْنَانَ	aligned	0.833
H0771	or.nan	arb	لِأُرْنَانَ	aligned	0.667
H0771	or.nan	eng	ornan	aligned	0.955
H0771	or.nan	hin	ओर्नान	aligned	0.75
H0771	or.nan	rus	орне	aligned	0.8
H0771	or.nan	rus	орна	aligned	0.4
H0771	or.nan	spa	ornán	aligned	1.0
H0774	ar.pad	eng	Arpad	gloss	1.0
H0774	ar.pad	fra	Arpad	gloss	1.0
H0774	ar.pad	por	Arpade	gloss	1.0
H0774	ar.pad	spa	Arfad	gloss	1.0
H0774	ar.pad	cmn-Hans	亚珥拔，《思》阿帕得，阿尔帕得	gloss	1.0
H0774	ar.pad	cmn-Hant	亞珥拔，《思》阿帕得，阿爾帕得	gloss	1.0
H0774	ar.pad	deu	Arpad	gloss	1.0
H0774	ar.pad	nld	Arpad	gloss	1.0
H0774	ar.pad	swa	arpadi	gloss	1.0
H0774	ar.pad	arb	أَرْفَادَ	aligned	1.0
H0774	ar.pad	arb	وَأَرْفَادَ	aligned	1.0
H0774	ar.pad	eng	arpad	aligned	0.667
H0774	ar.pad	hin	अर्पाद	aligned	0.333
H0774	ar.pad	rus	арпада	aligned	1.0
H0774	ar.pad	spa	arphad	aligned	1.0
H0775	ar.pakh.shad	eng	Arpachshad	gloss	1.0
H0775	ar.pakh.shad	fra	Arpakshad	gloss	1.0
H0775	ar.pakh.shad	por	Arfaxade	gloss	1.0
H0775	ar.pakh.shad	spa	Arfaxad	gloss	1.0
H0775	ar.pakh.shad	cmn-Hans	亚法撒，《思》阿帕革沙得	gloss	1.0
H0775	ar.pakh.shad	cmn-Hant	亞法撒，《思》阿帕革沙得	gloss	1.0
H0775	ar.pakh.shad	deu	Arpachschad	gloss	1.0
H0775	ar.pakh.shad	nld	Arpachsad	gloss	1.0
H0775	ar.pakh.shad	swa	arfaksadi	gloss	1.0
H0775	ar.pakh.shad	arb	أَرْفَكْشَادُ	aligned	1.0
H0775	ar.pakh.shad	arb	وَأَرْفَكْشَادُ	aligned	1.0
H0775	ar.pakh.shad	arb	أَرْفَكْشَادَ	aligned	0.5
H0775	ar.pakh.shad	eng	arphaxad	aligned	0.65
H0775	ar.pakh.shad	hin	अर्पक्षद	aligned	0.444
H0775	ar.pakh.shad	rus	арфаксад	aligned	1.0
H0775	ar.pakh.shad	spa	arphaxad	aligned	0.9
H0780	a.ra.rat	eng	Ararat	gloss	1.0
H0780	a.ra.rat	fra	Ararat	gloss	1.0
H0780	a.ra.rat	por	Ararate	gloss	1.0
H0780	a.ra.rat	spa	Ararat	gloss	1.0
H0780	a.ra.rat	cmn-Hans	亚拉腊，《思》阿辣辣特	gloss	1.0
H0780	a.ra.rat	cmn-Hant	亞拉臘，《思》阿辣辣特	gloss	1.0
H0780	a.ra.rat	deu	Ararat	gloss	1.0
H0780	a.ra.rat	nld	Ararat	gloss	1.0
H0780	a.ra.rat	swa	ararati	gloss	1.0
H0780	a.ra.rat	arb	أَرَارَاطَ	aligned	1.0
H0780	a.ra.rat	eng	ararat	aligned	0.75
H0780	a.ra.rat	hin	अरारात	aligned	1.0
H0783	ar.tach.shash.ta	eng	Artaxerxes	gloss	1.0
H0783	ar.tach.shash.ta	fra	Artaxerxès	gloss	1.0
H0783	ar.tach.shash.ta	por	Artaxerxes	gloss	1.0
H0783	ar.tach.shash.ta	spa	Artajerjes	gloss	1.0
H0783	ar.tach.shash.ta	cmn-Hans	亚达薛西，《思》阿塔薛西斯	gloss	1.0
H0783	ar.tach.shash.ta	cmn-Hant	亞達薛西，《思》阿塔薛西斯	gloss	1.0
H0783	ar.tach.shash.ta	deu	Artaxerxes	gloss	1.0
H0783	ar.tach.shash.ta	nld	Artaxerxes	gloss	1.0
H0783	ar.tach.shash.ta	swa	artashasta	gloss	1.0
H0783	ar.tach.shash.ta	arb	لِأَرْتَحْشَسْتَا	aligned	1.0
H0783	ar.tach.shash.ta	arb	أَرْتَحْشَشْتَا	aligned	0.9
H0783	ar.tach.shash.ta	eng	artaxerxes	aligned	0.708
H0783	ar.tach.shash.ta	hin	अर्तक्षत्र	aligned	0.562
H0783	ar.tach.shash.ta	rus	артаксеркса	aligned	0.231
H0783	ar.tach.shash.ta	spa	artajerjes	aligned	0.933
H0788	ash.bel	eng	Ashbel	gloss	1.0
H0788	ash.bel	fra	Ashbel	gloss	1.0
H0788	ash.bel	por	Asbel	gloss	1.0
H0788	ash.bel	spa	Asbel	gloss	1.0
H0788	ash.bel	cmn-Hans	亚实别，《思》阿市贝耳	gloss	1.0
H0788	ash.bel	cmn-Hant	亞實別，《思》阿市貝耳	gloss	1.0
H0788	ash.bel	deu	Aschbel	gloss	1.0
H0788	ash.bel	nld	Asbel	gloss	1.0
H0788	ash.bel	swa	ashbeli	gloss	1.0
H0788	ash.bel	eng	ashbel	aligned	0.667
H0788	ash.bel	spa	asbel	aligned	1.0
H0790	esh.ban	eng	Eshban	gloss	1.0
H0790	esh.ban	fra	Eshbân	gloss	1.0
H0790	esh.ban	por	Esbã	gloss	1.0
H0790	esh.ban	spa	Esbán	gloss	1.0
H0790	esh.ban	cmn-Hans	伊是班，《思》厄市班	gloss	1.0
H0790	esh.ban	cmn-Hant	伊是班，《思》厄市班	gloss	1.0
H0790	esh.ban	deu	Eschban	gloss	1.0
H0790	esh.ban	nld	Esban	gloss	1.0
H0790	esh.ban	swa	eshbani	gloss	1.0
H0790	esh.ban	arb	وَأَشْبَانُ	aligned	1.0
H0795	ash.dod	eng	Ashdod	gloss	1.0
H0795	ash.dod	fra	Ashdod	gloss	1.0
H0795	ash.dod	por	Asdode	gloss	1.0
H0795	ash.dod	spa	Asdod	gloss	1.0
H0795	ash.dod	cmn-Hans	亚实突，《思》阿市多得	gloss	1.0
H0795	ash.dod	cmn-Hant	亞實突，《思》阿市多得	gloss	1.0
H0795	ash.dod	deu	Aschdod	gloss	1.0
H0795	ash.dod	nld	Asdod	gloss	1.0
H0795	ash.dod	swa	ashdodi	gloss	1.0
H0795	ash.dod	arb	أَشْدُودُ	aligned	1.0
H0795	ash.dod	arb	أَشْدُودَ	aligned	0.857
H0795	ash.dod	eng	ashdod	aligned	0.649
H0795	ash.dod	hin	अश्दोद	aligned	0.467
H0795	ash.dod	rus	азот	aligned	1.0
H0795	ash.dod	spa	asdod	aligned	0.75
H0804	ash.shur	eng	Assyria	gloss	1.0
H0804	ash.shur	fra	Assour	gloss	1.0
H0804	ash.shur	por	Assur	gloss	1.0
H0804	ash.shur	spa	Asur	gloss	1.0
H0804	ash.shur	cmn-Hans	亚述	gloss	1.0
H0804	ash.shur	cmn-Hant	亞述	gloss	1.0
H0804	ash.shur	dan	Assyrien, assyrisk; Assur	gloss	1.0
H0804	ash.shur	deu	Schritt	gloss	1.0
H0804	ash.shur	nld	[*] stap, voetspoor	gloss	1.0
H0804	ash.shur	swa	hatu, daraj, mlima, ngaz, nyay	gloss	1.0
H0804	ash.shur	amh	አሶር	gloss	1.0
H0804	ash.shur	arb	أَشُّورَ	aligned	1.0
H0804	ash.shur	arb	أَشُّورُ	aligned	1.0
H0804	ash.shur	arb	وَأَشُّورُ	aligned	1.0
H0804	ash.shur	eng	asshur	aligned	0.929
H0804	ash.shur	eng	assyria	aligned	0.852
H0804	ash.shur	eng	assyrians	aligned	0.6
H0804	ash.shur	hin	अश्शूर	aligned	0.917
H0804	ash.shur	hin	अश्शूरी	aligned	0.8
H0804	ash.shur	hin	अश्शूरियों	aligned	0.4
H0804	ash.shur	rus	ассирийском	aligned	1.0
H0804	ash.shur	rus	ассур	aligned	0.75
H0804	ash.shur	rus	ассура	aligned	0.6
H0804	ash.shur	rus	ассирийский	aligned	0.444
H0804	ash.shur	spa	asiria	aligned	1.0
H0804	ash.shur	spa	asirio	aligned	1.0
H0804	ash.shur	spa	assur	aligned	1.0
H0804	ash.shur	spa	asirios	aligned	0.947
H0812	esh.kol	eng	Eshcol	gloss	1.0
H0812	esh.kol	deu	Eschkol	gloss	1.0
H0812	esh.kol	nld	Eskol	gloss	1.0
H0812	esh.kol	swa	eshkoli	gloss	1.0
H0812	esh.kol	arb	أَشْكُولَ	aligned	1.0
H0812	esh.kol	eng	eshcol	aligned	1.0
H0812	esh.kol	hin	एशकोल	aligned	1.0
H0812	esh.kol	spa	eschôl	aligned	1.0
H0812	esh.kol	spa	escol	aligned	1.0
H0813	ash.ke.naz	eng	Ashkenaz	gloss	1.0
H0813	ash.ke.naz	fra	Ashkenaz	gloss	1.0
H0813	ash.ke.naz	por	Asquenaz	gloss	1.0
H0813	ash.ke.naz	spa	Askenaz	gloss	1.0
H0813	ash.ke.naz	cmn-Hans	亚实基拿，《思》阿市革纳次	gloss	1.0
H0813	ash.ke.naz	cmn-Hant	亞實基拿，《思》阿市革納次	gloss	1.0
H0813	ash.ke.naz	deu	Aschkenas	gloss	1.0
H0813	ash.ke.naz	nld	Askenaz	gloss	1.0
H0813	ash.ke.naz	swa	ashkenazi	gloss	1.0
H0813	ash.ke.naz	arb	أَشْكَنَازُ	aligned	1.0
H0813	ash.ke.naz	eng	ashkenaz	aligned	0.8
H0813	ash.ke.naz	hin	अश्कनज	aligned	0.667
H0823	ash.nah	eng	Ashnah	gloss	1.0
H0823	ash.nah	fra	Achna	gloss	1.0
H0823	ash.nah	por	Asná	gloss	1.0
H0823	ash.nah	spa	Asena	gloss	1.0
H0823	ash.nah	cmn-Hans	亚实拿，《思》阿市纳	gloss	1.0
H0823	ash.nah	cmn-Hant	亞實拿，《思》阿市納	gloss	1.0
H0823	ash.nah	deu	Aschna	gloss	1.0
H0823	ash.nah	nld	Asna	gloss	1.0
H0823	ash.nah	swa	ashna	gloss	1.0
H0823	ash.nah	arb	وَأَشْنَةُ	aligned	1.0
H0823	ash.nah	eng	ashnah	aligned	0.5
H0831	ash.qe.lon	eng	Ashkelon	gloss	1.0
H0831	ash.qe.lon	fra	Ashqelôn	gloss	1.0
H0831	ash.qe.lon	por	Ascalom	gloss	1.0
H0831	ash.qe.lon	spa	Ascalón	gloss	1.0
H0831	ash.qe.lon	cmn-Hans	亚实基伦，《思》阿市刻隆	gloss	1.0
H0831	ash.qe.lon	cmn-Hant	亞實基倫，《思》阿市刻隆	gloss	1.0
H0831	ash.qe.lon	deu	Aschkelon	gloss	1.0
H0831	ash.qe.lon	nld	Askelon	gloss	1.0
H0831	ash.qe.lon	swa	ashkeloni, msiyatangaze	gloss	1.0
H0831	ash.qe.lon	arb	أَشْقَلُونَ	aligned	1.0
H0831	ash.qe.lon	arb	أَشْقَلُونُ	aligned	1.0
H0831	ash.qe.lon	arb	وَأَشْقَلُونَ	aligned	1.0
H0831	ash.qe.lon	eng	ashkelon	aligned	0.792
H0831	ash.qe.lon	hin	अश्कलोन	aligned	0.6
H0831	ash.qe.lon	rus	аскалон	aligned	0.4
H0831	ash.qe.lon	spa	ascalón	aligned	1.0
H0836	a.sher	eng	Asher	gloss	1.0
H0836	a.sher	fra	Aser	gloss	1.0
H0836	a.sher	por	Aser	gloss	1.0
H0836	a.sher	spa	Aser	gloss	1.0
H0836	a.sher	cmn-Hans	亚设，《思》阿协尔	gloss	1.0
H0836	a.sher	cmn-Hant	亞設，《思》阿協爾	gloss	1.0
H0836	a.sher	deu	glücklich nennen	gloss	1.0
H0836	a.sher	nld	gelukkig prijzen, als gunstig beschouwen	gloss	1.0
H0836	a.sher	swa	barik, heri, bariki, baraka, ahimidiwe	gloss	1.0
H0836	a.sher	arb	أَشِيرُ	aligned	1.0
H0836	a.sher	arb	لِأَشِيرَ	aligned	1.0
H0836	a.sher	arb	وَأَشِيرُ	aligned	1.0
H0836	a.sher	arb	أَشِيرَ	aligned	0.879
H0836	a.sher	eng	asher	aligned	0.767
H0836	a.sher	hin	आशेरियों	aligned	1.0
H0836	a.sher	hin	आशेर	aligned	0.559
H0836	a.sher	rus	асировых	aligned	1.0
H0836	a.sher	rus	асира	aligned	0.8
H0836	a.sher	rus	асирова	aligned	0.75
H0836	a.sher	spa	aser	aligned	0.935
H0842	a.she.rah	eng	Asherah	gloss	1.0
H0842	a.she.rah	fra	Ashéra	gloss	1.0
H0842	a.she.rah	por	Aserá	gloss	1.0
H0842	a.she.rah	spa	Asera	gloss	1.0
H0842	a.she.rah	cmn-Hans	亚舍拉，《思》阿舍辣	gloss	1.0
H0842	a.she.rah	cmn-Hant	亞舍拉，《思》阿舍辣	gloss	1.0
H0842	a.she.rah	deu	Aschera; Kultpfahl	gloss	1.0
H0842	a.she.rah	nld	Asjera	gloss	1.0
H0842	a.she.rah	swa	maashera, ashera, maashtorethi, ikat, ten	gloss	1.0
H0842	a.she.rah	arb	سَارِيَةً	aligned	1.0
H0842	a.she.rah	arb	سَوَارِيَهُمْ	aligned	1.0
H0842	a.she.rah	arb	لِسَارِيَةٍ	aligned	1.0
H0842	a.she.rah	arb	وَسَوَارِيَ	aligned	1.0
H0842	a.she.rah	arb	وَٱلسَّوَارِيَ	aligned	1.0
H0842	a.she.rah	arb	ٱلسَّارِيَةَ	aligned	1.0
H0842	a.she.rah	arb	ٱلسَّارِيَةِ	aligned	1.0
H0842	a.she.rah	arb	ٱلسَّوَارِي	aligned	1.0
H0842	a.she.rah	eng	shrines	aligned	0.688
H0842	a.she.rah	eng	shrine	aligned	0.452
H0842	a.she.rah	eng	asherah	aligned	0.184
H0842	a.she.rah	eng	pole	aligned	0.143
H0842	a.she.rah	hin	अशेरा	aligned	0.273
H0844	as.ri.el	eng	Asriel	gloss	1.0
H0844	as.ri.el	fra	Asriel	gloss	1.0
H0844	as.ri.el	por	Asriel	gloss	1.0
H0844	as.ri.el	spa	Asriel	gloss	1.0
H0844	as.ri.el	cmn-Hans	亚斯烈，《思》阿斯黎耳	gloss	1.0
H0844	as.ri.el	cmn-Hant	亞斯烈，《思》阿斯黎耳	gloss	1.0
H0844	as.ri.el	deu	Asriël	gloss	1.0
H0844	as.ri.el	nld	Asriël	gloss	1.0
H0844	as.ri.el	swa	asrieli	gloss	1.0
H0844	as.ri.el	eng	asriel	aligned	0.6
H0844	as.ri.el	hin	अस्रीएल	aligned	0.667
H0844	as.ri.el	spa	asriel	aligned	1.0
H0847	esh.ta.ol	eng	Eshtaol	gloss	1.0
H0847	esh.ta.ol	fra	Eshtaol	gloss	1.0
H0847	esh.ta.ol	por	Estaol	gloss	1.0
H0847	esh.ta.ol	spa	Estaol	gloss	1.0
H0847	esh.ta.ol	cmn-Hans	以实陶，《思》厄市陶耳	gloss	1.0
H0847	esh.ta.ol	cmn-Hant	以實陶，《思》厄市陶耳	gloss	1.0
H0847	esh.ta.ol	deu	Eschtaol	gloss	1.0
H0847	esh.ta.ol	nld	Estaol	gloss	1.0
H0847	esh.ta.ol	swa	eshtaoli	gloss	1.0
H0847	esh.ta.ol	arb	أَشْتَأُولَ	aligned	1.0
H0847	esh.ta.ol	arb	وَأَشْتَأُولَ	aligned	1.0
H0847	esh.ta.ol	eng	eshtaol	aligned	0.692
H0847	esh.ta.ol	spa	estaol	aligned	1.0
H0847	esh.ta.ol	spa	esthaol	aligned	1.0
H0850	esh.ton	eng	Eshton	gloss	1.0
H0850	esh.ton	fra	Eshtôn	gloss	1.0
H0850	esh.ton	por	Estom	gloss	1.0
H0850	esh.ton	spa	Estón	gloss	1.0
H0850	esh.ton	cmn-Hans	伊施屯，《思》厄舍东	gloss	1.0
H0850	esh.ton	cmn-Hant	伊施屯，《思》厄舍東	gloss	1.0
H0850	esh.ton	deu	Eschton	gloss	1.0
H0850	esh.ton	nld	Eston	gloss	1.0
H0850	esh.ton	swa	eshtoni	gloss	1.0
H0850	esh.ton	eng	eshton	aligned	0.75
H0850	esh.ton	spa	esthón	aligned	1.0
H0864	e.tam	eng	Etham	gloss	1.0
H0864	e.tam	fra	Étam	gloss	1.0
H0864	e.tam	por	Etã	gloss	1.0
H0864	e.tam	spa	Etam	gloss	1.0
H0864	e.tam	cmn-Hans	以倘，《思》厄堂	gloss	1.0
H0864	e.tam	cmn-Hant	以倘，《思》厄堂	gloss	1.0
H0864	e.tam	dan	I	gloss	1.0
H0864	e.tam	deu	Etam	gloss	1.0
H0864	e.tam	nld	Etam	gloss	1.0
H0864	e.tam	swa	wewe, ninyi, yenu, yako, kwenu	gloss	1.0
H0864	e.tam	amh	እናንተ	gloss	1.0
H0864	e.tam	arb	إِيثَامَ	aligned	1.0
H0864	e.tam	eng	etham	aligned	0.625
H0864	e.tam	spa	etham	aligned	1.0
H0876	be.er	eng	Beer	gloss	1.0
H0876	be.er	eng	beer	aligned	1.0
H0881	be.e.rot	eng	Beeroth	gloss	1.0
H0881	be.e.rot	fra	Bééroth	gloss	1.0
H0881	be.e.rot	por	Beerote	gloss	1.0
H0881	be.e.rot	spa	Beerot	gloss	1.0
H0881	be.e.rot	cmn-Hans	比录，《思》贝洛特	gloss	1.0
H0881	be.e.rot	cmn-Hant	比錄，《思》貝洛特	gloss	1.0
H0881	be.e.rot	deu	Beerot	gloss	1.0
H0881	be.e.rot	nld	Beërot	gloss	1.0
H0881	be.e.rot	swa	beerothi	gloss	1.0
H0881	be.e.rot	arb	وَبَئِيرُوتَ	aligned	1.0
H0881	be.e.rot	eng	beeroth	aligned	0.444
H0881	be.e.rot	spa	beeroth	aligned	0.571
H0883	be.er la.chay ro.i	eng	Beer-lahai-roi	gloss	1.0
H0883	be.er la.chay ro.i	fra	Béer-Lahaï- Roï	gloss	1.0
H0883	be.er la.chay ro.i	por	Beer-Laai-Roi	gloss	1.0
H0883	be.er la.chay ro.i	spa	Pozo del Viviente Que Me Ve	gloss	1.0
H0883	be.er la.chay ro.i	cmn-Hans	庇耳‧拉海‧莱，《思》拉海洛依	gloss	1.0
H0883	be.er la.chay ro.i	cmn-Hant	庇耳‧拉海‧萊，《思》拉海洛依	gloss	1.0
H0883	be.er la.chay ro.i	deu	Beer-Lahai-Roi	gloss	1.0
H0883	be.er la.chay ro.i	nld	Lachai-Roï	gloss	1.0
H0883	be.er la.chay ro.i	swa	beer-lahai-roi	gloss	1.0
H0884	be.er she.va	eng	Beersheba	gloss	1.0
H0884	be.er she.va	fra	Béer-Shéba	gloss	1.0
H0884	be.er she.va	por	Berseba	gloss	1.0
H0884	be.er she.va	spa	Berseba	gloss	1.0
H0884	be.er she.va	cmn-Hans	别是巴，《思》贝尔舍巴，誓约井	gloss	1.0
H0884	be.er she.va	cmn-Hant	別是巴，《思》貝爾舍巴，誓約井	gloss	1.0
H0884	be.er she.va	eng	beer-sheba	aligned	0.879
H0885	be.e.rot be.ne-ya.a.qan	eng	Beeroth-bene-jaakan	gloss	1.0
H0885	be.e.rot be.ne-ya.a.qan	fra	Bééroth-Bené-Yaaqân	gloss	1.0
H0885	be.e.rot be.ne-ya.a.qan	por	Beerote-Benê-Jaacã	gloss	1.0
H0885	be.e.rot be.ne-ya.a.qan	spa	Beerot-bene-jaacan	gloss	1.0
H0885	be.e.rot be.ne-ya.a.qan	cmn-Hans	比罗比尼‧亚干，《思》贝洛特贝乃雅干	gloss	1.0
H0885	be.e.rot be.ne-ya.a.qan	cmn-Hant	比羅比尼‧亞干，《思》貝洛特貝乃雅干	gloss	1.0
H0885	be.e.rot be.ne-ya.a.qan	deu	Beerot-Bene-Jaakan	gloss	1.0
H0885	be.e.rot be.ne-ya.a.qan	nld	de bronnen van Bene-Jaäkan	gloss	1.0
H0893	be.vay	eng	Bebai	gloss	1.0
H0893	be.vay	fra	Bébaï	gloss	1.0
H0893	be.vay	por	Bebai	gloss	1.0
H0893	be.vay	spa	Bebai	gloss	1.0
H0893	be.vay	cmn-Hans	比拜，《思》贝拜	gloss	1.0
H0893	be.vay	cmn-Hant	比拜，《思》貝拜	gloss	1.0
H0893	be.vay	deu	Bebai	gloss	1.0
H0893	be.vay	nld	Bebai	gloss	1.0
H0893	be.vay	swa	bebai	gloss	1.0
H0893	be.vay	arb	بَابَايَ	aligned	1.0
H0893	be.vay	eng	bebai	aligned	1.0
H0893	be.vay	hin	बेबै	aligned	1.0
H0893	be.vay	rus	бевая	aligned	0.75
H0893	be.vay	spa	bebai	aligned	1.0
H0894	ba.vel	eng	Babylon	gloss	1.0
H0894	ba.vel	fra	Babel, Babylone	gloss	1.0
H0894	ba.vel	por	Babel	gloss	1.0
H0894	ba.vel	spa	Babel	gloss	1.0
H0894	ba.vel	cmn-Hans	巴别，巴比伦，《思》巴贝耳，巴比伦	gloss	1.0
H0894	ba.vel	cmn-Hant	巴別，巴比倫，《思》巴貝耳，巴比倫	gloss	1.0
H0894	ba.vel	dan	Babylon, Babel	gloss	1.0
H0894	ba.vel	deu	Babel	gloss	1.0
H0894	ba.vel	nld	Babylon	gloss	1.0
H0894	ba.vel	swa	babeli	gloss	1.0
H0894	ba.vel	amh	ባቢሎን, ባቤል, ባቢሎን	gloss	1.0
H0894	ba.vel	arb	بَابِلَ	aligned	0.881
H0894	ba.vel	arb	بَابِلُ	aligned	0.565
H0894	ba.vel	eng	babel	aligned	1.0
H0894	ba.vel	eng	babylon	aligned	0.837
H0894	ba.vel	eng	babylon’s	aligned	0.625
H0894	ba.vel	hin	बाबेली	aligned	1.0
H0894	ba.vel	hin	बाबेल	aligned	0.775
H0894	ba.vel	rus	вавилона	aligned	0.692
H0894	ba.vel	rus	вавилон	aligned	0.586
H0894	ba.vel	rus	вавилоне	aligned	0.556
H0894	ba.vel	rus	годолию	aligned	0.5
H0894	ba.vel	rus	вавилонский	aligned	0.269
H0894	ba.vel	rus	вавилонскому	aligned	0.2
H0894	ba.vel	rus	вавилонского	aligned	0.182
H0894	ba.vel	spa	babel	aligned	1.0
H0894	ba.vel	spa	babilonia	aligned	0.874
H0895	ba.vel	eng	Babylon	gloss	1.0
H0902	big.vay	eng	Bigvai	gloss	1.0
H0902	big.vay	fra	Bigvaï	gloss	1.0
H0902	big.vay	por	Bigvai	gloss	1.0
H0902	big.vay	spa	Bigvai	gloss	1.0
H0902	big.vay	cmn-Hans	比革瓦伊，《思》彼革外	gloss	1.0
H0902	big.vay	cmn-Hant	比革瓦伊，《思》彼革外	gloss	1.0
H0902	big.vay	deu	Bigwai	gloss	1.0
H0902	big.vay	nld	Bigwai	gloss	1.0
H0902	big.vay	arb	بِغْوَايَ	aligned	1.0
H0902	big.vay	arb	بِغْوَايُ	aligned	1.0
H0902	big.vay	eng	bigvai	aligned	1.0
H0902	big.vay	hin	बिगवै	aligned	1.0
H0902	big.vay	rus	бигвая	aligned	1.0
H0902	big.vay	spa	bigvai	aligned	1.0
H0904	big.tan	eng	Bigthan	gloss	1.0
H0904	big.tan	fra	Bigtân	gloss	1.0
H0904	big.tan	por	Bigtã	gloss	1.0
H0904	big.tan	spa	Bigtan	gloss	1.0
H0904	big.tan	cmn-Hans	辟探，《思》彼革堂	gloss	1.0
H0904	big.tan	cmn-Hant	辟探，《思》彼革堂	gloss	1.0
H0904	big.tan	deu	Bigtan	gloss	1.0
H0904	big.tan	nld	Bigtan	gloss	1.0
H0904	big.tan	eng	bigthan	aligned	1.0
H0904	big.tan	eng	bigthana	aligned	1.0
H0904	big.tan	hin	बिगताना	aligned	1.0
H0980	ba.chu.rim	eng	Bahurim	gloss	1.0
H0980	ba.chu.rim	fra	Bahourim	gloss	1.0
H0980	ba.chu.rim	por	Baurim	gloss	1.0
H0980	ba.chu.rim	spa	Bahurim	gloss	1.0
H0980	ba.chu.rim	cmn-Hans	巴户琳，《思》巴胡陵	gloss	1.0
H0980	ba.chu.rim	cmn-Hant	巴戶琳，《思》巴胡陵	gloss	1.0
H0980	ba.chu.rim	dan	Bahurim	gloss	1.0
H0980	ba.chu.rim	deu	Bahurim	gloss	1.0
H0980	ba.chu.rim	nld	leeftijd, jeugd	gloss	1.0
H0980	ba.chu.rim	swa	jan, mtoto, ujan, mtumishi, watoto	gloss	1.0
H0980	ba.chu.rim	arb	بَحُورِيمَ	aligned	1.0
H0980	ba.chu.rim	eng	bahurim	aligned	0.7
H0980	ba.chu.rim	hin	बहूरीम	aligned	0.667
H0980	ba.chu.rim	spa	bahurim	aligned	1.0
H1007	bet a.ven	eng	Beth-aven	gloss	1.0
H1007	bet a.ven	fra	Beth-Aven	gloss	1.0
H1007	bet a.ven	por	Bete-Áven	gloss	1.0
H1007	bet a.ven	spa	Bet-avén	gloss	1.0
H1007	bet a.ven	cmn-Hans	伯‧亚文，《思》贝特阿文，贝特曷龙	gloss	1.0
H1007	bet a.ven	cmn-Hant	伯‧亞文，《思》貝特阿文，貝特曷龍	gloss	1.0
H1007	bet a.ven	deu	Bet-Awen	gloss	1.0
H1007	bet a.ven	nld	Bet-Awsen	gloss	1.0
H1007	bet a.ven	swa	beth-aveni, upelele, ipelelez	gloss	1.0
H1007	bet a.ven	eng	beth-aven	aligned	1.0
H1008	bet-el	eng	Bethel	gloss	1.0
H1008	bet-el	fra	Béthel	gloss	1.0
H1008	bet-el	por	Betel	gloss	1.0
H1008	bet-el	spa	Betel	gloss	1.0
H1008	bet-el	cmn-Hans	伯特利，《思》贝特耳	gloss	1.0
H1008	bet-el	cmn-Hant	伯特利，《思》貝特耳	gloss	1.0
H1008	bet-el	dan	Betel	gloss	1.0
H1008	bet-el	deu	Bet-El	gloss	1.0
H1008	bet-el	nld	Betel	gloss	1.0
H1008	bet-el	swa	betheli, el-betheli	gloss	1.0
H1008	bet-el	eng	beth-el	aligned	0.885
H1008	bet-el	eng	bethel	aligned	0.35
H1009	bet ar.bel	eng	Beth-arbel	gloss	1.0
H1009	bet ar.bel	fra	Beth-Arbel	gloss	1.0
H1009	bet ar.bel	por	Bete-Arbel	gloss	1.0
H1009	bet ar.bel	spa	Bet-arbel	gloss	1.0
H1009	bet ar.bel	cmn-Hans	伯‧亚比勒，《思》贝特阿尔贝耳	gloss	1.0
H1009	bet ar.bel	cmn-Hant	伯‧亞比勒，《思》貝特阿爾貝耳	gloss	1.0
H1009	bet ar.bel	deu	Bet-Arbeel	gloss	1.0
H1009	bet ar.bel	nld	Bet-Arbel	gloss	1.0
H1009	bet ar.bel	swa	betharbeli	gloss	1.0
H1010	bet ba.al me.on	eng	Beth-meon	gloss	1.0
H1010	bet ba.al me.on	deu	Bet-Baal-Meon	gloss	1.0
H1010	bet ba.al me.on	nld	Bet Meon	gloss	1.0
H1010	bet ba.al me.on	swa	beth-meoni, beth-baal-meoni	gloss	1.0
H1020	bet hay.shi.mot	eng	Beth-jeshimoth	gloss	1.0
H1020	bet hay.shi.mot	fra	Beth-Yeshimoth	gloss	1.0
H1020	bet hay.shi.mot	por	Bete-Jesimote	gloss	1.0
H1020	bet hay.shi.mot	spa	Bet-jesimot	gloss	1.0
H1020	bet hay.shi.mot	cmn-Hans	伯·耶施末，《思》贝特耶史摩特	gloss	1.0
H1020	bet hay.shi.mot	cmn-Hant	伯·耶施末，《思》貝特耶史摩特	gloss	1.0
H1020	bet hay.shi.mot	deu	Bet-Jeschimot	gloss	1.0
H1020	bet hay.shi.mot	nld	Bet-Hajjesimot	gloss	1.0
H1020	bet hay.shi.mot	swa	beth-yeshimothi, kwendea	gloss	1.0
H1020	bet hay.shi.mot	eng	beth-jeshimoth	aligned	0.5
H1021	bet hak.ke.rem	eng	Beth-haccherem	gloss	1.0
H1021	bet hak.ke.rem	fra	Beth-Kèrem	gloss	1.0
H1021	bet hak.ke.rem	por	Bete-Haquerém	gloss	1.0
H1021	bet hak.ke.rem	spa	Bet-haquerem	gloss	1.0
H1021	bet hak.ke.rem	cmn-Hans	伯‧哈基琳，《思》贝特革楞	gloss	1.0
H1021	bet hak.ke.rem	cmn-Hant	伯‧哈基琳，《思》貝特革楞	gloss	1.0
H1021	bet hak.ke.rem	deu	Bet-Kerem	gloss	1.0
H1021	bet hak.ke.rem	nld	Bet-Hakkerem	gloss	1.0
H1021	bet hak.ke.rem	swa	beth-hakeremu, amishe	gloss	1.0
H1021	bet hak.ke.rem	eng	beth-haccerem	aligned	1.0
H1029	bet hash.shit.tah	eng	Beth-shittah	gloss	1.0
H1029	bet hash.shit.tah	fra	Beth-Shitta	gloss	1.0
H1029	bet hash.shit.tah	por	Bete-Sita	gloss	1.0
H1029	bet hash.shit.tah	spa	Bet-sita	gloss	1.0
H1029	bet hash.shit.tah	cmn-Hans	伯·示他，《现》伯‧哈示他，《思》贝特史大	gloss	1.0
H1029	bet hash.shit.tah	cmn-Hant	伯·示他，《現》伯‧哈示他，《思》貝特史大	gloss	1.0
H1029	bet hash.shit.tah	deu	Bet-Schitta	gloss	1.0
H1029	bet hash.shit.tah	nld	Bet-Hassitta	gloss	1.0
H1029	bet hash.shit.tah	swa	bethshita	gloss	1.0
H1031	bet chog.lah	eng	Beth-hoglah	gloss	1.0
H1031	bet chog.lah	fra	Beth-Hogla	gloss	1.0
H1031	bet chog.lah	por	Bete-Hogla	gloss	1.0
H1031	bet chog.lah	spa	Bet-hogla	gloss	1.0
H1031	bet chog.lah	cmn-Hans	伯‧曷拉，《思》贝特曷革拉	gloss	1.0
H1031	bet chog.lah	cmn-Hant	伯‧曷拉，《思》貝特曷革拉	gloss	1.0
H1031	bet chog.lah	deu	Bet-Hogla	gloss	1.0
H1031	bet chog.lah	nld	Bet-Chogla	gloss	1.0
H1031	bet chog.lah	swa	beth-hogla	gloss	1.0
H1031	bet chog.lah	eng	beth-hoglah	aligned	0.75
H1032	bet cho.ron	eng	Beth-horon	gloss	1.0
H1032	bet cho.ron	fra	Beth-Horôn	gloss	1.0
H1032	bet cho.ron	por	Bete-Horom	gloss	1.0
H1032	bet cho.ron	spa	Beth-horón	gloss	1.0
H1032	bet cho.ron	cmn-Hans	伯‧和仑，《思》贝特曷龙	gloss	1.0
H1032	bet cho.ron	cmn-Hant	伯‧和崙，《思》貝特曷龍	gloss	1.0
H1032	bet cho.ron	deu	Bet-Horon	gloss	1.0
H1032	bet cho.ron	nld	Bet-Choron	gloss	1.0
H1032	bet cho.ron	swa	beth-horoni	gloss	1.0
H1032	bet cho.ron	eng	beth-horon	aligned	0.667
H1034	bet le.va.ot	eng	Beth-lebaoth	gloss	1.0
H1034	bet le.va.ot	fra	Beth-Lebaoth	gloss	1.0
H1034	bet le.va.ot	por	Bete-Lebaote	gloss	1.0
H1034	bet le.va.ot	spa	Bet-lebaot	gloss	1.0
H1034	bet le.va.ot	cmn-Hans	伯‧利巴勿，《思》贝特肋巴敖特	gloss	1.0
H1034	bet le.va.ot	cmn-Hant	伯‧利巴勿，《思》貝特肋巴敖特	gloss	1.0
H1034	bet le.va.ot	deu	Bet-Lebaot	gloss	1.0
H1034	bet le.va.ot	nld	Bet-Lebaot	gloss	1.0
H1034	bet le.va.ot	swa	bethlebaothi, shaaraimu	gloss	1.0
H1035	bet le.chem	eng	Bethlehem	gloss	1.0
H1035	bet le.chem	fra	Bethléhem	gloss	1.0
H1035	bet le.chem	por	Belém	gloss	1.0
H1035	bet le.chem	spa	Belén	gloss	1.0
H1035	bet le.chem	cmn-Hans	伯利恒，《思》白冷，贝特肋恒，贝特肋恒	gloss	1.0
H1035	bet le.chem	cmn-Hant	伯利恆，《思》白冷，貝特肋恆，貝特肋恒	gloss	1.0
H1035	bet le.chem	deu	Betlehem	gloss	1.0
H1035	bet le.chem	nld	Betlehem	gloss	1.0
H1035	bet le.chem	swa	bethlehemu, bethlehemu-yuda, mwefrata, nimp	gloss	1.0
H1035	bet le.chem	eng	beth-lehem-judah	aligned	0.8
H1035	bet le.chem	eng	beth-lehem	aligned	0.781
H1038	bet ma.a.khah	eng	beth-maacah	gloss	1.0
H1041	bet az.ma.vet	eng	Beth-azmaveth	gloss	1.0
H1041	bet az.ma.vet	fra	Beth-Azmaveth	gloss	1.0
H1041	bet az.ma.vet	por	Bete-Azmavete	gloss	1.0
H1041	bet az.ma.vet	spa	Bet-azmavet	gloss	1.0
H1041	bet az.ma.vet	cmn-Hans	伯‧亚斯玛弗，《思》贝特阿次玛委特	gloss	1.0
H1041	bet az.ma.vet	cmn-Hant	伯‧亞斯瑪弗，《思》貝特阿次瑪委特	gloss	1.0
H1041	bet az.ma.vet	deu	Bet-Asmawet	gloss	1.0
H1041	bet az.ma.vet	nld	Bet-Azmawet	gloss	1.0
H1041	bet az.ma.vet	swa	beth-azmawethi	gloss	1.0
H1042	bet a.not	eng	Beth-anoth	gloss	1.0
H1042	bet a.not	fra	Beth-Anoth	gloss	1.0
H1042	bet a.not	por	Bete-Anote	gloss	1.0
H1042	bet a.not	spa	Bet-anot	gloss	1.0
H1042	bet a.not	cmn-Hans	伯‧亚诺，《思》贝特阿诺特	gloss	1.0
H1042	bet a.not	cmn-Hant	伯‧亞諾，《思》貝特阿諾特	gloss	1.0
H1042	bet a.not	deu	Bet-Anot	gloss	1.0
H1042	bet a.not	nld	Bet-Anot	gloss	1.0
H1042	bet a.not	swa	bethanathi, bethi-anathi	gloss	1.0
H1043	bet a.nat	eng	Beth-anath	gloss	1.0
H1043	bet a.nat	fra	Beth-Anath	gloss	1.0
H1043	bet a.nat	por	Bete-Anate	gloss	1.0
H1043	bet a.nat	spa	Bet-anat	gloss	1.0
H1043	bet a.nat	cmn-Hans	伯‧亚纳，《思》贝特阿纳特	gloss	1.0
H1043	bet a.nat	cmn-Hant	伯‧亞納，《思》貝特阿納特	gloss	1.0
H1043	bet a.nat	deu	Bet-Anat	gloss	1.0
H1043	bet a.nat	nld	Bet-Anat	gloss	1.0
H1043	bet a.nat	swa	bethanathi, bethi-anathi	gloss	1.0
H1044	bet e.qed	eng	Beth-eked	gloss	1.0
H1044	bet e.qed	fra	Beth-Éqed	gloss	1.0
H1044	bet e.qed	por	Bete-Equede	gloss	1.0
H1044	bet e.qed	spa	Casa de Esquileo	gloss	1.0
H1044	bet e.qed	cmn-Hans	伯·艾克特，《现》营，《思》贝特厄刻得	gloss	1.0
H1044	bet e.qed	cmn-Hant	伯·艾克特，《現》營，《思》貝特厄刻得	gloss	1.0
H1044	bet e.qed	deu	Bet-Eked	gloss	1.0
H1044	bet e.qed	nld	Bet-Eked	gloss	1.0
H1044	bet e.qed	swa	manyoya	gloss	1.0
H1044	bet e.qed	eng	shearing-house	aligned	1.0
H1046	bet pe.let	eng	Beth-pelet	gloss	1.0
H1046	bet pe.let	fra	Beth-Pèleth	gloss	1.0
H1046	bet pe.let	por	Bete-Palete	gloss	1.0
H1046	bet pe.let	spa	Bet-pelet	gloss	1.0
H1046	bet pe.let	cmn-Hans	伯‧帕列，《思》贝特培肋特	gloss	1.0
H1046	bet pe.let	cmn-Hant	伯‧帕列，《思》貝特培肋特	gloss	1.0
H1046	bet pe.let	deu	Bet-Pelet	gloss	1.0
H1046	bet pe.let	nld	Bet-Pelet	gloss	1.0
H1046	bet pe.let	swa	beth-peleti	gloss	1.0
H1047	bet pe.or	eng	Beth-peor	gloss	1.0
H1047	bet pe.or	fra	Beth-Péor	gloss	1.0
H1047	bet pe.or	por	Bete-Peor	gloss	1.0
H1047	bet pe.or	spa	Bet-peor	gloss	1.0
H1047	bet pe.or	cmn-Hans	伯‧毗珥，《思》贝特培敖尔	gloss	1.0
H1047	bet pe.or	cmn-Hant	伯‧毗珥，《思》貝特培敖爾	gloss	1.0
H1047	bet pe.or	deu	Bet-Pegor	gloss	1.0
H1047	bet pe.or	nld	Bet-Peor	gloss	1.0
H1047	bet pe.or	swa	beth-peori	gloss	1.0
H1047	bet pe.or	eng	beth-peor	aligned	0.8
H1048	bet pats.tsets	eng	Beth-pazzez	gloss	1.0
H1048	bet pats.tsets	fra	Beth-Patsets	gloss	1.0
H1048	bet pats.tsets	por	Bete-Pasês	gloss	1.0
H1048	bet pats.tsets	spa	Bet-pases	gloss	1.0
H1048	bet pats.tsets	cmn-Hans	伯‧帕薛，《思》贝特帕责兹	gloss	1.0
H1048	bet pats.tsets	cmn-Hant	伯‧帕薛，《思》貝特帕責茲	gloss	1.0
H1048	bet pats.tsets	deu	Bet-Pazzez	gloss	1.0
H1048	bet pats.tsets	nld	Bet-Passes	gloss	1.0
H1048	bet pats.tsets	swa	bethpasesi	gloss	1.0
H1049	bet tsur	eng	Beth-zur	gloss	1.0
H1049	bet tsur	fra	Beth-Tsour	gloss	1.0
H1049	bet tsur	por	Bete-Zur	gloss	1.0
H1049	bet tsur	spa	Bet-sur	gloss	1.0
H1049	bet tsur	cmn-Hans	伯‧夙，《思》贝特族尔	gloss	1.0
H1049	bet tsur	cmn-Hant	伯‧夙，《思》貝特族爾	gloss	1.0
H1049	bet tsur	deu	Bet-Zur	gloss	1.0
H1049	bet tsur	nld	Bet-Sur	gloss	1.0
H1049	bet tsur	swa	beth-suri	gloss	1.0
H1049	bet tsur	eng	beth-zur	aligned	1.0
H1052	bet she.an	eng	Beth-shean	gloss	1.0
H1052	bet she.an	fra	Beth-Shéân	gloss	1.0
H1052	bet she.an	por	Bete-Seã	gloss	1.0
H1052	bet she.an	spa	Bet-seán	gloss	1.0
H1052	bet she.an	cmn-Hans	伯‧善，《思》贝特商	gloss	1.0
H1052	bet she.an	cmn-Hant	伯‧善，《思》貝特商	gloss	1.0
H1052	bet she.an	deu	Bet-Schean	gloss	1.0
H1052	bet she.an	nld	Bet-San	gloss	1.0
H1052	bet she.an	swa	beth-sheani, yoiib, watungi, yomwu, haitutoshi	gloss	1.0
H1052	bet she.an	eng	beth-shean	aligned	0.833
H1052	bet she.an	eng	beth-shan	aligned	0.667
H1053	bet she.mesh	eng	Beth-shemesh	gloss	1.0
H1053	bet she.mesh	fra	Beth-Shémesh	gloss	1.0
H1053	bet she.mesh	por	Bete-Semes	gloss	1.0
H1053	bet she.mesh	spa	Bet-semes	gloss	1.0
H1053	bet she.mesh	cmn-Hans	伯‧示麦，《思》贝特舍默士	gloss	1.0
H1053	bet she.mesh	cmn-Hant	伯‧示麥，《思》貝特舍默士	gloss	1.0
H1053	bet she.mesh	deu	Bet-Schemesch	gloss	1.0
H1053	bet she.mesh	nld	Bet-Semes	gloss	1.0
H1053	bet she.mesh	swa	beth-shemeshi	gloss	1.0
H1053	bet she.mesh	eng	beth-shemesh	aligned	0.593
H1066	bo.khim	eng	Bochim	gloss	1.0
H1066	bo.khim	fra	Bokim	gloss	1.0
H1066	bo.khim	por	Boquim	gloss	1.0
H1066	bo.khim	spa	Boquím	gloss	1.0
H1066	bo.khim	cmn-Hans	波金，《思》波津	gloss	1.0
H1066	bo.khim	cmn-Hant	波金，《思》波津	gloss	1.0
H1066	bo.khim	deu	Bochim	gloss	1.0
H1066	bo.khim	nld	Bochim	gloss	1.0
H1066	bo.khim	swa	bokimu	gloss	1.0
H1066	bo.khim	arb	بُوكِيمَ	aligned	1.0
H1066	bo.khim	eng	bochim	aligned	0.75
H1066	bo.khim	rus	бохим	aligned	1.0
H1066	bo.khim	spa	bochîm	aligned	1.0
H1071	be.kher	eng	Becher	gloss	1.0
H1071	be.kher	fra	Bèker	gloss	1.0
H1071	be.kher	por	Bequer	gloss	1.0
H1071	be.kher	spa	Bequer	gloss	1.0
H1071	be.kher	cmn-Hans	比结，《思》贝革尔	gloss	1.0
H1071	be.kher	cmn-Hant	比結，《思》貝革爾	gloss	1.0
H1071	be.kher	arb	بَاكَرَ	aligned	1.0
H1071	be.kher	arb	وَبَاكَرُ	aligned	1.0
H1071	be.kher	eng	becher	aligned	0.667
H1071	be.kher	hin	बेकेर	aligned	0.4
H1071	be.kher	spa	bechêr	aligned	1.0
H1075	bikh.ri	eng	Bichri	gloss	1.0
H1075	bikh.ri	fra	Bikri	gloss	1.0
H1075	bikh.ri	por	Bicri	gloss	1.0
H1075	bikh.ri	spa	Bicri	gloss	1.0
H1075	bikh.ri	cmn-Hans	比基利，《思》彼革黎	gloss	1.0
H1075	bikh.ri	cmn-Hant	比基利，《思》彼革黎	gloss	1.0
H1075	bikh.ri	deu	Bichri	gloss	1.0
H1075	bikh.ri	nld	Bichri	gloss	1.0
H1075	bikh.ri	swa	bikri	gloss	1.0
H1075	bikh.ri	arb	بِكْرِي	aligned	0.727
H1075	bikh.ri	eng	bichri	aligned	0.938
H1075	bikh.ri	hin	बिक्री	aligned	1.0
H1075	bikh.ri	spa	bichri	aligned	1.0
H1083	bil.gah	eng	Bilgah	gloss	1.0
H1083	bil.gah	fra	Bilga	gloss	1.0
H1083	bil.gah	por	Bilga	gloss	1.0
H1083	bil.gah	spa	Bilga	gloss	1.0
H1083	bil.gah	cmn-Hans	璧迦，《思》彼耳加	gloss	1.0
H1083	bil.gah	cmn-Hant	璧迦，《思》彼耳加	gloss	1.0
H1083	bil.gah	deu	Bilga	gloss	1.0
H1083	bil.gah	nld	Bilga	gloss	1.0
H1083	bil.gah	swa	bilgai, bilga	gloss	1.0
H1083	bil.gah	eng	bilgah	aligned	0.667
H1083	bil.gah	spa	bilga	aligned	1.0
H1090	bil.hah	eng	Bilhah	gloss	1.0
H1090	bil.hah	fra	Bilha	gloss	1.0
H1090	bil.hah	por	Bilá	gloss	1.0
H1090	bil.hah	spa	Bilha	gloss	1.0
H1090	bil.hah	cmn-Hans	辟拉，《思》彼耳哈	gloss	1.0
H1090	bil.hah	cmn-Hant	辟拉，《思》彼耳哈	gloss	1.0
H1090	bil.hah	deu	Bilha	gloss	1.0
H1090	bil.hah	nld	Bilha	gloss	1.0
H1090	bil.hah	swa	bilha	gloss	1.0
H1090	bil.hah	arb	بِلْهَةَ	aligned	1.0
H1090	bil.hah	arb	بِلْهَةُ	aligned	1.0
H1090	bil.hah	eng	bilhah	aligned	0.955
H1090	bil.hah	hin	बिल्हा	aligned	0.909
H1090	bil.hah	rus	валла	aligned	1.0
H1090	bil.hah	spa	bilha	aligned	1.0
H1106	be.la	eng	Bela	gloss	1.0
H1106	be.la	deu	Verschlungenes	gloss	1.0
H1106	be.la	nld	dat wat doorgeslikt is	gloss	1.0
H1106	be.la	swa	mez, ezw, anga, tumemmeza, ammeze	gloss	1.0
H1106	be.la	arb	بَالَعَ	aligned	1.0
H1106	be.la	arb	بَالَعُ	aligned	1.0
H1106	be.la	arb	بَالِعُ	aligned	1.0
H1106	be.la	eng	bela	aligned	0.889
H1106	be.la	hin	बेला	aligned	0.786
H1106	be.la	rus	белы	aligned	0.667
H1106	be.la	spa	bela	aligned	1.0
H1106	be.la	spa	belah	aligned	1.0
H1109	bil.am	eng	Balaam	gloss	1.0
H1109	bil.am	fra	Balaam	gloss	1.0
H1109	bil.am	por	Balaão	gloss	1.0
H1109	bil.am	spa	Balaam	gloss	1.0
H1109	bil.am	cmn-Hans	巴兰，《思》巴郎	gloss	1.0
H1109	bil.am	cmn-Hant	巴蘭，《思》巴郎	gloss	1.0
H1109	bil.am	deu	Bileam	gloss	1.0
H1109	bil.am	nld	Bileam	gloss	1.0
H1109	bil.am	swa	balaamu, ibleamu	gloss	1.0
H1109	bil.am	arb	بَلْعَامُ	aligned	1.0
H1109	bil.am	arb	لِبَلْعَامَ	aligned	1.0
H1109	bil.am	arb	وَبَلْعَامُ	aligned	1.0
H1109	bil.am	arb	بَلْعَامَ	aligned	0.793
H1109	bil.am	eng	balaam’s	aligned	1.0
H1109	bil.am	eng	balaam	aligned	0.803
H1109	bil.am	hin	बिलाम	aligned	0.836
H1109	bil.am	rus	валааму	aligned	0.909
H1109	bil.am	rus	валаам	aligned	0.8
H1109	bil.am	rus	веоров	aligned	0.667
H1109	bil.am	rus	валаама	aligned	0.4
H1109	bil.am	spa	balaam	aligned	0.918
H1111	ba.laq	eng	Balak	gloss	1.0
H1111	ba.laq	fra	Balaq	gloss	1.0
H1111	ba.laq	por	Balaque	gloss	1.0
H1111	ba.laq	spa	Balac	gloss	1.0
H1111	ba.laq	cmn-Hans	巴勒，《思》巴拉克	gloss	1.0
H1111	ba.laq	cmn-Hant	巴勒，《思》巴拉克	gloss	1.0
H1111	ba.laq	deu	Balak	gloss	1.0
H1111	ba.laq	nld	Balak	gloss	1.0
H1111	ba.laq	swa	balaki, angenipa, nijengee	gloss	1.0
H1111	ba.laq	arb	بَالَاقُ	aligned	1.0
H1111	ba.laq	arb	لِبَالَاقَ	aligned	1.0
H1111	ba.laq	arb	بَالَاقَ	aligned	0.909
H1111	ba.laq	eng	balak’s	aligned	1.0
H1111	ba.laq	eng	balak	aligned	0.882
H1111	ba.laq	hin	बालाक	aligned	0.907
H1111	ba.laq	rus	валаковым	aligned	1.0
H1111	ba.laq	rus	сепфоров	aligned	1.0
H1111	ba.laq	rus	валаку	aligned	0.889
H1111	ba.laq	rus	валак	aligned	0.857
H1111	ba.laq	spa	balac	aligned	0.976
H1113	be.le.shats.tsar	eng	Belshazzar	gloss	1.0
H1113	be.le.shats.tsar	fra	Belshatsar	gloss	1.0
H1113	be.le.shats.tsar	por	Belsazar	gloss	1.0
H1113	be.le.shats.tsar	spa	Belsasar	gloss	1.0
H1113	be.le.shats.tsar	cmn-Hans	伯沙撒，《思》贝耳沙匝	gloss	1.0
H1113	be.le.shats.tsar	cmn-Hant	伯沙撒，《思》貝耳沙匝	gloss	1.0
H1113	be.le.shats.tsar	deu	Belschazzar	gloss	1.0
H1113	be.le.shats.tsar	nld	Belsassar	gloss	1.0
H1113	be.le.shats.tsar	swa	belshaza	gloss	1.0
H1113	be.le.shats.tsar	arb	بَيْلْشَاصَّرُ	aligned	1.0
H1113	be.le.shats.tsar	eng	belshazzar	aligned	0.667
H1113	be.le.shats.tsar	hin	बेलशस्सर	aligned	0.625
H1113	be.le.shats.tsar	rus	валтасар	aligned	0.4
H1113	be.le.shats.tsar	spa	belsasar	aligned	0.875
H1114	bil.shan	eng	Bilshan	gloss	1.0
H1114	bil.shan	fra	Bilshân	gloss	1.0
H1114	bil.shan	por	Bilsã	gloss	1.0
H1114	bil.shan	spa	Bilsán	gloss	1.0
H1114	bil.shan	cmn-Hans	必珊，《思》彼耳商	gloss	1.0
H1114	bil.shan	cmn-Hant	必珊，《思》彼耳商	gloss	1.0
H1114	bil.shan	deu	Bilschan	gloss	1.0
H1114	bil.shan	nld	Bilsan	gloss	1.0
H1114	bil.shan	swa	bilshani	gloss	1.0
H1114	bil.shan	arb	بِلْشَانُ	aligned	1.0
H1114	bil.shan	eng	bilshan	aligned	1.0
H1114	bil.shan	hin	बिलशान	aligned	1.0
H1114	bil.shan	spa	bilsán	aligned	1.0
H1120	ba.mot	eng	Bamoth	gloss	1.0
H1120	ba.mot	fra	Bamoth-Baal	gloss	1.0
H1120	ba.mot	por	Bamote-Baal	gloss	1.0
H1120	ba.mot	spa	Bamot-baal	gloss	1.0
H1120	ba.mot	cmn-Hans	巴末·巴力，《思》巴摩特巴耳	gloss	1.0
H1120	ba.mot	cmn-Hant	巴末·巴力，《思》巴摩特巴耳	gloss	1.0
H1120	ba.mot	deu	Bamot-Baal	gloss	1.0
H1120	ba.mot	nld	Bamot-Baäl	gloss	1.0
H1120	ba.mot	swa	bamoth-baali, bamothi	gloss	1.0
H1120	ba.mot	arb	بَامُوتَ	aligned	1.0
H1120	ba.mot	eng	bamoth	aligned	0.75
H1120	ba.mot	spa	bamoth	aligned	1.0
H1126	ben-o.ni	eng	Ben-oni	gloss	1.0
H1126	ben-o.ni	fra	Ben-Oni	gloss	1.0
H1126	ben-o.ni	por	Benoni	gloss	1.0
H1126	ben-o.ni	spa	Benoni	gloss	1.0
H1126	ben-o.ni	cmn-Hans	便‧俄尼，《思》本敖尼	gloss	1.0
H1126	ben-o.ni	cmn-Hant	便‧俄尼，《思》本敖尼	gloss	1.0
H1126	ben-o.ni	deu	Ben-Oni	gloss	1.0
H1126	ben-o.ni	nld	Ben-Oni	gloss	1.0
H1126	ben-o.ni	swa	benoni	gloss	1.0
H1130	ben-ha.dad	eng	Ben-hadad	gloss	1.0
H1130	ben-ha.dad	fra	Ben-Hadad	gloss	1.0
H1130	ben-ha.dad	por	Ben-Hadade	gloss	1.0
H1130	ben-ha.dad	spa	Ben-adad	gloss	1.0
H1130	ben-ha.dad	cmn-Hans	便‧哈达，《思》本哈达得	gloss	1.0
H1130	ben-ha.dad	cmn-Hant	便‧哈達，《思》本哈達得	gloss	1.0
H1130	ben-ha.dad	eng	ben-hadad	aligned	0.605
H1134	ben-cha.yil	eng	Ben-hail	gloss	1.0
H1134	ben-cha.yil	fra	Ben-Haïl	gloss	1.0
H1134	ben-cha.yil	por	Ben-Hail	gloss	1.0
H1134	ben-cha.yil	spa	Ben-hail	gloss	1.0
H1134	ben-cha.yil	cmn-Hans	便‧亥伊勒，《思》本海耳	gloss	1.0
H1134	ben-cha.yil	cmn-Hant	便‧亥伊勒，《思》本海耳	gloss	1.0
H1137	ba.ni	eng	Bani	gloss	1.0
H1137	ba.ni	fra	Bani	gloss	1.0
H1137	ba.ni	por	Bani	gloss	1.0
H1137	ba.ni	spa	Bani	gloss	1.0
H1137	ba.ni	cmn-Hans	巴尼	gloss	1.0
H1137	ba.ni	cmn-Hant	巴尼	gloss	1.0
H1137	ba.ni	deu	Bani	gloss	1.0
H1137	ba.ni	nld	Bani	gloss	1.0
H1137	ba.ni	swa	bani, binui	gloss	1.0
H1137	ba.ni	arb	وَبَانِي	aligned	1.0
H1137	ba.ni	arb	بَانِي	aligned	0.8
H1137	ba.ni	eng	bani	aligned	0.821
H1137	ba.ni	hin	बानी	aligned	0.667
H1137	ba.ni	rus	вания	aligned	0.429
H1137	ba.ni	spa	bani	aligned	1.0
H1141	be.na.yah	eng	Benaiah	gloss	1.0
H1141	be.na.yah	dan	Benaja	gloss	1.0
H1141	be.na.yah	deu	Benaja	gloss	1.0
H1141	be.na.yah	nld	Benaja	gloss	1.0
H1141	be.na.yah	swa	benaya	gloss	1.0
H1141	be.na.yah	arb	بَنَايَا	aligned	1.0
H1141	be.na.yah	arb	بَنَايَاهُو	aligned	1.0
H1141	be.na.yah	arb	بَنَايَاهُوَ	aligned	1.0
H1141	be.na.yah	arb	وَبَنَايَا	aligned	1.0
H1141	be.na.yah	arb	وَبَنَايَاهُو	aligned	1.0
H1141	be.na.yah	arb	وَبَنَايَاهُوَ	aligned	1.0
H1141	be.na.yah	eng	benaiah	aligned	0.741
H1141	be.na.yah	hin	बनायाह	aligned	0.561
H1141	be.na.yah	rus	иодаев	aligned	1.0
H1141	be.na.yah	rus	иодаева	aligned	1.0
H1141	be.na.yah	rus	ванея	aligned	0.75
H1141	be.na.yah	rus	иодая	aligned	0.538
H1141	be.na.yah	spa	benaía	aligned	1.0
H1141	be.na.yah	spa	benaías	aligned	1.0
H1142	be.ne ya.a.qan	eng	Bene-jaakan	gloss	1.0
H1142	be.ne ya.a.qan	fra	Bené-Yaaqân	gloss	1.0
H1142	be.ne ya.a.qan	por	Benê-Jaacã	gloss	1.0
H1142	be.ne ya.a.qan	spa	Bene-jaacán	gloss	1.0
H1142	be.ne ya.a.qan	cmn-Hans	比尼‧亚干，《思》贝乃雅干	gloss	1.0
H1142	be.ne ya.a.qan	cmn-Hant	比尼‧亞干，《思》貝乃雅干	gloss	1.0
H1142	be.ne ya.a.qan	deu	Bene-Jaakan	gloss	1.0
H1142	be.ne ya.a.qan	nld	Bene-Jaäkan	gloss	1.0
H1142	be.ne ya.a.qan	eng	bene-jaakan	aligned	0.667
H1144	bin.ya.min	eng	Benjamin	gloss	1.0
H1144	bin.ya.min	fra	Benjamin	gloss	1.0
H1144	bin.ya.min	por	Benjamim	gloss	1.0
H1144	bin.ya.min	spa	Benjamín	gloss	1.0
H1144	bin.ya.min	cmn-Hans	便雅悯，《思》本雅明	gloss	1.0
H1144	bin.ya.min	cmn-Hant	便雅憫，《思》本雅明	gloss	1.0
H1144	bin.ya.min	arb	بَنْيَامِينُ	aligned	1.0
H1144	bin.ya.min	arb	وَبَنْيَامِينَ	aligned	1.0
H1144	bin.ya.min	arb	وَبَنْيَامِينُ	aligned	1.0
H1144	bin.ya.min	arb	بَنْيَامِينَ	aligned	0.99
H1144	bin.ya.min	arb	لِبَنْيَامِينَ	aligned	0.909
H1144	bin.ya.min	arb	بِنْيَامِينَ	aligned	0.5
H1144	bin.ya.min	eng	benjamin	aligned	0.767
H1144	bin.ya.min	eng	benjamites	aligned	0.195
H1144	bin.ya.min	hin	बिन्यामीन	aligned	0.63
H1144	bin.ya.min	hin	बिन्यामीनियों	aligned	0.575
H1144	bin.ya.min	hin	बिन्यामीनी	aligned	0.28
H1144	bin.ya.min	rus	вениамитян	aligned	1.0
H1144	bin.ya.min	rus	вениаминовы	aligned	0.714
H1144	bin.ya.min	rus	вениамина	aligned	0.704
H1144	bin.ya.min	rus	вениаминовых	aligned	0.667
H1144	bin.ya.min	rus	вениаминова	aligned	0.556
H1144	bin.ya.min	rus	вениамин	aligned	0.545
H1144	bin.ya.min	rus	вениаминову	aligned	0.5
H1144	bin.ya.min	rus	вениаминовой	aligned	0.286
H1144	bin.ya.min	spa	benjamín	aligned	0.912
H1151	ben-am.mi	eng	Ben-ammi	gloss	1.0
H1151	ben-am.mi	fra	Ben-Ammi	gloss	1.0
H1151	ben-am.mi	por	Ben-Ami	gloss	1.0
H1151	ben-am.mi	spa	Ben-ammi	gloss	1.0
H1151	ben-am.mi	cmn-Hans	便‧亚米，《思》本阿米	gloss	1.0
H1151	ben-am.mi	cmn-Hant	便‧亞米，《思》本阿米	gloss	1.0
H1153	be.say	eng	Besai	gloss	1.0
H1153	be.say	fra	Bésaï	gloss	1.0
H1153	be.say	por	Besai	gloss	1.0
H1153	be.say	spa	Besai	gloss	1.0
H1153	be.say	cmn-Hans	比赛，《思》贝赛	gloss	1.0
H1153	be.say	cmn-Hant	比賽，《思》貝賽	gloss	1.0
H1153	be.say	deu	Besai	gloss	1.0
H1153	be.say	nld	Besai	gloss	1.0
H1153	be.say	swa	besai	gloss	1.0
H1153	be.say	arb	بِيسَايَ	aligned	1.0
H1153	be.say	eng	besai	aligned	1.0
H1153	be.say	spa	besai	aligned	0.4
H1160	be.or	eng	Beor	gloss	1.0
H1160	be.or	fra	Beor	gloss	1.0
H1160	be.or	por	Beor	gloss	1.0
H1160	be.or	spa	Beor	gloss	1.0
H1160	be.or	cmn-Hans	比珥，《思》贝敖尔	gloss	1.0
H1160	be.or	cmn-Hant	比珥，《思》貝敖爾	gloss	1.0
H1160	be.or	deu	Beor	gloss	1.0
H1160	be.or	nld	Beor	gloss	1.0
H1160	be.or	swa	beori	gloss	1.0
H1160	be.or	arb	بَعُورَ	aligned	0.9
H1160	be.or	eng	beor	aligned	0.952
H1160	be.or	hin	बोर	aligned	1.0
H1160	be.or	rus	открытым	aligned	0.667
H1160	be.or	spa	beor	aligned	1.0
H1162	bo.az	eng	Boaz	gloss	1.0
H1162	bo.az	fra	Booz	gloss	1.0
H1162	bo.az	por	Boaz	gloss	1.0
H1162	bo.az	spa	Booz	gloss	1.0
H1162	bo.az	cmn-Hans	波阿斯，《思》波阿次	gloss	1.0
H1162	bo.az	cmn-Hant	波阿斯，《思》波阿次	gloss	1.0
H1162	bo.az	deu	Boas	gloss	1.0
H1162	bo.az	nld	Boaz	gloss	1.0
H1162	bo.az	swa	boazi	gloss	1.0
H1162	bo.az	arb	بُوعَزُ	aligned	1.0
H1162	bo.az	arb	لِبُوعَزَ	aligned	1.0
H1162	bo.az	arb	بُوعَزَ	aligned	0.556
H1162	bo.az	arb	وَبُوعَزُ	aligned	0.5
H1162	bo.az	eng	boaz	aligned	0.719
H1162	bo.az	hin	बोअज	aligned	0.643
H1162	bo.az	rus	вооз	aligned	0.786
H1162	bo.az	spa	boaz	aligned	1.0
H1162	bo.az	spa	booz	aligned	0.88
H1168	ba.al	eng	Baal	gloss	1.0
H1168	ba.al	arb	لِلْبَعْلِيمِ	aligned	1.0
H1168	ba.al	arb	وَبَعَلُ	aligned	1.0
H1168	ba.al	arb	ٱلْبَعْلَ	aligned	1.0
H1168	ba.al	arb	ٱلْبَعْلُ	aligned	1.0
H1168	ba.al	arb	ٱلْبَعْلِيمَ	aligned	1.0
H1168	ba.al	arb	ٱلْبَعْلِيمِ	aligned	1.0
H1168	ba.al	arb	ٱلْبَعْلِ	aligned	0.967
H1168	ba.al	arb	لِلْبَعْلِ	aligned	0.938
H1168	ba.al	eng	baalim	aligned	0.75
H1168	ba.al	eng	baal	aligned	0.338
H1168	ba.al	rus	ваалов	aligned	0.8
H1168	ba.al	rus	ваалам	aligned	0.5
H1168	ba.al	rus	ваалу	aligned	0.5
H1168	ba.al	rus	ваала	aligned	0.333
H1168	ba.al	rus	разрушили	aligned	0.3
H1168	ba.al	spa	baales	aligned	1.0
H1168	ba.al	spa	baal	aligned	0.968
H1170	ba.al be.rit	eng	Baal-berith	gloss	1.0
H1170	ba.al be.rit	fra	Baal-Berith	gloss	1.0
H1170	ba.al be.rit	por	Baal-Berite	gloss	1.0
H1170	ba.al be.rit	spa	Baal-berit	gloss	1.0
H1170	ba.al be.rit	cmn-Hans	巴力‧比利土，《思》巴耳贝黎特	gloss	1.0
H1170	ba.al be.rit	cmn-Hant	巴力‧比利土，《思》巴耳貝黎特	gloss	1.0
H1170	ba.al be.rit	deu	Baal-Berit	gloss	1.0
H1170	ba.al be.rit	nld	Baäl-Berit	gloss	1.0
H1170	ba.al be.rit	swa	baal-berithi, wapuuzi	gloss	1.0
H1170	ba.al be.rit	eng	baal-berith	aligned	0.667
H1171	ba.al gad	eng	Baal-gad	gloss	1.0
H1171	ba.al gad	fra	Baal-Gad	gloss	1.0
H1171	ba.al gad	por	Baal-Gade	gloss	1.0
H1171	ba.al gad	spa	Baal-gad	gloss	1.0
H1171	ba.al gad	cmn-Hans	巴力‧迦得，《思》巴耳加得	gloss	1.0
H1171	ba.al gad	cmn-Hant	巴力‧迦得，《思》巴耳加得	gloss	1.0
H1171	ba.al gad	deu	Baal-Gad	gloss	1.0
H1171	ba.al gad	nld	Baäl-Gad	gloss	1.0
H1171	ba.al gad	swa	baal-gadi	gloss	1.0
H1171	ba.al gad	eng	baal-gad	aligned	0.6
H1174	ba.al ha.mon	eng	Baal-hamon	gloss	1.0
H1174	ba.al ha.mon	fra	Baal-Hamôn	gloss	1.0
H1174	ba.al ha.mon	por	Baal-Hamom	gloss	1.0
H1174	ba.al ha.mon	spa	Baal-hamón	gloss	1.0
H1174	ba.al ha.mon	cmn-Hans	巴力‧哈们，《思》巴耳哈孟	gloss	1.0
H1174	ba.al ha.mon	cmn-Hant	巴力‧哈們，《思》巴耳哈孟	gloss	1.0
H1174	ba.al ha.mon	deu	Baal-Hamon	gloss	1.0
H1174	ba.al ha.mon	nld	Baäl-Hamon	gloss	1.0
H1174	ba.al ha.mon	swa	akawakodisha, baal-hamomi	gloss	1.0
H1175	be.a.lot	eng	Bealoth	gloss	1.0
H1175	be.a.lot	fra	Béaloth	gloss	1.0
H1175	be.a.lot	por	Bealote	gloss	1.0
H1175	be.a.lot	spa	Bealot	gloss	1.0
H1175	be.a.lot	cmn-Hans	比亚绿，《思》贝阿罗特	gloss	1.0
H1175	be.a.lot	cmn-Hant	比亞綠，《思》貝阿羅特	gloss	1.0
H1175	be.a.lot	deu	Bealot	gloss	1.0
H1175	be.a.lot	nld	Bealot	gloss	1.0
H1175	be.a.lot	swa	bealothi	gloss	1.0
H1175	be.a.lot	arb	وَبَعَلُوتَ	aligned	1.0
H1177	ba.al cha.nan	eng	Baal-hanan	gloss	1.0
H1177	ba.al cha.nan	fra	Baal-Hanân	gloss	1.0
H1177	ba.al cha.nan	por	Baal-Hanã	gloss	1.0
H1177	ba.al cha.nan	spa	Baal-hanán	gloss	1.0
H1177	ba.al cha.nan	cmn-Hans	巴勒‧哈南，《思》巴耳哈南	gloss	1.0
H1177	ba.al cha.nan	cmn-Hant	巴勒‧哈南，《思》巴耳哈南	gloss	1.0
H1177	ba.al cha.nan	deu	Baal-Hanan	gloss	1.0
H1177	ba.al cha.nan	nld	Baäl-Chanan	gloss	1.0
H1177	ba.al cha.nan	swa	baal-hanani	gloss	1.0
H1177	ba.al cha.nan	eng	baal-hanan	aligned	1.0
H1179	ba.al cher.mon	eng	Baal-hermon	gloss	1.0
H1179	ba.al cher.mon	fra	Baal-Hermon	gloss	1.0
H1179	ba.al cher.mon	por	Baal-Hermom	gloss	1.0
H1179	ba.al cher.mon	spa	Baal-hermón	gloss	1.0
H1179	ba.al cher.mon	cmn-Hans	巴力‧黑们，《思》巴耳赫尔孟	gloss	1.0
H1179	ba.al cher.mon	cmn-Hant	巴力‧黑們，《思》巴耳赫爾孟	gloss	1.0
H1179	ba.al cher.mon	deu	Baal-Hermon	gloss	1.0
H1179	ba.al cher.mon	nld	Baäl-Hermon	gloss	1.0
H1179	ba.al cher.mon	swa	baal-hermoni	gloss	1.0
H1179	ba.al cher.mon	eng	baal-hermon	aligned	1.0
H1187	ba.al pe.or	eng	Baal of Peor	gloss	1.0
H1187	ba.al pe.or	fra	Baal-Péor	gloss	1.0
H1187	ba.al pe.or	por	Baal-Peor	gloss	1.0
H1187	ba.al pe.or	spa	Baal-peor	gloss	1.0
H1187	ba.al pe.or	cmn-Hans	巴力‧毗珥，《思》巴耳培敖尔，巴耳培敖耳	gloss	1.0
H1187	ba.al pe.or	cmn-Hant	巴力‧毗珥，《思》巴耳培敖爾，巴耳培敖耳	gloss	1.0
H1187	ba.al pe.or	deu	Baal-Pegor	gloss	1.0
H1187	ba.al pe.or	nld	Baäl-Peor	gloss	1.0
H1187	ba.al pe.or	swa	baal-peori	gloss	1.0
H1187	ba.al pe.or	eng	baal-peor	aligned	0.714
H1189	ba.al tse.phon	eng	Baal-zephon	gloss	1.0
H1189	ba.al tse.phon	fra	Baal-Tsephôn	gloss	1.0
H1189	ba.al tse.phon	por	Baal-Zefom	gloss	1.0
H1189	ba.al tse.phon	spa	Baal-zefón	gloss	1.0
H1189	ba.al tse.phon	cmn-Hans	巴力‧洗分，《思》巴耳培辣亲	gloss	1.0
H1189	ba.al tse.phon	cmn-Hant	巴力‧洗分，《思》巴耳培辣親	gloss	1.0
H1190	ba.al sha.li.shah	eng	Baal-shalishah	gloss	1.0
H1190	ba.al sha.li.shah	fra	Baal-Shalisha	gloss	1.0
H1190	ba.al sha.li.shah	por	Baal-Salisa	gloss	1.0
H1190	ba.al sha.li.shah	spa	Baal-salisa	gloss	1.0
H1190	ba.al sha.li.shah	cmn-Hans	巴力‧沙利沙，《思》巴耳沙里沙	gloss	1.0
H1190	ba.al sha.li.shah	cmn-Hant	巴力‧沙利沙，《思》巴耳沙里沙	gloss	1.0
H1190	ba.al sha.li.shah	deu	Baal-Schalischa	gloss	1.0
H1190	ba.al sha.li.shah	nld	Baäl-Salisa	gloss	1.0
H1190	ba.al sha.li.shah	swa	baal-shalisha	gloss	1.0
H1192	ba.a.lat be.er	eng	Baalath-beer	gloss	1.0
H1192	ba.a.lat be.er	fra	Baalath-Beér	gloss	1.0
H1192	ba.a.lat be.er	por	Baalate-Beer	gloss	1.0
H1192	ba.a.lat be.er	spa	Baalat-beer	gloss	1.0
H1192	ba.a.lat be.er	cmn-Hans	巴拉‧比珥，《思》巴阿拉特贝尔	gloss	1.0
H1192	ba.a.lat be.er	cmn-Hant	巴拉‧比珥，《思》巴阿拉特貝爾	gloss	1.0
H1192	ba.a.lat be.er	deu	Baalat-Beer	gloss	1.0
H1192	ba.a.lat be.er	nld	Baälat-Beër	gloss	1.0
H1192	ba.a.lat be.er	swa	baalath-beeri	gloss	1.0
H1196	ba.a.nah	eng	Baanah	gloss	1.0
H1196	ba.a.nah	fra	Baana	gloss	1.0
H1196	ba.a.nah	por	Baaná	gloss	1.0
H1196	ba.a.nah	spa	Baana	gloss	1.0
H1196	ba.a.nah	cmn-Hans	巴拿，《思》巴阿纳	gloss	1.0
H1196	ba.a.nah	cmn-Hant	巴拿，《思》巴阿納	gloss	1.0
H1196	ba.a.nah	deu	Baana	gloss	1.0
H1196	ba.a.nah	nld	Baäna	gloss	1.0
H1196	ba.a.nah	swa	baana	gloss	1.0
H1196	ba.a.nah	arb	بَعْنَةَ	aligned	1.0
H1196	ba.a.nah	arb	وَبَعْنَةُ	aligned	1.0
H1196	ba.a.nah	eng	baanah	aligned	0.8
H1196	ba.a.nah	hin	बानाह	aligned	0.778
H1196	ba.a.nah	spa	baana	aligned	0.833
H1201	ba.sah	eng	Baasha	gloss	1.0
H1201	ba.sah	fra	Baasha	gloss	1.0
H1201	ba.sah	por	Baasa	gloss	1.0
H1201	ba.sah	spa	Baasa	gloss	1.0
H1201	ba.sah	cmn-Hans	巴沙，《思》巴厄沙	gloss	1.0
H1201	ba.sah	cmn-Hant	巴沙，《思》巴厄沙	gloss	1.0
H1201	ba.sah	deu	Bascha	gloss	1.0
H1201	ba.sah	nld	Basa	gloss	1.0
H1201	ba.sah	swa	baasha, amfiaye	gloss	1.0
H1201	ba.sah	arb	بَعْشَا	aligned	1.0
H1201	ba.sah	arb	وَبَعْشَا	aligned	1.0
H1201	ba.sah	eng	baasha’s	aligned	1.0
H1201	ba.sah	eng	baasha	aligned	0.895
H1201	ba.sah	hin	बाशा	aligned	0.926
H1201	ba.sah	rus	вааса	aligned	0.75
H1201	ba.sah	rus	ваасы	aligned	0.4
H1201	ba.sah	rus	израильским	aligned	0.333
H1201	ba.sah	spa	baasa	aligned	1.0
H1212	be.tsal.el	eng	Bezalel	gloss	1.0
H1212	be.tsal.el	fra	Betsaleël	gloss	1.0
H1212	be.tsal.el	por	Bezalel	gloss	1.0
H1212	be.tsal.el	spa	Bezalel	gloss	1.0
H1212	be.tsal.el	cmn-Hans	比撒列，《思》贝匝肋耳	gloss	1.0
H1212	be.tsal.el	cmn-Hant	比撒列，《思》貝匝肋耳	gloss	1.0
H1212	be.tsal.el	deu	Bezalel	gloss	1.0
H1212	be.tsal.el	nld	Besaleël	gloss	1.0
H1212	be.tsal.el	swa	bezaleli, besaleli	gloss	1.0
H1212	be.tsal.el	arb	بَصَلْئِيلَ	aligned	1.0
H1212	be.tsal.el	arb	بَصَلْئِيلُ	aligned	1.0
H1212	be.tsal.el	arb	وَبَصَلْئِيلُ	aligned	1.0
H1212	be.tsal.el	eng	bezaleel	aligned	0.889
H1212	be.tsal.el	eng	bezalel	aligned	0.727
H1212	be.tsal.el	hin	बसलेल	aligned	0.889
H1212	be.tsal.el	rus	веселеил	aligned	1.0
H1212	be.tsal.el	spa	bezaleel	aligned	1.0
H1221	be.tser	eng	Bezer	gloss	1.0
H1221	be.tser	deu	Golderz, Edelgold	gloss	1.0
H1221	be.tser	nld	gouderts	gloss	1.0
H1221	be.tser	swa	dhahabu, hazina	gloss	1.0
H1221	be.tser	eng	bezer	aligned	1.0
H1221	be.tser	hin	बेसेर	aligned	1.0
H1221	be.tser	rus	бецер	aligned	1.0
H1221	be.tser	spa	beser	aligned	1.0
H1224	bots.rah	eng	Bozrah	gloss	1.0
H1224	bots.rah	deu	Bozra	gloss	1.0
H1224	bots.rah	nld	Bosra	gloss	1.0
H1224	bots.rah	swa	bozra, bosra	gloss	1.0
H1224	bots.rah	arb	بُصْرَةَ	aligned	1.0
H1224	bots.rah	eng	bozrah	aligned	0.688
H1224	bots.rah	hin	बोस्रा	aligned	0.571
H1224	bots.rah	spa	bosra	aligned	0.8
H1231	buq.qi	eng	Bukki	gloss	1.0
H1231	buq.qi	fra	Bouqqi	gloss	1.0
H1231	buq.qi	por	Buqui	gloss	1.0
H1231	buq.qi	spa	Buqui	gloss	1.0
H1231	buq.qi	cmn-Hans	布基，《思》步克	gloss	1.0
H1231	buq.qi	cmn-Hant	布基，《思》步克	gloss	1.0
H1231	buq.qi	deu	Bukki	gloss	1.0
H1231	buq.qi	nld	Bukki	gloss	1.0
H1231	buq.qi	swa	buki	gloss	1.0
H1231	buq.qi	arb	بُقِّي	aligned	1.0
H1231	buq.qi	eng	bukki	aligned	0.9
H1231	buq.qi	hin	बुक्की	aligned	0.5
H1231	buq.qi	spa	bucci	aligned	1.0
H1232	buq.qiy.yah	eng	Bukkiah	gloss	1.0
H1232	buq.qiy.yah	fra	Bouqqiyahou	gloss	1.0
H1232	buq.qiy.yah	por	Buquias	gloss	1.0
H1232	buq.qiy.yah	spa	Buquías	gloss	1.0
H1232	buq.qiy.yah	cmn-Hans	布基雅，《思》步克雅	gloss	1.0
H1232	buq.qiy.yah	cmn-Hant	布基雅，《思》步克雅	gloss	1.0
H1232	buq.qiy.yah	eng	bukkiah	aligned	1.0
H1232	buq.qiy.yah	hin	बुक्किय्याह	aligned	1.0
H1232	buq.qiy.yah	spa	buccia	aligned	1.0
H1263	ba.rukh	eng	Baruch	gloss	1.0
H1263	ba.rukh	fra	Barouk	gloss	1.0
H1263	ba.rukh	por	Baruque	gloss	1.0
H1263	ba.rukh	spa	Baruc	gloss	1.0
H1263	ba.rukh	cmn-Hans	巴录，《思》巴鲁客	gloss	1.0
H1263	ba.rukh	cmn-Hant	巴錄，《思》巴魯客	gloss	1.0
H1263	ba.rukh	deu	Baruch	gloss	1.0
H1263	ba.rukh	nld	Baruch	gloss	1.0
H1263	ba.rukh	swa	baruku, lisom	gloss	1.0
H1263	ba.rukh	arb	بَارُوخَ	aligned	1.0
H1263	ba.rukh	arb	بَارُوخُ	aligned	1.0
H1263	ba.rukh	eng	baruch	aligned	0.981
H1263	ba.rukh	hin	बारूक	aligned	0.88
H1263	ba.rukh	rus	варуху	aligned	0.714
H1263	ba.rukh	rus	варух	aligned	0.667
H1263	ba.rukh	rus	нирии	aligned	0.667
H1263	ba.rukh	spa	baruch	aligned	1.0
H1268	be.ro.tah	eng	Berothah	gloss	1.0
H1268	be.ro.tah	deu	Berota	gloss	1.0
H1268	be.ro.tah	nld	Berota	gloss	1.0
H1268	be.ro.tah	swa	berotha, berothai	gloss	1.0
H1268	be.ro.tah	eng	berothah	aligned	1.0
H1283	be.ri.ah	eng	Beriah	gloss	1.0
H1283	be.ri.ah	fra	Beria	gloss	1.0
H1283	be.ri.ah	por	Berias	gloss	1.0
H1283	be.ri.ah	spa	Bería	gloss	1.0
H1283	be.ri.ah	cmn-Hans	比利亚，《思》贝黎雅	gloss	1.0
H1283	be.ri.ah	cmn-Hant	比利亞，《思》貝黎雅	gloss	1.0
H1283	be.ri.ah	deu	Beria	gloss	1.0
H1283	be.ri.ah	nld	Beriaa	gloss	1.0
H1283	be.ri.ah	swa	beria	gloss	1.0
H1283	be.ri.ah	arb	بَرِيعَةَ	aligned	1.0
H1283	be.ri.ah	arb	وَبَرِيعَةُ	aligned	1.0
H1283	be.ri.ah	eng	beriah	aligned	0.727
H1283	be.ri.ah	hin	बरीआ	aligned	0.455
H1283	be.ri.ah	spa	beria	aligned	1.0
H1283	be.ri.ah	spa	bería	aligned	1.0
H1283	be.ri.ah	spa	berías	aligned	1.0
H1292	ba.rakh.el	eng	Barachel	gloss	1.0
H1292	ba.rakh.el	fra	Barakel	gloss	1.0
H1292	ba.rakh.el	por	Baraquel	gloss	1.0
H1292	ba.rakh.el	spa	Baraquel	gloss	1.0
H1292	ba.rakh.el	cmn-Hans	巴拉迦，《思》巴辣革耳	gloss	1.0
H1292	ba.rakh.el	cmn-Hant	巴拉迦，《思》巴辣革耳	gloss	1.0
H1292	ba.rakh.el	deu	Barachel	gloss	1.0
H1292	ba.rakh.el	nld	Barachel	gloss	1.0
H1292	ba.rakh.el	swa	barakeli	gloss	1.0
H1292	ba.rakh.el	arb	بَرَخْئِيلَ	aligned	1.0
H1292	ba.rakh.el	eng	barachel	aligned	1.0
H1292	ba.rakh.el	hin	बारकेल	aligned	1.0
H1292	ba.rakh.el	spa	barachêl	aligned	1.0
H1296	be.rekh.yah	eng	Berechiah	gloss	1.0
H1296	be.rekh.yah	deu	Berechja	gloss	1.0
H1296	be.rekh.yah	nld	Berechja	gloss	1.0
H1296	be.rekh.yah	swa	berekia	gloss	1.0
H1296	be.rekh.yah	arb	بَرَخْيَا	aligned	1.0
H1296	be.rekh.yah	arb	وَبَرَخْيَا	aligned	1.0
H1296	be.rekh.yah	arb	بَرَخِيَّا	aligned	0.667
H1296	be.rekh.yah	eng	berechiah	aligned	0.727
H1296	be.rekh.yah	hin	बेरेक्याह	aligned	0.667
H1296	be.rekh.yah	spa	berechîas	aligned	1.0
H1301	ba.raq	eng	Barak	gloss	1.0
H1301	ba.raq	arb	بَارَاقَ	aligned	1.0
H1301	ba.raq	arb	بَارَاقُ	aligned	1.0
H1301	ba.raq	eng	barak	aligned	0.778
H1301	ba.raq	hin	बाराक	aligned	0.273
H1301	ba.raq	rus	авиноамов	aligned	1.0
H1301	ba.raq	rus	варак	aligned	0.75
H1301	ba.raq	spa	barac	aligned	0.929
H1302	bar.qos	eng	Barkos	gloss	1.0
H1302	bar.qos	fra	Barqos	gloss	1.0
H1302	bar.qos	por	Barcos	gloss	1.0
H1302	bar.qos	spa	Barcos	gloss	1.0
H1302	bar.qos	cmn-Hans	巴柯，《思》巴尔科斯	gloss	1.0
H1302	bar.qos	cmn-Hant	巴柯，《思》巴爾科斯	gloss	1.0
H1302	bar.qos	deu	Barkos	gloss	1.0
H1302	bar.qos	nld	Barkos	gloss	1.0
H1302	bar.qos	swa	barkosi	gloss	1.0
H1302	bar.qos	arb	بَرْقُوسَ	aligned	1.0
H1302	bar.qos	eng	barkos	aligned	1.0
H1302	bar.qos	spa	barcos	aligned	0.333
H1315	bos.mat	eng	Basemath	gloss	1.0
H1315	bos.mat	fra	Basmath	gloss	1.0
H1315	bos.mat	por	Basemate	gloss	1.0
H1315	bos.mat	spa	Basemat	gloss	1.0
H1315	bos.mat	cmn-Hans	巴实抹，《思》巴色玛特	gloss	1.0
H1315	bos.mat	cmn-Hant	巴實抹，《思》巴色瑪特	gloss	1.0
H1315	bos.mat	deu	Basemat	gloss	1.0
H1315	bos.mat	nld	Basemat	gloss	1.0
H1315	bos.mat	swa	basemathi	gloss	1.0
H1315	bos.mat	arb	بَسْمَةَ	aligned	1.0
H1315	bos.mat	arb	وَبَسْمَةَ	aligned	1.0
H1315	bos.mat	eng	bashemath	aligned	1.0
H1315	bos.mat	eng	basemath	aligned	0.875
H1315	bos.mat	hin	बासमत	aligned	0.857
H1315	bos.mat	spa	basemath	aligned	1.0
H1316	ba.shan	eng	Bashan	gloss	1.0
H1316	ba.shan	fra	Bashân	gloss	1.0
H1316	ba.shan	por	Basã	gloss	1.0
H1316	ba.shan	spa	Basán	gloss	1.0
H1316	ba.shan	cmn-Hans	巴珊，《思》巴商	gloss	1.0
H1316	ba.shan	cmn-Hant	巴珊，《思》巴商	gloss	1.0
H1316	ba.shan	dan	Basan	gloss	1.0
H1316	ba.shan	deu	Baschan	gloss	1.0
H1316	ba.shan	nld	Basan	gloss	1.0
H1316	ba.shan	swa	bashani, iliyo	gloss	1.0
H1316	ba.shan	arb	بَاشَانَ	aligned	1.0
H1316	ba.shan	arb	بَاشَانُ	aligned	1.0
H1316	ba.shan	arb	وَبَاشَانَ	aligned	1.0
H1316	ba.shan	eng	bashan	aligned	0.427
H1316	ba.shan	hin	बाशान	aligned	0.196
H1316	ba.shan	rus	салхи	aligned	0.667
H1316	ba.shan	rus	васане	aligned	0.286
H1316	ba.shan	spa	basán	aligned	1.0
H1328	be.tu.el	eng	Bethuel	gloss	1.0
H1328	be.tu.el	fra	Betouel	gloss	1.0
H1328	be.tu.el	por	Betuel	gloss	1.0
H1328	be.tu.el	spa	Betuel	gloss	1.0
H1328	be.tu.el	cmn-Hans	彼土利，《思》贝突耳	gloss	1.0
H1328	be.tu.el	cmn-Hant	彼土利，《思》貝突耳	gloss	1.0
H1328	be.tu.el	deu	Betuël	gloss	1.0
H1328	be.tu.el	nld	Betuel	gloss	1.0
H1328	be.tu.el	swa	bethueli, bethuli	gloss	1.0
H1328	be.tu.el	arb	بَتُوئِيلَ	aligned	1.0
H1328	be.tu.el	eng	bethuel	aligned	0.65
H1328	be.tu.el	hin	बतूएल	aligned	0.6
H1328	be.tu.el	spa	bethuel	aligned	1.0
H1337	bat rab.bim	eng	Bath-rabbim	gloss	1.0
H1337	bat rab.bim	fra	Bath-Rabbim	gloss	1.0
H1337	bat rab.bim	por	Bate-Rabim	gloss	1.0
H1337	bat rab.bim	spa	Bat-rabín	gloss	1.0
H1337	bat rab.bim	cmn-Hans	巴特‧拉并，《思》巴特辣宾	gloss	1.0
H1337	bat rab.bim	cmn-Hant	巴特‧拉併，《思》巴特辣賓	gloss	1.0
H1337	bat rab.bim	deu	Bat-Rabbim	gloss	1.0
H1337	bat rab.bim	nld	Bat-Rabbim	gloss	1.0
H1337	bat rab.bim	swa	beth-rabi, viziwa	gloss	1.0
H1339	bat-she.va	eng	Bathsheba	gloss	1.0
H1339	bat-she.va	fra	Bethsabée	gloss	1.0
H1339	bat-she.va	por	Bate-Seba	gloss	1.0
H1339	bat-she.va	spa	Betsabé	gloss	1.0
H1339	bat-she.va	cmn-Hans	拔示巴，《思》巴特舍巴	gloss	1.0
H1339	bat-she.va	cmn-Hant	拔示巴，《思》巴特舍巴	gloss	1.0
H1339	bat-she.va	eng	bath-sheba	aligned	0.917
H1359	gov	eng	Gob	gloss	1.0
H1359	gov	fra	Gov	gloss	1.0
H1359	gov	por	Gobe	gloss	1.0
H1359	gov	spa	Gob	gloss	1.0
H1359	gov	cmn-Hans	歌伯，《思》哥布	gloss	1.0
H1359	gov	cmn-Hant	歌伯，《思》哥布	gloss	1.0
H1359	gov	arb	جُوبَ	aligned	1.0
H1359	gov	eng	gob	aligned	0.5
H1359	gov	rus	гобе	aligned	1.0
H1359	gov	spa	gob	aligned	1.0
H1387	ge.va	eng	Geba	gloss	1.0
H1387	ge.va	fra	Guèva	gloss	1.0
H1387	ge.va	por	Geba	gloss	1.0
H1387	ge.va	spa	Guibeá	gloss	1.0
H1387	ge.va	cmn-Hans	迦巴，《思》革巴	gloss	1.0
H1387	ge.va	cmn-Hant	迦巴，《思》革巴	gloss	1.0
H1387	ge.va	deu	Geba	gloss	1.0
H1387	ge.va	nld	Geba	gloss	1.0
H1387	ge.va	swa	geba, gibea	gloss	1.0
H1387	ge.va	arb	جَبَعَ	aligned	1.0
H1387	ge.va	arb	جَبْعَ	aligned	1.0
H1387	ge.va	arb	جِبْعَ	aligned	1.0
H1387	ge.va	arb	وَجَبَعَ	aligned	1.0
H1387	ge.va	eng	gaba	aligned	1.0
H1387	ge.va	eng	geba	aligned	0.63
H1387	ge.va	hin	गेबा	aligned	0.5
H1387	ge.va	rus	гевы	aligned	1.0
H1387	ge.va	spa	geba	aligned	1.0
H1387	ge.va	spa	gabaa	aligned	0.111
H1390	giv.ah	eng	Gibeah	gloss	1.0
H1390	giv.ah	arb	جِبْعَةِ	aligned	1.0
H1390	giv.ah	arb	جِبْعَةَ	aligned	0.938
H1390	giv.ah	eng	gibeah	aligned	0.422
H1390	giv.ah	hin	गिबा	aligned	0.194
H1390	giv.ah	rus	гиву	aligned	1.0
H1390	giv.ah	rus	гивы	aligned	0.556
H1390	giv.ah	spa	gabaa	aligned	0.889
H1405	gib.b.ton	eng	Gibbethon	gloss	1.0
H1405	gib.b.ton	fra	Guibbetôn	gloss	1.0
H1405	gib.b.ton	por	Gibetom	gloss	1.0
H1405	gib.b.ton	spa	Gibetón	gloss	1.0
H1405	gib.b.ton	cmn-Hans	基比顿，《思》基贝通	gloss	1.0
H1405	gib.b.ton	cmn-Hant	基比頓，《思》基貝通	gloss	1.0
H1405	gib.b.ton	deu	Gibbeton	gloss	1.0
H1405	gib.b.ton	nld	Gibbeton	gloss	1.0
H1405	gib.b.ton	swa	gibethoni, etu	gloss	1.0
H1405	gib.b.ton	arb	جِبَّثُونَ	aligned	1.0
H1405	gib.b.ton	arb	وَجِبَّثُونَ	aligned	1.0
H1405	gib.b.ton	eng	gibbethon	aligned	0.727
H1405	gib.b.ton	hin	गिब्बतोन	aligned	0.6
H1405	gib.b.ton	spa	gibbethón	aligned	1.0
H1436	ge.dal.yah	eng	Gedaliah	gloss	1.0
H1436	ge.dal.yah	deu	Gedalja	gloss	1.0
H1436	ge.dal.yah	nld	Gedalja	gloss	1.0
H1436	ge.dal.yah	swa	gedalia	gloss	1.0
H1436	ge.dal.yah	arb	جَدَلْيَا	aligned	1.0
H1436	ge.dal.yah	arb	وَجَدَلْيَا	aligned	1.0
H1436	ge.dal.yah	eng	gedaliah	aligned	0.906
H1436	ge.dal.yah	hin	गदल्याह	aligned	0.967
H1436	ge.dal.yah	rus	ахикама	aligned	0.429
H1436	ge.dal.yah	spa	gedalías	aligned	1.0
H1439	gid.on	eng	Gideon	gloss	1.0
H1439	gid.on	fra	Gédéon	gloss	1.0
H1439	gid.on	por	Gideão	gloss	1.0
H1439	gid.on	spa	Gedeón	gloss	1.0
H1439	gid.on	cmn-Hans	基甸，《思》基德红	gloss	1.0
H1439	gid.on	cmn-Hant	基甸，《思》基德紅	gloss	1.0
H1439	gid.on	deu	Gideon	gloss	1.0
H1439	gid.on	nld	Gideon	gloss	1.0
H1439	gid.on	swa	gideoni	gloss	1.0
H1439	gid.on	arb	جِدْعُونُ	aligned	1.0
H1439	gid.on	arb	وَلِجِدْعُونَ	aligned	1.0
H1439	gid.on	arb	لِجِدْعُونَ	aligned	0.857
H1439	gid.on	arb	جِدْعُونَ	aligned	0.778
H1439	gid.on	eng	gideon	aligned	0.66
H1439	gid.on	hin	गिदोन	aligned	0.452
H1439	gid.on	rus	гедеону	aligned	1.0
H1439	gid.on	rus	гедеон	aligned	0.833
H1439	gid.on	rus	гедеона	aligned	0.4
H1439	gid.on	spa	gedeón	aligned	0.864
H1441	gid.o.ni	eng	Gideoni	gloss	1.0
H1441	gid.o.ni	fra	Guidéoni	gloss	1.0
H1441	gid.o.ni	por	Gideoni	gloss	1.0
H1441	gid.o.ni	spa	Gedeoni	gloss	1.0
H1441	gid.o.ni	cmn-Hans	基多尼，《思》基德敖尼	gloss	1.0
H1441	gid.o.ni	cmn-Hant	基多尼，《思》基德敖尼	gloss	1.0
H1441	gid.o.ni	deu	Gidoni	gloss	1.0
H1441	gid.o.ni	nld	Gidoni	gloss	1.0
H1441	gid.o.ni	swa	abidani	gloss	1.0
H1441	gid.o.ni	arb	جِدْعُونِي	aligned	1.0
H1441	gid.o.ni	eng	gideoni	aligned	1.0
H1441	gid.o.ni	hin	गिदोनी	aligned	1.0
H1441	gid.o.ni	spa	gedeón	aligned	0.114
H1446	ge.dor	eng	Gedor	gloss	1.0
H1446	ge.dor	fra	Guedor	gloss	1.0
H1446	ge.dor	por	Gedor	gloss	1.0
H1446	ge.dor	spa	Gedor	gloss	1.0
H1446	ge.dor	cmn-Hans	基突，《思》革多尔	gloss	1.0
H1446	ge.dor	cmn-Hant	基突，《思》革多爾	gloss	1.0
H1446	ge.dor	deu	Gedor	gloss	1.0
H1446	ge.dor	nld	Gedor	gloss	1.0
H1446	ge.dor	swa	gedori	gloss	1.0
H1446	ge.dor	arb	جَدُورَ	aligned	1.0
H1446	ge.dor	arb	وَجَدُورُ	aligned	1.0
H1446	ge.dor	eng	gedor	aligned	0.692
H1446	ge.dor	hin	गदोर	aligned	0.6
H1446	ge.dor	spa	gedor	aligned	1.0
H1450	ge.de.rot	eng	Gederoth	gloss	1.0
H1450	ge.de.rot	fra	Guedéroth	gloss	1.0
H1450	ge.de.rot	por	Gederote	gloss	1.0
H1450	ge.de.rot	spa	Gederot	gloss	1.0
H1450	ge.de.rot	cmn-Hans	基低罗，《思》革德洛特	gloss	1.0
H1450	ge.de.rot	cmn-Hant	基低羅，《思》革德洛特	gloss	1.0
H1450	ge.de.rot	deu	Gederot	gloss	1.0
H1450	ge.de.rot	nld	Gederot	gloss	1.0
H1450	ge.de.rot	swa	gederothi	gloss	1.0
H1463	gog	eng	Gog	gloss	1.0
H1463	gog	fra	Gog	gloss	1.0
H1463	gog	por	Gogue	gloss	1.0
H1463	gog	spa	Gog	gloss	1.0
H1463	gog	cmn-Hans	歌革，《思》哥格	gloss	1.0
H1463	gog	cmn-Hant	歌革，《思》哥格	gloss	1.0
H1463	gog	deu	Gog	gloss	1.0
H1463	gog	nld	Gog	gloss	1.0
H1463	gog	swa	gogu, mkutano, kuta, jami, wing, watu	gloss	1.0
H1463	gog	arb	جُوجًا	aligned	1.0
H1463	gog	arb	جُوجٍ	aligned	1.0
H1463	gog	arb	جُوجُ	aligned	1.0
H1463	gog	eng	gog	aligned	0.68
H1463	gog	hin	गोग	aligned	0.667
H1463	gog	rus	гогу	aligned	1.0
H1463	gog	spa	gog	aligned	0.909
H1470	go.zan	eng	Gozan	gloss	1.0
H1470	go.zan	fra	Gozân	gloss	1.0
H1470	go.zan	por	Gozã	gloss	1.0
H1470	go.zan	spa	Gozán	gloss	1.0
H1470	go.zan	cmn-Hans	歌散，《思》哥仓	gloss	1.0
H1470	go.zan	cmn-Hant	歌散，《思》哥倉	gloss	1.0
H1470	go.zan	deu	Gosan	gloss	1.0
H1470	go.zan	nld	Gozan	gloss	1.0
H1470	go.zan	swa	gozani	gloss	1.0
H1470	go.zan	arb	جُوزَانَ	aligned	1.0
H1470	go.zan	eng	gozan	aligned	0.9
H1470	go.zan	hin	गोजान	aligned	1.0
H1470	go.zan	spa	gozán	aligned	1.0
H1474	go.lan	eng	Golan	gloss	1.0
H1474	go.lan	fra	Golân	gloss	1.0
H1474	go.lan	por	Golã	gloss	1.0
H1474	go.lan	spa	Golán	gloss	1.0
H1474	go.lan	cmn-Hans	哥兰，《思》哥蓝	gloss	1.0
H1474	go.lan	cmn-Hant	哥蘭，《思》哥藍	gloss	1.0
H1474	go.lan	deu	Golan	gloss	1.0
H1474	go.lan	nld	Golan	gloss	1.0
H1474	go.lan	swa	golani	gloss	1.0
H1474	go.lan	arb	وَجُولَانَ	aligned	1.0
H1474	go.lan	eng	golan	aligned	1.0
H1474	go.lan	hin	गोलन	aligned	0.75
H1476	gu.ni	eng	Guni	gloss	1.0
H1476	gu.ni	fra	Gouni	gloss	1.0
H1476	gu.ni	por	Guni	gloss	1.0
H1476	gu.ni	spa	Guni	gloss	1.0
H1476	gu.ni	cmn-Hans	沽尼，《思》古尼	gloss	1.0
H1476	gu.ni	cmn-Hant	沽尼，《思》古尼	gloss	1.0
H1476	gu.ni	deu	Guniter	gloss	1.0
H1476	gu.ni	nld	Guniet	gloss	1.0
H1476	gu.ni	swa	yaseeli, guni	gloss	1.0
H1476	gu.ni	arb	وَجُونِي	aligned	1.0
H1476	gu.ni	eng	guni	aligned	0.625
H1476	gu.ni	spa	guni	aligned	1.0
H1502	gaz.zam	eng	Gazzam	gloss	1.0
H1502	gaz.zam	fra	Gazzam	gloss	1.0
H1502	gaz.zam	por	Gazão	gloss	1.0
H1502	gaz.zam	spa	Gazam	gloss	1.0
H1502	gaz.zam	cmn-Hans	迦散，《思》加仓	gloss	1.0
H1502	gaz.zam	cmn-Hant	迦散，《思》加倉	gloss	1.0
H1502	gaz.zam	deu	Gasam	gloss	1.0
H1502	gaz.zam	nld	Gazzam	gloss	1.0
H1502	gaz.zam	swa	gazamu	gloss	1.0
H1502	gaz.zam	eng	gazzam	aligned	1.0
H1507	ge.zer	eng	Gezer	gloss	1.0
H1507	ge.zer	arb	جَازَرَ	aligned	1.0
H1507	ge.zer	arb	جَازِرَ	aligned	1.0
H1507	ge.zer	arb	وَجَازَرَ	aligned	1.0
H1507	ge.zer	eng	gazer	aligned	1.0
H1507	ge.zer	eng	gezer	aligned	0.704
H1507	ge.zer	hin	गेजेर	aligned	0.667
H1507	ge.zer	spa	gezer	aligned	1.0
H1522	ge.cha.zi	eng	Gehazi	gloss	1.0
H1522	ge.cha.zi	fra	Guéhazi	gloss	1.0
H1522	ge.cha.zi	por	Geazi	gloss	1.0
H1522	ge.cha.zi	spa	Guehazí	gloss	1.0
H1522	ge.cha.zi	cmn-Hans	基哈西，《思》革哈齐	gloss	1.0
H1522	ge.cha.zi	cmn-Hant	基哈西，《思》革哈齊	gloss	1.0
H1522	ge.cha.zi	deu	Gehasi	gloss	1.0
H1522	ge.cha.zi	nld	Gechazi	gloss	1.0
H1522	ge.cha.zi	swa	gehazi	gloss	1.0
H1522	ge.cha.zi	arb	جِيحْزِي	aligned	1.0
H1522	ge.cha.zi	eng	gehazi	aligned	0.667
H1522	ge.cha.zi	hin	गेहजी	aligned	0.769
H1522	ge.cha.zi	rus	гиезий	aligned	1.0
H1522	ge.cha.zi	rus	та	aligned	0.133
H1522	ge.cha.zi	spa	giezi	aligned	1.0
H1527	gi.nat	eng	Ginath	gloss	1.0
H1527	gi.nat	fra	Guinath	gloss	1.0
H1527	gi.nat	por	Ginate	gloss	1.0
H1527	gi.nat	spa	Ginat	gloss	1.0
H1527	gi.nat	cmn-Hans	基纳，《思》基纳特	gloss	1.0
H1527	gi.nat	cmn-Hant	基納，《思》基納特	gloss	1.0
H1527	gi.nat	deu	Ginat	gloss	1.0
H1527	gi.nat	nld	Ginat	gloss	1.0
H1527	gi.nat	swa	ginathi	gloss	1.0
H1527	gi.nat	arb	جِينَةَ	aligned	1.0
H1527	gi.nat	eng	ginath	aligned	1.0
H1527	gi.nat	hin	गीनत	aligned	1.0
H1527	gi.nat	spa	gineth	aligned	1.0
H1555	gol.yat	eng	Goliath	gloss	1.0
H1555	gol.yat	fra	Goliath	gloss	1.0
H1555	gol.yat	por	Golias	gloss	1.0
H1555	gol.yat	spa	Goliat	gloss	1.0
H1555	gol.yat	cmn-Hans	歌利亚，《思》哥肋雅	gloss	1.0
H1555	gol.yat	cmn-Hant	歌利亞，《思》哥肋雅	gloss	1.0
H1555	gol.yat	deu	Goliat	gloss	1.0
H1555	gol.yat	nld	Goliat	gloss	1.0
H1555	gol.yat	swa	goliathi	gloss	1.0
H1555	gol.yat	arb	جُلْيَاتَ	aligned	1.0
H1555	gol.yat	arb	جُلْيَاتُ	aligned	1.0
H1555	gol.yat	eng	goliath	aligned	0.857
H1555	gol.yat	hin	गोलियत	aligned	0.8
H1555	gol.yat	spa	goliath	aligned	1.0
H1559	ga.lal	eng	Galal	gloss	1.0
H1559	ga.lal	arb	جَلَالَ	aligned	0.5
H1559	ga.lal	eng	galal	aligned	0.833
H1559	ga.lal	hin	गालाल	aligned	0.667
H1559	ga.lal	spa	galal	aligned	1.0
H1568	gil.ad	eng	Gilead	gloss	1.0
H1568	gil.ad	fra	Galaad	gloss	1.0
H1568	gil.ad	por	Gileade	gloss	1.0
H1568	gil.ad	spa	Galaad	gloss	1.0
H1568	gil.ad	cmn-Hans	基列，《思》基肋阿得	gloss	1.0
H1568	gil.ad	cmn-Hant	基列，《思》基肋阿得	gloss	1.0
H1568	gil.ad	dan	Gilead	gloss	1.0
H1568	gil.ad	deu	Gilead	gloss	1.0
H1568	gil.ad	nld	Gilead	gloss	1.0
H1568	gil.ad	swa	gileadi, wapig, yomtend, ramothi	gloss	1.0
H1568	gil.ad	arb	جِلْعَادَ	aligned	1.0
H1568	gil.ad	arb	جِلْعَادُ	aligned	1.0
H1568	gil.ad	arb	وَجِلْعَادَ	aligned	1.0
H1568	gil.ad	eng	gileadites	aligned	0.667
H1568	gil.ad	eng	gilead	aligned	0.655
H1568	gil.ad	hin	गिलाद	aligned	0.361
H1568	gil.ad	rus	галаадским	aligned	1.0
H1568	gil.ad	rus	галаадские	aligned	0.8
H1568	gil.ad	rus	галаад	aligned	0.733
H1568	gil.ad	rus	галаадскую	aligned	0.667
H1568	gil.ad	rus	галаада	aligned	0.5
H1568	gil.ad	rus	галааде	aligned	0.429
H1568	gil.ad	rus	манассия	aligned	0.111
H1568	gil.ad	spa	galaad	aligned	0.98
H1568	gil.ad	spa	galaaditas	aligned	0.5
H1583	gam.li.el	eng	Gamaliel	gloss	1.0
H1583	gam.li.el	fra	Gamliel	gloss	1.0
H1583	gam.li.el	por	Gamaliel	gloss	1.0
H1583	gam.li.el	spa	Gamaliel	gloss	1.0
H1583	gam.li.el	cmn-Hans	迦玛列，《思》加默里耳	gloss	1.0
H1583	gam.li.el	cmn-Hant	迦瑪列，《思》加默里耳	gloss	1.0
H1583	gam.li.el	deu	Gamaliel	gloss	1.0
H1583	gam.li.el	nld	Gamliël	gloss	1.0
H1583	gam.li.el	swa	gamalieli	gloss	1.0
H1583	gam.li.el	arb	جَمْلِيئِيلُ	aligned	1.0
H1583	gam.li.el	eng	gamaliel	aligned	0.692
H1583	gam.li.el	hin	गम्लीएल	aligned	1.0
H1583	gam.li.el	rus	педацура	aligned	1.0
H1583	gam.li.el	spa	gamaliel	aligned	0.667
H1587	ge.mar.yah	eng	Gemariah	gloss	1.0
H1587	ge.mar.yah	fra	Guemarya	gloss	1.0
H1587	ge.mar.yah	por	Gemarias	gloss	1.0
H1587	ge.mar.yah	spa	Gemarías	gloss	1.0
H1587	ge.mar.yah	cmn-Hans	基玛利，基玛利雅，《思》革玛黎雅	gloss	1.0
H1587	ge.mar.yah	cmn-Hant	基瑪利，基瑪利雅，《思》革瑪黎雅	gloss	1.0
H1587	ge.mar.yah	deu	Gemarja	gloss	1.0
H1587	ge.mar.yah	nld	Gemarja	gloss	1.0
H1587	ge.mar.yah	swa	gemaria	gloss	1.0
H1587	ge.mar.yah	arb	جَمَرْيَا	aligned	1.0
H1587	ge.mar.yah	arb	وَجَمَرْيَا	aligned	1.0
H1587	ge.mar.yah	eng	gemariah	aligned	0.7
H1587	ge.mar.yah	hin	गमर्याह	aligned	0.4
H1587	ge.mar.yah	spa	gemarías	aligned	1.0
H1603	ga.al	eng	Gaal	gloss	1.0
H1603	ga.al	fra	Gaal	gloss	1.0
H1603	ga.al	por	Gaal	gloss	1.0
H1603	ga.al	spa	Gaal	gloss	1.0
H1603	ga.al	cmn-Hans	迦勒，《思》加阿耳	gloss	1.0
H1603	ga.al	cmn-Hant	迦勒，《思》加阿耳	gloss	1.0
H1603	ga.al	deu	Gaal	gloss	1.0
H1603	ga.al	nld	Gaäl	gloss	1.0
H1603	ga.al	swa	gaali, washuka	gloss	1.0
H1603	ga.al	arb	جَعَلُ	aligned	1.0
H1603	ga.al	eng	gaal	aligned	0.9
H1603	ga.al	hin	एबेद	aligned	0.5
H1603	ga.al	hin	गाल	aligned	0.12
H1603	ga.al	rus	гаал	aligned	1.0
H1603	ga.al	rus	еведов	aligned	1.0
H1603	ga.al	spa	gaal	aligned	1.0
H1608	ga.ash	eng	Gaash	gloss	1.0
H1608	ga.ash	fra	Gaash	gloss	1.0
H1608	ga.ash	por	Gaás	gloss	1.0
H1608	ga.ash	spa	Gaas	gloss	1.0
H1608	ga.ash	cmn-Hans	迦实，《思》加阿士	gloss	1.0
H1608	ga.ash	cmn-Hant	迦實，《思》加阿士	gloss	1.0
H1608	ga.ash	deu	Gaasch	gloss	1.0
H1608	ga.ash	nld	Gaäs	gloss	1.0
H1608	ga.ash	swa	gaashi	gloss	1.0
H1608	ga.ash	arb	جَاعَشَ	aligned	1.0
H1608	ga.ash	eng	gaash	aligned	1.0
H1608	ga.ash	hin	गाश	aligned	0.75
H1608	ga.ash	spa	gaas	aligned	1.0
H1609	ga.tam	eng	Gatam	gloss	1.0
H1609	ga.tam	fra	Gatam	gloss	1.0
H1609	ga.tam	por	Gaetã	gloss	1.0
H1609	ga.tam	spa	Gatam	gloss	1.0
H1609	ga.tam	cmn-Hans	迦坦，《思》加堂	gloss	1.0
H1609	ga.tam	cmn-Hant	迦坦，《思》加堂	gloss	1.0
H1609	ga.tam	deu	Gatam	gloss	1.0
H1609	ga.tam	nld	Gatam	gloss	1.0
H1609	ga.tam	swa	gatamu	gloss	1.0
H1609	ga.tam	eng	gatam	aligned	0.667
H1609	ga.tam	spa	gatam	aligned	1.0
H1617	ge.ra	eng	Gera	gloss	1.0
H1617	ge.ra	fra	Guéra	gloss	1.0
H1617	ge.ra	por	Gera	gloss	1.0
H1617	ge.ra	spa	Gera	gloss	1.0
H1617	ge.ra	cmn-Hans	基拉，《思》革辣	gloss	1.0
H1617	ge.ra	cmn-Hant	基拉，《思》革辣	gloss	1.0
H1617	ge.ra	dan	Gera	gloss	1.0
H1617	ge.ra	deu	Gera	gloss	1.0
H1617	ge.ra	nld	Gera	gloss	1.0
H1617	ge.ra	swa	gera	gloss	1.0
H1617	ge.ra	arb	جِيرَا	aligned	1.0
H1617	ge.ra	arb	وَجَيْرَا	aligned	1.0
H1617	ge.ra	eng	gera	aligned	0.833
H1617	ge.ra	hin	गेरा	aligned	0.357
H1617	ge.ra	spa	gera	aligned	1.0
H1619	ga.rev	eng	Gareb	gloss	1.0
H1619	ga.rev	fra	Gareb	gloss	1.0
H1619	ga.rev	por	Garebe	gloss	1.0
H1619	ga.rev	spa	Gareb	gloss	1.0
H1619	ga.rev	cmn-Hans	迦立，《思》加勒布	gloss	1.0
H1619	ga.rev	cmn-Hant	迦立，《思》加勒布	gloss	1.0
H1619	ga.rev	deu	Gareb	gloss	1.0
H1619	ga.rev	nld	Gareb	gloss	1.0
H1619	ga.rev	swa	garebu	gloss	1.0
H1619	ga.rev	eng	gareb	aligned	1.0
H1619	ga.rev	hin	गारेब	aligned	1.0
H1630	ge.ri.zim	eng	Gerizim	gloss	1.0
H1630	ge.ri.zim	fra	Garizim	gloss	1.0
H1630	ge.ri.zim	por	Gerizim	gloss	1.0
H1630	ge.ri.zim	spa	Gerizim	gloss	1.0
H1630	ge.ri.zim	cmn-Hans	基利心，《思》革黎斤	gloss	1.0
H1630	ge.ri.zim	cmn-Hant	基利心，《思》革黎斤	gloss	1.0
H1630	ge.ri.zim	deu	Garizim	gloss	1.0
H1630	ge.ri.zim	nld	Gerizim	gloss	1.0
H1630	ge.ri.zim	swa	gerizimu, wawabariki	gloss	1.0
H1630	ge.ri.zim	arb	جِرِزِّيمَ	aligned	1.0
H1630	ge.ri.zim	eng	gerizim	aligned	1.0
H1630	ge.ri.zim	hin	गिरिज्जीम	aligned	0.5
H1630	ge.ri.zim	spa	gerizim	aligned	1.0
H1642	ge.rar	eng	Gerar	gloss	1.0
H1642	ge.rar	fra	Guerar	gloss	1.0
H1642	ge.rar	por	Gerar	gloss	1.0
H1642	ge.rar	spa	Gerar	gloss	1.0
H1642	ge.rar	cmn-Hans	基拉耳，《思》革辣尔	gloss	1.0
H1642	ge.rar	cmn-Hant	基拉耳，《思》革辣爾	gloss	1.0
H1642	ge.rar	deu	Gerar	gloss	1.0
H1642	ge.rar	nld	Gerar	gloss	1.0
H1642	ge.rar	swa	gerari	gloss	1.0
H1642	ge.rar	arb	جَرَارَ	aligned	1.0
H1642	ge.rar	eng	gerar	aligned	0.8
H1642	ge.rar	hin	गरार	aligned	0.571
H1642	ge.rar	rus	гераре	aligned	1.0
H1642	ge.rar	spa	gerar	aligned	1.0
H1647	ge.re.shom	eng	Gershom	gloss	1.0
H1647	ge.re.shom	fra	Guershom	gloss	1.0
H1647	ge.re.shom	por	Gérson	gloss	1.0
H1647	ge.re.shom	spa	Gersón	gloss	1.0
H1647	ge.re.shom	cmn-Hans	革舜，《思》革尔熊，革尔雄	gloss	1.0
H1647	ge.re.shom	cmn-Hant	革舜，《思》革爾熊，革爾雄	gloss	1.0
H1647	ge.re.shom	deu	Gerschom	gloss	1.0
H1647	ge.re.shom	nld	Gersom	gloss	1.0
H1647	ge.re.shom	swa	gershomu, gershoni	gloss	1.0
H1647	ge.re.shom	eng	gershon	aligned	0.92
H1647	ge.re.shom	hin	गेर्शोन	aligned	0.75
H1647	ge.re.shom	hin	गेर्शोनियों	aligned	0.389
H1647	ge.re.shom	spa	gersón	aligned	0.447
H1648	ge.re.shon	eng	Gershon	gloss	1.0
H1648	ge.re.shon	fra	Guershôn	gloss	1.0
H1648	ge.re.shon	por	Gérson	gloss	1.0
H1648	ge.re.shon	spa	Gersón	gloss	1.0
H1648	ge.re.shon	cmn-Hans	革顺，《思》革尔雄	gloss	1.0
H1648	ge.re.shon	cmn-Hant	革順，《思》革爾雄	gloss	1.0
H1648	ge.re.shon	deu	Gerschon	gloss	1.0
H1648	ge.re.shon	nld	Gerson	gloss	1.0
H1648	ge.re.shon	swa	gershoni, wageruhoni	gloss	1.0
H1648	ge.re.shon	eng	gershom	aligned	0.923
H1648	ge.re.shon	hin	गेर्शोमियों	aligned	1.0
H1648	ge.re.shon	hin	गेर्शोम	aligned	0.75
H1648	ge.re.shon	spa	gersón	aligned	0.316
H1650	ge.shur	eng	Geshur	gloss	1.0
H1650	ge.shur	fra	Gueshour	gloss	1.0
H1650	ge.shur	por	Gesur	gloss	1.0
H1650	ge.shur	spa	Gesur	gloss	1.0
H1650	ge.shur	cmn-Hans	基述，《思》革叔尔	gloss	1.0
H1650	ge.shur	cmn-Hant	基述，《思》革叔爾	gloss	1.0
H1650	ge.shur	deu	Geschur	gloss	1.0
H1650	ge.shur	nld	Gesur	gloss	1.0
H1650	ge.shur	swa	geshuri, eka, nikikaa	gloss	1.0
H1650	ge.shur	arb	جَشُورَ	aligned	1.0
H1650	ge.shur	eng	geshur	aligned	0.889
H1650	ge.shur	hin	गशूर	aligned	0.75
H1650	ge.shur	spa	gesur	aligned	1.0
H1657	go.shen	eng	Goshen	gloss	1.0
H1657	go.shen	fra	Goshèn	gloss	1.0
H1657	go.shen	por	Gósen	gloss	1.0
H1657	go.shen	spa	Gosén	gloss	1.0
H1657	go.shen	cmn-Hans	歌珊，《思》哥笙	gloss	1.0
H1657	go.shen	cmn-Hant	歌珊，《思》哥笙	gloss	1.0
H1657	go.shen	deu	Goschen	gloss	1.0
H1657	go.shen	nld	Gosen	gloss	1.0
H1657	go.shen	swa	gosheni	gloss	1.0
H1657	go.shen	arb	جَاسَانَ	aligned	1.0
H1657	go.shen	arb	جُوشِنَ	aligned	1.0
H1657	go.shen	eng	goshen	aligned	0.793
H1657	go.shen	hin	गोशेन	aligned	0.929
H1657	go.shen	rus	гесем	aligned	0.5
H1657	go.shen	spa	gosén	aligned	0.867
H1661	gat	eng	Gath	gloss	1.0
H1661	gat	deu	Kelter	gloss	1.0
H1661	gat	nld	wijnpers	gloss	1.0
H1661	gat	swa	shinikiz, zabibu, shinikizoni, sindi, utieni	gloss	1.0
H1661	gat	arb	جَتٍّ	aligned	1.0
H1661	gat	arb	جَتَّ	aligned	1.0
H1661	gat	arb	وَجَتَّ	aligned	1.0
H1661	gat	eng	gath	aligned	0.71
H1661	gat	hin	गत	aligned	0.556
H1661	gat	rus	гефе	aligned	0.5
H1661	gat	spa	gath	aligned	1.0
H1662	gat-ha.che.pher	eng	Gath-hepher	gloss	1.0
H1662	gat-ha.che.pher	fra	Gath-Héfèr	gloss	1.0
H1662	gat-ha.che.pher	por	Gate-Hefer	gloss	1.0
H1662	gat-ha.che.pher	spa	Gat-hefer	gloss	1.0
H1662	gat-ha.che.pher	cmn-Hans	迦特‧希弗，《思》加特赫费尔，加特赫斐尔	gloss	1.0
H1662	gat-ha.che.pher	cmn-Hant	迦特‧希弗，《思》加特赫費爾，加特赫斐爾	gloss	1.0
H1666	ge.ter	eng	Gether	gloss	1.0
H1666	ge.ter	fra	Guètèr	gloss	1.0
H1666	ge.ter	por	Geter	gloss	1.0
H1666	ge.ter	spa	Geter	gloss	1.0
H1666	ge.ter	cmn-Hans	基帖，《思》革特尔	gloss	1.0
H1666	ge.ter	cmn-Hant	基帖，《思》革特爾	gloss	1.0
H1666	ge.ter	deu	Geter	gloss	1.0
H1666	ge.ter	nld	Geter	gloss	1.0
H1666	ge.ter	swa	mashi	gloss	1.0
H1666	ge.ter	arb	وَجَاثَرُ	aligned	1.0
H1666	ge.ter	eng	gether	aligned	0.5
H1666	ge.ter	spa	gether	aligned	1.0
H1667	gat-rim.mon	eng	Gath-rimmon	gloss	1.0
H1667	gat-rim.mon	fra	Gath-Rimmôn	gloss	1.0
H1667	gat-rim.mon	por	Gate-Rimom	gloss	1.0
H1667	gat-rim.mon	spa	Gat-rimón	gloss	1.0
H1667	gat-rim.mon	cmn-Hans	迦特‧临门，《思》加特黎孟	gloss	1.0
H1667	gat-rim.mon	cmn-Hant	迦特‧臨門，《思》加特黎孟	gloss	1.0
H1667	gat-rim.mon	deu	Gat-Rimmon	gloss	1.0
H1667	gat-rim.mon	nld	Gat-Rimmon	gloss	1.0
H1667	gat-rim.mon	swa	gath-rimoni	gloss	1.0
H1667	gat-rim.mon	eng	gath-rimmon	aligned	0.75
H1673	do.eg	eng	Doeg	gloss	1.0
H1673	do.eg	fra	Doëg	gloss	1.0
H1673	do.eg	por	Doegue	gloss	1.0
H1673	do.eg	spa	Doeg	gloss	1.0
H1673	do.eg	cmn-Hans	多益，《思》多厄格	gloss	1.0
H1673	do.eg	cmn-Hant	多益，《思》多厄格	gloss	1.0
H1673	do.eg	deu	Doëg	gloss	1.0
H1673	do.eg	nld	Doëg	gloss	1.0
H1673	do.eg	swa	doegi, mwedomu, uwaangukie	gloss	1.0
H1673	do.eg	arb	دُوَاغُ	aligned	1.0
H1673	do.eg	eng	doeg	aligned	0.909
H1673	do.eg	hin	दोएग	aligned	0.8
H1673	do.eg	rus	доик	aligned	0.667
H1673	do.eg	spa	doeg	aligned	1.0
H1688	de.vir	eng	Debir	gloss	1.0
H1688	de.vir	deu	Hinterraum	gloss	1.0
H1688	de.vir	nld	heilige der heiligen, achterkamer	gloss	1.0
H1688	de.vir	swa	chumba, sandukuni	gloss	1.0
H1688	de.vir	arb	دَبِيرَ	aligned	1.0
H1688	de.vir	arb	وَدَبِيرَ	aligned	1.0
H1688	de.vir	eng	debir	aligned	0.808
H1688	de.vir	hin	दबीर	aligned	0.727
H1688	de.vir	rus	давиру	aligned	1.0
H1688	de.vir	rus	давира	aligned	0.667
H1688	de.vir	spa	debir	aligned	0.917
H1691	div.la.yim	eng	Diblaim	gloss	1.0
H1691	div.la.yim	fra	Divlaïm	gloss	1.0
H1691	div.la.yim	por	Diblaim	gloss	1.0
H1691	div.la.yim	spa	Diblaím	gloss	1.0
H1691	div.la.yim	cmn-Hans	滴拉音，《思》狄布拉因	gloss	1.0
H1691	div.la.yim	cmn-Hant	滴拉音，《思》狄布拉因	gloss	1.0
H1691	div.la.yim	deu	Diblajim	gloss	1.0
H1691	div.la.yim	nld	Diblaïm	gloss	1.0
H1691	div.la.yim	swa	diblaimu	gloss	1.0
H1691	div.la.yim	eng	diblaim	aligned	1.0
H1712	da.gon	eng	Dagon	gloss	1.0
H1712	da.gon	fra	Dagôn	gloss	1.0
H1712	da.gon	por	Dagom	gloss	1.0
H1712	da.gon	spa	Dagón	gloss	1.0
H1712	da.gon	cmn-Hans	大衮，《思》达贡	gloss	1.0
H1712	da.gon	cmn-Hant	大袞，《思》達貢	gloss	1.0
H1712	da.gon	deu	Dagon	gloss	1.0
H1712	da.gon	nld	Dagon	gloss	1.0
H1712	da.gon	swa	dagoni	gloss	1.0
H1712	da.gon	arb	بِدَاجُونَ	aligned	1.0
H1712	da.gon	arb	دَاجُونَ	aligned	1.0
H1712	da.gon	eng	dagon	aligned	0.952
H1712	da.gon	hin	दागोन	aligned	0.923
H1712	da.gon	spa	dagón	aligned	1.0
H1719	de.dan	eng	Dedan	gloss	1.0
H1719	de.dan	fra	Dedân	gloss	1.0
H1719	de.dan	por	Dedã	gloss	1.0
H1719	de.dan	spa	Dedán	gloss	1.0
H1719	de.dan	cmn-Hans	底但，《思》德丹	gloss	1.0
H1719	de.dan	cmn-Hant	底但，《思》德丹	gloss	1.0
H1719	de.dan	deu	Dedan	gloss	1.0
H1719	de.dan	nld	Dedan	gloss	1.0
H1719	de.dan	swa	dedani, wadedani	gloss	1.0
H1719	de.dan	arb	دَدَانَ	aligned	1.0
H1719	de.dan	arb	وَدَدَانَ	aligned	1.0
H1719	de.dan	arb	وَدَدَانُ	aligned	1.0
H1719	de.dan	eng	dedan	aligned	0.773
H1719	de.dan	hin	ददान	aligned	0.667
H1719	de.dan	rus	дедана	aligned	1.0
H1719	de.dan	rus	дедан	aligned	0.667
H1719	de.dan	spa	dedán	aligned	1.0
H1721	do.da.nim	eng	Dodanim	gloss	1.0
H1721	do.da.nim	arb	وَدُودَانِيمُ	aligned	1.0
H1721	do.da.nim	eng	dodanim	aligned	1.0
H1732	da.vid	eng	David	gloss	1.0
H1732	da.vid	fra	David	gloss	1.0
H1732	da.vid	por	Davi	gloss	1.0
H1732	da.vid	spa	David	gloss	1.0
H1732	da.vid	cmn-Hans	大卫，《思》达味	gloss	1.0
H1732	da.vid	cmn-Hant	大衛，《思》達味	gloss	1.0
H1732	da.vid	dan	David	gloss	1.0
H1732	da.vid	deu	David	gloss	1.0
H1732	da.vid	nld	David	gloss	1.0
H1732	da.vid	swa	daudi	gloss	1.0
H1732	da.vid	amh	ዳዊት	gloss	1.0
H1732	da.vid	arb	كَدَاوُدَ	aligned	1.0
H1732	da.vid	arb	دَاوُدُ	aligned	0.952
H1732	da.vid	arb	دَاوُدَ	aligned	0.813
H1732	da.vid	arb	وَدَاوُدُ	aligned	0.789
H1732	da.vid	arb	بِدَاوُدَ	aligned	0.667
H1732	da.vid	arb	وَدَاوُدَ	aligned	0.667
H1732	da.vid	arb	لِدَاوُدَ	aligned	0.605
H1732	da.vid	eng	david	aligned	0.815
H1732	da.vid	eng	david’s	aligned	0.786
H1732	da.vid	hin	दाऊद	aligned	0.783
H1732	da.vid	hin	दाऊदपुर	aligned	0.421
H1732	da.vid	rus	давидово	aligned	1.0
H1732	da.vid	rus	давидовыми	aligned	1.0
H1732	da.vid	rus	иессеев	aligned	1.0
H1732	da.vid	rus	давид	aligned	0.77
H1732	da.vid	rus	исполнителем	aligned	0.667
H1732	da.vid	rus	давида	aligned	0.662
H1732	da.vid	rus	давиду	aligned	0.636
H1732	da.vid	rus	давидовы	aligned	0.4
H1732	da.vid	spa	david	aligned	0.946
H1734	do.do	eng	Dodo	gloss	1.0
H1734	do.do	fra	Dodo	gloss	1.0
H1734	do.do	por	Dodô	gloss	1.0
H1734	do.do	spa	Dodo	gloss	1.0
H1734	do.do	cmn-Hans	朵多，《思》多多	gloss	1.0
H1734	do.do	cmn-Hant	朵多，《思》多多	gloss	1.0
H1734	do.do	deu	Dodo	gloss	1.0
H1734	do.do	nld	Dodo	gloss	1.0
H1734	do.do	swa	dodo, dodai	gloss	1.0
H1734	do.do	arb	دُودُو	aligned	1.0
H1734	do.do	eng	dodo	aligned	0.8
H1734	do.do	hin	दोदो	aligned	1.0
H1734	do.do	spa	dodo	aligned	1.0
H1756	dor	eng	Dor	gloss	1.0
H1756	dor	deu	Dor	gloss	1.0
H1756	dor	nld	Dor	gloss	1.0
H1756	dor	swa	dori	gloss	1.0
H1756	dor	arb	دُورَ	aligned	1.0
H1756	dor	arb	دُوَرٍ	aligned	1.0
H1756	dor	eng	dor	aligned	0.727
H1756	dor	hin	दोर	aligned	0.857
H1756	dor	spa	dor	aligned	1.0
H1769	di.von	eng	Dibon	gloss	1.0
H1769	di.von	fra	Dibôn	gloss	1.0
H1769	di.von	por	Dibom	gloss	1.0
H1769	di.von	spa	Dibón	gloss	1.0
H1769	di.von	cmn-Hans	底本，《思》狄朋	gloss	1.0
H1769	di.von	cmn-Hant	底本，《思》狄朋	gloss	1.0
H1769	di.von	deu	Dibon	gloss	1.0
H1769	di.von	nld	Dibon	gloss	1.0
H1769	di.von	swa	diboni, dibon-gadi, dimoni	gloss	1.0
H1769	di.von	arb	دِيبُونَ	aligned	1.0
H1769	di.von	arb	وَدِيبُونَ	aligned	1.0
H1769	di.von	eng	dihon	aligned	1.0
H1769	di.von	eng	dibon	aligned	0.75
H1769	di.von	eng	dibon-gad	aligned	0.5
H1769	di.von	hin	दीबोन	aligned	0.667
H1769	di.von	rus	дивон	aligned	1.0
H1769	di.von	spa	dibón	aligned	1.0
H1769	di.von	spa	dibón-gad	aligned	1.0
H1783	di.nah	eng	Dinah	gloss	1.0
H1783	di.nah	fra	Dina	gloss	1.0
H1783	di.nah	por	Diná	gloss	1.0
H1783	di.nah	spa	Dina	gloss	1.0
H1783	di.nah	cmn-Hans	底拿，《思》狄纳	gloss	1.0
H1783	di.nah	cmn-Hant	底拿，《思》狄納	gloss	1.0
H1783	di.nah	deu	Dina	gloss	1.0
H1783	di.nah	nld	Dina	gloss	1.0
H1783	di.nah	swa	dina	gloss	1.0
H1783	di.nah	arb	دِينَةَ	aligned	1.0
H1783	di.nah	eng	dinah	aligned	0.857
H1783	di.nah	eng	dinah’s	aligned	0.667
H1783	di.nah	hin	दीना	aligned	0.778
H1783	di.nah	spa	dina	aligned	1.0
H1787	di.shon	eng	Dishon	gloss	1.0
H1787	di.shon	fra	Addax	gloss	1.0
H1787	di.shon	por	antílope	gloss	1.0
H1787	di.shon	spa	antílope	gloss	1.0
H1787	di.shon	cmn-Hans	羚羊	gloss	1.0
H1787	di.shon	cmn-Hant	羚羊	gloss	1.0
H1787	di.shon	deu	Dischon	gloss	1.0
H1787	di.shon	nld	Dison	gloss	1.0
H1787	di.shon	swa	dishoni, dishani	gloss	1.0
H1787	di.shon	arb	دِيشُونَ	aligned	1.0
H1787	di.shon	arb	دِيشُونُ	aligned	1.0
H1787	di.shon	arb	وَدِيشُونُ	aligned	1.0
H1787	di.shon	eng	dishon	aligned	0.643
H1787	di.shon	eng	dishan	aligned	0.2
H1787	di.shon	hin	दीशोन	aligned	0.667
H1787	di.shon	rus	дишон	aligned	1.0
H1787	di.shon	spa	disán	aligned	0.8
H1787	di.shon	spa	disón	aligned	0.429
H1789	di.shan	eng	Dishan	gloss	1.0
H1789	di.shan	fra	Dishân	gloss	1.0
H1789	di.shan	por	Disã	gloss	1.0
H1789	di.shan	spa	Disán	gloss	1.0
H1789	di.shan	cmn-Hans	底珊，《思》狄商	gloss	1.0
H1789	di.shan	cmn-Hant	底珊，《思》狄商	gloss	1.0
H1789	di.shan	deu	Dischan	gloss	1.0
H1789	di.shan	nld	Disan	gloss	1.0
H1789	di.shan	swa	dishani, dishoni	gloss	1.0
H1789	di.shan	arb	وَدِيشَانُ	aligned	1.0
H1789	di.shan	arb	دِيشَانَ	aligned	0.75
H1789	di.shan	eng	dishan	aligned	0.6
H1789	di.shan	eng	dishon	aligned	0.143
H1789	di.shan	hin	दीशान	aligned	0.4
H1789	di.shan	spa	disón	aligned	0.571
H1820	da.mah	eng	cease	gloss	1.0
H1820	da.mah	arb	وَهَلَكَتْ	aligned	1.0
H1820	da.mah	eng	silenced	aligned	0.125
H1820	da.mah	hin	मिटते	aligned	1.0
H1834	dam.me.seq	eng	Damascus	gloss	1.0
H1834	dam.me.seq	fra	Damas	gloss	1.0
H1834	dam.me.seq	por	Damasco	gloss	1.0
H1834	dam.me.seq	spa	Damasco	gloss	1.0
H1834	dam.me.seq	cmn-Hans	大马士革	gloss	1.0
H1834	dam.me.seq	cmn-Hant	大馬士革	gloss	1.0
H1834	dam.me.seq	dan	Damaskus	gloss	1.0
H1834	dam.me.seq	deu	Damaskus	gloss	1.0
H1834	dam.me.seq	nld	Damascus	gloss	1.0
H1834	dam.me.seq	swa	dameski	gloss	1.0
H1834	dam.me.seq	arb	دِمَشْقُ	aligned	1.0
H1834	dam.me.seq	arb	وَدِمَشْقَ	aligned	1.0
H1834	dam.me.seq	arb	دِمَشْقَ	aligned	0.484
H1834	dam.me.seq	eng	damascus	aligned	0.5
H1834	dam.me.seq	hin	दमिश्क	aligned	0.51
H1834	dam.me.seq	rus	дамаска	aligned	0.75
H1834	dam.me.seq	rus	дамаске	aligned	0.3
H1834	dam.me.seq	spa	damasco	aligned	0.727
H1835	dan	eng	Dan	gloss	1.0
H1835	dan	fra	Dân	gloss	1.0
H1835	dan	por	Dã	gloss	1.0
H1835	dan	spa	Dan	gloss	1.0
H1835	dan	cmn-Hans	但，《思》丹	gloss	1.0
H1835	dan	cmn-Hant	但，《思》丹	gloss	1.0
H1835	dan	deu	Dan	gloss	1.0
H1835	dan	nld	Dan	gloss	1.0
H1835	dan	swa	dani	gloss	1.0
H1835	dan	arb	دَانٍ	aligned	1.0
H1835	dan	arb	دَانُ	aligned	1.0
H1835	dan	arb	لِدَانَ	aligned	1.0
H1835	dan	arb	دَانَ	aligned	0.932
H1835	dan	arb	وَدَانُ	aligned	0.75
H1835	dan	arb	وَدَانَ	aligned	0.667
H1835	dan	eng	dan	aligned	0.76
H1835	dan	hin	दानियों	aligned	0.462
H1835	dan	hin	दान	aligned	0.314
H1835	dan	rus	дановых	aligned	1.0
H1835	dan	rus	дановы	aligned	0.875
H1835	dan	rus	данова	aligned	0.75
H1835	dan	rus	вирсавии	aligned	0.4
H1835	dan	rus	дана	aligned	0.36
H1835	dan	rus	дан	aligned	0.235
H1835	dan	spa	dan	aligned	0.829
H1838	din.ha.vah	eng	Dinhabah	gloss	1.0
H1838	din.ha.vah	fra	Dinhava	gloss	1.0
H1838	din.ha.vah	por	Dinabá	gloss	1.0
H1838	din.ha.vah	spa	Dinaba	gloss	1.0
H1838	din.ha.vah	cmn-Hans	亭哈巴，《思》丁哈巴	gloss	1.0
H1838	din.ha.vah	cmn-Hant	亭哈巴，《思》丁哈巴	gloss	1.0
H1838	din.ha.vah	deu	Dinhaba	gloss	1.0
H1838	din.ha.vah	nld	Dinhaba	gloss	1.0
H1838	din.ha.vah	swa	dinhaba	gloss	1.0
H1838	din.ha.vah	eng	dinhabah	aligned	1.0
H1838	din.ha.vah	hin	दिन्हाबा	aligned	1.0
H1838	din.ha.vah	spa	dinaba	aligned	1.0
H1840	da.niy.yel	eng	Daniel	gloss	1.0
H1840	da.niy.yel	fra	Daniel	gloss	1.0
H1840	da.niy.yel	por	Daniel	gloss	1.0
H1840	da.niy.yel	spa	Daniel	gloss	1.0
H1840	da.niy.yel	cmn-Hans	但以理，《思》达尼耳	gloss	1.0
H1840	da.niy.yel	cmn-Hant	但以理，《思》達尼耳	gloss	1.0
H1840	da.niy.yel	arb	دَانِيآلَ	aligned	0.455
H1840	da.niy.yel	arb	دَانِيآلُ	aligned	0.367
H1840	da.niy.yel	arb	لِدَانِيآلَ	aligned	0.333
H1840	da.niy.yel	eng	daniel	aligned	0.481
H1840	da.niy.yel	hin	दानिय्येल	aligned	0.278
H1840	da.niy.yel	rus	даниилу	aligned	0.333
H1840	da.niy.yel	rus	даниил	aligned	0.174
H1840	da.niy.yel	spa	daniel	aligned	0.354
H1841	da.niy.yel	eng	Daniel	gloss	1.0
H1841	da.niy.yel	deu	Daniel	gloss	1.0
H1841	da.niy.yel	nld	Daniël	gloss	1.0
H1841	da.niy.yel	swa	danieli	gloss	1.0
H1841	da.niy.yel	arb	لِدَانِيآلَ	aligned	0.667
H1841	da.niy.yel	arb	دَانِيآلُ	aligned	0.6
H1841	da.niy.yel	arb	دَانِيآلَ	aligned	0.545
H1841	da.niy.yel	eng	daniel	aligned	0.198
H1841	da.niy.yel	hin	दानिय्येल	aligned	0.291
H1841	da.niy.yel	rus	даниила	aligned	0.6
H1841	da.niy.yel	rus	даниил	aligned	0.565
H1841	da.niy.yel	rus	даниилу	aligned	0.333
H1841	da.niy.yel	spa	daniel	aligned	0.634
H1842	dan ya.an	eng	Jaan	gloss	1.0
H1842	dan ya.an	fra	Dan-Yaân	gloss	1.0
H1842	dan ya.an	por	Dã-Jaã	gloss	1.0
H1842	dan ya.an	spa	Danjaán	gloss	1.0
H1842	dan ya.an	cmn-Hans	但‧雅安，《思》丹	gloss	1.0
H1842	dan ya.an	cmn-Hant	但‧雅安，《思》丹	gloss	1.0
H1845	de.u.el	eng	Deuel	gloss	1.0
H1845	de.u.el	fra	Deouel	gloss	1.0
H1845	de.u.el	por	Deuel	gloss	1.0
H1845	de.u.el	spa	Deuel	gloss	1.0
H1845	de.u.el	cmn-Hans	丢珥，《思》勒乌耳	gloss	1.0
H1845	de.u.el	cmn-Hant	丟珥，《思》勒烏耳	gloss	1.0
H1845	de.u.el	deu	Reguël	gloss	1.0
H1845	de.u.el	nld	Deüel	gloss	1.0
H1845	de.u.el	swa	deueli	gloss	1.0
H1845	de.u.el	arb	دَعُوئِيلَ	aligned	1.0
H1845	de.u.el	eng	deuel	aligned	0.889
H1845	de.u.el	hin	दूएल	aligned	1.0
H1845	de.u.el	spa	dehuel	aligned	1.0
H1853	diq.lah	eng	Diklah	gloss	1.0
H1853	diq.lah	fra	Diqla	gloss	1.0
H1853	diq.lah	por	Dicla	gloss	1.0
H1853	diq.lah	spa	Dicla	gloss	1.0
H1853	diq.lah	cmn-Hans	德拉，《思》狄刻拉	gloss	1.0
H1853	diq.lah	cmn-Hant	德拉，《思》狄刻拉	gloss	1.0
H1853	diq.lah	deu	Dikla	gloss	1.0
H1853	diq.lah	nld	Dikla	gloss	1.0
H1853	diq.lah	swa	dikla	gloss	1.0
H1853	diq.lah	arb	وَدِقْلَةَ	aligned	1.0
H1853	diq.lah	eng	diklah	aligned	1.0
H1853	diq.lah	spa	dicla	aligned	1.0
H1867	dar.ya.vesh	eng	Darius	gloss	1.0
H1867	dar.ya.vesh	fra	Darius	gloss	1.0
H1867	dar.ya.vesh	por	Dario	gloss	1.0
H1867	dar.ya.vesh	spa	Darius	gloss	1.0
H1867	dar.ya.vesh	cmn-Hans	大流士，《思》达理阿	gloss	1.0
H1867	dar.ya.vesh	cmn-Hant	大流士，《思》達理阿	gloss	1.0
H1867	dar.ya.vesh	arb	لِدَارِيُّوسَ	aligned	1.0
H1867	dar.ya.vesh	arb	لِدَارِيُوسَ	aligned	0.857
H1867	dar.ya.vesh	arb	دَارِيُوسَ	aligned	0.333
H1867	dar.ya.vesh	eng	darius	aligned	0.333
H1867	dar.ya.vesh	rus	дария	aligned	0.25
H1867	dar.ya.vesh	spa	darío	aligned	0.4
H1868	dar.ya.vesh	eng	Darius	gloss	1.0
H1868	dar.ya.vesh	arb	دَارِيُوسُ	aligned	1.0
H1868	dar.ya.vesh	arb	دَارِيُوسَ	aligned	0.667
H1868	dar.ya.vesh	eng	darius	aligned	0.278
H1868	dar.ya.vesh	hin	दारा	aligned	0.458
H1868	dar.ya.vesh	rus	дарий	aligned	0.833
H1868	dar.ya.vesh	spa	darío	aligned	0.6
H1874	dar.qon	eng	Darkon	gloss	1.0
H1874	dar.qon	fra	Darqôn	gloss	1.0
H1874	dar.qon	por	Darcom	gloss	1.0
H1874	dar.qon	spa	Darcón	gloss	1.0
H1874	dar.qon	cmn-Hans	达昆，《思》达尔孔	gloss	1.0
H1874	dar.qon	cmn-Hant	達昆，《思》達爾孔	gloss	1.0
H1874	dar.qon	deu	Darkon	gloss	1.0
H1874	dar.qon	nld	Darkon	gloss	1.0
H1874	dar.qon	swa	nyumbu	gloss	1.0
H1874	dar.qon	arb	دَرْقُونَ	aligned	1.0
H1874	dar.qon	eng	darkon	aligned	1.0
H1874	dar.qon	spa	darcón	aligned	1.0
H1885	da.tan	eng	Dathan	gloss	1.0
H1885	da.tan	fra	Datân	gloss	1.0
H1885	da.tan	por	Datã	gloss	1.0
H1885	da.tan	spa	Datán	gloss	1.0
H1885	da.tan	cmn-Hans	大坍，《思》达堂	gloss	1.0
H1885	da.tan	cmn-Hant	大坍，《思》達堂	gloss	1.0
H1885	da.tan	deu	Datan	gloss	1.0
H1885	da.tan	nld	Datan	gloss	1.0
H1885	da.tan	swa	dathani, ikaufunika	gloss	1.0
H1885	da.tan	arb	دَاثَانَ	aligned	1.0
H1885	da.tan	arb	دَاثَانُ	aligned	1.0
H1885	da.tan	arb	وَدَاثَانَ	aligned	1.0
H1885	da.tan	arb	وَدَاثَانُ	aligned	1.0
H1885	da.tan	eng	dathan	aligned	0.75
H1885	da.tan	hin	दातान	aligned	0.5
H1885	da.tan	rus	авирон	aligned	0.75
H1885	da.tan	rus	авирона	aligned	0.667
H1885	da.tan	spa	dathán	aligned	1.0
H1886	do.tan	eng	Dothan	gloss	1.0
H1886	do.tan	fra	Dotân	gloss	1.0
H1886	do.tan	por	Dotã	gloss	1.0
H1886	do.tan	spa	Dotán	gloss	1.0
H1886	do.tan	cmn-Hans	多坍，《思》多堂	gloss	1.0
H1886	do.tan	cmn-Hant	多坍，《思》多堂	gloss	1.0
H1886	do.tan	deu	Dotan	gloss	1.0
H1886	do.tan	nld	Dotan	gloss	1.0
H1886	do.tan	swa	dothani	gloss	1.0
H1886	do.tan	arb	دُوثَانَ	aligned	1.0
H1886	do.tan	eng	anathothite	aligned	1.0
H1886	do.tan	eng	arbathite	aligned	1.0
H1886	do.tan	eng	arkites	aligned	1.0
H1886	do.tan	eng	armrest	aligned	1.0
H1886	do.tan	eng	arvadites	aligned	1.0
H1886	do.tan	eng	avenges	aligned	1.0
H1886	do.tan	eng	bannered	aligned	1.0
H1886	do.tan	eng	bull’s	aligned	1.0
H1886	do.tan	hin	अगागी	aligned	1.0
H1886	do.tan	hin	अनातोती	aligned	1.0
H1886	do.tan	hin	अबीब	aligned	1.0
H1886	do.tan	hin	अम्मोनिन	aligned	1.0
H1886	do.tan	hin	अर्की	aligned	1.0
H1886	do.tan	hin	अर्बे	aligned	1.0
H1886	do.tan	hin	अर्वदी	aligned	1.0
H1886	do.tan	hin	अशेरों	aligned	1.0
H1886	do.tan	spa	dothán	aligned	1.0
H1886	do.tan	spa	hoy	aligned	0.264
H1886	do.tan	spa	pariente	aligned	0.125
H1896	he.ge	eng	Hegai	gloss	1.0
H1896	he.ge	fra	Hégaï	gloss	1.0
H1896	he.ge	por	Hegai	gloss	1.0
H1896	he.ge	spa	Hegai	gloss	1.0
H1896	he.ge	cmn-Hans	希该，《思》赫革	gloss	1.0
H1896	he.ge	cmn-Hant	希該，《思》赫革	gloss	1.0
H1896	he.ge	arb	هَيْجَايَ	aligned	1.0
H1896	he.ge	eng	hegai	aligned	1.0
H1896	he.ge	hin	हेगे	aligned	1.0
H1896	he.ge	spa	hegai	aligned	1.0
H1904	ha.gar	eng	Hagar	gloss	1.0
H1904	ha.gar	fra	Hagar	gloss	1.0
H1904	ha.gar	por	Hagar	gloss	1.0
H1904	ha.gar	spa	Agar	gloss	1.0
H1904	ha.gar	cmn-Hans	夏甲，《思》哈加尔	gloss	1.0
H1904	ha.gar	cmn-Hant	夏甲，《思》哈加爾	gloss	1.0
H1904	ha.gar	deu	Hagar	gloss	1.0
H1904	ha.gar	nld	Hagar	gloss	1.0
H1904	ha.gar	swa	hajiri	gloss	1.0
H1904	ha.gar	arb	هَاجَرُ	aligned	0.778
H1904	ha.gar	arb	هَاجَرَ	aligned	0.667
H1904	ha.gar	eng	hagar’s	aligned	1.0
H1904	ha.gar	eng	hagar	aligned	0.69
H1904	ha.gar	hin	हागार	aligned	0.857
H1904	ha.gar	spa	agar	aligned	0.857
H1908	ha.dad	eng	Hadad	gloss	1.0
H1908	ha.dad	fra	Hadad	gloss	1.0
H1908	ha.dad	por	Hadade	gloss	1.0
H1908	ha.dad	spa	Hadad	gloss	1.0
H1908	ha.dad	cmn-Hans	哈达，《思》哈达得	gloss	1.0
H1908	ha.dad	cmn-Hant	哈達，《思》哈達得	gloss	1.0
H1908	ha.dad	deu	Hadad	gloss	1.0
H1908	ha.dad	nld	Hadad	gloss	1.0
H1908	ha.dad	swa	hadadi	gloss	1.0
H1908	ha.dad	arb	هَدَادُ	aligned	1.0
H1908	ha.dad	arb	هَدَدُ	aligned	1.0
H1908	ha.dad	arb	هَدَدَ	aligned	0.182
H1908	ha.dad	eng	hadad	aligned	0.625
H1908	ha.dad	hin	हदद	aligned	0.667
H1908	ha.dad	rus	адер	aligned	0.667
H1908	ha.dad	spa	adad	aligned	0.923
H1913	ha.do.ram	eng	Hadoram	gloss	1.0
H1913	ha.do.ram	fra	Hadoram	gloss	1.0
H1913	ha.do.ram	por	Hadorão	gloss	1.0
H1913	ha.do.ram	spa	Adoram	gloss	1.0
H1913	ha.do.ram	cmn-Hans	哈多兰	gloss	1.0
H1913	ha.do.ram	cmn-Hant	哈多蘭	gloss	1.0
H1913	ha.do.ram	deu	Hadoram	gloss	1.0
H1913	ha.do.ram	nld	Hadoram	gloss	1.0
H1913	ha.do.ram	swa	hadoramu, adoramu	gloss	1.0
H1913	ha.do.ram	arb	هَدُورَامَ	aligned	1.0
H1913	ha.do.ram	arb	وَهَدُورَامَ	aligned	1.0
H1913	ha.do.ram	eng	hadoram	aligned	0.889
H1913	ha.do.ram	hin	हदोराम	aligned	1.0
H1913	ha.do.ram	spa	adoram	aligned	0.6
H1938	ho.dav.yah	eng	Hodaviah	gloss	1.0
H1938	ho.dav.yah	fra	Hodawya	gloss	1.0
H1938	ho.dav.yah	por	Hodavias	gloss	1.0
H1938	ho.dav.yah	spa	Hodavías	gloss	1.0
H1938	ho.dav.yah	cmn-Hans	何达威雅，《思》曷达委雅	gloss	1.0
H1938	ho.dav.yah	cmn-Hant	何達威雅，《思》曷達委雅	gloss	1.0
H1938	ho.dav.yah	deu	Hodawja	gloss	1.0
H1938	ho.dav.yah	nld	Hodawja	gloss	1.0
H1938	ho.dav.yah	swa	hodavia	gloss	1.0
H1938	ho.dav.yah	arb	هُودُويَا	aligned	0.667
H1938	ho.dav.yah	eng	hodaviah	aligned	0.714
H1938	ho.dav.yah	hin	होदव्याह	aligned	0.5
H1940	ho.diy.yah	eng	Hodiah	gloss	1.0
H1940	ho.diy.yah	fra	Hodiya	gloss	1.0
H1940	ho.diy.yah	por	Hodias	gloss	1.0
H1940	ho.diy.yah	spa	Hodías	gloss	1.0
H1940	ho.diy.yah	cmn-Hans	荷第雅，《思》曷狄雅	gloss	1.0
H1940	ho.diy.yah	cmn-Hant	荷第雅，《思》曷狄雅	gloss	1.0
H1954	ho.she.a	eng	Hoshea	gloss	1.0
H1954	ho.she.a	fra	Hosée	gloss	1.0
H1954	ho.she.a	por	Oseias	gloss	1.0
H1954	ho.she.a	spa	Oseas	gloss	1.0
H1954	ho.she.a	cmn-Hans	何西阿，《现》何希阿，《思》曷舍亚	gloss	1.0
H1954	ho.she.a	cmn-Hant	何西阿，《現》何希阿，《思》曷舍亞	gloss	1.0
H1954	ho.she.a	deu	Hosea <der Prophet>; Hoschea	gloss	1.0
H1954	ho.she.a	nld	Hosea	gloss	1.0
H1954	ho.she.a	swa	hoshea, hosea, nitawaita	gloss	1.0
H1954	ho.she.a	arb	لِهُوشَعَ	aligned	1.0
H1954	ho.she.a	arb	هُوشَعُ	aligned	1.0
H1954	ho.she.a	arb	هُوشَعَ	aligned	0.667
H1954	ho.she.a	eng	hoshea	aligned	0.692
H1954	ho.she.a	eng	hosea	aligned	0.3
H1954	ho.she.a	hin	होशे	aligned	0.444
H1954	ho.she.a	rus	илы	aligned	0.667
H1954	ho.she.a	rus	осии	aligned	0.571
H1954	ho.she.a	spa	oseas	aligned	0.933
H1955	ho.sha.yah	eng	Hoshaiah	gloss	1.0
H1955	ho.sha.yah	fra	Hoshaya	gloss	1.0
H1955	ho.sha.yah	por	Hosaías	gloss	1.0
H1955	ho.sha.yah	spa	Osaías	gloss	1.0
H1955	ho.sha.yah	cmn-Hans	何沙雅，《思》曷沙雅	gloss	1.0
H1955	ho.sha.yah	cmn-Hant	何沙雅，《思》曷沙雅	gloss	1.0
H1955	ho.sha.yah	deu	Hoschaja	gloss	1.0
H1955	ho.sha.yah	nld	Hosaäja	gloss	1.0
H1955	ho.sha.yah	swa	hoshaya	gloss	1.0
H1955	ho.sha.yah	arb	هُوشَعْيَا	aligned	1.0
H1955	ho.sha.yah	eng	hoshaiah	aligned	1.0
H1955	ho.sha.yah	hin	होशायाह	aligned	1.0
H1955	ho.sha.yah	spa	osaías	aligned	1.0
H1968	he.man	eng	Heman	gloss	1.0
H1968	he.man	fra	Hémân	gloss	1.0
H1968	he.man	por	Hemã	gloss	1.0
H1968	he.man	spa	Hemán	gloss	1.0
H1968	he.man	cmn-Hans	希幔，《思》赫曼	gloss	1.0
H1968	he.man	cmn-Hant	希幔，《思》赫曼	gloss	1.0
H1968	he.man	deu	Heman	gloss	1.0
H1968	he.man	nld	Heman	gloss	1.0
H1968	he.man	swa	heman	gloss	1.0
H1968	he.man	arb	هَيْمَانَ	aligned	1.0
H1968	he.man	arb	هَيْمَانُ	aligned	1.0
H1968	he.man	arb	وَهَيْمَانَ	aligned	1.0
H1968	he.man	arb	وَهَيْمَانُ	aligned	1.0
H1968	he.man	eng	heman	aligned	0.688
H1968	he.man	hin	हेमान	aligned	0.462
H1968	he.man	rus	емана	aligned	0.6
H1968	he.man	spa	hemán	aligned	1.0
H1968	he.man	spa	ezrahita	aligned	0.667
H2001	ha.man	eng	Haman	gloss	1.0
H2001	ha.man	fra	Haman	gloss	1.0
H2001	ha.man	por	Hamã	gloss	1.0
H2001	ha.man	spa	Amán	gloss	1.0
H2001	ha.man	cmn-Hans	哈曼	gloss	1.0
H2001	ha.man	cmn-Hant	哈曼	gloss	1.0
H2001	ha.man	deu	<unklar>	gloss	1.0
H2001	ha.man	nld	[inexpl] zich opstandig gedragen	gloss	1.0
H2001	ha.man	swa	mkutano, kuta, jami, wing, watu, ghadhabu, hasira, ukal, sumu, chafu	gloss	1.0
H2001	ha.man	arb	بِهَامَانَ	aligned	1.0
H2001	ha.man	arb	لِهَامَانَ	aligned	1.0
H2001	ha.man	arb	هَامَانَ	aligned	1.0
H2001	ha.man	arb	هَامَانُ	aligned	1.0
H2001	ha.man	arb	وَهَامَانُ	aligned	1.0
H2001	ha.man	eng	haman’s	aligned	1.0
H2001	ha.man	eng	haman	aligned	0.798
H2001	ha.man	hin	हामान	aligned	0.647
H2001	ha.man	rus	амадафа	aligned	0.8
H2001	ha.man	rus	аман	aligned	0.765
H2001	ha.man	rus	аману	aligned	0.667
H2001	ha.man	rus	пир	aligned	0.118
H2001	ha.man	spa	amán	aligned	1.0
H2011	hin.nom	eng	Hinnom	gloss	1.0
H2011	hin.nom	fra	vallée (des fils) de Hinnom	gloss	1.0
H2011	hin.nom	por	Vale de Ben Hinom	gloss	1.0
H2011	hin.nom	spa	valle de (los hijos de) Hinom	gloss	1.0
H2011	hin.nom	cmn-Hans	欣嫩子谷，《思》本希农谷	gloss	1.0
H2011	hin.nom	cmn-Hant	欣嫩子谷，《思》本希農谷	gloss	1.0
H2011	hin.nom	deu	Hinnom	gloss	1.0
H2011	hin.nom	nld	Hinnom	gloss	1.0
H2011	hin.nom	swa	hinomu	gloss	1.0
H2023	hor	eng	Hor	gloss	1.0
H2023	hor	fra	Hor	gloss	1.0
H2023	hor	por	Hor	gloss	1.0
H2023	hor	spa	Hor	gloss	1.0
H2023	hor	cmn-Hans	何珥山，《思》曷尔山	gloss	1.0
H2023	hor	cmn-Hant	何珥山，《思》曷爾山	gloss	1.0
H2023	hor	deu	Hor	gloss	1.0
H2023	hor	nld	Hor	gloss	1.0
H2023	hor	swa	hori, uwatwae, ukweako, sanyw	gloss	1.0
H2023	hor	arb	هُورٍ	aligned	1.0
H2023	hor	arb	هُورَ	aligned	1.0
H2023	hor	eng	hor	aligned	0.667
H2023	hor	hin	होर	aligned	0.417
H2023	hor	rus	ор	aligned	0.571
H2023	hor	rus	пределов	aligned	0.111
H2023	hor	spa	hor	aligned	1.0
H2036	ho.ram	eng	Horam	gloss	1.0
H2036	ho.ram	fra	Horam	gloss	1.0
H2036	ho.ram	por	Horão	gloss	1.0
H2036	ho.ram	spa	Horam	gloss	1.0
H2036	ho.ram	cmn-Hans	何兰，《思》曷兰	gloss	1.0
H2036	ho.ram	cmn-Hant	何蘭，《思》曷蘭	gloss	1.0
H2036	ho.ram	deu	Horam	gloss	1.0
H2036	ho.ram	nld	Horam	gloss	1.0
H2036	ho.ram	swa	horamu, sazi	gloss	1.0
H2036	ho.ram	eng	horam	aligned	1.0
H2039	ha.ran	eng	Haran	gloss	1.0
H2039	ha.ran	fra	Harân	gloss	1.0
H2039	ha.ran	por	Harã	gloss	1.0
H2039	ha.ran	spa	Harán	gloss	1.0
H2039	ha.ran	cmn-Hans	哈兰，《思》哈郎	gloss	1.0
H2039	ha.ran	cmn-Hant	哈蘭，《思》哈郎	gloss	1.0
H2039	ha.ran	deu	Haran	gloss	1.0
H2039	ha.ran	nld	Haran	gloss	1.0
H2039	ha.ran	swa	harani	gloss	1.0
H2039	ha.ran	arb	هَارَانَ	aligned	1.0
H2039	ha.ran	arb	هَارَانُ	aligned	1.0
H2039	ha.ran	arb	وَهَارَانَ	aligned	1.0
H2039	ha.ran	eng	haran	aligned	0.324
H2039	ha.ran	hin	हारान	aligned	0.294
H2039	ha.ran	rus	аран	aligned	0.5
H2039	ha.ran	spa	harán	aligned	0.115
H2060	vash.ti	eng	Vashti	gloss	1.0
H2060	vash.ti	fra	Vashti	gloss	1.0
H2060	vash.ti	por	Vasti	gloss	1.0
H2060	vash.ti	spa	Vasti	gloss	1.0
H2060	vash.ti	cmn-Hans	瓦实提，《思》瓦市提	gloss	1.0
H2060	vash.ti	cmn-Hant	瓦實提，《思》瓦市提	gloss	1.0
H2060	vash.ti	deu	Waschti	gloss	1.0
H2060	vash.ti	nld	Wasti	gloss	1.0
H2060	vash.ti	swa	vashti, hakutii, asifike, umalkia, tumfanyieje	gloss	1.0
H2060	vash.ti	arb	بِوَشْتِي	aligned	1.0
H2060	vash.ti	arb	وَشْتِي	aligned	1.0
H2060	vash.ti	eng	vashti	aligned	0.95
H2060	vash.ti	hin	वशती	aligned	1.0
H2060	vash.ti	rus	астинь	aligned	0.8
H2060	vash.ti	spa	vasthi	aligned	1.0
H2062	ze.ev	eng	Zeeb	gloss	1.0
H2062	ze.ev	arb	وَذِئْبًا	aligned	1.0
H2062	ze.ev	eng	zeeb	aligned	0.8
H2062	ze.ev	hin	जेब	aligned	0.333
H2062	ze.ev	spa	zeeb	aligned	1.0
H2067	zav.di	eng	Zabdi	gloss	1.0
H2067	zav.di	fra	Zavdi	gloss	1.0
H2067	zav.di	por	Zabdi	gloss	1.0
H2067	zav.di	spa	Zabdi	gloss	1.0
H2067	zav.di	cmn-Hans	撒底，《思》匝贝狄	gloss	1.0
H2067	zav.di	cmn-Hant	撒底，《思》匝貝狄	gloss	1.0
H2067	zav.di	deu	Sabdi	gloss	1.0
H2067	zav.di	nld	Zabdi	gloss	1.0
H2067	zav.di	swa	zabdi, zikri	gloss	1.0
H2067	zav.di	arb	زَبْدِي	aligned	0.333
H2067	zav.di	eng	zabdi	aligned	0.846
H2067	zav.di	hin	जब्दी	aligned	0.417
H2067	zav.di	spa	zabdi	aligned	1.0
H2069	ze.vad.yah	eng	Zebadiah	gloss	1.0
H2069	ze.vad.yah	deu	Sebadja	gloss	1.0
H2069	ze.vad.yah	nld	Zebadja	gloss	1.0
H2069	ze.vad.yah	swa	zebadia	gloss	1.0
H2069	ze.vad.yah	arb	وَزَبَدْيَا	aligned	1.0
H2069	ze.vad.yah	eng	zebadiah	aligned	0.556
H2069	ze.vad.yah	hin	जबद्याह	aligned	0.25
H2069	ze.vad.yah	spa	zebadías	aligned	1.0
H2071	za.vud	eng	Zabud	gloss	1.0
H2071	za.vud	fra	Zavoud	gloss	1.0
H2071	za.vud	por	Zabude	gloss	1.0
H2071	za.vud	spa	Zabud	gloss	1.0
H2071	za.vud	cmn-Hans	撒布得，《思》匝步得	gloss	1.0
H2071	za.vud	cmn-Hant	撒布得，《思》匝步得	gloss	1.0
H2071	za.vud	deu	Sabud	gloss	1.0
H2071	za.vud	nld	Zabud	gloss	1.0
H2071	za.vud	swa	zabudi	gloss	1.0
H2074	ze.vu.lun	eng	Zebulun	gloss	1.0
H2074	ze.vu.lun	fra	Zabulon	gloss	1.0
H2074	ze.vu.lun	por	Zebulom	gloss	1.0
H2074	ze.vu.lun	spa	Zabulón	gloss	1.0
H2074	ze.vu.lun	cmn-Hans	西布伦，《思》则步隆	gloss	1.0
H2074	ze.vu.lun	cmn-Hant	西布倫，《思》則步隆	gloss	1.0
H2074	ze.vu.lun	deu	Sebulon	gloss	1.0
H2074	ze.vu.lun	nld	Zebulon	gloss	1.0
H2074	ze.vu.lun	swa	zabuloni	gloss	1.0
H2074	ze.vu.lun	arb	زَبُولُونُ	aligned	1.0
H2074	ze.vu.lun	arb	لِزَبُولُونَ	aligned	1.0
H2074	ze.vu.lun	arb	وَزَبُولُونَ	aligned	1.0
H2074	ze.vu.lun	arb	وَزَبُولُونُ	aligned	1.0
H2074	ze.vu.lun	arb	زَبُولُونَ	aligned	0.8
H2074	ze.vu.lun	eng	zebulun	aligned	0.726
H2074	ze.vu.lun	hin	जबूलूनियों	aligned	0.857
H2074	ze.vu.lun	hin	जबूलून	aligned	0.611
H2074	ze.vu.lun	rus	завулон	aligned	1.0
H2074	ze.vu.lun	rus	завулона	aligned	0.833
H2074	ze.vu.lun	rus	завулоновых	aligned	0.75
H2074	ze.vu.lun	rus	завулонова	aligned	0.333
H2074	ze.vu.lun	spa	zabulón	aligned	0.938
H2083	ze.vul	eng	Zebul	gloss	1.0
H2083	ze.vul	deu	Herrschaft	gloss	1.0
H2083	ze.vul	nld	statig verblijf	gloss	1.0
H2083	ze.vul	swa	ukuu, uvimbe, maka, kwake, vimb	gloss	1.0
H2083	ze.vul	arb	زَبُولُ	aligned	1.0
H2083	ze.vul	eng	zebul	aligned	0.917
H2083	ze.vul	spa	zebul	aligned	1.0
H2128	ziph	eng	Ziph	gloss	1.0
H2128	ziph	fra	Zif	gloss	1.0
H2128	ziph	por	Zife	gloss	1.0
H2128	ziph	spa	Zif	gloss	1.0
H2128	ziph	cmn-Hans	西弗，《思》齐弗	gloss	1.0
H2128	ziph	cmn-Hant	西弗，《思》齊弗	gloss	1.0
H2128	ziph	deu	Sif	gloss	1.0
H2128	ziph	nld	Zif	gloss	1.0
H2128	ziph	swa	zifu	gloss	1.0
H2128	ziph	arb	زِيفٍ	aligned	1.0
H2128	ziph	arb	وَزِيفَ	aligned	1.0
H2128	ziph	eng	ziph	aligned	0.947
H2128	ziph	hin	जीप	aligned	1.0
H2128	ziph	rus	зиф	aligned	0.667
H2128	ziph	spa	ziph	aligned	1.0
H2139	zak.kur	eng	Zaccur	gloss	1.0
H2139	zak.kur	fra	Zakkour	gloss	1.0
H2139	zak.kur	por	Zacur	gloss	1.0
H2139	zak.kur	spa	Zacur	gloss	1.0
H2139	zak.kur	cmn-Hans	撒刻，《思》匝雇尔	gloss	1.0
H2139	zak.kur	cmn-Hant	撒刻，《思》匝雇爾	gloss	1.0
H2139	zak.kur	deu	Sakkur	gloss	1.0
H2139	zak.kur	nld	Zakkur	gloss	1.0
H2139	zak.kur	swa	zakuri	gloss	1.0
H2139	zak.kur	arb	زَكُّورَ	aligned	1.0
H2139	zak.kur	arb	زَكُّورُ	aligned	1.0
H2139	zak.kur	eng	zaccur	aligned	0.833
H2139	zak.kur	hin	जक्कूर	aligned	0.889
H2139	zak.kur	spa	zaccur	aligned	1.0
H2139	zak.kur	spa	zachûr	aligned	1.0
H2140	zak.kay	eng	Zaccai	gloss	1.0
H2140	zak.kay	fra	Zabbaï	gloss	1.0
H2140	zak.kay	por	Zabai	gloss	1.0
H2140	zak.kay	spa	Zabai	gloss	1.0
H2140	zak.kay	cmn-Hans	萨拜，萨改，《思》匝凯，匝拜，匝开	gloss	1.0
H2140	zak.kay	cmn-Hant	薩拜，薩改，《思》匝凱，匝拜，匝開	gloss	1.0
H2140	zak.kay	arb	زَكَّايَ	aligned	1.0
H2140	zak.kay	eng	zaccai	aligned	1.0
H2140	zak.kay	rus	закхая	aligned	1.0
H2140	zak.kay	spa	zachâi	aligned	1.0
H2148	ze.khar.yah	eng	Zechariah	gloss	1.0
H2148	ze.khar.yah	deu	Secharja	gloss	1.0
H2148	ze.khar.yah	nld	Zecharja	gloss	1.0
H2148	ze.khar.yah	swa	zekaria, zakaria, kubw, nitajuaje	gloss	1.0
H2148	ze.khar.yah	arb	وَزَكَرِيَّا	aligned	1.0
H2148	ze.khar.yah	arb	زَكَرِيَّا	aligned	0.686
H2148	ze.khar.yah	eng	zechariah	aligned	0.66
H2148	ze.khar.yah	hin	जकर्याह	aligned	0.596
H2148	ze.khar.yah	rus	захарии	aligned	0.333
H2148	ze.khar.yah	rus	захария	aligned	0.25
H2148	ze.khar.yah	spa	zachârías	aligned	1.0
H2148	ze.khar.yah	spa	zacarías	aligned	0.586
H2153	zil.pah	eng	Zilpah	gloss	1.0
H2153	zil.pah	fra	Zilpa	gloss	1.0
H2153	zil.pah	por	Zilpa	gloss	1.0
H2153	zil.pah	spa	Zilpa	gloss	1.0
H2153	zil.pah	cmn-Hans	悉帕，《思》齐耳帕	gloss	1.0
H2153	zil.pah	cmn-Hant	悉帕，《思》齊耳帕	gloss	1.0
H2153	zil.pah	deu	Silpa	gloss	1.0
H2153	zil.pah	nld	Zilpa	gloss	1.0
H2153	zil.pah	swa	zilpa	gloss	1.0
H2153	zil.pah	arb	زِلْفَةَ	aligned	1.0
H2153	zil.pah	arb	زِلْفَةُ	aligned	1.0
H2153	zil.pah	eng	zilpah	aligned	0.929
H2153	zil.pah	hin	जिल्पा	aligned	1.0
H2153	zil.pah	spa	zilpa	aligned	1.0
H2155	zim.mah	eng	Zimmah	gloss	1.0
H2155	zim.mah	eng	zimmah	aligned	0.833
H2155	zim.mah	hin	जिम्मा	aligned	0.6
H2174	zim.ri	eng	Zimri	gloss	1.0
H2174	zim.ri	fra	Zimri	gloss	1.0
H2174	zim.ri	por	Zinri	gloss	1.0
H2174	zim.ri	spa	Zimri	gloss	1.0
H2174	zim.ri	cmn-Hans	心利，《思》齐默黎	gloss	1.0
H2174	zim.ri	cmn-Hant	心利，《思》齊默黎	gloss	1.0
H2174	zim.ri	deu	Simri	gloss	1.0
H2174	zim.ri	nld	Zimri	gloss	1.0
H2174	zim.ri	swa	zimri, zabdi	gloss	1.0
H2174	zim.ri	arb	زِمْرِي	aligned	1.0
H2174	zim.ri	arb	وَزِمْرِي	aligned	1.0
H2174	zim.ri	eng	zimri	aligned	0.839
H2174	zim.ri	hin	जिम्री	aligned	0.846
H2174	zim.ri	rus	замврий	aligned	0.75
H2174	zim.ri	rus	моцу	aligned	0.667
H2174	zim.ri	spa	zimri	aligned	1.0
H2182	za.no.ach	eng	Zanoah	gloss	1.0
H2182	za.no.ach	fra	Zanoah	gloss	1.0
H2182	za.no.ach	por	Zanoa	gloss	1.0
H2182	za.no.ach	spa	Zanoa	gloss	1.0
H2182	za.no.ach	cmn-Hans	撒挪亚，《思》匝诺亚	gloss	1.0
H2182	za.no.ach	cmn-Hant	撒挪亞，《思》匝諾亞	gloss	1.0
H2182	za.no.ach	deu	Sanoach	gloss	1.0
H2182	za.no.ach	nld	Zanoach	gloss	1.0
H2182	za.no.ach	swa	zanoa	gloss	1.0
H2182	za.no.ach	arb	زَانُوحَ	aligned	1.0
H2182	za.no.ach	arb	وَزَانُوحُ	aligned	1.0
H2182	za.no.ach	eng	zanoah	aligned	0.8
H2182	za.no.ach	hin	जानोह	aligned	1.0
H2182	za.no.ach	spa	zanoa	aligned	1.0
H2216	ze.rub.ba.vel	eng	Zerubbabel	gloss	1.0
H2216	ze.rub.ba.vel	fra	Zorobabel	gloss	1.0
H2216	ze.rub.ba.vel	por	Zorobabel	gloss	1.0
H2216	ze.rub.ba.vel	spa	Zorobabel	gloss	1.0
H2216	ze.rub.ba.vel	cmn-Hans	所罗巴伯，《思》则鲁巴贝耳	gloss	1.0
H2216	ze.rub.ba.vel	cmn-Hant	所羅巴伯，《思》則魯巴貝耳	gloss	1.0
H2216	ze.rub.ba.vel	deu	Serubbabel	gloss	1.0
H2216	ze.rub.ba.vel	nld	Zerubbabel	gloss	1.0
H2216	ze.rub.ba.vel	swa	zerubabeli	gloss	1.0
H2216	ze.rub.ba.vel	arb	زَرُبَّابِلُ	aligned	0.857
H2216	ze.rub.ba.vel	arb	زَرُبَّابِلَ	aligned	0.812
H2216	ze.rub.ba.vel	eng	zerubbabel	aligned	0.816
H2216	ze.rub.ba.vel	hin	जरुब्बाबेल	aligned	0.792
H2216	ze.rub.ba.vel	rus	зоровавеля	aligned	0.75
H2216	ze.rub.ba.vel	rus	зоровавель	aligned	0.5
H2216	ze.rub.ba.vel	spa	zorobabel	aligned	0.84
H2238	ze.resh	eng	Zeresh	gloss	1.0
H2238	ze.resh	fra	Zèresh	gloss	1.0
H2238	ze.resh	por	Zeres	gloss	1.0
H2238	ze.resh	spa	Zeres	gloss	1.0
H2238	ze.resh	cmn-Hans	细利斯，《思》则勒士	gloss	1.0
H2238	ze.resh	cmn-Hant	細利斯，《思》則勒士	gloss	1.0
H2238	ze.resh	deu	Seresch	gloss	1.0
H2238	ze.resh	nld	Zeres	gloss	1.0
H2238	ze.resh	swa	zereshi, nyonge, kiunzi, mridhi	gloss	1.0
H2238	ze.resh	eng	zeresh	aligned	0.75
H2238	ze.resh	hin	जेरेश	aligned	0.5
H2238	ze.resh	spa	zeres	aligned	1.0
H2241	ze.tam	eng	Zetham	gloss	1.0
H2241	ze.tam	fra	Zétam	gloss	1.0
H2241	ze.tam	por	Zetã	gloss	1.0
H2241	ze.tam	spa	Zetam	gloss	1.0
H2241	ze.tam	cmn-Hans	西坦，《思》则堂	gloss	1.0
H2241	ze.tam	cmn-Hant	西坦，《思》則堂	gloss	1.0
H2241	ze.tam	deu	Setam	gloss	1.0
H2241	ze.tam	nld	Zetam	gloss	1.0
H2241	ze.tam	swa	zethamu	gloss	1.0
H2241	ze.tam	arb	زِيثَامُ	aligned	1.0
H2241	ze.tam	eng	zetham	aligned	0.75
H2249	cha.vor	eng	Habor	gloss	1.0
H2249	cha.vor	fra	Habor	gloss	1.0
H2249	cha.vor	por	Habor	gloss	1.0
H2249	cha.vor	spa	Habor	gloss	1.0
H2249	cha.vor	cmn-Hans	哈博河，《思》哈波尔	gloss	1.0
H2249	cha.vor	cmn-Hant	哈博河，《思》哈波爾	gloss	1.0
H2249	cha.vor	deu	Habor	gloss	1.0
H2249	cha.vor	nld	Chabor	gloss	1.0
H2249	cha.vor	swa	habori	gloss	1.0
H2249	cha.vor	arb	وَخَابُورَ	aligned	1.0
H2249	cha.vor	eng	habor	aligned	0.333
H2249	cha.vor	spa	habor	aligned	1.0
H2252	cha.vay.yah	eng	Habaiah	gloss	1.0
H2252	cha.vay.yah	fra	Havaya	gloss	1.0
H2252	cha.vay.yah	por	Habaías	gloss	1.0
H2252	cha.vay.yah	spa	Hobaías	gloss	1.0
H2252	cha.vay.yah	cmn-Hans	哈巴雅	gloss	1.0
H2252	cha.vay.yah	cmn-Hant	哈巴雅	gloss	1.0
H2252	cha.vay.yah	deu	Habaja	gloss	1.0
H2252	cha.vay.yah	nld	Chobaja	gloss	1.0
H2252	cha.vay.yah	swa	habaya	gloss	1.0
H2252	cha.vay.yah	eng	habaiah	aligned	1.0
H2252	cha.vay.yah	eng	hobaiah	aligned	1.0
H2252	cha.vay.yah	hin	हबायाह	aligned	1.0
H2252	cha.vay.yah	rus	гаккоца	aligned	1.0
H2275	chev.ron	eng	Hebron	gloss	1.0
H2275	chev.ron	fra	Hébron	gloss	1.0
H2275	chev.ron	por	Hebrom	gloss	1.0
H2275	chev.ron	spa	Hebrón	gloss	1.0
H2275	chev.ron	cmn-Hans	希伯仑，《思》赫贝龙	gloss	1.0
H2275	chev.ron	cmn-Hant	希伯崙，《思》赫貝龍	gloss	1.0
H2275	chev.ron	dan	Hebron	gloss	1.0
H2275	chev.ron	deu	Hebron	gloss	1.0
H2275	chev.ron	nld	Chebron	gloss	1.0
H2275	chev.ron	swa	hebroni, wahebroni	gloss	1.0
H2275	chev.ron	arb	حَبْرُونَ	aligned	1.0
H2275	chev.ron	arb	حَبْرُونُ	aligned	1.0
H2275	chev.ron	arb	وَحَبْرُونُ	aligned	1.0
H2275	chev.ron	eng	hebron	aligned	0.717
H2275	chev.ron	hin	हेब्रोन	aligned	0.583
H2275	chev.ron	rus	хеврону	aligned	0.667
H2275	chev.ron	rus	хеврон	aligned	0.583
H2275	chev.ron	rus	хеврона	aligned	0.5
H2275	chev.ron	rus	хевроне	aligned	0.417
H2275	chev.ron	spa	hebrón	aligned	0.972
H2286	cha.ga.va	eng	Hagaba	gloss	1.0
H2286	cha.ga.va	fra	Hagaba	gloss	1.0
H2286	cha.ga.va	por	Hagaba	gloss	1.0
H2286	cha.ga.va	spa	Hagaba	gloss	1.0
H2286	cha.ga.va	cmn-Hans	哈迦巴，《思》哈加巴	gloss	1.0
H2286	cha.ga.va	cmn-Hant	哈迦巴，《思》哈加巴	gloss	1.0
H2286	cha.ga.va	eng	hagabah	aligned	1.0
H2286	cha.ga.va	spa	hagaba	aligned	1.0
H2292	chag.gay	eng	Haggai	gloss	1.0
H2292	chag.gay	fra	Aggée	gloss	1.0
H2292	chag.gay	por	Ageu	gloss	1.0
H2292	chag.gay	spa	Hagai	gloss	1.0
H2292	chag.gay	cmn-Hans	哈该，《思》哈盖	gloss	1.0
H2292	chag.gay	cmn-Hant	哈該，《思》哈蓋	gloss	1.0
H2292	chag.gay	deu	Haggai	gloss	1.0
H2292	chag.gay	nld	Haggai	gloss	1.0
H2292	chag.gay	swa	hagai, likuj	gloss	1.0
H2292	chag.gay	arb	حَجَّي	aligned	1.0
H2292	chag.gay	arb	حَجَّيِ	aligned	1.0
H2292	chag.gay	eng	haggai	aligned	1.0
H2292	chag.gay	hin	हाग्गै	aligned	1.0
H2292	chag.gay	rus	аггей	aligned	1.0
H2292	chag.gay	spa	haggeo	aligned	1.0
H2294	chag.git	eng	Haggith	gloss	1.0
H2294	chag.git	fra	Hagguith	gloss	1.0
H2294	chag.git	por	Hagite	gloss	1.0
H2294	chag.git	spa	Haguit	gloss	1.0
H2294	chag.git	cmn-Hans	哈及，《思》哈基特	gloss	1.0
H2294	chag.git	cmn-Hant	哈及，《思》哈基特	gloss	1.0
H2294	chag.git	dan	Haggit	gloss	1.0
H2294	chag.git	deu	Haggit	gloss	1.0
H2294	chag.git	nld	Chaggit	gloss	1.0
H2294	chag.git	swa	hagithi, adoniya	gloss	1.0
H2294	chag.git	arb	حَجِّيثَ	aligned	1.0
H2294	chag.git	eng	haggith	aligned	0.9
H2294	chag.git	hin	हग्गीत	aligned	1.0
H2294	chag.git	spa	haggith	aligned	1.0
H2295	chog.lah	eng	Hoglah	gloss	1.0
H2295	chog.lah	fra	Hogla	gloss	1.0
H2295	chog.lah	por	Hogla	gloss	1.0
H2295	chog.lah	spa	Hogla	gloss	1.0
H2295	chog.lah	cmn-Hans	曷拉，《思》曷革拉	gloss	1.0
H2295	chog.lah	cmn-Hant	曷拉，《思》曷革拉	gloss	1.0
H2295	chog.lah	deu	Hogla	gloss	1.0
H2295	chog.lah	nld	Chogla	gloss	1.0
H2295	chog.lah	swa	hogla	gloss	1.0
H2295	chog.lah	arb	وَحُجْلَةُ	aligned	1.0
H2295	chog.lah	eng	hoglah	aligned	0.625
H2295	chog.lah	hin	होग्ला	aligned	0.5
H2295	chog.lah	spa	hogla	aligned	1.0
H2301	cha.dad	eng	Hadad	gloss	1.0
H2301	cha.dad	fra	Hadad	gloss	1.0
H2301	cha.dad	por	Hadade	gloss	1.0
H2301	cha.dad	spa	Hadar	gloss	1.0
H2301	cha.dad	cmn-Hans	哈大，《思》哈达得	gloss	1.0
H2301	cha.dad	cmn-Hant	哈大，《思》哈達得	gloss	1.0
H2301	cha.dad	deu	Hadad	gloss	1.0
H2301	cha.dad	nld	Chadad	gloss	1.0
H2301	cha.dad	swa	hadadi, pau	gloss	1.0
H2301	cha.dad	hin	हदद	aligned	0.167
H2301	cha.dad	spa	hadad	aligned	1.0
H2313	chid.de.qel	eng	Tigris	gloss	1.0
H2313	chid.de.qel	fra	Tigre	gloss	1.0
H2313	chid.de.qel	por	Tigre	gloss	1.0
H2313	chid.de.qel	spa	Tigris	gloss	1.0
H2313	chid.de.qel	cmn-Hans	底格里斯，《思》底格里斯	gloss	1.0
H2313	chid.de.qel	cmn-Hant	底格里斯，《思》底格里斯	gloss	1.0
H2313	chid.de.qel	dan	Tigris	gloss	1.0
H2313	chid.de.qel	deu	Tigris	gloss	1.0
H2313	chid.de.qel	nld	Tigris	gloss	1.0
H2313	chid.de.qel	swa	hidekeli	gloss	1.0
H2313	chid.de.qel	eng	hiddekel	aligned	1.0
H2313	chid.de.qel	eng	tigris	aligned	1.0
H2313	chid.de.qel	spa	hiddekel	aligned	1.0
H2341	cha.vi.lah	eng	Havilah	gloss	1.0
H2341	cha.vi.lah	fra	Hawila	gloss	1.0
H2341	cha.vi.lah	por	Havilá	gloss	1.0
H2341	cha.vi.lah	spa	Havila	gloss	1.0
H2341	cha.vi.lah	cmn-Hans	哈腓拉，《思》哈威拉	gloss	1.0
H2341	cha.vi.lah	cmn-Hant	哈腓拉，《思》哈威拉	gloss	1.0
H2341	cha.vi.lah	dan	Havila	gloss	1.0
H2341	cha.vi.lah	deu	Hawila	gloss	1.0
H2341	cha.vi.lah	nld	Chawila	gloss	1.0
H2341	cha.vi.lah	swa	havila	gloss	1.0
H2341	cha.vi.lah	arb	حَوِيلَةَ	aligned	1.0
H2341	cha.vi.lah	arb	وَحَوِيلَةَ	aligned	1.0
H2341	cha.vi.lah	arb	وَحَوِيلَةُ	aligned	1.0
H2341	cha.vi.lah	eng	havilah	aligned	0.643
H2341	cha.vi.lah	hin	हवीला	aligned	0.286
H2341	cha.vi.lah	rus	иовава	aligned	1.0
H2341	cha.vi.lah	rus	хавилы	aligned	1.0
H2341	cha.vi.lah	spa	havila	aligned	1.0
H2354	chur	eng	Hur	gloss	1.0
H2354	chur	deu	weißes Leinen	gloss	1.0
H2354	chur	nld	linnen gordijnen	gloss	1.0
H2354	chur	swa	meup, nyeupe, mweupe, weup, cheupe	gloss	1.0
H2354	chur	arb	حُورَ	aligned	1.0
H2354	chur	arb	وَحُورَ	aligned	1.0
H2354	chur	arb	وَحُورُ	aligned	1.0
H2354	chur	eng	hur	aligned	0.8
H2354	chur	hin	हूर	aligned	0.6
H2354	chur	spa	hur	aligned	1.0
H2361	chu.ram	eng	Hiram	gloss	1.0
H2361	chu.ram	fra	Houram	gloss	1.0
H2361	chu.ram	por	Hurão	gloss	1.0
H2361	chu.ram	spa	Huram	gloss	1.0
H2361	chu.ram	cmn-Hans	户兰，《思》胡番	gloss	1.0
H2361	chu.ram	cmn-Hant	戶蘭，《思》胡番	gloss	1.0
H2361	chu.ram	deu	Huram	gloss	1.0
H2361	chu.ram	nld	Churam	gloss	1.0
H2361	chu.ram	swa	hiramu, huramu	gloss	1.0
H2361	chu.ram	arb	حُورَامَ	aligned	1.0
H2361	chu.ram	arb	حُورَامُ	aligned	1.0
H2361	chu.ram	eng	huram	aligned	0.7
H2361	chu.ram	eng	hiram	aligned	0.163
H2361	chu.ram	hin	हीराम	aligned	0.292
H2361	chu.ram	rus	тирский	aligned	0.4
H2361	chu.ram	rus	хирам	aligned	0.231
H2361	chu.ram	spa	hiram	aligned	0.323
H2365	chu.shay	eng	Hushai	gloss	1.0
H2365	chu.shay	fra	Houshaï	gloss	1.0
H2365	chu.shay	por	Husai	gloss	1.0
H2365	chu.shay	spa	Husai	gloss	1.0
H2365	chu.shay	cmn-Hans	户筛，《思》胡瑟	gloss	1.0
H2365	chu.shay	cmn-Hant	戶篩，《思》胡瑟	gloss	1.0
H2365	chu.shay	deu	Huschai	gloss	1.0
H2365	chu.shay	nld	Chusaï	gloss	1.0
H2365	chu.shay	swa	hushai, outo	gloss	1.0
H2365	chu.shay	arb	حُوشَايَ	aligned	1.0
H2365	chu.shay	arb	حُوشَايُ	aligned	1.0
H2365	chu.shay	eng	hushai	aligned	0.913
H2365	chu.shay	hin	हूशै	aligned	0.833
H2365	chu.shay	rus	хусий	aligned	0.778
H2365	chu.shay	rus	хусия	aligned	0.667
H2365	chu.shay	spa	husai	aligned	1.0
H2366	chu.shim	eng	Hushim	gloss	1.0
H2366	chu.shim	fra	Houshim	gloss	1.0
H2366	chu.shim	por	Husim	gloss	1.0
H2366	chu.shim	spa	Husim	gloss	1.0
H2366	chu.shim	cmn-Hans	户伸，《思》胡生	gloss	1.0
H2366	chu.shim	cmn-Hant	戶伸，《思》胡生	gloss	1.0
H2366	chu.shim	deu	Huschim	gloss	1.0
H2366	chu.shim	nld	Chusim	gloss	1.0
H2366	chu.shim	swa	hushimu	gloss	1.0
H2366	chu.shim	arb	حُوشِيمَ	aligned	1.0
H2366	chu.shim	eng	hushim	aligned	0.857
H2366	chu.shim	hin	हूशीम	aligned	0.75
H2366	chu.shim	spa	husim	aligned	1.0
H2367	chu.sham	eng	Husham	gloss	1.0
H2367	chu.sham	fra	Housham	gloss	1.0
H2367	chu.sham	por	Husão	gloss	1.0
H2367	chu.sham	spa	Husam	gloss	1.0
H2367	chu.sham	cmn-Hans	户珊，《思》胡商	gloss	1.0
H2367	chu.sham	cmn-Hant	戶珊，《思》胡商	gloss	1.0
H2367	chu.sham	deu	Huscham	gloss	1.0
H2367	chu.sham	nld	Chusam	gloss	1.0
H2367	chu.sham	swa	hushamu	gloss	1.0
H2367	chu.sham	arb	حُوشَامُ	aligned	1.0
H2367	chu.sham	eng	husham	aligned	1.0
H2367	chu.sham	hin	हूशाम	aligned	1.0
H2367	chu.sham	spa	husam	aligned	1.0
H2369	cho.tam	eng	Hotham	gloss	1.0
H2369	cho.tam	eng	hotham	aligned	1.0
H2369	cho.tam	hin	होताम	aligned	1.0
H2369	cho.tam	spa	hotham	aligned	1.0
H2371	cha.za.el	eng	Hazael	gloss	1.0
H2371	cha.za.el	fra	Hazaël	gloss	1.0
H2371	cha.za.el	por	Hazael	gloss	1.0
H2371	cha.za.el	spa	Hazael	gloss	1.0
H2371	cha.za.el	cmn-Hans	哈薛，《思》哈匝耳	gloss	1.0
H2371	cha.za.el	cmn-Hant	哈薛，《思》哈匝耳	gloss	1.0
H2371	cha.za.el	deu	Hasaël	gloss	1.0
H2371	cha.za.el	nld	Hazaël	gloss	1.0
H2371	cha.za.el	swa	hazaeli	gloss	1.0
H2371	cha.za.el	arb	حَزَائِيلَ	aligned	1.0
H2371	cha.za.el	arb	حَزَائِيلُ	aligned	1.0
H2371	cha.za.el	eng	hazael	aligned	0.796
H2371	cha.za.el	hin	हजाएल	aligned	0.9
H2371	cha.za.el	rus	азаил	aligned	0.75
H2371	cha.za.el	rus	сирийский	aligned	0.273
H2371	cha.za.el	spa	hazael	aligned	1.0
H2387	che.zir	eng	Hezir	gloss	1.0
H2387	che.zir	fra	Hézir	gloss	1.0
H2387	che.zir	por	Hezir	gloss	1.0
H2387	che.zir	spa	Hezir	gloss	1.0
H2387	che.zir	cmn-Hans	希悉，《思》赫齐尔	gloss	1.0
H2387	che.zir	cmn-Hant	希悉，《思》赫齊爾	gloss	1.0
H2387	che.zir	deu	Hesir	gloss	1.0
H2387	che.zir	nld	Chezir	gloss	1.0
H2387	che.zir	swa	heziri	gloss	1.0
H2387	che.zir	eng	hezir	aligned	0.75
H2387	che.zir	spa	hezir	aligned	1.0
H2396	chiz.qiy.yah	eng	Hezekiah	gloss	1.0
H2396	chiz.qiy.yah	fra	Ézékias	gloss	1.0
H2396	chiz.qiy.yah	por	Ezequias	gloss	1.0
H2396	chiz.qiy.yah	spa	Ezequías	gloss	1.0
H2396	chiz.qiy.yah	cmn-Hans	希西家，《思》希则克雅	gloss	1.0
H2396	chiz.qiy.yah	cmn-Hant	希西家，《思》希則克雅	gloss	1.0
H2396	chiz.qiy.yah	deu	Hiskija	gloss	1.0
H2396	chiz.qiy.yah	nld	Hizkia	gloss	1.0
H2396	chiz.qiy.yah	swa	hezekia	gloss	1.0
H2396	chiz.qiy.yah	arb	حَزَقِيَّا	aligned	1.0
H2396	chiz.qiy.yah	arb	وَحَزَقِيَّا	aligned	0.5
H2396	chiz.qiy.yah	arb	لِحَزَقِيَّا	aligned	0.231
H2396	chiz.qiy.yah	eng	hezekiah’s	aligned	0.75
H2396	chiz.qiy.yah	eng	hezekiah	aligned	0.566
H2396	chiz.qiy.yah	hin	हिजकिय्याह	aligned	0.584
H2396	chiz.qiy.yah	rus	езекии	aligned	0.682
H2396	chiz.qiy.yah	rus	сеннахирим	aligned	0.667
H2396	chiz.qiy.yah	rus	езекия	aligned	0.469
H2396	chiz.qiy.yah	rus	иуде	aligned	0.167
H2396	chiz.qiy.yah	rus	иудейскому	aligned	0.167
H2396	chiz.qiy.yah	rus	разодрал	aligned	0.133
H2396	chiz.qiy.yah	spa	ezechîas	aligned	0.649
H2407	chat.tush	eng	Hattush	gloss	1.0
H2407	chat.tush	fra	Hattoush	gloss	1.0
H2407	chat.tush	por	Hatus	gloss	1.0
H2407	chat.tush	spa	Hatús	gloss	1.0
H2407	chat.tush	cmn-Hans	哈突，《思》哈突士	gloss	1.0
H2407	chat.tush	cmn-Hant	哈突，《思》哈突士	gloss	1.0
H2407	chat.tush	deu	Hattusch	gloss	1.0
H2407	chat.tush	nld	Chattus	gloss	1.0
H2407	chat.tush	swa	hatushi, hamshi	gloss	1.0
H2407	chat.tush	arb	حَطُّوشُ	aligned	1.0
H2407	chat.tush	eng	hattush	aligned	0.778
H2407	chat.tush	hin	हत्तूश	aligned	1.0
H2407	chat.tush	spa	hattus	aligned	1.0
H2412	cha.ti.pah	eng	Hatipha	gloss	1.0
H2412	cha.ti.pah	fra	Hatifa	gloss	1.0
H2412	cha.ti.pah	por	Hatifa	gloss	1.0
H2412	cha.ti.pah	spa	Hatifa	gloss	1.0
H2412	cha.ti.pah	cmn-Hans	哈提法	gloss	1.0
H2412	cha.ti.pah	cmn-Hant	哈提法	gloss	1.0
H2412	cha.ti.pah	deu	Hatifa	gloss	1.0
H2412	cha.ti.pah	nld	Chatifa	gloss	1.0
H2412	cha.ti.pah	swa	hatifa	gloss	1.0
H2412	cha.ti.pah	arb	حَطِيفَا	aligned	1.0
H2412	cha.ti.pah	eng	hatipha	aligned	1.0
H2412	cha.ti.pah	hin	हतीपा	aligned	1.0
H2412	cha.ti.pah	spa	hatipha	aligned	1.0
H2419	chi.el	eng	Hiel	gloss	1.0
H2419	chi.el	fra	Hiel	gloss	1.0
H2419	chi.el	por	Hiel	gloss	1.0
H2419	chi.el	spa	Hiel	gloss	1.0
H2419	chi.el	cmn-Hans	希伊勒，《思》希耳	gloss	1.0
H2419	chi.el	cmn-Hant	希伊勒，《思》希耳	gloss	1.0
H2419	chi.el	deu	Hiël	gloss	1.0
H2419	chi.el	nld	Chiël	gloss	1.0
H2419	chi.el	swa	hieli	gloss	1.0
H2419	chi.el	eng	hiel	aligned	1.0
H2431	che.lam	eng	Helam	gloss	1.0
H2431	che.lam	fra	Hélam	gloss	1.0
H2431	che.lam	por	Helã	gloss	1.0
H2431	che.lam	spa	Helam	gloss	1.0
H2431	che.lam	cmn-Hans	希兰，《思》赫蓝	gloss	1.0
H2431	che.lam	cmn-Hant	希蘭，《思》赫藍	gloss	1.0
H2431	che.lam	deu	Helam	gloss	1.0
H2431	che.lam	nld	Chelam	gloss	1.0
H2431	che.lam	swa	helamu	gloss	1.0
H2431	che.lam	arb	حِيلَامَ	aligned	1.0
H2431	che.lam	eng	helam	aligned	0.75
H2431	che.lam	hin	हेलाम	aligned	1.0
H2431	che.lam	spa	helam	aligned	1.0
H2437	chi.rah	eng	Hirah	gloss	1.0
H2437	chi.rah	fra	Hira	gloss	1.0
H2437	chi.rah	por	Hira	gloss	1.0
H2437	chi.rah	spa	Hira	gloss	1.0
H2437	chi.rah	cmn-Hans	希拉，《思》希辣	gloss	1.0
H2437	chi.rah	cmn-Hant	希拉，《思》希辣	gloss	1.0
H2437	chi.rah	deu	Hira	gloss	1.0
H2437	chi.rah	nld	Chira	gloss	1.0
H2437	chi.rah	swa	hira	gloss	1.0
H2437	chi.rah	eng	hirah	aligned	0.5
H2437	chi.rah	spa	hira	aligned	0.5
H2438	chi.ram	eng	Hiram	gloss	1.0
H2438	chi.ram	fra	Hiram	gloss	1.0
H2438	chi.ram	por	Hirão	gloss	1.0
H2438	chi.ram	spa	Hiram	gloss	1.0
H2438	chi.ram	cmn-Hans	希兰	gloss	1.0
H2438	chi.ram	cmn-Hant	希蘭	gloss	1.0
H2438	chi.ram	deu	Hiram	gloss	1.0
H2438	chi.ram	nld	Chiram	gloss	1.0
H2438	chi.ram	swa	hiramu, huramu	gloss	1.0
H2438	chi.ram	arb	حِيرَامَ	aligned	1.0
H2438	chi.ram	arb	حِيرَامُ	aligned	0.889
H2438	chi.ram	eng	hiram	aligned	0.791
H2438	chi.ram	eng	hiram’s	aligned	0.75
H2438	chi.ram	eng	huram	aligned	0.2
H2438	chi.ram	hin	हूराम	aligned	0.667
H2438	chi.ram	hin	हीराम	aligned	0.583
H2438	chi.ram	rus	хираму	aligned	1.0
H2438	chi.ram	rus	хирам	aligned	0.615
H2438	chi.ram	rus	тирский	aligned	0.6
H2438	chi.ram	spa	hiram	aligned	0.677
H2444	cha.khi.lah	eng	Hachilah	gloss	1.0
H2444	cha.khi.lah	fra	Hakila	gloss	1.0
H2444	cha.khi.lah	por	Haquila	gloss	1.0
H2444	cha.khi.lah	spa	Haquila	gloss	1.0
H2444	cha.khi.lah	cmn-Hans	哈基拉山，《思》曷勒士山，哈基拉山	gloss	1.0
H2444	cha.khi.lah	cmn-Hant	哈基拉山，《思》曷勒士山，哈基拉山	gloss	1.0
H2444	cha.khi.lah	deu	Hachila	gloss	1.0
H2444	cha.khi.lah	nld	Chachila	gloss	1.0
H2444	cha.khi.lah	swa	hakila, yeshimoni	gloss	1.0
H2444	cha.khi.lah	arb	حَخِيلَةَ	aligned	1.0
H2444	cha.khi.lah	eng	hachilah	aligned	0.5
H2458	chel.ah	eng	Helah	gloss	1.0
H2458	chel.ah	deu	Rost	gloss	1.0
H2458	chel.ah	nld	roest	gloss	1.0
H2458	chel.ah	swa	haitoki, lito	gloss	1.0
H2458	chel.ah	eng	helah	aligned	1.0
H2458	chel.ah	hin	हेला	aligned	1.0
H2458	chel.ah	spa	helea	aligned	1.0
H2468	chul.dah	eng	Huldah	gloss	1.0
H2468	chul.dah	fra	Houlda	gloss	1.0
H2468	chul.dah	por	Hulda	gloss	1.0
H2468	chul.dah	spa	Hulda	gloss	1.0
H2468	chul.dah	cmn-Hans	户勒大，《思》胡耳达	gloss	1.0
H2468	chul.dah	cmn-Hant	户勒大，《思》胡耳達	gloss	1.0
H2468	chul.dah	deu	Hulda	gloss	1.0
H2468	chul.dah	nld	Chulda	gloss	1.0
H2468	chul.dah	swa	hulda	gloss	1.0
H2468	chul.dah	arb	خَلْدَةَ	aligned	1.0
H2468	chul.dah	eng	huldah	aligned	0.667
H2468	chul.dah	hin	हुल्दा	aligned	1.0
H2468	chul.dah	spa	hulda	aligned	1.0
H2473	cho.lon	eng	Holon	gloss	1.0
H2473	cho.lon	fra	Holôn	gloss	1.0
H2473	cho.lon	por	Holom	gloss	1.0
H2473	cho.lon	spa	Holón	gloss	1.0
H2473	cho.lon	cmn-Hans	何仑，《思》曷隆	gloss	1.0
H2473	cho.lon	cmn-Hant	何崙，《思》曷隆	gloss	1.0
H2473	cho.lon	deu	Holon	gloss	1.0
H2473	cho.lon	nld	Cholon	gloss	1.0
H2473	cho.lon	swa	holoni, yasa	gloss	1.0
H2473	cho.lon	eng	holon	aligned	0.833
H2477	cha.lach	eng	Halah	gloss	1.0
H2477	cha.lach	fra	Halah	gloss	1.0
H2477	cha.lach	por	Hala	gloss	1.0
H2477	cha.lach	spa	Halah	gloss	1.0
H2477	cha.lach	cmn-Hans	哈腊，《思》哈拉黑，哈辣	gloss	1.0
H2477	cha.lach	cmn-Hant	哈臘，《思》哈拉黑，哈辣	gloss	1.0
H2477	cha.lach	deu	Halach	gloss	1.0
H2477	cha.lach	nld	Chalach	gloss	1.0
H2477	cha.lach	swa	hala	gloss	1.0
H2477	cha.lach	arb	حَلَحَ	aligned	1.0
H2477	cha.lach	eng	halah	aligned	0.333
H2497	che.lon	eng	Helon	gloss	1.0
H2497	che.lon	fra	Hélôn	gloss	1.0
H2497	che.lon	por	Helom	gloss	1.0
H2497	che.lon	spa	Helón	gloss	1.0
H2497	che.lon	cmn-Hans	希伦，《思》赫隆，厄隆	gloss	1.0
H2497	che.lon	cmn-Hant	希倫，《思》赫隆，厄隆	gloss	1.0
H2497	che.lon	deu	Helon	gloss	1.0
H2497	che.lon	nld	Chelon	gloss	1.0
H2497	che.lon	swa	heloni	gloss	1.0
H2497	che.lon	arb	حِيلُونَ	aligned	1.0
H2497	che.lon	eng	helon	aligned	1.0
H2497	che.lon	hin	हेलोन	aligned	1.0
H2497	che.lon	spa	helón	aligned	1.0
H2503	che.lets	eng	Helez	gloss	1.0
H2503	che.lets	fra	Hèlets	gloss	1.0
H2503	che.lets	por	Helez	gloss	1.0
H2503	che.lets	spa	Heles	gloss	1.0
H2503	che.lets	cmn-Hans	希利斯，《思》赫肋兹	gloss	1.0
H2503	che.lets	cmn-Hant	希利斯，《思》赫肋茲	gloss	1.0
H2503	che.lets	dan	lænd	gloss	1.0
H2503	che.lets	deu	Lenden	gloss	1.0
H2503	che.lets	nld	lendenen	gloss	1.0
H2503	che.lets	swa	viun, unon, kusudi, kaul, nawe	gloss	1.0
H2503	che.lets	arb	حَالِصُ	aligned	1.0
H2503	che.lets	arb	وَحَالَصُ	aligned	1.0
H2503	che.lets	eng	helez	aligned	0.9
H2503	che.lets	hin	हेलेस	aligned	0.8
H2503	che.lets	rus	херец	aligned	1.0
H2503	che.lets	spa	heles	aligned	1.0
H2503	che.lets	spa	helles	aligned	1.0
H2510	cha.laq	eng	Halak	gloss	1.0
H2510	cha.laq	arb	ٱلْأَقْرَعِ	aligned	1.0
H2510	cha.laq	spa	halac	aligned	1.0
H2518	chil.qiy.yah	eng	Hilkiah	gloss	1.0
H2518	chil.qiy.yah	fra	Hilqiya(hou)	gloss	1.0
H2518	chil.qiy.yah	por	Hilquias	gloss	1.0
H2518	chil.qiy.yah	spa	Hilcías	gloss	1.0
H2518	chil.qiy.yah	cmn-Hans	希勒家，《思》希耳克雅	gloss	1.0
H2518	chil.qiy.yah	cmn-Hant	希勒家，《思》希耳克雅	gloss	1.0
H2518	chil.qiy.yah	deu	Hilkija	gloss	1.0
H2518	chil.qiy.yah	nld	Chilkia	gloss	1.0
H2518	chil.qiy.yah	swa	hilkia	gloss	1.0
H2518	chil.qiy.yah	arb	حِلْقِيَا	aligned	1.0
H2518	chil.qiy.yah	arb	حِلْقِيَّا	aligned	1.0
H2518	chil.qiy.yah	arb	وَحِلْقِيَّا	aligned	1.0
H2518	chil.qiy.yah	eng	hilkiah’s	aligned	1.0
H2518	chil.qiy.yah	eng	hilkiah	aligned	0.952
H2518	chil.qiy.yah	hin	हिल्किय्याह	aligned	0.824
H2518	chil.qiy.yah	rus	хелкии	aligned	0.625
H2518	chil.qiy.yah	rus	хелкия	aligned	0.571
H2518	chil.qiy.yah	spa	hilcías	aligned	1.0
H2526	cham	eng	Ham	gloss	1.0
H2526	cham	dan	Kam	gloss	1.0
H2526	cham	deu	Schwiegervater	gloss	1.0
H2526	cham	nld	schoonvader	gloss	1.0
H2526	cham	swa	baba, babaye, babaze, mababa, babangu	gloss	1.0
H2526	cham	arb	حَامٍ	aligned	1.0
H2526	cham	arb	حَامَ	aligned	1.0
H2526	cham	arb	وَحَامًا	aligned	1.0
H2526	cham	arb	وَحَامٌ	aligned	1.0
H2526	cham	eng	ham	aligned	0.848
H2526	cham	hin	हाम	aligned	0.765
H2526	cham	rus	хама	aligned	1.0
H2526	cham	rus	иафета	aligned	0.5
H2526	cham	spa	châm	aligned	1.0
H2538	cha.mul	eng	Hamul	gloss	1.0
H2538	cha.mul	fra	Hamoul	gloss	1.0
H2538	cha.mul	por	Hamul	gloss	1.0
H2538	cha.mul	spa	Hamul	gloss	1.0
H2538	cha.mul	cmn-Hans	哈母勒，《思》哈慕耳	gloss	1.0
H2538	cha.mul	cmn-Hant	哈母勒，《思》哈慕耳	gloss	1.0
H2538	cha.mul	deu	Hamul	gloss	1.0
H2538	cha.mul	nld	Chamul	gloss	1.0
H2538	cha.mul	swa	hamuli	gloss	1.0
H2538	cha.mul	eng	hamul	aligned	0.5
H2538	cha.mul	spa	hamul	aligned	0.75
H2544	cha.mor	eng	Hamor	gloss	1.0
H2544	cha.mor	deu	Hamor	gloss	1.0
H2544	cha.mor	nld	Chamor	gloss	1.0
H2544	cha.mor	swa	hamori	gloss	1.0
H2544	cha.mor	arb	حَمُورُ	aligned	1.0
H2544	cha.mor	arb	حَمُورَ	aligned	0.8
H2544	cha.mor	eng	hamor	aligned	0.96
H2544	cha.mor	hin	हमोर	aligned	0.923
H2544	cha.mor	rus	еммор	aligned	1.0
H2544	cha.mor	rus	еммора	aligned	0.5
H2544	cha.mor	spa	hamor	aligned	1.0
H2574	cha.mat	eng	Hamath	gloss	1.0
H2574	cha.mat	fra	Hamath	gloss	1.0
H2574	cha.mat	por	Hamate	gloss	1.0
H2574	cha.mat	spa	Hamat	gloss	1.0
H2574	cha.mat	cmn-Hans	哈马，《思》哈玛特	gloss	1.0
H2574	cha.mat	cmn-Hant	哈馬，《思》哈瑪特	gloss	1.0
H2574	cha.mat	deu	Hamat	gloss	1.0
H2574	cha.mat	nld	Chammat	gloss	1.0
H2574	cha.mat	swa	hamathi	gloss	1.0
H2574	cha.mat	arb	حَمَاةَ	aligned	1.0
H2574	cha.mat	arb	وَحَمَاةَ	aligned	1.0
H2574	cha.mat	arb	حَمَاةُ	aligned	0.429
H2574	cha.mat	eng	hamath	aligned	0.86
H2574	cha.mat	hin	हमात	aligned	0.938
H2574	cha.mat	rus	емафа	aligned	0.75
H2574	cha.mat	spa	hamath	aligned	0.913
H2581	chen	eng	Hen	gloss	1.0
H2582	che.na.dad	eng	Henadad	gloss	1.0
H2582	che.na.dad	fra	Hénadad	gloss	1.0
H2582	che.na.dad	por	Henadade	gloss	1.0
H2582	che.na.dad	spa	Henadad	gloss	1.0
H2582	che.na.dad	cmn-Hans	希拿达，《思》赫纳达得	gloss	1.0
H2582	che.na.dad	cmn-Hant	希拿達，《思》赫納達得	gloss	1.0
H2582	che.na.dad	deu	Henadad	gloss	1.0
H2582	che.na.dad	nld	Chenadad	gloss	1.0
H2582	che.na.dad	swa	henadadi	gloss	1.0
H2582	che.na.dad	arb	حِينَادَادَ	aligned	1.0
H2582	che.na.dad	eng	henadad	aligned	0.875
H2582	che.na.dad	hin	हेनादाद	aligned	1.0
H2582	che.na.dad	spa	henadad	aligned	1.0
H2585	cha.nokh	eng	Enoch	gloss	1.0
H2585	cha.nokh	fra	Hénok	gloss	1.0
H2585	cha.nokh	por	Enoque	gloss	1.0
H2585	cha.nokh	spa	Enoc	gloss	1.0
H2585	cha.nokh	cmn-Hans	以诺，《思》哈诺客	gloss	1.0
H2585	cha.nokh	cmn-Hant	以諾，《思》哈諾客	gloss	1.0
H2585	cha.nokh	deu	Henoch	gloss	1.0
H2585	cha.nokh	nld	Henoch	gloss	1.0
H2585	cha.nokh	swa	henoko, hanoki	gloss	1.0
H2585	cha.nokh	arb	حَنُوكَ	aligned	1.0
H2585	cha.nokh	arb	حَنُوكُ	aligned	1.0
H2585	cha.nokh	arb	لِحَنُوكَ	aligned	1.0
H2585	cha.nokh	arb	وَحَنُوكُ	aligned	1.0
H2585	cha.nokh	arb	أَخْنُوخَ	aligned	0.6
H2585	cha.nokh	arb	أَخْنُوخُ	aligned	0.5
H2585	cha.nokh	eng	henoch	aligned	1.0
H2585	cha.nokh	eng	hanoch	aligned	0.818
H2585	cha.nokh	eng	enoch	aligned	0.72
H2585	cha.nokh	hin	हनोक	aligned	0.684
H2585	cha.nokh	rus	еноха	aligned	1.0
H2585	cha.nokh	rus	енох	aligned	0.8
H2585	cha.nokh	spa	henoch	aligned	1.0
H2601	cha.nam.el	eng	Hanamel	gloss	1.0
H2601	cha.nam.el	fra	Hanamel	gloss	1.0
H2601	cha.nam.el	por	Hananel	gloss	1.0
H2601	cha.nam.el	spa	Hanameel	gloss	1.0
H2601	cha.nam.el	cmn-Hans	哈拿篾，《思》哈纳默耳	gloss	1.0
H2601	cha.nam.el	cmn-Hant	哈拿篾，《思》哈納默耳	gloss	1.0
H2601	cha.nam.el	deu	Hanamel	gloss	1.0
H2601	cha.nam.el	nld	Chanamel	gloss	1.0
H2601	cha.nam.el	swa	hanameli, mpimi	gloss	1.0
H2601	cha.nam.el	arb	حَنَمْئِيلَ	aligned	1.0
H2601	cha.nam.el	arb	حَنَمْئِيلُ	aligned	1.0
H2601	cha.nam.el	eng	hanameel	aligned	1.0
H2601	cha.nam.el	eng	hanamel	aligned	1.0
H2601	cha.nam.el	hin	हनमेल	aligned	1.0
H2601	cha.nam.el	rus	дяди	aligned	0.4
H2601	cha.nam.el	spa	hanameel	aligned	1.0
H2606	cha.nan.el	eng	Hananel	gloss	1.0
H2606	cha.nan.el	fra	Hananel	gloss	1.0
H2606	cha.nan.el	por	Hananel	gloss	1.0
H2606	cha.nan.el	spa	Hananeel	gloss	1.0
H2606	cha.nan.el	cmn-Hans	哈楠业，《思》哈纳乃耳	gloss	1.0
H2606	cha.nan.el	cmn-Hant	哈楠業，《思》哈納乃耳	gloss	1.0
H2606	cha.nan.el	deu	Hananel	gloss	1.0
H2606	cha.nan.el	nld	Chananel	gloss	1.0
H2606	cha.nan.el	swa	hananeli	gloss	1.0
H2606	cha.nan.el	arb	حَنَنْئِيلَ	aligned	1.0
H2606	cha.nan.el	eng	hananel	aligned	1.0
H2606	cha.nan.el	eng	hananeel	aligned	0.5
H2606	cha.nan.el	hin	हननेल	aligned	1.0
H2606	cha.nan.el	spa	hananeel	aligned	1.0
H2607	cha.na.ni	eng	Hanani	gloss	1.0
H2607	cha.na.ni	fra	Hanani	gloss	1.0
H2607	cha.na.ni	por	Hanani	gloss	1.0
H2607	cha.na.ni	spa	Hanani	gloss	1.0
H2607	cha.na.ni	cmn-Hans	哈拿尼，《思》哈纳尼	gloss	1.0
H2607	cha.na.ni	cmn-Hant	哈拿尼，《思》哈納尼	gloss	1.0
H2607	cha.na.ni	deu	Hanani	gloss	1.0
H2607	cha.na.ni	nld	Chanani	gloss	1.0
H2607	cha.na.ni	swa	hanani, likaja	gloss	1.0
H2607	cha.na.ni	arb	حَنَانِي	aligned	1.0
H2607	cha.na.ni	arb	وَحَنَانِي	aligned	1.0
H2607	cha.na.ni	eng	hanani	aligned	0.955
H2607	cha.na.ni	hin	हनानी	aligned	0.9
H2607	cha.na.ni	rus	ханани	aligned	0.667
H2607	cha.na.ni	spa	hanani	aligned	1.0
H2608	cha.nan.yah	eng	Hananiah	gloss	1.0
H2608	cha.nan.yah	fra	Hananya	gloss	1.0
H2608	cha.nan.yah	por	Hananias	gloss	1.0
H2608	cha.nan.yah	spa	Hananías	gloss	1.0
H2608	cha.nan.yah	cmn-Hans	哈拿尼雅，《思》哈纳尼雅	gloss	1.0
H2608	cha.nan.yah	cmn-Hant	哈拿尼雅，《思》哈納尼雅	gloss	1.0
H2608	cha.nan.yah	deu	Hananja	gloss	1.0
H2608	cha.nan.yah	nld	Chananja	gloss	1.0
H2608	cha.nan.yah	swa	hanania, umezivunja	gloss	1.0
H2608	cha.nan.yah	arb	حَنَنِيَّا	aligned	1.0
H2608	cha.nan.yah	arb	حَنَنْيَا	aligned	1.0
H2608	cha.nan.yah	arb	وَحَنَنْيَا	aligned	1.0
H2608	cha.nan.yah	eng	hananiah	aligned	0.877
H2608	cha.nan.yah	hin	हनन्याह	aligned	0.6
H2608	cha.nan.yah	rus	ханании	aligned	0.667
H2608	cha.nan.yah	rus	анании	aligned	0.5
H2608	cha.nan.yah	rus	анания	aligned	0.25
H2608	cha.nan.yah	spa	hananías	aligned	1.0
H2608	cha.nan.yah	spa	ananías	aligned	0.333
H2650	chup.pim	eng	Huppim	gloss	1.0
H2650	chup.pim	fra	Houppim	gloss	1.0
H2650	chup.pim	por	Hupim	gloss	1.0
H2650	chup.pim	spa	Hupim	gloss	1.0
H2650	chup.pim	cmn-Hans	户平，《思》胡平	gloss	1.0
H2650	chup.pim	cmn-Hant	戶平，《思》胡平	gloss	1.0
H2650	chup.pim	deu	Huppim	gloss	1.0
H2650	chup.pim	nld	Chuppim	gloss	1.0
H2650	chup.pim	swa	hupimu	gloss	1.0
H2650	chup.pim	arb	وَحُفِّيمُ	aligned	1.0
H2650	chup.pim	eng	huppim	aligned	0.75
H2650	chup.pim	spa	huppim	aligned	1.0
H2652	choph.ni	eng	Hophni	gloss	1.0
H2652	choph.ni	fra	Hofni	gloss	1.0
H2652	choph.ni	por	Hofni	gloss	1.0
H2652	choph.ni	spa	Ofni	gloss	1.0
H2652	choph.ni	cmn-Hans	何弗尼，《思》曷弗尼	gloss	1.0
H2652	choph.ni	cmn-Hant	何弗尼，《思》曷弗尼	gloss	1.0
H2652	choph.ni	deu	Hofni	gloss	1.0
H2652	choph.ni	nld	Chofni	gloss	1.0
H2652	choph.ni	swa	hofni	gloss	1.0
H2652	choph.ni	arb	حُفْنِي	aligned	1.0
H2652	choph.ni	eng	hophni	aligned	1.0
H2652	choph.ni	hin	होप्नी	aligned	1.0
H2652	choph.ni	spa	ophni	aligned	0.833
H2660	che.pher	eng	Hepher	gloss	1.0
H2660	che.pher	deu	Hefer	gloss	1.0
H2660	che.pher	nld	Chefer	gloss	1.0
H2660	che.pher	swa	heferi	gloss	1.0
H2660	che.pher	arb	حَافَرَ	aligned	1.0
H2660	che.pher	eng	hepher	aligned	0.889
H2660	che.pher	hin	हेपेर	aligned	0.889
H2660	che.pher	spa	hepher	aligned	1.0
H2674	cha.tsor	eng	Hazor	gloss	1.0
H2674	cha.tsor	fra	Hatsor	gloss	1.0
H2674	cha.tsor	por	Hazor	gloss	1.0
H2674	cha.tsor	spa	Hazor	gloss	1.0
H2674	cha.tsor	cmn-Hans	夏琐，《思》哈祚尔	gloss	1.0
H2674	cha.tsor	cmn-Hant	夏瑣，《思》哈祚爾	gloss	1.0
H2674	cha.tsor	deu	Hazor	gloss	1.0
H2674	cha.tsor	nld	Chasor	gloss	1.0
H2674	cha.tsor	swa	hazori, hasori	gloss	1.0
H2674	cha.tsor	arb	حَاصُورَ	aligned	1.0
H2674	cha.tsor	arb	حَاصُورُ	aligned	1.0
H2674	cha.tsor	arb	وَحَاصُورَ	aligned	1.0
H2674	cha.tsor	eng	hazor	aligned	0.811
H2674	cha.tsor	hin	हासोर	aligned	0.818
H2674	cha.tsor	rus	асор	aligned	0.6
H2674	cha.tsor	spa	asor	aligned	1.0
H2674	cha.tsor	spa	hasor	aligned	1.0
H2688	chats.tson ta.mar	eng	Hazazon-tamar	gloss	1.0
H2688	chats.tson ta.mar	fra	Hatsetsôn-Tamar	gloss	1.0
H2688	chats.tson ta.mar	por	Hazazom-Tamar	gloss	1.0
H2688	chats.tson ta.mar	spa	Hazezontamar	gloss	1.0
H2688	chats.tson ta.mar	cmn-Hans	哈洗逊‧他玛，《思》哈匝宗塔玛尔	gloss	1.0
H2688	chats.tson ta.mar	cmn-Hant	哈洗遜‧他瑪，《思》哈匝宗塔瑪爾	gloss	1.0
H2688	chats.tson ta.mar	deu	Hazezon-Tamar	gloss	1.0
H2688	chats.tson ta.mar	nld	Chaseson-Tamar	gloss	1.0
H2688	chats.tson ta.mar	swa	hasason-tamari	gloss	1.0
H2693	cha.tsar gad.dah	eng	Hazar-gaddah	gloss	1.0
H2693	cha.tsar gad.dah	fra	Hatsar-Gadda	gloss	1.0
H2693	cha.tsar gad.dah	por	Hazar-Gada	gloss	1.0
H2693	cha.tsar gad.dah	spa	Hasar-gada	gloss	1.0
H2693	cha.tsar gad.dah	cmn-Hans	哈萨‧迦大，《思》哈匝尔加达	gloss	1.0
H2693	cha.tsar gad.dah	cmn-Hant	哈薩‧迦大，《思》哈匝爾加達	gloss	1.0
H2693	cha.tsar gad.dah	deu	Hazar-Gadda	gloss	1.0
H2693	cha.tsar gad.dah	nld	Chasar-Gadda	gloss	1.0
H2693	cha.tsar gad.dah	swa	hasar-gada	gloss	1.0
H2694	cha.tsar hat.ti.khon	eng	Hazer-hatticon	gloss	1.0
H2694	cha.tsar hat.ti.khon	fra	Hatser-Tikôn	gloss	1.0
H2694	cha.tsar hat.ti.khon	por	Hazer-Haticom	gloss	1.0
H2694	cha.tsar hat.ti.khon	spa	Hazer-haticón	gloss	1.0
H2694	cha.tsar hat.ti.khon	cmn-Hans	哈撒‧哈提干，《思》哈匝尔厄南	gloss	1.0
H2694	cha.tsar hat.ti.khon	cmn-Hant	哈撒‧哈提干，《思》哈匝爾厄南	gloss	1.0
H2695	chets.ro	eng	Hezro	gloss	1.0
H2695	chets.ro	deu	Hezro	gloss	1.0
H2695	chets.ro	nld	Chesro	gloss	1.0
H2695	chets.ro	swa	hezro, paarai	gloss	1.0
H2695	chets.ro	eng	hezro	aligned	1.0
H2695	chets.ro	hin	हेस्रो	aligned	1.0
H2696	chets.ron	eng	Hezron	gloss	1.0
H2696	chets.ron	fra	Hetsrôn	gloss	1.0
H2696	chets.ron	por	Hezrom	gloss	1.0
H2696	chets.ron	spa	Hezrón	gloss	1.0
H2696	chets.ron	cmn-Hans	希斯伦，《思》赫兹龙	gloss	1.0
H2696	chets.ron	cmn-Hant	希斯倫，《思》赫茲龍	gloss	1.0
H2696	chets.ron	deu	Hezron	gloss	1.0
H2696	chets.ron	nld	Chesron	gloss	1.0
H2696	chets.ron	swa	hesroni	gloss	1.0
H2696	chets.ron	arb	حَصْرُونُ	aligned	1.0
H2696	chets.ron	arb	لِحَصْرُونَ	aligned	1.0
H2696	chets.ron	arb	وَحَصْرُونُ	aligned	0.714
H2696	chets.ron	arb	حَصْرُونَ	aligned	0.667
H2696	chets.ron	eng	hezron	aligned	0.692
H2696	chets.ron	hin	हेस्रोन	aligned	0.647
H2696	chets.ron	rus	есром	aligned	0.6
H2696	chets.ron	rus	есрома	aligned	0.6
H2696	chets.ron	spa	hezrón	aligned	1.0
H2696	chets.ron	spa	hesrón	aligned	0.917
H2698	cha.tse.rot	eng	Hazeroth	gloss	1.0
H2698	cha.tse.rot	fra	Hatséroth	gloss	1.0
H2698	cha.tse.rot	por	Hazerote	gloss	1.0
H2698	cha.tse.rot	spa	Hazerot	gloss	1.0
H2698	cha.tse.rot	cmn-Hans	哈洗录，《思》哈兹洛特，哈责洛特，哈则洛特	gloss	1.0
H2698	cha.tse.rot	cmn-Hant	哈洗錄，《思》哈茲洛特，哈責洛特，哈則洛特	gloss	1.0
H2698	cha.tse.rot	deu	Hazerot	gloss	1.0
H2698	cha.tse.rot	nld	Chaserot	gloss	1.0
H2698	cha.tse.rot	swa	haserothi	gloss	1.0
H2698	cha.tse.rot	arb	حَضَيْرُوتَ	aligned	1.0
H2698	cha.tse.rot	eng	hazeroth	aligned	0.444
H2698	cha.tse.rot	rus	остановился	aligned	0.182
H2698	cha.tse.rot	spa	haseroth	aligned	1.0
H2700	cha.tsar.ma.vet	eng	Hazarmaveth	gloss	1.0
H2700	cha.tsar.ma.vet	fra	Hatsarmaweth	gloss	1.0
H2700	cha.tsar.ma.vet	por	Hazar-Mavé	gloss	1.0
H2700	cha.tsar.ma.vet	spa	Hazar-mavet	gloss	1.0
H2700	cha.tsar.ma.vet	cmn-Hans	哈萨玛非，《思》哈匝玛委特	gloss	1.0
H2700	cha.tsar.ma.vet	cmn-Hant	哈薩瑪非，《思》哈匝瑪委特	gloss	1.0
H2700	cha.tsar.ma.vet	deu	Hazarmawet	gloss	1.0
H2700	cha.tsar.ma.vet	nld	Chasarmawet	gloss	1.0
H2700	cha.tsar.ma.vet	swa	hasarmawethi	gloss	1.0
H2700	cha.tsar.ma.vet	arb	وَحَضَرْمَوْتَ	aligned	1.0
H2700	cha.tsar.ma.vet	eng	hazarmaveth	aligned	1.0
H2700	cha.tsar.ma.vet	hin	हसर्मावेत	aligned	1.0
H2701	cha.tsar su.sah	eng	Hazar-susah	gloss	1.0
H2701	cha.tsar su.sah	fra	Hatsar-Soussa	gloss	1.0
H2701	cha.tsar su.sah	por	Hazar-Susa	gloss	1.0
H2701	cha.tsar su.sah	spa	Hasar-susa	gloss	1.0
H2701	cha.tsar su.sah	cmn-Hans	哈萨‧苏撒，《思》哈匝尔稣撒	gloss	1.0
H2701	cha.tsar su.sah	cmn-Hant	哈薩‧蘇撒，《思》哈匝爾穌撒	gloss	1.0
H2701	cha.tsar su.sah	deu	Hazar-Susim	gloss	1.0
H2701	cha.tsar su.sah	nld	Chasar-Susa	gloss	1.0
H2701	cha.tsar su.sah	swa	hasarsusa	gloss	1.0
H2704	cha.tsar e.nan	eng	Hazar-enan	gloss	1.0
H2704	cha.tsar e.nan	fra	Hatsar-Einân	gloss	1.0
H2704	cha.tsar e.nan	por	Hazar-Enã	gloss	1.0
H2704	cha.tsar e.nan	spa	Hazar-enán	gloss	1.0
H2704	cha.tsar e.nan	cmn-Hans	哈萨‧以难，《思》哈匝尔厄南	gloss	1.0
H2704	cha.tsar e.nan	cmn-Hant	哈薩‧以難，《思》哈匝爾厄南	gloss	1.0
H2704	cha.tsar e.nan	deu	Hazar-Enan	gloss	1.0
H2704	cha.tsar e.nan	nld	Chasar-Enan	gloss	1.0
H2704	cha.tsar e.nan	swa	hasarenani, hasar-enoni	gloss	1.0
H2704	cha.tsar e.nan	eng	hazar-enan	aligned	0.6
H2705	cha.tsar shu.al	eng	Hazar-shual	gloss	1.0
H2705	cha.tsar shu.al	fra	Hatsar-Shoual	gloss	1.0
H2705	cha.tsar shu.al	por	Hazar-Sual	gloss	1.0
H2705	cha.tsar shu.al	spa	Hazar-sual	gloss	1.0
H2705	cha.tsar shu.al	cmn-Hans	哈萨‧书亚，《思》哈匝尔叔阿耳，哈匝叔阿耳	gloss	1.0
H2705	cha.tsar shu.al	cmn-Hant	哈薩‧書亞，《思》哈匝爾叔阿耳，哈匝叔阿耳	gloss	1.0
H2705	cha.tsar shu.al	deu	Hazar-Schual	gloss	1.0
H2705	cha.tsar shu.al	nld	Chasar-Sual	gloss	1.0
H2705	cha.tsar shu.al	swa	hasar-shuali	gloss	1.0
H2705	cha.tsar shu.al	eng	hazar-shual	aligned	0.333
H2709	cha.qu.pah	eng	Hakupha	gloss	1.0
H2709	cha.qu.pah	fra	Haqoufa	gloss	1.0
H2709	cha.qu.pah	por	Hacufa	gloss	1.0
H2709	cha.qu.pah	spa	Hacufa	gloss	1.0
H2709	cha.qu.pah	cmn-Hans	哈古巴，《思》哈谷法	gloss	1.0
H2709	cha.qu.pah	cmn-Hant	哈古巴，《思》哈谷法	gloss	1.0
H2709	cha.qu.pah	deu	Hakufa	gloss	1.0
H2709	cha.qu.pah	nld	Chakufa	gloss	1.0
H2709	cha.qu.pah	swa	bakbuki	gloss	1.0
H2709	cha.qu.pah	arb	حَقُوفَا	aligned	1.0
H2709	cha.qu.pah	eng	hakupha	aligned	1.0
H2709	cha.qu.pah	spa	harhur	aligned	1.0
H2712	chuq.qoq	eng	Hukkok	gloss	1.0
H2712	chuq.qoq	fra	Houqoq	gloss	1.0
H2712	chuq.qoq	por	Hucoque	gloss	1.0
H2712	chuq.qoq	spa	Hucoc	gloss	1.0
H2712	chuq.qoq	cmn-Hans	户割，《思》胡科克	gloss	1.0
H2712	chuq.qoq	cmn-Hant	戶割，《思》胡科克	gloss	1.0
H2712	chuq.qoq	deu	Hukkok	gloss	1.0
H2712	chuq.qoq	nld	Chukok	gloss	1.0
H2712	chuq.qoq	swa	helkathi, hukoki	gloss	1.0
H2712	chuq.qoq	eng	hukok	aligned	1.0
H2726	char.vo.na	eng	Harbona	gloss	1.0
H2726	char.vo.na	fra	Harvona	gloss	1.0
H2726	char.vo.na	por	Harbona	gloss	1.0
H2726	char.vo.na	spa	Harbona	gloss	1.0
H2726	char.vo.na	cmn-Hans	哈波拿，《思》哈波纳	gloss	1.0
H2726	char.vo.na	cmn-Hant	哈波拿，《思》哈波納	gloss	1.0
H2726	char.vo.na	deu	Harbona	gloss	1.0
H2726	char.vo.na	nld	Charbona	gloss	1.0
H2726	char.vo.na	swa	harbona	gloss	1.0
H2726	char.vo.na	eng	harbonah	aligned	1.0
H2726	char.vo.na	spa	harbona	aligned	1.0
H2735	chor hag.gid.gad	eng	Hor-haggidgad	gloss	1.0
H2735	chor hag.gid.gad	fra	Hor-Hagguidgad	gloss	1.0
H2735	chor hag.gid.gad	por	Hor-Hagidgade	gloss	1.0
H2735	chor hag.gid.gad	spa	Monte de Gidgad	gloss	1.0
H2735	chor hag.gid.gad	cmn-Hans	曷‧哈及甲，《思》曷尔哈基加得	gloss	1.0
H2735	chor hag.gid.gad	cmn-Hant	曷‧哈及甲，《思》曷爾哈基加得	gloss	1.0
H2735	chor hag.gid.gad	deu	Hor-Gidgad	gloss	1.0
H2735	chor hag.gid.gad	nld	Chor-Haggidgad	gloss	1.0
H2735	chor hag.gid.gad	swa	hor-hagidgadi	gloss	1.0
H2766	cha.rim	eng	Harim	gloss	1.0
H2766	cha.rim	fra	Harim	gloss	1.0
H2766	cha.rim	por	Harim	gloss	1.0
H2766	cha.rim	spa	Harim	gloss	1.0
H2766	cha.rim	cmn-Hans	哈琳，《思》哈陵	gloss	1.0
H2766	cha.rim	cmn-Hant	哈琳，《思》哈陵	gloss	1.0
H2766	cha.rim	deu	Harim	gloss	1.0
H2766	cha.rim	nld	Charim	gloss	1.0
H2766	cha.rim	swa	harimu	gloss	1.0
H2766	cha.rim	arb	حَارِيمَ	aligned	1.0
H2766	cha.rim	eng	harim	aligned	0.909
H2766	cha.rim	hin	हारीम	aligned	0.778
H2766	cha.rim	rus	харима	aligned	0.875
H2766	cha.rim	spa	harim	aligned	1.0
H2767	chor.mah	eng	Hormah	gloss	1.0
H2767	chor.mah	fra	Horma	gloss	1.0
H2767	chor.mah	por	Hormá	gloss	1.0
H2767	chor.mah	spa	Homa	gloss	1.0
H2767	chor.mah	cmn-Hans	何珥玛，《思》曷尔玛	gloss	1.0
H2767	chor.mah	cmn-Hant	何珥瑪，《思》曷爾瑪	gloss	1.0
H2767	chor.mah	deu	Horma	gloss	1.0
H2767	chor.mah	nld	Chorma	gloss	1.0
H2767	chor.mah	swa	horma	gloss	1.0
H2767	chor.mah	arb	حُرْمَةَ	aligned	1.0
H2767	chor.mah	arb	وَحُرْمَةَ	aligned	1.0
H2767	chor.mah	eng	hormah	aligned	0.722
H2767	chor.mah	hin	होर्मा	aligned	0.8
H2767	chor.mah	spa	horma	aligned	0.9
H2768	cher.mon	eng	Hermon	gloss	1.0
H2768	cher.mon	fra	Hermon	gloss	1.0
H2768	cher.mon	por	Hermom	gloss	1.0
H2768	cher.mon	spa	Hermón	gloss	1.0
H2768	cher.mon	cmn-Hans	黑门，《思》赫尔孟	gloss	1.0
H2768	cher.mon	cmn-Hant	黑門，《思》赫爾孟	gloss	1.0
H2768	cher.mon	deu	Hermon	gloss	1.0
H2768	cher.mon	nld	Hermon	gloss	1.0
H2768	cher.mon	swa	hermoni	gloss	1.0
H2768	cher.mon	arb	حَرْمُونَ	aligned	1.0
H2768	cher.mon	eng	hermon	aligned	0.769
H2768	cher.mon	hin	हेर्मोन	aligned	0.667
H2768	cher.mon	rus	ермон	aligned	1.0
H2768	cher.mon	spa	hermón	aligned	1.0
H2771	cha.ran	eng	Haran	gloss	1.0
H2771	cha.ran	fra	Harân	gloss	1.0
H2771	cha.ran	por	Harã	gloss	1.0
H2771	cha.ran	spa	Harán	gloss	1.0
H2771	cha.ran	cmn-Hans	哈兰，《思》哈郎，哈兰	gloss	1.0
H2771	cha.ran	cmn-Hant	哈蘭，《思》哈郎，哈蘭	gloss	1.0
H2771	cha.ran	dan	Karan	gloss	1.0
H2771	cha.ran	deu	Haran	gloss	1.0
H2771	cha.ran	nld	Charan	gloss	1.0
H2771	cha.ran	swa	harani	gloss	1.0
H2771	cha.ran	arb	وَحَارَانَ	aligned	1.0
H2771	cha.ran	arb	حَارَانَ	aligned	0.727
H2771	cha.ran	eng	charan	aligned	1.0
H2771	cha.ran	eng	haran	aligned	0.351
H2771	cha.ran	hin	हारान	aligned	0.294
H2771	cha.ran	rus	харан	aligned	1.0
H2771	cha.ran	spa	harán	aligned	0.231
H2773	cho.ro.na.yim	eng	Horonaim	gloss	1.0
H2773	cho.ro.na.yim	fra	Horonaïm	gloss	1.0
H2773	cho.ro.na.yim	por	Horonaim	gloss	1.0
H2773	cho.ro.na.yim	spa	Horonaim	gloss	1.0
H2773	cho.ro.na.yim	cmn-Hans	何罗念，《思》曷洛纳因	gloss	1.0
H2773	cho.ro.na.yim	cmn-Hant	何羅念，《思》曷洛納因	gloss	1.0
H2773	cho.ro.na.yim	arb	حُورُونَايِمَ	aligned	1.0
H2773	cho.ro.na.yim	eng	horonaim	aligned	0.667
H2773	cho.ro.na.yim	hin	होरोनैम	aligned	0.75
H2773	cho.ro.na.yim	spa	horonaim	aligned	1.0
H2797	char.sah	eng	Harsha	gloss	1.0
H2797	char.sah	fra	Harsha	gloss	1.0
H2797	char.sah	por	Harsa	gloss	1.0
H2797	char.sah	spa	Harsa	gloss	1.0
H2797	char.sah	cmn-Hans	哈沙，《思》哈尔沙	gloss	1.0
H2797	char.sah	cmn-Hant	哈沙，《思》哈爾沙	gloss	1.0
H2797	char.sah	deu	Harscha	gloss	1.0
H2797	char.sah	nld	Charsa	gloss	1.0
H2797	char.sah	swa	harsha	gloss	1.0
H2797	char.sah	arb	حَرْشَا	aligned	1.0
H2797	char.sah	eng	harsha	aligned	1.0
H2800	cha.ro.shet	eng	Harosheth	gloss	1.0
H2800	cha.ro.shet	fra	Harosheth-Haggoyim	gloss	1.0
H2800	cha.ro.shet	por	Harosete-Hagoim	gloss	1.0
H2800	cha.ro.shet	spa	Haroset-goim	gloss	1.0
H2800	cha.ro.shet	cmn-Hans	夏罗设·哈歌印，《现》外邦人的夏罗设，《思》哈洛舍特哥因	gloss	1.0
H2800	cha.ro.shet	cmn-Hant	夏羅設·哈歌印，《現》外邦人的夏羅設，《思》哈洛舍特哥因	gloss	1.0
H2800	cha.ro.shet	eng	harosheth	aligned	1.0
H2800	cha.ro.shet	eng	goyim	aligned	0.429
H2809	chesh.bon	eng	Heshbon	gloss	1.0
H2809	chesh.bon	deu	Heschbon	gloss	1.0
H2809	chesh.bon	nld	Chesbon	gloss	1.0
H2809	chesh.bon	swa	heshboni, tunakuomba	gloss	1.0
H2809	chesh.bon	arb	حَشْبُونَ	aligned	1.0
H2809	chesh.bon	arb	حَشْبُونُ	aligned	1.0
H2809	chesh.bon	eng	heshbon	aligned	0.784
H2809	chesh.bon	hin	हेशबोन	aligned	0.697
H2809	chesh.bon	rus	есевон	aligned	0.75
H2809	chesh.bon	rus	есевона	aligned	0.75
H2809	chesh.bon	rus	есевоне	aligned	0.333
H2809	chesh.bon	spa	hesbón	aligned	1.0
H2811	cha.shav.yah	eng	Hashabiah	gloss	1.0
H2811	cha.shav.yah	deu	Haschabja	gloss	1.0
H2811	cha.shav.yah	nld	Chasabja	gloss	1.0
H2811	cha.shav.yah	swa	hashabia	gloss	1.0
H2811	cha.shav.yah	arb	حَشَبْيَا	aligned	1.0
H2811	cha.shav.yah	arb	وَحَشَبْيَا	aligned	1.0
H2811	cha.shav.yah	eng	hashabiah	aligned	0.933
H2811	cha.shav.yah	hin	हशब्याह	aligned	0.688
H2811	cha.shav.yah	spa	hasabías	aligned	1.0
H2815	chash.shuv	eng	Hasshub	gloss	1.0
H2815	chash.shuv	fra	Hashouv	gloss	1.0
H2815	chash.shuv	por	Hassube	gloss	1.0
H2815	chash.shuv	spa	Hasub	gloss	1.0
H2815	chash.shuv	cmn-Hans	哈述，《思》哈叔布	gloss	1.0
H2815	chash.shuv	cmn-Hant	哈述，《思》哈叔布	gloss	1.0
H2815	chash.shuv	deu	Haschub	gloss	1.0
H2815	chash.shuv	nld	Chassub	gloss	1.0
H2815	chash.shuv	swa	hashubu	gloss	1.0
H2815	chash.shuv	arb	حَشُّوبَ	aligned	1.0
H2815	chash.shuv	arb	وَحَشُّوبُ	aligned	1.0
H2815	chash.shuv	eng	hashub	aligned	1.0
H2815	chash.shuv	eng	hasshub	aligned	0.6
H2815	chash.shuv	hin	हश्शूब	aligned	0.4
H2815	chash.shuv	spa	hassub	aligned	1.0
H2815	chash.shuv	spa	hasub	aligned	1.0
H2828	cha.shum	eng	Hashum	gloss	1.0
H2828	cha.shum	fra	Hashoum	gloss	1.0
H2828	cha.shum	por	Hasum	gloss	1.0
H2828	cha.shum	spa	Hasum	gloss	1.0
H2828	cha.shum	cmn-Hans	哈顺，《思》哈雄	gloss	1.0
H2828	cha.shum	cmn-Hant	哈順，《思》哈雄	gloss	1.0
H2828	cha.shum	deu	Huschim	gloss	1.0
H2828	cha.shum	nld	uit Chusam	gloss	1.0
H2828	cha.shum	swa	hushimu	gloss	1.0
H2828	cha.shum	arb	حَشُومَ	aligned	1.0
H2828	cha.shum	eng	hashum	aligned	0.9
H2828	cha.shum	hin	हाशूम	aligned	0.75
H2828	cha.shum	rus	хашума	aligned	1.0
H2828	cha.shum	spa	hasum	aligned	1.0
H2832	chash.mo.nah	eng	Hashmonah	gloss	1.0
H2832	chash.mo.nah	fra	Hashmona	gloss	1.0
H2832	chash.mo.nah	por	Hasmona	gloss	1.0
H2832	chash.mo.nah	spa	Hasmona	gloss	1.0
H2832	chash.mo.nah	cmn-Hans	哈摩拿，《思》哈市摩纳	gloss	1.0
H2832	chash.mo.nah	cmn-Hant	哈摩拿，《思》哈市摩納	gloss	1.0
H2832	chash.mo.nah	deu	Haschmona	gloss	1.0
H2832	chash.mo.nah	nld	Chasmona	gloss	1.0
H2832	chash.mo.nah	swa	hashmona	gloss	1.0
H2832	chash.mo.nah	arb	حَشْمُونَةَ	aligned	1.0
H2832	chash.mo.nah	eng	hashmonah	aligned	0.5
H2832	chash.mo.nah	spa	hasmona	aligned	1.0
H2845	chet	eng	Heth	gloss	1.0
H2845	chet	fra	Heth	gloss	1.0
H2845	chet	por	Hete	gloss	1.0
H2845	chet	spa	Het	gloss	1.0
H2845	chet	cmn-Hans	赫，《思》赫特	gloss	1.0
H2845	chet	cmn-Hant	赫，《思》赫特	gloss	1.0
H2845	chet	deu	Het	gloss	1.0
H2845	chet	nld	Chet	gloss	1.0
H2845	chet	swa	hethi, kozik	gloss	1.0
H2845	chet	arb	حِثَّ	aligned	1.0
H2845	chet	arb	وَحِثًّا	aligned	1.0
H2845	chet	eng	heth	aligned	1.0
H2845	chet	hin	हित्त	aligned	1.0
H2845	chet	hin	हित्तियों	aligned	0.4
H2845	chet	rus	входящих	aligned	0.667
H2845	chet	rus	хетовых	aligned	0.667
H2845	chet	spa	heth	aligned	1.0
H2870	ta.ve.el	eng	Tabeel	gloss	1.0
H2870	ta.ve.el	dan	Tab’al	gloss	1.0
H2870	ta.ve.el	deu	Tabeel	gloss	1.0
H2870	ta.ve.el	nld	Tabeël	gloss	1.0
H2870	ta.ve.el	swa	tabeeli	gloss	1.0
H2870	ta.ve.el	eng	tabeal	aligned	1.0
H2870	ta.ve.el	eng	tabeel	aligned	1.0
H2870	ta.ve.el	hin	ताबेल	aligned	1.0
H2884	tab.ba.ot	eng	Tabbaoth	gloss	1.0
H2884	tab.ba.ot	fra	Tabbaoth	gloss	1.0
H2884	tab.ba.ot	por	Tabaote	gloss	1.0
H2884	tab.ba.ot	spa	Tabaot	gloss	1.0
H2884	tab.ba.ot	cmn-Hans	答巴俄，《思》塔巴敖特	gloss	1.0
H2884	tab.ba.ot	cmn-Hant	答巴俄，《思》塔巴敖特	gloss	1.0
H2884	tab.ba.ot	deu	Tabbaot	gloss	1.0
H2884	tab.ba.ot	nld	Tabbaot	gloss	1.0
H2884	tab.ba.ot	swa	tabaothi	gloss	1.0
H2884	tab.ba.ot	arb	طَبَاعُوتَ	aligned	1.0
H2884	tab.ba.ot	eng	tabbaoth	aligned	1.0
H2884	tab.ba.ot	spa	thabaoth	aligned	1.0
H2897	tov	eng	Tob	gloss	1.0
H2897	tov	deu	Tob	gloss	1.0
H2897	tov	nld	Tob	gloss	1.0
H2897	tov	swa	tobu, uvamizi	gloss	1.0
H2897	tov	arb	طُوبٍ	aligned	1.0
H2897	tov	arb	طُوبَ	aligned	1.0
H2897	tov	eng	tob	aligned	1.0
H2897	tov	hin	तोब	aligned	0.667
H2897	tov	rus	тов	aligned	1.0
H2897	tov	spa	tob	aligned	1.0
H2900	to.viy.yah	eng	Tobijah	gloss	1.0
H2900	to.viy.yah	deu	Tobija	gloss	1.0
H2900	to.viy.yah	nld	Tobia	gloss	1.0
H2900	to.viy.yah	swa	tobia	gloss	1.0
H2900	to.viy.yah	arb	طُوبِيَّا	aligned	1.0
H2900	to.viy.yah	arb	وَطُوبِيَّا	aligned	1.0
H2900	to.viy.yah	eng	tobiah	aligned	0.655
H2900	to.viy.yah	eng	tobijah	aligned	0.4
H2900	to.viy.yah	hin	तोबियाह	aligned	0.353
H2900	to.viy.yah	spa	tobías	aligned	1.0
H2929	tal.mon	eng	Talmon	gloss	1.0
H2929	tal.mon	fra	Talmôn	gloss	1.0
H2929	tal.mon	por	Talmom	gloss	1.0
H2929	tal.mon	spa	Talmón	gloss	1.0
H2929	tal.mon	cmn-Hans	达们，《思》塔耳孟	gloss	1.0
H2929	tal.mon	cmn-Hant	達們，《思》塔耳孟	gloss	1.0
H2929	tal.mon	deu	Talmon	gloss	1.0
H2929	tal.mon	nld	Talmon	gloss	1.0
H2929	tal.mon	swa	talmoni	gloss	1.0
H2929	tal.mon	arb	طَلْمُونَ	aligned	1.0
H2929	tal.mon	arb	وَطَلْمُونُ	aligned	1.0
H2929	tal.mon	eng	talmon	aligned	0.9
H2929	tal.mon	hin	तल्मोन	aligned	0.8
H2929	tal.mon	spa	talmón	aligned	1.0
H2970	ya.a.zan.yah	eng	Jaazaniah	gloss	1.0
H2970	ya.a.zan.yah	fra	Yaazanya	gloss	1.0
H2970	ya.a.zan.yah	por	Jazanias	gloss	1.0
H2970	ya.a.zan.yah	spa	Jaazanías	gloss	1.0
H2970	ya.a.zan.yah	cmn-Hans	雅撒尼亚，《思》雅匝尼雅	gloss	1.0
H2970	ya.a.zan.yah	cmn-Hant	雅撒尼亞，《思》雅匝尼雅	gloss	1.0
H2970	ya.a.zan.yah	deu	Jaasanja	gloss	1.0
H2970	ya.a.zan.yah	nld	Jaäzanja	gloss	1.0
H2970	ya.a.zan.yah	swa	yaazania, yezania	gloss	1.0
H2970	ya.a.zan.yah	arb	وَيَازَنْيَا	aligned	1.0
H2970	ya.a.zan.yah	arb	يَازَنْيَا	aligned	1.0
H2970	ya.a.zan.yah	eng	jaazaniah	aligned	0.75
H2970	ya.a.zan.yah	hin	याजन्याह	aligned	0.333
H2970	ya.a.zan.yah	spa	jaazanías	aligned	1.0
H2971	ya.ir	eng	Jair	gloss	1.0
H2971	ya.ir	fra	Yaïr	gloss	1.0
H2971	ya.ir	por	Jair	gloss	1.0
H2971	ya.ir	spa	Jair	gloss	1.0
H2971	ya.ir	cmn-Hans	睚珥，《思》雅依尔	gloss	1.0
H2971	ya.ir	cmn-Hant	睚珥，《思》雅依爾	gloss	1.0
H2971	ya.ir	deu	Jaïr	gloss	1.0
H2971	ya.ir	nld	Jaïr	gloss	1.0
H2971	ya.ir	swa	yairi, hawoth-yairi	gloss	1.0
H2971	ya.ir	arb	يَائِيرَ	aligned	1.0
H2971	ya.ir	arb	يَائِيرُ	aligned	1.0
H2971	ya.ir	eng	jair	aligned	0.8
H2971	ya.ir	hin	याईर	aligned	0.444
H2971	ya.ir	rus	иаир	aligned	1.0
H2971	ya.ir	spa	jair	aligned	0.545
H2973	ya.al	eng	be foolish	gloss	1.0
H2973	ya.al	fra	être stupide, être ignorant, ne rien comprendre	gloss	1.0
H2973	ya.al	por	ser insensato	gloss	1.0
H2973	ya.al	spa	ser tonto	gloss	1.0
H2973	ya.al	cmn-Hans	愚昧；无知；无知识的	gloss	1.0
H2973	ya.al	cmn-Hant	愚昧；無知；無知識的	gloss	1.0
H2975	ye.or	eng	Nile	gloss	1.0
H2975	ye.or	fra	fleuve Nil	gloss	1.0
H2975	ye.or	por	rio Nilo	gloss	1.0
H2975	ye.or	spa	Nilo	gloss	1.0
H2975	ye.or	cmn-Hans	尼罗河	gloss	1.0
H2975	ye.or	cmn-Hant	尼羅河	gloss	1.0
H2975	ye.or	dan	Nilen, Eufrat, stor flod	gloss	1.0
H2975	ye.or	deu	Strom, Fluss	gloss	1.0
H2975	ye.or	nld	Nijl, stroom, [pl] vertakkingen van de Neder Nijl	gloss	1.0
H2975	ye.or	swa	mto, mton, mito, nile, mifereji	gloss	1.0
H2975	ye.or	arb	خُلْجَانِ	aligned	1.0
H2975	ye.or	arb	كَنِيلِ	aligned	1.0
H2975	ye.or	arb	كَٱلنِّيلِ	aligned	1.0
H2975	ye.or	arb	ٱلنِّيلِ	aligned	1.0
H2975	ye.or	arb	أَنْهَارِكَ	aligned	0.833
H2975	ye.or	arb	ٱلنَّهْرُ	aligned	0.333
H2975	ye.or	arb	ٱلنَّهْرِ	aligned	0.286
H2975	ye.or	arb	كَنَهْرٍ	aligned	0.222
H2975	ye.or	eng	canals	aligned	0.5
H2975	ye.or	eng	floods	aligned	0.333
H2975	ye.or	eng	brooks	aligned	0.167
H2975	ye.or	eng	nile	aligned	0.167
H2975	ye.or	eng	streams	aligned	0.154
H2975	ye.or	eng	flood	aligned	0.143
H2975	ye.or	eng	river	aligned	0.12
H2975	ye.or	hin	नहरों	aligned	0.333
H2975	ye.or	hin	नदियों	aligned	0.22
H2975	ye.or	hin	नील	aligned	0.2
H2975	ye.or	rus	реке	aligned	0.222
H2975	ye.or	rus	потоки	aligned	0.133
H2975	ye.or	spa	río	aligned	0.309
H2975	ye.or	spa	ríos	aligned	0.25
H2975	ye.or	spa	arroyos	aligned	0.107
H2977	yo.shiy.yah	eng	Josiah	gloss	1.0
H2977	yo.shiy.yah	deu	Joschija	gloss	1.0
H2977	yo.shiy.yah	nld	Josia	gloss	1.0
H2977	yo.shiy.yah	swa	yosia	gloss	1.0
H2977	yo.shiy.yah	arb	يُوشِيَّا	aligned	0.981
H2977	yo.shiy.yah	eng	josiah	aligned	0.829
H2977	yo.shiy.yah	eng	josiah’s	aligned	0.667
H2977	yo.shiy.yah	hin	योशिय्याह	aligned	0.94
H2977	yo.shiy.yah	rus	амонова	aligned	1.0
H2977	yo.shiy.yah	rus	иосия	aligned	0.455
H2977	yo.shiy.yah	rus	иосии	aligned	0.35
H2977	yo.shiy.yah	spa	josías	aligned	0.946
H2982	ye.vus	eng	Jebus	gloss	1.0
H2982	ye.vus	fra	Jébus	gloss	1.0
H2982	ye.vus	por	Jebus	gloss	1.0
H2982	ye.vus	spa	Jebús	gloss	1.0
H2982	ye.vus	cmn-Hans	耶布斯，《思》耶步斯	gloss	1.0
H2982	ye.vus	cmn-Hant	耶布斯，《思》耶步斯	gloss	1.0
H2982	ye.vus	deu	Jebus	gloss	1.0
H2982	ye.vus	nld	Jebus	gloss	1.0
H2982	ye.vus	swa	yebusi	gloss	1.0
H2982	ye.vus	arb	يَبُوسَ	aligned	1.0
H2982	ye.vus	eng	jebus	aligned	0.889
H2982	ye.vus	hin	यबूस	aligned	0.429
H2982	ye.vus	spa	jebus	aligned	0.8
H2984	yiv.char	eng	Ibhar	gloss	1.0
H2984	yiv.char	fra	Yivhar	gloss	1.0
H2984	yiv.char	por	Ibar	gloss	1.0
H2984	yiv.char	spa	Ibhar	gloss	1.0
H2984	yiv.char	cmn-Hans	益辖，《思》依贝哈尔	gloss	1.0
H2984	yiv.char	cmn-Hant	益轄，《思》依貝哈爾	gloss	1.0
H2984	yiv.char	deu	Jibhar	gloss	1.0
H2984	yiv.char	nld	Jibchar	gloss	1.0
H2984	yiv.char	swa	ibhari, elishua	gloss	1.0
H2984	yiv.char	arb	وَيِبْحَارُ	aligned	1.0
H2984	yiv.char	eng	ibhar	aligned	0.5
H2984	yiv.char	spa	ibhar	aligned	1.0
H2991	yiv.le.am	eng	Ibleam	gloss	1.0
H2991	yiv.le.am	fra	Yibléam	gloss	1.0
H2991	yiv.le.am	por	Ibleão	gloss	1.0
H2991	yiv.le.am	spa	Ibleam	gloss	1.0
H2991	yiv.le.am	cmn-Hans	以伯莲，《思》依贝肋罕	gloss	1.0
H2991	yiv.le.am	cmn-Hant	以伯蓮，《思》依貝肋罕	gloss	1.0
H2991	yiv.le.am	deu	Jibleam	gloss	1.0
H2991	yiv.le.am	nld	Jibleam	gloss	1.0
H2991	yiv.le.am	swa	ibleamu	gloss	1.0
H2991	yiv.le.am	arb	يِبْلَعَامَ	aligned	1.0
H2991	yiv.le.am	eng	ibleam	aligned	0.4
H2991	yiv.le.am	spa	ibleam	aligned	1.0
H2995	yav.ne.el	eng	Jabneel	gloss	1.0
H2995	yav.ne.el	fra	Yavneël	gloss	1.0
H2995	yav.ne.el	por	Jabneel	gloss	1.0
H2995	yav.ne.el	spa	Jabneel	gloss	1.0
H2995	yav.ne.el	cmn-Hans	雅比聂，《思》雅贝乃耳	gloss	1.0
H2995	yav.ne.el	cmn-Hant	雅比聶，《思》雅貝乃耳	gloss	1.0
H2995	yav.ne.el	deu	Jabneel	gloss	1.0
H2995	yav.ne.el	nld	Jabneël	gloss	1.0
H2995	yav.ne.el	swa	yabneeli	gloss	1.0
H2995	yav.ne.el	eng	jabneel	aligned	0.667
H2995	yav.ne.el	spa	jabneel	aligned	1.0
H2997	yiv.ne.yah	eng	Ibneiah	gloss	1.0
H2997	yiv.ne.yah	fra	Yivneya	gloss	1.0
H2997	yiv.ne.yah	por	Ibnéias	gloss	1.0
H2997	yiv.ne.yah	spa	Ibneías	gloss	1.0
H2997	yiv.ne.yah	cmn-Hans	伊比内雅，《和》伊比尼雅，《思》依贝乃雅	gloss	1.0
H2997	yiv.ne.yah	cmn-Hant	伊比內雅，《和》伊比尼雅，《思》依貝乃雅	gloss	1.0
H2997	yiv.ne.yah	deu	Jibneja	gloss	1.0
H2997	yiv.ne.yah	nld	Jibneja	gloss	1.0
H2997	yiv.ne.yah	swa	ibneya	gloss	1.0
H2999	yab.boq	eng	Jabbok	gloss	1.0
H2999	yab.boq	fra	Yabboq	gloss	1.0
H2999	yab.boq	por	Jaboque	gloss	1.0
H2999	yab.boq	spa	Jaboc	gloss	1.0
H2999	yab.boq	cmn-Hans	雅博河，《思》雅波克河	gloss	1.0
H2999	yab.boq	cmn-Hant	雅博河，《思》雅波克河	gloss	1.0
H2999	yab.boq	deu	Jabbok	gloss	1.0
H2999	yab.boq	nld	Jabbok	gloss	1.0
H2999	yab.boq	swa	yaboki	gloss	1.0
H2999	yab.boq	arb	يَبُّوقَ	aligned	1.0
H2999	yab.boq	arb	ٱلْيَبُّوقِ	aligned	1.0
H2999	yab.boq	eng	jabbok	aligned	0.846
H2999	yab.boq	hin	यब्बोक	aligned	0.667
H2999	yab.boq	spa	jaboc	aligned	1.0
H3003	ya.vesh	eng	Jabesh (Gilead)	gloss	1.0
H3003	ya.vesh	deu	Jabesch	gloss	1.0
H3003	ya.vesh	nld	Jabes	gloss	1.0
H3003	ya.vesh	swa	yabesh-gileadi, yabeshi	gloss	1.0
H3003	ya.vesh	arb	يَابِيشَ	aligned	1.0
H3003	ya.vesh	eng	jabesh-gilead	aligned	0.923
H3003	ya.vesh	eng	jabesh	aligned	0.792
H3003	ya.vesh	hin	याबेश	aligned	0.833
H3003	ya.vesh	rus	иависа	aligned	0.375
H3003	ya.vesh	spa	jabes	aligned	0.75
H3026	ye.gar	eng	Jegar	gloss	1.0
H3026	ye.gar	fra	Yegar-Sahadouta	gloss	1.0
H3026	ye.gar	por	Jegar-Saaduta	gloss	1.0
H3026	ye.gar	spa	Jegar Sahaduta	gloss	1.0
H3026	ye.gar	cmn-Hans	伊迦尔‧撒哈杜他，《思》耶加尔、撒哈杜达	gloss	1.0
H3026	ye.gar	cmn-Hant	伊迦爾‧撒哈杜他，《思》耶加爾、撒哈杜達	gloss	1.0
H3026	ye.gar	deu	Steinhaufen	gloss	1.0
H3026	ye.gar	nld	getuigenis	gloss	1.0
H3026	ye.gar	swa	sipo, yegarsahadutha	gloss	1.0
H3038	ye.du.tun	eng	Jeduthun	gloss	1.0
H3038	ye.du.tun	fra	Yedoutoun	gloss	1.0
H3038	ye.du.tun	por	Jedutum	gloss	1.0
H3038	ye.du.tun	spa	Jedutún	gloss	1.0
H3038	ye.du.tun	cmn-Hans	耶杜顿，《思》耶杜通	gloss	1.0
H3038	ye.du.tun	cmn-Hant	耶杜頓，《思》耶杜通	gloss	1.0
H3038	ye.du.tun	deu	<musikalische Angabe>	gloss	1.0
H3038	ye.du.tun	nld	muziekmeester van David, [inex] opschrift bij bepaalde psalmen	gloss	1.0
H3038	ye.du.tun	swa	yeduthuni, nimpazie, yamngoja	gloss	1.0
H3038	ye.du.tun	arb	وَيَدُوثُونَ	aligned	1.0
H3038	ye.du.tun	arb	وَيَدُوثُونُ	aligned	1.0
H3038	ye.du.tun	arb	يَدُوثُونَ	aligned	1.0
H3038	ye.du.tun	eng	jeduthun	aligned	0.679
H3038	ye.du.tun	hin	यदूतून	aligned	0.455
H3038	ye.du.tun	rus	идифумова	aligned	1.0
H3038	ye.du.tun	rus	идифуна	aligned	0.5
H3038	ye.du.tun	spa	jeduthún	aligned	1.0
H3043	ye.di.a.el	eng	Jediael	gloss	1.0
H3043	ye.di.a.el	fra	Yediaël	gloss	1.0
H3043	ye.di.a.el	por	Jediael	gloss	1.0
H3043	ye.di.a.el	spa	Jediael	gloss	1.0
H3043	ye.di.a.el	cmn-Hans	耶迭，《思》耶狄厄耳	gloss	1.0
H3043	ye.di.a.el	cmn-Hant	耶疊，《思》耶狄厄耳	gloss	1.0
H3043	ye.di.a.el	deu	Jediaël	gloss	1.0
H3043	ye.di.a.el	nld	Jediaël	gloss	1.0
H3043	ye.di.a.el	swa	yediaeli	gloss	1.0
H3043	ye.di.a.el	arb	وَيَدِيعَئِيلُ	aligned	1.0
H3043	ye.di.a.el	eng	jediael	aligned	0.833
H3043	ye.di.a.el	hin	यदीएल	aligned	0.667
H3043	ye.di.a.el	rus	иедиаила	aligned	1.0
H3043	ye.di.a.el	spa	jediael	aligned	0.8
H3047	ya.da	eng	Jada	gloss	1.0
H3047	ya.da	fra	Yada	gloss	1.0
H3047	ya.da	por	Jada	gloss	1.0
H3047	ya.da	spa	Jada	gloss	1.0
H3047	ya.da	cmn-Hans	雅大，《思》雅达	gloss	1.0
H3047	ya.da	cmn-Hant	雅大，《思》雅達	gloss	1.0
H3047	ya.da	deu	Jada	gloss	1.0
H3047	ya.da	nld	Jada	gloss	1.0
H3047	ya.da	swa	yada	gloss	1.0
H3047	ya.da	eng	jada	aligned	0.75
H3047	ya.da	spa	jada	aligned	1.0
H3048	ye.da.yah	eng	Jedaiah	gloss	1.0
H3048	ye.da.yah	fra	Yedaya	gloss	1.0
H3048	ye.da.yah	por	Jedaías	gloss	1.0
H3048	ye.da.yah	spa	Jedaías	gloss	1.0
H3048	ye.da.yah	cmn-Hans	耶大雅，《思》耶达雅	gloss	1.0
H3048	ye.da.yah	cmn-Hant	耶大雅，《思》耶達雅	gloss	1.0
H3048	ye.da.yah	deu	Jedaja	gloss	1.0
H3048	ye.da.yah	nld	Jedaja	gloss	1.0
H3048	ye.da.yah	swa	yedaya	gloss	1.0
H3048	ye.da.yah	arb	وَلِيَدَعْيَا	aligned	1.0
H3048	ye.da.yah	arb	وَيَدَعْيَا	aligned	1.0
H3048	ye.da.yah	arb	يَدَعْيَا	aligned	1.0
H3048	ye.da.yah	arb	يَدْعِيَا	aligned	1.0
H3048	ye.da.yah	eng	jedaiah	aligned	0.654
H3048	ye.da.yah	hin	यदायाह	aligned	0.455
H3048	ye.da.yah	spa	jedaías	aligned	0.857
H3048	ye.da.yah	spa	jedaía	aligned	0.833
H3050	yah	eng	LORD	gloss	1.0
H3050	yah	fra	Yah	gloss	1.0
H3050	yah	por	Jah	gloss	1.0
H3050	yah	spa	Jah	gloss	1.0
H3050	yah	cmn-Hans	耶和华；上主	gloss	1.0
H3050	yah	cmn-Hant	耶和华；上主	gloss	1.0
H3050	yah	dan	Jah, JHVH, Herren	gloss	1.0
H3050	yah	deu	der Herr, Jhwh	gloss	1.0
H3050	yah	nld	alternatieven vorm van YHWH	gloss	1.0
H3050	yah	arb	يَاهَ	aligned	1.0
H3050	yah	eng	jah	aligned	0.957
H3050	yah	spa	jah	aligned	1.0
H3058	ye.hu	eng	Jehu	gloss	1.0
H3058	ye.hu	fra	Jéhu	gloss	1.0
H3058	ye.hu	por	Jeú	gloss	1.0
H3058	ye.hu	spa	Jehú	gloss	1.0
H3058	ye.hu	cmn-Hans	耶户，《思》耶胡	gloss	1.0
H3058	ye.hu	cmn-Hant	耶戶，《思》耶胡	gloss	1.0
H3058	ye.hu	dan	Jehu	gloss	1.0
H3058	ye.hu	deu	Jehu	gloss	1.0
H3058	ye.hu	nld	Jehu	gloss	1.0
H3058	ye.hu	swa	yehu	gloss	1.0
H3058	ye.hu	arb	وَيَاهُو	aligned	1.0
H3058	ye.hu	arb	يَاهُو	aligned	1.0
H3058	ye.hu	arb	يَاهُوَ	aligned	1.0
H3058	ye.hu	eng	jehu’s	aligned	0.75
H3058	ye.hu	eng	jehu	aligned	0.739
H3058	ye.hu	hin	येहू	aligned	0.78
H3058	ye.hu	rus	ииуй	aligned	0.857
H3058	ye.hu	spa	jehú	aligned	0.982
H3059	ye.ho.a.chaz	eng	Jehoahaz	gloss	1.0
H3059	ye.ho.a.chaz	fra	Yoakhaz	gloss	1.0
H3059	ye.ho.a.chaz	por	Jeoacaz	gloss	1.0
H3059	ye.ho.a.chaz	spa	Joacaz	gloss	1.0
H3059	ye.ho.a.chaz	cmn-Hans	约哈斯，《思》约阿哈次	gloss	1.0
H3059	ye.ho.a.chaz	cmn-Hant	約哈斯，《思》約阿哈次	gloss	1.0
H3059	ye.ho.a.chaz	deu	Joahas	gloss	1.0
H3059	ye.ho.a.chaz	nld	Joachaz	gloss	1.0
H3059	ye.ho.a.chaz	swa	yehoahazi, ahazia	gloss	1.0
H3059	ye.ho.a.chaz	arb	يَهُوآحَازَ	aligned	1.0
H3059	ye.ho.a.chaz	arb	يَهُوآحَازُ	aligned	1.0
H3059	ye.ho.a.chaz	arb	يَهُوأَحَازَ	aligned	1.0
H3059	ye.ho.a.chaz	arb	يَهُوأَحَازُ	aligned	1.0
H3059	ye.ho.a.chaz	eng	jehoahaz	aligned	0.792
H3059	ye.ho.a.chaz	hin	यहोआहाज	aligned	0.739
H3059	ye.ho.a.chaz	rus	иоахаз	aligned	0.5
H3059	ye.ho.a.chaz	spa	joachâz	aligned	0.833
H3060	ye.ho.ash	eng	Jehoash	gloss	1.0
H3060	ye.ho.ash	fra	Yoash	gloss	1.0
H3060	ye.ho.ash	por	Joás	gloss	1.0
H3060	ye.ho.ash	spa	Joás	gloss	1.0
H3060	ye.ho.ash	cmn-Hans	约阿施，《思》约阿士	gloss	1.0
H3060	ye.ho.ash	cmn-Hant	約阿施，《思》約阿士	gloss	1.0
H3060	ye.ho.ash	deu	Joasch	gloss	1.0
H3060	ye.ho.ash	nld	Joas	gloss	1.0
H3060	ye.ho.ash	swa	yehoashi, yoashi	gloss	1.0
H3060	ye.ho.ash	arb	يَهُوآشَ	aligned	1.0
H3060	ye.ho.ash	arb	يَهُوآشُ	aligned	1.0
H3060	ye.ho.ash	eng	jehoash	aligned	0.543
H3060	ye.ho.ash	hin	यहोआश	aligned	0.471
H3060	ye.ho.ash	hin	योआश	aligned	0.14
H3060	ye.ho.ash	rus	иоас	aligned	0.417
H3060	ye.ho.ash	spa	joas	aligned	0.262
H3063	ye.hu.dah	eng	Judah	gloss	1.0
H3063	ye.hu.dah	fra	Juda	gloss	1.0
H3063	ye.hu.dah	por	Judá	gloss	1.0
H3063	ye.hu.dah	spa	Judá	gloss	1.0
H3063	ye.hu.dah	cmn-Hans	犹大	gloss	1.0
H3063	ye.hu.dah	cmn-Hant	猶大	gloss	1.0
H3063	ye.hu.dah	dan	Juda	gloss	1.0
H3063	ye.hu.dah	deu	Juda	gloss	1.0
H3063	ye.hu.dah	nld	Juda	gloss	1.0
H3063	ye.hu.dah	swa	yuda, wajumbe	gloss	1.0
H3063	ye.hu.dah	amh	ይሁዳ	gloss	1.0
H3063	ye.hu.dah	arb	لِيَهُوذَا	aligned	0.909
H3063	ye.hu.dah	arb	يَهُوذَا	aligned	0.891
H3063	ye.hu.dah	arb	وَيَهُوذَا	aligned	0.732
H3063	ye.hu.dah	eng	judah	aligned	0.863
H3063	ye.hu.dah	eng	judah’s	aligned	0.75
H3063	ye.hu.dah	eng	beth-lehem-judah	aligned	0.2
H3063	ye.hu.dah	hin	यहूदा	aligned	0.778
H3063	ye.hu.dah	hin	यहूदी	aligned	0.324
H3063	ye.hu.dah	hin	यहूदियों	aligned	0.307
H3063	ye.hu.dah	rus	иудиным	aligned	1.0
H3063	ye.hu.dah	rus	иудиных	aligned	0.8
H3063	ye.hu.dah	rus	иудеею	aligned	0.75
H3063	ye.hu.dah	rus	иудою	aligned	0.714
H3063	ye.hu.dah	rus	иуда	aligned	0.702
H3063	ye.hu.dah	rus	иудины	aligned	0.692
H3063	ye.hu.dah	rus	иуды	aligned	0.604
H3063	ye.hu.dah	rus	иудином	aligned	0.6
H3063	ye.hu.dah	spa	judá	aligned	0.985
H3065	ye.hu.di	eng	Jehudi	gloss	1.0
H3065	ye.hu.di	arb	يَهُودِيَ	aligned	1.0
H3065	ye.hu.di	eng	jehudi	aligned	1.0
H3065	ye.hu.di	spa	jehudí	aligned	1.0
H3068	ye.ho.vah	eng	LORD	gloss	1.0
H3068	ye.ho.vah	fra	YHWH	gloss	1.0
H3068	ye.ho.vah	por	YHWH	gloss	1.0
H3068	ye.ho.vah	spa	YHVH	gloss	1.0
H3068	ye.ho.vah	cmn-Hans	耶和华；上主	gloss	1.0
H3068	ye.ho.vah	cmn-Hant	耶和華；上主	gloss	1.0
H3068	ye.ho.vah	dan	JHWH, JHVH, Jahve, HERREN	gloss	1.0
H3068	ye.ho.vah	deu	der Herr, Jhwh	gloss	1.0
H3068	ye.ho.vah	nld	Heer (Godsnaam)	gloss	1.0
H3068	ye.ho.vah	swa	bwana, mungu, ee, yehova, naye	gloss	1.0
H3068	ye.ho.vah	amh	ጌታ እግዚአብሔር, ጌታ	gloss	1.0
H3068	ye.ho.vah	arb	فَٱلرَّبُّ	aligned	1.0
H3068	ye.ho.vah	arb	وَٱلرَّبَّ	aligned	1.0
H3068	ye.ho.vah	arb	يَهْوَهَ	aligned	1.0
H3068	ye.ho.vah	arb	يَهْوَهُ	aligned	1.0
H3068	ye.ho.vah	arb	يَهْوَهْ	aligned	1.0
H3068	ye.ho.vah	arb	ٱلرّبُّ	aligned	1.0
H3068	ye.ho.vah	arb	ٱلرّبِّ	aligned	1.0
H3068	ye.ho.vah	arb	لِلرَّبِّ	aligned	0.935
H3068	ye.ho.vah	eng	jehovah	aligned	0.941
H3068	ye.ho.vah	eng	jehovah’s	aligned	0.724
H3068	ye.ho.vah	eng	lord’s	aligned	0.642
H3068	ye.ho.vah	eng	lord	aligned	0.6
H3068	ye.ho.vah	eng	o	aligned	0.277
H3068	ye.ho.vah	hin	यहोवा	aligned	0.814
H3068	ye.ho.vah	hin	हे	aligned	0.134
H3068	ye.ho.vah	rus	гумне	aligned	1.0
H3068	ye.ho.vah	rus	иеговы	aligned	1.0
H3068	ye.ho.vah	rus	озу	aligned	1.0
H3068	ye.ho.vah	rus	господних	aligned	0.775
H3068	ye.ho.vah	rus	успокоил	aligned	0.75
H3068	ye.ho.vah	rus	господне	aligned	0.702
H3068	ye.ho.vah	rus	посол	aligned	0.667
H3068	ye.ho.vah	rus	господь	aligned	0.581
H3068	ye.ho.vah	spa	jehova	aligned	1.0
H3068	ye.ho.vah	spa	jehová	aligned	0.949
H3075	ye.ho.za.vad	eng	Jehozabad	gloss	1.0
H3075	ye.ho.za.vad	fra	Yozavad	gloss	1.0
H3075	ye.ho.za.vad	por	Jozacar	gloss	1.0
H3075	ye.ho.za.vad	spa	Jozabad	gloss	1.0
H3075	ye.ho.za.vad	cmn-Hans	约撒拔，《思》约匝巴得	gloss	1.0
H3075	ye.ho.za.vad	cmn-Hant	約撒拔，《思》約匝巴得	gloss	1.0
H3075	ye.ho.za.vad	deu	Josabad	gloss	1.0
H3075	ye.ho.za.vad	nld	Jehosabat	gloss	1.0
H3075	ye.ho.za.vad	swa	yehozabadi	gloss	1.0
H3075	ye.ho.za.vad	arb	وَيَهُوزَابَادُ	aligned	1.0
H3075	ye.ho.za.vad	eng	jehozabad	aligned	0.625
H3075	ye.ho.za.vad	hin	यहोजाबाद	aligned	0.5
H3075	ye.ho.za.vad	spa	jozabad	aligned	0.364
H3077	ye.ho.ya.da	eng	Jehoiada	gloss	1.0
H3077	ye.ho.ya.da	fra	Yoyada	gloss	1.0
H3077	ye.ho.ya.da	por	Joiada	gloss	1.0
H3077	ye.ho.ya.da	spa	Joiada	gloss	1.0
H3077	ye.ho.ya.da	cmn-Hans	耶何耶大，《思》约雅达	gloss	1.0
H3077	ye.ho.ya.da	cmn-Hant	耶何耶大，《思》約雅達	gloss	1.0
H3077	ye.ho.ya.da	dan	Jojada	gloss	1.0
H3077	ye.ho.ya.da	deu	Jojada	gloss	1.0
H3077	ye.ho.ya.da	nld	Jojada	gloss	1.0
H3077	ye.ho.ya.da	swa	yehoyada, yoyada	gloss	1.0
H3077	ye.ho.ya.da	arb	يَهُويَادَاعَ	aligned	1.0
H3077	ye.ho.ya.da	arb	يَهُويَادَاعُ	aligned	1.0
H3077	ye.ho.ya.da	eng	jehoiada	aligned	0.87
H3077	ye.ho.ya.da	hin	यहोयादा	aligned	0.882
H3077	ye.ho.ya.da	rus	фелефеями	aligned	1.0
H3077	ye.ho.ya.da	rus	иодай	aligned	0.786
H3077	ye.ho.ya.da	rus	иодая	aligned	0.231
H3077	ye.ho.ya.da	spa	joiada	aligned	0.911
H3078	ye.ho.ya.khin	eng	Jehoiachin	gloss	1.0
H3078	ye.ho.ya.khin	fra	Yoyakîn	gloss	1.0
H3078	ye.ho.ya.khin	por	Joaquim	gloss	1.0
H3078	ye.ho.ya.khin	spa	Joaquín	gloss	1.0
H3078	ye.ho.ya.khin	cmn-Hans	约雅斤，《思》耶苛尼雅	gloss	1.0
H3078	ye.ho.ya.khin	cmn-Hant	約雅斤，《思》耶苛尼雅	gloss	1.0
H3078	ye.ho.ya.khin	deu	Jojachin	gloss	1.0
H3078	ye.ho.ya.khin	nld	Jojachin	gloss	1.0
H3078	ye.ho.ya.khin	swa	yekonia, yehoyakini	gloss	1.0
H3078	ye.ho.ya.khin	arb	يَهُويَاكِينَ	aligned	1.0
H3078	ye.ho.ya.khin	arb	يَهُويَاكِينُ	aligned	1.0
H3078	ye.ho.ya.khin	eng	jehoiachin	aligned	0.621
H3078	ye.ho.ya.khin	hin	यहोयाकीन	aligned	0.833
H3078	ye.ho.ya.khin	spa	joachîn	aligned	0.875
H3079	ye.ho.ya.qim	eng	Jehoiakim	gloss	1.0
H3079	ye.ho.ya.qim	fra	Yoyaqim	gloss	1.0
H3079	ye.ho.ya.qim	por	Jeoaquim	gloss	1.0
H3079	ye.ho.ya.qim	spa	Joacim	gloss	1.0
H3079	ye.ho.ya.qim	cmn-Hans	约雅敬，《思》约雅金	gloss	1.0
H3079	ye.ho.ya.qim	cmn-Hant	約雅敬，《思》約雅金	gloss	1.0
H3079	ye.ho.ya.qim	deu	Jojakim	gloss	1.0
H3079	ye.ho.ya.qim	nld	Jojakim	gloss	1.0
H3079	ye.ho.ya.qim	swa	yehoyakimu, ilik	gloss	1.0
H3079	ye.ho.ya.qim	arb	يَهُويَاقِيمَ	aligned	1.0
H3079	ye.ho.ya.qim	arb	يَهُويَاقِيمُ	aligned	1.0
H3079	ye.ho.ya.qim	arb	لِيَهُويَاقِيمَ	aligned	0.833
H3079	ye.ho.ya.qim	eng	jehoiakim	aligned	0.868
H3079	ye.ho.ya.qim	hin	यहोयाकीम	aligned	0.882
H3079	ye.ho.ya.qim	rus	иоаким	aligned	0.667
H3079	ye.ho.ya.qim	rus	иосии	aligned	0.25
H3079	ye.ho.ya.qim	rus	иоакима	aligned	0.222
H3079	ye.ho.ya.qim	spa	joacim	aligned	0.973
H3080	ye.ho.ya.riv	eng	Jehoiarib	gloss	1.0
H3080	ye.ho.ya.riv	fra	Yoyariv	gloss	1.0
H3080	ye.ho.ya.riv	por	Jeoiaribe	gloss	1.0
H3080	ye.ho.ya.riv	spa	Joiarib	gloss	1.0
H3080	ye.ho.ya.riv	cmn-Hans	耶何雅立，《思》约雅黎布	gloss	1.0
H3080	ye.ho.ya.riv	cmn-Hant	耶何雅立，《思》約雅黎布	gloss	1.0
H3080	ye.ho.ya.riv	deu	Jojarib	gloss	1.0
H3080	ye.ho.ya.riv	nld	Jojarib	gloss	1.0
H3080	ye.ho.ya.riv	swa	yehoyaribu, yehoiaribu	gloss	1.0
H3080	ye.ho.ya.riv	eng	jehoiarib	aligned	0.5
H3080	ye.ho.ya.riv	spa	joiarib	aligned	0.286
H3082	ye.ho.na.dav	eng	Jonadab	gloss	1.0
H3082	ye.ho.na.dav	fra	Yonadav	gloss	1.0
H3082	ye.ho.na.dav	por	Jonadabe	gloss	1.0
H3082	ye.ho.na.dav	spa	Jonadab	gloss	1.0
H3082	ye.ho.na.dav	cmn-Hans	约拿达，《思》约纳达布	gloss	1.0
H3082	ye.ho.na.dav	cmn-Hant	約拿達，《思》約納達布	gloss	1.0
H3082	ye.ho.na.dav	deu	Jonadab	gloss	1.0
H3082	ye.ho.na.dav	nld	Jonadab	gloss	1.0
H3082	ye.ho.na.dav	swa	yonadabu, yehonadabu, nikione, babako	gloss	1.0
H3082	ye.ho.na.dav	arb	يُونَادَابَ	aligned	0.8
H3082	ye.ho.na.dav	eng	jehonadab	aligned	0.667
H3082	ye.ho.na.dav	eng	jonadab	aligned	0.417
H3082	ye.ho.na.dav	hin	यहोनादाब	aligned	0.857
H3082	ye.ho.na.dav	rus	рехавова	aligned	1.0
H3082	ye.ho.na.dav	spa	jonadab	aligned	0.533
H3083	ye.ho.na.tan	eng	Jonathan	gloss	1.0
H3083	ye.ho.na.tan	fra	Yehonatân	gloss	1.0
H3083	ye.ho.na.tan	por	Jônatas	gloss	1.0
H3083	ye.ho.na.tan	spa	Jonatán	gloss	1.0
H3083	ye.ho.na.tan	cmn-Hans	约拿单，《思》约纳堂	gloss	1.0
H3083	ye.ho.na.tan	cmn-Hant	約拿單，《思》約納堂	gloss	1.0
H3083	ye.ho.na.tan	arb	وَيَهُونَاثَانُ	aligned	1.0
H3083	ye.ho.na.tan	arb	يَهُونَاثَانَ	aligned	1.0
H3083	ye.ho.na.tan	arb	يَهُونَاثَانُ	aligned	0.8
H3083	ye.ho.na.tan	arb	يُونَاثَانُ	aligned	0.68
H3083	ye.ho.na.tan	arb	وَيُونَاثَانَ	aligned	0.6
H3083	ye.ho.na.tan	arb	يُونَاثَانَ	aligned	0.545
H3083	ye.ho.na.tan	arb	وَيُونَاثَانُ	aligned	0.5
H3083	ye.ho.na.tan	arb	لِيُونَاثَانَ	aligned	0.429
H3083	ye.ho.na.tan	eng	jonathan’s	aligned	0.667
H3083	ye.ho.na.tan	eng	jonathan	aligned	0.541
H3083	ye.ho.na.tan	eng	jehonathan	aligned	0.5
H3083	ye.ho.na.tan	hin	यहोनातान	aligned	0.667
H3083	ye.ho.na.tan	hin	योनातान	aligned	0.491
H3083	ye.ho.na.tan	rus	ионафан	aligned	0.581
H3083	ye.ho.na.tan	rus	ионафану	aligned	0.5
H3083	ye.ho.na.tan	rus	ионафана	aligned	0.333
H3083	ye.ho.na.tan	spa	jonathán	aligned	0.655
H3086	ye.ho.ad.din	eng	Jehoaddan	gloss	1.0
H3086	ye.ho.ad.din	fra	Yoaddân	gloss	1.0
H3086	ye.ho.ad.din	por	Jeoadã	gloss	1.0
H3086	ye.ho.ad.din	spa	Joadán	gloss	1.0
H3086	ye.ho.ad.din	cmn-Hans	约耶但，《思》约阿当	gloss	1.0
H3086	ye.ho.ad.din	cmn-Hant	約耶但，《思》約阿當	gloss	1.0
H3086	ye.ho.ad.din	arb	يَهُوعَدَّانُ	aligned	1.0
H3086	ye.ho.ad.din	eng	jehoaddan	aligned	1.0
H3086	ye.ho.ad.din	hin	यहोअद्दान	aligned	1.0
H3086	ye.ho.ad.din	spa	joaddan	aligned	1.0
H3088	ye.ho.ram	eng	Jehoram	gloss	1.0
H3088	ye.ho.ram	fra	Yoram	gloss	1.0
H3088	ye.ho.ram	por	Jorão	gloss	1.0
H3088	ye.ho.ram	spa	Joram	gloss	1.0
H3088	ye.ho.ram	cmn-Hans	约兰，《思》哈多兰	gloss	1.0
H3088	ye.ho.ram	cmn-Hant	約蘭，《思》哈多蘭	gloss	1.0
H3088	ye.ho.ram	deu	Joram	gloss	1.0
H3088	ye.ho.ram	nld	Joram	gloss	1.0
H3088	ye.ho.ram	swa	yehoramu, yoramu	gloss	1.0
H3088	ye.ho.ram	arb	لِيَهُورَامَ	aligned	1.0
H3088	ye.ho.ram	arb	يَهُورَامَ	aligned	1.0
H3088	ye.ho.ram	arb	يَهُورَامُ	aligned	1.0
H3088	ye.ho.ram	eng	jehoram	aligned	0.627
H3088	ye.ho.ram	eng	joram	aligned	0.222
H3088	ye.ho.ram	hin	यहोराम	aligned	0.68
H3088	ye.ho.ram	hin	योराम	aligned	0.233
H3088	ye.ho.ram	rus	иорам	aligned	0.467
H3088	ye.ho.ram	spa	joram	aligned	0.549
H3090	ye.ho.shav.at	eng	Jehoshabeath	gloss	1.0
H3090	ye.ho.shav.at	deu	Joscheba	gloss	1.0
H3090	ye.ho.shav.at	nld	Jehosebat	gloss	1.0
H3090	ye.ho.shav.at	swa	yehosheba	gloss	1.0
H3090	ye.ho.shav.at	eng	jehoshabeath	aligned	1.0
H3090	ye.ho.shav.at	hin	यहोशावत	aligned	1.0
H3090	ye.ho.shav.at	spa	josabeth	aligned	1.0
H3091	ye.ho.shu.a	eng	Joshua	gloss	1.0
H3091	ye.ho.shu.a	fra	Josué	gloss	1.0
H3091	ye.ho.shu.a	por	Josué	gloss	1.0
H3091	ye.ho.shu.a	spa	Josué	gloss	1.0
H3091	ye.ho.shu.a	cmn-Hans	约书亚，《思》若苏厄	gloss	1.0
H3091	ye.ho.shu.a	cmn-Hant	約書亞，《思》若蘇厄	gloss	1.0
H3091	ye.ho.shu.a	dan	Josva	gloss	1.0
H3091	ye.ho.shu.a	deu	Josua	gloss	1.0
H3091	ye.ho.shu.a	nld	Jozua	gloss	1.0
H3091	ye.ho.shu.a	swa	yoshua	gloss	1.0
H3091	ye.ho.shu.a	amh	እያሱ, ኢያሱ	gloss	1.0
H3091	ye.ho.shu.a	arb	يَهُوشَعَ	aligned	1.0
H3091	ye.ho.shu.a	arb	يَشُوعُ	aligned	0.932
H3091	ye.ho.shu.a	arb	يَشُوعَ	aligned	0.776
H3091	ye.ho.shu.a	arb	وَيَشُوعَ	aligned	0.75
H3091	ye.ho.shu.a	arb	يَهُوشَعُ	aligned	0.667
H3091	ye.ho.shu.a	arb	وَيَشُوعُ	aligned	0.529
H3091	ye.ho.shu.a	arb	لِيَشُوعَ	aligned	0.167
H3091	ye.ho.shu.a	eng	jehoshua	aligned	1.0
H3091	ye.ho.shu.a	eng	joshua	aligned	0.879
H3091	ye.ho.shu.a	hin	यहोशू	aligned	0.85
H3091	ye.ho.shu.a	rus	иерея	aligned	1.0
H3091	ye.ho.shu.a	rus	навин	aligned	0.818
H3091	ye.ho.shu.a	rus	навину	aligned	0.8
H3091	ye.ho.shu.a	rus	иисусу	aligned	0.475
H3091	ye.ho.shu.a	rus	иисус	aligned	0.174
H3091	ye.ho.shu.a	spa	josué	aligned	0.977
H3092	ye.ho.sha.phat	eng	Jehoshaphat	gloss	1.0
H3092	ye.ho.sha.phat	fra	Yehoshaphat	gloss	1.0
H3092	ye.ho.sha.phat	por	Josafá	gloss	1.0
H3092	ye.ho.sha.phat	spa	Josafat	gloss	1.0
H3092	ye.ho.sha.phat	cmn-Hans	约沙法，《思》约沙法特	gloss	1.0
H3092	ye.ho.sha.phat	cmn-Hant	約沙法，《思》約沙法特	gloss	1.0
H3092	ye.ho.sha.phat	dan	Joshafat	gloss	1.0
H3092	ye.ho.sha.phat	deu	Joschafat	gloss	1.0
H3092	ye.ho.sha.phat	nld	Josafat	gloss	1.0
H3092	ye.ho.sha.phat	swa	yehoshafati, tumwulize	gloss	1.0
H3092	ye.ho.sha.phat	arb	يَهُوشَافَاطُ	aligned	1.0
H3092	ye.ho.sha.phat	arb	يَهُوشَافَاطَ	aligned	0.913
H3092	ye.ho.sha.phat	arb	وَيَهُوشَافَاطُ	aligned	0.833
H3092	ye.ho.sha.phat	arb	لِيَهُوشَافَاطَ	aligned	0.273
H3092	ye.ho.sha.phat	eng	jehoshaphat	aligned	0.813
H3092	ye.ho.sha.phat	hin	यहोशापात	aligned	0.78
H3092	ye.ho.sha.phat	rus	иосафату	aligned	0.889
H3092	ye.ho.sha.phat	rus	иосафат	aligned	0.826
H3092	ye.ho.sha.phat	rus	иосафата	aligned	0.364
H3092	ye.ho.sha.phat	rus	иудейский	aligned	0.175
H3092	ye.ho.sha.phat	spa	josaphat	aligned	0.953
H3096	ya.hats	eng	Jahaz	gloss	1.0
H3096	ya.hats	fra	Yahats	gloss	1.0
H3096	ya.hats	por	Jasa	gloss	1.0
H3096	ya.hats	spa	Jahaza	gloss	1.0
H3096	ya.hats	cmn-Hans	雅杂，《思》雅哈兹	gloss	1.0
H3096	ya.hats	cmn-Hant	雅雜，《思》雅哈茲	gloss	1.0
H3096	ya.hats	deu	Jahaz	gloss	1.0
H3096	ya.hats	nld	Jahas	gloss	1.0
H3096	ya.hats	swa	yahasa	gloss	1.0
H3096	ya.hats	arb	يَاهَصَ	aligned	1.0
H3096	ya.hats	eng	jahazah	aligned	1.0
H3096	ya.hats	eng	jahzah	aligned	1.0
H3096	ya.hats	eng	jahaz	aligned	0.833
H3096	ya.hats	hin	यहस	aligned	0.5
H3096	ya.hats	rus	иаацы	aligned	0.667
H3097	yo.av	eng	Joab	gloss	1.0
H3097	yo.av	fra	Joab	gloss	1.0
H3097	yo.av	por	Joabe	gloss	1.0
H3097	yo.av	spa	Joab	gloss	1.0
H3097	yo.av	cmn-Hans	约押，《思》约阿布	gloss	1.0
H3097	yo.av	cmn-Hant	約押，《思》約阿布	gloss	1.0
H3097	yo.av	dan	Joab	gloss	1.0
H3097	yo.av	deu	Joab	gloss	1.0
H3097	yo.av	nld	Joab	gloss	1.0
H3097	yo.av	swa	yoabu	gloss	1.0
H3097	yo.av	arb	وَيُوآبَ	aligned	1.0
H3097	yo.av	arb	وَيُوآبُ	aligned	1.0
H3097	yo.av	arb	يُوآبَ	aligned	1.0
H3097	yo.av	arb	يُوآبُ	aligned	1.0
H3097	yo.av	arb	لِيُوآبَ	aligned	0.167
H3097	yo.av	eng	joab	aligned	0.848
H3097	yo.av	eng	joab’s	aligned	0.615
H3097	yo.av	hin	योआब	aligned	0.819
H3097	yo.av	rus	иоаву	aligned	0.867
H3097	yo.av	rus	иоав	aligned	0.729
H3097	yo.av	rus	саруи	aligned	0.444
H3097	yo.av	rus	иоава	aligned	0.412
H3097	yo.av	spa	joab	aligned	0.986
H3098	yo.ach	eng	Joah	gloss	1.0
H3098	yo.ach	fra	Yoa	gloss	1.0
H3098	yo.ach	por	Joá	gloss	1.0
H3098	yo.ach	spa	Joa	gloss	1.0
H3098	yo.ach	cmn-Hans	约亚，《思》约阿黑	gloss	1.0
H3098	yo.ach	cmn-Hant	約亞，《思》約阿黑	gloss	1.0
H3098	yo.ach	deu	Joach	gloss	1.0
H3098	yo.ach	nld	Joach	gloss	1.0
H3098	yo.ach	swa	yoa	gloss	1.0
H3098	yo.ach	arb	وَيُوآخُ	aligned	1.0
H3098	yo.ach	arb	وَيُواخُ	aligned	1.0
H3098	yo.ach	eng	joah	aligned	0.591
H3098	yo.ach	hin	योआह	aligned	0.417
H3098	yo.ach	spa	joah	aligned	1.0
H3099	yo.a.chaz	eng	Joahaz	gloss	1.0
H3099	yo.a.chaz	deu	Joahas	gloss	1.0
H3099	yo.a.chaz	nld	Joachaz	gloss	1.0
H3099	yo.a.chaz	swa	yehoahazi, yoahazi	gloss	1.0
H3099	yo.a.chaz	arb	يُوآحَازُ	aligned	1.0
H3099	yo.a.chaz	eng	jehoahaz	aligned	0.125
H3099	yo.a.chaz	hin	यहोआहाज	aligned	0.13
H3099	yo.a.chaz	spa	joachâz	aligned	0.167
H3100	yo.el	eng	Joel	gloss	1.0
H3100	yo.el	fra	Yoël	gloss	1.0
H3100	yo.el	por	Joel	gloss	1.0
H3100	yo.el	spa	Joel	gloss	1.0
H3100	yo.el	cmn-Hans	约珥，《思》约厄耳	gloss	1.0
H3100	yo.el	cmn-Hant	約珥，《思》約厄耳	gloss	1.0
H3100	yo.el	arb	وَيُوئِيلُ	aligned	1.0
H3100	yo.el	arb	يُوئِيلُ	aligned	1.0
H3100	yo.el	arb	يُوئِيلَ	aligned	0.857
H3100	yo.el	eng	joel	aligned	0.732
H3100	yo.el	hin	योएल	aligned	0.5
H3100	yo.el	spa	joel	aligned	0.95
H3103	yo.vav	eng	Jobab	gloss	1.0
H3103	yo.vav	fra	Yovav	gloss	1.0
H3103	yo.vav	por	Jobabe	gloss	1.0
H3103	yo.vav	spa	Jobab	gloss	1.0
H3103	yo.vav	cmn-Hans	约巴，《思》约巴布	gloss	1.0
H3103	yo.vav	cmn-Hant	約巴，《思》約巴布	gloss	1.0
H3103	yo.vav	deu	Jobab	gloss	1.0
H3103	yo.vav	nld	Jobab	gloss	1.0
H3103	yo.vav	swa	yobabu	gloss	1.0
H3103	yo.vav	arb	وَيُوبَابَ	aligned	1.0
H3103	yo.vav	arb	يُوبَابَ	aligned	1.0
H3103	yo.vav	arb	يُوبَابُ	aligned	1.0
H3103	yo.vav	eng	jobab	aligned	0.944
H3103	yo.vav	hin	योबाब	aligned	0.875
H3103	yo.vav	spa	jobab	aligned	1.0
H3110	yo.cha.nan	eng	Johanan	gloss	1.0
H3110	yo.cha.nan	deu	Johanan	gloss	1.0
H3110	yo.cha.nan	nld	Jochanan	gloss	1.0
H3110	yo.cha.nan	swa	yohana, usilitende	gloss	1.0
H3110	yo.cha.nan	arb	وَيُوحَانَانَ	aligned	1.0
H3110	yo.cha.nan	arb	وَيُوحَانَانُ	aligned	1.0
H3110	yo.cha.nan	arb	يُوحَانَانَ	aligned	1.0
H3110	yo.cha.nan	arb	يُوحَانَانُ	aligned	1.0
H3110	yo.cha.nan	eng	johanan	aligned	0.776
H3110	yo.cha.nan	hin	योहानान	aligned	0.56
H3110	yo.cha.nan	rus	карея	aligned	0.778
H3110	yo.cha.nan	spa	johanan	aligned	1.0
H3110	yo.cha.nan	spa	johanán	aligned	0.724
H3111	yo.ya.da	eng	Joiada	gloss	1.0
H3111	yo.ya.da	deu	Jojada	gloss	1.0
H3111	yo.ya.da	nld	Jojada	gloss	1.0
H3111	yo.ya.da	swa	yehoyada, yoyada	gloss	1.0
H3111	yo.ya.da	arb	يُويَادَاعَ	aligned	1.0
H3111	yo.ya.da	eng	joiada	aligned	0.875
H3111	yo.ya.da	hin	योयादा	aligned	0.8
H3120	ya.van	eng	Javan	gloss	1.0
H3120	ya.van	fra	Yavân	gloss	1.0
H3120	ya.van	por	Javã	gloss	1.0
H3120	ya.van	spa	Javán	gloss	1.0
H3120	ya.van	cmn-Hans	雅完，《思》雅汪	gloss	1.0
H3120	ya.van	cmn-Hant	雅完，《思》雅汪	gloss	1.0
H3120	ya.van	deu	Jawan; Griechenland	gloss	1.0
H3120	ya.van	nld	Jawan	gloss	1.0
H3120	ya.van	swa	ugiriki, yavani	gloss	1.0
H3120	ya.van	arb	وَيَاوَانُ	aligned	1.0
H3120	ya.van	arb	يَاوَانَ	aligned	1.0
H3120	ya.van	arb	يَاوَانُ	aligned	1.0
H3120	ya.van	arb	ٱلْيُونَانِ	aligned	1.0
H3120	ya.van	eng	javan	aligned	0.778
H3120	ya.van	eng	greece	aligned	0.667
H3120	ya.van	hin	यूनान	aligned	0.8
H3120	ya.van	hin	यावान	aligned	0.5
H3120	ya.van	rus	иавана	aligned	1.0
H3120	ya.van	spa	javán	aligned	1.0
H3120	ya.van	spa	grecia	aligned	0.75
H3124	yo.nah	eng	Jonah	gloss	1.0
H3124	yo.nah	arb	يُونَانُ	aligned	0.545
H3124	yo.nah	arb	يُونَانَ	aligned	0.348
H3124	yo.nah	eng	jonah	aligned	0.596
H3124	yo.nah	hin	योना	aligned	0.586
H3124	yo.nah	rus	ионе	aligned	1.0
H3124	yo.nah	rus	иону	aligned	1.0
H3124	yo.nah	rus	иона	aligned	0.714
H3124	yo.nah	spa	jonás	aligned	0.562
H3129	yo.na.tan	eng	Jonathan	gloss	1.0
H3129	yo.na.tan	dan	Jonatan	gloss	1.0
H3129	yo.na.tan	deu	Jonatan	gloss	1.0
H3129	yo.na.tan	nld	Jonatan	gloss	1.0
H3129	yo.na.tan	swa	yonathani, bebe, beba, mbemba	gloss	1.0
H3129	yo.na.tan	arb	وَيُونَاثَانُ	aligned	0.5
H3129	yo.na.tan	arb	يُونَاثَانَ	aligned	0.455
H3129	yo.na.tan	arb	وَيُونَاثَانَ	aligned	0.4
H3129	yo.na.tan	arb	يُونَاثَانُ	aligned	0.32
H3129	yo.na.tan	eng	jonathan	aligned	0.285
H3129	yo.na.tan	hin	योनातान	aligned	0.276
H3129	yo.na.tan	rus	ионафану	aligned	0.333
H3129	yo.na.tan	spa	jonathán	aligned	0.345
H3130	yo.seph	eng	Joseph	gloss	1.0
H3130	yo.seph	dan	Josef	gloss	1.0
H3130	yo.seph	deu	Josef	gloss	1.0
H3130	yo.seph	nld	Jozef	gloss	1.0
H3130	yo.seph	swa	yusufu	gloss	1.0
H3130	yo.seph	amh	ዮሴፍ	gloss	1.0
H3130	yo.seph	arb	وَيُوسُفُ	aligned	0.75
H3130	yo.seph	arb	يُوسُفُ	aligned	0.75
H3130	yo.seph	arb	يُوسُفَ	aligned	0.748
H3130	yo.seph	arb	لِيُوسُفَ	aligned	0.692
H3130	yo.seph	eng	joseph’s	aligned	0.735
H3130	yo.seph	eng	joseph	aligned	0.729
H3130	yo.seph	hin	यूसुफियों	aligned	1.0
H3130	yo.seph	hin	यूसुफ	aligned	0.745
H3130	yo.seph	rus	иосифе	aligned	1.0
H3130	yo.seph	rus	иосифу	aligned	0.84
H3130	yo.seph	rus	иосиф	aligned	0.759
H3130	yo.seph	rus	иосифа	aligned	0.586
H3130	yo.seph	rus	иосифовых	aligned	0.5
H3130	yo.seph	rus	иосифов	aligned	0.2
H3130	yo.seph	spa	joseph	aligned	1.0
H3130	yo.seph	spa	josé	aligned	0.846
H3147	yo.tam	eng	Jotham	gloss	1.0
H3147	yo.tam	fra	Yotam	gloss	1.0
H3147	yo.tam	por	Jotão	gloss	1.0
H3147	yo.tam	spa	Jotán	gloss	1.0
H3147	yo.tam	cmn-Hans	约坦，《思》约堂	gloss	1.0
H3147	yo.tam	cmn-Hant	約坦，《思》約堂	gloss	1.0
H3147	yo.tam	dan	Jotam	gloss	1.0
H3147	yo.tam	deu	Jotam	gloss	1.0
H3147	yo.tam	nld	Jotam	gloss	1.0
H3147	yo.tam	swa	yothamu	gloss	1.0
H3147	yo.tam	arb	وَيُوثَامَ	aligned	1.0
H3147	yo.tam	arb	يُوثَامُ	aligned	1.0
H3147	yo.tam	arb	يُوثَامَ	aligned	0.8
H3147	yo.tam	eng	jotham	aligned	0.782
H3147	yo.tam	hin	योताम	aligned	0.667
H3147	yo.tam	rus	иоафам	aligned	0.6
H3147	yo.tam	spa	joatham	aligned	1.0
H3147	yo.tam	spa	jotham	aligned	1.0
H3157	yiz.re.el	eng	Jezreel	gloss	1.0
H3157	yiz.re.el	fra	Yizréel	gloss	1.0
H3157	yiz.re.el	por	Jezreel	gloss	1.0
H3157	yiz.re.el	spa	Jezreel	gloss	1.0
H3157	yiz.re.el	cmn-Hans	耶斯列，《思》依次勒耳	gloss	1.0
H3157	yiz.re.el	cmn-Hant	耶斯列，《思》依次勒耳	gloss	1.0
H3157	yiz.re.el	deu	Jesreel	gloss	1.0
H3157	yiz.re.el	nld	Jizreël	gloss	1.0
H3157	yiz.re.el	swa	yezreeli	gloss	1.0
H3157	yiz.re.el	arb	يَزْرَعِيلَ	aligned	1.0
H3157	yiz.re.el	eng	jezreel	aligned	0.711
H3157	yiz.re.el	hin	यिज्रेल	aligned	0.621
H3157	yiz.re.el	rus	изрееля	aligned	1.0
H3157	yiz.re.el	rus	изреель	aligned	0.75
H3157	yiz.re.el	rus	ран	aligned	0.5
H3157	yiz.re.el	spa	jezreel	aligned	0.786
H3165	yech.diy.ya.hu	eng	Jehdeiah	gloss	1.0
H3165	yech.diy.ya.hu	fra	Yèhdeya	gloss	1.0
H3165	yech.diy.ya.hu	por	Jedias	gloss	1.0
H3165	yech.diy.ya.hu	spa	Jehedías	gloss	1.0
H3165	yech.diy.ya.hu	cmn-Hans	耶希底亚，《思》耶赫狄雅	gloss	1.0
H3165	yech.diy.ya.hu	cmn-Hant	耶希底亞，《思》耶赫狄雅	gloss	1.0
H3165	yech.diy.ya.hu	deu	Jechdeja	gloss	1.0
H3165	yech.diy.ya.hu	nld	Jechdejahu	gloss	1.0
H3165	yech.diy.ya.hu	arb	يَحَدْيَا	aligned	1.0
H3165	yech.diy.ya.hu	eng	jehdeiah	aligned	1.0
H3165	yech.diy.ya.hu	hin	येहदयाह	aligned	1.0
H3166	ya.cha.zi.el	eng	Jahaziel	gloss	1.0
H3166	ya.cha.zi.el	fra	Yahaziel	gloss	1.0
H3166	ya.cha.zi.el	por	Jaaziel	gloss	1.0
H3166	ya.cha.zi.el	spa	Jahaziel	gloss	1.0
H3166	ya.cha.zi.el	cmn-Hans	雅哈悉，《思》雅哈齐耳	gloss	1.0
H3166	ya.cha.zi.el	cmn-Hant	雅哈悉，《思》雅哈齊耳	gloss	1.0
H3166	ya.cha.zi.el	deu	Jahasiël	gloss	1.0
H3166	ya.cha.zi.el	nld	Jachaziël	gloss	1.0
H3166	ya.cha.zi.el	arb	وَيَحْزِيئِيلُ	aligned	1.0
H3166	ya.cha.zi.el	eng	jahaziel	aligned	0.75
H3166	ya.cha.zi.el	hin	यहजीएल	aligned	0.5
H3166	ya.cha.zi.el	spa	jahaziel	aligned	1.0
H3171	ye.chi.el	eng	Jehiel	gloss	1.0
H3171	ye.chi.el	fra	Yehiel	gloss	1.0
H3171	ye.chi.el	por	Jeiel	gloss	1.0
H3171	ye.chi.el	spa	Jehiel	gloss	1.0
H3171	ye.chi.el	cmn-Hans	耶歇，《思》耶希耳	gloss	1.0
H3171	ye.chi.el	cmn-Hant	耶歇，《思》耶希耳	gloss	1.0
H3171	ye.chi.el	deu	Jehiël	gloss	1.0
H3171	ye.chi.el	nld	Jechiël	gloss	1.0
H3171	ye.chi.el	arb	وَيَحِيئِيلَ	aligned	1.0
H3171	ye.chi.el	arb	وَيَحِيئِيلُ	aligned	1.0
H3171	ye.chi.el	arb	يَحِيئِيلَ	aligned	1.0
H3171	ye.chi.el	arb	يَحِيئِيلُ	aligned	1.0
H3171	ye.chi.el	eng	jehiel	aligned	0.621
H3171	ye.chi.el	hin	यहीएल	aligned	0.308
H3171	ye.chi.el	spa	jehiel	aligned	0.636
H3181	yach.may	eng	Jahmai	gloss	1.0
H3181	yach.may	fra	Yahmaï	gloss	1.0
H3181	yach.may	por	Jamai	gloss	1.0
H3181	yach.may	spa	Jahmai	gloss	1.0
H3181	yach.may	cmn-Hans	雅买，《思》雅赫买	gloss	1.0
H3181	yach.may	cmn-Hant	雅買，《思》雅赫買	gloss	1.0
H3181	yach.may	deu	Jachmai	gloss	1.0
H3181	yach.may	nld	Jachmai	gloss	1.0
H3185	yach.tsi.el	eng	Jahziel	gloss	1.0
H3185	yach.tsi.el	deu	Jachzeel	gloss	1.0
H3185	yach.tsi.el	nld	Jachseël	gloss	1.0
H3185	yach.tsi.el	eng	jahziel	aligned	1.0
H3189	ya.chat	eng	Jahath	gloss	1.0
H3189	ya.chat	fra	Yahath	gloss	1.0
H3189	ya.chat	por	Jaate	gloss	1.0
H3189	ya.chat	spa	Jahat	gloss	1.0
H3189	ya.chat	cmn-Hans	雅哈，《思》雅哈特	gloss	1.0
H3189	ya.chat	cmn-Hant	雅哈，《思》雅哈特	gloss	1.0
H3189	ya.chat	deu	Jahat	gloss	1.0
H3189	ya.chat	nld	Jachat	gloss	1.0
H3189	ya.chat	arb	يَحَثُ	aligned	1.0
H3189	ya.chat	eng	jahath	aligned	0.938
H3189	ya.chat	hin	यहत	aligned	0.778
H3189	ya.chat	spa	jahat	aligned	1.0
H3189	ya.chat	spa	jahath	aligned	1.0
H3193	yot.va.tah	eng	Jotbathah	gloss	1.0
H3193	yot.va.tah	fra	Yotvata	gloss	1.0
H3193	yot.va.tah	por	Jotbatá	gloss	1.0
H3193	yot.va.tah	spa	Jotbata	gloss	1.0
H3193	yot.va.tah	cmn-Hans	约巴他，《思》约特巴达	gloss	1.0
H3193	yot.va.tah	cmn-Hant	約巴他，《思》約特巴達	gloss	1.0
H3193	yot.va.tah	deu	Jotbata	gloss	1.0
H3193	yot.va.tah	nld	Jotbata	gloss	1.0
H3193	yot.va.tah	arb	يُطْبَاتَ	aligned	1.0
H3193	yot.va.tah	eng	jotbathah	aligned	0.6
H3193	yot.va.tah	spa	jotbatha	aligned	1.0
H3194	yut.tah	eng	Juttah	gloss	1.0
H3194	yut.tah	fra	Youtta	gloss	1.0
H3194	yut.tah	por	Jutá	gloss	1.0
H3194	yut.tah	spa	Juta	gloss	1.0
H3194	yut.tah	cmn-Hans	淤他，《思》犹他	gloss	1.0
H3194	yut.tah	cmn-Hant	淤他，《思》猶他	gloss	1.0
H3194	yut.tah	deu	Jutta	gloss	1.0
H3194	yut.tah	nld	Jutta	gloss	1.0
H3194	yut.tah	eng	juttah	aligned	0.6
H3203	ye.khol.yah	eng	Jecoliah	gloss	1.0
H3203	ye.khol.yah	fra	Yekolya	gloss	1.0
H3203	ye.khol.yah	por	Jecolias	gloss	1.0
H3203	ye.khol.yah	spa	Jecolías	gloss	1.0
H3203	ye.khol.yah	cmn-Hans	耶可利雅，《思》耶苛里雅	gloss	1.0
H3203	ye.khol.yah	cmn-Hant	耶可利雅，《思》耶苛里雅	gloss	1.0
H3203	ye.khol.yah	arb	يَكُلْيَا	aligned	1.0
H3203	ye.khol.yah	eng	jecholiah	aligned	1.0
H3203	ye.khol.yah	eng	jecoliah	aligned	1.0
H3204	ye.khon.yah	eng	Jeconiah	gloss	1.0
H3204	ye.khon.yah	deu	Jojachin	gloss	1.0
H3204	ye.khon.yah	nld	Jechonja	gloss	1.0
H3204	ye.khon.yah	swa	yekonia	gloss	1.0
H3204	ye.khon.yah	arb	يَكُنْيَا	aligned	0.636
H3204	ye.khon.yah	eng	jeconiah	aligned	0.778
H3204	ye.khon.yah	hin	यकोन्याह	aligned	1.0
H3204	ye.khon.yah	spa	jechônías	aligned	0.6
H3210	ya.lon	eng	Jalon	gloss	1.0
H3210	ya.lon	fra	Yalôn	gloss	1.0
H3210	ya.lon	por	Jalom	gloss	1.0
H3210	ya.lon	spa	Jalón	gloss	1.0
H3210	ya.lon	cmn-Hans	雅伦，《思》雅隆	gloss	1.0
H3210	ya.lon	cmn-Hant	雅倫，《思》雅隆	gloss	1.0
H3210	ya.lon	deu	Jalon	gloss	1.0
H3210	ya.lon	nld	Jalon	gloss	1.0
H3210	ya.lon	swa	yaloni	gloss	1.0
H3223	ye.mu.el	eng	Jemuel	gloss	1.0
H3223	ye.mu.el	fra	Yemouel	gloss	1.0
H3223	ye.mu.el	por	Jemuel	gloss	1.0
H3223	ye.mu.el	spa	Jemuel	gloss	1.0
H3223	ye.mu.el	cmn-Hans	耶母利，《思》耶慕耳	gloss	1.0
H3223	ye.mu.el	cmn-Hant	耶母利，《思》耶慕耳	gloss	1.0
H3223	ye.mu.el	deu	Jemuël	gloss	1.0
H3223	ye.mu.el	nld	Jemuel	gloss	1.0
H3223	ye.mu.el	swa	kikanaani	gloss	1.0
H3223	ye.mu.el	arb	يَمُوئِيلُ	aligned	1.0
H3223	ye.mu.el	eng	jemuel	aligned	1.0
H3223	ye.mu.el	hin	यमूएल	aligned	1.0
H3223	ye.mu.el	rus	иемуил	aligned	1.0
H3223	ye.mu.el	spa	jemuel	aligned	1.0
H3224	ye.mi.mah	eng	Jemimah	gloss	1.0
H3224	ye.mi.mah	fra	Yemima	gloss	1.0
H3224	ye.mi.mah	por	Jemima	gloss	1.0
H3224	ye.mi.mah	spa	Jemima	gloss	1.0
H3224	ye.mi.mah	cmn-Hans	耶米玛	gloss	1.0
H3224	ye.mi.mah	cmn-Hant	耶米瑪	gloss	1.0
H3224	ye.mi.mah	deu	Jemima	gloss	1.0
H3224	ye.mi.mah	nld	Jemima	gloss	1.0
H3224	ye.mi.mah	swa	yemima	gloss	1.0
H3226	ya.min	eng	Jamin	gloss	1.0
H3226	ya.min	arb	وَيَامِينُ	aligned	1.0
H3226	ya.min	eng	jamin	aligned	0.5
H3226	ya.min	rus	огад	aligned	1.0
H3226	ya.min	spa	jamín	aligned	1.0
H3229	yim.lah	eng	Imlah	gloss	1.0
H3229	yim.lah	fra	Yimla	gloss	1.0
H3229	yim.lah	por	Inlá	gloss	1.0
H3229	yim.lah	spa	Imla	gloss	1.0
H3229	yim.lah	cmn-Hans	音拉，《思》依默拉	gloss	1.0
H3229	yim.lah	cmn-Hant	音拉，《思》依默拉	gloss	1.0
H3229	yim.lah	deu	Jimla	gloss	1.0
H3229	yim.lah	nld	Jimla	gloss	1.0
H3229	yim.lah	swa	imla, hanibashirii	gloss	1.0
H3229	yim.lah	arb	يَمْلَةَ	aligned	1.0
H3229	yim.lah	eng	imlah	aligned	0.75
H3229	yim.lah	hin	यिम्ला	aligned	1.0
H3229	yim.lah	spa	imla	aligned	1.0
H3230	yam.lekh	eng	Jamlech	gloss	1.0
H3230	yam.lekh	fra	Yamlek	gloss	1.0
H3230	yam.lekh	por	Janleque	gloss	1.0
H3230	yam.lekh	spa	Jamlec	gloss	1.0
H3230	yam.lekh	cmn-Hans	雅米勒，《思》雅默肋客	gloss	1.0
H3230	yam.lekh	cmn-Hant	雅米勒，《思》雅默肋客	gloss	1.0
H3230	yam.lekh	deu	Jamlech	gloss	1.0
H3230	yam.lekh	nld	Jamlech	gloss	1.0
H3230	yam.lekh	swa	yamleki	gloss	1.0
H3232	yim.nah	eng	Imnah	gloss	1.0
H3232	yim.nah	fra	Imna	gloss	1.0
H3232	yim.nah	por	Imna	gloss	1.0
H3232	yim.nah	spa	Imna	gloss	1.0
H3232	yim.nah	cmn-Hans	音拿，《思》依默纳	gloss	1.0
H3232	yim.nah	cmn-Hant	音拿，《思》依默納	gloss	1.0
H3232	yim.nah	deu	Jimna	gloss	1.0
H3232	yim.nah	nld	Jimna	gloss	1.0
H3232	yim.nah	swa	imna	gloss	1.0
H3232	yim.nah	eng	imnah	aligned	0.833
H3232	yim.nah	hin	यिम्ना	aligned	0.6
H3232	yim.nah	spa	imna	aligned	0.75
H3234	yim.na	eng	Imna	gloss	1.0
H3234	yim.na	fra	Imna	gloss	1.0
H3234	yim.na	por	Imna	gloss	1.0
H3234	yim.na	spa	Imna	gloss	1.0
H3234	yim.na	cmn-Hans	音那，《思》依默纳	gloss	1.0
H3234	yim.na	cmn-Hant	音那，《思》依默納	gloss	1.0
H3234	yim.na	deu	Jimna	gloss	1.0
H3234	yim.na	nld	Jimna	gloss	1.0
H3234	yim.na	swa	helemu	gloss	1.0
H3236	yim.rah	eng	Imrah	gloss	1.0
H3236	yim.rah	fra	Yimra	gloss	1.0
H3236	yim.rah	por	Inra	gloss	1.0
H3236	yim.rah	spa	Imra	gloss	1.0
H3236	yim.rah	cmn-Hans	音拉，《思》依默辣	gloss	1.0
H3236	yim.rah	cmn-Hant	音拉，《思》依默辣	gloss	1.0
H3236	yim.rah	deu	Jimra	gloss	1.0
H3236	yim.rah	nld	Jimra	gloss	1.0
H3236	yim.rah	swa	imra	gloss	1.0
H3239	ya.no.ach	eng	Janoah	gloss	1.0
H3239	ya.no.ach	fra	Yanoah	gloss	1.0
H3239	ya.no.ach	por	Janoa	gloss	1.0
H3239	ya.no.ach	spa	Janoa	gloss	1.0
H3239	ya.no.ach	cmn-Hans	雅挪哈，《思》雅诺亚	gloss	1.0
H3239	ya.no.ach	cmn-Hant	雅挪哈，《思》雅諾亞	gloss	1.0
H3239	ya.no.ach	deu	Janoach	gloss	1.0
H3239	ya.no.ach	nld	Janoach	gloss	1.0
H3239	ya.no.ach	swa	yanoa	gloss	1.0
H3239	ya.no.ach	arb	يَنُوحَةَ	aligned	1.0
H3239	ya.no.ach	eng	janoah	aligned	0.5
H3239	ya.no.ach	spa	janoa	aligned	1.0
H3241	ya.nim	eng	Janim	gloss	1.0
H3241	ya.nim	fra	Yanoum	gloss	1.0
H3241	ya.nim	por	Janim	gloss	1.0
H3241	ya.nim	spa	Janum	gloss	1.0
H3241	ya.nim	cmn-Hans	雅农	gloss	1.0
H3241	ya.nim	cmn-Hant	雅農	gloss	1.0
H3241	ya.nim	deu	Janum	gloss	1.0
H3241	ya.nim	nld	Janum	gloss	1.0
H3241	ya.nim	swa	yanumu	gloss	1.0
H3252	yis.kah	eng	Iscah	gloss	1.0
H3252	yis.kah	fra	Yiska	gloss	1.0
H3252	yis.kah	por	Iscá	gloss	1.0
H3252	yis.kah	spa	Isca	gloss	1.0
H3252	yis.kah	cmn-Hans	亦迦，《思》依色加	gloss	1.0
H3252	yis.kah	cmn-Hant	亦迦，《思》依色加	gloss	1.0
H3252	yis.kah	deu	Jiska	gloss	1.0
H3252	yis.kah	nld	Jiska	gloss	1.0
H3252	yis.kah	swa	iska	gloss	1.0
H3252	yis.kah	eng	iscah	aligned	1.0
H3253	yis.makh.ya.hu	eng	Ismachiah	gloss	1.0
H3253	yis.makh.ya.hu	fra	Ismakya	gloss	1.0
H3253	yis.makh.ya.hu	por	Ismaquias	gloss	1.0
H3253	yis.makh.ya.hu	spa	Ismaquías	gloss	1.0
H3253	yis.makh.ya.hu	cmn-Hans	伊斯玛基雅，《思》依斯玛基雅	gloss	1.0
H3253	yis.makh.ya.hu	cmn-Hant	伊斯瑪基雅，《思》依斯瑪基雅	gloss	1.0
H3253	yis.makh.ya.hu	deu	Jismachja	gloss	1.0
H3253	yis.makh.ya.hu	nld	Jismachjahu	gloss	1.0
H3253	yis.makh.ya.hu	swa	ismakia	gloss	1.0
H3258	ya.bets	eng	Jabez	gloss	1.0
H3258	ya.bets	fra	Yaébets	gloss	1.0
H3258	ya.bets	por	Jabez	gloss	1.0
H3258	ya.bets	spa	Jabes	gloss	1.0
H3258	ya.bets	cmn-Hans	雅比斯，《思》雅贝兹	gloss	1.0
H3258	ya.bets	cmn-Hant	雅比斯，《思》雅貝茲	gloss	1.0
H3258	ya.bets	deu	Jabez	gloss	1.0
H3258	ya.bets	nld	Jabes	gloss	1.0
H3258	ya.bets	swa	yabesi	gloss	1.0
H3258	ya.bets	arb	يَعْبِيصَ	aligned	1.0
H3258	ya.bets	arb	يَعْبِيصُ	aligned	1.0
H3258	ya.bets	eng	jabez	aligned	0.889
H3258	ya.bets	hin	याबेस	aligned	1.0
H3258	ya.bets	rus	иавис	aligned	0.5
H3258	ya.bets	spa	jabes	aligned	0.25
H3260	ye.di	eng	Iddo	gloss	1.0
H3260	ye.di	fra	Yéedo	gloss	1.0
H3260	ye.di	por	Ido	gloss	1.0
H3260	ye.di	spa	Iddo	gloss	1.0
H3260	ye.di	cmn-Hans	易多，《思》依多	gloss	1.0
H3260	ye.di	cmn-Hant	易多，《思》依多	gloss	1.0
H3262	ye.u.el	eng	Jeuel	gloss	1.0
H3262	ye.u.el	fra	Yeouel	gloss	1.0
H3262	ye.u.el	por	Jeuel	gloss	1.0
H3262	ye.u.el	spa	Jeuel	gloss	1.0
H3262	ye.u.el	cmn-Hans	耶乌利，《思》耶乌耳	gloss	1.0
H3262	ye.u.el	cmn-Hant	耶烏利，《思》耶烏耳	gloss	1.0
H3262	ye.u.el	deu	Jëuël; Jëiël	gloss	1.0
H3262	ye.u.el	nld	Jeüel	gloss	1.0
H3262	ye.u.el	swa	yeueli	gloss	1.0
H3262	ye.u.el	eng	jeuel	aligned	0.667
H3262	ye.u.el	hin	यूएल	aligned	0.667
H3263	ye.uts	eng	Jeuz	gloss	1.0
H3263	ye.uts	fra	Yeouts	gloss	1.0
H3263	ye.uts	por	Jeús	gloss	1.0
H3263	ye.uts	spa	Jeúz	gloss	1.0
H3263	ye.uts	cmn-Hans	耶乌斯，《思》耶乌兹	gloss	1.0
H3263	ye.uts	cmn-Hant	耶烏斯，《思》耶烏茲	gloss	1.0
H3263	ye.uts	deu	Jëuz	gloss	1.0
H3263	ye.uts	nld	Jeüs	gloss	1.0
H3263	ye.uts	swa	yeusi	gloss	1.0
H3263	ye.uts	eng	jeuz	aligned	1.0
H3265	ya.ur	eng	Jair	gloss	1.0
H3265	ya.ur	fra	Yaïr	gloss	1.0
H3265	ya.ur	por	Jair	gloss	1.0
H3265	ya.ur	spa	Jair	gloss	1.0
H3265	ya.ur	cmn-Hans	睚珥，《思》雅依尔	gloss	1.0
H3265	ya.ur	cmn-Hant	睚珥，《思》雅依爾	gloss	1.0
H3265	ya.ur	eng	jair	aligned	0.1
H3266	ye.ush	eng	Jeush	gloss	1.0
H3266	ye.ush	fra	Yeoush	gloss	1.0
H3266	ye.ush	por	Jeús	gloss	1.0
H3266	ye.ush	spa	Jeús	gloss	1.0
H3266	ye.ush	cmn-Hans	耶乌施，《思》耶乌士	gloss	1.0
H3266	ye.ush	cmn-Hant	耶烏施，《思》耶烏士	gloss	1.0
H3266	ye.ush	deu	Jëusch	gloss	1.0
H3266	ye.ush	nld	Jeüs	gloss	1.0
H3266	ye.ush	swa	yeushi	gloss	1.0
H3266	ye.ush	arb	وَيَعُوشُ	aligned	1.0
H3266	ye.ush	arb	يَعُوشَ	aligned	1.0
H3266	ye.ush	eng	jeush	aligned	0.824
H3266	ye.ush	hin	यूश	aligned	0.667
H3266	ye.ush	spa	jeús	aligned	1.0
H3266	ye.ush	spa	jeus	aligned	0.8
H3268	ya.a.zi.el	eng	Jaaziel	gloss	1.0
H3268	ya.a.zi.el	fra	Yaaziel	gloss	1.0
H3268	ya.a.zi.el	por	Jaaziel	gloss	1.0
H3268	ya.a.zi.el	spa	Jaaziel	gloss	1.0
H3268	ya.a.zi.el	cmn-Hans	便雅薛，《现》雅薛，《思》雅阿齐耳	gloss	1.0
H3268	ya.a.zi.el	cmn-Hant	便雅薛，《現》雅薛，《思》雅阿齊耳	gloss	1.0
H3268	ya.a.zi.el	deu	Jaasiël	gloss	1.0
H3268	ya.a.zi.el	nld	Jaäziël	gloss	1.0
H3268	ya.a.zi.el	swa	uni	gloss	1.0
H3269	ya.a.ziy.ya.hu	eng	Jaaziah	gloss	1.0
H3269	ya.a.ziy.ya.hu	fra	Yaaziya	gloss	1.0
H3269	ya.a.ziy.ya.hu	por	Jaazias	gloss	1.0
H3269	ya.a.ziy.ya.hu	spa	Jaazías	gloss	1.0
H3269	ya.a.ziy.ya.hu	cmn-Hans	雅西雅，《思》雅哈齐雅	gloss	1.0
H3269	ya.a.ziy.ya.hu	cmn-Hant	雅西雅，《思》雅哈齊雅	gloss	1.0
H3269	ya.a.ziy.ya.hu	deu	Jaasija	gloss	1.0
H3269	ya.a.ziy.ya.hu	nld	Jaäziahu	gloss	1.0
H3269	ya.a.ziy.ya.hu	swa	yaazia, beno	gloss	1.0
H3269	ya.a.ziy.ya.hu	eng	jaaziah	aligned	0.75
H3269	ya.a.ziy.ya.hu	rus	иаазии	aligned	1.0
H3269	ya.a.ziy.ya.hu	spa	jaazia	aligned	1.0
H3270	ya.a.zer	eng	Jazer	gloss	1.0
H3270	ya.a.zer	fra	Yaezer	gloss	1.0
H3270	ya.a.zer	por	Jazer	gloss	1.0
H3270	ya.a.zer	spa	Jazer	gloss	1.0
H3270	ya.a.zer	cmn-Hans	雅谢，《思》雅则尔	gloss	1.0
H3270	ya.a.zer	cmn-Hant	雅謝，《思》雅則爾	gloss	1.0
H3270	ya.a.zer	deu	Jaser	gloss	1.0
H3270	ya.a.zer	nld	Jazer	gloss	1.0
H3270	ya.a.zer	swa	yazeri	gloss	1.0
H3270	ya.a.zer	arb	يَعْزِيرَ	aligned	1.0
H3270	ya.a.zer	eng	jazer	aligned	0.917
H3270	ya.a.zer	hin	याजेर	aligned	0.846
H3270	ya.a.zer	spa	jazer	aligned	1.0
H3273	ye.i.el	eng	Jeiel	gloss	1.0
H3273	ye.i.el	fra	Yeïel	gloss	1.0
H3273	ye.i.el	por	Jeiel	gloss	1.0
H3273	ye.i.el	spa	Jeiel	gloss	1.0
H3273	ye.i.el	cmn-Hans	耶利，《思》耶厄耳	gloss	1.0
H3273	ye.i.el	cmn-Hant	耶利，《思》耶厄耳	gloss	1.0
H3273	ye.i.el	deu	Jëiël	gloss	1.0
H3273	ye.i.el	nld	Jeïel	gloss	1.0
H3273	ye.i.el	swa	yeieli, yeueli, pohesabi	gloss	1.0
H3273	ye.i.el	arb	وَيَعِيئِيلَ	aligned	1.0
H3273	ye.i.el	arb	وَيَعِيئِيلُ	aligned	1.0
H3273	ye.i.el	arb	يَعِيئِيلَ	aligned	1.0
H3273	ye.i.el	arb	يَعِيئِيلُ	aligned	1.0
H3273	ye.i.el	eng	jeiel	aligned	0.542
H3273	ye.i.el	hin	यीएल	aligned	0.455
H3273	ye.i.el	spa	jeiel	aligned	0.75
H3273	ye.i.el	spa	jehiel	aligned	0.364
H3274	ye.ish	eng	Jeush	gloss	1.0
H3275	ya.kan	eng	Jacan	gloss	1.0
H3275	ya.kan	fra	Yakân	gloss	1.0
H3275	ya.kan	por	Jacã	gloss	1.0
H3275	ya.kan	spa	Jacán	gloss	1.0
H3275	ya.kan	cmn-Hans	雅干，《思》雅甘	gloss	1.0
H3275	ya.kan	cmn-Hant	雅干，《思》雅甘	gloss	1.0
H3275	ya.kan	deu	Jakan	gloss	1.0
H3275	ya.kan	nld	Jakan	gloss	1.0
H3275	ya.kan	swa	yakani	gloss	1.0
H3278	ya.el	eng	Jael	gloss	1.0
H3278	ya.el	dan	bjergged	gloss	1.0
H3278	ya.el	deu	Steinbock	gloss	1.0
H3278	ya.el	nld	ibex of berggeit	gloss	1.0
H3278	ya.el	swa	mbuz, beber, mwit	gloss	1.0
H3278	ya.el	arb	يَاعِيلَ	aligned	1.0
H3278	ya.el	arb	يَاعِيلُ	aligned	1.0
H3278	ya.el	eng	jael	aligned	0.917
H3278	ya.el	rus	хевера	aligned	0.667
H3278	ya.el	spa	jael	aligned	1.0
H3279	ya.a.la	eng	Jaalah	gloss	1.0
H3279	ya.a.la	fra	Yaala	gloss	1.0
H3279	ya.a.la	por	Jaala	gloss	1.0
H3279	ya.a.la	spa	Jaala	gloss	1.0
H3279	ya.a.la	cmn-Hans	雅拉，《思》雅阿拉	gloss	1.0
H3279	ya.a.la	cmn-Hant	雅拉，《思》雅阿拉	gloss	1.0
H3279	ya.a.la	eng	jaala	aligned	1.0
H3279	ya.a.la	rus	даркона	aligned	1.0
H3281	ya.lam	eng	Jalam	gloss	1.0
H3281	ya.lam	fra	Yaelam	gloss	1.0
H3281	ya.lam	por	Jalão, Jalã	gloss	1.0
H3281	ya.lam	spa	Jaalam	gloss	1.0
H3281	ya.lam	cmn-Hans	雅兰，《思》雅蓝	gloss	1.0
H3281	ya.lam	cmn-Hant	雅蘭，《思》雅藍	gloss	1.0
H3281	ya.lam	deu	Jalam	gloss	1.0
H3281	ya.lam	nld	Jalam	gloss	1.0
H3281	ya.lam	swa	yalamu	gloss	1.0
H3281	ya.lam	arb	وَيَعْلَامَ	aligned	1.0
H3281	ya.lam	eng	jaalam	aligned	1.0
H3281	ya.lam	eng	jalam	aligned	0.75
H3281	ya.lam	hin	यालाम	aligned	0.75
H3281	ya.lam	spa	jaalam	aligned	1.0
H3285	ya.a.nay	eng	Janai	gloss	1.0
H3285	ya.a.nay	fra	Yaénaï	gloss	1.0
H3285	ya.a.nay	por	Janai	gloss	1.0
H3285	ya.a.nay	spa	Janai	gloss	1.0
H3285	ya.a.nay	cmn-Hans	雅乃	gloss	1.0
H3285	ya.a.nay	cmn-Hant	雅乃	gloss	1.0
H3285	ya.a.nay	deu	Janai	gloss	1.0
H3285	ya.a.nay	nld	Jannai	gloss	1.0
H3285	ya.a.nay	swa	yanai	gloss	1.0
H3290	ya.a.qov	eng	Jacob	gloss	1.0
H3290	ya.a.qov	fra	Jacob	gloss	1.0
H3290	ya.a.qov	por	Jacó	gloss	1.0
H3290	ya.a.qov	spa	Jacob	gloss	1.0
H3290	ya.a.qov	cmn-Hans	雅各，《思》雅各伯	gloss	1.0
H3290	ya.a.qov	cmn-Hant	雅各，《思》雅各伯	gloss	1.0
H3290	ya.a.qov	dan	Jakob	gloss	1.0
H3290	ya.a.qov	deu	an der Ferse fassen, hintergehen	gloss	1.0
H3290	ya.a.qov	nld	verraden	gloss	1.0
H3290	ya.a.qov	swa	hazizuii, chonge, sigin	gloss	1.0
H3290	ya.a.qov	amh	ያዐቆብ, ያዕቆብ	gloss	1.0
H3290	ya.a.qov	arb	لِيَعْقُوبَ	aligned	0.939
H3290	ya.a.qov	arb	يَعْقُوبُ	aligned	0.809
H3290	ya.a.qov	arb	يَعْقُوبَ	aligned	0.688
H3290	ya.a.qov	arb	وَيَعْقُوبَ	aligned	0.395
H3290	ya.a.qov	arb	وَيَعْقُوبُ	aligned	0.263
H3290	ya.a.qov	eng	jacob	aligned	0.755
H3290	ya.a.qov	eng	jacob’s	aligned	0.611
H3290	ya.a.qov	hin	याकूब	aligned	0.662
H3290	ya.a.qov	rus	иаков	aligned	0.777
H3290	ya.a.qov	rus	иакове	aligned	0.714
H3290	ya.a.qov	rus	иакову	aligned	0.607
H3290	ya.a.qov	rus	месопотамии	aligned	0.4
H3290	ya.a.qov	rus	иакова	aligned	0.351
H3290	ya.a.qov	rus	помилую	aligned	0.333
H3290	ya.a.qov	rus	иаковом	aligned	0.286
H3290	ya.a.qov	spa	jacob	aligned	0.914
H3291	ya.a.qo.vah	eng	Jaakobah	gloss	1.0
H3291	ya.a.qo.vah	fra	Yaaqova	gloss	1.0
H3291	ya.a.qo.vah	por	Jaacobá	gloss	1.0
H3291	ya.a.qo.vah	spa	Jaacoba	gloss	1.0
H3291	ya.a.qo.vah	cmn-Hans	雅哥巴，《思》雅科巴	gloss	1.0
H3291	ya.a.qo.vah	cmn-Hant	雅哥巴，《思》雅科巴	gloss	1.0
H3291	ya.a.qo.vah	deu	Jaakoba	gloss	1.0
H3291	ya.a.qo.vah	nld	Jaäkoba	gloss	1.0
H3291	ya.a.qo.vah	swa	yaakoba	gloss	1.0
H3292	ya.a.qan	eng	Akan	gloss	1.0
H3292	ya.a.qan	fra	Yaaqân	gloss	1.0
H3292	ya.a.qan	por	Jaacã	gloss	1.0
H3292	ya.a.qan	spa	Jaacán	gloss	1.0
H3292	ya.a.qan	cmn-Hans	亚干，《思》阿甘	gloss	1.0
H3292	ya.a.qan	cmn-Hant	亞干，《思》阿甘	gloss	1.0
H3292	ya.a.qan	deu	Akan	gloss	1.0
H3292	ya.a.qan	nld	Jaäkan	gloss	1.0
H3292	ya.a.qan	swa	bene-yaakani	gloss	1.0
H3294	ya.rah	eng	Jarah	gloss	1.0
H3294	ya.rah	fra	Yaara	gloss	1.0
H3294	ya.rah	por	Jaerá	gloss	1.0
H3294	ya.rah	spa	Jara	gloss	1.0
H3294	ya.rah	cmn-Hans	雅拉，《思》约阿达	gloss	1.0
H3294	ya.rah	cmn-Hant	雅拉，《思》約阿達	gloss	1.0
H3294	ya.rah	deu	Joadda	gloss	1.0
H3294	ya.rah	nld	Jada	gloss	1.0
H3294	ya.rah	swa	yara	gloss	1.0
H3294	ya.rah	eng	jaarah	aligned	1.0
H3294	ya.rah	spa	jara	aligned	1.0
H3296	ya.a.re o.re.gim	eng	Jaare-oregim	gloss	1.0
H3296	ya.a.re o.re.gim	fra	Yaaré-Oreguim	gloss	1.0
H3296	ya.a.re o.re.gim	por	Jaaré-Oregim	gloss	1.0
H3296	ya.a.re o.re.gim	spa	Jaare-oregim	gloss	1.0
H3296	ya.a.re o.re.gim	cmn-Hans	雅雷‧俄珥金，《现》睚珥，《和》雅雷俄珥金，《思》厄耳哈难	gloss	1.0
H3296	ya.a.re o.re.gim	cmn-Hant	雅雷‧俄珥金，《現》睚珥，《和》雅雷俄珥金，《思》厄耳哈難	gloss	1.0
H3297	ye.a.rim	eng	Jearim	gloss	1.0
H3297	ye.a.rim	deu	Jearim	gloss	1.0
H3297	ye.a.rim	nld	?	gloss	1.0
H3297	ye.a.rim	swa	yearimu	gloss	1.0
H3297	ye.a.rim	eng	jearim	aligned	1.0
H3298	ya.a.resh.yah	eng	Jaareshiah	gloss	1.0
H3298	ya.a.resh.yah	fra	Yaarèshya	gloss	1.0
H3298	ya.a.resh.yah	por	Jaaresias	gloss	1.0
H3298	ya.a.resh.yah	spa	Jaresías	gloss	1.0
H3298	ya.a.resh.yah	cmn-Hans	雅利西，《思》雅勒舍雅	gloss	1.0
H3298	ya.a.resh.yah	cmn-Hant	雅利西，《思》雅勒舍雅	gloss	1.0
H3298	ya.a.resh.yah	deu	Jaareschja	gloss	1.0
H3298	ya.a.resh.yah	nld	Jaäresja	gloss	1.0
H3298	ya.a.resh.yah	swa	yaareshia	gloss	1.0
H3299	ya.a.su	eng	Jaasu	gloss	1.0
H3299	ya.a.su	fra	Yaasaï	gloss	1.0
H3299	ya.a.su	por	Jaasai	gloss	1.0
H3299	ya.a.su	spa	Jaasai	gloss	1.0
H3299	ya.a.su	cmn-Hans	雅扫，《思》雅阿扫	gloss	1.0
H3299	ya.a.su	cmn-Hant	雅掃，《思》雅阿掃	gloss	1.0
H3300	ya.a.si.el	eng	Jaasiel	gloss	1.0
H3300	ya.a.si.el	fra	Yaasiel	gloss	1.0
H3300	ya.a.si.el	por	Jaasiel	gloss	1.0
H3300	ya.a.si.el	spa	Jaasiel	gloss	1.0
H3300	ya.a.si.el	cmn-Hans	雅西业，《思》雅息耳	gloss	1.0
H3300	ya.a.si.el	cmn-Hant	雅西業，《思》雅息耳	gloss	1.0
H3300	ya.a.si.el	deu	Jaasiël	gloss	1.0
H3300	ya.a.si.el	nld	Jaäsiël	gloss	1.0
H3300	ya.a.si.el	swa	yaasieli	gloss	1.0
H3300	ya.a.si.el	eng	jaasiel	aligned	0.5
H3301	yiph.de.yah	eng	Iphdeiah	gloss	1.0
H3301	yiph.de.yah	fra	Yifdeya	gloss	1.0
H3301	yiph.de.yah	por	Ifdéias	gloss	1.0
H3301	yiph.de.yah	spa	Ifdaías	gloss	1.0
H3301	yiph.de.yah	cmn-Hans	伊弗底雅，《思》依费德雅	gloss	1.0
H3301	yiph.de.yah	cmn-Hant	伊弗底雅，《思》依費德雅	gloss	1.0
H3301	yiph.de.yah	deu	Jifdeja	gloss	1.0
H3301	yiph.de.yah	nld	Jifdeja	gloss	1.0
H3301	yiph.de.yah	swa	ifdeya	gloss	1.0
H3312	ye.phun.neh	eng	Jephunneh	gloss	1.0
H3312	ye.phun.neh	fra	Yefounnè	gloss	1.0
H3312	ye.phun.neh	por	Jefoné	gloss	1.0
H3312	ye.phun.neh	spa	Jefone	gloss	1.0
H3312	ye.phun.neh	cmn-Hans	耶孚尼，《思》耶孚乃	gloss	1.0
H3312	ye.phun.neh	cmn-Hant	耶孚尼，《思》耶孚乃	gloss	1.0
H3312	ye.phun.neh	deu	Jefunne	gloss	1.0
H3312	ye.phun.neh	nld	Jefunne	gloss	1.0
H3312	ye.phun.neh	swa	yefune	gloss	1.0
H3312	ye.phun.neh	arb	يَفُنَّةَ	aligned	1.0
H3312	ye.phun.neh	eng	jephunneh	aligned	0.969
H3312	ye.phun.neh	hin	यपुन्ने	aligned	1.0
H3312	ye.phun.neh	spa	jephone	aligned	1.0
H3315	ye.phet	eng	Japheth	gloss	1.0
H3315	ye.phet	fra	Japhet	gloss	1.0
H3315	ye.phet	por	Jafé	gloss	1.0
H3315	ye.phet	spa	Jafet	gloss	1.0
H3315	ye.phet	cmn-Hans	雅弗，《思》耶斐特	gloss	1.0
H3315	ye.phet	cmn-Hant	雅弗，《思》耶斐特	gloss	1.0
H3315	ye.phet	dan	Jafet	gloss	1.0
H3315	ye.phet	deu	Jafet	gloss	1.0
H3315	ye.phet	nld	Jafet	gloss	1.0
H3315	ye.phet	swa	yafethi	gloss	1.0
H3315	ye.phet	arb	وَيَافَثَ	aligned	1.0
H3315	ye.phet	arb	وَيَافَثُ	aligned	1.0
H3315	ye.phet	arb	يَافَثَ	aligned	1.0
H3315	ye.phet	eng	japheth	aligned	0.727
H3315	ye.phet	hin	येपेत	aligned	0.5
H3315	ye.phet	rus	иафета	aligned	0.5
H3315	ye.phet	spa	japhet	aligned	1.0
H3316	yiph.tach	eng	Iphtah	gloss	1.0
H3316	yiph.tach	fra	Yiftah	gloss	1.0
H3316	yiph.tach	por	Iftá	gloss	1.0
H3316	yiph.tach	spa	Ifta	gloss	1.0
H3316	yiph.tach	cmn-Hans	益弗他，《思》依弗达	gloss	1.0
H3316	yiph.tach	cmn-Hant	益弗他，《思》依弗達	gloss	1.0
H3316	yiph.tach	deu	Jiftach	gloss	1.0
H3316	yiph.tach	nld	Jiftach	gloss	1.0
H3316	yiph.tach	swa	yeftha, usiki, nireje	gloss	1.0
H3316	yiph.tach	arb	يَفْتَاحَ	aligned	1.0
H3316	yiph.tach	arb	يَفْتَاحُ	aligned	1.0
H3316	yiph.tach	arb	لِيَفْتَاحَ	aligned	0.75
H3316	yiph.tach	eng	jephthah	aligned	0.895
H3316	yiph.tach	hin	यिप्तह	aligned	0.654
H3316	yiph.tach	rus	иеффай	aligned	1.0
H3316	yiph.tach	rus	иеффаю	aligned	1.0
H3316	yiph.tach	rus	иеффая	aligned	0.75
H3316	yiph.tach	spa	jephté	aligned	0.963
H3327	yits.chaq	eng	Isaac	gloss	1.0
H3327	yits.chaq	fra	Isaac	gloss	1.0
H3327	yits.chaq	por	Isaque	gloss	1.0
H3327	yits.chaq	spa	Isaac	gloss	1.0
H3327	yits.chaq	cmn-Hans	以撒，《思》依撒格	gloss	1.0
H3327	yits.chaq	cmn-Hant	以撒，《思》依撒格	gloss	1.0
H3327	yits.chaq	dan	Isak	gloss	1.0
H3327	yits.chaq	deu	Isaak	gloss	1.0
H3327	yits.chaq	nld	Isaak	gloss	1.0
H3327	yits.chaq	swa	isaka	gloss	1.0
H3327	yits.chaq	arb	لِإِسْحَاقَ	aligned	1.0
H3327	yits.chaq	arb	إِسْحَاقُ	aligned	0.872
H3327	yits.chaq	arb	وَإِسْحَاقَ	aligned	0.75
H3327	yits.chaq	arb	وَإِسْحَاقُ	aligned	0.667
H3327	yits.chaq	arb	إِسْحَاقَ	aligned	0.662
H3327	yits.chaq	eng	isaac’s	aligned	1.0
H3327	yits.chaq	eng	isaac	aligned	0.673
H3327	yits.chaq	hin	इसहाक	aligned	0.653
H3327	yits.chaq	rus	исаак	aligned	0.706
H3327	yits.chaq	rus	исааковы	aligned	0.667
H3327	yits.chaq	rus	исааку	aligned	0.357
H3327	yits.chaq	rus	исаака	aligned	0.143
H3327	yits.chaq	spa	isaac	aligned	0.848
H3337	ye.tser	eng	Jezer	gloss	1.0
H3337	ye.tser	eng	jezer	aligned	0.5
H3337	ye.tser	spa	jezer	aligned	0.667
H3355	yoq.tan	eng	Joktan	gloss	1.0
H3355	yoq.tan	fra	Yoqtân	gloss	1.0
H3355	yoq.tan	por	Joctã	gloss	1.0
H3355	yoq.tan	spa	Joctán	gloss	1.0
H3355	yoq.tan	cmn-Hans	约坍，《思》约刻堂	gloss	1.0
H3355	yoq.tan	cmn-Hant	約坍，《思》約刻堂	gloss	1.0
H3355	yoq.tan	deu	Joktan	gloss	1.0
H3355	yoq.tan	nld	Joktan	gloss	1.0
H3355	yoq.tan	swa	yoktani	gloss	1.0
H3355	yoq.tan	arb	وَيَقْطَانُ	aligned	1.0
H3355	yoq.tan	arb	يَقْطَانَ	aligned	1.0
H3355	yoq.tan	arb	يَقْطَانُ	aligned	1.0
H3355	yoq.tan	eng	joktan	aligned	0.833
H3355	yoq.tan	hin	योक्तान	aligned	0.667
H3355	yoq.tan	rus	иоктан	aligned	0.667
H3355	yoq.tan	spa	joctán	aligned	0.833
H3356	ya.qim	eng	Jakim	gloss	1.0
H3356	ya.qim	fra	Yaqim	gloss	1.0
H3356	ya.qim	por	Jaquim	gloss	1.0
H3356	ya.qim	spa	Jaquín	gloss	1.0
H3356	ya.qim	cmn-Hans	雅金，《思》雅肯	gloss	1.0
H3356	ya.qim	cmn-Hant	雅金，《思》雅肯	gloss	1.0
H3356	ya.qim	deu	Jakim	gloss	1.0
H3356	ya.qim	nld	Jakim	gloss	1.0
H3356	ya.qim	swa	yakimu	gloss	1.0
H3356	ya.qim	eng	jakim	aligned	0.5
H3356	ya.qim	spa	jacim	aligned	1.0
H3362	yoq.ne.am	eng	Jokneam	gloss	1.0
H3362	yoq.ne.am	fra	Yoqnéam	gloss	1.0
H3362	yoq.ne.am	por	Jocneão	gloss	1.0
H3362	yoq.ne.am	spa	Jocneam	gloss	1.0
H3362	yoq.ne.am	cmn-Hans	约念，《思》约刻乃罕	gloss	1.0
H3362	yoq.ne.am	cmn-Hant	約念，《思》約刻乃罕	gloss	1.0
H3362	yoq.ne.am	deu	Jokneam	gloss	1.0
H3362	yoq.ne.am	nld	Jokneam	gloss	1.0
H3362	yoq.ne.am	swa	yokneamu	gloss	1.0
H3362	yoq.ne.am	arb	يَقْنَعَامَ	aligned	1.0
H3362	yoq.ne.am	eng	jokneam	aligned	1.0
H3362	yoq.ne.am	hin	योकनाम	aligned	1.0
H3362	yoq.ne.am	spa	jocneam	aligned	1.0
H3370	yoq.shan	eng	Jokshan	gloss	1.0
H3370	yoq.shan	fra	Yoqshân	gloss	1.0
H3370	yoq.shan	por	Jocsã	gloss	1.0
H3370	yoq.shan	spa	Jocsán	gloss	1.0
H3370	yoq.shan	cmn-Hans	约珊，《思》约刻商	gloss	1.0
H3370	yoq.shan	cmn-Hant	約珊，《思》約刻商	gloss	1.0
H3370	yoq.shan	deu	Jokschan	gloss	1.0
H3370	yoq.shan	nld	Joksan	gloss	1.0
H3370	yoq.shan	swa	yokshani	gloss	1.0
H3370	yoq.shan	arb	وَيَقْشَانَ	aligned	1.0
H3370	yoq.shan	eng	jokshan	aligned	0.625
H3370	yoq.shan	hin	योक्षान	aligned	0.5
H3370	yoq.shan	spa	joksan	aligned	1.0
H3378	ye.rub.ba.al	eng	Jerubbaal	gloss	1.0
H3378	ye.rub.ba.al	fra	Yeroubbaal	gloss	1.0
H3378	ye.rub.ba.al	por	Jerubaal	gloss	1.0
H3378	ye.rub.ba.al	spa	Jerubaal	gloss	1.0
H3378	ye.rub.ba.al	cmn-Hans	耶路巴力，《思》耶鲁巴耳	gloss	1.0
H3378	ye.rub.ba.al	cmn-Hant	耶路巴力，《思》耶魯巴耳	gloss	1.0
H3378	ye.rub.ba.al	deu	Jerubbaal	gloss	1.0
H3378	ye.rub.ba.al	nld	Jerubbaäl	gloss	1.0
H3378	ye.rub.ba.al	swa	yerubaali, uzingativu, pizw	gloss	1.0
H3378	ye.rub.ba.al	arb	يَرُبَّعْلَ	aligned	1.0
H3378	ye.rub.ba.al	arb	يَرُبَّعْلُ	aligned	1.0
H3378	ye.rub.ba.al	eng	jerubbaal	aligned	1.0
H3378	ye.rub.ba.al	hin	यरूब्बाल	aligned	0.385
H3378	ye.rub.ba.al	spa	jerobaal	aligned	0.929
H3379	ya.rov.am	eng	Jeroboam	gloss	1.0
H3379	ya.rov.am	fra	Jéroboam	gloss	1.0
H3379	ya.rov.am	por	Jeroboão	gloss	1.0
H3379	ya.rov.am	spa	Jeroboam	gloss	1.0
H3379	ya.rov.am	cmn-Hans	耶罗波安，《思》雅洛贝罕，勒哈贝罕	gloss	1.0
H3379	ya.rov.am	cmn-Hant	耶羅波安，《思》雅洛貝罕，勒哈貝罕	gloss	1.0
H3379	ya.rov.am	dan	Jeroboam	gloss	1.0
H3379	ya.rov.am	deu	Jerobeam	gloss	1.0
H3379	ya.rov.am	nld	Jerobeam	gloss	1.0
H3379	ya.rov.am	swa	yeroboamu	gloss	1.0
H3379	ya.rov.am	arb	لِيَرُبْعَامَ	aligned	1.0
H3379	ya.rov.am	arb	وَيَرُبْعَامَ	aligned	1.0
H3379	ya.rov.am	arb	وَيَرُبْعَامُ	aligned	1.0
H3379	ya.rov.am	arb	يَرُبْعَامَ	aligned	1.0
H3379	ya.rov.am	arb	يَرُبْعَامُ	aligned	1.0
H3379	ya.rov.am	eng	jeroboam	aligned	0.867
H3379	ya.rov.am	eng	jeroboam’s	aligned	0.667
H3379	ya.rov.am	hin	यारोबाम	aligned	0.854
H3379	ya.rov.am	rus	наватов	aligned	1.0
H3379	ya.rov.am	rus	наватова	aligned	1.0
H3379	ya.rov.am	rus	иеровоам	aligned	0.7
H3379	ya.rov.am	rus	иеровоама	aligned	0.538
H3379	ya.rov.am	rus	иеровоамом	aligned	0.5
H3379	ya.rov.am	rus	иеровоаму	aligned	0.5
H3379	ya.rov.am	rus	иеровоамов	aligned	0.333
H3379	ya.rov.am	rus	израильского	aligned	0.118
H3379	ya.rov.am	spa	jeroboam	aligned	1.0
H3382	ye.red	eng	Jared	gloss	1.0
H3382	ye.red	fra	Yèred	gloss	1.0
H3382	ye.red	por	Jarede	gloss	1.0
H3382	ye.red	spa	Jared	gloss	1.0
H3382	ye.red	cmn-Hans	雅列，《思》耶勒得	gloss	1.0
H3382	ye.red	cmn-Hant	雅列，《思》耶勒得	gloss	1.0
H3382	ye.red	deu	Jered	gloss	1.0
H3382	ye.red	nld	Jered	gloss	1.0
H3382	ye.red	swa	yaredi	gloss	1.0
H3382	ye.red	arb	يَارَدَ	aligned	1.0
H3382	ye.red	arb	يَارَدُ	aligned	1.0
H3382	ye.red	eng	jered	aligned	1.0
H3382	ye.red	eng	jared	aligned	0.846
H3382	ye.red	hin	येरेद	aligned	1.0
H3382	ye.red	rus	иаред	aligned	1.0
H3382	ye.red	rus	иареда	aligned	1.0
H3382	ye.red	spa	jared	aligned	0.857
H3383	yar.den	eng	Jordan	gloss	1.0
H3383	yar.den	fra	Jourdain	gloss	1.0
H3383	yar.den	por	Jordão	gloss	1.0
H3383	yar.den	spa	Jordán	gloss	1.0
H3383	yar.den	cmn-Hans	约旦河，《思》约但河	gloss	1.0
H3383	yar.den	cmn-Hant	約旦河，《思》約但河	gloss	1.0
H3383	yar.den	dan	Jordan	gloss	1.0
H3383	yar.den	deu	Jordan	gloss	1.0
H3383	yar.den	nld	Jordaan	gloss	1.0
H3383	yar.den	swa	yordani, uwaamuru	gloss	1.0
H3383	yar.den	amh	ዮርዳኖስ	gloss	1.0
H3383	yar.den	arb	أُرْدُنِّ	aligned	1.0
H3383	yar.den	arb	وَٱلْأُرْدُنُّ	aligned	1.0
H3383	yar.den	arb	وَٱلْأُرْدُنِّ	aligned	1.0
H3383	yar.den	arb	ٱلْأُرْدُنَّ	aligned	1.0
H3383	yar.den	arb	ٱلْأُرْدُنُّ	aligned	1.0
H3383	yar.den	arb	ٱلْأُرْدُنِّ	aligned	0.891
H3383	yar.den	eng	jordan	aligned	0.43
H3383	yar.den	rus	иордан	aligned	0.536
H3383	yar.den	rus	иордана	aligned	0.517
H3383	yar.den	rus	иорданом	aligned	0.375
H3383	yar.den	rus	иерихона	aligned	0.333
H3383	yar.den	rus	иордане	aligned	0.333
H3383	yar.den	rus	западу	aligned	0.182
H3383	yar.den	spa	jordán	aligned	0.919
H3386	ya.ro.ach	eng	Jaroah	gloss	1.0
H3386	ya.ro.ach	fra	Yaroah	gloss	1.0
H3386	ya.ro.ach	por	Jaroa	gloss	1.0
H3386	ya.ro.ach	spa	Jaroa	gloss	1.0
H3386	ya.ro.ach	cmn-Hans	耶罗亚，《思》雅洛亚	gloss	1.0
H3386	ya.ro.ach	cmn-Hant	耶羅亞，《思》雅洛亞	gloss	1.0
H3386	ya.ro.ach	deu	Jaroach	gloss	1.0
H3386	ya.ro.ach	nld	Jaroach	gloss	1.0
H3386	ya.ro.ach	swa	yaroa	gloss	1.0
H3386	ya.ro.ach	eng	jaroah	aligned	1.0
H3389	ye.ru.sha.laim	eng	Jerusalem	gloss	1.0
H3389	ye.ru.sha.laim	fra	Jérusalem	gloss	1.0
H3389	ye.ru.sha.laim	por	Jerusalém	gloss	1.0
H3389	ye.ru.sha.laim	spa	Jerusalén	gloss	1.0
H3389	ye.ru.sha.laim	cmn-Hans	耶路撒冷	gloss	1.0
H3389	ye.ru.sha.laim	cmn-Hant	耶路撒冷	gloss	1.0
H3389	ye.ru.sha.laim	dan	Jerusalem	gloss	1.0
H3389	ye.ru.sha.laim	deu	Jerusalem	gloss	1.0
H3389	ye.ru.sha.laim	nld	Jeruzalem	gloss	1.0
H3389	ye.ru.sha.laim	swa	yerusalemu	gloss	1.0
H3389	ye.ru.sha.laim	amh	እየሩሳሌም, ኢየሩሳሌም	gloss	1.0
H3389	ye.ru.sha.laim	arb	وَأُورُشَلِيمُ	aligned	1.0
H3389	ye.ru.sha.laim	arb	وَلِأُورُشَلِيمَ	aligned	1.0
H3389	ye.ru.sha.laim	arb	وَأُورُشَلِيمَ	aligned	0.771
H3389	ye.ru.sha.laim	arb	لِأُورُشَلِيمَ	aligned	0.75
H3389	ye.ru.sha.laim	arb	أُورُشَلِيمُ	aligned	0.702
H3389	ye.ru.sha.laim	arb	بِأُورُشَلِيمَ	aligned	0.667
H3389	ye.ru.sha.laim	arb	أُورُشَلِيمَ	aligned	0.643
H3389	ye.ru.sha.laim	eng	jerusalem’s	aligned	1.0
H3389	ye.ru.sha.laim	eng	significant	aligned	1.0
H3389	ye.ru.sha.laim	eng	jerusalem	aligned	0.6
H3389	ye.ru.sha.laim	hin	यरूशलेमी	aligned	1.0
H3389	ye.ru.sha.laim	hin	यरूशलेमियों	aligned	0.833
H3389	ye.ru.sha.laim	hin	यरूशलेम	aligned	0.457
H3389	ye.ru.sha.laim	rus	иерусалимской	aligned	1.0
H3389	ye.ru.sha.laim	rus	иерусалимом	aligned	0.75
H3389	ye.ru.sha.laim	rus	иерусалиму	aligned	0.529
H3389	ye.ru.sha.laim	rus	иерусалимлян	aligned	0.4
H3389	ye.ru.sha.laim	rus	иерусалима	aligned	0.36
H3389	ye.ru.sha.laim	rus	иерусалиме	aligned	0.286
H3389	ye.ru.sha.laim	rus	полевыми	aligned	0.286
H3389	ye.ru.sha.laim	rus	иерусалим	aligned	0.271
H3389	ye.ru.sha.laim	spa	jerusalem	aligned	0.794
H3390	ye.ru.sha.lem	eng	Jerusalem	gloss	1.0
H3395	ye.ro.cham	eng	Jeroham	gloss	1.0
H3395	ye.ro.cham	fra	Yeroham	gloss	1.0
H3395	ye.ro.cham	por	Jeroão	gloss	1.0
H3395	ye.ro.cham	spa	Jeroham	gloss	1.0
H3395	ye.ro.cham	cmn-Hans	耶罗罕	gloss	1.0
H3395	ye.ro.cham	cmn-Hant	耶羅罕	gloss	1.0
H3395	ye.ro.cham	deu	Jeroham	gloss	1.0
H3395	ye.ro.cham	nld	Jerocham	gloss	1.0
H3395	ye.ro.cham	swa	yerohamu	gloss	1.0
H3395	ye.ro.cham	arb	يَرُوحَامَ	aligned	1.0
H3395	ye.ro.cham	eng	jeroham	aligned	0.9
H3395	ye.ro.cham	hin	यरोहाम	aligned	0.833
H3395	ye.ro.cham	spa	jeroam	aligned	1.0
H3395	ye.ro.cham	spa	jeroham	aligned	1.0
H3396	ye.rach.me.el	eng	Jerahmeel	gloss	1.0
H3396	ye.rach.me.el	fra	Yerahmeél	gloss	1.0
H3396	ye.rach.me.el	por	Jerameel	gloss	1.0
H3396	ye.rach.me.el	spa	Jerameel	gloss	1.0
H3396	ye.rach.me.el	cmn-Hans	耶拉篾，《思》耶辣默耳	gloss	1.0
H3396	ye.rach.me.el	cmn-Hant	耶拉篾，《思》耶辣默耳	gloss	1.0
H3396	ye.rach.me.el	deu	Jerachmeel	gloss	1.0
H3396	ye.rach.me.el	nld	Jerachmeël	gloss	1.0
H3396	ye.rach.me.el	swa	yerameeli	gloss	1.0
H3396	ye.rach.me.el	arb	يَرْحَمْئِيلَ	aligned	1.0
H3396	ye.rach.me.el	arb	يَرْحَمْئِيلُ	aligned	1.0
H3396	ye.rach.me.el	eng	jerahmeel	aligned	0.824
H3396	ye.rach.me.el	hin	यरहमेल	aligned	0.875
H3396	ye.rach.me.el	rus	иерахмеила	aligned	1.0
H3396	ye.rach.me.el	spa	jerameel	aligned	0.8
H3405	ye.ri.cho	eng	Jericho	gloss	1.0
H3405	ye.ri.cho	fra	Jéricho	gloss	1.0
H3405	ye.ri.cho	por	Jericó	gloss	1.0
H3405	ye.ri.cho	spa	Jericó	gloss	1.0
H3405	ye.ri.cho	cmn-Hans	耶利哥，《思》耶里哥	gloss	1.0
H3405	ye.ri.cho	cmn-Hant	耶利哥，《思》耶里哥	gloss	1.0
H3405	ye.ri.cho	deu	Jericho	gloss	1.0
H3405	ye.ri.cho	nld	Jericho	gloss	1.0
H3405	ye.ri.cho	swa	yeriko	gloss	1.0
H3405	ye.ri.cho	arb	بِأَرِيحَا	aligned	1.0
H3405	ye.ri.cho	arb	أَرِيحَا	aligned	0.785
H3405	ye.ri.cho	eng	jericho	aligned	0.75
H3405	ye.ri.cho	hin	यरीहो	aligned	0.737
H3405	ye.ri.cho	rus	иерихонских	aligned	1.0
H3405	ye.ri.cho	rus	иерихона	aligned	0.333
H3405	ye.ri.cho	rus	иерихон	aligned	0.286
H3405	ye.ri.cho	spa	jericó	aligned	0.891
H3406	ye.ri.mot	eng	Jerimoth	gloss	1.0
H3406	ye.ri.mot	deu	Jerimot	gloss	1.0
H3406	ye.ri.mot	nld	Jerimot	gloss	1.0
H3406	ye.ri.mot	swa	yeremothi, yerimothi	gloss	1.0
H3406	ye.ri.mot	arb	وَيَرِيمُوثُ	aligned	1.0
H3406	ye.ri.mot	eng	jerimoth	aligned	0.688
H3406	ye.ri.mot	eng	jeremoth	aligned	0.364
H3406	ye.ri.mot	hin	यरीमोत	aligned	0.286
H3406	ye.ri.mot	spa	jeremoth	aligned	1.0
H3406	ye.ri.mot	spa	jerimoth	aligned	0.667
H3412	yar.mut	eng	Jarmuth	gloss	1.0
H3412	yar.mut	fra	Yarmouth	gloss	1.0
H3412	yar.mut	por	Jarmute	gloss	1.0
H3412	yar.mut	spa	Jarmut	gloss	1.0
H3412	yar.mut	cmn-Hans	耶末，《思》雅尔慕特	gloss	1.0
H3412	yar.mut	cmn-Hant	耶末，《思》雅爾慕特	gloss	1.0
H3412	yar.mut	deu	Jeremot	gloss	1.0
H3412	yar.mut	nld	Jeremot	gloss	1.0
H3412	yar.mut	swa	yeremothi, yerimothi	gloss	1.0
H3412	yar.mut	arb	وَيَرْمُوتُ	aligned	1.0
H3412	yar.mut	arb	يَرْمُوتَ	aligned	1.0
H3412	yar.mut	eng	jarmuth	aligned	0.769
H3412	yar.mut	hin	यर्मूत	aligned	1.0
H3412	yar.mut	spa	jerimoth	aligned	0.333
H3414	yir.me.yah	eng	Jeremiah	gloss	1.0
H3414	yir.me.yah	fra	Yirmeyahou	gloss	1.0
H3414	yir.me.yah	por	Jeremias	gloss	1.0
H3414	yir.me.yah	spa	Jeremías	gloss	1.0
H3414	yir.me.yah	cmn-Hans	耶利米，《思》耶勒米雅	gloss	1.0
H3414	yir.me.yah	cmn-Hant	耶利米，《思》耶勒米雅	gloss	1.0
H3414	yir.me.yah	dan	Jeremias	gloss	1.0
H3414	yir.me.yah	deu	Jeremia	gloss	1.0
H3414	yir.me.yah	nld	Jeremia	gloss	1.0
H3414	yir.me.yah	swa	yeremia	gloss	1.0
H3414	yir.me.yah	arb	وَإِرْمِيَا	aligned	1.0
H3414	yir.me.yah	arb	وَيِرْمِيَا	aligned	1.0
H3414	yir.me.yah	arb	إِرْمِيَا	aligned	0.97
H3414	yir.me.yah	eng	jeremiah	aligned	0.883
H3414	yir.me.yah	eng	jeremiah’s	aligned	0.75
H3414	yir.me.yah	hin	यिर्मयाह	aligned	0.887
H3414	yir.me.yah	rus	иеремия	aligned	0.825
H3414	yir.me.yah	rus	иеремию	aligned	0.667
H3414	yir.me.yah	rus	иеремии	aligned	0.657
H3414	yir.me.yah	spa	jeremías	aligned	0.98
H3434	ya.shov.am	eng	Jashobeam	gloss	1.0
H3434	ya.shov.am	fra	Yashovéam	gloss	1.0
H3434	ya.shov.am	por	Jasobeão	gloss	1.0
H3434	ya.shov.am	spa	Jasobeam	gloss	1.0
H3434	ya.shov.am	cmn-Hans	雅朔班，《思》依市巴耳，雅芍贝罕	gloss	1.0
H3434	ya.shov.am	cmn-Hant	雅朔班，《思》依市巴耳，雅芍貝罕	gloss	1.0
H3434	ya.shov.am	arb	يَشُبْعَامُ	aligned	1.0
H3434	ya.shov.am	eng	jashobeam	aligned	0.833
H3434	ya.shov.am	hin	याशोबाम	aligned	0.667
H3434	ya.shov.am	spa	jasobam	aligned	1.0
H3436	yosh.be.qa.shah	eng	Joshbekashah	gloss	1.0
H3436	yosh.be.qa.shah	fra	Yoshbeqasha	gloss	1.0
H3436	yosh.be.qa.shah	por	Josbecasa	gloss	1.0
H3436	yosh.be.qa.shah	spa	Josbecasa	gloss	1.0
H3436	yosh.be.qa.shah	cmn-Hans	约施比加沙，《思》约市贝卡沙	gloss	1.0
H3436	yosh.be.qa.shah	cmn-Hant	約施比加沙，《思》約市貝卡沙	gloss	1.0
H3436	yosh.be.qa.shah	deu	Joschbekascha	gloss	1.0
H3436	yosh.be.qa.shah	nld	Josbekasa	gloss	1.0
H3436	yosh.be.qa.shah	swa	yoshbekasha	gloss	1.0
H3436	yosh.be.qa.shah	eng	joshbekashah	aligned	0.5
H3436	yosh.be.qa.shah	spa	josbecasa	aligned	1.0
H3437	ya.shuv	eng	Jashub	gloss	1.0
H3437	ya.shuv	fra	Yashouv	gloss	1.0
H3437	ya.shuv	por	Jasube	gloss	1.0
H3437	ya.shuv	spa	Jasub	gloss	1.0
H3437	ya.shuv	cmn-Hans	雅述，《思》雅叔布	gloss	1.0
H3437	ya.shuv	cmn-Hant	雅述，《思》雅叔布	gloss	1.0
H3437	ya.shuv	deu	Jaschub	gloss	1.0
H3437	ya.shuv	nld	Jasub	gloss	1.0
H3437	ya.shuv	swa	yashubu	gloss	1.0
H3437	ya.shuv	arb	وَيَاشُوبُ	aligned	1.0
H3437	ya.shuv	eng	jashub	aligned	0.833
H3437	ya.shuv	hin	याशूब	aligned	0.667
H3437	ya.shuv	spa	jasub	aligned	1.0
H3442	ye.shu.a	eng	Jeshua	gloss	1.0
H3442	ye.shu.a	fra	Yéshoua	gloss	1.0
H3442	ye.shu.a	por	Jesua	gloss	1.0
H3442	ye.shu.a	spa	Josué	gloss	1.0
H3442	ye.shu.a	cmn-Hans	耶书亚，《思》耶叔亚	gloss	1.0
H3442	ye.shu.a	cmn-Hant	耶書亞，《思》耶叔亞	gloss	1.0
H3442	ye.shu.a	deu	Jeschua	gloss	1.0
H3442	ye.shu.a	nld	Jesua	gloss	1.0
H3442	ye.shu.a	swa	yeshua, yoshua	gloss	1.0
H3442	ye.shu.a	arb	وَيَشُوعُ	aligned	0.353
H3442	ye.shu.a	arb	يَشُوعَ	aligned	0.194
H3442	ye.shu.a	eng	jeshua	aligned	0.754
H3442	ye.shu.a	hin	येशुअ	aligned	0.615
H3442	ye.shu.a	rus	иоава	aligned	0.118
H3442	ye.shu.a	spa	jesuá	aligned	0.96
H3446	yis.chaq	eng	Isaac	gloss	1.0
H3446	yis.chaq	deu	Isaak	gloss	1.0
H3446	yis.chaq	nld	Isaak	gloss	1.0
H3446	yis.chaq	swa	isaka	gloss	1.0
H3448	yi.shay	eng	Jesse	gloss	1.0
H3448	yi.shay	fra	Jessé	gloss	1.0
H3448	yi.shay	por	Jessé	gloss	1.0
H3448	yi.shay	spa	Isaí	gloss	1.0
H3448	yi.shay	cmn-Hans	耶西，《思》叶瑟	gloss	1.0
H3448	yi.shay	cmn-Hant	耶西，《思》葉瑟	gloss	1.0
H3448	yi.shay	deu	Isai	gloss	1.0
H3448	yi.shay	nld	Jesse	gloss	1.0
H3448	yi.shay	swa	yese	gloss	1.0
H3448	yi.shay	arb	يَسَّى	aligned	0.897
H3448	yi.shay	arb	وَيَسَّى	aligned	0.667
H3448	yi.shay	eng	jesse’s	aligned	1.0
H3448	yi.shay	eng	jesse	aligned	0.772
H3448	yi.shay	hin	यिशै	aligned	0.804
H3448	yi.shay	rus	иессей	aligned	0.875
H3448	yi.shay	rus	иессею	aligned	0.8
H3448	yi.shay	rus	иессея	aligned	0.333
H3448	yi.shay	spa	isaí	aligned	1.0
H3449	yish.shiy.yah	eng	Isshiah	gloss	1.0
H3449	yish.shiy.yah	deu	Jischija	gloss	1.0
H3449	yish.shiy.yah	nld	Jissia	gloss	1.0
H3449	yish.shiy.yah	swa	ishia, ishiya	gloss	1.0
H3449	yish.shiy.yah	arb	وَيِشِّيَّا	aligned	1.0
H3449	yish.shiy.yah	arb	يِشِّيَّا	aligned	1.0
H3449	yish.shiy.yah	eng	ishshiah	aligned	1.0
H3449	yish.shiy.yah	eng	isshiah	aligned	0.667
H3449	yish.shiy.yah	hin	यिश्शिय्याह	aligned	0.667
H3449	yish.shiy.yah	rus	ишшия	aligned	1.0
H3449	yish.shiy.yah	spa	isía	aligned	1.0
H3449	yish.shiy.yah	spa	isías	aligned	1.0
H3450	ye.shi.ma.el	eng	Jesimiel	gloss	1.0
H3450	ye.shi.ma.el	fra	Yesimiel	gloss	1.0
H3450	ye.shi.ma.el	por	Jesimiel	gloss	1.0
H3450	ye.shi.ma.el	spa	Jesimiel	gloss	1.0
H3450	ye.shi.ma.el	cmn-Hans	耶西篾，《思》耶息米耳	gloss	1.0
H3450	ye.shi.ma.el	cmn-Hant	耶西篾，《思》耶息米耳	gloss	1.0
H3450	ye.shi.ma.el	deu	Jesimiël	gloss	1.0
H3450	ye.shi.ma.el	nld	Jesimiël	gloss	1.0
H3450	ye.shi.ma.el	swa	yesimieli	gloss	1.0
H3458	yish.ma.el	eng	Ishmael	gloss	1.0
H3458	yish.ma.el	fra	Ismaël	gloss	1.0
H3458	yish.ma.el	por	Ismael	gloss	1.0
H3458	yish.ma.el	spa	Ismael	gloss	1.0
H3458	yish.ma.el	cmn-Hans	以实玛利，《思》依市玛耳	gloss	1.0
H3458	yish.ma.el	cmn-Hant	以實瑪利，《思》依市瑪耳	gloss	1.0
H3458	yish.ma.el	deu	Jischmael	gloss	1.0
H3458	yish.ma.el	nld	Ismaël	gloss	1.0
H3458	yish.ma.el	swa	ishmaeli, lau	gloss	1.0
H3458	yish.ma.el	arb	إِسْمَاعِيلَ	aligned	1.0
H3458	yish.ma.el	arb	إِسْمَاعِيلُ	aligned	1.0
H3458	yish.ma.el	arb	وَإِسْمَاعِيلُ	aligned	1.0
H3458	yish.ma.el	eng	ishmael	aligned	0.788
H3458	yish.ma.el	hin	इश्माएल	aligned	0.783
H3458	yish.ma.el	rus	нафании	aligned	0.625
H3458	yish.ma.el	rus	исмаил	aligned	0.4
H3458	yish.ma.el	spa	ismael	aligned	1.0
H3460	yish.ma.yah	eng	Ishmaiah	gloss	1.0
H3460	yish.ma.yah	deu	Jischmaja	gloss	1.0
H3460	yish.ma.yah	nld	Jismaja	gloss	1.0
H3460	yish.ma.yah	swa	ishmaya	gloss	1.0
H3460	yish.ma.yah	eng	ishmaiah	aligned	0.75
H3469	yish.i	eng	Ishi	gloss	1.0
H3469	yish.i	fra	Yishéi	gloss	1.0
H3469	yish.i	por	Isi	gloss	1.0
H3469	yish.i	spa	Isi	gloss	1.0
H3469	yish.i	cmn-Hans	以示，《思》依史	gloss	1.0
H3469	yish.i	cmn-Hant	以示，《思》依史	gloss	1.0
H3469	yish.i	deu	Jischi	gloss	1.0
H3469	yish.i	nld	Jisi	gloss	1.0
H3469	yish.i	swa	ishi	gloss	1.0
H3469	yish.i	arb	يَشْعِي	aligned	1.0
H3469	yish.i	arb	يِشْعِي	aligned	1.0
H3469	yish.i	eng	ishi	aligned	0.8
H3469	yish.i	hin	यिशी	aligned	0.75
H3469	yish.i	spa	isi	aligned	1.0
H3470	ye.sha.yah	eng	Isaiah	gloss	1.0
H3470	ye.sha.yah	deu	Jeschaja	gloss	1.0
H3470	ye.sha.yah	nld	Jesaja	gloss	1.0
H3470	ye.sha.yah	swa	isaya, yeshaya	gloss	1.0
H3470	ye.sha.yah	arb	إِشَعْيَا	aligned	1.0
H3470	ye.sha.yah	arb	وَيِشْعِيَا	aligned	1.0
H3470	ye.sha.yah	arb	يَشَعْيَا	aligned	1.0
H3470	ye.sha.yah	arb	إِشَعْيَاءُ	aligned	0.4
H3470	ye.sha.yah	arb	إِشَعْيَاءَ	aligned	0.214
H3470	ye.sha.yah	eng	jesaiah	aligned	1.0
H3470	ye.sha.yah	eng	jeshaiah	aligned	0.75
H3470	ye.sha.yah	eng	isaiah	aligned	0.55
H3470	ye.sha.yah	hin	यशायाह	aligned	0.596
H3470	ye.sha.yah	rus	амосов	aligned	1.0
H3470	ye.sha.yah	rus	амосова	aligned	1.0
H3470	ye.sha.yah	rus	исаии	aligned	0.667
H3470	ye.sha.yah	rus	исаия	aligned	0.619
H3470	ye.sha.yah	spa	isaía	aligned	1.0
H3470	ye.sha.yah	spa	jesaías	aligned	1.0
H3470	ye.sha.yah	spa	isaías	aligned	0.593
H3478	yis.ra.el	eng	Israel	gloss	1.0
H3478	yis.ra.el	fra	Israël	gloss	1.0
H3478	yis.ra.el	por	Israel	gloss	1.0
H3478	yis.ra.el	spa	Israel	gloss	1.0
H3478	yis.ra.el	cmn-Hans	以色列	gloss	1.0
H3478	yis.ra.el	cmn-Hant	以色列	gloss	1.0
H3478	yis.ra.el	dan	Israel	gloss	1.0
H3478	yis.ra.el	deu	Israel	gloss	1.0
H3478	yis.ra.el	nld	Israël	gloss	1.0
H3478	yis.ra.el	swa	israeli, waisraeli, mwisraeli, yuda, kati	gloss	1.0
H3478	yis.ra.el	amh	እስራኤል	gloss	1.0
H3478	yis.ra.el	arb	وَإِسْرَائِيلَ	aligned	1.0
H3478	yis.ra.el	arb	وَإِسْرَائِيلُ	aligned	1.0
H3478	yis.ra.el	arb	وَلِإِسْرَائِيلَ	aligned	1.0
H3478	yis.ra.el	arb	ٱلْإِسْرَائِيلِيِّ	aligned	1.0
H3478	yis.ra.el	arb	إِسْرَائِيلُ	aligned	0.95
H3478	yis.ra.el	arb	إِسْرَائِيلَ	aligned	0.935
H3478	yis.ra.el	arb	لِإِسْرَائِيلَ	aligned	0.902
H3478	yis.ra.el	arb	بِإِسْرَائِيلَ	aligned	0.75
H3478	yis.ra.el	eng	conquering	aligned	1.0
H3478	yis.ra.el	eng	israel	aligned	0.882
H3478	yis.ra.el	eng	israel’s	aligned	0.675
H3478	yis.ra.el	eng	enthroned	aligned	0.111
H3478	yis.ra.el	hin	इस्राएल	aligned	0.856
H3478	yis.ra.el	hin	इस्राएलियों	aligned	0.852
H3478	yis.ra.el	hin	इस्राएली	aligned	0.821
H3478	yis.ra.el	hin	मिद्यानी	aligned	0.143
H3478	yis.ra.el	rus	сокрыт	aligned	1.0
H3478	yis.ra.el	rus	израильской	aligned	0.714
H3478	yis.ra.el	rus	израильский	aligned	0.689
H3478	yis.ra.el	rus	израилевы	aligned	0.686
H3478	yis.ra.el	rus	израиль	aligned	0.684
H3478	yis.ra.el	rus	далекой	aligned	0.667
H3478	yis.ra.el	rus	израилевым	aligned	0.667
H3478	yis.ra.el	rus	ханох	aligned	0.667
H3478	yis.ra.el	spa	israel	aligned	0.967
H3478	yis.ra.el	spa	israelitas	aligned	0.571
H3479	yis.ra.el	eng	Israel	gloss	1.0
H3484	ye.shu.run	eng	Jeshurun	gloss	1.0
H3484	ye.shu.run	fra	Yeshouroun	gloss	1.0
H3484	ye.shu.run	por	Jesurum	gloss	1.0
H3484	ye.shu.run	spa	Jesurún	gloss	1.0
H3484	ye.shu.run	cmn-Hans	耶书仑，《思》耶叔戎	gloss	1.0
H3484	ye.shu.run	cmn-Hant	耶書崙，《思》耶叔戎	gloss	1.0
H3484	ye.shu.run	deu	Jeschurun	gloss	1.0
H3484	ye.shu.run	nld	Jesurun	gloss	1.0
H3484	ye.shu.run	swa	yeshuruni	gloss	1.0
H3484	ye.shu.run	arb	يَشُورُونَ	aligned	1.0
H3484	ye.shu.run	arb	يَشُورُونُ	aligned	1.0
H3484	ye.shu.run	eng	jeshurun	aligned	0.75
H3484	ye.shu.run	hin	यशूरून	aligned	0.5
H3484	ye.shu.run	spa	jeshurun	aligned	1.0
H3492	yat.tir	eng	Jattir	gloss	1.0
H3492	yat.tir	fra	Yattir	gloss	1.0
H3492	yat.tir	por	Jatir	gloss	1.0
H3492	yat.tir	spa	Jatir	gloss	1.0
H3492	yat.tir	cmn-Hans	雅提珥，《思》雅提尔	gloss	1.0
H3492	yat.tir	cmn-Hant	雅提珥，《思》雅提爾	gloss	1.0
H3492	yat.tir	deu	außergewöhnlich; überaus	gloss	1.0
H3492	yat.tir	nld	buitengewoon	gloss	1.0
H3492	yat.tir	swa	yatiri, kias, bora, liku, tish	gloss	1.0
H3492	yat.tir	eng	jattir	aligned	0.714
H3496	yat.ni.el	eng	Jathniel	gloss	1.0
H3496	yat.ni.el	fra	Yatniel	gloss	1.0
H3496	yat.ni.el	por	Jatniel	gloss	1.0
H3496	yat.ni.el	spa	Jatniel	gloss	1.0
H3496	yat.ni.el	cmn-Hans	耶提聂，《思》雅特尼耳	gloss	1.0
H3496	yat.ni.el	cmn-Hant	耶提聶，《思》雅特尼耳	gloss	1.0
H3496	yat.ni.el	deu	Jatniël	gloss	1.0
H3496	yat.ni.el	nld	Jatniël	gloss	1.0
H3496	yat.ni.el	swa	yathnieli	gloss	1.0
H3496	yat.ni.el	eng	jathniel	aligned	1.0
H3500	ye.ter	eng	Jether	gloss	1.0
H3500	ye.ter	arb	يَثَرُ	aligned	1.0
H3500	ye.ter	eng	jether	aligned	0.938
H3500	ye.ter	hin	येतेर	aligned	1.0
H3500	ye.ter	spa	jether	aligned	1.0
H3503	yit.ro	eng	Jethro	gloss	1.0
H3503	yit.ro	fra	Jéthro	gloss	1.0
H3503	yit.ro	por	Jetro	gloss	1.0
H3503	yit.ro	spa	Jetro	gloss	1.0
H3503	yit.ro	cmn-Hans	叶特罗，叶忒罗，《思》耶特洛	gloss	1.0
H3503	yit.ro	cmn-Hant	葉特羅，葉忒羅，《思》耶特洛	gloss	1.0
H3503	yit.ro	dan	Jetro	gloss	1.0
H3503	yit.ro	deu	Jitro	gloss	1.0
H3503	yit.ro	nld	Jetro	gloss	1.0
H3503	yit.ro	swa	yethro	gloss	1.0
H3503	yit.ro	arb	يَثْرُونُ	aligned	1.0
H3503	yit.ro	eng	jethro	aligned	0.81
H3503	yit.ro	hin	यित्रो	aligned	0.727
H3503	yit.ro	rus	иофор	aligned	1.0
H3503	yit.ro	rus	моисеев	aligned	0.333
H3503	yit.ro	spa	jethro	aligned	0.9
H3506	yit.ran	eng	Ithran	gloss	1.0
H3506	yit.ran	fra	Yitrân	gloss	1.0
H3506	yit.ran	por	Itrã	gloss	1.0
H3506	yit.ran	spa	Itrán	gloss	1.0
H3506	yit.ran	cmn-Hans	益兰，《思》依特兰，依特郎	gloss	1.0
H3506	yit.ran	cmn-Hant	益蘭，《思》依特蘭，依特郎	gloss	1.0
H3506	yit.ran	deu	Jitran	gloss	1.0
H3506	yit.ran	nld	Jitran	gloss	1.0
H3506	yit.ran	swa	ithrani	gloss	1.0
H3506	yit.ran	arb	وَيِثْرَانُ	aligned	1.0
H3506	yit.ran	eng	ithran	aligned	0.333
H3509	ye.tet	eng	Jetheth	gloss	1.0
H3509	ye.tet	fra	Yeteth	gloss	1.0
H3509	ye.tet	por	Jetete	gloss	1.0
H3509	ye.tet	spa	Jetet	gloss	1.0
H3509	ye.tet	cmn-Hans	耶帖，《思》耶太特	gloss	1.0
H3509	ye.tet	cmn-Hant	耶帖，《思》耶太特	gloss	1.0
H3509	ye.tet	deu	Jetet	gloss	1.0
H3509	ye.tet	nld	Jetet	gloss	1.0
H3509	ye.tet	swa	yethethi	gloss	1.0
H3509	ye.tet	arb	يَتِيتَ	aligned	1.0
H3509	ye.tet	eng	allotments	aligned	1.0
H3509	ye.tet	eng	anakites	aligned	1.0
H3509	ye.tet	eng	bandit	aligned	1.0
H3509	ye.tet	eng	bursting	aligned	1.0
H3509	ye.tet	eng	crackling	aligned	1.0
H3509	ye.tet	eng	originals	aligned	1.0
H3509	ye.tet	eng	shack	aligned	1.0
H3509	ye.tet	eng	slice	aligned	1.0
H3509	ye.tet	hin	गूलरों	aligned	1.0
H3509	ye.tet	hin	चीते	aligned	1.0
H3509	ye.tet	hin	झलकाया	aligned	1.0
H3509	ye.tet	hin	फाँक	aligned	1.0
H3509	ye.tet	hin	यतेत	aligned	1.0
H3509	ye.tet	hin	सदोमियों	aligned	1.0
H3509	ye.tet	hin	हिरनों	aligned	1.0
H3509	ye.tet	hin	भूसे	aligned	0.75
H3509	ye.tet	spa	jetheth	aligned	1.0
H3509	ye.tet	spa	como	aligned	0.224
H3509	ye.tet	spa	conforme	aligned	0.205
H3509	ye.tet	spa	según	aligned	0.156
H3529	ke.var	eng	Chebar	gloss	1.0
H3529	ke.var	arb	خَابُورَ	aligned	1.0
H3529	ke.var	eng	chebar	aligned	1.0
H3529	ke.var	eng	kebar	aligned	0.875
H3529	ke.var	hin	कबार	aligned	1.0
H3529	ke.var	spa	chebar	aligned	1.0
H3562	ko.nan.ya.hu	eng	Conaniah	gloss	1.0
H3562	ko.nan.ya.hu	arb	كُونَنْيَا	aligned	1.0
H3562	ko.nan.ya.hu	eng	conaniah	aligned	0.667
H3562	ko.nan.ya.hu	hin	कोनन्याह	aligned	0.667
H3562	ko.nan.ya.hu	spa	chônanías	aligned	1.0
H3567	ko.resh	eng	Cyrus	gloss	1.0
H3567	ko.resh	arb	كُورَشُ	aligned	0.375
H3567	ko.resh	arb	كُورَشَ	aligned	0.286
H3567	ko.resh	arb	لِكُورَشَ	aligned	0.286
H3567	ko.resh	hin	कुस्रू	aligned	0.286
H3567	ko.resh	spa	ciro	aligned	0.348
H3570	ku.shi	eng	Cushi	gloss	1.0
H3570	ku.shi	eng	cushi	aligned	0.667
H3573	ku.shan rish.a.ta.yim	eng	Cushan-rishathaim	gloss	1.0
H3573	ku.shan rish.a.ta.yim	fra	Koushân-Rishéatayim	gloss	1.0
H3573	ku.shan rish.a.ta.yim	por	Cuchã-Risataim	gloss	1.0
H3573	ku.shan rish.a.ta.yim	spa	Cusan-risataim	gloss	1.0
H3573	ku.shan rish.a.ta.yim	cmn-Hans	古珊‧利萨田，《思》雇商黎沙塔殷	gloss	1.0
H3573	ku.shan rish.a.ta.yim	cmn-Hant	古珊‧利薩田，《思》雇商黎沙塔殷	gloss	1.0
H3573	ku.shan rish.a.ta.yim	deu	Kuschan-Rischatajim	gloss	1.0
H3573	ku.shan rish.a.ta.yim	nld	Kusan-Risataïm	gloss	1.0
H3573	ku.shan rish.a.ta.yim	swa	kushan-rishathaimu	gloss	1.0
H3573	ku.shan rish.a.ta.yim	eng	chushan-rishathaim	aligned	0.667
H3612	ka.lev	eng	Caleb	gloss	1.0
H3612	ka.lev	fra	Caleb	gloss	1.0
H3612	ka.lev	por	Calebe	gloss	1.0
H3612	ka.lev	spa	Caleb	gloss	1.0
H3612	ka.lev	cmn-Hans	迦勒，《思》加肋布	gloss	1.0
H3612	ka.lev	cmn-Hant	迦勒，《思》加肋布	gloss	1.0
H3612	ka.lev	deu	Kaleb	gloss	1.0
H3612	ka.lev	nld	Kaleb	gloss	1.0
H3612	ka.lev	swa	kalebu	gloss	1.0
H3612	ka.lev	arb	كَالَبَ	aligned	1.0
H3612	ka.lev	arb	كَالَبُ	aligned	1.0
H3612	ka.lev	arb	كَالِبَ	aligned	1.0
H3612	ka.lev	arb	كَالِبُ	aligned	1.0
H3612	ka.lev	arb	لِكَالَبَ	aligned	1.0
H3612	ka.lev	arb	وَكَالِبُ	aligned	1.0
H3612	ka.lev	eng	caleb’s	aligned	1.0
H3612	ka.lev	eng	caleb	aligned	0.779
H3612	ka.lev	hin	कालेब	aligned	0.618
H3612	ka.lev	hin	ओत्नीएल	aligned	0.25
H3612	ka.lev	rus	иефонниин	aligned	1.0
H3612	ka.lev	rus	иефонниина	aligned	1.0
H3612	ka.lev	rus	иефонниину	aligned	1.0
H3612	ka.lev	rus	халев	aligned	0.625
H3612	ka.lev	spa	caleb	aligned	0.946
H3620	ke.luv	eng	Chelub	gloss	1.0
H3620	ke.luv	deu	Korb, Käfig	gloss	1.0
H3620	ke.luv	nld	vogelkooi	gloss	1.0
H3620	ke.luv	swa	kap, kapu, nyungo, okot, ungo	gloss	1.0
H3620	ke.luv	eng	chelub	aligned	0.75
H3626	kol-cho.zeh	eng	Col-hozeh	gloss	1.0
H3626	kol-cho.zeh	fra	Kol-Hozè	gloss	1.0
H3626	kol-cho.zeh	por	Col-Hozé	gloss	1.0
H3626	kol-cho.zeh	spa	Colhoze	gloss	1.0
H3626	kol-cho.zeh	cmn-Hans	各·荷西，《思》苛耳曷则	gloss	1.0
H3626	kol-cho.zeh	cmn-Hant	各·荷西，《思》苛耳曷則	gloss	1.0
H3626	kol-cho.zeh	eng	col-hozeh	aligned	1.0
H3630	kil.yon	eng	Chilion	gloss	1.0
H3630	kil.yon	fra	Kiliôn	gloss	1.0
H3630	kil.yon	por	Quiliom	gloss	1.0
H3630	kil.yon	spa	Quelión	gloss	1.0
H3630	kil.yon	cmn-Hans	基连，《思》基肋雍	gloss	1.0
H3630	kil.yon	cmn-Hant	基連，《思》基肋雍	gloss	1.0
H3630	kil.yon	arb	وَكِلْيُونُ	aligned	1.0
H3630	kil.yon	eng	chilion	aligned	0.5
H3630	kil.yon	spa	chelión	aligned	1.0
H3645	ke.mosh	eng	Chemosh	gloss	1.0
H3645	ke.mosh	fra	Kemosh	gloss	1.0
H3645	ke.mosh	por	Camos	gloss	1.0
H3645	ke.mosh	spa	Quemos	gloss	1.0
H3645	ke.mosh	cmn-Hans	基抹，《思》革摩士	gloss	1.0
H3645	ke.mosh	cmn-Hant	基抹，《思》革摩士	gloss	1.0
H3645	ke.mosh	deu	Kemosch	gloss	1.0
H3645	ke.mosh	nld	Kemos	gloss	1.0
H3645	ke.mosh	swa	kemoshi, alak, kitamalak	gloss	1.0
H3645	ke.mosh	arb	كَمُوشَ	aligned	1.0
H3645	ke.mosh	arb	كَمُوشُ	aligned	1.0
H3645	ke.mosh	arb	وَلِكَمُوشَ	aligned	1.0
H3645	ke.mosh	eng	chemosh	aligned	0.75
H3645	ke.mosh	hin	कमोश	aligned	0.375
H3645	ke.mosh	spa	chêmos	aligned	1.0
H3648	ka.mar	eng	grow warm	gloss	1.0
H3648	ka.mar	fra	être brûlant	gloss	1.0
H3648	ka.mar	por	estar quente	gloss	1.0
H3648	ka.mar	spa	arder	gloss	1.0
H3648	ka.mar	cmn-Hans	发热；发烧	gloss	1.0
H3648	ka.mar	cmn-Hant	發熱；發燒	gloss	1.0
H3648	ka.mar	dan	vækkes til live	gloss	1.0
H3648	ka.mar	deu	heiß, erregt werden	gloss	1.0
H3648	ka.mar	nld	opgewonden raken, heet worden	gloss	1.0
H3648	ka.mar	swa	moto, joto, akiota, hu, chakula	gloss	1.0
H3648	ka.mar	arb	ٱضْطَرَمَتْ	aligned	0.667
H3648	ka.mar	eng	yearned	aligned	1.0
H3648	ka.mar	spa	conmovieron	aligned	0.5
H3659	kon.ya.hu	eng	Coniah	gloss	1.0
H3659	kon.ya.hu	deu	Jojachin	gloss	1.0
H3659	kon.ya.hu	nld	Jojakim	gloss	1.0
H3659	kon.ya.hu	swa	konia	gloss	1.0
H3659	kon.ya.hu	arb	كُنْيَاهُو	aligned	1.0
H3659	kon.ya.hu	eng	coniah	aligned	0.833
H3659	kon.ya.hu	hin	कोन्याह	aligned	1.0
H3659	kon.ya.hu	spa	conías	aligned	1.0
H3662	ke.na.ni	eng	Chenani	gloss	1.0
H3662	ke.na.ni	fra	Kenani	gloss	1.0
H3662	ke.na.ni	por	Quenani	gloss	1.0
H3662	ke.na.ni	spa	Quenani	gloss	1.0
H3662	ke.na.ni	cmn-Hans	基拿尼，《思》革纳尼	gloss	1.0
H3662	ke.na.ni	cmn-Hant	基拿尼，《思》革納尼	gloss	1.0
H3662	ke.na.ni	deu	Kenani	gloss	1.0
H3662	ke.na.ni	nld	Kenani	gloss	1.0
H3662	ke.na.ni	swa	kenani	gloss	1.0
H3663	ke.nan.yah	eng	Chenaniah	gloss	1.0
H3663	ke.nan.yah	fra	Kenanya	gloss	1.0
H3663	ke.nan.yah	por	Quenanias	gloss	1.0
H3663	ke.nan.yah	spa	Quenanías	gloss	1.0
H3663	ke.nan.yah	cmn-Hans	基拿尼雅，《思》革纳黎雅	gloss	1.0
H3663	ke.nan.yah	cmn-Hant	基拿尼雅，《思》革納黎雅	gloss	1.0
H3663	ke.nan.yah	deu	Kenanja	gloss	1.0
H3663	ke.nan.yah	nld	Kenanja	gloss	1.0
H3663	ke.nan.yah	swa	kenania, waongoze	gloss	1.0
H3663	ke.nan.yah	arb	وَكَنَنْيَا	aligned	1.0
H3663	ke.nan.yah	eng	chenaniah	aligned	0.667
H3663	ke.nan.yah	spa	chênanías	aligned	1.0
H3667	ke.na.an	eng	Canaan	gloss	1.0
H3667	ke.na.an	fra	Canaan	gloss	1.0
H3667	ke.na.an	por	Canaã	gloss	1.0
H3667	ke.na.an	spa	Canaán	gloss	1.0
H3667	ke.na.an	cmn-Hans	迦南，《思》客纳罕	gloss	1.0
H3667	ke.na.an	cmn-Hant	迦南，《思》客納罕	gloss	1.0
H3667	ke.na.an	dan	Kana'an	gloss	1.0
H3667	ke.na.an	deu	Kanaan	gloss	1.0
H3667	ke.na.an	nld	Kanaän	gloss	1.0
H3667	ke.na.an	swa	kanaani, biashara, oti, ukaldayo	gloss	1.0
H3667	ke.na.an	arb	كَنْعَانُ	aligned	1.0
H3667	ke.na.an	arb	وَكَنْعَانُ	aligned	1.0
H3667	ke.na.an	arb	كَنْعَانَ	aligned	0.966
H3667	ke.na.an	eng	canaan	aligned	0.926
H3667	ke.na.an	eng	merchant	aligned	0.143
H3667	ke.na.an	hin	कनान	aligned	0.916
H3667	ke.na.an	hin	कनानी	aligned	0.105
H3667	ke.na.an	rus	ханаан	aligned	0.75
H3667	ke.na.an	rus	ханаанскую	aligned	0.429
H3667	ke.na.an	rus	ханаанской	aligned	0.278
H3667	ke.na.an	spa	canaán	aligned	0.967
H3667	ke.na.an	spa	mercader	aligned	0.4
H3672	kin.n.rot	eng	Chinnereth	gloss	1.0
H3672	kin.n.rot	fra	Kinnèreth	gloss	1.0
H3672	kin.n.rot	por	Quinerete	gloss	1.0
H3672	kin.n.rot	spa	Cineret	gloss	1.0
H3672	kin.n.rot	cmn-Hans	基尼烈，《思》基乃勒特	gloss	1.0
H3672	kin.n.rot	cmn-Hant	基尼烈，《思》基乃勒特	gloss	1.0
H3672	kin.n.rot	deu	Kinneret	gloss	1.0
H3672	kin.n.rot	nld	Kinneret	gloss	1.0
H3672	kin.n.rot	swa	kinerethi, kinerothi	gloss	1.0
H3672	kin.n.rot	arb	كِنَّارَةَ	aligned	1.0
H3672	kin.n.rot	arb	كِنَّرُوتَ	aligned	1.0
H3672	kin.n.rot	eng	chinnereth	aligned	0.727
H3672	kin.n.rot	eng	chinneroth	aligned	0.667
H3672	kin.n.rot	hin	किन्नेरेत	aligned	0.833
H3672	kin.n.rot	spa	cinneroth	aligned	1.0
H3703	ka.siph.ya	eng	Casiphia	gloss	1.0
H3703	ka.siph.ya	fra	Kasifya	gloss	1.0
H3703	ka.siph.ya	por	Casifia	gloss	1.0
H3703	ka.siph.ya	spa	Casifia	gloss	1.0
H3703	ka.siph.ya	cmn-Hans	迦西斐雅，《思》加息非雅	gloss	1.0
H3703	ka.siph.ya	cmn-Hant	迦西斐雅，《思》加息非雅	gloss	1.0
H3703	ka.siph.ya	deu	Kasifja	gloss	1.0
H3703	ka.siph.ya	nld	Kasifja	gloss	1.0
H3703	ka.siph.ya	swa	kasifia	gloss	1.0
H3703	ka.siph.ya	eng	casiphia	aligned	0.5
H3703	ka.siph.ya	spa	casipia	aligned	1.0
H3716	ke.phi.rah	eng	Chephirah	gloss	1.0
H3716	ke.phi.rah	fra	Kefira	gloss	1.0
H3716	ke.phi.rah	por	Cefira	gloss	1.0
H3716	ke.phi.rah	spa	Cafira	gloss	1.0
H3716	ke.phi.rah	cmn-Hans	基非拉，《思》革非辣	gloss	1.0
H3716	ke.phi.rah	cmn-Hant	基非拉，《思》革非辣	gloss	1.0
H3716	ke.phi.rah	deu	Kefira	gloss	1.0
H3716	ke.phi.rah	nld	Kefira	gloss	1.0
H3716	ke.phi.rah	swa	kefira	gloss	1.0
H3716	ke.phi.rah	arb	كَفِيرَةَ	aligned	1.0
H3716	ke.phi.rah	eng	chephirah	aligned	0.5
H3716	ke.phi.rah	rus	беерофа	aligned	1.0
H3716	ke.phi.rah	spa	chephira	aligned	1.0
H3731	kaph.tor	eng	Caphtor	gloss	1.0
H3731	kaph.tor	deu	Kaftor	gloss	1.0
H3731	kaph.tor	nld	Kaftoriet	gloss	1.0
H3731	kaph.tor	swa	kaftori	gloss	1.0
H3731	kaph.tor	arb	كَفْتُورَ	aligned	1.0
H3731	kaph.tor	eng	caphtor	aligned	0.667
H3731	kaph.tor	spa	caphtor	aligned	1.0
H3743	ke.ruv	eng	Cherub	gloss	1.0
H3743	ke.ruv	arb	كَرُوبُ	aligned	1.0
H3743	ke.ruv	spa	chêrub	aligned	1.0
H3760	kar.mel	eng	Carmel	gloss	1.0
H3760	kar.mel	arb	كَرْمَلَ	aligned	1.0
H3760	kar.mel	arb	وَكَرْمَلُ	aligned	1.0
H3760	kar.mel	arb	ٱلْكَرْمَلِ	aligned	0.857
H3760	kar.mel	eng	carmel	aligned	0.358
H3760	kar.mel	rus	кармил	aligned	0.333
H3760	kar.mel	spa	carmel	aligned	1.0
H3760	kar.mel	spa	carmelo	aligned	0.765
H3794	kit.ti	eng	Kittim	gloss	1.0
H3794	kit.ti	fra	Kittim	gloss	1.0
H3794	kit.ti	por	Quitim	gloss	1.0
H3794	kit.ti	spa	Quitim	gloss	1.0
H3794	kit.ti	cmn-Hans	基提，《思》基廷	gloss	1.0
H3794	kit.ti	cmn-Hant	基提，《思》基廷	gloss	1.0
H3794	kit.ti	arb	كِتِّيمَ	aligned	1.0
H3794	kit.ti	arb	وَكِتِّيمُ	aligned	1.0
H3794	kit.ti	eng	chittim	aligned	1.0
H3794	kit.ti	eng	kittim	aligned	1.0
H3794	kit.ti	eng	kittites	aligned	1.0
H3794	kit.ti	eng	cyprus	aligned	0.25
H3794	kit.ti	hin	कित्ती	aligned	1.0
H3794	kit.ti	hin	कित्तियों	aligned	0.833
H3810	lo de.var	eng	Lo-debar	gloss	1.0
H3810	lo de.var	eng	lo-debar	aligned	0.429
H3812	le.ah	eng	Leah	gloss	1.0
H3812	le.ah	fra	Léa	gloss	1.0
H3812	le.ah	por	Lia	gloss	1.0
H3812	le.ah	spa	Lea	gloss	1.0
H3812	le.ah	cmn-Hans	利亚，《思》肋阿	gloss	1.0
H3812	le.ah	cmn-Hant	利亞，《思》肋阿	gloss	1.0
H3812	le.ah	deu	Lea	gloss	1.0
H3812	le.ah	nld	Lea	gloss	1.0
H3812	le.ah	swa	lea	gloss	1.0
H3812	le.ah	arb	لَيْئَةَ	aligned	1.0
H3812	le.ah	arb	لَيْئَةُ	aligned	1.0
H3812	le.ah	arb	لِلَيْئَةَ	aligned	1.0
H3812	le.ah	arb	وَلَيْئَةَ	aligned	1.0
H3812	le.ah	eng	leah’s	aligned	1.0
H3812	le.ah	eng	leah	aligned	0.839
H3812	le.ah	hin	लिआ	aligned	0.8
H3812	le.ah	rus	лия	aligned	0.846
H3812	le.ah	rus	лии	aligned	0.25
H3812	le.ah	spa	lea	aligned	1.0
H3837	la.van	eng	Laban	gloss	1.0
H3837	la.van	dan	Laban	gloss	1.0
H3837	la.van	deu	Laban	gloss	1.0
H3837	la.van	nld	Laban	gloss	1.0
H3837	la.van	swa	meup, nyeupe, mweupe, weup, cheupe	gloss	1.0
H3837	la.van	arb	لَابَانَ	aligned	1.0
H3837	la.van	arb	لَابَانُ	aligned	1.0
H3837	la.van	arb	لِلَابَانَ	aligned	0.857
H3837	la.van	eng	laban	aligned	0.79
H3837	la.van	eng	laban’s	aligned	0.778
H3837	la.van	hin	मामा	aligned	1.0
H3837	la.van	hin	लाबान	aligned	0.764
H3837	la.van	rus	лаван	aligned	0.833
H3837	la.van	rus	лавана	aligned	0.6
H3837	la.van	rus	лавану	aligned	0.571
H3837	la.van	spa	labán	aligned	1.0
H3841	liv.nah	eng	Libnah	gloss	1.0
H3841	liv.nah	arb	بِلِبْنَةَ	aligned	1.0
H3841	liv.nah	arb	لِبْنَةَ	aligned	1.0
H3841	liv.nah	arb	لِبْنَةُ	aligned	1.0
H3841	liv.nah	eng	libnah	aligned	0.73
H3841	liv.nah	hin	लिब्ना	aligned	0.75
H3841	liv.nah	rus	ливна	aligned	1.0
H3841	liv.nah	rus	ливне	aligned	1.0
H3841	liv.nah	rus	ливны	aligned	0.8
H3841	liv.nah	spa	libna	aligned	1.0
H3845	liv.ni	eng	Libni	gloss	1.0
H3845	liv.ni	fra	Livni	gloss	1.0
H3845	liv.ni	por	Libni	gloss	1.0
H3845	liv.ni	spa	Libni	gloss	1.0
H3845	liv.ni	cmn-Hans	立尼，《思》里贝尼	gloss	1.0
H3845	liv.ni	cmn-Hant	立尼，《思》里貝尼	gloss	1.0
H3845	liv.ni	deu	Libniter	gloss	1.0
H3845	liv.ni	nld	Libniet	gloss	1.0
H3845	liv.ni	swa	walibni	gloss	1.0
H3845	liv.ni	arb	لِبْنِي	aligned	1.0
H3845	liv.ni	eng	libni	aligned	1.0
H3845	liv.ni	hin	लिब्नी	aligned	0.833
H3845	liv.ni	rus	ливни	aligned	0.75
H3845	liv.ni	spa	libni	aligned	0.833
H3865	lud	eng	Lud	gloss	1.0
H3865	lud	fra	Loud	gloss	1.0
H3865	lud	por	Lude	gloss	1.0
H3865	lud	spa	Lud	gloss	1.0
H3865	lud	cmn-Hans	路德，《思》路得	gloss	1.0
H3865	lud	cmn-Hant	路德，《思》路得	gloss	1.0
H3865	lud	deu	Lud	gloss	1.0
H3865	lud	nld	Lud	gloss	1.0
H3865	lud	swa	ludi	gloss	1.0
H3865	lud	arb	وَلُودُ	aligned	1.0
H3865	lud	eng	lud	aligned	0.5
H3865	lud	spa	lud	aligned	0.667
H3872	lu.chit	eng	Luhith	gloss	1.0
H3872	lu.chit	fra	Louhith	gloss	1.0
H3872	lu.chit	por	Luíte	gloss	1.0
H3872	lu.chit	spa	Luhit	gloss	1.0
H3872	lu.chit	cmn-Hans	鲁希坡，《思》路希特	gloss	1.0
H3872	lu.chit	cmn-Hant	魯希坡，《思》路希特	gloss	1.0
H3872	lu.chit	deu	Luhit	gloss	1.0
H3872	lu.chit	nld	Luchit	gloss	1.0
H3872	lu.chit	swa	luhithi	gloss	1.0
H3872	lu.chit	spa	luhith	aligned	1.0
H3876	lot	eng	Lot	gloss	1.0
H3876	lot	dan	Lot	gloss	1.0
H3876	lot	deu	Lot	gloss	1.0
H3876	lot	nld	Lot	gloss	1.0
H3876	lot	swa	lutu, wakw	gloss	1.0
H3876	lot	arb	لِلُوطٍ	aligned	1.0
H3876	lot	arb	وَلُوطًا	aligned	1.0
H3876	lot	arb	وَلُوطٌ	aligned	1.0
H3876	lot	arb	لُوطًا	aligned	0.875
H3876	lot	arb	لُوطٌ	aligned	0.846
H3876	lot	arb	لُوطٍ	aligned	0.6
H3876	lot	eng	lot’s	aligned	0.6
H3876	lot	eng	lot	aligned	0.26
H3876	lot	hin	भतीजे	aligned	0.667
H3876	lot	hin	लूत	aligned	0.657
H3876	lot	rus	лоту	aligned	1.0
H3876	lot	rus	лот	aligned	0.7
H3876	lot	rus	лота	aligned	0.333
H3876	lot	spa	lot	aligned	0.892
H3877	lo.tan	eng	Lotan	gloss	1.0
H3877	lo.tan	fra	Lotân	gloss	1.0
H3877	lo.tan	por	Lotã	gloss	1.0
H3877	lo.tan	spa	Lotán	gloss	1.0
H3877	lo.tan	cmn-Hans	罗坍，《思》罗特	gloss	1.0
H3877	lo.tan	cmn-Hant	羅坍，《思》羅特	gloss	1.0
H3877	lo.tan	deu	Lotan	gloss	1.0
H3877	lo.tan	nld	Lotan	gloss	1.0
H3877	lo.tan	swa	lotani	gloss	1.0
H3877	lo.tan	arb	لُوطَانَ	aligned	1.0
H3877	lo.tan	arb	لُوطَانُ	aligned	1.0
H3877	lo.tan	eng	lotan	aligned	1.0
H3877	lo.tan	eng	lotan’s	aligned	1.0
H3877	lo.tan	hin	लोतान	aligned	1.0
H3877	lo.tan	rus	лотана	aligned	1.0
H3877	lo.tan	spa	lotán	aligned	1.0
H3878	le.vi	eng	Levi	gloss	1.0
H3878	le.vi	fra	Lévi	gloss	1.0
H3878	le.vi	por	Levi	gloss	1.0
H3878	le.vi	spa	Leví	gloss	1.0
H3878	le.vi	cmn-Hans	利未，《思》肋未	gloss	1.0
H3878	le.vi	cmn-Hant	利未，《思》肋未	gloss	1.0
H3878	le.vi	dan	Levit	gloss	1.0
H3878	le.vi	deu	Levit	gloss	1.0
H3878	le.vi	nld	Levi	gloss	1.0
H3878	le.vi	swa	walawi, mlawi, lawi	gloss	1.0
H3878	le.vi	amh	ሌዊ	gloss	1.0
H3878	le.vi	arb	وَلَاوِي	aligned	1.0
H3878	le.vi	arb	لَاوِي	aligned	0.758
H3878	le.vi	eng	levi	aligned	0.464
H3878	le.vi	hin	लेवी	aligned	0.404
H3878	le.vi	rus	левиина	aligned	0.6
H3878	le.vi	rus	левия	aligned	0.529
H3878	le.vi	rus	левииных	aligned	0.5
H3878	le.vi	rus	левиины	aligned	0.4
H3878	le.vi	spa	leví	aligned	0.569
H3896	le.chi	eng	Lehi	gloss	1.0
H3896	le.chi	arb	لَحْيٍ	aligned	1.0
H3896	le.chi	eng	lehi	aligned	0.286
H3896	le.chi	spa	lehi	aligned	1.0
H3919	la.yish	eng	Laish	gloss	1.0
H3919	la.yish	fra	Laïsha	gloss	1.0
H3919	la.yish	por	Laís	gloss	1.0
H3919	la.yish	spa	Lais	gloss	1.0
H3919	la.yish	cmn-Hans	莱煞，《思》拉依士	gloss	1.0
H3919	la.yish	cmn-Hant	萊煞，《思》拉依士	gloss	1.0
H3919	la.yish	deu	Lajisch	gloss	1.0
H3919	la.yish	nld	leeuw	gloss	1.0
H3919	la.yish	swa	laisha	gloss	1.0
H3919	la.yish	arb	لَايِشَ	aligned	1.0
H3919	la.yish	eng	laish	aligned	0.917
H3919	la.yish	hin	लैश	aligned	0.5
H3919	la.yish	spa	lais	aligned	0.857
H3923	la.khish	eng	Lachish	gloss	1.0
H3923	la.khish	fra	Lakish	gloss	1.0
H3923	la.khish	por	Láquis	gloss	1.0
H3923	la.khish	spa	Laquis	gloss	1.0
H3923	la.khish	cmn-Hans	拉吉，《思》拉基士，拉基市	gloss	1.0
H3923	la.khish	cmn-Hant	拉吉，《思》拉基士，拉基市	gloss	1.0
H3923	la.khish	deu	Lachisch	gloss	1.0
H3923	la.khish	nld	Lachis	gloss	1.0
H3923	la.khish	swa	lakishi	gloss	1.0
H3923	la.khish	arb	لَاخِيشَ	aligned	1.0
H3923	la.khish	arb	لَخِيشَ	aligned	1.0
H3923	la.khish	arb	وَلَخِيشَ	aligned	1.0
H3923	la.khish	eng	lachish	aligned	0.854
H3923	la.khish	hin	लाकीश	aligned	0.85
H3923	la.khish	rus	лахису	aligned	1.0
H3923	la.khish	rus	лахиса	aligned	0.429
H3923	la.khish	spa	lachîs	aligned	1.0
H3929	le.mekh	eng	Lamech	gloss	1.0
H3929	le.mekh	fra	Lamek	gloss	1.0
H3929	le.mekh	por	Lameque	gloss	1.0
H3929	le.mekh	spa	Lamec	gloss	1.0
H3929	le.mekh	cmn-Hans	拉麦，《思》拉默客	gloss	1.0
H3929	le.mekh	cmn-Hant	拉麥，《思》拉默客	gloss	1.0
H3929	le.mekh	deu	Lamech	gloss	1.0
H3929	le.mekh	nld	Lamech	gloss	1.0
H3929	le.mekh	swa	lameki	gloss	1.0
H3929	le.mekh	arb	لَامَكُ	aligned	1.0
H3929	le.mekh	arb	لَامَكَ	aligned	0.833
H3929	le.mekh	eng	lamech	aligned	0.875
H3929	le.mekh	hin	लेमेक	aligned	0.818
H3929	le.mekh	rus	ламех	aligned	1.0
H3929	le.mekh	rus	ламеха	aligned	1.0
H3929	le.mekh	spa	lamech	aligned	0.917
H3959	le.shem	eng	Leshem	gloss	1.0
H3959	le.shem	arb	لَشَمَ	aligned	1.0
H3959	le.shem	eng	leshem	aligned	0.75
H3959	le.shem	spa	lesem	aligned	1.0
H4023	me.gid.don	eng	Megiddo	gloss	1.0
H4023	me.gid.don	fra	Meguiddo	gloss	1.0
H4023	me.gid.don	por	Megido	gloss	1.0
H4023	me.gid.don	spa	Meguido	gloss	1.0
H4023	me.gid.don	cmn-Hans	米吉多，《思》默基多	gloss	1.0
H4023	me.gid.don	cmn-Hant	米吉多，《思》默基多	gloss	1.0
H4023	me.gid.don	deu	Megiddo	gloss	1.0
H4023	me.gid.don	nld	Megiddo	gloss	1.0
H4023	me.gid.don	swa	megido	gloss	1.0
H4023	me.gid.don	arb	مَجِدُّو	aligned	1.0
H4023	me.gid.don	arb	وَمَجِدُّو	aligned	1.0
H4023	me.gid.don	eng	megiddo	aligned	0.652
H4023	me.gid.don	hin	मगिद्दो	aligned	0.6
H4023	me.gid.don	spa	megiddo	aligned	1.0
H4025	mag.di.el	eng	Magdiel	gloss	1.0
H4025	mag.di.el	fra	Magdiel	gloss	1.0
H4025	mag.di.el	por	Magdiel	gloss	1.0
H4025	mag.di.el	spa	Magdiel	gloss	1.0
H4025	mag.di.el	cmn-Hans	玛基迭，《思》玛革狄耳	gloss	1.0
H4025	mag.di.el	cmn-Hant	瑪基疊，《思》瑪革狄耳	gloss	1.0
H4025	mag.di.el	deu	Magdiël	gloss	1.0
H4025	mag.di.el	nld	Magdiël	gloss	1.0
H4025	mag.di.el	swa	magdieli	gloss	1.0
H4025	mag.di.el	arb	مَجْدِيئِيلَ	aligned	1.0
H4025	mag.di.el	eng	magdiel	aligned	1.0
H4025	mag.di.el	hin	मग्दीएल	aligned	1.0
H4025	mag.di.el	rus	ирам	aligned	1.0
H4025	mag.di.el	spa	magdiel	aligned	1.0
H4027	mig.dal-el	eng	Migdal-el	gloss	1.0
H4027	mig.dal-el	fra	Migdal-El	gloss	1.0
H4027	mig.dal-el	por	Migdal-El	gloss	1.0
H4027	mig.dal-el	spa	Migdal-El	gloss	1.0
H4027	mig.dal-el	cmn-Hans	密大‧伊勒，《思》米革达肋耳	gloss	1.0
H4027	mig.dal-el	cmn-Hant	密大‧伊勒，《思》米革達肋耳	gloss	1.0
H4027	mig.dal-el	deu	Migdal-El	gloss	1.0
H4027	mig.dal-el	nld	Migdal-El	gloss	1.0
H4027	mig.dal-el	swa	migdal-eli	gloss	1.0
H4031	ma.gog	eng	Magog	gloss	1.0
H4031	ma.gog	fra	Magog	gloss	1.0
H4031	ma.gog	por	Magogue	gloss	1.0
H4031	ma.gog	spa	Magog	gloss	1.0
H4031	ma.gog	cmn-Hans	玛各，《思》玛哥格	gloss	1.0
H4031	ma.gog	cmn-Hant	瑪各，《思》瑪哥格	gloss	1.0
H4031	ma.gog	deu	Magog	gloss	1.0
H4031	ma.gog	nld	Magog	gloss	1.0
H4031	ma.gog	swa	magogu	gloss	1.0
H4031	ma.gog	arb	مَاجُوجَ	aligned	1.0
H4031	ma.gog	arb	وَمَاجُوجُ	aligned	1.0
H4031	ma.gog	eng	magog	aligned	0.4
H4031	ma.gog	spa	magog	aligned	0.8
H4068	ma.don	eng	Madon	gloss	1.0
H4068	ma.don	deu	Madon	gloss	1.0
H4068	ma.don	nld	Madon	gloss	1.0
H4068	ma.don	swa	madoni	gloss	1.0
H4068	ma.don	arb	مَادُونَ	aligned	1.0
H4068	ma.don	eng	madon	aligned	1.0
H4068	ma.don	spa	madón	aligned	1.0
H4076	ma.day	eng	Mede	gloss	1.0
H4076	ma.day	eng	medes	aligned	0.133
H4076	ma.day	hin	मादियों	aligned	0.25
H4080	mid.yan	eng	Midian	gloss	1.0
H4080	mid.yan	dan	Midjan	gloss	1.0
H4080	mid.yan	deu	Streit, Zank	gloss	1.0
H4080	mid.yan	nld	Midjan	gloss	1.0
H4080	mid.yan	swa	midiani, wamidiani, mmidiani, yekutu	gloss	1.0
H4080	mid.yan	arb	مِدْيَانَ	aligned	1.0
H4080	mid.yan	arb	وَمِدْيَانَ	aligned	1.0
H4080	mid.yan	arb	ٱلْمِدْيَانِيُّونَ	aligned	1.0
H4080	mid.yan	arb	ٱلْمِدْيَانِيِّينَ	aligned	0.905
H4080	mid.yan	eng	midian	aligned	0.881
H4080	mid.yan	eng	midianites	aligned	0.579
H4080	mid.yan	eng	midianite	aligned	0.25
H4080	mid.yan	hin	मिद्यान	aligned	0.75
H4080	mid.yan	hin	मिद्यानियों	aligned	0.56
H4080	mid.yan	hin	मिद्यानी	aligned	0.357
H4080	mid.yan	rus	мадиамской	aligned	1.0
H4080	mid.yan	rus	мадиана	aligned	1.0
H4080	mid.yan	rus	мадиамских	aligned	0.8
H4080	mid.yan	rus	мадианитяне	aligned	0.75
H4080	mid.yan	rus	мадианитян	aligned	0.333
H4080	mid.yan	spa	madián	aligned	0.974
H4080	mid.yan	spa	madianitas	aligned	0.895
H4099	me.da.ta	eng	Hammedatha	gloss	1.0
H4099	me.da.ta	fra	Hammedata	gloss	1.0
H4099	me.da.ta	por	Hamedata	gloss	1.0
H4099	me.da.ta	spa	Hamedata	gloss	1.0
H4099	me.da.ta	cmn-Hans	哈米大他，《思》哈默大达	gloss	1.0
H4099	me.da.ta	cmn-Hant	哈米大他，《思》哈默大達	gloss	1.0
H4099	me.da.ta	arb	هَمَدَاثَا	aligned	1.0
H4099	me.da.ta	eng	hammedatha	aligned	1.0
H4099	me.da.ta	hin	हम्मदाता	aligned	1.0
H4099	me.da.ta	spa	amadatha	aligned	1.0
H4111	ma.ha.lal.el	eng	Mahalalel	gloss	1.0
H4111	ma.ha.lal.el	fra	Mahalalel	gloss	1.0
H4111	ma.ha.lal.el	por	Maalalel	gloss	1.0
H4111	ma.ha.lal.el	spa	Mahalaleel	gloss	1.0
H4111	ma.ha.lal.el	cmn-Hans	玛勒列，《思》玛拉肋耳	gloss	1.0
H4111	ma.ha.lal.el	cmn-Hant	瑪勒列，《思》瑪拉肋耳	gloss	1.0
H4111	ma.ha.lal.el	deu	Mahalalel	gloss	1.0
H4111	ma.ha.lal.el	nld	Mahalalel	gloss	1.0
H4111	ma.ha.lal.el	swa	mahalaleli	gloss	1.0
H4111	ma.ha.lal.el	arb	مَهْلَلْئِيلُ	aligned	1.0
H4111	ma.ha.lal.el	arb	مَهْلَلْئِيلَ	aligned	0.667
H4111	ma.ha.lal.el	eng	mahalaleel	aligned	0.875
H4111	ma.ha.lal.el	eng	mahalalel	aligned	0.875
H4111	ma.ha.lal.el	hin	महललेल	aligned	0.875
H4111	ma.ha.lal.el	rus	малелеил	aligned	1.0
H4111	ma.ha.lal.el	rus	малелеила	aligned	1.0
H4111	ma.ha.lal.el	spa	mahalaleel	aligned	1.0
H4122	ma.her sha.lal chash baz	eng	Maher-shalal-hash-baz	gloss	1.0
H4122	ma.her sha.lal chash baz	fra	Maher-Shalal Hash-Baz	gloss	1.0
H4122	ma.her sha.lal chash baz	por	Maer-Salal-Hás-Baz	gloss	1.0
H4122	ma.her sha.lal chash baz	spa	Maher-salal-hasbaz	gloss	1.0
H4122	ma.her sha.lal chash baz	cmn-Hans	玛黑珥‧沙拉勒‧哈施‧罢斯，《思》玛赫尔沙拉耳哈市巴次	gloss	1.0
H4122	ma.her sha.lal chash baz	cmn-Hant	瑪黑珥‧沙拉勒‧哈施‧罷斯，《思》瑪赫爾沙拉耳哈市巴次	gloss	1.0
H4122	ma.her sha.lal chash baz	deu	Maher-Schalal-Hasch-Bas	gloss	1.0
H4122	ma.her sha.lal chash baz	nld	?	gloss	1.0
H4122	ma.her sha.lal chash baz	swa	maher-shalal-hash-bazi	gloss	1.0
H4124	mo.av	eng	Moab	gloss	1.0
H4124	mo.av	fra	Moab	gloss	1.0
H4124	mo.av	por	Moabe	gloss	1.0
H4124	mo.av	spa	Moab	gloss	1.0
H4124	mo.av	cmn-Hans	摩押，《思》摩阿布	gloss	1.0
H4124	mo.av	cmn-Hant	摩押，《思》摩阿布	gloss	1.0
H4124	mo.av	dan	Moab	gloss	1.0
H4124	mo.av	deu	Moab	gloss	1.0
H4124	mo.av	nld	Moab	gloss	1.0
H4124	mo.av	swa	moabu, wamoabi, baada	gloss	1.0
H4124	mo.av	amh	ሞአብ	gloss	1.0
H4124	mo.av	arb	لِمُوآبَ	aligned	1.0
H4124	mo.av	arb	مُوآبَ	aligned	1.0
H4124	mo.av	arb	مُوآبُ	aligned	1.0
H4124	mo.av	arb	وَمُوآبَ	aligned	1.0
H4124	mo.av	arb	وَمُوآبُ	aligned	1.0
H4124	mo.av	arb	ٱلْمُوآبِيُّونَ	aligned	1.0
H4124	mo.av	arb	ٱلْمُوآبِيِّينَ	aligned	0.909
H4124	mo.av	eng	moab’s	aligned	1.0
H4124	mo.av	eng	moab	aligned	0.879
H4124	mo.av	eng	moabites	aligned	0.7
H4124	mo.av	eng	moabite	aligned	0.273
H4124	mo.av	hin	मोआब	aligned	0.873
H4124	mo.av	hin	मोआबियों	aligned	0.69
H4124	mo.av	hin	मोआबी	aligned	0.6
H4124	mo.av	rus	моаве	aligned	0.833
H4124	mo.av	rus	моавитских	aligned	0.8
H4124	mo.av	rus	моавитяне	aligned	0.7
H4124	mo.av	rus	моав	aligned	0.692
H4124	mo.av	rus	чрезмерной	aligned	0.667
H4124	mo.av	rus	моавом	aligned	0.5
H4124	mo.av	rus	моавитской	aligned	0.429
H4124	mo.av	rus	моавитян	aligned	0.4
H4124	mo.av	spa	moab	aligned	0.982
H4124	mo.av	spa	moabitas	aligned	0.722
H4158	mo.pha.at	eng	Mephaath	gloss	1.0
H4158	mo.pha.at	fra	Méfaath	gloss	1.0
H4158	mo.pha.at	por	Mefaate	gloss	1.0
H4158	mo.pha.at	spa	Mefaat	gloss	1.0
H4158	mo.pha.at	cmn-Hans	米法押，《思》默法阿特	gloss	1.0
H4158	mo.pha.at	cmn-Hant	米法押，《思》默法阿特	gloss	1.0
H4158	mo.pha.at	deu	Mefaat	gloss	1.0
H4158	mo.pha.at	nld	Mefaät	gloss	1.0
H4158	mo.pha.at	swa	mefaathi	gloss	1.0
H4158	mo.pha.at	eng	mephaath	aligned	0.875
H4158	mo.pha.at	hin	मेपात	aligned	1.0
H4158	mo.pha.at	spa	mephaath	aligned	1.0
H4162	mo.tsa	eng	Moza	gloss	1.0
H4162	mo.tsa	arb	مُوصَا	aligned	1.0
H4162	mo.tsa	arb	وَمُوصَا	aligned	1.0
H4162	mo.tsa	eng	moza	aligned	0.8
H4162	mo.tsa	hin	मोसा	aligned	0.75
H4162	mo.tsa	rus	моца	aligned	0.667
H4162	mo.tsa	spa	mosa	aligned	1.0
H4176	mo.reh	eng	Moreh	gloss	1.0
H4176	mo.reh	dan	More, lærer (betydning III)	gloss	1.0
H4176	mo.reh	deu	More	gloss	1.0
H4176	mo.reh	nld	More	gloss	1.0
H4176	mo.reh	swa	more	gloss	1.0
H4176	mo.reh	arb	مُورَةَ	aligned	1.0
H4176	mo.reh	eng	moreh	aligned	0.667
H4176	mo.reh	hin	मोरे	aligned	0.667
H4179	mo.riy.yah	eng	Moriah	gloss	1.0
H4179	mo.riy.yah	fra	Moriya	gloss	1.0
H4179	mo.riy.yah	por	Moriá	gloss	1.0
H4179	mo.riy.yah	spa	Moriá	gloss	1.0
H4179	mo.riy.yah	cmn-Hans	摩利亚，《思》摩黎雅	gloss	1.0
H4179	mo.riy.yah	cmn-Hant	摩利亞，《思》摩黎雅	gloss	1.0
H4179	mo.riy.yah	dan	Moria	gloss	1.0
H4179	mo.riy.yah	deu	Morija	gloss	1.0
H4179	mo.riy.yah	nld	Moria	gloss	1.0
H4179	mo.riy.yah	swa	moria	gloss	1.0
H4179	mo.riy.yah	arb	ٱلْمُرِيَّا	aligned	1.0
H4179	mo.riy.yah	eng	moriah	aligned	0.5
H4182	mo.re.shet gat	eng	Moresheth-gath	gloss	1.0
H4182	mo.re.shet gat	fra	Morèsheth-Gath	gloss	1.0
H4182	mo.re.shet gat	por	Moresete-Gate	gloss	1.0
H4182	mo.re.shet gat	spa	Moreset-gat	gloss	1.0
H4182	mo.re.shet gat	cmn-Hans	摩利设‧迦特，《思》摩勒舍特加特	gloss	1.0
H4182	mo.re.shet gat	cmn-Hant	摩利設‧迦特，《思》摩勒舍特加特	gloss	1.0
H4182	mo.re.shet gat	deu	Moreschet-Gat	gloss	1.0
H4182	mo.re.shet gat	nld	Moreset-Gat	gloss	1.0
H4182	mo.re.shet gat	swa	mtaipa, moresheth-gathi, kuagia	gloss	1.0
H4187	mu.shi	eng	Mushi	gloss	1.0
H4187	mu.shi	fra	Moushi	gloss	1.0
H4187	mu.shi	por	Musi	gloss	1.0
H4187	mu.shi	spa	Musi	gloss	1.0
H4187	mu.shi	cmn-Hans	母示，《思》慕史	gloss	1.0
H4187	mu.shi	cmn-Hant	母示，《思》慕史	gloss	1.0
H4187	mu.shi	deu	Muschiter	gloss	1.0
H4187	mu.shi	nld	Musiet	gloss	1.0
H4187	mu.shi	swa	mushi, mahli	gloss	1.0
H4187	mu.shi	arb	مُوشِي	aligned	1.0
H4187	mu.shi	arb	وَمُوشِي	aligned	1.0
H4187	mu.shi	eng	mushi	aligned	0.688
H4187	mu.shi	hin	मूशी	aligned	0.333
H4187	mu.shi	rus	муши	aligned	0.833
H4187	mu.shi	rus	мушия	aligned	0.667
H4187	mu.shi	spa	musi	aligned	0.875
H4235	ma.chol	eng	Mahol	gloss	1.0
H4235	ma.chol	eng	mahol	aligned	1.0
H4244	mach.lah	eng	Mahlah	gloss	1.0
H4244	mach.lah	fra	Mahla	gloss	1.0
H4244	mach.lah	por	Maalá	gloss	1.0
H4244	mach.lah	spa	Maala	gloss	1.0
H4244	mach.lah	cmn-Hans	玛拉，《思》玛赫拉	gloss	1.0
H4244	mach.lah	cmn-Hant	瑪拉，《思》瑪赫拉	gloss	1.0
H4244	mach.lah	deu	Machla	gloss	1.0
H4244	mach.lah	nld	Machla	gloss	1.0
H4244	mach.lah	swa	mala	gloss	1.0
H4244	mach.lah	arb	مَحْلَةُ	aligned	1.0
H4244	mach.lah	eng	mahlah	aligned	1.0
H4244	mach.lah	hin	महला	aligned	1.0
H4244	mach.lah	spa	maala	aligned	1.0
H4248	mach.lon	eng	Mahlon	gloss	1.0
H4248	mach.lon	fra	Mahlôn	gloss	1.0
H4248	mach.lon	por	Malom	gloss	1.0
H4248	mach.lon	spa	Mahlón	gloss	1.0
H4248	mach.lon	cmn-Hans	玛伦，《思》玛赫隆	gloss	1.0
H4248	mach.lon	cmn-Hant	瑪倫，《思》瑪赫隆	gloss	1.0
H4248	mach.lon	deu	Machlon	gloss	1.0
H4248	mach.lon	nld	Machlon	gloss	1.0
H4248	mach.lon	swa	maloni	gloss	1.0
H4248	mach.lon	arb	مَحْلُونُ	aligned	1.0
H4248	mach.lon	eng	mahlon	aligned	0.857
H4248	mach.lon	hin	महलोन	aligned	0.75
H4248	mach.lon	spa	mahalón	aligned	1.0
H4249	mach.li	eng	Mahli	gloss	1.0
H4249	mach.li	fra	Mahli	gloss	1.0
H4249	mach.li	por	Mali	gloss	1.0
H4249	mach.li	spa	Mali	gloss	1.0
H4249	mach.li	cmn-Hans	抹利，《思》玛赫里	gloss	1.0
H4249	mach.li	cmn-Hant	抹利，《思》瑪赫里	gloss	1.0
H4249	mach.li	deu	Machliter	gloss	1.0
H4249	mach.li	nld	Machliet	gloss	1.0
H4249	mach.li	swa	mali, ishekeli	gloss	1.0
H4249	mach.li	arb	مَحْلِي	aligned	1.0
H4249	mach.li	eng	mahli	aligned	0.958
H4249	mach.li	hin	महली	aligned	0.786
H4249	mach.li	rus	махлия	aligned	1.0
H4249	mach.li	rus	махли	aligned	0.857
H4249	mach.li	spa	mahali	aligned	1.0
H4265	ma.cha.neh-dan	eng	Mahaneh-dan	gloss	1.0
H4265	ma.cha.neh-dan	fra	Mahané-Dân	gloss	1.0
H4265	ma.cha.neh-dan	por	Maané-Dã	gloss	1.0
H4265	ma.cha.neh-dan	spa	Mahane-Dan	gloss	1.0
H4265	ma.cha.neh-dan	cmn-Hans	玛哈尼‧但，《思》玛哈乃丹	gloss	1.0
H4265	ma.cha.neh-dan	cmn-Hant	瑪哈尼‧但，《思》瑪哈乃丹	gloss	1.0
H4266	ma.cha.na.yim	eng	Mahanaim	gloss	1.0
H4266	ma.cha.na.yim	fra	Mahanaïm	gloss	1.0
H4266	ma.cha.na.yim	por	Maanaim	gloss	1.0
H4266	ma.cha.na.yim	spa	Mahanaim	gloss	1.0
H4266	ma.cha.na.yim	cmn-Hans	玛哈念，《思》玛哈纳因	gloss	1.0
H4266	ma.cha.na.yim	cmn-Hant	瑪哈念，《思》瑪哈納因	gloss	1.0
H4266	ma.cha.na.yim	dan	Mahanajim	gloss	1.0
H4266	ma.cha.na.yim	deu	Mahanajim	gloss	1.0
H4266	ma.cha.na.yim	nld	Machanaïm	gloss	1.0
H4266	ma.cha.na.yim	swa	mahanaimu	gloss	1.0
H4266	ma.cha.na.yim	arb	مَحَنَايِمَ	aligned	1.0
H4266	ma.cha.na.yim	eng	mahanaim	aligned	0.731
H4266	ma.cha.na.yim	hin	महनैम	aligned	0.727
H4266	ma.cha.na.yim	rus	маханаима	aligned	1.0
H4266	ma.cha.na.yim	spa	mahanaim	aligned	1.0
H4287	ma.chat	eng	Mahath	gloss	1.0
H4287	ma.chat	fra	Mahath	gloss	1.0
H4287	ma.chat	por	Maate	gloss	1.0
H4287	ma.chat	spa	Mahat	gloss	1.0
H4287	ma.chat	cmn-Hans	玛哈，《思》玛哈特	gloss	1.0
H4287	ma.chat	cmn-Hant	瑪哈，《思》瑪哈特	gloss	1.0
H4287	ma.chat	deu	Mahat	gloss	1.0
H4287	ma.chat	nld	Machat	gloss	1.0
H4287	ma.chat	swa	mahathi	gloss	1.0
H4287	ma.chat	eng	mahath	aligned	0.833
H4287	ma.chat	hin	महत	aligned	0.5
H4287	ma.chat	spa	mahath	aligned	1.0
H4316	mi.kah	eng	Mica	gloss	1.0
H4316	mi.kah	fra	Mika	gloss	1.0
H4316	mi.kah	por	Mica	gloss	1.0
H4316	mi.kah	spa	Mica	gloss	1.0
H4316	mi.kah	cmn-Hans	米迦，《思》米加	gloss	1.0
H4316	mi.kah	cmn-Hant	米迦，《思》米加	gloss	1.0
H4316	mi.kah	deu	Micha	gloss	1.0
H4316	mi.kah	nld	Micha	gloss	1.0
H4316	mi.kah	swa	mika	gloss	1.0
H4316	mi.kah	eng	mica	aligned	0.8
H4316	mi.kah	eng	micha	aligned	0.75
H4316	mi.kah	spa	michâ	aligned	0.214
H4317	mi.kha.el	eng	Michael	gloss	1.0
H4317	mi.kha.el	fra	Mikaël	gloss	1.0
H4317	mi.kha.el	por	Micael	gloss	1.0
H4317	mi.kha.el	spa	Micael, Miguel	gloss	1.0
H4317	mi.kha.el	cmn-Hans	米迦勒，《思》米加耳	gloss	1.0
H4317	mi.kha.el	cmn-Hant	米迦勒，《思》米加耳	gloss	1.0
H4317	mi.kha.el	deu	Michael	gloss	1.0
H4317	mi.kha.el	nld	Michaël	gloss	1.0
H4317	mi.kha.el	swa	mikaeli	gloss	1.0
H4317	mi.kha.el	arb	مِيخَائِيلَ	aligned	1.0
H4317	mi.kha.el	arb	وَمِيخَائِيلُ	aligned	1.0
H4317	mi.kha.el	arb	مِيخَائِيلُ	aligned	0.556
H4317	mi.kha.el	eng	michael	aligned	0.733
H4317	mi.kha.el	hin	मीकाएल	aligned	0.714
H4317	mi.kha.el	spa	michâel	aligned	1.0
H4317	mi.kha.el	spa	miguel	aligned	0.6
H4318	mi.khah	eng	Micah	gloss	1.0
H4318	mi.khah	fra	Mika	gloss	1.0
H4318	mi.khah	por	Mica	gloss	1.0
H4318	mi.khah	spa	Mica	gloss	1.0
H4318	mi.khah	cmn-Hans	米迦，《思》米加	gloss	1.0
H4318	mi.khah	cmn-Hant	米迦，《思》米加	gloss	1.0
H4318	mi.khah	deu	Micha	gloss	1.0
H4318	mi.khah	nld	Michaa	gloss	1.0
H4318	mi.khah	swa	mika, mikaya	gloss	1.0
H4318	mi.khah	arb	مِيخَا	aligned	0.585
H4318	mi.khah	eng	micah’s	aligned	1.0
H4318	mi.khah	eng	michah	aligned	1.0
H4318	mi.khah	eng	micah	aligned	0.833
H4318	mi.khah	hin	मीका	aligned	0.684
H4318	mi.khah	rus	миху	aligned	1.0
H4318	mi.khah	rus	миха	aligned	0.778
H4318	mi.khah	rus	михи	aligned	0.545
H4318	mi.khah	spa	miqueas	aligned	1.0
H4318	mi.khah	spa	michâs	aligned	0.864
H4318	mi.khah	spa	michâ	aligned	0.786
H4320	mi.kha.yah	eng	Micaiah	gloss	1.0
H4320	mi.kha.yah	fra	Mikaya	gloss	1.0
H4320	mi.kha.yah	por	Micaías	gloss	1.0
H4320	mi.kha.yah	spa	Micaías	gloss	1.0
H4320	mi.kha.yah	cmn-Hans	米该亚，《思》米加	gloss	1.0
H4320	mi.kha.yah	cmn-Hant	米該亞，《思》米加	gloss	1.0
H4320	mi.kha.yah	deu	Michaja	gloss	1.0
H4320	mi.kha.yah	nld	Micha	gloss	1.0
H4320	mi.kha.yah	swa	mika, mikaya	gloss	1.0
H4320	mi.kha.yah	eng	michaiah	aligned	0.6
H4320	mi.kha.yah	spa	michâías	aligned	1.0
H4321	mi.kha.ye.hu	eng	Micaiah	gloss	1.0
H4321	mi.kha.ye.hu	fra	Mika, Mikayehou	gloss	1.0
H4321	mi.kha.ye.hu	por	Mica	gloss	1.0
H4321	mi.kha.ye.hu	spa	Miqueas	gloss	1.0
H4321	mi.kha.ye.hu	cmn-Hans	米迦，《思》米加	gloss	1.0
H4321	mi.kha.ye.hu	cmn-Hant	米迦，《思》米加	gloss	1.0
H4321	mi.kha.ye.hu	deu	Michaja	gloss	1.0
H4321	mi.kha.ye.hu	nld	Micha	gloss	1.0
H4321	mi.kha.ye.hu	swa	mikaya, mika, maaka	gloss	1.0
H4321	mi.kha.ye.hu	arb	بِمِيخَا	aligned	1.0
H4321	mi.kha.ye.hu	arb	مِيخَايَا	aligned	0.5
H4321	mi.kha.ye.hu	arb	مِيخَا	aligned	0.321
H4321	mi.kha.ye.hu	eng	micaiah	aligned	0.673
H4321	mi.kha.ye.hu	hin	मीकायाह	aligned	0.593
H4321	mi.kha.ye.hu	rus	михей	aligned	0.727
H4321	mi.kha.ye.hu	rus	михея	aligned	0.333
H4321	mi.kha.ye.hu	spa	michêas	aligned	0.95
H4324	mi.khal	eng	Michal	gloss	1.0
H4324	mi.khal	fra	Mikal	gloss	1.0
H4324	mi.khal	por	Mical	gloss	1.0
H4324	mi.khal	spa	Mical	gloss	1.0
H4324	mi.khal	cmn-Hans	米甲，《思》米加耳	gloss	1.0
H4324	mi.khal	cmn-Hant	米甲，《思》米加耳	gloss	1.0
H4324	mi.khal	deu	<unklar>	gloss	1.0
H4324	mi.khal	nld	verzameling, houder	gloss	1.0
H4324	mi.khal	swa	kedroni, mle	gloss	1.0
H4324	mi.khal	arb	مِيكَالَ	aligned	1.0
H4324	mi.khal	arb	مِيكَالُ	aligned	1.0
H4324	mi.khal	arb	وَمِيكَالُ	aligned	1.0
H4324	mi.khal	eng	michal	aligned	0.778
H4324	mi.khal	hin	मीकल	aligned	0.778
H4324	mi.khal	rus	мелхоле	aligned	1.0
H4324	mi.khal	rus	смотрела	aligned	1.0
H4324	mi.khal	rus	мелхола	aligned	0.4
H4324	mi.khal	spa	michâl	aligned	1.0
H4326	miy.ya.min	eng	Mijamin	gloss	1.0
H4326	miy.ya.min	fra	Miyamîn	gloss	1.0
H4326	miy.ya.min	por	Miamim	gloss	1.0
H4326	miy.ya.min	spa	Mijamín	gloss	1.0
H4326	miy.ya.min	cmn-Hans	米雅民，《思》米雅明	gloss	1.0
H4326	miy.ya.min	cmn-Hant	米雅民，《思》米雅明	gloss	1.0
H4326	miy.ya.min	deu	Mijamin	gloss	1.0
H4326	miy.ya.min	nld	Miamim	gloss	1.0
H4326	miy.ya.min	swa	miyamini	gloss	1.0
H4326	miy.ya.min	arb	وَمِيَّامِينُ	aligned	1.0
H4326	miy.ya.min	eng	miamin	aligned	1.0
H4326	miy.ya.min	eng	mijamin	aligned	0.667
H4326	miy.ya.min	spa	miamim	aligned	1.0
H4331	me.sah	eng	Mesha	gloss	1.0
H4331	me.sah	fra	Mésha	gloss	1.0
H4331	me.sah	por	Messa	gloss	1.0
H4331	me.sah	spa	Mesa	gloss	1.0
H4331	me.sah	cmn-Hans	米沙，《思》默沙	gloss	1.0
H4331	me.sah	cmn-Hant	米沙，《思》默沙	gloss	1.0
H4331	me.sah	deu	Mescha	gloss	1.0
H4331	me.sah	nld	Mesa	gloss	1.0
H4331	me.sah	swa	mesha	gloss	1.0
H4331	me.sah	eng	mesha	aligned	0.25
H4332	mi.sha.el	eng	Mishael	gloss	1.0
H4332	mi.sha.el	fra	Mishaël	gloss	1.0
H4332	mi.sha.el	por	Misael	gloss	1.0
H4332	mi.sha.el	spa	Misael	gloss	1.0
H4332	mi.sha.el	cmn-Hans	米沙利，《思》米沙耳	gloss	1.0
H4332	mi.sha.el	cmn-Hant	米沙利，《思》米沙耳	gloss	1.0
H4332	mi.sha.el	deu	Mischaël	gloss	1.0
H4332	mi.sha.el	nld	Misaël	gloss	1.0
H4332	mi.sha.el	swa	mishaeli	gloss	1.0
H4332	mi.sha.el	arb	وَمِيشَائِيلُ	aligned	1.0
H4332	mi.sha.el	arb	وَمِيشَائِيلَ	aligned	0.75
H4332	mi.sha.el	eng	mishael	aligned	0.733
H4332	mi.sha.el	hin	मीशाएल	aligned	0.625
H4332	mi.sha.el	spa	misael	aligned	0.875
H4353	ma.khir	eng	Machir	gloss	1.0
H4353	ma.khir	fra	Makir	gloss	1.0
H4353	ma.khir	por	Maquir	gloss	1.0
H4353	ma.khir	spa	Maquir	gloss	1.0
H4353	ma.khir	cmn-Hans	玛吉，《思》玛基尔	gloss	1.0
H4353	ma.khir	cmn-Hant	瑪吉，《思》瑪基爾	gloss	1.0
H4353	ma.khir	deu	Machir	gloss	1.0
H4353	ma.khir	nld	Machir	gloss	1.0
H4353	ma.khir	swa	makiri	gloss	1.0
H4353	ma.khir	arb	لِمَاكِيرَ	aligned	1.0
H4353	ma.khir	arb	مَاكِيرَ	aligned	1.0
H4353	ma.khir	arb	وَمَاكِيرُ	aligned	1.0
H4353	ma.khir	eng	machir	aligned	0.837
H4353	ma.khir	hin	माकीर	aligned	0.667
H4353	ma.khir	rus	махира	aligned	0.4
H4353	ma.khir	spa	machîr	aligned	0.913
H4363	mikh.mas	eng	Michmash	gloss	1.0
H4363	mikh.mas	fra	Mikmas	gloss	1.0
H4363	mikh.mas	por	Micmás	gloss	1.0
H4363	mikh.mas	spa	Micmas	gloss	1.0
H4363	mikh.mas	cmn-Hans	密抹，《思》米革玛斯	gloss	1.0
H4363	mikh.mas	cmn-Hant	密抹，《思》米革瑪斯	gloss	1.0
H4363	mikh.mas	deu	Michmas	gloss	1.0
H4363	mikh.mas	nld	Michmas	gloss	1.0
H4363	mikh.mas	swa	mikmashi, aiya	gloss	1.0
H4363	mikh.mas	arb	مِخْمَاسَ	aligned	1.0
H4363	mikh.mas	eng	michmas	aligned	1.0
H4363	mikh.mas	eng	michmash	aligned	0.75
H4363	mikh.mas	hin	मिकमाश	aligned	0.556
H4363	mikh.mas	rus	михмаса	aligned	1.0
H4363	mikh.mas	spa	michmas	aligned	1.0
H4375	makh.pe.lah	eng	Machpelah	gloss	1.0
H4375	makh.pe.lah	fra	Makpéla	gloss	1.0
H4375	makh.pe.lah	por	Macpela	gloss	1.0
H4375	makh.pe.lah	spa	Macpela	gloss	1.0
H4375	makh.pe.lah	cmn-Hans	麦比拉，《思》玛革培拉	gloss	1.0
H4375	makh.pe.lah	cmn-Hant	麥比拉，《思》瑪革培拉	gloss	1.0
H4375	makh.pe.lah	deu	Machpela	gloss	1.0
H4375	makh.pe.lah	nld	Machpela	gloss	1.0
H4375	makh.pe.lah	swa	makpela	gloss	1.0
H4375	makh.pe.lah	arb	ٱلْمَكْفِيلَةِ	aligned	1.0
H4375	makh.pe.lah	eng	machpelah	aligned	0.417
H4375	makh.pe.lah	spa	macpela	aligned	1.0
H4407	mil.lo	eng	Millo	gloss	1.0
H4407	mil.lo	fra	Beth-Millo	gloss	1.0
H4407	mil.lo	por	Bete-Milo	gloss	1.0
H4407	mil.lo	spa	Bet-Milo	gloss	1.0
H4407	mil.lo	cmn-Hans	米罗；《现》洼地	gloss	1.0
H4407	mil.lo	cmn-Hant	米羅；《現》窪地	gloss	1.0
H4407	mil.lo	deu	Aufschüttung, Terrasse; Millo; Bet Millo	gloss	1.0
H4407	mil.lo	nld	constructie met terrassen	gloss	1.0
H4407	mil.lo	swa	milo	gloss	1.0
H4407	mil.lo	arb	ٱلْقَلْعَةَ	aligned	1.0
H4407	mil.lo	arb	ٱلْقَلْعَةِ	aligned	1.0
H4407	mil.lo	eng	millo	aligned	0.6
H4407	mil.lo	spa	millo	aligned	1.0
H4409	mal.lukh	eng	Malluch	gloss	1.0
H4409	mal.lukh	deu	Malluch	gloss	1.0
H4409	mal.lukh	nld	Malluch	gloss	1.0
H4409	mal.lukh	swa	maluki	gloss	1.0
H4409	mal.lukh	arb	وَمَلُّوخُ	aligned	1.0
H4409	mal.lukh	eng	malluch	aligned	1.0
H4409	mal.lukh	hin	मल्लूक	aligned	0.833
H4409	mal.lukh	spa	malluch	aligned	0.8
H4432	mo.lekh	eng	Molech	gloss	1.0
H4432	mo.lekh	fra	Molek	gloss	1.0
H4432	mo.lekh	por	Moloque	gloss	1.0
H4432	mo.lekh	spa	Moloc	gloss	1.0
H4432	mo.lekh	cmn-Hans	摩洛，《思》摩肋客	gloss	1.0
H4432	mo.lekh	cmn-Hant	摩洛，《思》摩肋客	gloss	1.0
H4432	mo.lekh	deu	Moloch	gloss	1.0
H4432	mo.lekh	nld	Moloch	gloss	1.0
H4432	mo.lekh	swa	moleki, usimtoe, wandama	gloss	1.0
H4432	mo.lekh	arb	لِمُولَكَ	aligned	1.0
H4432	mo.lekh	eng	molech	aligned	0.125
H4432	mo.lekh	spa	moloch	aligned	0.889
H4435	mil.kah	eng	Milcah	gloss	1.0
H4435	mil.kah	fra	Milka	gloss	1.0
H4435	mil.kah	por	Milca	gloss	1.0
H4435	mil.kah	spa	Milca	gloss	1.0
H4435	mil.kah	cmn-Hans	密迦，《思》米耳加	gloss	1.0
H4435	mil.kah	cmn-Hant	密迦，《思》米耳加	gloss	1.0
H4435	mil.kah	deu	Milka	gloss	1.0
H4435	mil.kah	nld	Milka	gloss	1.0
H4435	mil.kah	swa	milka	gloss	1.0
H4435	mil.kah	arb	مِلْكَةَ	aligned	1.0
H4435	mil.kah	arb	مِلْكَةُ	aligned	1.0
H4435	mil.kah	arb	وَمِلْكَةُ	aligned	1.0
H4435	mil.kah	eng	milcah	aligned	0.864
H4435	mil.kah	hin	मिल्का	aligned	0.75
H4435	mil.kah	spa	milca	aligned	1.0
H4441	mal.kiy.yah	eng	Malchijah	gloss	1.0
H4441	mal.kiy.yah	deu	Malkija	gloss	1.0
H4441	mal.kiy.yah	nld	Malkia	gloss	1.0
H4441	mal.kiy.yah	swa	malkiya, malkia	gloss	1.0
H4441	mal.kiy.yah	arb	مَلْكِيَّا	aligned	1.0
H4441	mal.kiy.yah	arb	وَمَلْكِيَّا	aligned	1.0
H4441	mal.kiy.yah	eng	malchiah	aligned	1.0
H4441	mal.kiy.yah	eng	malchijah	aligned	0.76
H4441	mal.kiy.yah	hin	मल्किय्याह	aligned	0.647
H4441	mal.kiy.yah	spa	malchías	aligned	1.0
H4441	mal.kiy.yah	spa	malchîas	aligned	1.0
H4444	mal.ki.shu.a	eng	Malchi-shua	gloss	1.0
H4444	mal.ki.shu.a	fra	Malki-Shoua	gloss	1.0
H4444	mal.ki.shu.a	por	Malquisua	gloss	1.0
H4444	mal.ki.shu.a	spa	Malquisúa	gloss	1.0
H4444	mal.ki.shu.a	cmn-Hans	麦基‧舒亚，《思》玛耳基叔亚	gloss	1.0
H4444	mal.ki.shu.a	cmn-Hant	麥基‧舒亞，《思》瑪耳基叔亞	gloss	1.0
H4444	mal.ki.shu.a	eng	malchi-shua	aligned	1.0
H4445	mal.kam	eng	Malcam	gloss	1.0
H4445	mal.kam	deu	Milkom	gloss	1.0
H4445	mal.kam	nld	Milkom	gloss	1.0
H4445	mal.kam	swa	malkamu, ashtorethi	gloss	1.0
H4445	mal.kam	arb	وَلِمَلْكُومَ	aligned	1.0
H4445	mal.kam	eng	malcam	aligned	1.0
H4445	mal.kam	eng	malcham	aligned	1.0
H4445	mal.kam	eng	milcom	aligned	0.556
H4445	mal.kam	spa	milcom	aligned	1.0
H4452	ma.lats	eng	smooth	gloss	1.0
H4452	ma.lats	fra	être agréable	gloss	1.0
H4452	ma.lats	por	ser doce	gloss	1.0
H4452	ma.lats	spa	ser agradable	gloss	1.0
H4452	ma.lats	cmn-Hans	令人愉快的	gloss	1.0
H4452	ma.lats	cmn-Hant	令人愉快的	gloss	1.0
H4452	ma.lats	deu	glatt sein	gloss	1.0
H4452	ma.lats	nld	glijden	gloss	1.0
H4452	ma.lats	swa	pendeke, lain, suguli, pendez, nywele	gloss	1.0
H4462	me.mu.khan	eng	Memucan	gloss	1.0
H4462	me.mu.khan	fra	Memoukân	gloss	1.0
H4462	me.mu.khan	por	Memucã	gloss	1.0
H4462	me.mu.khan	spa	Memucán	gloss	1.0
H4462	me.mu.khan	cmn-Hans	米慕干，《思》默慕干	gloss	1.0
H4462	me.mu.khan	cmn-Hant	米慕干，《思》默慕干	gloss	1.0
H4462	me.mu.khan	deu	Memuchan	gloss	1.0
H4462	me.mu.khan	nld	Memuchan	gloss	1.0
H4462	me.mu.khan	swa	memukani	gloss	1.0
H4462	me.mu.khan	eng	memucan	aligned	1.0
H4462	me.mu.khan	spa	memucán	aligned	1.0
H4471	mam.re	eng	Mamre	gloss	1.0
H4471	mam.re	fra	Mamré	gloss	1.0
H4471	mam.re	por	Manre	gloss	1.0
H4471	mam.re	spa	Mamré	gloss	1.0
H4471	mam.re	cmn-Hans	幔利，《思》玛默勒	gloss	1.0
H4471	mam.re	cmn-Hant	幔利，《思》瑪默勒	gloss	1.0
H4471	mam.re	deu	Mamre	gloss	1.0
H4471	mam.re	nld	Mamre	gloss	1.0
H4471	mam.re	swa	mamre	gloss	1.0
H4471	mam.re	arb	مَمْرَا	aligned	1.0
H4471	mam.re	eng	mamre	aligned	0.9
H4471	mam.re	hin	मम्रे	aligned	0.9
H4471	mam.re	spa	mamre	aligned	0.7
H4495	ma.no.ach	eng	Manoah	gloss	1.0
H4495	ma.no.ach	deu	Manoach	gloss	1.0
H4495	ma.no.ach	nld	Manoach	gloss	1.0
H4495	ma.no.ach	arb	مَنُوحَ	aligned	1.0
H4495	ma.no.ach	arb	مَنُوحُ	aligned	1.0
H4495	ma.no.ach	arb	وَمَنُوحُ	aligned	1.0
H4495	ma.no.ach	eng	manoah	aligned	0.882
H4495	ma.no.ach	hin	मानोह	aligned	0.647
H4495	ma.no.ach	rus	маною	aligned	1.0
H4495	ma.no.ach	rus	маной	aligned	0.889
H4495	ma.no.ach	spa	manoa	aligned	1.0
H4505	me.na.chem	eng	Menahem	gloss	1.0
H4505	me.na.chem	fra	Menahem	gloss	1.0
H4505	me.na.chem	por	Menaém	gloss	1.0
H4505	me.na.chem	spa	Menahem	gloss	1.0
H4505	me.na.chem	cmn-Hans	米拿现，《思》默纳恒	gloss	1.0
H4505	me.na.chem	cmn-Hant	米拿現，《思》默納恒	gloss	1.0
H4505	me.na.chem	deu	Menahem	gloss	1.0
H4505	me.na.chem	nld	Menachem	gloss	1.0
H4505	me.na.chem	swa	menahemu	gloss	1.0
H4505	me.na.chem	arb	مَنَحِيمَ	aligned	1.0
H4505	me.na.chem	arb	مَنَحِيمُ	aligned	1.0
H4505	me.na.chem	eng	menahem	aligned	0.938
H4505	me.na.chem	hin	मनहेम	aligned	0.875
H4505	me.na.chem	rus	менаим	aligned	1.0
H4505	me.na.chem	spa	manahem	aligned	1.0
H4509	min.ya.min	eng	Miniamin	gloss	1.0
H4509	min.ya.min	fra	Minyamîn	gloss	1.0
H4509	min.ya.min	por	Miniamim	gloss	1.0
H4509	min.ya.min	spa	Miniamín	gloss	1.0
H4509	min.ya.min	cmn-Hans	珉雅珉，《思》本雅明	gloss	1.0
H4509	min.ya.min	cmn-Hant	珉雅珉，《思》本雅明	gloss	1.0
H4509	min.ya.min	deu	Minjamin	gloss	1.0
H4509	min.ya.min	nld	Minjamin	gloss	1.0
H4509	min.ya.min	swa	miyamini, minyamini	gloss	1.0
H4509	min.ya.min	eng	miniamin	aligned	0.5
H4519	me.nash.sheh	eng	Manasseh	gloss	1.0
H4519	me.nash.sheh	fra	Manassé	gloss	1.0
H4519	me.nash.sheh	por	Manassés	gloss	1.0
H4519	me.nash.sheh	spa	Manasés	gloss	1.0
H4519	me.nash.sheh	cmn-Hans	玛拿西，《思》默纳协	gloss	1.0
H4519	me.nash.sheh	cmn-Hant	瑪拿西，《思》默納協	gloss	1.0
H4519	me.nash.sheh	dan	Manasse	gloss	1.0
H4519	me.nash.sheh	deu	Manasse	gloss	1.0
H4519	me.nash.sheh	nld	Manasse	gloss	1.0
H4519	me.nash.sheh	swa	manase	gloss	1.0
H4519	me.nash.sheh	arb	لِمَنَسَّى	aligned	1.0
H4519	me.nash.sheh	arb	مَنَسَّى	aligned	0.974
H4519	me.nash.sheh	arb	وَمَنَسَّى	aligned	0.938
H4519	me.nash.sheh	eng	manasseh	aligned	0.809
H4519	me.nash.sheh	eng	manasseh’s	aligned	0.667
H4519	me.nash.sheh	hin	मनश्शेइयों	aligned	1.0
H4519	me.nash.sheh	hin	मनश्शे	aligned	0.756
H4519	me.nash.sheh	hin	मनश्शेई	aligned	0.5
H4519	me.nash.sheh	rus	манассиины	aligned	0.667
H4519	me.nash.sheh	rus	манассия	aligned	0.556
H4519	me.nash.sheh	rus	манассииных	aligned	0.5
H4519	me.nash.sheh	rus	манассии	aligned	0.478
H4519	me.nash.sheh	rus	манассиина	aligned	0.448
H4519	me.nash.sheh	spa	manasés	aligned	0.953
H4532	mas.sah	eng	Massah	gloss	1.0
H4532	mas.sah	deu	Erprobung, Versuchung	gloss	1.0
H4532	mas.sah	nld	[*] test, poging	gloss	1.0
H4532	mas.sah	swa	tumain, tumai, pas, hatukati, ishw, majaribu, uyakumbuke	gloss	1.0
H4532	mas.sah	arb	مَسَّةَ	aligned	1.0
H4532	mas.sah	eng	massah	aligned	0.6
H4532	mas.sah	spa	massa	aligned	0.75
H4584	ma.on	eng	Maon	gloss	1.0
H4584	ma.on	deu	Maon	gloss	1.0
H4584	ma.on	nld	Maon	gloss	1.0
H4584	ma.on	swa	maoni, wamaoni	gloss	1.0
H4584	ma.on	arb	مَعُونٍ	aligned	1.0
H4584	ma.on	arb	مَعُونُ	aligned	1.0
H4584	ma.on	eng	maon	aligned	0.857
H4584	ma.on	hin	माओन	aligned	0.667
H4584	ma.on	spa	maón	aligned	1.0
H4590	ma.az.yah	eng	Maaziah	gloss	1.0
H4590	ma.az.yah	fra	Maazyahou	gloss	1.0
H4590	ma.az.yah	por	Maazias	gloss	1.0
H4590	ma.az.yah	spa	Maazías	gloss	1.0
H4590	ma.az.yah	cmn-Hans	玛西亚，《思》玛阿齐雅	gloss	1.0
H4590	ma.az.yah	cmn-Hant	瑪西亞，《思》瑪阿齊雅	gloss	1.0
H4590	ma.az.yah	deu	Maasja	gloss	1.0
H4590	ma.az.yah	nld	Maäzja	gloss	1.0
H4590	ma.az.yah	swa	maazia	gloss	1.0
H4590	ma.az.yah	eng	maaziah	aligned	0.75
H4601	ma.a.khah	eng	Maacah	gloss	1.0
H4601	ma.a.khah	deu	Maacha	gloss	1.0
H4601	ma.a.khah	nld	Maächa	gloss	1.0
H4601	ma.a.khah	swa	maaka, wabikri	gloss	1.0
H4601	ma.a.khah	arb	مَعْكَةَ	aligned	1.0
H4601	ma.a.khah	arb	مَعْكَةُ	aligned	1.0
H4601	ma.a.khah	arb	وَمَعْكَةَ	aligned	1.0
H4601	ma.a.khah	eng	maachah	aligned	0.944
H4601	ma.a.khah	eng	maacah	aligned	0.875
H4601	ma.a.khah	hin	माका	aligned	0.909
H4601	ma.a.khah	rus	авессалома	aligned	0.2
H4601	ma.a.khah	spa	maaca	aligned	1.0
H4601	ma.a.khah	spa	maachâ	aligned	1.0
H4641	ma.a.se.yah	eng	Maaseiah	gloss	1.0
H4641	ma.a.se.yah	deu	Maaseja	gloss	1.0
H4641	ma.a.se.yah	nld	Maäseja	gloss	1.0
H4641	ma.a.se.yah	swa	maaseya	gloss	1.0
H4641	ma.a.se.yah	arb	مَعْسِيَّا	aligned	1.0
H4641	ma.a.se.yah	arb	وَمَعَسِيَا	aligned	1.0
H4641	ma.a.se.yah	arb	وَمَعَسْيَا	aligned	1.0
H4641	ma.a.se.yah	arb	وَمَعْسِيَا	aligned	1.0
H4641	ma.a.se.yah	arb	وَمَعْسِيَّا	aligned	1.0
H4641	ma.a.se.yah	eng	masseiah	aligned	1.0
H4641	ma.a.se.yah	eng	maaseiah	aligned	0.705
H4641	ma.a.se.yah	hin	मासेयाह	aligned	0.739
H4641	ma.a.se.yah	spa	maaseías	aligned	1.0
H4641	ma.a.se.yah	spa	maasías	aligned	0.905
H4648	me.phi.vo.shet	eng	Mephibosheth	gloss	1.0
H4648	me.phi.vo.shet	fra	Mefivosheth	gloss	1.0
H4648	me.phi.vo.shet	por	Mefibosete	gloss	1.0
H4648	me.phi.vo.shet	spa	Mefi-boset	gloss	1.0
H4648	me.phi.vo.shet	cmn-Hans	米非波设，《思》默黎巴耳	gloss	1.0
H4648	me.phi.vo.shet	cmn-Hant	米非波設，《思》默黎巴耳	gloss	1.0
H4648	me.phi.vo.shet	deu	Mefiboschet	gloss	1.0
H4648	me.phi.vo.shet	nld	Mefiboset	gloss	1.0
H4648	me.phi.vo.shet	swa	mefiboshethi, meribaali, limi	gloss	1.0
H4648	me.phi.vo.shet	arb	مَفِيبُوشَثُ	aligned	1.0
H4648	me.phi.vo.shet	eng	mephibosheth	aligned	0.724
H4648	me.phi.vo.shet	hin	मपीबोशेत	aligned	0.455
H4648	me.phi.vo.shet	rus	мемфивосфей	aligned	1.0
H4648	me.phi.vo.shet	spa	mephi-boseth	aligned	1.0
H4708	mits.peh	eng	Mizpeh	gloss	1.0
H4708	mits.peh	deu	Warte, Beobachtungsstelle	gloss	1.0
H4708	mits.peh	nld	wachttoren	gloss	1.0
H4708	mits.peh	swa	mispa, mizpa, ila, kutoka, wakakae	gloss	1.0
H4708	mits.peh	arb	مِصْفَاةِ	aligned	1.0
H4708	mits.peh	arb	مِصْفَاةَ	aligned	0.667
H4708	mits.peh	eng	mizpeh	aligned	0.292
H4708	mits.peh	hin	मिस्पे	aligned	0.6
H4708	mits.peh	spa	mizpa	aligned	0.13
H4709	mits.pah	eng	Mizpah	gloss	1.0
H4709	mits.pah	fra	Mitspa, Mitspè	gloss	1.0
H4709	mits.pah	por	Mispa	gloss	1.0
H4709	mits.pah	spa	Mizpa	gloss	1.0
H4709	mits.pah	cmn-Hans	米斯巴，《思》米兹帕	gloss	1.0
H4709	mits.pah	cmn-Hant	米斯巴，《思》米茲帕	gloss	1.0
H4709	mits.pah	deu	Mizpa	gloss	1.0
H4709	mits.pah	nld	Mispa	gloss	1.0
H4709	mits.pah	swa	mispa, mizpa, ila, kutoka, wakakae	gloss	1.0
H4709	mits.pah	arb	وَٱلْمِصْفَاةِ	aligned	1.0
H4709	mits.pah	arb	ٱلْمِصْفَاةِ	aligned	1.0
H4709	mits.pah	arb	وَٱلْمِصْفَاةَ	aligned	0.667
H4709	mits.pah	eng	mizpeh	aligned	0.458
H4709	mits.pah	eng	mizpah	aligned	0.238
H4709	mits.pah	spa	mizpa	aligned	0.87
H4713	mits.ri	eng	Egyptian	gloss	1.0
H4713	mits.ri	fra	Égyptien	gloss	1.0
H4713	mits.ri	por	egípcio	gloss	1.0
H4713	mits.ri	spa	egipcio	gloss	1.0
H4713	mits.ri	cmn-Hans	埃及人	gloss	1.0
H4713	mits.ri	cmn-Hant	埃及人	gloss	1.0
H4713	mits.ri	dan	egypter	gloss	1.0
H4713	mits.ri	deu	Ägypter	gloss	1.0
H4713	mits.ri	nld	Egyptenaar	gloss	1.0
H4713	mits.ri	swa	misri, wamisri, mmisri, tulikaa, yewato	gloss	1.0
H4713	mits.ri	amh	ግብ, ግብጽ	gloss	1.0
H4713	mits.ri	arb	مِصْرِيًّا	aligned	1.0
H4713	mits.ri	arb	مِصْرِيٌّ	aligned	1.0
H4713	mits.ri	arb	ٱلْمِصْرِيِّ	aligned	1.0
H4713	mits.ri	arb	ٱلْمِصْرِيَّ	aligned	0.5
H4713	mits.ri	arb	ٱلْمِصْرِيُّونَ	aligned	0.286
H4713	mits.ri	eng	egyptian	aligned	0.579
H4713	mits.ri	hin	मिस्री	aligned	0.161
H4713	mits.ri	rus	египтянина	aligned	0.286
H4713	mits.ri	rus	египтяне	aligned	0.111
H4713	mits.ri	spa	egipcia	aligned	1.0
H4719	maq.qe.dah	eng	Makkedah	gloss	1.0
H4719	maq.qe.dah	fra	Maqqéda	gloss	1.0
H4719	maq.qe.dah	por	Maquedá	gloss	1.0
H4719	maq.qe.dah	spa	Maceda	gloss	1.0
H4719	maq.qe.dah	cmn-Hans	玛基大，《思》玛刻达	gloss	1.0
H4719	maq.qe.dah	cmn-Hant	瑪基大，《思》瑪刻達	gloss	1.0
H4719	maq.qe.dah	deu	Makkeda	gloss	1.0
H4719	maq.qe.dah	nld	Makkeda	gloss	1.0
H4719	maq.qe.dah	swa	makeda	gloss	1.0
H4719	maq.qe.dah	arb	مَقِّيدَةَ	aligned	1.0
H4719	maq.qe.dah	eng	makkedah	aligned	0.733
H4719	maq.qe.dah	hin	मक्केदा	aligned	0.714
H4719	maq.qe.dah	spa	maceda	aligned	1.0
H4732	miq.lot	eng	Mikloth	gloss	1.0
H4732	miq.lot	fra	Miqloth	gloss	1.0
H4732	miq.lot	por	Miclote	gloss	1.0
H4732	miq.lot	spa	Miclot	gloss	1.0
H4732	miq.lot	cmn-Hans	米基罗，《思》米刻罗特	gloss	1.0
H4732	miq.lot	cmn-Hant	米基羅，《思》米刻羅特	gloss	1.0
H4732	miq.lot	deu	Miklot	gloss	1.0
H4732	miq.lot	nld	Miklot	gloss	1.0
H4732	miq.lot	swa	miklothi	gloss	1.0
H4732	miq.lot	arb	وَمِقْلُوثُ	aligned	1.0
H4732	miq.lot	eng	mikloth	aligned	0.5
H4732	miq.lot	rus	миклоф	aligned	1.0
H4732	miq.lot	spa	micloth	aligned	1.0
H4764	me.rav	eng	Merab	gloss	1.0
H4764	me.rav	fra	Mérab	gloss	1.0
H4764	me.rav	por	Merabe	gloss	1.0
H4764	me.rav	spa	Merab	gloss	1.0
H4764	me.rav	cmn-Hans	米拉，《思》默辣布	gloss	1.0
H4764	me.rav	cmn-Hant	米拉，《思》默辣布	gloss	1.0
H4764	me.rav	deu	Merab	gloss	1.0
H4764	me.rav	nld	Merab	gloss	1.0
H4764	me.rav	swa	merabu, umwo	gloss	1.0
H4764	me.rav	arb	مَيْرَبُ	aligned	1.0
H4764	me.rav	eng	merab	aligned	0.714
H4764	me.rav	hin	मेरब	aligned	1.0
H4764	me.rav	spa	merab	aligned	1.0
H4778	me.red	eng	Mered	gloss	1.0
H4778	me.red	eng	mered	aligned	0.75
H4778	me.red	spa	mered	aligned	1.0
H4782	mor.de.khay	eng	Mordecai	gloss	1.0
H4782	mor.de.khay	fra	Mordokaï	gloss	1.0
H4782	mor.de.khay	por	Mordecai	gloss	1.0
H4782	mor.de.khay	spa	Mardoqueo	gloss	1.0
H4782	mor.de.khay	cmn-Hans	末底改，《思》摩尔德开	gloss	1.0
H4782	mor.de.khay	cmn-Hant	末底改，《思》摩爾德開	gloss	1.0
H4782	mor.de.khay	dan	Mordokaj	gloss	1.0
H4782	mor.de.khay	deu	Mordechai	gloss	1.0
H4782	mor.de.khay	nld	Mordechai	gloss	1.0
H4782	mor.de.khay	swa	mordekai	gloss	1.0
H4782	mor.de.khay	arb	لِمُرْدَخَايَ	aligned	1.0
H4782	mor.de.khay	arb	مُرْدَخَايَ	aligned	1.0
H4782	mor.de.khay	arb	مُرْدَخَايُ	aligned	1.0
H4782	mor.de.khay	eng	mordecai	aligned	0.781
H4782	mor.de.khay	eng	mordecai’s	aligned	0.375
H4782	mor.de.khay	hin	मोर्दकै	aligned	0.678
H4782	mor.de.khay	rus	мардохею	aligned	0.857
H4782	mor.de.khay	rus	мардохей	aligned	0.733
H4782	mor.de.khay	rus	мардохея	aligned	0.273
H4782	mor.de.khay	spa	mardochêo	aligned	1.0
H4785	ma.rah	eng	Marah	gloss	1.0
H4785	ma.rah	fra	Mara	gloss	1.0
H4785	ma.rah	por	Mara	gloss	1.0
H4785	ma.rah	spa	Mara	gloss	1.0
H4785	ma.rah	cmn-Hans	玛拉，《思》玛辣	gloss	1.0
H4785	ma.rah	cmn-Hant	瑪拉，《思》瑪辣	gloss	1.0
H4785	ma.rah	deu	Mara	gloss	1.0
H4785	ma.rah	nld	Mara	gloss	1.0
H4785	ma.rah	swa	mara	gloss	1.0
H4785	ma.rah	arb	مَارَّةَ	aligned	1.0
H4785	ma.rah	eng	marah	aligned	0.778
H4785	ma.rah	spa	mara	aligned	0.833
H4792	me.rom	eng	Merom	gloss	1.0
H4792	me.rom	fra	Mérom	gloss	1.0
H4792	me.rom	por	Merom	gloss	1.0
H4792	me.rom	spa	Merom	gloss	1.0
H4792	me.rom	cmn-Hans	米伦，《思》默龙	gloss	1.0
H4792	me.rom	cmn-Hant	米倫，《思》默龍	gloss	1.0
H4792	me.rom	deu	Merom	gloss	1.0
H4792	me.rom	nld	Merom	gloss	1.0
H4792	me.rom	swa	meromu	gloss	1.0
H4792	me.rom	arb	مَيْرُومَ	aligned	1.0
H4792	me.rom	eng	merom	aligned	1.0
H4792	me.rom	hin	मेरोम	aligned	1.0
H4792	me.rom	spa	merom	aligned	1.0
H4807	me.riv ba.al	eng	Merib-baal	gloss	1.0
H4807	me.riv ba.al	fra	Merib-Baal	gloss	1.0
H4807	me.riv ba.al	por	Meribe-Baal	gloss	1.0
H4807	me.riv ba.al	spa	Merib-Baal	gloss	1.0
H4807	me.riv ba.al	cmn-Hans	米力‧巴力，《思》默黎巴耳	gloss	1.0
H4807	me.riv ba.al	cmn-Hant	米力‧巴力，《思》默黎巴耳	gloss	1.0
H4807	me.riv ba.al	deu	Merib-Baal	gloss	1.0
H4807	me.riv ba.al	nld	Meribbaäl	gloss	1.0
H4807	me.riv ba.al	swa	mefiboshethi, meribaali, limi	gloss	1.0
H4807	me.riv ba.al	eng	merib-baal	aligned	0.4
H4809	me.ri.vah	eng	Meribah	gloss	1.0
H4809	me.ri.vah	arb	مَرِيبَةَ	aligned	1.0
H4809	me.ri.vah	arb	مَرِيبَةِ	aligned	1.0
H4809	me.ri.vah	eng	meriboth-kadesh	aligned	1.0
H4809	me.ri.vah	eng	meribah	aligned	0.875
H4809	me.ri.vah	eng	meribath-kadesh	aligned	0.667
H4809	me.ri.vah	hin	मरीबा	aligned	0.778
H4809	me.ri.vah	rus	пререкания	aligned	0.667
H4809	me.ri.vah	spa	meriba	aligned	1.0
H4809	me.ri.vah	spa	rencilla	aligned	0.5
H4809	me.ri.vah	spa	rencillas	aligned	0.4
H4812	me.ra.vot	eng	Meraioth	gloss	1.0
H4812	me.ra.vot	fra	Merayoth	gloss	1.0
H4812	me.ra.vot	por	Meraiote	gloss	1.0
H4812	me.ra.vot	spa	Meraiot	gloss	1.0
H4812	me.ra.vot	cmn-Hans	米拉约，《思》默辣约特	gloss	1.0
H4812	me.ra.vot	cmn-Hant	米拉約，《思》默辣約特	gloss	1.0
H4812	me.ra.vot	deu	Merajot	gloss	1.0
H4812	me.ra.vot	nld	Merajot	gloss	1.0
H4812	me.ra.vot	swa	merayothi	gloss	1.0
H4812	me.ra.vot	arb	مَرَايُوثَ	aligned	1.0
H4812	me.ra.vot	eng	meraioth	aligned	0.929
H4812	me.ra.vot	hin	मरायोत	aligned	0.75
H4812	me.ra.vot	spa	meraioth	aligned	0.714
H4813	mir.yam	eng	Miriam	gloss	1.0
H4813	mir.yam	fra	Miryam	gloss	1.0
H4813	mir.yam	por	Míriam	gloss	1.0
H4813	mir.yam	spa	Miriam	gloss	1.0
H4813	mir.yam	cmn-Hans	米利暗，《思》米黎盎	gloss	1.0
H4813	mir.yam	cmn-Hant	米利暗，《思》米黎盎	gloss	1.0
H4813	mir.yam	deu	Mirjam	gloss	1.0
H4813	mir.yam	nld	Mirjam	gloss	1.0
H4813	mir.yam	swa	miriamu	gloss	1.0
H4813	mir.yam	arb	بِمَرْيَمَ	aligned	0.667
H4813	mir.yam	arb	وَمَرْيَمَ	aligned	0.571
H4813	mir.yam	arb	مَرْيَمُ	aligned	0.117
H4813	mir.yam	eng	miriam	aligned	0.857
H4813	mir.yam	hin	मिर्याम	aligned	0.733
H4813	mir.yam	rus	мариам	aligned	0.571
H4813	mir.yam	spa	maría	aligned	0.197
H4847	me.ra.ri	eng	Merari	gloss	1.0
H4847	me.ra.ri	fra	Merari	gloss	1.0
H4847	me.ra.ri	por	Merari	gloss	1.0
H4847	me.ra.ri	spa	Merari	gloss	1.0
H4847	me.ra.ri	cmn-Hans	米拉利，《思》默辣黎	gloss	1.0
H4847	me.ra.ri	cmn-Hant	米拉利，《思》默辣黎	gloss	1.0
H4847	me.ra.ri	deu	Merariter	gloss	1.0
H4847	me.ra.ri	nld	Merariet	gloss	1.0
H4847	me.ra.ri	swa	merari, wamerari, wamahli	gloss	1.0
H4847	me.ra.ri	arb	مَرَارِي	aligned	1.0
H4847	me.ra.ri	arb	وَمَرَارِي	aligned	1.0
H4847	me.ra.ri	eng	merari	aligned	0.857
H4847	me.ra.ri	eng	merarite	aligned	0.571
H4847	me.ra.ri	eng	merarites	aligned	0.222
H4847	me.ra.ri	hin	मरारियों	aligned	0.933
H4847	me.ra.ri	hin	मरारी	aligned	0.789
H4847	me.ra.ri	rus	мерариным	aligned	1.0
H4847	me.ra.ri	rus	мерари	aligned	0.75
H4847	me.ra.ri	rus	мерариных	aligned	0.375
H4847	me.ra.ri	spa	merari	aligned	1.0
H4854	mas.sa	eng	Massa	gloss	1.0
H4854	mas.sa	dan	last, byde, afgift	gloss	1.0
H4854	mas.sa	deu	Last, Traglast, Abgabe	gloss	1.0
H4854	mas.sa	nld	last, godsspraak	gloss	1.0
H4854	mas.sa	swa	mzig, leme, mizigo, wapagazi, alikuwa, ufunuo, yapoto	gloss	1.0
H4854	mas.sa	arb	وَمَسَّا	aligned	1.0
H4854	mas.sa	eng	massa	aligned	0.75
H4861	mish.al	eng	Mishal	gloss	1.0
H4861	mish.al	fra	Mishéal	gloss	1.0
H4861	mish.al	por	Misal	gloss	1.0
H4861	mish.al	spa	Miseal	gloss	1.0
H4861	mish.al	cmn-Hans	米沙勒，《思》米沙耳	gloss	1.0
H4861	mish.al	cmn-Hant	米沙勒，《思》米沙耳	gloss	1.0
H4861	mish.al	deu	Mischal	gloss	1.0
H4861	mish.al	nld	Misal	gloss	1.0
H4861	mish.al	swa	mishali	gloss	1.0
H4861	mish.al	eng	mishal	aligned	0.667
H4861	mish.al	spa	miseal	aligned	1.0
H4872	mo.sheh	eng	Moses	gloss	1.0
H4872	mo.sheh	fra	Moïse	gloss	1.0
H4872	mo.sheh	por	Moisés	gloss	1.0
H4872	mo.sheh	spa	Moisés	gloss	1.0
H4872	mo.sheh	cmn-Hans	摩西，《思》梅瑟	gloss	1.0
H4872	mo.sheh	cmn-Hant	摩西，《思》梅瑟	gloss	1.0
H4872	mo.sheh	dan	Moses	gloss	1.0
H4872	mo.sheh	deu	Mose	gloss	1.0
H4872	mo.sheh	nld	Moses	gloss	1.0
H4872	mo.sheh	swa	musa	gloss	1.0
H4872	mo.sheh	amh	ሙሴ	gloss	1.0
H4872	mo.sheh	arb	مُوسَى	aligned	0.801
H4872	mo.sheh	arb	لِمُوسَى	aligned	0.759
H4872	mo.sheh	arb	وَمُوسَى	aligned	0.583
H4872	mo.sheh	eng	moses	aligned	0.839
H4872	mo.sheh	eng	moses’	aligned	0.667
H4872	mo.sheh	hin	मूसा	aligned	0.824
H4872	mo.sheh	rus	моисей	aligned	0.783
H4872	mo.sheh	rus	моисею	aligned	0.711
H4872	mo.sheh	rus	моисея	aligned	0.484
H4872	mo.sheh	rus	моисеем	aligned	0.417
H4872	mo.sheh	rus	повелению	aligned	0.105
H4872	mo.sheh	spa	moisés	aligned	0.903
H4877	me.sho.vav	eng	Meshobab	gloss	1.0
H4877	me.sho.vav	fra	Meshovav	gloss	1.0
H4877	me.sho.vav	por	Mesobabe	gloss	1.0
H4877	me.sho.vav	spa	Mesobab	gloss	1.0
H4877	me.sho.vav	cmn-Hans	米所巴，《思》默芍巴布	gloss	1.0
H4877	me.sho.vav	cmn-Hant	米所巴，《思》默芍巴布	gloss	1.0
H4877	me.sho.vav	deu	Meschobab	gloss	1.0
H4877	me.sho.vav	nld	Mesobab	gloss	1.0
H4877	me.sho.vav	swa	meshobabu	gloss	1.0
H4898	me.she.zav.el	eng	Meshezabel	gloss	1.0
H4898	me.she.zav.el	fra	Meshézavéel	gloss	1.0
H4898	me.she.zav.el	por	Mesezabel	gloss	1.0
H4898	me.she.zav.el	spa	Mesezabeel	gloss	1.0
H4898	me.she.zav.el	cmn-Hans	米示萨别，《思》默舍匝贝耳	gloss	1.0
H4898	me.she.zav.el	cmn-Hant	米示薩別，《思》默舍匝貝耳	gloss	1.0
H4898	me.she.zav.el	deu	Meschesabel	gloss	1.0
H4898	me.she.zav.el	nld	Mesezabel	gloss	1.0
H4898	me.she.zav.el	swa	meshezabeli	gloss	1.0
H4898	me.she.zav.el	arb	مَشِيزَبْئِيلَ	aligned	1.0
H4898	me.she.zav.el	eng	meshezabel	aligned	1.0
H4898	me.she.zav.el	eng	meshezabeel	aligned	0.667
H4898	me.she.zav.el	hin	मशेजबेल	aligned	1.0
H4898	me.she.zav.el	spa	mesezabeel	aligned	1.0
H4902	me.shekh	eng	Meshech	gloss	1.0
H4902	me.shekh	deu	Meschech	gloss	1.0
H4902	me.shekh	nld	leren tas	gloss	1.0
H4902	me.shekh	swa	mkob, chup, rib, azichukuapo	gloss	1.0
H4902	me.shekh	arb	مَاشِكَ	aligned	1.0
H4902	me.shekh	arb	وَمَاشِكُ	aligned	1.0
H4902	me.shekh	eng	meshech	aligned	0.765
H4902	me.shekh	hin	मेशेक	aligned	0.625
H4902	me.shekh	spa	mesec	aligned	1.0
H4902	me.shekh	spa	mesech	aligned	1.0
H4918	me.shul.lam	eng	Meshullam	gloss	1.0
H4918	me.shul.lam	fra	Meshoullam	gloss	1.0
H4918	me.shul.lam	por	Mesulão	gloss	1.0
H4918	me.shul.lam	spa	Mesulam	gloss	1.0
H4918	me.shul.lam	cmn-Hans	米书兰，《思》默叔蓝	gloss	1.0
H4918	me.shul.lam	cmn-Hant	米書蘭，《思》默叔藍	gloss	1.0
H4918	me.shul.lam	deu	Meschullam	gloss	1.0
H4918	me.shul.lam	nld	Mesullam	gloss	1.0
H4918	me.shul.lam	swa	meshulamu	gloss	1.0
H4918	me.shul.lam	arb	مَشُلَّامَ	aligned	1.0
H4918	me.shul.lam	arb	مَشُلَّامُ	aligned	1.0
H4918	me.shul.lam	arb	وَمَشُلَّامُ	aligned	1.0
H4918	me.shul.lam	eng	meshullam	aligned	0.796
H4918	me.shul.lam	hin	मशुल्लाम	aligned	0.727
H4918	me.shul.lam	spa	mesullam	aligned	1.0
H4919	me.shil.le.mot	eng	Meshillemoth	gloss	1.0
H4919	me.shil.le.mot	fra	Meshillémoth	gloss	1.0
H4919	me.shil.le.mot	por	Mesilemote	gloss	1.0
H4919	me.shil.le.mot	spa	Mesilemot	gloss	1.0
H4919	me.shil.le.mot	cmn-Hans	米实利末，《思》默史肋摩特	gloss	1.0
H4919	me.shil.le.mot	cmn-Hant	米實利末，《思》默史肋摩特	gloss	1.0
H4919	me.shil.le.mot	deu	Meschillemot	gloss	1.0
H4919	me.shil.le.mot	nld	Mesillemot	gloss	1.0
H4919	me.shil.le.mot	swa	meshilemothi	gloss	1.0
H4919	me.shil.le.mot	eng	meshillemith	aligned	1.0
H4919	me.shil.le.mot	eng	meshillemoth	aligned	0.75
H4919	me.shil.le.mot	hin	मशिल्लेमोत	aligned	1.0
H4919	me.shil.le.mot	spa	mesillemoth	aligned	1.0
H4927	mish.ma	eng	Mishma	gloss	1.0
H4927	mish.ma	deu	Gehörtes, Gerücht	gloss	1.0
H4927	mish.ma	nld	[*] gerucht	gloss	1.0
H4927	mish.ma	swa	siki, sikiliz, kien, lize, habari	gloss	1.0
H4927	mish.ma	arb	وَمِشْمَاعُ	aligned	1.0
H4927	mish.ma	eng	mishma	aligned	0.875
H4927	mish.ma	hin	मिश्मा	aligned	0.75
H4956	mis.r.phot ma.yim	eng	Misrephoth-maim	gloss	1.0
H4956	mis.r.phot ma.yim	fra	Misrefoth-Maïm	gloss	1.0
H4956	mis.r.phot ma.yim	por	Misrefote-Maim	gloss	1.0
H4956	mis.r.phot ma.yim	spa	Misrefotmaim	gloss	1.0
H4956	mis.r.phot ma.yim	cmn-Hans	米斯利弗‧玛音，《思》米斯勒佛特玛殷	gloss	1.0
H4956	mis.r.phot ma.yim	cmn-Hant	米斯利弗‧瑪音，《思》米斯勒佛特瑪殷	gloss	1.0
H4956	mis.r.phot ma.yim	deu	Misrefot-Majim	gloss	1.0
H4956	mis.r.phot ma.yim	nld	Misrefot-Maïm	gloss	1.0
H4956	mis.r.phot ma.yim	swa	misrefoth-maimu	gloss	1.0
H4956	mis.r.phot ma.yim	eng	misrephoth-maim	aligned	1.0
H4968	me.tu.she.lach	eng	Methuselah	gloss	1.0
H4968	me.tu.she.lach	fra	Mathusalem	gloss	1.0
H4968	me.tu.she.lach	por	Matusalém, Metussela	gloss	1.0
H4968	me.tu.she.lach	spa	Matusalén	gloss	1.0
H4968	me.tu.she.lach	cmn-Hans	玛土撒拉，《思》默突舍拉	gloss	1.0
H4968	me.tu.she.lach	cmn-Hant	瑪土撒拉，《思》默突舍拉	gloss	1.0
H4968	me.tu.she.lach	deu	Metuschelach	gloss	1.0
H4968	me.tu.she.lach	nld	Metuselach	gloss	1.0
H4968	me.tu.she.lach	swa	methusela	gloss	1.0
H4968	me.tu.she.lach	arb	مَتُوشَالَحُ	aligned	1.0
H4968	me.tu.she.lach	arb	مَتُوشَالَحَ	aligned	0.6
H4968	me.tu.she.lach	eng	methuselah	aligned	0.857
H4968	me.tu.she.lach	hin	मतूशेलह	aligned	1.0
H4968	me.tu.she.lach	rus	мафусал	aligned	0.667
H4968	me.tu.she.lach	rus	мафусала	aligned	0.5
H4968	me.tu.she.lach	spa	mathusalam	aligned	1.0
H4989	mit.qah	eng	Mithkah	gloss	1.0
H4989	mit.qah	fra	Mitqa	gloss	1.0
H4989	mit.qah	por	Mitca	gloss	1.0
H4989	mit.qah	spa	MItca	gloss	1.0
H4989	mit.qah	cmn-Hans	密加，《思》米特卡	gloss	1.0
H4989	mit.qah	cmn-Hant	密加，《思》米特卡	gloss	1.0
H4989	mit.qah	deu	Mitka	gloss	1.0
H4989	mit.qah	nld	Mitka	gloss	1.0
H4989	mit.qah	swa	mithka	gloss	1.0
H4989	mit.qah	arb	مِثْقَةَ	aligned	1.0
H4989	mit.qah	eng	mithcah	aligned	1.0
H4989	mit.qah	spa	mithca	aligned	1.0
H4993	mat.tit.yah	eng	Mattithiah	gloss	1.0
H4993	mat.tit.yah	deu	Mattitja	gloss	1.0
H4993	mat.tit.yah	nld	Mattitja	gloss	1.0
H4993	mat.tit.yah	swa	matithia, metithia	gloss	1.0
H4993	mat.tit.yah	arb	وَمَتَّثْيَا	aligned	1.0
H4993	mat.tit.yah	eng	mattithiah	aligned	0.625
H4993	mat.tit.yah	hin	मत्तित्याह	aligned	0.3
H4993	mat.tit.yah	rus	маттафии	aligned	1.0
H4993	mat.tit.yah	spa	mathithías	aligned	1.0
H4996	no	eng	Thebes	gloss	1.0
H4996	no	fra	No	gloss	1.0
H4996	no	por	Nô	gloss	1.0
H4996	no	spa	Nó	gloss	1.0
H4996	no	cmn-Hans	挪，挪亚们，《现》底比斯，《思》诺	gloss	1.0
H4996	no	cmn-Hant	挪，挪亞們，《現》底比斯，《思》諾	gloss	1.0
H4996	no	deu	No	gloss	1.0
H4996	no	nld	Thebe	gloss	1.0
H4996	no	swa	wala, lakini, si, kwa, je	gloss	1.0
H4996	no	arb	نُو	aligned	1.0
H5018	ne.vu.zar.a.dan	eng	Nebuzaradan	gloss	1.0
H5018	ne.vu.zar.a.dan	fra	Nebouzaradân	gloss	1.0
H5018	ne.vu.zar.a.dan	por	Nebuzaradã	gloss	1.0
H5018	ne.vu.zar.a.dan	spa	Nabuzaradán	gloss	1.0
H5018	ne.vu.zar.a.dan	cmn-Hans	尼布撒拉旦，《思》乃步匝辣当	gloss	1.0
H5018	ne.vu.zar.a.dan	cmn-Hant	尼布撒拉旦，《思》乃步匝辣當	gloss	1.0
H5018	ne.vu.zar.a.dan	deu	Nebusaradan	gloss	1.0
H5018	ne.vu.zar.a.dan	nld	Nebuzaradan	gloss	1.0
H5018	ne.vu.zar.a.dan	swa	nebuzaradani	gloss	1.0
H5018	ne.vu.zar.a.dan	arb	نَبُوزَرَادَانَ	aligned	1.0
H5018	ne.vu.zar.a.dan	arb	نَبُوزَرَادَانُ	aligned	1.0
H5018	ne.vu.zar.a.dan	eng	nebuzar-adan	aligned	1.0
H5018	ne.vu.zar.a.dan	eng	nebuzaradan	aligned	0.833
H5018	ne.vu.zar.a.dan	hin	नबूजरदान	aligned	0.875
H5018	ne.vu.zar.a.dan	rus	ахикама	aligned	0.286
H5018	ne.vu.zar.a.dan	rus	телохранителей	aligned	0.278
H5018	ne.vu.zar.a.dan	spa	nabuzaradán	aligned	1.0
H5019	ne.vu.khad.nets.tsar	eng	Nebuchadnezzar	gloss	1.0
H5019	ne.vu.khad.nets.tsar	fra	Nabuchodonosor	gloss	1.0
H5019	ne.vu.khad.nets.tsar	por	Nabucodonosor	gloss	1.0
H5019	ne.vu.khad.nets.tsar	spa	Nabucodonosor	gloss	1.0
H5019	ne.vu.khad.nets.tsar	cmn-Hans	尼布甲尼撒，《思》拿步高	gloss	1.0
H5019	ne.vu.khad.nets.tsar	cmn-Hant	尼布甲尼撒，《思》拿步高	gloss	1.0
H5019	ne.vu.khad.nets.tsar	deu	Nebukadnezzar	gloss	1.0
H5019	ne.vu.khad.nets.tsar	nld	Nebukadnessar	gloss	1.0
H5019	ne.vu.khad.nets.tsar	swa	nebukadneza	gloss	1.0
H5019	ne.vu.khad.nets.tsar	arb	لِنَبُوخَذْرَاصَّرَ	aligned	1.0
H5019	ne.vu.khad.nets.tsar	arb	نَبُوخَذْرَاصَّرَ	aligned	1.0
H5019	ne.vu.khad.nets.tsar	arb	نَبُوخَذْرَاصَّرُ	aligned	1.0
H5019	ne.vu.khad.nets.tsar	arb	نَبُوخَذْنَاصَّرَ	aligned	1.0
H5019	ne.vu.khad.nets.tsar	arb	نَبُوخَذْنَاصَّرُ	aligned	1.0
H5019	ne.vu.khad.nets.tsar	arb	نَبُوخَذْنَصَّرُ	aligned	0.12
H5019	ne.vu.khad.nets.tsar	eng	nebuchadrezzar	aligned	1.0
H5019	ne.vu.khad.nets.tsar	eng	nebuchadnezzar	aligned	0.658
H5019	ne.vu.khad.nets.tsar	eng	nebuchadnezzar’s	aligned	0.5
H5019	ne.vu.khad.nets.tsar	hin	नबूकदनेस्सर	aligned	0.607
H5019	ne.vu.khad.nets.tsar	rus	навуходоносора	aligned	0.444
H5019	ne.vu.khad.nets.tsar	rus	вавилонский	aligned	0.308
H5019	ne.vu.khad.nets.tsar	rus	вавилонского	aligned	0.152
H5019	ne.vu.khad.nets.tsar	spa	nabucodonosor	aligned	0.659
H5020	ne.vu.khad.nets.tsar	eng	Nebuchadnezzar	gloss	1.0
H5020	ne.vu.khad.nets.tsar	deu	Nebukadnezzar	gloss	1.0
H5020	ne.vu.khad.nets.tsar	nld	Nebukadnessar	gloss	1.0
H5020	ne.vu.khad.nets.tsar	swa	nebukadneza	gloss	1.0
H5020	ne.vu.khad.nets.tsar	arb	نَبُوخَذْنَصَّرُ	aligned	0.88
H5020	ne.vu.khad.nets.tsar	arb	نَبُوخَذْنَصَّرَ	aligned	0.8
H5020	ne.vu.khad.nets.tsar	eng	nebuchadnezzar	aligned	0.2
H5020	ne.vu.khad.nets.tsar	hin	नबूकदनेस्सर	aligned	0.286
H5020	ne.vu.khad.nets.tsar	rus	иерусалимского	aligned	0.5
H5020	ne.vu.khad.nets.tsar	rus	навуходоносор	aligned	0.476
H5020	ne.vu.khad.nets.tsar	rus	навуходоносору	aligned	0.333
H5020	ne.vu.khad.nets.tsar	spa	nabucodonosor	aligned	0.341
H5022	na.vot	eng	Naboth	gloss	1.0
H5022	na.vot	fra	Naboth	gloss	1.0
H5022	na.vot	por	Nabote	gloss	1.0
H5022	na.vot	spa	Nabot	gloss	1.0
H5022	na.vot	cmn-Hans	拿伯，《思》纳波特	gloss	1.0
H5022	na.vot	cmn-Hant	拿伯，《思》納波特	gloss	1.0
H5022	na.vot	deu	Nabot	gloss	1.0
H5022	na.vot	nld	Nabot	gloss	1.0
H5022	na.vot	swa	nabothi, mketi	gloss	1.0
H5022	na.vot	arb	نَابُوتَ	aligned	1.0
H5022	na.vot	arb	نَابُوتُ	aligned	1.0
H5022	na.vot	eng	naboth	aligned	0.932
H5022	na.vot	hin	नाबोत	aligned	0.95
H5022	na.vot	rus	навуфея	aligned	0.5
H5022	na.vot	rus	навуфей	aligned	0.4
H5022	na.vot	spa	naboth	aligned	1.0
H5025	no.vach	eng	Nobah	gloss	1.0
H5025	no.vach	fra	Novah	gloss	1.0
H5025	no.vach	por	Noba	gloss	1.0
H5025	no.vach	spa	Noba	gloss	1.0
H5025	no.vach	cmn-Hans	挪巴，《思》诺巴黑	gloss	1.0
H5025	no.vach	cmn-Hant	挪巴，《思》諾巴黑	gloss	1.0
H5025	no.vach	deu	Nobach	gloss	1.0
H5025	no.vach	nld	Nobach	gloss	1.0
H5025	no.vach	swa	noba	gloss	1.0
H5025	no.vach	arb	نُوبَحَ	aligned	1.0
H5025	no.vach	eng	nobah	aligned	0.667
H5025	no.vach	spa	noba	aligned	1.0
H5026	niv.chaz	eng	Nibhaz	gloss	1.0
H5026	niv.chaz	fra	Nivhaz	gloss	1.0
H5026	niv.chaz	por	Nibaz	gloss	1.0
H5026	niv.chaz	spa	Nibhaz	gloss	1.0
H5026	niv.chaz	cmn-Hans	匿哈，《思》尼贝哈次	gloss	1.0
H5026	niv.chaz	cmn-Hant	匿哈，《思》尼貝哈次	gloss	1.0
H5026	niv.chaz	deu	Nibhas	gloss	1.0
H5026	niv.chaz	nld	Nibchaz	gloss	1.0
H5026	niv.chaz	swa	nibhazi	gloss	1.0
H5026	niv.chaz	eng	nibhaz	aligned	1.0
H5028	ne.vat	eng	Nebat	gloss	1.0
H5028	ne.vat	fra	Nevath	gloss	1.0
H5028	ne.vat	por	Nebate	gloss	1.0
H5028	ne.vat	spa	Nabat	gloss	1.0
H5028	ne.vat	cmn-Hans	尼八，《思》乃巴特	gloss	1.0
H5028	ne.vat	cmn-Hant	尼八，《思》乃巴特	gloss	1.0
H5028	ne.vat	deu	Nebat	gloss	1.0
H5028	ne.vat	nld	Nebat	gloss	1.0
H5028	ne.vat	swa	nebati	gloss	1.0
H5028	ne.vat	arb	نَبَاطَ	aligned	1.0
H5028	ne.vat	eng	nebat’s	aligned	1.0
H5028	ne.vat	eng	nebat	aligned	0.938
H5028	ne.vat	hin	नबात	aligned	1.0
H5028	ne.vat	spa	nabat	aligned	1.0
H5032	ne.va.vot	eng	Nebaioth	gloss	1.0
H5032	ne.va.vot	fra	Nevayoth	gloss	1.0
H5032	ne.va.vot	por	Nebaiote	gloss	1.0
H5032	ne.va.vot	spa	Nebaiot	gloss	1.0
H5032	ne.va.vot	cmn-Hans	尼拜约，《思》乃巴约特	gloss	1.0
H5032	ne.va.vot	cmn-Hant	尼拜約，《思》乃巴約特	gloss	1.0
H5032	ne.va.vot	deu	Nebajot	gloss	1.0
H5032	ne.va.vot	nld	Nebajot	gloss	1.0
H5032	ne.va.vot	swa	nebayothi	gloss	1.0
H5032	ne.va.vot	arb	نَبَايُوتَ	aligned	1.0
H5032	ne.va.vot	arb	نَبَايُوتُ	aligned	1.0
H5032	ne.va.vot	eng	nebaioth	aligned	1.0
H5032	ne.va.vot	eng	nebajoth	aligned	1.0
H5032	ne.va.vot	hin	नबायोत	aligned	0.5
H5052	no.gah	eng	Nogah	gloss	1.0
H5052	no.gah	arb	وَنُوجَهُ	aligned	1.0
H5052	no.gah	eng	nogah	aligned	0.5
H5052	no.gah	spa	noga	aligned	1.0
H5070	na.dav	eng	Nadab	gloss	1.0
H5070	na.dav	fra	Nadav	gloss	1.0
H5070	na.dav	por	Nadabe	gloss	1.0
H5070	na.dav	spa	Nadab	gloss	1.0
H5070	na.dav	cmn-Hans	拿答，《思》纳达布	gloss	1.0
H5070	na.dav	cmn-Hant	拿答，《思》納達布	gloss	1.0
H5070	na.dav	deu	Nadab	gloss	1.0
H5070	na.dav	nld	Nadab	gloss	1.0
H5070	na.dav	swa	nadabu	gloss	1.0
H5070	na.dav	arb	نَادَابَ	aligned	1.0
H5070	na.dav	arb	نَادَابُ	aligned	1.0
H5070	na.dav	arb	وَنَادَابُ	aligned	1.0
H5070	na.dav	eng	nadab	aligned	0.762
H5070	na.dav	hin	नादाब	aligned	0.842
H5070	na.dav	rus	надав	aligned	0.75
H5070	na.dav	rus	авиуд	aligned	0.286
H5070	na.dav	spa	nadab	aligned	1.0
H5096	na.ha.lal	eng	Nahalol	gloss	1.0
H5096	na.ha.lal	deu	Nahalal	gloss	1.0
H5096	na.ha.lal	nld	Nahalal	gloss	1.0
H5096	na.ha.lal	swa	nahalali	gloss	1.0
H5096	na.ha.lal	eng	nahalol	aligned	1.0
H5096	na.ha.lal	eng	nahalal	aligned	0.667
H5096	na.ha.lal	spa	naalal	aligned	1.0
H5121	na.vit	eng	Naioth	gloss	1.0
H5121	na.vit	fra	Nayoth	gloss	1.0
H5121	na.vit	por	Naiote	gloss	1.0
H5121	na.vit	spa	Naiot	gloss	1.0
H5121	na.vit	cmn-Hans	拿约，《思》纳约特	gloss	1.0
H5121	na.vit	cmn-Hant	拿約，《思》納約特	gloss	1.0
H5121	na.vit	arb	نَايُوتَ	aligned	1.0
H5121	na.vit	eng	naioth	aligned	0.583
H5121	na.vit	spa	najoth	aligned	1.0
H5126	nun	eng	Nun	gloss	1.0
H5126	nun	fra	Noun	gloss	1.0
H5126	nun	por	Num	gloss	1.0
H5126	nun	spa	Nun	gloss	1.0
H5126	nun	cmn-Hans	嫩，《思》农	gloss	1.0
H5126	nun	cmn-Hant	嫩，《思》農	gloss	1.0
H5126	nun	deu	Nun	gloss	1.0
H5126	nun	nld	Nun	gloss	1.0
H5126	nun	swa	nuni	gloss	1.0
H5126	nun	arb	نُونَ	aligned	1.0
H5126	nun	arb	نُونٍ	aligned	0.818
H5126	nun	eng	nun	aligned	0.983
H5126	nun	hin	नून	aligned	0.767
H5126	nun	rus	будучи	aligned	0.133
H5126	nun	spa	nun	aligned	1.0
H5129	no.ad.yah	eng	Noadiah	gloss	1.0
H5129	no.ad.yah	fra	Noadya	gloss	1.0
H5129	no.ad.yah	por	Noadias	gloss	1.0
H5129	no.ad.yah	spa	Noadías	gloss	1.0
H5129	no.ad.yah	cmn-Hans	挪亚底，《思》诺阿狄雅	gloss	1.0
H5129	no.ad.yah	cmn-Hant	挪亞底，《思》諾阿狄雅	gloss	1.0
H5129	no.ad.yah	deu	Noadja	gloss	1.0
H5129	no.ad.yah	nld	Noadja	gloss	1.0
H5129	no.ad.yah	swa	noadia	gloss	1.0
H5129	no.ad.yah	eng	noadiah	aligned	0.5
H5129	no.ad.yah	spa	noadías	aligned	1.0
H5146	no.ach	eng	Noah	gloss	1.0
H5146	no.ach	fra	Noé	gloss	1.0
H5146	no.ach	por	Noé	gloss	1.0
H5146	no.ach	spa	Noé	gloss	1.0
H5146	no.ach	cmn-Hans	挪亚，《思》诺厄	gloss	1.0
H5146	no.ach	cmn-Hant	挪亞，《思》諾厄	gloss	1.0
H5146	no.ach	dan	Noa	gloss	1.0
H5146	no.ach	deu	Noach	gloss	1.0
H5146	no.ach	nld	Noach	gloss	1.0
H5146	no.ach	swa	nuhu	gloss	1.0
H5146	no.ach	arb	لِنُوحٍ	aligned	1.0
H5146	no.ach	arb	نُوحًا	aligned	0.889
H5146	no.ach	arb	نُوحٌ	aligned	0.724
H5146	no.ach	arb	نُوحٍ	aligned	0.65
H5146	no.ach	eng	noah’s	aligned	0.8
H5146	no.ach	eng	noah	aligned	0.684
H5146	no.ach	hin	नूह	aligned	0.717
H5146	no.ach	rus	ноевых	aligned	1.0
H5146	no.ach	rus	ною	aligned	1.0
H5146	no.ach	rus	ной	aligned	0.938
H5146	no.ach	rus	ноя	aligned	0.375
H5146	no.ach	spa	noé	aligned	0.849
H5152	na.chor	eng	Nahor	gloss	1.0
H5152	na.chor	fra	Nahor	gloss	1.0
H5152	na.chor	por	Naor	gloss	1.0
H5152	na.chor	spa	Nahor	gloss	1.0
H5152	na.chor	cmn-Hans	拿鹤，《思》纳曷尔	gloss	1.0
H5152	na.chor	cmn-Hant	拿鶴，《思》納曷爾	gloss	1.0
H5152	na.chor	deu	Nahor	gloss	1.0
H5152	na.chor	nld	Nachor	gloss	1.0
H5152	na.chor	swa	nahori	gloss	1.0
H5152	na.chor	arb	لِنَاحُورَ	aligned	1.0
H5152	na.chor	arb	نَاحُورُ	aligned	1.0
H5152	na.chor	arb	وَنَاحُورَ	aligned	1.0
H5152	na.chor	arb	نَاحُورَ	aligned	0.818
H5152	na.chor	eng	nahor	aligned	0.818
H5152	na.chor	eng	nahor’s	aligned	0.75
H5152	na.chor	hin	नाहोर	aligned	0.737
H5152	na.chor	rus	нахор	aligned	1.0
H5152	na.chor	rus	нахора	aligned	0.667
H5152	na.chor	rus	арана	aligned	0.5
H5152	na.chor	spa	nachôr	aligned	0.947
H5166	ne.chem.yah	eng	Nehemiah	gloss	1.0
H5166	ne.chem.yah	fra	Nehèmya	gloss	1.0
H5166	ne.chem.yah	por	Neemias	gloss	1.0
H5166	ne.chem.yah	spa	Nehemías	gloss	1.0
H5166	ne.chem.yah	cmn-Hans	尼希米，《思》乃赫米雅	gloss	1.0
H5166	ne.chem.yah	cmn-Hant	尼希米，《思》乃赫米雅	gloss	1.0
H5166	ne.chem.yah	deu	Nehemia; Nehemja	gloss	1.0
H5166	ne.chem.yah	nld	Nechemja	gloss	1.0
H5166	ne.chem.yah	swa	nehemia, husik	gloss	1.0
H5166	ne.chem.yah	arb	نَحَمْيَا	aligned	1.0
H5166	ne.chem.yah	eng	nehemiah	aligned	0.941
H5166	ne.chem.yah	hin	नहेम्याह	aligned	1.0
H5166	ne.chem.yah	spa	nehemías	aligned	1.0
H5171	na.cha.ray	eng	Naharai	gloss	1.0
H5171	na.cha.ray	fra	Naharaï	gloss	1.0
H5171	na.cha.ray	por	Naarai	gloss	1.0
H5171	na.cha.ray	spa	Naharai	gloss	1.0
H5171	na.cha.ray	cmn-Hans	拿哈莱，《思》纳赫赖	gloss	1.0
H5171	na.cha.ray	cmn-Hant	拿哈萊，《思》納赫賴	gloss	1.0
H5171	na.cha.ray	deu	Nachrai	gloss	1.0
H5171	na.cha.ray	nld	Nachrai	gloss	1.0
H5171	na.cha.ray	swa	naharai	gloss	1.0
H5171	na.cha.ray	eng	naharai	aligned	1.0
H5171	na.cha.ray	hin	नहरै	aligned	1.0
H5176	na.chash	eng	Nahash	gloss	1.0
H5176	na.chash	arb	نَاحَاشَ	aligned	1.0
H5176	na.chash	arb	نَاحَاشُ	aligned	1.0
H5176	na.chash	eng	nahash	aligned	0.889
H5176	na.chash	hin	नाहाश	aligned	0.9
H5176	na.chash	rus	наас	aligned	0.667
H5176	na.chash	spa	naas	aligned	1.0
H5210	nin.veh	eng	Nineveh	gloss	1.0
H5210	nin.veh	fra	Ninive	gloss	1.0
H5210	nin.veh	por	Nínive	gloss	1.0
H5210	nin.veh	spa	Nínive	gloss	1.0
H5210	nin.veh	cmn-Hans	尼尼微，《思》尼尼微	gloss	1.0
H5210	nin.veh	cmn-Hant	尼尼微，《思》尼尼微	gloss	1.0
H5210	nin.veh	dan	Nineve	gloss	1.0
H5210	nin.veh	deu	Ninive	gloss	1.0
H5210	nin.veh	nld	Nineve	gloss	1.0
H5210	nin.veh	swa	ninawi, waninawi	gloss	1.0
H5210	nin.veh	arb	نِينَوَى	aligned	0.762
H5210	nin.veh	eng	nineveh	aligned	0.659
H5210	nin.veh	hin	नीनवे	aligned	0.611
H5210	nin.veh	rus	ниневии	aligned	0.5
H5210	nin.veh	spa	nínive	aligned	0.895
H5224	ne.kho	eng	Neco	gloss	1.0
H5224	ne.kho	fra	Neko	gloss	1.0
H5224	ne.kho	por	Neco	gloss	1.0
H5224	ne.kho	spa	Necao	gloss	1.0
H5224	ne.kho	cmn-Hans	尼哥，《思》乃苛	gloss	1.0
H5224	ne.kho	cmn-Hant	尼哥，《思》乃苛	gloss	1.0
H5224	ne.kho	deu	Necho	gloss	1.0
H5224	ne.kho	nld	Necho	gloss	1.0
H5224	ne.kho	swa	neko	gloss	1.0
H5224	ne.kho	arb	نَخْوُ	aligned	1.0
H5224	ne.kho	eng	necho	aligned	1.0
H5224	ne.kho	eng	neco	aligned	0.545
H5224	ne.kho	hin	नको	aligned	1.0
H5224	ne.kho	spa	nechâo	aligned	1.0
H5241	ne.mu.el	eng	Nemuel	gloss	1.0
H5241	ne.mu.el	fra	Nemouel	gloss	1.0
H5241	ne.mu.el	por	Nemuel	gloss	1.0
H5241	ne.mu.el	spa	Nemuel	gloss	1.0
H5241	ne.mu.el	cmn-Hans	尼母利，《思》乃慕耳	gloss	1.0
H5241	ne.mu.el	cmn-Hant	尼母利，《思》乃慕耳	gloss	1.0
H5241	ne.mu.el	deu	Nemuël; Jemuël	gloss	1.0
H5241	ne.mu.el	nld	Nemuel	gloss	1.0
H5241	ne.mu.el	swa	yemueli, nemueli	gloss	1.0
H5241	ne.mu.el	arb	نَمُوئِيلُ	aligned	1.0
H5241	ne.mu.el	eng	nemuel	aligned	0.833
H5241	ne.mu.el	hin	नमूएल	aligned	0.667
H5241	ne.mu.el	spa	nemuel	aligned	1.0
H5248	nim.rod	eng	Nimrod	gloss	1.0
H5248	nim.rod	fra	Nimrod	gloss	1.0
H5248	nim.rod	por	Ninrode	gloss	1.0
H5248	nim.rod	spa	Nimrod	gloss	1.0
H5248	nim.rod	cmn-Hans	宁录，《思》尼默洛得	gloss	1.0
H5248	nim.rod	cmn-Hant	寧錄，《思》尼默洛得	gloss	1.0
H5248	nim.rod	deu	Nimrod	gloss	1.0
H5248	nim.rod	nld	Nimrod	gloss	1.0
H5248	nim.rod	swa	nimrodi	gloss	1.0
H5248	nim.rod	arb	نِمْرُودَ	aligned	1.0
H5248	nim.rod	eng	nimrod	aligned	0.875
H5248	nim.rod	hin	निम्रोद	aligned	0.75
H5248	nim.rod	rus	нимрода	aligned	1.0
H5248	nim.rod	spa	nimrod	aligned	1.0
H5249	nim.rim	eng	Nimrim	gloss	1.0
H5249	nim.rim	fra	Nimrim	gloss	1.0
H5249	nim.rim	por	Nimrim	gloss	1.0
H5249	nim.rim	spa	Nimrim	gloss	1.0
H5249	nim.rim	cmn-Hans	宁林，《思》尼默陵	gloss	1.0
H5249	nim.rim	cmn-Hant	寧林，《思》尼默陵	gloss	1.0
H5249	nim.rim	deu	Nimrim	gloss	1.0
H5249	nim.rim	nld	Nimrim	gloss	1.0
H5249	nim.rim	swa	nimrimu	gloss	1.0
H5249	nim.rim	arb	نِمْرِيمَ	aligned	1.0
H5249	nim.rim	eng	nimrim	aligned	0.75
H5249	nim.rim	hin	निम्रीम	aligned	1.0
H5250	nim.shi	eng	Nimshi	gloss	1.0
H5250	nim.shi	fra	Nimshi	gloss	1.0
H5250	nim.shi	por	Ninsi	gloss	1.0
H5250	nim.shi	spa	Nimsi	gloss	1.0
H5250	nim.shi	cmn-Hans	宁示，《思》尼默史	gloss	1.0
H5250	nim.shi	cmn-Hant	寧示，《思》尼默史	gloss	1.0
H5250	nim.shi	deu	Nimschi	gloss	1.0
H5250	nim.shi	nld	Nimsi	gloss	1.0
H5250	nim.shi	swa	nimshi	gloss	1.0
H5250	nim.shi	arb	نِمْشِي	aligned	1.0
H5250	nim.shi	eng	nimshi	aligned	1.0
H5250	nim.shi	hin	निमशी	aligned	1.0
H5250	nim.shi	spa	nimsi	aligned	1.0
H5277	na.am	eng	Naam	gloss	1.0
H5277	na.am	fra	Naam	gloss	1.0
H5277	na.am	por	Naã	gloss	1.0
H5277	na.am	spa	Naam	gloss	1.0
H5277	na.am	cmn-Hans	拿安，《思》纳罕	gloss	1.0
H5277	na.am	cmn-Hant	拿安，《思》納罕	gloss	1.0
H5277	na.am	deu	Naam	gloss	1.0
H5277	na.am	nld	Naäm	gloss	1.0
H5277	na.am	swa	naamu	gloss	1.0
H5283	na.a.man	eng	Naaman	gloss	1.0
H5283	na.a.man	fra	Naamân	gloss	1.0
H5283	na.a.man	por	Naamã	gloss	1.0
H5283	na.a.man	spa	Naamán	gloss	1.0
H5283	na.a.man	cmn-Hans	乃幔，《思》纳阿曼	gloss	1.0
H5283	na.a.man	cmn-Hant	乃幔，《思》納阿曼	gloss	1.0
H5283	na.a.man	deu	Naaman	gloss	1.0
H5283	na.a.man	nld	Naäma	gloss	1.0
H5283	na.a.man	swa	naamani	gloss	1.0
H5283	na.a.man	arb	وَنُعْمَانَ	aligned	1.0
H5283	na.a.man	arb	نُعْمَانُ	aligned	0.875
H5283	na.a.man	arb	نُعْمَانَ	aligned	0.833
H5283	na.a.man	eng	naaman	aligned	0.564
H5283	na.a.man	hin	नामान	aligned	0.556
H5283	na.a.man	rus	нееман	aligned	1.0
H5283	na.a.man	spa	naamán	aligned	0.941
H5294	ne.ar.yah	eng	Neariah	gloss	1.0
H5294	ne.ar.yah	fra	Néarya	gloss	1.0
H5294	ne.ar.yah	por	Nearias	gloss	1.0
H5294	ne.ar.yah	spa	Nearías	gloss	1.0
H5294	ne.ar.yah	cmn-Hans	尼利雅，《思》乃阿黎雅	gloss	1.0
H5294	ne.ar.yah	cmn-Hant	尼利雅，《思》乃阿黎雅	gloss	1.0
H5294	ne.ar.yah	deu	Nearja	gloss	1.0
H5294	ne.ar.yah	nld	Nearjs	gloss	1.0
H5294	ne.ar.yah	swa	nearia	gloss	1.0
H5294	ne.ar.yah	eng	neariah	aligned	0.667
H5294	ne.ar.yah	spa	nearías	aligned	1.0
H5297	noph	eng	Memphis	gloss	1.0
H5297	noph	deu	Memfis	gloss	1.0
H5297	noph	nld	Memfis	gloss	1.0
H5297	noph	swa	nofu	gloss	1.0
H5297	noph	arb	نُوفَ	aligned	1.0
H5297	noph	eng	noph	aligned	1.0
H5297	noph	eng	memphis	aligned	0.25
H5297	noph	hin	नोप	aligned	0.429
H5298	ne.pheg	eng	Nepheg	gloss	1.0
H5298	ne.pheg	fra	Nèfeg	gloss	1.0
H5298	ne.pheg	por	Nefegue	gloss	1.0
H5298	ne.pheg	spa	Nefeg	gloss	1.0
H5298	ne.pheg	cmn-Hans	尼斐，《思》乃斐格	gloss	1.0
H5298	ne.pheg	cmn-Hant	尼斐，《思》乃斐格	gloss	1.0
H5298	ne.pheg	deu	Nefeg	gloss	1.0
H5298	ne.pheg	nld	Nefeg	gloss	1.0
H5298	ne.pheg	swa	nefegi	gloss	1.0
H5298	ne.pheg	arb	وَنَافَجُ	aligned	1.0
H5298	ne.pheg	eng	nepheg	aligned	0.5
H5298	ne.pheg	spa	nepheg	aligned	0.75
H5321	naph.ta.li	eng	Naphtali	gloss	1.0
H5321	naph.ta.li	fra	Neftali	gloss	1.0
H5321	naph.ta.li	por	Naftali	gloss	1.0
H5321	naph.ta.li	spa	Neftalí	gloss	1.0
H5321	naph.ta.li	cmn-Hans	拿弗他利，《思》纳斐塔里	gloss	1.0
H5321	naph.ta.li	cmn-Hant	拿弗他利，《思》納斐塔里	gloss	1.0
H5321	naph.ta.li	deu	Naftali	gloss	1.0
H5321	naph.ta.li	nld	Naftali	gloss	1.0
H5321	naph.ta.li	swa	naftali	gloss	1.0
H5321	naph.ta.li	arb	لِنَفْتَالِي	aligned	1.0
H5321	naph.ta.li	arb	وَنَفْتَالِي	aligned	1.0
H5321	naph.ta.li	arb	نَفْتَالِي	aligned	0.944
H5321	naph.ta.li	eng	naphtali	aligned	0.798
H5321	naph.ta.li	hin	नप्तालियों	aligned	0.833
H5321	naph.ta.li	hin	नप्ताली	aligned	0.69
H5321	naph.ta.li	rus	неффалим	aligned	0.8
H5321	naph.ta.li	rus	неффалимовых	aligned	0.8
H5321	naph.ta.li	rus	неффалима	aligned	0.75
H5321	naph.ta.li	rus	неффалимова	aligned	0.667
H5321	naph.ta.li	spa	nephtalí	aligned	1.0
H5321	naph.ta.li	spa	ahira	aligned	0.4
H5353	ne.qo.da	eng	Nekoda	gloss	1.0
H5353	ne.qo.da	fra	Neqoda	gloss	1.0
H5353	ne.qo.da	por	Necoda	gloss	1.0
H5353	ne.qo.da	spa	Necoda	gloss	1.0
H5353	ne.qo.da	cmn-Hans	尼哥大，《思》乃科达	gloss	1.0
H5353	ne.qo.da	cmn-Hant	尼哥大，《思》乃科達	gloss	1.0
H5353	ne.qo.da	deu	Nekoda	gloss	1.0
H5353	ne.qo.da	nld	Nekoda	gloss	1.0
H5353	ne.qo.da	swa	nekoda	gloss	1.0
H5353	ne.qo.da	arb	نَقُودَا	aligned	1.0
H5353	ne.qo.da	eng	nekoda	aligned	1.0
H5353	ne.qo.da	hin	नकोदा	aligned	1.0
H5353	ne.qo.da	spa	necoda	aligned	1.0
H5369	ner	eng	Ner	gloss	1.0
H5369	ner	dan	Ner	gloss	1.0
H5369	ner	deu	Leuchte	gloss	1.0
H5369	ner	nld	lamp	gloss	1.0
H5369	ner	swa	taa, kinara, vinara, amwinue	gloss	1.0
H5369	ner	arb	نَيْرٍ	aligned	1.0
H5369	ner	arb	نَيْرَ	aligned	1.0
H5369	ner	arb	وَنَيْرُ	aligned	1.0
H5369	ner	eng	ner	aligned	0.875
H5369	ner	hin	नेर	aligned	0.75
H5369	ner	rus	нер	aligned	1.0
H5369	ner	spa	ner	aligned	1.0
H5371	ne.re.gal shar.e.tser	eng	Nergal-sar-ezer	gloss	1.0
H5371	ne.re.gal shar.e.tser	fra	Nergal-Sarètsèr	gloss	1.0
H5371	ne.re.gal shar.e.tser	por	Nergal-Sarezer	gloss	1.0
H5371	ne.re.gal shar.e.tser	spa	Nergal-Sarezer	gloss	1.0
H5371	ne.re.gal shar.e.tser	cmn-Hans	尼甲‧沙利薛，《思》乃尔加耳沙勒责尔	gloss	1.0
H5371	ne.re.gal shar.e.tser	cmn-Hant	尼甲‧沙利薛，《思》乃爾加耳沙勒責爾	gloss	1.0
H5371	ne.re.gal shar.e.tser	eng	nergal-sharezer	aligned	0.5
H5374	ne.riy.yah	eng	Neriah	gloss	1.0
H5374	ne.riy.yah	fra	Nériya	gloss	1.0
H5374	ne.riy.yah	por	Nerias	gloss	1.0
H5374	ne.riy.yah	spa	Nerías	gloss	1.0
H5374	ne.riy.yah	cmn-Hans	尼利亚，《思》乃黎雅	gloss	1.0
H5374	ne.riy.yah	cmn-Hant	尼利亞，《思》乃黎雅	gloss	1.0
H5374	ne.riy.yah	deu	Nerija	gloss	1.0
H5374	ne.riy.yah	nld	Neria	gloss	1.0
H5374	ne.riy.yah	swa	neria	gloss	1.0
H5374	ne.riy.yah	arb	نِيرِيَّا	aligned	1.0
H5374	ne.riy.yah	eng	neriah	aligned	1.0
H5374	ne.riy.yah	hin	नेरिय्याह	aligned	1.0
H5374	ne.riy.yah	spa	nerías	aligned	1.0
H5416	na.tan	eng	Nathan	gloss	1.0
H5416	na.tan	fra	Natân	gloss	1.0
H5416	na.tan	por	Natã	gloss	1.0
H5416	na.tan	spa	Natán	gloss	1.0
H5416	na.tan	cmn-Hans	拿单，《思》纳堂	gloss	1.0
H5416	na.tan	cmn-Hant	拿單，《思》納堂	gloss	1.0
H5416	na.tan	dan	Natan	gloss	1.0
H5416	na.tan	deu	Natan	gloss	1.0
H5416	na.tan	nld	Natan	gloss	1.0
H5416	na.tan	swa	nathani	gloss	1.0
H5416	na.tan	arb	نَاثَانُ	aligned	1.0
H5416	na.tan	arb	وَنَاثَانَ	aligned	1.0
H5416	na.tan	arb	وَنَاثَانُ	aligned	1.0
H5416	na.tan	arb	نَاثَانَ	aligned	0.857
H5416	na.tan	eng	nathan	aligned	0.814
H5416	na.tan	hin	नातान	aligned	0.683
H5416	na.tan	rus	нафан	aligned	1.0
H5416	na.tan	rus	нафану	aligned	0.833
H5416	na.tan	rus	нафана	aligned	0.444
H5416	na.tan	spa	nathán	aligned	0.976
H5417	ne.tan.el	eng	Nethanel	gloss	1.0
H5417	ne.tan.el	fra	Netanéel	gloss	1.0
H5417	ne.tan.el	por	Natanael	gloss	1.0
H5417	ne.tan.el	spa	Natanael	gloss	1.0
H5417	ne.tan.el	cmn-Hans	拿坦业，《思》乃塔乃耳	gloss	1.0
H5417	ne.tan.el	cmn-Hant	拿坦業，《思》乃塔乃耳	gloss	1.0
H5417	ne.tan.el	deu	Netanel	gloss	1.0
H5417	ne.tan.el	nld	Netanel	gloss	1.0
H5417	ne.tan.el	swa	nethaneli	gloss	1.0
H5417	ne.tan.el	arb	وَنَثَنْئِيلُ	aligned	1.0
H5417	ne.tan.el	arb	نَثَنَائِيلُ	aligned	0.4
H5417	ne.tan.el	eng	nathaneel	aligned	1.0
H5417	ne.tan.el	eng	nethaneel	aligned	0.833
H5417	ne.tan.el	eng	nethanel	aligned	0.714
H5417	ne.tan.el	hin	नतनेल	aligned	0.714
H5417	ne.tan.el	rus	цуара	aligned	1.0
H5417	ne.tan.el	spa	nathanael	aligned	1.0
H5418	ne.tan.yah	eng	Nethaniah	gloss	1.0
H5418	ne.tan.yah	deu	Netanja	gloss	1.0
H5418	ne.tan.yah	nld	Netanja	gloss	1.0
H5418	ne.tan.yah	swa	nethania	gloss	1.0
H5418	ne.tan.yah	arb	نَثَنْيَا	aligned	1.0
H5418	ne.tan.yah	arb	وَنَثَنْيَا	aligned	1.0
H5418	ne.tan.yah	eng	nethaniah	aligned	0.872
H5418	ne.tan.yah	hin	नतन्याह	aligned	0.9
H5418	ne.tan.yah	spa	nethanías	aligned	1.0
H5419	ne.tan-me.lekh	eng	Nathan-melech	gloss	1.0
H5419	ne.tan-me.lekh	fra	Netân-Mèlek	gloss	1.0
H5419	ne.tan-me.lekh	por	Natã-Meleque	gloss	1.0
H5419	ne.tan-me.lekh	spa	Natán-melec	gloss	1.0
H5419	ne.tan-me.lekh	cmn-Hans	拿单‧米勒，《思》乃堂默肋客	gloss	1.0
H5419	ne.tan-me.lekh	cmn-Hant	拿單‧米勒，《思》乃堂默肋客	gloss	1.0
H5434	se.va	eng	Seba	gloss	1.0
H5434	se.va	fra	Seva	gloss	1.0
H5434	se.va	por	Sebá	gloss	1.0
H5434	se.va	spa	Seba	gloss	1.0
H5434	se.va	cmn-Hans	西巴，《思》色巴	gloss	1.0
H5434	se.va	cmn-Hant	西巴，《思》色巴	gloss	1.0
H5434	se.va	deu	Seba	gloss	1.0
H5434	se.va	nld	Seba	gloss	1.0
H5434	se.va	swa	seba	gloss	1.0
H5434	se.va	arb	سَبَا	aligned	0.182
H5434	se.va	eng	seba	aligned	0.75
H5434	se.va	hin	सबा	aligned	0.5
H5434	se.va	spa	seba	aligned	0.121
H5467	se.dom	eng	Sodom	gloss	1.0
H5467	se.dom	fra	Sodome	gloss	1.0
H5467	se.dom	por	Sodoma	gloss	1.0
H5467	se.dom	spa	Sodoma	gloss	1.0
H5467	se.dom	cmn-Hans	所多玛，《思》索多玛	gloss	1.0
H5467	se.dom	cmn-Hant	所多瑪，《思》索多瑪	gloss	1.0
H5467	se.dom	deu	Sodom	gloss	1.0
H5467	se.dom	nld	Sodom	gloss	1.0
H5467	se.dom	swa	sodoma	gloss	1.0
H5467	se.dom	arb	كَسَدُومَ	aligned	1.0
H5467	se.dom	arb	سَدُومُ	aligned	0.75
H5467	se.dom	arb	سَدُومَ	aligned	0.66
H5467	se.dom	eng	sodom	aligned	0.737
H5467	se.dom	hin	सदोम	aligned	0.698
H5467	se.dom	rus	содоме	aligned	1.0
H5467	se.dom	rus	содомский	aligned	1.0
H5467	se.dom	rus	содома	aligned	0.75
H5467	se.dom	rus	содому	aligned	0.667
H5467	se.dom	rus	содом	aligned	0.5
H5467	se.dom	spa	sodoma	aligned	0.812
H5482	se.ve.neh	eng	Syene	gloss	1.0
H5482	se.ve.neh	fra	Syène	gloss	1.0
H5482	se.ve.neh	por	Sevene	gloss	1.0
H5482	se.ve.neh	spa	Sevene	gloss	1.0
H5482	se.ve.neh	cmn-Hans	色弗尼，《思》色威乃	gloss	1.0
H5482	se.ve.neh	cmn-Hant	色弗尼，《思》色威乃	gloss	1.0
H5482	se.ve.neh	arb	أَسْوَانَ	aligned	1.0
H5482	se.ve.neh	eng	syene	aligned	1.0
H5482	se.ve.neh	hin	सवेने	aligned	1.0
H5511	si.chon	eng	Sihon	gloss	1.0
H5511	si.chon	fra	Sihôn	gloss	1.0
H5511	si.chon	por	Seom	gloss	1.0
H5511	si.chon	spa	Sehón	gloss	1.0
H5511	si.chon	cmn-Hans	西宏，《思》息红	gloss	1.0
H5511	si.chon	cmn-Hant	西宏，《思》息紅	gloss	1.0
H5511	si.chon	dan	Sihon	gloss	1.0
H5511	si.chon	deu	Sihon	gloss	1.0
H5511	si.chon	nld	Sichon	gloss	1.0
H5511	si.chon	swa	sihoni	gloss	1.0
H5511	si.chon	arb	بِسِيحُونَ	aligned	1.0
H5511	si.chon	arb	سِيحُونَ	aligned	1.0
H5511	si.chon	arb	سِيحُونُ	aligned	1.0
H5511	si.chon	eng	sihon	aligned	0.822
H5511	si.chon	hin	सीहोन	aligned	0.735
H5511	si.chon	rus	аморрейскому	aligned	1.0
H5511	si.chon	rus	сигон	aligned	0.8
H5511	si.chon	rus	аморрейского	aligned	0.714
H5511	si.chon	rus	васанского	aligned	0.333
H5511	si.chon	rus	есевоне	aligned	0.333
H5511	si.chon	spa	sehón	aligned	1.0
H5512	sin	eng	Pelusium	gloss	1.0
H5512	sin	fra	désert de Sîn	gloss	1.0
H5512	sin	por	Deserto de Sim	gloss	1.0
H5512	sin	spa	Desierto de Sin	gloss	1.0
H5512	sin	cmn-Hans	汛的旷野，《思》欣旷野	gloss	1.0
H5512	sin	cmn-Hant	汛的曠野，《思》欣曠野	gloss	1.0
H5512	sin	deu	Sin	gloss	1.0
H5512	sin	nld	Pelusim	gloss	1.0
H5512	sin	swa	sini, no	gloss	1.0
H5512	sin	arb	سِينٍ	aligned	1.0
H5512	sin	eng	pelusium	aligned	1.0
H5512	sin	hin	सीन	aligned	0.312
H5512	sin	rus	син	aligned	0.5
H5514	si.nay	eng	Sinai	gloss	1.0
H5514	si.nay	fra	Sinaï	gloss	1.0
H5514	si.nay	por	Sinai	gloss	1.0
H5514	si.nay	spa	Sinaí	gloss	1.0
H5514	si.nay	cmn-Hans	西奈，《思》西乃	gloss	1.0
H5514	si.nay	cmn-Hant	西奈，《思》西乃	gloss	1.0
H5514	si.nay	dan	Sinaj	gloss	1.0
H5514	si.nay	deu	Sinai	gloss	1.0
H5514	si.nay	nld	Sinai	gloss	1.0
H5514	si.nay	swa	sinai, shuki, tuusi	gloss	1.0
H5514	si.nay	arb	سِينَاءَ	aligned	0.795
H5514	si.nay	eng	sinai	aligned	0.872
H5514	si.nay	hin	सीनै	aligned	0.829
H5514	si.nay	rus	синайской	aligned	1.0
H5514	si.nay	rus	синай	aligned	0.8
H5514	si.nay	spa	sinaí	aligned	0.946
H5516	sis.ra	eng	Sisera	gloss	1.0
H5516	sis.ra	fra	Sisera	gloss	1.0
H5516	sis.ra	por	Sísera	gloss	1.0
H5516	sis.ra	spa	Sísara	gloss	1.0
H5516	sis.ra	cmn-Hans	西西拉，《思》息色辣	gloss	1.0
H5516	sis.ra	cmn-Hant	西西拉，《思》息色辣	gloss	1.0
H5516	sis.ra	deu	Sisera	gloss	1.0
H5516	sis.ra	nld	Sisera	gloss	1.0
H5516	sis.ra	swa	sisera	gloss	1.0
H5516	sis.ra	arb	سِيسَرَا	aligned	1.0
H5516	sis.ra	eng	sisera	aligned	0.786
H5516	sis.ra	hin	सीसरा	aligned	0.118
H5516	sis.ra	rus	сисара	aligned	0.667
H5516	sis.ra	spa	sísara	aligned	1.0
H5523	suk.kot	eng	Succoth	gloss	1.0
H5523	suk.kot	fra	Soukkot	gloss	1.0
H5523	suk.kot	por	Sucote	gloss	1.0
H5523	suk.kot	spa	Sucot	gloss	1.0
H5523	suk.kot	cmn-Hans	疏割，《思》稣苛特	gloss	1.0
H5523	suk.kot	cmn-Hant	疏割，《思》穌苛特	gloss	1.0
H5523	suk.kot	deu	Sukkot	gloss	1.0
H5523	suk.kot	nld	Sukkot	gloss	1.0
H5523	suk.kot	swa	sukothi, nitalipima	gloss	1.0
H5523	suk.kot	arb	سُكُّوتَ	aligned	1.0
H5523	suk.kot	eng	succoth	aligned	0.861
H5523	suk.kot	hin	सुक्कोत	aligned	0.706
H5523	suk.kot	rus	сокхофа	aligned	0.857
H5523	suk.kot	rus	сокхоф	aligned	0.667
H5523	suk.kot	spa	succoth	aligned	0.941
H5554	se.la	eng	Sela	gloss	1.0
H5554	se.la	arb	سَالِعَ	aligned	0.6
H5554	se.la	eng	sela	aligned	0.4
H5555	se.la ham.mach.le.qot	eng	Rock of Escape	gloss	1.0
H5555	se.la ham.mach.le.qot	fra	roc des Séparations	gloss	1.0
H5555	se.la ham.mach.le.qot	por	Rocha da Separação	gloss	1.0
H5555	se.la ham.mach.le.qot	spa	Peñasco del Escape	gloss	1.0
H5555	se.la ham.mach.le.qot	cmn-Hans	隔离岩；西拉‧哈玛希罗结	gloss	1.0
H5555	se.la ham.mach.le.qot	cmn-Hant	隔離岩；西拉‧哈瑪希羅結	gloss	1.0
H5570	se.na.ah	eng	Senaah	gloss	1.0
H5570	se.na.ah	deu	Senaa	gloss	1.0
H5570	se.na.ah	nld	Senaä	gloss	1.0
H5570	se.na.ah	swa	senaa	gloss	1.0
H5570	se.na.ah	arb	سَنَاءَةَ	aligned	1.0
H5570	se.na.ah	eng	senaah	aligned	1.0
H5570	se.na.ah	hin	सना	aligned	0.167
H5570	se.na.ah	rus	сенаи	aligned	1.0
H5570	se.na.ah	spa	senaa	aligned	1.0
H5571	san.val.lat	eng	Sanballat	gloss	1.0
H5571	san.val.lat	fra	Sânballat	gloss	1.0
H5571	san.val.lat	por	Sambalate	gloss	1.0
H5571	san.val.lat	spa	Sambalat	gloss	1.0
H5571	san.val.lat	cmn-Hans	参巴拉，《思》桑巴拉特	gloss	1.0
H5571	san.val.lat	cmn-Hant	參巴拉，《思》桑巴拉特	gloss	1.0
H5571	san.val.lat	deu	Sanballat	gloss	1.0
H5571	san.val.lat	nld	Sanballat	gloss	1.0
H5571	san.val.lat	swa	sanbalati	gloss	1.0
H5571	san.val.lat	arb	سَنْبَلَّطُ	aligned	1.0
H5571	san.val.lat	eng	sanballat	aligned	0.8
H5571	san.val.lat	hin	सम्बल्लत	aligned	0.556
H5571	san.val.lat	rus	санаваллат	aligned	1.0
H5571	san.val.lat	spa	sanballat	aligned	1.0
H5576	san.che.riv	eng	Sennacherib	gloss	1.0
H5576	san.che.riv	fra	Sennakérib	gloss	1.0
H5576	san.che.riv	por	Senaqueribe	gloss	1.0
H5576	san.che.riv	spa	Senaquerib	gloss	1.0
H5576	san.che.riv	cmn-Hans	西拿基立，《思》散乃黑黎布	gloss	1.0
H5576	san.che.riv	cmn-Hant	西拿基立，《思》散乃黑黎布	gloss	1.0
H5576	san.che.riv	deu	Sanherib	gloss	1.0
H5576	san.che.riv	nld	Sanherib	gloss	1.0
H5576	san.che.riv	swa	senakeribu	gloss	1.0
H5576	san.che.riv	arb	سَنْحَارِيبَ	aligned	1.0
H5576	san.che.riv	arb	سَنْحَارِيبُ	aligned	1.0
H5576	san.che.riv	arb	سِنْحَارِيبَ	aligned	1.0
H5576	san.che.riv	arb	سِنْحَارِيبُ	aligned	1.0
H5576	san.che.riv	eng	sennacherib	aligned	0.774
H5576	san.che.riv	hin	सन्हेरीब	aligned	1.0
H5576	san.che.riv	spa	sennachêrib	aligned	1.0
H5581	sis.may	eng	Sismai	gloss	1.0
H5581	sis.may	fra	Sismaï	gloss	1.0
H5581	sis.may	por	Sismai	gloss	1.0
H5581	sis.may	spa	Sismai	gloss	1.0
H5581	sis.may	cmn-Hans	西斯买，《思》息斯买	gloss	1.0
H5581	sis.may	cmn-Hant	西斯買，《思》息斯買	gloss	1.0
H5581	sis.may	deu	Sismai	gloss	1.0
H5581	sis.may	nld	Sisemai	gloss	1.0
H5581	sis.may	swa	sismai	gloss	1.0
H5581	sis.may	eng	sismai	aligned	0.75
H5581	sis.may	spa	sismai	aligned	1.0
H5617	se.phar.va.yim	eng	Sepharvaim	gloss	1.0
H5617	se.phar.va.yim	fra	Sefarwaïm	gloss	1.0
H5617	se.phar.va.yim	por	Sefarvaim	gloss	1.0
H5617	se.phar.va.yim	spa	Sefarvaim	gloss	1.0
H5617	se.phar.va.yim	cmn-Hans	西法瓦音，《思》色法瓦因	gloss	1.0
H5617	se.phar.va.yim	cmn-Hant	西法瓦音，《思》色法瓦因	gloss	1.0
H5617	se.phar.va.yim	deu	Sefarwajim	gloss	1.0
H5617	se.phar.va.yim	nld	Sefarwaïm	gloss	1.0
H5617	se.phar.va.yim	swa	sefarvaimu	gloss	1.0
H5617	se.phar.va.yim	arb	سَفَرْوَايِمَ	aligned	1.0
H5617	se.phar.va.yim	eng	sepharvaim	aligned	0.727
H5617	se.phar.va.yim	hin	सपर्वैम	aligned	0.8
H5617	se.phar.va.yim	spa	sepharvaim	aligned	0.286
H5626	si.rah	eng	Sirah	gloss	1.0
H5626	si.rah	deu	Sira	gloss	1.0
H5626	si.rah	nld	Sira	gloss	1.0
H5626	si.rah	swa	sira	gloss	1.0
H5639	se.tur	eng	Sethur	gloss	1.0
H5639	se.tur	fra	Setour	gloss	1.0
H5639	se.tur	por	Setur	gloss	1.0
H5639	se.tur	spa	Setur	gloss	1.0
H5639	se.tur	cmn-Hans	西帖，《思》色突尔	gloss	1.0
H5639	se.tur	cmn-Hant	西帖，《思》色突爾	gloss	1.0
H5639	se.tur	deu	Setur	gloss	1.0
H5639	se.tur	nld	Setur	gloss	1.0
H5639	se.tur	swa	sethuri	gloss	1.0
H5639	se.tur	eng	sethur	aligned	1.0
H5644	sit.ri	eng	Sithri	gloss	1.0
H5644	sit.ri	fra	Sitri	gloss	1.0
H5644	sit.ri	por	Sitri	gloss	1.0
H5644	sit.ri	spa	Sitri	gloss	1.0
H5644	sit.ri	cmn-Hans	西提利，《思》息特黎	gloss	1.0
H5644	sit.ri	cmn-Hant	西提利，《思》息特黎	gloss	1.0
H5644	sit.ri	deu	Sitri	gloss	1.0
H5644	sit.ri	nld	Sitri	gloss	1.0
H5644	sit.ri	swa	sithri	gloss	1.0
H5651	e.ved	eng	Ebed	gloss	1.0
H5651	e.ved	arb	عَابِدٍ	aligned	1.0
H5651	e.ved	eng	ebed	aligned	1.0
H5651	e.ved	spa	ebed	aligned	1.0
H5653	av.da	eng	Abda	gloss	1.0
H5653	av.da	fra	Avda	gloss	1.0
H5653	av.da	por	Abda	gloss	1.0
H5653	av.da	spa	Abda	gloss	1.0
H5653	av.da	cmn-Hans	亚比大，《思》阿贝达	gloss	1.0
H5653	av.da	cmn-Hant	亞比大，《思》阿貝達	gloss	1.0
H5653	av.da	deu	Abda	gloss	1.0
H5653	av.da	nld	Abda	gloss	1.0
H5653	av.da	swa	abda, anzish	gloss	1.0
H5653	av.da	eng	abda	aligned	0.75
H5653	av.da	spa	abda	aligned	1.0
H5654	o.ved e.dom	eng	Obed-edom	gloss	1.0
H5654	o.ved e.dom	fra	Obed-Èdom	gloss	1.0
H5654	o.ved e.dom	por	Obede-Edom	gloss	1.0
H5654	o.ved e.dom	spa	Obed-edom	gloss	1.0
H5654	o.ved e.dom	cmn-Hans	俄别‧以东，《思》敖贝得厄东	gloss	1.0
H5654	o.ved e.dom	cmn-Hant	俄別‧以東，《思》敖貝得厄東	gloss	1.0
H5654	o.ved e.dom	deu	Obed-Edom	gloss	1.0
H5654	o.ved e.dom	nld	Obed-Edom	gloss	1.0
H5654	o.ved e.dom	swa	obed-edomu	gloss	1.0
H5654	o.ved e.dom	eng	obed-edom	aligned	0.556
H5655	av.de.el	eng	Abdeel	gloss	1.0
H5655	av.de.el	fra	Avdeél	gloss	1.0
H5655	av.de.el	por	Abdeel	gloss	1.0
H5655	av.de.el	spa	Abdeel	gloss	1.0
H5655	av.de.el	cmn-Hans	亚伯迭，《思》哈贝德耳	gloss	1.0
H5655	av.de.el	cmn-Hant	亞伯疊，《思》哈貝德耳	gloss	1.0
H5655	av.de.el	deu	Abdeël	gloss	1.0
H5655	av.de.el	nld	Abdiël	gloss	1.0
H5655	av.de.el	swa	abdeeli	gloss	1.0
H5655	av.de.el	eng	abdeel	aligned	1.0
H5658	av.don	eng	Abdon	gloss	1.0
H5658	av.don	fra	Avdôn	gloss	1.0
H5658	av.don	por	Abdom	gloss	1.0
H5658	av.don	spa	Abdon	gloss	1.0
H5658	av.don	cmn-Hans	押顿，《思》阿贝冬	gloss	1.0
H5658	av.don	cmn-Hant	押頓，《思》阿貝冬	gloss	1.0
H5658	av.don	deu	Abdon	gloss	1.0
H5658	av.don	nld	Abdon	gloss	1.0
H5658	av.don	swa	abdoni	gloss	1.0
H5658	av.don	arb	عَبْدُونُ	aligned	1.0
H5658	av.don	arb	وَعَبْدُونُ	aligned	1.0
H5658	av.don	eng	abdon	aligned	0.938
H5658	av.don	hin	अब्दोन	aligned	0.571
H5658	av.don	rus	гиллела	aligned	1.0
H5658	av.don	spa	abdón	aligned	1.0
H5660	av.di	eng	Abdi	gloss	1.0
H5660	av.di	fra	Avdi	gloss	1.0
H5660	av.di	por	Abdi	gloss	1.0
H5660	av.di	spa	Abdí	gloss	1.0
H5660	av.di	cmn-Hans	亚伯底，《思》阿贝狄	gloss	1.0
H5660	av.di	cmn-Hant	亞伯底，《思》阿貝狄	gloss	1.0
H5660	av.di	deu	Abdi	gloss	1.0
H5660	av.di	nld	Abdi	gloss	1.0
H5660	av.di	swa	abdi	gloss	1.0
H5660	av.di	eng	abdi	aligned	0.667
H5660	av.di	hin	अब्दी	aligned	0.5
H5660	av.di	spa	abdi	aligned	0.75
H5661	av.di.el	eng	Abdiel	gloss	1.0
H5661	av.di.el	fra	Avdiel	gloss	1.0
H5661	av.di.el	por	Abdiel	gloss	1.0
H5661	av.di.el	spa	Abdiel	gloss	1.0
H5661	av.di.el	cmn-Hans	押比迭，《思》阿贝狄耳	gloss	1.0
H5661	av.di.el	cmn-Hant	押比疊，《思》阿貝狄耳	gloss	1.0
H5661	av.di.el	deu	Abdiël	gloss	1.0
H5661	av.di.el	nld	Abdiël	gloss	1.0
H5661	av.di.el	swa	abdieli	gloss	1.0
H5661	av.di.el	eng	abdiel	aligned	1.0
H5662	o.vad.yah	eng	Obadiah	gloss	1.0
H5662	o.vad.yah	deu	Obadja	gloss	1.0
H5662	o.vad.yah	nld	Obadja	gloss	1.0
H5662	o.vad.yah	swa	obadia	gloss	1.0
H5662	o.vad.yah	arb	عُوبَدْيَا	aligned	1.0
H5662	o.vad.yah	arb	وَعُوبَدْيَا	aligned	1.0
H5662	o.vad.yah	eng	obadiah	aligned	0.732
H5662	o.vad.yah	hin	ओबद्याह	aligned	0.55
H5662	o.vad.yah	rus	авдий	aligned	0.667
H5662	o.vad.yah	spa	abdías	aligned	1.0
H5662	o.vad.yah	spa	obadías	aligned	1.0
H5662	o.vad.yah	spa	obdías	aligned	1.0
H5663	e.ved me.lekh	eng	Ebed-melech	gloss	1.0
H5663	e.ved me.lekh	fra	Èved-Mèlek	gloss	1.0
H5663	e.ved me.lekh	por	Ebede-Meleque	gloss	1.0
H5663	e.ved me.lekh	spa	Ebed-melec	gloss	1.0
H5663	e.ved me.lekh	cmn-Hans	以伯‧米勒，《思》厄贝得默肋客	gloss	1.0
H5663	e.ved me.lekh	cmn-Hant	以伯‧米勒，《思》厄貝得默肋客	gloss	1.0
H5663	e.ved me.lekh	deu	Ebed-Melech	gloss	1.0
H5663	e.ved me.lekh	nld	Ebed-Melech	gloss	1.0
H5663	e.ved me.lekh	swa	ebedmeleki	gloss	1.0
H5663	e.ved me.lekh	eng	ebed-melech	aligned	0.857
H5664	a.ved ne.go	eng	Abednego	gloss	1.0
H5664	a.ved ne.go	fra	Abed-Nego	gloss	1.0
H5664	a.ved ne.go	por	Abede-Nego	gloss	1.0
H5664	a.ved ne.go	spa	Abednego	gloss	1.0
H5664	a.ved ne.go	cmn-Hans	亚伯尼歌，《思》阿贝得乃哥	gloss	1.0
H5664	a.ved ne.go	cmn-Hant	亞伯尼歌，《思》阿貝得乃哥	gloss	1.0
H5664	a.ved ne.go	deu	Abed-Nego	gloss	1.0
H5664	a.ved ne.go	nld	Abednego	gloss	1.0
H5664	a.ved ne.go	swa	abednego	gloss	1.0
H5665	a.ved ne.go	eng	Abednego	gloss	1.0
H5675	a.var	eng	beyond	gloss	1.0
H5675	a.var	arb	عَبْرِ	aligned	0.156
H5675	a.var	rus	шефар-бознай	aligned	1.0
H5677	e.ver	eng	Eber	gloss	1.0
H5677	e.ver	arb	وَعَابِرُ	aligned	1.0
H5677	e.ver	arb	وَلِعَابِرَ	aligned	1.0
H5677	e.ver	arb	عَابِرُ	aligned	0.833
H5677	e.ver	arb	عَابِرَ	aligned	0.75
H5677	e.ver	eng	eber	aligned	0.8
H5677	e.ver	hin	एबेर	aligned	0.667
H5677	e.ver	rus	евер	aligned	1.0
H5677	e.ver	rus	евера	aligned	0.8
H5677	e.ver	spa	heber	aligned	0.52
H5681	iv.ri	eng	Ibri	gloss	1.0
H5682	a.va.rim	eng	Abarim	gloss	1.0
H5682	a.va.rim	fra	Abarim	gloss	1.0
H5682	a.va.rim	por	Abarim	gloss	1.0
H5682	a.va.rim	spa	Abarim	gloss	1.0
H5682	a.va.rim	cmn-Hans	亚巴琳，《思》阿巴陵	gloss	1.0
H5682	a.va.rim	cmn-Hant	亞巴琳，《思》阿巴陵	gloss	1.0
H5682	a.va.rim	deu	Abarim	gloss	1.0
H5682	a.va.rim	nld	Abarim	gloss	1.0
H5682	a.va.rim	swa	abarimu, ukalie, upalize	gloss	1.0
H5682	a.va.rim	arb	عَبَارِيمَ	aligned	0.833
H5682	a.va.rim	eng	abarim	aligned	0.4
H5682	a.va.rim	rus	аваримских	aligned	1.0
H5682	a.va.rim	spa	abarim	aligned	1.0
H5683	ev.ron	eng	Ebron	gloss	1.0
H5683	ev.ron	fra	Èbrôn	gloss	1.0
H5683	ev.ron	por	Ebrom	gloss	1.0
H5683	ev.ron	spa	Hebrón	gloss	1.0
H5683	ev.ron	cmn-Hans	义伯仑，《思》阿贝冬	gloss	1.0
H5683	ev.ron	cmn-Hant	義伯崙，《思》阿貝冬	gloss	1.0
H5683	ev.ron	deu	Abdon	gloss	1.0
H5683	ev.ron	nld	Ebron	gloss	1.0
H5683	ev.ron	swa	ebroni	gloss	1.0
H5684	ev.ro.nah	eng	Abronah	gloss	1.0
H5684	ev.ro.nah	fra	Avrona	gloss	1.0
H5684	ev.ro.nah	por	Abrona	gloss	1.0
H5684	ev.ro.nah	spa	Abrona	gloss	1.0
H5684	ev.ro.nah	cmn-Hans	阿博拿，《思》阿贝洛纳	gloss	1.0
H5684	ev.ro.nah	cmn-Hant	阿博拿，《思》阿貝洛納	gloss	1.0
H5684	ev.ro.nah	deu	Abrona	gloss	1.0
H5684	ev.ro.nah	nld	Abrobna	gloss	1.0
H5684	ev.ro.nah	swa	abrona	gloss	1.0
H5684	ev.ro.nah	arb	عَبْرُونَةَ	aligned	1.0
H5684	ev.ro.nah	eng	ebronah	aligned	1.0
H5684	ev.ro.nah	spa	abrona	aligned	1.0
H5698	eg.lah	eng	Eglah	gloss	1.0
H5698	eg.lah	arb	عَجْلَةَ	aligned	1.0
H5698	eg.lah	eng	eglah	aligned	0.5
H5698	eg.lah	spa	egla	aligned	1.0
H5700	eg.lon	eng	Eglon	gloss	1.0
H5700	eg.lon	fra	Èglôn	gloss	1.0
H5700	eg.lon	por	Eglom	gloss	1.0
H5700	eg.lon	spa	Eglon	gloss	1.0
H5700	eg.lon	cmn-Hans	伊矶伦，《思》厄革隆	gloss	1.0
H5700	eg.lon	cmn-Hant	伊磯倫，《思》厄革隆	gloss	1.0
H5700	eg.lon	deu	Eglon	gloss	1.0
H5700	eg.lon	nld	Eglon	gloss	1.0
H5700	eg.lon	swa	egloni	gloss	1.0
H5700	eg.lon	arb	عَجْلُونَ	aligned	1.0
H5700	eg.lon	arb	عِجْلُونَ	aligned	1.0
H5700	eg.lon	arb	لِعِجْلُونَ	aligned	1.0
H5700	eg.lon	eng	eglon	aligned	0.667
H5700	eg.lon	hin	एग्लोन	aligned	0.455
H5700	eg.lon	rus	моавитскому	aligned	0.333
H5700	eg.lon	spa	eglón	aligned	1.0
H5711	a.dah	eng	Adah	gloss	1.0
H5711	a.dah	fra	Ada	gloss	1.0
H5711	a.dah	por	Ada	gloss	1.0
H5711	a.dah	spa	Adá	gloss	1.0
H5711	a.dah	cmn-Hans	亚大，《思》阿达	gloss	1.0
H5711	a.dah	cmn-Hant	亞大，《思》阿達	gloss	1.0
H5711	a.dah	deu	Ada	gloss	1.0
H5711	a.dah	nld	Ada	gloss	1.0
H5711	a.dah	swa	ada	gloss	1.0
H5711	a.dah	arb	عَادَةُ	aligned	0.667
H5711	a.dah	arb	عَدَا	aligned	0.185
H5711	a.dah	eng	adah	aligned	1.0
H5711	a.dah	hin	आदा	aligned	1.0
H5711	a.dah	rus	ада	aligned	0.25
H5711	a.dah	spa	ada	aligned	1.0
H5714	id.do	eng	Iddo	gloss	1.0
H5714	id.do	deu	Iddo	gloss	1.0
H5714	id.do	nld	Iddo	gloss	1.0
H5714	id.do	swa	ido	gloss	1.0
H5714	id.do	arb	عِدُّو	aligned	1.0
H5714	id.do	arb	وَعِدُّو	aligned	1.0
H5714	id.do	eng	iddo	aligned	0.64
H5714	id.do	hin	इद्दो	aligned	0.571
H5714	id.do	spa	iddo	aligned	0.714
H5717	a.di.el	eng	Adiel	gloss	1.0
H5717	a.di.el	fra	Adiel	gloss	1.0
H5717	a.di.el	por	Adiel	gloss	1.0
H5717	a.di.el	spa	Adiel	gloss	1.0
H5717	a.di.el	cmn-Hans	亚底业，《思》阿狄耳	gloss	1.0
H5717	a.di.el	cmn-Hant	亞底業，《思》阿狄耳	gloss	1.0
H5717	a.di.el	deu	Adiël	gloss	1.0
H5717	a.di.el	nld	Adiël	gloss	1.0
H5717	a.di.el	swa	adieli	gloss	1.0
H5717	a.di.el	arb	عَدِيئِيلَ	aligned	1.0
H5717	a.di.el	eng	adiel	aligned	0.833
H5717	a.di.el	hin	अदीएल	aligned	0.667
H5717	a.di.el	spa	adiel	aligned	1.0
H5718	a.da.yah	eng	Adaiah	gloss	1.0
H5718	a.da.yah	deu	Adaja	gloss	1.0
H5718	a.da.yah	nld	Adaja	gloss	1.0
H5718	a.da.yah	swa	adaya, ido	gloss	1.0
H5718	a.da.yah	arb	عَدَايَا	aligned	1.0
H5718	a.da.yah	arb	وَعَدَايَا	aligned	1.0
H5718	a.da.yah	eng	adaiah	aligned	0.611
H5718	a.da.yah	hin	अदायाह	aligned	0.444
H5718	a.da.yah	spa	adaías	aligned	1.0
H5720	a.din	eng	Adin	gloss	1.0
H5720	a.din	deu	wollüstig	gloss	1.0
H5720	a.din	nld	weelderig	gloss	1.0
H5720	a.din	swa	adini	gloss	1.0
H5720	a.din	arb	عَادِينَ	aligned	1.0
H5720	a.din	eng	adin	aligned	1.0
H5720	a.din	hin	आदीन	aligned	1.0
H5720	a.din	rus	адина	aligned	1.0
H5720	a.din	spa	adín	aligned	1.0
H5721	a.di.na	eng	Adina	gloss	1.0
H5721	a.di.na	fra	Adina	gloss	1.0
H5721	a.di.na	por	Adina	gloss	1.0
H5721	a.di.na	spa	Adina	gloss	1.0
H5721	a.di.na	cmn-Hans	亚第拿，《思》阿狄纳	gloss	1.0
H5721	a.di.na	cmn-Hant	亞第拿，《思》阿狄納	gloss	1.0
H5721	a.di.na	deu	Adina	gloss	1.0
H5721	a.di.na	nld	Adina	gloss	1.0
H5721	a.di.na	swa	adin	gloss	1.0
H5721	a.di.na	eng	adina	aligned	1.0
H5723	a.di.ta.yim	eng	Adithaim	gloss	1.0
H5723	a.di.ta.yim	fra	Aditaïm	gloss	1.0
H5723	a.di.ta.yim	por	Aditaim	gloss	1.0
H5723	a.di.ta.yim	spa	Aditaim	gloss	1.0
H5723	a.di.ta.yim	cmn-Hans	亚底他音，《思》阿狄塔殷	gloss	1.0
H5723	a.di.ta.yim	cmn-Hant	亞底他音，《思》阿狄塔殷	gloss	1.0
H5723	a.di.ta.yim	deu	Aditajim	gloss	1.0
H5723	a.di.ta.yim	nld	Aditaïm	gloss	1.0
H5723	a.di.ta.yim	swa	adithaimu	gloss	1.0
H5724	ad.lay	eng	Adlai	gloss	1.0
H5724	ad.lay	fra	Adlaï	gloss	1.0
H5724	ad.lay	por	Adlai	gloss	1.0
H5724	ad.lay	spa	Adlai	gloss	1.0
H5724	ad.lay	cmn-Hans	亚第莱，《思》阿德来	gloss	1.0
H5724	ad.lay	cmn-Hant	亞第萊，《思》阿德來	gloss	1.0
H5724	ad.lay	deu	Adlai	gloss	1.0
H5724	ad.lay	nld	Adlai	gloss	1.0
H5724	ad.lay	swa	adlai	gloss	1.0
H5724	ad.lay	eng	adlai	aligned	1.0
H5725	a.dul.lam	eng	Adullam	gloss	1.0
H5725	a.dul.lam	fra	Adoullam	gloss	1.0
H5725	a.dul.lam	por	Adulão	gloss	1.0
H5725	a.dul.lam	spa	Adulam	gloss	1.0
H5725	a.dul.lam	cmn-Hans	亚杜兰，《思》阿杜蓝	gloss	1.0
H5725	a.dul.lam	cmn-Hant	亞杜蘭，《思》阿杜藍	gloss	1.0
H5725	a.dul.lam	deu	Adullam	gloss	1.0
H5725	a.dul.lam	nld	Adullam	gloss	1.0
H5725	a.dul.lam	swa	adulamu	gloss	1.0
H5725	a.dul.lam	arb	عَدُلَّامَ	aligned	1.0
H5725	a.dul.lam	arb	وَعَدُلَّامَ	aligned	1.0
H5725	a.dul.lam	eng	adullam	aligned	0.933
H5725	a.dul.lam	hin	अदुल्लाम	aligned	1.0
H5725	a.dul.lam	spa	adullam	aligned	1.0
H5729	e.den	eng	Eden	gloss	1.0
H5729	e.den	fra	Èden	gloss	1.0
H5729	e.den	por	Éden	gloss	1.0
H5729	e.den	spa	Edén	gloss	1.0
H5729	e.den	cmn-Hans	伊甸，《思》厄登	gloss	1.0
H5729	e.den	cmn-Hant	伊甸，《思》厄登	gloss	1.0
H5729	e.den	deu	Eden	gloss	1.0
H5729	e.den	nld	Eden	gloss	1.0
H5729	e.den	swa	edeni, adeni, adini	gloss	1.0
H5729	e.den	arb	عَدَنَ	aligned	1.0
H5729	e.den	eng	eden	aligned	0.132
H5729	e.den	hin	एदेनी	aligned	1.0
H5729	e.den	spa	edén	aligned	0.167
H5731	e.den	eng	Eden	gloss	1.0
H5731	e.den	dan	Eden	gloss	1.0
H5731	e.den	deu	Wonne; Schmuckstück	gloss	1.0
H5731	e.den	nld	gelukzaligheid, sierraden	gloss	1.0
H5731	e.den	swa	anas, kitamu, tunu, mrud, pend, pendez, furahi, furaha, tak	gloss	1.0
H5731	e.den	arb	عَدْنٍ	aligned	1.0
H5731	e.den	eng	eden	aligned	0.711
H5731	e.den	hin	अदन	aligned	0.714
H5731	e.den	spa	edén	aligned	0.833
H5733	ad.na	eng	Adna	gloss	1.0
H5733	ad.na	fra	Adna	gloss	1.0
H5733	ad.na	por	Adna	gloss	1.0
H5733	ad.na	spa	Adna	gloss	1.0
H5733	ad.na	cmn-Hans	阿底拿，《思》阿德纳	gloss	1.0
H5733	ad.na	cmn-Hant	阿底拿，《思》阿德納	gloss	1.0
H5733	ad.na	deu	Adna	gloss	1.0
H5733	ad.na	nld	Adna	gloss	1.0
H5733	ad.na	swa	adna	gloss	1.0
H5733	ad.na	arb	عَدْنَا	aligned	1.0
H5733	ad.na	eng	adna	aligned	0.75
H5733	ad.na	hin	अदना	aligned	1.0
H5733	ad.na	spa	adna	aligned	0.667
H5734	ad.nah	eng	Adnah	gloss	1.0
H5734	ad.nah	deu	Adna	gloss	1.0
H5734	ad.nah	nld	Adna	gloss	1.0
H5734	ad.nah	swa	adna	gloss	1.0
H5734	ad.nah	eng	adnah	aligned	1.0
H5734	ad.nah	hin	अदनह	aligned	1.0
H5735	a.de.a.dah	eng	Adadah	gloss	1.0
H5735	a.de.a.dah	fra	Adéada	gloss	1.0
H5735	a.de.a.dah	por	Adada	gloss	1.0
H5735	a.de.a.dah	spa	Adada	gloss	1.0
H5735	a.de.a.dah	cmn-Hans	亚大达，《思》阿尔阿辣	gloss	1.0
H5735	a.de.a.dah	cmn-Hant	亞大達，《思》阿爾阿辣	gloss	1.0
H5735	a.de.a.dah	deu	Adada	gloss	1.0
H5735	a.de.a.dah	nld	Adada	gloss	1.0
H5735	a.de.a.dah	swa	aroeri, upeleleze, toroka	gloss	1.0
H5738	e.der	eng	Eder	gloss	1.0
H5738	e.der	fra	Èdèr	gloss	1.0
H5738	e.der	por	Éder	gloss	1.0
H5738	e.der	spa	Ader	gloss	1.0
H5738	e.der	cmn-Hans	亚得，《思》厄德尔	gloss	1.0
H5738	e.der	cmn-Hant	亞得，《思》厄德爾	gloss	1.0
H5738	e.der	deu	Eder	gloss	1.0
H5738	e.der	nld	Eder	gloss	1.0
H5738	e.der	swa	ederi	gloss	1.0
H5740	e.der	eng	Eder	gloss	1.0
H5740	e.der	arb	وَعَادِرُ	aligned	1.0
H5740	e.der	eng	eder	aligned	0.375
H5740	e.der	spa	eder	aligned	1.0
H5741	ad.ri.el	eng	Adriel	gloss	1.0
H5741	ad.ri.el	fra	Adriel	gloss	1.0
H5741	ad.ri.el	por	Adriel	gloss	1.0
H5741	ad.ri.el	spa	Adriel	gloss	1.0
H5741	ad.ri.el	cmn-Hans	亚得列，《思》阿德黎耳	gloss	1.0
H5741	ad.ri.el	cmn-Hant	亞得列，《思》阿德黎耳	gloss	1.0
H5741	ad.ri.el	deu	Adriël	gloss	1.0
H5741	ad.ri.el	nld	Adriël	gloss	1.0
H5741	ad.ri.el	swa	adrieli	gloss	1.0
H5741	ad.ri.el	eng	adriel	aligned	0.5
H5741	ad.ri.el	spa	adriel	aligned	1.0
H5744	o.ved	eng	Obed	gloss	1.0
H5744	o.ved	fra	Obed	gloss	1.0
H5744	o.ved	por	Obede	gloss	1.0
H5744	o.ved	spa	Obed	gloss	1.0
H5744	o.ved	cmn-Hans	俄备得，《思》敖贝得	gloss	1.0
H5744	o.ved	cmn-Hant	俄備得，《思》敖貝得	gloss	1.0
H5744	o.ved	deu	Obed	gloss	1.0
H5744	o.ved	nld	Obed	gloss	1.0
H5744	o.ved	swa	obedi	gloss	1.0
H5744	o.ved	arb	وَعُوبِيدُ	aligned	0.714
H5744	o.ved	arb	عُوبِيدَ	aligned	0.556
H5744	o.ved	eng	obed	aligned	0.538
H5744	o.ved	hin	ओबेद	aligned	0.333
H5744	o.ved	rus	овид	aligned	0.75
H5744	o.ved	spa	obed	aligned	0.625
H5745	o.val	eng	Obal	gloss	1.0
H5745	o.val	fra	Obal	gloss	1.0
H5745	o.val	por	Obal	gloss	1.0
H5745	o.val	spa	Obal	gloss	1.0
H5745	o.val	cmn-Hans	俄巴路，《思》敖巴耳	gloss	1.0
H5745	o.val	cmn-Hant	俄巴路，《思》敖巴耳	gloss	1.0
H5745	o.val	deu	Obal	gloss	1.0
H5745	o.val	nld	Obal	gloss	1.0
H5745	o.val	swa	obali	gloss	1.0
H5745	o.val	eng	obal	aligned	0.667
H5747	og	eng	Og	gloss	1.0
H5747	og	fra	Og	gloss	1.0
H5747	og	por	Ogue	gloss	1.0
H5747	og	spa	Og	gloss	1.0
H5747	og	cmn-Hans	噩，《思》敖格	gloss	1.0
H5747	og	cmn-Hant	噩，《思》敖格	gloss	1.0
H5747	og	dan	Og	gloss	1.0
H5747	og	deu	Og	gloss	1.0
H5747	og	nld	Og	gloss	1.0
H5747	og	swa	ogu	gloss	1.0
H5747	og	arb	عُوجٍ	aligned	1.0
H5747	og	arb	عُوجَ	aligned	1.0
H5747	og	arb	عُوجُ	aligned	1.0
H5747	og	arb	وَعُوجَ	aligned	1.0
H5747	og	eng	og	aligned	0.8
H5747	og	hin	ओग	aligned	0.65
H5747	og	rus	васанский	aligned	0.75
H5747	og	rus	васанского	aligned	0.333
H5747	og	spa	og	aligned	1.0
H5752	o.ded	eng	Oded	gloss	1.0
H5752	o.ded	fra	Oded	gloss	1.0
H5752	o.ded	por	Odede	gloss	1.0
H5752	o.ded	spa	Obed	gloss	1.0
H5752	o.ded	cmn-Hans	俄德，《思》敖德得	gloss	1.0
H5752	o.ded	cmn-Hant	俄德，《思》敖德得	gloss	1.0
H5752	o.ded	arb	عُودِيدَ	aligned	1.0
H5752	o.ded	eng	oded	aligned	1.0
H5752	o.ded	hin	ओदेद	aligned	1.0
H5752	o.ded	spa	obed	aligned	0.188
H5755	iv.vah	eng	Ivvah	gloss	1.0
H5755	iv.vah	arb	وَعِوَّا	aligned	1.0
H5755	iv.vah	eng	ivvah	aligned	0.5
H5755	iv.vah	spa	sepharvaim	aligned	0.429
H5761	av.vim	eng	Avvim	gloss	1.0
H5762	a.vit	eng	Avith	gloss	1.0
H5762	a.vit	fra	Awith	gloss	1.0
H5762	a.vit	por	Avite	gloss	1.0
H5762	a.vit	spa	Avit	gloss	1.0
H5762	a.vit	cmn-Hans	亚未得，《思》阿威特	gloss	1.0
H5762	a.vit	cmn-Hant	亞未得，《思》阿威特	gloss	1.0
H5762	a.vit	deu	Awit	gloss	1.0
H5762	a.vit	nld	Awit	gloss	1.0
H5762	a.vit	swa	avithi	gloss	1.0
H5762	a.vit	eng	avith	aligned	1.0
H5762	a.vit	hin	अबीत	aligned	1.0
H5762	a.vit	spa	avith	aligned	1.0
H5778	o.phay	eng	Ephai	gloss	1.0
H5778	o.phay	fra	Éfaï	gloss	1.0
H5778	o.phay	por	Efai	gloss	1.0
H5778	o.phay	spa	Efai	gloss	1.0
H5778	o.phay	cmn-Hans	以斐，《思》厄法依	gloss	1.0
H5778	o.phay	cmn-Hant	以斐，《思》厄法依	gloss	1.0
H5780	uts	eng	Uz	gloss	1.0
H5780	uts	fra	Outs	gloss	1.0
H5780	uts	por	Uz	gloss	1.0
H5780	uts	spa	UZ	gloss	1.0
H5780	uts	cmn-Hans	乌斯，《思》伍兹	gloss	1.0
H5780	uts	cmn-Hant	烏斯，《思》伍茲	gloss	1.0
H5780	uts	dan	Uz	gloss	1.0
H5780	uts	deu	Uz	gloss	1.0
H5780	uts	nld	Us	gloss	1.0
H5780	uts	swa	usi, uzi	gloss	1.0
H5780	uts	arb	عُوصُ	aligned	1.0
H5780	uts	eng	uz	aligned	0.867
H5780	uts	hin	ऊस	aligned	0.667
H5780	uts	spa	hus	aligned	1.0
H5793	u.tay	eng	Uthai	gloss	1.0
H5793	u.tay	fra	Outaï	gloss	1.0
H5793	u.tay	por	Utai	gloss	1.0
H5793	u.tay	spa	Utai	gloss	1.0
H5793	u.tay	cmn-Hans	乌太，《思》乌泰	gloss	1.0
H5793	u.tay	cmn-Hant	烏太，《思》烏泰	gloss	1.0
H5793	u.tay	deu	Utai	gloss	1.0
H5793	u.tay	nld	Utai	gloss	1.0
H5793	u.tay	swa	uthai	gloss	1.0
H5793	u.tay	eng	uthai	aligned	1.0
H5793	u.tay	hin	ऊतै	aligned	1.0
H5798	uz.za	eng	Uzzah	gloss	1.0
H5798	uz.za	deu	Usa	gloss	1.0
H5798	uz.za	nld	Uzza	gloss	1.0
H5798	uz.za	swa	uza	gloss	1.0
H5798	uz.za	arb	عُزَّا	aligned	1.0
H5798	uz.za	arb	عُزَّةَ	aligned	1.0
H5798	uz.za	arb	عُزَّةُ	aligned	1.0
H5798	uz.za	eng	uzza	aligned	0.867
H5798	uz.za	eng	uzzah	aligned	0.5
H5798	uz.za	hin	उज्जा	aligned	0.462
H5798	uz.za	spa	uzza	aligned	1.0
H5799	a.za.zel	eng	Azazel	gloss	1.0
H5799	a.za.zel	fra	Azazel	gloss	1.0
H5799	a.za.zel	por	Azazel	gloss	1.0
H5799	a.za.zel	spa	Azazel	gloss	1.0
H5799	a.za.zel	cmn-Hans	阿撒泻勒，《思》阿匝则耳	gloss	1.0
H5799	a.za.zel	cmn-Hant	阿撒瀉勒，《思》阿匝則耳	gloss	1.0
H5799	a.za.zel	dan	Azazel	gloss	1.0
H5799	a.za.zel	deu	Asasel	gloss	1.0
H5799	a.za.zel	nld	Azazel	gloss	1.0
H5799	a.za.zel	swa	azazeli	gloss	1.0
H5799	a.za.zel	arb	عَزَازِيلَ	aligned	1.0
H5799	a.za.zel	arb	لِعَزَازِيلَ	aligned	1.0
H5799	a.za.zel	eng	departure	aligned	0.364
H5799	a.za.zel	spa	azazel	aligned	1.0
H5802	az.buq	eng	Azbuk	gloss	1.0
H5802	az.buq	fra	Azbouq	gloss	1.0
H5802	az.buq	por	Azbuque	gloss	1.0
H5802	az.buq	spa	Azbuc	gloss	1.0
H5802	az.buq	cmn-Hans	押卜，《思》阿次步克	gloss	1.0
H5802	az.buq	cmn-Hant	押卜，《思》阿次步克	gloss	1.0
H5802	az.buq	deu	Asbuk	gloss	1.0
H5802	az.buq	nld	Azbuk	gloss	1.0
H5802	az.buq	swa	azbuki	gloss	1.0
H5802	az.buq	eng	azbuk	aligned	1.0
H5803	az.gad	eng	Azgad	gloss	1.0
H5803	az.gad	fra	Azgad	gloss	1.0
H5803	az.gad	por	Azgade	gloss	1.0
H5803	az.gad	spa	Azgad	gloss	1.0
H5803	az.gad	cmn-Hans	押甲，《思》阿次加得	gloss	1.0
H5803	az.gad	cmn-Hant	押甲，《思》阿次加得	gloss	1.0
H5803	az.gad	deu	Asgad	gloss	1.0
H5803	az.gad	nld	Azgad	gloss	1.0
H5803	az.gad	swa	azgadi	gloss	1.0
H5803	az.gad	arb	عَزْجَدَ	aligned	1.0
H5803	az.gad	eng	azgad	aligned	1.0
H5803	az.gad	hin	अजगाद	aligned	1.0
H5803	az.gad	rus	азгада	aligned	1.0
H5803	az.gad	spa	azgad	aligned	1.0
H5804	az.zah	eng	Gaza	gloss	1.0
H5804	az.zah	fra	Gaza	gloss	1.0
H5804	az.zah	por	Gaza	gloss	1.0
H5804	az.zah	spa	Gaza	gloss	1.0
H5804	az.zah	cmn-Hans	迦萨，《思》迦萨	gloss	1.0
H5804	az.zah	cmn-Hant	迦薩，《思》迦薩	gloss	1.0
H5804	az.zah	deu	Gaza	gloss	1.0
H5804	az.zah	nld	Gaza	gloss	1.0
H5804	az.zah	swa	gaza, jij	gloss	1.0
H5804	az.zah	arb	وَغَزَّةُ	aligned	1.0
H5804	az.zah	arb	غَزَّةَ	aligned	0.938
H5804	az.zah	eng	gaza	aligned	0.786
H5804	az.zah	hin	गाज़ा	aligned	0.429
H5804	az.zah	rus	газу	aligned	0.5
H5804	az.zah	rus	газы	aligned	0.5
H5804	az.zah	spa	gaza	aligned	0.909
H5806	a.zu.vah	eng	Azubah	gloss	1.0
H5806	a.zu.vah	fra	Azouva	gloss	1.0
H5806	a.zu.vah	por	Azuba	gloss	1.0
H5806	a.zu.vah	spa	Azuba	gloss	1.0
H5806	a.zu.vah	cmn-Hans	阿苏巴，《思》阿组巴	gloss	1.0
H5806	a.zu.vah	cmn-Hant	阿蘇巴，《思》阿組巴	gloss	1.0
H5806	a.zu.vah	deu	Asuba	gloss	1.0
H5806	a.zu.vah	nld	Azuba	gloss	1.0
H5806	a.zu.vah	swa	azuba	gloss	1.0
H5806	a.zu.vah	arb	عَزُوبَةُ	aligned	1.0
H5806	a.zu.vah	eng	azubah	aligned	0.889
H5806	a.zu.vah	hin	अजूबा	aligned	1.0
H5806	a.zu.vah	spa	azuba	aligned	1.0
H5809	az.zur	eng	Azzur	gloss	1.0
H5809	az.zur	fra	Azzour	gloss	1.0
H5809	az.zur	por	Azur	gloss	1.0
H5809	az.zur	spa	Azur	gloss	1.0
H5809	az.zur	cmn-Hans	押朔，《思》阿组尔	gloss	1.0
H5809	az.zur	cmn-Hant	押朔，《思》阿組爾	gloss	1.0
H5809	az.zur	deu	Asur	gloss	1.0
H5809	az.zur	nld	Azzur	gloss	1.0
H5809	az.zur	swa	azuri	gloss	1.0
H5809	az.zur	arb	عَزُورَ	aligned	1.0
H5809	az.zur	eng	azzur	aligned	1.0
H5809	az.zur	hin	अज्जूर	aligned	1.0
H5809	az.zur	spa	azur	aligned	1.0
H5811	a.zaz	eng	Azaz	gloss	1.0
H5811	a.zaz	fra	Azaz	gloss	1.0
H5811	a.zaz	por	Azaz	gloss	1.0
H5811	a.zaz	spa	Azaz	gloss	1.0
H5811	a.zaz	cmn-Hans	亚撒，《思》阿匝次	gloss	1.0
H5811	a.zaz	cmn-Hant	亞撒，《思》阿匝次	gloss	1.0
H5811	a.zaz	deu	Asas	gloss	1.0
H5811	a.zaz	nld	Azaz	gloss	1.0
H5811	a.zaz	swa	azazi	gloss	1.0
H5811	a.zaz	eng	azaz	aligned	1.0
H5812	a.zaz.ya.hu	eng	Azaziah	gloss	1.0
H5812	a.zaz.ya.hu	fra	Azazyahou	gloss	1.0
H5812	a.zaz.ya.hu	por	Azazias	gloss	1.0
H5812	a.zaz.ya.hu	spa	Azazías	gloss	1.0
H5812	a.zaz.ya.hu	cmn-Hans	亚撒西雅，《思》阿匝齐雅	gloss	1.0
H5812	a.zaz.ya.hu	cmn-Hant	亞撒西雅，《思》阿匝齊雅	gloss	1.0
H5812	a.zaz.ya.hu	deu	Asasja	gloss	1.0
H5812	a.zaz.ya.hu	nld	Azazjahu	gloss	1.0
H5812	a.zaz.ya.hu	swa	azazia	gloss	1.0
H5812	a.zaz.ya.hu	arb	وَعَزَزْيَا	aligned	1.0
H5812	a.zaz.ya.hu	eng	azaziah	aligned	0.5
H5812	a.zaz.ya.hu	spa	azazías	aligned	1.0
H5813	uz.zi	eng	Uzzi	gloss	1.0
H5813	uz.zi	fra	Ouzzi	gloss	1.0
H5813	uz.zi	por	Uzi	gloss	1.0
H5813	uz.zi	spa	Uzi	gloss	1.0
H5813	uz.zi	cmn-Hans	乌西，《思》乌齐	gloss	1.0
H5813	uz.zi	cmn-Hant	烏西，《思》烏齊	gloss	1.0
H5813	uz.zi	deu	Usi	gloss	1.0
H5813	uz.zi	nld	Uzzi	gloss	1.0
H5813	uz.zi	swa	uzi	gloss	1.0
H5813	uz.zi	arb	عُزِّي	aligned	1.0
H5813	uz.zi	arb	وَعُزِّي	aligned	1.0
H5813	uz.zi	eng	uzzi	aligned	0.864
H5813	uz.zi	hin	उज्जी	aligned	0.7
H5813	uz.zi	spa	uzzi	aligned	1.0
H5814	uz.ziy.ya	eng	Uzzia	gloss	1.0
H5814	uz.ziy.ya	fra	Ouzziya	gloss	1.0
H5814	uz.ziy.ya	por	Uzias	gloss	1.0
H5814	uz.ziy.ya	spa	Uzías	gloss	1.0
H5814	uz.ziy.ya	cmn-Hans	乌西亚，《思》乌齐雅	gloss	1.0
H5814	uz.ziy.ya	cmn-Hant	烏西亞，《思》烏齊雅	gloss	1.0
H5814	uz.ziy.ya	deu	Usija	gloss	1.0
H5814	uz.ziy.ya	nld	Uzzia	gloss	1.0
H5814	uz.ziy.ya	swa	mwashterathi	gloss	1.0
H5814	uz.ziy.ya	eng	uzzia	aligned	1.0
H5815	a.zi.el	eng	Aziel	gloss	1.0
H5815	a.zi.el	fra	Aziel	gloss	1.0
H5815	a.zi.el	por	Aziel	gloss	1.0
H5815	a.zi.el	spa	Aziel	gloss	1.0
H5815	a.zi.el	cmn-Hans	雅薛，《思》雅阿齐耳	gloss	1.0
H5815	a.zi.el	cmn-Hant	雅薛，《思》雅阿齊耳	gloss	1.0
H5815	a.zi.el	deu	Asiël	gloss	1.0
H5815	a.zi.el	nld	Aziël	gloss	1.0
H5815	a.zi.el	swa	uni	gloss	1.0
H5816	uz.zi.el	eng	Uzziel	gloss	1.0
H5816	uz.zi.el	fra	Ouzziel	gloss	1.0
H5816	uz.zi.el	por	Uziel	gloss	1.0
H5816	uz.zi.el	spa	Uziel	gloss	1.0
H5816	uz.zi.el	cmn-Hans	乌薛，《思》乌齐耳	gloss	1.0
H5816	uz.zi.el	cmn-Hant	烏薛，《思》烏齊耳	gloss	1.0
H5816	uz.zi.el	deu	Usiël	gloss	1.0
H5816	uz.zi.el	nld	Uzziël	gloss	1.0
H5816	uz.zi.el	swa	uzieli	gloss	1.0
H5816	uz.zi.el	arb	عُزِّيئِيلَ	aligned	1.0
H5816	uz.zi.el	arb	وَعُزِّيئِيلُ	aligned	0.857
H5816	uz.zi.el	eng	uzziel	aligned	0.7
H5816	uz.zi.el	hin	उज्जीएल	aligned	0.583
H5816	uz.zi.el	rus	озиила	aligned	1.0
H5816	uz.zi.el	spa	uzziel	aligned	1.0
H5818	uz.ziy.yah	eng	Uzziah	gloss	1.0
H5818	uz.ziy.yah	fra	Ozias	gloss	1.0
H5818	uz.ziy.yah	por	Uzias	gloss	1.0
H5818	uz.ziy.yah	spa	Uzías	gloss	1.0
H5818	uz.ziy.yah	cmn-Hans	乌西雅，《思》乌齐雅	gloss	1.0
H5818	uz.ziy.yah	cmn-Hant	烏西雅，《思》烏齊雅	gloss	1.0
H5818	uz.ziy.yah	deu	Usija	gloss	1.0
H5818	uz.ziy.yah	nld	Uzzia	gloss	1.0
H5818	uz.ziy.yah	swa	uzia	gloss	1.0
H5818	uz.ziy.yah	arb	لِعُزِّيَّا	aligned	1.0
H5818	uz.ziy.yah	arb	عُزِّيَّا	aligned	0.92
H5818	uz.ziy.yah	eng	uzziah	aligned	0.8
H5818	uz.ziy.yah	hin	उज्जियाह	aligned	0.742
H5818	uz.ziy.yah	rus	озии	aligned	0.75
H5818	uz.ziy.yah	rus	озия	aligned	0.429
H5818	uz.ziy.yah	spa	uzzías	aligned	0.952
H5819	a.zi.za	eng	Aziza	gloss	1.0
H5819	a.zi.za	fra	Aziza	gloss	1.0
H5819	a.zi.za	por	Aziza	gloss	1.0
H5819	a.zi.za	spa	Aziza	gloss	1.0
H5819	a.zi.za	cmn-Hans	亚西撒，《思》阿齐匝	gloss	1.0
H5819	a.zi.za	cmn-Hant	亞西撒，《思》阿齊匝	gloss	1.0
H5819	a.zi.za	deu	Asisa	gloss	1.0
H5819	a.zi.za	nld	Aziza	gloss	1.0
H5819	a.zi.za	swa	aziza	gloss	1.0
H5820	az.ma.vet	eng	Azmaveth	gloss	1.0
H5820	az.ma.vet	fra	Azmaweth	gloss	1.0
H5820	az.ma.vet	por	Azmavete	gloss	1.0
H5820	az.ma.vet	spa	Azmavet	gloss	1.0
H5820	az.ma.vet	cmn-Hans	押斯玛弗，《思》阿次玛委特	gloss	1.0
H5820	az.ma.vet	cmn-Hant	押斯瑪弗，《思》阿次瑪委特	gloss	1.0
H5820	az.ma.vet	deu	Asmawet	gloss	1.0
H5820	az.ma.vet	nld	Azmavet	gloss	1.0
H5820	az.ma.vet	swa	azmawethi, beth-azmawethi	gloss	1.0
H5820	az.ma.vet	arb	عَزْمُوتَ	aligned	1.0
H5820	az.ma.vet	arb	عَزْمُوتُ	aligned	1.0
H5820	az.ma.vet	arb	وَعَزْمُوتَ	aligned	1.0
H5820	az.ma.vet	eng	azmaveth	aligned	0.867
H5820	az.ma.vet	hin	अज्मावेत	aligned	0.714
H5820	az.ma.vet	rus	замврия	aligned	0.667
H5820	az.ma.vet	spa	azmaveth	aligned	0.6
H5821	az.zan	eng	Azzan	gloss	1.0
H5821	az.zan	fra	Azzân	gloss	1.0
H5821	az.zan	por	Azã	gloss	1.0
H5821	az.zan	spa	Azan	gloss	1.0
H5821	az.zan	cmn-Hans	阿散，《思》阿仓	gloss	1.0
H5821	az.zan	cmn-Hant	阿散，《思》阿倉	gloss	1.0
H5821	az.zan	deu	Asan	gloss	1.0
H5821	az.zan	nld	Azzan	gloss	1.0
H5821	az.zan	swa	azani	gloss	1.0
H5821	az.zan	eng	azzan	aligned	1.0
H5825	a.ze.qah	eng	Azekah	gloss	1.0
H5825	a.ze.qah	fra	Azéqa	gloss	1.0
H5825	a.ze.qah	por	Azeca	gloss	1.0
H5825	a.ze.qah	spa	Azeca	gloss	1.0
H5825	a.ze.qah	cmn-Hans	亚西加，《思》阿则卡	gloss	1.0
H5825	a.ze.qah	cmn-Hant	亞西加，《思》阿則卡	gloss	1.0
H5825	a.ze.qah	deu	Aseka	gloss	1.0
H5825	a.ze.qah	nld	Azeka	gloss	1.0
H5825	a.ze.qah	swa	azeka	gloss	1.0
H5825	a.ze.qah	arb	عَزِيقَةَ	aligned	1.0
H5825	a.ze.qah	arb	وَعَزِيقَةَ	aligned	1.0
H5825	a.ze.qah	eng	azekah	aligned	0.786
H5825	a.ze.qah	hin	अजेका	aligned	1.0
H5825	a.ze.qah	spa	azeca	aligned	1.0
H5827	e.zer	eng	Ezer	gloss	1.0
H5827	e.zer	fra	aide	gloss	1.0
H5827	e.zer	por	ajuda	gloss	1.0
H5827	e.zer	spa	ayuda	gloss	1.0
H5827	e.zer	cmn-Hans	帮助；援助；支持	gloss	1.0
H5827	e.zer	cmn-Hant	幫助；援助；支持	gloss	1.0
H5829	e.zer	eng	Ezer	gloss	1.0
H5829	e.zer	eng	ezer	aligned	0.368
H5829	e.zer	hin	एजेर	aligned	0.4
H5829	e.zer	spa	ezer	aligned	0.571
H5830	ez.ra	eng	Ezra	gloss	1.0
H5830	ez.ra	fra	Esdras	gloss	1.0
H5830	ez.ra	por	Esdras	gloss	1.0
H5830	ez.ra	spa	Esdras	gloss	1.0
H5830	ez.ra	cmn-Hans	以斯拉，《思》厄斯德拉	gloss	1.0
H5830	ez.ra	cmn-Hant	以斯拉，《思》厄斯德拉	gloss	1.0
H5830	ez.ra	deu	Esra	gloss	1.0
H5830	ez.ra	nld	Ezra	gloss	1.0
H5830	ez.ra	swa	ezra	gloss	1.0
H5830	ez.ra	arb	لِعَزْرَا	aligned	1.0
H5830	ez.ra	arb	وَعَزْرَا	aligned	1.0
H5830	ez.ra	arb	عَزْرَا	aligned	0.812
H5830	ez.ra	eng	ezra	aligned	0.706
H5830	ez.ra	hin	एज्रा	aligned	0.52
H5830	ez.ra	rus	ездра	aligned	0.769
H5830	ez.ra	spa	esdras	aligned	0.88
H5831	ez.ra	eng	Ezra	gloss	1.0
H5831	ez.ra	arb	عَزْرَا	aligned	0.188
H5831	ez.ra	spa	esdras	aligned	0.12
H5832	a.zar.el	eng	Azarel	gloss	1.0
H5832	a.zar.el	fra	Azarel	gloss	1.0
H5832	a.zar.el	por	Azarel	gloss	1.0
H5832	a.zar.el	spa	Azareel	gloss	1.0
H5832	a.zar.el	cmn-Hans	亚萨列，《思》阿匝勒耳	gloss	1.0
H5832	a.zar.el	cmn-Hant	亞薩列，《思》阿匝勒耳	gloss	1.0
H5832	a.zar.el	deu	Asarel	gloss	1.0
H5832	a.zar.el	nld	Azarel	gloss	1.0
H5832	a.zar.el	swa	azareli, uzieli	gloss	1.0
H5832	a.zar.el	arb	وَعَزَرْئِيلُ	aligned	1.0
H5832	a.zar.el	eng	azareel	aligned	1.0
H5832	a.zar.el	eng	azarel	aligned	0.5
H5832	a.zar.el	hin	अजरेल	aligned	0.667
H5832	a.zar.el	spa	azarael	aligned	1.0
H5832	a.zar.el	spa	azareel	aligned	1.0
H5834	ez.rah	eng	Ezrah	gloss	1.0
H5836	ez.ri	eng	Ezri	gloss	1.0
H5836	ez.ri	fra	Èzri	gloss	1.0
H5836	ez.ri	por	Ezri	gloss	1.0
H5836	ez.ri	spa	Ezri	gloss	1.0
H5836	ez.ri	cmn-Hans	以斯利，《思》厄次黎	gloss	1.0
H5836	ez.ri	cmn-Hant	以斯利，《思》厄次黎	gloss	1.0
H5836	ez.ri	deu	Abiësriter	gloss	1.0
H5836	ez.ri	nld	uit Abiëzer	gloss	1.0
H5836	ez.ri	swa	waabiezeri, mwaabiezeri	gloss	1.0
H5836	ez.ri	eng	ezri	aligned	1.0
H5837	az.ri.el	eng	Azriel	gloss	1.0
H5837	az.ri.el	fra	Azriel	gloss	1.0
H5837	az.ri.el	por	Azriel	gloss	1.0
H5837	az.ri.el	spa	Azriel	gloss	1.0
H5837	az.ri.el	cmn-Hans	亚斯列，《思》阿次黎耳	gloss	1.0
H5837	az.ri.el	cmn-Hant	亞斯列，《思》阿次黎耳	gloss	1.0
H5837	az.ri.el	deu	Asriël	gloss	1.0
H5837	az.ri.el	nld	Azriël	gloss	1.0
H5837	az.ri.el	swa	azrieli	gloss	1.0
H5837	az.ri.el	arb	عَزَرْئِيلَ	aligned	0.667
H5837	az.ri.el	eng	azriel	aligned	0.833
H5837	az.ri.el	hin	अज्रीएल	aligned	0.667
H5837	az.ri.el	spa	azriel	aligned	0.667
H5838	a.zar.yah	eng	Azariah	gloss	1.0
H5838	a.zar.yah	fra	Azarya	gloss	1.0
H5838	a.zar.yah	por	Azarias	gloss	1.0
H5838	a.zar.yah	spa	Azarías	gloss	1.0
H5838	a.zar.yah	cmn-Hans	亚撒利雅，《现》乌西雅，《思》阿匝黎雅	gloss	1.0
H5838	a.zar.yah	cmn-Hant	亞撒利雅，《現》烏西雅，《思》阿匝黎雅	gloss	1.0
H5838	a.zar.yah	deu	Asarja	gloss	1.0
H5838	a.zar.yah	nld	Azarja	gloss	1.0
H5838	a.zar.yah	swa	azaria, uzia, seraya, uziaf	gloss	1.0
H5838	a.zar.yah	arb	عَزَرْيَا	aligned	1.0
H5838	a.zar.yah	arb	عَزَرْيَاهُو	aligned	1.0
H5838	a.zar.yah	arb	لِعَزَرْيَا	aligned	1.0
H5838	a.zar.yah	arb	وَعَزَرْيَاهُو	aligned	1.0
H5838	a.zar.yah	arb	وَعَزَرْيَا	aligned	0.917
H5838	a.zar.yah	eng	azariah	aligned	0.766
H5838	a.zar.yah	hin	अजर्याह	aligned	0.521
H5838	a.zar.yah	rus	азария	aligned	0.727
H5838	a.zar.yah	spa	azaría	aligned	1.0
H5838	a.zar.yah	spa	azarías	aligned	0.979
H5839	a.zar.yah	eng	Azariah	gloss	1.0
H5840	az.ri.qam	eng	Azrikam	gloss	1.0
H5840	az.ri.qam	fra	Azriqam	gloss	1.0
H5840	az.ri.qam	por	Azricão	gloss	1.0
H5840	az.ri.qam	spa	Azricam	gloss	1.0
H5840	az.ri.qam	cmn-Hans	亚斯利干，《思》阿次黎冈	gloss	1.0
H5840	az.ri.qam	cmn-Hant	亞斯利干，《思》阿次黎岡	gloss	1.0
H5840	az.ri.qam	deu	Asrikam	gloss	1.0
H5840	az.ri.qam	nld	Azrikam	gloss	1.0
H5840	az.ri.qam	swa	azrikamu	gloss	1.0
H5840	az.ri.qam	arb	عَزْرِيقَامَ	aligned	1.0
H5840	az.ri.qam	arb	عَزْرِيقَامُ	aligned	1.0
H5840	az.ri.qam	eng	azrikam	aligned	0.917
H5840	az.ri.qam	hin	अज्रीकाम	aligned	0.833
H5840	az.ri.qam	spa	azricam	aligned	1.0
H5851	a.ta.rah	eng	Atarah	gloss	1.0
H5851	a.ta.rah	eng	atarah	aligned	1.0
H5852	a.ta.rot	eng	Ataroth	gloss	1.0
H5852	a.ta.rot	fra	Ataroth	gloss	1.0
H5852	a.ta.rot	por	Atarote	gloss	1.0
H5852	a.ta.rot	spa	Atarot	gloss	1.0
H5852	a.ta.rot	cmn-Hans	亚他录，《思》阿塔洛特	gloss	1.0
H5852	a.ta.rot	cmn-Hant	亞他錄，《思》阿塔洛特	gloss	1.0
H5852	a.ta.rot	deu	Atarot	gloss	1.0
H5852	a.ta.rot	nld	Atarot	gloss	1.0
H5852	a.ta.rot	swa	atarothi	gloss	1.0
H5852	a.ta.rot	arb	عَطَارُوتَ	aligned	1.0
H5852	a.ta.rot	eng	ataroth	aligned	1.0
H5852	a.ta.rot	hin	अतारोत	aligned	1.0
H5852	a.ta.rot	spa	ataroth	aligned	1.0
H5853	at.rot ad.dar	eng	Ataroth-addar	gloss	1.0
H5853	at.rot ad.dar	fra	Ataroth-Addar	gloss	1.0
H5853	at.rot ad.dar	por	Atarote-Adar	gloss	1.0
H5853	at.rot ad.dar	spa	Atarot·adar	gloss	1.0
H5853	at.rot ad.dar	cmn-Hans	亚他绿‧亚达，《思》阿塔洛特阿达尔	gloss	1.0
H5853	at.rot ad.dar	cmn-Hant	亞他綠‧亞達，《思》阿塔洛特阿達爾	gloss	1.0
H5853	at.rot ad.dar	deu	Atrot-Addar	gloss	1.0
H5853	at.rot ad.dar	nld	Atrot-Addar	gloss	1.0
H5853	at.rot ad.dar	swa	ataroth-adari	gloss	1.0
H5854	at.rot bet yo.av	eng	Atroth-beth-joab	gloss	1.0
H5854	at.rot bet yo.av	fra	Atroth-Beth-Yoav	gloss	1.0
H5854	at.rot bet yo.av	por	Atarote-Bete-Joabe	gloss	1.0
H5854	at.rot bet yo.av	spa	Atrot-bet-joab	gloss	1.0
H5854	at.rot bet yo.av	cmn-Hans	亚他绿‧伯‧约押，《思》阿托贝特约阿布	gloss	1.0
H5854	at.rot bet yo.av	cmn-Hant	亞他綠‧伯‧約押，《思》阿托貝特約阿布	gloss	1.0
H5854	at.rot bet yo.av	deu	Atrot-Bet-Joab	gloss	1.0
H5854	at.rot bet yo.av	nld	Atrot-bet-Joab	gloss	1.0
H5854	at.rot bet yo.av	swa	atroth-beth-yoabu, wazori	gloss	1.0
H5855	at.rot sho.phan	eng	Atroth-shophan	gloss	1.0
H5855	at.rot sho.phan	fra	Atroth-Shofân	gloss	1.0
H5855	at.rot sho.phan	por	Atarote-Sofã	gloss	1.0
H5855	at.rot sho.phan	spa	Atarot-sofán	gloss	1.0
H5855	at.rot sho.phan	cmn-Hans	亚他录‧朔反，《思》阿特洛特芍番	gloss	1.0
H5855	at.rot sho.phan	cmn-Hant	亞他錄‧朔反，《思》阿特洛特芍番	gloss	1.0
H5855	at.rot sho.phan	deu	Atrot-Schofan	gloss	1.0
H5855	at.rot sho.phan	nld	Atrot-Sofan	gloss	1.0
H5855	at.rot sho.phan	swa	atrothi-shofani	gloss	1.0
H5857	ay	eng	Ai	gloss	1.0
H5857	ay	dan	Aj	gloss	1.0
H5857	ay	deu	Ai	gloss	1.0
H5857	ay	nld	Ai	gloss	1.0
H5857	ay	swa	ai, sanyi	gloss	1.0
H5857	ay	arb	بِعَايٍ	aligned	1.0
H5857	ay	arb	عَايٍ	aligned	1.0
H5857	ay	arb	عَايَ	aligned	1.0
H5857	ay	arb	وَعَايٍ	aligned	1.0
H5857	ay	arb	وَعَايَ	aligned	1.0
H5857	ay	eng	aiath	aligned	1.0
H5857	ay	eng	ai	aligned	0.333
H5857	ay	rus	гайского	aligned	1.0
H5857	ay	rus	гая	aligned	0.8
H5857	ay	spa	hai	aligned	1.0
H5858	e.val	eng	Obal	gloss	1.0
H5858	e.val	fra	Éval	gloss	1.0
H5858	e.val	por	Ebal	gloss	1.0
H5858	e.val	spa	Ebal	gloss	1.0
H5858	e.val	cmn-Hans	以巴录，《思》厄巴耳	gloss	1.0
H5858	e.val	cmn-Hant	以巴錄，《思》厄巴耳	gloss	1.0
H5858	e.val	deu	Ebal	gloss	1.0
H5858	e.val	nld	Ebal	gloss	1.0
H5858	e.val	swa	ebali	gloss	1.0
H5858	e.val	arb	عِيبَالَ	aligned	1.0
H5858	e.val	eng	ebal	aligned	0.867
H5858	e.val	hin	एबाल	aligned	0.75
H5858	e.val	spa	ebal	aligned	1.0
H5859	iy.yon	eng	Ijon	gloss	1.0
H5859	iy.yon	fra	Iyôn	gloss	1.0
H5859	iy.yon	por	Ijom	gloss	1.0
H5859	iy.yon	spa	Ijón	gloss	1.0
H5859	iy.yon	cmn-Hans	以云，《思》依雍	gloss	1.0
H5859	iy.yon	cmn-Hant	以雲，《思》依雍	gloss	1.0
H5859	iy.yon	deu	Ijon	gloss	1.0
H5859	iy.yon	nld	Ijjon	gloss	1.0
H5859	iy.yon	swa	iyoni	gloss	1.0
H5859	iy.yon	arb	عُيُونَ	aligned	0.5
H5859	iy.yon	hin	इय्योन	aligned	1.0
H5862	e.tam	eng	Etam	gloss	1.0
H5862	e.tam	fra	Étam	gloss	1.0
H5862	e.tam	por	Etã	gloss	1.0
H5862	e.tam	spa	Etam	gloss	1.0
H5862	e.tam	cmn-Hans	以坦，《思》厄坦	gloss	1.0
H5862	e.tam	cmn-Hant	以坦，《思》厄坦	gloss	1.0
H5862	e.tam	deu	Etam	gloss	1.0
H5862	e.tam	nld	Etam	gloss	1.0
H5862	e.tam	swa	etamu	gloss	1.0
H5862	e.tam	arb	عِيطَمَ	aligned	1.0
H5862	e.tam	eng	etam	aligned	0.9
H5862	e.tam	hin	एताम	aligned	0.333
H5862	e.tam	spa	etam	aligned	1.0
H5863	iy.ye ha.a.va.rim	eng	Iye-abarim	gloss	1.0
H5863	iy.ye ha.a.va.rim	fra	Iyé-Avarim	gloss	1.0
H5863	iy.ye ha.a.va.rim	por	Abarim	gloss	1.0
H5863	iy.ye ha.a.va.rim	spa	Ije-abarim	gloss	1.0
H5863	iy.ye ha.a.va.rim	cmn-Hans	以耶‧亚巴琳，《思》依耶阿巴陵，依因阿巴陵	gloss	1.0
H5863	iy.ye ha.a.va.rim	cmn-Hant	以耶‧亞巴琳，《思》依耶阿巴陵，依因阿巴陵	gloss	1.0
H5863	iy.ye ha.a.va.rim	deu	Ije-Abarim	gloss	1.0
H5863	iy.ye ha.a.va.rim	nld	Ijje-Haäbarim	gloss	1.0
H5863	iy.ye ha.a.va.rim	swa	iye-abarimu, lye-abarimu	gloss	1.0
H5863	iy.ye ha.a.va.rim	eng	ije-abarim	aligned	1.0
H5864	iy.yim	eng	Iyim	gloss	1.0
H5864	iy.yim	fra	Iyim	gloss	1.0
H5864	iy.yim	por	Iim	gloss	1.0
H5864	iy.yim	spa	Iim	gloss	1.0
H5864	iy.yim	cmn-Hans	以耶‧亚巴琳（以因），《思》依因阿巴陵	gloss	1.0
H5864	iy.yim	cmn-Hant	以耶‧亞巴琳（以因），《思》依因阿巴陵	gloss	1.0
H5864	iy.yim	deu	Ijim	gloss	1.0
H5864	iy.yim	nld	Ijjim	gloss	1.0
H5864	iy.yim	swa	iyimu, iye-abarimu	gloss	1.0
H5864	iy.yim	eng	iim	aligned	0.5
H5866	i.lay	eng	Ilai	gloss	1.0
H5866	i.lay	fra	Ilaï	gloss	1.0
H5866	i.lay	por	Ilai	gloss	1.0
H5866	i.lay	spa	Ilai	gloss	1.0
H5866	i.lay	cmn-Hans	以来，《思》依来	gloss	1.0
H5866	i.lay	cmn-Hant	以來，《思》依來	gloss	1.0
H5866	i.lay	deu	Ilai	gloss	1.0
H5866	i.lay	nld	Ilai	gloss	1.0
H5866	i.lay	swa	salmoni	gloss	1.0
H5866	i.lay	eng	ilai	aligned	1.0
H5867	e.lam	eng	Elam	gloss	1.0
H5867	e.lam	fra	Élam	gloss	1.0
H5867	e.lam	por	Elão	gloss	1.0
H5867	e.lam	spa	Elam	gloss	1.0
H5867	e.lam	cmn-Hans	以拦，《思》厄蓝	gloss	1.0
H5867	e.lam	cmn-Hant	以攔，《思》厄藍	gloss	1.0
H5867	e.lam	deu	Elam	gloss	1.0
H5867	e.lam	nld	Elam	gloss	1.0
H5867	e.lam	swa	elamu, waelami	gloss	1.0
H5867	e.lam	arb	عِيلَامَ	aligned	1.0
H5867	e.lam	arb	عِيلَامُ	aligned	1.0
H5867	e.lam	arb	وَعِيلَامُ	aligned	1.0
H5867	e.lam	eng	elam	aligned	0.852
H5867	e.lam	hin	एलाम	aligned	0.708
H5867	e.lam	rus	елам	aligned	1.0
H5867	e.lam	rus	елама	aligned	0.75
H5867	e.lam	spa	elam	aligned	1.0
H5871	a.yin	eng	Ain	gloss	1.0
H5871	a.yin	arb	وَعَيْنَ	aligned	1.0
H5871	a.yin	eng	ain	aligned	0.7
H5871	a.yin	spa	ain	aligned	1.0
H5871	a.yin	spa	aín	aligned	1.0
H5872	en ge.di	eng	Engedi	gloss	1.0
H5872	en ge.di	fra	Én-Guédi	gloss	1.0
H5872	en ge.di	por	En-Gedi	gloss	1.0
H5872	en ge.di	spa	En-gadi	gloss	1.0
H5872	en ge.di	cmn-Hans	隐‧基底，《思》恩革狄	gloss	1.0
H5872	en ge.di	cmn-Hant	隱‧基底，《思》恩革狄	gloss	1.0
H5872	en ge.di	deu	En-Gedi	gloss	1.0
H5872	en ge.di	nld	Engedi	gloss	1.0
H5872	en ge.di	swa	engedi	gloss	1.0
H5872	en ge.di	eng	en-gedi	aligned	0.714
H5873	en gan.nim	eng	En-gannim	gloss	1.0
H5873	en gan.nim	fra	Én-Gannim	gloss	1.0
H5873	en gan.nim	por	En-Ganim	gloss	1.0
H5873	en gan.nim	spa	En-ganim	gloss	1.0
H5873	en gan.nim	cmn-Hans	隐‧干宁，《思》恩加宁	gloss	1.0
H5873	en gan.nim	cmn-Hant	隱‧干寧，《思》恩加寧	gloss	1.0
H5873	en gan.nim	deu	En-Gannim	gloss	1.0
H5873	en gan.nim	nld	En-Gannim	gloss	1.0
H5873	en gan.nim	swa	enganimu	gloss	1.0
H5873	en gan.nim	eng	en-gannim	aligned	0.6
H5874	en-dor	eng	En-dor	gloss	1.0
H5874	en-dor	fra	Én-Dor	gloss	1.0
H5874	en-dor	por	En-Dor	gloss	1.0
H5874	en-dor	spa	Endor	gloss	1.0
H5874	en-dor	cmn-Hans	隐‧多珥，《思》恩多尔	gloss	1.0
H5874	en-dor	cmn-Hant	隱‧多珥，《思》恩多爾	gloss	1.0
H5874	en-dor	deu	En-Dor	gloss	1.0
H5874	en-dor	nld	Endot	gloss	1.0
H5874	en-dor	swa	endori	gloss	1.0
H5875	en haq.qo.re	eng	En-hakkore	gloss	1.0
H5875	en haq.qo.re	fra	Én-Qoré	gloss	1.0
H5875	en haq.qo.re	por	En-Hacoré	gloss	1.0
H5875	en haq.qo.re	spa	En-hacore	gloss	1.0
H5875	en haq.qo.re	cmn-Hans	隐‧哈歌利，《思》呼吁泉	gloss	1.0
H5875	en haq.qo.re	cmn-Hant	隱‧哈歌利，《思》呼籲泉	gloss	1.0
H5876	en chad.dah	eng	En-haddah	gloss	1.0
H5876	en chad.dah	fra	Én-Hadda	gloss	1.0
H5876	en chad.dah	por	En-Hada	gloss	1.0
H5876	en chad.dah	spa	En-hada	gloss	1.0
H5876	en chad.dah	cmn-Hans	隐‧哈大，《思》恩哈达	gloss	1.0
H5876	en chad.dah	cmn-Hant	隱‧哈大，《思》恩哈達	gloss	1.0
H5876	en chad.dah	deu	En-Hadda	gloss	1.0
H5876	en chad.dah	nld	En-Chadda	gloss	1.0
H5876	en chad.dah	swa	enhada, remethi	gloss	1.0
H5877	en cha.tsor	eng	En-hazor	gloss	1.0
H5877	en cha.tsor	fra	Én-Hatsor	gloss	1.0
H5877	en cha.tsor	por	En-Hazor	gloss	1.0
H5877	en cha.tsor	spa	En-hazor	gloss	1.0
H5877	en cha.tsor	cmn-Hans	隐‧夏琐，《思》恩哈祚尔	gloss	1.0
H5877	en cha.tsor	cmn-Hant	隱‧夏瑣，《思》恩哈祚爾	gloss	1.0
H5877	en cha.tsor	deu	En-Hazor	gloss	1.0
H5877	en cha.tsor	nld	En-Chazor	gloss	1.0
H5877	en cha.tsor	swa	enhasori	gloss	1.0
H5878	en cha.rod	eng	Harod	gloss	1.0
H5878	en cha.rod	fra	Én-Harod	gloss	1.0
H5878	en cha.rod	por	En-Harode	gloss	1.0
H5878	en cha.rod	spa	fuente de Harod	gloss	1.0
H5878	en cha.rod	cmn-Hans	哈律泉，《思》哈洛得泉	gloss	1.0
H5878	en cha.rod	cmn-Hant	哈律泉，《思》哈洛得泉	gloss	1.0
H5878	en cha.rod	deu	En-Harod	gloss	1.0
H5878	en cha.rod	nld	Charodbron	gloss	1.0
H5878	en cha.rod	swa	harodi	gloss	1.0
H5879	e.na.yim	eng	Enaim	gloss	1.0
H5879	e.na.yim	deu	Enajim	gloss	1.0
H5879	e.na.yim	nld	Enaïm	gloss	1.0
H5879	e.na.yim	swa	enaimu, enamu	gloss	1.0
H5879	e.na.yim	arb	عَيْنَايِمَ	aligned	1.0
H5880	en mish.pat	eng	En-mishpat	gloss	1.0
H5880	en mish.pat	fra	Én-Mishpath	gloss	1.0
H5880	en mish.pat	por	En-Mispate	gloss	1.0
H5880	en mish.pat	spa	En-mispat	gloss	1.0
H5880	en mish.pat	cmn-Hans	安‧密巴，《思》恩米市帕特	gloss	1.0
H5880	en mish.pat	cmn-Hant	安‧密巴，《思》恩米市帕特	gloss	1.0
H5880	en mish.pat	deu	En-Mischpat	gloss	1.0
H5880	en mish.pat	nld	En-Mispat	gloss	1.0
H5880	en mish.pat	swa	enmisfati	gloss	1.0
H5881	e.nan	eng	Enan	gloss	1.0
H5881	e.nan	fra	Énân	gloss	1.0
H5881	e.nan	por	Enã	gloss	1.0
H5881	e.nan	spa	Enán	gloss	1.0
H5881	e.nan	cmn-Hans	以南，《思》厄南	gloss	1.0
H5881	e.nan	cmn-Hant	以南，《思》厄南	gloss	1.0
H5881	e.nan	deu	Enan	gloss	1.0
H5881	e.nan	nld	Enan	gloss	1.0
H5881	e.nan	swa	enan	gloss	1.0
H5881	e.nan	arb	عِينَنَ	aligned	1.0
H5881	e.nan	eng	enan	aligned	1.0
H5881	e.nan	hin	एनान	aligned	1.0
H5881	e.nan	spa	enán	aligned	0.6
H5882	en eg.la.yim	eng	Eneglaim	gloss	1.0
H5882	en eg.la.yim	fra	Én-Églaïm	gloss	1.0
H5882	en eg.la.yim	por	En-Eglaim	gloss	1.0
H5882	en eg.la.yim	spa	En-eglaim	gloss	1.0
H5882	en eg.la.yim	cmn-Hans	隐‧以革莲，《思》恩厄革拉因	gloss	1.0
H5882	en eg.la.yim	cmn-Hant	隱‧以革蓮，《思》恩厄革拉因	gloss	1.0
H5882	en eg.la.yim	deu	En-Eglajim	gloss	1.0
H5882	en eg.la.yim	nld	En-Eglaïm	gloss	1.0
H5882	en eg.la.yim	swa	en-eglaimu	gloss	1.0
H5883	en ro.gel	eng	En-rogel	gloss	1.0
H5883	en ro.gel	fra	Én-Roguel	gloss	1.0
H5883	en ro.gel	por	En-Rogel	gloss	1.0
H5883	en ro.gel	spa	fuente de Rogel	gloss	1.0
H5883	en ro.gel	cmn-Hans	隐‧罗结，《思》洛革耳泉	gloss	1.0
H5883	en ro.gel	cmn-Hant	隱‧羅結，《思》洛革耳泉	gloss	1.0
H5883	en ro.gel	dan	Rogel-kilden	gloss	1.0
H5883	en ro.gel	deu	En-Rogel	gloss	1.0
H5883	en ro.gel	nld	Rogelbron	gloss	1.0
H5883	en ro.gel	swa	enrogeli	gloss	1.0
H5884	en rim.mon	eng	En-rimmon	gloss	1.0
H5884	en rim.mon	fra	Én-Rimmôn	gloss	1.0
H5884	en rim.mon	por	En-Rimom	gloss	1.0
H5884	en rim.mon	spa	En-rimón	gloss	1.0
H5884	en rim.mon	cmn-Hans	隐‧临门，《思》恩黎孟	gloss	1.0
H5884	en rim.mon	cmn-Hant	隱‧臨門，《思》恩黎孟	gloss	1.0
H5884	en rim.mon	deu	En-Rimmon	gloss	1.0
H5884	en rim.mon	nld	? Aïn en Rimmon	gloss	1.0
H5884	en rim.mon	swa	enrimoni	gloss	1.0
H5885	en she.mesh	eng	En-shemesh	gloss	1.0
H5885	en she.mesh	fra	Én-Shèmesh	gloss	1.0
H5885	en she.mesh	por	En-Semes	gloss	1.0
H5885	en she.mesh	spa	En-semes	gloss	1.0
H5885	en she.mesh	cmn-Hans	隐‧示麦，《思》舍默士水泉	gloss	1.0
H5885	en she.mesh	cmn-Hant	隱‧示麥，《思》舍默士水泉	gloss	1.0
H5885	en she.mesh	deu	En-Schemesch	gloss	1.0
H5885	en she.mesh	nld	Semesbron	gloss	1.0
H5885	en she.mesh	swa	enshemeshi	gloss	1.0
H5885	en she.mesh	eng	en-shemesh	aligned	0.667
H5887	en tap.pu.ach	eng	En-tappuah	gloss	1.0
H5887	en tap.pu.ach	fra	En Tappoua	gloss	1.0
H5887	en tap.pu.ach	por	En-Tapua	gloss	1.0
H5887	en tap.pu.ach	spa	fuente de Tapúa	gloss	1.0
H5887	en tap.pu.ach	cmn-Hans	隐‧他普亚，《思》恩塔普亚	gloss	1.0
H5887	en tap.pu.ach	cmn-Hant	隱‧他普亞，《思》恩塔普亞	gloss	1.0
H5887	en tap.pu.ach	deu	En-Tappuach	gloss	1.0
H5887	en tap.pu.ach	nld	En-Tappuach	gloss	1.0
H5887	en tap.pu.ach	swa	tapua	gloss	1.0
H5891	e.phah	eng	Ephah	gloss	1.0
H5891	e.phah	deu	Dunkelheit	gloss	1.0
H5891	e.phah	nld	duisternis	gloss	1.0
H5891	e.phah	swa	giza, gizani, pofu, mweusi, weus	gloss	1.0
H5891	e.phah	arb	عَيْفَةُ	aligned	1.0
H5891	e.phah	arb	وَعِيفَةُ	aligned	1.0
H5891	e.phah	spa	epha	aligned	0.333
H5893	ir	eng	Ir	gloss	1.0
H5893	ir	eng	ir	aligned	1.0
H5896	i.ra	eng	Ira	gloss	1.0
H5896	i.ra	fra	Ira	gloss	1.0
H5896	i.ra	por	Ira	gloss	1.0
H5896	i.ra	spa	Ira	gloss	1.0
H5896	i.ra	cmn-Hans	以拉，《思》依辣	gloss	1.0
H5896	i.ra	cmn-Hant	以拉，《思》依辣	gloss	1.0
H5896	i.ra	deu	Ira	gloss	1.0
H5896	i.ra	nld	Ira	gloss	1.0
H5896	i.ra	swa	ira	gloss	1.0
H5896	i.ra	arb	عِيرَا	aligned	1.0
H5896	i.ra	arb	وَعِيرَا	aligned	1.0
H5896	i.ra	eng	ira	aligned	1.0
H5896	i.ra	hin	ईरा	aligned	1.0
H5896	i.ra	rus	ира	aligned	0.75
H5896	i.ra	spa	hira	aligned	0.5
H5897	i.rad	eng	Irad	gloss	1.0
H5897	i.rad	fra	Irad	gloss	1.0
H5897	i.rad	por	Irade	gloss	1.0
H5897	i.rad	spa	Irad	gloss	1.0
H5897	i.rad	cmn-Hans	以拿，《思》依辣得	gloss	1.0
H5897	i.rad	cmn-Hant	以拿，《思》依辣得	gloss	1.0
H5897	i.rad	deu	Irad	gloss	1.0
H5897	i.rad	nld	Irad	gloss	1.0
H5897	i.rad	swa	iradi	gloss	1.0
H5897	i.rad	eng	irad	aligned	0.75
H5897	i.rad	rus	ирад	aligned	1.0
H5897	i.rad	spa	irad	aligned	1.0
H5900	i.ru	eng	Iru	gloss	1.0
H5900	i.ru	fra	Irou	gloss	1.0
H5900	i.ru	por	Iru	gloss	1.0
H5900	i.ru	spa	Iru	gloss	1.0
H5900	i.ru	cmn-Hans	以路，《思》依尔	gloss	1.0
H5900	i.ru	cmn-Hant	以路，《思》依爾	gloss	1.0
H5900	i.ru	deu	Iru	gloss	1.0
H5900	i.ru	nld	Iru	gloss	1.0
H5900	i.ru	swa	iru	gloss	1.0
H5900	i.ru	eng	iru	aligned	1.0
H5901	i.ri	eng	Iri	gloss	1.0
H5901	i.ri	fra	Iri	gloss	1.0
H5901	i.ri	por	Iri	gloss	1.0
H5901	i.ri	spa	Iri	gloss	1.0
H5901	i.ri	cmn-Hans	以利，《思》依黎	gloss	1.0
H5901	i.ri	cmn-Hant	以利，《思》依黎	gloss	1.0
H5901	i.ri	deu	Ir	gloss	1.0
H5901	i.ri	nld	Iri	gloss	1.0
H5901	i.ri	swa	iri	gloss	1.0
H5902	i.ram	eng	Iram	gloss	1.0
H5902	i.ram	fra	Iram	gloss	1.0
H5902	i.ram	por	Irã	gloss	1.0
H5902	i.ram	spa	Iram	gloss	1.0
H5902	i.ram	cmn-Hans	以兰，《思》依兰	gloss	1.0
H5902	i.ram	cmn-Hant	以蘭，《思》依蘭	gloss	1.0
H5902	i.ram	deu	Iram	gloss	1.0
H5902	i.ram	nld	Iram	gloss	1.0
H5902	i.ram	swa	iramu	gloss	1.0
H5902	i.ram	arb	عِيرَامَ	aligned	1.0
H5902	i.ram	eng	iram	aligned	1.0
H5902	i.ram	hin	ईराम	aligned	1.0
H5904	ir na.chash	eng	Ir-nahash	gloss	1.0
H5904	ir na.chash	deu	Ir-Nahasch	gloss	1.0
H5904	ir na.chash	nld	stad Nachas	gloss	1.0
H5905	ir she.mesh	eng	Ir-shemesh	gloss	1.0
H5905	ir she.mesh	fra	Ir-Shèmesh	gloss	1.0
H5905	ir she.mesh	por	Ir-Semes	gloss	1.0
H5905	ir she.mesh	spa	Ir-semes	gloss	1.0
H5905	ir she.mesh	cmn-Hans	伊珥‧示麦，《思》依尔舍默士	gloss	1.0
H5905	ir she.mesh	cmn-Hant	伊珥‧示麥，《思》依爾舍默士	gloss	1.0
H5905	ir she.mesh	deu	Ir-Schemesch	gloss	1.0
H5905	ir she.mesh	nld	Ir-Semes	gloss	1.0
H5905	ir she.mesh	swa	irishemeshi	gloss	1.0
H5907	akh.bor	eng	Achbor	gloss	1.0
H5907	akh.bor	fra	Akbor	gloss	1.0
H5907	akh.bor	por	Acbor	gloss	1.0
H5907	akh.bor	spa	Acbor	gloss	1.0
H5907	akh.bor	cmn-Hans	亚革波，《思》阿革波尔	gloss	1.0
H5907	akh.bor	cmn-Hant	亞革波，《思》阿革波爾	gloss	1.0
H5907	akh.bor	deu	Achbor	gloss	1.0
H5907	akh.bor	nld	Achbor	gloss	1.0
H5907	akh.bor	swa	akbori	gloss	1.0
H5907	akh.bor	arb	عَكْبُورَ	aligned	1.0
H5907	akh.bor	eng	achbor	aligned	0.818
H5907	akh.bor	hin	अकबोर	aligned	0.833
H5907	akh.bor	spa	achbor	aligned	1.0
H5910	ak.ko	eng	Acco	gloss	1.0
H5910	ak.ko	fra	Akko	gloss	1.0
H5910	ak.ko	por	Aco	gloss	1.0
H5910	ak.ko	spa	Aco	gloss	1.0
H5910	ak.ko	cmn-Hans	亚柯，《思》阿苛	gloss	1.0
H5910	ak.ko	cmn-Hant	亞柯，《思》阿苛	gloss	1.0
H5910	ak.ko	deu	Akko	gloss	1.0
H5910	ak.ko	nld	Akko	gloss	1.0
H5910	ak.ko	swa	aka	gloss	1.0
H5911	a.khor	eng	Achor	gloss	1.0
H5911	a.khor	fra	Akor	gloss	1.0
H5911	a.khor	por	(Vale de) Acor	gloss	1.0
H5911	a.khor	spa	Acor	gloss	1.0
H5911	a.khor	cmn-Hans	亚割谷，《思》阿苛尔山谷	gloss	1.0
H5911	a.khor	cmn-Hant	亞割谷，《思》阿苛爾山谷	gloss	1.0
H5911	a.khor	deu	Achor	gloss	1.0
H5911	a.khor	nld	Achor	gloss	1.0
H5911	a.khor	swa	akori	gloss	1.0
H5911	a.khor	arb	عَخُورَ	aligned	1.0
H5911	a.khor	eng	achor	aligned	1.0
H5911	a.khor	hin	आकोर	aligned	1.0
H5911	a.khor	rus	ахор	aligned	0.667
H5912	a.khan	eng	Achan	gloss	1.0
H5912	a.khan	fra	Akân	gloss	1.0
H5912	a.khan	por	Acã	gloss	1.0
H5912	a.khan	spa	Acán	gloss	1.0
H5912	a.khan	cmn-Hans	亚干，《思》阿干	gloss	1.0
H5912	a.khan	cmn-Hant	亞干，《思》阿干	gloss	1.0
H5912	a.khan	deu	Achan	gloss	1.0
H5912	a.khan	nld	Achan	gloss	1.0
H5912	a.khan	swa	akani	gloss	1.0
H5912	a.khan	amh	አካን	gloss	1.0
H5912	a.khan	arb	عَخَانُ	aligned	1.0
H5912	a.khan	eng	achan	aligned	0.857
H5912	a.khan	hin	आकान	aligned	1.0
H5912	a.khan	spa	achân	aligned	1.0
H5915	akh.sah	eng	Achsah	gloss	1.0
H5915	akh.sah	fra	Aksa	gloss	1.0
H5915	akh.sah	por	Acsa	gloss	1.0
H5915	akh.sah	spa	Acsa	gloss	1.0
H5915	akh.sah	cmn-Hans	押撒，《思》阿革撒	gloss	1.0
H5915	akh.sah	cmn-Hant	押撒，《思》阿革撒	gloss	1.0
H5915	akh.sah	deu	Achsa	gloss	1.0
H5915	akh.sah	nld	Achsa	gloss	1.0
H5915	akh.sah	swa	aksa	gloss	1.0
H5915	akh.sah	arb	عَكْسَةَ	aligned	1.0
H5915	akh.sah	eng	achsah	aligned	0.5
H5915	akh.sah	eng	acsah	aligned	0.429
H5915	akh.sah	hin	अकसा	aligned	1.0
H5915	akh.sah	spa	axa	aligned	1.0
H5917	a.khar	eng	Achan	gloss	1.0
H5917	a.khar	fra	Akar	gloss	1.0
H5917	a.khar	por	Acar	gloss	1.0
H5917	a.khar	spa	Acar	gloss	1.0
H5917	a.khar	cmn-Hans	亚迦，《现》亚干，《思》阿加尔	gloss	1.0
H5917	a.khar	cmn-Hant	亞迦，《現》亞干，《思》阿加爾	gloss	1.0
H5917	a.khar	deu	Achar	gloss	1.0
H5917	a.khar	nld	Achar	gloss	1.0
H5917	a.khar	swa	akani	gloss	1.0
H5917	a.khar	eng	achar	aligned	1.0
H5918	okh.ran	eng	Ochran	gloss	1.0
H5918	okh.ran	fra	Okrân	gloss	1.0
H5918	okh.ran	por	Ocrã	gloss	1.0
H5918	okh.ran	spa	Ocrán	gloss	1.0
H5918	okh.ran	cmn-Hans	俄兰，《思》敖革兰	gloss	1.0
H5918	okh.ran	cmn-Hant	俄蘭，《思》敖革蘭	gloss	1.0
H5918	okh.ran	deu	Ochran	gloss	1.0
H5918	okh.ran	nld	Ochran	gloss	1.0
H5918	okh.ran	swa	okrani, okirani	gloss	1.0
H5918	okh.ran	arb	عُكْرَنَ	aligned	1.0
H5918	okh.ran	eng	ocran	aligned	1.0
H5918	okh.ran	hin	ओक्रान	aligned	1.0
H5918	okh.ran	spa	ocrán	aligned	1.0
H5925	ul.la	eng	Ulla	gloss	1.0
H5925	ul.la	fra	Oulla	gloss	1.0
H5925	ul.la	por	Ula	gloss	1.0
H5925	ul.la	spa	Ullá	gloss	1.0
H5925	ul.la	cmn-Hans	乌拉，《思》乌拉	gloss	1.0
H5925	ul.la	cmn-Hant	烏拉，《思》烏拉	gloss	1.0
H5925	ul.la	deu	Ulla	gloss	1.0
H5925	ul.la	nld	Ulla	gloss	1.0
H5925	ul.la	swa	ula	gloss	1.0
H5925	ul.la	eng	ulla	aligned	1.0
H5933	al.vah	eng	Alvah	gloss	1.0
H5933	al.vah	deu	Verkehrtheit?	gloss	1.0
H5933	al.vah	nld	[inexpl]	gloss	1.0
H5933	al.vah	swa	kuteketezwa, sadaka, moto, kafar, songez	gloss	1.0
H5933	al.vah	arb	عَلْوَةَ	aligned	1.0
H5933	al.vah	eng	alvah	aligned	1.0
H5933	al.vah	hin	अल्वा	aligned	1.0
H5935	al.van	eng	Alvan	gloss	1.0
H5935	al.van	deu	Alwan	gloss	1.0
H5935	al.van	nld	Alwan	gloss	1.0
H5935	al.van	swa	alvani	gloss	1.0
H5935	al.van	eng	alvan	aligned	1.0
H5941	e.li	eng	Eli	gloss	1.0
H5941	e.li	fra	Héli	gloss	1.0
H5941	e.li	por	Eli	gloss	1.0
H5941	e.li	spa	Eli	gloss	1.0
H5941	e.li	cmn-Hans	以利，《思》厄里	gloss	1.0
H5941	e.li	cmn-Hant	以利，《思》厄里	gloss	1.0
H5941	e.li	deu	Eli	gloss	1.0
H5941	e.li	nld	Eli	gloss	1.0
H5941	e.li	swa	eli, kalale, sikukuita	gloss	1.0
H5941	e.li	arb	عَالِي	aligned	1.0
H5941	e.li	arb	عَالِيَ	aligned	1.0
H5941	e.li	arb	وَعَالِي	aligned	1.0
H5941	e.li	eng	eli’s	aligned	0.75
H5941	e.li	eng	eli	aligned	0.743
H5941	e.li	hin	एली	aligned	0.727
H5941	e.li	rus	илий	aligned	0.889
H5941	e.li	rus	илию	aligned	0.545
H5941	e.li	spa	eli	aligned	0.943
H5960	al.mon	eng	Almon	gloss	1.0
H5960	al.mon	fra	Almôn	gloss	1.0
H5960	al.mon	por	Almom	gloss	1.0
H5960	al.mon	spa	Almón	gloss	1.0
H5960	al.mon	cmn-Hans	亚勒们，《思》阿耳孟	gloss	1.0
H5960	al.mon	cmn-Hant	亞勒們，《思》阿耳孟	gloss	1.0
H5960	al.mon	deu	Alemet	gloss	1.0
H5960	al.mon	nld	Almon	gloss	1.0
H5960	al.mon	swa	almoni	gloss	1.0
H5960	al.mon	eng	almon	aligned	1.0
H5963	al.mon div.la.ta.ye.mah	eng	Almon-diblathaim	gloss	1.0
H5963	al.mon div.la.ta.ye.mah	fra	Almôn-Divlataïm	gloss	1.0
H5963	al.mon div.la.ta.ye.mah	por	Almom-Diblataim	gloss	1.0
H5963	al.mon div.la.ta.ye.mah	spa	Almón-diblataim	gloss	1.0
H5963	al.mon div.la.ta.ye.mah	cmn-Hans	亚门‧低比拉太音，《思》阿耳孟狄贝拉塔因	gloss	1.0
H5963	al.mon div.la.ta.ye.mah	cmn-Hant	亞門‧低比拉太音，《思》阿耳孟狄貝拉塔因	gloss	1.0
H5963	al.mon div.la.ta.ye.mah	eng	almon-diblathaim	aligned	0.5
H5964	a.le.met	eng	Alemeth	gloss	1.0
H5964	a.le.met	fra	Alèmeth	gloss	1.0
H5964	a.le.met	por	Alemete	gloss	1.0
H5964	a.le.met	spa	Alémet	gloss	1.0
H5964	a.le.met	cmn-Hans	阿勒篾，《思》阿肋默特	gloss	1.0
H5964	a.le.met	cmn-Hant	阿勒篾，《思》阿肋默特	gloss	1.0
H5964	a.le.met	deu	Alemet	gloss	1.0
H5964	a.le.met	nld	Alemet	gloss	1.0
H5964	a.le.met	swa	alemethi	gloss	1.0
H5964	a.le.met	arb	عَلْمَثَ	aligned	1.0
H5964	a.le.met	eng	alemeth	aligned	0.833
H5964	a.le.met	hin	आलेमेत	aligned	0.75
H5964	a.le.met	spa	alemeth	aligned	1.0
H5964	a.le.met	spa	azmaveth	aligned	0.4
H5981	um.mah	eng	Ummah	gloss	1.0
H5981	um.mah	deu	Umma	gloss	1.0
H5981	um.mah	nld	Umma	gloss	1.0
H5981	um.mah	swa	uma	gloss	1.0
H5983	am.mon	eng	Ammon	gloss	1.0
H5983	am.mon	fra	Ammon	gloss	1.0
H5983	am.mon	por	Amom	gloss	1.0
H5983	am.mon	spa	Amón	gloss	1.0
H5983	am.mon	cmn-Hans	亚扪，《思》阿孟	gloss	1.0
H5983	am.mon	cmn-Hant	亞捫，《思》阿孟	gloss	1.0
H5983	am.mon	dan	Ammon	gloss	1.0
H5983	am.mon	deu	Ammon	gloss	1.0
H5983	am.mon	nld	Ammon	gloss	1.0
H5983	am.mon	swa	amoni, waamoni	gloss	1.0
H5983	am.mon	arb	عَمُّونَ	aligned	1.0
H5983	am.mon	eng	ammon	aligned	0.838
H5983	am.mon	hin	अम्मोन	aligned	1.0
H5983	am.mon	hin	अम्मोनियों	aligned	0.812
H5983	am.mon	hin	अम्मोनी	aligned	0.355
H5983	am.mon	rus	аммоновым	aligned	1.0
H5983	am.mon	rus	аммоновых	aligned	0.286
H5983	am.mon	spa	ammón	aligned	0.967
H5986	a.mos	eng	Amos	gloss	1.0
H5986	a.mos	fra	Amos	gloss	1.0
H5986	a.mos	por	Amós	gloss	1.0
H5986	a.mos	spa	Amós	gloss	1.0
H5986	a.mos	cmn-Hans	阿摩司，《思》亚毛斯	gloss	1.0
H5986	a.mos	cmn-Hant	阿摩司，《思》亞毛斯	gloss	1.0
H5986	a.mos	deu	Amos	gloss	1.0
H5986	a.mos	nld	Amos	gloss	1.0
H5986	a.mos	swa	amosi, amoni	gloss	1.0
H5986	a.mos	arb	عَامُوسُ	aligned	1.0
H5986	a.mos	eng	amos	aligned	0.812
H5986	a.mos	hin	आमोस	aligned	0.333
H5986	a.mos	rus	амос	aligned	0.667
H5986	a.mos	spa	amós	aligned	0.875
H5987	a.moq	eng	Amok	gloss	1.0
H5987	a.moq	fra	Amoq	gloss	1.0
H5987	a.moq	por	Amoque	gloss	1.0
H5987	a.moq	spa	Amoc	gloss	1.0
H5987	a.moq	cmn-Hans	亚木，《思》阿摩克	gloss	1.0
H5987	a.moq	cmn-Hant	亞木，《思》阿摩克	gloss	1.0
H5987	a.moq	deu	Amok	gloss	1.0
H5987	a.moq	nld	Amok	gloss	1.0
H5987	a.moq	swa	amoki	gloss	1.0
H5987	a.moq	eng	amok	aligned	0.75
H5987	a.moq	spa	amoc	aligned	1.0
H5988	am.mi.el	eng	Ammiel	gloss	1.0
H5988	am.mi.el	fra	Ammiel	gloss	1.0
H5988	am.mi.el	por	Amiel	gloss	1.0
H5988	am.mi.el	spa	Amiel	gloss	1.0
H5988	am.mi.el	cmn-Hans	亚米利，《思》阿米耳	gloss	1.0
H5988	am.mi.el	cmn-Hant	亞米利，《思》阿米耳	gloss	1.0
H5988	am.mi.el	deu	Ammiël	gloss	1.0
H5988	am.mi.el	nld	Ammiël	gloss	1.0
H5988	am.mi.el	swa	amieli	gloss	1.0
H5988	am.mi.el	arb	عَمِّيئِيلَ	aligned	1.0
H5988	am.mi.el	eng	ammiel	aligned	1.0
H5988	am.mi.el	hin	अम्मीएल	aligned	1.0
H5988	am.mi.el	spa	amiel	aligned	1.0
H5988	am.mi.el	spa	ammiel	aligned	1.0
H5989	am.mi.hud	eng	Ammihud	gloss	1.0
H5989	am.mi.hud	fra	Ammihoud	gloss	1.0
H5989	am.mi.hud	por	Amiúde	gloss	1.0
H5989	am.mi.hud	spa	Amiud	gloss	1.0
H5989	am.mi.hud	cmn-Hans	亚米忽，《思》阿米胡得	gloss	1.0
H5989	am.mi.hud	cmn-Hant	亞米忽，《思》阿米胡得	gloss	1.0
H5989	am.mi.hud	deu	Ammihud	gloss	1.0
H5989	am.mi.hud	nld	Ammihud	gloss	1.0
H5989	am.mi.hud	swa	amihudi	gloss	1.0
H5989	am.mi.hud	arb	عَمِّيهُودَ	aligned	1.0
H5989	am.mi.hud	eng	ammihud	aligned	1.0
H5989	am.mi.hud	hin	अम्मीहूद	aligned	0.909
H5989	am.mi.hud	spa	amiud	aligned	1.0
H5989	am.mi.hud	spa	ammiud	aligned	1.0
H5990	am.mi.za.vad	eng	Ammizabad	gloss	1.0
H5990	am.mi.za.vad	fra	Ammizavad	gloss	1.0
H5990	am.mi.za.vad	por	Amizabade	gloss	1.0
H5990	am.mi.za.vad	spa	Amisabad	gloss	1.0
H5990	am.mi.za.vad	cmn-Hans	暗米萨拔，《思》阿米匝巴特	gloss	1.0
H5990	am.mi.za.vad	cmn-Hant	暗米薩拔，《思》阿米匝巴特	gloss	1.0
H5990	am.mi.za.vad	deu	Ammisabad	gloss	1.0
H5990	am.mi.za.vad	nld	Ammizabad	gloss	1.0
H5990	am.mi.za.vad	swa	amizabadi	gloss	1.0
H5990	am.mi.za.vad	eng	ammizabad	aligned	1.0
H5991	am.mi.chur	eng	Ammihur	gloss	1.0
H5992	am.mi.na.dav	eng	Amminadab	gloss	1.0
H5992	am.mi.na.dav	fra	Amminadav	gloss	1.0
H5992	am.mi.na.dav	por	Aminadabe	gloss	1.0
H5992	am.mi.na.dav	spa	Aminadab	gloss	1.0
H5992	am.mi.na.dav	cmn-Hans	亚米拿达，《思》阿米纳达布	gloss	1.0
H5992	am.mi.na.dav	cmn-Hant	亞米拿達，《思》阿米納達布	gloss	1.0
H5992	am.mi.na.dav	deu	Amminadab	gloss	1.0
H5992	am.mi.na.dav	nld	Amminadab	gloss	1.0
H5992	am.mi.na.dav	swa	aminadabu, ishari	gloss	1.0
H5992	am.mi.na.dav	arb	عَمِّينَادَابَ	aligned	0.818
H5992	am.mi.na.dav	arb	وَعَمِّينَادَابُ	aligned	0.667
H5992	am.mi.na.dav	eng	amminidab	aligned	1.0
H5992	am.mi.na.dav	eng	amminadab	aligned	0.7
H5992	am.mi.na.dav	hin	अम्मीनादाब	aligned	0.615
H5992	am.mi.na.dav	rus	аминадав	aligned	0.5
H5992	am.mi.na.dav	rus	аминадава	aligned	0.182
H5992	am.mi.na.dav	spa	aminadab	aligned	0.812
H5996	am.mi.shad.day	eng	Ammishaddai	gloss	1.0
H5996	am.mi.shad.day	fra	Ammishaddaï	gloss	1.0
H5996	am.mi.shad.day	por	Amisadai	gloss	1.0
H5996	am.mi.shad.day	spa	Amisadai	gloss	1.0
H5996	am.mi.shad.day	cmn-Hans	亚米沙代，《思》阿米沙待	gloss	1.0
H5996	am.mi.shad.day	cmn-Hant	亞米沙代，《思》阿米沙待	gloss	1.0
H5996	am.mi.shad.day	deu	Ammishaddai	gloss	1.0
H5996	am.mi.shad.day	nld	Ammisaddai	gloss	1.0
H5996	am.mi.shad.day	swa	amishadai	gloss	1.0
H5996	am.mi.shad.day	arb	عَمِّيشَدَّاي	aligned	1.0
H5996	am.mi.shad.day	eng	ammishaddai	aligned	1.0
H5996	am.mi.shad.day	hin	अम्मीशद्दै	aligned	1.0
H5996	am.mi.shad.day	spa	ammisaddai	aligned	1.0
H6000	a.mal	eng	Amal	gloss	1.0
H6002	a.ma.leq	eng	Amalek	gloss	1.0
H6002	a.ma.leq	fra	Amaleq	gloss	1.0
H6002	a.ma.leq	por	Amaleque	gloss	1.0
H6002	a.ma.leq	spa	Amalec	gloss	1.0
H6002	a.ma.leq	cmn-Hans	亚玛力，《思》阿玛肋克	gloss	1.0
H6002	a.ma.leq	cmn-Hant	亞瑪力，《思》阿瑪肋克	gloss	1.0
H6002	a.ma.leq	deu	Amalek	gloss	1.0
H6002	a.ma.leq	nld	Amalek	gloss	1.0
H6002	a.ma.leq	swa	amaleki, waamaleki, mtimilizi	gloss	1.0
H6002	a.ma.leq	arb	عَمَالِيقَ	aligned	1.0
H6002	a.ma.leq	arb	عَمَالِيقُ	aligned	1.0
H6002	a.ma.leq	arb	وَٱلْعَمَالِقَةُ	aligned	1.0
H6002	a.ma.leq	eng	amalek	aligned	0.852
H6002	a.ma.leq	eng	amalekites	aligned	0.333
H6002	a.ma.leq	eng	amalekite	aligned	0.133
H6002	a.ma.leq	hin	अमालेक	aligned	0.8
H6002	a.ma.leq	hin	अमालेकियों	aligned	0.435
H6002	a.ma.leq	hin	अमालेकी	aligned	0.188
H6002	a.ma.leq	rus	амалика	aligned	0.375
H6002	a.ma.leq	rus	амаликитяне	aligned	0.333
H6002	a.ma.leq	spa	amalec	aligned	0.892
H6002	a.ma.leq	spa	amalecitas	aligned	0.75
H6005	im.ma.nu.el	eng	Immanuel	gloss	1.0
H6005	im.ma.nu.el	fra	Emmanuel	gloss	1.0
H6005	im.ma.nu.el	por	Emanuel	gloss	1.0
H6005	im.ma.nu.el	spa	Emanuel	gloss	1.0
H6005	im.ma.nu.el	cmn-Hans	以马内利，《思》厄玛奴耳	gloss	1.0
H6005	im.ma.nu.el	cmn-Hant	以馬內利，《思》厄瑪奴耳	gloss	1.0
H6007	a.mas.yah	eng	Amasiah	gloss	1.0
H6007	a.mas.yah	fra	Amasya	gloss	1.0
H6007	a.mas.yah	por	Amasias	gloss	1.0
H6007	a.mas.yah	spa	Amasías	gloss	1.0
H6007	a.mas.yah	cmn-Hans	亚玛斯雅，《思》阿玛息雅	gloss	1.0
H6007	a.mas.yah	cmn-Hant	亞瑪斯雅，《思》阿瑪息雅	gloss	1.0
H6007	a.mas.yah	deu	Amasja	gloss	1.0
H6007	a.mas.yah	nld	Amasja	gloss	1.0
H6007	a.mas.yah	swa	amasia	gloss	1.0
H6007	a.mas.yah	eng	amasiah	aligned	1.0
H6008	am.ad	eng	Amad	gloss	1.0
H6008	am.ad	fra	Améad	gloss	1.0
H6008	am.ad	por	Amade	gloss	1.0
H6008	am.ad	spa	Amad	gloss	1.0
H6008	am.ad	cmn-Hans	亚末，《思》阿玛得	gloss	1.0
H6008	am.ad	cmn-Hant	亞末，《思》阿瑪得	gloss	1.0
H6008	am.ad	deu	Amad	gloss	1.0
H6008	am.ad	nld	Amad	gloss	1.0
H6008	am.ad	swa	amadi	gloss	1.0
H6017	a.mo.rah	eng	Gomorrah	gloss	1.0
H6017	a.mo.rah	fra	Gomorrhe	gloss	1.0
H6017	a.mo.rah	por	Gomorra	gloss	1.0
H6017	a.mo.rah	spa	Gomorra	gloss	1.0
H6017	a.mo.rah	cmn-Hans	蛾摩拉，《思》哈摩辣	gloss	1.0
H6017	a.mo.rah	cmn-Hant	蛾摩拉，《思》哈摩辣	gloss	1.0
H6017	a.mo.rah	deu	Gomorra	gloss	1.0
H6017	a.mo.rah	nld	Gomorra	gloss	1.0
H6017	a.mo.rah	swa	gomora	gloss	1.0
H6017	a.mo.rah	arb	كَعَمُورَةَ	aligned	1.0
H6017	a.mo.rah	arb	عَمُورَةَ	aligned	0.714
H6017	a.mo.rah	arb	وَعَمُورَةَ	aligned	0.647
H6017	a.mo.rah	eng	gomorrah	aligned	0.587
H6017	a.mo.rah	hin	गमोरा	aligned	0.429
H6017	a.mo.rah	rus	гоморра	aligned	0.5
H6017	a.mo.rah	spa	gomorra	aligned	0.826
H6018	om.ri	eng	Omri	gloss	1.0
H6018	om.ri	fra	Omri	gloss	1.0
H6018	om.ri	por	Onri	gloss	1.0
H6018	om.ri	spa	Omrí	gloss	1.0
H6018	om.ri	cmn-Hans	暗利，《思》敖默黎	gloss	1.0
H6018	om.ri	cmn-Hant	暗利，《思》敖默黎	gloss	1.0
H6018	om.ri	deu	Omri	gloss	1.0
H6018	om.ri	nld	Omri	gloss	1.0
H6018	om.ri	swa	omri	gloss	1.0
H6018	om.ri	arb	عُمْرِي	aligned	0.938
H6018	om.ri	eng	omri	aligned	0.943
H6018	om.ri	hin	ओम्री	aligned	0.941
H6018	om.ri	rus	амврий	aligned	1.0
H6018	om.ri	spa	omri	aligned	1.0
H6019	am.ram	eng	Amram	gloss	1.0
H6019	am.ram	fra	Amram	gloss	1.0
H6019	am.ram	por	Anrão	gloss	1.0
H6019	am.ram	spa	Amram	gloss	1.0
H6019	am.ram	cmn-Hans	暗兰，《思》阿默兰	gloss	1.0
H6019	am.ram	cmn-Hant	暗蘭，《思》阿默蘭	gloss	1.0
H6019	am.ram	deu	Amram	gloss	1.0
H6019	am.ram	nld	Amram	gloss	1.0
H6019	am.ram	swa	amramu	gloss	1.0
H6019	am.ram	arb	عَمْرَامَ	aligned	1.0
H6019	am.ram	arb	عَمْرَامُ	aligned	1.0
H6019	am.ram	eng	amram’s	aligned	1.0
H6019	am.ram	eng	amram	aligned	0.857
H6019	am.ram	hin	अम्राम	aligned	0.857
H6019	am.ram	rus	амрам	aligned	1.0
H6019	am.ram	rus	амрама	aligned	0.4
H6019	am.ram	spa	amram	aligned	1.0
H6021	a.ma.sa	eng	Amasa	gloss	1.0
H6021	a.ma.sa	fra	Amasa	gloss	1.0
H6021	a.ma.sa	por	Amasa	gloss	1.0
H6021	a.ma.sa	spa	Amasa	gloss	1.0
H6021	a.ma.sa	cmn-Hans	亚玛撒，《思》阿玛撒	gloss	1.0
H6021	a.ma.sa	cmn-Hant	亞瑪撒，《思》阿瑪撒	gloss	1.0
H6021	a.ma.sa	dan	Amasa	gloss	1.0
H6021	a.ma.sa	deu	Amasa	gloss	1.0
H6021	a.ma.sa	nld	Amasa	gloss	1.0
H6021	a.ma.sa	swa	amasa, ambusu	gloss	1.0
H6021	a.ma.sa	arb	عَمَاسَا	aligned	1.0
H6021	a.ma.sa	arb	وَعَمَاسَا	aligned	1.0
H6021	a.ma.sa	eng	amasa	aligned	0.688
H6021	a.ma.sa	hin	अमासा	aligned	0.471
H6021	a.ma.sa	rus	амессаю	aligned	1.0
H6021	a.ma.sa	rus	амессай	aligned	0.75
H6021	a.ma.sa	spa	amasa	aligned	0.938
H6022	a.ma.say	eng	Amasai	gloss	1.0
H6022	a.ma.say	fra	Amasaï	gloss	1.0
H6022	a.ma.say	por	Amasai	gloss	1.0
H6022	a.ma.say	spa	Amasai	gloss	1.0
H6022	a.ma.say	cmn-Hans	亚玛赛，《思》阿玛赛	gloss	1.0
H6022	a.ma.say	cmn-Hant	亞瑪賽，《思》阿瑪賽	gloss	1.0
H6022	a.ma.say	deu	Amasai	gloss	1.0
H6022	a.ma.say	nld	Amasai	gloss	1.0
H6022	a.ma.say	swa	amasai	gloss	1.0
H6022	a.ma.say	eng	amasai	aligned	0.8
H6022	a.ma.say	hin	अमासै	aligned	0.667
H6022	a.ma.say	spa	amasai	aligned	0.714
H6023	a.mash.say	eng	Amashsai	gloss	1.0
H6023	a.mash.say	fra	Amashsaï	gloss	1.0
H6023	a.mash.say	por	Amassai	gloss	1.0
H6023	a.mash.say	spa	Amasai	gloss	1.0
H6023	a.mash.say	cmn-Hans	亚玛帅，《思》阿玛赛	gloss	1.0
H6023	a.mash.say	cmn-Hant	亞瑪帥，《思》阿瑪賽	gloss	1.0
H6023	a.mash.say	deu	Amaschsai	gloss	1.0
H6023	a.mash.say	nld	Amassai	gloss	1.0
H6023	a.mash.say	swa	maasai	gloss	1.0
H6024	a.nav	eng	Anab	gloss	1.0
H6024	a.nav	fra	Anav	gloss	1.0
H6024	a.nav	por	Anabe	gloss	1.0
H6024	a.nav	spa	Anab	gloss	1.0
H6024	a.nav	cmn-Hans	亚拿伯，《思》阿纳布	gloss	1.0
H6024	a.nav	cmn-Hant	亞拿伯，《思》阿納布	gloss	1.0
H6024	a.nav	deu	Anab	gloss	1.0
H6024	a.nav	nld	Anab	gloss	1.0
H6024	a.nav	swa	anabu	gloss	1.0
H6024	a.nav	eng	anab	aligned	0.75
H6024	a.nav	spa	anab	aligned	1.0
H6034	a.nah	eng	Anah	gloss	1.0
H6034	a.nah	fra	Ana	gloss	1.0
H6034	a.nah	por	Aná	gloss	1.0
H6034	a.nah	spa	Aná	gloss	1.0
H6034	a.nah	cmn-Hans	亚拿，《思》阿纳	gloss	1.0
H6034	a.nah	cmn-Hant	亞拿，《思》阿納	gloss	1.0
H6034	a.nah	deu	Ana	gloss	1.0
H6034	a.nah	nld	Ana	gloss	1.0
H6034	a.nah	swa	ana	gloss	1.0
H6034	a.nah	arb	عَنَى	aligned	1.0
H6034	a.nah	arb	وَعَنَى	aligned	1.0
H6034	a.nah	eng	anah	aligned	0.826
H6034	a.nah	hin	अना	aligned	0.8
H6034	a.nah	rus	аны	aligned	0.5
H6034	a.nah	spa	ana	aligned	0.9
H6036	a.nuv	eng	Anub	gloss	1.0
H6036	a.nuv	fra	Anouv	gloss	1.0
H6036	a.nuv	por	Anube	gloss	1.0
H6036	a.nuv	spa	Anub	gloss	1.0
H6036	a.nuv	cmn-Hans	亚诺，《思》阿奴布	gloss	1.0
H6036	a.nuv	cmn-Hant	亞諾，《思》阿奴布	gloss	1.0
H6036	a.nuv	deu	Anub	gloss	1.0
H6036	a.nuv	nld	Anub	gloss	1.0
H6036	a.nuv	swa	anubu	gloss	1.0
H6036	a.nuv	eng	anub	aligned	1.0
H6042	un.ni	eng	Unni	gloss	1.0
H6042	un.ni	fra	Ounni	gloss	1.0
H6042	un.ni	por	Uni	gloss	1.0
H6042	un.ni	spa	Uní	gloss	1.0
H6042	un.ni	cmn-Hans	乌尼，《思》翁尼	gloss	1.0
H6042	un.ni	cmn-Hant	烏尼，《思》翁尼	gloss	1.0
H6042	un.ni	deu	Unni	gloss	1.0
H6042	un.ni	nld	Unni	gloss	1.0
H6042	un.ni	swa	yaasieli, washiriki, uno	gloss	1.0
H6042	un.ni	arb	وَعُنِّي	aligned	1.0
H6042	un.ni	eng	unni	aligned	0.5
H6042	un.ni	spa	unni	aligned	1.0
H6043	a.na.yah	eng	Anaiah	gloss	1.0
H6043	a.na.yah	fra	Anaya	gloss	1.0
H6043	a.na.yah	por	Anaías	gloss	1.0
H6043	a.na.yah	spa	Anías	gloss	1.0
H6043	a.na.yah	cmn-Hans	亚奈雅，《思》阿纳雅	gloss	1.0
H6043	a.na.yah	cmn-Hant	亞奈雅，《思》阿納雅	gloss	1.0
H6043	a.na.yah	deu	Anaja	gloss	1.0
H6043	a.na.yah	nld	Anaja	gloss	1.0
H6043	a.na.yah	swa	anaya	gloss	1.0
H6043	a.na.yah	eng	anaiah	aligned	0.75
H6044	a.nim	eng	Anim	gloss	1.0
H6044	a.nim	fra	Anim	gloss	1.0
H6044	a.nim	por	Anim	gloss	1.0
H6044	a.nim	spa	Anim	gloss	1.0
H6044	a.nim	cmn-Hans	亚念，《思》阿宁	gloss	1.0
H6044	a.nim	cmn-Hant	亞念，《思》阿寧	gloss	1.0
H6044	a.nim	deu	Anim	gloss	1.0
H6044	a.nim	nld	Anim	gloss	1.0
H6044	a.nim	swa	animu	gloss	1.0
H6046	a.nem	eng	Anem	gloss	1.0
H6046	a.nem	fra	Anem	gloss	1.0
H6046	a.nem	por	Aném	gloss	1.0
H6046	a.nem	spa	Anem	gloss	1.0
H6046	a.nem	cmn-Hans	亚年，《思》恩加宁	gloss	1.0
H6046	a.nem	cmn-Hant	亞年，《思》恩加寧	gloss	1.0
H6046	a.nem	deu	En-Gannim	gloss	1.0
H6046	a.nem	nld	Anem	gloss	1.0
H6046	a.nem	swa	en-gaminu	gloss	1.0
H6046	a.nem	eng	anem	aligned	1.0
H6048	a.nam.me.lekh	eng	Anammelech	gloss	1.0
H6048	a.nam.me.lekh	fra	Anammèlek	gloss	1.0
H6048	a.nam.me.lekh	por	Anameleque	gloss	1.0
H6048	a.nam.me.lekh	spa	Anamelec	gloss	1.0
H6048	a.nam.me.lekh	cmn-Hans	亚拿米勒，《思》阿纳默肋客	gloss	1.0
H6048	a.nam.me.lekh	cmn-Hant	亞拿米勒，《思》阿納默肋客	gloss	1.0
H6048	a.nam.me.lekh	deu	Anammelech	gloss	1.0
H6048	a.nam.me.lekh	nld	Anammelech	gloss	1.0
H6048	a.nam.me.lekh	swa	anameleki	gloss	1.0
H6052	a.nan	eng	Anan	gloss	1.0
H6052	a.nan	eng	anan	aligned	1.0
H6054	a.na.ni	eng	Anani	gloss	1.0
H6054	a.na.ni	fra	Anani	gloss	1.0
H6054	a.na.ni	por	Anani	gloss	1.0
H6054	a.na.ni	spa	Ananí	gloss	1.0
H6054	a.na.ni	cmn-Hans	阿拿尼，《思》阿纳尼	gloss	1.0
H6054	a.na.ni	cmn-Hant	阿拿尼，《思》阿納尼	gloss	1.0
H6054	a.na.ni	deu	Anani	gloss	1.0
H6054	a.na.ni	nld	Anani	gloss	1.0
H6054	a.na.ni	swa	anani	gloss	1.0
H6055	a.nan.yah	eng	Ananiah	gloss	1.0
H6055	a.nan.yah	fra	Ananya	gloss	1.0
H6055	a.nan.yah	por	Ananias	gloss	1.0
H6055	a.nan.yah	spa	Ananías	gloss	1.0
H6055	a.nan.yah	cmn-Hans	亚难尼，《思》阿纳尼雅	gloss	1.0
H6055	a.nan.yah	cmn-Hant	亞難尼，《思》阿納尼雅	gloss	1.0
H6055	a.nan.yah	deu	Ananeja	gloss	1.0
H6055	a.nan.yah	nld	Ananja	gloss	1.0
H6055	a.nan.yah	swa	anania	gloss	1.0
H6055	a.nan.yah	eng	ananiah	aligned	0.75
H6061	a.naq	eng	Anak	gloss	1.0
H6061	a.naq	deu	Anak	gloss	1.0
H6061	a.naq	nld	Enak	gloss	1.0
H6061	a.naq	swa	anaki	gloss	1.0
H6063	a.ner	eng	Aner	gloss	1.0
H6063	a.ner	fra	Anér	gloss	1.0
H6063	a.ner	por	Aner	gloss	1.0
H6063	a.ner	spa	Aner	gloss	1.0
H6063	a.ner	cmn-Hans	亚乃，《思》阿乃尔	gloss	1.0
H6063	a.ner	cmn-Hant	亞乃，《思》阿乃爾	gloss	1.0
H6063	a.ner	deu	Aner	gloss	1.0
H6063	a.ner	nld	Aner	gloss	1.0
H6063	a.ner	swa	aneri	gloss	1.0
H6063	a.ner	arb	عَانِرَ	aligned	1.0
H6063	a.ner	eng	aner	aligned	1.0
H6063	a.ner	hin	आनेर	aligned	1.0
H6063	a.ner	spa	aner	aligned	1.0
H6067	a.nat	eng	Anath	gloss	1.0
H6067	a.nat	fra	Anath	gloss	1.0
H6067	a.nat	por	Anate	gloss	1.0
H6067	a.nat	spa	Anat	gloss	1.0
H6067	a.nat	cmn-Hans	亚拿，《思》阿纳特	gloss	1.0
H6067	a.nat	cmn-Hant	亞拿，《思》阿納特	gloss	1.0
H6067	a.nat	deu	Anat	gloss	1.0
H6067	a.nat	nld	Anat	gloss	1.0
H6067	a.nat	swa	anathi	gloss	1.0
H6067	a.nat	arb	عَنَاةَ	aligned	1.0
H6067	a.nat	eng	anath	aligned	1.0
H6068	a.na.tot	eng	Anathoth	gloss	1.0
H6068	a.na.tot	fra	Anatoth	gloss	1.0
H6068	a.na.tot	por	Anatote	gloss	1.0
H6068	a.na.tot	spa	Anatot	gloss	1.0
H6068	a.na.tot	cmn-Hans	亚拿突，《思》阿纳托特	gloss	1.0
H6068	a.na.tot	cmn-Hant	亞拿突，《思》阿納托特	gloss	1.0
H6068	a.na.tot	deu	Anatot	gloss	1.0
H6068	a.na.tot	nld	Anatot	gloss	1.0
H6068	a.na.tot	swa	anathothi	gloss	1.0
H6068	a.na.tot	arb	عَنَاثُوثَ	aligned	1.0
H6068	a.na.tot	eng	anathoth	aligned	0.781
H6068	a.na.tot	hin	अनातोत	aligned	0.615
H6068	a.na.tot	rus	анафоф	aligned	1.0
H6068	a.na.tot	rus	анафофа	aligned	0.75
H6068	a.na.tot	spa	anathoth	aligned	0.882
H6070	an.to.tiy.yah	eng	Anthothijah	gloss	1.0
H6070	an.to.tiy.yah	fra	Ântotiya	gloss	1.0
H6070	an.to.tiy.yah	por	Antotias	gloss	1.0
H6070	an.to.tiy.yah	spa	Anatotías	gloss	1.0
H6070	an.to.tiy.yah	cmn-Hans	安陀提雅，《思》安托提雅	gloss	1.0
H6070	an.to.tiy.yah	cmn-Hant	安陀提雅，《思》安托提雅	gloss	1.0
H6070	an.to.tiy.yah	deu	Antotija	gloss	1.0
H6070	an.to.tiy.yah	nld	Antotia	gloss	1.0
H6070	an.to.tiy.yah	swa	anthothiya	gloss	1.0
H6077	o.phel	eng	Ophel	gloss	1.0
H6077	o.phel	arb	ٱلْأَكَمَةِ	aligned	0.444
H6077	o.phel	eng	ophel	aligned	0.222
H6077	o.phel	spa	ophel	aligned	1.0
H6078	oph.ni	eng	Ophni	gloss	1.0
H6078	oph.ni	fra	Ofni	gloss	1.0
H6078	oph.ni	por	Ofni	gloss	1.0
H6078	oph.ni	spa	Ofni	gloss	1.0
H6078	oph.ni	cmn-Hans	俄弗尼，《思》敖弗尼	gloss	1.0
H6078	oph.ni	cmn-Hant	俄弗尼，《思》敖弗尼	gloss	1.0
H6078	oph.ni	deu	Ofni	gloss	1.0
H6078	oph.ni	nld	Ofni	gloss	1.0
H6078	oph.ni	swa	ofni, kefar-amoni	gloss	1.0
H6081	e.pher	eng	Epher	gloss	1.0
H6081	e.pher	fra	Éfer	gloss	1.0
H6081	e.pher	por	Éfer	gloss	1.0
H6081	e.pher	spa	Efer	gloss	1.0
H6081	e.pher	cmn-Hans	以弗，《思》厄斐尔	gloss	1.0
H6081	e.pher	cmn-Hant	以弗，《思》厄斐爾	gloss	1.0
H6081	e.pher	deu	Efer	gloss	1.0
H6081	e.pher	nld	Efer	gloss	1.0
H6081	e.pher	swa	eferi	gloss	1.0
H6081	e.pher	arb	وَعِفْرُ	aligned	1.0
H6081	e.pher	eng	epher	aligned	0.5
H6081	e.pher	spa	epher	aligned	1.0
H6084	oph.rah	eng	Ophrah	gloss	1.0
H6084	oph.rah	fra	Ofra	gloss	1.0
H6084	oph.rah	por	Ofra	gloss	1.0
H6084	oph.rah	spa	Ofra	gloss	1.0
H6084	oph.rah	cmn-Hans	俄弗拉，《思》敖斐辣	gloss	1.0
H6084	oph.rah	cmn-Hant	俄弗拉，《思》敖斐辣	gloss	1.0
H6084	oph.rah	deu	Bet-Leafra	gloss	1.0
H6084	oph.rah	nld	Ofra	gloss	1.0
H6084	oph.rah	swa	ugaegae, beth-le-afra	gloss	1.0
H6084	oph.rah	arb	عَفْرَةَ	aligned	1.0
H6084	oph.rah	arb	عَفْرَةِ	aligned	1.0
H6084	oph.rah	eng	ophrah	aligned	0.688
H6084	oph.rah	hin	ओप्रा	aligned	0.429
H6084	oph.rah	rus	офре	aligned	0.5
H6084	oph.rah	spa	ophra	aligned	1.0
H6085	eph.ron	eng	Ephron	gloss	1.0
H6085	eph.ron	deu	Efron	gloss	1.0
H6085	eph.ron	nld	Efron	gloss	1.0
H6085	eph.ron	swa	efroni	gloss	1.0
H6085	eph.ron	arb	عِفْرُونَ	aligned	1.0
H6085	eph.ron	arb	عِفْرُونُ	aligned	1.0
H6085	eph.ron	arb	لِعِفْرُونَ	aligned	1.0
H6085	eph.ron	eng	ephron’s	aligned	1.0
H6085	eph.ron	eng	ephron	aligned	0.833
H6085	eph.ron	hin	एप्रोन	aligned	0.833
H6085	eph.ron	rus	ефрон	aligned	1.0
H6085	eph.ron	rus	ефрону	aligned	1.0
H6085	eph.ron	spa	ephrón	aligned	1.0
H6100	ets.yon ge.ver	eng	Ezion-geber	gloss	1.0
H6100	ets.yon ge.ver	fra	Etsyôn-Guèber	gloss	1.0
H6100	ets.yon ge.ver	por	Eziom-Geber	gloss	1.0
H6100	ets.yon ge.ver	spa	Esión·geber	gloss	1.0
H6100	ets.yon ge.ver	cmn-Hans	以旬‧迦别，《思》厄兹雍革贝尔	gloss	1.0
H6100	ets.yon ge.ver	cmn-Hant	以旬‧迦別，《思》厄茲雍革貝爾	gloss	1.0
H6100	ets.yon ge.ver	deu	Ezjon-Geber	gloss	1.0
H6100	ets.yon ge.ver	nld	Esjon-Geber	gloss	1.0
H6100	ets.yon ge.ver	swa	esion-geberi, ezion-geberi	gloss	1.0
H6100	ets.yon ge.ver	eng	ezion-gaber	aligned	1.0
H6100	ets.yon ge.ver	eng	ezion-geber	aligned	0.444
H6107	e.tsem	eng	Ezem	gloss	1.0
H6107	e.tsem	spa	esem	aligned	1.0
H6111	ats.mon	eng	Azmon	gloss	1.0
H6111	ats.mon	fra	Azmôn	gloss	1.0
H6111	ats.mon	por	Azmom	gloss	1.0
H6111	ats.mon	spa	Asmón	gloss	1.0
H6111	ats.mon	cmn-Hans	押们，《思》阿兹孟	gloss	1.0
H6111	ats.mon	cmn-Hant	押們，《思》阿茲孟	gloss	1.0
H6111	ats.mon	deu	Azmon	gloss	1.0
H6111	ats.mon	nld	Asmon	gloss	1.0
H6111	ats.mon	swa	azmoni	gloss	1.0
H6111	ats.mon	arb	عَصْمُونَ	aligned	1.0
H6111	ats.mon	eng	azmon	aligned	0.8
H6111	ats.mon	spa	asmón	aligned	1.0
H6126	aq.quv	eng	Akkub	gloss	1.0
H6126	aq.quv	fra	Aqqouv	gloss	1.0
H6126	aq.quv	por	Acube	gloss	1.0
H6126	aq.quv	spa	Acub	gloss	1.0
H6126	aq.quv	cmn-Hans	阿谷，《思》阿谷布	gloss	1.0
H6126	aq.quv	cmn-Hant	阿谷，《思》阿谷布	gloss	1.0
H6126	aq.quv	deu	Akkub	gloss	1.0
H6126	aq.quv	nld	Akkub	gloss	1.0
H6126	aq.quv	swa	akubu	gloss	1.0
H6126	aq.quv	arb	عَقُّوبَ	aligned	1.0
H6126	aq.quv	arb	وَعَقُّوبُ	aligned	1.0
H6126	aq.quv	eng	akkub	aligned	0.812
H6126	aq.quv	hin	अक्कूब	aligned	0.714
H6126	aq.quv	spa	accub	aligned	1.0
H6130	a.qan	eng	Akan	gloss	1.0
H6130	a.qan	fra	Aqân	gloss	1.0
H6130	a.qan	por	Acã	gloss	1.0
H6130	a.qan	spa	Acán	gloss	1.0
H6130	a.qan	cmn-Hans	亚干，《思》阿甘	gloss	1.0
H6130	a.qan	cmn-Hant	亞干，《思》阿甘	gloss	1.0
H6130	a.qan	deu	Akan	gloss	1.0
H6130	a.qan	nld	Akan	gloss	1.0
H6130	a.qan	swa	zaawani	gloss	1.0
H6134	e.qer	eng	Eker	gloss	1.0
H6138	eq.ron	eng	Ekron	gloss	1.0
H6138	eq.ron	fra	Éqrôn	gloss	1.0
H6138	eq.ron	por	Ecrom	gloss	1.0
H6138	eq.ron	spa	Ecròn	gloss	1.0
H6138	eq.ron	cmn-Hans	以革伦，《思》厄刻龙	gloss	1.0
H6138	eq.ron	cmn-Hant	以革倫，《思》厄刻龍	gloss	1.0
H6138	eq.ron	deu	Ekron	gloss	1.0
H6138	eq.ron	nld	Ekron	gloss	1.0
H6138	eq.ron	swa	ekroni	gloss	1.0
H6138	eq.ron	arb	عَقْرُونَ	aligned	1.0
H6138	eq.ron	arb	وَعَقْرُونَ	aligned	1.0
H6138	eq.ron	arb	وَعَقْرُونُ	aligned	1.0
H6138	eq.ron	eng	ekron	aligned	0.744
H6138	eq.ron	hin	एक्रोन	aligned	0.684
H6138	eq.ron	spa	ecrón	aligned	1.0
H6142	iq.qesh	eng	Ikkesh	gloss	1.0
H6142	iq.qesh	arb	عِقِّيشَ	aligned	1.0
H6142	iq.qesh	eng	ikkesh	aligned	1.0
H6142	iq.qesh	hin	इक्केश	aligned	1.0
H6144	ar	eng	Ar	gloss	1.0
H6144	ar	fra	ennemi	gloss	1.0
H6144	ar	por	inimigo	gloss	1.0
H6144	ar	spa	enemigo	gloss	1.0
H6144	ar	cmn-Hans	敌人；对敌	gloss	1.0
H6144	ar	cmn-Hant	敵人；對敵	gloss	1.0
H6144	ar	deu	Feind?	gloss	1.0
H6144	ar	nld	[dub.] vijand	gloss	1.0
H6144	ar	swa	adui, watesi, mtes, chukia, wale	gloss	1.0
H6144	ar	arb	عَارَ	aligned	0.364
H6144	ar	eng	ar	aligned	0.769
H6144	ar	hin	आर	aligned	0.833
H6144	ar	spa	ar	aligned	1.0
H6147	er	eng	Er	gloss	1.0
H6147	er	fra	Ér	gloss	1.0
H6147	er	por	Er	gloss	1.0
H6147	er	spa	Er	gloss	1.0
H6147	er	cmn-Hans	珥，《思》厄尔	gloss	1.0
H6147	er	cmn-Hant	珥，《思》厄爾	gloss	1.0
H6147	er	deu	Er	gloss	1.0
H6147	er	nld	Er	gloss	1.0
H6147	er	swa	eri	gloss	1.0
H6147	er	arb	عَيْرُ	aligned	1.0
H6147	er	arb	عِيرٌ	aligned	1.0
H6147	er	arb	عِيرُ	aligned	1.0
H6147	er	eng	er	aligned	0.81
H6147	er	hin	एर	aligned	0.8
H6147	er	rus	ир	aligned	0.667
H6147	er	spa	er	aligned	0.909
H6152	a.rav	eng	Arabia	gloss	1.0
H6152	a.rav	fra	Arabie	gloss	1.0
H6152	a.rav	por	Arábia	gloss	1.0
H6152	a.rav	spa	Arabia	gloss	1.0
H6152	a.rav	cmn-Hans	阿拉伯，《思》阿剌伯，荒野	gloss	1.0
H6152	a.rav	cmn-Hant	阿拉伯，《思》阿剌伯，荒野	gloss	1.0
H6152	a.rav	arb	ٱلْعَرَبِ	aligned	0.667
H6152	a.rav	eng	arabia	aligned	0.571
H6152	a.rav	hin	अरब	aligned	0.333
H6152	a.rav	spa	arabia	aligned	0.667
H6159	o.rev	eng	Oreb	gloss	1.0
H6159	o.rev	arb	غُرَابًا	aligned	1.0
H6159	o.rev	arb	غُرَابٍ	aligned	0.5
H6159	o.rev	eng	oreb	aligned	0.857
H6159	o.rev	hin	ओरेब	aligned	0.429
H6159	o.rev	rus	орива	aligned	0.5
H6159	o.rev	spa	oreb	aligned	1.0
H6166	a.rad	eng	Arad	gloss	1.0
H6166	a.rad	fra	Arad	gloss	1.0
H6166	a.rad	por	Arade	gloss	1.0
H6166	a.rad	spa	Arad	gloss	1.0
H6166	a.rad	cmn-Hans	亚拉得，《思》阿辣得	gloss	1.0
H6166	a.rad	cmn-Hant	亞拉得，《思》阿辣得	gloss	1.0
H6166	a.rad	deu	Arad	gloss	1.0
H6166	a.rad	nld	Arad	gloss	1.0
H6166	a.rad	swa	aradi	gloss	1.0
H6166	a.rad	arb	عَرَادَ	aligned	1.0
H6166	a.rad	eng	arad	aligned	0.9
H6166	a.rad	hin	अराद	aligned	0.8
H6166	a.rad	spa	arad	aligned	1.0
H6177	a.ro.er	eng	Aroer	gloss	1.0
H6177	a.ro.er	fra	Aroër	gloss	1.0
H6177	a.ro.er	por	Aroer	gloss	1.0
H6177	a.ro.er	spa	Aroer	gloss	1.0
H6177	a.ro.er	cmn-Hans	亚罗珥，《思》阿洛厄尔	gloss	1.0
H6177	a.ro.er	cmn-Hant	亞羅珥，《思》阿洛厄爾	gloss	1.0
H6177	a.ro.er	deu	Aroër	gloss	1.0
H6177	a.ro.er	nld	Aroër	gloss	1.0
H6177	a.ro.er	swa	aroeri, upeleleze, toroka	gloss	1.0
H6177	a.ro.er	arb	عَرُوعِيرَ	aligned	1.0
H6177	a.ro.er	arb	وَعَرُوعِيرَ	aligned	1.0
H6177	a.ro.er	eng	aroer	aligned	0.562
H6177	a.ro.er	hin	अरोएर	aligned	0.231
H6177	a.ro.er	spa	aroer	aligned	1.0
H6179	e.ri	eng	Eri	gloss	1.0
H6179	e.ri	fra	Éri	gloss	1.0
H6179	e.ri	por	Eri	gloss	1.0
H6179	e.ri	spa	Eri	gloss	1.0
H6179	e.ri	cmn-Hans	以利，《思》厄黎	gloss	1.0
H6179	e.ri	cmn-Hant	以利，《思》厄黎	gloss	1.0
H6179	e.ri	deu	Eriter	gloss	1.0
H6179	e.ri	nld	Eriet	gloss	1.0
H6179	e.ri	swa	waeri	gloss	1.0
H6179	e.ri	eng	eri	aligned	0.75
H6192	a.ram	eng	pile up	gloss	1.0
H6192	a.ram	deu	sich stauen	gloss	1.0
H6192	a.ram	swa	chung, wimb, rund, gof, fung	gloss	1.0
H6197	e.ran	eng	Eran	gloss	1.0
H6197	e.ran	fra	Érân	gloss	1.0
H6197	e.ran	por	Erã	gloss	1.0
H6197	e.ran	spa	Erán	gloss	1.0
H6197	e.ran	cmn-Hans	以兰，《思》厄兰	gloss	1.0
H6197	e.ran	cmn-Hant	以蘭，《思》厄蘭	gloss	1.0
H6197	e.ran	deu	Eran	gloss	1.0
H6197	e.ran	nld	Eran	gloss	1.0
H6197	e.ran	swa	erani	gloss	1.0
H6204	or.pah	eng	Orpah	gloss	1.0
H6204	or.pah	fra	Orpa	gloss	1.0
H6204	or.pah	por	Orfa	gloss	1.0
H6204	or.pah	spa	Orfá	gloss	1.0
H6204	or.pah	cmn-Hans	俄珥巴，《思》敖尔帕	gloss	1.0
H6204	or.pah	cmn-Hant	俄珥巴，《思》敖爾帕	gloss	1.0
H6204	or.pah	deu	Orpa	gloss	1.0
H6204	or.pah	nld	Orpa	gloss	1.0
H6204	or.pah	swa	orpa, kimoabu	gloss	1.0
H6204	or.pah	arb	عُرْفَةُ	aligned	1.0
H6204	or.pah	eng	orpah	aligned	1.0
H6204	or.pah	hin	ओर्पा	aligned	1.0
H6204	or.pah	spa	orpha	aligned	1.0
H6214	a.sa.h.el	eng	Asahel	gloss	1.0
H6214	a.sa.h.el	fra	Asahel	gloss	1.0
H6214	a.sa.h.el	por	Asael	gloss	1.0
H6214	a.sa.h.el	spa	Asael	gloss	1.0
H6214	a.sa.h.el	cmn-Hans	亚撒黑，《思》阿撒耳	gloss	1.0
H6214	a.sa.h.el	cmn-Hant	亞撒黑，《思》阿撒耳	gloss	1.0
H6214	a.sa.h.el	deu	Asaël	gloss	1.0
H6214	a.sa.h.el	nld	Asaël	gloss	1.0
H6214	a.sa.h.el	swa	asaheli	gloss	1.0
H6214	a.sa.h.el	arb	عَسَائِيلَ	aligned	1.0
H6214	a.sa.h.el	arb	عَسَائِيلُ	aligned	1.0
H6214	a.sa.h.el	arb	وَعَسَائِيلُ	aligned	1.0
H6214	a.sa.h.el	eng	asahel	aligned	0.75
H6214	a.sa.h.el	hin	असाहेल	aligned	0.538
H6214	a.sa.h.el	spa	asael	aligned	1.0
H6215	e.sav	eng	Esau	gloss	1.0
H6215	e.sav	fra	Ésaü	gloss	1.0
H6215	e.sav	por	Esaú	gloss	1.0
H6215	e.sav	spa	Esaú	gloss	1.0
H6215	e.sav	cmn-Hans	以扫，《思》厄撒乌	gloss	1.0
H6215	e.sav	cmn-Hant	以掃，《思》厄撒烏	gloss	1.0
H6215	e.sav	dan	Esau	gloss	1.0
H6215	e.sav	deu	Esau	gloss	1.0
H6215	e.sav	nld	Esau	gloss	1.0
H6215	e.sav	swa	esau, hifadhi, umetupendaje	gloss	1.0
H6215	e.sav	arb	لِعِيسُو	aligned	1.0
H6215	e.sav	arb	وَعِيسُوَ	aligned	1.0
H6215	e.sav	arb	عِيسُو	aligned	0.986
H6215	e.sav	arb	عِيسُوَ	aligned	0.867
H6215	e.sav	eng	esau’s	aligned	1.0
H6215	e.sav	eng	esau	aligned	0.847
H6215	e.sav	hin	एसाववंशियों	aligned	1.0
H6215	e.sav	hin	एसाव	aligned	0.843
H6215	e.sav	hin	एसावियों	aligned	0.8
H6215	e.sav	rus	исав	aligned	0.783
H6215	e.sav	rus	сеире	aligned	0.6
H6215	e.sav	rus	исаву	aligned	0.545
H6215	e.sav	rus	исава	aligned	0.333
H6215	e.sav	rus	старейшина	aligned	0.176
H6215	e.sav	spa	esaú	aligned	0.969
H6220	ash.vat	eng	Ashvath	gloss	1.0
H6220	ash.vat	fra	Ashwath	gloss	1.0
H6220	ash.vat	por	Asvate	gloss	1.0
H6220	ash.vat	spa	Asvat	gloss	1.0
H6220	ash.vat	cmn-Hans	亚施法，《思》阿市瓦特	gloss	1.0
H6220	ash.vat	cmn-Hant	亞施法，《思》阿市瓦特	gloss	1.0
H6220	ash.vat	deu	Aschwat	gloss	1.0
H6220	ash.vat	nld	Aswat	gloss	1.0
H6220	ash.vat	swa	ashvathi	gloss	1.0
H6221	a.si.el	eng	Asiel	gloss	1.0
H6221	a.si.el	fra	Asiel	gloss	1.0
H6221	a.si.el	por	Asiel	gloss	1.0
H6221	a.si.el	spa	Asiel	gloss	1.0
H6221	a.si.el	cmn-Hans	亚薛，《思》阿息耳	gloss	1.0
H6221	a.si.el	cmn-Hant	亞薛，《思》阿息耳	gloss	1.0
H6221	a.si.el	deu	Asiël	gloss	1.0
H6221	a.si.el	nld	Asiël	gloss	1.0
H6221	a.si.el	swa	asieli	gloss	1.0
H6221	a.si.el	eng	asiel	aligned	1.0
H6222	a.sa.yah	eng	Asaiah	gloss	1.0
H6222	a.sa.yah	fra	Asaya	gloss	1.0
H6222	a.sa.yah	por	Asaías	gloss	1.0
H6222	a.sa.yah	spa	Asaías	gloss	1.0
H6222	a.sa.yah	cmn-Hans	亚撒雅，《思》阿撒雅	gloss	1.0
H6222	a.sa.yah	cmn-Hant	亞撒雅，《思》阿撒雅	gloss	1.0
H6222	a.sa.yah	deu	Asaja	gloss	1.0
H6222	a.sa.yah	nld	Asaja	gloss	1.0
H6222	a.sa.yah	swa	asaya	gloss	1.0
H6222	a.sa.yah	arb	عَسَايَا	aligned	1.0
H6222	a.sa.yah	arb	وَعَسَايَا	aligned	1.0
H6222	a.sa.yah	eng	asahiah	aligned	1.0
H6222	a.sa.yah	eng	asaiah	aligned	0.857
H6222	a.sa.yah	hin	असायाह	aligned	0.714
H6222	a.sa.yah	spa	asaía	aligned	1.0
H6222	a.sa.yah	spa	asaías	aligned	1.0
H6228	a.shan	eng	Ashan	gloss	1.0
H6228	a.shan	arb	وَعَاشَانُ	aligned	1.0
H6228	a.shan	eng	ashan	aligned	0.625
H6228	a.shan	spa	asán	aligned	1.0
H6230	e.seq	eng	Esek	gloss	1.0
H6230	e.seq	fra	Éseq	gloss	1.0
H6230	e.seq	por	Eseque	gloss	1.0
H6230	e.seq	spa	Esek	gloss	1.0
H6230	e.seq	cmn-Hans	埃色，《思》「争论」	gloss	1.0
H6230	e.seq	cmn-Hant	埃色，《思》「爭論」	gloss	1.0
H6230	e.seq	deu	Esek	gloss	1.0
H6230	e.seq	nld	Esek	gloss	1.0
H6230	e.seq	swa	eseki	gloss	1.0
H6232	e.sheq	eng	Eshek	gloss	1.0
H6232	e.sheq	fra	Ésheq	gloss	1.0
H6232	e.sheq	por	Eseque	gloss	1.0
H6232	e.sheq	spa	Esec	gloss	1.0
H6232	e.sheq	cmn-Hans	以设，《思》厄舍克	gloss	1.0
H6232	e.sheq	cmn-Hant	以設，《思》厄舍克	gloss	1.0
H6232	e.sheq	deu	Eschek	gloss	1.0
H6232	e.sheq	nld	Esek	gloss	1.0
H6232	e.sheq	swa	esheki	gloss	1.0
H6232	e.sheq	eng	eshek	aligned	1.0
H6251	ash.te.rah	eng	young	gloss	1.0
H6251	ash.te.rah	fra	agneau	gloss	1.0
H6251	ash.te.rah	por	crias (de ovelhas ou cabras)	gloss	1.0
H6251	ash.te.rah	spa	rebaño (de ovejas)	gloss	1.0
H6251	ash.te.rah	cmn-Hans	小绵羊；小山羊	gloss	1.0
H6251	ash.te.rah	cmn-Hant	小綿羊；小山羊	gloss	1.0
H6251	ash.te.rah	deu	Zuwachs deines Viehs	gloss	1.0
H6251	ash.te.rah	swa	ngeze, fyon, atami, kuachi	gloss	1.0
H6251	ash.te.rah	arb	وَإِنَاثُ	aligned	1.0
H6251	ash.te.rah	spa	rebaños	aligned	0.2
H6252	ash.ta.rot	eng	Ashtaroth	gloss	1.0
H6252	ash.ta.rot	fra	Ashtaroth	gloss	1.0
H6252	ash.ta.rot	por	Astarote	gloss	1.0
H6252	ash.ta.rot	spa	Astarot	gloss	1.0
H6252	ash.ta.rot	cmn-Hans	亚斯她录，《思》阿舍塔洛特，阿市塔洛特	gloss	1.0
H6252	ash.ta.rot	cmn-Hant	亞斯她錄，《思》阿舍塔洛特，阿市塔洛特	gloss	1.0
H6252	ash.ta.rot	deu	Aschtarot	gloss	1.0
H6252	ash.ta.rot	nld	Astarot	gloss	1.0
H6252	ash.ta.rot	swa	ashtarothi, maashtorethi, mwelekeze	gloss	1.0
H6252	ash.ta.rot	arb	عَشْتَارُوثَ	aligned	1.0
H6252	ash.ta.rot	eng	ashtaroth	aligned	0.353
H6252	ash.ta.rot	spa	astaroth	aligned	0.5
H6253	ash.to.ret	eng	Ashtoreth	gloss	1.0
H6253	ash.to.ret	fra	Astarté	gloss	1.0
H6253	ash.to.ret	por	Astarte	gloss	1.0
H6253	ash.to.ret	spa	Astarot	gloss	1.0
H6253	ash.to.ret	cmn-Hans	亚斯她录，《思》阿市托勒特	gloss	1.0
H6253	ash.to.ret	cmn-Hant	亞斯她錄，《思》阿市托勒特	gloss	1.0
H6253	ash.to.ret	deu	die Astarte	gloss	1.0
H6253	ash.to.ret	nld	Astartes (pl)	gloss	1.0
H6253	ash.to.ret	swa	milkomu, maashtorethi, kitundi	gloss	1.0
H6253	ash.to.ret	arb	لِعَشْتُورَثَ	aligned	1.0
H6253	ash.to.ret	eng	ashtoreth	aligned	0.667
H6253	ash.to.ret	eng	ashtaroth	aligned	0.294
H6253	ash.to.ret	hin	अश्तोरेत	aligned	0.25
H6253	ash.to.ret	spa	astharoth	aligned	1.0
H6253	ash.to.ret	spa	astaroth	aligned	0.5
H6262	at.tay	eng	Attai	gloss	1.0
H6262	at.tay	fra	Attaï	gloss	1.0
H6262	at.tay	por	Atai	gloss	1.0
H6262	at.tay	spa	Atai	gloss	1.0
H6262	at.tay	cmn-Hans	亚太，《思》阿泰	gloss	1.0
H6262	at.tay	cmn-Hant	亞太，《思》阿泰	gloss	1.0
H6262	at.tay	eng	attai	aligned	0.875
H6262	at.tay	hin	अत्तै	aligned	0.75
H6262	at.tay	spa	athai	aligned	1.0
H6265	a.ta.yah	eng	Athaiah	gloss	1.0
H6265	a.ta.yah	fra	Ataya	gloss	1.0
H6265	a.ta.yah	por	Ataías	gloss	1.0
H6265	a.ta.yah	spa	Ataías	gloss	1.0
H6265	a.ta.yah	cmn-Hans	亚他雅，《思》阿塔雅	gloss	1.0
H6265	a.ta.yah	cmn-Hant	亞他雅，《思》阿塔雅	gloss	1.0
H6265	a.ta.yah	deu	Ataja	gloss	1.0
H6265	a.ta.yah	nld	Ataja	gloss	1.0
H6265	a.ta.yah	swa	athaya	gloss	1.0
H6265	a.ta.yah	eng	athaiah	aligned	1.0
H6269	a.takh	eng	Athach	gloss	1.0
H6269	a.takh	fra	Atak	gloss	1.0
H6269	a.takh	por	Atace	gloss	1.0
H6269	a.takh	spa	Atac	gloss	1.0
H6269	a.takh	cmn-Hans	亚挞，《思》阿塔客	gloss	1.0
H6269	a.takh	cmn-Hant	亞撻，《思》阿塔客	gloss	1.0
H6269	a.takh	deu	Atach	gloss	1.0
H6269	a.takh	nld	Atach	gloss	1.0
H6269	a.takh	swa	athaki	gloss	1.0
H6270	at.lay	eng	Athlai	gloss	1.0
H6270	at.lay	fra	Atlaï	gloss	1.0
H6270	at.lay	por	Atlai	gloss	1.0
H6270	at.lay	spa	Atlai	gloss	1.0
H6270	at.lay	cmn-Hans	亚勒，《思》阿特来	gloss	1.0
H6270	at.lay	cmn-Hant	亞勒，《思》阿特來	gloss	1.0
H6270	at.lay	deu	Atlai	gloss	1.0
H6270	at.lay	nld	Atlai	gloss	1.0
H6270	at.lay	swa	athlai	gloss	1.0
H6270	at.lay	eng	athlai	aligned	1.0
H6271	a.tal.yah	eng	Athaliah	gloss	1.0
H6271	a.tal.yah	fra	Athalie	gloss	1.0
H6271	a.tal.yah	por	Atalia	gloss	1.0
H6271	a.tal.yah	spa	Atalía	gloss	1.0
H6271	a.tal.yah	cmn-Hans	亚她利雅，《思》阿塔里雅	gloss	1.0
H6271	a.tal.yah	cmn-Hant	亞她利雅，《思》阿塔里雅	gloss	1.0
H6271	a.tal.yah	deu	Atalja	gloss	1.0
H6271	a.tal.yah	nld	Atalja	gloss	1.0
H6271	a.tal.yah	swa	athalia	gloss	1.0
H6271	a.tal.yah	arb	عَثَلْيَا	aligned	1.0
H6271	a.tal.yah	arb	وَعَثَلْيَا	aligned	1.0
H6271	a.tal.yah	eng	athaliah	aligned	0.778
H6271	a.tal.yah	hin	अतल्याह	aligned	0.75
H6271	a.tal.yah	rus	гофолия	aligned	0.667
H6271	a.tal.yah	rus	охозии	aligned	0.286
H6271	a.tal.yah	spa	athalía	aligned	1.0
H6272	a.tam	eng	burn	gloss	1.0
H6272	a.tam	fra	être roussi	gloss	1.0
H6272	a.tam	por	ser chamuscado	gloss	1.0
H6272	a.tam	spa	quemar	gloss	1.0
H6272	a.tam	cmn-Hans	烧焦	gloss	1.0
H6272	a.tam	cmn-Hant	燒焦	gloss	1.0
H6272	a.tam	deu	<unklar>	gloss	1.0
H6272	a.tam	swa	wak, tekete, chom, ondo, teketez	gloss	1.0
H6273	ot.ni	eng	Othni	gloss	1.0
H6273	ot.ni	fra	Otni	gloss	1.0
H6273	ot.ni	por	Otni	gloss	1.0
H6273	ot.ni	spa	Otní	gloss	1.0
H6273	ot.ni	cmn-Hans	俄得尼，《思》敖特尼	gloss	1.0
H6273	ot.ni	cmn-Hant	俄得尼，《思》敖特尼	gloss	1.0
H6273	ot.ni	deu	Otni	gloss	1.0
H6273	ot.ni	nld	Otni	gloss	1.0
H6273	ot.ni	swa	othni	gloss	1.0
H6273	ot.ni	eng	othni	aligned	1.0
H6274	ot.ni.el	eng	Othniel	gloss	1.0
H6274	ot.ni.el	fra	Otniel	gloss	1.0
H6274	ot.ni.el	por	Otoniel	gloss	1.0
H6274	ot.ni.el	spa	Otoniel	gloss	1.0
H6274	ot.ni.el	cmn-Hans	俄陀聂，《思》敖特尼耳	gloss	1.0
H6274	ot.ni.el	cmn-Hant	俄陀聶，《思》敖特尼耳	gloss	1.0
H6274	ot.ni.el	deu	Otniël	gloss	1.0
H6274	ot.ni.el	nld	Otniël	gloss	1.0
H6274	ot.ni.el	swa	othnieli	gloss	1.0
H6274	ot.ni.el	arb	عُثْنِيئِيلَ	aligned	1.0
H6274	ot.ni.el	arb	عُثْنِيئِيلُ	aligned	1.0
H6274	ot.ni.el	eng	othniel	aligned	0.765
H6274	ot.ni.el	hin	ओत्नीएल	aligned	0.5
H6274	ot.ni.el	rus	кеназа	aligned	0.75
H6274	ot.ni.el	spa	othoniel	aligned	1.0
H6278	et qa.tsin	eng	Eth-kazin	gloss	1.0
H6278	et qa.tsin	fra	Eth-Qatsîn	gloss	1.0
H6278	et qa.tsin	por	Ete-Cazim	gloss	1.0
H6278	et qa.tsin	spa	Ita-cazín	gloss	1.0
H6278	et qa.tsin	cmn-Hans	以特‧加汛，《思》依塔卡亲	gloss	1.0
H6278	et qa.tsin	cmn-Hant	以特‧加汛，《思》依塔卡親	gloss	1.0
H6281	e.ter	eng	Ether	gloss	1.0
H6281	e.ter	fra	Ètèr	gloss	1.0
H6281	e.ter	por	Eter	gloss	1.0
H6281	e.ter	spa	Eter	gloss	1.0
H6281	e.ter	cmn-Hans	以帖，《思》厄特尔	gloss	1.0
H6281	e.ter	cmn-Hant	以帖，《思》厄特爾	gloss	1.0
H6281	e.ter	deu	Eter	gloss	1.0
H6281	e.ter	nld	Eter	gloss	1.0
H6281	e.ter	swa	etheri	gloss	1.0
H6281	e.ter	arb	وَعَاتَرُ	aligned	1.0
H6281	e.ter	eng	ether	aligned	0.5
H6290	pa.ran	eng	Paran	gloss	1.0
H6290	pa.ran	fra	Parân	gloss	1.0
H6290	pa.ran	por	Parã	gloss	1.0
H6290	pa.ran	spa	Parán	gloss	1.0
H6290	pa.ran	cmn-Hans	巴兰，《思》帕兰	gloss	1.0
H6290	pa.ran	cmn-Hant	巴蘭，《思》帕蘭	gloss	1.0
H6290	pa.ran	deu	Paran	gloss	1.0
H6290	pa.ran	nld	Paran	gloss	1.0
H6290	pa.ran	swa	parani, maoni, meribath-kadeshi, aliangaza, motomoto	gloss	1.0
H6290	pa.ran	arb	فَارَانَ	aligned	1.0
H6290	pa.ran	eng	paran	aligned	0.864
H6290	pa.ran	hin	पारान	aligned	0.909
H6290	pa.ran	spa	parán	aligned	1.0
H6295	pag.i.el	eng	Pagiel	gloss	1.0
H6295	pag.i.el	fra	Paguiël	gloss	1.0
H6295	pag.i.el	por	Pagiel	gloss	1.0
H6295	pag.i.el	spa	Pagiel	gloss	1.0
H6295	pag.i.el	cmn-Hans	帕结，《思》帕革厄耳	gloss	1.0
H6295	pag.i.el	cmn-Hant	帕結，《思》帕革厄耳	gloss	1.0
H6295	pag.i.el	deu	Pagiël	gloss	1.0
H6295	pag.i.el	nld	Pagiël	gloss	1.0
H6295	pag.i.el	swa	pagieli	gloss	1.0
H6295	pag.i.el	arb	فَجْعِيئِيلُ	aligned	1.0
H6295	pag.i.el	eng	pagiel	aligned	1.0
H6295	pag.i.el	hin	पगीएल	aligned	1.0
H6295	pag.i.el	rus	охрана	aligned	1.0
H6295	pag.i.el	spa	pagiel	aligned	1.0
H6295	pag.i.el	spa	phegiel	aligned	1.0
H6300	pe.dah.el	eng	Pedahel	gloss	1.0
H6300	pe.dah.el	fra	Pedahel	gloss	1.0
H6300	pe.dah.el	por	Pedael	gloss	1.0
H6300	pe.dah.el	spa	Pedael	gloss	1.0
H6300	pe.dah.el	cmn-Hans	比大黑，《思》培达赫耳	gloss	1.0
H6300	pe.dah.el	cmn-Hant	比大黑，《思》培達赫耳	gloss	1.0
H6300	pe.dah.el	deu	Pedahel	gloss	1.0
H6300	pe.dah.el	nld	Pedaël	gloss	1.0
H6300	pe.dah.el	swa	pedaheli	gloss	1.0
H6300	pe.dah.el	eng	pedahel	aligned	1.0
H6301	pe.da.h.tsur	eng	Pedahzur	gloss	1.0
H6301	pe.da.h.tsur	fra	Pedahçour	gloss	1.0
H6301	pe.da.h.tsur	por	Pedazur	gloss	1.0
H6301	pe.da.h.tsur	spa	Pedasur	gloss	1.0
H6301	pe.da.h.tsur	cmn-Hans	比大蓿，《思》培达族尔	gloss	1.0
H6301	pe.da.h.tsur	cmn-Hant	比大蓿，《思》培達族爾	gloss	1.0
H6301	pe.da.h.tsur	deu	Pedazur	gloss	1.0
H6301	pe.da.h.tsur	nld	Pedasur	gloss	1.0
H6301	pe.da.h.tsur	swa	pedasuri	gloss	1.0
H6301	pe.da.h.tsur	arb	فَدَهْصُورَ	aligned	1.0
H6301	pe.da.h.tsur	eng	pedahzur	aligned	1.0
H6301	pe.da.h.tsur	hin	पदासूर	aligned	1.0
H6301	pe.da.h.tsur	spa	pedasur	aligned	0.667
H6303	pa.don	eng	Padon	gloss	1.0
H6303	pa.don	fra	Padôn	gloss	1.0
H6303	pa.don	por	Padom	gloss	1.0
H6303	pa.don	spa	Padón	gloss	1.0
H6303	pa.don	cmn-Hans	巴顿，《思》帕冬	gloss	1.0
H6303	pa.don	cmn-Hant	巴頓，《思》帕冬	gloss	1.0
H6303	pa.don	deu	Padon	gloss	1.0
H6303	pa.don	nld	Padon	gloss	1.0
H6303	pa.don	swa	padoni	gloss	1.0
H6303	pa.don	arb	فَادُونَ	aligned	1.0
H6303	pa.don	eng	padon	aligned	1.0
H6303	pa.don	spa	phadón	aligned	1.0
H6305	pe.da.yah	eng	Pedaiah	gloss	1.0
H6305	pe.da.yah	deu	Pedaja	gloss	1.0
H6305	pe.da.yah	nld	Pedaja	gloss	1.0
H6305	pe.da.yah	swa	pedaya	gloss	1.0
H6305	pe.da.yah	arb	فَدَايَا	aligned	1.0
H6305	pe.da.yah	arb	وَفَدَايَا	aligned	1.0
H6305	pe.da.yah	eng	pedaiah	aligned	0.875
H6305	pe.da.yah	hin	पदायाह	aligned	0.667
H6305	pe.da.yah	spa	pedaía	aligned	1.0
H6305	pe.da.yah	spa	pedaías	aligned	1.0
H6307	pad.dan	eng	Paddan	gloss	1.0
H6307	pad.dan	fra	Paddân-Aram	gloss	1.0
H6307	pad.dan	por	Padã-Arã	gloss	1.0
H6307	pad.dan	spa	Padan-aram	gloss	1.0
H6307	pad.dan	cmn-Hans	巴旦‧亚兰，《现》美索不达米亚，《思》帕丹阿兰	gloss	1.0
H6307	pad.dan	cmn-Hant	巴旦‧亞蘭，《現》美索不達米亞，《思》帕丹阿蘭	gloss	1.0
H6307	pad.dan	deu	Paddan	gloss	1.0
H6307	pad.dan	nld	Paddan	gloss	1.0
H6307	pad.dan	swa	padan-aramu, padan, nifi, usioe	gloss	1.0
H6307	pad.dan	eng	padan-aram	aligned	1.0
H6312	pu.ah	eng	Puah	gloss	1.0
H6312	pu.ah	deu	Puwa	gloss	1.0
H6312	pu.ah	nld	Puwwa	gloss	1.0
H6312	pu.ah	swa	puva, pua	gloss	1.0
H6312	pu.ah	eng	puah	aligned	0.5
H6316	put	eng	Put	gloss	1.0
H6316	put	fra	Pouth	gloss	1.0
H6316	put	por	Pute	gloss	1.0
H6316	put	spa	Fut	gloss	1.0
H6316	put	cmn-Hans	弗，《思》普特	gloss	1.0
H6316	put	cmn-Hant	弗，《思》普特	gloss	1.0
H6316	put	deu	Put	gloss	1.0
H6316	put	nld	Put	gloss	1.0
H6316	put	swa	putu, puti	gloss	1.0
H6316	put	arb	وَفُوطُ	aligned	1.0
H6316	put	eng	phut	aligned	1.0
H6316	put	hin	पूत	aligned	0.4
H6317	pu.ti.el	eng	Putiel	gloss	1.0
H6317	pu.ti.el	fra	Poutiël	gloss	1.0
H6317	pu.ti.el	por	Putiel	gloss	1.0
H6317	pu.ti.el	spa	Futiel	gloss	1.0
H6317	pu.ti.el	cmn-Hans	普铁，《思》普提耳	gloss	1.0
H6317	pu.ti.el	cmn-Hant	普鐵，《思》普提耳	gloss	1.0
H6317	pu.ti.el	deu	Putiël	gloss	1.0
H6317	pu.ti.el	nld	Putiël	gloss	1.0
H6317	pu.ti.el	swa	putieli	gloss	1.0
H6317	pu.ti.el	eng	putiel	aligned	1.0
H6318	po.ti.phar	eng	Potiphar	gloss	1.0
H6318	po.ti.phar	fra	Potiphar	gloss	1.0
H6318	po.ti.phar	por	Potifar	gloss	1.0
H6318	po.ti.phar	spa	Potifar	gloss	1.0
H6318	po.ti.phar	cmn-Hans	波提乏，《思》普提法尔	gloss	1.0
H6318	po.ti.phar	cmn-Hant	波提乏，《思》普提法爾	gloss	1.0
H6318	po.ti.phar	deu	Potifar	gloss	1.0
H6318	po.ti.phar	nld	Potifar	gloss	1.0
H6318	po.ti.phar	swa	potifa	gloss	1.0
H6318	po.ti.phar	eng	potiphar	aligned	0.5
H6318	po.ti.phar	spa	potiphar	aligned	1.0
H6319	po.ti phe.ra	eng	Potiphera	gloss	1.0
H6319	po.ti phe.ra	fra	Poti-Phéra	gloss	1.0
H6319	po.ti phe.ra	por	Potífera	gloss	1.0
H6319	po.ti phe.ra	spa	Potifera	gloss	1.0
H6319	po.ti phe.ra	cmn-Hans	波提‧非拉，《思》颇提斐辣	gloss	1.0
H6319	po.ti phe.ra	cmn-Hant	波提‧非拉，《思》頗提斐辣	gloss	1.0
H6319	po.ti phe.ra	deu	Potifera	gloss	1.0
H6319	po.ti phe.ra	nld	Potifera	gloss	1.0
H6319	po.ti phe.ra	swa	potifera	gloss	1.0
H6319	po.ti phe.ra	eng	poti-pherah	aligned	0.667
H6322	pul	eng	Pul	gloss	1.0
H6322	pul	fra	Poul, Tilgath-Pilnéser	gloss	1.0
H6322	pul	por	Pul	gloss	1.0
H6322	pul	spa	Pul	gloss	1.0
H6322	pul	cmn-Hans	普勒，《现》提革拉‧比列色，《思》普耳	gloss	1.0
H6322	pul	cmn-Hant	普勒，《現》提革拉‧比列色，《思》普耳	gloss	1.0
H6322	pul	deu	Pul; Libyer	gloss	1.0
H6322	pul	nld	Pul	gloss	1.0
H6322	pul	swa	pulu, puli	gloss	1.0
H6322	pul	eng	pul	aligned	0.857
H6322	pul	hin	पूल	aligned	1.0
H6322	pul	spa	phul	aligned	1.0
H6325	pu.non	eng	Punon	gloss	1.0
H6325	pu.non	fra	Pounôn	gloss	1.0
H6325	pu.non	por	Punom	gloss	1.0
H6325	pu.non	spa	Punón	gloss	1.0
H6325	pu.non	cmn-Hans	普嫩，《思》普农	gloss	1.0
H6325	pu.non	cmn-Hant	普嫩，《思》普農	gloss	1.0
H6325	pu.non	deu	Punon	gloss	1.0
H6325	pu.non	nld	Punon	gloss	1.0
H6325	pu.non	swa	punoni	gloss	1.0
H6325	pu.non	arb	فُونُونَ	aligned	1.0
H6325	pu.non	eng	punon	aligned	0.5
H6325	pu.non	spa	phunón	aligned	1.0
H6326	pu.ah	eng	Puah	gloss	1.0
H6326	pu.ah	fra	Poua	gloss	1.0
H6326	pu.ah	por	Puá	gloss	1.0
H6326	pu.ah	spa	Fúa	gloss	1.0
H6326	pu.ah	cmn-Hans	普阿，《思》普亚	gloss	1.0
H6326	pu.ah	cmn-Hant	普阿，《思》普亞	gloss	1.0
H6326	pu.ah	deu	Pua	gloss	1.0
H6326	pu.ah	nld	Pua	gloss	1.0
H6326	pu.ah	swa	wa, pili, waebrania, shifra, misri	gloss	1.0
H6326	pu.ah	eng	puah	aligned	0.333
H6332	pur	eng	Purim	gloss	1.0
H6332	pur	fra	sort	gloss	1.0
H6332	pur	por	sorte	gloss	1.0
H6332	pur	spa	suertes	gloss	1.0
H6332	pur	cmn-Hans	签	gloss	1.0
H6332	pur	cmn-Hant	籤	gloss	1.0
H6332	pur	deu	Los	gloss	1.0
H6332	pur	swa	purimu, puri, yathibiti, zisikome	gloss	1.0
H6332	pur	arb	فُورًا	aligned	1.0
H6332	pur	arb	ٱلْفُورِ	aligned	1.0
H6332	pur	arb	ٱلْفُورِيمِ	aligned	1.0
H6332	pur	eng	pur	aligned	0.8
H6332	pur	eng	purim	aligned	0.6
H6332	pur	hin	पूर	aligned	0.667
H6332	pur	spa	pur	aligned	1.0
H6332	pur	spa	purim	aligned	1.0
H6334	po.ra.ta	eng	Poratha	gloss	1.0
H6334	po.ra.ta	fra	Porata	gloss	1.0
H6334	po.ra.ta	por	Porata	gloss	1.0
H6334	po.ra.ta	spa	Porata	gloss	1.0
H6334	po.ra.ta	cmn-Hans	破拉他，《思》颇辣达	gloss	1.0
H6334	po.ra.ta	cmn-Hant	破拉他，《思》頗辣達	gloss	1.0
H6334	po.ra.ta	deu	Porata	gloss	1.0
H6334	po.ra.ta	nld	Porata	gloss	1.0
H6334	po.ra.ta	swa	poratha	gloss	1.0
H6334	po.ra.ta	eng	poratha	aligned	1.0
H6355	pa.chat mo.av	eng	Pahath-moab	gloss	1.0
H6355	pa.chat mo.av	fra	Pahath-Moab	gloss	1.0
H6355	pa.chat mo.av	por	Paate-Moabe	gloss	1.0
H6355	pa.chat mo.av	spa	Pahat-moab	gloss	1.0
H6355	pa.chat mo.av	cmn-Hans	巴哈‧摩押，《思》帕哈特摩阿布	gloss	1.0
H6355	pa.chat mo.av	cmn-Hant	巴哈‧摩押，《思》帕哈特摩阿布	gloss	1.0
H6355	pa.chat mo.av	deu	Pahat-Moab	gloss	1.0
H6355	pa.chat mo.av	nld	Pachat-Moab	gloss	1.0
H6355	pa.chat mo.av	swa	pahath-moabu	gloss	1.0
H6355	pa.chat mo.av	eng	pahath-moab	aligned	1.0
H6364	pi-ve.set	eng	Pi-beseth	gloss	1.0
H6364	pi-ve.set	fra	Pi-beseth	gloss	1.0
H6364	pi-ve.set	por	Pi-Besete	gloss	1.0
H6364	pi-ve.set	spa	Pibeset	gloss	1.0
H6364	pi-ve.set	cmn-Hans	比‧伯实，《思》丕贝色特	gloss	1.0
H6364	pi-ve.set	cmn-Hant	比‧伯實，《思》丕貝色特	gloss	1.0
H6367	pi ha.chi.rot	eng	Pi-hahiroth	gloss	1.0
H6367	pi ha.chi.rot	fra	Pi-Hahiroth	gloss	1.0
H6367	pi ha.chi.rot	por	Pi-Hairote	gloss	1.0
H6367	pi ha.chi.rot	spa	Pi-hahirot	gloss	1.0
H6367	pi ha.chi.rot	cmn-Hans	比‧哈希录，《思》丕哈希洛特	gloss	1.0
H6367	pi ha.chi.rot	cmn-Hant	比‧哈希錄，《思》丕哈希洛特	gloss	1.0
H6367	pi ha.chi.rot	deu	Pi-Hahirot	gloss	1.0
H6367	pi ha.chi.rot	nld	Pi-Hachirot	gloss	1.0
H6367	pi ha.chi.rot	swa	pi-hahirothi, hahirothi	gloss	1.0
H6367	pi ha.chi.rot	eng	pi-hahiroth	aligned	0.8
H6369	pi.khol	eng	Phicol	gloss	1.0
H6369	pi.khol	fra	Pikol	gloss	1.0
H6369	pi.khol	por	Ficol	gloss	1.0
H6369	pi.khol	spa	Ficol	gloss	1.0
H6369	pi.khol	cmn-Hans	非各，《思》非苛耳	gloss	1.0
H6369	pi.khol	cmn-Hant	非各，《思》非苛耳	gloss	1.0
H6369	pi.khol	deu	Pichol	gloss	1.0
H6369	pi.khol	nld	Pichol	gloss	1.0
H6369	pi.khol	swa	fikoli	gloss	1.0
H6369	pi.khol	arb	وَفِيكُولُ	aligned	1.0
H6369	pi.khol	eng	phichol	aligned	1.0
H6369	pi.khol	spa	phicol	aligned	1.0
H6372	pin.chas	eng	Phinehas	gloss	1.0
H6372	pin.chas	fra	Pinhas	gloss	1.0
H6372	pin.chas	por	Fineias	gloss	1.0
H6372	pin.chas	spa	Finees	gloss	1.0
H6372	pin.chas	cmn-Hans	非尼哈，《思》丕乃哈斯	gloss	1.0
H6372	pin.chas	cmn-Hant	非尼哈，《思》丕乃哈斯	gloss	1.0
H6372	pin.chas	deu	Pinhas	gloss	1.0
H6372	pin.chas	nld	Pinechas	gloss	1.0
H6372	pin.chas	swa	finehasi	gloss	1.0
H6372	pin.chas	arb	فِينَحَاسَ	aligned	1.0
H6372	pin.chas	arb	فِينْحَاسُ	aligned	1.0
H6372	pin.chas	arb	وَفِينَحَاسُ	aligned	1.0
H6372	pin.chas	eng	phinehas	aligned	0.84
H6372	pin.chas	hin	पीनहास	aligned	0.739
H6372	pin.chas	rus	финеес	aligned	1.0
H6372	pin.chas	rus	елеазара	aligned	0.6
H6372	pin.chas	spa	phinees	aligned	1.0
H6373	pi.non	eng	Pinon	gloss	1.0
H6373	pi.non	fra	Pinôn	gloss	1.0
H6373	pi.non	por	Pinom	gloss	1.0
H6373	pi.non	spa	Pinón	gloss	1.0
H6373	pi.non	cmn-Hans	比嫩，《思》丕农	gloss	1.0
H6373	pi.non	cmn-Hant	比嫩，《思》丕農	gloss	1.0
H6373	pi.non	deu	Pinon	gloss	1.0
H6373	pi.non	nld	Pinon	gloss	1.0
H6373	pi.non	swa	pinoni	gloss	1.0
H6373	pi.non	arb	فِينُونَ	aligned	1.0
H6373	pi.non	eng	pinon	aligned	1.0
H6373	pi.non	hin	पीनोन	aligned	1.0
H6376	pi.shon	eng	Pishon	gloss	1.0
H6376	pi.shon	fra	Pichon	gloss	1.0
H6376	pi.shon	por	Pisom	gloss	1.0
H6376	pi.shon	spa	Pisón	gloss	1.0
H6376	pi.shon	cmn-Hans	比逊河，《思》丕雄河	gloss	1.0
H6376	pi.shon	cmn-Hant	比遜河，《思》丕雄河	gloss	1.0
H6376	pi.shon	dan	Pishon	gloss	1.0
H6376	pi.shon	deu	Pischon	gloss	1.0
H6376	pi.shon	nld	Pison	gloss	1.0
H6376	pi.shon	swa	pishoni	gloss	1.0
H6377	pi.ton	eng	Pithon	gloss	1.0
H6377	pi.ton	fra	Pitôn	gloss	1.0
H6377	pi.ton	por	Pitom	gloss	1.0
H6377	pi.ton	spa	Pitón	gloss	1.0
H6377	pi.ton	cmn-Hans	毗敦，《思》丕东	gloss	1.0
H6377	pi.ton	cmn-Hant	毗敦，《思》丕東	gloss	1.0
H6377	pi.ton	deu	Piton	gloss	1.0
H6377	pi.ton	nld	Piton	gloss	1.0
H6377	pi.ton	swa	pithoni	gloss	1.0
H6377	pi.ton	arb	فِيثُونُ	aligned	1.0
H6377	pi.ton	eng	pithon	aligned	1.0
H6377	pi.ton	hin	पीतोन	aligned	1.0
H6377	pi.ton	spa	phitón	aligned	1.0
H6380	po.khe.ret tse.va.yim	eng	Pochereth-hazzebaim	gloss	1.0
H6380	po.khe.ret tse.va.yim	fra	Pokéreth-Hatsebaïm	gloss	1.0
H6380	po.khe.ret tse.va.yim	por	Poquerete-Hazebaim	gloss	1.0
H6380	po.khe.ret tse.va.yim	spa	Poqueret-hazebaim	gloss	1.0
H6380	po.khe.ret tse.va.yim	cmn-Hans	玻黑列‧哈斯巴音，《思》颇革勒特责巴因	gloss	1.0
H6380	po.khe.ret tse.va.yim	cmn-Hant	玻黑列‧哈斯巴音，《思》頗革勒特責巴因	gloss	1.0
H6380	po.khe.ret tse.va.yim	eng	pochereth	aligned	1.0
H6380	po.khe.ret tse.va.yim	eng	zebaim	aligned	1.0
H6389	pe.leg	eng	Peleg	gloss	1.0
H6389	pe.leg	dan	kanal, vandstrømme	gloss	1.0
H6389	pe.leg	deu	Kanal	gloss	1.0
H6389	pe.leg	nld	helft	gloss	1.0
H6389	pe.leg	swa	mito, jit, mkondo, mifereji, wawapa	gloss	1.0
H6389	pe.leg	arb	فَالَجُ	aligned	1.0
H6389	pe.leg	arb	فَالَجَ	aligned	0.5
H6389	pe.leg	eng	peleg	aligned	0.875
H6389	pe.leg	hin	पेलेग	aligned	0.875
H6389	pe.leg	rus	фалек	aligned	1.0
H6389	pe.leg	rus	фалека	aligned	1.0
H6389	pe.leg	spa	peleg	aligned	1.0
H6394	pil.dash	eng	Pildash	gloss	1.0
H6394	pil.dash	fra	Pildash	gloss	1.0
H6394	pil.dash	por	Pildas	gloss	1.0
H6394	pil.dash	spa	Pildas	gloss	1.0
H6394	pil.dash	cmn-Hans	必达，《思》丕耳达士	gloss	1.0
H6394	pil.dash	cmn-Hant	必達，《思》丕耳達士	gloss	1.0
H6394	pil.dash	deu	Pildasch	gloss	1.0
H6394	pil.dash	nld	Pildas	gloss	1.0
H6394	pil.dash	swa	pildashi	gloss	1.0
H6394	pil.dash	eng	pildash	aligned	1.0
H6396	pal.lu	eng	Pallu	gloss	1.0
H6396	pal.lu	fra	Pallou	gloss	1.0
H6396	pal.lu	por	Palu	gloss	1.0
H6396	pal.lu	spa	Falú	gloss	1.0
H6396	pal.lu	cmn-Hans	法路，《思》帕路	gloss	1.0
H6396	pal.lu	cmn-Hant	法路，《思》帕路	gloss	1.0
H6396	pal.lu	deu	Pallu	gloss	1.0
H6396	pal.lu	nld	Pallu	gloss	1.0
H6396	pal.lu	swa	palu	gloss	1.0
H6396	pal.lu	arb	وَفَلُّو	aligned	1.0
H6396	pal.lu	eng	phallu	aligned	1.0
H6396	pal.lu	eng	pallu	aligned	0.5
H6396	pal.lu	spa	phallú	aligned	1.0
H6401	pil.ach	eng	Pilha	gloss	1.0
H6401	pil.ach	fra	Pileha	gloss	1.0
H6401	pil.ach	por	Pílea	gloss	1.0
H6401	pil.ach	spa	Pilha	gloss	1.0
H6401	pil.ach	cmn-Hans	毗利哈，《思》丕耳哈	gloss	1.0
H6401	pil.ach	cmn-Hant	毗利哈，《思》丕耳哈	gloss	1.0
H6401	pil.ach	deu	Pilha	gloss	1.0
H6401	pil.ach	nld	Pilcha	gloss	1.0
H6401	pil.ach	swa	pilha	gloss	1.0
H6401	pil.ach	eng	pilha	aligned	1.0
H6404	pe.let	eng	Pelet	gloss	1.0
H6404	pe.let	fra	Pèleth	gloss	1.0
H6404	pe.let	por	Pelete	gloss	1.0
H6404	pe.let	spa	Pelet	gloss	1.0
H6404	pe.let	cmn-Hans	毗力，《思》培肋特	gloss	1.0
H6404	pe.let	cmn-Hant	毗力，《思》培肋特	gloss	1.0
H6404	pe.let	deu	Pelet	gloss	1.0
H6404	pe.let	nld	Pelet	gloss	1.0
H6404	pe.let	swa	peleti	gloss	1.0
H6404	pe.let	eng	pelet	aligned	0.5
H6406	pal.ti	eng	Palti	gloss	1.0
H6406	pal.ti	fra	Palti	gloss	1.0
H6406	pal.ti	por	Palti	gloss	1.0
H6406	pal.ti	spa	Palti	gloss	1.0
H6406	pal.ti	cmn-Hans	帕提，《思》帕耳提	gloss	1.0
H6406	pal.ti	cmn-Hant	帕提，《思》帕耳提	gloss	1.0
H6406	pal.ti	deu	Peletiter	gloss	1.0
H6406	pal.ti	nld	uit Pelet	gloss	1.0
H6406	pal.ti	swa	mpeloni	gloss	1.0
H6406	pal.ti	eng	palti	aligned	0.667
H6406	pal.ti	spa	palti	aligned	1.0
H6408	pil.tay	eng	Piltai	gloss	1.0
H6408	pil.tay	fra	Pilthaï	gloss	1.0
H6408	pil.tay	por	Piltai	gloss	1.0
H6408	pil.tay	spa	Piltai	gloss	1.0
H6408	pil.tay	cmn-Hans	毗勒太，《思》丕耳泰	gloss	1.0
H6408	pil.tay	cmn-Hant	毗勒太，《思》丕耳泰	gloss	1.0
H6408	pil.tay	eng	piltai	aligned	1.0
H6409	pal.ti.el	eng	Paltiel	gloss	1.0
H6409	pal.ti.el	fra	Paltiël	gloss	1.0
H6409	pal.ti.el	por	Paltiel	gloss	1.0
H6409	pal.ti.el	spa	Paltiel	gloss	1.0
H6409	pal.ti.el	cmn-Hans	帕铁，《思》帕耳提耳	gloss	1.0
H6409	pal.ti.el	cmn-Hant	帕鐵，《思》帕耳提耳	gloss	1.0
H6409	pal.ti.el	deu	Paltiël	gloss	1.0
H6409	pal.ti.el	nld	Paltiël	gloss	1.0
H6409	pal.ti.el	swa	paltieli	gloss	1.0
H6409	pal.ti.el	eng	paltiel	aligned	1.0
H6409	pal.ti.el	hin	पलतीएल	aligned	1.0
H6409	pal.ti.el	spa	paltiel	aligned	1.0
H6410	pe.lat.yah	eng	Pelatiah	gloss	1.0
H6410	pe.lat.yah	deu	Pelatja	gloss	1.0
H6410	pe.lat.yah	nld	Pelatja	gloss	1.0
H6410	pe.lat.yah	swa	pelatia	gloss	1.0
H6410	pe.lat.yah	arb	فَلَطْيَا	aligned	1.0
H6410	pe.lat.yah	eng	pelatiah	aligned	0.8
H6410	pe.lat.yah	hin	पलत्याह	aligned	0.6
H6410	pe.lat.yah	spa	pelatías	aligned	1.0
H6411	pe.la.yah	eng	Pelaiah	gloss	1.0
H6411	pe.la.yah	deu	Pelaja	gloss	1.0
H6411	pe.la.yah	nld	Pelaja	gloss	1.0
H6411	pe.la.yah	swa	pelaya	gloss	1.0
H6411	pe.la.yah	arb	وَفَلَايَا	aligned	1.0
H6411	pe.la.yah	eng	pelaiah	aligned	0.667
H6411	pe.la.yah	hin	पलायाह	aligned	0.667
H6420	pa.lal	eng	Palal	gloss	1.0
H6420	pa.lal	fra	Palal	gloss	1.0
H6420	pa.lal	por	Palal	gloss	1.0
H6420	pa.lal	spa	Palal	gloss	1.0
H6420	pa.lal	cmn-Hans	巴拉，《思》帕拉耳	gloss	1.0
H6420	pa.lal	cmn-Hant	巴拉，《思》帕拉耳	gloss	1.0
H6420	pa.lal	deu	Palal	gloss	1.0
H6420	pa.lal	nld	Palal	gloss	1.0
H6420	pa.lal	swa	palali	gloss	1.0
H6420	pa.lal	eng	palal	aligned	1.0
H6421	pe.lal.yah	eng	Pelaliah	gloss	1.0
H6421	pe.lal.yah	fra	Pelalia	gloss	1.0
H6421	pe.lal.yah	por	Pelalias	gloss	1.0
H6421	pe.lal.yah	spa	Pelalías	gloss	1.0
H6421	pe.lal.yah	cmn-Hans	毗拉利，《思》培拉里雅	gloss	1.0
H6421	pe.lal.yah	cmn-Hant	毗拉利，《思》培拉里雅	gloss	1.0
H6421	pe.lal.yah	deu	Pelalja	gloss	1.0
H6421	pe.lal.yah	nld	Pelalja	gloss	1.0
H6421	pe.lal.yah	swa	pelalia	gloss	1.0
H6429	pe.le.shet	eng	Philistia	gloss	1.0
H6429	pe.le.shet	fra	Philistie	gloss	1.0
H6429	pe.le.shet	por	Filístia	gloss	1.0
H6429	pe.le.shet	spa	Filistea	gloss	1.0
H6429	pe.le.shet	cmn-Hans	非利士，《思》培肋舍特，培勒舍特	gloss	1.0
H6429	pe.le.shet	cmn-Hant	非利士，《思》培肋舍特，培勒舍特	gloss	1.0
H6429	pe.le.shet	deu	Philisterland	gloss	1.0
H6429	pe.le.shet	nld	Filistijn	gloss	1.0
H6429	pe.le.shet	swa	filisti, ufilisti, filistia, fira	gloss	1.0
H6429	pe.le.shet	arb	فِلِسْطِينَ	aligned	0.5
H6429	pe.le.shet	eng	philistia	aligned	0.812
H6429	pe.le.shet	hin	पलिश्त	aligned	1.0
H6429	pe.le.shet	hin	पलिश्तीन	aligned	1.0
H6429	pe.le.shet	spa	filistea	aligned	1.0
H6431	pe.let	eng	Peleth	gloss	1.0
H6431	pe.let	fra	Pélet	gloss	1.0
H6431	pe.let	por	Pelete	gloss	1.0
H6431	pe.let	spa	Pelet	gloss	1.0
H6431	pe.let	cmn-Hans	比勒，《思》培肋特	gloss	1.0
H6431	pe.let	cmn-Hant	比勒，《思》培肋特	gloss	1.0
H6431	pe.let	deu	Pelet	gloss	1.0
H6431	pe.let	nld	Pelet	gloss	1.0
H6431	pe.let	swa	pelethi	gloss	1.0
H6431	pe.let	eng	peleth	aligned	0.75
H6431	pe.let	hin	पेलेत	aligned	0.5
H6431	pe.let	spa	peleth	aligned	1.0
H6439	pe.nu.el	eng	Peniel	gloss	1.0
H6439	pe.nu.el	deu	Penuel	gloss	1.0
H6439	pe.nu.el	nld	Peniël	gloss	1.0
H6439	pe.nu.el	swa	penieli, penueli, nimeonana	gloss	1.0
H6439	pe.nu.el	arb	وَفَنُوئِيلُ	aligned	1.0
H6439	pe.nu.el	arb	فَنُوئِيلَ	aligned	0.714
H6439	pe.nu.el	eng	peniel	aligned	1.0
H6439	pe.nu.el	eng	penuel	aligned	0.875
H6439	pe.nu.el	hin	पनीएल	aligned	1.0
H6439	pe.nu.el	hin	पनूएल	aligned	0.429
H6439	pe.nu.el	rus	пенуэл	aligned	1.0
H6439	pe.nu.el	spa	peniel	aligned	1.0
H6439	pe.nu.el	spa	penuel	aligned	1.0
H6444	pe.nin.nah	eng	Peninnah	gloss	1.0
H6444	pe.nin.nah	fra	Peninna	gloss	1.0
H6444	pe.nin.nah	por	Penina	gloss	1.0
H6444	pe.nin.nah	spa	Penina	gloss	1.0
H6444	pe.nin.nah	cmn-Hans	毗尼拿，《思》培尼纳	gloss	1.0
H6444	pe.nin.nah	cmn-Hant	毗尼拿，《思》培尼納	gloss	1.0
H6444	pe.nin.nah	deu	Peninna	gloss	1.0
H6444	pe.nin.nah	nld	Peninna	gloss	1.0
H6444	pe.nin.nah	swa	penina	gloss	1.0
H6444	pe.nin.nah	eng	peninnah	aligned	0.667
H6444	pe.nin.nah	spa	peninna	aligned	1.0
H6449	pis.gah	eng	Pisgah	gloss	1.0
H6449	pis.gah	fra	Pisga	gloss	1.0
H6449	pis.gah	por	Pisga	gloss	1.0
H6449	pis.gah	spa	Pisga	gloss	1.0
H6449	pis.gah	cmn-Hans	毗斯迦，《思》丕斯加	gloss	1.0
H6449	pis.gah	cmn-Hant	毗斯迦，《思》丕斯加	gloss	1.0
H6449	pis.gah	deu	Pisga	gloss	1.0
H6449	pis.gah	nld	Pisga	gloss	1.0
H6449	pis.gah	swa	pisga, sofimu	gloss	1.0
H6449	pis.gah	arb	ٱلْفِسْجَةِ	aligned	1.0
H6449	pis.gah	eng	pisgah	aligned	0.4
H6449	pis.gah	spa	pisga	aligned	1.0
H6450	pas dam.mim	eng	Pas-dammim	gloss	1.0
H6450	pas dam.mim	fra	Pas-Dammim	gloss	1.0
H6450	pas dam.mim	por	Pas-Damim	gloss	1.0
H6450	pas dam.mim	spa	Pasdamim	gloss	1.0
H6450	pas dam.mim	cmn-Hans	巴斯‧大悯，《思》帕斯达明	gloss	1.0
H6450	pas dam.mim	cmn-Hant	巴斯‧大憫，《思》帕斯達明	gloss	1.0
H6454	pa.se.ach	eng	Paseah	gloss	1.0
H6454	pa.se.ach	fra	Paséah	gloss	1.0
H6454	pa.se.ach	por	Paseia	gloss	1.0
H6454	pa.se.ach	spa	Paseah	gloss	1.0
H6454	pa.se.ach	cmn-Hans	巴西亚，《思》帕色亚	gloss	1.0
H6454	pa.se.ach	cmn-Hant	巴西亞，《思》帕色亞	gloss	1.0
H6454	pa.se.ach	deu	Paseach	gloss	1.0
H6454	pa.se.ach	nld	Paseach	gloss	1.0
H6454	pa.se.ach	swa	pasea	gloss	1.0
H6454	pa.se.ach	arb	فَاسِيحَ	aligned	1.0
H6454	pa.se.ach	eng	paseah	aligned	0.714
H6454	pa.se.ach	hin	पासेह	aligned	1.0
H6454	pa.se.ach	spa	phasea	aligned	1.0
H6457	pa.sakh	eng	Pasach	gloss	1.0
H6457	pa.sakh	fra	Pasak	gloss	1.0
H6457	pa.sakh	por	Pasaque	gloss	1.0
H6457	pa.sakh	spa	Pasac	gloss	1.0
H6457	pa.sakh	cmn-Hans	巴萨，《思》帕撒客	gloss	1.0
H6457	pa.sakh	cmn-Hant	巴薩，《思》帕撒客	gloss	1.0
H6457	pa.sakh	deu	Pasach	gloss	1.0
H6457	pa.sakh	nld	Pasach	gloss	1.0
H6457	pa.sakh	swa	pasaki	gloss	1.0
H6457	pa.sakh	eng	pasach	aligned	1.0
H6462	pis.pah	eng	Pispa	gloss	1.0
H6462	pis.pah	fra	Pispa	gloss	1.0
H6462	pis.pah	por	Pispa	gloss	1.0
H6462	pis.pah	spa	Pispa	gloss	1.0
H6462	pis.pah	cmn-Hans	毗斯巴，《思》丕斯帕	gloss	1.0
H6462	pis.pah	cmn-Hant	毗斯巴，《思》丕斯帕	gloss	1.0
H6462	pis.pah	deu	Pispa	gloss	1.0
H6462	pis.pah	swa	pispa	gloss	1.0
H6464	pa.u	eng	Pau	gloss	1.0
H6464	pa.u	deu	Pagu	gloss	1.0
H6464	pa.u	nld	Paü	gloss	1.0
H6464	pa.u	swa	pau	gloss	1.0
H6464	pa.u	eng	pau	aligned	0.667
H6464	pa.u	hin	पाऊ	aligned	1.0
H6465	pe.or	eng	Peor	gloss	1.0
H6465	pe.or	fra	Peor	gloss	1.0
H6465	pe.or	por	Peor	gloss	1.0
H6465	pe.or	spa	Peor	gloss	1.0
H6465	pe.or	cmn-Hans	毗珥山，《思》培敖尔山	gloss	1.0
H6465	pe.or	cmn-Hant	毗珥山，《思》培敖爾山	gloss	1.0
H6465	pe.or	deu	Pegor	gloss	1.0
H6465	pe.or	nld	Peor	gloss	1.0
H6465	pe.or	swa	peori, haututoshi	gloss	1.0
H6465	pe.or	arb	فَغُورَ	aligned	1.0
H6465	pe.or	eng	peor	aligned	0.75
H6465	pe.or	hin	पोर	aligned	0.8
H6465	pe.or	spa	peor	aligned	0.385
H6469	pe.ul.l.tay	eng	Peullethai	gloss	1.0
H6469	pe.ul.l.tay	fra	Péoultaï	gloss	1.0
H6469	pe.ul.l.tay	por	Peuletai	gloss	1.0
H6469	pe.ul.l.tay	spa	Peultai	gloss	1.0
H6469	pe.ul.l.tay	cmn-Hans	毗乌利太，《思》培乌肋泰	gloss	1.0
H6469	pe.ul.l.tay	cmn-Hant	毗烏利太，《思》培烏肋泰	gloss	1.0
H6469	pe.ul.l.tay	deu	Pëulletai	gloss	1.0
H6469	pe.ul.l.tay	nld	Peülletai	gloss	1.0
H6469	pe.ul.l.tay	swa	peulethai	gloss	1.0
H6469	pe.ul.l.tay	eng	peullethai	aligned	1.0
H6474	pa.a.ray	eng	Paarai	gloss	1.0
H6474	pa.a.ray	fra	Paaraï	gloss	1.0
H6474	pa.a.ray	por	Paarai	gloss	1.0
H6474	pa.a.ray	spa	Paarai	gloss	1.0
H6474	pa.a.ray	cmn-Hans	帕莱，《思》帕阿赖	gloss	1.0
H6474	pa.a.ray	cmn-Hant	帕萊，《思》帕阿賴	gloss	1.0
H6474	pa.a.ray	deu	Paarai	gloss	1.0
H6474	pa.a.ray	nld	Paärai	gloss	1.0
H6474	pa.a.ray	swa	mwarbi	gloss	1.0
H6474	pa.a.ray	eng	paarai	aligned	1.0
H6483	pits.tsets	eng	Happizzez	gloss	1.0
H6483	pits.tsets	fra	Happicéç, Happitsets	gloss	1.0
H6483	pits.tsets	por	Hapises	gloss	1.0
H6483	pits.tsets	spa	Hapitse	gloss	1.0
H6483	pits.tsets	cmn-Hans	哈辟悉，《思》哈丕责兹	gloss	1.0
H6483	pits.tsets	cmn-Hant	哈辟悉，《思》哈丕責茲	gloss	1.0
H6483	pits.tsets	deu	zerschmettern	gloss	1.0
H6483	pits.tsets	swa	tawany, tawanyi, nyunyi, kata, tapany, ilinde, sonon, chemchemi, itiririkayo, bubuji, jit, vunja, vunjik, pond, vunj, gonga	gloss	1.0
H6489	pe.qod	eng	Pekod	gloss	1.0
H6489	pe.qod	fra	Peqod	gloss	1.0
H6489	pe.qod	por	Pecode	gloss	1.0
H6489	pe.qod	spa	Pecod	gloss	1.0
H6489	pe.qod	cmn-Hans	比割，《思》培科得	gloss	1.0
H6489	pe.qod	cmn-Hant	比割，《思》培科得	gloss	1.0
H6489	pe.qod	arb	فَقُودَ	aligned	1.0
H6489	pe.qod	eng	pekod	aligned	1.0
H6489	pe.qod	hin	पकोद	aligned	1.0
H6492	pe.qach	eng	Pekah	gloss	1.0
H6492	pe.qach	fra	Péqah	gloss	1.0
H6492	pe.qach	por	Peca	gloss	1.0
H6492	pe.qach	spa	Peka	gloss	1.0
H6492	pe.qach	cmn-Hans	比加，《思》培卡黑	gloss	1.0
H6492	pe.qach	cmn-Hant	比加，《思》培卡黑	gloss	1.0
H6492	pe.qach	dan	Peka	gloss	1.0
H6492	pe.qach	deu	Pekach	gloss	1.0
H6492	pe.qach	swa	peka, iitabu	gloss	1.0
H6492	pe.qach	arb	فَقْحٍ	aligned	1.0
H6492	pe.qach	arb	فَقْحُ	aligned	1.0
H6492	pe.qach	arb	لِفَقْحَ	aligned	1.0
H6492	pe.qach	eng	pekah	aligned	0.708
H6492	pe.qach	hin	पेकह	aligned	0.5
H6492	pe.qach	spa	peka	aligned	1.0
H6494	pe.qach.yah	eng	Pekahiah	gloss	1.0
H6494	pe.qach.yah	fra	Pekahya	gloss	1.0
H6494	pe.qach.yah	por	Pecaías	gloss	1.0
H6494	pe.qach.yah	spa	Pekaía	gloss	1.0
H6494	pe.qach.yah	cmn-Hans	比加辖，《思》培卡希雅	gloss	1.0
H6494	pe.qach.yah	cmn-Hant	比加轄，《思》培卡希雅	gloss	1.0
H6494	pe.qach.yah	deu	Pekachja	gloss	1.0
H6494	pe.qach.yah	nld	Pekachja	gloss	1.0
H6494	pe.qach.yah	swa	pekahia, hatika	gloss	1.0
H6494	pe.qach.yah	arb	فَقَحْيَا	aligned	1.0
H6494	pe.qach.yah	eng	pekahiah	aligned	0.714
H6494	pe.qach.yah	hin	पकहयाह	aligned	1.0
H6494	pe.qach.yah	spa	pekaía	aligned	1.0
H6502	pir.am	eng	Piram	gloss	1.0
H6502	pir.am	fra	Piréam	gloss	1.0
H6502	pir.am	por	Piram	gloss	1.0
H6502	pir.am	spa	Piream	gloss	1.0
H6502	pir.am	cmn-Hans	毗兰，《思》丕兰	gloss	1.0
H6502	pir.am	cmn-Hant	毗蘭，《思》丕蘭	gloss	1.0
H6502	pir.am	deu	Piram	gloss	1.0
H6502	pir.am	nld	Piram	gloss	1.0
H6502	pir.am	swa	piramu	gloss	1.0
H6511	pa.rah	eng	Parah	gloss	1.0
H6513	pu.rah	eng	Purah	gloss	1.0
H6513	pu.rah	fra	Poura	gloss	1.0
H6513	pu.rah	por	Pura	gloss	1.0
H6513	pu.rah	spa	Fura	gloss	1.0
H6513	pu.rah	cmn-Hans	普拉，《思》普辣	gloss	1.0
H6513	pu.rah	cmn-Hant	普拉，《思》普辣	gloss	1.0
H6513	pu.rah	deu	Pura	gloss	1.0
H6513	pu.rah	nld	Pura	gloss	1.0
H6513	pu.rah	swa	pura, walinda	gloss	1.0
H6513	pu.rah	arb	وَفُورَةُ	aligned	1.0
H6513	pu.rah	eng	phurah	aligned	1.0
H6513	pu.rah	spa	phara	aligned	1.0
H6514	pe.ru.da	eng	Peruda	gloss	1.0
H6514	pe.ru.da	deu	Peruda	gloss	1.0
H6514	pe.ru.da	nld	Peruda	gloss	1.0
H6514	pe.ru.da	swa	peruda	gloss	1.0
H6514	pe.ru.da	eng	perida	aligned	1.0
H6514	pe.ru.da	eng	peruda	aligned	1.0
H6515	pa.ru.ach	eng	Paruah	gloss	1.0
H6515	pa.ru.ach	fra	Parouah	gloss	1.0
H6515	pa.ru.ach	por	Parua	gloss	1.0
H6515	pa.ru.ach	spa	Parúa	gloss	1.0
H6515	pa.ru.ach	cmn-Hans	帕路亚，《思》帕鲁亚	gloss	1.0
H6515	pa.ru.ach	cmn-Hant	帕路亞，《思》帕魯亞	gloss	1.0
H6515	pa.ru.ach	deu	Paruach	gloss	1.0
H6515	pa.ru.ach	nld	Paruach	gloss	1.0
H6515	pa.ru.ach	swa	parua	gloss	1.0
H6516	par.va.yim	eng	Parvaim	gloss	1.0
H6516	par.va.yim	fra	Parvaïm	gloss	1.0
H6516	par.va.yim	por	Parvaim	gloss	1.0
H6516	par.va.yim	spa	Parvaim	gloss	1.0
H6516	par.va.yim	cmn-Hans	巴瓦音，《思》帕尔瓦因	gloss	1.0
H6516	par.va.yim	cmn-Hant	巴瓦音，《思》帕爾瓦因	gloss	1.0
H6516	par.va.yim	deu	Parwajim	gloss	1.0
H6516	par.va.yim	nld	Parwaïm	gloss	1.0
H6516	par.va.yim	swa	parvaimu	gloss	1.0
H6516	par.va.yim	eng	parvaim	aligned	1.0
H6534	par.mash.ta	eng	Parmashta	gloss	1.0
H6534	par.mash.ta	fra	Parmachta	gloss	1.0
H6534	par.mash.ta	por	Farmasta	gloss	1.0
H6534	par.mash.ta	spa	Parmasta	gloss	1.0
H6534	par.mash.ta	cmn-Hans	帕玛斯他，《思》帕玛市达	gloss	1.0
H6534	par.mash.ta	cmn-Hant	帕瑪斯他，《思》帕瑪市達	gloss	1.0
H6534	par.mash.ta	deu	Parmaschta	gloss	1.0
H6534	par.mash.ta	nld	Parmasta	gloss	1.0
H6534	par.mash.ta	swa	parmashta	gloss	1.0
H6534	par.mash.ta	eng	parmashta	aligned	1.0
H6535	par.nakh	eng	Parnach	gloss	1.0
H6535	par.nakh	fra	Parnak	gloss	1.0
H6535	par.nakh	por	Parnaque	gloss	1.0
H6535	par.nakh	spa	Parnac	gloss	1.0
H6535	par.nakh	cmn-Hans	帕纳，《思》帕尔纳客	gloss	1.0
H6535	par.nakh	cmn-Hant	帕納，《思》帕爾納客	gloss	1.0
H6535	par.nakh	deu	Parnach	gloss	1.0
H6535	par.nakh	nld	Parnach	gloss	1.0
H6535	par.nakh	swa	parnaki	gloss	1.0
H6535	par.nakh	eng	parnach	aligned	1.0
H6539	pa.ras	eng	Persia	gloss	1.0
H6539	pa.ras	fra	Perse	gloss	1.0
H6539	pa.ras	por	Pérsia	gloss	1.0
H6539	pa.ras	spa	Persia, persa	gloss	1.0
H6539	pa.ras	cmn-Hans	波斯，《思》波斯	gloss	1.0
H6539	pa.ras	cmn-Hant	波斯，《思》波斯	gloss	1.0
H6539	pa.ras	arb	فَارِسَ	aligned	0.926
H6539	pa.ras	arb	وَفَارِسَ	aligned	0.667
H6539	pa.ras	eng	persia	aligned	0.897
H6539	pa.ras	hin	फारस	aligned	0.833
H6539	pa.ras	rus	персидского	aligned	0.222
H6539	pa.ras	spa	persas	aligned	1.0
H6539	pa.ras	spa	persia	aligned	0.815
H6540	pa.ras	eng	Persia	gloss	1.0
H6540	pa.ras	spa	persia	aligned	0.185
H6547	par.oh	eng	Pharaoh	gloss	1.0
H6547	par.oh	fra	Pharaon	gloss	1.0
H6547	par.oh	por	Faraó	gloss	1.0
H6547	par.oh	spa	Faraón	gloss	1.0
H6547	par.oh	cmn-Hans	法老，《思》法郎	gloss	1.0
H6547	par.oh	cmn-Hant	法老，《思》法郎	gloss	1.0
H6547	par.oh	dan	Farao	gloss	1.0
H6547	par.oh	deu	Pharao	gloss	1.0
H6547	par.oh	nld	farao	gloss	1.0
H6547	par.oh	swa	farao, asiwape	gloss	1.0
H6547	par.oh	amh	ፈርዖን, ፈርኦን	gloss	1.0
H6547	par.oh	arb	بِفِرْعَوْنَ	aligned	1.0
H6547	par.oh	arb	فِرْعَوْنُ	aligned	1.0
H6547	par.oh	arb	وَفِرْعَوْنَ	aligned	1.0
H6547	par.oh	arb	فِرْعَوْنَ	aligned	0.961
H6547	par.oh	arb	لِفِرْعَوْنَ	aligned	0.781
H6547	par.oh	eng	pharaoh-nechoh	aligned	1.0
H6547	par.oh	eng	pharaoh’s	aligned	0.899
H6547	par.oh	eng	pharaoh	aligned	0.887
H6547	par.oh	hin	फ़िरौन	aligned	0.847
H6547	par.oh	hin	फ़िरौन-नको	aligned	0.75
H6547	par.oh	rus	фараонов	aligned	1.0
H6547	par.oh	rus	фараоновом	aligned	1.0
H6547	par.oh	rus	фараоновы	aligned	1.0
H6547	par.oh	rus	фараон	aligned	0.947
H6547	par.oh	rus	фараоново	aligned	0.8
H6547	par.oh	rus	фараону	aligned	0.686
H6547	par.oh	rus	фараоновой	aligned	0.667
H6547	par.oh	rus	фараонова	aligned	0.625
H6547	par.oh	spa	faraón	aligned	0.971
H6548	par.oh choph.ra	eng	hophra	gloss	1.0
H6548	par.oh choph.ra	fra	Hofra	gloss	1.0
H6548	par.oh choph.ra	por	Hofra	gloss	1.0
H6548	par.oh choph.ra	spa	Hofra	gloss	1.0
H6548	par.oh choph.ra	cmn-Hans	合弗拉，《思》曷斐辣	gloss	1.0
H6548	par.oh choph.ra	cmn-Hant	合弗拉，《思》曷斐辣	gloss	1.0
H6549	par.oh ne.khoh	eng	Pharaoh-neco	gloss	1.0
H6551	par.osh	eng	Parosh	gloss	1.0
H6551	par.osh	arb	فَرْعُوشَ	aligned	1.0
H6551	par.osh	eng	parosh	aligned	1.0
H6551	par.osh	hin	परोश	aligned	1.0
H6551	par.osh	rus	пароша	aligned	0.667
H6551	par.osh	spa	paros	aligned	1.0
H6551	par.osh	spa	pharos	aligned	1.0
H6552	pir.a.ton	eng	Pirathon	gloss	1.0
H6552	pir.a.ton	fra	Piratôn	gloss	1.0
H6552	pir.a.ton	por	Piratom	gloss	1.0
H6552	pir.a.ton	spa	Piratón	gloss	1.0
H6552	pir.a.ton	cmn-Hans	比拉顿，《思》丕辣通	gloss	1.0
H6552	pir.a.ton	cmn-Hant	比拉頓，《思》丕辣通	gloss	1.0
H6552	pir.a.ton	deu	Piraton	gloss	1.0
H6552	pir.a.ton	nld	Piraton	gloss	1.0
H6552	pir.a.ton	swa	pirathoni	gloss	1.0
H6554	par.par	eng	Pharpar	gloss	1.0
H6554	par.par	fra	Parpar	gloss	1.0
H6554	par.par	por	Farpar	gloss	1.0
H6554	par.par	spa	Farfar	gloss	1.0
H6554	par.par	cmn-Hans	法珥法河，《思》帕尔帕尔河	gloss	1.0
H6554	par.par	cmn-Hant	法珥法河，《思》帕爾帕爾河	gloss	1.0
H6554	par.par	deu	Parpar	gloss	1.0
H6554	par.par	nld	Parpar	gloss	1.0
H6554	par.par	swa	farpari	gloss	1.0
H6557	pe.rets	eng	Perez	gloss	1.0
H6557	pe.rets	arb	فَارَصَ	aligned	1.0
H6557	pe.rets	arb	فَارَصُ	aligned	1.0
H6557	pe.rets	eng	pharez	aligned	0.8
H6557	pe.rets	eng	perez	aligned	0.762
H6557	pe.rets	hin	पेरेस	aligned	0.667
H6557	pe.rets	spa	phares	aligned	0.778
H6559	pe.ra.tsim	eng	Perazim	gloss	1.0
H6559	pe.ra.tsim	fra	Peratsim	gloss	1.0
H6559	pe.ra.tsim	por	monte Perazim	gloss	1.0
H6559	pe.ra.tsim	spa	Monte Perazim	gloss	1.0
H6559	pe.ra.tsim	cmn-Hans	毗拉心山，《思》培辣亲山	gloss	1.0
H6559	pe.ra.tsim	cmn-Hant	毗拉心山，《思》培辣親山	gloss	1.0
H6559	pe.ra.tsim	deu	Perazim	gloss	1.0
H6559	pe.ra.tsim	nld	Perasim	gloss	1.0
H6559	pe.ra.tsim	swa	perasimu	gloss	1.0
H6559	pe.ra.tsim	eng	perazim	aligned	1.0
H6560	pe.rets uz.za	eng	Perez-uzza	gloss	1.0
H6560	pe.rets uz.za	fra	Perets-Ouzza	gloss	1.0
H6560	pe.rets uz.za	por	Perez-Uzá	gloss	1.0
H6560	pe.rets uz.za	spa	Pérez-uza	gloss	1.0
H6560	pe.rets uz.za	cmn-Hans	毗列斯‧乌撒，《思》培勒兹乌匝	gloss	1.0
H6560	pe.rets uz.za	cmn-Hant	毗列斯‧烏撒，《思》培勒茲烏匝	gloss	1.0
H6570	pe.resh	eng	Peresh	gloss	1.0
H6570	pe.resh	eng	peresh	aligned	1.0
H6577	par.shan.da.ta	eng	Parshandatha	gloss	1.0
H6577	par.shan.da.ta	fra	Parchandatha	gloss	1.0
H6577	par.shan.da.ta	por	Parsandata	gloss	1.0
H6577	par.shan.da.ta	spa	Parsandata	gloss	1.0
H6577	par.shan.da.ta	cmn-Hans	巴珊大他，《思》帕商大达	gloss	1.0
H6577	par.shan.da.ta	cmn-Hant	巴珊大他，《思》帕商大達	gloss	1.0
H6577	par.shan.da.ta	deu	Parschandata	gloss	1.0
H6577	par.shan.da.ta	nld	Parsandata	gloss	1.0
H6577	par.shan.da.ta	swa	parshandatha	gloss	1.0
H6577	par.shan.da.ta	eng	parshandatha	aligned	1.0
H6578	pe.rat	eng	Euphrates	gloss	1.0
H6578	pe.rat	fra	Euphrate	gloss	1.0
H6578	pe.rat	por	Eufrates	gloss	1.0
H6578	pe.rat	spa	Eúfrates	gloss	1.0
H6578	pe.rat	cmn-Hans	幼发拉底河，《思》幼发拉的河	gloss	1.0
H6578	pe.rat	cmn-Hant	幼發拉底河，《思》幼發拉的河	gloss	1.0
H6578	pe.rat	dan	Eufrat	gloss	1.0
H6578	pe.rat	deu	Eufrat	gloss	1.0
H6578	pe.rat	nld	Eufraat	gloss	1.0
H6578	pe.rat	swa	frati	gloss	1.0
H6578	pe.rat	arb	ٱلْفُرَاتِ	aligned	0.85
H6578	pe.rat	eng	phrat	aligned	1.0
H6578	pe.rat	eng	perath	aligned	0.75
H6578	pe.rat	eng	euphrates	aligned	0.19
H6578	pe.rat	hin	फरात	aligned	0.424
H6578	pe.rat	spa	eufrates	aligned	0.9
H6583	pash.chur	eng	Pashhur	gloss	1.0
H6583	pash.chur	fra	Pashehour	gloss	1.0
H6583	pash.chur	por	Pasur	gloss	1.0
H6583	pash.chur	spa	Pasur	gloss	1.0
H6583	pash.chur	cmn-Hans	巴施户珥，《思》帕市胡尔	gloss	1.0
H6583	pash.chur	cmn-Hant	巴施戶珥，《思》帕市胡爾	gloss	1.0
H6583	pash.chur	deu	Paschhur	gloss	1.0
H6583	pash.chur	nld	Paschur	gloss	1.0
H6583	pash.chur	swa	pashuri	gloss	1.0
H6583	pash.chur	arb	فَشْحُورَ	aligned	1.0
H6583	pash.chur	arb	فَشْحُورُ	aligned	1.0
H6583	pash.chur	eng	pashhur	aligned	0.923
H6583	pash.chur	hin	पशहूर	aligned	0.923
H6583	pash.chur	rus	пасхор	aligned	1.0
H6583	pash.chur	rus	пашхура	aligned	0.75
H6583	pash.chur	spa	pashur	aligned	1.0
H6602	pe.tu.el	eng	Pethuel	gloss	1.0
H6602	pe.tu.el	fra	Petouël	gloss	1.0
H6602	pe.tu.el	por	Petuel	gloss	1.0
H6602	pe.tu.el	spa	Petuel	gloss	1.0
H6602	pe.tu.el	cmn-Hans	毗土珥，《思》培突耳	gloss	1.0
H6602	pe.tu.el	cmn-Hant	毗土珥，《思》培突耳	gloss	1.0
H6602	pe.tu.el	deu	Petuël	gloss	1.0
H6602	pe.tu.el	nld	Petuel	gloss	1.0
H6602	pe.tu.el	swa	pethueli	gloss	1.0
H6602	pe.tu.el	eng	pethuel	aligned	1.0
H6604	pe.tor	eng	Pethor	gloss	1.0
H6604	pe.tor	fra	Petor	gloss	1.0
H6604	pe.tor	por	Petor	gloss	1.0
H6604	pe.tor	spa	Petor	gloss	1.0
H6604	pe.tor	cmn-Hans	毗夺，《思》培托尔	gloss	1.0
H6604	pe.tor	cmn-Hant	毗奪，《思》培托爾	gloss	1.0
H6604	pe.tor	deu	Petor	gloss	1.0
H6604	pe.tor	nld	Petor	gloss	1.0
H6604	pe.tor	swa	pethori	gloss	1.0
H6604	pe.tor	eng	pethor	aligned	0.75
H6604	pe.tor	spa	pethor	aligned	1.0
H6611	pe.tach.yah	eng	Pethahiah	gloss	1.0
H6611	pe.tach.yah	fra	Petahya	gloss	1.0
H6611	pe.tach.yah	por	Petaías	gloss	1.0
H6611	pe.tach.yah	spa	Petaías	gloss	1.0
H6611	pe.tach.yah	cmn-Hans	毗他希雅，《思》培塔希雅	gloss	1.0
H6611	pe.tach.yah	cmn-Hant	毗他希雅，《思》培塔希雅	gloss	1.0
H6611	pe.tach.yah	deu	Petachja	gloss	1.0
H6611	pe.tach.yah	swa	pethahia	gloss	1.0
H6611	pe.tach.yah	arb	وَفَتَحْيَا	aligned	1.0
H6611	pe.tach.yah	eng	pethahiah	aligned	0.75
H6611	pe.tach.yah	hin	पतह्याह	aligned	0.5
H6611	pe.tach.yah	spa	pethaía	aligned	1.0
H6619	pi.tom	eng	Pithom	gloss	1.0
H6619	pi.tom	fra	Pitom	gloss	1.0
H6619	pi.tom	por	Pitom	gloss	1.0
H6619	pi.tom	spa	Pitón	gloss	1.0
H6619	pi.tom	cmn-Hans	比东，《思》丕通	gloss	1.0
H6619	pi.tom	cmn-Hant	比東，《思》丕通	gloss	1.0
H6619	pi.tom	deu	Pitom	gloss	1.0
H6619	pi.tom	nld	Pitom	gloss	1.0
H6619	pi.tom	swa	pithomu, wawatese	gloss	1.0
H6619	pi.tom	eng	pithom	aligned	1.0
H6624	pat.ros	eng	Pathros	gloss	1.0
H6624	pat.ros	fra	Patros	gloss	1.0
H6624	pat.ros	por	Patros	gloss	1.0
H6624	pat.ros	spa	Patros	gloss	1.0
H6624	pat.ros	cmn-Hans	巴特罗，《思》帕特洛斯	gloss	1.0
H6624	pat.ros	cmn-Hant	巴特羅，《思》帕特洛斯	gloss	1.0
H6624	pat.ros	deu	Patros	gloss	1.0
H6624	pat.ros	nld	Patros	gloss	1.0
H6624	pat.ros	swa	pathrosi	gloss	1.0
H6624	pat.ros	arb	فَتْرُوسَ	aligned	1.0
H6624	pat.ros	eng	pathros	aligned	0.8
H6624	pat.ros	hin	पत्रोस	aligned	0.6
H6624	pat.ros	spa	pathros	aligned	1.0
H6624	pat.ros	spa	patros	aligned	1.0
H6630	tsa.a.nan	eng	Zaanan	gloss	1.0
H6630	tsa.a.nan	fra	Tsaanân	gloss	1.0
H6630	tsa.a.nan	por	Zaanã	gloss	1.0
H6630	tsa.a.nan	spa	Zaanán	gloss	1.0
H6630	tsa.a.nan	cmn-Hans	撒南，《思》匝南	gloss	1.0
H6630	tsa.a.nan	cmn-Hant	撒南，《思》匝南	gloss	1.0
H6630	tsa.a.nan	deu	Zaanan	gloss	1.0
H6630	tsa.a.nan	nld	Saänan	gloss	1.0
H6630	tsa.a.nan	swa	saanani, shafiri	gloss	1.0
H6630	tsa.a.nan	eng	zaanan	aligned	1.0
H6636	tse.vo.im	eng	Zeboiim	gloss	1.0
H6636	tse.vo.im	fra	Tseboïm	gloss	1.0
H6636	tse.vo.im	por	Zeboim	gloss	1.0
H6636	tse.vo.im	spa	Zeboim	gloss	1.0
H6636	tse.vo.im	cmn-Hans	洗扁，《思》责波殷	gloss	1.0
H6636	tse.vo.im	cmn-Hant	洗扁，《思》責波殷	gloss	1.0
H6636	tse.vo.im	deu	Zebojim	gloss	1.0
H6636	tse.vo.im	nld	Seboïm	gloss	1.0
H6636	tse.vo.im	swa	seboimu, mapinduko, hazimei	gloss	1.0
H6636	tse.vo.im	arb	صَبُويِيمَ	aligned	1.0
H6636	tse.vo.im	eng	zeboim	aligned	0.625
H6636	tse.vo.im	eng	zeboiim	aligned	0.4
H6636	tse.vo.im	hin	सबोयीम	aligned	0.4
H6636	tse.vo.im	spa	zeboim	aligned	1.0
H6637	tso.ve.vah	eng	Zobebah	gloss	1.0
H6637	tso.ve.vah	fra	Tsovéva	gloss	1.0
H6637	tso.ve.vah	por	Zobeba	gloss	1.0
H6637	tso.ve.vah	spa	Zobeba	gloss	1.0
H6637	tso.ve.vah	cmn-Hans	琐比巴，《思》祚贝巴	gloss	1.0
H6637	tso.ve.vah	cmn-Hant	瑣比巴，《思》祚貝巴	gloss	1.0
H6644	tsiv.ya	eng	Zibia	gloss	1.0
H6644	tsiv.ya	fra	Tsibia	gloss	1.0
H6644	tsiv.ya	por	Zíbia	gloss	1.0
H6644	tsiv.ya	spa	Sibia	gloss	1.0
H6644	tsiv.ya	cmn-Hans	洗比雅，《思》漆彼雅	gloss	1.0
H6644	tsiv.ya	cmn-Hant	洗比雅，《思》漆彼雅	gloss	1.0
H6644	tsiv.ya	deu	Zibja	gloss	1.0
H6644	tsiv.ya	nld	Sibja	gloss	1.0
H6644	tsiv.ya	swa	malkamu	gloss	1.0
H6644	tsiv.ya	eng	zibia	aligned	1.0
H6645	tsiv.y.yah	eng	Zibiah	gloss	1.0
H6645	tsiv.y.yah	fra	Civya	gloss	1.0
H6645	tsiv.y.yah	por	Zíbia	gloss	1.0
H6645	tsiv.y.yah	spa	Sibia	gloss	1.0
H6645	tsiv.y.yah	cmn-Hans	西比亚，《思》漆彼雅	gloss	1.0
H6645	tsiv.y.yah	cmn-Hant	西比亞，《思》漆彼雅	gloss	1.0
H6645	tsiv.y.yah	eng	zibiah	aligned	1.0
H6645	tsiv.y.yah	hin	सिब्या	aligned	0.667
H6645	tsiv.y.yah	spa	sibia	aligned	1.0
H6649	tsiv.on	eng	Zibeon	gloss	1.0
H6649	tsiv.on	fra	Tsibéôn	gloss	1.0
H6649	tsiv.on	por	Zibeão	gloss	1.0
H6649	tsiv.on	spa	Zibeón	gloss	1.0
H6649	tsiv.on	cmn-Hans	祭便，《思》漆贝红	gloss	1.0
H6649	tsiv.on	cmn-Hant	祭便，《思》漆貝紅	gloss	1.0
H6649	tsiv.on	deu	Zibon	gloss	1.0
H6649	tsiv.on	nld	Sibon	gloss	1.0
H6649	tsiv.on	swa	sibeoni	gloss	1.0
H6649	tsiv.on	arb	صِبْعُونَ	aligned	1.0
H6649	tsiv.on	arb	وَصِبْعُونُ	aligned	1.0
H6649	tsiv.on	eng	zibeon	aligned	0.8
H6649	tsiv.on	hin	सिबोन	aligned	0.571
H6649	tsiv.on	spa	zibeón	aligned	1.0
H6650	tse.vo.im	eng	Zeboim	gloss	1.0
H6650	tse.vo.im	fra	Tseboïm	gloss	1.0
H6650	tse.vo.im	por	Zeboim	gloss	1.0
H6650	tse.vo.im	spa	Seboim	gloss	1.0
H6650	tse.vo.im	cmn-Hans	洗编，《思》责波殷	gloss	1.0
H6650	tse.vo.im	cmn-Hant	洗編，《思》責波殷	gloss	1.0
H6650	tse.vo.im	deu	Zeboim	gloss	1.0
H6650	tse.vo.im	nld	Seboïm	gloss	1.0
H6650	tse.vo.im	swa	seboimu	gloss	1.0
H6650	tse.vo.im	eng	zeboim	aligned	0.25
H6657	tse.dad	eng	Zedad	gloss	1.0
H6657	tse.dad	fra	Tsedad	gloss	1.0
H6657	tse.dad	por	Zedade	gloss	1.0
H6657	tse.dad	spa	Zedad	gloss	1.0
H6657	tse.dad	cmn-Hans	西达达，《思》责辣得，责达得	gloss	1.0
H6657	tse.dad	cmn-Hant	西達達，《思》責辣得，責達得	gloss	1.0
H6657	tse.dad	deu	Zedad	gloss	1.0
H6657	tse.dad	nld	Sedad	gloss	1.0
H6657	tse.dad	swa	sedada	gloss	1.0
H6657	tse.dad	arb	صَدَدَ	aligned	1.0
H6657	tse.dad	eng	zedad	aligned	1.0
H6657	tse.dad	spa	sedad	aligned	1.0
H6659	tsa.doq	eng	Zadok	gloss	1.0
H6659	tsa.doq	fra	Tsadoq	gloss	1.0
H6659	tsa.doq	por	Zadoque	gloss	1.0
H6659	tsa.doq	spa	Sadoc	gloss	1.0
H6659	tsa.doq	cmn-Hans	撒督，《思》匝多克	gloss	1.0
H6659	tsa.doq	cmn-Hant	撒督，《思》匝多克	gloss	1.0
H6659	tsa.doq	dan	Sadok	gloss	1.0
H6659	tsa.doq	deu	Zadok	gloss	1.0
H6659	tsa.doq	nld	Sadok	gloss	1.0
H6659	tsa.doq	swa	sadoki	gloss	1.0
H6659	tsa.doq	arb	صَادُوقُ	aligned	1.0
H6659	tsa.doq	arb	وَصَادُوقَ	aligned	1.0
H6659	tsa.doq	arb	صَادُوقَ	aligned	0.905
H6659	tsa.doq	arb	وَصَادُوقُ	aligned	0.75
H6659	tsa.doq	arb	لِصَادُوقَ	aligned	0.5
H6659	tsa.doq	eng	zadok	aligned	0.804
H6659	tsa.doq	hin	सादोक	aligned	0.593
H6659	tsa.doq	rus	садоку	aligned	1.0
H6659	tsa.doq	rus	садок	aligned	0.857
H6659	tsa.doq	rus	садока	aligned	0.455
H6659	tsa.doq	rus	ахитува	aligned	0.286
H6659	tsa.doq	spa	sadoc	aligned	0.964
H6661	tsid.dim	eng	Ziddim	gloss	1.0
H6661	tsid.dim	fra	Tsiddim	gloss	1.0
H6661	tsid.dim	por	Zidim	gloss	1.0
H6661	tsid.dim	spa	Sidim	gloss	1.0
H6661	tsid.dim	cmn-Hans	西丁，《思》漆丁	gloss	1.0
H6661	tsid.dim	cmn-Hant	西丁，《思》漆丁	gloss	1.0
H6661	tsid.dim	deu	Ziddim	gloss	1.0
H6661	tsid.dim	nld	Siddim	gloss	1.0
H6661	tsid.dim	swa	rakathi	gloss	1.0
H6667	tsid.qiy.yah	eng	Zedekiah	gloss	1.0
H6667	tsid.qiy.yah	fra	Sédécias	gloss	1.0
H6667	tsid.qiy.yah	por	Zedequias	gloss	1.0
H6667	tsid.qiy.yah	spa	Sedequías	gloss	1.0
H6667	tsid.qiy.yah	cmn-Hans	西底家，《思》漆德克雅	gloss	1.0
H6667	tsid.qiy.yah	cmn-Hant	西底家，《思》漆德克雅	gloss	1.0
H6667	tsid.qiy.yah	dan	Sidkija	gloss	1.0
H6667	tsid.qiy.yah	deu	Zidkija	gloss	1.0
H6667	tsid.qiy.yah	nld	Sedekia	gloss	1.0
H6667	tsid.qiy.yah	swa	sedekia, kufunuli	gloss	1.0
H6667	tsid.qiy.yah	arb	صِدْقِيَّا	aligned	1.0
H6667	tsid.qiy.yah	arb	وَصِدْقِيَّا	aligned	1.0
H6667	tsid.qiy.yah	arb	لِصِدْقِيَّا	aligned	0.714
H6667	tsid.qiy.yah	eng	zedekiah	aligned	0.893
H6667	tsid.qiy.yah	eng	zedekiah’s	aligned	0.556
H6667	tsid.qiy.yah	hin	सिदकिय्याह	aligned	0.855
H6667	tsid.qiy.yah	rus	хенааны	aligned	1.0
H6667	tsid.qiy.yah	rus	седекия	aligned	0.889
H6667	tsid.qiy.yah	rus	седекии	aligned	0.733
H6667	tsid.qiy.yah	rus	седекию	aligned	0.5
H6667	tsid.qiy.yah	rus	иудейскому	aligned	0.167
H6667	tsid.qiy.yah	spa	sedechîas	aligned	1.0
H6667	tsid.qiy.yah	spa	sedecías	aligned	1.0
H6678	tso.va	eng	Zobah	gloss	1.0
H6678	tso.va	fra	Tsoba	gloss	1.0
H6678	tso.va	por	Zobá	gloss	1.0
H6678	tso.va	spa	Soba	gloss	1.0
H6678	tso.va	cmn-Hans	琐巴，《思》祚巴，祚尔	gloss	1.0
H6678	tso.va	cmn-Hant	瑣巴，《思》祚巴，祚爾	gloss	1.0
H6678	tso.va	deu	Zoba	gloss	1.0
H6678	tso.va	nld	Soba	gloss	1.0
H6678	tso.va	swa	soba, hamath-zoba	gloss	1.0
H6678	tso.va	arb	صُوبَةَ	aligned	1.0
H6678	tso.va	eng	zobah	aligned	0.737
H6678	tso.va	hin	सोबा	aligned	0.727
H6678	tso.va	spa	soba	aligned	1.0
H6686	tsu.ar	eng	Zuar	gloss	1.0
H6686	tsu.ar	fra	Tsouar	gloss	1.0
H6686	tsu.ar	por	Zuar	gloss	1.0
H6686	tsu.ar	spa	Zuar	gloss	1.0
H6686	tsu.ar	cmn-Hans	苏押，《思》族阿尔	gloss	1.0
H6686	tsu.ar	cmn-Hant	蘇押，《思》族阿爾	gloss	1.0
H6686	tsu.ar	deu	Zuar	gloss	1.0
H6686	tsu.ar	nld	Suar	gloss	1.0
H6686	tsu.ar	swa	suari	gloss	1.0
H6686	tsu.ar	arb	صُوغَرَ	aligned	0.417
H6686	tsu.ar	eng	zuar	aligned	1.0
H6686	tsu.ar	hin	सूआर	aligned	1.0
H6686	tsu.ar	spa	suar	aligned	1.0
H6689	tsuph	eng	Zuph	gloss	1.0
H6689	tsuph	fra	Tsophaï	gloss	1.0
H6689	tsuph	por	Zofai	gloss	1.0
H6689	tsuph	spa	Zofai	gloss	1.0
H6689	tsuph	cmn-Hans	琐菲，《思》族弗	gloss	1.0
H6689	tsuph	cmn-Hant	瑣菲，《思》族弗	gloss	1.0
H6689	tsuph	arb	صُوفٍ	aligned	0.667
H6689	tsuph	eng	zophai	aligned	1.0
H6689	tsuph	eng	zuph	aligned	1.0
H6689	tsuph	hin	सूफ	aligned	0.6
H6689	tsuph	spa	suph	aligned	1.0
H6690	tso.phach	eng	Zophah	gloss	1.0
H6690	tso.phach	fra	Tsophah	gloss	1.0
H6690	tso.phach	por	Zofa	gloss	1.0
H6690	tso.phach	spa	Zofa	gloss	1.0
H6690	tso.phach	cmn-Hans	琐法，《思》祚法黑	gloss	1.0
H6690	tso.phach	cmn-Hant	瑣法，《思》祚法黑	gloss	1.0
H6690	tso.phach	deu	Zofach	gloss	1.0
H6690	tso.phach	nld	Sofach	gloss	1.0
H6690	tso.phach	swa	sofa	gloss	1.0
H6690	tso.phach	eng	zophah	aligned	1.0
H6690	tso.phach	hin	सोपह	aligned	1.0
H6690	tso.phach	spa	sopha	aligned	1.0
H6691	tso.phar	eng	Zophar	gloss	1.0
H6691	tso.phar	fra	Tsophar	gloss	1.0
H6691	tso.phar	por	Zofar	gloss	1.0
H6691	tso.phar	spa	Zofar	gloss	1.0
H6691	tso.phar	cmn-Hans	琐法，《思》左法尔	gloss	1.0
H6691	tso.phar	cmn-Hant	瑣法，《思》左法爾	gloss	1.0
H6691	tso.phar	arb	صُوفَرُ	aligned	1.0
H6691	tso.phar	arb	وَصُوفَرُ	aligned	1.0
H6691	tso.phar	eng	zophar	aligned	0.875
H6691	tso.phar	hin	सोपर	aligned	0.75
H6691	tso.phar	rus	софар	aligned	1.0
H6691	tso.phar	spa	sophar	aligned	1.0
H6698	tsur	eng	Zur	gloss	1.0
H6698	tsur	arb	وَصُورَ	aligned	1.0
H6698	tsur	arb	صُورُ	aligned	0.4
H6698	tsur	eng	zur	aligned	0.7
H6698	tsur	hin	सूर	aligned	0.333
H6698	tsur	spa	zur	aligned	1.0
H6700	tsu.ri.el	eng	Zuriel	gloss	1.0
H6700	tsu.ri.el	fra	Touriel	gloss	1.0
H6700	tsu.ri.el	por	Zuriel	gloss	1.0
H6700	tsu.ri.el	spa	Zuriel	gloss	1.0
H6700	tsu.ri.el	cmn-Hans	苏列，《思》族黎耳	gloss	1.0
H6700	tsu.ri.el	cmn-Hant	蘇列，《思》族黎耳	gloss	1.0
H6700	tsu.ri.el	deu	Zuriël	gloss	1.0
H6700	tsu.ri.el	nld	Suriël	gloss	1.0
H6700	tsu.ri.el	swa	surieli	gloss	1.0
H6700	tsu.ri.el	eng	zuriel	aligned	1.0
H6701	tsu.ri.shad.day	eng	Zurishaddai	gloss	1.0
H6701	tsu.ri.shad.day	fra	Tsourishaddaï	gloss	1.0
H6701	tsu.ri.shad.day	por	Zurisadai	gloss	1.0
H6701	tsu.ri.shad.day	spa	Zurisadai	gloss	1.0
H6701	tsu.ri.shad.day	cmn-Hans	苏利沙代，《思》族黎沙待	gloss	1.0
H6701	tsu.ri.shad.day	cmn-Hant	蘇利沙代，《思》族黎沙待	gloss	1.0
H6701	tsu.ri.shad.day	deu	Zurischaddai	gloss	1.0
H6701	tsu.ri.shad.day	nld	Surisaddai	gloss	1.0
H6701	tsu.ri.shad.day	swa	suri-shadai	gloss	1.0
H6701	tsu.ri.shad.day	arb	صُورِيشَدَّاي	aligned	1.0
H6701	tsu.ri.shad.day	eng	zurishaddai	aligned	1.0
H6701	tsu.ri.shad.day	hin	सूरीशद्दै	aligned	0.75
H6701	tsu.ri.shad.day	spa	zurisaddai	aligned	1.0
H6714	tso.char	eng	Zohar	gloss	1.0
H6714	tso.char	fra	Tsohar	gloss	1.0
H6714	tso.char	por	Zoar	gloss	1.0
H6714	tso.char	spa	Zohar	gloss	1.0
H6714	tso.char	cmn-Hans	琐辖，《思》祚哈尔	gloss	1.0
H6714	tso.char	cmn-Hant	瑣轄，《思》祚哈爾	gloss	1.0
H6714	tso.char	deu	Zohar	gloss	1.0
H6714	tso.char	swa	sohari	gloss	1.0
H6714	tso.char	arb	صُوحَرَ	aligned	1.0
H6714	tso.char	arb	وَصُوحَرُ	aligned	1.0
H6714	tso.char	eng	zohar	aligned	0.75
H6714	tso.char	hin	सोहर	aligned	0.5
H6714	tso.char	spa	zohar	aligned	1.0
H6717	tsi.va	eng	Ziba	gloss	1.0
H6717	tsi.va	fra	Tsiba	gloss	1.0
H6717	tsi.va	por	Ziba	gloss	1.0
H6717	tsi.va	spa	Siba	gloss	1.0
H6717	tsi.va	cmn-Hans	洗巴，《思》漆巴	gloss	1.0
H6717	tsi.va	cmn-Hant	洗巴，《思》漆巴	gloss	1.0
H6717	tsi.va	deu	Ziba	gloss	1.0
H6717	tsi.va	nld	Siba	gloss	1.0
H6717	tsi.va	swa	siba	gloss	1.0
H6717	tsi.va	arb	صِيبَا	aligned	1.0
H6717	tsi.va	arb	لِصِيبَا	aligned	0.667
H6717	tsi.va	eng	ziba	aligned	0.758
H6717	tsi.va	hin	सीबा	aligned	0.706
H6717	tsi.va	rus	сиве	aligned	1.0
H6717	tsi.va	rus	сива	aligned	0.714
H6717	tsi.va	spa	siba	aligned	1.0
H6721	tsi.don	eng	Sidon	gloss	1.0
H6721	tsi.don	fra	Sidon	gloss	1.0
H6721	tsi.don	por	Sidom	gloss	1.0
H6721	tsi.don	spa	Sidón	gloss	1.0
H6721	tsi.don	cmn-Hans	西顿，《思》漆冬	gloss	1.0
H6721	tsi.don	cmn-Hant	西頓，《思》漆冬	gloss	1.0
H6721	tsi.don	deu	Sidon	gloss	1.0
H6721	tsi.don	nld	Sidon	gloss	1.0
H6721	tsi.don	swa	sidoni, wasidoni, uuelekezee, uvipeleke	gloss	1.0
H6721	tsi.don	arb	صَيْدُونَ	aligned	1.0
H6721	tsi.don	arb	صِيدُونَ	aligned	1.0
H6721	tsi.don	arb	صِيدُونُ	aligned	1.0
H6721	tsi.don	arb	صِيْدُونَ	aligned	1.0
H6721	tsi.don	eng	zidon	aligned	0.95
H6721	tsi.don	eng	sidon	aligned	0.34
H6721	tsi.don	hin	सीदोन	aligned	0.406
H6721	tsi.don	rus	сидона	aligned	0.375
H6721	tsi.don	spa	sidón	aligned	0.595
H6726	tsiy.yon	eng	Zion	gloss	1.0
H6726	tsiy.yon	fra	Sion	gloss	1.0
H6726	tsiy.yon	por	Sião	gloss	1.0
H6726	tsiy.yon	spa	Sión	gloss	1.0
H6726	tsiy.yon	cmn-Hans	锡安，《思》熙雍	gloss	1.0
H6726	tsiy.yon	cmn-Hant	錫安，《思》熙雍	gloss	1.0
H6726	tsiy.yon	dan	Zion	gloss	1.0
H6726	tsiy.yon	deu	Zion	gloss	1.0
H6726	tsiy.yon	nld	Sion	gloss	1.0
H6726	tsiy.yon	swa	sayuni	gloss	1.0
H6726	tsiy.yon	amh	ፂዮን	gloss	1.0
H6726	tsiy.yon	arb	صِهْيَوْنُ	aligned	1.0
H6726	tsiy.yon	arb	لِصِهْيَوْنَ	aligned	1.0
H6726	tsiy.yon	arb	صِهْيَوْنَ	aligned	0.891
H6726	tsiy.yon	eng	zion	aligned	0.779
H6726	tsiy.yon	eng	zion’s	aligned	0.6
H6726	tsiy.yon	hin	सिय्योन	aligned	0.688
H6726	tsiy.yon	rus	сиону	aligned	0.75
H6726	tsiy.yon	rus	сиона	aligned	0.571
H6726	tsiy.yon	rus	сион	aligned	0.5
H6726	tsiy.yon	rus	сионе	aligned	0.48
H6726	tsiy.yon	spa	sión	aligned	0.957
H6727	tsi.ach	eng	Ziha	gloss	1.0
H6727	tsi.ach	fra	Tsiha	gloss	1.0
H6727	tsi.ach	por	Zia	gloss	1.0
H6727	tsi.ach	spa	Ziha	gloss	1.0
H6727	tsi.ach	cmn-Hans	西哈，《思》漆哈	gloss	1.0
H6727	tsi.ach	cmn-Hant	西哈，《思》漆哈	gloss	1.0
H6727	tsi.ach	deu	Ziha	gloss	1.0
H6727	tsi.ach	nld	Sicha	gloss	1.0
H6727	tsi.ach	swa	siha	gloss	1.0
H6727	tsi.ach	arb	صِيحَا	aligned	1.0
H6727	tsi.ach	eng	ziha	aligned	0.833
H6727	tsi.ach	rus	хасуфы	aligned	1.0
H6727	tsi.ach	spa	siha	aligned	1.0
H6730	tsi.or	eng	Zior	gloss	1.0
H6730	tsi.or	fra	Tsior	gloss	1.0
H6730	tsi.or	por	Zior	gloss	1.0
H6730	tsi.or	spa	Sior	gloss	1.0
H6730	tsi.or	cmn-Hans	洗珥，《思》漆敖尔	gloss	1.0
H6730	tsi.or	cmn-Hant	洗珥，《思》漆敖爾	gloss	1.0
H6730	tsi.or	deu	Zior	gloss	1.0
H6730	tsi.or	nld	Sior	gloss	1.0
H6730	tsi.or	swa	siori	gloss	1.0
H6732	tsits	eng	Ziz	gloss	1.0
H6741	tsil.lah	eng	Zillah	gloss	1.0
H6741	tsil.lah	fra	Tsilla	gloss	1.0
H6741	tsil.lah	por	Zilá	gloss	1.0
H6741	tsil.lah	spa	Zila	gloss	1.0
H6741	tsil.lah	cmn-Hans	洗拉，《思》漆拉	gloss	1.0
H6741	tsil.lah	cmn-Hant	洗拉，《思》漆拉	gloss	1.0
H6741	tsil.lah	deu	Zilla	gloss	1.0
H6741	tsil.lah	nld	Silla	gloss	1.0
H6741	tsil.lah	swa	sila	gloss	1.0
H6741	tsil.lah	eng	zillah	aligned	0.667
H6741	tsil.lah	rus	цилла	aligned	0.667
H6741	tsil.lah	spa	zilla	aligned	1.0
H6753	tse.lel.po.ni	eng	Hazzelelponi	gloss	1.0
H6753	tse.lel.po.ni	fra	Hatselelponi	gloss	1.0
H6753	tse.lel.po.ni	por	Hazelelponi	gloss	1.0
H6753	tse.lel.po.ni	spa	Haze-lelponi	gloss	1.0
H6753	tse.lel.po.ni	cmn-Hans	哈悉勒玻尼，《思》哈兹肋耳颇尼	gloss	1.0
H6753	tse.lel.po.ni	cmn-Hant	哈悉勒玻尼，《思》哈茲肋耳頗尼	gloss	1.0
H6753	tse.lel.po.ni	eng	hazzelelponi	aligned	1.0
H6756	tsal.mon	eng	Zalmon	gloss	1.0
H6756	tsal.mon	fra	Tsalmôn	gloss	1.0
H6756	tsal.mon	por	Zalmom	gloss	1.0
H6756	tsal.mon	spa	Salmón	gloss	1.0
H6756	tsal.mon	cmn-Hans	撒们，《思》匝耳孟	gloss	1.0
H6756	tsal.mon	cmn-Hant	撒們，《思》匝耳孟	gloss	1.0
H6756	tsal.mon	deu	Zalmon	gloss	1.0
H6756	tsal.mon	nld	Salmon	gloss	1.0
H6756	tsal.mon	swa	salmoni, maharai	gloss	1.0
H6756	tsal.mon	eng	zalmon	aligned	0.8
H6756	tsal.mon	spa	salmón	aligned	0.25
H6758	tsal.mo.nah	eng	Zalmonah	gloss	1.0
H6758	tsal.mo.nah	fra	Tsalmona	gloss	1.0
H6758	tsal.mo.nah	por	Zalmona	gloss	1.0
H6758	tsal.mo.nah	spa	Zalmona	gloss	1.0
H6758	tsal.mo.nah	cmn-Hans	撒摩拿，《思》匝耳摩纳	gloss	1.0
H6758	tsal.mo.nah	cmn-Hant	撒摩拿，《思》匝耳摩納	gloss	1.0
H6758	tsal.mo.nah	deu	Zalmona	gloss	1.0
H6758	tsal.mo.nah	nld	Salmona	gloss	1.0
H6758	tsal.mo.nah	swa	salmona	gloss	1.0
H6758	tsal.mo.nah	arb	صَلْمُونَةَ	aligned	1.0
H6758	tsal.mo.nah	eng	zalmonah	aligned	0.5
H6758	tsal.mo.nah	spa	salmona	aligned	1.0
H6759	tsal.mun.na	eng	Zalmunna	gloss	1.0
H6759	tsal.mun.na	fra	Tsalmounna	gloss	1.0
H6759	tsal.mun.na	por	Zalmuna	gloss	1.0
H6759	tsal.mun.na	spa	Zalmuna	gloss	1.0
H6759	tsal.mun.na	cmn-Hans	撒慕拿，《思》匝耳慕纳	gloss	1.0
H6759	tsal.mun.na	cmn-Hant	撒慕拿，《思》匝耳慕納	gloss	1.0
H6759	tsal.mun.na	deu	Zalmunna	gloss	1.0
H6759	tsal.mun.na	nld	Salmunna	gloss	1.0
H6759	tsal.mun.na	swa	salmuna	gloss	1.0
H6759	tsal.mun.na	arb	وَصَلْمُنَّاعَ	aligned	1.0
H6759	tsal.mun.na	arb	وَصَلْمُنَّاعُ	aligned	1.0
H6759	tsal.mun.na	eng	zalmunna	aligned	0.652
H6759	tsal.mun.na	rus	салман	aligned	0.75
H6759	tsal.mun.na	spa	zalmunna	aligned	1.0
H6762	tse.la	eng	Zela	gloss	1.0
H6762	tse.la	fra	côte	gloss	1.0
H6762	tse.la	por	costela	gloss	1.0
H6762	tse.la	spa	costilla	gloss	1.0
H6762	tse.la	cmn-Hans	肋骨	gloss	1.0
H6762	tse.la	cmn-Hant	肋骨	gloss	1.0
H6762	tse.la	deu	Straucheln, Fall	gloss	1.0
H6762	tse.la	swa	kwaz, jikwa, anguk, angush, miongoni	gloss	1.0
H6762	tse.la	eng	zelah	aligned	0.667
H6764	tsa.laph	eng	Zalaph	gloss	1.0
H6764	tsa.laph	fra	Tsalaph	gloss	1.0
H6764	tsa.laph	por	Zalafe	gloss	1.0
H6764	tsa.laph	spa	Salaf	gloss	1.0
H6764	tsa.laph	cmn-Hans	萨拉，《思》匝拉弗	gloss	1.0
H6764	tsa.laph	cmn-Hant	薩拉，《思》匝拉弗	gloss	1.0
H6764	tsa.laph	deu	Zalaf	gloss	1.0
H6764	tsa.laph	nld	Salaf	gloss	1.0
H6764	tsa.laph	swa	salafu	gloss	1.0
H6764	tsa.laph	eng	zalaph	aligned	1.0
H6765	tse.loph.chad	eng	Zelophehad	gloss	1.0
H6765	tse.loph.chad	fra	Tselophhad	gloss	1.0
H6765	tse.loph.chad	por	Zelofeade	gloss	1.0
H6765	tse.loph.chad	spa	Zelofehad	gloss	1.0
H6765	tse.loph.chad	cmn-Hans	西罗非哈，《思》责罗斐哈得	gloss	1.0
H6765	tse.loph.chad	cmn-Hant	西羅非哈，《思》責羅斐哈得	gloss	1.0
H6765	tse.loph.chad	deu	Zelofhad	gloss	1.0
H6765	tse.loph.chad	nld	Selofchad	gloss	1.0
H6765	tse.loph.chad	swa	selofehadi, waolewe	gloss	1.0
H6765	tse.loph.chad	arb	صَلُفْحَادَ	aligned	1.0
H6765	tse.loph.chad	arb	صَلُفْحَادُ	aligned	1.0
H6765	tse.loph.chad	eng	zelophehad	aligned	0.9
H6765	tse.loph.chad	hin	सलोफाद	aligned	0.7
H6765	tse.loph.chad	rus	салпаада	aligned	0.667
H6765	tse.loph.chad	rus	салпаадовы	aligned	0.667
H6765	tse.loph.chad	rus	хеферова	aligned	0.667
H6765	tse.loph.chad	spa	salphaad	aligned	1.0
H6766	tsel.tsach	eng	Zelzah	gloss	1.0
H6766	tsel.tsach	fra	Tseltsah	gloss	1.0
H6766	tsel.tsach	por	Zelza	gloss	1.0
H6766	tsel.tsach	spa	Selsa	gloss	1.0
H6766	tsel.tsach	cmn-Hans	谢撒，《现》泄撒，《思》未译出	gloss	1.0
H6766	tsel.tsach	cmn-Hant	謝撒，《現》泄撒，《思》未譯出	gloss	1.0
H6766	tsel.tsach	deu	Zelzach	gloss	1.0
H6766	tsel.tsach	nld	Selsach	gloss	1.0
H6766	tsel.tsach	swa	selsa	gloss	1.0
H6768	tse.leq	eng	Zelek	gloss	1.0
H6768	tse.leq	fra	Tséleq	gloss	1.0
H6768	tse.leq	por	Zeleque	gloss	1.0
H6768	tse.leq	spa	Selec	gloss	1.0
H6768	tse.leq	cmn-Hans	洗勒，《思》责肋克	gloss	1.0
H6768	tse.leq	cmn-Hant	洗勒，《思》責肋克	gloss	1.0
H6768	tse.leq	deu	Zelek	gloss	1.0
H6768	tse.leq	nld	Selek	gloss	1.0
H6768	tse.leq	swa	seleki	gloss	1.0
H6768	tse.leq	eng	zelek	aligned	1.0
H6768	tse.leq	hin	सेलेक	aligned	1.0
H6768	tse.leq	rus	целек	aligned	1.0
H6768	tse.leq	spa	selec	aligned	1.0
H6769	tsil.l.tay	eng	Zillethai	gloss	1.0
H6769	tsil.l.tay	fra	Tsiltaï	gloss	1.0
H6769	tsil.l.tay	por	Ziletai	gloss	1.0
H6769	tsil.l.tay	spa	Ziletai	gloss	1.0
H6769	tsil.l.tay	cmn-Hans	洗勒太，《思》漆耳泰	gloss	1.0
H6769	tsil.l.tay	cmn-Hant	洗勒太，《思》漆耳泰	gloss	1.0
H6769	tsil.l.tay	deu	Zilletai	gloss	1.0
H6769	tsil.l.tay	nld	Silletai	gloss	1.0
H6769	tsil.l.tay	swa	silethai	gloss	1.0
H6787	tse.ma.ra.yim	eng	Zemaraim	gloss	1.0
H6787	tse.ma.ra.yim	fra	Tsemaraïm	gloss	1.0
H6787	tse.ma.ra.yim	por	Zemaraim	gloss	1.0
H6787	tse.ma.ra.yim	spa	Zemaraim	gloss	1.0
H6787	tse.ma.ra.yim	cmn-Hans	洗玛脸，《思》责玛辣因	gloss	1.0
H6787	tse.ma.ra.yim	cmn-Hant	洗瑪臉，《思》責瑪辣因	gloss	1.0
H6787	tse.ma.ra.yim	deu	Zemarajim	gloss	1.0
H6787	tse.ma.ra.yim	nld	Semaraïm	gloss	1.0
H6787	tse.ma.ra.yim	swa	semaraimu	gloss	1.0
H6787	tse.ma.ra.yim	eng	zemaraim	aligned	0.5
H6790	tsin	eng	Zin	gloss	1.0
H6790	tsin	fra	Tsîn	gloss	1.0
H6790	tsin	por	Zim	gloss	1.0
H6790	tsin	spa	Zin	gloss	1.0
H6790	tsin	cmn-Hans	寻，《思》亲	gloss	1.0
H6790	tsin	cmn-Hant	尋，《思》親	gloss	1.0
H6790	tsin	deu	Zin	gloss	1.0
H6790	tsin	nld	Sin	gloss	1.0
H6790	tsin	swa	sini, sinai, nistah	gloss	1.0
H6790	tsin	arb	صِينٍ	aligned	1.0
H6790	tsin	arb	صِينَ	aligned	1.0
H6790	tsin	eng	zin	aligned	0.95
H6790	tsin	hin	सीन	aligned	0.625
H6790	tsin	spa	zin	aligned	1.0
H6799	tse.nan	eng	Zenan	gloss	1.0
H6799	tse.nan	fra	Tsenân	gloss	1.0
H6799	tse.nan	por	Zenã	gloss	1.0
H6799	tse.nan	spa	Zenán	gloss	1.0
H6799	tse.nan	cmn-Hans	洗楠，《思》责南	gloss	1.0
H6799	tse.nan	cmn-Hant	洗楠，《思》責南	gloss	1.0
H6799	tse.nan	deu	Zenan	gloss	1.0
H6799	tse.nan	nld	Senan	gloss	1.0
H6799	tse.nan	swa	senani	gloss	1.0
H6799	tse.nan	eng	zenan	aligned	1.0
H6811	tsa.ir	eng	Zair	gloss	1.0
H6811	tsa.ir	eng	zair	aligned	1.0
H6814	tso.an	eng	Zoan	gloss	1.0
H6814	tso.an	fra	Tsoân, Tanis	gloss	1.0
H6814	tso.an	por	Zoã	gloss	1.0
H6814	tso.an	spa	Zoán	gloss	1.0
H6814	tso.an	cmn-Hans	琐安，《思》左罕	gloss	1.0
H6814	tso.an	cmn-Hant	瑣安，《思》左罕	gloss	1.0
H6814	tso.an	deu	Zoan	gloss	1.0
H6814	tso.an	nld	Soan	gloss	1.0
H6814	tso.an	swa	soani	gloss	1.0
H6814	tso.an	arb	صُوعَنَ	aligned	1.0
H6814	tso.an	eng	zoan	aligned	0.857
H6814	tso.an	hin	सोअन	aligned	0.714
H6814	tso.an	rus	цоанские	aligned	1.0
H6814	tso.an	spa	zoán	aligned	1.0
H6815	tsa.a.nan.nim	eng	Zaanannim	gloss	1.0
H6815	tsa.a.nan.nim	fra	Tsaanannim	gloss	1.0
H6815	tsa.a.nan.nim	por	Zaananim	gloss	1.0
H6815	tsa.a.nan.nim	spa	Saananim	gloss	1.0
H6815	tsa.a.nan.nim	cmn-Hans	撒拿音，《思》匝纳宁，匝阿纳宁	gloss	1.0
H6815	tsa.a.nan.nim	cmn-Hant	撒拿音，《思》匝納寧，匝阿納寧	gloss	1.0
H6815	tsa.a.nan.nim	deu	Zaanannim	gloss	1.0
H6815	tsa.a.nan.nim	nld	Saänannim	gloss	1.0
H6815	tsa.a.nan.nim	swa	saananimu, shemeji	gloss	1.0
H6820	tso.ar	eng	Zoar	gloss	1.0
H6820	tso.ar	fra	Tsoar	gloss	1.0
H6820	tso.ar	por	Zoar	gloss	1.0
H6820	tso.ar	spa	Zoar	gloss	1.0
H6820	tso.ar	cmn-Hans	琐珥，《思》左哈尔	gloss	1.0
H6820	tso.ar	cmn-Hant	瑣珥，《思》左哈爾	gloss	1.0
H6820	tso.ar	deu	Zoar	gloss	1.0
H6820	tso.ar	nld	Soar	gloss	1.0
H6820	tso.ar	swa	soari	gloss	1.0
H6820	tso.ar	arb	صُوغَرُ	aligned	1.0
H6820	tso.ar	arb	صُوغَرَ	aligned	0.583
H6820	tso.ar	eng	zoar	aligned	0.773
H6820	tso.ar	hin	सोअर	aligned	0.667
H6820	tso.ar	rus	сигора	aligned	1.0
H6820	tso.ar	spa	zoar	aligned	1.0
H6825	tse.pho	eng	Zepho	gloss	1.0
H6825	tse.pho	deu	Zefo	gloss	1.0
H6825	tse.pho	nld	Sefo	gloss	1.0
H6825	tse.pho	swa	sefo	gloss	1.0
H6825	tse.pho	eng	zepho	aligned	1.0
H6825	tse.pho	hin	सपो	aligned	1.0
H6825	tse.pho	spa	zepho	aligned	1.0
H6827	tse.phon	eng	Zephon	gloss	1.0
H6827	tse.phon	fra	Tsephôn	gloss	1.0
H6827	tse.phon	por	Zefom	gloss	1.0
H6827	tse.phon	spa	Zefón	gloss	1.0
H6827	tse.phon	cmn-Hans	洗分，《思》责丰	gloss	1.0
H6827	tse.phon	cmn-Hant	洗分，《思》責豐	gloss	1.0
H6827	tse.phon	deu	Zifjon	gloss	1.0
H6827	tse.phon	nld	Sefon	gloss	1.0
H6827	tse.phon	swa	sifoni	gloss	1.0
H6829	tsa.phon	eng	Zaphon	gloss	1.0
H6829	tsa.phon	deu	Zafon	gloss	1.0
H6829	tsa.phon	nld	Safon	gloss	1.0
H6829	tsa.phon	swa	safoni	gloss	1.0
H6834	tsip.por	eng	Zippor	gloss	1.0
H6834	tsip.por	deu	Zippor	gloss	1.0
H6834	tsip.por	nld	Sippor	gloss	1.0
H6834	tsip.por	swa	sipori	gloss	1.0
H6834	tsip.por	arb	صِفُّورَ	aligned	1.0
H6834	tsip.por	eng	zippor	aligned	1.0
H6834	tsip.por	hin	सिप्पोर	aligned	0.857
H6834	tsip.por	spa	zippor	aligned	1.0
H6837	tsiph.yon	eng	Ziphion	gloss	1.0
H6837	tsiph.yon	fra	Tsiphiôn	gloss	1.0
H6837	tsiph.yon	por	Zifião	gloss	1.0
H6837	tsiph.yon	spa	Zifión	gloss	1.0
H6837	tsiph.yon	cmn-Hans	洗非芸，《思》漆斐雍	gloss	1.0
H6837	tsiph.yon	cmn-Hant	洗非芸，《思》漆斐雍	gloss	1.0
H6837	tsiph.yon	deu	Zifjon	gloss	1.0
H6837	tsiph.yon	nld	Sifjon	gloss	1.0
H6837	tsiph.yon	swa	sefoni	gloss	1.0
H6837	tsiph.yon	eng	ziphion	aligned	1.0
H6846	tse.phan.yah	eng	Zephaniah	gloss	1.0
H6846	tse.phan.yah	fra	Tsephania	gloss	1.0
H6846	tse.phan.yah	por	Sofonias	gloss	1.0
H6846	tse.phan.yah	spa	Sofonías	gloss	1.0
H6846	tse.phan.yah	cmn-Hans	西番雅，《思》责法尼雅	gloss	1.0
H6846	tse.phan.yah	cmn-Hant	西番雅，《思》責法尼雅	gloss	1.0
H6846	tse.phan.yah	deu	Zefanja	gloss	1.0
H6846	tse.phan.yah	nld	Sefanja	gloss	1.0
H6846	tse.phan.yah	swa	sefania	gloss	1.0
H6846	tse.phan.yah	arb	صَفَنْيَا	aligned	1.0
H6846	tse.phan.yah	arb	وَصَفَنْيَا	aligned	1.0
H6846	tse.phan.yah	eng	zephaniah	aligned	0.905
H6846	tse.phan.yah	hin	सपन्याह	aligned	0.909
H6846	tse.phan.yah	spa	sefanías	aligned	1.0
H6847	tsoph.nat pa.ne.ach	eng	Zaphenath-paneah	gloss	1.0
H6847	tsoph.nat pa.ne.ach	fra	Tsaphnath-Panéah	gloss	1.0
H6847	tsoph.nat pa.ne.ach	por	Zafenate-Paneia	gloss	1.0
H6847	tsoph.nat pa.ne.ach	spa	Zafnat-panea	gloss	1.0
H6847	tsoph.nat pa.ne.ach	cmn-Hans	撒发那特‧巴内亚，《思》匝斐纳特帕乃亚	gloss	1.0
H6847	tsoph.nat pa.ne.ach	cmn-Hant	撒發那特‧巴內亞，《思》匝斐納特帕乃亞	gloss	1.0
H6847	tsoph.nat pa.ne.ach	deu	Zafenat-Paneach	gloss	1.0
H6847	tsoph.nat pa.ne.ach	nld	Safenat-Paneach	gloss	1.0
H6847	tsoph.nat pa.ne.ach	swa	safenath-panea	gloss	1.0
H6855	tsip.po.rah	eng	Zipporah	gloss	1.0
H6855	tsip.po.rah	fra	Tsippora	gloss	1.0
H6855	tsip.po.rah	por	Zípora	gloss	1.0
H6855	tsip.po.rah	spa	Séfora	gloss	1.0
H6855	tsip.po.rah	cmn-Hans	西坡拉，《思》漆颇辣	gloss	1.0
H6855	tsip.po.rah	cmn-Hant	西坡拉，《思》漆頗辣	gloss	1.0
H6855	tsip.po.rah	dan	Sippora	gloss	1.0
H6855	tsip.po.rah	deu	Zippora	gloss	1.0
H6855	tsip.po.rah	nld	Sippora	gloss	1.0
H6855	tsip.po.rah	swa	sipora	gloss	1.0
H6855	tsip.po.rah	eng	zipporah	aligned	1.0
H6855	tsip.po.rah	hin	सिप्पोरा	aligned	1.0
H6855	tsip.po.rah	spa	séphora	aligned	1.0
H6857	tse.phat	eng	Zephath	gloss	1.0
H6857	tse.phat	fra	Tsephath	gloss	1.0
H6857	tse.phat	por	Zeftá	gloss	1.0
H6857	tse.phat	spa	Sefat	gloss	1.0
H6857	tse.phat	cmn-Hans	洗法，《思》责法特	gloss	1.0
H6857	tse.phat	cmn-Hant	洗法，《思》責法特	gloss	1.0
H6857	tse.phat	deu	Zefat	gloss	1.0
H6857	tse.phat	nld	Sefat	gloss	1.0
H6857	tse.phat	swa	sefathi	gloss	1.0
H6857	tse.phat	eng	zephath	aligned	1.0
H6859	tse.pha.tah	eng	Zephathah	gloss	1.0
H6859	tse.pha.tah	deu	Zefata	gloss	1.0
H6859	tse.pha.tah	nld	Sefata	gloss	1.0
H6859	tse.pha.tah	swa	sefatha	gloss	1.0
H6860	tsiq.lag	eng	Ziklag	gloss	1.0
H6860	tsiq.lag	fra	Tsiqlag	gloss	1.0
H6860	tsiq.lag	por	Ziclague	gloss	1.0
H6860	tsiq.lag	spa	Siclag	gloss	1.0
H6860	tsiq.lag	cmn-Hans	洗革拉，《思》漆刻拉格	gloss	1.0
H6860	tsiq.lag	cmn-Hant	洗革拉，《思》漆刻拉格	gloss	1.0
H6860	tsiq.lag	deu	Ziklag	gloss	1.0
H6860	tsiq.lag	nld	Siklag	gloss	1.0
H6860	tsiq.lag	swa	siklagi	gloss	1.0
H6860	tsiq.lag	arb	صِقْلَغَ	aligned	1.0
H6860	tsiq.lag	arb	وَصِقْلَغَ	aligned	1.0
H6860	tsiq.lag	eng	ziklag	aligned	0.741
H6860	tsiq.lag	hin	सिकलग	aligned	0.667
H6860	tsiq.lag	rus	секелаг	aligned	0.75
H6860	tsiq.lag	spa	siclag	aligned	1.0
H6863	tser	eng	Zer	gloss	1.0
H6863	tser	fra	Tser	gloss	1.0
H6863	tser	por	Zer	gloss	1.0
H6863	tser	spa	Zer	gloss	1.0
H6863	tser	cmn-Hans	侧耳，《思》责尔	gloss	1.0
H6863	tser	cmn-Hant	側耳，《思》責爾	gloss	1.0
H6863	tser	deu	Zer	gloss	1.0
H6863	tser	nld	Ser	gloss	1.0
H6863	tser	swa	rakathi	gloss	1.0
H6863	tser	eng	zer	aligned	1.0
H6865	tsor	eng	Tyre	gloss	1.0
H6865	tsor	arb	لِصُورَ	aligned	1.0
H6865	tsor	arb	وَصُورُ	aligned	1.0
H6865	tsor	arb	صُورٍ	aligned	0.667
H6865	tsor	arb	صُورُ	aligned	0.6
H6865	tsor	arb	صُورَ	aligned	0.5
H6865	tsor	eng	tyre	aligned	0.626
H6865	tsor	hin	सोर	aligned	0.615
H6865	tsor	rus	тира	aligned	0.714
H6865	tsor	rus	тир	aligned	0.4
H6865	tsor	rus	тире	aligned	0.333
H6865	tsor	spa	tiro	aligned	0.737
H6868	tse.re.dah	eng	Zeredah	gloss	1.0
H6868	tse.re.dah	fra	Tseréda	gloss	1.0
H6868	tse.re.dah	por	Zereda	gloss	1.0
H6868	tse.re.dah	spa	Sereda	gloss	1.0
H6868	tse.re.dah	cmn-Hans	洗利达，《思》责勒达	gloss	1.0
H6868	tse.re.dah	cmn-Hant	洗利達，《思》責勒達	gloss	1.0
H6868	tse.re.dah	deu	Zereda	gloss	1.0
H6868	tse.re.dah	nld	Sereda	gloss	1.0
H6868	tse.re.dah	swa	sereda	gloss	1.0
H6870	tse.ru.yah	eng	Zeruiah	gloss	1.0
H6870	tse.ru.yah	fra	Tserouya	gloss	1.0
H6870	tse.ru.yah	por	Zeruia	gloss	1.0
H6870	tse.ru.yah	spa	Sarvia	gloss	1.0
H6870	tse.ru.yah	cmn-Hans	洗鲁雅，《思》责鲁阿	gloss	1.0
H6870	tse.ru.yah	cmn-Hant	洗魯雅，《思》責魯阿	gloss	1.0
H6870	tse.ru.yah	dan	Seruja	gloss	1.0
H6870	tse.ru.yah	deu	Zeruja	gloss	1.0
H6870	tse.ru.yah	nld	Seruja	gloss	1.0
H6870	tse.ru.yah	swa	seruya	gloss	1.0
H6870	tse.ru.yah	arb	صَرُويَةَ	aligned	1.0
H6870	tse.ru.yah	eng	zeruiah	aligned	0.961
H6870	tse.ru.yah	hin	सरूयाह	aligned	1.0
H6870	tse.ru.yah	spa	sarvia	aligned	0.962
H6871	tse.ru.ah	eng	Zeruah	gloss	1.0
H6871	tse.ru.ah	fra	Tseroua	gloss	1.0
H6871	tse.ru.ah	por	Zerua	gloss	1.0
H6871	tse.ru.ah	spa	Zerúa	gloss	1.0
H6871	tse.ru.ah	cmn-Hans	洗鲁阿，《思》责鲁阿	gloss	1.0
H6871	tse.ru.ah	cmn-Hant	洗魯阿，《思》責魯阿	gloss	1.0
H6871	tse.ru.ah	deu	Zerua	gloss	1.0
H6871	tse.ru.ah	nld	Serua	gloss	1.0
H6871	tse.ru.ah	swa	serua	gloss	1.0
H6871	tse.ru.ah	eng	zeruah	aligned	1.0
H6874	tse.ri	eng	Zeri	gloss	1.0
H6874	tse.ri	fra	Tseri	gloss	1.0
H6874	tse.ri	por	Zeri	gloss	1.0
H6874	tse.ri	spa	Zerí	gloss	1.0
H6874	tse.ri	cmn-Hans	西利，《思》责黎	gloss	1.0
H6874	tse.ri	cmn-Hant	西利，《思》責黎	gloss	1.0
H6881	tsor.ah	eng	Zorah	gloss	1.0
H6881	tsor.ah	fra	Tsorea	gloss	1.0
H6881	tsor.ah	por	Zora	gloss	1.0
H6881	tsor.ah	spa	Zorá	gloss	1.0
H6881	tsor.ah	cmn-Hans	琐拉，《思》祚辣	gloss	1.0
H6881	tsor.ah	cmn-Hant	瑣拉，《思》祚辣	gloss	1.0
H6881	tsor.ah	deu	Zora	gloss	1.0
H6881	tsor.ah	nld	Sora	gloss	1.0
H6881	tsor.ah	swa	sora	gloss	1.0
H6881	tsor.ah	arb	صُرْعَةَ	aligned	1.0
H6881	tsor.ah	arb	وَصَرْعَةَ	aligned	1.0
H6881	tsor.ah	eng	zorah	aligned	0.667
H6881	tsor.ah	hin	सोरा	aligned	0.375
H6881	tsor.ah	hin	एश्ताओल	aligned	0.286
H6881	tsor.ah	rus	естаолом	aligned	1.0
H6881	tsor.ah	spa	sora	aligned	1.0
H6886	tsa.re.phat	eng	Zarephath	gloss	1.0
H6886	tsa.re.phat	fra	Sarepta	gloss	1.0
H6886	tsa.re.phat	por	Sarepta	gloss	1.0
H6886	tsa.re.phat	spa	Sarepta	gloss	1.0
H6886	tsa.re.phat	cmn-Hans	撒勒法，《思》匝尔法特	gloss	1.0
H6886	tsa.re.phat	cmn-Hant	撒勒法，《思》匝爾法特	gloss	1.0
H6886	tsa.re.phat	deu	Sarepta	gloss	1.0
H6886	tsa.re.phat	nld	Sarefat	gloss	1.0
H6886	tsa.re.phat	swa	sarepta	gloss	1.0
H6886	tsa.re.phat	arb	صِرْفَةَ	aligned	1.0
H6886	tsa.re.phat	eng	zarephath	aligned	0.833
H6886	tsa.re.phat	hin	सारफत	aligned	0.75
H6886	tsa.re.phat	rus	сарепту	aligned	0.667
H6886	tsa.re.phat	spa	sarepta	aligned	0.75
H6888	tse.re.rah	eng	Zererah	gloss	1.0
H6888	tse.re.rah	fra	Tseréra	gloss	1.0
H6888	tse.re.rah	por	Zererá	gloss	1.0
H6888	tse.re.rah	spa	Zerera	gloss	1.0
H6888	tse.re.rah	cmn-Hans	西利拉，《思》责勒达	gloss	1.0
H6888	tse.re.rah	cmn-Hant	西利拉，《思》責勒達	gloss	1.0
H6888	tse.re.rah	deu	Zereda	gloss	1.0
H6888	tse.re.rah	swa	serera	gloss	1.0
H6889	tse.ret	eng	Zereth	gloss	1.0
H6889	tse.ret	fra	Tséréth	gloss	1.0
H6889	tse.ret	por	Zerete	gloss	1.0
H6889	tse.ret	spa	Zeret	gloss	1.0
H6889	tse.ret	cmn-Hans	洗列，《思》责勒特	gloss	1.0
H6889	tse.ret	cmn-Hant	洗列，《思》責勒特	gloss	1.0
H6889	tse.ret	deu	Zeret	gloss	1.0
H6889	tse.ret	nld	Seret	gloss	1.0
H6889	tse.ret	swa	serethi	gloss	1.0
H6889	tse.ret	eng	zereth	aligned	1.0
H6890	tse.ret hash.sha.char	eng	Zereth-shahar	gloss	1.0
H6890	tse.ret hash.sha.char	fra	Tséreth-Hachahar	gloss	1.0
H6890	tse.ret hash.sha.char	por	Zerete-Saar	gloss	1.0
H6890	tse.ret hash.sha.char	spa	Zaret-sahar	gloss	1.0
H6890	tse.ret hash.sha.char	cmn-Hans	细列‧沙辖，《思》责勒特沙哈尔	gloss	1.0
H6890	tse.ret hash.sha.char	cmn-Hant	細列‧沙轄，《思》責勒特沙哈爾	gloss	1.0
H6890	tse.ret hash.sha.char	deu	Zeret-Schahar	gloss	1.0
H6890	tse.ret hash.sha.char	nld	Seret-Hassachar	gloss	1.0
H6890	tse.ret hash.sha.char	swa	sereth-shahari	gloss	1.0
H6891	tsa.re.tan	eng	Zarethan	gloss	1.0
H6891	tsa.re.tan	fra	Tsartân	gloss	1.0
H6891	tsa.re.tan	por	Zaretã	gloss	1.0
H6891	tsa.re.tan	spa	Saretán	gloss	1.0
H6891	tsa.re.tan	cmn-Hans	撒拉但，撒拉他拿，《思》匝尔堂	gloss	1.0
H6891	tsa.re.tan	cmn-Hant	撒拉但，撒拉他拿，《思》匝爾堂	gloss	1.0
H6891	tsa.re.tan	deu	Zaretan	gloss	1.0
H6891	tsa.re.tan	nld	Saretan	gloss	1.0
H6891	tsa.re.tan	swa	sarethani	gloss	1.0
H6891	tsa.re.tan	eng	zarethan	aligned	1.0
H6891	tsa.re.tan	hin	सारतान	aligned	1.0
H6909	qav.tse.el	eng	Kabzeel	gloss	1.0
H6909	qav.tse.el	fra	Qabtseel	gloss	1.0
H6909	qav.tse.el	por	Cabzeel	gloss	1.0
H6909	qav.tse.el	spa	Cabseel	gloss	1.0
H6909	qav.tse.el	cmn-Hans	甲薛，《思》卡贝责耳	gloss	1.0
H6909	qav.tse.el	cmn-Hant	甲薛，《思》卡貝責耳	gloss	1.0
H6909	qav.tse.el	deu	Kabzeel	gloss	1.0
H6909	qav.tse.el	nld	Kabseël	gloss	1.0
H6909	qav.tse.el	swa	kabseeli	gloss	1.0
H6909	qav.tse.el	arb	قَبْصِئِيلَ	aligned	1.0
H6909	qav.tse.el	eng	kabzeel	aligned	0.833
H6909	qav.tse.el	hin	कबसेल	aligned	1.0
H6909	qav.tse.el	spa	cabseel	aligned	1.0
H6911	qiv.tsa.yim	eng	Kibzaim	gloss	1.0
H6911	qiv.tsa.yim	fra	Qibtsaïm	gloss	1.0
H6911	qiv.tsa.yim	por	Quibzaim	gloss	1.0
H6911	qiv.tsa.yim	spa	Kibsaim	gloss	1.0
H6911	qiv.tsa.yim	cmn-Hans	基伯先，《思》克贝匝殷	gloss	1.0
H6911	qiv.tsa.yim	cmn-Hant	基伯先，《思》克貝匝殷	gloss	1.0
H6911	qiv.tsa.yim	deu	Kibzajim	gloss	1.0
H6911	qiv.tsa.yim	nld	Kibsaïm	gloss	1.0
H6911	qiv.tsa.yim	swa	kibisaumu	gloss	1.0
H6911	qiv.tsa.yim	eng	kibzaim	aligned	1.0
H6914	qiv.rot hat.ta.a.vah	eng	Kibroth-hattaavah	gloss	1.0
H6914	qiv.rot hat.ta.a.vah	fra	Qibroth-Taava	gloss	1.0
H6914	qiv.rot hat.ta.a.vah	por	Quibrote-Hataavá	gloss	1.0
H6914	qiv.rot hat.ta.a.vah	spa	Kibrot-hataava	gloss	1.0
H6914	qiv.rot hat.ta.a.vah	cmn-Hans	基博罗‧哈他瓦，《思》克贝洛特阿塔瓦	gloss	1.0
H6914	qiv.rot hat.ta.a.vah	cmn-Hant	基博羅‧哈他瓦，《思》克貝洛特阿塔瓦	gloss	1.0
H6914	qiv.rot hat.ta.a.vah	deu	Kibrot-Taawa	gloss	1.0
H6914	qiv.rot hat.ta.a.vah	nld	Kibrot-Hattaäwa	gloss	1.0
H6914	qiv.rot hat.ta.a.vah	swa	kibroth-hataava	gloss	1.0
H6914	qiv.rot hat.ta.a.vah	eng	kibroth-hattaavah	aligned	0.714
H6929	qe.de.mah	eng	Kedemah	gloss	1.0
H6929	qe.de.mah	fra	Qedma	gloss	1.0
H6929	qe.de.mah	por	Quedemá	gloss	1.0
H6929	qe.de.mah	spa	Cedema	gloss	1.0
H6929	qe.de.mah	cmn-Hans	基底玛，《思》刻德玛	gloss	1.0
H6929	qe.de.mah	cmn-Hant	基底瑪，《思》刻德瑪	gloss	1.0
H6929	qe.de.mah	deu	Kedma	gloss	1.0
H6929	qe.de.mah	nld	Kedema	gloss	1.0
H6929	qe.de.mah	swa	kedema	gloss	1.0
H6929	qe.de.mah	arb	وَقِدْمَةُ	aligned	1.0
H6932	qe.de.mot	eng	Kedemoth	gloss	1.0
H6932	qe.de.mot	fra	Qedémoth	gloss	1.0
H6932	qe.de.mot	por	Quedemote	gloss	1.0
H6932	qe.de.mot	spa	Cademot	gloss	1.0
H6932	qe.de.mot	cmn-Hans	基底莫，《思》刻德摩特	gloss	1.0
H6932	qe.de.mot	cmn-Hant	基底莫，《思》刻德摩特	gloss	1.0
H6932	qe.de.mot	deu	Kedemot	gloss	1.0
H6932	qe.de.mot	nld	Kedemot	gloss	1.0
H6932	qe.de.mot	swa	kedemothi	gloss	1.0
H6932	qe.de.mot	eng	kedemoth	aligned	0.875
H6932	qe.de.mot	hin	कदेमोत	aligned	1.0
H6932	qe.de.mot	rus	кедемоф	aligned	1.0
H6934	qad.mi.el	eng	Kadmiel	gloss	1.0
H6934	qad.mi.el	fra	Qadmiel	gloss	1.0
H6934	qad.mi.el	por	Cadmiel	gloss	1.0
H6934	qad.mi.el	spa	Cadmiel	gloss	1.0
H6934	qad.mi.el	cmn-Hans	甲篾，《思》卡德米耳	gloss	1.0
H6934	qad.mi.el	cmn-Hant	甲篾，《思》卡德米耳	gloss	1.0
H6934	qad.mi.el	deu	Kadmiël	gloss	1.0
H6934	qad.mi.el	nld	Kadmiël	gloss	1.0
H6934	qad.mi.el	swa	kadmieli	gloss	1.0
H6934	qad.mi.el	arb	قَدْمِيئِيلَ	aligned	1.0
H6934	qad.mi.el	arb	وَقَدْمِيئِيلُ	aligned	1.0
H6934	qad.mi.el	eng	kadmiel	aligned	0.75
H6934	qad.mi.el	hin	कदमीएल	aligned	0.625
H6934	qad.mi.el	spa	cadmiel	aligned	1.0
H6938	qe.dar	eng	Kedar	gloss	1.0
H6938	qe.dar	fra	Qédar	gloss	1.0
H6938	qe.dar	por	Quedar	gloss	1.0
H6938	qe.dar	spa	Cedar	gloss	1.0
H6938	qe.dar	cmn-Hans	基达，《思》刻达尔	gloss	1.0
H6938	qe.dar	cmn-Hant	基達，《思》刻達爾	gloss	1.0
H6938	qe.dar	deu	Kedar	gloss	1.0
H6938	qe.dar	nld	Kedar	gloss	1.0
H6938	qe.dar	swa	kedari	gloss	1.0
H6938	qe.dar	arb	قِيدَارَ	aligned	1.0
H6938	qe.dar	arb	وَقِيدَارُ	aligned	1.0
H6938	qe.dar	eng	kedar	aligned	0.792
H6938	qe.dar	hin	केदार	aligned	0.667
H6938	qe.dar	rus	кидарские	aligned	0.667
H6938	qe.dar	spa	cedar	aligned	1.0
H6939	qid.ron	eng	Kidron	gloss	1.0
H6939	qid.ron	fra	Cédron	gloss	1.0
H6939	qid.ron	por	Cedrom	gloss	1.0
H6939	qid.ron	spa	Cedrón	gloss	1.0
H6939	qid.ron	cmn-Hans	汲沦溪，《思》克德龙谷	gloss	1.0
H6939	qid.ron	cmn-Hant	汲淪溪，《思》克德龍谷	gloss	1.0
H6939	qid.ron	deu	Kidron	gloss	1.0
H6939	qid.ron	nld	Kidron	gloss	1.0
H6939	qid.ron	swa	kidroni, ridroni	gloss	1.0
H6939	qid.ron	arb	قَدْرُونَ	aligned	0.917
H6939	qid.ron	eng	kidron	aligned	0.955
H6939	qid.ron	hin	किद्रोन	aligned	1.0
H6939	qid.ron	spa	cedrón	aligned	0.917
H6943	qe.desh	eng	Kedesh	gloss	1.0
H6943	qe.desh	fra	Qédesh	gloss	1.0
H6943	qe.desh	por	Quedes	gloss	1.0
H6943	qe.desh	spa	Cedes	gloss	1.0
H6943	qe.desh	cmn-Hans	基低斯，《思》刻德士，卡德士	gloss	1.0
H6943	qe.desh	cmn-Hant	基低斯，《思》刻德士，卡德士	gloss	1.0
H6943	qe.desh	deu	Kedesch	gloss	1.0
H6943	qe.desh	nld	Kedes	gloss	1.0
H6943	qe.desh	swa	kedeshi, kishioni	gloss	1.0
H6943	qe.desh	arb	وَقَادَشَ	aligned	1.0
H6943	qe.desh	arb	قَادَشَ	aligned	0.312
H6943	qe.desh	eng	kedesh	aligned	0.818
H6943	qe.desh	hin	केदेश	aligned	0.7
H6943	qe.desh	spa	cedes	aligned	0.909
H6946	qa.desh	eng	Kadesh	gloss	1.0
H6946	qa.desh	deu	Kultprostituierte(r)	gloss	1.0
H6946	qa.desh	nld	Kades	gloss	1.0
H6946	qa.desh	swa	hanith, kahab, pasiwe, wazinipo, waadhib	gloss	1.0
H6946	qa.desh	arb	قَادِشَ	aligned	1.0
H6946	qa.desh	arb	قَادَشَ	aligned	0.688
H6946	qa.desh	eng	kadesh	aligned	0.69
H6946	qa.desh	hin	कादेश	aligned	0.571
H6946	qa.desh	rus	кадеса	aligned	1.0
H6946	qa.desh	rus	кадесом	aligned	1.0
H6946	qa.desh	spa	cades	aligned	1.0
H6947	qa.desh bar.ne.a	eng	Kadesh-barnea	gloss	1.0
H6947	qa.desh bar.ne.a	fra	Qadesh-Barnéa	gloss	1.0
H6947	qa.desh bar.ne.a	por	Cades-Barnéia	gloss	1.0
H6947	qa.desh bar.ne.a	spa	Cades-barnea	gloss	1.0
H6947	qa.desh bar.ne.a	cmn-Hans	加低斯‧巴尼亚，《思》卡德士巴尔乃亚	gloss	1.0
H6947	qa.desh bar.ne.a	cmn-Hant	加低斯‧巴尼亞，《思》卡德士巴爾乃亞	gloss	1.0
H6947	qa.desh bar.ne.a	deu	Kadesch-Barnea	gloss	1.0
H6947	qa.desh bar.ne.a	nld	Kades-Barnea	gloss	1.0
H6947	qa.desh bar.ne.a	swa	kadeshi, kadesh-barnea, mkaasi	gloss	1.0
H6947	qa.desh bar.ne.a	eng	kadesh-barnea	aligned	0.833
H6954	qe.he.la.tah	eng	Kehelathah	gloss	1.0
H6954	qe.he.la.tah	fra	Qehélata	gloss	1.0
H6954	qe.he.la.tah	por	Queelata	gloss	1.0
H6954	qe.he.la.tah	spa	Ceelata	gloss	1.0
H6954	qe.he.la.tah	cmn-Hans	基希拉他，《思》刻黑拉达	gloss	1.0
H6954	qe.he.la.tah	cmn-Hant	基希拉他，《思》刻黑拉達	gloss	1.0
H6954	qe.he.la.tah	deu	Kehelata	gloss	1.0
H6954	qe.he.la.tah	nld	Kehalata	gloss	1.0
H6954	qe.he.la.tah	swa	keheletha	gloss	1.0
H6954	qe.he.la.tah	arb	قُهَيْلَاتَةَ	aligned	1.0
H6954	qe.he.la.tah	eng	kehelathah	aligned	0.5
H6954	qe.he.la.tah	spa	ceelatha	aligned	1.0
H6955	qe.hat	eng	Kohath	gloss	1.0
H6955	qe.hat	fra	Qehath	gloss	1.0
H6955	qe.hat	por	Coate	gloss	1.0
H6955	qe.hat	spa	Coat	gloss	1.0
H6955	qe.hat	cmn-Hans	哥辖，《思》刻哈特	gloss	1.0
H6955	qe.hat	cmn-Hant	哥轄，《思》刻哈特	gloss	1.0
H6955	qe.hat	deu	Kehat	gloss	1.0
H6955	qe.hat	nld	Kehar	gloss	1.0
H6955	qe.hat	swa	kohathi, wakohathi, vigus	gloss	1.0
H6955	qe.hat	arb	قَهَاتَ	aligned	1.0
H6955	qe.hat	arb	وَقَهَاتُ	aligned	1.0
H6955	qe.hat	eng	kohath	aligned	0.846
H6955	qe.hat	hin	कहात	aligned	0.65
H6955	qe.hat	hin	कहातियों	aligned	0.5
H6955	qe.hat	hin	कहाती	aligned	0.5
H6955	qe.hat	rus	каафа	aligned	0.7
H6955	qe.hat	rus	каафовых	aligned	0.333
H6955	qe.hat	rus	мерари	aligned	0.25
H6955	qe.hat	spa	coath	aligned	0.762
H6964	qo.la.yah	eng	Kolaiah	gloss	1.0
H6964	qo.la.yah	fra	Qolaya	gloss	1.0
H6964	qo.la.yah	por	Colaías	gloss	1.0
H6964	qo.la.yah	spa	Colaías	gloss	1.0
H6964	qo.la.yah	cmn-Hans	哥赖雅，《思》科拉雅	gloss	1.0
H6964	qo.la.yah	cmn-Hant	哥賴雅，《思》科拉雅	gloss	1.0
H6964	qo.la.yah	deu	Kolaja	gloss	1.0
H6964	qo.la.yah	nld	Kolaja	gloss	1.0
H6964	qo.la.yah	swa	kolaya	gloss	1.0
H6964	qo.la.yah	arb	قُولَايَا	aligned	1.0
H6964	qo.la.yah	eng	kolaiah	aligned	1.0
H6964	qo.la.yah	hin	कोलायाह	aligned	1.0
H6970	qo.a	eng	Koa	gloss	1.0
H6970	qo.a	fra	Qoa	gloss	1.0
H6970	qo.a	por	Coa	gloss	1.0
H6970	qo.a	spa	Coa	gloss	1.0
H6970	qo.a	cmn-Hans	哥亚人，《思》科亚（人）	gloss	1.0
H6970	qo.a	cmn-Hant	哥亞人，《思》科亞（人）	gloss	1.0
H6970	qo.a	deu	Koa	gloss	1.0
H6970	qo.a	nld	Koa	gloss	1.0
H6970	qo.a	swa	koa	gloss	1.0
H6976	qots	eng	Koz	gloss	1.0
H6976	qots	arb	هَقُّوصَ	aligned	1.0
H6976	qots	eng	hakkoz	aligned	0.833
H6976	qots	eng	koz	aligned	0.8
H6976	qots	hin	हक्कोस	aligned	0.8
H6976	qots	spa	cos	aligned	1.0
H6981	qo.re	eng	Kore	gloss	1.0
H6981	qo.re	fra	perdrix bartavelle	gloss	1.0
H6981	qo.re	por	perdiz das pedras	gloss	1.0
H6981	qo.re	spa	perdiz griega	gloss	1.0
H6981	qo.re	cmn-Hans	岩鹧鸪；黑鹧鸪；沙鹧鸪	gloss	1.0
H6981	qo.re	cmn-Hant	岩鷓鴣；黑鷓鴣；沙鷓鴣	gloss	1.0
H6981	qo.re	deu	Kore	gloss	1.0
H6981	qo.re	nld	Kore	gloss	1.0
H6981	qo.re	swa	kore	gloss	1.0
H6981	qo.re	arb	قُورِي	aligned	1.0
H6981	qo.re	eng	kore	aligned	0.833
H6981	qo.re	hin	कोरे	aligned	0.667
H6984	qu.sha.ya.hu	eng	Kushaiah	gloss	1.0
H6984	qu.sha.ya.hu	fra	Qouchaya	gloss	1.0
H6984	qu.sha.ya.hu	por	Cuchaías	gloss	1.0
H6984	qu.sha.ya.hu	spa	Cusaías	gloss	1.0
H6984	qu.sha.ya.hu	cmn-Hans	古沙雅，《思》谷沙雅	gloss	1.0
H6984	qu.sha.ya.hu	cmn-Hant	古沙雅，《思》谷沙雅	gloss	1.0
H6984	qu.sha.ya.hu	deu	Kuschaja	gloss	1.0
H6984	qu.sha.ya.hu	nld	Kusajahu	gloss	1.0
H6984	qu.sha.ya.hu	swa	kishi	gloss	1.0
H6989	qe.tu.rah	eng	Keturah	gloss	1.0
H6989	qe.tu.rah	fra	Qetoura	gloss	1.0
H6989	qe.tu.rah	por	Quetura	gloss	1.0
H6989	qe.tu.rah	spa	Cétura	gloss	1.0
H6989	qe.tu.rah	cmn-Hans	基土拉，《思》刻突辣	gloss	1.0
H6989	qe.tu.rah	cmn-Hant	基土拉，《思》刻突辣	gloss	1.0
H6989	qe.tu.rah	deu	Ketura	gloss	1.0
H6989	qe.tu.rah	nld	Ketura	gloss	1.0
H6989	qe.tu.rah	swa	ketura	gloss	1.0
H6989	qe.tu.rah	arb	قَطُورَةَ	aligned	1.0
H6989	qe.tu.rah	eng	keturah	aligned	1.0
H6989	qe.tu.rah	hin	कतूरा	aligned	1.0
H6989	qe.tu.rah	spa	cetura	aligned	1.0
H6997	qa.tan	eng	Hakkatan	gloss	1.0
H6997	qa.tan	fra	Haqqatân	gloss	1.0
H6997	qa.tan	por	Hacatã	gloss	1.0
H6997	qa.tan	spa	Hacatán	gloss	1.0
H6997	qa.tan	cmn-Hans	哈加坦，《思》哈卡堂	gloss	1.0
H6997	qa.tan	cmn-Hant	哈加坦，《思》哈卡堂	gloss	1.0
H7003	qit.ron	eng	Kitron	gloss	1.0
H7003	qit.ron	fra	Qitrôn	gloss	1.0
H7003	qit.ron	por	Quitrom	gloss	1.0
H7003	qit.ron	spa	Quitrón	gloss	1.0
H7003	qit.ron	cmn-Hans	基伦，《思》克特龙	gloss	1.0
H7003	qit.ron	cmn-Hant	基倫，《思》克特龍	gloss	1.0
H7003	qit.ron	deu	Kitron	gloss	1.0
H7003	qit.ron	nld	Kitron	gloss	1.0
H7003	qit.ron	swa	kitroni	gloss	1.0
H7003	qit.ron	eng	kitron	aligned	1.0
H7005	qat.tat	eng	Kattath	gloss	1.0
H7005	qat.tat	fra	Qattath	gloss	1.0
H7005	qat.tat	por	Catate	gloss	1.0
H7005	qat.tat	spa	Catat	gloss	1.0
H7005	qat.tat	cmn-Hans	加他，《思》卡塔特	gloss	1.0
H7005	qat.tat	cmn-Hant	加他，《思》卡塔特	gloss	1.0
H7005	qat.tat	deu	Kattat	gloss	1.0
H7005	qat.tat	nld	Kattat	gloss	1.0
H7005	qat.tat	swa	tath	gloss	1.0
H7014	qa.yin	eng	Kain	gloss	1.0
H7014	qa.yin	deu	Spieß	gloss	1.0
H7014	qa.yin	nld	Kaïn	gloss	1.0
H7014	qa.yin	swa	mkuk, mikuki, fumo, vyus, inu	gloss	1.0
H7014	qa.yin	arb	قَايِينُ	aligned	0.75
H7014	qa.yin	arb	قَايِينَ	aligned	0.6
H7014	qa.yin	arb	لِقَايِينَ	aligned	0.5
H7014	qa.yin	eng	cain	aligned	0.69
H7014	qa.yin	eng	kenite	aligned	0.118
H7014	qa.yin	hin	कैन	aligned	0.619
H7014	qa.yin	rus	каину	aligned	1.0
H7014	qa.yin	rus	каин	aligned	0.714
H7014	qa.yin	rus	каина	aligned	0.667
H7014	qa.yin	spa	caín	aligned	0.85
H7016	qi.nah	eng	Kinah	gloss	1.0
H7016	qi.nah	deu	Leichenlied	gloss	1.0
H7016	qi.nah	nld	Kina	gloss	1.0
H7016	qi.nah	swa	ombole, yekali	gloss	1.0
H7018	qe.nan	eng	Kenan	gloss	1.0
H7018	qe.nan	fra	Qénân	gloss	1.0
H7018	qe.nan	por	Cainã	gloss	1.0
H7018	qe.nan	spa	Cainán	gloss	1.0
H7018	qe.nan	cmn-Hans	该南，《思》刻南	gloss	1.0
H7018	qe.nan	cmn-Hant	該南，《思》刻南	gloss	1.0
H7018	qe.nan	deu	Kenan	gloss	1.0
H7018	qe.nan	nld	Kenan	gloss	1.0
H7018	qe.nan	swa	kenani	gloss	1.0
H7018	qe.nan	arb	قِينَانُ	aligned	1.0
H7018	qe.nan	arb	قِينَانَ	aligned	0.429
H7018	qe.nan	eng	kenan	aligned	1.0
H7018	qe.nan	eng	cainan	aligned	0.556
H7018	qe.nan	hin	केनान	aligned	0.75
H7018	qe.nan	rus	каинан	aligned	1.0
H7018	qe.nan	rus	каинана	aligned	1.0
H7018	qe.nan	spa	cainán	aligned	0.857
H7024	qir	eng	Kir	gloss	1.0
H7024	qir	arb	قِيرَ	aligned	1.0
H7024	qir	eng	kir	aligned	0.667
H7024	qir	hin	कीर	aligned	0.667
H7025	qir che.re.s	eng	Kir-hareseth	gloss	1.0
H7025	qir che.re.s	deu	Kir-Heres	gloss	1.0
H7025	qir che.re.s	nld	Kir-Cheres	gloss	1.0
H7025	qir che.re.s	swa	kir-heresi, kir-haresethi	gloss	1.0
H7025	qir che.re.s	eng	kir-heres	aligned	0.667
H7026	qe.ros	eng	Keros	gloss	1.0
H7026	qe.ros	fra	Qéros	gloss	1.0
H7026	qe.ros	por	Queros	gloss	1.0
H7026	qe.ros	spa	Queros	gloss	1.0
H7026	qe.ros	cmn-Hans	基绿，《思》刻洛斯	gloss	1.0
H7026	qe.ros	cmn-Hant	基綠，《思》刻洛斯	gloss	1.0
H7026	qe.ros	deu	Keros	gloss	1.0
H7026	qe.ros	nld	Keros	gloss	1.0
H7026	qe.ros	swa	kerosi	gloss	1.0
H7026	qe.ros	arb	قِيرُوسَ	aligned	1.0
H7026	qe.ros	eng	keros	aligned	1.0
H7026	qe.ros	spa	chêros	aligned	1.0
H7027	qish	eng	Kish	gloss	1.0
H7027	qish	fra	Qish	gloss	1.0
H7027	qish	por	Quis	gloss	1.0
H7027	qish	spa	Cis	gloss	1.0
H7027	qish	cmn-Hans	基士，《思》克士	gloss	1.0
H7027	qish	cmn-Hant	基士，《思》克士	gloss	1.0
H7027	qish	deu	Kisch	gloss	1.0
H7027	qish	nld	Kis	gloss	1.0
H7027	qish	swa	kishi	gloss	1.0
H7027	qish	arb	قَيْسَ	aligned	1.0
H7027	qish	arb	قَيْسُ	aligned	1.0
H7027	qish	arb	وَقَيْسُ	aligned	1.0
H7027	qish	arb	قَيْسٍ	aligned	0.5
H7027	qish	eng	kish	aligned	0.705
H7027	qish	hin	कीश	aligned	0.619
H7027	qish	rus	киса	aligned	0.75
H7027	qish	rus	кис	aligned	0.5
H7027	qish	spa	chîs	aligned	1.0
H7027	qish	spa	cis	aligned	0.947
H7028	qi.shon	eng	Kishon	gloss	1.0
H7028	qi.shon	fra	Qichôn	gloss	1.0
H7028	qi.shon	por	Quisom	gloss	1.0
H7028	qi.shon	spa	Quisón	gloss	1.0
H7028	qi.shon	cmn-Hans	基顺河，《思》克雄河	gloss	1.0
H7028	qi.shon	cmn-Hant	基順河，《思》克雄河	gloss	1.0
H7028	qi.shon	deu	Kischon	gloss	1.0
H7028	qi.shon	nld	Kison	gloss	1.0
H7028	qi.shon	swa	kishoni, vuti	gloss	1.0
H7028	qi.shon	arb	قِيشُونَ	aligned	1.0
H7028	qi.shon	eng	kishon	aligned	0.917
H7028	qi.shon	hin	कीशोन	aligned	0.6
H7028	qi.shon	spa	cisón	aligned	1.0
H7029	qi.shi	eng	Kishi	gloss	1.0
H7029	qi.shi	fra	Qichi	gloss	1.0
H7029	qi.shi	por	Quisi	gloss	1.0
H7029	qi.shi	spa	Quisi	gloss	1.0
H7029	qi.shi	cmn-Hans	基示，《思》克史	gloss	1.0
H7029	qi.shi	cmn-Hant	基示，《思》克史	gloss	1.0
H7029	qi.shi	deu	Kischi	gloss	1.0
H7029	qi.shi	nld	Kisi	gloss	1.0
H7029	qi.shi	swa	abdi	gloss	1.0
H7029	qi.shi	eng	kishi	aligned	1.0
H7040	qal.lay	eng	Kallai	gloss	1.0
H7040	qal.lay	fra	Qallaï	gloss	1.0
H7040	qal.lay	por	Calai	gloss	1.0
H7040	qal.lay	spa	Calai	gloss	1.0
H7040	qal.lay	cmn-Hans	加莱，《思》卡来	gloss	1.0
H7040	qal.lay	cmn-Hant	加萊，《思》卡來	gloss	1.0
H7040	qal.lay	eng	kallai	aligned	1.0
H7041	qe.la.yah	eng	Kelaiah	gloss	1.0
H7041	qe.la.yah	fra	Qélaya	gloss	1.0
H7041	qe.la.yah	por	Quelaías	gloss	1.0
H7041	qe.la.yah	spa	Kelaía	gloss	1.0
H7041	qe.la.yah	cmn-Hans	基拉雅，《思》刻拉雅	gloss	1.0
H7041	qe.la.yah	cmn-Hant	基拉雅，《思》刻拉雅	gloss	1.0
H7041	qe.la.yah	deu	Kelaja	gloss	1.0
H7041	qe.la.yah	nld	Kelaja	gloss	1.0
H7041	qe.la.yah	swa	kelaya	gloss	1.0
H7042	qe.li.ta	eng	Kelita	gloss	1.0
H7042	qe.li.ta	fra	Qelita	gloss	1.0
H7042	qe.li.ta	por	Quelita	gloss	1.0
H7042	qe.li.ta	spa	Kelita	gloss	1.0
H7042	qe.li.ta	cmn-Hans	基利他，《思》刻里达	gloss	1.0
H7042	qe.li.ta	cmn-Hant	基利他，《思》刻里達	gloss	1.0
H7042	qe.li.ta	deu	Kelita	gloss	1.0
H7042	qe.li.ta	nld	Kelita	gloss	1.0
H7042	qe.li.ta	swa	kelita	gloss	1.0
H7042	qe.li.ta	eng	kelita	aligned	0.833
H7042	qe.li.ta	hin	कलीता	aligned	1.0
H7042	qe.li.ta	spa	celita	aligned	1.0
H7055	qe.mu.el	eng	Kemuel	gloss	1.0
H7055	qe.mu.el	fra	Qemouel	gloss	1.0
H7055	qe.mu.el	por	Quemuel	gloss	1.0
H7055	qe.mu.el	spa	Kemuel	gloss	1.0
H7055	qe.mu.el	cmn-Hans	基摩利，《现》基母利，《思》刻慕耳	gloss	1.0
H7055	qe.mu.el	cmn-Hant	基摩利，《現》基母利，《思》刻慕耳	gloss	1.0
H7055	qe.mu.el	deu	Kemuël	gloss	1.0
H7055	qe.mu.el	swa	kemueli	gloss	1.0
H7055	qe.mu.el	eng	kemuel	aligned	1.0
H7055	qe.mu.el	hin	कमूएल	aligned	1.0
H7056	qa.mon	eng	Kamon	gloss	1.0
H7056	qa.mon	fra	Qamôn	gloss	1.0
H7056	qa.mon	por	Camom	gloss	1.0
H7056	qa.mon	spa	Camón	gloss	1.0
H7056	qa.mon	cmn-Hans	加们，《思》卡孟	gloss	1.0
H7056	qa.mon	cmn-Hant	加們，《思》卡孟	gloss	1.0
H7056	qa.mon	deu	Kamon	gloss	1.0
H7056	qa.mon	swa	kamoni	gloss	1.0
H7071	qa.nah	eng	Kanah	gloss	1.0
H7071	qa.nah	fra	Qana	gloss	1.0
H7071	qa.nah	por	Caná	gloss	1.0
H7071	qa.nah	spa	Caná	gloss	1.0
H7071	qa.nah	cmn-Hans	加拿河，《思》卡纳谷	gloss	1.0
H7071	qa.nah	cmn-Hant	加拿河，《思》卡納谷	gloss	1.0
H7071	qa.nah	arb	قَانَةَ	aligned	1.0
H7071	qa.nah	eng	kanah	aligned	0.833
H7071	qa.nah	hin	काना	aligned	0.4
H7071	qa.nah	spa	cana	aligned	1.0
H7073	qe.naz	eng	Kenaz	gloss	1.0
H7073	qe.naz	fra	Qenaz	gloss	1.0
H7073	qe.naz	por	Quenaz	gloss	1.0
H7073	qe.naz	spa	Cenaz	gloss	1.0
H7073	qe.naz	cmn-Hans	基纳斯，《思》刻纳次	gloss	1.0
H7073	qe.naz	cmn-Hant	基納斯，《思》刻納次	gloss	1.0
H7073	qe.naz	deu	Kenas	gloss	1.0
H7073	qe.naz	nld	Kenaz	gloss	1.0
H7073	qe.naz	swa	kenazi	gloss	1.0
H7073	qe.naz	arb	قَنَازَ	aligned	1.0
H7073	qe.naz	eng	kenaz	aligned	0.909
H7073	qe.naz	hin	कनज	aligned	1.0
H7073	qe.naz	hin	कनजी	aligned	0.571
H7073	qe.naz	rus	феман	aligned	1.0
H7073	qe.naz	spa	cenaz	aligned	1.0
H7079	qe.nat	eng	Kenath	gloss	1.0
H7079	qe.nat	fra	Qenath	gloss	1.0
H7079	qe.nat	por	Quenate	gloss	1.0
H7079	qe.nat	spa	Kenat	gloss	1.0
H7079	qe.nat	cmn-Hans	基纳，《思》刻纳特	gloss	1.0
H7079	qe.nat	cmn-Hant	基納，《思》刻納特	gloss	1.0
H7079	qe.nat	deu	Kenat	gloss	1.0
H7079	qe.nat	nld	Kenat	gloss	1.0
H7079	qe.nat	swa	kenathi	gloss	1.0
H7079	qe.nat	arb	قَنَاةَ	aligned	0.667
H7079	qe.nat	eng	kenath	aligned	1.0
H7079	qe.nat	hin	कनात	aligned	0.286
H7084	qe.i.lah	eng	Keilah	gloss	1.0
H7084	qe.i.lah	fra	Qeïla	gloss	1.0
H7084	qe.i.lah	por	Queila	gloss	1.0
H7084	qe.i.lah	spa	Keila	gloss	1.0
H7084	qe.i.lah	cmn-Hans	基伊拉，《思》刻依拉	gloss	1.0
H7084	qe.i.lah	cmn-Hant	基伊拉，《思》刻依拉	gloss	1.0
H7084	qe.i.lah	deu	Keïla	gloss	1.0
H7084	qe.i.lah	nld	Keïla	gloss	1.0
H7084	qe.i.lah	swa	keila, waishukie, nitiwe	gloss	1.0
H7084	qe.i.lah	arb	قَعِيلَةَ	aligned	1.0
H7084	qe.i.lah	eng	keilah	aligned	0.829
H7084	qe.i.lah	hin	कीला	aligned	0.778
H7084	qe.i.lah	rus	кеиля	aligned	1.0
H7084	qe.i.lah	spa	keila	aligned	1.0
H7103	qe.tsi.ah	eng	Keziah	gloss	1.0
H7103	qe.tsi.ah	deu	Zimtblüte	gloss	1.0
H7103	qe.tsi.ah	nld	Kesia	gloss	1.0
H7103	qe.tsi.ah	swa	mdalasini, kida, nuki	gloss	1.0
H7104	qe.tsits	eng	keziz	gloss	1.0
H7104	qe.tsits	deu	Emek-Keziz	gloss	1.0
H7104	qe.tsits	nld	Emek-Kesis	gloss	1.0
H7104	qe.tsits	swa	emek-kesisi	gloss	1.0
H7141	qo.rach	eng	Korah	gloss	1.0
H7141	qo.rach	fra	Qorah	gloss	1.0
H7141	qo.rach	por	Corá	gloss	1.0
H7141	qo.rach	spa	Coré	gloss	1.0
H7141	qo.rach	cmn-Hans	可拉，《思》科辣黑	gloss	1.0
H7141	qo.rach	cmn-Hant	可拉，《思》科辣黑	gloss	1.0
H7141	qo.rach	dan	Korah	gloss	1.0
H7141	qo.rach	deu	Korach	gloss	1.0
H7141	qo.rach	nld	Korach	gloss	1.0
H7141	qo.rach	swa	kora, wakorahi	gloss	1.0
H7141	qo.rach	arb	لِقُورَحَ	aligned	1.0
H7141	qo.rach	arb	وَقُورَحَ	aligned	1.0
H7141	qo.rach	arb	قُورَحَ	aligned	0.833
H7141	qo.rach	arb	قُورَحُ	aligned	0.833
H7141	qo.rach	eng	korah	aligned	0.938
H7141	qo.rach	hin	कोरह	aligned	0.821
H7141	qo.rach	rus	корею	aligned	1.0
H7141	qo.rach	rus	корей	aligned	0.8
H7141	qo.rach	rus	кореевых	aligned	0.769
H7141	qo.rach	spa	cora	aligned	1.0
H7141	qo.rach	spa	coré	aligned	0.844
H7143	qa.re.ach	eng	Kareah	gloss	1.0
H7143	qa.re.ach	fra	Qaréah	gloss	1.0
H7143	qa.re.ach	por	Careá	gloss	1.0
H7143	qa.re.ach	spa	Carea	gloss	1.0
H7143	qa.re.ach	cmn-Hans	加利亚，《思》卡勒亚	gloss	1.0
H7143	qa.re.ach	cmn-Hant	加利亞，《思》卡勒亞	gloss	1.0
H7143	qa.re.ach	deu	Kareach	gloss	1.0
H7143	qa.re.ach	nld	Kareach	gloss	1.0
H7143	qa.re.ach	swa	karea	gloss	1.0
H7143	qa.re.ach	arb	قَارِيحَ	aligned	1.0
H7143	qa.re.ach	eng	kareah	aligned	0.929
H7143	qa.re.ach	hin	कारेह	aligned	1.0
H7143	qa.re.ach	spa	carea	aligned	1.0
H7152	qe.riy.yot	eng	Kerioth	gloss	1.0
H7152	qe.riy.yot	fra	Qeriyoth	gloss	1.0
H7152	qe.riy.yot	por	Queriote	gloss	1.0
H7152	qe.riy.yot	spa	Queriot	gloss	1.0
H7152	qe.riy.yot	cmn-Hans	加略，《思》克黎约特	gloss	1.0
H7152	qe.riy.yot	cmn-Hant	加略，《思》克黎約特	gloss	1.0
H7152	qe.riy.yot	deu	Kerijot	gloss	1.0
H7152	qe.riy.yot	nld	Keriot	gloss	1.0
H7152	qe.riy.yot	swa	keriothi, shambuli	gloss	1.0
H7152	qe.riy.yot	arb	قَرْيُوتَ	aligned	1.0
H7152	qe.riy.yot	eng	kerioth	aligned	0.75
H7152	qe.riy.yot	spa	chêrioth	aligned	1.0
H7153	qir.yat ar.ba	eng	Kiriath-arba	gloss	1.0
H7153	qir.yat ar.ba	fra	Qiriath-Arba	gloss	1.0
H7153	qir.yat ar.ba	por	Quiriate-Arba	gloss	1.0
H7153	qir.yat ar.ba	spa	Quiriat-arba	gloss	1.0
H7153	qir.yat ar.ba	cmn-Hans	基列‧亚巴，《思》克黎雅特阿尔巴	gloss	1.0
H7153	qir.yat ar.ba	cmn-Hant	基列‧亞巴，《思》克黎雅特阿爾巴	gloss	1.0
H7153	qir.yat ar.ba	deu	Kirjat-Arba	gloss	1.0
H7153	qir.yat ar.ba	nld	Kirjat-Arba	gloss	1.0
H7153	qir.yat ar.ba	swa	kiriath-arba, arba	gloss	1.0
H7153	qir.yat ar.ba	eng	kirjath-arba	aligned	1.0
H7153	qir.yat ar.ba	eng	arba	aligned	0.5
H7154	qir.yat ba.al	eng	Kiriath-baal	gloss	1.0
H7154	qir.yat ba.al	fra	Qiriath-Baal	gloss	1.0
H7154	qir.yat ba.al	por	Quiriate-Baal	gloss	1.0
H7154	qir.yat ba.al	spa	Quiriat-baal	gloss	1.0
H7154	qir.yat ba.al	cmn-Hans	基列‧巴力，《思》克黎雅特巴耳	gloss	1.0
H7154	qir.yat ba.al	cmn-Hant	基列‧巴力，《思》克黎雅特巴耳	gloss	1.0
H7154	qir.yat ba.al	deu	Kirjat-Baal	gloss	1.0
H7154	qir.yat ba.al	nld	Kirjat-Baäl	gloss	1.0
H7154	qir.yat ba.al	swa	kiriath-yearimu, kiriath-baali, litandi	gloss	1.0
H7155	qir.yat chu.tsot	eng	Kiriath-huzoth	gloss	1.0
H7155	qir.yat chu.tsot	fra	Qiriath-Houtsoth	gloss	1.0
H7155	qir.yat chu.tsot	por	Quiriate-Huzote	gloss	1.0
H7155	qir.yat chu.tsot	spa	Quiriat-huzot	gloss	1.0
H7155	qir.yat chu.tsot	cmn-Hans	基列‧胡琐，《思》克黎雅特胡祚特	gloss	1.0
H7155	qir.yat chu.tsot	cmn-Hant	基列‧胡瑣，《思》克黎雅特胡祚特	gloss	1.0
H7155	qir.yat chu.tsot	deu	Kirjat-Huzot	gloss	1.0
H7155	qir.yat chu.tsot	nld	Kirjat-Chusot	gloss	1.0
H7155	qir.yat chu.tsot	swa	kiriath-husothi	gloss	1.0
H7156	qir.ya.ta.yim	eng	Kiriathaim	gloss	1.0
H7156	qir.ya.ta.yim	fra	Qiryataïm	gloss	1.0
H7156	qir.ya.ta.yim	por	Quiriataim	gloss	1.0
H7156	qir.ya.ta.yim	spa	Quiriataim	gloss	1.0
H7156	qir.ya.ta.yim	cmn-Hans	基列亭，《思》克黎雅塔殷，克黎雅塔因	gloss	1.0
H7156	qir.ya.ta.yim	cmn-Hant	基列亭，《思》克黎雅塔殷，克黎雅塔因	gloss	1.0
H7156	qir.ya.ta.yim	deu	Kirjatajim	gloss	1.0
H7156	qir.ya.ta.yim	nld	Kirjataïm	gloss	1.0
H7156	qir.ya.ta.yim	swa	kiriathaimu	gloss	1.0
H7156	qir.ya.ta.yim	arb	قَرْيَتَايِمَ	aligned	1.0
H7156	qir.ya.ta.yim	arb	وَقَرْيَتَايِمَ	aligned	1.0
H7156	qir.ya.ta.yim	eng	kirjathaim	aligned	1.0
H7156	qir.ya.ta.yim	eng	kiriathaim	aligned	0.667
H7156	qir.ya.ta.yim	hin	किर्यातैम	aligned	1.0
H7156	qir.ya.ta.yim	spa	chîriathaim	aligned	1.0
H7157	qir.yat ye.a.rim	eng	Kiriath-jearim	gloss	1.0
H7157	qir.yat ye.a.rim	fra	Qiriath-Yéarim	gloss	1.0
H7157	qir.yat ye.a.rim	por	Quiriate-Jearim	gloss	1.0
H7157	qir.yat ye.a.rim	spa	Quiriat-jearim	gloss	1.0
H7157	qir.yat ye.a.rim	cmn-Hans	基列‧耶琳，《思》克黎雅特耶阿陵	gloss	1.0
H7157	qir.yat ye.a.rim	cmn-Hant	基列‧耶琳，《思》克黎雅特耶阿陵	gloss	1.0
H7157	qir.yat ye.a.rim	deu	Kirjat-Jearim	gloss	1.0
H7157	qir.yat ye.a.rim	nld	Kirjat-Jearim	gloss	1.0
H7157	qir.yat ye.a.rim	swa	mji, mjin, nilipokitengeza, taharuk, asipate	gloss	1.0
H7157	qir.yat ye.a.rim	eng	kirjath-jearim	aligned	0.824
H7158	qir.yat san.nah	eng	Kiriath-sannah	gloss	1.0
H7158	qir.yat san.nah	deu	Kirjat-Sanna	gloss	1.0
H7158	qir.yat san.nah	nld	Kirjat-Sanna	gloss	1.0
H7158	qir.yat san.nah	swa	kiriath-seferi	gloss	1.0
H7158	qir.yat san.nah	eng	kirjath-sepher	aligned	1.0
H7163	qe.ren hap.pukh	eng	Keren-happuch	gloss	1.0
H7163	qe.ren hap.pukh	fra	Qérèn-Happouk	gloss	1.0
H7163	qe.ren hap.pukh	por	Quéren-Hapuque	gloss	1.0
H7163	qe.ren hap.pukh	spa	Keren-hapuc	gloss	1.0
H7163	qe.ren hap.pukh	cmn-Hans	基连‧哈朴，《思》刻楞哈普客	gloss	1.0
H7163	qe.ren hap.pukh	cmn-Hant	基連‧哈樸，《思》刻楞哈普客	gloss	1.0
H7163	qe.ren hap.pukh	deu	Keren-Happuch	gloss	1.0
H7163	qe.ren hap.pukh	nld	Keren-Happuch	gloss	1.0
H7163	qe.ren hap.pukh	swa	keren-hapuhu	gloss	1.0
H7173	qar.qa	eng	Karka	gloss	1.0
H7174	qar.qor	eng	Karkor	gloss	1.0
H7174	qar.qor	fra	Karkor	gloss	1.0
H7174	qar.qor	por	Carcor	gloss	1.0
H7174	qar.qor	spa	Carcor	gloss	1.0
H7174	qar.qor	cmn-Hans	加各，《思》卡尔科尔	gloss	1.0
H7174	qar.qor	cmn-Hant	加各，《思》卡爾科爾	gloss	1.0
H7174	qar.qor	deu	Karkor	gloss	1.0
H7174	qar.qor	nld	Karkor	gloss	1.0
H7174	qar.qor	swa	karkori, zebu	gloss	1.0
H7177	qar.tah	eng	Kartah	gloss	1.0
H7177	qar.tah	fra	Qarta	gloss	1.0
H7177	qar.tah	por	Cartá	gloss	1.0
H7177	qar.tah	spa	Carta	gloss	1.0
H7177	qar.tah	cmn-Hans	加珥他，《思》卡尔达	gloss	1.0
H7177	qar.tah	cmn-Hant	加珥他，《思》卡爾達	gloss	1.0
H7177	qar.tah	deu	Karta	gloss	1.0
H7177	qar.tah	nld	Karta	gloss	1.0
H7177	qar.tah	swa	karta	gloss	1.0
H7177	qar.tah	eng	kartah	aligned	1.0
H7178	qir.ya.ta.yim	eng	Kartan	gloss	1.0
H7178	qir.ya.ta.yim	fra	Qartân	gloss	1.0
H7178	qir.ya.ta.yim	por	Cartã	gloss	1.0
H7178	qir.ya.ta.yim	spa	Cartán	gloss	1.0
H7178	qir.ya.ta.yim	cmn-Hans	加珥坦，《思》卡尔堂	gloss	1.0
H7178	qir.ya.ta.yim	cmn-Hant	加珥坦，《思》卡爾堂	gloss	1.0
H7178	qir.ya.ta.yim	deu	Kartan	gloss	1.0
H7178	qir.ya.ta.yim	nld	Kartan	gloss	1.0
H7178	qir.ya.ta.yim	swa	kiriathaimu	gloss	1.0
H7191	qish.yon	eng	Kishion	gloss	1.0
H7191	qish.yon	fra	Qichyôn	gloss	1.0
H7191	qish.yon	por	Quisiom	gloss	1.0
H7191	qish.yon	spa	Quisión	gloss	1.0
H7191	qish.yon	cmn-Hans	基善，《思》克史雍	gloss	1.0
H7191	qish.yon	cmn-Hant	基善，《思》克史雍	gloss	1.0
H7191	qish.yon	deu	Kischjon	gloss	1.0
H7191	qish.yon	nld	Kisjon	gloss	1.0
H7191	qish.yon	swa	kishioni	gloss	1.0
H7191	qish.yon	eng	kishion	aligned	0.667
H7204	ro.eh	eng	Haroeh	gloss	1.0
H7204	ro.eh	fra	Haroè	gloss	1.0
H7204	ro.eh	por	Haroé	gloss	1.0
H7204	ro.eh	spa	Haroe	gloss	1.0
H7204	ro.eh	cmn-Hans	哈罗以，《思》勒阿雅；利亚雅	gloss	1.0
H7204	ro.eh	cmn-Hant	哈羅以，《思》勒阿雅；利亞雅	gloss	1.0
H7205	re.u.ven	eng	Reuben	gloss	1.0
H7205	re.u.ven	fra	Ruben	gloss	1.0
H7205	re.u.ven	por	Rúben	gloss	1.0
H7205	re.u.ven	spa	Rubén	gloss	1.0
H7205	re.u.ven	cmn-Hans	吕便，《思》勒乌本	gloss	1.0
H7205	re.u.ven	cmn-Hant	呂便，《思》勒烏本	gloss	1.0
H7205	re.u.ven	dan	Ruben	gloss	1.0
H7205	re.u.ven	deu	Ruben	gloss	1.0
H7205	re.u.ven	nld	Ruben	gloss	1.0
H7205	re.u.ven	swa	reubeni, msimkosee, uwau	gloss	1.0
H7205	re.u.ven	arb	رَأُوبَيْنُ	aligned	1.0
H7205	re.u.ven	arb	لِرَأُوبَيْنَ	aligned	1.0
H7205	re.u.ven	arb	رَأُوبَيْنَ	aligned	0.964
H7205	re.u.ven	eng	reuben	aligned	0.902
H7205	re.u.ven	hin	रूबेन	aligned	0.923
H7205	re.u.ven	hin	रूबेनी	aligned	0.7
H7205	re.u.ven	hin	रूबेनियों	aligned	0.615
H7205	re.u.ven	rus	рувима	aligned	1.0
H7205	re.u.ven	rus	рувимовых	aligned	0.714
H7205	re.u.ven	rus	рувимовы	aligned	0.667
H7205	re.u.ven	rus	рувим	aligned	0.636
H7205	re.u.ven	rus	рувимова	aligned	0.5
H7205	re.u.ven	rus	рувимовым	aligned	0.5
H7205	re.u.ven	spa	rubén	aligned	0.947
H7208	re.u.mah	eng	Reumah	gloss	1.0
H7208	re.u.mah	fra	Reouma	gloss	1.0
H7208	re.u.mah	por	Reumá	gloss	1.0
H7208	re.u.mah	spa	Reúma	gloss	1.0
H7208	re.u.mah	cmn-Hans	流玛，《思》勒乌玛	gloss	1.0
H7208	re.u.mah	cmn-Hant	流瑪，《思》勒烏瑪	gloss	1.0
H7208	re.u.mah	deu	Rëuma	gloss	1.0
H7208	re.u.mah	nld	Reüma	gloss	1.0
H7208	re.u.mah	swa	reuma	gloss	1.0
H7208	re.u.mah	eng	reumah	aligned	1.0
H7211	re.a.yah	eng	Reaiah	gloss	1.0
H7211	re.a.yah	fra	Reaya	gloss	1.0
H7211	re.a.yah	por	Reaías	gloss	1.0
H7211	re.a.yah	spa	Reaía	gloss	1.0
H7211	re.a.yah	cmn-Hans	利亚雅，《思》勒阿雅	gloss	1.0
H7211	re.a.yah	cmn-Hant	利亞雅，《思》勒阿雅	gloss	1.0
H7211	re.a.yah	deu	Reaja	gloss	1.0
H7211	re.a.yah	nld	Reaja	gloss	1.0
H7211	re.a.yah	swa	reaya	gloss	1.0
H7211	re.a.yah	arb	رَآيَا	aligned	1.0
H7211	re.a.yah	eng	reaiah	aligned	0.875
H7216	ra.mot	eng	Ramoth	gloss	1.0
H7216	ra.mot	deu	Korallen?	gloss	1.0
H7216	ra.mot	swa	marijani, chapita	gloss	1.0
H7216	ra.mot	arb	وَرَامُوتَ	aligned	1.0
H7216	ra.mot	eng	ramoth	aligned	0.714
H7216	ra.mot	hin	रामोत	aligned	0.455
H7216	ra.mot	spa	ramoth	aligned	0.8
H7220	rosh	eng	Rosh	gloss	1.0
H7237	rab.bah	eng	Rabbah	gloss	1.0
H7237	rab.bah	fra	Rabba	gloss	1.0
H7237	rab.bah	por	Rabá	gloss	1.0
H7237	rab.bah	spa	Rabá	gloss	1.0
H7237	rab.bah	cmn-Hans	拉巴，《思》辣巴	gloss	1.0
H7237	rab.bah	cmn-Hant	拉巴，《思》辣巴	gloss	1.0
H7237	rab.bah	deu	Rabba	gloss	1.0
H7237	rab.bah	swa	raba	gloss	1.0
H7237	rab.bah	arb	رَبَّةَ	aligned	1.0
H7237	rab.bah	arb	رَبَّةِ	aligned	1.0
H7237	rab.bah	arb	رِبَّةَ	aligned	1.0
H7237	rab.bah	eng	rabbath	aligned	1.0
H7237	rab.bah	eng	rabbah	aligned	0.778
H7237	rab.bah	hin	रब्बाह	aligned	0.667
H7237	rab.bah	rus	равву	aligned	0.667
H7237	rab.bah	rus	оставался	aligned	0.111
H7237	rab.bah	spa	rabba	aligned	1.0
H7245	rab.bit	eng	Rabbith	gloss	1.0
H7245	rab.bit	fra	Rabbith	gloss	1.0
H7245	rab.bit	por	Rabite	gloss	1.0
H7245	rab.bit	spa	Rabit	gloss	1.0
H7245	rab.bit	cmn-Hans	拉璧，《思》多贝辣特	gloss	1.0
H7245	rab.bit	cmn-Hant	拉璧，《思》多貝辣特	gloss	1.0
H7245	rab.bit	deu	Rabbit	gloss	1.0
H7245	rab.bit	nld	Rabbit	gloss	1.0
H7245	rab.bit	swa	rabithu	gloss	1.0
H7247	riv.lah	eng	Riblah	gloss	1.0
H7247	riv.lah	fra	Ribla	gloss	1.0
H7247	riv.lah	por	Ribla	gloss	1.0
H7247	riv.lah	spa	Ribla	gloss	1.0
H7247	riv.lah	cmn-Hans	利比拉，《思》黎贝拉	gloss	1.0
H7247	riv.lah	cmn-Hant	利比拉，《思》黎貝拉	gloss	1.0
H7247	riv.lah	deu	Ribla	gloss	1.0
H7247	riv.lah	nld	Ribla	gloss	1.0
H7247	riv.lah	swa	ribla	gloss	1.0
H7247	riv.lah	arb	رَبْلَةَ	aligned	1.0
H7247	riv.lah	eng	riblah	aligned	0.714
H7247	riv.lah	hin	रिबला	aligned	0.375
H7247	riv.lah	spa	ribla	aligned	1.0
H7254	re.va	eng	Reba	gloss	1.0
H7254	re.va	eng	reba	aligned	1.0
H7259	riv.qah	eng	Rebekah	gloss	1.0
H7259	riv.qah	fra	Rébecca	gloss	1.0
H7259	riv.qah	por	Rebeca	gloss	1.0
H7259	riv.qah	spa	Rebeca	gloss	1.0
H7259	riv.qah	cmn-Hans	利百加，《思》黎贝加	gloss	1.0
H7259	riv.qah	cmn-Hant	利百加，《思》黎貝加	gloss	1.0
H7259	riv.qah	deu	Rebekka	gloss	1.0
H7259	riv.qah	swa	rebeka	gloss	1.0
H7259	riv.qah	arb	لِرِفْقَةَ	aligned	1.0
H7259	riv.qah	arb	وَرِفْقَةَ	aligned	1.0
H7259	riv.qah	arb	رِفْقَةَ	aligned	0.929
H7259	riv.qah	arb	رِفْقَةُ	aligned	0.923
H7259	riv.qah	eng	rebekah’s	aligned	1.0
H7259	riv.qah	eng	rebekah	aligned	0.786
H7259	riv.qah	hin	रिबका	aligned	0.71
H7259	riv.qah	rus	ревекке	aligned	1.0
H7259	riv.qah	rus	ревекка	aligned	0.889
H7259	riv.qah	rus	ревекку	aligned	0.5
H7259	riv.qah	spa	rebeca	aligned	0.967
H7262	rav.sha.qeh	eng	Rabshakeh	gloss	1.0
H7262	rav.sha.qeh	arb	رَبْشَاقَى	aligned	1.0
H7262	rav.sha.qeh	eng	rabshakeh	aligned	1.0
H7262	rav.sha.qeh	eng	butlers	aligned	0.533
H7262	rav.sha.qeh	hin	रबशाके	aligned	1.0
H7262	rav.sha.qeh	rus	рабсак	aligned	1.0
H7262	rav.sha.qeh	rus	рабсака	aligned	0.5
H7262	rav.sha.qeh	spa	rabsaces	aligned	1.0
H7274	ro.ge.lim	eng	Rogelim	gloss	1.0
H7274	ro.ge.lim	fra	Roguelim	gloss	1.0
H7274	ro.ge.lim	por	Rogelim	gloss	1.0
H7274	ro.ge.lim	spa	Rogelim	gloss	1.0
H7274	ro.ge.lim	cmn-Hans	罗基琳，《思》洛革林	gloss	1.0
H7274	ro.ge.lim	cmn-Hant	羅基琳，《思》洛革林	gloss	1.0
H7274	ro.ge.lim	deu	Roglim	gloss	1.0
H7274	ro.ge.lim	nld	Rogelim	gloss	1.0
H7274	ro.ge.lim	swa	rogelimu, amvushe	gloss	1.0
H7274	ro.ge.lim	spa	rogelim	aligned	1.0
H7276	re.gem	eng	Regem	gloss	1.0
H7276	re.gem	fra	Réguém	gloss	1.0
H7276	re.gem	por	Regém	gloss	1.0
H7276	re.gem	spa	Regem	gloss	1.0
H7276	re.gem	cmn-Hans	利健，《思》勒根	gloss	1.0
H7276	re.gem	cmn-Hant	利健，《思》勒根	gloss	1.0
H7276	re.gem	deu	Regem	gloss	1.0
H7276	re.gem	nld	Regem	gloss	1.0
H7276	re.gem	swa	regemu	gloss	1.0
H7276	re.gem	eng	regem	aligned	1.0
H7278	re.gem me.lekh	eng	Regem-melech	gloss	1.0
H7278	re.gem me.lekh	fra	Réguem-Mélek	gloss	1.0
H7278	re.gem me.lekh	por	Regém-Meleque	gloss	1.0
H7278	re.gem me.lekh	spa	Regem-melec	gloss	1.0
H7278	re.gem me.lekh	cmn-Hans	利坚‧米勒，《思》君王的官员	gloss	1.0
H7278	re.gem me.lekh	cmn-Hant	利堅‧米勒，《思》君王的官員	gloss	1.0
H7278	re.gem me.lekh	deu	Regem-Melech	gloss	1.0
H7278	re.gem me.lekh	nld	Regem-Melech	gloss	1.0
H7278	re.gem me.lekh	swa	regem-meleki	gloss	1.0
H7288	rad.day	eng	Raddai	gloss	1.0
H7288	rad.day	fra	Raddaï	gloss	1.0
H7288	rad.day	por	Radai	gloss	1.0
H7288	rad.day	spa	Radai	gloss	1.0
H7288	rad.day	cmn-Hans	拉代，《思》辣待	gloss	1.0
H7288	rad.day	cmn-Hant	拉代，《思》辣待	gloss	1.0
H7288	rad.day	deu	Raddai	gloss	1.0
H7288	rad.day	nld	Raddai	gloss	1.0
H7288	rad.day	swa	radai	gloss	1.0
H7288	rad.day	eng	raddai	aligned	1.0
H7293	ra.hav	eng	Rahab	gloss	1.0
H7293	ra.hav	fra	fier	gloss	1.0
H7293	ra.hav	spa	[Glosses - es]	gloss	1.0
H7293	ra.hav	deu	Dränger, Feind	gloss	1.0
H7293	ra.hav	nld	Rachab	gloss	1.0
H7293	ra.hav	swa	kiburi, stahili, mdhalili, mchumi, mshu	gloss	1.0
H7294	ra.hav	eng	Rahab monster	gloss	1.0
H7294	ra.hav	arb	رَهَبَ	aligned	1.0
H7294	ra.hav	eng	rahab	aligned	0.321
H7294	ra.hav	hin	रहब	aligned	0.667
H7294	ra.hav	spa	rahab	aligned	0.222
H7303	ro.ha.gah	eng	Rohgah	gloss	1.0
H7303	ro.ha.gah	fra	Rohega	gloss	1.0
H7303	ro.ha.gah	por	Roga	gloss	1.0
H7303	ro.ha.gah	spa	Rohga	gloss	1.0
H7303	ro.ha.gah	cmn-Hans	罗迦，《思》洛赫加	gloss	1.0
H7303	ro.ha.gah	cmn-Hant	羅迦，《思》洛赫加	gloss	1.0
H7316	ru.mah	eng	Dumah	gloss	1.0
H7316	ru.mah	fra	Rouma	gloss	1.0
H7316	ru.mah	por	Ruma	gloss	1.0
H7316	ru.mah	spa	Duma	gloss	1.0
H7316	ru.mah	cmn-Hans	度玛，鲁玛，《思》杜玛，鲁玛	gloss	1.0
H7316	ru.mah	cmn-Hant	度瑪，魯瑪，《思》杜瑪，魯瑪	gloss	1.0
H7316	ru.mah	deu	Ruma	gloss	1.0
H7316	ru.mah	nld	Ruma	gloss	1.0
H7316	ru.mah	swa	arab, ruma	gloss	1.0
H7316	ru.mah	eng	rumah	aligned	1.0
H7320	ro.mam.ti e.zer	eng	Romamti-ezer	gloss	1.0
H7320	ro.mam.ti e.zer	fra	Romamti-Ézer	gloss	1.0
H7320	ro.mam.ti e.zer	por	Romanti-Ézer	gloss	1.0
H7320	ro.mam.ti e.zer	spa	Romanti-ezer	gloss	1.0
H7320	ro.mam.ti e.zer	cmn-Hans	罗幔提‧以谢，《思》洛玛默提厄则尔	gloss	1.0
H7320	ro.mam.ti e.zer	cmn-Hant	羅幔提‧以謝，《思》洛瑪默提厄則爾	gloss	1.0
H7320	ro.mam.ti e.zer	eng	romamti-ezer	aligned	0.5
H7327	rut	eng	Ruth	gloss	1.0
H7327	rut	fra	Ruth	gloss	1.0
H7327	rut	por	Rute	gloss	1.0
H7327	rut	spa	Rut	gloss	1.0
H7327	rut	cmn-Hans	路得，《思》卢德	gloss	1.0
H7327	rut	cmn-Hant	路得，《思》盧德	gloss	1.0
H7327	rut	deu	Rut	gloss	1.0
H7327	rut	nld	Ruth	gloss	1.0
H7327	rut	swa	ruthu, nirudi, nikuache, uitande, marehemu	gloss	1.0
H7327	rut	arb	رَاعُوثُ	aligned	1.0
H7327	rut	arb	لِرَاعُوثَ	aligned	1.0
H7327	rut	arb	رَاعُوثَ	aligned	0.5
H7327	rut	eng	ruth	aligned	0.611
H7327	rut	hin	रूत	aligned	0.625
H7327	rut	rus	руфи	aligned	0.667
H7327	rut	rus	руфь	aligned	0.667
H7327	rut	spa	ruth	aligned	0.923
H7331	re.zon	eng	Rezon	gloss	1.0
H7331	re.zon	fra	Rezôn	gloss	1.0
H7331	re.zon	por	Rezom	gloss	1.0
H7331	re.zon	spa	Rezón	gloss	1.0
H7331	re.zon	cmn-Hans	利逊，《思》勒宗	gloss	1.0
H7331	re.zon	cmn-Hant	利遜，《思》勒宗	gloss	1.0
H7331	re.zon	eng	rezon	aligned	0.4
H7340	re.chov	eng	Rehob	gloss	1.0
H7340	re.chov	arb	رَحُوبَ	aligned	1.0
H7340	re.chov	arb	وَرَحُوبَ	aligned	1.0
H7340	re.chov	arb	وَرَحُوبُ	aligned	1.0
H7340	re.chov	eng	rehob	aligned	0.8
H7340	re.chov	hin	रहोब	aligned	0.6
H7340	re.chov	spa	rehob	aligned	1.0
H7343	ra.chav	eng	Rahab	gloss	1.0
H7343	ra.chav	arb	رَاحَابَ	aligned	0.6
H7343	ra.chav	arb	رَاحَابُ	aligned	0.333
H7343	ra.chav	eng	rahab	aligned	0.357
H7343	ra.chav	hin	राहाब	aligned	0.556
H7343	ra.chav	spa	rahab	aligned	0.556
H7344	re.cho.vot	eng	Rehoboth	gloss	1.0
H7344	re.cho.vot	fra	Rehoboth	gloss	1.0
H7344	re.cho.vot	por	Reobote	gloss	1.0
H7344	re.cho.vot	spa	Rehobot	gloss	1.0
H7344	re.cho.vot	cmn-Hans	利河伯，《思》宽大	gloss	1.0
H7344	re.cho.vot	cmn-Hant	利河伯，《思》寬大	gloss	1.0
H7344	re.cho.vot	deu	Rehobot	gloss	1.0
H7344	re.cho.vot	nld	Rechobot	gloss	1.0
H7344	re.cho.vot	swa	rehobothi	gloss	1.0
H7344	re.cho.vot	arb	رَحُوبُوتِ	aligned	1.0
H7344	re.cho.vot	eng	rehoboth	aligned	0.6
H7344	re.cho.vot	spa	rehoboth	aligned	1.0
H7345	re.chav.yah	eng	Rehabiah	gloss	1.0
H7345	re.chav.yah	deu	Rehabja	gloss	1.0
H7345	re.chav.yah	nld	Rechabja	gloss	1.0
H7345	re.chav.yah	swa	rehabia	gloss	1.0
H7345	re.chav.yah	arb	رَحَبْيَا	aligned	1.0
H7345	re.chav.yah	eng	rehabiah	aligned	0.889
H7345	re.chav.yah	hin	रहब्याह	aligned	0.667
H7345	re.chav.yah	rus	рехавии	aligned	1.0
H7345	re.chav.yah	spa	rehabía	aligned	0.75
H7346	re.chav.am	eng	Rehoboam	gloss	1.0
H7346	re.chav.am	fra	Roboam	gloss	1.0
H7346	re.chav.am	por	Reoboão	gloss	1.0
H7346	re.chav.am	spa	Rehoboam	gloss	1.0
H7346	re.chav.am	cmn-Hans	罗波安，《思》勒哈贝罕	gloss	1.0
H7346	re.chav.am	cmn-Hant	羅波安，《思》勒哈貝罕	gloss	1.0
H7346	re.chav.am	dan	Rehabeam	gloss	1.0
H7346	re.chav.am	deu	Rehabeam	gloss	1.0
H7346	re.chav.am	nld	Rechabeam	gloss	1.0
H7346	re.chav.am	swa	rehoboamu	gloss	1.0
H7346	re.chav.am	arb	رَحُبْعَامَ	aligned	1.0
H7346	re.chav.am	arb	رَحُبْعَامُ	aligned	1.0
H7346	re.chav.am	eng	rehoboam’s	aligned	1.0
H7346	re.chav.am	eng	rehoboam	aligned	0.822
H7346	re.chav.am	hin	रहबाम	aligned	0.865
H7346	re.chav.am	rus	ровоамом	aligned	1.0
H7346	re.chav.am	rus	соломонову	aligned	1.0
H7346	re.chav.am	rus	ровоам	aligned	0.842
H7346	re.chav.am	rus	ровоаму	aligned	0.667
H7346	re.chav.am	spa	roboam	aligned	0.962
H7348	re.chum	eng	Rehum	gloss	1.0
H7348	re.chum	fra	Rehoum	gloss	1.0
H7348	re.chum	por	Reum	gloss	1.0
H7348	re.chum	spa	Rehum	gloss	1.0
H7348	re.chum	cmn-Hans	利宏，《思》勒洪	gloss	1.0
H7348	re.chum	cmn-Hant	利宏，《思》勒洪	gloss	1.0
H7348	re.chum	deu	Rehum	gloss	1.0
H7348	re.chum	nld	Rechum	gloss	1.0
H7348	re.chum	swa	rehumu, harimu	gloss	1.0
H7348	re.chum	arb	رَحُومَ	aligned	1.0
H7348	re.chum	arb	رَحُومُ	aligned	1.0
H7348	re.chum	eng	rehum	aligned	0.917
H7348	re.chum	hin	रहूम	aligned	1.0
H7348	re.chum	rus	рехум	aligned	1.0
H7348	re.chum	spa	rehum	aligned	1.0
H7354	ra.chel	eng	Rachel	gloss	1.0
H7354	ra.chel	dan	moderfår	gloss	1.0
H7354	ra.chel	deu	Mutterschaf	gloss	1.0
H7354	ra.chel	nld	Rachel	gloss	1.0
H7354	ra.chel	swa	raheli, hamzalii, nitakutumikia	gloss	1.0
H7354	ra.chel	arb	بِرَاحِيلَ	aligned	1.0
H7354	ra.chel	arb	رَاحِيلَ	aligned	1.0
H7354	ra.chel	arb	رَاحِيلُ	aligned	0.905
H7354	ra.chel	eng	rachel’s	aligned	1.0
H7354	ra.chel	eng	rachel	aligned	0.742
H7354	ra.chel	hin	राहेल	aligned	0.612
H7354	ra.chel	rus	рахили	aligned	0.75
H7354	ra.chel	rus	рахиль	aligned	0.625
H7354	ra.chel	spa	rachêl	aligned	0.978
H7357	ra.cham	eng	Raham	gloss	1.0
H7357	ra.cham	fra	Raham	gloss	1.0
H7357	ra.cham	por	Raão	gloss	1.0
H7357	ra.cham	spa	Raham	gloss	1.0
H7357	ra.cham	cmn-Hans	拉含，《思》辣罕	gloss	1.0
H7357	ra.cham	cmn-Hant	拉含，《思》辣罕	gloss	1.0
H7357	ra.cham	eng	raham	aligned	1.0
H7380	ri.vay	eng	Ribai	gloss	1.0
H7380	ri.vay	fra	Ribaï	gloss	1.0
H7380	ri.vay	por	Ribai	gloss	1.0
H7380	ri.vay	spa	Ribai	gloss	1.0
H7380	ri.vay	cmn-Hans	利拜，《思》黎拜	gloss	1.0
H7380	ri.vay	cmn-Hant	利拜，《思》黎拜	gloss	1.0
H7380	ri.vay	deu	Ribai	gloss	1.0
H7380	ri.vay	nld	Ribai	gloss	1.0
H7380	ri.vay	swa	ribai	gloss	1.0
H7380	ri.vay	arb	رِيبَايَ	aligned	1.0
H7380	ri.vay	eng	ribai	aligned	0.75
H7380	ri.vay	hin	रीबै	aligned	1.0
H7380	ri.vay	spa	ribai	aligned	1.0
H7384	di.phat	eng	Riphath	gloss	1.0
H7384	di.phat	deu	Rifat	gloss	1.0
H7384	di.phat	nld	Rifat	gloss	1.0
H7384	di.phat	swa	rifathi	gloss	1.0
H7384	di.phat	arb	وَرِيفَاثُ	aligned	1.0
H7384	di.phat	eng	riphath	aligned	0.5
H7384	di.phat	rus	фогарма	aligned	0.5
H7394	re.khav	eng	Rechab	gloss	1.0
H7394	re.khav	fra	Rékab	gloss	1.0
H7394	re.khav	por	Recabe	gloss	1.0
H7394	re.khav	spa	Recab	gloss	1.0
H7394	re.khav	cmn-Hans	利甲，《思》勒加布	gloss	1.0
H7394	re.khav	cmn-Hant	利甲，《思》勒加布	gloss	1.0
H7394	re.khav	deu	Rechab	gloss	1.0
H7394	re.khav	swa	rekabu	gloss	1.0
H7394	re.khav	arb	رَكَابٍ	aligned	1.0
H7394	re.khav	arb	رَكَابَ	aligned	1.0
H7394	re.khav	arb	رَكَابُ	aligned	1.0
H7394	re.khav	eng	rechab	aligned	0.926
H7394	re.khav	hin	रेकाब	aligned	0.923
H7394	re.khav	spa	rechâb	aligned	1.0
H7403	ra.khal	eng	Racal	gloss	1.0
H7403	ra.khal	fra	Rakal	gloss	1.0
H7403	ra.khal	por	Racal	gloss	1.0
H7403	ra.khal	spa	Racal	gloss	1.0
H7403	ra.khal	cmn-Hans	拉哈勒，《思》加尔默耳【《思》源于另一个抄本？】	gloss	1.0
H7403	ra.khal	cmn-Hant	拉哈勒，《思》加爾默耳【《思》源於另一個抄本？】	gloss	1.0
H7403	ra.khal	deu	Rakal	gloss	1.0
H7403	ra.khal	nld	Rachal	gloss	1.0
H7403	ra.khal	swa	rakali	gloss	1.0
H7410	ram	eng	Ram	gloss	1.0
H7410	ram	fra	Ram	gloss	1.0
H7410	ram	por	Rão	gloss	1.0
H7410	ram	spa	Ram	gloss	1.0
H7410	ram	cmn-Hans	兰	gloss	1.0
H7410	ram	cmn-Hant	蘭	gloss	1.0
H7410	ram	deu	Ram	gloss	1.0
H7410	ram	nld	Ram	gloss	1.0
H7410	ram	swa	dume, kondoo, wana, wanaume, kium	gloss	1.0
H7410	ram	arb	رَامَ	aligned	1.0
H7410	ram	arb	وَرَامُ	aligned	1.0
H7410	ram	hin	राम	aligned	0.8
H7410	ram	rus	арам	aligned	0.667
H7410	ram	spa	ram	aligned	1.0
H7414	ra.mah	eng	Ramah	gloss	1.0
H7414	ra.mah	arb	ٱلرَّامَةَ	aligned	1.0
H7414	ra.mah	arb	ٱلرَّامَةِ	aligned	0.812
H7414	ra.mah	eng	ramath	aligned	1.0
H7414	ra.mah	eng	ramah	aligned	0.262
H7414	ra.mah	rus	рамы	aligned	0.5
H7414	ra.mah	rus	раме	aligned	0.4
H7414	ra.mah	rus	раму	aligned	0.375
H7414	ra.mah	spa	rama	aligned	0.839
H7414	ra.mah	spa	ramá	aligned	0.8
H7417	rim.mon	eng	Rimmon	gloss	1.0
H7417	rim.mon	fra	Rimmono	gloss	1.0
H7417	rim.mon	por	Rimono	gloss	1.0
H7417	rim.mon	spa	Rimón	gloss	1.0
H7417	rim.mon	cmn-Hans	临摩挪，《思》黎孟	gloss	1.0
H7417	rim.mon	cmn-Hant	臨摩挪，《思》黎孟	gloss	1.0
H7417	rim.mon	deu	Rimmon	gloss	1.0
H7417	rim.mon	nld	Rimmom	gloss	1.0
H7417	rim.mon	swa	aabudu, rimoni, rimona	gloss	1.0
H7417	rim.mon	arb	رِمُّونَ	aligned	1.0
H7417	rim.mon	arb	وَرِمُّونُ	aligned	1.0
H7417	rim.mon	eng	rimmon	aligned	0.852
H7417	rim.mon	hin	रिम्मोन	aligned	0.733
H7417	rim.mon	spa	rimmón	aligned	1.0
H7418	ra.mot	eng	Ramoth	gloss	1.0
H7422	ram.yah	eng	Ramiah	gloss	1.0
H7422	ram.yah	fra	Ramia	gloss	1.0
H7422	ram.yah	por	Ramias	gloss	1.0
H7422	ram.yah	spa	Ramía	gloss	1.0
H7422	ram.yah	cmn-Hans	拉米，《思》辣米雅	gloss	1.0
H7422	ram.yah	cmn-Hant	拉米，《思》辣米雅	gloss	1.0
H7422	ram.yah	deu	Ramja	gloss	1.0
H7422	ram.yah	nld	Ramja	gloss	1.0
H7422	ram.yah	swa	ramia	gloss	1.0
H7422	ram.yah	eng	ramiah	aligned	1.0
H7425	re.mal.ya.hu	eng	Remaliah	gloss	1.0
H7425	re.mal.ya.hu	fra	Remaliahou	gloss	1.0
H7425	re.mal.ya.hu	por	Remalias	gloss	1.0
H7425	re.mal.ya.hu	spa	Remalías	gloss	1.0
H7425	re.mal.ya.hu	cmn-Hans	利玛利，《思》勒玛里雅	gloss	1.0
H7425	re.mal.ya.hu	cmn-Hant	利瑪利，《思》勒瑪里雅	gloss	1.0
H7425	re.mal.ya.hu	dan	Remalja	gloss	1.0
H7425	re.mal.ya.hu	deu	Remalja	gloss	1.0
H7425	re.mal.ya.hu	nld	Remaljahu	gloss	1.0
H7425	re.mal.ya.hu	swa	remalia	gloss	1.0
H7425	re.mal.ya.hu	arb	رَمَلْيَا	aligned	1.0
H7425	re.mal.ya.hu	eng	remaliah	aligned	1.0
H7425	re.mal.ya.hu	hin	रमल्याह	aligned	0.917
H7425	re.mal.ya.hu	spa	remalías	aligned	1.0
H7428	rim.mon pe.rets	eng	Rimmon-perez	gloss	1.0
H7428	rim.mon pe.rets	fra	Rimmôn-Pérets	gloss	1.0
H7428	rim.mon pe.rets	por	Rimon-Peres	gloss	1.0
H7428	rim.mon pe.rets	spa	Rimón-peres	gloss	1.0
H7428	rim.mon pe.rets	cmn-Hans	临门‧帕烈，《思》黎孟培勒兹	gloss	1.0
H7428	rim.mon pe.rets	cmn-Hant	臨門‧帕烈，《思》黎孟培勒茲	gloss	1.0
H7428	rim.mon pe.rets	deu	Rimmon-Perez	gloss	1.0
H7428	rim.mon pe.rets	nld	Rimmon-Peres	gloss	1.0
H7428	rim.mon pe.rets	swa	rimon-peresi	gloss	1.0
H7428	rim.mon pe.rets	eng	rimmon-parez	aligned	1.0
H7432	re.met	eng	Remeth	gloss	1.0
H7432	re.met	fra	Rémeth	gloss	1.0
H7432	re.met	por	Remete	gloss	1.0
H7432	re.met	spa	Remet	gloss	1.0
H7432	re.met	cmn-Hans	利篾，《思》勒默特	gloss	1.0
H7432	re.met	cmn-Hant	利篾，《思》勒默特	gloss	1.0
H7432	re.met	deu	Remet	gloss	1.0
H7432	re.met	nld	Remet	gloss	1.0
H7432	re.met	swa	ramoth-gileadi, ramothi, ramoth-negebu	gloss	1.0
H7433	ra.mot gi.l.ad	eng	Ramoth (Gilead)	gloss	1.0
H7433	ra.mot gi.l.ad	eng	ramoth-gilead	aligned	0.692
H7434	ra.mat ham.mits.peh	eng	Ramath-mizpeh	gloss	1.0
H7436	ra.ma.ta.yim tso.phim	eng	Ramathaim-zophim	gloss	1.0
H7437	ra.mat le.chi	eng	Ramath-lehi	gloss	1.0
H7441	rin.nah	eng	Rinnah	gloss	1.0
H7446	ris.sah	eng	Rissah	gloss	1.0
H7446	ris.sah	fra	Rissa	gloss	1.0
H7446	ris.sah	por	Rissa	gloss	1.0
H7446	ris.sah	spa	Rissa	gloss	1.0
H7446	ris.sah	cmn-Hans	勒撒，《思》黎撒	gloss	1.0
H7446	ris.sah	cmn-Hant	勒撒，《思》黎撒	gloss	1.0
H7446	ris.sah	deu	Rissa	gloss	1.0
H7446	ris.sah	nld	Rissa	gloss	1.0
H7446	ris.sah	swa	risa	gloss	1.0
H7446	ris.sah	arb	رِسَّةَ	aligned	1.0
H7446	ris.sah	eng	rissah	aligned	0.5
H7446	ris.sah	spa	rissa	aligned	1.0
H7449	re.sen	eng	Resen	gloss	1.0
H7449	re.sen	deu	Resen	gloss	1.0
H7449	re.sen	nld	Resen	gloss	1.0
H7449	re.sen	swa	lijamu, hatamu, hawajizuii, diri, watutii	gloss	1.0
H7449	re.sen	eng	resen	aligned	1.0
H7466	re.u	eng	Reu	gloss	1.0
H7466	re.u	fra	Reou	gloss	1.0
H7466	re.u	por	Reú	gloss	1.0
H7466	re.u	spa	Reu	gloss	1.0
H7466	re.u	cmn-Hans	拉吴，《思》勒伍	gloss	1.0
H7466	re.u	cmn-Hant	拉吳，《思》勒伍	gloss	1.0
H7466	re.u	deu	Regu	gloss	1.0
H7466	re.u	nld	Reü	gloss	1.0
H7466	re.u	swa	reu	gloss	1.0
H7466	re.u	arb	رَعُوَ	aligned	1.0
H7466	re.u	arb	رَعُو	aligned	0.6
H7466	re.u	eng	reu	aligned	0.833
H7466	re.u	hin	रू	aligned	1.0
H7466	re.u	rus	рагав	aligned	1.0
H7466	re.u	rus	рагава	aligned	1.0
H7466	re.u	spa	reu	aligned	1.0
H7467	re.u.el	eng	Reuel	gloss	1.0
H7467	re.u.el	fra	Réouel	gloss	1.0
H7467	re.u.el	por	Reuel	gloss	1.0
H7467	re.u.el	spa	Reuel	gloss	1.0
H7467	re.u.el	cmn-Hans	流珥，《思》勒乌耳	gloss	1.0
H7467	re.u.el	cmn-Hant	流珥，《思》勒烏耳	gloss	1.0
H7467	re.u.el	deu	Reguël	gloss	1.0
H7467	re.u.el	nld	Reüel	gloss	1.0
H7467	re.u.el	swa	reueli, deueli	gloss	1.0
H7467	re.u.el	arb	رَعُوئِيلَ	aligned	1.0
H7467	re.u.el	arb	وَرَعُوئِيلُ	aligned	1.0
H7467	re.u.el	eng	reuel	aligned	1.0
H7467	re.u.el	hin	रूएल	aligned	1.0
H7467	re.u.el	rus	рагуила	aligned	0.667
H7467	re.u.el	spa	ragüel	aligned	1.0
H7467	re.u.el	spa	rehuel	aligned	1.0
H7467	re.u.el	spa	reuel	aligned	1.0
H7472	re.i	eng	Rei	gloss	1.0
H7472	re.i	fra	Réï	gloss	1.0
H7472	re.i	por	Reí	gloss	1.0
H7472	re.i	spa	Rei	gloss	1.0
H7472	re.i	cmn-Hans	利以，《思》勒依	gloss	1.0
H7472	re.i	cmn-Hant	利以，《思》勒依	gloss	1.0
H7472	re.i	dan	Re'i	gloss	1.0
H7472	re.i	deu	Reï	gloss	1.0
H7472	re.i	nld	Reï	gloss	1.0
H7472	re.i	swa	rei	gloss	1.0
H7480	re.e.la.yah	eng	Reelaiah	gloss	1.0
H7480	re.e.la.yah	fra	Reélaya	gloss	1.0
H7480	re.e.la.yah	por	Reelaías	gloss	1.0
H7480	re.e.la.yah	spa	Reelaías	gloss	1.0
H7480	re.e.la.yah	cmn-Hans	利来雅，《思》勒厄拉雅	gloss	1.0
H7480	re.e.la.yah	cmn-Hant	利來雅，《思》勒厄拉雅	gloss	1.0
H7480	re.e.la.yah	deu	Reelaja	gloss	1.0
H7480	re.e.la.yah	nld	Reëlaja	gloss	1.0
H7480	re.e.la.yah	swa	reelaya	gloss	1.0
H7480	re.e.la.yah	eng	reelaiah	aligned	1.0
H7484	ra.mah	eng	Raamah	gloss	1.0
H7484	ra.mah	deu	Mähne	gloss	1.0
H7484	ra.mah	nld	Rama	gloss	1.0
H7484	ra.mah	swa	yatetemayo	gloss	1.0
H7484	ra.mah	eng	raamah	aligned	0.7
H7484	ra.mah	spa	raama	aligned	1.0
H7485	ra.am.yah	eng	Raamiah	gloss	1.0
H7485	ra.am.yah	fra	Raamia	gloss	1.0
H7485	ra.am.yah	por	Raamias	gloss	1.0
H7485	ra.am.yah	spa	Raamías	gloss	1.0
H7485	ra.am.yah	cmn-Hans	拉米，《现》拉末，《思》辣阿米雅	gloss	1.0
H7485	ra.am.yah	cmn-Hant	拉米，《現》拉末，《思》辣阿米雅	gloss	1.0
H7485	ra.am.yah	deu	Raamja	gloss	1.0
H7485	ra.am.yah	nld	Raämja	gloss	1.0
H7485	ra.am.yah	swa	nahamani	gloss	1.0
H7485	ra.am.yah	eng	raamiah	aligned	1.0
H7486	ra.me.ses	eng	Rameses	gloss	1.0
H7486	ra.me.ses	fra	Ramsès	gloss	1.0
H7486	ra.me.ses	por	Ramessés	gloss	1.0
H7486	ra.me.ses	spa	Ramesés	gloss	1.0
H7486	ra.me.ses	cmn-Hans	兰塞，《思》辣默色斯	gloss	1.0
H7486	ra.me.ses	cmn-Hant	蘭塞，《思》辣默色斯	gloss	1.0
H7486	ra.me.ses	deu	Ramses	gloss	1.0
H7486	ra.me.ses	nld	Rameses	gloss	1.0
H7486	ra.me.ses	swa	ramesesi	gloss	1.0
H7486	ra.me.ses	arb	رَعَمْسِيسَ	aligned	1.0
H7486	ra.me.ses	eng	rameses	aligned	0.667
H7486	ra.me.ses	hin	रामसेस	aligned	0.4
H7486	ra.me.ses	rus	раамсеса	aligned	1.0
H7486	ra.me.ses	spa	rameses	aligned	1.0
H7497	ra.pah	eng	Rapha	gloss	1.0
H7497	ra.pah	fra	Rapha	gloss	1.0
H7497	ra.pah	por	Rafa	gloss	1.0
H7497	ra.pah	spa	Rafa	gloss	1.0
H7497	ra.pah	cmn-Hans	巨人（音译：拉法），《思》辣法巨人【《和》的“巨人”不是名字，需要标注音译吗？】	gloss	1.0
H7497	ra.pah	cmn-Hant	巨人（音譯：拉法），《思》辣法巨人【《和》的“巨人”不是名字，需要標註音譯嗎？】	gloss	1.0
H7497	ra.pah	dan	refaitterne	gloss	1.0
H7497	ra.pah	deu	Rafaiter	gloss	1.0
H7497	ra.pah	nld	Refaïet	gloss	1.0
H7497	ra.pah	swa	ekasa, noha, rafa, beth-rafa	gloss	1.0
H7497	ra.pah	arb	رَفَائِيِّينَ	aligned	1.0
H7497	ra.pah	arb	وَٱلرَّفَائِيِّينَ	aligned	1.0
H7497	ra.pah	arb	ٱلرَّفَائِيِّينَ	aligned	1.0
H7497	ra.pah	eng	rephaim	aligned	0.692
H7497	ra.pah	hin	रपाईम	aligned	1.0
H7497	ra.pah	hin	रपाई	aligned	0.667
H7497	ra.pah	hin	रपाइयों	aligned	0.5
H7497	ra.pah	rus	рефаим	aligned	1.0
H7497	ra.pah	rus	рефаимов	aligned	0.5
H7497	ra.pah	spa	gigantes	aligned	0.714
H7498	ra.pah	eng	Raphah	gloss	1.0
H7498	ra.pah	fra	Rapha	gloss	1.0
H7498	ra.pah	por	Rafa	gloss	1.0
H7498	ra.pah	spa	Rafa	gloss	1.0
H7498	ra.pah	cmn-Hans	拉法，《思》辣法	gloss	1.0
H7498	ra.pah	cmn-Hant	拉法，《思》辣法	gloss	1.0
H7498	ra.pah	eng	raphah	aligned	1.0
H7498	ra.pah	eng	giant	aligned	0.714
H7498	ra.pah	hin	रापा	aligned	0.286
H7498	ra.pah	spa	rapha	aligned	1.0
H7501	re.pha.el	eng	Rephael	gloss	1.0
H7501	re.pha.el	fra	Rephaël	gloss	1.0
H7501	re.pha.el	por	Rafael	gloss	1.0
H7501	re.pha.el	spa	Rafael	gloss	1.0
H7501	re.pha.el	cmn-Hans	利法益，《思》勒法耳	gloss	1.0
H7501	re.pha.el	cmn-Hant	利法益，《思》勒法耳	gloss	1.0
H7501	re.pha.el	deu	Refaël	gloss	1.0
H7501	re.pha.el	nld	Refaël	gloss	1.0
H7501	re.pha.el	swa	refaeli	gloss	1.0
H7505	ra.phu	eng	Raphu	gloss	1.0
H7505	ra.phu	fra	Raphou	gloss	1.0
H7505	ra.phu	por	Rafu	gloss	1.0
H7505	ra.phu	spa	Rafú	gloss	1.0
H7505	ra.phu	cmn-Hans	拉孚，《思》辣富	gloss	1.0
H7505	ra.phu	cmn-Hant	拉孚，《思》辣富	gloss	1.0
H7505	ra.phu	deu	Rafu	gloss	1.0
H7505	ra.phu	nld	Rafu	gloss	1.0
H7505	ra.phu	swa	rafu	gloss	1.0
H7505	ra.phu	eng	raphu	aligned	1.0
H7506	re.phach	eng	Rephah	gloss	1.0
H7506	re.phach	fra	Répha	gloss	1.0
H7506	re.phach	por	Refa	gloss	1.0
H7506	re.phach	spa	Refa	gloss	1.0
H7506	re.phach	cmn-Hans	利法，《思》勒法黑	gloss	1.0
H7506	re.phach	cmn-Hant	利法，《思》勒法黑	gloss	1.0
H7506	re.phach	deu	Refach	gloss	1.0
H7506	re.phach	nld	Refach	gloss	1.0
H7506	re.phach	swa	refa	gloss	1.0
H7508	re.phi.dim	eng	Rephidim	gloss	1.0
H7508	re.phi.dim	fra	Rephidim	gloss	1.0
H7508	re.phi.dim	por	Refidim	gloss	1.0
H7508	re.phi.dim	spa	Refidim	gloss	1.0
H7508	re.phi.dim	cmn-Hans	利非订，《思》勒非丁	gloss	1.0
H7508	re.phi.dim	cmn-Hant	利非訂，《思》勒非丁	gloss	1.0
H7508	re.phi.dim	dan	Refidim	gloss	1.0
H7508	re.phi.dim	deu	Refidim	gloss	1.0
H7508	re.phi.dim	nld	Refidim	gloss	1.0
H7508	re.phi.dim	swa	refidimu	gloss	1.0
H7508	re.phi.dim	arb	رَفِيدِيمَ	aligned	1.0
H7508	re.phi.dim	eng	rephidim	aligned	0.5
H7508	re.phi.dim	spa	rephidim	aligned	1.0
H7509	re.pha.yah	eng	Rephaiah	gloss	1.0
H7509	re.pha.yah	fra	Rephaya	gloss	1.0
H7509	re.pha.yah	por	Refaías	gloss	1.0
H7509	re.pha.yah	spa	Refaías	gloss	1.0
H7509	re.pha.yah	cmn-Hans	利法雅，《思》勒法雅	gloss	1.0
H7509	re.pha.yah	cmn-Hant	利法雅，《思》勒法雅	gloss	1.0
H7509	re.pha.yah	deu	Refaja	gloss	1.0
H7509	re.pha.yah	nld	Refaja	gloss	1.0
H7509	re.pha.yah	swa	refaya	gloss	1.0
H7509	re.pha.yah	arb	رَفَايَا	aligned	1.0
H7509	re.pha.yah	arb	وَرَفَايَا	aligned	1.0
H7509	re.pha.yah	eng	rephaiah	aligned	0.7
H7509	re.pha.yah	hin	रपायाह	aligned	0.333
H7509	re.pha.yah	spa	rephaías	aligned	1.0
H7525	rits.ya	eng	Rizia	gloss	1.0
H7525	rits.ya	fra	Ritsia	gloss	1.0
H7525	rits.ya	por	Rizia	gloss	1.0
H7525	rits.ya	spa	Rezía	gloss	1.0
H7525	rits.ya	cmn-Hans	利写，《思》黎兹雅	gloss	1.0
H7525	rits.ya	cmn-Hant	利寫，《思》黎茲雅	gloss	1.0
H7525	rits.ya	deu	Rizja	gloss	1.0
H7525	rits.ya	nld	Risja	gloss	1.0
H7525	rits.ya	swa	risia	gloss	1.0
H7526	re.tsin	eng	Rezin	gloss	1.0
H7526	re.tsin	fra	Retsîn	gloss	1.0
H7526	re.tsin	por	Rezim	gloss	1.0
H7526	re.tsin	spa	Rezín	gloss	1.0
H7526	re.tsin	cmn-Hans	利汛，《思》勒斤	gloss	1.0
H7526	re.tsin	cmn-Hant	利汛，《思》勒斤	gloss	1.0
H7526	re.tsin	dan	Resin	gloss	1.0
H7526	re.tsin	deu	Rezin	gloss	1.0
H7526	re.tsin	nld	Resin	gloss	1.0
H7526	re.tsin	swa	resini	gloss	1.0
H7526	re.tsin	arb	رَصِينَ	aligned	1.0
H7526	re.tsin	arb	رَصِينُ	aligned	1.0
H7526	re.tsin	eng	rezin	aligned	1.0
H7526	re.tsin	hin	रसीन	aligned	0.889
H7526	re.tsin	rus	сирийский	aligned	0.182
H7526	re.tsin	spa	rezín	aligned	1.0
H7530	re.tseph	eng	Rezeph	gloss	1.0
H7530	re.tseph	eng	rezeph	aligned	0.5
H7532	rits.pah	eng	Rizpah	gloss	1.0
H7532	rits.pah	fra	charbon actif, vif, incondescent	gloss	1.0
H7532	rits.pah	por	brasa viva	gloss	1.0
H7532	rits.pah	spa	[Glosses - sp]	gloss	1.0
H7532	rits.pah	cmn-Hans	燃烧的炭	gloss	1.0
H7532	rits.pah	cmn-Hant	燃燒的炭	gloss	1.0
H7532	rits.pah	deu	Glühkohle	gloss	1.0
H7532	rits.pah	nld	Rispa	gloss	1.0
H7532	rits.pah	swa	sakafu, sakafuni, okw, kaa	gloss	1.0
H7532	rits.pah	arb	رِصْفَةُ	aligned	1.0
H7532	rits.pah	eng	rizpah	aligned	1.0
H7532	rits.pah	hin	रिस्पा	aligned	1.0
H7532	rits.pah	rus	айя	aligned	1.0
H7532	rits.pah	spa	rispa	aligned	1.0
H7542	raq.qon	eng	Rakkon	gloss	1.0
H7542	raq.qon	fra	Raqqôn	gloss	1.0
H7542	raq.qon	por	Racom	gloss	1.0
H7542	raq.qon	spa	Racón	gloss	1.0
H7542	raq.qon	cmn-Hans	拉昆，《思》辣孔	gloss	1.0
H7542	raq.qon	cmn-Hant	拉昆，《思》辣孔	gloss	1.0
H7542	raq.qon	deu	Rakkon	gloss	1.0
H7542	raq.qon	nld	Rakkon	gloss	1.0
H7542	raq.qon	swa	rakoni	gloss	1.0
H7552	re.qem	eng	Rekem	gloss	1.0
H7552	re.qem	fra	Réqem	gloss	1.0
H7552	re.qem	por	Requém	gloss	1.0
H7552	re.qem	spa	Requem	gloss	1.0
H7552	re.qem	cmn-Hans	利坚，《思》勒耿	gloss	1.0
H7552	re.qem	cmn-Hant	利堅，《思》勒耿	gloss	1.0
H7552	re.qem	deu	Rekem	gloss	1.0
H7552	re.qem	nld	Rekem	gloss	1.0
H7552	re.qem	swa	rekemu	gloss	1.0
H7552	re.qem	arb	وَرَاقَمَ	aligned	1.0
H7552	re.qem	arb	وَرَاقَمُ	aligned	1.0
H7552	re.qem	eng	rekem	aligned	0.545
H7552	re.qem	hin	रेकेम	aligned	0.5
H7552	re.qem	spa	recem	aligned	1.0
H7557	raq.qat	eng	Rakkath	gloss	1.0
H7557	raq.qat	fra	Raqqath	gloss	1.0
H7557	raq.qat	por	Racate	gloss	1.0
H7557	raq.qat	spa	Racat	gloss	1.0
H7557	raq.qat	cmn-Hans	拉甲，《思》辣卡特	gloss	1.0
H7557	raq.qat	cmn-Hant	拉甲，《思》辣卡特	gloss	1.0
H7557	raq.qat	deu	Rakkat	gloss	1.0
H7557	raq.qat	nld	Rakkat	gloss	1.0
H7557	raq.qat	swa	rakathi	gloss	1.0
H7557	raq.qat	eng	rakkath	aligned	1.0
H7566	re.sheph	eng	Resheph	gloss	1.0
H7575	rit.mah	eng	Rithmah	gloss	1.0
H7575	rit.mah	fra	Ritma	gloss	1.0
H7575	rit.mah	por	Ritmá	gloss	1.0
H7575	rit.mah	spa	Ritma	gloss	1.0
H7575	rit.mah	cmn-Hans	利提玛，《思》黎特玛	gloss	1.0
H7575	rit.mah	cmn-Hant	利提瑪，《思》黎特瑪	gloss	1.0
H7575	rit.mah	deu	Ritma	gloss	1.0
H7575	rit.mah	nld	Ritma	gloss	1.0
H7575	rit.mah	swa	rithma	gloss	1.0
H7575	rit.mah	arb	رِثْمَةَ	aligned	1.0
H7575	rit.mah	eng	rithmah	aligned	0.5
H7575	rit.mah	spa	ritma	aligned	1.0
H7585	she.ol	eng	hell	gloss	1.0
H7585	she.ol	fra	séjour des morts	gloss	1.0
H7585	she.ol	por	mundo dos mortos	gloss	1.0
H7585	she.ol	spa	Seol	gloss	1.0
H7585	she.ol	cmn-Hans	阴间，死人的世界	gloss	1.0
H7585	she.ol	cmn-Hant	陰間，死人的世界	gloss	1.0
H7585	she.ol	arb	اَلْهَاوِيَةُ	aligned	1.0
H7585	she.ol	arb	كَٱلْهَاوِيَةِ	aligned	1.0
H7585	she.ol	arb	ٱلْهَاوِيَةَ	aligned	1.0
H7585	she.ol	arb	ٱلْهَاوِيَةُ	aligned	1.0
H7585	she.ol	arb	ٱلْهَاوِيَةِ	aligned	0.736
H7585	she.ol	eng	sheol	aligned	0.869
H7585	she.ol	hin	अधोलोक	aligned	0.562
H7585	she.ol	hin	पाताल	aligned	0.5
H7585	she.ol	rus	преисподняя	aligned	0.857
H7585	she.ol	rus	преисподней	aligned	0.444
H7585	she.ol	rus	ада	aligned	0.417
H7585	she.ol	rus	преисподнюю	aligned	0.364
H7586	sha.ul	eng	Saul	gloss	1.0
H7586	sha.ul	fra	Saül	gloss	1.0
H7586	sha.ul	por	Saul	gloss	1.0
H7586	sha.ul	spa	Saúl	gloss	1.0
H7586	sha.ul	cmn-Hans	扫罗，《思》撒乌耳	gloss	1.0
H7586	sha.ul	cmn-Hant	掃羅，《思》撒烏耳	gloss	1.0
H7586	sha.ul	dan	Saul	gloss	1.0
H7586	sha.ul	deu	Saul <der König>; Schaul	gloss	1.0
H7586	sha.ul	nld	Saul	gloss	1.0
H7586	sha.ul	swa	sauli, shauli	gloss	1.0
H7586	sha.ul	amh	ሳኦል	gloss	1.0
H7586	sha.ul	arb	أَشَاوُلُ	aligned	1.0
H7586	sha.ul	arb	بِشَاوُلَ	aligned	1.0
H7586	sha.ul	arb	شَأُولُ	aligned	1.0
H7586	sha.ul	arb	وَشَأُولُ	aligned	1.0
H7586	sha.ul	arb	شَاوُلَ	aligned	0.95
H7586	sha.ul	arb	شَاوُلُ	aligned	0.831
H7586	sha.ul	arb	وَشَاوُلُ	aligned	0.636
H7586	sha.ul	arb	لِشَاوُلَ	aligned	0.25
H7586	sha.ul	eng	saul	aligned	0.801
H7586	sha.ul	eng	saul’s	aligned	0.783
H7586	sha.ul	eng	shaul	aligned	0.706
H7586	sha.ul	hin	शाऊल	aligned	0.819
H7586	sha.ul	rus	реховофа	aligned	1.0
H7586	sha.ul	rus	сауловы	aligned	1.0
H7586	sha.ul	rus	саулом	aligned	0.833
H7586	sha.ul	rus	саул	aligned	0.783
H7586	sha.ul	rus	саулово	aligned	0.667
H7586	sha.ul	rus	саулу	aligned	0.639
H7586	sha.ul	rus	саулов	aligned	0.5
H7586	sha.ul	rus	саулова	aligned	0.455
H7586	sha.ul	spa	saúl	aligned	0.992
H7594	she.al	eng	Sheal	gloss	1.0
H7594	she.al	fra	Shéal	gloss	1.0
H7594	she.al	por	Seal	gloss	1.0
H7594	she.al	spa	Seal	gloss	1.0
H7594	she.al	cmn-Hans	示押，《思》舍阿耳	gloss	1.0
H7594	she.al	cmn-Hant	示押，《思》舍阿耳	gloss	1.0
H7594	she.al	deu	Scheal	gloss	1.0
H7594	she.al	nld	Seal	gloss	1.0
H7594	she.al	swa	sheali	gloss	1.0
H7597	she.al.ti.el	eng	Shealtiel	gloss	1.0
H7597	she.al.ti.el	fra	Shéaltiel	gloss	1.0
H7597	she.al.ti.el	por	Sealtiel	gloss	1.0
H7597	she.al.ti.el	spa	Salatiel	gloss	1.0
H7597	she.al.ti.el	cmn-Hans	撒拉铁，《思》沙耳提耳	gloss	1.0
H7597	she.al.ti.el	cmn-Hant	撒拉鐵，《思》沙耳提耳	gloss	1.0
H7597	she.al.ti.el	deu	Schealtiël	gloss	1.0
H7597	she.al.ti.el	nld	Sealtiël	gloss	1.0
H7597	she.al.ti.el	swa	shealtieli, shealueli	gloss	1.0
H7597	she.al.ti.el	arb	شَأَلْتِيئِيلَ	aligned	0.833
H7597	she.al.ti.el	arb	شَأَلْتِئِيلَ	aligned	0.429
H7597	she.al.ti.el	eng	shealtiel	aligned	0.708
H7597	she.al.ti.el	hin	शालतीएल	aligned	0.667
H7598	she.al.ti.el	eng	Shealtiel	gloss	1.0
H7609	she.e.rah	eng	Sheerah	gloss	1.0
H7609	she.e.rah	fra	Shèèra	gloss	1.0
H7609	she.e.rah	por	Seerá	gloss	1.0
H7609	she.e.rah	spa	Seera	gloss	1.0
H7609	she.e.rah	cmn-Hans	舍伊拉，《思》舍厄辣	gloss	1.0
H7609	she.e.rah	cmn-Hant	舍伊拉，《思》舍厄辣	gloss	1.0
H7609	she.e.rah	deu	Scheera	gloss	1.0
H7609	she.e.rah	nld	Seëra	gloss	1.0
H7609	she.e.rah	swa	sheera	gloss	1.0
H7610	she.ar ya.shuv	eng	Shear-jashub	gloss	1.0
H7610	she.ar ya.shuv	fra	Shéar-Yashouv	gloss	1.0
H7610	she.ar ya.shuv	por	Sear-Jasube	gloss	1.0
H7610	she.ar ya.shuv	spa	Sear-jasub	gloss	1.0
H7610	she.ar ya.shuv	cmn-Hans	施亚‧雅述，《思》舍阿尔雅叔布	gloss	1.0
H7610	she.ar ya.shuv	cmn-Hant	施亞‧雅述，《思》舍阿爾雅叔布	gloss	1.0
H7610	she.ar ya.shuv	dan	Shearjashub	gloss	1.0
H7610	she.ar ya.shuv	deu	Schear-Jaschub	gloss	1.0
H7610	she.ar ya.shuv	nld	Sear-Jasub	gloss	1.0
H7610	she.ar ya.shuv	swa	shear-yashubu, umlaki	gloss	1.0
H7614	she.va	eng	Sheba	gloss	1.0
H7614	she.va	fra	Saba	gloss	1.0
H7614	she.va	por	Sabá	gloss	1.0
H7614	she.va	spa	Seba	gloss	1.0
H7614	she.va	cmn-Hans	示巴，《思》舍巴	gloss	1.0
H7614	she.va	cmn-Hant	示巴，《思》舍巴	gloss	1.0
H7614	she.va	dan	Sheba	gloss	1.0
H7614	she.va	deu	Saba	gloss	1.0
H7614	she.va	nld	Seba	gloss	1.0
H7614	she.va	swa	sheba, seba, waseba	gloss	1.0
H7614	she.va	arb	شَبَا	aligned	1.0
H7614	she.va	arb	وَشَبَا	aligned	1.0
H7614	she.va	arb	سَبَا	aligned	0.818
H7614	she.va	eng	sheba	aligned	0.652
H7614	she.va	hin	शेबा	aligned	0.6
H7614	she.va	rus	савской	aligned	1.0
H7614	she.va	rus	савская	aligned	0.5
H7614	she.va	spa	seba	aligned	0.485
H7619	she.vu.el	eng	Shebuel	gloss	1.0
H7619	she.vu.el	deu	Schubaël	gloss	1.0
H7619	she.vu.el	nld	Sebuel	gloss	1.0
H7619	she.vu.el	swa	shebueli	gloss	1.0
H7619	she.vu.el	arb	شَبُوئِيلُ	aligned	1.0
H7619	she.vu.el	eng	shubael	aligned	1.0
H7619	she.vu.el	eng	shebuel	aligned	0.833
H7619	she.vu.el	hin	शूबाएल	aligned	1.0
H7619	she.vu.el	hin	शबूएल	aligned	0.667
H7619	she.vu.el	spa	sebuel	aligned	1.0
H7619	she.vu.el	spa	subael	aligned	1.0
H7627	she.vat	eng	Shebat	gloss	1.0
H7627	she.vat	fra	Shevat	gloss	1.0
H7627	she.vat	por	sebate	gloss	1.0
H7627	she.vat	spa	Sebat	gloss	1.0
H7627	she.vat	cmn-Hans	细罢特月，《思》舍巴特月	gloss	1.0
H7627	she.vat	cmn-Hant	細罷特月，《思》舍巴特月	gloss	1.0
H7627	she.vat	deu	Schebat <Monat>	gloss	1.0
H7627	she.vat	swa	shebati	gloss	1.0
H7629	sho.vi	eng	Shobi	gloss	1.0
H7629	sho.vi	fra	Chobi	gloss	1.0
H7629	sho.vi	por	Sobi	gloss	1.0
H7629	sho.vi	spa	Sobi	gloss	1.0
H7629	sho.vi	cmn-Hans	朔比，《思》芍彼	gloss	1.0
H7629	sho.vi	cmn-Hant	朔比，《思》芍彼	gloss	1.0
H7629	sho.vi	deu	Schobi	gloss	1.0
H7629	sho.vi	nld	Sobi	gloss	1.0
H7629	sho.vi	swa	shobi	gloss	1.0
H7630	sho.vay	eng	Shobai	gloss	1.0
H7630	sho.vay	fra	Chobaï	gloss	1.0
H7630	sho.vay	por	Sobai	gloss	1.0
H7630	sho.vay	spa	Sobai	gloss	1.0
H7630	sho.vay	cmn-Hans	朔拜，《思》芍拜	gloss	1.0
H7630	sho.vay	cmn-Hant	朔拜，《思》芍拜	gloss	1.0
H7630	sho.vay	arb	شُوبَايَ	aligned	1.0
H7630	sho.vay	eng	shobai	aligned	1.0
H7630	sho.vay	hin	शोबै	aligned	1.0
H7630	sho.vay	spa	sobai	aligned	1.0
H7634	shov.yah	eng	Sachia	gloss	1.0
H7634	shov.yah	fra	Sakya	gloss	1.0
H7634	shov.yah	por	Saquias	gloss	1.0
H7634	shov.yah	spa	Saquías	gloss	1.0
H7634	shov.yah	cmn-Hans	沙迦，《思》撒基雅	gloss	1.0
H7634	shov.yah	cmn-Hant	沙迦，《思》撒基雅	gloss	1.0
H7643	se.vam	eng	Sebam	gloss	1.0
H7643	se.vam	deu	Sibma	gloss	1.0
H7643	se.vam	nld	Sebam	gloss	1.0
H7643	se.vam	swa	sibma	gloss	1.0
H7643	se.vam	arb	سِبْمَةَ	aligned	1.0
H7643	se.vam	eng	sibmah	aligned	0.889
H7643	se.vam	hin	सिबमा	aligned	0.75
H7643	se.vam	spa	sibma	aligned	1.0
H7644	shev.na	eng	Shebna	gloss	1.0
H7644	shev.na	fra	Chebna	gloss	1.0
H7644	shev.na	por	Sebna	gloss	1.0
H7644	shev.na	spa	Sebna	gloss	1.0
H7644	shev.na	cmn-Hans	舍伯那，《思》舍布纳	gloss	1.0
H7644	shev.na	cmn-Hant	舍伯那，《思》舍布納	gloss	1.0
H7644	shev.na	deu	Schebna	gloss	1.0
H7644	shev.na	nld	Sebna	gloss	1.0
H7644	shev.na	swa	shebna	gloss	1.0
H7644	shev.na	arb	وَشَبْنَةُ	aligned	1.0
H7644	shev.na	arb	وَشِبْنَةُ	aligned	1.0
H7644	shev.na	eng	shebna	aligned	0.688
H7644	shev.na	hin	शेबना	aligned	0.222
H7644	shev.na	rus	старших	aligned	0.5
H7644	shev.na	spa	sebna	aligned	1.0
H7645	she.van.yah	eng	Shebaniah	gloss	1.0
H7645	she.van.yah	deu	Schebanja	gloss	1.0
H7645	she.van.yah	nld	Sebanja	gloss	1.0
H7645	she.van.yah	swa	shebania, shekania	gloss	1.0
H7645	she.van.yah	arb	وَشَبَنْيَا	aligned	1.0
H7645	she.van.yah	eng	shebaniah	aligned	0.786
H7645	she.van.yah	hin	शबन्याह	aligned	0.714
H7645	she.van.yah	spa	sebanías	aligned	1.0
H7669	she.ver	eng	Sheber	gloss	1.0
H7669	she.ver	eng	sheber	aligned	1.0
H7671	she.va.rim	eng	Shebarim	gloss	1.0
H7671	she.va.rim	fra	carrières de pierre	gloss	1.0
H7671	she.va.rim	por	pedreiras	gloss	1.0
H7671	she.va.rim	spa	cantera de piedras	gloss	1.0
H7671	she.va.rim	cmn-Hans	采石场	gloss	1.0
H7671	she.va.rim	cmn-Hant	採石場	gloss	1.0
H7671	she.va.rim	deu	Schebarim	gloss	1.0
H7671	she.va.rim	nld	Sebariem	gloss	1.0
H7671	she.va.rim	swa	uharibifu, anga, jerah, vunjik, vunj	gloss	1.0
H7678	shab.b.tay	eng	Shabbethai	gloss	1.0
H7678	shab.b.tay	fra	Chabthaï	gloss	1.0
H7678	shab.b.tay	por	Sabetai	gloss	1.0
H7678	shab.b.tay	spa	Sabetai	gloss	1.0
H7678	shab.b.tay	cmn-Hans	沙比太，《思》沙贝泰	gloss	1.0
H7678	shab.b.tay	cmn-Hant	沙比太，《思》沙貝泰	gloss	1.0
H7678	shab.b.tay	deu	Schabbetai	gloss	1.0
H7678	shab.b.tay	nld	Sabbetai	gloss	1.0
H7678	shab.b.tay	swa	shabethai	gloss	1.0
H7678	shab.b.tay	arb	وَشَبْتَايُ	aligned	1.0
H7678	shab.b.tay	eng	shabbethai	aligned	0.5
H7678	shab.b.tay	spa	sabethai	aligned	1.0
H7681	sha.geh	eng	Shagee	gloss	1.0
H7681	sha.geh	fra	Shagué	gloss	1.0
H7681	sha.geh	por	Sage	gloss	1.0
H7681	sha.geh	spa	Sage	gloss	1.0
H7681	sha.geh	cmn-Hans	沙基，《思》沙革	gloss	1.0
H7681	sha.geh	cmn-Hant	沙基，《思》沙革	gloss	1.0
H7687	se.guv	eng	Segub	gloss	1.0
H7687	se.guv	fra	Ségoub	gloss	1.0
H7687	se.guv	por	Segube	gloss	1.0
H7687	se.guv	spa	Segub	gloss	1.0
H7687	se.guv	cmn-Hans	西割，《思》色古布	gloss	1.0
H7687	se.guv	cmn-Hant	西割，《思》色古布	gloss	1.0
H7687	se.guv	deu	Segub	gloss	1.0
H7687	se.guv	nld	Segub	gloss	1.0
H7687	se.guv	swa	segubu	gloss	1.0
H7687	se.guv	eng	segub	aligned	0.6
H7687	se.guv	spa	segub	aligned	1.0
H7692	shig.ga.von	eng	Shiggaion	gloss	1.0
H7692	shig.ga.von	fra	chant funèbre	gloss	1.0
H7692	shig.ga.von	spa	[Glosses - es]	gloss	1.0
H7692	shig.ga.von	deu	Klagelied?	gloss	1.0
H7692	shig.ga.von	swa	habakuki, ombolezo, aliloimba	gloss	1.0
H7706	shad.day	eng	Almighty	gloss	1.0
H7706	shad.day	fra	Tout-Puissant	gloss	1.0
H7706	shad.day	por	Todo-Poderoso	gloss	1.0
H7706	shad.day	spa	Todopoderoso	gloss	1.0
H7706	shad.day	cmn-Hans	全能者；全足者	gloss	1.0
H7706	shad.day	cmn-Hant	全能者；全足者	gloss	1.0
H7706	shad.day	dan	Sadaj, Den Almægtige	gloss	1.0
H7706	shad.day	deu	Schaddai	gloss	1.0
H7706	shad.day	swa	mwenyezi	gloss	1.0
H7706	shad.day	arb	وَٱلْقَدِيرَ	aligned	1.0
H7706	shad.day	arb	وَٱلْقَدِيرُ	aligned	1.0
H7706	shad.day	arb	ٱلْقَدِيرُ	aligned	0.909
H7706	shad.day	arb	ٱلْقَدِيرِ	aligned	0.905
H7706	shad.day	arb	ٱلْقَدِيرَ	aligned	0.75
H7706	shad.day	arb	ٱلْقَادِرِ	aligned	0.6
H7706	shad.day	arb	ٱلْقَادِرُ	aligned	0.2
H7706	shad.day	eng	almighty	aligned	0.597
H7706	shad.day	hin	सर्वशक्तिमान	aligned	0.649
H7706	shad.day	rus	всемогущий	aligned	1.0
H7706	shad.day	rus	вседержителем	aligned	0.667
H7706	shad.day	rus	вседержителя	aligned	0.5
H7706	shad.day	rus	вседержитель	aligned	0.333
H7706	shad.day	spa	omnipotente	aligned	0.8
H7706	shad.day	spa	todopoderoso	aligned	0.593
H7707	she.de.ur	eng	Shedeur	gloss	1.0
H7707	she.de.ur	fra	Chedéour	gloss	1.0
H7707	she.de.ur	por	Sedeur	gloss	1.0
H7707	she.de.ur	spa	Sedeur	gloss	1.0
H7707	she.de.ur	cmn-Hans	示丢珥，《思》舍德乌尔	gloss	1.0
H7707	she.de.ur	cmn-Hant	示丟珥，《思》舍德烏爾	gloss	1.0
H7707	she.de.ur	deu	Schedëur	gloss	1.0
H7707	she.de.ur	nld	Sedeür	gloss	1.0
H7707	she.de.ur	swa	shedeuri	gloss	1.0
H7707	she.de.ur	arb	شَدَيْئُورَ	aligned	1.0
H7707	she.de.ur	eng	shedeur	aligned	1.0
H7707	she.de.ur	hin	शदेऊर	aligned	1.0
H7707	she.de.ur	spa	sedeur	aligned	1.0
H7708	sid.dim	eng	Valley	gloss	1.0
H7708	sid.dim	fra	Siddim	gloss	1.0
H7708	sid.dim	por	vale de Sidim	gloss	1.0
H7708	sid.dim	spa	valle de Sidim	gloss	1.0
H7708	sid.dim	cmn-Hans	西订谷，《思》息丁山谷	gloss	1.0
H7708	sid.dim	cmn-Hant	西訂谷，《思》息丁山谷	gloss	1.0
H7708	sid.dim	deu	Siddim	gloss	1.0
H7708	sid.dim	nld	Siddim	gloss	1.0
H7708	sid.dim	swa	sidimu	gloss	1.0
H7708	sid.dim	arb	ٱلسِّدِّيمِ	aligned	1.0
H7708	sid.dim	eng	siddim	aligned	0.5
H7714	shad.rakh	eng	Shadrach	gloss	1.0
H7714	shad.rakh	fra	Shadrak	gloss	1.0
H7714	shad.rakh	por	Sadraque	gloss	1.0
H7714	shad.rakh	spa	Sadrac	gloss	1.0
H7714	shad.rakh	cmn-Hans	沙得拉，《思》沙得辣客	gloss	1.0
H7714	shad.rakh	cmn-Hant	沙得拉，《思》沙得辣客	gloss	1.0
H7714	shad.rakh	deu	Schadrach	gloss	1.0
H7714	shad.rakh	nld	Sadrach	gloss	1.0
H7714	shad.rakh	swa	shadraka	gloss	1.0
H7714	shad.rakh	eng	shadrach	aligned	0.125
H7715	shad.rakh	eng	Shadrach	gloss	1.0
H7715	shad.rakh	arb	شَدْرَخُ	aligned	1.0
H7715	shad.rakh	arb	شَدْرَخَ	aligned	0.889
H7715	shad.rakh	eng	shadrach	aligned	0.5
H7715	shad.rakh	hin	शद्रक	aligned	0.6
H7715	shad.rakh	spa	sadrach	aligned	0.933
H7719	sho.ham	eng	Shoham	gloss	1.0
H7724	she.va	eng	Sheva	gloss	1.0
H7724	she.va	fra	Cheva	gloss	1.0
H7724	she.va	por	Seva	gloss	1.0
H7724	she.va	spa	Seva	gloss	1.0
H7724	she.va	cmn-Hans	示法，《思》史沙	gloss	1.0
H7724	she.va	cmn-Hant	示法，《思》史沙	gloss	1.0
H7724	she.va	eng	sheva	aligned	0.75
H7727	sho.vav	eng	Shobab	gloss	1.0
H7727	sho.vav	arb	وَشُوبَابُ	aligned	1.0
H7727	sho.vav	eng	shobab	aligned	0.5
H7731	sho.vakh	eng	Shobach	gloss	1.0
H7731	sho.vakh	fra	Shobak	gloss	1.0
H7731	sho.vakh	por	Sobaque	gloss	1.0
H7731	sho.vakh	spa	Sobac	gloss	1.0
H7731	sho.vakh	cmn-Hans	朔法，《思》芍巴客	gloss	1.0
H7731	sho.vakh	cmn-Hant	朔法，《思》芍巴客	gloss	1.0
H7731	sho.vakh	eng	shobach	aligned	0.75
H7731	sho.vakh	spa	sobach	aligned	1.0
H7732	sho.val	eng	Shobal	gloss	1.0
H7732	sho.val	fra	Shobal	gloss	1.0
H7732	sho.val	por	Sobal	gloss	1.0
H7732	sho.val	spa	Sobal	gloss	1.0
H7732	sho.val	cmn-Hans	朔巴，《思》芍巴耳	gloss	1.0
H7732	sho.val	cmn-Hant	朔巴，《思》芍巴耳	gloss	1.0
H7732	sho.val	deu	Schobal	gloss	1.0
H7732	sho.val	nld	Sobal	gloss	1.0
H7732	sho.val	swa	shobali	gloss	1.0
H7732	sho.val	arb	شُوبَالَ	aligned	1.0
H7732	sho.val	arb	وَشُوبَالُ	aligned	1.0
H7732	sho.val	eng	shobal	aligned	0.778
H7732	sho.val	hin	शोबाल	aligned	0.625
H7732	sho.val	rus	шовала	aligned	0.667
H7732	sho.val	spa	sobal	aligned	1.0
H7733	sho.veq	eng	Shobek	gloss	1.0
H7733	sho.veq	fra	Shobeq	gloss	1.0
H7733	sho.veq	por	Sobeque	gloss	1.0
H7733	sho.veq	spa	Sobec	gloss	1.0
H7733	sho.veq	cmn-Hans	朔百，《思》芍贝克	gloss	1.0
H7733	sho.veq	cmn-Hant	朔百，《思》芍貝克	gloss	1.0
H7733	sho.veq	deu	Schobek	gloss	1.0
H7733	sho.veq	nld	Sobek	gloss	1.0
H7733	sho.veq	swa	shobeki	gloss	1.0
H7733	sho.veq	eng	shobek	aligned	1.0
H7734	sug	eng	turn back	gloss	1.0
H7740	sha.veh	eng	Shaveh	gloss	1.0
H7740	sha.veh	fra	Chavé	gloss	1.0
H7740	sha.veh	por	Valé de Savé	gloss	1.0
H7740	sha.veh	spa	Valle de Save	gloss	1.0
H7740	sha.veh	cmn-Hans	沙微谷，《思》沙委山谷	gloss	1.0
H7740	sha.veh	cmn-Hant	沙微谷，《思》沙委山谷	gloss	1.0
H7740	sha.veh	deu	Schawe	gloss	1.0
H7740	sha.veh	nld	Sawe	gloss	1.0
H7740	sha.veh	swa	shawe	gloss	1.0
H7740	sha.veh	eng	shaveh	aligned	1.0
H7744	shu.ach	eng	Shuah	gloss	1.0
H7744	shu.ach	fra	Chouah	gloss	1.0
H7744	shu.ach	por	Suá	gloss	1.0
H7744	shu.ach	spa	Súa	gloss	1.0
H7744	shu.ach	cmn-Hans	书亚，《思》叔哈	gloss	1.0
H7744	shu.ach	cmn-Hant	書亞，《思》叔哈	gloss	1.0
H7744	shu.ach	deu	Schuach	gloss	1.0
H7744	shu.ach	nld	Suach	gloss	1.0
H7744	shu.ach	swa	sua, ishbaki	gloss	1.0
H7744	shu.ach	eng	shuah	aligned	0.429
H7746	shu.chah	eng	Shuhah	gloss	1.0
H7746	shu.chah	deu	Schuha	gloss	1.0
H7746	shu.chah	nld	Sucha	gloss	1.0
H7746	shu.chah	swa	shim, shimoni, sim, rima, birik	gloss	1.0
H7748	shu.cham	eng	Shuham	gloss	1.0
H7748	shu.cham	fra	Shouham	gloss	1.0
H7748	shu.cham	por	Suão	gloss	1.0
H7748	shu.cham	spa	Súham	gloss	1.0
H7748	shu.cham	cmn-Hans	书含，《思》叔罕	gloss	1.0
H7748	shu.cham	cmn-Hant	書含，《思》叔罕	gloss	1.0
H7748	shu.cham	deu	Schuham	gloss	1.0
H7748	shu.cham	nld	Sucham	gloss	1.0
H7748	shu.cham	swa	shuhamu	gloss	1.0
H7755	s.vo.khoh	eng	Socoh	gloss	1.0
H7755	s.vo.khoh	fra	Soko	gloss	1.0
H7755	s.vo.khoh	por	Socó	gloss	1.0
H7755	s.vo.khoh	spa	Soco	gloss	1.0
H7755	s.vo.khoh	cmn-Hans	梭哥，《思》索苛	gloss	1.0
H7755	s.vo.khoh	cmn-Hant	梭哥，《思》索苛	gloss	1.0
H7755	s.vo.khoh	deu	Socho	gloss	1.0
H7755	s.vo.khoh	nld	Socho	gloss	1.0
H7755	s.vo.khoh	swa	soko	gloss	1.0
H7755	s.vo.khoh	arb	وَسُوكُوهُ	aligned	1.0
H7755	s.vo.khoh	eng	shochoh	aligned	1.0
H7755	s.vo.khoh	eng	soco	aligned	1.0
H7755	s.vo.khoh	eng	socoh	aligned	0.857
H7755	s.vo.khoh	hin	सोको	aligned	1.0
H7755	s.vo.khoh	spa	sochô	aligned	0.875
H7763	sho.mer	eng	Shomer	gloss	1.0
H7763	sho.mer	fra	Shomer	gloss	1.0
H7763	sho.mer	por	Somer	gloss	1.0
H7763	sho.mer	spa	Somer	gloss	1.0
H7763	sho.mer	cmn-Hans	朔默，《思》芍默尔	gloss	1.0
H7763	sho.mer	cmn-Hant	朔默，《思》芍默爾	gloss	1.0
H7763	sho.mer	deu	Schemer	gloss	1.0
H7763	sho.mer	nld	Somer	gloss	1.0
H7763	sho.mer	swa	shomeri, yozakari	gloss	1.0
H7763	sho.mer	eng	shomer	aligned	1.0
H7763	sho.mer	hin	शोमेर	aligned	1.0
H7764	shu.ni	eng	Shuni	gloss	1.0
H7764	shu.ni	fra	Shouni	gloss	1.0
H7764	shu.ni	por	Suni	gloss	1.0
H7764	shu.ni	spa	Suni	gloss	1.0
H7764	shu.ni	cmn-Hans	书尼，《思》叔尼	gloss	1.0
H7764	shu.ni	cmn-Hant	書尼，《思》叔尼	gloss	1.0
H7764	shu.ni	deu	Schuniter	gloss	1.0
H7764	shu.ni	nld	Suniet	gloss	1.0
H7764	shu.ni	swa	washuni	gloss	1.0
H7764	shu.ni	eng	shuni	aligned	0.75
H7764	shu.ni	spa	suni	aligned	1.0
H7766	shu.nem	eng	Shunem	gloss	1.0
H7766	shu.nem	fra	Shounem	gloss	1.0
H7766	shu.nem	por	Suném	gloss	1.0
H7766	shu.nem	spa	Sunem	gloss	1.0
H7766	shu.nem	cmn-Hans	书念，《思》叔能	gloss	1.0
H7766	shu.nem	cmn-Hant	書念，《思》叔能	gloss	1.0
H7766	shu.nem	deu	Schunem	gloss	1.0
H7766	shu.nem	nld	Sunem	gloss	1.0
H7766	shu.nem	swa	shunemu	gloss	1.0
H7766	shu.nem	arb	شُونَمَ	aligned	1.0
H7766	shu.nem	eng	shunem	aligned	0.667
H7766	shu.nem	spa	sunem	aligned	1.0
H7770	shu.a	eng	Shua	gloss	1.0
H7770	shu.a	deu	<unklar>	gloss	1.0
H7770	shu.a	nld	Sua	gloss	1.0
H7770	shu.a	swa	lili, kili, kelel, paz, mlili	gloss	1.0
H7770	shu.a	eng	shua	aligned	0.4
H7770	shu.a	eng	shuah	aligned	0.286
H7770	shu.a	hin	शूआ	aligned	0.667
H7770	shu.a	spa	súa	aligned	1.0
H7772	sho.a	eng	Shoa	gloss	1.0
H7774	shu.a	eng	Shua	gloss	1.0
H7774	shu.a	fra	Shoua	gloss	1.0
H7774	shu.a	por	Suá	gloss	1.0
H7774	shu.a	spa	Súa	gloss	1.0
H7774	shu.a	cmn-Hans	书雅，《思》叔亚	gloss	1.0
H7774	shu.a	cmn-Hant	書雅，《思》叔亞	gloss	1.0
H7774	shu.a	deu	Schua	gloss	1.0
H7774	shu.a	nld	Sua	gloss	1.0
H7774	shu.a	swa	shua	gloss	1.0
H7774	shu.a	eng	shua	aligned	0.4
H7777	shu.al	eng	Shual	gloss	1.0
H7777	shu.al	eng	shual	aligned	0.75
H7777	shu.al	spa	sual	aligned	1.0
H7780	sho.phakh	eng	Shophach	gloss	1.0
H7780	sho.phakh	fra	Shophak	gloss	1.0
H7780	sho.phakh	por	Sofaque	gloss	1.0
H7780	sho.phakh	spa	Sofac	gloss	1.0
H7780	sho.phakh	cmn-Hans	朔法，《思》芍法客	gloss	1.0
H7780	sho.phakh	cmn-Hant	朔法，《思》芍法客	gloss	1.0
H7780	sho.phakh	deu	Schobach	gloss	1.0
H7780	sho.phakh	nld	Sofach	gloss	1.0
H7780	sho.phakh	swa	shobaki	gloss	1.0
H7780	sho.phakh	eng	shophach	aligned	0.75
H7780	sho.phakh	spa	sophach	aligned	1.0
H7793	shur	eng	Shur	gloss	1.0
H7793	shur	deu	Mauer	gloss	1.0
H7793	shur	nld	Sur	gloss	1.0
H7793	shur	swa	ukut, kuta, ziz, juu, boma, adui, watesi, mtes, chukia, wale	gloss	1.0
H7793	shur	arb	شُورٍ	aligned	1.0
H7793	shur	arb	شُورَ	aligned	1.0
H7793	shur	eng	shur	aligned	0.917
H7793	shur	hin	शूर	aligned	0.833
H7793	shur	spa	shur	aligned	1.0
H7796	s.vo.req	eng	Sorek	gloss	1.0
H7796	s.vo.req	fra	cépage de choix	gloss	1.0
H7796	s.vo.req	spa	vid	gloss	1.0
H7796	s.vo.req	eng	sorek	aligned	1.0
H7798	shav.sah	eng	Shavsha	gloss	1.0
H7798	shav.sah	fra	Chavcha	gloss	1.0
H7798	shav.sah	por	Sausa	gloss	1.0
H7798	shav.sah	spa	Savsa	gloss	1.0
H7798	shav.sah	cmn-Hans	沙威沙，《思》沙委沙	gloss	1.0
H7798	shav.sah	cmn-Hant	沙威沙，《思》沙委沙	gloss	1.0
H7798	shav.sah	deu	Schawscha	gloss	1.0
H7798	shav.sah	nld	Sawsa	gloss	1.0
H7798	shav.sah	swa	seraya, shausha	gloss	1.0
H7800	shu.shan	eng	Susa	gloss	1.0
H7800	shu.shan	arb	شُوشَنَ	aligned	1.0
H7800	shu.shan	eng	shushan	aligned	1.0
H7800	shu.shan	eng	susa	aligned	0.19
H7800	shu.shan	hin	शूशन	aligned	0.19
H7800	shu.shan	rus	престольном	aligned	0.75
H7800	shu.shan	spa	susán	aligned	1.0
H7803	shu.te.lach	eng	Shuthelah	gloss	1.0
H7803	shu.te.lach	fra	Shoutèlah	gloss	1.0
H7803	shu.te.lach	por	Sutela	gloss	1.0
H7803	shu.te.lach	spa	Sutela	gloss	1.0
H7803	shu.te.lach	cmn-Hans	书提拉，《思》叔特拉	gloss	1.0
H7803	shu.te.lach	cmn-Hant	書提拉，《思》叔特拉	gloss	1.0
H7803	shu.te.lach	deu	Schutelach	gloss	1.0
H7803	shu.te.lach	nld	Sutelach	gloss	1.0
H7803	shu.te.lach	swa	shuthela	gloss	1.0
H7803	shu.te.lach	eng	shuthelah	aligned	0.75
H7803	shu.te.lach	hin	शूतेलह	aligned	0.4
H7803	shu.te.lach	rus	шутелы	aligned	1.0
H7831	sha.cha.tsi.mah	eng	Shahazumah	gloss	1.0
H7831	sha.cha.tsi.mah	fra	Shahatsima	gloss	1.0
H7831	sha.cha.tsi.mah	por	Saazima	gloss	1.0
H7831	sha.cha.tsi.mah	spa	Sahazima	gloss	1.0
H7831	sha.cha.tsi.mah	cmn-Hans	沙哈洗玛，《思》沙哈漆玛	gloss	1.0
H7831	sha.cha.tsi.mah	cmn-Hant	沙哈洗瑪，《思》沙哈漆瑪	gloss	1.0
H7841	she.char.yah	eng	Shehariah	gloss	1.0
H7841	she.char.yah	fra	Sheharya	gloss	1.0
H7841	she.char.yah	por	Searias	gloss	1.0
H7841	she.char.yah	spa	Seharías	gloss	1.0
H7841	she.char.yah	cmn-Hans	示哈利，《思》舍哈黎雅	gloss	1.0
H7841	she.char.yah	cmn-Hant	示哈利，《思》舍哈黎雅	gloss	1.0
H7841	she.char.yah	deu	Scheharja	gloss	1.0
H7841	she.char.yah	nld	Secharja	gloss	1.0
H7841	she.char.yah	swa	sheharia	gloss	1.0
H7842	sha.cha.ra.yim	eng	Shaharaim	gloss	1.0
H7842	sha.cha.ra.yim	fra	Shaharaïm	gloss	1.0
H7842	sha.cha.ra.yim	por	Saaraim	gloss	1.0
H7842	sha.cha.ra.yim	spa	Saharaim	gloss	1.0
H7842	sha.cha.ra.yim	cmn-Hans	沙哈连，《思》沙哈辣殷	gloss	1.0
H7842	sha.cha.ra.yim	cmn-Hant	沙哈連，《思》沙哈辣殷	gloss	1.0
H7842	sha.cha.ra.yim	deu	Schaharajim	gloss	1.0
H7842	sha.cha.ra.yim	nld	Sacharaïm	gloss	1.0
H7842	sha.cha.ra.yim	swa	shaharaimu	gloss	1.0
H7851	shit.tim	eng	Shittim	gloss	1.0
H7851	shit.tim	fra	Shittim	gloss	1.0
H7851	shit.tim	por	Sitim	gloss	1.0
H7851	shit.tim	spa	Sitim	gloss	1.0
H7851	shit.tim	cmn-Hans	什亭，《思》史廷	gloss	1.0
H7851	shit.tim	cmn-Hant	什亭，《思》史廷	gloss	1.0
H7851	shit.tim	deu	Schittim	gloss	1.0
H7851	shit.tim	nld	Sittim	gloss	1.0
H7851	shit.tim	swa	shitimu	gloss	1.0
H7851	shit.tim	arb	شِطِّيمَ	aligned	1.0
H7851	shit.tim	eng	shittim	aligned	0.111
H7851	shit.tim	spa	sittim	aligned	1.0
H7856	sit.nah	eng	Sitnah	gloss	1.0
H7856	sit.nah	deu	Anschuldigung	gloss	1.0
H7856	sit.nah	nld	Sitna	gloss	1.0
H7856	sit.nah	swa	shitak, shitaki	gloss	1.0
H7861	shit.ray	eng	Shitrai	gloss	1.0
H7861	shit.ray	fra	Shirtaï	gloss	1.0
H7861	shit.ray	por	Sitrai	gloss	1.0
H7861	shit.ray	spa	Sitrai	gloss	1.0
H7861	shit.ray	cmn-Hans	施提莱，《思》史特赖	gloss	1.0
H7861	shit.ray	cmn-Hant	施提萊，《思》史特賴	gloss	1.0
H7861	shit.ray	eng	shitrai	aligned	1.0
H7864	she.ya	eng	Sheya	gloss	1.0
H7864	she.ya	deu	Schewa	gloss	1.0
H7864	she.ya	nld	Sewa	gloss	1.0
H7864	she.ya	swa	shausha	gloss	1.0
H7865	si.on	eng	Sirion	gloss	1.0
H7865	si.on	fra	Syôn	gloss	1.0
H7865	si.on	por	Siom	gloss	1.0
H7865	si.on	spa	Sión	gloss	1.0
H7865	si.on	cmn-Hans	西云，《现》西连，《思》息尔翁	gloss	1.0
H7865	si.on	cmn-Hant	西雲，《現》西連，《思》息爾翁	gloss	1.0
H7865	si.on	deu	Sion	gloss	1.0
H7865	si.on	nld	Sion	gloss	1.0
H7865	si.on	swa	ngon	gloss	1.0
H7866	shi.on	eng	Shion	gloss	1.0
H7866	shi.on	fra	Chiôn	gloss	1.0
H7866	shi.on	por	Siom	gloss	1.0
H7866	shi.on	spa	Sihón	gloss	1.0
H7866	shi.on	cmn-Hans	示按，《思》史雍	gloss	1.0
H7866	shi.on	cmn-Hant	示按，《思》史雍	gloss	1.0
H7866	shi.on	deu	Schion	gloss	1.0
H7866	shi.on	nld	Sion	gloss	1.0
H7866	shi.on	swa	shioni	gloss	1.0
H7877	shi.za	eng	Shiza	gloss	1.0
H7877	shi.za	fra	Shiza	gloss	1.0
H7877	shi.za	por	Siza	gloss	1.0
H7877	shi.za	spa	Siza	gloss	1.0
H7877	shi.za	cmn-Hans	示撒，《思》史匝	gloss	1.0
H7877	shi.za	cmn-Hant	示撒，《思》史匝	gloss	1.0
H7877	shi.za	deu	Schisa	gloss	1.0
H7877	shi.za	nld	Siza	gloss	1.0
H7877	shi.za	swa	mreubeni, shiza	gloss	1.0
H7877	shi.za	eng	shiza	aligned	1.0
H7883	shi.chor	eng	Shihor	gloss	1.0
H7883	shi.chor	fra	Shihor	gloss	1.0
H7883	shi.chor	por	Sior	gloss	1.0
H7883	shi.chor	spa	Sihor	gloss	1.0
H7883	shi.chor	cmn-Hans	西曷河，《思》史曷尔河	gloss	1.0
H7883	shi.chor	cmn-Hant	西曷河，《思》史曷爾河	gloss	1.0
H7883	shi.chor	deu	Schihor	gloss	1.0
H7883	shi.chor	nld	Sichor	gloss	1.0
H7883	shi.chor	swa	shihori	gloss	1.0
H7883	shi.chor	arb	شِيحُورَ	aligned	1.0
H7883	shi.chor	eng	sihor	aligned	1.0
H7883	shi.chor	eng	shihor	aligned	0.75
H7883	shi.chor	hin	शीहोर	aligned	1.0
H7883	shi.chor	spa	sihor	aligned	1.0
H7884	shi.chor liv.nat	eng	Shihor-libnath	gloss	1.0
H7884	shi.chor liv.nat	fra	Chihor-Libnath	gloss	1.0
H7884	shi.chor liv.nat	por	Sior-Libnate	gloss	1.0
H7884	shi.chor liv.nat	spa	Sihorlibnat	gloss	1.0
H7884	shi.chor liv.nat	cmn-Hans	希曷‧立纳河，《思》里贝纳特河	gloss	1.0
H7884	shi.chor liv.nat	cmn-Hant	希曷‧立納河，《思》里貝納特河	gloss	1.0
H7884	shi.chor liv.nat	deu	Schihor-Libnat	gloss	1.0
H7884	shi.chor liv.nat	nld	Sichor-Libnat	gloss	1.0
H7884	shi.chor liv.nat	swa	shihor-libnathi	gloss	1.0
H7886	shi.loh	eng	`tribute`	gloss	1.0
H7886	shi.loh	fra	Shilo	gloss	1.0
H7886	shi.loh	por	Siló	gloss	1.0
H7886	shi.loh	spa	Siloh	gloss	1.0
H7886	shi.loh	cmn-Hans	细罗，《思》史罗	gloss	1.0
H7886	shi.loh	cmn-Hant	細羅，《思》史羅	gloss	1.0
H7887	shi.loh	eng	Shiloh	gloss	1.0
H7887	shi.loh	deu	Schilo	gloss	1.0
H7887	shi.loh	nld	Silo	gloss	1.0
H7887	shi.loh	swa	shilo, vyopatend, likali	gloss	1.0
H7887	shi.loh	arb	شِيلُوهَ	aligned	0.964
H7887	shi.loh	eng	shiloh	aligned	0.672
H7887	shi.loh	hin	शीलो	aligned	0.333
H7887	shi.loh	rus	силом	aligned	0.5
H7887	shi.loh	spa	silo	aligned	1.0
H7889	shi.mon	eng	Shimon	gloss	1.0
H7889	shi.mon	fra	Shimôn	gloss	1.0
H7889	shi.mon	por	Simão	gloss	1.0
H7889	shi.mon	spa	Simón	gloss	1.0
H7889	shi.mon	cmn-Hans	示门，《思》史孟	gloss	1.0
H7889	shi.mon	cmn-Hant	示門，《思》史孟	gloss	1.0
H7889	shi.mon	deu	Schimon	gloss	1.0
H7889	shi.mon	nld	Simon	gloss	1.0
H7889	shi.mon	swa	rina	gloss	1.0
H7889	shi.mon	eng	shimon	aligned	1.0
H7894	shi.sah	eng	Shisha	gloss	1.0
H7894	shi.sah	fra	Shisha	gloss	1.0
H7894	shi.sah	por	Sisá	gloss	1.0
H7894	shi.sah	spa	Sisa	gloss	1.0
H7894	shi.sah	cmn-Hans	示沙，《思》史沙	gloss	1.0
H7894	shi.sah	cmn-Hant	示沙，《思》史沙	gloss	1.0
H7894	shi.sah	deu	Schischa	gloss	1.0
H7894	shi.sah	nld	Sisa	gloss	1.0
H7894	shi.sah	swa	elihorefu	gloss	1.0
H7894	shi.sah	eng	shisha	aligned	1.0
H7895	shi.shaq	eng	Shishak	gloss	1.0
H7895	shi.shaq	fra	Shishaq	gloss	1.0
H7895	shi.shaq	por	Sisaque	gloss	1.0
H7895	shi.shaq	spa	Sisac	gloss	1.0
H7895	shi.shaq	cmn-Hans	示撒，《思》史沙克	gloss	1.0
H7895	shi.shaq	cmn-Hant	示撒，《思》史沙克	gloss	1.0
H7895	shi.shaq	deu	Schischak	gloss	1.0
H7895	shi.shaq	nld	Sisak	gloss	1.0
H7895	shi.shaq	swa	shishaki	gloss	1.0
H7895	shi.shaq	arb	شِيشَقَ	aligned	1.0
H7895	shi.shaq	arb	شِيشَقُ	aligned	1.0
H7895	shi.shaq	eng	shishak	aligned	1.0
H7895	shi.shaq	hin	शीशक	aligned	1.0
H7895	shi.shaq	spa	sisac	aligned	1.0
H7906	se.khu	eng	Secu	gloss	1.0
H7906	se.khu	fra	Sékou	gloss	1.0
H7906	se.khu	por	Seco	gloss	1.0
H7906	se.khu	spa	Secú	gloss	1.0
H7906	se.khu	cmn-Hans	西沽，《思》色雇	gloss	1.0
H7906	se.khu	cmn-Hant	西沽，《思》色雇	gloss	1.0
H7906	se.khu	deu	Sechu	gloss	1.0
H7906	se.khu	nld	Sechu	gloss	1.0
H7906	se.khu	swa	seku	gloss	1.0
H7927	she.khem	eng	Shechem	gloss	1.0
H7927	she.khem	arb	شَكِيمُ	aligned	1.0
H7927	she.khem	arb	وَشَكِيمُ	aligned	1.0
H7927	she.khem	arb	شَكِيمَ	aligned	0.913
H7927	she.khem	arb	وَشَكِيمَ	aligned	0.75
H7927	she.khem	eng	shechem’s	aligned	1.0
H7927	she.khem	eng	shechem	aligned	0.744
H7927	she.khem	hin	शेकेम	aligned	0.567
H7927	she.khem	rus	сихеме	aligned	1.0
H7927	she.khem	rus	сихемские	aligned	1.0
H7927	she.khem	rus	сихемским	aligned	1.0
H7927	she.khem	rus	сихемских	aligned	0.5
H7927	she.khem	rus	сихем	aligned	0.462
H7927	she.khem	rus	долину	aligned	0.167
H7927	she.khem	spa	sichêm	aligned	0.967
H7928	she.khem	eng	Shechem	gloss	1.0
H7928	she.khem	fra	Shèkem	gloss	1.0
H7928	she.khem	por	Siquém	gloss	1.0
H7928	she.khem	spa	Siquem	gloss	1.0
H7928	she.khem	cmn-Hans	示剑，《思》舍根	gloss	1.0
H7928	she.khem	cmn-Hant	示劍，《思》舍根	gloss	1.0
H7928	she.khem	deu	Schechem	gloss	1.0
H7928	she.khem	nld	Sechem	gloss	1.0
H7928	she.khem	swa	shekemu, hawachungi	gloss	1.0
H7928	she.khem	spa	sechêm	aligned	1.0
H7935	she.khan.yah	eng	Shecaniah	gloss	1.0
H7935	she.khan.yah	deu	Schechanja	gloss	1.0
H7935	she.khan.yah	nld	Sechanja	gloss	1.0
H7935	she.khan.yah	swa	shekania	gloss	1.0
H7935	she.khan.yah	arb	شَكَنْيَا	aligned	1.0
H7935	she.khan.yah	eng	shechaniah	aligned	0.889
H7935	she.khan.yah	eng	shecaniah	aligned	0.727
H7935	she.khan.yah	hin	शकन्याह	aligned	0.667
H7935	she.khan.yah	spa	sechânías	aligned	1.0
H7940	sa.khar	eng	Sachar	gloss	1.0
H7940	sa.khar	spa	sachâr	aligned	1.0
H7942	shik.k.ron	eng	Shikkeron	gloss	1.0
H7942	shik.k.ron	fra	ivresse	gloss	1.0
H7942	shik.k.ron	por	embriaguez	gloss	1.0
H7942	shik.k.ron	spa	borrachera	gloss	1.0
H7942	shik.k.ron	cmn-Hans	醉酒	gloss	1.0
H7942	shik.k.ron	cmn-Hant	醉酒	gloss	1.0
H7956	she.lah	eng	Shelah	gloss	1.0
H7956	she.lah	fra	Shéla	gloss	1.0
H7956	she.lah	por	Selá	gloss	1.0
H7956	she.lah	spa	Sela	gloss	1.0
H7956	she.lah	cmn-Hans	示拉，《思》舍拉	gloss	1.0
H7956	she.lah	cmn-Hant	示拉，《思》舍拉	gloss	1.0
H7956	she.lah	deu	Schela	gloss	1.0
H7956	she.lah	nld	Sela	gloss	1.0
H7956	she.lah	swa	shel	gloss	1.0
H7956	she.lah	arb	شِيلَةَ	aligned	1.0
H7956	she.lah	arb	لِشِيلَةَ	aligned	1.0
H7956	she.lah	eng	shelah	aligned	0.387
H7956	she.lah	hin	शेला	aligned	0.444
H7956	she.lah	spa	sela	aligned	0.615
H7967	shal.lum	eng	Shallum	gloss	1.0
H7967	shal.lum	fra	Shalloum	gloss	1.0
H7967	shal.lum	por	Salum	gloss	1.0
H7967	shal.lum	spa	Salum	gloss	1.0
H7967	shal.lum	cmn-Hans	沙龙，《思》沙隆	gloss	1.0
H7967	shal.lum	cmn-Hant	沙龍，《思》沙隆	gloss	1.0
H7967	shal.lum	deu	Schallum	gloss	1.0
H7967	shal.lum	nld	Sallum	gloss	1.0
H7967	shal.lum	swa	shalumu	gloss	1.0
H7967	shal.lum	arb	شَلُّومَ	aligned	1.0
H7967	shal.lum	arb	شَلُّومُ	aligned	1.0
H7967	shal.lum	arb	وَشَلُّومُ	aligned	1.0
H7967	shal.lum	eng	shallum	aligned	0.891
H7967	shal.lum	hin	शल्लूम	aligned	0.759
H7967	shal.lum	rus	атера	aligned	0.667
H7967	shal.lum	rus	иависа	aligned	0.25
H7967	shal.lum	spa	sallum	aligned	0.929
H7968	shal.lun	eng	Shallum	gloss	1.0
H7968	shal.lun	fra	Shalloum	gloss	1.0
H7968	shal.lun	por	Salum	gloss	1.0
H7968	shal.lun	spa	Salum	gloss	1.0
H7968	shal.lun	cmn-Hans	沙仑，《思》沙隆	gloss	1.0
H7968	shal.lun	cmn-Hant	沙崙，《思》沙隆	gloss	1.0
H7968	shal.lun	deu	Schallun	gloss	1.0
H7968	shal.lun	nld	Sallun	gloss	1.0
H7968	shal.lun	swa	shalumu	gloss	1.0
H7974	she.lach	eng	Shelah	gloss	1.0
H7974	she.lach	deu	Wasserleitung	gloss	1.0
H7974	she.lach	nld	Selach	gloss	1.0
H7974	she.lach	swa	mienge, upanga, sawa, fungia	gloss	1.0
H7974	she.lach	arb	شَالَحُ	aligned	1.0
H7974	she.lach	arb	وَشَالَحُ	aligned	1.0
H7974	she.lach	arb	شَالَحَ	aligned	0.667
H7974	she.lach	eng	salah	aligned	0.857
H7974	she.lach	eng	shelah	aligned	0.29
H7974	she.lach	hin	शेलह	aligned	0.556
H7974	she.lach	rus	сала	aligned	1.0
H7974	she.lach	spa	sala	aligned	0.286
H7974	she.lach	spa	sela	aligned	0.231
H7977	shil.chi	eng	Shilhi	gloss	1.0
H7977	shil.chi	fra	Shilhi	gloss	1.0
H7977	shil.chi	por	Sili	gloss	1.0
H7977	shil.chi	spa	Silhi	gloss	1.0
H7977	shil.chi	cmn-Hans	示利希，《思》史肋希	gloss	1.0
H7977	shil.chi	cmn-Hant	示利希，《思》史肋希	gloss	1.0
H7977	shil.chi	deu	Schilhi	gloss	1.0
H7977	shil.chi	nld	Silchi	gloss	1.0
H7977	shil.chi	swa	shilhi	gloss	1.0
H7977	shil.chi	arb	شَلْحِي	aligned	1.0
H7977	shil.chi	eng	shilhi	aligned	1.0
H7977	shil.chi	hin	शिल्ही	aligned	1.0
H7978	shil.chim	eng	Shilhim	gloss	1.0
H7978	shil.chim	fra	Shilhim	gloss	1.0
H7978	shil.chim	por	Silim	gloss	1.0
H7978	shil.chim	spa	Silhim	gloss	1.0
H7978	shil.chim	cmn-Hans	实忻，《思》史耳新	gloss	1.0
H7978	shil.chim	cmn-Hant	實忻，《思》史耳新	gloss	1.0
H7978	shil.chim	deu	Schösslinge	gloss	1.0
H7978	shil.chim	nld	Silchim	gloss	1.0
H7978	shil.chim	swa	mienge, upanga, sawa, fungia	gloss	1.0
H7996	shal.le.khet	eng	Shallecheth	gloss	1.0
H7996	shal.le.khet	deu	Schallechet	gloss	1.0
H7996	shal.le.khet	nld	Sallechet	gloss	1.0
H7996	shal.le.khet	swa	shalekethi	gloss	1.0
H7996	shal.le.khet	eng	shallecheth	aligned	1.0
H8004	sha.lem	eng	Salem	gloss	1.0
H8004	sha.lem	dan	fuldkommen, uskadt, fredelig	gloss	1.0
H8004	sha.lem	deu	unversehrt; vollständig; friedlich	gloss	1.0
H8004	sha.lem	nld	Salem	gloss	1.0
H8004	sha.lem	swa	ish, lip, kamili, maliz, anga	gloss	1.0
H8004	sha.lem	eng	salem	aligned	0.222
H8004	sha.lem	spa	salem	aligned	0.5
H8006	shil.lem	eng	Shillem	gloss	1.0
H8006	shil.lem	deu	Vergeltung?	gloss	1.0
H8006	shil.lem	nld	Sillem	gloss	1.0
H8006	shil.lem	swa	malipo, kadiri, lip, matendo, vyostahil	gloss	1.0
H8006	shil.lem	eng	shillem	aligned	0.5
H8007	sal.ma	eng	Salmon	gloss	1.0
H8007	sal.ma	fra	Salma	gloss	1.0
H8007	sal.ma	por	Salma	gloss	1.0
H8007	sal.ma	spa	Salma, Salmah	gloss	1.0
H8007	sal.ma	cmn-Hans	撒门，《思》撒耳孟	gloss	1.0
H8007	sal.ma	cmn-Hant	撒門，《思》撒耳孟	gloss	1.0
H8007	sal.ma	deu	Salmon	gloss	1.0
H8007	sal.ma	nld	Salma	gloss	1.0
H8007	sal.ma	swa	salma, salmoni	gloss	1.0
H8007	sal.ma	eng	salma	aligned	1.0
H8007	sal.ma	hin	सल्मा	aligned	0.75
H8007	sal.ma	spa	salma	aligned	1.0
H8009	sal.mah	eng	Salmon	gloss	1.0
H8009	sal.mah	eng	salmon	aligned	0.167
H8010	she.lo.moh	eng	Solomon	gloss	1.0
H8010	she.lo.moh	fra	Salomon	gloss	1.0
H8010	she.lo.moh	por	Salomão	gloss	1.0
H8010	she.lo.moh	spa	Salomón	gloss	1.0
H8010	she.lo.moh	cmn-Hans	所罗门，《思》撒罗满	gloss	1.0
H8010	she.lo.moh	cmn-Hant	所羅門，《思》撒羅滿	gloss	1.0
H8010	she.lo.moh	dan	Salomo	gloss	1.0
H8010	she.lo.moh	deu	Salomo	gloss	1.0
H8010	she.lo.moh	nld	Salomon	gloss	1.0
H8010	she.lo.moh	swa	sulemani	gloss	1.0
H8010	she.lo.moh	amh	ሰለሞን	gloss	1.0
H8010	she.lo.moh	arb	سُلَيْمَانُ	aligned	0.952
H8010	she.lo.moh	arb	سُلَيْمَانَ	aligned	0.867
H8010	she.lo.moh	arb	لِسُلَيْمَانَ	aligned	0.857
H8010	she.lo.moh	arb	وَسُلَيْمَانُ	aligned	0.714
H8010	she.lo.moh	arb	وَسُلَيْمَانَ	aligned	0.667
H8010	she.lo.moh	eng	solomon	aligned	0.826
H8010	she.lo.moh	eng	solomon’s	aligned	0.452
H8010	she.lo.moh	hin	सुलैमान	aligned	0.781
H8010	she.lo.moh	rus	соломоновы	aligned	1.0
H8010	she.lo.moh	rus	соломон	aligned	0.786
H8010	she.lo.moh	rus	соломона	aligned	0.69
H8010	she.lo.moh	rus	соломону	aligned	0.588
H8010	she.lo.moh	rus	соломоновых	aligned	0.5
H8010	she.lo.moh	rus	послушать	aligned	0.222
H8010	she.lo.moh	rus	давидом	aligned	0.143
H8010	she.lo.moh	spa	salomón	aligned	0.954
H8012	sal.mon	eng	Salmon	gloss	1.0
H8012	sal.mon	fra	Salmôn	gloss	1.0
H8012	sal.mon	por	Salmom	gloss	1.0
H8012	sal.mon	spa	Salmón	gloss	1.0
H8012	sal.mon	cmn-Hans	撒门，《思》撒耳孟	gloss	1.0
H8012	sal.mon	cmn-Hant	撒門，《思》撒耳孟	gloss	1.0
H8012	sal.mon	deu	Salmon	gloss	1.0
H8012	sal.mon	nld	Salmon	gloss	1.0
H8012	sal.mon	swa	salmoni	gloss	1.0
H8013	she.lo.mot	eng	Shelomoth	gloss	1.0
H8013	she.lo.mot	fra	Shelomoth	gloss	1.0
H8013	she.lo.mot	por	Selomote	gloss	1.0
H8013	she.lo.mot	spa	Selomot	gloss	1.0
H8013	she.lo.mot	cmn-Hans	示罗摩，《思》舍罗摩特	gloss	1.0
H8013	she.lo.mot	cmn-Hant	示羅摩，《思》舍羅摩特	gloss	1.0
H8013	she.lo.mot	deu	Schelomit	gloss	1.0
H8013	she.lo.mot	nld	Selomot	gloss	1.0
H8013	she.lo.mot	swa	shelomothi	gloss	1.0
H8013	she.lo.mot	eng	shelomoth	aligned	0.8
H8013	she.lo.mot	eng	shelomith	aligned	0.118
H8013	she.lo.mot	hin	शलोमोत	aligned	0.6
H8013	she.lo.mot	spa	selemoth	aligned	1.0
H8014	sal.may	eng	Shalmai	gloss	1.0
H8014	sal.may	eng	shalmai	aligned	1.0
H8015	she.lo.mi	eng	Shelomi	gloss	1.0
H8015	she.lo.mi	fra	Shelomi	gloss	1.0
H8015	she.lo.mi	por	Selomi	gloss	1.0
H8015	she.lo.mi	spa	Selomi	gloss	1.0
H8015	she.lo.mi	cmn-Hans	示罗米，《思》舍罗米	gloss	1.0
H8015	she.lo.mi	cmn-Hant	示羅米，《思》舍羅米	gloss	1.0
H8015	she.lo.mi	deu	Schelomi	gloss	1.0
H8015	she.lo.mi	nld	Selomi	gloss	1.0
H8015	she.lo.mi	swa	shelomi	gloss	1.0
H8015	she.lo.mi	eng	shelomi	aligned	1.0
H8017	she.lu.mi.el	eng	Shelumiel	gloss	1.0
H8017	she.lu.mi.el	fra	Sheloumiel	gloss	1.0
H8017	she.lu.mi.el	por	Selumiel	gloss	1.0
H8017	she.lu.mi.el	spa	Selumiel	gloss	1.0
H8017	she.lu.mi.el	cmn-Hans	示路蔑，《思》舍路米耳	gloss	1.0
H8017	she.lu.mi.el	cmn-Hant	示路蔑，《思》舍路米耳	gloss	1.0
H8017	she.lu.mi.el	deu	Schelumiël	gloss	1.0
H8017	she.lu.mi.el	nld	Selumiël	gloss	1.0
H8017	she.lu.mi.el	swa	shelumieli	gloss	1.0
H8017	she.lu.mi.el	arb	شَلُومِيئِيلُ	aligned	1.0
H8017	she.lu.mi.el	eng	shelumiel	aligned	1.0
H8017	she.lu.mi.el	hin	शलूमीएल	aligned	1.0
H8017	she.lu.mi.el	rus	цуришаддая	aligned	1.0
H8017	she.lu.mi.el	spa	selumiel	aligned	1.0
H8018	she.lem.yah	eng	Shelemiah	gloss	1.0
H8018	she.lem.yah	deu	Schelemja	gloss	1.0
H8018	she.lem.yah	nld	Selemja	gloss	1.0
H8018	she.lem.yah	swa	shelemia, meshelemia	gloss	1.0
H8018	she.lem.yah	arb	شَلَمْيَا	aligned	1.0
H8018	she.lem.yah	arb	وَشَلَمْيَا	aligned	1.0
H8018	she.lem.yah	eng	shelemiah	aligned	0.85
H8018	she.lem.yah	hin	शेलेम्याह	aligned	0.7
H8018	she.lem.yah	spa	selemías	aligned	1.0
H8019	she.lo.mit	eng	Shelomith	gloss	1.0
H8019	she.lo.mit	fra	Shelomith	gloss	1.0
H8019	she.lo.mit	por	Selomite	gloss	1.0
H8019	she.lo.mit	spa	Selomit	gloss	1.0
H8019	she.lo.mit	cmn-Hans	示罗密，《思》舍罗米特	gloss	1.0
H8019	she.lo.mit	cmn-Hant	示羅密，《思》舍羅米特	gloss	1.0
H8019	she.lo.mit	deu	Schelomit	gloss	1.0
H8019	she.lo.mit	nld	Selomit	gloss	1.0
H8019	she.lo.mit	swa	shelomithi, shelomothi	gloss	1.0
H8019	she.lo.mit	arb	شَلُومِيثَ	aligned	1.0
H8019	she.lo.mit	arb	شَلُومِيثُ	aligned	0.667
H8019	she.lo.mit	eng	shelomith	aligned	0.765
H8019	she.lo.mit	hin	शलोमीत	aligned	0.833
H8019	she.lo.mit	spa	selomith	aligned	0.875
H8020	shal.man	eng	Shalman	gloss	1.0
H8020	shal.man	fra	Shalmân	gloss	1.0
H8020	shal.man	por	Salmã	gloss	1.0
H8020	shal.man	spa	Salmán	gloss	1.0
H8020	shal.man	cmn-Hans	沙勒幔，《思》沙耳曼	gloss	1.0
H8020	shal.man	cmn-Hant	沙勒幔，《思》沙耳曼	gloss	1.0
H8020	shal.man	deu	Schalman	gloss	1.0
H8020	shal.man	nld	Salman	gloss	1.0
H8020	shal.man	swa	shalmani	gloss	1.0
H8020	shal.man	eng	shalman	aligned	1.0
H8022	shal.man.e.ser	eng	Shalmaneser	gloss	1.0
H8022	shal.man.e.ser	fra	Salmanasar	gloss	1.0
H8022	shal.man.e.ser	por	Salmaneser	gloss	1.0
H8022	shal.man.e.ser	spa	Salmanasar	gloss	1.0
H8022	shal.man.e.ser	cmn-Hans	撒缦以色，《思》沙耳玛乃色	gloss	1.0
H8022	shal.man.e.ser	cmn-Hant	撒縵以色，《思》沙耳瑪乃色	gloss	1.0
H8022	shal.man.e.ser	deu	Salmanassar	gloss	1.0
H8022	shal.man.e.ser	nld	Salmanassar	gloss	1.0
H8022	shal.man.e.ser	swa	shalmanesa	gloss	1.0
H8022	shal.man.e.ser	arb	شَلْمَنْأَسَرُ	aligned	1.0
H8022	shal.man.e.ser	eng	shalmaneser	aligned	1.0
H8022	shal.man.e.ser	hin	शल्मनेसेर	aligned	1.0
H8022	shal.man.e.ser	spa	salmanasar	aligned	1.0
H8026	she.leph	eng	Sheleph	gloss	1.0
H8026	she.leph	fra	Shèlef	gloss	1.0
H8026	she.leph	por	Selefe	gloss	1.0
H8026	she.leph	spa	Selef	gloss	1.0
H8026	she.leph	cmn-Hans	沙列，《思》舍肋夫	gloss	1.0
H8026	she.leph	cmn-Hant	沙列，《思》舍肋夫	gloss	1.0
H8026	she.leph	deu	Schelef	gloss	1.0
H8026	she.leph	nld	Selef	gloss	1.0
H8026	she.leph	swa	shelefu	gloss	1.0
H8026	she.leph	arb	وَشَالَفَ	aligned	1.0
H8026	she.leph	eng	sheleph	aligned	1.0
H8026	she.leph	hin	शेलेप	aligned	1.0
H8028	she.lesh	eng	Shelesh	gloss	1.0
H8028	she.lesh	fra	Shélesh	gloss	1.0
H8028	she.lesh	por	Seles	gloss	1.0
H8028	she.lesh	spa	Seles	gloss	1.0
H8028	she.lesh	cmn-Hans	示利斯，《思》舍肋士	gloss	1.0
H8028	she.lesh	cmn-Hant	示利斯，《思》舍肋士	gloss	1.0
H8030	shil.shah	eng	Shilshah	gloss	1.0
H8030	shil.shah	fra	Shilsha	gloss	1.0
H8030	shil.shah	por	Silsa	gloss	1.0
H8030	shil.shah	spa	Silsa	gloss	1.0
H8030	shil.shah	cmn-Hans	施沙，《思》史耳沙	gloss	1.0
H8030	shil.shah	cmn-Hant	施沙，《思》史耳沙	gloss	1.0
H8030	shil.shah	deu	Schilscha	gloss	1.0
H8030	shil.shah	nld	Silsa	gloss	1.0
H8030	shil.shah	swa	shilsha	gloss	1.0
H8031	sha.li.shah	eng	Shalishah	gloss	1.0
H8031	sha.li.shah	fra	Shalisha	gloss	1.0
H8031	sha.li.shah	por	Salisa	gloss	1.0
H8031	sha.li.shah	spa	Salisa	gloss	1.0
H8031	sha.li.shah	cmn-Hans	沙利沙，《思》沙里沙	gloss	1.0
H8031	sha.li.shah	cmn-Hant	沙利沙，《思》沙里沙	gloss	1.0
H8031	sha.li.shah	deu	Schalischa	gloss	1.0
H8031	sha.li.shah	nld	Salisa	gloss	1.0
H8031	sha.li.shah	swa	shalisha	gloss	1.0
H8035	shem	eng	Shem	gloss	1.0
H8035	shem	arb	سَامًا	aligned	1.0
H8035	shem	arb	سَامٌ	aligned	1.0
H8035	shem	arb	سَامُ	aligned	1.0
H8035	shem	arb	وَسَامٌ	aligned	1.0
H8035	shem	arb	سَامٍ	aligned	0.833
H8035	shem	eng	shem	aligned	0.842
H8035	shem	hin	शेम	aligned	0.789
H8035	shem	rus	сима	aligned	0.75
H8035	shem	rus	сим	aligned	0.136
H8035	shem	spa	sem	aligned	0.944
H8037	sham.ma	eng	Shammah	gloss	1.0
H8037	sham.ma	fra	Shamma	gloss	1.0
H8037	sham.ma	por	Sama	gloss	1.0
H8037	sham.ma	spa	Sama	gloss	1.0
H8037	sham.ma	cmn-Hans	沙玛，《思》沙玛	gloss	1.0
H8037	sham.ma	cmn-Hant	沙瑪，《思》沙瑪	gloss	1.0
H8037	sham.ma	deu	Schamma	gloss	1.0
H8037	sham.ma	nld	Samma	gloss	1.0
H8037	sham.ma	swa	shama	gloss	1.0
H8037	sham.ma	eng	shammah	aligned	0.118
H8037	sham.ma	spa	samma	aligned	0.2
H8038	shem.e.ver	eng	Shemeber	gloss	1.0
H8038	shem.e.ver	fra	Shèméver	gloss	1.0
H8038	shem.e.ver	por	Semeber	gloss	1.0
H8038	shem.e.ver	spa	Semeber	gloss	1.0
H8038	shem.e.ver	cmn-Hans	善以别，《思》舍默贝尔	gloss	1.0
H8038	shem.e.ver	cmn-Hant	善以别，《思》舍默貝爾	gloss	1.0
H8038	shem.e.ver	deu	Schemeber	gloss	1.0
H8038	shem.e.ver	nld	Semeber	gloss	1.0
H8038	shem.e.ver	swa	shemeberi	gloss	1.0
H8039	shim.ah	eng	Shimeah	gloss	1.0
H8039	shim.ah	fra	Shiméa	gloss	1.0
H8039	shim.ah	por	Siméia	gloss	1.0
H8039	shim.ah	spa	Simea	gloss	1.0
H8039	shim.ah	cmn-Hans	示米亚（示米暗），《思》史玛	gloss	1.0
H8039	shim.ah	cmn-Hant	示米亞（示米暗），《思》史瑪	gloss	1.0
H8039	shim.ah	deu	Schima	gloss	1.0
H8039	shim.ah	nld	Sima	gloss	1.0
H8039	shim.ah	swa	shimei, walikuwa, ujijengee	gloss	1.0
H8039	shim.ah	eng	shimeah	aligned	0.333
H8043	shim.am	eng	Shimeam	gloss	1.0
H8043	shim.am	fra	Shiméam	gloss	1.0
H8043	shim.am	por	Siméia	gloss	1.0
H8043	shim.am	spa	Simeam	gloss	1.0
H8043	shim.am	cmn-Hans	示米暗，《思》史曼	gloss	1.0
H8043	shim.am	cmn-Hant	示米暗，《思》史曼	gloss	1.0
H8043	shim.am	deu	Schima	gloss	1.0
H8043	shim.am	nld	Simam	gloss	1.0
H8043	shim.am	swa	shimea	gloss	1.0
H8043	shim.am	eng	shimeam	aligned	1.0
H8044	sham.gar	eng	Shamgar	gloss	1.0
H8044	sham.gar	fra	Shamgar	gloss	1.0
H8044	sham.gar	por	Sangar	gloss	1.0
H8044	sham.gar	spa	Samgar	gloss	1.0
H8044	sham.gar	cmn-Hans	珊迦，《思》沙默加尔	gloss	1.0
H8044	sham.gar	cmn-Hant	珊迦，《思》沙默加爾	gloss	1.0
H8044	sham.gar	deu	Schamgar	gloss	1.0
H8044	sham.gar	nld	Samgar	gloss	1.0
H8044	sham.gar	swa	shamgari	gloss	1.0
H8044	sham.gar	eng	shamgar	aligned	1.0
H8044	sham.gar	spa	samgar	aligned	1.0
H8048	sham.mah	eng	Shammah	gloss	1.0
H8048	sham.mah	dan	skrækkeligt, frygtindgydende	gloss	1.0
H8048	sham.mah	deu	Entsetzliches; Entsetzen	gloss	1.0
H8048	sham.mah	nld	Samma	gloss	1.0
H8048	sham.mah	swa	ukiwa, ajab, anga, kitu, tupw	gloss	1.0
H8048	sham.mah	arb	شَمَّةَ	aligned	1.0
H8048	sham.mah	arb	وَشَمَّةُ	aligned	1.0
H8048	sham.mah	eng	shammah	aligned	0.824
H8048	sham.mah	hin	शम्मा	aligned	0.778
H8048	sham.mah	spa	samma	aligned	0.7
H8049	sham.hut	eng	Shamhuth	gloss	1.0
H8049	sham.hut	fra	Shamhouth	gloss	1.0
H8049	sham.hut	por	Samute	gloss	1.0
H8049	sham.hut	spa	Samhut	gloss	1.0
H8049	sham.hut	cmn-Hans	珊合，《思》沙默胡特	gloss	1.0
H8049	sham.hut	cmn-Hant	珊合，《思》沙默胡特	gloss	1.0
H8049	sham.hut	deu	Schamhut	gloss	1.0
H8049	sham.hut	nld	Samhut	gloss	1.0
H8049	sham.hut	swa	shamhuthi	gloss	1.0
H8049	sham.hut	eng	shamhuth	aligned	1.0
H8050	she.mu.el	eng	Samuel	gloss	1.0
H8050	she.mu.el	fra	Samuel	gloss	1.0
H8050	she.mu.el	por	Samuel	gloss	1.0
H8050	she.mu.el	spa	Samuel	gloss	1.0
H8050	she.mu.el	cmn-Hans	撒母耳，《思》撒慕尔	gloss	1.0
H8050	she.mu.el	cmn-Hant	撒母耳，《思》撒慕爾	gloss	1.0
H8050	she.mu.el	dan	Samuel	gloss	1.0
H8050	she.mu.el	deu	Samuel	gloss	1.0
H8050	she.mu.el	nld	Samuel	gloss	1.0
H8050	she.mu.el	swa	samweli, shemueli, kusanyi	gloss	1.0
H8050	she.mu.el	arb	وَصَمُوئِيلُ	aligned	1.0
H8050	she.mu.el	arb	صَمُوئِيلُ	aligned	0.988
H8050	she.mu.el	arb	صَمُوئِيلَ	aligned	0.909
H8050	she.mu.el	arb	وَصَمُوئِيلَ	aligned	0.4
H8050	she.mu.el	arb	لِصَمُوئِيلَ	aligned	0.333
H8050	she.mu.el	eng	samuel	aligned	0.9
H8050	she.mu.el	eng	shemuel	aligned	0.8
H8050	she.mu.el	hin	शमूएल	aligned	0.827
H8050	she.mu.el	rus	самуил	aligned	0.918
H8050	she.mu.el	rus	самуилу	aligned	0.9
H8050	she.mu.el	rus	самуила	aligned	0.462
H8050	she.mu.el	rus	раму	aligned	0.25
H8050	she.mu.el	spa	samuel	aligned	0.979
H8051	sham.mu.a	eng	Shammua	gloss	1.0
H8051	sham.mu.a	fra	Shammoua	gloss	1.0
H8051	sham.mu.a	por	Samua	gloss	1.0
H8051	sham.mu.a	spa	Samúa	gloss	1.0
H8051	sham.mu.a	cmn-Hans	沙母亚，《思》沙慕亚	gloss	1.0
H8051	sham.mu.a	cmn-Hant	沙母亞，《思》沙慕亞	gloss	1.0
H8051	sham.mu.a	deu	Schammua	gloss	1.0
H8051	sham.mu.a	nld	Sammua	gloss	1.0
H8051	sham.mu.a	swa	shamua, shemaya	gloss	1.0
H8051	sham.mu.a	arb	شَمُّوعُ	aligned	1.0
H8051	sham.mu.a	eng	shammua	aligned	1.0
H8051	sham.mu.a	hin	शम्मू	aligned	1.0
H8051	sham.mu.a	spa	sammua	aligned	1.0
H8051	sham.mu.a	spa	sobab	aligned	0.667
H8053	sha.mur	eng	Shamir	gloss	1.0
H8054	sham.mot	eng	Shammoth	gloss	1.0
H8054	sham.mot	fra	Shammoth	gloss	1.0
H8054	sham.mot	por	Samote	gloss	1.0
H8054	sham.mot	spa	Samot	gloss	1.0
H8054	sham.mot	cmn-Hans	沙玛，《思》沙摩特	gloss	1.0
H8054	sham.mot	cmn-Hant	沙瑪，《思》沙摩特	gloss	1.0
H8054	sham.mot	deu	Schammot	gloss	1.0
H8054	sham.mot	nld	Sammot	gloss	1.0
H8054	sham.mot	swa	mharodi	gloss	1.0
H8054	sham.mot	eng	shammoth	aligned	1.0
H8060	sham.may	eng	Shammai	gloss	1.0
H8060	sham.may	fra	Shammaï	gloss	1.0
H8060	sham.may	por	Samai	gloss	1.0
H8060	sham.may	spa	Samai	gloss	1.0
H8060	sham.may	cmn-Hans	沙买	gloss	1.0
H8060	sham.may	cmn-Hant	沙買	gloss	1.0
H8060	sham.may	deu	Schammai	gloss	1.0
H8060	sham.may	nld	Sammai	gloss	1.0
H8060	sham.may	swa	shamai	gloss	1.0
H8060	sham.may	amh	ሻማይ	gloss	1.0
H8060	sham.may	arb	شَمَّايَ	aligned	1.0
H8060	sham.may	eng	shammai	aligned	1.0
H8060	sham.may	hin	शम्मै	aligned	0.833
H8060	sham.may	rus	шаммая	aligned	0.667
H8060	sham.may	spa	sammai	aligned	1.0
H8061	she.mi.da	eng	Shemida	gloss	1.0
H8061	she.mi.da	fra	Shemida	gloss	1.0
H8061	she.mi.da	por	Semida	gloss	1.0
H8061	she.mi.da	spa	Semida	gloss	1.0
H8061	she.mi.da	cmn-Hans	示米大，《思》舍米达	gloss	1.0
H8061	she.mi.da	cmn-Hant	示米大，《思》舍米達	gloss	1.0
H8061	she.mi.da	deu	Schemida	gloss	1.0
H8061	she.mi.da	nld	Semida	gloss	1.0
H8061	she.mi.da	swa	shemida	gloss	1.0
H8061	she.mi.da	arb	شَمِيدَاعَ	aligned	1.0
H8061	she.mi.da	eng	shemida	aligned	0.667
H8061	she.mi.da	hin	शमीदा	aligned	0.667
H8061	she.mi.da	rus	шемиды	aligned	0.667
H8061	she.mi.da	spa	semida	aligned	1.0
H8069	sha.mir	eng	Shamir	gloss	1.0
H8069	sha.mir	dan	tjørnebusk	gloss	1.0
H8069	sha.mir	deu	Dorngestrüpp	gloss	1.0
H8069	sha.mir	nld	Samir	gloss	1.0
H8069	sha.mir	swa	miib, mbigili, chak, mibigili, mwib	gloss	1.0
H8069	sha.mir	arb	شَامِيرَ	aligned	1.0
H8069	sha.mir	eng	shamir	aligned	0.75
H8069	sha.mir	spa	samir	aligned	1.0
H8070	she.mi.ra.mot	eng	Shemiramoth	gloss	1.0
H8070	she.mi.ra.mot	fra	Shemiramoth	gloss	1.0
H8070	she.mi.ra.mot	por	Semiramote	gloss	1.0
H8070	she.mi.ra.mot	spa	Semiramot	gloss	1.0
H8070	she.mi.ra.mot	cmn-Hans	示米拉末，《思》舍米辣摩特	gloss	1.0
H8070	she.mi.ra.mot	cmn-Hant	示米拉末，《思》舍米辣摩特	gloss	1.0
H8070	she.mi.ra.mot	deu	Schemiramot	gloss	1.0
H8070	she.mi.ra.mot	nld	Semiramot	gloss	1.0
H8070	she.mi.ra.mot	swa	shemiramothi	gloss	1.0
H8070	she.mi.ra.mot	arb	وَشَمِيرَامُوثَ	aligned	1.0
H8070	she.mi.ra.mot	arb	وَشَمِيرَامُوثُ	aligned	1.0
H8070	she.mi.ra.mot	eng	shemiramoth	aligned	0.5
H8070	she.mi.ra.mot	spa	semiramoth	aligned	1.0
H8072	sam.lah	eng	Samlah	gloss	1.0
H8072	sam.lah	fra	Samla	gloss	1.0
H8072	sam.lah	por	Samlá	gloss	1.0
H8072	sam.lah	spa	Samla	gloss	1.0
H8072	sam.lah	cmn-Hans	桑拉，《思》撒默拉	gloss	1.0
H8072	sam.lah	cmn-Hant	桑拉，《思》撒默拉	gloss	1.0
H8072	sam.lah	deu	Samla	gloss	1.0
H8072	sam.lah	nld	Samla	gloss	1.0
H8072	sam.lah	swa	samla	gloss	1.0
H8072	sam.lah	arb	سَمْلَةُ	aligned	1.0
H8072	sam.lah	arb	سِمْلَةُ	aligned	1.0
H8072	sam.lah	eng	samlah	aligned	1.0
H8072	sam.lah	hin	सम्ला	aligned	1.0
H8072	sam.lah	spa	samla	aligned	1.0
H8087	she.ma	eng	Shema	gloss	1.0
H8087	she.ma	fra	sonore	gloss	1.0
H8087	she.ma	por	alto	gloss	1.0
H8087	she.ma	spa	alto	gloss	1.0
H8087	she.ma	cmn-Hans	大声	gloss	1.0
H8087	she.ma	cmn-Hant	大聲	gloss	1.0
H8087	she.ma	deu	Schema	gloss	1.0
H8087	she.ma	nld	Sema	gloss	1.0
H8087	she.ma	swa	siki, sikiliz, kien, lize, habari	gloss	1.0
H8087	she.ma	arb	وَشَامَعُ	aligned	1.0
H8087	she.ma	arb	وَشَمَعُ	aligned	1.0
H8087	she.ma	eng	shema	aligned	0.5
H8087	she.ma	rus	шема	aligned	0.667
H8087	she.ma	spa	sema	aligned	0.833
H8090	she.ma	eng	Shema	gloss	1.0
H8090	she.ma	fra	Shema	gloss	1.0
H8090	she.ma	por	Sema	gloss	1.0
H8090	she.ma	spa	Sema	gloss	1.0
H8090	she.ma	cmn-Hans	示玛，《思》舍玛	gloss	1.0
H8090	she.ma	cmn-Hant	示瑪，《思》舍瑪	gloss	1.0
H8091	sha.ma	eng	Shama	gloss	1.0
H8091	sha.ma	fra	Shama	gloss	1.0
H8091	sha.ma	por	Sama	gloss	1.0
H8091	sha.ma	spa	Sama	gloss	1.0
H8091	sha.ma	cmn-Hans	示玛，《思》舍玛	gloss	1.0
H8091	sha.ma	cmn-Hant	示瑪，《思》舍瑪	gloss	1.0
H8091	sha.ma	deu	Schama	gloss	1.0
H8091	sha.ma	nld	Sama	gloss	1.0
H8091	sha.ma	swa	mwashterathi	gloss	1.0
H8091	sha.ma	eng	shama	aligned	1.0
H8092	shim.ah, shim.a	eng	Shimea	gloss	1.0
H8092	shim.ah, shim.a	fra	Shiméa, Shamma	gloss	1.0
H8092	shim.ah, shim.a	por	Siméia	gloss	1.0
H8092	shim.ah, shim.a	spa	Simea	gloss	1.0
H8092	shim.ah, shim.a	cmn-Hans	示米亚，《思》史默亚	gloss	1.0
H8092	shim.ah, shim.a	cmn-Hant	示米亞，《思》史默亞	gloss	1.0
H8092	shim.ah, shim.a	deu	Schima	gloss	1.0
H8092	shim.ah, shim.a	nld	Sima	gloss	1.0
H8092	shim.ah, shim.a	swa	shama, shimea	gloss	1.0
H8092	shim.ah, shim.a	eng	shimea	aligned	0.889
H8092	shim.ah, shim.a	hin	शिमा	aligned	0.571
H8092	shim.ah, shim.a	spa	sima	aligned	0.5
H8093	shim.ah	eng	Shimeah	gloss	1.0
H8093	shim.ah	fra	Shiméah	gloss	1.0
H8093	shim.ah	por	Siméia	gloss	1.0
H8093	shim.ah	spa	Simea	gloss	1.0
H8093	shim.ah	cmn-Hans	示米亚，《思》史默亚	gloss	1.0
H8093	shim.ah	cmn-Hant	示米亞，《思》史默亞	gloss	1.0
H8093	shim.ah	deu	Schima	gloss	1.0
H8093	shim.ah	swa	shimei, walikuwa, ujijengee	gloss	1.0
H8093	shim.ah	arb	شِمْعَى	aligned	0.75
H8093	shim.ah	eng	shimeah	aligned	0.667
H8093	shim.ah	hin	शिमआह	aligned	0.75
H8093	shim.ah	spa	simea	aligned	0.667
H8094	she.ma.ah	eng	Shemaah	gloss	1.0
H8094	she.ma.ah	fra	Shemaa	gloss	1.0
H8094	she.ma.ah	por	Semaá	gloss	1.0
H8094	she.ma.ah	spa	Semaa	gloss	1.0
H8094	she.ma.ah	cmn-Hans	示玛，《思》舍玛亚	gloss	1.0
H8094	she.ma.ah	cmn-Hant	示瑪，《思》舍瑪亞	gloss	1.0
H8094	she.ma.ah	deu	Schemaa	gloss	1.0
H8094	she.ma.ah	nld	Semaä	gloss	1.0
H8094	she.ma.ah	swa	shemaa	gloss	1.0
H8095	shim.on	eng	Simeon	gloss	1.0
H8095	shim.on	fra	Siméon	gloss	1.0
H8095	shim.on	por	Simeão	gloss	1.0
H8095	shim.on	spa	Simeón	gloss	1.0
H8095	shim.on	cmn-Hans	西缅，《思》西默盎	gloss	1.0
H8095	shim.on	cmn-Hant	西緬，《思》西默盎	gloss	1.0
H8095	shim.on	deu	Simeon	gloss	1.0
H8095	shim.on	swa	simeoni	gloss	1.0
H8095	shim.on	arb	شِمْعُونُ	aligned	1.0
H8095	shim.on	arb	لِشِمْعُونَ	aligned	1.0
H8095	shim.on	arb	وَشِمْعُونَ	aligned	1.0
H8095	shim.on	arb	وَشِمْعُونُ	aligned	1.0
H8095	shim.on	arb	شِمْعُونَ	aligned	0.871
H8095	shim.on	eng	shimeon	aligned	1.0
H8095	shim.on	eng	simeon	aligned	0.731
H8095	shim.on	eng	simeonites	aligned	0.222
H8095	shim.on	hin	शिमोनियों	aligned	0.8
H8095	shim.on	hin	शिमोन	aligned	0.735
H8095	shim.on	rus	симеона	aligned	0.7
H8095	shim.on	rus	симеоновых	aligned	0.5
H8095	shim.on	spa	simeón	aligned	0.88
H8096	shim.i	eng	Shimei	gloss	1.0
H8096	shim.i	fra	Shiméi	gloss	1.0
H8096	shim.i	por	Simei	gloss	1.0
H8096	shim.i	spa	Simei	gloss	1.0
H8096	shim.i	cmn-Hans	示每，《思》史米	gloss	1.0
H8096	shim.i	cmn-Hant	示每，《思》史米	gloss	1.0
H8096	shim.i	dan	Shim’i	gloss	1.0
H8096	shim.i	deu	Schimiter	gloss	1.0
H8096	shim.i	swa	shimei, walikuwa, ujijengee	gloss	1.0
H8096	shim.i	arb	شِمْعِيَ	aligned	1.0
H8096	shim.i	arb	وَشِمْعِي	aligned	1.0
H8096	shim.i	arb	شِمْعِي	aligned	0.882
H8096	shim.i	arb	شَمْعِي	aligned	0.8
H8096	shim.i	arb	لِشِمْعِي	aligned	0.75
H8096	shim.i	eng	shimei	aligned	0.739
H8096	shim.i	hin	शिमी	aligned	0.535
H8096	shim.i	rus	семея	aligned	1.0
H8096	shim.i	rus	шимей	aligned	1.0
H8096	shim.i	rus	геры	aligned	0.667
H8096	shim.i	rus	семею	aligned	0.667
H8096	shim.i	rus	шимея	aligned	0.5
H8096	shim.i	spa	simi	aligned	1.0
H8096	shim.i	spa	semei	aligned	0.952
H8098	she.ma.yah	eng	Shemaiah	gloss	1.0
H8098	she.ma.yah	deu	Schemaja	gloss	1.0
H8098	she.ma.yah	swa	shemaya	gloss	1.0
H8098	she.ma.yah	arb	شَمَعْيَا	aligned	1.0
H8098	she.ma.yah	arb	شَمْعِيَا	aligned	1.0
H8098	she.ma.yah	arb	شِمْعِيَا	aligned	1.0
H8098	she.ma.yah	arb	وَشَمَعْيَا	aligned	1.0
H8098	she.ma.yah	arb	وَشَمْعِيَا	aligned	1.0
H8098	she.ma.yah	arb	وَشِمْعِيَا	aligned	1.0
H8098	she.ma.yah	eng	shemaiah	aligned	0.81
H8098	she.ma.yah	hin	शमायाह	aligned	0.763
H8098	she.ma.yah	rus	шемаии	aligned	0.714
H8098	she.ma.yah	rus	шемаия	aligned	0.5
H8098	she.ma.yah	spa	semaías	aligned	1.0
H8098	she.ma.yah	spa	semeías	aligned	1.0
H8100	shim.at	eng	Shimeath	gloss	1.0
H8100	shim.at	fra	Shiméath	gloss	1.0
H8100	shim.at	por	Simeate	gloss	1.0
H8100	shim.at	spa	Simeat	gloss	1.0
H8100	shim.at	cmn-Hans	示米押，《思》史默阿特	gloss	1.0
H8100	shim.at	cmn-Hant	示米押，《思》史默阿特	gloss	1.0
H8100	shim.at	deu	Schimat	gloss	1.0
H8100	shim.at	swa	shimeathi	gloss	1.0
H8100	shim.at	eng	shimeath	aligned	1.0
H8100	shim.at	hin	शिमात	aligned	1.0
H8106	she.mer	eng	Shemer	gloss	1.0
H8106	she.mer	deu	Bodensatz	gloss	1.0
H8106	she.mer	nld	Semer	gloss	1.0
H8106	she.mer	swa	levyalevy, sira, urojorojo	gloss	1.0
H8106	she.mer	arb	شَامِرَ	aligned	1.0
H8106	she.mer	eng	shamer	aligned	1.0
H8106	she.mer	eng	shemer	aligned	0.714
H8106	she.mer	hin	शेमेर	aligned	0.8
H8106	she.mer	spa	semer	aligned	0.8
H8110	shim.ron	eng	Shimron	gloss	1.0
H8110	shim.ron	fra	Shimrôn	gloss	1.0
H8110	shim.ron	por	Sinrom	gloss	1.0
H8110	shim.ron	spa	Simrón	gloss	1.0
H8110	shim.ron	cmn-Hans	伸仑，《思》史默龙	gloss	1.0
H8110	shim.ron	cmn-Hant	伸崙，《思》史默龍	gloss	1.0
H8110	shim.ron	deu	Schimron	gloss	1.0
H8110	shim.ron	nld	Simron	gloss	1.0
H8110	shim.ron	swa	shimroni, shimron-meroni	gloss	1.0
H8110	shim.ron	arb	وَشِمْرُونُ	aligned	1.0
H8110	shim.ron	eng	shimron	aligned	0.6
H8110	shim.ron	spa	simrón	aligned	1.0
H8111	sho.me.ron	eng	Samaria	gloss	1.0
H8111	sho.me.ron	fra	Samarie	gloss	1.0
H8111	sho.me.ron	por	Samaria	gloss	1.0
H8111	sho.me.ron	spa	Samaria	gloss	1.0
H8111	sho.me.ron	cmn-Hans	撒玛利亚，《思》撒玛黎雅	gloss	1.0
H8111	sho.me.ron	cmn-Hant	撒瑪利亞，《思》撒瑪黎雅	gloss	1.0
H8111	sho.me.ron	arb	ٱلسَّامِرَةُ	aligned	1.0
H8111	sho.me.ron	arb	ٱلسَّامِرَةِ	aligned	0.921
H8111	sho.me.ron	arb	ٱلسَّامِرَةَ	aligned	0.846
H8111	sho.me.ron	eng	samaria	aligned	0.685
H8111	sho.me.ron	hin	सामरिया	aligned	0.559
H8111	sho.me.ron	rus	самарии	aligned	0.333
H8111	sho.me.ron	rus	самарию	aligned	0.25
H8111	sho.me.ron	spa	samaria	aligned	0.878
H8112	shim.ron me.r.on	eng	Shimron-meron	gloss	1.0
H8112	shim.ron me.r.on	fra	Shimrôn-Merôn	gloss	1.0
H8112	shim.ron me.r.on	por	Sinrom-Merom	gloss	1.0
H8112	shim.ron me.r.on	spa	Simrón-merón	gloss	1.0
H8112	shim.ron me.r.on	cmn-Hans	伸仑‧米仑，《思》史默龙	gloss	1.0
H8112	shim.ron me.r.on	cmn-Hant	伸崙‧米崙，《思》史默龍	gloss	1.0
H8112	shim.ron me.r.on	deu	Schimron-Meron	gloss	1.0
H8112	shim.ron me.r.on	nld	Simron Meron	gloss	1.0
H8112	shim.ron me.r.on	swa	shimroni, shimron-meroni	gloss	1.0
H8113	shim.ri	eng	Shimri	gloss	1.0
H8113	shim.ri	fra	Shimri	gloss	1.0
H8113	shim.ri	por	Sinri	gloss	1.0
H8113	shim.ri	spa	Simri	gloss	1.0
H8113	shim.ri	cmn-Hans	申利，《思》史默黎	gloss	1.0
H8113	shim.ri	cmn-Hant	申利，《思》史默黎	gloss	1.0
H8113	shim.ri	deu	Schimri	gloss	1.0
H8113	shim.ri	nld	Simri	gloss	1.0
H8113	shim.ri	swa	shimri	gloss	1.0
H8113	shim.ri	arb	شِمْرِي	aligned	1.0
H8113	shim.ri	eng	shimri	aligned	1.0
H8113	shim.ri	hin	शिम्री	aligned	1.0
H8113	shim.ri	spa	simri	aligned	1.0
H8114	she.mar.yah	eng	Shemariah	gloss	1.0
H8114	she.mar.yah	deu	Schemarja	gloss	1.0
H8114	she.mar.yah	nld	Semarja	gloss	1.0
H8114	she.mar.yah	swa	shemaria	gloss	1.0
H8114	she.mar.yah	arb	وَشَمَرْيَا	aligned	1.0
H8114	she.mar.yah	eng	shemariah	aligned	0.75
H8114	she.mar.yah	hin	शेमर्याह	aligned	0.75
H8114	she.mar.yah	spa	semarías	aligned	1.0
H8115	shom.ra.yin	eng	Samaria	gloss	1.0
H8115	shom.ra.yin	deu	Samaria	gloss	1.0
H8115	shom.ra.yin	nld	Samaria	gloss	1.0
H8115	shom.ra.yin	swa	samaria, wasamaria, msamaria	gloss	1.0
H8116	shim.rit	eng	Shimrith	gloss	1.0
H8116	shim.rit	fra	Shimrith	gloss	1.0
H8116	shim.rit	por	Sinrite	gloss	1.0
H8116	shim.rit	spa	Simrit	gloss	1.0
H8116	shim.rit	cmn-Hans	示米利，《思》史默黎特	gloss	1.0
H8116	shim.rit	cmn-Hant	示米利，《思》史默黎特	gloss	1.0
H8116	shim.rit	deu	Schomer	gloss	1.0
H8116	shim.rit	nld	Simrit	gloss	1.0
H8116	shim.rit	swa	shimrithi	gloss	1.0
H8116	shim.rit	eng	shimrith	aligned	1.0
H8119	shim.rat	eng	Shimrath	gloss	1.0
H8119	shim.rat	fra	Shimrath	gloss	1.0
H8119	shim.rat	por	Sinrate	gloss	1.0
H8119	shim.rat	spa	Simrat	gloss	1.0
H8119	shim.rat	cmn-Hans	申拉，《思》史默辣特	gloss	1.0
H8119	shim.rat	cmn-Hant	申拉，《思》史默辣特	gloss	1.0
H8119	shim.rat	deu	Schimrat	gloss	1.0
H8119	shim.rat	nld	Simrat	gloss	1.0
H8119	shim.rat	swa	shimrathi	gloss	1.0
H8123	shim.shon	eng	Samson	gloss	1.0
H8123	shim.shon	fra	Samson	gloss	1.0
H8123	shim.shon	por	Sansão	gloss	1.0
H8123	shim.shon	spa	Samsón	gloss	1.0
H8123	shim.shon	cmn-Hans	参孙，《思》三松	gloss	1.0
H8123	shim.shon	cmn-Hant	參孫，《思》三松	gloss	1.0
H8123	shim.shon	deu	Simson	gloss	1.0
H8123	shim.shon	nld	Simson	gloss	1.0
H8123	shim.shon	swa	samsoni, tumeshuka	gloss	1.0
H8123	shim.shon	arb	شَمْشُونَ	aligned	1.0
H8123	shim.shon	arb	شَمْشُونُ	aligned	0.957
H8123	shim.shon	eng	samson’s	aligned	0.833
H8123	shim.shon	eng	samson	aligned	0.783
H8123	shim.shon	hin	शिमशोन	aligned	0.714
H8123	shim.shon	rus	самсонова	aligned	1.0
H8123	shim.shon	rus	самсону	aligned	1.0
H8123	shim.shon	rus	самсон	aligned	0.889
H8123	shim.shon	spa	samsón	aligned	0.974
H8124	shim.shay	eng	Shimshai	gloss	1.0
H8124	shim.shay	deu	Bet-Schemeschiter	gloss	1.0
H8124	shim.shay	nld	uit Bet-Semes	gloss	1.0
H8124	shim.shay	swa	beth-shemeshi	gloss	1.0
H8124	shim.shay	arb	وَشِمْشَايُ	aligned	1.0
H8124	shim.shay	rus	шимшай	aligned	1.0
H8124	shim.shay	spa	simsai	aligned	0.75
H8125	sham.she.ray	eng	Shamsherai	gloss	1.0
H8125	sham.she.ray	fra	Shamsheraï	gloss	1.0
H8125	sham.she.ray	por	Sanserai	gloss	1.0
H8125	sham.she.ray	spa	Samserai	gloss	1.0
H8125	sham.she.ray	cmn-Hans	珊示莱，《思》沙默舍赖	gloss	1.0
H8125	sham.she.ray	cmn-Hant	珊示莱，《思》沙默舍賴	gloss	1.0
H8125	sham.she.ray	deu	Schamscherai	gloss	1.0
H8125	sham.she.ray	nld	Samserai	gloss	1.0
H8125	sham.she.ray	swa	shamsherai	gloss	1.0
H8129	shen	eng	Shen	gloss	1.0
H8134	shin.av	eng	Shinab	gloss	1.0
H8134	shin.av	fra	Shinéav	gloss	1.0
H8134	shin.av	por	Sinabe	gloss	1.0
H8134	shin.av	spa	Sinab	gloss	1.0
H8134	shin.av	cmn-Hans	示纳，《思》史纳布	gloss	1.0
H8134	shin.av	cmn-Hant	示納，《思》史納布	gloss	1.0
H8134	shin.av	deu	Schinab	gloss	1.0
H8134	shin.av	nld	Sinab	gloss	1.0
H8134	shin.av	swa	shinabu	gloss	1.0
H8134	shin.av	eng	shinab	aligned	1.0
H8137	shen.ats.tsar	eng	Shenazzar	gloss	1.0
H8137	shen.ats.tsar	fra	Shènatsar	gloss	1.0
H8137	shen.ats.tsar	por	Senazar	gloss	1.0
H8137	shen.ats.tsar	spa	Senazar	gloss	1.0
H8137	shen.ats.tsar	cmn-Hans	示拿萨，《思》舍纳匝尔	gloss	1.0
H8137	shen.ats.tsar	cmn-Hant	示拿薩，《思》舍納匝爾	gloss	1.0
H8137	shen.ats.tsar	deu	Schenazzar	gloss	1.0
H8137	shen.ats.tsar	swa	shenazari	gloss	1.0
H8149	she.nir	eng	Senir	gloss	1.0
H8149	she.nir	fra	Senir	gloss	1.0
H8149	she.nir	por	Senir	gloss	1.0
H8149	she.nir	spa	Senir	gloss	1.0
H8149	she.nir	cmn-Hans	示尼珥，《思》色尼尔	gloss	1.0
H8149	she.nir	cmn-Hant	示尼珥，《思》色尼爾	gloss	1.0
H8149	she.nir	deu	Senir	gloss	1.0
H8149	she.nir	nld	Senir	gloss	1.0
H8149	she.nir	swa	seniri	gloss	1.0
H8149	she.nir	arb	سَنِيرَ	aligned	1.0
H8149	she.nir	eng	senir	aligned	0.571
H8149	she.nir	spa	senir	aligned	1.0
H8152	shin.ar	eng	Shinar	gloss	1.0
H8152	shin.ar	fra	Shinéar	gloss	1.0
H8152	shin.ar	por	Sinear	gloss	1.0
H8152	shin.ar	spa	Sinar	gloss	1.0
H8152	shin.ar	cmn-Hans	示拿，《现》巴比伦，《思》史纳尔	gloss	1.0
H8152	shin.ar	cmn-Hant	示拿，《現》巴比倫，《思》史納爾	gloss	1.0
H8152	shin.ar	dan	Sinear	gloss	1.0
H8152	shin.ar	deu	Schinar	gloss	1.0
H8152	shin.ar	nld	Sinear	gloss	1.0
H8152	shin.ar	swa	shinari	gloss	1.0
H8152	shin.ar	arb	شِنْعَارَ	aligned	1.0
H8152	shin.ar	eng	shinar	aligned	0.938
H8152	shin.ar	hin	शिनार	aligned	0.857
H8152	shin.ar	spa	shinar	aligned	1.0
H8165	se.ir	eng	Seir	gloss	1.0
H8165	se.ir	fra	Séir	gloss	1.0
H8165	se.ir	por	Seir	gloss	1.0
H8165	se.ir	spa	Seir	gloss	1.0
H8165	se.ir	cmn-Hans	西珥，《思》色依尔	gloss	1.0
H8165	se.ir	cmn-Hant	西珥，《思》色依爾	gloss	1.0
H8165	se.ir	deu	Seïr	gloss	1.0
H8165	se.ir	nld	Seïr	gloss	1.0
H8165	se.ir	swa	seiri, uli, kuuana, mtapita, mhori	gloss	1.0
H8165	se.ir	arb	سَاعِيرَ	aligned	1.0
H8165	se.ir	arb	سَعِيرَ	aligned	1.0
H8165	se.ir	arb	سِعِيرَ	aligned	1.0
H8165	se.ir	eng	seir	aligned	0.844
H8165	se.ir	hin	सेईरियों	aligned	1.0
H8165	se.ir	hin	सेईर	aligned	0.719
H8165	se.ir	rus	сеир	aligned	0.667
H8165	se.ir	rus	сеира	aligned	0.4
H8165	se.ir	spa	seir	aligned	0.975
H8167	se.i.rah	eng	Seirah	gloss	1.0
H8169	sha.al.vim	eng	Shaalbim	gloss	1.0
H8169	sha.al.vim	fra	Shaalabbîn	gloss	1.0
H8169	sha.al.vim	por	Saalabim	gloss	1.0
H8169	sha.al.vim	spa	Saalabín	gloss	1.0
H8169	sha.al.vim	cmn-Hans	沙拉宾，沙宾，《思》沙阿拉宾，沙耳宾	gloss	1.0
H8169	sha.al.vim	cmn-Hant	沙拉賓，沙賓，《思》沙阿拉賓，沙耳賓	gloss	1.0
H8169	sha.al.vim	deu	Schaalbim	gloss	1.0
H8169	sha.al.vim	nld	Saälabbin	gloss	1.0
H8169	sha.al.vim	swa	shaalbimu	gloss	1.0
H8169	sha.al.vim	eng	shaalbim	aligned	0.5
H8171	sha.a.lim	eng	Shaalim	gloss	1.0
H8171	sha.a.lim	fra	Shaalim	gloss	1.0
H8171	sha.a.lim	por	Saalim	gloss	1.0
H8171	sha.a.lim	spa	Saalim	gloss	1.0
H8171	sha.a.lim	cmn-Hans	沙琳，《思》沙阿林	gloss	1.0
H8171	sha.a.lim	cmn-Hant	沙琳，《思》沙阿林	gloss	1.0
H8171	sha.a.lim	deu	Schaalim	gloss	1.0
H8171	sha.a.lim	nld	Saälim	gloss	1.0
H8171	sha.a.lim	swa	shaalimu	gloss	1.0
H8171	sha.a.lim	eng	shaalim	aligned	1.0
H8174	sha.aph	eng	Shaaph	gloss	1.0
H8174	sha.aph	fra	Shaaf	gloss	1.0
H8174	sha.aph	por	Saafe	gloss	1.0
H8174	sha.aph	spa	Saaf	gloss	1.0
H8174	sha.aph	cmn-Hans	沙亚弗，《思》沙阿夫	gloss	1.0
H8174	sha.aph	cmn-Hant	沙亞弗，《思》沙阿夫	gloss	1.0
H8174	sha.aph	deu	Schaaf	gloss	1.0
H8174	sha.aph	nld	Saäf	gloss	1.0
H8174	sha.aph	swa	shaafu	gloss	1.0
H8174	sha.aph	eng	shaaph	aligned	0.75
H8174	sha.aph	spa	saaph	aligned	1.0
H8187	she.ar.yah	eng	Sheariah	gloss	1.0
H8187	she.ar.yah	fra	Shearya	gloss	1.0
H8187	she.ar.yah	por	Searias	gloss	1.0
H8187	she.ar.yah	spa	Searías	gloss	1.0
H8187	she.ar.yah	cmn-Hans	示亚利雅，《思》沙黎雅	gloss	1.0
H8187	she.ar.yah	cmn-Hant	示亞利雅，《思》沙黎雅	gloss	1.0
H8187	she.ar.yah	deu	Schearja	gloss	1.0
H8187	she.ar.yah	nld	Searja	gloss	1.0
H8187	she.ar.yah	swa	shearia	gloss	1.0
H8187	she.ar.yah	arb	وَشَعَرْيَا	aligned	1.0
H8187	she.ar.yah	eng	sheariah	aligned	0.5
H8188	se.o.rim	eng	Seorim	gloss	1.0
H8188	se.o.rim	fra	Seorim	gloss	1.0
H8188	se.o.rim	por	Seorim	gloss	1.0
H8188	se.o.rim	spa	Seorim	gloss	1.0
H8188	se.o.rim	cmn-Hans	梭琳，《思》色敖陵	gloss	1.0
H8188	se.o.rim	cmn-Hant	梭琳，《思》色敖陵	gloss	1.0
H8188	se.o.rim	deu	Seorim	gloss	1.0
H8188	se.o.rim	nld	Seorim	gloss	1.0
H8188	se.o.rim	swa	seorimu	gloss	1.0
H8189	sha.a.ra.yim	eng	Shaaraim	gloss	1.0
H8189	sha.a.ra.yim	fra	Shaaraïm	gloss	1.0
H8189	sha.a.ra.yim	por	Saaraim	gloss	1.0
H8189	sha.a.ra.yim	spa	Saaraim	gloss	1.0
H8189	sha.a.ra.yim	cmn-Hans	沙拉音，《思》沙阿辣因	gloss	1.0
H8189	sha.a.ra.yim	cmn-Hant	沙拉音，《思》沙阿辣因	gloss	1.0
H8189	sha.a.ra.yim	deu	Schaarajim	gloss	1.0
H8189	sha.a.ra.yim	nld	Saäraïm	gloss	1.0
H8189	sha.a.ra.yim	swa	shaarimu, majeruhi	gloss	1.0
H8189	sha.a.ra.yim	eng	shaaraim	aligned	0.5
H8189	sha.a.ra.yim	spa	saraim	aligned	1.0
H8190	sha.ash.gaz	eng	Shaashgaz	gloss	1.0
H8190	sha.ash.gaz	fra	Shaashgaz	gloss	1.0
H8190	sha.ash.gaz	por	Saasgaz	gloss	1.0
H8190	sha.ash.gaz	spa	Saazgaz	gloss	1.0
H8190	sha.ash.gaz	cmn-Hans	沙甲，《思》沙市加次	gloss	1.0
H8190	sha.ash.gaz	cmn-Hant	沙甲，《思》沙市加次	gloss	1.0
H8190	sha.ash.gaz	deu	Schaaschgas	gloss	1.0
H8190	sha.ash.gaz	nld	Saäsgaz	gloss	1.0
H8190	sha.ash.gaz	swa	shaashgazi	gloss	1.0
H8190	sha.ash.gaz	eng	shaashgaz	aligned	1.0
H8195	she.pho	eng	Shepho	gloss	1.0
H8195	she.pho	deu	Schefi	gloss	1.0
H8195	she.pho	swa	shefo	gloss	1.0
H8195	she.pho	eng	shepho	aligned	1.0
H8197	she.phu.pham	eng	Shephupham	gloss	1.0
H8197	she.phu.pham	deu	Schufam	gloss	1.0
H8197	she.phu.pham	nld	Sefufam	gloss	1.0
H8197	she.phu.pham	swa	shufamu	gloss	1.0
H8202	sha.phat	eng	Shaphat	gloss	1.0
H8202	sha.phat	fra	Shafath	gloss	1.0
H8202	sha.phat	por	Safate	gloss	1.0
H8202	sha.phat	spa	Safat	gloss	1.0
H8202	sha.phat	cmn-Hans	沙法，《思》沙法特	gloss	1.0
H8202	sha.phat	cmn-Hant	沙法，《思》沙法特	gloss	1.0
H8202	sha.phat	deu	Schafat	gloss	1.0
H8202	sha.phat	nld	Safat	gloss	1.0
H8202	sha.phat	swa	shafati	gloss	1.0
H8202	sha.phat	arb	شَافَاطَ	aligned	1.0
H8202	sha.phat	arb	شَافَاطُ	aligned	1.0
H8202	sha.phat	arb	وَشَافَاطُ	aligned	0.667
H8202	sha.phat	eng	shaphat	aligned	0.875
H8202	sha.phat	hin	शापात	aligned	0.75
H8202	sha.phat	spa	saphat	aligned	0.875
H8203	she.phat.yah	eng	Shephatiah	gloss	1.0
H8203	she.phat.yah	deu	Schefatja	gloss	1.0
H8203	she.phat.yah	nld	Sefatja	gloss	1.0
H8203	she.phat.yah	swa	shefatia	gloss	1.0
H8203	she.phat.yah	arb	شَفَطْيَا	aligned	1.0
H8203	she.phat.yah	eng	shephatiah	aligned	0.885
H8203	she.phat.yah	hin	शपत्याह	aligned	0.818
H8203	she.phat.yah	rus	сафатии	aligned	1.0
H8203	she.phat.yah	rus	хаттила	aligned	1.0
H8203	she.phat.yah	spa	sephatías	aligned	0.909
H8204	shiph.tan	eng	Shiphtan	gloss	1.0
H8204	shiph.tan	fra	Shiftân	gloss	1.0
H8204	shiph.tan	por	Siftã	gloss	1.0
H8204	shiph.tan	spa	Siftán	gloss	1.0
H8204	shiph.tan	cmn-Hans	拾弗但，《思》色弗堂	gloss	1.0
H8204	shiph.tan	cmn-Hant	拾弗但，《思》色弗堂	gloss	1.0
H8204	shiph.tan	deu	Schiftan	gloss	1.0
H8204	shiph.tan	nld	Siftan	gloss	1.0
H8204	shiph.tan	swa	shiftani	gloss	1.0
H8204	shiph.tan	eng	shiphtan	aligned	1.0
H8206	shup.pim	eng	Shuppim	gloss	1.0
H8206	shup.pim	fra	Shouppim	gloss	1.0
H8206	shup.pim	por	Supim	gloss	1.0
H8206	shup.pim	spa	Supim	gloss	1.0
H8206	shup.pim	cmn-Hans	书品，《思》叔平	gloss	1.0
H8206	shup.pim	cmn-Hant	書品，《思》叔平	gloss	1.0
H8206	shup.pim	deu	Schuppim	gloss	1.0
H8206	shup.pim	nld	Suppim	gloss	1.0
H8206	shup.pim	swa	shupimu	gloss	1.0
H8206	shup.pim	eng	shuppim	aligned	0.75
H8206	shup.pim	spa	suppim	aligned	1.0
H8208	sha.phir	eng	Shaphir	gloss	1.0
H8208	sha.phir	fra	Shafir	gloss	1.0
H8208	sha.phir	por	Safir	gloss	1.0
H8208	sha.phir	spa	Safir	gloss	1.0
H8208	sha.phir	cmn-Hans	沙斐，《思》沙非尔	gloss	1.0
H8208	sha.phir	cmn-Hant	沙斐，《思》沙非爾	gloss	1.0
H8208	sha.phir	deu	Schafir	gloss	1.0
H8208	sha.phir	nld	Safir	gloss	1.0
H8208	sha.phir	swa	alika	gloss	1.0
H8221	she.pham	eng	Shepham	gloss	1.0
H8221	she.pham	fra	Shefam	gloss	1.0
H8221	she.pham	por	Sefã	gloss	1.0
H8221	she.pham	spa	Sefam	gloss	1.0
H8221	she.pham	cmn-Hans	示番，《思》舍番	gloss	1.0
H8221	she.pham	cmn-Hant	示番，《思》舍番	gloss	1.0
H8221	she.pham	deu	Schefam	gloss	1.0
H8221	she.pham	nld	Sefam	gloss	1.0
H8221	she.pham	swa	shefamu	gloss	1.0
H8221	she.pham	arb	شَفَامَ	aligned	1.0
H8221	she.pham	eng	shepham	aligned	0.667
H8223	sha.pham	eng	Shapham	gloss	1.0
H8223	sha.pham	fra	Shafam	gloss	1.0
H8223	sha.pham	por	Safã	gloss	1.0
H8223	sha.pham	spa	Safam	gloss	1.0
H8223	sha.pham	cmn-Hans	沙番，《思》沙凡	gloss	1.0
H8223	sha.pham	cmn-Hant	沙番，《思》沙凡	gloss	1.0
H8223	sha.pham	deu	Schafam	gloss	1.0
H8223	sha.pham	nld	Safam	gloss	1.0
H8223	sha.pham	swa	shafamu	gloss	1.0
H8224	siph.mot	eng	Siphmoth	gloss	1.0
H8224	siph.mot	fra	Sifmoth	gloss	1.0
H8224	siph.mot	por	Sifmote	gloss	1.0
H8224	siph.mot	spa	Sifmot	gloss	1.0
H8224	siph.mot	cmn-Hans	息末，《思》息弗摩特	gloss	1.0
H8224	siph.mot	cmn-Hant	息末，《思》息弗摩特	gloss	1.0
H8224	siph.mot	deu	Sifmot	gloss	1.0
H8224	siph.mot	nld	Sifmot	gloss	1.0
H8224	siph.mot	swa	sifmothi	gloss	1.0
H8227	sha.phan	eng	rock badger	gloss	1.0
H8227	sha.phan	fra	daman	gloss	1.0
H8227	sha.phan	por	damião	gloss	1.0
H8227	sha.phan	spa	Damanes	gloss	1.0
H8227	sha.phan	cmn-Hans	石獾，岩狸	gloss	1.0
H8227	sha.phan	cmn-Hant	石獾，岩狸	gloss	1.0
H8227	sha.phan	dan	klippegrævling	gloss	1.0
H8227	sha.phan	deu	Klippdachs	gloss	1.0
H8227	sha.phan	swa	wibari, wang, shafani	gloss	1.0
H8227	sha.phan	arb	شَافَانَ	aligned	1.0
H8227	sha.phan	arb	شَافَانُ	aligned	1.0
H8227	sha.phan	arb	وَشَافَانَ	aligned	1.0
H8227	sha.phan	eng	shaphan	aligned	0.983
H8227	sha.phan	eng	rabbit	aligned	0.5
H8227	sha.phan	hin	शापान	aligned	0.75
H8227	sha.phan	rus	шафан	aligned	0.667
H8227	sha.phan	spa	conejo	aligned	1.0
H8227	sha.phan	spa	conejos	aligned	1.0
H8227	sha.phan	spa	saphán	aligned	1.0
H8230	shiph.i	eng	Shiphi	gloss	1.0
H8230	shiph.i	fra	Shiféi	gloss	1.0
H8230	shiph.i	por	Sifi	gloss	1.0
H8230	shiph.i	spa	Sifi	gloss	1.0
H8230	shiph.i	cmn-Hans	示非，《思》史非	gloss	1.0
H8230	shiph.i	cmn-Hant	示非，《思》史非	gloss	1.0
H8230	shiph.i	deu	Schifi	gloss	1.0
H8230	shiph.i	nld	Sifi	gloss	1.0
H8230	shiph.i	swa	shifi	gloss	1.0
H8230	shiph.i	eng	shiphi	aligned	1.0
H8234	she.pher	eng	Shepher	gloss	1.0
H8234	she.pher	arb	شَافَرَ	aligned	1.0
H8234	she.pher	eng	shapher	aligned	1.0
H8234	she.pher	eng	shepher	aligned	1.0
H8234	she.pher	hin	शेपेर	aligned	1.0
H8234	she.pher	rus	шафер	aligned	1.0
H8236	shiph.rah	eng	Shiphrah	gloss	1.0
H8236	shiph.rah	deu	Schönheit	gloss	1.0
H8236	shiph.rah	nld	Sifra	gloss	1.0
H8236	shiph.rah	swa	hukumu, haki, agiz, ilivyo, desturi	gloss	1.0
H8236	shiph.rah	eng	shiphrah	aligned	1.0
H8244	sa.qad	eng	bind	gloss	1.0
H8244	sa.qad	fra	être attaché à un joug	gloss	1.0
H8244	sa.qad	por	estar preso a um jugo	gloss	1.0
H8244	sa.qad	spa	estar atado a un yugo	gloss	1.0
H8244	sa.qad	cmn-Hans	被束缚在枷锁中	gloss	1.0
H8244	sa.qad	cmn-Hant	被束縛在枷鎖中	gloss	1.0
H8272	shar.e.tser	eng	Sharezer	gloss	1.0
H8272	shar.e.tser	fra	Sarètsèr	gloss	1.0
H8272	shar.e.tser	por	Sarezer	gloss	1.0
H8272	shar.e.tser	spa	Sarezer	gloss	1.0
H8272	shar.e.tser	cmn-Hans	沙利色，《思》沙勒责尔	gloss	1.0
H8272	shar.e.tser	cmn-Hant	沙利色，《思》沙勒責爾	gloss	1.0
H8272	shar.e.tser	deu	Sarezer	gloss	1.0
H8272	shar.e.tser	nld	Sareser	gloss	1.0
H8272	shar.e.tser	swa	shareza	gloss	1.0
H8274	she.re.ve.yah	eng	Sherebiah	gloss	1.0
H8274	she.re.ve.yah	fra	Shérévya	gloss	1.0
H8274	she.re.ve.yah	por	Serebias	gloss	1.0
H8274	she.re.ve.yah	spa	Serebías	gloss	1.0
H8274	she.re.ve.yah	cmn-Hans	示利比，《思》舍勒彼雅，舍肋彼雅	gloss	1.0
H8274	she.re.ve.yah	cmn-Hant	示利比，《思》舍勒彼雅，舍肋彼雅	gloss	1.0
H8274	she.re.ve.yah	deu	Scherebja	gloss	1.0
H8274	she.re.ve.yah	nld	Serebja	gloss	1.0
H8274	she.re.ve.yah	swa	sherebia	gloss	1.0
H8274	she.re.ve.yah	arb	وَشَرَبْيَا	aligned	1.0
H8274	she.re.ve.yah	eng	sherebiah	aligned	0.75
H8274	she.re.ve.yah	hin	शेरेब्याह	aligned	0.714
H8274	she.re.ve.yah	spa	serebías	aligned	1.0
H8283	sa.rah	eng	Sarah	gloss	1.0
H8283	sa.rah	deu	Herrin	gloss	1.0
H8283	sa.rah	nld	Sara	gloss	1.0
H8283	sa.rah	swa	mabibi, falm, avy, walezi, wastahiki	gloss	1.0
H8283	sa.rah	arb	وَسَارَةُ	aligned	1.0
H8283	sa.rah	arb	سَارَةَ	aligned	0.867
H8283	sa.rah	arb	سَارَةُ	aligned	0.85
H8283	sa.rah	arb	لِسَارَةَ	aligned	0.714
H8283	sa.rah	eng	sarah	aligned	0.782
H8283	sa.rah	eng	sarah’s	aligned	0.667
H8283	sa.rah	hin	सारा	aligned	0.187
H8283	sa.rah	rus	сарриной	aligned	1.0
H8283	sa.rah	rus	сарра	aligned	0.583
H8283	sa.rah	rus	сарре	aligned	0.5
H8283	sa.rah	spa	sara	aligned	0.905
H8286	se.rug	eng	Serug	gloss	1.0
H8286	se.rug	fra	Seroug	gloss	1.0
H8286	se.rug	por	Serugue	gloss	1.0
H8286	se.rug	spa	Serug	gloss	1.0
H8286	se.rug	cmn-Hans	西鹿，《思》色鲁格	gloss	1.0
H8286	se.rug	cmn-Hant	西鹿，《思》色魯格	gloss	1.0
H8286	se.rug	deu	Serug	gloss	1.0
H8286	se.rug	nld	Serug	gloss	1.0
H8286	se.rug	swa	serugi	gloss	1.0
H8286	se.rug	arb	سَرُوجُ	aligned	1.0
H8286	se.rug	arb	سَرُوجَ	aligned	0.5
H8286	se.rug	eng	serug	aligned	0.833
H8286	se.rug	hin	सरूग	aligned	0.833
H8286	se.rug	rus	серух	aligned	1.0
H8286	se.rug	rus	серуха	aligned	1.0
H8286	se.rug	spa	serug	aligned	1.0
H8287	sha.ru.chen	eng	Sharuhen	gloss	1.0
H8287	sha.ru.chen	fra	Sharouhèn	gloss	1.0
H8287	sha.ru.chen	por	Saruém	gloss	1.0
H8287	sha.ru.chen	spa	Saruhén	gloss	1.0
H8287	sha.ru.chen	cmn-Hans	沙鲁险，《思》沙鲁恒	gloss	1.0
H8287	sha.ru.chen	cmn-Hant	沙魯險，《思》沙魯恆	gloss	1.0
H8287	sha.ru.chen	deu	Scharuhen	gloss	1.0
H8287	sha.ru.chen	nld	Saruchen	gloss	1.0
H8287	sha.ru.chen	swa	sharuheni	gloss	1.0
H8289	sha.ron	eng	Lasharon	gloss	1.0
H8289	sha.ron	fra	Sharôn	gloss	1.0
H8289	sha.ron	por	Sarom	gloss	1.0
H8289	sha.ron	spa	Sarón	gloss	1.0
H8289	sha.ron	cmn-Hans	沙仑，《思》沙龙，原野	gloss	1.0
H8289	sha.ron	cmn-Hant	沙崙，《思》沙龍，原野	gloss	1.0
H8289	sha.ron	deu	Scharon	gloss	1.0
H8289	sha.ron	nld	Saron	gloss	1.0
H8289	sha.ron	swa	sharoni, lasharoni	gloss	1.0
H8289	sha.ron	arb	شَارُونَ	aligned	1.0
H8289	sha.ron	arb	شَارُونُ	aligned	1.0
H8289	sha.ron	eng	sharon	aligned	0.462
H8289	sha.ron	spa	sarón	aligned	1.0
H8294	se.rach	eng	Serah	gloss	1.0
H8294	se.rach	fra	Sèrah	gloss	1.0
H8294	se.rach	por	Sera	gloss	1.0
H8294	se.rach	spa	Sera	gloss	1.0
H8294	se.rach	cmn-Hans	西拉，《思》色辣黑	gloss	1.0
H8294	se.rach	cmn-Hant	西拉，《思》色辣黑	gloss	1.0
H8294	se.rach	deu	Serach	gloss	1.0
H8294	se.rach	nld	Serach	gloss	1.0
H8294	se.rach	swa	sera	gloss	1.0
H8294	se.rach	arb	وَسَارَحُ	aligned	1.0
H8294	se.rach	eng	serah	aligned	0.6
H8294	se.rach	spa	sera	aligned	1.0
H8297	sa.ray	eng	Sarai	gloss	1.0
H8297	sa.ray	fra	Saraï	gloss	1.0
H8297	sa.ray	por	Sarai	gloss	1.0
H8297	sa.ray	spa	Sarai	gloss	1.0
H8297	sa.ray	cmn-Hans	撒莱，《思》撒辣依	gloss	1.0
H8297	sa.ray	cmn-Hant	撒萊，《思》撒辣依	gloss	1.0
H8297	sa.ray	dan	Saraj	gloss	1.0
H8297	sa.ray	deu	Sarai	gloss	1.0
H8297	sa.ray	nld	Sarai	gloss	1.0
H8297	sa.ray	swa	sarai, nisizae	gloss	1.0
H8297	sa.ray	arb	سَارَايَ	aligned	1.0
H8297	sa.ray	arb	سَارَايُ	aligned	1.0
H8297	sa.ray	arb	لِسَارَايَ	aligned	1.0
H8297	sa.ray	eng	sarai	aligned	0.939
H8297	sa.ray	hin	सारै	aligned	0.941
H8297	sa.ray	rus	сара	aligned	0.8
H8297	sa.ray	rus	аврамова	aligned	0.5
H8297	sa.ray	spa	sarai	aligned	0.944
H8298	sha.ray	eng	Sharai	gloss	1.0
H8298	sha.ray	fra	Sharaï	gloss	1.0
H8298	sha.ray	por	Sarai	gloss	1.0
H8298	sha.ray	spa	Sarai	gloss	1.0
H8298	sha.ray	cmn-Hans	沙赖	gloss	1.0
H8298	sha.ray	cmn-Hant	沙賴	gloss	1.0
H8298	sha.ray	deu	Scharai	gloss	1.0
H8298	sha.ray	nld	Sarai	gloss	1.0
H8298	sha.ray	swa	sharai	gloss	1.0
H8298	sha.ray	eng	sharai	aligned	1.0
H8301	sa.rid	eng	Sarid	gloss	1.0
H8301	sa.rid	arb	سَارِيدَ	aligned	1.0
H8301	sa.rid	eng	sarid	aligned	0.75
H8301	sa.rid	spa	sarid	aligned	1.0
H8303	shir.yon	eng	Sirion	gloss	1.0
H8303	shir.yon	fra	Siryôn	gloss	1.0
H8303	shir.yon	por	Siriom	gloss	1.0
H8303	shir.yon	spa	Sirión	gloss	1.0
H8303	shir.yon	cmn-Hans	西连，《思》息尔翁	gloss	1.0
H8303	shir.yon	cmn-Hant	西連，《思》息爾翁	gloss	1.0
H8303	shir.yon	deu	Sirjon	gloss	1.0
H8303	shir.yon	nld	Sirjon	gloss	1.0
H8303	shir.yon	swa	sirioni, huiita, airusharusha	gloss	1.0
H8303	shir.yon	eng	sirion	aligned	0.75
H8303	shir.yon	spa	sirión	aligned	1.0
H8304	se.ra.yah	eng	Seraiah	gloss	1.0
H8304	se.ra.yah	deu	Pfeilspitze	gloss	1.0
H8304	se.ra.yah	nld	Seraja	gloss	1.0
H8304	se.ra.yah	swa	haumwingii, ila, diri, mavazi, dari, vya	gloss	1.0
H8304	se.ra.yah	arb	سَرَايَا	aligned	1.0
H8304	se.ra.yah	arb	وَسَرَايَا	aligned	1.0
H8304	se.ra.yah	eng	seraiah	aligned	0.821
H8304	se.ra.yah	hin	सरायाह	aligned	0.579
H8304	se.ra.yah	rus	сераию	aligned	1.0
H8304	se.ra.yah	spa	seraiah	aligned	1.0
H8304	se.ra.yah	spa	seraías	aligned	1.0
H8310	sar.se.khim	eng	Samgar, Nebu-sar-sekim	gloss	1.0
H8310	sar.se.khim	fra	Sarsekim	gloss	1.0
H8310	sar.se.khim	por	Sarsequim	gloss	1.0
H8310	sar.se.khim	spa	Sarsequiem	gloss	1.0
H8310	sar.se.khim	cmn-Hans	撒西金，《思》沙次班【《思》源于另一个抄本？】	gloss	1.0
H8310	sar.se.khim	cmn-Hant	撒西金，《思》沙次班【《思》源於另一個抄本？】	gloss	1.0
H8315	sa.raph	eng	Saraph	gloss	1.0
H8325	sha.rar	eng	Sharar	gloss	1.0
H8325	sha.rar	fra	Sharar	gloss	1.0
H8325	sha.rar	por	Sarar	gloss	1.0
H8325	sha.rar	spa	Sarar	gloss	1.0
H8325	sha.rar	cmn-Hans	沙拉	gloss	1.0
H8325	sha.rar	cmn-Hant	沙拉	gloss	1.0
H8325	sha.rar	eng	sharar	aligned	1.0
H8329	she.resh	eng	Sheresh	gloss	1.0
H8329	she.resh	fra	Shèresh	gloss	1.0
H8329	she.resh	por	Seres	gloss	1.0
H8329	she.resh	spa	Seres	gloss	1.0
H8329	she.resh	cmn-Hans	示利施，《思》舍勒士	gloss	1.0
H8329	she.resh	cmn-Hant	示利施，《思》舍勒士	gloss	1.0
H8329	she.resh	eng	sheresh	aligned	1.0
H8339	she.she.bats.tsar	eng	Sheshbazzar	gloss	1.0
H8339	she.she.bats.tsar	fra	Sheshbatsar	gloss	1.0
H8339	she.she.bats.tsar	por	Sesbazar	gloss	1.0
H8339	she.she.bats.tsar	spa	Sesbasar	gloss	1.0
H8339	she.she.bats.tsar	cmn-Hans	设巴萨，《思》舍市巴匝	gloss	1.0
H8339	she.she.bats.tsar	cmn-Hant	設巴薩，《思》舍市巴匝	gloss	1.0
H8339	she.she.bats.tsar	deu	Scheschbazzar	gloss	1.0
H8339	she.she.bats.tsar	nld	Sesbassar	gloss	1.0
H8339	she.she.bats.tsar	swa	sheshbaza	gloss	1.0
H8339	she.she.bats.tsar	eng	sheshbazzar	aligned	0.5
H8339	she.she.bats.tsar	spa	sesbassar	aligned	0.5
H8340	she.she.bats.tsar	eng	Sheshbazzar	gloss	1.0
H8340	she.she.bats.tsar	arb	شِيشْبَصَّرُ	aligned	0.667
H8340	she.she.bats.tsar	spa	sesbassar	aligned	0.5
H8343	sha.shay	eng	Shashai	gloss	1.0
H8343	sha.shay	fra	Shashaï	gloss	1.0
H8343	sha.shay	por	Sasai	gloss	1.0
H8343	sha.shay	spa	Sasai	gloss	1.0
H8343	sha.shay	cmn-Hans	沙赛，《思》沙瑟	gloss	1.0
H8343	sha.shay	cmn-Hant	沙賽，《思》沙瑟	gloss	1.0
H8343	sha.shay	deu	Schaschai	gloss	1.0
H8343	sha.shay	nld	Sasai	gloss	1.0
H8343	sha.shay	swa	shashai	gloss	1.0
H8343	sha.shay	eng	shashai	aligned	1.0
H8344	she.shay	eng	Sheshai	gloss	1.0
H8344	she.shay	fra	Shéshaï	gloss	1.0
H8344	she.shay	por	Sesai	gloss	1.0
H8344	she.shay	spa	Sesai	gloss	1.0
H8344	she.shay	cmn-Hans	示筛，《思》舍瑟	gloss	1.0
H8344	she.shay	cmn-Hant	示篩，《思》舍瑟	gloss	1.0
H8344	she.shay	deu	Scheschai	gloss	1.0
H8344	she.shay	nld	Sesai	gloss	1.0
H8344	she.shay	swa	sheshai	gloss	1.0
H8344	she.shay	arb	شِيشَايَ	aligned	1.0
H8344	she.shay	eng	sheshai	aligned	0.667
H8344	she.shay	hin	शेशै	aligned	1.0
H8344	she.shay	spa	sesai	aligned	1.0
H8347	she.shakh	eng	Babylon	gloss	1.0
H8347	she.shakh	fra	Shéshak	gloss	1.0
H8347	she.shakh	por	Sesaque	gloss	1.0
H8347	she.shakh	spa	Sesac	gloss	1.0
H8347	she.shakh	cmn-Hans	示沙克，《现》巴比伦，《思》舍沙客	gloss	1.0
H8347	she.shakh	cmn-Hant	示沙克，《現》巴比倫，《思》舍沙客	gloss	1.0
H8347	she.shakh	deu	Scheschach	gloss	1.0
H8347	she.shakh	nld	Sesach	gloss	1.0
H8347	she.shakh	swa	sheshaki	gloss	1.0
H8347	she.shakh	eng	sheshach	aligned	0.75
H8347	she.shakh	hin	शेशक	aligned	1.0
H8348	she.shan	eng	Sheshan	gloss	1.0
H8348	she.shan	fra	Shéshân	gloss	1.0
H8348	she.shan	por	Sesã	gloss	1.0
H8348	she.shan	spa	Sesán	gloss	1.0
H8348	she.shan	cmn-Hans	示珊，《思》舍商	gloss	1.0
H8348	she.shan	cmn-Hant	示珊，《思》舍商	gloss	1.0
H8348	she.shan	deu	Scheschan	gloss	1.0
H8348	she.shan	nld	Sesan	gloss	1.0
H8348	she.shan	swa	sheshani	gloss	1.0
H8348	she.shan	arb	شِيشَانُ	aligned	1.0
H8348	she.shan	arb	لِشِيشَانَ	aligned	1.0
H8348	she.shan	eng	sheshan	aligned	0.889
H8348	she.shan	hin	शेशान	aligned	0.6
H8348	she.shan	rus	шешан	aligned	1.0
H8348	she.shan	rus	шешана	aligned	1.0
H8348	she.shan	spa	sesán	aligned	1.0
H8349	sha.shaq	eng	Shashak	gloss	1.0
H8349	sha.shaq	fra	Shashaq	gloss	1.0
H8349	sha.shaq	por	Sasaque	gloss	1.0
H8349	sha.shaq	spa	Sasac	gloss	1.0
H8349	sha.shaq	cmn-Hans	沙煞，《思》沙沙克	gloss	1.0
H8349	sha.shaq	cmn-Hant	沙煞，《思》沙沙克	gloss	1.0
H8349	sha.shaq	deu	Schaschak	gloss	1.0
H8349	sha.shaq	nld	Sasak	gloss	1.0
H8349	sha.shaq	swa	ghashaki, shashaki	gloss	1.0
H8349	sha.shaq	eng	shashak	aligned	1.0
H8349	sha.shaq	hin	शाशक	aligned	1.0
H8349	sha.shaq	spa	sasac	aligned	1.0
H8351	shet	eng	Sheth	gloss	1.0
H8351	shet	fra	fondement	gloss	1.0
H8351	shet	por	fundamentos	gloss	1.0
H8351	shet	spa	fundamento	gloss	1.0
H8351	shet	cmn-Hans	根基	gloss	1.0
H8351	shet	cmn-Hant	根基	gloss	1.0
H8351	shet	eng	sheth	aligned	0.667
H8352	shet	eng	Seth	gloss	1.0
H8352	shet	deu	Trotz?	gloss	1.0
H8352	shet	nld	achterwerk, basis, fundering	gloss	1.0
H8352	shet	swa	matakoni, matako, iaibishwe	gloss	1.0
H8352	shet	arb	شِيثًا	aligned	1.0
H8352	shet	arb	شِيثُ	aligned	1.0
H8352	shet	eng	seth	aligned	0.824
H8352	shet	hin	शेत	aligned	0.7
H8352	shet	rus	сифа	aligned	1.0
H8352	shet	rus	сиф	aligned	0.667
H8352	shet	spa	seth	aligned	0.8
H8369	she.tar	eng	Shethar	gloss	1.0
H8369	she.tar	fra	Shétar	gloss	1.0
H8369	she.tar	por	Setar	gloss	1.0
H8369	she.tar	spa	Setar	gloss	1.0
H8369	she.tar	cmn-Hans	示达，《思》舍塔尔	gloss	1.0
H8369	she.tar	cmn-Hant	示達，《思》舍塔爾	gloss	1.0
H8369	she.tar	deu	Schetar	gloss	1.0
H8369	she.tar	nld	Setar	gloss	1.0
H8369	she.tar	swa	shethari	gloss	1.0
H8370	she.tar bo.ze.nay	eng	Shethar-bozenai	gloss	1.0
H8370	she.tar bo.ze.nay	deu	Schetar-Bosnai	gloss	1.0
H8370	she.tar bo.ze.nay	nld	Setar-Boznai	gloss	1.0
H8370	she.tar bo.ze.nay	swa	shethar-bozenai	gloss	1.0
H8387	ta.a.nat shi.loh	eng	Taanath-shiloh	gloss	1.0
H8387	ta.a.nat shi.loh	fra	Taanath-Silo	gloss	1.0
H8387	ta.a.nat shi.loh	por	Taante-Siló	gloss	1.0
H8387	ta.a.nat shi.loh	spa	Taanat-siló	gloss	1.0
H8387	ta.a.nat shi.loh	cmn-Hans	他纳‧示罗，《思》塔纳特史罗	gloss	1.0
H8387	ta.a.nat shi.loh	cmn-Hant	他納‧示羅，《思》塔納特史羅	gloss	1.0
H8387	ta.a.nat shi.loh	deu	Taanat-Schilo	gloss	1.0
H8387	ta.a.nat shi.loh	nld	Taänat-Silo	gloss	1.0
H8387	ta.a.nat shi.loh	swa	taanath-shilo	gloss	1.0
H8390	ta.a.re.a	eng	Tarea	gloss	1.0
H8390	ta.a.re.a	fra	Taréa	gloss	1.0
H8390	ta.a.re.a	por	Taréia	gloss	1.0
H8390	ta.a.re.a	spa	Tarea	gloss	1.0
H8390	ta.a.re.a	cmn-Hans	他利亚，《思》塔勒亚	gloss	1.0
H8390	ta.a.re.a	cmn-Hant	他利亞，《思》塔勒亞	gloss	1.0
H8390	ta.a.re.a	deu	Tachrea	gloss	1.0
H8390	ta.a.re.a	nld	Tarea	gloss	1.0
H8390	ta.a.re.a	swa	tarea	gloss	1.0
H8396	ta.vor	eng	Tabor	gloss	1.0
H8396	ta.vor	fra	Tabor	gloss	1.0
H8396	ta.vor	por	Tabor	gloss	1.0
H8396	ta.vor	spa	Tabor	gloss	1.0
H8396	ta.vor	cmn-Hans	他泊，《思》塔波尔	gloss	1.0
H8396	ta.vor	cmn-Hant	他泊，《思》塔波爾	gloss	1.0
H8396	ta.vor	deu	Tabor	gloss	1.0
H8396	ta.vor	nld	Tabor	gloss	1.0
H8396	ta.vor	swa	tabori	gloss	1.0
H8396	ta.vor	arb	تَابُورَ	aligned	1.0
H8396	ta.vor	eng	tabor	aligned	0.8
H8396	ta.vor	hin	ताबोर	aligned	0.556
H8396	ta.vor	spa	tabor	aligned	0.889
H8402	tiv.ni	eng	Tibni	gloss	1.0
H8402	tiv.ni	fra	Tivni	gloss	1.0
H8402	tiv.ni	por	Tibni	gloss	1.0
H8402	tiv.ni	spa	Tibni	gloss	1.0
H8402	tiv.ni	cmn-Hans	提比尼，《思》提贝尼	gloss	1.0
H8402	tiv.ni	cmn-Hant	提比尼，《思》提貝尼	gloss	1.0
H8402	tiv.ni	deu	Tibni	gloss	1.0
H8402	tiv.ni	nld	Tibni	gloss	1.0
H8402	tiv.ni	swa	tibni	gloss	1.0
H8402	tiv.ni	arb	تِبْنِي	aligned	1.0
H8402	tiv.ni	eng	tibni	aligned	1.0
H8402	tiv.ni	hin	तिब्नी	aligned	1.0
H8402	tiv.ni	spa	thibni	aligned	1.0
H8404	tav.e.rah	eng	Taberah	gloss	1.0
H8404	tav.e.rah	fra	Tabeéra	gloss	1.0
H8404	tav.e.rah	por	Taberá	gloss	1.0
H8404	tav.e.rah	spa	Tabera	gloss	1.0
H8404	tav.e.rah	cmn-Hans	他备拉，《思》塔贝辣	gloss	1.0
H8404	tav.e.rah	cmn-Hant	他備拉，《思》塔貝辣	gloss	1.0
H8404	tav.e.rah	deu	Tabera	gloss	1.0
H8404	tav.e.rah	nld	Tabera	gloss	1.0
H8404	tav.e.rah	swa	tabera, thebesi	gloss	1.0
H8404	tav.e.rah	arb	تَبْعِيرَةَ	aligned	1.0
H8404	tav.e.rah	eng	taberah	aligned	0.75
H8405	te.vets	eng	Thebez	gloss	1.0
H8405	te.vets	fra	Tébets	gloss	1.0
H8405	te.vets	por	Tebes	gloss	1.0
H8405	te.vets	spa	Tebes	gloss	1.0
H8405	te.vets	cmn-Hans	提备斯，《思》特贝兹	gloss	1.0
H8405	te.vets	cmn-Hant	提備斯，《思》特貝茲	gloss	1.0
H8405	te.vets	deu	Tebez	gloss	1.0
H8405	te.vets	nld	Tebes	gloss	1.0
H8405	te.vets	swa	tabera, thebesi	gloss	1.0
H8405	te.vets	arb	تَابَاصَ	aligned	1.0
H8405	te.vets	eng	thebez	aligned	0.8
H8405	te.vets	rus	тевец	aligned	1.0
H8405	te.vets	spa	thebes	aligned	1.0
H8407	tig.lat pil.e.ser	eng	Tiglath-pileser	gloss	1.0
H8407	tig.lat pil.e.ser	fra	Tiglath-Piléser	gloss	1.0
H8407	tig.lat pil.e.ser	por	Tiglate-Pileser	gloss	1.0
H8407	tig.lat pil.e.ser	spa	Tiglat-pileser	gloss	1.0
H8407	tig.lat pil.e.ser	cmn-Hans	提革拉‧毗列色，《思》提革拉特丕肋色尔	gloss	1.0
H8407	tig.lat pil.e.ser	cmn-Hant	提革拉‧毗列色，《思》提革拉特丕肋色爾	gloss	1.0
H8407	tig.lat pil.e.ser	deu	Tiglat-Pileser	gloss	1.0
H8407	tig.lat pil.e.ser	nld	Tiglatpileser	gloss	1.0
H8407	tig.lat pil.e.ser	swa	tiglath-pileseri, asimtie	gloss	1.0
H8407	tig.lat pil.e.ser	eng	tiglath-pileser	aligned	1.0
H8407	tig.lat pil.e.ser	eng	tilgath-pilneser	aligned	1.0
H8412	tad.mor	eng	Tadmor	gloss	1.0
H8412	tad.mor	fra	Tadmor	gloss	1.0
H8412	tad.mor	por	Tadmor	gloss	1.0
H8412	tad.mor	spa	Tadmor	gloss	1.0
H8412	tad.mor	cmn-Hans	达莫，《思》塔玛尔，塔德摩尔	gloss	1.0
H8412	tad.mor	cmn-Hant	達莫，《思》塔瑪爾，塔德摩爾	gloss	1.0
H8412	tad.mor	deu	Tadmor	gloss	1.0
H8412	tad.mor	nld	Tadmor	gloss	1.0
H8412	tad.mor	swa	tadmori	gloss	1.0
H8412	tad.mor	eng	tadmor	aligned	1.0
H8412	tad.mor	rus	фадмор	aligned	1.0
H8413	tid.al	eng	Tidal	gloss	1.0
H8413	tid.al	fra	Tidéal	gloss	1.0
H8413	tid.al	por	Tidal	gloss	1.0
H8413	tid.al	spa	Tidal	gloss	1.0
H8413	tid.al	cmn-Hans	提达，《思》提达耳	gloss	1.0
H8413	tid.al	cmn-Hant	提達，《思》提達耳	gloss	1.0
H8413	tid.al	deu	Tidal	gloss	1.0
H8413	tid.al	nld	Tidal	gloss	1.0
H8413	tid.al	swa	tidali	gloss	1.0
H8413	tid.al	arb	وَتِدْعَالَ	aligned	1.0
H8413	tid.al	eng	tidal	aligned	0.5
H8413	tid.al	spa	tidal	aligned	1.0
H8422	tu.val	eng	Tubal	gloss	1.0
H8422	tu.val	fra	Toubal	gloss	1.0
H8422	tu.val	por	Tubal	gloss	1.0
H8422	tu.val	spa	Tubal	gloss	1.0
H8422	tu.val	cmn-Hans	土巴，《思》突巴耳	gloss	1.0
H8422	tu.val	cmn-Hant	土巴，《思》突巴耳	gloss	1.0
H8422	tu.val	deu	Tubal	gloss	1.0
H8422	tu.val	nld	Tubal	gloss	1.0
H8422	tu.val	swa	tubali	gloss	1.0
H8422	tu.val	arb	وَتُوبَالَ	aligned	1.0
H8422	tu.val	arb	وَتُوبَالُ	aligned	1.0
H8422	tu.val	eng	tubal	aligned	0.625
H8422	tu.val	hin	तूबल	aligned	0.4
H8422	tu.val	spa	tubal	aligned	1.0
H8423	tu.val qa.yin	eng	Tubal-cain	gloss	1.0
H8423	tu.val qa.yin	fra	Toubal-Caïn	gloss	1.0
H8423	tu.val qa.yin	por	Tubal-Caim	gloss	1.0
H8423	tu.val qa.yin	spa	Tubal-caín	gloss	1.0
H8423	tu.val qa.yin	cmn-Hans	土八‧该隐，《思》突巴耳加音	gloss	1.0
H8423	tu.val qa.yin	cmn-Hant	土八‧該隱，《思》突巴耳加音	gloss	1.0
H8423	tu.val qa.yin	deu	Tubal-Kajin	gloss	1.0
H8423	tu.val qa.yin	nld	Tubal-Kaïn	gloss	1.0
H8423	tu.val qa.yin	swa	tubal-kaini	gloss	1.0
H8425	to.gar.mah	eng	Togarmah	gloss	1.0
H8425	to.gar.mah	fra	Togarma	gloss	1.0
H8425	to.gar.mah	por	Togarma	gloss	1.0
H8425	to.gar.mah	spa	Togarmá	gloss	1.0
H8425	to.gar.mah	cmn-Hans	陀迦玛，《思》托加尔玛	gloss	1.0
H8425	to.gar.mah	cmn-Hant	陀迦瑪，《思》托加爾瑪	gloss	1.0
H8425	to.gar.mah	deu	Togarma	gloss	1.0
H8425	to.gar.mah	nld	Togarma	gloss	1.0
H8425	to.gar.mah	swa	togarma, togama	gloss	1.0
H8425	to.gar.mah	arb	تُوجَرْمَةَ	aligned	1.0
H8425	to.gar.mah	arb	وَتُوجَرْمَةُ	aligned	1.0
H8425	to.gar.mah	eng	togarmah	aligned	0.667
H8425	to.gar.mah	hin	तोगर्मा	aligned	1.0
H8425	to.gar.mah	spa	togarma	aligned	1.0
H8430	to.ach	eng	Toah	gloss	1.0
H8430	to.ach	fra	Toah	gloss	1.0
H8430	to.ach	por	Toá	gloss	1.0
H8430	to.ach	spa	Toa	gloss	1.0
H8430	to.ach	cmn-Hans	陀亚，《思》托亚	gloss	1.0
H8430	to.ach	cmn-Hant	陀亞，《思》托亞	gloss	1.0
H8430	to.ach	deu	Tohu	gloss	1.0
H8430	to.ach	nld	Toach	gloss	1.0
H8430	to.ach	swa	tohu	gloss	1.0
H8430	to.ach	eng	toah	aligned	1.0
H8434	to.lad	eng	Tolad	gloss	1.0
H8434	to.lad	fra	Tolad	gloss	1.0
H8434	to.lad	por	Tolade	gloss	1.0
H8434	to.lad	spa	Tolad	gloss	1.0
H8434	to.lad	cmn-Hans	陀腊，《思》托拉得	gloss	1.0
H8434	to.lad	cmn-Hant	陀臘，《思》托拉得	gloss	1.0
H8434	to.lad	deu	Eltolad	gloss	1.0
H8434	to.lad	nld	Tolad	gloss	1.0
H8434	to.lad	swa	toladi	gloss	1.0
H8436	tu.lon	eng	Tilon	gloss	1.0
H8436	tu.lon	fra	Tilôn	gloss	1.0
H8436	tu.lon	por	Tilom	gloss	1.0
H8436	tu.lon	spa	Tilón	gloss	1.0
H8436	tu.lon	cmn-Hans	提伦，《思》提隆	gloss	1.0
H8436	tu.lon	cmn-Hant	提倫，《思》提隆	gloss	1.0
H8439	to.la	eng	Tola	gloss	1.0
H8439	to.la	deu	Tola	gloss	1.0
H8439	to.la	nld	Tola	gloss	1.0
H8439	to.la	swa	tola	gloss	1.0
H8439	to.la	arb	تُولَاعَ	aligned	1.0
H8439	to.la	arb	تُولَاعُ	aligned	1.0
H8439	to.la	eng	tola	aligned	0.786
H8439	to.la	hin	तोला	aligned	0.714
H8439	to.la	rus	фолы	aligned	0.667
H8439	to.la	spa	thola	aligned	1.0
H8445	to.qa.hat	eng	Tokhath	gloss	1.0
H8445	to.qa.hat	fra	Toqehath	gloss	1.0
H8445	to.qa.hat	por	Tocate	gloss	1.0
H8445	to.qa.hat	spa	Ticva	gloss	1.0
H8445	to.qa.hat	cmn-Hans	特瓦，《思》提刻瓦	gloss	1.0
H8445	to.qa.hat	cmn-Hant	特瓦，《思》提刻瓦	gloss	1.0
H8459	to.chu	eng	Tohu	gloss	1.0
H8459	to.chu	fra	Tohou	gloss	1.0
H8459	to.chu	por	Toú	gloss	1.0
H8459	to.chu	spa	Tohu	gloss	1.0
H8459	to.chu	cmn-Hans	托户，《思》托胡	gloss	1.0
H8459	to.chu	cmn-Hant	託戶，《思》托胡	gloss	1.0
H8459	to.chu	deu	Tohu	gloss	1.0
H8459	to.chu	nld	Tochu	gloss	1.0
H8459	to.chu	swa	tohu	gloss	1.0
H8459	to.chu	eng	tohu	aligned	1.0
H8465	ta.chan	eng	Tahan	gloss	1.0
H8465	ta.chan	fra	Tahân	gloss	1.0
H8465	ta.chan	por	Taã	gloss	1.0
H8465	ta.chan	spa	Tahán	gloss	1.0
H8465	ta.chan	cmn-Hans	他罕，《思》塔罕	gloss	1.0
H8465	ta.chan	cmn-Hant	他罕，《思》塔罕	gloss	1.0
H8465	ta.chan	deu	Tahan	gloss	1.0
H8465	ta.chan	nld	Tachan	gloss	1.0
H8465	ta.chan	swa	tela, tahani, waberedi	gloss	1.0
H8465	ta.chan	eng	tahan	aligned	0.5
H8468	te.chin.nah	eng	Tehinnah	gloss	1.0
H8471	tach.pan.ches	eng	Tahpanhes	gloss	1.0
H8471	tach.pan.ches	fra	Tahpanhès	gloss	1.0
H8471	tach.pan.ches	por	Tafnes	gloss	1.0
H8471	tach.pan.ches	spa	Tafnes	gloss	1.0
H8471	tach.pan.ches	cmn-Hans	答比匿，《思》塔黑培乃斯	gloss	1.0
H8471	tach.pan.ches	cmn-Hant	答比匿，《思》塔黑培乃斯	gloss	1.0
H8471	tach.pan.ches	deu	Tachpanhes	gloss	1.0
H8471	tach.pan.ches	nld	Dafne	gloss	1.0
H8471	tach.pan.ches	swa	tapanesi	gloss	1.0
H8471	tach.pan.ches	arb	تَحْفَنْحِيسَ	aligned	1.0
H8471	tach.pan.ches	eng	tahpanhes	aligned	0.5
H8471	tach.pan.ches	rus	тафнисе	aligned	0.667
H8471	tach.pan.ches	spa	taphnes	aligned	1.0
H8472	tach.pe.nes	eng	Tahpenes	gloss	1.0
H8472	tach.pe.nes	fra	Tahpenès	gloss	1.0
H8472	tach.pe.nes	por	Tafnes	gloss	1.0
H8472	tach.pe.nes	spa	Tahpenes	gloss	1.0
H8472	tach.pe.nes	cmn-Hans	答比匿，《思》塔培乃斯	gloss	1.0
H8472	tach.pe.nes	cmn-Hant	答比匿，《思》塔培乃斯	gloss	1.0
H8472	tach.pe.nes	deu	Tachpenes	gloss	1.0
H8472	tach.pe.nes	nld	Tachpenes	gloss	1.0
H8472	tach.pe.nes	swa	tapanesi	gloss	1.0
H8472	tach.pe.nes	arb	تَحْفَنِيسَ	aligned	1.0
H8472	tach.pe.nes	eng	tahpenes	aligned	0.833
H8472	tach.pe.nes	hin	तहपनेस	aligned	1.0
H8472	tach.pe.nes	spa	thaphnes	aligned	1.0
H8475	tach.re.a	eng	Tahrea	gloss	1.0
H8475	tach.re.a	fra	Tahréa	gloss	1.0
H8475	tach.re.a	por	Taréia	gloss	1.0
H8475	tach.re.a	spa	Tarea	gloss	1.0
H8475	tach.re.a	cmn-Hans	他利亚，《思》塔勒亚	gloss	1.0
H8475	tach.re.a	cmn-Hant	他利亞，《思》塔勒亞	gloss	1.0
H8475	tach.re.a	deu	Tachrea	gloss	1.0
H8475	tach.re.a	nld	Tachrea	gloss	1.0
H8475	tach.re.a	swa	tarea	gloss	1.0
H8477	ta.chash	eng	Tahash	gloss	1.0
H8477	ta.chash	deu	Delphin?	gloss	1.0
H8477	ta.chash	nld	leersoort	gloss	1.0
H8477	ta.chash	swa	wanyama, mnyama, pomboo, mifugo, fugw	gloss	1.0
H8477	ta.chash	eng	tahash	aligned	1.0
H8480	ta.chat	eng	Tahath	gloss	1.0
H8480	ta.chat	arb	تَاحَتَ	aligned	1.0
H8480	ta.chat	arb	وَتَحَثُ	aligned	1.0
H8480	ta.chat	eng	tahath	aligned	0.667
H8480	ta.chat	spa	tahath	aligned	1.0
H8480	ta.chat	spa	thahath	aligned	1.0
H8483	tach.tim chod.shi	eng	Kadesh	gloss	1.0
H8483	tach.tim chod.shi	deu	Tachtim-Hodschi	gloss	1.0
H8483	tach.tim chod.shi	nld	Tachtim-Chodsi	gloss	1.0
H8483	tach.tim chod.shi	swa	wahiti	gloss	1.0
H8485	te.ma	eng	Tema	gloss	1.0
H8485	te.ma	fra	Téma	gloss	1.0
H8485	te.ma	por	Tema	gloss	1.0
H8485	te.ma	spa	Tema	gloss	1.0
H8485	te.ma	cmn-Hans	提玛，《思》特玛	gloss	1.0
H8485	te.ma	cmn-Hant	提瑪，《思》特瑪	gloss	1.0
H8485	te.ma	dan	temanit, fra Tema	gloss	1.0
H8485	te.ma	deu	Tema	gloss	1.0
H8485	te.ma	nld	Tema	gloss	1.0
H8485	te.ma	swa	tema, waleteeni	gloss	1.0
H8485	te.ma	arb	تَيْمَاءَ	aligned	1.0
H8485	te.ma	eng	tema	aligned	0.7
H8485	te.ma	hin	तेमा	aligned	0.667
H8485	te.ma	spa	tema	aligned	0.429
H8487	te.man	eng	Teman	gloss	1.0
H8487	te.man	deu	Süden	gloss	1.0
H8487	te.man	nld	het zuiden, land gelegen in het zuiden; de zuidenwind	gloss	1.0
H8487	te.man	swa	kusini, kusi, skaz, huvuma, umiliki	gloss	1.0
H8487	te.man	arb	تَيْمَانَ	aligned	1.0
H8487	te.man	arb	تَيْمَانُ	aligned	1.0
H8487	te.man	arb	تِيمَانَ	aligned	1.0
H8487	te.man	eng	teman	aligned	0.783
H8487	te.man	hin	तेमान	aligned	0.545
H8487	te.man	spa	temán	aligned	0.818
H8488	te.me.ni	eng	Temeni	gloss	1.0
H8488	te.me.ni	fra	Témeni	gloss	1.0
H8488	te.me.ni	por	Temeni	gloss	1.0
H8488	te.me.ni	spa	Temeni	gloss	1.0
H8488	te.me.ni	cmn-Hans	提米尼，《思》特曼	gloss	1.0
H8488	te.me.ni	cmn-Hant	提米尼，《思》特曼	gloss	1.0
H8488	te.me.ni	deu	Temniter	gloss	1.0
H8488	te.me.ni	nld	uit Temen	gloss	1.0
H8488	te.me.ni	swa	temeni	gloss	1.0
H8488	te.me.ni	eng	temeni	aligned	1.0
H8493	tir.ya	eng	Tiria	gloss	1.0
H8493	tir.ya	fra	Tirya	gloss	1.0
H8493	tir.ya	por	Tiria	gloss	1.0
H8493	tir.ya	spa	Tirías	gloss	1.0
H8493	tir.ya	cmn-Hans	提利，《思》提黎雅	gloss	1.0
H8493	tir.ya	cmn-Hant	提利，《思》提黎雅	gloss	1.0
H8493	tir.ya	deu	Tirja	gloss	1.0
H8493	tir.ya	nld	Tireja	gloss	1.0
H8493	tir.ya	swa	tiria	gloss	1.0
H8493	tir.ya	eng	tiria	aligned	1.0
H8494	ti.ras	eng	Tiras	gloss	1.0
H8494	ti.ras	fra	Tiras	gloss	1.0
H8494	ti.ras	por	Tirás	gloss	1.0
H8494	ti.ras	spa	Tiras	gloss	1.0
H8494	ti.ras	cmn-Hans	提拉，《思》提辣斯	gloss	1.0
H8494	ti.ras	cmn-Hant	提拉，《思》提辣斯	gloss	1.0
H8494	ti.ras	deu	Tiras	gloss	1.0
H8494	ti.ras	nld	Tiras	gloss	1.0
H8494	ti.ras	swa	tirasi	gloss	1.0
H8494	ti.ras	arb	وَتِيرَاسُ	aligned	1.0
H8494	ti.ras	eng	tiras	aligned	0.5
H8507	to.khen	eng	Tochen	gloss	1.0
H8512	tel a.viv	eng	Tel-abib	gloss	1.0
H8512	tel a.viv	fra	Tel-Aviv	gloss	1.0
H8512	tel a.viv	por	Tel-Abibe	gloss	1.0
H8512	tel a.viv	spa	Tel-abib	gloss	1.0
H8512	tel a.viv	cmn-Hans	提勒‧亚毕，《思》特耳阿彼布	gloss	1.0
H8512	tel a.viv	cmn-Hant	提勒‧亞畢，《思》特耳阿彼布	gloss	1.0
H8512	tel a.viv	deu	Tel-Abib	gloss	1.0
H8512	tel a.viv	nld	Tel-Abib	gloss	1.0
H8512	tel a.viv	swa	tel-abibu	gloss	1.0
H8515	te.las.sar	eng	Telassar	gloss	1.0
H8515	te.las.sar	fra	Telassar	gloss	1.0
H8515	te.las.sar	por	Telassar	gloss	1.0
H8515	te.las.sar	spa	Telasar	gloss	1.0
H8515	te.las.sar	cmn-Hans	提拉撒，《思》特拉撒尔	gloss	1.0
H8515	te.las.sar	cmn-Hant	提拉撒，《思》特拉撒爾	gloss	1.0
H8515	te.las.sar	deu	Telassar	gloss	1.0
H8515	te.las.sar	nld	Telassar	gloss	1.0
H8515	te.las.sar	swa	telasari	gloss	1.0
H8520	te.lach	eng	Telah	gloss	1.0
H8520	te.lach	fra	Tèlah	gloss	1.0
H8520	te.lach	por	Telá	gloss	1.0
H8520	te.lach	spa	Telah	gloss	1.0
H8520	te.lach	cmn-Hans	他拉，《思》特拉黑	gloss	1.0
H8520	te.lach	cmn-Hant	他拉，《思》特拉黑	gloss	1.0
H8520	te.lach	deu	Telach	gloss	1.0
H8520	te.lach	nld	Telach	gloss	1.0
H8520	te.lach	swa	reshefu	gloss	1.0
H8521	tel char.sah	eng	Tel-harsha	gloss	1.0
H8521	tel char.sah	fra	Tel-Harsha	gloss	1.0
H8521	tel char.sah	por	Tel-Harsa	gloss	1.0
H8521	tel char.sah	spa	Tel-harsa	gloss	1.0
H8521	tel char.sah	cmn-Hans	特‧哈萨，《思》特耳哈尔沙	gloss	1.0
H8521	tel char.sah	cmn-Hant	特‧哈薩，《思》特耳哈爾沙	gloss	1.0
H8521	tel char.sah	deu	Tel-Harscha	gloss	1.0
H8521	tel char.sah	nld	Tel-Charsa	gloss	1.0
H8521	tel char.sah	swa	kerubu, tel-harsha	gloss	1.0
H8526	tal.may	eng	Talmai	gloss	1.0
H8526	tal.may	fra	Talmaï	gloss	1.0
H8526	tal.may	por	Talmai	gloss	1.0
H8526	tal.may	spa	Talmai	gloss	1.0
H8526	tal.may	cmn-Hans	挞买，《思》塔耳买	gloss	1.0
H8526	tal.may	cmn-Hant	撻買，《思》塔耳買	gloss	1.0
H8526	tal.may	deu	Talmai	gloss	1.0
H8526	tal.may	nld	Talmai	gloss	1.0
H8526	tal.may	swa	talmai	gloss	1.0
H8526	tal.may	arb	تَلْمَايَ	aligned	1.0
H8526	tal.may	arb	وَتَلْمَايَ	aligned	1.0
H8526	tal.may	eng	talmai	aligned	0.818
H8526	tal.may	hin	तल्मै	aligned	0.667
H8526	tal.may	spa	talmai	aligned	0.5
H8528	tel me.lach	eng	Tel-melah	gloss	1.0
H8528	tel me.lach	fra	Tel-Mèlah	gloss	1.0
H8528	tel me.lach	por	Tel-Melá	gloss	1.0
H8528	tel me.lach	spa	Tel-mela	gloss	1.0
H8528	tel me.lach	cmn-Hans	特‧米拉，《思》特耳默拉	gloss	1.0
H8528	tel me.lach	cmn-Hant	特‧米拉，《思》特耳默拉	gloss	1.0
H8528	tel me.lach	deu	Tel-Melach	gloss	1.0
H8528	tel me.lach	nld	Tel-Melach	gloss	1.0
H8528	tel me.lach	swa	tel-mela	gloss	1.0
H8528	tel me.lach	eng	tel-melah	aligned	0.5
H8542	tam.muz	eng	Tammuz	gloss	1.0
H8542	tam.muz	fra	Tammouz	gloss	1.0
H8542	tam.muz	por	Tamuz	gloss	1.0
H8542	tam.muz	spa	Tamuz	gloss	1.0
H8542	tam.muz	cmn-Hans	搭模斯，《思》塔慕次	gloss	1.0
H8542	tam.muz	cmn-Hant	搭模斯，《思》塔慕次	gloss	1.0
H8542	tam.muz	deu	Tammus	gloss	1.0
H8542	tam.muz	nld	Tammuz	gloss	1.0
H8542	tam.muz	swa	tamuzi	gloss	1.0
H8547	te.mach	eng	Temah	gloss	1.0
H8547	te.mach	fra	Tèmah	gloss	1.0
H8547	te.mach	por	Tamá	gloss	1.0
H8547	te.mach	spa	Tema	gloss	1.0
H8547	te.mach	cmn-Hans	答玛，《思》特玛赫，塔玛赫	gloss	1.0
H8547	te.mach	cmn-Hant	答瑪，《思》特瑪赫，塔瑪赫	gloss	1.0
H8547	te.mach	deu	Temach	gloss	1.0
H8547	te.mach	nld	Temach	gloss	1.0
H8547	te.mach	swa	tema, barkosi, wana, sisera, wazawa	gloss	1.0
H8547	te.mach	eng	temah	aligned	1.0
H8553	tim.nah	eng	Timnah	gloss	1.0
H8553	tim.nah	fra	Timna	gloss	1.0
H8553	tim.nah	por	Timna	gloss	1.0
H8553	tim.nah	spa	Timnat	gloss	1.0
H8553	tim.nah	cmn-Hans	亭拿，《思》提默纳黑	gloss	1.0
H8553	tim.nah	cmn-Hant	亭拿，《思》提默納黑	gloss	1.0
H8553	tim.nah	deu	Timna	gloss	1.0
H8553	tim.nah	nld	Timna	gloss	1.0
H8553	tim.nah	swa	timna, akat, nimemuona	gloss	1.0
H8553	tim.nah	arb	تِمْنَةَ	aligned	1.0
H8553	tim.nah	arb	وَتِمْنَةَ	aligned	1.0
H8553	tim.nah	eng	timnath	aligned	0.889
H8553	tim.nah	eng	timnah	aligned	0.6
H8553	tim.nah	hin	तिम्नाह	aligned	0.583
H8553	tim.nah	rus	фимнафе	aligned	1.0
H8553	tim.nah	spa	timnah	aligned	1.0
H8553	tim.nah	spa	timna	aligned	0.333
H8554	tim.ni	eng	Timnite	gloss	1.0
H8554	tim.ni	fra	Timnite	gloss	1.0
H8554	tim.ni	por	timnita	gloss	1.0
H8554	tim.ni	spa	timnateo	gloss	1.0
H8554	tim.ni	cmn-Hans	亭拿人，《思》提默纳人	gloss	1.0
H8554	tim.ni	cmn-Hant	亭拿人，《思》提默納人	gloss	1.0
H8554	tim.ni	deu	Timnaiter	gloss	1.0
H8554	tim.ni	nld	uit Timna	gloss	1.0
H8554	tim.ni	swa	mtimna	gloss	1.0
H8555	tim.na	eng	Timna	gloss	1.0
H8555	tim.na	fra	Timna	gloss	1.0
H8555	tim.na	por	Timna	gloss	1.0
H8555	tim.na	spa	Timna	gloss	1.0
H8555	tim.na	cmn-Hans	亭纳，《思》提默纳	gloss	1.0
H8555	tim.na	cmn-Hant	亭納，《思》提默納	gloss	1.0
H8555	tim.na	deu	Timna	gloss	1.0
H8555	tim.na	nld	Timna	gloss	1.0
H8555	tim.na	swa	timna	gloss	1.0
H8555	tim.na	amh	ትምና	gloss	1.0
H8555	tim.na	arb	تِمْنَاعَ	aligned	1.0
H8555	tim.na	arb	تِمْنَاعُ	aligned	1.0
H8555	tim.na	eng	timna	aligned	0.778
H8555	tim.na	hin	तिम्ना	aligned	0.667
H8555	tim.na	rus	фамна	aligned	1.0
H8555	tim.na	spa	timna	aligned	0.667
H8556	tim.nat che.res	eng	Timnath-heres	gloss	1.0
H8556	tim.nat che.res	deu	Timnat-Serach	gloss	1.0
H8556	tim.nat che.res	nld	Timnat-Serach	gloss	1.0
H8556	tim.nat che.res	swa	timnath-heresi, timnath-sera	gloss	1.0
H8556	tim.nat che.res	eng	timnath-serah	aligned	0.667
H8559	ta.mar	eng	Tamar	gloss	1.0
H8559	ta.mar	deu	Palme, Dattelpalme	gloss	1.0
H8559	ta.mar	nld	dadelpalm	gloss	1.0
H8559	ta.mar	swa	tend, bond, vivi	gloss	1.0
H8559	ta.mar	arb	ثَامَارُ	aligned	1.0
H8559	ta.mar	arb	وَثَامَارُ	aligned	1.0
H8559	ta.mar	arb	ثَامَارَ	aligned	0.818
H8559	ta.mar	eng	tamar	aligned	0.702
H8559	ta.mar	hin	तामार	aligned	0.692
H8559	ta.mar	rus	тамары	aligned	1.0
H8559	ta.mar	rus	фамари	aligned	0.667
H8559	ta.mar	spa	tamar	aligned	1.0
H8559	ta.mar	spa	thamar	aligned	0.955
H8576	tan.chu.met	eng	Tanhumeth	gloss	1.0
H8576	tan.chu.met	fra	Tanhoumeth	gloss	1.0
H8576	tan.chu.met	por	Tanumete	gloss	1.0
H8576	tan.chu.met	spa	Tanhumet	gloss	1.0
H8576	tan.chu.met	cmn-Hans	单户蔑，《现》单户默，《思》堂胡默特	gloss	1.0
H8576	tan.chu.met	cmn-Hant	單戶蔑，《現》單戶默，《思》堂胡默特	gloss	1.0
H8576	tan.chu.met	deu	Tanhumet	gloss	1.0
H8576	tan.chu.met	nld	Tanchumet	gloss	1.0
H8576	tan.chu.met	swa	tanhumethi, mnetofa	gloss	1.0
H8576	tan.chu.met	arb	تَنْحُومَثَ	aligned	1.0
H8576	tan.chu.met	eng	tanhumeth	aligned	0.5
H8583	to.u	eng	Toi	gloss	1.0
H8583	to.u	deu	Toï	gloss	1.0
H8583	to.u	nld	Toü	gloss	1.0
H8583	to.u	swa	tou, ponge, yorabu	gloss	1.0
H8583	to.u	arb	تُوعِي	aligned	1.0
H8583	to.u	eng	toi	aligned	1.0
H8583	to.u	eng	tou	aligned	1.0
H8583	to.u	hin	तोई	aligned	1.0
H8583	to.u	hin	तोऊ	aligned	1.0
H8583	to.u	rus	имафа	aligned	1.0
H8583	to.u	spa	toi	aligned	1.0
H8583	to.u	spa	tou	aligned	1.0
H8590	ta.a.nakh	eng	Taanach	gloss	1.0
H8590	ta.a.nakh	fra	Taanak	gloss	1.0
H8590	ta.a.nakh	por	Taanaque	gloss	1.0
H8590	ta.a.nakh	spa	Taanac	gloss	1.0
H8590	ta.a.nakh	cmn-Hans	他纳，《思》塔纳客	gloss	1.0
H8590	ta.a.nakh	cmn-Hant	他納，《思》塔納客	gloss	1.0
H8590	ta.a.nakh	deu	Taanach	gloss	1.0
H8590	ta.a.nakh	nld	Taänach	gloss	1.0
H8590	ta.a.nakh	swa	taanaki	gloss	1.0
H8590	ta.a.nakh	arb	تَعْنَكَ	aligned	1.0
H8590	ta.a.nakh	eng	taanach	aligned	0.714
H8590	ta.a.nakh	hin	तानाक	aligned	0.833
H8590	ta.a.nakh	spa	taanach	aligned	1.0
H8599	ta.phuch	eng	Tappuah	gloss	1.0
H8599	ta.phuch	deu	Apfel; Apfelbaum	gloss	1.0
H8599	ta.phuch	nld	appel, appelboom	gloss	1.0
H8599	ta.phuch	swa	mapera, mper, aigusa, mtofaa, akimtegemea	gloss	1.0
H8599	ta.phuch	arb	تَفُّوحَ	aligned	1.0
H8599	ta.phuch	arb	وَتَفُّوحُ	aligned	1.0
H8599	ta.phuch	eng	tappuah	aligned	0.667
H8599	ta.phuch	hin	तप्पूह	aligned	0.4
H8599	ta.phuch	spa	tappua	aligned	1.0
H8603	to.phel	eng	Tophel	gloss	1.0
H8603	to.phel	fra	Tofel	gloss	1.0
H8603	to.phel	por	Tofel	gloss	1.0
H8603	to.phel	spa	Tofel	gloss	1.0
H8603	to.phel	cmn-Hans	陀弗，《思》托费耳	gloss	1.0
H8603	to.phel	cmn-Hant	陀弗，《思》托費耳	gloss	1.0
H8603	to.phel	deu	Tofel	gloss	1.0
H8603	to.phel	nld	Tofel	gloss	1.0
H8603	to.phel	swa	tofeli	gloss	1.0
H8607	tiph.sach	eng	Tiphsah	gloss	1.0
H8607	tiph.sach	fra	Tifsah	gloss	1.0
H8607	tiph.sach	por	Tifsa	gloss	1.0
H8607	tiph.sach	spa	Tifsa	gloss	1.0
H8607	tiph.sach	cmn-Hans	提弗萨，《思》提斐撒	gloss	1.0
H8607	tiph.sach	cmn-Hant	提弗薩，《思》提斐撒	gloss	1.0
H8607	tiph.sach	deu	Tifsach	gloss	1.0
H8607	tiph.sach	nld	Tifsach	gloss	1.0
H8607	tiph.sach	swa	tifsa	gloss	1.0
H8607	tiph.sach	eng	tiphsah	aligned	0.6
H8607	tiph.sach	spa	tiphsa	aligned	1.0
H8612	to.phet	eng	Topheth	gloss	1.0
H8612	to.phet	deu	Speichel	gloss	1.0
H8612	to.phet	nld	speeksel	gloss	1.0
H8612	to.phet	swa	mate, teme, mteme, nimeze	gloss	1.0
H8612	to.phet	arb	تُوفَةَ	aligned	1.0
H8612	to.phet	eng	tophet	aligned	0.875
H8612	to.phet	spa	topheth	aligned	0.9
H8613	toph.teh	eng	burning-place	gloss	1.0
H8613	toph.teh	fra	bûcher	gloss	1.0
H8613	toph.teh	spa	lugar de quemas	gloss	1.0
H8613	toph.teh	cmn-Hans	焚烧的地方	gloss	1.0
H8613	toph.teh	cmn-Hant	焚燒的地方	gloss	1.0
H8613	toph.teh	deu	<unklar>	gloss	1.0
H8613	toph.teh	nld	brandstapel	gloss	1.0
H8613	toph.teh	swa	tofethi	gloss	1.0
H8616	tiq.vah	eng	Tikvah	gloss	1.0
H8616	tiq.vah	arb	تِقْوَةَ	aligned	1.0
H8616	tiq.vah	eng	tikvah	aligned	1.0
H8616	tiq.vah	hin	तिकवा	aligned	1.0
H8620	te.qo.a	eng	Tekoa	gloss	1.0
H8620	te.qo.a	fra	Teqoa	gloss	1.0
H8620	te.qo.a	por	Tecoa	gloss	1.0
H8620	te.qo.a	spa	Tecoa	gloss	1.0
H8620	te.qo.a	cmn-Hans	提哥亚，《思》特科亚	gloss	1.0
H8620	te.qo.a	cmn-Hant	提哥亞，《思》特科亞	gloss	1.0
H8620	te.qo.a	arb	تَقُوعَ	aligned	1.0
H8620	te.qo.a	eng	tekoa	aligned	0.692
H8620	te.qo.a	hin	तकोआ	aligned	0.571
H8620	te.qo.a	spa	tecoa	aligned	0.636
H8634	tar.a.lah	eng	Taralah	gloss	1.0
H8634	tar.a.lah	fra	Taréala	gloss	1.0
H8634	tar.a.lah	por	Tarala	gloss	1.0
H8634	tar.a.lah	spa	Tarala	gloss	1.0
H8634	tar.a.lah	cmn-Hans	他拉拉，《思》塔辣拉	gloss	1.0
H8634	tar.a.lah	cmn-Hant	他拉拉，《思》塔辣拉	gloss	1.0
H8634	tar.a.lah	deu	Tarala	gloss	1.0
H8634	tar.a.lah	nld	Tarala	gloss	1.0
H8634	tar.a.lah	swa	tarala	gloss	1.0
H8640	tir.ha.qah	eng	Tirhakah	gloss	1.0
H8640	tir.ha.qah	fra	Tirhaqa	gloss	1.0
H8640	tir.ha.qah	por	Tiraca	gloss	1.0
H8640	tir.ha.qah	spa	Tirhaca	gloss	1.0
H8640	tir.ha.qah	cmn-Hans	特哈加，《思》提尔哈卡	gloss	1.0
H8640	tir.ha.qah	cmn-Hant	特哈加，《思》提爾哈卡	gloss	1.0
H8640	tir.ha.qah	deu	Tirhaka	gloss	1.0
H8640	tir.ha.qah	nld	Tirhaka	gloss	1.0
H8640	tir.ha.qah	swa	tirhaka	gloss	1.0
H8640	tir.ha.qah	eng	tirhakah	aligned	1.0
H8640	tir.ha.qah	hin	तिर्हाका	aligned	1.0
H8640	tir.ha.qah	rus	ефиопском	aligned	1.0
H8646	te.rach	eng	Terah	gloss	1.0
H8646	te.rach	fra	Tèrah	gloss	1.0
H8646	te.rach	por	Tera	gloss	1.0
H8646	te.rach	spa	Tera	gloss	1.0
H8646	te.rach	cmn-Hans	他拉，《思》特辣黑	gloss	1.0
H8646	te.rach	cmn-Hant	他拉，《思》特辣黑	gloss	1.0
H8646	te.rach	deu	Terach	gloss	1.0
H8646	te.rach	nld	Terach	gloss	1.0
H8646	te.rach	swa	tera	gloss	1.0
H8646	te.rach	arb	تَارَحُ	aligned	1.0
H8646	te.rach	arb	تَارَحَ	aligned	0.778
H8646	te.rach	eng	tarah	aligned	1.0
H8646	te.rach	eng	terah	aligned	0.833
H8646	te.rach	hin	तेरह	aligned	0.348
H8646	te.rach	rus	фарра	aligned	1.0
H8646	te.rach	rus	фарры	aligned	1.0
H8646	te.rach	spa	tara	aligned	1.0
H8646	te.rach	spa	thare	aligned	1.0
H8647	tir.cha.nah	eng	Tirhanah	gloss	1.0
H8647	tir.cha.nah	fra	Tirhana	gloss	1.0
H8647	tir.cha.nah	por	Tiraná	gloss	1.0
H8647	tir.cha.nah	spa	Tirhana	gloss	1.0
H8647	tir.cha.nah	cmn-Hans	特哈拿，《思》提尔哈纳	gloss	1.0
H8647	tir.cha.nah	cmn-Hant	特哈拿，《思》提爾哈納	gloss	1.0
H8647	tir.cha.nah	deu	Tirhana	gloss	1.0
H8647	tir.cha.nah	nld	Tirchana	gloss	1.0
H8647	tir.cha.nah	swa	tirhana	gloss	1.0
H8647	tir.cha.nah	eng	tirhanah	aligned	1.0
H8656	tir.tsah	eng	Tirzah	gloss	1.0
H8656	tir.tsah	fra	Tirtsa	gloss	1.0
H8656	tir.tsah	por	Tirza	gloss	1.0
H8656	tir.tsah	spa	Tirsa	gloss	1.0
H8656	tir.tsah	cmn-Hans	得撒，《思》提尔匝	gloss	1.0
H8656	tir.tsah	cmn-Hant	得撒，《思》提爾匝	gloss	1.0
H8656	tir.tsah	deu	Tirza	gloss	1.0
H8656	tir.tsah	nld	Tirsa	gloss	1.0
H8656	tir.tsah	swa	tirza	gloss	1.0
H8656	tir.tsah	arb	تِرْصَةَ	aligned	1.0
H8656	tir.tsah	arb	وَتِرْصَةُ	aligned	1.0
H8656	tir.tsah	eng	tirzah	aligned	0.629
H8656	tir.tsah	hin	तिर्सा	aligned	0.308
H8656	tir.tsah	rus	фирцу	aligned	1.0
H8656	tir.tsah	spa	thirsa	aligned	1.0
H8656	tir.tsah	spa	tirsa	aligned	1.0
H8657	te.resh	eng	Teresh	gloss	1.0
H8657	te.resh	fra	Tèresh	gloss	1.0
H8657	te.resh	por	Teres	gloss	1.0
H8657	te.resh	spa	Teres	gloss	1.0
H8657	te.resh	cmn-Hans	提列，《思》特勒士	gloss	1.0
H8657	te.resh	cmn-Hant	提列，《思》特勒士	gloss	1.0
H8657	te.resh	deu	Teresch	gloss	1.0
H8657	te.resh	nld	Teres	gloss	1.0
H8657	te.resh	swa	tereshi	gloss	1.0
H8657	te.resh	eng	teresh	aligned	0.5
H8657	te.resh	spa	teres	aligned	1.0
H8659	tar.shish	eng	Tarshish	gloss	1.0
H8659	tar.shish	dan	Tarshish	gloss	1.0
H8659	tar.shish	deu	<Edelstein>, Topas?	gloss	1.0
H8659	tar.shish	nld	topaas	gloss	1.0
H8659	tar.shish	swa	zabarajadi, yasp, almasi	gloss	1.0
H8659	tar.shish	arb	تَرْشِيشَ	aligned	1.0
H8659	tar.shish	arb	وَتَرْشِيشُ	aligned	1.0
H8659	tar.shish	eng	tarshish	aligned	0.891
H8659	tar.shish	hin	तर्शीश	aligned	0.808
H8659	tar.shish	rus	фарсисский	aligned	1.0
H8659	tar.shish	rus	фарсисские	aligned	0.667
H8659	tar.shish	spa	tharsis	aligned	1.0
H8659	tar.shish	spa	tarsis	aligned	0.941
H8662	tar.taq	eng	Tartak	gloss	1.0
H8662	tar.taq	fra	Tartaq	gloss	1.0
H8662	tar.taq	por	Tartaque	gloss	1.0
H8662	tar.taq	spa	Tartac	gloss	1.0
H8662	tar.taq	cmn-Hans	他珥他，《思》塔尔塔克	gloss	1.0
H8662	tar.taq	cmn-Hant	他珥他，《思》塔爾塔克	gloss	1.0
H8662	tar.taq	deu	Tartak	gloss	1.0
H8662	tar.taq	nld	Tartak	gloss	1.0
H8662	tar.taq	swa	tartaki	gloss	1.0
H8662	tar.taq	eng	tartak	aligned	1.0
H8674	ta.te.nay	eng	Tattenai	gloss	1.0
H8674	ta.te.nay	deu	Tattenai	gloss	1.0
H8674	ta.te.nay	nld	Tattenai	gloss	1.0
H8674	ta.te.nay	swa	tatenai	gloss	1.0
H8674	ta.te.nay	arb	تَتْنَايُ	aligned	1.0
H8674	ta.te.nay	eng	tattenai	aligned	0.75
H8674	ta.te.nay	hin	तत्तनै	aligned	1.0
H8674	ta.te.nay	rus	областеначальник	aligned	0.667
H8674	ta.te.nay	spa	tatnai	aligned	1.0
