# Hebrew settings (topical setting a word is used in; stand-in for SDBH ctx). CC BY 4.0: derived from MACULA Hebrew (Clear Bible, CC BY 4.0) and the Open Scriptures Hebrew Bible paragraph marks (CC BY 4.0). k=40, NMF seed 13. Built by shoresh/macula/build_setting_axis.py.
strong	setting	count	share
H0001	s28	195	0.161
H0001	s38	159	0.131
H0001	s36	151	0.125
H0001	s06	120	0.099
H0001	s29	82	0.068
H0003	s37	1	0.500
H0003	s10	1	0.500
H0006	s15	34	0.185
H0006	s06	33	0.179
H0006	s37	18	0.098
H0006	s04	15	0.082
H0006	s20	15	0.082
H0008	s37	2	1.000
H0009	s12	2	0.500
H0009	s25	2	0.500
H0010	s33	1	1.000
H0012	s39	1	1.000
H0013	s38	1	1.000
H0014	s38	18	0.333
H0014	s39	17	0.315
H0014	s06	10	0.185
H0014	s36	5	0.093
H0016	s37	1	1.000
H0018	s20	1	0.333
H0018	s34	1	0.333
H0018	s33	1	0.333
H0019	s15	1	1.000
H0020	s14	1	1.000
H0024	s12	4	0.500
H0024	s06	2	0.250
H0024	s07	1	0.125
H0024	s17	1	0.125
H0034	s30	40	0.656
H0034	s34	12	0.197
H0034	s22	4	0.066
H0035	s16	1	1.000
H0046	s22	3	0.500
H0046	s35	1	0.167
H0046	s20	1	0.167
H0046	s34	1	0.167
H0047	s35	8	0.471
H0047	s34	2	0.118
H0047	s39	2	0.118
H0047	s37	2	0.118
H0047	s14	2	0.118
H0055	s15	1	1.000
H0056	s04	18	0.462
H0056	s15	6	0.154
H0056	s28	3	0.077
H0056	s02	3	0.077
H0056	s39	2	0.051
H0057	s30	4	0.500
H0057	s02	2	0.250
H0057	s34	1	0.125
H0057	s12	1	0.125
H0060	s28	7	0.292
H0060	s15	6	0.250
H0060	s04	4	0.167
H0060	s16	3	0.125
H0060	s34	2	0.083
H0070	s28	1	0.500
H0070	s18	1	0.500
H0073	s09	7	0.778
H0073	s32	1	0.111
H0073	s25	1	0.111
H0075	s02	1	0.500
H0075	s33	1	0.500
H0076	s20	2	1.000
H0079	s38	2	1.000
H0080	s20	2	0.333
H0080	s34	2	0.333
H0080	s02	1	0.167
H0080	s31	1	0.167
H0081	s39	1	1.000
H0082	s34	1	1.000
H0083	s30	2	0.667
H0083	s40	1	0.333
H0084	s23	2	0.500
H0084	s34	1	0.250
H0084	s22	1	0.250
H0092	s39	1	0.250
H0092	s15	1	0.250
H0092	s25	1	0.250
H0092	s34	1	0.250
H0093	s10	1	1.000
H0095	s01	1	1.000
H0096	s34	1	1.000
H0098	s34	4	0.444
H0098	s29	2	0.222
H0098	s39	2	0.222
H0098	s22	1	0.111
H0099	s04	1	1.000
H0100	s34	3	0.600
H0100	s04	2	0.400
H0101	s01	1	0.333
H0101	s35	1	0.333
H0101	s10	1	0.333
H0102	s15	7	1.000
H0103	s20	2	0.667
H0103	s33	1	0.333
H0105	s11	2	1.000
H0106	s39	1	0.500
H0106	s34	1	0.500
H0107	s12	4	0.400
H0107	s05	4	0.400
H0107	s36	2	0.200
H0108	s07	1	0.500
H0108	s37	1	0.500
H0109	s01	1	1.000
H0113	s38	322	0.961
H0117	s35	12	0.444
H0117	s22	6	0.222
H0117	s04	6	0.222
H0117	s39	2	0.074
H0119	s18	7	0.700
H0119	s32	1	0.100
H0119	s04	1	0.100
H0119	s33	1	0.100
H0122	s28	2	0.222
H0122	s35	2	0.222
H0122	s39	1	0.111
H0122	s25	1	0.111
H0122	s27	1	0.111
H0124	s32	3	1.000
H0125	s24	6	1.000
H0127	s06	53	0.236
H0127	s15	47	0.209
H0127	s20	45	0.200
H0127	s07	33	0.147
H0127	s28	12	0.053
H0132	s28	2	0.667
H0132	s05	1	0.333
H0134	s08	56	0.982
H0136	s15	361	0.824
H0136	s30	30	0.068
H0142	s22	2	0.667
H0142	s30	1	0.333
H0145	s29	1	0.500
H0145	s28	1	0.500
H0150	s12	2	1.000
H0155	s38	5	0.417
H0155	s11	2	0.167
H0155	s40	1	0.083
H0155	s28	1	0.083
H0155	s06	1	0.083
H0157	s28	40	0.186
H0157	s33	38	0.177
H0157	s10	36	0.167
H0157	s30	30	0.140
H0157	s13	24	0.112
H0158	s04	1	0.500
H0158	s33	1	0.500
H0159	s33	1	1.000
H0160	s10	13	0.382
H0160	s30	8	0.235
H0160	s28	5	0.147
H0160	s33	5	0.147
H0160	s16	2	0.059
H0166	s37	1	1.000
H0167	s28	2	0.667
H0167	s04	1	0.333
H0168	s18	221	0.641
H0168	s01	26	0.075
H0168	s25	26	0.075
H0174	s10	2	0.500
H0174	s37	1	0.250
H0174	s22	1	0.250
H0178	s27	8	0.471
H0178	s36	4	0.235
H0178	s06	1	0.059
H0178	s34	1	0.059
H0178	s04	1	0.059
H0180	s31	3	1.000
H0181	s15	1	0.333
H0181	s39	1	0.333
H0181	s38	1	0.333
H0182	s28	4	0.364
H0182	s06	4	0.364
H0182	s38	1	0.091
H0182	s10	1	0.091
H0182	s29	1	0.091
H0183	s33	11	0.423
H0183	s39	4	0.154
H0183	s22	4	0.154
H0183	s01	3	0.115
H0183	s14	2	0.077
H0184	s29	1	1.000
H0185	s01	3	0.429
H0185	s30	1	0.143
H0185	s16	1	0.143
H0185	s04	1	0.143
H0185	s15	1	0.143
H0191	s33	25	0.962
H0193	s37	1	1.000
H0196	s07	1	1.000
H0200	s33	23	0.920
H0200	s30	2	0.080
H0202	s14	7	0.583
H0202	s37	4	0.333
H0202	s33	1	0.083
H0205	s37	43	0.544
H0205	s30	17	0.215
H0205	s33	9	0.114
H0205	s22	5	0.063
H0212	s40	35	1.000
H0213	s33	4	0.400
H0213	s38	2	0.200
H0213	s04	2	0.200
H0213	s39	1	0.100
H0213	s06	1	0.100
H0214	s12	25	0.316
H0214	s36	23	0.291
H0214	s33	8	0.101
H0214	s34	7	0.089
H0214	s23	6	0.076
H0215	s34	6	0.136
H0215	s13	6	0.136
H0215	s22	6	0.136
H0215	s05	5	0.114
H0215	s14	5	0.114
H0216	s34	100	0.833
H0216	s30	6	0.050
H0217	s04	2	0.333
H0217	s30	2	0.333
H0217	s15	1	0.167
H0217	s37	1	0.167
H0219	s03	1	0.250
H0219	s31	1	0.250
H0219	s28	1	0.250
H0219	s37	1	0.250
H0220	s36	1	1.000
H0224	s32	3	0.429
H0224	s12	2	0.286
H0224	s09	2	0.286
H0225	s28	3	0.750
H0225	s12	1	0.250
H0226	s06	41	0.519
H0226	s20	12	0.152
H0226	s14	11	0.139
H0226	s15	5	0.063
H0231	s25	10	1.000
H0232	s34	6	0.429
H0232	s40	4	0.286
H0232	s04	2	0.143
H0232	s24	1	0.071
H0232	s10	1	0.071
H0234	s17	5	0.714
H0234	s01	1	0.143
H0234	s27	1	0.143
H0235	s23	2	0.500
H0235	s38	1	0.250
H0235	s37	1	0.250
H0238	s37	14	0.341
H0238	s22	6	0.146
H0238	s30	6	0.146
H0238	s06	4	0.098
H0238	s14	4	0.098
H0239	s16	1	1.000
H0240	s39	1	1.000
H0241	s05	34	0.182
H0241	s37	23	0.123
H0241	s36	18	0.096
H0241	s30	17	0.091
H0241	s33	15	0.080
H0246	s03	2	1.000
H0247	s21	10	0.625
H0247	s34	6	0.375
H0248	s06	1	0.500
H0248	s34	1	0.500
H0249	s27	10	0.588
H0249	s17	2	0.118
H0249	s12	1	0.059
H0249	s29	1	0.059
H0249	s01	1	0.059
H0251	s28	266	0.423
H0251	s12	150	0.238
H0251	s38	75	0.119
H0251	s39	46	0.073
H0251	s02	46	0.073
H0254	s35	3	1.000
H0255	s04	1	1.000
H0258	s15	1	1.000
H0260	s02	2	0.667
H0260	s37	1	0.333
H0262	s37	1	1.000
H0264	s28	1	1.000
H0268	s30	19	0.463
H0268	s39	7	0.171
H0268	s14	6	0.146
H0268	s37	5	0.122
H0268	s03	3	0.073
H0269	s28	61	0.535
H0269	s10	36	0.316
H0269	s27	9	0.079
H0270	s39	13	0.191
H0270	s34	11	0.162
H0270	s16	8	0.118
H0270	s35	7	0.103
H0270	s26	5	0.074
H0272	s12	31	0.470
H0272	s29	31	0.470
H0306	s32	2	1.000
H0309	s30	4	0.235
H0309	s05	3	0.176
H0309	s28	3	0.176
H0309	s31	2	0.118
H0309	s38	2	0.118
H0312	s06	59	0.355
H0312	s20	25	0.151
H0312	s28	19	0.114
H0312	s38	17	0.102
H0312	s19	10	0.060
H0314	s36	18	0.353
H0314	s14	8	0.157
H0314	s38	6	0.118
H0314	s31	5	0.098
H0314	s16	4	0.078
H0319	s23	16	0.262
H0319	s33	16	0.262
H0319	s15	12	0.197
H0319	s31	8	0.131
H0323	s31	4	1.000
H0327	s31	2	1.000
H0330	s33	1	1.000
H0331	s19	4	0.500
H0331	s35	2	0.250
H0331	s33	2	0.250
H0332	s30	1	1.000
H0334	s39	2	1.000
H0338	s35	3	1.000
H0339	s04	9	0.250
H0339	s15	7	0.194
H0339	s31	5	0.139
H0339	s10	5	0.139
H0339	s22	4	0.111
H0340	s06	1	1.000
H0341	s30	54	0.191
H0341	s22	48	0.170
H0341	s05	31	0.110
H0341	s20	31	0.110
H0341	s39	27	0.096
H0342	s15	2	0.400
H0342	s27	2	0.400
H0342	s20	1	0.200
H0343	s04	7	0.292
H0343	s33	6	0.250
H0343	s34	3	0.125
H0343	s37	3	0.125
H0343	s21	2	0.083
H0344	s07	2	0.667
H0344	s34	1	0.333
H0352	s17	62	0.332
H0352	s11	52	0.278
H0352	s09	31	0.166
H0352	s19	21	0.112
H0353	s30	1	1.000
H0354	s07	4	0.364
H0354	s01	2	0.182
H0354	s22	2	0.182
H0354	s10	2	0.182
H0354	s20	1	0.091
H0355	s21	5	0.625
H0355	s10	2	0.250
H0355	s34	1	0.125
H0360	s30	1	1.000
H0361	s19	47	0.959
H0365	s30	2	0.667
H0365	s33	1	0.333
H0366	s37	1	0.333
H0366	s28	1	0.333
H0366	s02	1	0.333
H0367	s37	8	0.471
H0367	s35	5	0.294
H0367	s23	2	0.118
H0367	s34	2	0.118
H0374	s17	29	0.725
H0374	s38	6	0.150
H0374	s12	2	0.050
H0374	s33	2	0.050
H0376	s39	410	0.185
H0376	s38	386	0.174
H0376	s28	154	0.069
H0377	s23	1	1.000
H0380	s23	4	0.800
H0380	s33	1	0.200
H0386	s37	5	0.385
H0386	s35	2	0.154
H0386	s34	1	0.077
H0386	s01	1	0.077
H0386	s39	1	0.077
H0388	s26	1	1.000
H0391	s20	1	0.500
H0391	s10	1	0.500
H0393	s23	2	0.500
H0393	s34	2	0.500
H0394	s33	4	0.500
H0394	s04	3	0.375
H0394	s35	1	0.125
H0395	s33	1	1.000
H0396	s38	1	1.000
H0398	s07	194	0.240
H0398	s38	172	0.213
H0398	s04	70	0.087
H0398	s12	62	0.077
H0398	s01	48	0.059
H0400	s02	19	0.432
H0400	s38	8	0.182
H0400	s34	7	0.159
H0400	s14	3	0.068
H0402	s07	10	0.556
H0402	s15	7	0.389
H0402	s10	1	0.056
H0404	s33	1	1.000
H0405	s37	1	1.000
H0406	s04	5	0.714
H0406	s05	1	0.143
H0406	s22	1	0.143
H0410	s37	114	0.473
H0410	s22	60	0.249
H0410	s06	20	0.083
H0410	s21	13	0.054
H0411	s28	3	0.333
H0411	s06	2	0.222
H0411	s27	2	0.222
H0411	s38	2	0.222
H0417	s15	3	1.000
H0418	s05	3	1.000
H0421	s04	1	1.000
H0422	s05	6	0.750
H0422	s10	2	0.250
H0423	s05	11	0.324
H0423	s06	6	0.176
H0423	s27	6	0.176
H0423	s15	5	0.147
H0423	s38	5	0.147
H0424	s39	7	0.538
H0424	s15	2	0.154
H0424	s38	1	0.077
H0424	s01	1	0.077
H0424	s10	1	0.077
H0427	s06	1	1.000
H0428	s29	162	0.217
H0428	s28	154	0.206
H0428	s39	84	0.113
H0428	s06	81	0.109
H0430	s06	438	0.168
H0430	s22	229	0.088
H0430	s38	194	0.075
H0430	s12	180	0.069
H0430	s39	168	0.065
H0433	s37	42	0.737
H0433	s34	6	0.105
H0433	s31	5	0.088
H0433	s23	3	0.053
H0437	s04	4	0.500
H0437	s10	2	0.250
H0437	s37	2	0.250
H0441	s28	41	0.594
H0441	s36	17	0.246
H0441	s33	4	0.058
H0444	s37	3	1.000
H0451	s01	3	0.600
H0451	s09	2	0.400
H0457	s04	12	0.600
H0457	s22	3	0.150
H0457	s15	2	0.100
H0457	s12	2	0.100
H0457	s37	1	0.050
H0481	s30	7	0.778
H0481	s31	1	0.111
H0481	s02	1	0.111
H0482	s30	1	0.500
H0482	s23	1	0.500
H0483	s30	6	1.000
H0484	s16	3	1.000
H0485	s02	5	1.000
H0488	s04	3	1.000
H0489	s30	1	1.000
H0490	s27	17	0.315
H0490	s12	8	0.148
H0490	s30	6	0.111
H0490	s28	5	0.093
H0490	s34	5	0.093
H0491	s28	4	1.000
H0492	s38	2	0.667
H0492	s28	1	0.333
H0502	s37	4	1.000
H0503	s21	1	1.000
H0504	s20	6	0.857
H0504	s33	1	0.143
H0509	s02	1	1.000
H0510	s23	1	1.000
H0517	s28	68	0.309
H0517	s36	55	0.250
H0517	s10	33	0.150
H0517	s38	25	0.114
H0517	s30	17	0.077
H0519	s38	28	0.500
H0519	s28	14	0.250
H0519	s12	12	0.214
H0520	s26	102	0.413
H0520	s19	98	0.397
H0520	s08	25	0.101
H0520	s03	20	0.081
H0523	s22	5	0.714
H0523	s28	1	0.143
H0523	s23	1	0.143
H0525	s03	1	0.500
H0525	s34	1	0.500
H0529	s33	4	0.500
H0529	s30	3	0.375
H0529	s23	1	0.125
H0530	s22	15	0.306
H0530	s12	9	0.184
H0530	s30	9	0.184
H0530	s13	9	0.184
H0530	s33	6	0.122
H0533	s37	3	0.500
H0533	s38	1	0.167
H0533	s15	1	0.167
H0533	s10	1	0.167
H0534	s04	1	0.500
H0534	s01	1	0.500
H0535	s04	14	0.875
H0535	s21	1	0.062
H0535	s10	1	0.062
H0536	s30	1	1.000
H0537	s05	1	1.000
H0539	s05	18	0.171
H0539	s14	14	0.133
H0539	s22	13	0.124
H0539	s20	13	0.124
H0539	s06	10	0.095
H0542	s10	1	1.000
H0544	s34	1	1.000
H0545	s38	1	1.000
H0547	s26	1	1.000
H0548	s12	2	1.000
H0553	s06	9	0.220
H0553	s21	5	0.122
H0553	s30	5	0.122
H0553	s05	3	0.073
H0553	s12	3	0.073
H0554	s24	2	1.000
H0555	s37	1	1.000
H0556	s39	1	1.000
H0559	s38	1067	0.201
H0559	s39	640	0.121
H0559	s15	555	0.105
H0559	s28	463	0.087
H0559	s06	377	0.071
H0561	s33	22	0.449
H0561	s37	21	0.429
H0562	s37	3	0.500
H0562	s22	2	0.333
H0562	s21	1	0.167
H0565	s13	27	0.730
H0565	s21	5	0.135
H0565	s02	2	0.054
H0571	s30	35	0.276
H0571	s22	24	0.189
H0571	s31	13	0.102
H0571	s13	12	0.094
H0571	s38	12	0.094
H0572	s38	15	1.000
H0578	s10	1	0.500
H0578	s04	1	0.500
H0579	s25	1	0.250
H0579	s36	1	0.250
H0579	s33	1	0.250
H0579	s30	1	0.250
H0584	s15	4	0.308
H0584	s04	3	0.231
H0584	s12	2	0.154
H0584	s30	2	0.154
H0584	s10	1	0.077
H0585	s30	6	0.545
H0585	s04	1	0.091
H0585	s22	1	0.091
H0585	s34	1	0.091
H0585	s37	1	0.091
H0590	s05	3	0.429
H0590	s11	3	0.429
H0590	s35	1	0.143
H0591	s34	8	0.258
H0591	s36	7	0.226
H0591	s31	4	0.129
H0591	s10	3	0.097
H0591	s04	3	0.097
H0592	s02	1	0.500
H0592	s15	1	0.500
H0594	s15	4	1.000
H0596	s15	1	0.500
H0596	s14	1	0.500
H0597	s31	1	1.000
H0599	s06	8	0.571
H0599	s22	4	0.286
H0599	s05	2	0.143
H0601	s07	2	1.000
H0602	s15	4	1.000
H0603	s22	2	0.500
H0603	s30	1	0.250
H0603	s05	1	0.250
H0604	s27	1	1.000
H0605	s20	3	0.333
H0605	s04	2	0.222
H0605	s37	2	0.222
H0605	s38	1	0.111
H0605	s10	1	0.111
H0610	s38	1	1.000
H0611	s38	3	0.600
H0611	s02	2	0.400
H0612	s39	2	0.667
H0612	s16	1	0.333
H0614	s12	1	0.500
H0614	s06	1	0.500
H0615	s34	5	0.417
H0615	s22	3	0.250
H0615	s38	2	0.167
H0615	s15	1	0.083
H0615	s30	1	0.083
H0616	s28	1	0.250
H0616	s30	1	0.250
H0616	s36	1	0.250
H0616	s34	1	0.250
H0618	s20	1	0.500
H0618	s02	1	0.500
H0622	s39	68	0.340
H0622	s12	35	0.175
H0622	s04	23	0.115
H0622	s28	12	0.060
H0624	s12	3	1.000
H0625	s04	2	0.667
H0625	s30	1	0.333
H0626	s04	1	1.000
H0627	s16	1	1.000
H0628	s14	1	1.000
H0631	s02	18	0.250
H0631	s03	18	0.250
H0631	s39	14	0.194
H0631	s22	6	0.083
H0631	s36	5	0.069
H0632	s30	11	1.000
H0639	s06	51	0.184
H0639	s15	36	0.130
H0639	s38	35	0.126
H0639	s14	26	0.094
H0639	s37	25	0.090
H0640	s09	2	1.000
H0642	s32	2	0.667
H0642	s34	1	0.333
H0643	s31	1	1.000
H0644	s02	12	0.480
H0644	s17	4	0.160
H0644	s38	2	0.080
H0644	s12	2	0.080
H0644	s37	2	0.080
H0646	s32	43	0.878
H0646	s09	5	0.102
H0648	s05	1	1.000
H0650	s15	9	0.474
H0650	s21	4	0.211
H0650	s34	3	0.158
H0650	s37	1	0.053
H0650	s07	1	0.053
H0651	s34	1	1.000
H0652	s37	5	0.556
H0652	s34	3	0.333
H0652	s30	1	0.111
H0653	s20	4	0.400
H0653	s34	2	0.200
H0653	s04	2	0.200
H0653	s30	1	0.100
H0653	s33	1	0.100
H0655	s37	1	1.000
H0656	s38	2	0.400
H0656	s04	2	0.400
H0656	s22	1	0.200
H0657	s22	9	0.205
H0657	s35	8	0.182
H0657	s23	5	0.114
H0657	s30	4	0.091
H0657	s38	3	0.068
H0659	s37	1	1.000
H0660	s37	2	0.667
H0660	s30	1	0.333
H0661	s21	3	0.600
H0661	s30	2	0.400
H0662	s38	3	0.429
H0662	s22	2	0.286
H0662	s02	1	0.143
H0662	s04	1	0.143
H0665	s34	5	0.227
H0665	s05	4	0.182
H0665	s37	3	0.136
H0665	s27	3	0.136
H0665	s31	2	0.091
H0666	s39	2	1.000
H0667	s25	2	0.500
H0667	s34	1	0.250
H0667	s22	1	0.250
H0668	s08	1	1.000
H0676	s25	15	0.484
H0676	s01	7	0.226
H0676	s09	3	0.097
H0676	s34	2	0.065
H0676	s30	2	0.065
H0678	s01	1	0.500
H0678	s05	1	0.500
H0679	s19	2	0.667
H0679	s15	1	0.333
H0680	s16	3	0.600
H0680	s19	1	0.200
H0680	s28	1	0.200
H0685	s39	1	0.500
H0685	s18	1	0.500
H0686	s36	2	0.400
H0686	s15	1	0.200
H0686	s10	1	0.200
H0686	s12	1	0.200
H0688	s29	1	1.000
H0689	s07	1	1.000
H0691	s28	1	1.000
H0693	s39	33	0.805
H0693	s33	4	0.098
H0693	s30	3	0.073
H0695	s34	2	1.000
H0696	s30	2	1.000
H0697	s14	11	0.458
H0697	s04	5	0.208
H0697	s20	3	0.125
H0697	s05	2	0.083
H0698	s30	1	1.000
H0699	s11	3	0.333
H0699	s40	3	0.333
H0699	s16	1	0.111
H0699	s14	1	0.111
H0699	s34	1	0.111
H0707	s39	5	0.385
H0707	s32	5	0.385
H0707	s30	2	0.154
H0707	s36	1	0.077
H0708	s02	1	0.500
H0708	s37	1	0.500
H0710	s05	1	1.000
H0712	s39	2	0.667
H0712	s01	1	0.333
H0713	s32	25	0.658
H0713	s08	12	0.316
H0717	s04	1	0.500
H0717	s23	1	0.500
H0723	s36	2	0.667
H0723	s31	1	0.333
H0724	s30	2	0.333
H0724	s05	2	0.333
H0724	s12	1	0.167
H0724	s34	1	0.167
H0727	s26	123	0.609
H0727	s12	29	0.144
H0727	s18	25	0.124
H0727	s39	19	0.094
H0729	s10	1	1.000
H0730	s26	35	0.479
H0730	s04	12	0.164
H0730	s05	11	0.151
H0730	s25	6	0.082
H0730	s22	4	0.055
H0731	s15	1	1.000
H0732	s38	2	0.333
H0732	s04	2	0.333
H0732	s37	2	0.333
H0734	s33	20	0.345
H0734	s13	16	0.276
H0734	s37	16	0.276
H0736	s02	1	0.500
H0736	s39	1	0.500
H0737	s36	4	0.667
H0737	s03	1	0.167
H0737	s33	1	0.167
H0738	s04	17	0.212
H0738	s30	11	0.138
H0738	s40	10	0.125
H0738	s38	9	0.113
H0738	s15	9	0.113
H0741	s01	2	0.667
H0741	s02	1	0.333
H0748	s06	16	0.471
H0748	s26	4	0.118
H0748	s16	4	0.118
H0748	s33	4	0.118
H0748	s18	3	0.088
H0750	s06	6	0.400
H0750	s22	4	0.267
H0750	s33	3	0.200
H0750	s16	1	0.067
H0750	s40	1	0.067
H0752	s39	1	0.333
H0752	s36	1	0.333
H0752	s37	1	0.333
H0753	s19	51	0.537
H0753	s26	30	0.316
H0753	s08	7	0.074
H0759	s35	11	0.344
H0759	s15	9	0.281
H0759	s04	5	0.156
H0759	s36	3	0.094
H0762	s38	2	0.500
H0762	s36	2	0.500
H0766	s37	1	1.000
H0768	s07	2	1.000
H0776	s06	278	0.111
H0776	s15	263	0.105
H0776	s39	193	0.077
H0776	s38	160	0.064
H0776	s28	153	0.061
H0779	s20	36	0.571
H0779	s38	7	0.111
H0779	s27	7	0.111
H0779	s28	6	0.095
H0781	s20	9	0.818
H0781	s39	1	0.091
H0781	s38	1	0.091
H0782	s22	1	1.000
H0784	s40	86	0.228
H0784	s06	82	0.217
H0784	s15	40	0.106
H0784	s01	38	0.101
H0784	s39	37	0.098
H0793	s39	1	1.000
H0794	s39	2	1.000
H0798	s29	4	1.000
H0801	s17	35	0.538
H0801	s01	22	0.338
H0801	s09	8	0.123
H0802	s28	490	0.627
H0802	s38	123	0.157
H0802	s27	62	0.079
H0803	s15	1	1.000
H0808	s04	1	1.000
H0809	s10	2	0.500
H0809	s22	1	0.250
H0809	s26	1	0.250
H0810	s01	1	1.000
H0811	s23	7	0.778
H0811	s02	1	0.111
H0811	s10	1	0.111
H0814	s10	1	0.500
H0814	s30	1	0.500
H0815	s05	2	0.667
H0815	s39	1	0.333
H0816	s01	14	0.400
H0816	s25	6	0.171
H0816	s15	5	0.143
H0816	s30	4	0.114
H0816	s27	2	0.057
H0817	s25	30	0.652
H0817	s01	7	0.152
H0817	s19	5	0.109
H0818	s38	2	0.667
H0818	s02	1	0.333
H0819	s30	6	0.316
H0819	s15	3	0.158
H0819	s25	3	0.158
H0819	s01	2	0.105
H0819	s38	1	0.053
H0820	s30	1	1.000
H0821	s39	3	0.429
H0821	s13	2	0.286
H0821	s22	2	0.286
H0822	s35	1	0.500
H0822	s33	1	0.500
H0825	s02	2	1.000
H0827	s04	2	0.333
H0827	s34	2	0.333
H0827	s35	1	0.167
H0827	s05	1	0.167
H0829	s01	1	0.500
H0829	s26	1	0.500
H0833	s33	5	0.312
H0833	s28	2	0.125
H0833	s15	2	0.125
H0833	s34	2	0.125
H0833	s13	2	0.125
H0837	s28	1	1.000
H0838	s30	5	0.556
H0838	s37	3	0.333
H0838	s33	1	0.111
H0855	s39	5	1.000
H0857	s34	11	0.524
H0857	s37	5	0.238
H0857	s05	2	0.095
H0857	s04	2	0.095
H0860	s38	32	0.941
H0860	s39	2	0.059
H0862	s19	5	1.000
H0866	s10	1	1.000
H0868	s10	11	1.000
H0872	s40	1	1.000
H0874	s06	2	0.667
H0874	s33	1	0.333
H0875	s28	28	0.757
H0875	s38	6	0.162
H0875	s30	2	0.054
H0887	s39	6	0.353
H0887	s38	2	0.118
H0887	s02	2	0.118
H0887	s30	2	0.118
H0887	s18	1	0.059
H0889	s35	2	0.667
H0889	s12	1	0.333
H0890	s34	1	1.000
H0891	s23	2	1.000
H0892	s27	1	1.000
H0898	s33	17	0.333
H0898	s04	15	0.294
H0898	s14	8	0.157
H0898	s37	4	0.078
H0898	s13	4	0.078
H0899	s27	41	0.191
H0899	s38	37	0.172
H0899	s24	31	0.144
H0899	s18	25	0.116
H0899	s25	24	0.112
H0900	s15	1	1.000
H0901	s10	2	1.000
H0905	s38	37	0.184
H0905	s26	30	0.149
H0905	s17	29	0.144
H0905	s18	18	0.090
H0905	s31	17	0.085
H0906	s40	11	0.478
H0906	s25	6	0.261
H0906	s01	4	0.174
H0906	s32	2	0.087
H0907	s04	2	0.333
H0907	s05	1	0.167
H0907	s35	1	0.167
H0907	s37	1	0.167
H0907	s34	1	0.167
H0908	s01	1	0.500
H0908	s28	1	0.500
H0909	s04	2	0.667
H0909	s05	1	0.333
H0910	s23	6	0.545
H0910	s01	1	0.091
H0910	s08	1	0.091
H0910	s24	1	0.091
H0910	s22	1	0.091
H0913	s08	1	0.167
H0913	s15	1	0.167
H0913	s10	1	0.167
H0913	s35	1	0.167
H0913	s25	1	0.167
H0914	s27	17	0.405
H0914	s12	7	0.167
H0914	s05	3	0.071
H0914	s06	3	0.071
H0914	s18	3	0.071
H0915	s15	1	1.000
H0916	s07	1	0.500
H0916	s14	1	0.500
H0918	s12	1	1.000
H0919	s12	6	0.600
H0919	s36	2	0.200
H0919	s10	2	0.200
H0922	s35	2	0.667
H0922	s34	1	0.333
H0923	s31	1	1.000
H0925	s34	1	1.000
H0926	s22	8	0.211
H0926	s37	8	0.211
H0926	s31	7	0.184
H0926	s04	5	0.132
H0926	s16	3	0.079
H0928	s14	3	0.750
H0928	s04	1	0.250
H0929	s07	119	0.626
H0929	s39	16	0.084
H0929	s12	16	0.084
H0929	s27	11	0.058
H0930	s34	1	1.000
H0931	s25	10	0.625
H0931	s09	6	0.375
H0933	s24	1	1.000
H0934	s24	12	1.000
H0935	s38	390	0.152
H0935	s39	316	0.124
H0935	s15	183	0.072
H0935	s28	154	0.060
H0935	s06	154	0.060
H0936	s33	7	0.500
H0936	s04	3	0.214
H0936	s28	2	0.143
H0936	s23	1	0.071
H0936	s26	1	0.071
H0937	s34	4	0.364
H0937	s13	3	0.273
H0937	s33	2	0.182
H0937	s28	1	0.091
H0937	s30	1	0.091
H0939	s05	1	1.000
H0943	s12	1	0.333
H0943	s39	1	0.333
H0943	s04	1	0.333
H0944	s37	1	0.500
H0944	s34	1	0.500
H0947	s10	5	0.417
H0947	s22	4	0.333
H0947	s30	2	0.167
H0947	s04	1	0.083
H0948	s32	3	0.375
H0948	s31	2	0.250
H0948	s12	1	0.125
H0948	s22	1	0.125
H0948	s10	1	0.125
H0950	s04	1	1.000
H0951	s15	1	1.000
H0952	s16	1	1.000
H0953	s02	25	0.357
H0953	s15	18	0.257
H0953	s39	10	0.143
H0953	s30	9	0.129
H0954	s30	63	0.492
H0954	s04	45	0.352
H0954	s13	8	0.062
H0954	s33	7	0.055
H0955	s15	1	0.250
H0955	s05	1	0.250
H0955	s04	1	0.250
H0955	s22	1	0.250
H0957	s15	16	0.640
H0957	s35	4	0.160
H0957	s06	2	0.080
H0957	s18	2	0.080
H0958	s39	1	0.500
H0958	s34	1	0.500
H0959	s31	12	0.286
H0959	s15	9	0.214
H0959	s30	6	0.143
H0959	s33	5	0.119
H0959	s05	3	0.071
H0961	s31	10	1.000
H0962	s39	21	0.488
H0962	s35	11	0.256
H0962	s15	6	0.140
H0963	s31	1	1.000
H0965	s40	1	1.000
H0967	s31	1	0.500
H0967	s22	1	0.500
H0969	s04	1	1.000
H0970	s05	88	0.409
H0970	s06	24	0.112
H0970	s14	18	0.084
H0970	s15	14	0.065
H0970	s39	13	0.060
H0971	s04	1	1.000
H0972	s22	8	0.615
H0972	s14	2	0.154
H0972	s13	1	0.077
H0972	s05	1	0.077
H0972	s06	1	0.077
H0973	s28	1	1.000
H0974	s37	17	0.586
H0974	s33	4	0.138
H0974	s22	3	0.103
H0974	s02	2	0.069
H0975	s04	1	1.000
H0976	s31	1	1.000
H0979	s16	2	0.667
H0979	s39	1	0.333
H0981	s27	2	0.500
H0981	s33	1	0.250
H0981	s22	1	0.250
H0982	s30	62	0.517
H0982	s04	21	0.175
H0982	s22	17	0.142
H0982	s33	9	0.075
H0983	s15	20	0.476
H0983	s33	5	0.119
H0983	s14	4	0.095
H0983	s34	4	0.095
H0983	s12	3	0.071
H0985	s39	1	1.000
H0986	s38	2	0.667
H0986	s16	1	0.333
H0987	s34	1	1.000
H0988	s16	1	1.000
H0990	s34	16	0.222
H0990	s37	15	0.208
H0990	s28	11	0.153
H0990	s30	9	0.125
H0990	s20	7	0.097
H0992	s38	1	1.000
H0995	s33	52	0.306
H0995	s31	42	0.247
H0995	s37	28	0.165
H0995	s34	13	0.076
H0995	s13	13	0.076
H0998	s33	15	0.395
H0998	s34	9	0.237
H0998	s31	5	0.132
H0998	s05	4	0.105
H0998	s37	3	0.079
H1000	s25	2	0.333
H1000	s34	2	0.333
H1000	s30	2	0.333
H1002	s31	12	0.750
H1002	s12	2	0.125
H1002	s05	2	0.125
H1003	s39	1	0.500
H1003	s36	1	0.500
H1055	s23	2	0.667
H1055	s31	1	0.333
H1056	s22	1	1.000
H1057	s39	4	1.000
H1058	s38	45	0.395
H1058	s28	23	0.202
H1058	s04	22	0.193
H1058	s14	11	0.096
H1058	s34	6	0.053
H1059	s28	1	1.000
H1060	s28	72	0.590
H1060	s12	26	0.213
H1060	s29	12	0.098
H1061	s12	8	0.471
H1061	s17	5	0.294
H1061	s06	3	0.176
H1061	s20	1	0.059
H1062	s28	9	0.900
H1062	s38	1	0.100
H1063	s28	1	0.250
H1063	s10	1	0.250
H1063	s35	1	0.250
H1063	s30	1	0.250
H1065	s04	29	0.967
H1067	s38	4	0.667
H1067	s28	2	0.333
H1068	s28	1	1.000
H1069	s28	1	0.250
H1069	s19	1	0.250
H1069	s10	1	0.250
H1069	s12	1	0.250
H1070	s34	1	1.000
H1072	s15	1	1.000
H1082	s37	2	0.500
H1082	s05	1	0.250
H1082	s30	1	0.250
H1086	s06	5	0.333
H1086	s05	4	0.267
H1086	s22	3	0.200
H1086	s38	1	0.067
H1086	s30	1	0.067
H1087	s06	4	0.800
H1087	s10	1	0.200
H1089	s05	1	1.000
H1091	s34	5	0.500
H1091	s37	2	0.200
H1091	s15	1	0.100
H1091	s10	1	0.100
H1091	s32	1	0.100
H1094	s02	3	1.000
H1098	s34	2	0.667
H1098	s37	1	0.333
H1100	s38	13	0.481
H1100	s21	8	0.296
H1100	s33	4	0.148
H1101	s17	22	0.512
H1101	s11	15	0.349
H1101	s25	4	0.093
H1102	s30	1	1.000
H1103	s15	1	1.000
H1104	s02	13	0.265
H1104	s30	8	0.163
H1104	s37	7	0.143
H1104	s18	4	0.082
H1104	s33	4	0.082
H1105	s04	1	0.500
H1105	s22	1	0.500
H1110	s04	2	1.000
H1116	s36	60	0.588
H1116	s06	10	0.098
H1116	s01	9	0.088
H1116	s04	6	0.059
H1116	s15	6	0.059
H1129	s05	294	0.782
H1129	s36	24	0.064
H1129	s26	20	0.053
H1140	s19	1	1.000
H1143	s39	2	1.000
H1146	s19	7	1.000
H1155	s15	3	0.600
H1155	s07	1	0.200
H1155	s37	1	0.200
H1158	s34	2	0.400
H1158	s04	2	0.400
H1158	s22	1	0.200
H1161	s37	1	0.500
H1161	s30	1	0.500
H1163	s01	1	0.500
H1163	s23	1	0.500
H1165	s14	4	0.667
H1165	s38	1	0.167
H1165	s18	1	0.167
H1166	s28	10	0.625
H1166	s22	4	0.250
H1166	s15	2	0.125
H1167	s16	22	0.265
H1167	s33	13	0.157
H1167	s39	12	0.145
H1167	s28	11	0.133
H1167	s38	9	0.108
H1172	s02	2	0.500
H1172	s28	1	0.250
H1172	s39	1	0.250
H1181	s29	2	0.500
H1181	s38	2	0.500
H1197	s36	16	0.170
H1197	s06	16	0.170
H1197	s40	13	0.138
H1197	s21	10	0.106
H1197	s15	10	0.106
H1198	s22	3	0.600
H1198	s33	1	0.200
H1198	s37	1	0.200
H1200	s04	1	1.000
H1204	s37	12	0.750
H1204	s21	3	0.188
H1204	s31	1	0.062
H1205	s35	1	0.500
H1205	s16	1	0.500
H1206	s30	1	1.000
H1207	s37	2	0.667
H1207	s19	1	0.333
H1208	s06	8	0.320
H1208	s04	7	0.280
H1208	s05	4	0.160
H1208	s39	3	0.120
H1208	s20	2	0.080
H1210	s04	4	0.500
H1210	s20	3	0.375
H1210	s39	1	0.125
H1211	s14	1	1.000
H1214	s15	6	0.375
H1214	s37	3	0.188
H1214	s30	2	0.125
H1214	s04	2	0.125
H1214	s33	2	0.125
H1215	s35	9	0.391
H1215	s30	5	0.217
H1215	s15	2	0.087
H1215	s02	2	0.087
H1215	s33	2	0.087
H1216	s06	2	1.000
H1217	s28	3	0.600
H1217	s02	1	0.200
H1217	s05	1	0.200
H1219	s04	5	0.417
H1219	s12	4	0.333
H1219	s05	1	0.083
H1219	s33	1	0.083
H1219	s22	1	0.083
H1220	s37	2	1.000
H1223	s29	1	1.000
H1225	s23	1	1.000
H1226	s30	2	0.500
H1226	s20	1	0.250
H1226	s22	1	0.250
H1228	s38	1	0.333
H1228	s01	1	0.333
H1228	s07	1	0.333
H1233	s15	1	0.500
H1233	s04	1	0.500
H1234	s39	17	0.333
H1234	s14	12	0.235
H1234	s34	4	0.078
H1234	s30	4	0.078
H1234	s03	3	0.059
H1235	s08	1	0.500
H1235	s38	1	0.500
H1238	s04	8	0.889
H1238	s20	1	0.111
H1239	s15	2	0.286
H1239	s01	1	0.143
H1239	s24	1	0.143
H1239	s07	1	0.143
H1239	s33	1	0.143
H1241	s11	81	0.443
H1241	s01	38	0.208
H1241	s38	24	0.131
H1241	s17	16	0.087
H1242	s38	63	0.294
H1242	s12	30	0.140
H1242	s39	22	0.103
H1242	s34	20	0.093
H1242	s17	14	0.065
H1243	s15	1	1.000
H1244	s25	1	1.000
H1245	s30	70	0.311
H1245	s38	48	0.213
H1245	s15	22	0.098
H1245	s33	15	0.067
H1246	s31	6	0.750
H1246	s38	2	0.250
H1248	s30	3	0.750
H1248	s35	1	0.250
H1249	s37	3	0.429
H1249	s22	2	0.286
H1249	s33	1	0.143
H1249	s02	1	0.143
H1250	s02	9	0.643
H1250	s22	2	0.143
H1250	s34	1	0.071
H1250	s04	1	0.071
H1250	s33	1	0.071
H1252	s21	5	1.000
H1253	s35	1	0.500
H1253	s37	1	0.500
H1254	s22	16	0.296
H1254	s07	11	0.204
H1254	s40	5	0.093
H1254	s05	5	0.093
H1254	s06	4	0.074
H1257	s02	1	1.000
H1258	s04	1	1.000
H1259	s14	24	0.828
H1259	s21	3	0.103
H1259	s34	2	0.069
H1261	s28	2	0.500
H1261	s24	2	0.500
H1262	s28	5	0.714
H1262	s39	1	0.143
H1262	s38	1	0.143
H1264	s10	1	1.000
H1265	s26	8	0.400
H1265	s04	5	0.250
H1265	s05	4	0.200
H1265	s34	3	0.150
H1266	s10	1	1.000
H1267	s30	1	1.000
H1270	s39	16	0.211
H1270	s05	13	0.171
H1270	s34	12	0.158
H1270	s20	9	0.118
H1270	s29	8	0.105
H1272	s28	26	0.400
H1272	s37	15	0.231
H1272	s03	5	0.077
H1272	s39	4	0.062
H1277	s02	13	0.929
H1277	s17	1	0.071
H1278	s18	1	1.000
H1279	s28	3	1.000
H1280	s08	30	0.750
H1280	s34	8	0.200
H1281	s04	3	0.600
H1281	s34	2	0.400
H1285	s06	202	0.711
H1285	s05	22	0.077
H1287	s15	1	0.500
H1287	s06	1	0.500
H1288	s22	118	0.358
H1288	s28	64	0.194
H1288	s38	56	0.170
H1288	s05	39	0.118
H1290	s05	4	0.160
H1290	s38	4	0.160
H1290	s40	4	0.160
H1290	s28	4	0.160
H1290	s20	3	0.120
H1293	s06	14	0.203
H1293	s28	14	0.203
H1293	s22	9	0.130
H1293	s33	9	0.130
H1293	s20	8	0.116
H1299	s21	1	1.000
H1300	s40	10	0.476
H1300	s21	5	0.238
H1300	s23	3	0.143
H1303	s39	2	1.000
H1304	s32	3	1.000
H1305	s21	6	0.333
H1305	s12	3	0.167
H1305	s15	3	0.167
H1305	s31	2	0.111
H1305	s16	1	0.056
H1309	s38	5	0.833
H1309	s39	1	0.167
H1310	s09	9	0.321
H1310	s12	9	0.321
H1310	s19	3	0.107
H1310	s01	2	0.071
H1310	s25	2	0.071
H1311	s12	1	0.500
H1311	s09	1	0.500
H1314	s10	10	0.333
H1314	s18	9	0.300
H1314	s36	4	0.133
H1314	s16	3	0.100
H1314	s05	3	0.100
H1317	s04	1	1.000
H1318	s33	1	1.000
H1319	s22	10	0.417
H1319	s38	7	0.292
H1319	s39	6	0.250
H1320	s07	86	0.319
H1320	s24	30	0.111
H1320	s27	24	0.089
H1320	s37	23	0.085
H1320	s02	20	0.074
H1322	s30	19	0.633
H1322	s05	8	0.267
H1322	s04	2	0.067
H1324	s11	7	0.538
H1324	s03	3	0.231
H1324	s05	2	0.154
H1324	s17	1	0.077
H1326	s23	1	1.000
H1327	s25	1	1.000
H1330	s38	13	0.260
H1330	s04	11	0.220
H1330	s23	7	0.140
H1330	s27	6	0.120
H1330	s14	6	0.120
H1331	s10	8	0.800
H1331	s12	2	0.200
H1333	s10	1	1.000
H1334	s06	2	1.000
H1335	s15	2	0.667
H1335	s06	1	0.333
H1341	s04	1	1.000
H1342	s22	4	0.571
H1342	s37	2	0.286
H1342	s19	1	0.143
H1343	s37	3	0.375
H1343	s33	3	0.375
H1343	s04	2	0.250
H1344	s33	1	1.000
H1346	s04	7	0.368
H1346	s30	5	0.263
H1346	s22	4	0.211
H1346	s33	2	0.105
H1346	s34	1	0.053
H1347	s04	29	0.592
H1347	s15	9	0.184
H1347	s34	6	0.122
H1348	s22	4	0.500
H1348	s10	2	0.250
H1348	s15	1	0.125
H1348	s37	1	0.125
H1349	s38	1	1.000
H1350	s12	44	0.423
H1350	s22	17	0.163
H1350	s34	14	0.135
H1350	s29	8	0.077
H1350	s14	6	0.058
H1351	s15	4	0.364
H1351	s30	3	0.273
H1351	s02	2	0.182
H1351	s38	2	0.182
H1352	s12	1	1.000
H1353	s12	14	1.000
H1354	s40	4	0.308
H1354	s10	4	0.308
H1354	s37	3	0.231
H1354	s25	2	0.154
H1356	s39	2	0.500
H1356	s26	1	0.250
H1356	s04	1	0.250
H1357	s30	1	1.000
H1360	s19	1	0.500
H1360	s04	1	0.500
H1361	s15	11	0.324
H1361	s37	6	0.176
H1361	s36	4	0.118
H1361	s04	4	0.118
H1361	s22	3	0.088
H1362	s33	2	0.500
H1362	s16	1	0.250
H1362	s26	1	0.250
H1363	s19	4	0.235
H1363	s04	4	0.235
H1363	s37	4	0.235
H1363	s40	3	0.176
H1363	s36	1	0.059
H1364	s34	8	0.216
H1364	s16	7	0.189
H1364	s31	5	0.135
H1364	s20	5	0.135
H1364	s19	4	0.108
H1365	s34	1	0.500
H1365	s04	1	0.500
H1366	s29	230	0.958
H1367	s29	7	0.700
H1367	s23	2	0.200
H1367	s34	1	0.100
H1368	s39	76	0.478
H1368	s04	20	0.126
H1368	s22	17	0.107
H1368	s31	13	0.082
H1368	s15	8	0.050
H1369	s22	28	0.459
H1369	s36	17	0.279
H1369	s35	5	0.082
H1369	s15	4	0.066
H1371	s24	1	1.000
H1372	s24	4	1.000
H1375	s18	9	0.643
H1375	s38	5	0.357
H1376	s28	2	1.000
H1377	s36	5	0.833
H1377	s10	1	0.167
H1378	s32	1	1.000
H1379	s29	3	0.600
H1379	s39	2	0.400
H1383	s32	2	1.000
H1384	s01	1	1.000
H1385	s37	1	1.000
H1386	s22	2	1.000
H1392	s05	1	1.000
H1396	s22	7	0.280
H1396	s39	6	0.240
H1396	s40	4	0.160
H1396	s37	3	0.120
H1397	s37	32	0.485
H1397	s34	7	0.106
H1397	s33	6	0.091
H1397	s30	5	0.076
H1397	s22	4	0.061
H1404	s28	4	0.444
H1404	s22	2	0.222
H1404	s25	1	0.111
H1404	s04	1	0.111
H1404	s38	1	0.111
H1406	s04	11	0.367
H1406	s19	9	0.300
H1406	s38	3	0.100
H1406	s36	2	0.067
H1406	s26	2	0.067
H1407	s12	1	0.500
H1407	s14	1	0.500
H1409	s28	1	1.000
H1413	s04	2	0.250
H1413	s39	2	0.250
H1413	s01	1	0.125
H1413	s15	1	0.125
H1413	s38	1	0.125
H1415	s06	2	0.500
H1415	s12	1	0.250
H1415	s26	1	0.250
H1416	s39	12	0.387
H1416	s36	10	0.323
H1416	s38	6	0.194
H1416	s37	2	0.065
H1417	s21	3	1.000
H1418	s04	1	1.000
H1419	s06	139	0.265
H1419	s39	91	0.173
H1419	s05	44	0.084
H1419	s38	44	0.084
H1419	s31	42	0.080
H1420	s05	5	0.417
H1420	s22	4	0.333
H1420	s31	2	0.167
H1420	s30	1	0.083
H1421	s15	2	0.667
H1421	s22	1	0.333
H1422	s15	1	1.000
H1423	s28	10	0.625
H1423	s38	3	0.188
H1423	s07	1	0.062
H1423	s12	1	0.062
H1423	s06	1	0.062
H1429	s28	1	1.000
H1430	s37	2	0.500
H1430	s07	1	0.250
H1430	s28	1	0.250
H1431	s31	33	0.282
H1431	s28	21	0.179
H1431	s38	18	0.154
H1431	s30	18	0.154
H1431	s04	8	0.068
H1432	s05	2	0.500
H1432	s10	1	0.250
H1432	s28	1	0.250
H1433	s06	5	0.385
H1433	s23	3	0.231
H1433	s26	2	0.154
H1433	s22	2	0.154
H1433	s15	1	0.077
H1434	s03	1	0.500
H1434	s40	1	0.500
H1438	s15	6	0.273
H1438	s04	4	0.182
H1438	s01	3	0.136
H1438	s36	3	0.136
H1438	s34	3	0.136
H1442	s04	4	0.571
H1442	s15	1	0.143
H1442	s27	1	0.143
H1442	s30	1	0.143
H1443	s15	3	0.300
H1443	s12	2	0.200
H1443	s05	2	0.200
H1443	s10	1	0.100
H1443	s34	1	0.100
H1447	s19	3	0.214
H1447	s15	2	0.143
H1447	s30	2	0.143
H1447	s38	2	0.143
H1447	s16	1	0.071
H1448	s04	3	0.333
H1448	s29	3	0.333
H1448	s05	1	0.111
H1448	s19	1	0.111
H1448	s22	1	0.111
H1455	s34	1	1.000
H1456	s33	1	1.000
H1457	s38	2	0.667
H1457	s01	1	0.333
H1458	s06	2	0.667
H1458	s10	1	0.333
H1460	s33	3	0.429
H1460	s30	1	0.143
H1460	s15	1	0.143
H1460	s38	1	0.143
H1460	s34	1	0.143
H1462	s04	2	0.667
H1462	s15	1	0.333
H1464	s30	2	0.667
H1464	s04	1	0.333
H1465	s37	1	1.000
H1466	s37	2	0.667
H1466	s34	1	0.333
H1468	s39	1	0.500
H1468	s22	1	0.500
H1469	s23	1	0.500
H1469	s06	1	0.500
H1472	s40	11	0.846
H1472	s38	1	0.077
H1472	s06	1	0.077
H1473	s40	16	0.381
H1473	s15	10	0.238
H1473	s12	6	0.143
H1473	s36	3	0.071
H1473	s31	3	0.071
H1475	s16	1	1.000
H1478	s37	10	0.417
H1478	s07	4	0.167
H1478	s28	3	0.125
H1478	s34	3	0.125
H1478	s29	2	0.083
H1479	s12	1	1.000
H1480	s36	2	1.000
H1481	s27	16	0.162
H1481	s35	15	0.152
H1481	s28	11	0.111
H1481	s38	9	0.091
H1481	s30	7	0.071
H1482	s04	4	0.571
H1482	s23	2	0.286
H1482	s11	1	0.143
H1484	s04	2	1.000
H1486	s29	67	0.870
H1486	s25	5	0.065
H1487	s37	1	1.000
H1488	s15	1	0.250
H1488	s12	1	0.250
H1488	s34	1	0.250
H1488	s30	1	0.250
H1489	s11	1	1.000
H1491	s30	1	1.000
H1492	s39	7	1.000
H1494	s28	6	0.400
H1494	s38	5	0.333
H1494	s15	2	0.133
H1494	s30	1	0.067
H1494	s10	1	0.067
H1496	s19	5	0.455
H1496	s05	4	0.364
H1496	s26	2	0.182
H1497	s30	7	0.233
H1497	s20	6	0.200
H1497	s27	6	0.200
H1497	s28	4	0.133
H1497	s34	4	0.133
H1498	s15	1	0.250
H1498	s22	1	0.250
H1498	s25	1	0.250
H1498	s30	1	0.250
H1499	s16	1	0.500
H1499	s27	1	0.500
H1500	s27	3	0.500
H1500	s15	2	0.333
H1500	s33	1	0.167
H1501	s04	3	1.000
H1503	s37	3	1.000
H1504	s28	2	0.154
H1504	s31	2	0.154
H1504	s15	2	0.154
H1504	s30	2	0.154
H1504	s36	1	0.077
H1506	s06	1	0.500
H1506	s22	1	0.500
H1508	s19	8	1.000
H1509	s25	1	1.000
H1512	s20	1	0.500
H1512	s07	1	0.500
H1513	s21	9	0.500
H1513	s40	5	0.278
H1513	s25	2	0.111
H1513	s28	1	0.056
H1513	s30	1	0.056
H1517	s37	3	0.429
H1517	s15	2	0.286
H1517	s38	2	0.286
H1518	s34	4	0.667
H1518	s39	1	0.167
H1518	s30	1	0.167
H1523	s22	30	0.667
H1523	s30	8	0.178
H1523	s33	5	0.111
H1524	s04	4	0.444
H1524	s22	3	0.333
H1524	s02	1	0.111
H1524	s34	1	0.111
H1525	s22	1	0.500
H1525	s04	1	0.500
H1530	s04	9	0.265
H1530	s28	7	0.206
H1530	s34	7	0.206
H1530	s37	3	0.088
H1530	s22	3	0.088
H1532	s40	1	1.000
H1534	s40	4	0.364
H1534	s22	2	0.182
H1534	s16	1	0.091
H1534	s15	1	0.091
H1534	s34	1	0.091
H1536	s31	1	1.000
H1538	s12	4	0.333
H1538	s18	3	0.250
H1538	s29	2	0.167
H1538	s36	1	0.083
H1538	s08	1	0.083
H1539	s37	1	1.000
H1540	s10	46	0.246
H1540	s27	26	0.139
H1540	s03	21	0.112
H1540	s36	16	0.086
H1540	s04	15	0.080
H1543	s03	11	0.733
H1543	s29	3	0.200
H1543	s16	1	0.067
H1544	s15	29	0.604
H1544	s27	7	0.146
H1544	s10	5	0.104
H1544	s36	4	0.083
H1544	s06	3	0.062
H1545	s10	1	1.000
H1546	s40	5	0.333
H1546	s04	4	0.267
H1546	s15	3	0.200
H1546	s19	2	0.133
H1546	s03	1	0.067
H1548	s02	8	0.348
H1548	s17	5	0.217
H1548	s24	4	0.174
H1548	s25	4	0.174
H1548	s39	2	0.087
H1549	s10	1	0.500
H1549	s28	1	0.500
H1550	s26	2	0.500
H1550	s31	1	0.250
H1550	s10	1	0.250
H1552	s29	4	0.800
H1552	s19	1	0.200
H1556	s35	3	0.167
H1556	s34	3	0.167
H1556	s28	3	0.167
H1556	s30	3	0.167
H1556	s02	2	0.111
H1557	s36	1	0.500
H1557	s04	1	0.500
H1558	s28	5	0.500
H1558	s06	3	0.300
H1558	s36	2	0.200
H1561	s23	1	0.333
H1561	s11	1	0.333
H1561	s37	1	0.333
H1563	s38	1	1.000
H1564	s37	1	1.000
H1565	s34	2	0.500
H1565	s28	1	0.250
H1565	s37	1	0.250
H1566	s33	3	1.000
H1570	s02	1	0.500
H1570	s28	1	0.500
H1572	s38	1	0.500
H1572	s34	1	0.500
H1573	s35	2	0.500
H1573	s28	1	0.250
H1573	s37	1	0.250
H1574	s39	1	1.000
H1576	s30	4	0.211
H1576	s04	4	0.211
H1576	s33	3	0.158
H1576	s02	3	0.158
H1576	s22	3	0.158
H1578	s38	1	0.333
H1578	s30	1	0.333
H1578	s04	1	0.333
H1580	s23	9	0.243
H1580	s28	7	0.189
H1580	s22	7	0.189
H1580	s21	6	0.162
H1580	s33	3	0.081
H1581	s38	34	0.630
H1581	s28	9	0.167
H1581	s07	5	0.093
H1581	s39	3	0.056
H1584	s22	5	1.000
H1589	s28	22	0.550
H1589	s37	8	0.200
H1589	s02	5	0.125
H1589	s06	2	0.050
H1590	s04	6	0.353
H1590	s33	3	0.176
H1590	s24	2	0.118
H1590	s34	2	0.118
H1590	s01	1	0.059
H1591	s01	2	1.000
H1593	s15	4	0.250
H1593	s16	3	0.188
H1593	s10	3	0.188
H1593	s35	2	0.125
H1593	s37	2	0.125
H1595	s31	1	0.333
H1595	s38	1	0.333
H1595	s10	1	0.333
H1597	s18	1	1.000
H1598	s39	2	0.250
H1598	s05	2	0.250
H1598	s04	2	0.250
H1598	s15	1	0.125
H1598	s29	1	0.125
H1600	s39	1	0.500
H1600	s37	1	0.500
H1602	s15	5	0.500
H1602	s10	2	0.200
H1602	s23	1	0.100
H1602	s37	1	0.100
H1602	s06	1	0.100
H1604	s10	1	1.000
H1605	s22	4	0.286
H1605	s13	3	0.214
H1605	s38	3	0.214
H1605	s04	2	0.143
H1605	s02	1	0.071
H1606	s21	8	0.533
H1606	s33	3	0.200
H1606	s34	2	0.133
H1606	s16	1	0.067
H1606	s07	1	0.067
H1607	s21	6	0.667
H1607	s37	2	0.222
H1607	s15	1	0.111
H1610	s28	3	0.750
H1610	s33	1	0.250
H1612	s04	33	0.600
H1612	s23	10	0.182
H1612	s02	3	0.055
H1612	s14	3	0.055
H1613	s07	1	1.000
H1614	s35	4	0.571
H1614	s06	1	0.143
H1614	s15	1	0.143
H1614	s38	1	0.143
H1615	s01	1	1.000
H1616	s27	33	0.359
H1616	s12	27	0.293
H1616	s06	9	0.098
H1616	s01	6	0.065
H1616	s17	6	0.065
H1618	s01	2	0.667
H1618	s20	1	0.333
H1620	s04	1	1.000
H1621	s33	3	0.750
H1621	s13	1	0.250
H1623	s24	1	1.000
H1624	s31	11	0.786
H1624	s33	3	0.214
H1625	s07	11	1.000
H1626	s11	3	0.600
H1626	s12	2	0.400
H1627	s22	3	0.375
H1627	s10	2	0.250
H1627	s30	2	0.250
H1627	s34	1	0.125
H1629	s30	1	1.000
H1631	s26	2	0.500
H1631	s39	1	0.250
H1631	s04	1	0.250
H1633	s15	2	0.667
H1633	s37	1	0.333
H1634	s33	2	0.400
H1634	s39	1	0.200
H1634	s38	1	0.200
H1634	s34	1	0.200
H1637	s38	11	0.344
H1637	s12	6	0.188
H1637	s11	4	0.125
H1637	s39	3	0.094
H1637	s01	2	0.062
H1638	s30	1	0.500
H1638	s13	1	0.500
H1639	s06	6	0.273
H1639	s29	5	0.227
H1639	s37	4	0.182
H1639	s12	3	0.136
H1639	s04	2	0.091
H1640	s35	1	1.000
H1641	s19	1	0.250
H1641	s37	1	0.250
H1641	s07	1	0.250
H1641	s33	1	0.250
H1643	s17	2	1.000
H1644	s06	13	0.277
H1644	s28	8	0.170
H1644	s14	5	0.106
H1644	s38	4	0.085
H1644	s27	4	0.085
H1645	s22	1	1.000
H1646	s11	1	1.000
H1652	s16	1	1.000
H1653	s15	13	0.371
H1653	s40	7	0.200
H1653	s07	5	0.143
H1653	s34	3	0.086
H1653	s39	2	0.057
H1656	s15	1	1.000
H1659	s30	2	1.000
H1660	s30	1	0.200
H1660	s09	1	0.200
H1660	s04	1	0.200
H1660	s15	1	0.200
H1660	s12	1	0.200
H1665	s22	3	1.000
H1669	s12	1	0.333
H1669	s35	1	0.333
H1669	s30	1	0.333
H1670	s34	1	1.000
H1671	s20	1	1.000
H1672	s38	2	0.286
H1672	s30	2	0.286
H1672	s15	2	0.286
H1672	s20	1	0.143
H1674	s15	3	0.500
H1674	s04	1	0.167
H1674	s01	1	0.167
H1674	s33	1	0.167
H1675	s20	3	0.750
H1675	s21	1	0.250
H1676	s07	1	1.000
H1677	s30	4	0.333
H1677	s39	3	0.250
H1677	s33	3	0.250
H1677	s28	1	0.083
H1677	s01	1	0.083
H1679	s21	1	1.000
H1680	s10	1	1.000
H1681	s30	2	0.222
H1681	s39	2	0.222
H1681	s33	2	0.222
H1681	s15	1	0.111
H1681	s02	1	0.111
H1682	s06	1	0.250
H1682	s24	1	0.250
H1682	s10	1	0.250
H1682	s22	1	0.250
H1686	s38	1	1.000
H1687	s26	14	0.875
H1687	s03	2	0.125
H1690	s38	4	0.800
H1690	s30	1	0.200
H1692	s39	11	0.204
H1692	s06	7	0.130
H1692	s13	6	0.111
H1692	s20	6	0.111
H1692	s28	5	0.093
H1694	s39	3	1.000
H1695	s26	1	0.333
H1695	s06	1	0.333
H1695	s33	1	0.333
H1696	s38	165	0.145
H1696	s06	117	0.103
H1696	s15	90	0.079
H1696	s39	86	0.075
H1696	s28	61	0.053
H1697	s38	214	0.149
H1697	s36	173	0.120
H1697	s06	138	0.096
H1697	s15	134	0.093
H1697	s39	109	0.076
H1698	s15	41	0.837
H1698	s05	3	0.061
H1698	s20	3	0.061
H1699	s04	1	0.333
H1699	s15	1	0.333
H1699	s29	1	0.333
H1700	s16	3	0.600
H1700	s37	1	0.200
H1700	s22	1	0.200
H1702	s05	1	1.000
H1703	s06	1	1.000
H1706	s06	17	0.315
H1706	s10	14	0.259
H1706	s23	7	0.130
H1706	s38	3	0.056
H1706	s27	3	0.056
H1707	s36	1	1.000
H1710	s07	7	0.467
H1710	s19	3	0.200
H1710	s06	2	0.133
H1710	s29	2	0.133
H1710	s14	1	0.067
H1711	s28	1	1.000
H1713	s22	1	0.250
H1713	s10	1	0.250
H1713	s28	1	0.250
H1713	s02	1	0.250
H1714	s29	8	0.571
H1714	s18	5	0.357
H1714	s04	1	0.071
H1715	s20	16	0.400
H1715	s12	15	0.375
H1715	s04	4	0.100
H1715	s14	2	0.050
H1715	s30	2	0.050
H1716	s35	1	0.500
H1716	s28	1	0.500
H1717	s10	4	1.000
H1718	s30	1	0.500
H1718	s22	1	0.500
H1724	s04	1	1.000
H1725	s04	1	1.000
H1726	s35	2	1.000
H1727	s06	1	1.000
H1728	s19	1	1.000
H1729	s15	1	1.000
H1730	s10	53	0.869
H1730	s12	6	0.098
H1731	s36	4	0.500
H1731	s12	2	0.250
H1731	s01	1	0.125
H1731	s34	1	0.125
H1733	s27	2	0.667
H1733	s28	1	0.333
H1736	s28	5	0.833
H1736	s10	1	0.167
H1738	s27	1	1.000
H1739	s27	4	0.800
H1739	s10	1	0.200
H1740	s19	2	0.500
H1740	s04	2	0.500
H1741	s37	1	0.500
H1741	s30	1	0.500
H1742	s20	1	0.333
H1742	s04	1	0.333
H1742	s30	1	0.333
H1743	s14	1	1.000
H1744	s07	2	1.000
H1745	s37	1	0.500
H1745	s22	1	0.500
H1747	s30	3	0.750
H1747	s22	1	0.250
H1748	s26	1	0.333
H1748	s22	1	0.333
H1748	s30	1	0.333
H1749	s22	2	0.500
H1749	s10	1	0.250
H1749	s30	1	0.250
H1750	s34	1	1.000
H1752	s09	1	0.500
H1752	s22	1	0.500
H1754	s35	1	0.500
H1754	s02	1	0.500
H1755	s22	85	0.509
H1755	s35	23	0.138
H1755	s17	13	0.078
H1755	s14	12	0.072
H1758	s34	9	0.600
H1758	s39	2	0.133
H1758	s11	1	0.067
H1758	s36	1	0.067
H1758	s01	1	0.067
H1759	s31	1	1.000
H1760	s30	4	0.444
H1760	s22	2	0.222
H1760	s38	1	0.111
H1760	s15	1	0.111
H1760	s33	1	0.111
H1762	s30	2	1.000
H1764	s38	1	1.000
H1765	s31	3	0.750
H1765	s36	1	0.250
H1766	s06	1	0.500
H1766	s04	1	0.500
H1767	s12	15	0.385
H1767	s04	11	0.282
H1767	s38	2	0.051
H1767	s39	2	0.051
H1767	s34	2	0.051
H1770	s15	1	1.000
H1771	s04	1	0.500
H1771	s15	1	0.500
H1772	s07	1	0.500
H1772	s35	1	0.500
H1773	s36	1	1.000
H1777	s30	8	0.333
H1777	s22	6	0.250
H1777	s23	4	0.167
H1777	s28	3	0.125
H1777	s37	2	0.083
H1779	s37	7	0.350
H1779	s30	4	0.200
H1779	s33	4	0.200
H1779	s24	2	0.100
H1779	s22	2	0.100
H1781	s30	1	0.500
H1781	s22	1	0.500
H1785	s03	3	0.500
H1785	s15	3	0.500
H1786	s15	1	1.000
H1788	s07	1	1.000
H1790	s30	2	0.500
H1790	s33	1	0.250
H1790	s22	1	0.250
H1792	s37	13	0.722
H1792	s30	2	0.111
H1792	s22	2	0.111
H1792	s04	1	0.056
H1793	s22	2	0.667
H1793	s30	1	0.333
H1794	s30	5	1.000
H1795	s05	1	1.000
H1796	s22	1	1.000
H1800	s33	20	0.408
H1800	s37	12	0.245
H1800	s34	5	0.102
H1800	s02	5	0.102
H1800	s30	3	0.061
H1801	s21	3	0.600
H1801	s07	2	0.400
H1802	s28	3	0.500
H1802	s33	2	0.333
H1802	s22	1	0.167
H1803	s03	5	0.714
H1803	s30	1	0.143
H1803	s10	1	0.143
H1804	s15	2	0.667
H1804	s34	1	0.333
H1805	s33	1	0.500
H1805	s37	1	0.500
H1808	s26	6	0.750
H1808	s04	2	0.250
H1809	s04	3	0.375
H1809	s30	3	0.375
H1809	s34	1	0.125
H1809	s07	1	0.125
H1811	s16	1	0.333
H1811	s37	1	0.333
H1811	s13	1	0.333
H1812	s33	2	1.000
H1814	s39	2	0.222
H1814	s04	2	0.222
H1814	s25	1	0.111
H1814	s28	1	0.111
H1814	s33	1	0.111
H1816	s20	1	1.000
H1817	s34	24	0.276
H1817	s38	19	0.218
H1817	s26	16	0.184
H1817	s19	9	0.103
H1817	s03	6	0.069
H1818	s01	171	0.475
H1818	s27	55	0.153
H1818	s25	25	0.069
H1818	s10	21	0.058
H1819	s22	5	0.172
H1819	s10	5	0.172
H1819	s29	4	0.138
H1819	s26	3	0.103
H1819	s37	3	0.103
H1820	s04	10	0.625
H1820	s10	2	0.125
H1820	s22	2	0.125
H1820	s15	1	0.062
H1820	s34	1	0.062
H1822	s10	1	1.000
H1823	s40	24	0.960
H1824	s22	3	0.750
H1824	s30	1	0.250
H1825	s37	1	1.000
H1826	s30	9	0.300
H1826	s34	8	0.267
H1826	s04	7	0.233
H1826	s22	2	0.067
H1826	s35	2	0.067
H1827	s34	2	0.667
H1827	s37	1	0.333
H1828	s04	3	0.500
H1828	s07	2	0.333
H1828	s36	1	0.167
H1830	s34	2	1.000
H1831	s20	1	1.000
H1832	s04	10	0.435
H1832	s30	6	0.261
H1832	s15	4	0.174
H1832	s16	2	0.087
H1843	s37	5	1.000
H1844	s37	3	0.500
H1844	s22	1	0.167
H1844	s31	1	0.167
H1844	s15	1	0.167
H1846	s37	4	0.444
H1846	s33	3	0.333
H1846	s34	1	0.111
H1846	s22	1	0.111
H1847	s33	55	0.604
H1847	s37	16	0.176
H1847	s16	13	0.143
H1848	s37	1	1.000
H1849	s38	2	0.667
H1849	s10	1	0.333
H1851	s02	11	0.786
H1851	s01	1	0.071
H1851	s24	1	0.071
H1851	s25	1	0.071
H1852	s37	1	1.000
H1854	s36	5	0.385
H1854	s06	4	0.308
H1854	s21	2	0.154
H1854	s34	1	0.077
H1854	s31	1	0.077
H1856	s39	5	0.455
H1856	s04	2	0.182
H1856	s15	2	0.182
H1856	s28	2	0.182
H1858	s31	1	1.000
H1860	s31	1	0.500
H1860	s15	1	0.500
H1861	s39	1	0.500
H1861	s16	1	0.500
H1863	s07	1	0.500
H1863	s04	1	0.500
H1864	s19	14	0.824
H1864	s16	2	0.118
H1864	s34	1	0.059
H1865	s12	3	0.375
H1865	s15	3	0.375
H1865	s18	1	0.125
H1865	s05	1	0.125
H1866	s33	1	0.500
H1866	s22	1	0.500
H1869	s04	24	0.387
H1869	s30	13	0.210
H1869	s39	6	0.097
H1869	s06	5	0.081
H1869	s34	4	0.065
H1871	s12	4	1.000
H1875	s36	39	0.238
H1875	s30	29	0.177
H1875	s15	23	0.140
H1875	s13	15	0.091
H1875	s12	12	0.073
H1876	s07	1	0.500
H1876	s04	1	0.500
H1877	s23	5	0.357
H1877	s04	4	0.286
H1877	s34	2	0.143
H1877	s07	2	0.143
H1877	s30	1	0.071
H1878	s33	5	0.455
H1878	s35	3	0.273
H1878	s06	1	0.091
H1878	s26	1	0.091
H1878	s18	1	0.091
H1879	s34	1	0.333
H1879	s30	1	0.333
H1879	s22	1	0.333
H1880	s01	8	0.533
H1880	s22	4	0.267
H1880	s37	2	0.133
H1880	s04	1	0.067
H1881	s31	21	0.955
H1890	s04	1	1.000
H1891	s15	2	0.400
H1891	s06	1	0.200
H1891	s37	1	0.200
H1891	s30	1	0.200
H1892	s16	62	0.849
H1892	s37	5	0.068
H1894	s10	1	1.000
H1895	s30	1	1.000
H1897	s30	12	0.480
H1897	s35	5	0.200
H1897	s04	4	0.160
H1897	s33	3	0.120
H1898	s37	2	0.667
H1898	s01	1	0.333
H1899	s36	1	0.333
H1899	s34	1	0.333
H1899	s22	1	0.333
H1900	s22	1	1.000
H1901	s22	1	0.500
H1901	s30	1	0.500
H1902	s13	2	0.500
H1902	s22	2	0.500
H1903	s19	1	1.000
H1906	s15	1	1.000
H1911	s40	1	1.000
H1915	s34	1	1.000
H1916	s22	4	0.667
H1916	s05	2	0.333
H1918	s05	4	0.667
H1918	s26	1	0.167
H1918	s12	1	0.167
H1920	s06	3	0.273
H1920	s15	3	0.273
H1920	s27	2	0.182
H1920	s38	1	0.091
H1920	s34	1	0.091
H1921	s30	2	0.286
H1921	s34	2	0.286
H1921	s27	2	0.286
H1921	s10	1	0.143
H1925	s31	1	1.000
H1926	s22	25	0.833
H1926	s10	2	0.067
H1927	s22	4	0.800
H1927	s33	1	0.200
H1933	s16	2	0.333
H1933	s28	2	0.333
H1933	s04	1	0.167
H1933	s34	1	0.167
H1935	s22	15	0.625
H1935	s31	5	0.208
H1935	s34	3	0.125
H1942	s33	5	0.312
H1942	s30	5	0.312
H1942	s37	4	0.250
H1942	s34	1	0.062
H1942	s22	1	0.062
H1943	s15	2	0.667
H1943	s30	1	0.333
H1947	s16	4	1.000
H1948	s16	1	1.000
H1949	s39	2	0.333
H1949	s38	1	0.167
H1949	s06	1	0.167
H1949	s30	1	0.167
H1949	s28	1	0.167
H1951	s06	1	1.000
H1957	s30	1	1.000
H1959	s04	7	1.000
H1960	s28	1	1.000
H1961	s39	392	0.110
H1961	s38	317	0.089
H1961	s15	293	0.082
H1961	s28	279	0.078
H1961	s06	208	0.058
H1964	s19	19	0.237
H1964	s36	12	0.150
H1964	s04	11	0.138
H1964	s22	10	0.125
H1964	s03	8	0.100
H1966	s34	1	1.000
H1969	s17	21	0.955
H1970	s37	1	1.000
H1971	s38	1	1.000
H1972	s15	1	1.000
H1974	s06	1	0.500
H1974	s27	1	0.500
H1975	s38	3	0.429
H1975	s39	1	0.143
H1975	s36	1	0.143
H1975	s31	1	0.143
H1975	s19	1	0.143
H1976	s38	1	0.500
H1976	s02	1	0.500
H1977	s15	1	1.000
H1978	s34	1	1.000
H1979	s22	4	0.667
H1979	s37	1	0.167
H1979	s04	1	0.167
H1980	s38	294	0.190
H1980	s39	201	0.130
H1980	s06	118	0.076
H1980	s28	107	0.069
H1980	s36	87	0.056
H1982	s01	1	0.500
H1982	s38	1	0.500
H1984	s22	120	0.727
H1984	s30	16	0.097
H1986	s35	3	0.375
H1986	s04	1	0.125
H1986	s10	1	0.125
H1986	s33	1	0.125
H1986	s22	1	0.125
H1989	s35	1	1.000
H1991	s15	1	1.000
H1993	s04	19	0.559
H1993	s30	9	0.265
H1993	s33	3	0.088
H1993	s22	2	0.059
H1995	s15	27	0.325
H1995	s31	25	0.301
H1995	s39	9	0.108
H1995	s34	8	0.096
H1995	s04	7	0.084
H1998	s34	1	1.000
H1999	s40	1	0.500
H1999	s04	1	0.500
H2000	s39	5	0.385
H2000	s21	5	0.385
H2000	s31	1	0.077
H2000	s29	1	0.077
H2000	s04	1	0.077
H2003	s22	1	1.000
H2010	s38	1	1.000
H2014	s05	1	1.000
H2015	s14	18	0.191
H2015	s24	17	0.181
H2015	s34	16	0.170
H2015	s39	14	0.149
H2015	s38	10	0.106
H2016	s10	2	0.667
H2016	s37	1	0.333
H2018	s38	1	1.000
H2019	s33	1	1.000
H2020	s38	1	1.000
H2021	s15	1	1.000
H2022	s39	127	0.228
H2022	s06	101	0.181
H2022	s29	82	0.147
H2022	s15	71	0.127
H2022	s04	44	0.079
H2025	s01	1	1.000
H2026	s39	61	0.365
H2026	s28	37	0.222
H2026	s15	20	0.120
H2026	s14	14	0.084
H2026	s36	13	0.078
H2027	s15	2	0.400
H2027	s20	1	0.200
H2027	s34	1	0.200
H2027	s33	1	0.200
H2028	s07	2	0.400
H2028	s28	2	0.400
H2028	s20	1	0.200
H2029	s28	40	0.930
H2030	s28	14	0.875
H2030	s14	2	0.125
H2032	s28	3	1.000
H2034	s15	1	1.000
H2035	s15	1	1.000
H2040	s15	27	0.628
H2040	s33	6	0.140
H2040	s39	5	0.116
H2041	s06	1	1.000
H2045	s14	1	1.000
H2046	s15	1	1.000
H2048	s37	4	0.400
H2048	s02	3	0.300
H2048	s28	2	0.200
H2048	s01	1	0.100
H2049	s37	1	1.000
H2053	s08	13	1.000
H2054	s33	1	1.000
H2056	s28	1	1.000
H2061	s15	3	0.429
H2061	s37	2	0.286
H2061	s12	1	0.143
H2061	s04	1	0.143
H2063	s06	121	0.200
H2063	s38	95	0.157
H2063	s15	75	0.124
H2063	s29	62	0.103
H2063	s28	45	0.075
H2064	s28	1	1.000
H2065	s28	1	1.000
H2070	s16	1	0.500
H2070	s25	1	0.500
H2073	s05	2	0.400
H2073	s22	2	0.400
H2073	s21	1	0.200
H2076	s01	59	0.440
H2076	s36	24	0.179
H2076	s06	18	0.134
H2076	s38	8	0.060
H2076	s12	7	0.052
H2077	s01	107	0.660
H2077	s11	20	0.123
H2077	s17	12	0.074
H2082	s28	1	1.000
H2085	s09	1	1.000
H2086	s13	11	0.846
H2086	s04	1	0.077
H2086	s33	1	0.077
H2087	s15	3	0.273
H2087	s33	3	0.273
H2087	s04	2	0.182
H2087	s39	1	0.091
H2087	s24	1	0.091
H2088	s38	183	0.155
H2088	s06	133	0.113
H2088	s39	115	0.098
H2088	s05	75	0.064
H2088	s15	70	0.059
H2090	s16	10	0.909
H2090	s19	1	0.091
H2091	s11	111	0.285
H2091	s26	102	0.262
H2091	s32	46	0.118
H2091	s03	22	0.057
H2092	s37	1	1.000
H2094	s30	10	0.455
H2094	s39	6	0.273
H2094	s13	2	0.091
H2094	s16	2	0.091
H2096	s22	1	0.500
H2096	s40	1	0.500
H2097	s04	1	0.500
H2097	s22	1	0.500
H2100	s27	27	0.643
H2100	s06	13	0.310
H2101	s27	13	1.000
H2102	s06	7	0.700
H2102	s28	2	0.200
H2102	s39	1	0.100
H2106	s21	1	0.500
H2106	s23	1	0.500
H2107	s19	1	1.000
H2109	s10	1	1.000
H2111	s16	2	0.667
H2111	s31	1	0.333
H2113	s31	1	1.000
H2114	s33	14	0.182
H2114	s15	13	0.169
H2114	s04	11	0.143
H2114	s18	9	0.117
H2114	s37	7	0.091
H2115	s30	1	0.333
H2115	s39	1	0.333
H2115	s34	1	0.333
H2118	s32	2	1.000
H2119	s23	1	0.333
H2119	s37	1	0.333
H2119	s22	1	0.333
H2121	s31	1	1.000
H2123	s22	1	0.333
H2123	s37	1	0.333
H2123	s04	1	0.333
H2131	s22	2	0.286
H2131	s30	2	0.286
H2131	s37	1	0.143
H2131	s04	1	0.143
H2131	s33	1	0.143
H2134	s37	4	0.364
H2134	s18	3	0.273
H2134	s33	3	0.273
H2134	s17	1	0.091
H2135	s37	4	0.500
H2135	s33	2	0.250
H2135	s25	1	0.125
H2135	s13	1	0.125
H2137	s32	1	1.000
H2138	s12	2	0.500
H2138	s06	2	0.500
H2141	s37	4	1.000
H2142	s22	61	0.264
H2142	s15	32	0.139
H2142	s30	25	0.108
H2142	s06	24	0.104
H2142	s14	21	0.091
H2143	s22	13	0.565
H2143	s30	4	0.174
H2143	s23	2	0.087
H2145	s27	31	0.373
H2145	s07	11	0.133
H2145	s01	10	0.120
H2145	s28	8	0.096
H2145	s12	8	0.096
H2146	s12	9	0.375
H2146	s32	6	0.250
H2146	s16	5	0.208
H2146	s27	2	0.083
H2149	s30	1	1.000
H2150	s34	1	1.000
H2151	s33	3	0.300
H2151	s22	2	0.200
H2151	s10	2	0.200
H2151	s30	2	0.200
H2151	s14	1	0.100
H2152	s13	3	1.000
H2154	s10	15	0.517
H2154	s27	8	0.276
H2154	s13	3	0.103
H2154	s33	3	0.103
H2156	s04	3	0.600
H2156	s19	1	0.200
H2156	s29	1	0.200
H2158	s37	3	0.429
H2158	s04	2	0.286
H2158	s13	2	0.286
H2161	s30	10	0.769
H2161	s33	1	0.077
H2161	s23	1	0.077
H2161	s15	1	0.077
H2162	s30	1	1.000
H2163	s12	3	1.000
H2165	s05	2	0.500
H2165	s36	2	0.500
H2167	s22	40	0.889
H2167	s21	4	0.089
H2168	s12	2	0.667
H2168	s23	1	0.333
H2169	s07	1	1.000
H2172	s22	3	0.750
H2172	s34	1	0.250
H2173	s38	1	1.000
H2176	s22	3	1.000
H2177	s21	2	0.667
H2177	s36	1	0.333
H2179	s06	1	0.500
H2179	s39	1	0.500
H2180	s20	7	0.636
H2180	s04	3	0.273
H2180	s21	1	0.091
H2181	s10	46	0.767
H2181	s06	6	0.100
H2181	s27	6	0.100
H2183	s10	10	0.833
H2183	s39	1	0.083
H2183	s28	1	0.083
H2184	s10	5	0.556
H2184	s40	2	0.222
H2184	s39	1	0.111
H2184	s15	1	0.111
H2185	s10	24	0.706
H2185	s28	4	0.118
H2185	s39	4	0.118
H2185	s33	2	0.059
H2186	s22	9	0.450
H2186	s30	5	0.250
H2186	s01	2	0.100
H2186	s14	2	0.100
H2186	s31	1	0.050
H2187	s11	1	1.000
H2188	s07	1	1.000
H2189	s15	4	0.571
H2189	s20	2	0.286
H2189	s36	1	0.143
H2191	s31	4	0.800
H2191	s37	1	0.200
H2193	s37	1	1.000
H2194	s33	4	0.333
H2194	s37	4	0.333
H2194	s31	1	0.083
H2194	s15	1	0.083
H2194	s01	1	0.083
H2195	s31	7	0.318
H2195	s14	6	0.273
H2195	s30	4	0.182
H2195	s15	3	0.136
H2195	s04	2	0.091
H2196	s36	2	0.333
H2196	s02	2	0.333
H2196	s30	1	0.167
H2196	s33	1	0.167
H2197	s05	2	0.400
H2197	s36	1	0.200
H2197	s04	1	0.200
H2197	s33	1	0.200
H2198	s39	1	0.500
H2198	s36	1	0.500
H2199	s39	25	0.342
H2199	s04	22	0.301
H2199	s30	10	0.137
H2199	s06	9	0.123
H2199	s34	6	0.082
H2201	s04	11	0.611
H2201	s06	2	0.111
H2201	s33	2	0.111
H2201	s16	1	0.056
H2201	s31	1	0.056
H2203	s35	2	0.667
H2203	s28	1	0.333
H2204	s38	11	0.407
H2204	s28	7	0.259
H2204	s33	3	0.111
H2204	s36	2	0.074
H2204	s29	2	0.074
H2205	s38	72	0.404
H2205	s39	23	0.129
H2205	s06	19	0.107
H2205	s01	13	0.073
H2205	s04	10	0.056
H2206	s39	8	0.421
H2206	s24	4	0.211
H2206	s25	4	0.211
H2206	s04	3	0.158
H2207	s28	1	1.000
H2208	s28	2	0.500
H2208	s02	1	0.250
H2208	s38	1	0.250
H2209	s28	2	0.333
H2209	s30	2	0.333
H2209	s36	1	0.167
H2209	s10	1	0.167
H2210	s22	2	1.000
H2212	s18	2	0.286
H2212	s12	2	0.286
H2212	s34	1	0.143
H2212	s37	1	0.143
H2212	s13	1	0.143
H2213	s26	10	1.000
H2214	s38	1	1.000
H2215	s37	1	1.000
H2219	s15	25	0.641
H2219	s33	4	0.103
H2219	s27	2	0.051
H2219	s34	2	0.051
H2219	s22	2	0.051
H2220	s15	20	0.220
H2220	s31	19	0.209
H2220	s22	17	0.187
H2220	s06	9	0.099
H2220	s30	7	0.077
H2221	s22	1	0.500
H2221	s27	1	0.500
H2222	s30	1	1.000
H2223	s23	1	1.000
H2224	s34	6	0.333
H2224	s16	5	0.278
H2224	s39	3	0.167
H2224	s40	2	0.111
H2224	s37	1	0.056
H2225	s34	1	1.000
H2229	s22	2	1.000
H2230	s34	5	0.556
H2230	s10	2	0.222
H2230	s40	1	0.111
H2230	s04	1	0.111
H2231	s10	2	1.000
H2232	s04	15	0.268
H2232	s12	15	0.268
H2232	s07	8	0.143
H2232	s34	5	0.089
H2232	s27	4	0.071
H2233	s28	44	0.192
H2233	s27	43	0.188
H2233	s06	33	0.144
H2233	s05	23	0.100
H2233	s30	19	0.083
H2235	s02	2	1.000
H2236	s01	25	0.714
H2236	s09	4	0.114
H2236	s40	3	0.086
H2236	s27	3	0.086
H2237	s38	1	0.500
H2237	s20	1	0.500
H2239	s32	5	0.714
H2239	s39	1	0.143
H2239	s01	1	0.143
H2243	s34	1	1.000
H2244	s39	17	0.500
H2244	s34	8	0.235
H2244	s38	2	0.059
H2244	s20	2	0.059
H2244	s28	2	0.059
H2245	s06	1	1.000
H2247	s39	4	1.000
H2250	s28	3	0.429
H2250	s30	2	0.286
H2250	s20	1	0.143
H2250	s33	1	0.143
H2251	s38	3	0.600
H2251	s17	1	0.200
H2251	s34	1	0.200
H2253	s22	1	1.000
H2254	s34	7	0.259
H2254	s37	4	0.148
H2254	s04	3	0.111
H2254	s05	3	0.111
H2254	s33	3	0.111
H2256	s35	13	0.210
H2256	s29	11	0.177
H2256	s21	9	0.145
H2256	s28	6	0.097
H2256	s13	4	0.065
H2258	s27	3	0.750
H2258	s33	1	0.250
H2259	s10	4	0.800
H2259	s30	1	0.200
H2260	s33	1	1.000
H2261	s22	1	0.500
H2261	s10	1	0.500
H2263	s28	6	0.462
H2263	s38	3	0.231
H2263	s16	1	0.077
H2263	s34	1	0.077
H2263	s33	1	0.077
H2264	s33	2	1.000
H2266	s32	14	0.483
H2266	s40	6	0.207
H2266	s36	3	0.103
H2266	s31	3	0.103
H2266	s16	2	0.069
H2267	s33	7	1.000
H2270	s27	3	0.250
H2270	s13	3	0.250
H2270	s16	2	0.167
H2270	s26	1	0.083
H2270	s33	1	0.083
H2271	s34	1	1.000
H2272	s24	1	1.000
H2274	s37	1	1.000
H2278	s06	1	1.000
H2279	s18	3	0.750
H2279	s32	1	0.250
H2280	s38	16	0.485
H2280	s15	5	0.152
H2280	s34	5	0.152
H2280	s09	3	0.091
H2280	s10	2	0.061
H2281	s12	1	1.000
H2282	s12	39	0.629
H2282	s17	11	0.177
H2282	s01	8	0.129
H2283	s09	1	1.000
H2284	s05	2	0.400
H2284	s16	1	0.200
H2284	s07	1	0.200
H2284	s29	1	0.200
H2287	s39	6	0.375
H2287	s12	4	0.250
H2287	s17	4	0.250
H2287	s22	1	0.062
H2287	s34	1	0.062
H2288	s04	3	1.000
H2289	s10	1	1.000
H2290	s39	6	0.750
H2290	s07	1	0.125
H2290	s16	1	0.125
H2296	s04	14	0.318
H2296	s39	12	0.273
H2296	s09	8	0.182
H2296	s38	6	0.136
H2299	s40	1	0.250
H2299	s30	1	0.250
H2299	s33	1	0.250
H2299	s22	1	0.250
H2300	s15	3	0.500
H2300	s33	2	0.333
H2300	s37	1	0.167
H2302	s38	1	0.333
H2302	s34	1	0.333
H2302	s22	1	0.333
H2303	s34	1	1.000
H2304	s22	1	0.500
H2304	s38	1	0.500
H2308	s39	12	0.207
H2308	s36	9	0.155
H2308	s37	9	0.155
H2308	s02	6	0.103
H2308	s05	5	0.086
H2309	s30	1	1.000
H2310	s30	2	0.667
H2310	s37	1	0.333
H2312	s30	1	0.500
H2312	s33	1	0.500
H2314	s15	1	1.000
H2315	s39	14	0.368
H2315	s38	7	0.184
H2315	s33	5	0.132
H2315	s14	3	0.079
H2315	s36	2	0.053
H2318	s22	3	0.300
H2318	s12	2	0.200
H2318	s36	1	0.100
H2318	s01	1	0.100
H2318	s37	1	0.100
H2319	s22	16	0.302
H2319	s15	10	0.189
H2319	s39	9	0.170
H2319	s05	4	0.075
H2319	s23	3	0.057
H2320	s12	165	0.583
H2320	s17	27	0.095
H2320	s36	19	0.067
H2320	s40	18	0.064
H2320	s18	17	0.060
H2325	s02	1	1.000
H2326	s27	1	1.000
H2328	s34	1	1.000
H2329	s37	2	0.667
H2329	s34	1	0.333
H2330	s38	3	0.750
H2330	s26	1	0.250
H2331	s37	6	1.000
H2333	s29	5	0.714
H2333	s28	2	0.286
H2336	s35	4	0.364
H2336	s36	3	0.273
H2336	s34	2	0.182
H2336	s33	1	0.091
H2336	s10	1	0.091
H2337	s39	1	1.000
H2339	s03	4	0.571
H2339	s16	1	0.143
H2339	s39	1	0.143
H2339	s28	1	0.143
H2342	s22	13	0.228
H2342	s04	9	0.158
H2342	s28	9	0.158
H2342	s37	6	0.105
H2342	s39	5	0.088
H2344	s37	5	0.217
H2344	s14	4	0.174
H2344	s39	3	0.130
H2344	s28	3	0.130
H2344	s02	3	0.130
H2345	s28	4	1.000
H2347	s15	9	0.375
H2347	s30	3	0.125
H2347	s02	2	0.083
H2347	s10	2	0.083
H2347	s04	2	0.083
H2348	s35	4	0.571
H2348	s06	2	0.286
H2348	s39	1	0.143
H2351	s19	32	0.195
H2351	s38	24	0.146
H2351	s25	20	0.122
H2351	s15	16	0.098
H2351	s27	12	0.073
H2352	s40	1	0.500
H2352	s30	1	0.500
H2353	s31	2	1.000
H2355	s04	1	1.000
H2356	s40	3	0.429
H2356	s03	1	0.143
H2356	s12	1	0.143
H2356	s34	1	0.143
H2356	s39	1	0.143
H2357	s30	1	1.000
H2363	s30	9	0.450
H2363	s23	5	0.250
H2363	s13	2	0.100
H2363	s34	2	0.100
H2363	s16	1	0.050
H2368	s32	9	0.643
H2368	s28	3	0.214
H2368	s34	2	0.143
H2372	s37	25	0.455
H2372	s35	15	0.273
H2372	s15	11	0.200
H2373	s09	11	0.846
H2373	s01	2	0.154
H2374	s36	11	0.647
H2374	s01	3	0.176
H2374	s22	1	0.059
H2374	s06	1	0.059
H2374	s31	1	0.059
H2377	s31	20	0.571
H2377	s15	10	0.286
H2377	s05	4	0.114
H2378	s36	1	1.000
H2380	s31	3	0.600
H2380	s04	2	0.400
H2384	s37	4	0.444
H2384	s04	2	0.222
H2384	s05	1	0.111
H2384	s02	1	0.111
H2384	s15	1	0.111
H2385	s34	3	1.000
H2386	s07	5	0.714
H2386	s33	1	0.143
H2386	s04	1	0.143
H2388	s39	78	0.269
H2388	s31	62	0.214
H2388	s12	44	0.152
H2388	s36	21	0.072
H2388	s05	16	0.055
H2389	s06	27	0.474
H2389	s15	15	0.263
H2389	s05	5	0.088
H2389	s29	3	0.053
H2390	s39	2	1.000
H2391	s21	1	1.000
H2392	s15	2	0.400
H2392	s07	2	0.400
H2392	s12	1	0.200
H2393	s31	4	1.000
H2394	s39	2	0.400
H2394	s01	1	0.200
H2394	s15	1	0.200
H2394	s07	1	0.200
H2397	s04	4	0.571
H2397	s18	2	0.286
H2397	s07	1	0.143
H2398	s05	53	0.224
H2398	s36	39	0.165
H2398	s25	34	0.143
H2398	s01	28	0.118
H2398	s06	16	0.068
H2399	s27	12	0.364
H2399	s30	11	0.333
H2399	s36	2	0.061
H2399	s05	2	0.061
H2400	s35	8	0.400
H2400	s01	3	0.150
H2400	s15	2	0.100
H2400	s33	2	0.100
H2400	s30	2	0.100
H2401	s06	4	0.500
H2401	s30	3	0.375
H2401	s28	1	0.125
H2402	s06	1	0.500
H2402	s04	1	0.500
H2403	s25	76	0.259
H2403	s01	61	0.208
H2403	s36	34	0.116
H2403	s30	27	0.092
H2403	s17	26	0.089
H2404	s06	5	0.556
H2404	s05	2	0.222
H2404	s15	1	0.111
H2404	s21	1	0.111
H2405	s33	1	1.000
H2406	s05	6	0.200
H2406	s23	5	0.167
H2406	s11	3	0.100
H2406	s06	3	0.100
H2406	s34	3	0.100
H2413	s06	1	1.000
H2414	s30	2	0.667
H2414	s28	1	0.333
H2415	s40	1	0.500
H2415	s33	1	0.500
H2416	s07	90	0.181
H2416	s38	84	0.169
H2416	s15	63	0.127
H2416	s33	42	0.085
H2416	s16	35	0.070
H2420	s14	11	0.647
H2420	s31	3	0.176
H2420	s16	1	0.059
H2420	s40	1	0.059
H2420	s33	1	0.059
H2421	s28	86	0.303
H2421	s15	32	0.113
H2421	s06	28	0.099
H2421	s38	27	0.095
H2421	s13	27	0.095
H2422	s28	1	1.000
H2424	s39	1	1.000
H2426	s22	3	0.375
H2426	s04	3	0.375
H2426	s23	1	0.125
H2426	s29	1	0.125
H2427	s22	2	0.286
H2427	s35	2	0.286
H2427	s04	1	0.143
H2427	s28	1	0.143
H2427	s37	1	0.143
H2433	s34	1	1.000
H2434	s15	1	1.000
H2435	s19	21	0.840
H2435	s26	2	0.080
H2436	s20	10	0.263
H2436	s28	8	0.211
H2436	s01	5	0.132
H2436	s33	5	0.132
H2436	s36	2	0.053
H2441	s37	11	0.611
H2441	s10	3	0.167
H2441	s33	2	0.111
H2441	s13	2	0.111
H2442	s39	5	0.357
H2442	s22	3	0.214
H2442	s31	2	0.143
H2442	s34	2	0.143
H2442	s14	1	0.071
H2443	s37	2	0.667
H2443	s04	1	0.333
H2447	s23	1	1.000
H2448	s33	1	1.000
H2449	s33	12	0.444
H2449	s16	6	0.222
H2449	s23	3	0.111
H2449	s13	3	0.111
H2449	s37	2	0.074
H2450	s33	66	0.478
H2450	s16	29	0.210
H2450	s32	11	0.080
H2450	s37	10	0.072
H2450	s02	7	0.051
H2451	s16	70	0.470
H2451	s33	46	0.309
H2451	s34	10	0.067
H2451	s37	9	0.060
H2454	s33	4	1.000
H2455	s12	2	0.286
H2455	s19	2	0.286
H2455	s15	1	0.143
H2455	s29	1	0.143
H2455	s27	1	0.143
H2456	s36	1	1.000
H2457	s15	5	1.000
H2459	s01	69	0.750
H2459	s09	12	0.130
H2459	s23	6	0.065
H2461	s06	19	0.432
H2461	s23	7	0.159
H2461	s18	5	0.114
H2461	s39	3	0.068
H2461	s27	3	0.068
H2464	s18	1	1.000
H2465	s37	2	0.400
H2465	s22	2	0.400
H2465	s30	1	0.200
H2467	s27	1	1.000
H2470	s36	18	0.240
H2470	s15	12	0.160
H2470	s28	6	0.080
H2470	s35	4	0.053
H2470	s10	4	0.053
H2471	s09	13	0.929
H2471	s26	1	0.071
H2472	s02	61	0.938
H2474	s19	25	0.806
H2474	s39	4	0.129
H2475	s30	1	1.000
H2476	s06	1	1.000
H2479	s15	2	0.500
H2479	s04	2	0.500
H2480	s38	1	1.000
H2481	s37	1	0.500
H2481	s10	1	0.500
H2483	s20	9	0.375
H2483	s36	9	0.375
H2483	s16	3	0.125
H2483	s31	2	0.083
H2484	s10	1	1.000
H2485	s04	4	0.667
H2485	s38	2	0.333
H2487	s38	9	0.750
H2487	s37	3	0.250
H2488	s39	1	0.500
H2488	s38	1	0.500
H2489	s30	3	1.000
H2490	s27	45	0.315
H2490	s15	32	0.224
H2490	s12	11	0.077
H2490	s22	10	0.070
H2490	s28	8	0.056
H2491	s15	62	0.660
H2491	s39	18	0.191
H2491	s27	7	0.074
H2492	s02	27	0.931
H2495	s37	1	1.000
H2496	s23	3	0.600
H2496	s06	1	0.200
H2496	s34	1	0.200
H2498	s37	14	0.500
H2498	s02	3	0.107
H2498	s28	3	0.107
H2498	s04	3	0.107
H2498	s05	3	0.107
H2502	s29	12	0.273
H2502	s21	11	0.250
H2502	s39	5	0.114
H2502	s24	3	0.068
H2504	s34	6	0.600
H2504	s05	2	0.200
H2504	s28	1	0.100
H2504	s04	1	0.100
H2505	s29	20	0.308
H2505	s35	12	0.185
H2505	s33	8	0.123
H2505	s31	7	0.108
H2505	s22	5	0.077
H2506	s29	22	0.328
H2506	s16	14	0.209
H2506	s37	10	0.149
H2506	s23	9	0.134
H2506	s01	5	0.075
H2509	s30	3	0.333
H2509	s37	2	0.222
H2509	s33	2	0.222
H2509	s15	1	0.111
H2509	s28	1	0.111
H2510	s39	2	1.000
H2512	s07	1	1.000
H2513	s39	13	0.520
H2513	s38	5	0.200
H2513	s34	2	0.080
H2513	s29	2	0.080
H2514	s31	1	1.000
H2515	s12	1	1.000
H2519	s31	3	0.750
H2519	s30	1	0.250
H2522	s39	1	0.333
H2522	s34	1	0.333
H2522	s37	1	0.333
H2523	s04	1	1.000
H2524	s28	4	1.000
H2525	s34	1	0.500
H2525	s06	1	0.500
H2527	s38	3	0.300
H2527	s34	3	0.300
H2527	s39	2	0.200
H2527	s01	1	0.100
H2527	s20	1	0.100
H2529	s23	7	0.700
H2529	s38	1	0.100
H2529	s35	1	0.100
H2529	s34	1	0.100
H2530	s31	8	0.267
H2530	s33	7	0.233
H2530	s37	6	0.200
H2530	s06	3	0.100
H2530	s07	2	0.067
H2531	s10	4	0.667
H2531	s23	1	0.167
H2531	s04	1	0.167
H2532	s31	9	0.562
H2532	s04	4	0.250
H2532	s36	1	0.062
H2532	s14	1	0.062
H2532	s22	1	0.062
H2534	s15	66	0.528
H2534	s31	12	0.096
H2534	s23	10	0.080
H2534	s33	9	0.072
H2534	s30	8	0.064
H2535	s34	4	0.667
H2535	s36	1	0.167
H2535	s13	1	0.167
H2541	s17	1	1.000
H2542	s10	1	1.000
H2543	s38	74	0.771
H2543	s12	12	0.125
H2545	s38	11	1.000
H2546	s27	1	1.000
H2548	s34	1	1.000
H2550	s15	17	0.425
H2550	s37	7	0.175
H2550	s28	5	0.125
H2550	s39	3	0.075
H2550	s27	2	0.050
H2551	s10	1	0.333
H2551	s38	1	0.333
H2551	s22	1	0.333
H2552	s16	5	0.227
H2552	s34	4	0.182
H2552	s37	4	0.182
H2552	s38	3	0.136
H2552	s30	3	0.136
H2553	s36	3	0.375
H2553	s15	3	0.375
H2553	s01	2	0.250
H2554	s15	4	0.500
H2554	s37	2	0.250
H2554	s12	1	0.125
H2554	s27	1	0.125
H2555	s30	16	0.267
H2555	s33	14	0.233
H2555	s37	8	0.133
H2555	s15	8	0.133
H2555	s21	7	0.117
H2556	s02	3	0.500
H2556	s30	2	0.333
H2556	s14	1	0.167
H2557	s12	8	0.615
H2557	s17	3	0.231
H2557	s06	1	0.077
H2557	s07	1	0.077
H2558	s09	2	0.333
H2558	s30	2	0.333
H2558	s33	1	0.167
H2558	s38	1	0.167
H2559	s23	1	0.500
H2559	s10	1	0.500
H2560	s04	2	0.333
H2560	s28	1	0.167
H2560	s37	1	0.167
H2560	s14	1	0.167
H2560	s22	1	0.167
H2561	s23	1	1.000
H2563	s37	10	0.323
H2563	s11	8	0.258
H2563	s34	4	0.129
H2563	s29	2	0.065
H2564	s28	2	0.667
H2564	s05	1	0.333
H2565	s39	2	1.000
H2567	s02	1	1.000
H2569	s38	1	1.000
H2570	s39	4	1.000
H2571	s06	2	0.500
H2571	s03	1	0.250
H2571	s02	1	0.250
H2573	s28	3	1.000
H2580	s38	47	0.681
H2580	s33	11	0.159
H2580	s28	4	0.058
H2583	s39	116	0.811
H2583	s18	20	0.140
H2587	s22	7	0.538
H2587	s06	6	0.462
H2588	s39	1	1.000
H2589	s37	1	0.500
H2589	s22	1	0.500
H2590	s28	4	0.800
H2590	s10	1	0.200
H2593	s39	1	1.000
H2594	s06	1	1.000
H2595	s39	42	0.894
H2595	s34	3	0.064
H2596	s05	3	0.600
H2596	s01	1	0.200
H2596	s33	1	0.200
H2598	s22	3	0.375
H2598	s18	2	0.250
H2598	s11	2	0.250
H2598	s01	1	0.125
H2602	s14	1	1.000
H2603	s30	21	0.273
H2603	s05	15	0.195
H2603	s38	8	0.104
H2603	s33	7	0.091
H2603	s22	7	0.091
H2610	s10	4	0.364
H2610	s31	3	0.273
H2610	s27	2	0.182
H2610	s04	1	0.091
H2610	s22	1	0.091
H2611	s37	9	0.692
H2611	s35	2	0.154
H2611	s33	1	0.077
H2611	s30	1	0.077
H2612	s30	1	1.000
H2613	s15	1	1.000
H2614	s38	1	0.500
H2614	s04	1	0.500
H2616	s21	2	0.667
H2616	s37	1	0.333
H2617	s22	138	0.559
H2617	s30	38	0.154
H2617	s38	24	0.097
H2617	s13	13	0.053
H2620	s30	15	0.405
H2620	s21	12	0.324
H2620	s22	6	0.162
H2620	s23	2	0.054
H2620	s33	2	0.054
H2622	s30	1	1.000
H2623	s22	19	0.594
H2623	s21	6	0.188
H2623	s30	6	0.188
H2624	s07	3	0.500
H2624	s35	1	0.167
H2624	s34	1	0.167
H2624	s40	1	0.167
H2625	s05	2	0.333
H2625	s04	2	0.333
H2625	s14	2	0.333
H2626	s22	1	1.000
H2628	s20	1	1.000
H2629	s01	1	0.500
H2629	s25	1	0.500
H2630	s10	1	1.000
H2633	s33	3	0.600
H2633	s15	2	0.400
H2634	s15	1	0.500
H2634	s35	1	0.500
H2636	s12	1	1.000
H2637	s38	4	0.182
H2637	s06	4	0.182
H2637	s16	3	0.136
H2637	s30	3	0.136
H2637	s07	2	0.091
H2638	s33	13	0.722
H2638	s39	2	0.111
H2638	s16	2	0.111
H2638	s36	1	0.056
H2639	s34	1	0.500
H2639	s33	1	0.500
H2640	s20	2	0.667
H2640	s15	1	0.333
H2642	s16	1	1.000
H2643	s37	1	1.000
H2644	s06	1	1.000
H2645	s26	5	0.417
H2645	s38	4	0.333
H2645	s04	2	0.167
H2645	s22	1	0.083
H2646	s40	1	0.333
H2646	s04	1	0.333
H2646	s13	1	0.333
H2648	s39	4	0.444
H2648	s34	2	0.222
H2648	s30	2	0.222
H2648	s22	1	0.111
H2649	s12	2	0.667
H2649	s27	1	0.333
H2651	s40	4	0.667
H2651	s16	1	0.167
H2651	s25	1	0.167
H2653	s35	1	1.000
H2654	s30	18	0.243
H2654	s38	11	0.149
H2654	s05	10	0.135
H2654	s22	6	0.081
H2654	s28	5	0.068
H2655	s30	9	0.692
H2655	s06	2	0.154
H2655	s36	1	0.077
H2655	s05	1	0.077
H2656	s16	16	0.421
H2656	s05	7	0.184
H2656	s34	7	0.184
H2656	s04	3	0.079
H2656	s37	3	0.079
H2658	s28	10	0.455
H2658	s34	4	0.182
H2658	s06	2	0.091
H2658	s39	2	0.091
H2658	s30	2	0.091
H2659	s30	15	0.882
H2659	s33	2	0.118
H2661	s04	2	1.000
H2664	s39	11	0.478
H2664	s33	5	0.217
H2664	s37	2	0.087
H2664	s34	2	0.087
H2665	s30	1	1.000
H2666	s25	1	1.000
H2667	s10	1	1.000
H2668	s25	1	1.000
H2669	s36	2	1.000
H2670	s28	10	0.588
H2670	s34	4	0.235
H2670	s39	2	0.118
H2670	s05	1	0.059
H2671	s23	19	0.358
H2671	s21	14	0.264
H2671	s39	7	0.132
H2671	s15	4	0.075
H2671	s37	3	0.057
H2672	s05	4	0.160
H2672	s06	4	0.160
H2672	s26	3	0.120
H2672	s12	3	0.120
H2672	s15	3	0.120
H2673	s38	4	0.267
H2673	s39	4	0.267
H2673	s31	2	0.133
H2673	s18	2	0.133
H2673	s27	1	0.067
H2676	s37	2	0.667
H2676	s13	1	0.333
H2677	s26	49	0.392
H2677	s29	47	0.376
H2677	s05	7	0.056
H2678	s38	3	0.750
H2678	s39	1	0.250
H2680	s29	2	1.000
H2681	s35	1	1.000
H2682	s04	9	0.429
H2682	s22	5	0.238
H2682	s34	3	0.143
H2682	s05	2	0.095
H2683	s30	1	1.000
H2684	s30	1	0.500
H2684	s12	1	0.500
H2686	s35	1	0.333
H2686	s37	1	0.333
H2686	s16	1	0.333
H2687	s30	1	0.500
H2687	s33	1	0.500
H2689	s12	12	0.414
H2689	s22	9	0.310
H2689	s39	8	0.276
H2690	s22	4	0.667
H2690	s12	2	0.333
H2691	s19	90	0.471
H2691	s29	26	0.136
H2691	s08	24	0.126
H2691	s18	21	0.110
H2691	s12	13	0.068
H2706	s06	54	0.422
H2706	s13	39	0.305
H2706	s12	10	0.078
H2706	s01	8	0.062
H2706	s09	7	0.055
H2707	s26	1	0.250
H2707	s40	1	0.250
H2707	s10	1	0.250
H2707	s37	1	0.250
H2708	s27	54	0.519
H2708	s06	20	0.192
H2708	s01	7	0.067
H2708	s17	7	0.067
H2710	s35	13	0.684
H2710	s10	2	0.105
H2710	s23	2	0.105
H2710	s37	1	0.053
H2710	s22	1	0.053
H2713	s37	8	0.296
H2713	s39	3	0.111
H2713	s30	3	0.111
H2713	s16	3	0.111
H2713	s34	3	0.111
H2714	s37	8	0.615
H2714	s35	2	0.154
H2714	s34	1	0.077
H2714	s33	1	0.077
H2714	s22	1	0.077
H2715	s12	6	0.462
H2715	s35	3	0.231
H2715	s03	2	0.154
H2715	s16	1	0.077
H2715	s05	1	0.077
H2717	s15	14	0.350
H2717	s04	13	0.325
H2717	s35	6	0.150
H2717	s39	3	0.075
H2717	s22	2	0.050
H2719	s15	222	0.538
H2719	s39	145	0.351
H2720	s15	2	0.200
H2720	s16	2	0.200
H2720	s05	2	0.200
H2720	s07	2	0.200
H2720	s01	1	0.100
H2721	s34	7	0.438
H2721	s15	6	0.375
H2721	s28	1	0.062
H2721	s04	1	0.062
H2721	s35	1	0.062
H2723	s15	32	0.762
H2723	s05	5	0.119
H2724	s40	3	0.375
H2724	s06	3	0.375
H2724	s38	1	0.125
H2724	s15	1	0.125
H2725	s30	1	1.000
H2727	s21	1	1.000
H2728	s07	1	1.000
H2729	s15	12	0.308
H2729	s39	8	0.205
H2729	s38	7	0.179
H2729	s20	6	0.154
H2729	s04	4	0.103
H2730	s39	2	0.333
H2730	s05	2	0.333
H2730	s28	2	0.333
H2731	s31	4	0.444
H2731	s28	3	0.333
H2731	s38	1	0.111
H2731	s15	1	0.111
H2734	s06	27	0.287
H2734	s28	26	0.277
H2734	s38	14	0.149
H2734	s39	10	0.106
H2734	s21	10	0.106
H2737	s10	1	1.000
H2738	s34	1	0.333
H2738	s35	1	0.333
H2738	s04	1	0.333
H2740	s04	14	0.341
H2740	s14	6	0.146
H2740	s15	5	0.122
H2740	s06	5	0.122
H2740	s30	4	0.098
H2742	s33	9	0.474
H2742	s34	4	0.211
H2742	s04	2	0.105
H2742	s05	1	0.053
H2742	s01	1	0.053
H2746	s20	1	1.000
H2747	s01	1	0.500
H2747	s28	1	0.500
H2748	s02	10	0.909
H2748	s29	1	0.091
H2750	s06	2	0.333
H2750	s14	1	0.167
H2750	s31	1	0.167
H2750	s07	1	0.167
H2750	s36	1	0.167
H2751	s02	1	1.000
H2754	s38	1	0.500
H2754	s10	1	0.500
H2757	s39	3	1.000
H2758	s38	2	0.667
H2758	s06	1	0.333
H2759	s16	1	1.000
H2760	s33	1	1.000
H2762	s10	1	1.000
H2763	s39	35	0.673
H2763	s35	4	0.077
H2763	s31	3	0.058
H2764	s39	9	0.237
H2764	s12	7	0.184
H2764	s11	6	0.158
H2764	s35	3	0.079
H2764	s06	3	0.079
H2770	s05	1	0.500
H2770	s09	1	0.500
H2775	s20	1	0.333
H2775	s38	1	0.333
H2775	s37	1	0.333
H2778	s39	11	0.268
H2778	s04	10	0.244
H2778	s22	7	0.171
H2778	s30	4	0.098
H2778	s33	3	0.073
H2779	s01	2	0.286
H2779	s35	1	0.143
H2779	s34	1	0.143
H2779	s33	1	0.143
H2779	s14	1	0.143
H2781	s30	30	0.411
H2781	s15	20	0.274
H2781	s14	5	0.068
H2781	s31	4	0.055
H2781	s28	4	0.055
H2782	s31	5	0.455
H2782	s05	4	0.364
H2782	s39	1	0.091
H2782	s37	1	0.091
H2784	s34	1	0.500
H2784	s37	1	0.500
H2785	s09	1	1.000
H2786	s30	3	0.600
H2786	s37	1	0.200
H2786	s33	1	0.200
H2787	s07	2	0.222
H2787	s25	2	0.222
H2787	s04	1	0.111
H2787	s34	1	0.111
H2787	s33	1	0.111
H2788	s37	1	1.000
H2789	s25	7	0.412
H2789	s27	4	0.235
H2789	s24	2	0.118
H2789	s08	1	0.059
H2789	s34	1	0.059
H2790	s30	19	0.260
H2790	s37	15	0.205
H2790	s38	12	0.164
H2790	s33	12	0.164
H2790	s15	4	0.055
H2791	s39	1	1.000
H2794	s28	1	1.000
H2795	s30	7	0.778
H2795	s20	1	0.111
H2795	s37	1	0.111
H2796	s12	11	0.297
H2796	s32	6	0.162
H2796	s36	5	0.135
H2796	s37	5	0.135
H2796	s05	4	0.108
H2799	s18	2	0.500
H2799	s32	2	0.500
H2801	s06	1	1.000
H2803	s30	21	0.169
H2803	s31	19	0.153
H2803	s12	19	0.153
H2803	s37	18	0.145
H2803	s32	9	0.073
H2805	s32	6	0.750
H2805	s09	2	0.250
H2808	s16	3	1.000
H2810	s36	1	0.500
H2810	s16	1	0.500
H2814	s39	6	0.375
H2814	s30	4	0.250
H2814	s22	4	0.250
H2814	s38	1	0.062
H2814	s34	1	0.062
H2820	s38	6	0.222
H2820	s37	6	0.222
H2820	s33	6	0.222
H2820	s34	4	0.148
H2820	s14	3	0.111
H2821	s34	12	0.667
H2821	s14	3	0.167
H2821	s16	2	0.111
H2821	s30	1	0.056
H2822	s34	47	0.588
H2822	s37	14	0.175
H2822	s21	7	0.087
H2822	s16	7	0.087
H2823	s37	1	1.000
H2825	s21	3	0.500
H2825	s06	1	0.167
H2825	s34	1	0.167
H2825	s37	1	0.167
H2826	s06	1	1.000
H2830	s40	3	1.000
H2831	s22	1	1.000
H2833	s32	22	0.880
H2833	s09	3	0.120
H2834	s04	8	0.727
H2834	s27	2	0.182
H2834	s22	1	0.091
H2835	s39	1	1.000
H2836	s08	5	0.455
H2836	s06	2	0.182
H2836	s30	2	0.182
H2836	s05	1	0.091
H2836	s28	1	0.091
H2837	s05	4	1.000
H2838	s08	8	1.000
H2839	s03	1	1.000
H2840	s03	1	1.000
H2841	s21	1	1.000
H2842	s34	1	0.500
H2842	s28	1	0.500
H2844	s21	1	0.250
H2844	s07	1	0.250
H2844	s39	1	0.250
H2844	s34	1	0.250
H2846	s33	2	0.500
H2846	s30	1	0.250
H2846	s22	1	0.250
H2847	s37	1	1.000
H2848	s15	1	1.000
H2849	s16	1	1.000
H2851	s15	8	1.000
H2852	s05	1	1.000
H2853	s10	2	1.000
H2854	s34	1	1.000
H2856	s36	6	0.231
H2856	s31	6	0.231
H2856	s34	3	0.115
H2856	s12	3	0.115
H2856	s37	3	0.115
H2858	s28	1	1.000
H2859	s38	22	0.667
H2859	s06	4	0.121
H2859	s28	3	0.091
H2860	s38	8	0.400
H2860	s22	3	0.150
H2860	s15	3	0.150
H2860	s28	2	0.100
H2860	s12	2	0.100
H2861	s08	1	1.000
H2862	s37	1	1.000
H2863	s33	1	1.000
H2864	s40	4	0.500
H2864	s15	2	0.250
H2864	s34	2	0.250
H2865	s04	32	0.604
H2865	s39	7	0.132
H2865	s06	5	0.094
H2865	s34	4	0.075
H2866	s37	1	1.000
H2871	s10	1	1.000
H2872	s15	1	0.500
H2872	s39	1	0.500
H2873	s38	3	0.273
H2873	s20	2	0.182
H2873	s15	2	0.182
H2873	s04	2	0.182
H2873	s33	1	0.091
H2874	s35	7	0.583
H2874	s04	2	0.167
H2874	s15	1	0.083
H2874	s38	1	0.083
H2874	s33	1	0.083
H2876	s03	26	0.812
H2876	s02	6	0.188
H2878	s38	1	0.333
H2878	s20	1	0.333
H2878	s30	1	0.333
H2879	s39	1	1.000
H2881	s25	9	0.562
H2881	s01	3	0.188
H2881	s38	2	0.125
H2881	s02	1	0.062
H2881	s37	1	0.062
H2883	s30	5	0.500
H2883	s34	3	0.300
H2883	s39	1	0.100
H2883	s22	1	0.100
H2885	s26	27	0.551
H2885	s32	19	0.388
H2889	s27	18	0.189
H2889	s07	17	0.179
H2889	s26	16	0.168
H2889	s18	14	0.147
H2889	s24	10	0.105
H2891	s25	64	0.681
H2891	s24	19	0.202
H2891	s27	10	0.106
H2892	s27	2	0.500
H2892	s01	1	0.250
H2892	s22	1	0.250
H2893	s25	7	0.538
H2893	s12	3	0.231
H2893	s24	2	0.154
H2893	s17	1	0.077
H2894	s34	1	1.000
H2895	s38	6	0.286
H2895	s05	4	0.190
H2895	s36	2	0.095
H2895	s39	2	0.095
H2895	s29	2	0.095
H2896	s16	125	0.222
H2896	s38	83	0.148
H2896	s33	72	0.128
H2896	s06	61	0.109
H2896	s22	42	0.075
H2898	s22	7	0.219
H2898	s38	6	0.188
H2898	s06	6	0.188
H2898	s13	3	0.094
H2898	s04	3	0.094
H2901	s18	2	1.000
H2902	s15	7	0.583
H2902	s24	3	0.250
H2902	s26	1	0.083
H2902	s37	1	0.083
H2903	s06	3	1.000
H2904	s30	7	0.500
H2904	s39	2	0.143
H2904	s34	2	0.143
H2904	s15	1	0.071
H2904	s06	1	0.071
H2905	s32	12	0.462
H2905	s19	6	0.231
H2905	s03	6	0.231
H2905	s26	2	0.077
H2907	s37	1	1.000
H2909	s28	1	1.000
H2910	s34	1	0.500
H2910	s30	1	0.500
H2911	s14	1	1.000
H2912	s06	4	0.500
H2912	s16	1	0.125
H2912	s10	1	0.125
H2912	s02	1	0.125
H2912	s34	1	0.125
H2913	s16	1	1.000
H2914	s20	7	0.875
H2914	s26	1	0.125
H2915	s15	1	1.000
H2916	s21	7	0.538
H2916	s30	4	0.308
H2916	s04	2	0.154
H2918	s29	2	0.286
H2918	s28	2	0.286
H2918	s15	1	0.143
H2918	s19	1	0.143
H2918	s30	1	0.143
H2919	s34	9	0.290
H2919	s23	8	0.258
H2919	s28	5	0.161
H2919	s39	5	0.161
H2919	s33	2	0.065
H2921	s28	6	0.750
H2921	s10	1	0.125
H2921	s05	1	0.125
H2924	s05	2	0.667
H2924	s22	1	0.333
H2925	s35	1	1.000
H2926	s05	1	1.000
H2930	s27	146	0.901
H2930	s24	16	0.099
H2931	s27	46	0.523
H2931	s07	26	0.295
H2931	s24	16	0.182
H2932	s27	26	0.722
H2932	s25	9	0.250
H2933	s34	1	1.000
H2934	s30	10	0.323
H2934	s34	10	0.323
H2934	s39	4	0.129
H2934	s37	2	0.065
H2934	s11	2	0.065
H2935	s20	4	1.000
H2936	s10	1	1.000
H2937	s15	1	1.000
H2938	s39	3	0.273
H2938	s37	3	0.273
H2938	s38	2	0.182
H2938	s01	1	0.091
H2938	s16	1	0.091
H2940	s38	2	0.154
H2940	s13	2	0.154
H2940	s04	2	0.154
H2940	s37	2	0.154
H2940	s14	2	0.154
H2943	s38	1	1.000
H2944	s34	1	1.000
H2945	s39	11	0.262
H2945	s06	8	0.190
H2945	s29	7	0.167
H2945	s28	7	0.167
H2945	s12	6	0.143
H2946	s31	1	0.500
H2946	s18	1	0.500
H2947	s03	2	1.000
H2948	s19	4	0.571
H2948	s26	2	0.286
H2948	s30	1	0.143
H2949	s15	1	1.000
H2950	s37	2	0.667
H2950	s13	1	0.333
H2951	s39	1	0.500
H2951	s04	1	0.500
H2952	s15	1	1.000
H2954	s13	1	1.000
H2956	s33	2	1.000
H2959	s34	1	1.000
H2960	s06	1	0.500
H2960	s17	1	0.500
H2961	s20	1	0.500
H2961	s39	1	0.500
H2963	s30	6	0.240
H2963	s15	3	0.120
H2963	s04	3	0.120
H2963	s37	3	0.120
H2963	s07	2	0.080
H2964	s34	8	0.364
H2964	s04	7	0.318
H2964	s15	4	0.182
H2964	s37	2	0.091
H2965	s31	1	0.500
H2965	s07	1	0.500
H2966	s27	4	0.444
H2966	s07	3	0.333
H2966	s28	1	0.111
H2966	s04	1	0.111
H2968	s13	1	1.000
H2969	s16	1	1.000
H2973	s04	2	0.500
H2973	s35	1	0.250
H2973	s25	1	0.250
H2974	s38	6	0.316
H2974	s29	5	0.263
H2974	s06	3	0.158
H2974	s05	2	0.105
H2974	s37	2	0.105
H2976	s16	4	0.667
H2976	s15	1	0.167
H2976	s37	1	0.167
H2978	s19	1	1.000
H2980	s35	1	1.000
H2981	s23	6	0.462
H2981	s14	3	0.231
H2981	s20	2	0.154
H2981	s15	2	0.154
H2986	s22	8	0.444
H2986	s37	6	0.333
H2986	s04	4	0.222
H2988	s34	1	0.500
H2988	s05	1	0.500
H2990	s01	1	1.000
H2992	s28	4	1.000
H2993	s28	1	1.000
H2994	s28	5	1.000
H3001	s04	37	0.627
H3001	s37	8	0.136
H3001	s07	3	0.051
H3001	s05	3	0.051
H3002	s15	4	0.444
H3002	s26	2	0.222
H3002	s37	1	0.111
H3002	s09	1	0.111
H3002	s14	1	0.111
H3004	s06	4	0.286
H3004	s39	3	0.214
H3004	s22	3	0.214
H3004	s14	2	0.143
H3004	s07	2	0.143
H3006	s20	1	0.500
H3006	s22	1	0.500
H3009	s03	2	1.000
H3010	s03	1	1.000
H3013	s22	4	0.500
H3013	s37	3	0.375
H3013	s24	1	0.125
H3014	s39	1	1.000
H3015	s30	6	0.429
H3015	s22	4	0.286
H3015	s34	2	0.143
H3015	s02	1	0.071
H3015	s38	1	0.071
H3016	s28	1	0.500
H3016	s15	1	0.500
H3018	s20	5	0.312
H3018	s14	3	0.188
H3018	s30	3	0.188
H3018	s34	2	0.125
H3018	s10	1	0.062
H3019	s34	1	1.000
H3021	s30	12	0.462
H3021	s01	3	0.115
H3021	s06	3	0.115
H3021	s39	2	0.077
H3021	s04	2	0.077
H3022	s37	1	1.000
H3023	s16	2	0.667
H3023	s39	1	0.333
H3024	s16	1	1.000
H3025	s06	1	0.200
H3025	s20	1	0.200
H3025	s34	1	0.200
H3025	s37	1	0.200
H3025	s13	1	0.200
H3027	s39	226	0.140
H3027	s38	158	0.098
H3027	s15	124	0.077
H3027	s06	117	0.072
H3027	s28	87	0.054
H3032	s04	2	0.667
H3032	s29	1	0.333
H3033	s04	1	1.000
H3034	s22	81	0.711
H3034	s30	11	0.096
H3034	s05	8	0.070
H3039	s22	4	0.444
H3039	s23	2	0.222
H3039	s19	1	0.111
H3039	s04	1	0.111
H3039	s05	1	0.111
H3045	s38	109	0.115
H3045	s15	108	0.114
H3045	s06	75	0.079
H3045	s37	71	0.075
H3045	s30	70	0.074
H3049	s27	5	0.455
H3049	s36	3	0.273
H3049	s06	1	0.091
H3049	s34	1	0.091
H3049	s04	1	0.091
H3051	s28	14	0.424
H3051	s22	12	0.364
H3051	s23	5	0.152
H3051	s29	2	0.061
H3053	s30	1	1.000
H3054	s31	1	1.000
H3093	s31	1	0.500
H3093	s33	1	0.500
H3095	s32	3	1.000
H3104	s12	26	0.963
H3105	s20	1	1.000
H3117	s06	212	0.092
H3117	s38	210	0.091
H3117	s12	194	0.084
H3117	s39	190	0.083
H3117	s36	154	0.067
H3121	s30	2	1.000
H3123	s40	8	0.250
H3123	s04	6	0.188
H3123	s25	6	0.188
H3123	s30	4	0.125
H3123	s27	3	0.094
H3126	s23	6	0.500
H3126	s30	2	0.167
H3126	s28	1	0.083
H3126	s40	1	0.083
H3126	s12	1	0.083
H3127	s37	4	0.667
H3127	s04	2	0.333
H3138	s06	2	1.000
H3148	s16	9	1.000
H3154	s12	1	1.000
H3161	s22	1	0.333
H3161	s34	1	0.333
H3161	s30	1	0.333
H3173	s30	4	0.333
H3173	s01	3	0.250
H3173	s34	1	0.083
H3173	s04	1	0.083
H3173	s13	1	0.083
H3175	s30	1	1.000
H3176	s13	18	0.429
H3176	s30	13	0.310
H3176	s37	7	0.167
H3176	s34	4	0.095
H3179	s28	5	0.833
H3179	s25	1	0.167
H3180	s02	1	0.500
H3180	s07	1	0.500
H3182	s04	3	0.600
H3182	s38	1	0.200
H3182	s15	1	0.200
H3187	s12	16	0.800
H3187	s29	2	0.100
H3187	s28	2	0.100
H3188	s12	1	1.000
H3190	s06	31	0.265
H3190	s38	25	0.214
H3190	s01	14	0.120
H3190	s28	10	0.085
H3190	s16	9	0.077
H3196	s38	30	0.213
H3196	s23	26	0.184
H3196	s04	24	0.170
H3196	s17	18	0.128
H3196	s16	14	0.099
H3198	s37	38	0.644
H3198	s33	9	0.153
H3198	s38	4	0.068
H3201	s38	49	0.254
H3201	s28	23	0.119
H3201	s06	22	0.114
H3201	s39	17	0.088
H3201	s30	17	0.088
H3205	s28	469	0.946
H3206	s28	46	0.517
H3206	s38	25	0.281
H3206	s02	7	0.079
H3206	s16	7	0.079
H3207	s28	1	0.333
H3207	s02	1	0.333
H3207	s04	1	0.333
H3208	s16	2	0.667
H3208	s22	1	0.333
H3209	s28	5	1.000
H3211	s27	4	0.308
H3211	s28	3	0.231
H3211	s39	3	0.231
H3211	s29	3	0.231
H3213	s04	30	1.000
H3214	s23	1	1.000
H3215	s04	5	1.000
H3216	s04	1	1.000
H3217	s01	2	1.000
H3218	s04	8	0.889
H3218	s14	1	0.111
H3219	s07	1	1.000
H3222	s28	1	1.000
H3231	s39	1	0.200
H3231	s38	1	0.200
H3231	s15	1	0.200
H3231	s28	1	0.200
H3231	s34	1	0.200
H3233	s25	20	0.606
H3233	s09	9	0.273
H3233	s03	3	0.091
H3238	s27	6	0.316
H3238	s12	5	0.263
H3238	s15	5	0.263
H3238	s29	1	0.053
H3238	s04	1	0.053
H3242	s26	1	1.000
H3243	s28	7	0.318
H3243	s23	6	0.273
H3243	s34	4	0.182
H3243	s38	3	0.136
H3243	s36	2	0.091
H3244	s07	2	0.667
H3244	s35	1	0.333
H3245	s05	10	0.233
H3245	s34	9	0.209
H3245	s26	5	0.116
H3245	s22	5	0.116
H3245	s14	4	0.093
H3246	s12	1	1.000
H3248	s28	1	1.000
H3250	s37	1	1.000
H3254	s06	29	0.136
H3254	s38	28	0.131
H3254	s28	25	0.117
H3254	s39	21	0.098
H3254	s37	17	0.079
H3256	s15	11	0.256
H3256	s06	9	0.209
H3256	s30	7	0.163
H3256	s37	5	0.116
H3256	s33	5	0.116
H3257	s03	7	0.778
H3257	s26	1	0.111
H3257	s18	1	0.111
H3259	s26	8	0.276
H3259	s18	7	0.241
H3259	s35	4	0.138
H3259	s17	3	0.103
H3259	s15	2	0.069
H3261	s31	1	1.000
H3267	s35	1	1.000
H3271	s22	1	1.000
H3276	s30	7	0.304
H3276	s37	6	0.261
H3276	s15	5	0.217
H3276	s33	2	0.087
H3277	s34	2	0.667
H3277	s40	1	0.333
H3280	s33	1	1.000
H3283	s23	1	1.000
H3284	s35	4	0.500
H3284	s07	3	0.375
H3284	s34	1	0.125
H3286	s37	4	0.500
H3286	s04	2	0.250
H3286	s15	1	0.125
H3286	s36	1	0.125
H3287	s38	1	0.250
H3287	s32	1	0.250
H3287	s30	1	0.250
H3287	s39	1	0.250
H3288	s05	2	1.000
H3289	s38	19	0.237
H3289	s04	14	0.175
H3289	s33	12	0.150
H3289	s36	6	0.075
H3289	s30	6	0.075
H3295	s01	1	0.500
H3295	s22	1	0.500
H3302	s10	8	1.000
H3303	s02	25	0.595
H3303	s28	10	0.238
H3303	s38	4	0.095
H3304	s04	2	1.000
H3306	s10	1	1.000
H3307	s30	1	1.000
H3308	s10	16	0.842
H3308	s32	2	0.105
H3308	s35	1	0.053
H3313	s37	5	0.625
H3313	s34	3	0.375
H3314	s15	1	0.500
H3314	s32	1	0.500
H3318	s39	163	0.153
H3318	s38	126	0.118
H3318	s06	79	0.074
H3318	s29	65	0.061
H3318	s28	63	0.059
H3320	s39	17	0.354
H3320	s06	13	0.271
H3320	s37	11	0.229
H3320	s38	3	0.062
H3322	s20	6	0.375
H3322	s38	6	0.375
H3322	s28	4	0.250
H3323	s12	14	0.609
H3323	s20	7	0.304
H3323	s04	2	0.087
H3326	s26	3	0.375
H3326	s22	2	0.250
H3326	s29	1	0.125
H3326	s36	1	0.125
H3326	s37	1	0.125
H3329	s39	1	1.000
H3331	s34	3	0.750
H3331	s04	1	0.250
H3332	s03	11	0.212
H3332	s09	10	0.192
H3332	s34	7	0.135
H3332	s38	6	0.115
H3332	s39	4	0.077
H3333	s03	1	1.000
H3335	s37	12	0.194
H3335	s04	9	0.145
H3335	s22	8	0.129
H3335	s05	7	0.113
H3335	s07	5	0.081
H3336	s22	3	0.333
H3336	s06	3	0.333
H3336	s05	1	0.111
H3336	s10	1	0.111
H3336	s30	1	0.111
H3338	s37	1	1.000
H3341	s15	7	0.269
H3341	s39	6	0.231
H3341	s05	4	0.154
H3341	s04	4	0.154
H3341	s12	3	0.115
H3342	s04	7	0.467
H3342	s12	6	0.400
H3342	s27	1	0.067
H3342	s34	1	0.067
H3344	s23	4	0.444
H3344	s01	4	0.444
H3344	s04	1	0.111
H3349	s23	1	0.500
H3349	s34	1	0.500
H3350	s04	2	1.000
H3351	s07	2	0.667
H3351	s06	1	0.333
H3353	s30	2	0.500
H3353	s10	1	0.250
H3353	s11	1	0.250
H3357	s04	1	1.000
H3363	s28	3	0.375
H3363	s38	2	0.250
H3363	s10	2	0.250
H3363	s27	1	0.125
H3364	s02	8	0.727
H3364	s14	2	0.182
H3364	s01	1	0.091
H3365	s38	3	0.273
H3365	s22	3	0.273
H3365	s05	1	0.091
H3365	s35	1	0.091
H3365	s30	1	0.091
H3366	s31	10	0.588
H3366	s15	2	0.118
H3366	s22	2	0.118
H3366	s34	1	0.059
H3366	s33	1	0.059
H3368	s33	9	0.250
H3368	s31	8	0.222
H3368	s05	4	0.111
H3368	s16	4	0.111
H3368	s19	3	0.083
H3369	s31	4	0.500
H3369	s06	1	0.125
H3369	s16	1	0.125
H3369	s33	1	0.125
H3369	s37	1	0.125
H3372	s06	79	0.248
H3372	s22	52	0.164
H3372	s05	45	0.142
H3372	s39	44	0.138
H3372	s30	21	0.066
H3373	s22	20	0.317
H3373	s38	11	0.175
H3373	s30	10	0.159
H3373	s13	9	0.143
H3373	s06	5	0.079
H3374	s33	20	0.455
H3374	s37	7	0.159
H3374	s40	7	0.159
H3374	s13	3	0.068
H3374	s12	3	0.068
H3381	s38	141	0.371
H3381	s39	82	0.216
H3381	s15	32	0.084
H3381	s29	22	0.058
H3384	s39	18	0.231
H3384	s13	15	0.192
H3384	s37	12	0.154
H3384	s06	4	0.051
H3384	s38	4	0.051
H3387	s34	1	1.000
H3391	s34	4	0.333
H3391	s26	3	0.250
H3391	s28	3	0.250
H3391	s36	1	0.083
H3391	s37	1	0.083
H3394	s34	10	0.370
H3394	s22	8	0.296
H3394	s36	4	0.148
H3394	s06	2	0.074
H3394	s02	2	0.074
H3399	s37	1	0.500
H3399	s38	1	0.500
H3401	s30	3	1.000
H3407	s18	30	0.556
H3407	s32	22	0.407
H3409	s38	11	0.324
H3409	s18	8	0.235
H3409	s28	4	0.118
H3409	s01	3	0.088
H3409	s27	3	0.088
H3411	s15	8	0.286
H3411	s08	7	0.250
H3411	s04	6	0.214
H3411	s38	4	0.143
H3411	s26	2	0.071
H3415	s04	1	1.000
H3417	s39	2	0.667
H3417	s28	1	0.333
H3418	s04	5	0.625
H3418	s01	1	0.125
H3418	s38	1	0.125
H3418	s30	1	0.125
H3419	s36	2	0.667
H3419	s33	1	0.333
H3420	s20	3	0.500
H3420	s05	2	0.333
H3420	s27	1	0.167
H3422	s24	2	0.667
H3422	s22	1	0.333
H3423	s06	162	0.701
H3423	s29	51	0.221
H3424	s37	2	1.000
H3425	s06	8	0.571
H3425	s29	5	0.357
H3425	s22	1	0.071
H3427	s15	109	0.101
H3427	s06	105	0.097
H3427	s39	102	0.095
H3427	s38	97	0.090
H3427	s28	88	0.082
H3444	s22	45	0.577
H3444	s30	23	0.295
H3444	s13	5	0.064
H3445	s30	1	1.000
H3447	s31	3	1.000
H3453	s37	4	1.000
H3462	s15	3	0.158
H3462	s30	3	0.158
H3462	s16	2	0.105
H3462	s02	2	0.105
H3462	s34	2	0.105
H3463	s39	2	0.222
H3463	s14	2	0.222
H3463	s10	2	0.222
H3463	s28	1	0.111
H3463	s01	1	0.111
H3465	s04	2	0.333
H3465	s12	2	0.333
H3465	s15	2	0.333
H3467	s30	90	0.439
H3467	s39	39	0.190
H3467	s22	28	0.137
H3467	s21	25	0.122
H3468	s21	19	0.528
H3468	s22	9	0.250
H3468	s30	8	0.222
H3471	s32	3	1.000
H3474	s33	8	0.320
H3474	s26	4	0.160
H3474	s05	3	0.120
H3474	s12	2	0.080
H3474	s13	2	0.080
H3476	s33	5	0.357
H3476	s13	3	0.214
H3476	s37	3	0.214
H3476	s06	2	0.143
H3476	s16	1	0.071
H3477	s33	47	0.395
H3477	s36	28	0.235
H3477	s22	11	0.092
H3477	s37	9	0.076
H3477	s06	7	0.059
H3482	s28	3	1.000
H3483	s02	1	1.000
H3486	s36	1	1.000
H3489	s18	9	0.375
H3489	s08	6	0.250
H3489	s39	5	0.208
H3489	s35	4	0.167
H3490	s30	10	0.238
H3490	s37	8	0.190
H3490	s27	7	0.167
H3490	s34	7	0.167
H3490	s12	5	0.119
H3498	s29	27	0.255
H3498	s39	13	0.123
H3498	s09	12	0.113
H3498	s38	10	0.094
H3498	s15	10	0.094
H3499	s36	62	0.614
H3499	s29	9	0.089
H3499	s03	8	0.079
H3502	s04	2	1.000
H3504	s16	10	1.000
H3508	s01	7	0.636
H3508	s09	4	0.364
H3510	s30	2	0.250
H3510	s37	2	0.250
H3510	s39	1	0.125
H3510	s15	1	0.125
H3510	s28	1	0.125
H3511	s04	2	0.333
H3511	s20	1	0.167
H3511	s05	1	0.167
H3511	s37	1	0.167
H3511	s30	1	0.167
H3512	s30	2	0.667
H3512	s31	1	0.333
H3513	s39	29	0.257
H3513	s38	12	0.106
H3513	s37	10	0.088
H3513	s30	10	0.088
H3513	s28	7	0.062
H3514	s04	2	0.500
H3514	s39	1	0.250
H3514	s33	1	0.250
H3515	s38	16	0.390
H3515	s28	7	0.171
H3515	s02	6	0.146
H3515	s05	3	0.073
H3515	s20	3	0.073
H3516	s01	8	0.571
H3516	s09	6	0.429
H3517	s39	1	1.000
H3518	s35	9	0.375
H3518	s15	6	0.250
H3518	s36	2	0.083
H3518	s12	2	0.083
H3518	s01	2	0.083
H3519	s22	86	0.430
H3519	s40	52	0.260
H3519	s33	15	0.075
H3520	s10	1	0.333
H3520	s39	1	0.333
H3520	s22	1	0.333
H3523	s38	1	0.500
H3523	s15	1	0.500
H3524	s37	7	0.700
H3524	s04	3	0.300
H3525	s14	1	0.500
H3525	s22	1	0.500
H3526	s27	26	0.510
H3526	s25	15	0.294
H3526	s24	10	0.196
H3527	s37	2	1.000
H3530	s28	2	0.667
H3530	s25	1	0.333
H3531	s15	1	1.000
H3532	s17	68	0.636
H3532	s11	30	0.280
H3532	s25	9	0.084
H3533	s05	4	0.286
H3533	s29	4	0.286
H3533	s12	3	0.214
H3533	s23	2	0.143
H3533	s07	1	0.071
H3534	s26	1	1.000
H3535	s28	6	0.750
H3535	s25	1	0.125
H3535	s17	1	0.125
H3536	s20	2	0.500
H3536	s39	1	0.250
H3536	s38	1	0.250
H3537	s38	13	0.722
H3537	s39	4	0.222
H3537	s16	1	0.056
H3539	s10	1	0.500
H3539	s29	1	0.500
H3543	s24	6	0.600
H3543	s38	1	0.100
H3543	s15	1	0.100
H3543	s28	1	0.100
H3543	s34	1	0.100
H3544	s24	6	0.857
H3544	s22	1	0.143
H3545	s04	1	1.000
H3547	s18	13	0.565
H3547	s09	6	0.261
H3547	s28	2	0.087
H3547	s10	2	0.087
H3548	s12	323	0.431
H3548	s01	146	0.195
H3548	s24	89	0.119
H3548	s25	60	0.080
H3548	s27	44	0.059
H3550	s18	8	0.571
H3550	s12	4	0.286
H3550	s09	1	0.071
H3550	s29	1	0.071
H3553	s39	3	0.500
H3553	s10	1	0.167
H3553	s15	1	0.167
H3553	s30	1	0.167
H3554	s37	1	0.500
H3554	s24	1	0.500
H3555	s28	2	1.000
H3556	s34	15	0.405
H3556	s06	9	0.243
H3556	s22	3	0.081
H3556	s37	3	0.081
H3556	s04	3	0.081
H3557	s38	10	0.263
H3557	s03	8	0.211
H3557	s05	5	0.132
H3557	s15	4	0.105
H3557	s33	3	0.079
H3558	s18	2	1.000
H3559	s22	54	0.249
H3559	s05	42	0.194
H3559	s12	30	0.138
H3559	s33	20	0.092
H3559	s37	17	0.078
H3563	s15	10	0.294
H3563	s02	5	0.147
H3563	s04	5	0.147
H3563	s07	3	0.088
H3563	s23	3	0.088
H3564	s05	3	0.333
H3564	s06	3	0.333
H3564	s33	2	0.222
H3564	s11	1	0.111
H3574	s22	1	1.000
H3576	s34	5	0.312
H3576	s37	5	0.312
H3576	s14	2	0.125
H3576	s33	2	0.125
H3576	s38	1	0.062
H3577	s33	10	0.323
H3577	s15	8	0.258
H3577	s31	7	0.226
H3577	s30	6	0.194
H3581	s31	44	0.349
H3581	s34	18	0.143
H3581	s37	14	0.111
H3581	s06	13	0.103
H3581	s30	7	0.056
H3582	s37	16	0.500
H3582	s30	6	0.188
H3582	s38	5	0.156
H3582	s28	3	0.094
H3582	s14	2	0.062
H3583	s10	1	1.000
H3584	s21	7	0.318
H3584	s30	7	0.318
H3584	s38	2	0.091
H3584	s10	2	0.091
H3584	s25	2	0.091
H3585	s04	3	0.500
H3585	s14	1	0.167
H3585	s37	1	0.167
H3585	s30	1	0.167
H3586	s36	1	1.000
H3587	s10	1	1.000
H3590	s34	1	1.000
H3591	s39	6	0.667
H3591	s34	2	0.222
H3591	s35	1	0.111
H3593	s37	1	1.000
H3595	s03	11	0.478
H3595	s18	9	0.391
H3595	s09	2	0.087
H3596	s30	2	1.000
H3597	s14	1	1.000
H3599	s33	3	0.600
H3599	s31	1	0.200
H3599	s19	1	0.200
H3600	s27	1	1.000
H3601	s16	1	1.000
H3605	s39	557	0.103
H3605	s15	442	0.082
H3605	s06	400	0.074
H3605	s38	356	0.066
H3605	s36	314	0.058
H3607	s15	3	0.176
H3607	s20	3	0.176
H3607	s30	3	0.176
H3607	s38	2	0.118
H3607	s13	2	0.118
H3608	s36	6	0.600
H3608	s39	3	0.300
H3608	s02	1	0.100
H3610	s27	3	0.750
H3610	s12	1	0.250
H3611	s36	8	0.250
H3611	s30	8	0.250
H3611	s07	4	0.125
H3611	s38	4	0.125
H3611	s39	2	0.062
H3615	s38	40	0.192
H3615	s15	33	0.159
H3615	s18	18	0.087
H3615	s37	17	0.082
H3615	s30	16	0.077
H3616	s20	1	1.000
H3617	s15	11	0.524
H3617	s31	7	0.333
H3618	s28	14	0.412
H3618	s10	12	0.353
H3618	s27	2	0.059
H3618	s23	2	0.059
H3619	s15	2	0.667
H3619	s06	1	0.333
H3623	s15	1	1.000
H3624	s37	1	0.500
H3624	s34	1	0.500
H3627	s18	120	0.369
H3627	s39	38	0.117
H3627	s12	27	0.083
H3627	s03	22	0.068
H3627	s27	21	0.065
H3628	s36	2	1.000
H3629	s01	14	0.452
H3629	s09	5	0.161
H3629	s35	5	0.161
H3629	s23	4	0.129
H3629	s37	3	0.097
H3631	s20	1	0.500
H3631	s31	1	0.500
H3632	s10	5	0.333
H3632	s32	4	0.267
H3632	s39	2	0.133
H3632	s17	2	0.133
H3632	s18	1	0.067
H3634	s10	2	1.000
H3637	s30	20	0.526
H3637	s10	6	0.158
H3637	s38	5	0.132
H3637	s01	3	0.079
H3637	s37	2	0.053
H3639	s15	15	0.500
H3639	s30	14	0.467
H3640	s15	1	1.000
H3642	s22	1	1.000
H3646	s31	3	1.000
H3647	s23	1	1.000
H3648	s38	3	0.750
H3648	s04	1	0.250
H3649	s36	1	0.333
H3649	s01	1	0.333
H3649	s06	1	0.333
H3650	s34	1	1.000
H3653	s18	7	0.412
H3653	s31	4	0.235
H3653	s03	2	0.118
H3653	s02	2	0.118
H3653	s35	1	0.059
H3655	s37	2	0.500
H3655	s05	1	0.250
H3655	s34	1	0.250
H3657	s04	1	1.000
H3658	s22	30	0.714
H3658	s04	3	0.071
H3664	s16	5	0.455
H3664	s15	3	0.273
H3664	s22	2	0.182
H3664	s12	1	0.091
H3665	s36	11	0.306
H3665	s39	8	0.222
H3665	s05	7	0.194
H3665	s06	3	0.083
H3665	s34	3	0.083
H3666	s20	1	1.000
H3670	s34	1	1.000
H3671	s40	58	0.532
H3671	s26	30	0.275
H3671	s34	7	0.064
H3674	s36	1	1.000
H3676	s05	1	1.000
H3677	s33	1	0.500
H3677	s22	1	0.500
H3678	s05	51	0.378
H3678	s22	26	0.193
H3678	s36	21	0.156
H3678	s38	19	0.141
H3678	s40	7	0.052
H3680	s40	24	0.158
H3680	s18	15	0.099
H3680	s33	14	0.092
H3680	s30	13	0.086
H3680	s34	12	0.079
H3681	s18	2	1.000
H3682	s34	5	0.625
H3682	s28	2	0.250
H3682	s05	1	0.125
H3683	s28	1	0.500
H3683	s04	1	0.500
H3684	s33	52	0.743
H3684	s16	18	0.257
H3685	s34	3	0.750
H3685	s37	1	0.250
H3687	s33	1	1.000
H3688	s16	1	1.000
H3689	s01	5	0.385
H3689	s14	3	0.231
H3689	s37	2	0.154
H3689	s16	1	0.077
H3689	s33	1	0.077
H3690	s37	1	0.500
H3690	s22	1	0.500
H3697	s12	2	1.000
H3698	s05	1	0.333
H3698	s15	1	0.333
H3698	s34	1	0.333
H3699	s12	1	1.000
H3700	s28	3	0.500
H3700	s37	3	0.500
H3701	s11	199	0.494
H3701	s12	55	0.136
H3701	s38	41	0.102
H3701	s08	31	0.077
H3701	s36	25	0.062
H3704	s15	1	0.500
H3704	s30	1	0.500
H3707	s36	23	0.426
H3707	s06	12	0.222
H3707	s23	11	0.204
H3707	s10	3	0.056
H3707	s14	3	0.056
H3708	s23	6	0.240
H3708	s16	5	0.200
H3708	s37	4	0.160
H3708	s33	4	0.160
H3708	s30	3	0.120
H3709	s11	40	0.207
H3709	s05	22	0.114
H3709	s37	19	0.098
H3709	s20	19	0.098
H3709	s25	16	0.083
H3710	s10	1	0.500
H3710	s34	1	0.500
H3711	s33	1	1.000
H3712	s37	2	0.667
H3712	s04	1	0.333
H3713	s18	8	0.667
H3713	s34	3	0.250
H3713	s12	1	0.083
H3714	s30	1	1.000
H3717	s32	5	1.000
H3718	s37	2	0.667
H3718	s34	1	0.333
H3719	s26	1	1.000
H3720	s37	1	0.500
H3720	s34	1	0.500
H3721	s22	4	0.800
H3721	s34	1	0.200
H3722	s25	56	0.549
H3722	s01	20	0.196
H3722	s17	9	0.088
H3722	s09	8	0.078
H3724	s33	5	0.278
H3724	s37	4	0.222
H3724	s10	3	0.167
H3724	s11	2	0.111
H3724	s27	2	0.111
H3725	s12	5	0.625
H3725	s09	1	0.125
H3725	s26	1	0.125
H3725	s17	1	0.125
H3727	s26	14	0.519
H3727	s25	7	0.259
H3727	s18	5	0.185
H3728	s30	1	1.000
H3730	s18	16	0.889
H3730	s15	2	0.111
H3733	s23	4	0.250
H3733	s35	3	0.188
H3733	s04	3	0.188
H3733	s30	2	0.125
H3733	s39	1	0.062
H3734	s05	5	0.625
H3734	s11	3	0.375
H3736	s22	1	1.000
H3738	s30	6	0.429
H3738	s28	3	0.214
H3738	s33	2	0.143
H3738	s13	2	0.143
H3738	s36	1	0.071
H3739	s37	2	0.400
H3739	s38	1	0.200
H3739	s29	1	0.200
H3739	s10	1	0.200
H3740	s38	1	1.000
H3741	s15	1	1.000
H3742	s26	56	0.615
H3742	s40	26	0.286
H3742	s19	6	0.066
H3748	s36	3	0.750
H3748	s10	1	0.250
H3749	s26	2	1.000
H3750	s23	1	1.000
H3753	s15	1	1.000
H3754	s20	52	0.565
H3754	s04	12	0.130
H3754	s12	7	0.076
H3754	s10	5	0.054
H3754	s38	5	0.054
H3755	s03	3	0.600
H3755	s22	1	0.200
H3755	s04	1	0.200
H3758	s05	2	0.667
H3758	s32	1	0.333
H3759	s04	14	0.824
H3759	s17	2	0.118
H3759	s07	1	0.059
H3765	s04	1	1.000
H3766	s21	12	0.333
H3766	s35	5	0.139
H3766	s38	4	0.111
H3766	s30	3	0.083
H3766	s37	3	0.083
H3767	s01	5	0.556
H3767	s09	3	0.333
H3767	s07	1	0.111
H3768	s31	1	1.000
H3769	s26	2	1.000
H3770	s04	1	1.000
H3772	s06	122	0.424
H3772	s05	44	0.153
H3772	s15	27	0.094
H3772	s04	23	0.080
H3772	s27	23	0.080
H3773	s19	2	0.667
H3773	s26	1	0.333
H3775	s01	8	0.615
H3775	s28	4	0.308
H3775	s07	1	0.077
H3776	s27	1	1.000
H3780	s23	1	1.000
H3781	s14	1	1.000
H3782	s31	25	0.403
H3782	s30	19	0.306
H3782	s15	6	0.097
H3783	s33	1	1.000
H3784	s06	3	0.500
H3784	s02	2	0.333
H3784	s13	1	0.167
H3785	s39	3	0.500
H3785	s30	2	0.333
H3785	s23	1	0.167
H3786	s15	1	1.000
H3787	s16	3	1.000
H3788	s16	3	1.000
H3789	s36	175	0.785
H3789	s06	27	0.121
H3789	s12	12	0.054
H3791	s31	9	0.529
H3791	s12	4	0.235
H3791	s36	3	0.176
H3791	s32	1	0.059
H3793	s27	1	1.000
H3795	s18	2	0.400
H3795	s17	2	0.400
H3795	s05	1	0.200
H3796	s10	1	1.000
H3799	s15	1	1.000
H3800	s10	3	0.333
H3800	s32	2	0.222
H3800	s40	1	0.111
H3800	s35	1	0.111
H3800	s34	1	0.111
H3801	s09	16	0.552
H3801	s02	8	0.276
H3802	s19	21	0.313
H3802	s32	17	0.254
H3802	s29	12	0.179
H3802	s03	10	0.149
H3802	s08	4	0.060
H3803	s37	2	0.333
H3803	s30	2	0.333
H3803	s39	1	0.167
H3803	s33	1	0.167
H3804	s31	2	0.667
H3804	s38	1	0.333
H3805	s03	24	1.000
H3806	s33	1	1.000
H3811	s37	5	0.263
H3811	s15	4	0.211
H3811	s04	3	0.158
H3811	s38	2	0.105
H3811	s28	2	0.105
H3813	s39	1	1.000
H3816	s22	14	0.452
H3816	s35	9	0.290
H3816	s28	4	0.129
H3816	s33	4	0.129
H3823	s28	2	0.400
H3823	s10	2	0.400
H3823	s37	1	0.200
H3824	s05	76	0.302
H3824	s06	70	0.278
H3824	s37	20	0.079
H3824	s20	18	0.071
H3824	s31	16	0.063
H3826	s10	1	1.000
H3827	s06	1	1.000
H3828	s17	7	0.333
H3828	s01	5	0.238
H3828	s12	4	0.190
H3828	s10	2	0.095
H3830	s34	20	0.426
H3830	s40	11	0.234
H3830	s30	8	0.170
H3830	s10	3	0.064
H3832	s33	2	0.667
H3832	s10	1	0.333
H3833	s04	4	0.286
H3833	s37	4	0.286
H3833	s34	3	0.214
H3833	s23	1	0.071
H3833	s14	1	0.071
H3834	s28	3	1.000
H3835	s31	2	0.250
H3835	s06	2	0.250
H3835	s05	1	0.125
H3835	s14	1	0.125
H3835	s04	1	0.125
H3836	s24	26	0.897
H3836	s28	3	0.103
H3839	s28	1	0.500
H3839	s10	1	0.500
H3842	s34	2	0.667
H3842	s04	1	0.333
H3843	s06	5	0.417
H3843	s05	4	0.333
H3843	s01	2	0.167
H3843	s28	1	0.083
H3847	s09	21	0.219
H3847	s22	10	0.104
H3847	s10	10	0.104
H3847	s30	8	0.083
H3847	s02	8	0.083
H3849	s25	5	1.000
H3851	s04	4	0.333
H3851	s34	3	0.250
H3851	s39	2	0.167
H3851	s28	2	0.167
H3851	s40	1	0.083
H3852	s04	8	0.421
H3852	s31	3	0.158
H3852	s14	3	0.158
H3852	s22	3	0.158
H3852	s39	2	0.105
H3854	s16	1	1.000
H3856	s38	1	0.500
H3856	s33	1	0.500
H3857	s22	5	0.455
H3857	s34	2	0.182
H3857	s23	1	0.091
H3857	s14	1	0.091
H3857	s04	1	0.091
H3858	s29	1	0.500
H3858	s26	1	0.500
H3859	s33	2	1.000
H3862	s15	1	1.000
H3867	s20	8	0.308
H3867	s31	5	0.192
H3867	s33	4	0.154
H3867	s04	3	0.115
H3867	s18	2	0.077
H3868	s33	6	1.000
H3869	s28	1	1.000
H3871	s06	35	0.814
H3871	s26	5	0.116
H3871	s10	3	0.070
H3874	s15	2	0.667
H3874	s39	1	0.333
H3875	s15	1	1.000
H3880	s33	2	1.000
H3882	s34	5	0.833
H3882	s22	1	0.167
H3883	s26	1	1.000
H3885	s38	36	0.429
H3885	s12	10	0.119
H3885	s34	9	0.107
H3885	s18	7	0.083
H3885	s39	6	0.071
H3886	s37	1	0.500
H3886	s33	1	0.500
H3887	s33	20	0.714
H3887	s37	3	0.107
H3887	s13	2	0.071
H3888	s38	3	0.600
H3888	s23	1	0.200
H3888	s05	1	0.200
H3891	s33	1	1.000
H3892	s28	3	0.500
H3892	s09	2	0.333
H3892	s26	1	0.167
H3893	s06	1	1.000
H3894	s37	1	0.500
H3894	s04	1	0.500
H3897	s38	4	0.667
H3897	s22	2	0.333
H3898	s39	151	0.853
H3898	s36	10	0.056
H3899	s38	120	0.404
H3899	s33	20	0.067
H3899	s02	16	0.054
H3899	s34	15	0.051
H3899	s09	15	0.051
H3901	s35	1	1.000
H3905	s06	6	0.316
H3905	s39	4	0.211
H3905	s38	3	0.158
H3905	s30	2	0.105
H3905	s36	2	0.105
H3906	s36	3	0.250
H3906	s39	3	0.250
H3906	s22	2	0.167
H3906	s20	1	0.083
H3906	s34	1	0.083
H3907	s28	1	0.333
H3907	s30	1	0.333
H3907	s23	1	0.333
H3908	s16	1	0.200
H3908	s38	1	0.200
H3908	s10	1	0.200
H3908	s28	1	0.200
H3908	s15	1	0.200
H3909	s29	3	0.429
H3909	s38	2	0.286
H3909	s39	2	0.286
H3910	s02	1	0.500
H3910	s38	1	0.500
H3911	s27	1	1.000
H3913	s23	1	0.200
H3913	s28	1	0.200
H3913	s37	1	0.200
H3913	s30	1	0.200
H3913	s22	1	0.200
H3914	s03	3	1.000
H3915	s38	33	0.142
H3915	s39	30	0.129
H3915	s34	30	0.129
H3915	s05	22	0.094
H3915	s37	20	0.086
H3917	s35	1	1.000
H3918	s37	2	0.667
H3918	s23	1	0.333
H3920	s39	74	0.612
H3920	s29	22	0.182
H3920	s31	7	0.058
H3921	s33	1	1.000
H3924	s32	8	0.615
H3924	s18	5	0.385
H3925	s13	40	0.465
H3925	s06	27	0.314
H3925	s30	10	0.116
H3925	s21	6	0.070
H3928	s15	5	0.833
H3928	s30	1	0.167
H3930	s31	1	1.000
H3931	s36	1	1.000
H3932	s04	4	0.222
H3932	s37	4	0.222
H3932	s35	3	0.167
H3932	s05	2	0.111
H3932	s33	2	0.111
H3933	s15	3	0.429
H3933	s37	2	0.286
H3933	s30	2	0.286
H3934	s31	1	0.500
H3934	s30	1	0.500
H3937	s39	1	1.000
H3938	s28	1	1.000
H3939	s15	3	0.333
H3939	s35	2	0.222
H3939	s06	1	0.111
H3939	s23	1	0.111
H3939	s33	1	0.111
H3940	s40	7	0.538
H3940	s39	4	0.308
H3940	s10	1	0.077
H3940	s34	1	0.077
H3943	s03	1	0.333
H3943	s37	1	0.333
H3943	s38	1	0.333
H3944	s33	3	1.000
H3947	s38	154	0.159
H3947	s28	131	0.136
H3947	s39	127	0.131
H3948	s33	6	0.667
H3948	s23	1	0.111
H3948	s13	1	0.111
H3948	s37	1	0.111
H3950	s38	19	0.514
H3950	s12	9	0.243
H3950	s14	2	0.054
H3950	s28	2	0.054
H3950	s17	2	0.054
H3951	s27	1	0.500
H3951	s17	1	0.500
H3952	s36	4	0.571
H3952	s38	2	0.286
H3952	s39	1	0.143
H3953	s34	1	1.000
H3954	s15	2	1.000
H3955	s14	1	0.500
H3955	s30	1	0.500
H3956	s30	44	0.376
H3956	s33	23	0.197
H3956	s37	14	0.120
H3956	s29	11	0.094
H3956	s31	6	0.051
H3957	s19	35	0.745
H3957	s12	12	0.255
H3958	s32	2	1.000
H3960	s38	1	0.500
H3960	s21	1	0.500
H3965	s31	1	1.000
H3968	s05	1	0.500
H3968	s12	1	0.500
H3970	s30	1	1.000
H3971	s01	10	0.476
H3971	s02	3	0.143
H3971	s23	3	0.143
H3971	s27	3	0.143
H3971	s37	2	0.095
H3972	s38	18	0.562
H3972	s16	8	0.250
H3972	s02	2	0.062
H3972	s03	2	0.062
H3973	s05	1	1.000
H3974	s18	16	0.842
H3974	s34	1	0.053
H3974	s33	1	0.053
H3974	s22	1	0.053
H3975	s40	1	1.000
H3976	s33	6	0.400
H3976	s12	2	0.133
H3976	s37	2	0.133
H3976	s40	1	0.067
H3976	s11	1	0.067
H3978	s20	10	0.333
H3978	s07	7	0.233
H3978	s02	2	0.067
H3978	s19	2	0.067
H3978	s37	2	0.067
H3979	s38	4	1.000
H3980	s34	1	0.500
H3980	s15	1	0.500
H3981	s37	1	1.000
H3982	s31	2	0.667
H3982	s36	1	0.333
H3985	s14	10	0.244
H3985	s38	9	0.220
H3985	s33	7	0.171
H3985	s39	3	0.073
H3985	s04	3	0.073
H3986	s28	2	0.500
H3986	s29	1	0.250
H3986	s20	1	0.250
H3987	s04	1	1.000
H3988	s37	17	0.224
H3988	s14	13	0.171
H3988	s15	13	0.171
H3988	s35	10	0.132
H3988	s06	9	0.118
H3989	s09	1	1.000
H3990	s06	1	1.000
H3991	s10	1	1.000
H3992	s24	3	0.750
H3992	s15	1	0.250
H3993	s39	4	0.800
H3993	s30	1	0.200
H3994	s20	3	0.600
H3994	s33	2	0.400
H3995	s29	1	1.000
H3996	s29	5	0.217
H3996	s15	4	0.174
H3996	s12	3	0.130
H3996	s01	3	0.130
H3996	s22	2	0.087
H3998	s04	1	0.500
H3998	s30	1	0.500
H3999	s40	7	0.538
H3999	s28	4	0.308
H3999	s26	1	0.077
H3999	s22	1	0.077
H4001	s39	1	0.333
H4001	s34	1	0.333
H4001	s04	1	0.333
H4002	s16	1	0.333
H4002	s35	1	0.333
H4002	s34	1	0.333
H4003	s04	1	1.000
H4004	s39	1	0.500
H4004	s04	1	0.500
H4005	s04	5	0.417
H4005	s31	2	0.167
H4005	s09	2	0.167
H4005	s01	1	0.083
H4005	s10	1	0.083
H4007	s04	2	0.667
H4007	s06	1	0.333
H4008	s30	2	1.000
H4009	s30	6	0.400
H4009	s33	4	0.267
H4009	s04	3	0.200
H4009	s37	2	0.133
H4010	s04	1	1.000
H4011	s19	1	1.000
H4013	s04	13	0.351
H4013	s39	6	0.162
H4013	s31	6	0.162
H4013	s29	6	0.162
H4013	s35	3	0.081
H4015	s15	1	1.000
H4016	s28	1	1.000
H4018	s19	1	1.000
H4020	s32	1	1.000
H4021	s09	3	0.750
H4021	s32	1	0.250
H4022	s22	5	0.625
H4022	s10	3	0.375
H4030	s31	2	0.500
H4030	s36	1	0.250
H4030	s38	1	0.250
H4032	s15	3	0.333
H4032	s04	2	0.222
H4032	s30	2	0.222
H4032	s39	1	0.111
H4032	s21	1	0.111
H4033	s12	4	0.364
H4033	s28	2	0.182
H4033	s15	1	0.091
H4033	s02	1	0.091
H4033	s37	1	0.091
H4034	s05	1	0.333
H4034	s33	1	0.333
H4034	s30	1	0.333
H4035	s27	1	1.000
H4037	s39	1	1.000
H4038	s15	1	0.500
H4038	s04	1	0.500
H4039	s36	15	0.714
H4039	s30	4	0.190
H4039	s26	2	0.095
H4041	s37	1	1.000
H4042	s39	1	0.333
H4042	s04	1	0.333
H4042	s33	1	0.333
H4043	s21	27	0.429
H4043	s22	10	0.159
H4043	s39	5	0.079
H4043	s36	5	0.079
H4043	s10	5	0.079
H4044	s20	1	1.000
H4045	s20	1	1.000
H4046	s39	16	0.615
H4046	s18	5	0.192
H4046	s11	2	0.077
H4046	s22	2	0.077
H4048	s15	1	0.500
H4048	s22	1	0.500
H4050	s39	3	0.750
H4050	s19	1	0.250
H4052	s26	1	1.000
H4053	s04	1	1.000
H4054	s29	115	1.000
H4055	s39	7	0.636
H4055	s24	1	0.091
H4055	s37	1	0.091
H4055	s01	1	0.091
H4055	s30	1	0.091
H4058	s19	51	0.981
H4062	s34	1	1.000
H4063	s39	2	1.000
H4064	s20	2	1.000
H4065	s37	1	1.000
H4066	s33	8	0.800
H4066	s37	1	0.100
H4066	s04	1	0.100
H4071	s15	1	0.500
H4071	s04	1	0.500
H4072	s33	1	1.000
H4073	s30	1	1.000
H4079	s33	10	1.000
H4082	s31	49	0.925
H4085	s14	1	1.000
H4087	s30	1	1.000
H4090	s30	1	0.500
H4090	s33	1	0.500
H4093	s36	2	0.333
H4093	s02	2	0.333
H4093	s18	1	0.167
H4093	s16	1	0.167
H4094	s33	1	1.000
H4095	s15	1	0.500
H4095	s40	1	0.500
H4096	s29	1	1.000
H4097	s36	2	1.000
H4098	s38	1	1.000
H4102	s38	6	0.667
H4102	s13	2	0.222
H4102	s17	1	0.111
H4103	s20	4	0.333
H4103	s39	2	0.167
H4103	s15	2	0.167
H4103	s31	1	0.083
H4103	s27	1	0.083
H4106	s03	1	0.250
H4106	s04	1	0.250
H4106	s29	1	0.250
H4106	s22	1	0.250
H4107	s11	1	1.000
H4109	s05	3	0.600
H4109	s19	1	0.200
H4109	s38	1	0.200
H4110	s33	1	1.000
H4112	s33	2	1.000
H4113	s30	1	1.000
H4114	s35	3	0.500
H4114	s15	1	0.167
H4114	s06	1	0.167
H4114	s20	1	0.167
H4115	s36	4	1.000
H4116	s38	37	0.552
H4116	s30	10	0.149
H4116	s39	7	0.104
H4116	s04	5	0.075
H4117	s14	2	0.667
H4117	s22	1	0.333
H4118	s06	11	0.786
H4118	s20	3	0.214
H4119	s28	3	1.000
H4123	s36	1	1.000
H4126	s39	1	0.500
H4126	s01	1	0.500
H4127	s04	5	0.294
H4127	s22	5	0.294
H4127	s34	4	0.235
H4127	s39	2	0.118
H4127	s15	1	0.059
H4128	s22	1	1.000
H4129	s33	1	0.500
H4129	s38	1	0.500
H4130	s38	1	1.000
H4131	s22	22	0.550
H4131	s30	7	0.175
H4131	s33	6	0.150
H4131	s23	2	0.050
H4131	s37	2	0.050
H4132	s18	3	0.750
H4132	s06	1	0.250
H4133	s15	8	0.667
H4133	s34	3	0.250
H4133	s12	1	0.083
H4134	s12	5	1.000
H4135	s28	11	0.324
H4135	s27	10	0.294
H4135	s06	9	0.265
H4135	s22	3	0.088
H4138	s38	10	0.455
H4138	s10	7	0.318
H4138	s28	5	0.227
H4139	s38	1	1.000
H4141	s19	1	1.000
H4143	s12	1	0.500
H4143	s31	1	0.500
H4144	s23	5	0.625
H4144	s21	2	0.250
H4144	s34	1	0.125
H4145	s19	1	0.500
H4145	s04	1	0.500
H4146	s21	5	1.000
H4147	s15	5	0.455
H4147	s34	3	0.273
H4147	s31	1	0.091
H4147	s14	1	0.091
H4147	s21	1	0.091
H4148	s33	33	0.660
H4148	s37	7	0.140
H4148	s15	5	0.100
H4148	s06	4	0.080
H4150	s18	130	0.583
H4150	s01	24	0.108
H4150	s25	17	0.076
H4150	s09	15	0.067
H4150	s17	12	0.054
H4151	s04	1	1.000
H4152	s39	1	1.000
H4155	s34	1	1.000
H4156	s33	4	0.571
H4156	s04	1	0.143
H4156	s01	1	0.143
H4156	s22	1	0.143
H4157	s22	1	1.000
H4159	s06	14	0.389
H4159	s14	10	0.278
H4159	s20	4	0.111
H4159	s01	3	0.083
H4159	s22	2	0.056
H4160	s04	1	1.000
H4161	s34	8	0.296
H4161	s39	4	0.148
H4161	s05	4	0.148
H4161	s19	4	0.148
H4161	s22	4	0.148
H4163	s39	1	0.500
H4163	s28	1	0.500
H4164	s34	2	0.667
H4164	s37	1	0.333
H4165	s03	2	0.667
H4165	s34	1	0.333
H4166	s03	1	0.500
H4166	s38	1	0.500
H4167	s37	1	1.000
H4168	s05	2	0.667
H4168	s35	1	0.333
H4169	s01	1	1.000
H4170	s33	10	0.370
H4170	s06	7	0.259
H4170	s21	3	0.111
H4170	s30	3	0.111
H4170	s37	2	0.074
H4171	s12	6	0.400
H4171	s29	2	0.133
H4171	s15	2	0.133
H4171	s04	2	0.133
H4171	s22	2	0.133
H4172	s06	6	0.500
H4172	s31	2	0.167
H4172	s22	2	0.167
H4172	s01	1	0.083
H4172	s15	1	0.083
H4173	s11	1	0.333
H4173	s01	1	0.333
H4173	s34	1	0.333
H4174	s39	2	0.400
H4174	s03	1	0.200
H4174	s04	1	0.200
H4174	s10	1	0.200
H4175	s39	2	0.222
H4175	s34	2	0.222
H4175	s04	2	0.222
H4175	s37	1	0.111
H4175	s33	1	0.111
H4177	s28	3	1.000
H4180	s34	1	0.333
H4180	s37	1	0.333
H4180	s04	1	0.333
H4181	s15	7	0.778
H4181	s06	2	0.222
H4184	s28	2	0.667
H4184	s22	1	0.333
H4185	s06	4	0.200
H4185	s37	3	0.150
H4185	s39	3	0.150
H4185	s18	2	0.100
H4185	s30	2	0.100
H4186	s15	8	0.182
H4186	s12	7	0.159
H4186	s34	7	0.159
H4186	s29	6	0.136
H4186	s17	6	0.136
H4189	s34	1	1.000
H4190	s22	1	1.000
H4191	s39	241	0.286
H4191	s28	164	0.195
H4191	s36	146	0.173
H4191	s38	79	0.094
H4191	s27	65	0.077
H4194	s33	36	0.235
H4194	s28	16	0.105
H4194	s36	14	0.092
H4194	s21	13	0.085
H4194	s16	11	0.072
H4195	s33	2	0.667
H4195	s16	1	0.333
H4196	s01	302	0.753
H4196	s18	39	0.097
H4196	s09	24	0.060
H4197	s10	1	1.000
H4198	s23	1	1.000
H4200	s21	1	1.000
H4201	s19	7	0.368
H4201	s17	5	0.263
H4201	s26	2	0.105
H4201	s12	2	0.105
H4201	s38	1	0.053
H4202	s28	1	0.500
H4202	s38	1	0.500
H4204	s04	1	1.000
H4205	s34	2	0.667
H4205	s20	1	0.333
H4206	s04	1	0.333
H4206	s34	1	0.333
H4206	s30	1	0.333
H4207	s18	2	0.286
H4207	s01	2	0.286
H4207	s26	2	0.286
H4207	s03	1	0.143
H4208	s36	1	1.000
H4209	s33	11	0.579
H4209	s37	5	0.263
H4209	s20	1	0.053
H4209	s23	1	0.053
H4209	s22	1	0.053
H4210	s22	36	0.632
H4210	s30	21	0.368
H4211	s39	3	0.750
H4211	s34	1	0.250
H4212	s03	5	1.000
H4213	s04	4	1.000
H4214	s34	1	0.500
H4214	s15	1	0.500
H4215	s34	1	1.000
H4218	s04	1	1.000
H4219	s11	20	0.625
H4219	s03	10	0.312
H4220	s04	1	0.500
H4220	s22	1	0.500
H4221	s37	1	1.000
H4222	s22	2	0.667
H4222	s15	1	0.333
H4224	s38	1	0.500
H4224	s30	1	0.500
H4225	s32	8	1.000
H4226	s26	1	0.500
H4226	s12	1	0.500
H4227	s17	2	0.400
H4227	s12	1	0.200
H4227	s20	1	0.200
H4227	s01	1	0.200
H4228	s10	1	1.000
H4229	s30	13	0.361
H4229	s36	6	0.167
H4229	s06	6	0.167
H4229	s07	5	0.139
H4229	s15	2	0.056
H4230	s37	1	1.000
H4231	s34	1	1.000
H4234	s22	5	0.833
H4234	s24	1	0.167
H4236	s37	2	0.500
H4236	s15	1	0.250
H4236	s06	1	0.250
H4237	s19	4	1.000
H4239	s15	1	1.000
H4241	s24	5	0.625
H4241	s31	1	0.125
H4241	s38	1	0.125
H4241	s04	1	0.125
H4242	s31	7	0.467
H4242	s11	2	0.133
H4242	s10	2	0.133
H4242	s33	2	0.133
H4242	s35	1	0.067
H4245	s05	3	0.500
H4245	s36	1	0.167
H4245	s06	1	0.167
H4245	s33	1	0.167
H4246	s39	6	0.750
H4246	s28	1	0.125
H4246	s10	1	0.125
H4247	s04	1	1.000
H4251	s36	1	1.000
H4252	s11	1	1.000
H4253	s02	2	1.000
H4254	s10	1	0.500
H4254	s38	1	0.500
H4256	s12	38	0.905
H4256	s29	4	0.095
H4257	s30	2	1.000
H4260	s30	1	1.000
H4261	s14	4	0.308
H4261	s15	2	0.154
H4261	s10	2	0.154
H4261	s02	2	0.154
H4261	s38	1	0.077
H4262	s14	1	1.000
H4263	s15	1	1.000
H4264	s39	173	0.805
H4264	s18	17	0.079
H4264	s25	11	0.051
H4267	s37	1	1.000
H4268	s30	9	0.450
H4268	s34	5	0.250
H4268	s22	3	0.150
H4268	s33	2	0.100
H4268	s40	1	0.050
H4269	s30	1	1.000
H4270	s33	9	0.692
H4270	s30	2	0.154
H4270	s38	2	0.154
H4272	s21	5	0.357
H4272	s23	5	0.357
H4272	s22	2	0.143
H4272	s35	1	0.071
H4272	s37	1	0.071
H4273	s34	1	1.000
H4274	s12	3	1.000
H4275	s18	2	1.000
H4276	s18	5	0.312
H4276	s29	3	0.188
H4276	s11	3	0.188
H4276	s17	2	0.125
H4276	s36	1	0.062
H4277	s35	1	1.000
H4278	s22	1	1.000
H4281	s39	3	1.000
H4283	s39	14	0.438
H4283	s17	5	0.156
H4283	s38	5	0.156
H4283	s01	2	0.062
H4283	s12	2	0.062
H4284	s33	16	0.286
H4284	s31	14	0.250
H4284	s30	8	0.143
H4284	s15	7	0.125
H4284	s32	3	0.054
H4285	s30	6	0.857
H4285	s24	1	0.143
H4286	s28	1	1.000
H4288	s33	7	0.636
H4288	s22	2	0.182
H4288	s04	2	0.182
H4289	s18	16	0.727
H4289	s03	4	0.182
H4289	s26	2	0.091
H4290	s01	1	0.500
H4290	s10	1	0.500
H4292	s34	1	1.000
H4293	s34	1	1.000
H4294	s29	241	0.956
H4296	s38	12	0.414
H4296	s36	8	0.276
H4296	s28	2	0.069
H4296	s29	2	0.069
H4297	s15	1	1.000
H4298	s15	1	1.000
H4299	s18	1	1.000
H4300	s34	1	1.000
H4301	s34	2	0.400
H4301	s38	1	0.200
H4301	s03	1	0.200
H4301	s33	1	0.200
H4302	s26	2	0.333
H4302	s15	1	0.167
H4302	s34	1	0.167
H4302	s22	1	0.167
H4302	s10	1	0.167
H4303	s28	7	0.875
H4303	s23	1	0.125
H4304	s10	1	0.500
H4304	s38	1	0.500
H4305	s14	6	0.353
H4305	s15	5	0.294
H4305	s34	4	0.235
H4305	s28	1	0.059
H4305	s40	1	0.059
H4306	s05	12	0.316
H4306	s34	11	0.289
H4306	s23	8	0.211
H4306	s20	4	0.105
H4315	s38	3	0.500
H4315	s20	2	0.333
H4315	s11	1	0.167
H4323	s38	1	1.000
H4327	s07	31	1.000
H4329	s01	1	1.000
H4330	s23	3	1.000
H4334	s04	7	0.304
H4334	s29	6	0.261
H4334	s39	4	0.174
H4334	s30	3	0.130
H4334	s22	2	0.087
H4339	s22	9	0.474
H4339	s33	5	0.263
H4339	s35	3	0.158
H4339	s31	1	0.053
H4339	s23	1	0.053
H4340	s18	8	0.889
H4340	s22	1	0.111
H4341	s30	8	0.500
H4341	s37	3	0.188
H4341	s24	2	0.125
H4341	s16	2	0.125
H4341	s14	1	0.062
H4345	s26	3	0.500
H4345	s18	2	0.333
H4345	s08	1	0.167
H4346	s38	1	1.000
H4347	s20	20	0.417
H4347	s39	19	0.396
H4347	s15	4	0.083
H4347	s36	3	0.062
H4348	s24	5	1.000
H4349	s05	10	0.588
H4349	s22	5	0.294
H4349	s31	1	0.059
H4349	s40	1	0.059
H4350	s03	25	1.000
H4351	s15	2	0.667
H4351	s10	1	0.333
H4355	s16	1	0.333
H4355	s34	1	0.333
H4355	s22	1	0.333
H4356	s14	3	1.000
H4357	s18	1	1.000
H4358	s10	1	0.500
H4358	s15	1	0.500
H4359	s37	1	1.000
H4360	s10	1	1.000
H4361	s05	1	1.000
H4362	s31	1	1.000
H4364	s23	1	0.500
H4364	s37	1	0.500
H4365	s37	2	0.667
H4365	s04	1	0.333
H4370	s09	1	0.200
H4370	s32	1	0.200
H4370	s12	1	0.200
H4370	s01	1	0.200
H4370	s25	1	0.200
H4371	s18	6	1.000
H4372	s18	16	1.000
H4373	s12	2	1.000
H4374	s10	2	0.500
H4374	s34	1	0.250
H4374	s01	1	0.250
H4376	s12	45	0.562
H4376	s28	9	0.113
H4376	s02	8	0.100
H4376	s20	6	0.075
H4376	s23	5	0.062
H4377	s12	1	0.333
H4377	s29	1	0.333
H4377	s16	1	0.333
H4378	s36	1	0.500
H4378	s12	1	0.500
H4379	s15	1	1.000
H4380	s33	1	1.000
H4383	s15	8	0.571
H4383	s30	2	0.143
H4383	s13	2	0.143
H4383	s38	1	0.071
H4383	s27	1	0.071
H4384	s38	1	0.500
H4384	s15	1	0.500
H4385	s36	3	0.333
H4385	s06	3	0.333
H4385	s12	1	0.111
H4385	s32	1	0.111
H4385	s31	1	0.111
H4386	s04	1	1.000
H4387	s22	3	0.500
H4387	s30	2	0.333
H4387	s23	1	0.167
H4388	s39	1	0.500
H4388	s33	1	0.500
H4390	s40	40	0.160
H4390	s04	27	0.108
H4390	s15	25	0.100
H4390	s05	21	0.084
H4390	s28	19	0.076
H4392	s11	53	0.841
H4392	s40	5	0.079
H4393	s22	8	0.211
H4393	s15	7	0.184
H4393	s35	7	0.184
H4393	s38	3	0.079
H4393	s01	3	0.079
H4394	s09	11	0.733
H4394	s18	3	0.200
H4394	s32	1	0.067
H4395	s12	2	0.667
H4395	s20	1	0.333
H4396	s32	3	1.000
H4397	s38	127	0.596
H4397	s39	38	0.178
H4397	s28	14	0.066
H4399	s12	115	0.689
H4399	s18	15	0.090
H4399	s17	11	0.066
H4399	s03	9	0.054
H4400	s15	1	1.000
H4402	s10	1	1.000
H4403	s05	4	0.500
H4403	s37	2	0.250
H4403	s10	2	0.250
H4404	s39	3	1.000
H4405	s37	34	0.895
H4405	s34	4	0.105
H4408	s34	1	1.000
H4410	s36	12	0.500
H4410	s38	4	0.167
H4410	s10	4	0.167
H4410	s30	2	0.083
H4410	s35	2	0.083
H4411	s04	3	0.375
H4411	s38	3	0.375
H4411	s02	1	0.125
H4411	s29	1	0.125
H4412	s20	1	0.500
H4412	s04	1	0.500
H4414	s10	3	0.600
H4414	s35	1	0.200
H4414	s17	1	0.200
H4418	s02	2	1.000
H4419	s10	3	0.750
H4419	s30	1	0.250
H4420	s34	3	1.000
H4421	s39	256	0.803
H4421	s36	22	0.069
H4422	s38	25	0.263
H4422	s39	18	0.189
H4422	s04	10	0.105
H4422	s15	8	0.084
H4422	s31	8	0.084
H4423	s39	1	1.000
H4425	s09	1	1.000
H4426	s31	1	0.500
H4426	s33	1	0.500
H4427	s36	344	0.989
H4434	s34	1	1.000
H4438	s31	74	0.813
H4438	s36	6	0.066
H4438	s22	6	0.066
H4446	s17	4	0.800
H4446	s05	1	0.200
H4448	s37	5	0.417
H4448	s34	2	0.167
H4448	s28	1	0.083
H4448	s39	1	0.083
H4448	s33	1	0.083
H4451	s39	1	1.000
H4452	s13	1	1.000
H4454	s01	1	0.500
H4454	s27	1	0.500
H4455	s18	3	0.375
H4455	s07	2	0.250
H4455	s39	2	0.250
H4455	s30	1	0.125
H4456	s06	2	0.250
H4456	s34	2	0.250
H4456	s10	1	0.125
H4456	s12	1	0.125
H4456	s33	1	0.125
H4457	s18	4	0.667
H4457	s03	1	0.167
H4457	s04	1	0.167
H4458	s39	1	1.000
H4459	s23	1	1.000
H4460	s04	1	1.000
H4461	s34	1	1.000
H4463	s15	1	0.500
H4463	s28	1	0.500
H4464	s22	1	0.500
H4464	s06	1	0.500
H4465	s12	9	0.900
H4465	s15	1	0.100
H4466	s12	1	1.000
H4467	s05	30	0.256
H4467	s15	21	0.179
H4467	s36	19	0.162
H4467	s04	14	0.120
H4467	s39	13	0.111
H4468	s29	6	0.667
H4468	s38	2	0.222
H4468	s21	1	0.111
H4469	s35	1	0.500
H4469	s33	1	0.500
H4470	s33	1	1.000
H4472	s37	1	1.000
H4473	s32	1	1.000
H4474	s31	2	0.667
H4474	s28	1	0.333
H4475	s31	6	0.353
H4475	s22	5	0.294
H4475	s39	4	0.235
H4475	s36	2	0.118
H4476	s15	1	1.000
H4477	s38	1	0.500
H4477	s10	1	0.500
H4478	s14	10	0.714
H4478	s06	3	0.214
H4478	s12	1	0.071
H4482	s22	3	1.000
H4485	s30	1	1.000
H4487	s02	8	0.286
H4487	s16	5	0.179
H4487	s22	3	0.107
H4487	s12	2	0.071
H4487	s05	2	0.071
H4488	s11	4	0.800
H4488	s12	1	0.200
H4489	s28	2	1.000
H4490	s09	6	0.500
H4490	s38	3	0.250
H4490	s12	3	0.250
H4491	s39	2	1.000
H4492	s04	1	1.000
H4493	s30	1	1.000
H4494	s20	3	0.429
H4494	s35	3	0.429
H4494	s18	1	0.143
H4497	s33	1	1.000
H4498	s21	3	0.375
H4498	s30	2	0.250
H4498	s15	1	0.125
H4498	s04	1	0.125
H4498	s37	1	0.125
H4499	s27	1	0.500
H4499	s15	1	0.500
H4500	s39	4	1.000
H4501	s18	38	0.905
H4502	s04	1	1.000
H4503	s17	141	0.668
H4503	s01	30	0.142
H4503	s11	19	0.090
H4512	s37	1	1.000
H4513	s38	6	0.207
H4513	s15	5	0.172
H4513	s33	5	0.172
H4513	s06	3	0.103
H4513	s37	3	0.103
H4514	s05	4	0.667
H4514	s08	1	0.167
H4514	s10	1	0.167
H4515	s21	1	1.000
H4516	s37	1	1.000
H4517	s26	1	1.000
H4518	s26	2	0.500
H4518	s03	1	0.250
H4518	s18	1	0.250
H4521	s12	5	0.556
H4521	s22	2	0.222
H4521	s24	1	0.111
H4521	s33	1	0.111
H4522	s29	8	0.348
H4522	s39	6	0.261
H4522	s06	3	0.130
H4522	s28	2	0.087
H4522	s33	2	0.087
H4523	s37	1	1.000
H4524	s26	2	0.400
H4524	s36	1	0.200
H4524	s34	1	0.200
H4524	s30	1	0.200
H4525	s36	4	0.571
H4525	s04	1	0.143
H4525	s34	1	0.143
H4525	s30	1	0.143
H4526	s26	14	0.824
H4526	s21	2	0.118
H4526	s03	1	0.059
H4527	s19	1	1.000
H4528	s39	1	1.000
H4529	s30	2	0.500
H4529	s29	1	0.250
H4529	s22	1	0.250
H4530	s05	1	1.000
H4531	s06	3	0.750
H4531	s37	1	0.250
H4533	s06	3	1.000
H4534	s30	1	1.000
H4536	s11	1	1.000
H4537	s33	3	0.600
H4537	s04	1	0.200
H4537	s05	1	0.200
H4538	s22	1	1.000
H4539	s18	17	0.680
H4539	s08	6	0.240
H4540	s32	1	1.000
H4541	s06	21	0.750
H4541	s01	2	0.071
H4541	s30	2	0.071
H4542	s16	4	1.000
H4543	s05	5	0.714
H4543	s36	1	0.143
H4543	s28	1	0.143
H4544	s06	1	1.000
H4545	s02	2	1.000
H4546	s39	14	0.519
H4546	s22	4	0.148
H4546	s12	3	0.111
H4546	s38	2	0.074
H4546	s04	2	0.074
H4547	s35	1	1.000
H4548	s26	4	1.000
H4549	s35	9	0.409
H4549	s39	3	0.136
H4549	s04	3	0.136
H4549	s22	3	0.136
H4550	s39	8	0.667
H4550	s18	3	0.250
H4550	s28	1	0.083
H4551	s26	1	0.500
H4551	s34	1	0.500
H4552	s16	1	1.000
H4553	s04	13	0.812
H4553	s10	1	0.062
H4553	s28	1	0.062
H4553	s22	1	0.062
H4554	s38	5	1.000
H4555	s15	1	0.500
H4555	s30	1	0.500
H4556	s24	3	1.000
H4557	s12	34	0.254
H4557	s29	21	0.157
H4557	s17	15	0.112
H4557	s39	13	0.097
H4557	s37	12	0.090
H4560	s39	2	1.000
H4561	s37	1	1.000
H4562	s15	1	1.000
H4563	s40	1	1.000
H4564	s31	1	1.000
H4565	s30	5	0.500
H4565	s34	2	0.200
H4565	s02	1	0.100
H4565	s04	1	0.100
H4565	s23	1	0.100
H4566	s37	1	1.000
H4568	s03	1	1.000
H4569	s39	6	0.545
H4569	s04	3	0.273
H4569	s32	1	0.091
H4569	s38	1	0.091
H4570	s33	8	0.500
H4570	s30	5	0.312
H4570	s39	3	0.188
H4571	s30	4	0.571
H4571	s21	2	0.286
H4571	s34	1	0.143
H4574	s33	2	0.667
H4574	s31	1	0.333
H4576	s23	1	1.000
H4578	s30	13	0.406
H4578	s36	4	0.125
H4578	s28	4	0.125
H4578	s04	3	0.094
H4578	s27	2	0.062
H4579	s06	1	1.000
H4580	s38	1	0.500
H4580	s30	1	0.500
H4581	s31	19	0.528
H4581	s30	11	0.306
H4581	s04	4	0.111
H4583	s15	7	0.389
H4583	s22	3	0.167
H4583	s30	3	0.167
H4583	s01	2	0.111
H4583	s04	2	0.111
H4585	s34	4	0.444
H4585	s15	2	0.222
H4585	s40	1	0.111
H4585	s22	1	0.111
H4585	s10	1	0.111
H4588	s34	1	1.000
H4589	s04	1	1.000
H4591	s12	8	0.364
H4591	s34	5	0.227
H4591	s29	4	0.182
H4591	s16	2	0.091
H4592	s38	22	0.218
H4592	s20	16	0.158
H4592	s29	11	0.109
H4592	s31	10	0.099
H4592	s37	10	0.099
H4593	s15	1	1.000
H4594	s22	1	1.000
H4595	s10	1	1.000
H4596	s04	1	1.000
H4598	s32	15	0.536
H4598	s30	9	0.321
H4598	s09	3	0.107
H4599	s07	7	0.304
H4599	s22	5	0.217
H4599	s39	4	0.174
H4599	s34	2	0.087
H4599	s29	2	0.087
H4600	s39	1	0.333
H4600	s10	1	0.333
H4600	s01	1	0.333
H4603	s15	11	0.314
H4603	s36	8	0.229
H4603	s12	5	0.143
H4603	s05	4	0.114
H4603	s27	2	0.057
H4604	s15	9	0.310
H4604	s05	6	0.207
H4604	s01	5	0.172
H4604	s36	4	0.138
H4604	s27	4	0.138
H4607	s36	1	1.000
H4608	s29	5	0.263
H4608	s19	4	0.211
H4608	s39	3	0.158
H4608	s38	2	0.105
H4608	s04	2	0.105
H4609	s19	26	0.553
H4609	s05	8	0.170
H4609	s22	6	0.128
H4609	s11	4	0.085
H4611	s15	13	0.317
H4611	s06	7	0.171
H4611	s20	6	0.146
H4611	s14	5	0.122
H4611	s22	4	0.098
H4612	s12	2	0.400
H4612	s05	2	0.400
H4612	s18	1	0.200
H4613	s30	1	1.000
H4614	s39	1	1.000
H4615	s30	3	0.600
H4615	s10	1	0.200
H4615	s31	1	0.200
H4617	s33	6	0.857
H4617	s15	1	0.143
H4618	s39	1	0.500
H4618	s30	1	0.500
H4620	s30	1	1.000
H4621	s37	1	0.500
H4621	s16	1	0.500
H4622	s31	1	1.000
H4623	s33	1	1.000
H4624	s05	1	1.000
H4625	s30	1	1.000
H4626	s03	1	0.500
H4626	s04	1	0.500
H4627	s10	9	1.000
H4628	s12	4	0.286
H4628	s22	3	0.214
H4628	s31	2	0.143
H4628	s34	2	0.143
H4628	s28	1	0.071
H4631	s39	15	0.385
H4631	s36	10	0.256
H4631	s38	7	0.179
H4631	s30	4	0.103
H4633	s33	1	1.000
H4634	s39	18	0.947
H4634	s18	1	0.053
H4635	s12	3	0.300
H4635	s18	3	0.300
H4635	s17	3	0.300
H4635	s05	1	0.100
H4636	s31	1	1.000
H4637	s38	1	1.000
H4639	s22	49	0.209
H4639	s32	36	0.153
H4639	s16	34	0.145
H4639	s06	23	0.098
H4639	s03	15	0.064
H4642	s35	1	0.500
H4642	s33	1	0.500
H4643	s12	32	1.000
H4645	s37	1	1.000
H4646	s37	1	1.000
H4647	s04	1	1.000
H4650	s33	1	1.000
H4651	s02	1	0.500
H4651	s34	1	0.500
H4652	s34	1	1.000
H4653	s12	1	1.000
H4654	s04	2	0.667
H4654	s34	1	0.333
H4655	s30	1	1.000
H4656	s36	4	1.000
H4657	s34	1	1.000
H4658	s15	5	0.625
H4658	s10	2	0.250
H4658	s33	1	0.125
H4659	s34	1	0.333
H4659	s04	1	0.333
H4659	s22	1	0.333
H4660	s40	1	1.000
H4661	s04	1	1.000
H4663	s12	1	1.000
H4664	s35	1	1.000
H4665	s28	1	1.000
H4666	s10	1	0.500
H4666	s37	1	0.500
H4667	s39	1	1.000
H4668	s12	1	0.333
H4668	s18	1	0.333
H4668	s39	1	0.333
H4669	s33	1	1.000
H4670	s40	5	0.625
H4670	s17	1	0.125
H4670	s19	1	0.125
H4670	s12	1	0.125
H4671	s30	3	0.375
H4671	s39	1	0.125
H4671	s02	1	0.125
H4671	s34	1	0.125
H4671	s37	1	0.125
H4672	s38	140	0.308
H4672	s28	53	0.116
H4672	s12	47	0.103
H4672	s16	30	0.066
H4672	s06	27	0.059
H4673	s39	3	0.300
H4673	s18	3	0.300
H4673	s32	2	0.200
H4673	s29	1	0.100
H4673	s06	1	0.100
H4674	s02	1	1.000
H4675	s27	1	0.500
H4675	s06	1	0.500
H4676	s06	12	0.353
H4676	s28	10	0.294
H4676	s01	6	0.176
H4676	s36	5	0.147
H4678	s28	2	0.500
H4678	s40	2	0.500
H4679	s39	5	0.455
H4679	s35	5	0.455
H4679	s15	1	0.091
H4680	s01	2	0.286
H4680	s15	1	0.143
H4680	s23	1	0.143
H4680	s25	1	0.143
H4680	s02	1	0.143
H4682	s12	22	0.415
H4682	s09	22	0.415
H4682	s17	5	0.094
H4682	s06	3	0.057
H4683	s33	2	0.667
H4683	s34	1	0.333
H4684	s35	1	0.500
H4684	s24	1	0.500
H4685	s16	2	0.500
H4685	s37	1	0.250
H4685	s33	1	0.250
H4686	s21	7	0.292
H4686	s30	5	0.208
H4686	s39	4	0.167
H4686	s15	3	0.125
H4686	s36	2	0.083
H4687	s06	91	0.503
H4687	s13	31	0.171
H4687	s12	19	0.105
H4687	s05	15	0.083
H4687	s01	12	0.066
H4688	s22	4	0.333
H4688	s30	4	0.333
H4688	s34	2	0.167
H4688	s06	1	0.083
H4688	s03	1	0.083
H4689	s20	5	0.833
H4689	s13	1	0.167
H4690	s21	1	0.500
H4690	s32	1	0.500
H4691	s34	5	0.714
H4691	s37	1	0.143
H4691	s30	1	0.143
H4692	s20	15	0.600
H4692	s03	3	0.120
H4692	s05	2	0.080
H4692	s39	2	0.080
H4694	s36	4	0.500
H4694	s05	2	0.250
H4694	s02	1	0.125
H4694	s04	1	0.125
H4695	s05	1	1.000
H4696	s32	6	0.462
H4696	s39	3	0.231
H4696	s36	2	0.154
H4696	s22	1	0.077
H4696	s10	1	0.077
H4697	s39	1	1.000
H4698	s39	1	1.000
H4700	s12	6	0.462
H4700	s22	6	0.462
H4700	s01	1	0.077
H4701	s09	9	0.750
H4701	s32	2	0.167
H4701	s25	1	0.083
H4702	s31	1	1.000
H4703	s31	1	0.333
H4703	s33	1	0.333
H4703	s30	1	0.333
H4705	s38	2	0.400
H4705	s28	1	0.200
H4705	s22	1	0.200
H4705	s37	1	0.200
H4707	s22	1	0.500
H4707	s38	1	0.500
H4710	s04	1	1.000
H4711	s22	1	1.000
H4712	s18	1	0.333
H4712	s21	1	0.333
H4712	s22	1	0.333
H4715	s33	2	1.000
H4716	s10	1	0.500
H4716	s34	1	0.500
H4717	s26	2	0.500
H4717	s37	1	0.250
H4717	s39	1	0.250
H4718	s13	1	1.000
H4720	s15	22	0.293
H4720	s27	12	0.160
H4720	s31	10	0.133
H4720	s12	8	0.107
H4720	s29	8	0.107
H4721	s30	1	0.500
H4721	s22	1	0.500
H4724	s04	1	1.000
H4725	s05	139	0.347
H4725	s38	37	0.092
H4725	s01	33	0.082
H4725	s28	28	0.070
H4725	s39	25	0.062
H4726	s33	10	0.556
H4726	s27	3	0.167
H4726	s15	2	0.111
H4726	s04	2	0.111
H4726	s22	1	0.056
H4727	s12	1	1.000
H4728	s12	1	1.000
H4729	s12	1	0.333
H4729	s26	1	0.333
H4729	s15	1	0.333
H4730	s36	1	0.500
H4730	s40	1	0.500
H4731	s28	13	0.722
H4731	s04	2	0.111
H4731	s12	1	0.056
H4731	s07	1	0.056
H4731	s39	1	0.056
H4733	s29	20	1.000
H4734	s26	3	0.750
H4734	s03	1	0.250
H4735	s28	50	0.658
H4735	s29	7	0.092
H4735	s39	6	0.079
H4735	s14	5	0.066
H4736	s12	12	0.800
H4736	s28	2	0.133
H4736	s06	1	0.067
H4738	s15	2	1.000
H4741	s37	1	1.000
H4743	s15	5	0.500
H4743	s39	3	0.300
H4743	s35	1	0.100
H4743	s30	1	0.100
H4744	s17	23	1.000
H4745	s16	9	0.900
H4745	s38	1	0.100
H4746	s16	1	1.000
H4747	s39	2	1.000
H4748	s10	1	1.000
H4749	s18	7	0.778
H4749	s26	2	0.222
H4750	s20	1	0.500
H4750	s16	1	0.500
H4751	s37	7	0.184
H4751	s27	6	0.158
H4751	s28	4	0.105
H4751	s15	4	0.105
H4751	s10	4	0.105
H4752	s33	1	1.000
H4753	s10	11	0.917
H4753	s18	1	0.083
H4754	s34	1	0.500
H4754	s15	1	0.500
H4755	s28	1	1.000
H4758	s40	64	0.621
H4758	s02	12	0.117
H4758	s24	11	0.107
H4758	s31	7	0.068
H4759	s40	9	0.750
H4759	s19	2	0.167
H4759	s18	1	0.083
H4760	s01	1	1.000
H4763	s38	7	0.700
H4763	s39	3	0.300
H4765	s33	1	0.500
H4765	s16	1	0.500
H4766	s34	1	0.500
H4766	s35	1	0.500
H4767	s15	1	1.000
H4768	s12	3	0.600
H4768	s01	1	0.200
H4768	s05	1	0.200
H4769	s15	2	1.000
H4770	s04	2	0.500
H4770	s38	1	0.250
H4770	s29	1	0.250
H4771	s01	1	1.000
H4772	s38	4	0.800
H4772	s40	1	0.200
H4773	s33	1	1.000
H4774	s31	1	1.000
H4775	s05	12	0.480
H4775	s36	6	0.240
H4775	s15	3	0.120
H4775	s06	2	0.080
H4777	s01	1	1.000
H4780	s05	1	1.000
H4783	s34	1	1.000
H4784	s14	20	0.455
H4784	s06	18	0.409
H4784	s22	5	0.114
H4786	s28	1	1.000
H4787	s33	1	1.000
H4788	s34	3	1.000
H4790	s01	1	1.000
H4791	s04	18	0.333
H4791	s35	7	0.130
H4791	s22	7	0.130
H4791	s30	6	0.111
H4791	s21	5	0.093
H4793	s16	1	1.000
H4794	s38	2	0.500
H4794	s15	2	0.500
H4795	s38	1	1.000
H4798	s29	1	0.500
H4798	s07	1	0.500
H4799	s30	1	1.000
H4800	s21	3	0.500
H4800	s30	2	0.333
H4800	s10	1	0.167
H4801	s35	9	0.500
H4801	s04	5	0.278
H4801	s38	1	0.056
H4801	s10	1	0.056
H4801	s33	1	0.056
H4802	s01	2	1.000
H4803	s15	7	0.500
H4803	s24	5	0.357
H4803	s03	2	0.143
H4806	s38	4	0.500
H4806	s01	2	0.250
H4806	s17	1	0.125
H4806	s40	1	0.125
H4808	s28	1	0.500
H4808	s12	1	0.500
H4814	s15	1	1.000
H4815	s23	1	1.000
H4816	s15	1	1.000
H4817	s27	2	0.667
H4817	s08	1	0.333
H4818	s39	26	0.591
H4818	s24	5	0.114
H4818	s04	4	0.091
H4818	s36	3	0.068
H4819	s10	1	1.000
H4820	s30	24	0.615
H4820	s33	9	0.231
H4820	s31	2	0.051
H4820	s28	2	0.051
H4820	s37	2	0.051
H4823	s31	3	0.429
H4823	s34	2	0.286
H4823	s15	1	0.143
H4823	s23	1	0.143
H4827	s31	1	1.000
H4828	s28	6	0.667
H4828	s33	2	0.222
H4828	s37	1	0.111
H4829	s15	4	0.308
H4829	s28	3	0.231
H4829	s04	3	0.231
H4829	s34	2	0.154
H4829	s12	1	0.077
H4830	s22	4	0.400
H4830	s15	2	0.200
H4830	s14	2	0.200
H4830	s18	1	0.100
H4830	s04	1	0.100
H4832	s33	9	0.562
H4832	s23	3	0.188
H4832	s36	2	0.125
H4832	s16	1	0.062
H4832	s15	1	0.062
H4833	s15	1	1.000
H4834	s37	2	0.500
H4834	s27	1	0.250
H4834	s29	1	0.250
H4835	s05	1	1.000
H4836	s28	2	1.000
H4837	s01	1	1.000
H4838	s03	1	0.333
H4838	s39	1	0.333
H4838	s25	1	0.333
H4839	s09	2	0.667
H4839	s36	1	0.333
H4840	s10	1	1.000
H4841	s15	1	0.500
H4841	s34	1	0.500
H4842	s12	1	0.333
H4842	s36	1	0.333
H4842	s18	1	0.333
H4843	s28	8	0.500
H4843	s31	5	0.312
H4843	s04	2	0.125
H4843	s37	1	0.062
H4844	s12	1	0.333
H4844	s35	1	0.333
H4844	s27	1	0.333
H4845	s37	1	1.000
H4846	s23	3	0.750
H4846	s37	1	0.250
H4849	s12	1	1.000
H4853	s04	14	0.212
H4853	s18	12	0.182
H4853	s12	11	0.167
H4853	s15	10	0.152
H4853	s38	5	0.076
H4855	s12	3	1.000
H4856	s12	1	1.000
H4857	s35	1	1.000
H4858	s04	1	1.000
H4859	s16	1	0.500
H4859	s37	1	0.500
H4860	s33	1	1.000
H4862	s22	1	0.500
H4862	s30	1	0.500
H4863	s20	4	1.000
H4864	s38	5	0.333
H4864	s15	3	0.200
H4864	s12	2	0.133
H4864	s39	2	0.133
H4864	s02	1	0.067
H4865	s32	9	1.000
H4866	s04	3	1.000
H4867	s30	2	0.400
H4867	s22	2	0.400
H4867	s21	1	0.200
H4868	s14	1	1.000
H4870	s38	1	1.000
H4871	s21	2	0.667
H4871	s28	1	0.333
H4874	s06	1	1.000
H4875	s34	3	1.000
H4876	s37	1	0.500
H4876	s14	1	0.500
H4878	s15	4	0.333
H4878	s04	3	0.250
H4878	s10	2	0.167
H4878	s33	2	0.167
H4878	s30	1	0.083
H4879	s37	1	1.000
H4880	s10	2	1.000
H4881	s23	1	0.500
H4881	s33	1	0.500
H4883	s04	1	1.000
H4884	s12	2	0.500
H4884	s15	1	0.250
H4884	s17	1	0.250
H4885	s04	7	0.438
H4885	s10	4	0.250
H4885	s22	3	0.188
H4885	s34	1	0.062
H4885	s37	1	0.062
H4886	s09	34	0.479
H4886	s18	12	0.169
H4886	s36	11	0.155
H4886	s39	4	0.056
H4888	s18	14	0.560
H4888	s09	8	0.320
H4888	s01	3	0.120
H4889	s15	8	0.400
H4889	s39	4	0.200
H4889	s36	2	0.100
H4889	s12	2	0.100
H4889	s33	2	0.100
H4890	s37	1	1.000
H4891	s22	1	1.000
H4892	s40	1	1.000
H4893	s31	1	0.500
H4893	s01	1	0.500
H4894	s15	2	0.667
H4894	s19	1	0.333
H4895	s10	2	1.000
H4896	s34	1	1.000
H4897	s10	2	1.000
H4899	s21	14	0.368
H4899	s22	10	0.263
H4899	s01	9	0.237
H4899	s05	4	0.105
H4900	s39	9	0.250
H4900	s15	4	0.111
H4900	s30	4	0.111
H4900	s04	3	0.083
H4900	s06	3	0.083
H4901	s32	1	0.500
H4901	s02	1	0.500
H4904	s27	32	0.696
H4904	s37	6	0.130
H4904	s38	3	0.065
H4905	s30	7	0.500
H4905	s22	5	0.357
H4905	s14	2	0.143
H4906	s33	2	0.333
H4906	s40	1	0.167
H4906	s12	1	0.167
H4906	s29	1	0.167
H4906	s37	1	0.167
H4908	s18	88	0.633
H4908	s08	40	0.288
H4909	s28	3	0.750
H4909	s38	1	0.250
H4910	s31	18	0.225
H4910	s22	17	0.212
H4910	s33	11	0.138
H4910	s38	9	0.113
H4910	s28	7	0.087
H4911	s15	5	0.294
H4911	s10	4	0.235
H4911	s22	4	0.235
H4911	s34	3	0.176
H4911	s30	1	0.059
H4912	s37	12	0.300
H4912	s15	9	0.225
H4912	s33	5	0.125
H4912	s20	4	0.100
H4912	s30	3	0.075
H4915	s31	1	0.333
H4915	s34	1	0.333
H4915	s23	1	0.333
H4916	s20	7	0.700
H4916	s16	1	0.100
H4916	s36	1	0.100
H4916	s22	1	0.100
H4917	s16	1	0.500
H4917	s14	1	0.500
H4923	s15	5	0.714
H4923	s04	2	0.286
H4924	s31	3	0.429
H4924	s28	2	0.286
H4924	s38	1	0.143
H4924	s14	1	0.143
H4926	s40	1	1.000
H4928	s39	3	0.750
H4928	s22	1	0.250
H4929	s02	14	0.636
H4929	s12	7	0.318
H4930	s16	1	1.000
H4931	s12	34	0.436
H4931	s18	31	0.397
H4931	s27	6	0.077
H4931	s19	6	0.077
H4933	s30	3	0.500
H4933	s36	2	0.333
H4933	s04	1	0.167
H4934	s38	1	1.000
H4935	s10	1	1.000
H4937	s38	3	0.600
H4937	s21	2	0.400
H4938	s38	9	0.750
H4938	s07	1	0.083
H4938	s25	1	0.083
H4938	s30	1	0.083
H4939	s23	1	1.000
H4940	s29	260	0.858
H4940	s18	30	0.099
H4941	s06	56	0.133
H4941	s13	48	0.114
H4941	s15	43	0.102
H4941	s27	43	0.102
H4941	s05	37	0.088
H4942	s38	1	0.500
H4942	s35	1	0.500
H4943	s06	1	1.000
H4944	s30	1	1.000
H4945	s02	12	0.632
H4945	s05	3	0.158
H4945	s11	2	0.105
H4945	s26	1	0.053
H4945	s07	1	0.053
H4946	s38	1	1.000
H4947	s25	2	0.667
H4947	s12	1	0.333
H4948	s11	39	0.796
H4948	s03	7	0.143
H4948	s38	3	0.061
H4949	s36	1	0.500
H4949	s31	1	0.500
H4950	s15	1	1.000
H4951	s34	2	1.000
H4952	s09	1	1.000
H4955	s28	1	0.500
H4955	s39	1	0.500
H4958	s28	1	1.000
H4959	s20	5	0.556
H4959	s28	2	0.222
H4959	s37	2	0.222
H4960	s38	12	0.261
H4960	s31	12	0.261
H4960	s02	8	0.174
H4960	s16	7	0.152
H4960	s28	5	0.109
H4962	s37	7	0.318
H4962	s06	4	0.182
H4962	s20	3	0.136
H4962	s34	3	0.136
H4962	s29	2	0.091
H4963	s30	1	1.000
H4964	s04	2	0.500
H4964	s33	2	0.500
H4966	s16	5	0.417
H4966	s33	3	0.250
H4966	s38	2	0.167
H4966	s13	1	0.083
H4966	s10	1	0.083
H4969	s37	1	1.000
H4971	s18	2	0.400
H4971	s12	1	0.200
H4971	s15	1	0.200
H4971	s11	1	0.200
H4973	s34	1	0.333
H4973	s04	1	0.333
H4973	s23	1	0.333
H4974	s30	2	0.500
H4974	s20	1	0.250
H4974	s39	1	0.250
H4975	s40	21	0.447
H4975	s04	7	0.149
H4975	s38	5	0.106
H4975	s34	4	0.085
H4975	s12	3	0.064
H4976	s33	3	0.600
H4976	s28	1	0.200
H4976	s01	1	0.200
H4979	s36	3	0.176
H4979	s12	3	0.176
H4979	s15	3	0.176
H4979	s29	2	0.118
H4979	s18	2	0.118
H4985	s37	5	0.833
H4985	s34	1	0.167
H4986	s33	2	1.000
H4987	s36	1	1.000
H4991	s16	2	0.333
H4991	s17	2	0.333
H4991	s01	1	0.167
H4991	s19	1	0.167
H4995	s12	1	1.000
H4997	s38	3	0.500
H4997	s39	1	0.167
H4997	s30	1	0.167
H4997	s13	1	0.167
H4998	s22	2	0.667
H4998	s10	1	0.333
H4999	s04	8	0.615
H4999	s22	3	0.231
H4999	s15	1	0.077
H4999	s37	1	0.077
H5000	s33	4	0.400
H5000	s22	2	0.200
H5000	s28	2	0.200
H5000	s40	1	0.100
H5000	s02	1	0.100
H5001	s15	1	1.000
H5002	s15	345	0.918
H5002	s04	22	0.059
H5003	s10	24	0.774
H5003	s27	6	0.194
H5004	s10	1	0.500
H5004	s24	1	0.500
H5005	s10	1	1.000
H5006	s23	8	0.333
H5006	s06	3	0.125
H5006	s34	3	0.125
H5006	s30	3	0.125
H5006	s33	3	0.125
H5007	s06	2	0.400
H5007	s38	1	0.200
H5007	s15	1	0.200
H5007	s04	1	0.200
H5008	s15	1	0.500
H5008	s34	1	0.500
H5009	s06	3	0.750
H5009	s15	1	0.250
H5010	s01	1	0.500
H5010	s22	1	0.500
H5012	s15	113	0.983
H5014	s26	2	0.500
H5014	s03	1	0.250
H5014	s37	1	0.250
H5016	s36	2	0.667
H5016	s19	1	0.333
H5024	s30	1	1.000
H5027	s30	12	0.174
H5027	s37	10	0.145
H5027	s13	10	0.145
H5027	s38	7	0.101
H5027	s34	7	0.101
H5030	s15	171	0.543
H5030	s36	65	0.206
H5030	s38	40	0.127
H5030	s06	18	0.057
H5031	s28	4	0.667
H5031	s12	1	0.167
H5031	s36	1	0.167
H5033	s34	1	1.000
H5034	s35	16	0.640
H5034	s23	4	0.160
H5034	s21	3	0.120
H5035	s22	23	0.605
H5035	s38	5	0.132
H5035	s04	5	0.132
H5035	s01	3	0.079
H5036	s23	9	0.500
H5036	s30	3	0.167
H5036	s34	2	0.111
H5036	s33	2	0.111
H5036	s36	1	0.056
H5038	s07	45	0.938
H5039	s38	10	0.769
H5039	s34	1	0.077
H5039	s10	1	0.077
H5039	s29	1	0.077
H5040	s10	1	1.000
H5042	s33	4	0.364
H5042	s13	3	0.273
H5042	s22	2	0.182
H5042	s16	1	0.091
H5042	s14	1	0.091
H5046	s38	196	0.530
H5046	s39	47	0.127
H5046	s37	23	0.062
H5050	s21	2	0.333
H5050	s34	2	0.333
H5050	s35	1	0.167
H5050	s37	1	0.167
H5051	s40	10	0.526
H5051	s21	6	0.316
H5051	s34	3	0.158
H5054	s30	1	1.000
H5055	s31	7	0.636
H5055	s15	3	0.273
H5055	s30	1	0.091
H5056	s38	1	0.500
H5056	s12	1	0.500
H5057	s05	16	0.372
H5057	s12	12	0.279
H5057	s31	9	0.209
H5057	s38	3	0.070
H5058	s30	9	0.643
H5058	s22	3	0.214
H5058	s34	2	0.143
H5059	s39	8	0.533
H5059	s22	3	0.200
H5059	s16	2	0.133
H5059	s02	1	0.067
H5059	s10	1	0.067
H5060	s27	65	0.433
H5060	s31	23	0.153
H5060	s07	13	0.087
H5060	s38	8	0.053
H5061	s24	72	0.923
H5061	s05	4	0.051
H5062	s39	35	0.714
H5062	s20	9	0.184
H5062	s25	4	0.082
H5063	s18	3	0.429
H5063	s12	2	0.286
H5063	s31	1	0.143
H5063	s25	1	0.143
H5064	s22	4	0.400
H5064	s15	2	0.200
H5064	s10	2	0.200
H5064	s33	1	0.100
H5064	s37	1	0.100
H5065	s31	7	0.304
H5065	s34	7	0.304
H5065	s06	6	0.261
H5065	s39	2	0.087
H5066	s38	57	0.456
H5066	s39	22	0.176
H5066	s01	18	0.144
H5066	s28	13	0.104
H5066	s15	7	0.056
H5067	s14	3	0.500
H5067	s25	2	0.333
H5067	s22	1	0.167
H5068	s12	7	0.412
H5068	s18	4	0.235
H5068	s22	3	0.176
H5068	s35	2	0.118
H5068	s05	1	0.059
H5071	s12	7	0.269
H5071	s01	7	0.269
H5071	s17	7	0.269
H5071	s22	3	0.115
H5074	s04	15	0.556
H5074	s37	5	0.185
H5074	s30	3	0.111
H5074	s33	2	0.074
H5074	s22	2	0.074
H5076	s37	1	1.000
H5077	s29	1	0.500
H5077	s28	1	0.500
H5078	s10	1	1.000
H5079	s27	29	1.000
H5080	s15	21	0.389
H5080	s06	9	0.167
H5080	s04	9	0.167
H5080	s22	4	0.074
H5080	s05	3	0.056
H5081	s22	8	0.320
H5081	s37	6	0.240
H5081	s33	4	0.160
H5081	s18	3	0.120
H5082	s30	3	0.750
H5082	s34	1	0.250
H5083	s10	1	1.000
H5084	s01	1	1.000
H5086	s37	3	0.333
H5086	s33	2	0.222
H5086	s22	2	0.222
H5086	s04	1	0.111
H5086	s15	1	0.111
H5087	s16	11	0.355
H5087	s17	7	0.226
H5087	s06	5	0.161
H5087	s30	4	0.129
H5087	s28	3	0.097
H5088	s30	21	0.350
H5088	s17	15	0.250
H5088	s01	9	0.150
H5088	s28	5	0.083
H5088	s22	4	0.067
H5090	s14	8	0.258
H5090	s39	7	0.226
H5090	s28	6	0.194
H5090	s34	3	0.097
H5090	s38	2	0.065
H5091	s26	1	0.333
H5091	s15	1	0.333
H5091	s29	1	0.333
H5092	s04	7	1.000
H5095	s30	3	0.300
H5095	s22	3	0.300
H5095	s38	2	0.200
H5095	s31	1	0.100
H5095	s28	1	0.100
H5097	s25	1	1.000
H5098	s34	2	0.400
H5098	s33	2	0.400
H5098	s15	1	0.200
H5099	s33	2	1.000
H5100	s34	1	0.500
H5100	s30	1	0.500
H5101	s37	1	0.500
H5101	s34	1	0.500
H5102	s15	3	0.500
H5102	s30	2	0.333
H5102	s34	1	0.167
H5106	s30	5	0.625
H5106	s06	2	0.250
H5106	s22	1	0.125
H5107	s22	2	0.500
H5107	s33	1	0.250
H5107	s23	1	0.250
H5108	s37	1	0.500
H5108	s15	1	0.500
H5110	s04	14	0.560
H5110	s28	3	0.120
H5110	s30	3	0.120
H5110	s36	2	0.080
H5110	s33	2	0.080
H5112	s30	1	1.000
H5115	s22	1	0.500
H5115	s31	1	0.500
H5116	s35	19	0.559
H5116	s15	9	0.265
H5116	s33	3	0.088
H5116	s37	2	0.059
H5117	s06	25	0.176
H5117	s16	20	0.141
H5117	s12	14	0.099
H5117	s19	12	0.085
H5117	s38	11	0.077
H5118	s22	1	1.000
H5120	s22	1	1.000
H5123	s16	3	0.500
H5123	s34	1	0.167
H5123	s04	1	0.167
H5123	s39	1	0.167
H5124	s33	1	1.000
H5125	s30	1	1.000
H5127	s39	146	0.918
H5128	s04	11	0.275
H5128	s36	9	0.225
H5128	s30	9	0.225
H5128	s15	4	0.100
H5128	s28	3	0.075
H5130	s09	14	0.378
H5130	s25	7	0.189
H5130	s17	5	0.135
H5130	s04	4	0.108
H5130	s06	2	0.054
H5131	s22	1	1.000
H5132	s27	1	1.000
H5133	s40	2	0.500
H5133	s34	1	0.250
H5133	s01	1	0.250
H5136	s30	1	1.000
H5137	s25	21	0.875
H5137	s09	3	0.125
H5138	s03	3	0.500
H5138	s28	2	0.333
H5138	s27	1	0.167
H5139	s09	6	0.375
H5139	s28	4	0.250
H5139	s12	3	0.188
H5139	s04	2	0.125
H5139	s23	1	0.062
H5140	s23	5	0.312
H5140	s14	5	0.312
H5140	s37	3	0.188
H5140	s22	2	0.125
H5140	s35	1	0.062
H5141	s10	8	0.471
H5141	s38	6	0.353
H5141	s18	2	0.118
H5141	s33	1	0.059
H5143	s38	1	1.000
H5144	s09	5	0.500
H5144	s27	3	0.300
H5144	s28	1	0.100
H5144	s17	1	0.100
H5145	s09	17	0.680
H5145	s12	2	0.080
H5145	s22	2	0.080
H5148	s14	8	0.205
H5148	s34	8	0.205
H5148	s22	7	0.179
H5148	s06	4	0.103
H5148	s38	3	0.077
H5150	s04	1	0.333
H5150	s35	1	0.333
H5150	s38	1	0.333
H5153	s37	1	1.000
H5154	s34	6	0.600
H5154	s21	4	0.400
H5156	s34	1	1.000
H5157	s29	41	0.695
H5157	s33	6	0.102
H5157	s06	5	0.085
H5159	s29	177	0.797
H5159	s22	13	0.059
H5159	s06	12	0.054
H5162	s15	36	0.333
H5162	s38	12	0.111
H5162	s28	9	0.083
H5162	s13	8	0.074
H5162	s22	8	0.074
H5164	s28	1	1.000
H5165	s37	1	0.500
H5165	s13	1	0.500
H5169	s38	1	1.000
H5170	s35	1	0.500
H5170	s34	1	0.500
H5172	s38	5	0.455
H5172	s06	4	0.364
H5172	s28	1	0.091
H5172	s36	1	0.091
H5173	s37	2	1.000
H5175	s29	9	0.290
H5175	s07	6	0.194
H5175	s33	3	0.097
H5175	s34	2	0.065
H5175	s15	2	0.065
H5178	s03	89	0.636
H5178	s08	24	0.171
H5178	s18	11	0.079
H5181	s21	4	0.400
H5181	s30	3	0.300
H5181	s37	2	0.200
H5181	s33	1	0.100
H5183	s16	3	0.429
H5183	s39	1	0.143
H5183	s04	1	0.143
H5183	s37	1	0.143
H5183	s33	1	0.143
H5185	s38	1	1.000
H5186	s05	43	0.201
H5186	s15	31	0.145
H5186	s06	21	0.098
H5186	s39	18	0.084
H5186	s37	16	0.075
H5187	s04	1	1.000
H5188	s10	1	0.500
H5188	s39	1	0.500
H5189	s04	3	1.000
H5190	s39	1	0.250
H5190	s13	1	0.250
H5190	s22	1	0.250
H5190	s14	1	0.250
H5192	s33	1	1.000
H5193	s20	19	0.328
H5193	s05	15	0.259
H5193	s04	11	0.190
H5193	s16	7	0.121
H5194	s04	3	0.750
H5194	s37	1	0.250
H5195	s21	1	1.000
H5197	s29	5	0.278
H5197	s15	4	0.222
H5197	s35	3	0.167
H5197	s10	3	0.167
H5197	s34	1	0.056
H5198	s18	1	0.500
H5198	s37	1	0.500
H5201	s10	3	0.333
H5201	s28	2	0.222
H5201	s15	1	0.111
H5201	s27	1	0.111
H5201	s31	1	0.111
H5203	s39	12	0.300
H5203	s15	8	0.200
H5203	s14	6	0.150
H5203	s35	4	0.100
H5203	s23	2	0.050
H5205	s37	1	1.000
H5206	s10	1	1.000
H5207	s17	28	0.651
H5207	s01	9	0.209
H5207	s09	4	0.093
H5209	s34	2	0.667
H5209	s06	1	0.333
H5213	s35	1	1.000
H5214	s04	2	1.000
H5215	s04	2	0.667
H5215	s33	1	0.333
H5216	s18	28	0.571
H5216	s36	5	0.102
H5216	s33	5	0.102
H5216	s34	3	0.061
H5217	s34	1	1.000
H5218	s33	3	0.750
H5218	s04	1	0.250
H5219	s02	1	0.500
H5219	s38	1	0.500
H5220	s34	2	0.667
H5220	s06	1	0.333
H5221	s39	407	0.814
H5221	s36	37	0.074
H5222	s30	1	1.000
H5223	s39	1	0.333
H5223	s38	1	0.333
H5223	s05	1	0.333
H5228	s33	2	0.500
H5228	s05	1	0.250
H5228	s16	1	0.250
H5229	s30	2	0.500
H5229	s15	1	0.250
H5229	s35	1	0.250
H5230	s02	1	0.250
H5230	s06	1	0.250
H5230	s29	1	0.250
H5230	s14	1	0.250
H5231	s39	1	1.000
H5233	s16	5	1.000
H5234	s38	10	0.204
H5234	s28	8	0.163
H5234	s02	7	0.143
H5234	s37	6	0.122
H5234	s33	5	0.102
H5235	s37	1	0.500
H5235	s04	1	0.500
H5236	s21	14	0.389
H5236	s06	6	0.167
H5236	s23	5	0.139
H5236	s01	4	0.111
H5236	s31	3	0.083
H5237	s05	10	0.222
H5237	s28	10	0.222
H5237	s33	9	0.200
H5237	s38	6	0.133
H5237	s06	3	0.067
H5238	s36	2	1.000
H5239	s04	1	1.000
H5240	s39	1	1.000
H5244	s33	1	0.500
H5244	s14	1	0.500
H5246	s10	3	0.500
H5246	s37	2	0.333
H5246	s14	1	0.167
H5251	s35	8	0.381
H5251	s04	7	0.333
H5251	s39	4	0.190
H5252	s18	1	1.000
H5254	s14	12	0.333
H5254	s06	12	0.333
H5254	s16	7	0.194
H5254	s20	4	0.111
H5255	s33	3	0.750
H5255	s20	1	0.250
H5257	s31	1	0.167
H5257	s23	1	0.167
H5257	s15	1	0.167
H5257	s29	1	0.167
H5257	s28	1	0.167
H5258	s17	7	0.280
H5258	s26	5	0.200
H5258	s15	5	0.200
H5258	s35	3	0.120
H5258	s39	2	0.080
H5259	s15	1	1.000
H5262	s17	57	0.891
H5263	s04	1	1.000
H5264	s22	1	0.500
H5264	s23	1	0.500
H5265	s39	87	0.596
H5265	s18	33	0.226
H5271	s10	18	0.383
H5271	s30	17	0.362
H5273	s22	6	0.462
H5273	s33	3	0.231
H5273	s37	2	0.154
H5273	s23	1	0.077
H5273	s10	1	0.077
H5274	s10	3	0.375
H5274	s28	2	0.250
H5274	s39	2	0.250
H5274	s31	1	0.125
H5275	s28	4	0.182
H5275	s06	4	0.182
H5275	s39	3	0.136
H5275	s38	3	0.136
H5275	s22	3	0.136
H5276	s33	5	0.625
H5276	s15	2	0.250
H5276	s10	1	0.125
H5278	s33	3	0.429
H5278	s28	2	0.286
H5278	s30	1	0.143
H5278	s22	1	0.143
H5282	s01	1	1.000
H5285	s25	1	0.500
H5285	s05	1	0.500
H5286	s04	1	1.000
H5287	s35	4	0.364
H5287	s34	3	0.273
H5287	s12	3	0.273
H5287	s30	1	0.091
H5288	s38	189	0.787
H5288	s39	24	0.100
H5290	s37	4	1.000
H5291	s38	61	0.968
H5296	s35	1	0.500
H5296	s02	1	0.500
H5299	s28	1	0.250
H5299	s04	1	0.250
H5299	s39	1	0.250
H5299	s18	1	0.250
H5301	s15	8	0.667
H5301	s34	2	0.167
H5301	s07	1	0.083
H5301	s37	1	0.083
H5306	s32	4	1.000
H5307	s15	124	0.286
H5307	s39	116	0.267
H5307	s38	51	0.118
H5307	s31	25	0.058
H5307	s30	23	0.053
H5309	s16	1	0.333
H5309	s34	1	0.333
H5309	s23	1	0.333
H5310	s04	16	0.762
H5310	s39	3	0.143
H5311	s04	1	1.000
H5314	s12	2	0.667
H5314	s06	1	0.333
H5315	s30	220	0.292
H5315	s27	96	0.127
H5315	s39	59	0.078
H5315	s33	59	0.078
H5315	s07	52	0.069
H5317	s33	3	0.600
H5317	s13	1	0.200
H5317	s10	1	0.200
H5319	s28	1	1.000
H5322	s07	2	0.400
H5322	s02	1	0.200
H5322	s34	1	0.200
H5322	s10	1	0.200
H5323	s04	1	1.000
H5324	s38	39	0.520
H5324	s39	7	0.093
H5324	s14	7	0.093
H5324	s05	6	0.080
H5324	s06	6	0.080
H5325	s39	1	1.000
H5327	s04	5	0.357
H5327	s28	5	0.357
H5327	s29	2	0.143
H5327	s15	1	0.071
H5327	s30	1	0.071
H5328	s34	1	0.500
H5328	s37	1	0.500
H5329	s22	29	0.446
H5329	s30	29	0.446
H5329	s12	4	0.062
H5331	s22	17	0.395
H5331	s35	16	0.372
H5331	s37	8	0.186
H5332	s30	2	1.000
H5333	s39	7	0.636
H5333	s38	2	0.182
H5333	s17	1	0.091
H5333	s36	1	0.091
H5337	s30	107	0.502
H5337	s38	26	0.122
H5337	s39	16	0.075
H5337	s06	13	0.061
H5337	s21	11	0.052
H5340	s10	2	0.500
H5340	s16	1	0.250
H5340	s40	1	0.250
H5341	s13	23	0.365
H5341	s33	19	0.302
H5341	s30	7	0.111
H5341	s23	6	0.095
H5341	s06	4	0.063
H5342	s34	3	0.750
H5342	s31	1	0.250
H5344	s12	5	0.263
H5344	s29	3	0.158
H5344	s38	2	0.105
H5344	s28	2	0.105
H5344	s04	2	0.105
H5345	s32	1	1.000
H5347	s07	6	0.273
H5347	s01	5	0.227
H5347	s27	5	0.227
H5347	s11	4	0.182
H5348	s28	9	1.000
H5349	s39	1	0.500
H5349	s04	1	0.500
H5350	s06	2	0.667
H5350	s38	1	0.333
H5351	s10	1	1.000
H5352	s15	12	0.273
H5352	s33	8	0.182
H5352	s37	6	0.136
H5352	s06	6	0.136
H5352	s38	5	0.114
H5355	s30	10	0.233
H5355	s37	8	0.186
H5355	s36	7	0.163
H5355	s38	7	0.163
H5355	s01	5	0.116
H5356	s01	2	0.400
H5356	s15	1	0.200
H5356	s28	1	0.200
H5356	s02	1	0.200
H5357	s15	2	0.667
H5357	s31	1	0.333
H5358	s15	11	0.314
H5358	s23	9	0.257
H5358	s28	5	0.143
H5358	s39	4	0.114
H5358	s30	3	0.086
H5359	s23	14	0.824
H5359	s35	2	0.118
H5359	s30	1	0.059
H5360	s15	10	0.370
H5360	s21	7	0.259
H5360	s04	5	0.185
H5360	s39	3	0.111
H5360	s37	2	0.074
H5361	s10	3	1.000
H5362	s12	5	0.263
H5362	s30	3	0.158
H5362	s03	2	0.105
H5362	s37	2	0.105
H5362	s39	1	0.053
H5363	s04	2	1.000
H5364	s10	1	1.000
H5365	s34	2	0.333
H5365	s29	1	0.167
H5365	s13	1	0.167
H5365	s02	1	0.167
H5365	s18	1	0.167
H5366	s38	1	0.500
H5366	s04	1	0.500
H5367	s30	4	0.800
H5367	s06	1	0.200
H5372	s33	4	1.000
H5373	s23	2	0.667
H5373	s10	1	0.333
H5375	s38	93	0.142
H5375	s39	67	0.102
H5375	s37	66	0.101
H5375	s15	60	0.092
H5375	s27	50	0.076
H5377	s04	12	0.857
H5377	s38	1	0.071
H5377	s15	1	0.071
H5378	s05	8	0.471
H5378	s12	3	0.176
H5378	s20	2	0.118
H5378	s04	2	0.118
H5378	s30	2	0.118
H5380	s22	2	0.667
H5380	s06	1	0.333
H5381	s20	15	0.300
H5381	s12	8	0.160
H5381	s30	6	0.120
H5381	s25	6	0.120
H5381	s03	3	0.060
H5382	s02	4	0.571
H5382	s34	2	0.286
H5382	s37	1	0.143
H5384	s38	2	1.000
H5385	s22	1	1.000
H5386	s38	1	1.000
H5387	s29	50	0.373
H5387	s18	32	0.239
H5387	s11	25	0.187
H5387	s15	17	0.127
H5388	s30	1	1.000
H5390	s33	1	0.500
H5390	s10	1	0.500
H5391	s10	4	0.250
H5391	s39	4	0.250
H5391	s16	3	0.188
H5391	s15	2	0.125
H5391	s34	1	0.062
H5392	s27	8	0.667
H5392	s10	3	0.250
H5392	s33	1	0.083
H5393	s12	3	1.000
H5394	s20	3	0.429
H5394	s06	2	0.286
H5394	s36	1	0.143
H5394	s39	1	0.143
H5395	s30	1	1.000
H5397	s37	11	0.458
H5397	s39	4	0.167
H5397	s21	3	0.125
H5397	s36	2	0.083
H5397	s40	2	0.083
H5398	s22	1	0.500
H5398	s37	1	0.500
H5399	s13	4	0.333
H5399	s34	3	0.250
H5399	s39	2	0.167
H5399	s38	1	0.083
H5399	s30	1	0.083
H5400	s14	2	0.667
H5400	s15	1	0.333
H5401	s28	16	0.457
H5401	s38	11	0.314
H5401	s02	4	0.114
H5401	s14	3	0.086
H5402	s11	2	0.200
H5402	s15	2	0.200
H5402	s36	1	0.100
H5402	s04	1	0.100
H5402	s37	1	0.100
H5404	s40	8	0.308
H5404	s23	5	0.192
H5404	s07	4	0.154
H5404	s37	3	0.115
H5404	s04	3	0.115
H5405	s04	1	0.333
H5405	s34	1	0.333
H5405	s39	1	0.333
H5406	s36	1	0.500
H5406	s12	1	0.500
H5408	s01	4	0.444
H5408	s38	3	0.333
H5408	s09	2	0.222
H5409	s09	8	0.615
H5409	s01	4	0.308
H5409	s38	1	0.077
H5410	s34	12	0.462
H5410	s33	6	0.231
H5410	s13	3	0.115
H5410	s30	2	0.077
H5411	s12	17	1.000
H5413	s05	7	0.333
H5413	s15	7	0.333
H5413	s36	4	0.190
H5414	s06	210	0.104
H5414	s15	186	0.092
H5414	s39	164	0.082
H5414	s38	144	0.072
H5414	s28	125	0.062
H5420	s34	1	1.000
H5421	s37	1	1.000
H5422	s01	9	0.214
H5422	s36	8	0.190
H5422	s15	6	0.143
H5422	s06	5	0.119
H5422	s03	3	0.071
H5423	s34	7	0.259
H5423	s35	7	0.259
H5423	s39	7	0.259
H5423	s15	2	0.074
H5424	s24	14	1.000
H5425	s34	3	0.375
H5425	s21	1	0.125
H5425	s37	1	0.125
H5425	s07	1	0.125
H5425	s14	1	0.125
H5427	s15	1	0.500
H5427	s33	1	0.500
H5428	s29	6	0.286
H5428	s05	5	0.238
H5428	s15	4	0.190
H5428	s31	2	0.095
H5428	s06	2	0.095
H5429	s39	4	0.444
H5429	s38	3	0.333
H5429	s11	2	0.222
H5430	s34	1	1.000
H5431	s34	1	1.000
H5432	s01	1	1.000
H5433	s33	2	0.333
H5433	s06	1	0.167
H5433	s10	1	0.167
H5433	s16	1	0.167
H5433	s23	1	0.167
H5435	s10	2	0.667
H5435	s31	1	0.333
H5437	s39	38	0.236
H5437	s30	25	0.155
H5437	s40	20	0.124
H5437	s29	19	0.118
H5437	s36	12	0.075
H5438	s38	1	1.000
H5440	s37	1	0.500
H5440	s31	1	0.500
H5441	s04	1	0.500
H5441	s14	1	0.500
H5442	s01	1	0.333
H5442	s04	1	0.333
H5442	s38	1	0.333
H5445	s31	3	0.333
H5445	s16	2	0.222
H5445	s34	2	0.222
H5445	s24	1	0.111
H5445	s21	1	0.111
H5447	s05	1	0.333
H5447	s39	1	0.333
H5447	s22	1	0.333
H5448	s34	1	0.333
H5448	s29	1	0.333
H5448	s04	1	0.333
H5449	s05	2	0.400
H5449	s26	2	0.400
H5449	s12	1	0.200
H5450	s06	4	0.667
H5450	s28	2	0.333
H5451	s39	1	1.000
H5456	s37	3	0.750
H5456	s19	1	0.250
H5458	s26	5	0.500
H5458	s03	4	0.400
H5458	s14	1	0.100
H5459	s06	4	0.500
H5459	s12	1	0.125
H5459	s16	1	0.125
H5459	s39	1	0.125
H5459	s22	1	0.125
H5461	s12	9	0.529
H5461	s10	3	0.176
H5461	s04	2	0.118
H5461	s16	1	0.059
H5461	s39	1	0.059
H5462	s24	37	0.446
H5462	s38	13	0.157
H5462	s34	10	0.120
H5462	s39	6	0.072
H5462	s14	6	0.072
H5464	s33	1	1.000
H5465	s37	2	1.000
H5466	s38	2	0.500
H5466	s10	1	0.250
H5466	s16	1	0.250
H5468	s37	1	1.000
H5469	s10	1	1.000
H5470	s38	6	0.750
H5470	s02	2	0.250
H5472	s30	16	0.667
H5472	s14	4	0.167
H5472	s29	2	0.083
H5472	s33	2	0.083
H5473	s10	1	1.000
H5474	s04	1	1.000
H5475	s33	6	0.286
H5475	s37	6	0.286
H5475	s15	4	0.190
H5475	s22	4	0.190
H5478	s34	1	1.000
H5480	s20	5	0.417
H5480	s10	3	0.250
H5480	s38	1	0.083
H5480	s18	1	0.083
H5480	s14	1	0.083
H5484	s10	1	1.000
H5486	s15	4	0.571
H5486	s12	1	0.143
H5486	s35	1	0.143
H5486	s23	1	0.143
H5490	s16	3	0.600
H5490	s22	2	0.400
H5493	s36	62	0.207
H5493	s06	61	0.204
H5493	s01	26	0.087
H5493	s33	23	0.077
H5493	s37	23	0.077
H5494	s15	2	0.667
H5494	s28	1	0.333
H5496	s38	5	0.278
H5496	s36	3	0.167
H5496	s39	3	0.167
H5496	s37	3	0.167
H5496	s29	2	0.111
H5497	s23	1	1.000
H5498	s35	2	0.400
H5498	s04	1	0.200
H5498	s15	1	0.200
H5498	s28	1	0.200
H5499	s02	2	1.000
H5500	s15	1	1.000
H5501	s05	1	1.000
H5502	s15	1	0.500
H5502	s33	1	0.500
H5503	s10	6	0.286
H5503	s11	5	0.238
H5503	s02	3	0.143
H5503	s28	2	0.095
H5503	s04	2	0.095
H5504	s10	2	0.286
H5504	s33	2	0.286
H5504	s04	1	0.143
H5504	s22	1	0.143
H5504	s16	1	0.143
H5506	s10	1	1.000
H5507	s30	1	1.000
H5508	s31	1	1.000
H5509	s13	5	0.625
H5509	s15	1	0.125
H5509	s11	1	0.125
H5509	s33	1	0.125
H5518	s03	20	0.588
H5518	s15	4	0.118
H5518	s10	2	0.059
H5518	s16	2	0.059
H5518	s35	2	0.059
H5519	s22	1	1.000
H5520	s30	3	0.750
H5520	s04	1	0.250
H5521	s12	14	0.452
H5521	s39	7	0.226
H5521	s21	3	0.097
H5521	s38	2	0.065
H5521	s34	2	0.065
H5526	s26	9	0.409
H5526	s37	4	0.182
H5526	s34	3	0.136
H5526	s18	2	0.091
H5528	s38	4	0.500
H5528	s06	1	0.125
H5528	s36	1	0.125
H5528	s28	1	0.125
H5528	s05	1	0.125
H5529	s16	1	1.000
H5530	s16	7	1.000
H5531	s16	7	1.000
H5532	s37	9	0.750
H5532	s38	2	0.167
H5532	s35	1	0.083
H5533	s16	1	0.500
H5533	s37	1	0.500
H5534	s07	1	0.333
H5534	s04	1	0.333
H5534	s22	1	0.333
H5535	s06	1	1.000
H5536	s09	11	0.733
H5536	s02	4	0.267
H5537	s32	1	1.000
H5539	s37	1	1.000
H5541	s32	2	0.500
H5541	s15	1	0.250
H5541	s13	1	0.250
H5544	s04	1	0.500
H5544	s15	1	0.500
H5545	s05	23	0.500
H5545	s25	9	0.196
H5545	s01	8	0.174
H5545	s06	5	0.109
H5546	s30	1	1.000
H5547	s05	2	0.667
H5547	s06	1	0.333
H5549	s34	6	0.500
H5549	s10	2	0.167
H5549	s33	2	0.167
H5549	s37	1	0.083
H5549	s22	1	0.083
H5550	s15	7	0.636
H5550	s31	3	0.273
H5550	s05	1	0.091
H5551	s38	1	1.000
H5552	s15	1	1.000
H5553	s14	10	0.172
H5553	s39	9	0.155
H5553	s15	7	0.121
H5553	s04	7	0.121
H5553	s35	7	0.121
H5556	s07	1	1.000
H5557	s33	6	0.857
H5557	s12	1	0.143
H5558	s33	2	1.000
H5559	s37	1	1.000
H5560	s17	29	0.547
H5560	s11	17	0.321
H5560	s25	4	0.075
H5561	s18	13	0.812
H5561	s26	2	0.125
H5561	s01	1	0.062
H5563	s10	3	1.000
H5564	s01	13	0.271
H5564	s09	13	0.271
H5564	s30	12	0.250
H5564	s22	4	0.083
H5564	s25	4	0.083
H5566	s06	2	0.400
H5566	s40	2	0.400
H5566	s05	1	0.200
H5567	s31	1	1.000
H5568	s37	1	0.500
H5568	s13	1	0.500
H5569	s39	1	1.000
H5572	s06	5	0.833
H5572	s22	1	0.167
H5575	s38	3	1.000
H5577	s10	1	1.000
H5579	s07	5	1.000
H5580	s22	1	1.000
H5582	s38	4	0.333
H5582	s34	2	0.167
H5582	s21	2	0.167
H5582	s13	2	0.167
H5582	s01	1	0.083
H5584	s30	1	1.000
H5585	s04	2	0.333
H5585	s39	2	0.333
H5585	s01	1	0.167
H5585	s16	1	0.167
H5586	s38	1	1.000
H5587	s37	2	0.667
H5587	s01	1	0.333
H5588	s13	1	1.000
H5589	s26	2	1.000
H5590	s30	4	0.571
H5590	s05	2	0.286
H5590	s14	1	0.143
H5591	s34	8	0.333
H5591	s40	4	0.167
H5591	s15	4	0.167
H5591	s30	3	0.125
H5591	s29	2	0.083
H5592	s19	11	0.344
H5592	s12	7	0.219
H5592	s03	6	0.188
H5592	s36	4	0.125
H5592	s25	2	0.062
H5594	s36	13	0.433
H5594	s04	7	0.233
H5594	s28	4	0.133
H5594	s38	3	0.100
H5595	s38	6	0.353
H5595	s23	5	0.294
H5595	s15	1	0.059
H5595	s06	1	0.059
H5595	s35	1	0.059
H5596	s04	2	0.333
H5596	s01	1	0.167
H5596	s38	1	0.167
H5596	s15	1	0.167
H5596	s34	1	0.167
H5597	s24	2	1.000
H5599	s04	2	0.400
H5599	s12	2	0.400
H5599	s37	1	0.200
H5600	s30	1	1.000
H5601	s32	6	0.545
H5601	s40	4	0.364
H5601	s01	1	0.091
H5602	s35	1	0.500
H5602	s39	1	0.500
H5603	s19	2	0.333
H5603	s05	2	0.333
H5603	s26	1	0.167
H5603	s16	1	0.167
H5604	s26	1	1.000
H5605	s22	1	1.000
H5606	s37	5	0.500
H5606	s15	2	0.200
H5606	s38	1	0.100
H5606	s34	1	0.100
H5606	s04	1	0.100
H5607	s37	1	1.000
H5608	s02	31	0.193
H5608	s12	30	0.186
H5608	s30	16	0.099
H5608	s22	13	0.081
H5608	s35	11	0.068
H5610	s26	1	1.000
H5612	s36	175	0.941
H5615	s30	1	1.000
H5619	s38	12	0.545
H5619	s06	6	0.273
H5619	s39	2	0.091
H5620	s36	2	0.667
H5620	s39	1	0.333
H5621	s04	1	1.000
H5627	s15	3	0.375
H5627	s30	2	0.250
H5627	s02	1	0.125
H5627	s20	1	0.125
H5627	s34	1	0.125
H5628	s29	2	0.286
H5628	s18	2	0.286
H5628	s26	1	0.143
H5628	s10	1	0.143
H5628	s04	1	0.143
H5629	s18	1	1.000
H5630	s39	1	0.500
H5630	s04	1	0.500
H5631	s02	22	0.524
H5631	s36	12	0.286
H5631	s31	5	0.119
H5633	s39	15	0.682
H5633	s02	4	0.182
H5634	s26	1	1.000
H5635	s15	1	1.000
H5636	s05	1	1.000
H5637	s14	6	0.353
H5637	s10	3	0.176
H5637	s06	3	0.176
H5637	s22	3	0.176
H5637	s11	1	0.059
H5638	s10	1	1.000
H5640	s31	7	0.500
H5640	s39	2	0.143
H5640	s28	2	0.143
H5640	s05	2	0.143
H5640	s25	1	0.071
H5641	s30	36	0.444
H5641	s37	8	0.099
H5641	s06	6	0.074
H5641	s22	6	0.074
H5641	s13	5	0.062
H5643	s20	7	0.194
H5643	s30	6	0.167
H5643	s21	6	0.167
H5643	s34	5	0.139
H5643	s37	4	0.111
H5645	s34	19	0.613
H5645	s21	5	0.161
H5645	s16	3	0.097
H5645	s37	3	0.097
H5646	s19	3	1.000
H5647	s06	154	0.535
H5647	s28	43	0.149
H5647	s18	26	0.090
H5647	s15	22	0.076
H5647	s20	17	0.059
H5650	s05	294	0.367
H5650	s38	289	0.361
H5650	s39	55	0.069
H5650	s36	49	0.061
H5652	s16	1	1.000
H5656	s18	92	0.634
H5656	s12	36	0.248
H5656	s17	10	0.069
H5657	s28	2	1.000
H5659	s05	2	0.667
H5659	s06	1	0.333
H5666	s23	3	1.000
H5667	s16	4	1.000
H5668	s38	18	0.367
H5668	s28	16	0.327
H5668	s05	7	0.143
H5669	s12	2	1.000
H5670	s06	2	0.333
H5670	s12	2	0.333
H5670	s30	1	0.167
H5670	s04	1	0.167
H5671	s31	1	1.000
H5672	s03	4	0.800
H5672	s37	1	0.200
H5674	s06	128	0.230
H5674	s38	102	0.183
H5674	s29	89	0.160
H5674	s39	51	0.092
H5674	s15	38	0.068
H5678	s15	9	0.265
H5678	s04	9	0.265
H5678	s33	8	0.235
H5678	s14	4	0.118
H5679	s38	1	1.000
H5685	s04	1	1.000
H5686	s30	1	1.000
H5687	s15	2	0.250
H5687	s07	2	0.250
H5687	s29	1	0.125
H5687	s26	1	0.125
H5687	s17	1	0.125
H5688	s32	17	0.850
H5688	s04	1	0.050
H5688	s34	1	0.050
H5688	s22	1	0.050
H5689	s10	7	1.000
H5690	s02	2	1.000
H5691	s10	1	1.000
H5692	s38	4	0.571
H5692	s14	3	0.429
H5693	s30	1	0.500
H5693	s33	1	0.500
H5694	s10	1	0.500
H5694	s18	1	0.500
H5695	s01	14	0.400
H5695	s06	12	0.343
H5695	s04	3	0.086
H5695	s40	3	0.086
H5695	s22	3	0.086
H5696	s03	5	0.833
H5696	s26	1	0.167
H5699	s26	11	0.440
H5699	s18	5	0.200
H5699	s04	3	0.120
H5699	s38	3	0.120
H5699	s29	2	0.080
H5701	s34	1	1.000
H5702	s28	1	1.000
H5703	s22	38	0.792
H5703	s13	4	0.083
H5706	s35	3	1.000
H5707	s06	16	0.232
H5707	s33	14	0.203
H5707	s37	12	0.174
H5707	s28	9	0.130
H5707	s30	8	0.116
H5708	s22	1	1.000
H5710	s10	8	0.800
H5710	s34	1	0.100
H5710	s33	1	0.100
H5712	s18	85	0.574
H5712	s29	20	0.135
H5712	s27	12	0.081
H5712	s01	9	0.061
H5713	s06	2	0.400
H5713	s37	2	0.400
H5713	s28	1	0.200
H5715	s13	34	0.410
H5715	s18	31	0.373
H5715	s26	7	0.084
H5715	s06	6	0.072
H5716	s10	10	0.714
H5716	s18	3	0.214
H5716	s30	1	0.071
H5719	s39	1	0.500
H5719	s30	1	0.500
H5727	s06	1	1.000
H5730	s15	1	0.250
H5730	s38	1	0.250
H5730	s10	1	0.250
H5730	s37	1	0.250
H5736	s12	3	0.333
H5736	s18	3	0.333
H5736	s11	3	0.333
H5737	s35	4	0.364
H5737	s23	2	0.182
H5737	s30	2	0.182
H5737	s39	1	0.091
H5737	s36	1	0.091
H5739	s28	18	0.474
H5739	s04	9	0.237
H5739	s14	3	0.079
H5739	s34	3	0.079
H5739	s15	2	0.053
H5742	s23	1	0.250
H5742	s39	1	0.250
H5742	s11	1	0.250
H5742	s28	1	0.250
H5743	s15	1	1.000
H5746	s38	1	1.000
H5748	s37	2	0.500
H5748	s28	1	0.250
H5748	s34	1	0.250
H5749	s06	31	0.705
H5749	s38	7	0.159
H5749	s22	3	0.068
H5753	s05	10	0.588
H5753	s30	2	0.118
H5753	s31	1	0.059
H5753	s04	1	0.059
H5753	s37	1	0.059
H5754	s15	3	1.000
H5756	s04	3	0.500
H5756	s39	1	0.167
H5756	s30	1	0.167
H5756	s22	1	0.167
H5757	s06	2	0.667
H5757	s29	1	0.333
H5759	s37	2	1.000
H5760	s37	1	1.000
H5763	s26	2	0.400
H5763	s14	2	0.400
H5763	s38	1	0.200
H5764	s15	1	0.500
H5764	s04	1	0.500
H5765	s22	1	0.500
H5765	s30	1	0.500
H5766	s37	17	0.315
H5766	s33	9	0.167
H5766	s22	6	0.111
H5766	s30	6	0.111
H5766	s13	3	0.056
H5767	s37	3	0.600
H5767	s34	1	0.200
H5767	s15	1	0.200
H5768	s04	11	0.550
H5768	s20	2	0.100
H5768	s15	2	0.100
H5768	s28	1	0.050
H5768	s39	1	0.050
H5769	s22	247	0.563
H5769	s05	52	0.118
H5769	s15	24	0.055
H5770	s39	1	1.000
H5771	s15	74	0.320
H5771	s30	62	0.268
H5771	s27	34	0.147
H5771	s37	13	0.056
H5771	s06	12	0.052
H5772	s38	1	1.000
H5773	s04	1	1.000
H5774	s37	7	0.269
H5774	s40	5	0.192
H5774	s21	4	0.154
H5774	s34	2	0.077
H5774	s07	2	0.077
H5775	s07	65	0.915
H5777	s26	2	0.222
H5777	s22	1	0.111
H5777	s08	1	0.111
H5777	s15	1	0.111
H5777	s10	1	0.111
H5779	s37	1	0.500
H5779	s38	1	0.500
H5781	s15	2	1.000
H5782	s23	15	0.188
H5782	s04	15	0.188
H5782	s22	10	0.125
H5782	s31	8	0.100
H5782	s30	7	0.087
H5783	s21	1	1.000
H5785	s24	71	0.717
H5785	s18	22	0.222
H5786	s03	3	0.600
H5786	s33	1	0.200
H5786	s12	1	0.200
H5787	s30	12	0.462
H5787	s20	6	0.231
H5787	s36	3	0.115
H5787	s01	3	0.115
H5787	s34	2	0.077
H5788	s20	1	0.333
H5788	s01	1	0.333
H5788	s39	1	0.333
H5789	s04	1	1.000
H5790	s30	1	1.000
H5791	s37	6	0.545
H5791	s16	3	0.273
H5791	s13	2	0.182
H5792	s15	1	1.000
H5794	s21	6	0.261
H5794	s20	6	0.261
H5794	s31	3	0.130
H5794	s40	2	0.087
H5794	s29	2	0.087
H5795	s11	18	0.243
H5795	s01	16	0.216
H5795	s17	15	0.203
H5795	s28	13	0.176
H5795	s18	6	0.081
H5797	s22	65	0.699
H5797	s33	9	0.097
H5797	s15	8	0.086
H5797	s14	7	0.075
H5800	s06	49	0.227
H5800	s38	38	0.176
H5800	s30	31	0.144
H5800	s31	14	0.065
H5800	s04	14	0.065
H5801	s10	7	1.000
H5807	s14	2	0.667
H5807	s22	1	0.333
H5808	s34	1	0.500
H5808	s22	1	0.500
H5810	s22	4	0.400
H5810	s31	2	0.200
H5810	s33	2	0.200
H5810	s16	1	0.100
H5810	s21	1	0.100
H5822	s07	2	1.000
H5823	s23	1	1.000
H5826	s31	23	0.284
H5826	s39	21	0.259
H5826	s30	10	0.123
H5826	s22	9	0.111
H5826	s36	6	0.074
H5828	s22	12	0.571
H5828	s31	4	0.190
H5828	s07	2	0.095
H5833	s30	17	0.654
H5833	s35	2	0.077
H5833	s39	2	0.077
H5833	s37	2	0.077
H5833	s22	2	0.077
H5835	s01	6	0.667
H5835	s03	2	0.222
H5835	s05	1	0.111
H5842	s13	1	0.250
H5842	s01	1	0.250
H5842	s37	1	0.250
H5842	s22	1	0.250
H5844	s30	9	0.529
H5844	s22	3	0.176
H5844	s35	2	0.118
H5844	s39	2	0.118
H5844	s24	1	0.059
H5845	s37	1	1.000
H5846	s34	1	1.000
H5847	s07	2	0.667
H5847	s21	1	0.333
H5848	s30	5	0.312
H5848	s22	4	0.250
H5848	s28	2	0.125
H5848	s37	2	0.125
H5848	s15	1	0.062
H5849	s22	5	0.714
H5849	s04	1	0.143
H5849	s08	1	0.143
H5850	s10	15	0.652
H5850	s33	5	0.217
H5856	s15	3	0.600
H5856	s34	1	0.200
H5856	s10	1	0.200
H5860	s38	2	0.667
H5860	s01	1	0.333
H5861	s15	4	0.500
H5861	s34	3	0.375
H5861	s06	1	0.125
H5868	s22	1	1.000
H5886	s05	2	1.000
H5888	s01	2	0.400
H5888	s39	2	0.400
H5888	s10	1	0.200
H5889	s28	3	0.176
H5889	s30	3	0.176
H5889	s34	2	0.118
H5889	s22	2	0.118
H5889	s37	2	0.118
H5890	s04	1	0.500
H5890	s37	1	0.500
H5895	s36	3	0.375
H5895	s23	2	0.250
H5895	s38	1	0.125
H5895	s34	1	0.125
H5895	s37	1	0.125
H5903	s20	4	0.400
H5903	s10	4	0.400
H5903	s27	2	0.200
H5906	s34	1	1.000
H5908	s30	1	0.500
H5908	s37	1	0.500
H5909	s39	4	0.667
H5909	s07	1	0.167
H5909	s27	1	0.167
H5913	s15	1	1.000
H5914	s10	1	0.500
H5914	s33	1	0.500
H5916	s33	6	0.429
H5916	s01	3	0.214
H5916	s39	3	0.214
H5916	s11	2	0.143
H5919	s30	1	1.000
H5920	s37	2	0.333
H5920	s28	2	0.333
H5920	s04	2	0.333
H5923	s20	21	0.525
H5923	s15	15	0.375
H5926	s30	1	1.000
H5927	s39	158	0.178
H5927	s38	89	0.100
H5927	s15	59	0.066
H5927	s28	52	0.058
H5927	s01	50	0.056
H5929	s35	11	0.611
H5929	s19	2	0.111
H5929	s07	1	0.056
H5929	s20	1	0.056
H5929	s37	1	0.056
H5930	s01	165	0.575
H5930	s17	68	0.237
H5930	s11	20	0.070
H5930	s25	17	0.059
H5932	s04	1	1.000
H5934	s22	2	0.500
H5934	s37	2	0.500
H5936	s34	1	1.000
H5937	s22	8	0.500
H5937	s04	4	0.250
H5937	s15	2	0.125
H5937	s23	1	0.062
H5937	s37	1	0.062
H5938	s04	1	1.000
H5939	s27	2	0.500
H5939	s15	1	0.250
H5939	s06	1	0.250
H5940	s33	1	1.000
H5942	s39	1	0.500
H5942	s29	1	0.500
H5944	s34	8	0.400
H5944	s36	4	0.200
H5944	s28	2	0.100
H5944	s26	2	0.100
H5944	s38	2	0.100
H5945	s22	12	0.226
H5945	s14	9	0.170
H5945	s36	8	0.151
H5945	s19	6	0.113
H5945	s21	6	0.113
H5947	s04	7	1.000
H5948	s30	1	1.000
H5949	s22	9	0.375
H5949	s15	9	0.375
H5949	s14	4	0.167
H5949	s27	2	0.083
H5950	s06	1	1.000
H5951	s04	1	1.000
H5953	s30	6	0.300
H5953	s39	5	0.250
H5953	s38	5	0.250
H5953	s15	3	0.150
H5953	s37	1	0.050
H5955	s04	4	0.667
H5955	s39	2	0.333
H5956	s27	7	0.250
H5956	s01	5	0.179
H5956	s38	4	0.143
H5956	s37	3	0.107
H5956	s16	2	0.071
H5958	s38	2	1.000
H5959	s28	3	0.429
H5959	s10	2	0.286
H5959	s38	1	0.143
H5959	s22	1	0.143
H5961	s12	1	0.500
H5961	s04	1	0.500
H5965	s37	1	0.333
H5965	s34	1	0.333
H5965	s23	1	0.333
H5966	s34	1	1.000
H5968	s28	2	0.400
H5968	s15	1	0.200
H5968	s16	1	0.200
H5968	s10	1	0.200
H5969	s15	1	1.000
H5970	s22	5	0.625
H5970	s33	2	0.250
H5970	s30	1	0.125
H5975	s38	91	0.175
H5975	s31	80	0.154
H5975	s12	72	0.138
H5975	s40	58	0.111
H5975	s39	57	0.109
H5976	s07	1	1.000
H5977	s12	5	0.556
H5977	s31	4	0.444
H5979	s10	1	1.000
H5980	s40	9	0.281
H5980	s29	8	0.250
H5980	s19	4	0.125
H5980	s12	2	0.062
H5980	s16	2	0.062
H5982	s03	51	0.459
H5982	s08	40	0.360
H5982	s19	8	0.072
H5982	s06	7	0.063
H5993	s10	3	1.000
H5995	s15	2	0.500
H5995	s35	1	0.250
H5995	s39	1	0.250
H5997	s12	10	0.833
H5997	s27	2	0.167
H5998	s16	11	1.000
H5999	s16	28	0.509
H5999	s37	17	0.309
H5999	s30	8	0.145
H6001	s16	5	0.556
H6001	s35	1	0.111
H6001	s34	1	0.111
H6001	s37	1	0.111
H6001	s33	1	0.111
H6004	s37	1	0.333
H6004	s26	1	0.333
H6004	s16	1	0.333
H6006	s38	3	0.333
H6006	s22	2	0.222
H6006	s12	2	0.222
H6006	s37	1	0.111
H6006	s39	1	0.111
H6009	s04	5	0.556
H6009	s27	1	0.111
H6009	s10	1	0.111
H6009	s14	1	0.111
H6009	s22	1	0.111
H6011	s33	1	0.500
H6011	s37	1	0.500
H6012	s32	2	0.667
H6012	s35	1	0.333
H6013	s24	9	0.529
H6013	s33	5	0.294
H6013	s16	2	0.118
H6013	s37	1	0.059
H6014	s28	1	0.333
H6014	s24	1	0.333
H6014	s30	1	0.333
H6016	s12	6	0.429
H6016	s17	5	0.357
H6016	s38	2	0.143
H6016	s34	1	0.071
H6025	s23	15	0.789
H6025	s02	2	0.105
H6025	s09	2	0.105
H6026	s20	4	0.400
H6026	s30	3	0.300
H6026	s37	2	0.200
H6026	s34	1	0.100
H6027	s04	1	0.500
H6027	s34	1	0.500
H6028	s20	2	0.667
H6028	s10	1	0.333
H6029	s34	1	0.500
H6029	s13	1	0.500
H6030	s37	99	0.314
H6030	s38	98	0.311
H6030	s30	37	0.117
H6030	s39	23	0.073
H6031	s28	20	0.206
H6031	s34	15	0.155
H6031	s13	10	0.103
H6031	s22	8	0.082
H6031	s06	7	0.072
H6035	s30	13	0.619
H6035	s33	5	0.238
H6035	s22	3	0.143
H6038	s21	3	0.429
H6038	s33	3	0.429
H6038	s10	1	0.143
H6039	s30	1	1.000
H6040	s13	9	0.250
H6040	s30	6	0.167
H6040	s34	6	0.167
H6040	s06	6	0.167
H6040	s28	4	0.111
H6041	s30	56	0.747
H6041	s34	7	0.093
H6041	s37	4	0.053
H6045	s16	8	1.000
H6049	s06	7	0.636
H6049	s07	1	0.091
H6049	s34	1	0.091
H6049	s15	1	0.091
H6049	s10	1	0.091
H6051	s40	62	0.713
H6051	s06	8	0.092
H6051	s34	7	0.080
H6051	s18	5	0.057
H6053	s34	1	1.000
H6057	s26	3	0.429
H6057	s15	1	0.143
H6057	s17	1	0.143
H6057	s40	1	0.143
H6057	s04	1	0.143
H6058	s29	1	1.000
H6059	s28	2	0.667
H6059	s37	1	0.333
H6060	s39	2	0.667
H6060	s10	1	0.333
H6064	s33	4	0.444
H6064	s28	3	0.333
H6064	s36	1	0.111
H6064	s15	1	0.111
H6066	s36	1	0.500
H6066	s33	1	0.500
H6071	s04	3	0.600
H6071	s23	1	0.200
H6071	s10	1	0.200
H6072	s40	1	1.000
H6073	s34	1	1.000
H6075	s31	1	0.500
H6075	s39	1	0.500
H6076	s38	1	0.333
H6076	s04	1	0.333
H6076	s35	1	0.333
H6079	s34	3	0.300
H6079	s37	2	0.200
H6079	s33	2	0.200
H6079	s18	1	0.100
H6079	s23	1	0.100
H6080	s30	1	1.000
H6082	s10	5	1.000
H6083	s34	25	0.227
H6083	s37	24	0.218
H6083	s36	10	0.091
H6083	s35	10	0.091
H6086	s26	124	0.376
H6086	s15	32	0.097
H6086	s01	26	0.079
H6086	s05	23	0.070
H6086	s20	22	0.067
H6087	s14	5	0.294
H6087	s28	4	0.235
H6087	s38	3	0.176
H6087	s16	2	0.118
H6087	s17	1	0.059
H6089	s33	5	0.714
H6089	s27	1	0.143
H6089	s05	1	0.143
H6090	s28	1	0.250
H6090	s34	1	0.250
H6090	s06	1	0.250
H6090	s37	1	0.250
H6091	s22	6	0.353
H6091	s10	4	0.235
H6091	s06	3	0.176
H6091	s01	1	0.059
H6091	s14	1	0.059
H6092	s34	1	1.000
H6093	s28	3	1.000
H6094	s37	2	0.400
H6094	s33	2	0.400
H6094	s22	1	0.200
H6095	s33	1	1.000
H6096	s01	1	1.000
H6097	s15	1	1.000
H6098	s04	22	0.250
H6098	s33	19	0.216
H6098	s34	11	0.125
H6098	s36	7	0.080
H6098	s23	7	0.080
H6099	s06	14	0.452
H6099	s31	7	0.226
H6099	s04	3	0.097
H6099	s39	2	0.065
H6099	s30	2	0.065
H6101	s39	1	1.000
H6102	s33	14	1.000
H6103	s16	1	0.500
H6103	s33	1	0.500
H6104	s16	1	1.000
H6105	s30	10	0.500
H6105	s31	4	0.200
H6105	s28	2	0.100
H6105	s36	1	0.050
H6105	s35	1	0.050
H6106	s36	21	0.167
H6106	s30	20	0.159
H6106	s15	19	0.151
H6106	s07	18	0.143
H6106	s37	13	0.103
H6108	s34	2	0.500
H6108	s06	1	0.250
H6108	s37	1	0.250
H6109	s37	1	0.500
H6109	s30	1	0.500
H6110	s37	1	1.000
H6113	s38	8	0.174
H6113	s05	6	0.130
H6113	s31	6	0.130
H6113	s36	6	0.130
H6113	s28	6	0.130
H6114	s39	1	1.000
H6115	s34	3	1.000
H6116	s17	4	0.364
H6116	s12	3	0.273
H6116	s01	2	0.182
H6116	s04	2	0.182
H6117	s28	3	0.600
H6117	s14	1	0.200
H6117	s34	1	0.200
H6119	s22	8	0.571
H6119	s28	2	0.143
H6119	s20	1	0.071
H6119	s24	1	0.071
H6119	s37	1	0.071
H6121	s34	1	0.333
H6121	s40	1	0.333
H6121	s20	1	0.333
H6122	s39	1	1.000
H6123	s01	1	1.000
H6124	s28	7	1.000
H6125	s30	1	1.000
H6127	s37	1	1.000
H6128	s35	1	0.500
H6128	s22	1	0.500
H6129	s15	1	1.000
H6131	s39	5	0.714
H6131	s28	2	0.286
H6133	s12	1	1.000
H6135	s28	7	0.583
H6135	s34	2	0.167
H6135	s20	2	0.167
H6135	s22	1	0.083
H6140	s33	3	0.600
H6140	s30	1	0.200
H6140	s37	1	0.200
H6141	s33	7	0.636
H6141	s21	3	0.273
H6141	s23	1	0.091
H6143	s33	2	1.000
H6145	s38	1	0.500
H6145	s37	1	0.500
H6148	s33	10	0.455
H6148	s38	5	0.227
H6148	s10	2	0.091
H6149	s33	4	0.500
H6149	s10	2	0.250
H6149	s35	1	0.125
H6149	s34	1	0.125
H6150	s38	2	0.667
H6150	s04	1	0.333
H6153	s27	51	0.381
H6153	s07	18	0.134
H6153	s39	16	0.119
H6153	s38	14	0.104
H6153	s17	13	0.097
H6155	s04	3	0.600
H6155	s34	1	0.200
H6155	s17	1	0.200
H6156	s33	1	0.500
H6156	s40	1	0.500
H6157	s14	9	1.000
H6158	s07	6	0.600
H6158	s34	3	0.300
H6158	s35	1	0.100
H6161	s39	1	0.500
H6161	s33	1	0.500
H6162	s28	3	1.000
H6165	s22	2	0.667
H6165	s04	1	0.333
H6168	s04	6	0.400
H6168	s30	3	0.200
H6168	s38	2	0.133
H6168	s27	2	0.133
H6168	s21	1	0.067
H6169	s04	1	1.000
H6170	s10	3	0.750
H6170	s40	1	0.250
H6171	s34	1	1.000
H6172	s10	34	0.630
H6172	s27	18	0.333
H6174	s34	6	0.375
H6174	s10	4	0.250
H6174	s38	3	0.188
H6174	s16	1	0.062
H6174	s07	1	0.062
H6175	s33	8	0.727
H6175	s37	2	0.182
H6175	s07	1	0.091
H6176	s04	1	1.000
H6178	s34	1	1.000
H6181	s10	6	1.000
H6182	s12	4	1.000
H6183	s34	1	1.000
H6184	s04	6	0.300
H6184	s30	5	0.250
H6184	s15	4	0.200
H6184	s37	4	0.200
H6184	s33	1	0.050
H6185	s27	2	0.500
H6185	s06	1	0.250
H6185	s28	1	0.250
H6186	s39	32	0.427
H6186	s37	17	0.227
H6186	s01	6	0.080
H6186	s18	5	0.067
H6186	s12	4	0.053
H6187	s12	27	0.818
H6187	s11	2	0.061
H6187	s18	2	0.061
H6188	s04	1	0.500
H6188	s27	1	0.500
H6189	s15	24	0.686
H6189	s39	6	0.171
H6189	s27	5	0.143
H6190	s28	7	0.438
H6190	s06	3	0.188
H6190	s27	3	0.188
H6190	s39	1	0.062
H6190	s04	1	0.062
H6191	s39	2	0.400
H6191	s33	2	0.400
H6191	s37	1	0.200
H6192	s22	1	1.000
H6193	s37	1	1.000
H6194	s12	6	0.545
H6194	s27	1	0.091
H6194	s31	1	0.091
H6194	s23	1	0.091
H6194	s38	1	0.091
H6195	s33	4	0.800
H6195	s06	1	0.200
H6196	s26	1	0.500
H6196	s28	1	0.500
H6199	s37	1	0.500
H6199	s05	1	0.500
H6201	s23	1	0.500
H6201	s21	1	0.500
H6202	s01	4	0.667
H6202	s06	2	0.333
H6203	s06	26	0.788
H6203	s04	3	0.091
H6203	s21	2	0.061
H6205	s34	7	0.467
H6205	s05	3	0.200
H6205	s21	3	0.200
H6205	s06	2	0.133
H6206	s06	4	0.267
H6206	s22	3	0.200
H6206	s37	3	0.200
H6206	s31	2	0.133
H6206	s30	2	0.133
H6207	s34	2	1.000
H6209	s04	4	1.000
H6210	s29	4	0.400
H6210	s30	2	0.200
H6210	s37	1	0.100
H6210	s35	1	0.100
H6210	s22	1	0.100
H6211	s37	4	0.500
H6211	s30	2	0.250
H6211	s34	1	0.125
H6211	s24	1	0.125
H6212	s07	12	0.364
H6212	s05	5	0.152
H6212	s04	4	0.121
H6212	s23	4	0.121
H6212	s14	4	0.121
H6213	s06	257	0.098
H6213	s38	218	0.083
H6213	s36	189	0.072
H6213	s39	177	0.067
H6213	s12	158	0.060
H6216	s15	1	1.000
H6217	s15	1	0.500
H6217	s37	1	0.500
H6218	s12	5	0.312
H6218	s03	4	0.250
H6218	s22	2	0.125
H6218	s19	1	0.062
H6218	s38	1	0.062
H6219	s10	1	1.000
H6223	s33	16	0.696
H6223	s16	3	0.130
H6225	s06	1	0.167
H6225	s40	1	0.167
H6225	s22	1	0.167
H6225	s14	1	0.167
H6225	s34	1	0.167
H6226	s40	1	0.500
H6226	s39	1	0.500
H6227	s21	7	0.280
H6227	s39	7	0.280
H6227	s35	5	0.200
H6227	s40	3	0.120
H6229	s28	1	1.000
H6231	s20	10	0.270
H6231	s13	6	0.162
H6231	s22	4	0.108
H6231	s15	4	0.108
H6231	s33	4	0.108
H6233	s16	4	0.267
H6233	s27	4	0.267
H6233	s30	4	0.267
H6233	s15	2	0.133
H6233	s13	1	0.067
H6234	s30	1	1.000
H6237	s12	5	0.500
H6237	s05	4	0.400
H6237	s34	1	0.100
H6238	s33	6	0.353
H6238	s31	3	0.176
H6238	s39	2	0.118
H6238	s37	2	0.118
H6238	s10	1	0.059
H6239	s33	14	0.378
H6239	s31	10	0.270
H6239	s16	9	0.243
H6239	s36	2	0.054
H6241	s17	31	0.939
H6241	s25	2	0.061
H6244	s30	3	1.000
H6245	s06	1	0.500
H6245	s30	1	0.500
H6247	s10	1	1.000
H6248	s34	1	1.000
H6250	s22	1	1.000
H6256	s31	51	0.172
H6256	s28	42	0.142
H6256	s39	34	0.115
H6256	s30	23	0.078
H6256	s15	23	0.078
H6257	s37	1	0.500
H6257	s33	1	0.500
H6259	s04	1	1.000
H6260	s11	25	0.862
H6260	s23	2	0.069
H6260	s35	2	0.069
H6261	s25	1	1.000
H6264	s23	2	0.400
H6264	s31	1	0.200
H6264	s34	1	0.200
H6264	s37	1	0.200
H6266	s10	1	1.000
H6267	s28	1	0.500
H6267	s31	1	0.500
H6272	s15	1	1.000
H6275	s37	7	0.778
H6275	s28	2	0.222
H6276	s33	1	1.000
H6277	s22	2	0.500
H6277	s30	1	0.250
H6277	s37	1	0.250
H6279	s14	5	0.250
H6279	s05	4	0.200
H6279	s28	4	0.200
H6279	s01	2	0.100
H6279	s29	2	0.100
H6280	s15	1	0.500
H6280	s33	1	0.500
H6282	s40	1	0.500
H6282	s15	1	0.500
H6283	s15	1	1.000
H6284	s23	1	1.000
H6285	s29	57	0.663
H6285	s08	22	0.256
H6286	s34	7	0.500
H6286	s22	5	0.357
H6286	s27	1	0.071
H6286	s29	1	0.071
H6287	s15	2	0.286
H6287	s22	2	0.286
H6287	s32	1	0.143
H6287	s12	1	0.143
H6287	s10	1	0.143
H6288	s26	6	0.857
H6288	s38	1	0.143
H6289	s04	2	1.000
H6291	s10	1	1.000
H6292	s27	2	0.500
H6292	s01	1	0.250
H6292	s07	1	0.250
H6293	s29	18	0.391
H6293	s39	14	0.304
H6293	s38	7	0.152
H6293	s30	4	0.087
H6294	s05	1	0.500
H6294	s16	1	0.500
H6296	s38	2	1.000
H6297	s15	12	0.545
H6297	s39	5	0.227
H6297	s35	3	0.136
H6297	s19	2	0.091
H6298	s38	6	0.429
H6298	s33	3	0.214
H6298	s39	2	0.143
H6298	s35	2	0.143
H6298	s37	1	0.071
H6299	s30	20	0.339
H6299	s06	13	0.220
H6299	s14	8	0.136
H6299	s01	6	0.102
H6299	s12	5	0.085
H6302	s11	4	1.000
H6304	s30	2	0.500
H6304	s06	1	0.250
H6304	s22	1	0.250
H6306	s38	1	0.333
H6306	s11	1	0.333
H6306	s22	1	0.333
H6308	s37	1	1.000
H6309	s01	2	0.667
H6309	s09	1	0.333
H6310	s30	88	0.176
H6310	s39	68	0.136
H6310	s33	64	0.128
H6310	s37	48	0.096
H6310	s29	32	0.064
H6313	s38	1	0.250
H6313	s37	1	0.250
H6313	s30	1	0.250
H6313	s22	1	0.250
H6314	s15	1	1.000
H6315	s33	10	0.714
H6315	s10	3	0.214
H6315	s15	1	0.071
H6320	s12	1	0.250
H6320	s36	1	0.250
H6320	s29	1	0.250
H6320	s10	1	0.250
H6321	s38	2	1.000
H6323	s30	1	1.000
H6327	s15	37	0.544
H6327	s21	9	0.132
H6327	s20	6	0.088
H6327	s03	5	0.074
H6327	s39	4	0.059
H6328	s13	1	0.500
H6328	s16	1	0.500
H6329	s33	5	0.714
H6329	s34	1	0.143
H6329	s21	1	0.143
H6330	s38	1	1.000
H6331	s15	1	0.500
H6331	s22	1	0.500
H6333	s27	1	0.500
H6333	s30	1	0.500
H6335	s40	2	0.500
H6335	s37	1	0.250
H6335	s39	1	0.250
H6337	s13	3	0.333
H6337	s10	2	0.222
H6337	s35	1	0.111
H6337	s32	1	0.111
H6337	s33	1	0.111
H6338	s11	1	1.000
H6339	s26	1	0.500
H6339	s28	1	0.500
H6340	s22	4	0.400
H6340	s31	2	0.200
H6340	s33	2	0.200
H6340	s15	1	0.100
H6340	s02	1	0.100
H6341	s30	10	0.370
H6341	s15	4	0.148
H6341	s33	4	0.148
H6341	s37	2	0.074
H6341	s13	2	0.074
H6342	s20	8	0.320
H6342	s14	5	0.200
H6342	s37	4	0.160
H6342	s35	3	0.120
H6342	s13	3	0.120
H6343	s37	16	0.327
H6343	s31	5	0.102
H6343	s20	5	0.102
H6343	s34	5	0.102
H6343	s33	4	0.082
H6344	s34	1	1.000
H6345	s15	1	1.000
H6346	s12	12	0.429
H6346	s10	5	0.179
H6346	s15	3	0.107
H6346	s31	2	0.071
H6346	s38	2	0.071
H6348	s28	1	0.500
H6348	s15	1	0.500
H6349	s31	1	1.000
H6350	s15	1	1.000
H6351	s30	1	1.000
H6352	s37	1	0.333
H6352	s29	1	0.333
H6352	s33	1	0.333
H6354	s04	9	0.900
H6354	s39	1	0.100
H6356	s24	1	1.000
H6357	s32	4	1.000
H6358	s26	4	1.000
H6360	s31	2	0.667
H6360	s02	1	0.333
H6362	s12	2	0.400
H6362	s39	1	0.200
H6362	s33	1	0.200
H6362	s30	1	0.200
H6363	s06	8	0.667
H6363	s12	2	0.167
H6363	s25	1	0.083
H6363	s01	1	0.083
H6365	s34	3	0.750
H6365	s33	1	0.250
H6368	s20	2	1.000
H6370	s28	25	0.676
H6370	s38	11	0.297
H6371	s37	1	1.000
H6374	s15	1	0.500
H6374	s22	1	0.500
H6375	s04	1	1.000
H6378	s39	2	0.667
H6378	s38	1	0.333
H6379	s19	1	1.000
H6381	s22	23	0.315
H6381	s34	9	0.123
H6381	s14	9	0.123
H6381	s06	8	0.110
H6381	s13	6	0.082
H6382	s22	8	0.615
H6382	s13	4	0.308
H6382	s14	1	0.077
H6383	s38	1	0.500
H6383	s37	1	0.500
H6385	s28	2	0.500
H6385	s34	1	0.250
H6385	s30	1	0.250
H6388	s34	3	0.300
H6388	s13	3	0.300
H6388	s33	3	0.300
H6388	s04	1	0.100
H6390	s35	2	0.667
H6390	s37	1	0.333
H6391	s12	1	1.000
H6393	s04	1	1.000
H6395	s28	2	0.400
H6395	s14	1	0.200
H6395	s38	1	0.200
H6395	s30	1	0.200
H6398	s37	2	0.400
H6398	s03	1	0.200
H6398	s34	1	0.200
H6398	s33	1	0.200
H6400	s39	3	0.500
H6400	s32	1	0.167
H6400	s34	1	0.167
H6400	s28	1	0.167
H6403	s30	19	0.704
H6403	s21	8	0.296
H6412	s15	12	0.500
H6412	s39	11	0.458
H6413	s04	15	0.536
H6413	s31	5	0.179
H6413	s38	4	0.143
H6413	s06	3	0.107
H6414	s23	2	0.667
H6414	s34	1	0.333
H6415	s04	1	1.000
H6416	s34	1	1.000
H6417	s13	1	1.000
H6418	s26	3	0.300
H6418	s05	2	0.200
H6418	s31	2	0.200
H6418	s39	1	0.100
H6418	s12	1	0.100
H6419	s05	69	0.821
H6419	s38	5	0.060
H6422	s31	1	1.000
H6423	s38	2	0.667
H6423	s28	1	0.333
H6424	s33	4	0.667
H6424	s22	1	0.167
H6424	s14	1	0.167
H6425	s33	2	1.000
H6426	s37	1	1.000
H6427	s37	2	0.500
H6427	s15	1	0.250
H6427	s30	1	0.250
H6428	s10	2	0.500
H6428	s04	2	0.500
H6436	s10	1	1.000
H6437	s06	30	0.224
H6437	s39	21	0.157
H6437	s40	14	0.104
H6437	s38	12	0.090
H6437	s04	9	0.067
H6440	s39	211	0.099
H6440	s38	209	0.098
H6440	s06	202	0.095
H6440	s15	130	0.061
H6440	s05	116	0.055
H6442	s19	25	0.781
H6442	s26	2	0.062
H6442	s03	2	0.062
H6442	s40	2	0.062
H6443	s33	3	0.500
H6443	s32	2	0.333
H6443	s34	1	0.167
H6445	s33	1	1.000
H6446	s02	3	0.600
H6446	s28	2	0.400
H6448	s22	1	1.000
H6451	s30	1	1.000
H6452	s12	3	0.429
H6452	s01	2	0.286
H6452	s39	1	0.143
H6452	s04	1	0.143
H6453	s12	42	0.857
H6453	s36	4	0.082
H6453	s17	3	0.061
H6455	s01	4	0.286
H6455	s36	3	0.214
H6455	s35	3	0.214
H6455	s38	2	0.143
H6455	s34	1	0.071
H6456	s06	6	0.261
H6456	s36	5	0.217
H6456	s04	5	0.217
H6456	s34	4	0.174
H6458	s06	5	0.833
H6458	s12	1	0.167
H6459	s06	18	0.581
H6459	s37	7	0.226
H6459	s12	3	0.097
H6459	s16	2	0.065
H6461	s30	1	1.000
H6463	s30	1	1.000
H6466	s37	38	0.667
H6466	s22	8	0.140
H6466	s23	4	0.070
H6466	s33	4	0.070
H6467	s22	11	0.297
H6467	s23	6	0.162
H6467	s37	6	0.162
H6467	s30	5	0.135
H6467	s33	5	0.135
H6468	s30	9	0.643
H6468	s15	3	0.214
H6468	s33	2	0.143
H6470	s02	3	0.600
H6470	s17	1	0.200
H6470	s22	1	0.200
H6471	s39	31	0.263
H6471	s25	22	0.186
H6471	s28	9	0.076
H6471	s26	8	0.068
H6471	s06	8	0.068
H6472	s32	7	1.000
H6473	s13	2	0.500
H6473	s37	1	0.250
H6473	s34	1	0.250
H6475	s30	6	0.400
H6475	s21	3	0.200
H6475	s22	2	0.133
H6475	s06	1	0.067
H6475	s28	1	0.067
H6476	s22	6	0.750
H6476	s34	1	0.125
H6476	s24	1	0.125
H6477	s39	1	1.000
H6478	s28	2	1.000
H6479	s28	1	1.000
H6480	s22	1	1.000
H6481	s39	1	0.333
H6481	s05	1	0.333
H6481	s10	1	0.333
H6482	s28	3	0.375
H6482	s33	3	0.375
H6482	s20	1	0.125
H6482	s37	1	0.125
H6484	s38	6	0.857
H6484	s35	1	0.143
H6485	s18	68	0.224
H6485	s29	60	0.198
H6485	s15	44	0.145
H6485	s39	39	0.129
H6485	s12	19	0.063
H6486	s18	13	0.406
H6486	s04	6	0.188
H6486	s30	4	0.125
H6486	s03	2	0.062
H6486	s12	2	0.062
H6487	s25	2	0.667
H6487	s02	1	0.333
H6488	s39	1	1.000
H6490	s13	24	1.000
H6491	s05	9	0.450
H6491	s07	3	0.150
H6491	s37	3	0.150
H6491	s04	2	0.100
H6491	s38	1	0.050
H6493	s20	1	0.500
H6493	s12	1	0.500
H6495	s22	2	1.000
H6496	s12	8	0.615
H6496	s03	3	0.231
H6496	s02	2	0.154
H6497	s03	2	0.667
H6497	s26	1	0.333
H6498	s03	1	1.000
H6499	s17	48	0.361
H6499	s01	40	0.301
H6499	s11	18	0.135
H6499	s09	12	0.090
H6499	s25	12	0.090
H6500	s28	1	1.000
H6501	s04	4	0.400
H6501	s34	3	0.300
H6501	s37	2	0.200
H6501	s28	1	0.100
H6504	s28	10	0.385
H6504	s33	5	0.192
H6504	s40	4	0.154
H6504	s23	4	0.154
H6504	s12	2	0.077
H6505	s39	5	0.357
H6505	s38	4	0.286
H6505	s11	2	0.143
H6505	s10	1	0.071
H6505	s12	1	0.071
H6506	s38	3	1.000
H6507	s04	1	1.000
H6508	s16	2	0.667
H6508	s10	1	0.333
H6509	s07	11	0.379
H6509	s28	7	0.241
H6509	s02	5	0.172
H6509	s06	2	0.069
H6510	s02	20	0.769
H6510	s27	5	0.192
H6517	s01	1	0.333
H6517	s38	1	0.333
H6517	s28	1	0.333
H6518	s04	1	1.000
H6519	s31	1	0.333
H6519	s15	1	0.333
H6519	s19	1	0.333
H6520	s35	2	1.000
H6521	s39	1	0.333
H6521	s29	1	0.333
H6521	s31	1	0.333
H6524	s24	22	0.611
H6524	s22	4	0.111
H6524	s04	2	0.056
H6524	s30	2	0.056
H6524	s29	2	0.056
H6525	s18	10	0.588
H6525	s03	4	0.235
H6525	s34	2	0.118
H6525	s21	1	0.059
H6526	s34	1	1.000
H6527	s29	1	1.000
H6528	s27	1	1.000
H6529	s20	53	0.445
H6529	s04	23	0.193
H6529	s33	13	0.109
H6529	s06	6	0.050
H6529	s22	6	0.050
H6530	s31	2	0.333
H6530	s27	2	0.333
H6530	s30	2	0.333
H6531	s12	3	0.500
H6531	s28	2	0.333
H6531	s15	1	0.167
H6532	s18	10	0.400
H6532	s08	8	0.320
H6532	s01	3	0.120
H6532	s25	3	0.120
H6533	s09	1	0.333
H6533	s24	1	0.333
H6533	s27	1	0.333
H6536	s07	13	0.929
H6536	s30	1	0.071
H6538	s07	2	1.000
H6541	s07	21	1.000
H6544	s33	6	0.375
H6544	s06	3	0.188
H6544	s27	3	0.188
H6544	s36	1	0.062
H6544	s35	1	0.062
H6545	s12	1	0.500
H6545	s09	1	0.500
H6546	s23	1	0.500
H6546	s35	1	0.500
H6550	s30	1	0.500
H6550	s38	1	0.500
H6555	s28	15	0.306
H6555	s05	7	0.143
H6555	s12	6	0.122
H6555	s39	6	0.122
H6555	s38	3	0.061
H6556	s28	5	0.263
H6556	s15	5	0.263
H6556	s22	2	0.105
H6556	s34	2	0.105
H6556	s37	2	0.105
H6561	s38	3	0.300
H6561	s01	2	0.200
H6561	s22	2	0.200
H6561	s06	1	0.100
H6561	s29	1	0.100
H6563	s04	2	1.000
H6565	s06	19	0.373
H6565	s05	9	0.176
H6565	s15	6	0.118
H6565	s37	6	0.118
H6565	s04	3	0.059
H6566	s05	15	0.221
H6566	s18	10	0.147
H6566	s35	8	0.118
H6566	s26	7	0.103
H6566	s04	6	0.088
H6567	s29	1	0.250
H6567	s36	1	0.250
H6567	s12	1	0.250
H6567	s33	1	0.250
H6569	s09	2	0.286
H6569	s25	2	0.286
H6569	s06	2	0.286
H6569	s01	1	0.143
H6571	s39	33	0.579
H6571	s36	6	0.105
H6571	s31	6	0.105
H6571	s10	4	0.070
H6571	s04	4	0.070
H6572	s31	3	0.750
H6572	s12	1	0.250
H6574	s39	1	1.000
H6575	s38	1	0.500
H6575	s36	1	0.500
H6576	s34	1	1.000
H6579	s31	2	0.667
H6579	s02	1	0.333
H6580	s37	1	1.000
H6581	s24	22	1.000
H6582	s23	1	1.000
H6584	s39	24	0.558
H6584	s01	5	0.116
H6584	s10	5	0.116
H6585	s23	1	1.000
H6586	s15	13	0.317
H6586	s36	8	0.195
H6586	s30	7	0.171
H6586	s31	4	0.098
H6586	s05	3	0.073
H6587	s30	1	1.000
H6588	s30	19	0.204
H6588	s37	19	0.204
H6588	s33	16	0.172
H6588	s15	13	0.140
H6588	s06	10	0.108
H6589	s10	1	0.500
H6589	s33	1	0.500
H6592	s16	1	1.000
H6593	s24	5	0.312
H6593	s19	5	0.312
H6593	s10	3	0.188
H6593	s04	1	0.062
H6593	s35	1	0.062
H6594	s05	3	0.750
H6594	s34	1	0.250
H6595	s38	8	0.533
H6595	s33	3	0.200
H6595	s34	2	0.133
H6595	s17	2	0.133
H6596	s03	1	0.500
H6596	s15	1	0.500
H6598	s02	6	0.750
H6598	s31	2	0.250
H6599	s16	1	0.500
H6599	s31	1	0.500
H6601	s14	7	0.250
H6601	s39	5	0.179
H6601	s33	5	0.179
H6601	s30	3	0.107
H6601	s15	2	0.071
H6603	s32	8	0.727
H6603	s26	1	0.091
H6603	s05	1	0.091
H6603	s14	1	0.091
H6605	s34	37	0.257
H6605	s05	17	0.118
H6605	s40	13	0.090
H6605	s14	12	0.083
H6605	s30	12	0.083
H6607	s19	46	0.280
H6607	s18	33	0.201
H6607	s38	17	0.104
H6607	s09	14	0.085
H6607	s39	13	0.079
H6608	s13	1	1.000
H6609	s30	1	1.000
H6610	s15	1	0.500
H6610	s02	1	0.500
H6612	s33	16	0.842
H6612	s13	2	0.105
H6612	s17	1	0.053
H6614	s10	1	1.000
H6615	s33	1	1.000
H6616	s32	6	0.545
H6616	s28	3	0.273
H6616	s19	1	0.091
H6616	s27	1	0.091
H6617	s21	3	0.600
H6617	s28	1	0.200
H6617	s33	1	0.200
H6618	s23	1	1.000
H6620	s23	5	0.833
H6620	s37	1	0.167
H6621	s33	3	0.429
H6621	s27	2	0.286
H6621	s02	1	0.143
H6621	s09	1	0.143
H6622	s02	9	1.000
H6623	s02	5	1.000
H6626	s17	1	1.000
H6627	s39	1	0.500
H6627	s38	1	0.500
H6628	s34	2	1.000
H6631	s37	5	0.455
H6631	s35	3	0.273
H6631	s05	3	0.273
H6632	s15	1	0.333
H6632	s27	1	0.333
H6632	s18	1	0.333
H6633	s18	4	0.286
H6633	s03	4	0.286
H6633	s02	3	0.214
H6633	s39	3	0.214
H6635	s15	117	0.241
H6635	s04	101	0.208
H6635	s39	68	0.140
H6635	s29	40	0.082
H6635	s18	37	0.076
H6638	s27	2	1.000
H6639	s27	1	1.000
H6641	s04	1	1.000
H6642	s38	1	1.000
H6643	s31	9	0.300
H6643	s04	8	0.267
H6643	s39	4	0.133
H6643	s15	3	0.100
H6643	s01	2	0.067
H6646	s10	4	1.000
H6648	s35	3	1.000
H6651	s02	5	0.714
H6651	s37	1	0.143
H6651	s30	1	0.143
H6652	s38	1	1.000
H6653	s38	1	1.000
H6654	s38	10	0.303
H6654	s18	7	0.212
H6654	s26	6	0.182
H6654	s06	5	0.152
H6654	s15	2	0.061
H6658	s30	1	0.333
H6658	s39	1	0.333
H6658	s15	1	0.333
H6660	s39	2	1.000
H6662	s33	133	0.646
H6662	s30	31	0.150
H6662	s22	11	0.053
H6663	s37	35	0.854
H6664	s13	33	0.277
H6664	s30	31	0.261
H6664	s22	27	0.227
H6664	s37	11	0.092
H6664	s33	7	0.059
H6666	s30	42	0.268
H6666	s33	34	0.217
H6666	s22	29	0.185
H6666	s05	19	0.121
H6666	s35	11	0.070
H6668	s12	1	1.000
H6669	s24	3	1.000
H6670	s04	3	0.333
H6670	s22	2	0.222
H6670	s31	1	0.111
H6670	s28	1	0.111
H6670	s15	1	0.111
H6671	s34	1	1.000
H6672	s38	8	0.333
H6672	s30	6	0.250
H6672	s15	3	0.125
H6672	s20	2	0.083
H6672	s37	2	0.083
H6673	s31	8	0.889
H6673	s34	1	0.111
H6674	s38	2	1.000
H6675	s38	3	0.600
H6675	s04	2	0.400
H6677	s15	13	0.310
H6677	s02	6	0.143
H6677	s39	6	0.143
H6677	s20	4	0.095
H6677	s28	3	0.071
H6679	s34	5	0.294
H6679	s15	3	0.176
H6679	s30	3	0.176
H6679	s28	3	0.176
H6679	s20	2	0.118
H6680	s06	195	0.395
H6680	s12	40	0.081
H6680	s29	39	0.079
H6680	s18	32	0.065
H6680	s38	32	0.065
H6681	s22	1	1.000
H6682	s04	2	0.500
H6682	s39	1	0.250
H6682	s21	1	0.250
H6683	s05	1	1.000
H6684	s38	10	0.476
H6684	s05	4	0.190
H6684	s39	3	0.143
H6684	s34	3	0.143
H6685	s30	11	0.423
H6685	s36	5	0.192
H6685	s34	4	0.154
H6685	s04	2	0.077
H6687	s38	1	0.333
H6687	s06	1	0.333
H6687	s20	1	0.333
H6688	s33	1	0.500
H6688	s13	1	0.500
H6692	s22	5	0.556
H6692	s15	1	0.111
H6692	s23	1	0.111
H6692	s18	1	0.111
H6692	s10	1	0.111
H6693	s20	8	0.667
H6693	s02	3	0.250
H6693	s37	1	0.083
H6694	s34	2	1.000
H6695	s05	1	0.250
H6695	s34	1	0.250
H6695	s36	1	0.250
H6695	s33	1	0.250
H6696	s39	10	0.263
H6696	s36	10	0.263
H6696	s38	3	0.079
H6696	s06	3	0.079
H6696	s30	2	0.053
H6699	s01	4	1.000
H6702	s23	1	1.000
H6703	s34	1	0.250
H6703	s30	1	0.250
H6703	s15	1	0.250
H6703	s10	1	0.250
H6704	s04	1	1.000
H6705	s19	1	1.000
H6706	s15	5	1.000
H6707	s22	1	1.000
H6709	s04	1	1.000
H6710	s34	1	1.000
H6711	s38	8	0.615
H6711	s28	5	0.385
H6712	s15	1	0.500
H6712	s28	1	0.500
H6715	s35	1	1.000
H6716	s31	2	0.500
H6716	s35	2	0.500
H6718	s28	12	0.571
H6718	s06	5	0.238
H6719	s15	1	1.000
H6720	s14	4	0.444
H6720	s38	3	0.333
H6720	s02	1	0.111
H6720	s06	1	0.111
H6723	s34	5	0.312
H6723	s14	4	0.250
H6723	s15	3	0.188
H6723	s22	2	0.125
H6723	s10	1	0.062
H6724	s34	1	0.500
H6724	s30	1	0.500
H6725	s36	2	0.667
H6725	s01	1	0.333
H6728	s35	5	0.833
H6728	s04	1	0.167
H6729	s36	1	1.000
H6731	s26	7	0.467
H6731	s09	4	0.267
H6731	s04	1	0.067
H6731	s37	1	0.067
H6731	s13	1	0.067
H6733	s10	1	1.000
H6734	s10	3	0.750
H6734	s40	1	0.250
H6735	s04	5	0.417
H6735	s33	3	0.250
H6735	s28	1	0.083
H6735	s40	1	0.083
H6735	s35	1	0.083
H6736	s30	1	1.000
H6738	s16	14	0.264
H6738	s30	11	0.208
H6738	s04	8	0.151
H6738	s05	5	0.094
H6738	s35	5	0.094
H6740	s37	2	0.667
H6740	s01	1	0.333
H6742	s02	1	1.000
H6743	s31	24	0.369
H6743	s38	19	0.292
H6743	s20	7	0.108
H6743	s05	4	0.062
H6745	s33	2	0.500
H6745	s12	1	0.250
H6745	s36	1	0.250
H6746	s38	1	1.000
H6748	s12	2	0.667
H6748	s37	1	0.333
H6749	s22	1	1.000
H6750	s01	2	0.500
H6750	s36	1	0.250
H6750	s30	1	0.250
H6751	s26	1	0.500
H6751	s12	1	0.500
H6754	s10	4	0.235
H6754	s40	4	0.235
H6754	s39	3	0.176
H6754	s01	3	0.176
H6754	s29	1	0.059
H6757	s34	13	0.722
H6757	s37	5	0.278
H6760	s15	2	0.500
H6760	s38	1	0.250
H6760	s22	1	0.250
H6761	s30	3	0.750
H6761	s34	1	0.250
H6763	s26	20	0.500
H6763	s19	11	0.275
H6763	s08	9	0.225
H6767	s22	2	0.333
H6767	s26	1	0.167
H6767	s20	1	0.167
H6767	s39	1	0.167
H6767	s34	1	0.167
H6770	s39	3	0.300
H6770	s34	3	0.300
H6770	s22	3	0.300
H6770	s38	1	0.100
H6771	s34	5	0.556
H6771	s02	2	0.222
H6771	s06	1	0.111
H6771	s33	1	0.111
H6772	s04	5	0.294
H6772	s20	4	0.235
H6772	s06	3	0.176
H6772	s34	2	0.118
H6772	s30	2	0.118
H6773	s15	1	1.000
H6774	s06	1	0.333
H6774	s22	1	0.333
H6774	s34	1	0.333
H6775	s01	3	0.600
H6775	s30	1	0.200
H6775	s22	1	0.200
H6776	s38	14	0.933
H6776	s39	1	0.067
H6777	s02	2	0.500
H6777	s10	1	0.250
H6777	s28	1	0.250
H6778	s38	4	1.000
H6779	s34	11	0.333
H6779	s02	7	0.212
H6779	s10	6	0.182
H6779	s07	3	0.091
H6779	s16	2	0.061
H6780	s10	8	0.667
H6780	s38	2	0.167
H6780	s22	2	0.167
H6781	s38	3	0.429
H6781	s10	2	0.286
H6781	s27	1	0.143
H6781	s18	1	0.143
H6782	s37	1	0.500
H6782	s34	1	0.500
H6783	s12	2	1.000
H6784	s28	1	1.000
H6785	s24	7	0.438
H6785	s10	4	0.250
H6785	s39	2	0.125
H6785	s15	1	0.062
H6785	s12	1	0.062
H6788	s26	5	1.000
H6789	s21	5	0.333
H6789	s37	5	0.333
H6789	s30	4	0.267
H6789	s13	1	0.067
H6791	s15	1	0.333
H6791	s37	1	0.333
H6791	s33	1	0.333
H6792	s29	1	0.500
H6792	s22	1	0.500
H6793	s39	8	0.381
H6793	s26	4	0.190
H6793	s15	4	0.190
H6793	s30	3	0.143
H6794	s36	1	0.500
H6794	s22	1	0.500
H6795	s39	2	0.667
H6795	s29	1	0.333
H6796	s06	1	0.500
H6796	s29	1	0.500
H6797	s10	2	0.400
H6797	s38	2	0.400
H6797	s34	1	0.200
H6798	s02	1	1.000
H6800	s37	1	0.500
H6800	s33	1	0.500
H6801	s35	2	0.667
H6801	s25	1	0.333
H6802	s35	1	1.000
H6803	s12	1	1.000
H6804	s26	1	1.000
H6805	s22	3	0.375
H6805	s35	2	0.250
H6805	s21	1	0.125
H6805	s26	1	0.125
H6805	s34	1	0.125
H6806	s21	6	0.429
H6806	s37	5	0.357
H6806	s33	3	0.214
H6807	s39	2	0.667
H6807	s10	1	0.333
H6808	s04	5	1.000
H6809	s28	2	0.667
H6809	s38	1	0.333
H6810	s28	8	0.348
H6810	s38	7	0.304
H6810	s34	2	0.087
H6810	s13	2	0.087
H6812	s38	1	1.000
H6813	s35	1	1.000
H6816	s26	1	1.000
H6817	s39	17	0.309
H6817	s28	10	0.182
H6817	s06	8	0.145
H6817	s02	6	0.109
H6817	s34	6	0.109
H6818	s38	7	0.333
H6818	s04	5	0.238
H6818	s37	3	0.143
H6818	s28	2	0.095
H6818	s20	2	0.095
H6819	s18	1	0.333
H6819	s37	1	0.333
H6819	s15	1	0.333
H6821	s24	1	1.000
H6822	s30	9	0.243
H6822	s39	8	0.216
H6822	s38	6	0.162
H6822	s04	4	0.108
H6822	s37	4	0.108
H6823	s26	38	0.809
H6823	s08	9	0.191
H6824	s34	1	1.000
H6826	s08	2	0.400
H6826	s01	2	0.400
H6826	s34	1	0.200
H6830	s04	1	1.000
H6832	s11	1	1.000
H6833	s25	21	0.525
H6833	s07	5	0.125
H6833	s04	3	0.075
H6833	s16	3	0.075
H6833	s33	3	0.075
H6835	s38	5	0.714
H6835	s39	2	0.286
H6838	s12	1	1.000
H6842	s31	5	0.833
H6842	s01	1	0.167
H6843	s15	2	0.667
H6843	s31	1	0.333
H6844	s04	1	1.000
H6845	s37	10	0.312
H6845	s33	9	0.281
H6845	s30	7	0.219
H6845	s28	3	0.094
H6848	s40	1	0.200
H6848	s04	1	0.200
H6848	s30	1	0.200
H6848	s16	1	0.200
H6848	s33	1	0.200
H6849	s35	1	1.000
H6850	s34	2	0.500
H6850	s02	1	0.250
H6850	s30	1	0.250
H6851	s26	1	1.000
H6852	s39	1	1.000
H6854	s14	13	1.000
H6856	s28	1	0.500
H6856	s01	1	0.500
H6858	s26	1	1.000
H6861	s07	1	1.000
H6862	s22	24	0.235
H6862	s14	21	0.206
H6862	s23	16	0.157
H6862	s34	15	0.147
H6862	s37	10	0.098
H6864	s27	1	0.333
H6864	s32	1	0.333
H6864	s22	1	0.333
H6866	s15	1	0.500
H6866	s33	1	0.500
H6867	s24	2	1.000
H6869	s30	31	0.437
H6869	s04	13	0.183
H6869	s06	10	0.141
H6869	s33	6	0.085
H6869	s14	4	0.056
H6873	s22	1	0.500
H6873	s04	1	0.500
H6875	s10	1	0.167
H6875	s02	1	0.167
H6875	s38	1	0.167
H6875	s15	1	0.167
H6875	s39	1	0.167
H6877	s38	3	0.750
H6877	s39	1	0.250
H6878	s32	1	1.000
H6879	s25	9	0.450
H6879	s36	5	0.250
H6879	s39	3	0.150
H6879	s24	2	0.100
H6879	s38	1	0.050
H6880	s06	3	1.000
H6883	s24	29	0.829
H6883	s25	6	0.171
H6884	s21	14	0.424
H6884	s13	7	0.212
H6884	s31	6	0.182
H6884	s11	2	0.061
H6884	s16	2	0.061
H6885	s12	1	1.000
H6887	s30	17	0.239
H6887	s20	15	0.211
H6887	s05	8	0.113
H6887	s38	5	0.070
H6887	s36	5	0.070
H6892	s33	1	1.000
H6893	s07	3	0.600
H6893	s35	2	0.400
H6894	s38	1	1.000
H6895	s37	9	0.643
H6895	s38	2	0.143
H6895	s33	2	0.143
H6895	s34	1	0.071
H6896	s12	1	0.500
H6896	s18	1	0.500
H6898	s18	1	1.000
H6899	s30	1	1.000
H6900	s36	7	0.500
H6900	s15	4	0.286
H6900	s28	2	0.143
H6900	s16	1	0.071
H6901	s31	2	0.154
H6901	s12	2	0.154
H6901	s36	2	0.154
H6901	s32	2	0.154
H6901	s24	2	0.154
H6904	s15	1	1.000
H6906	s06	4	0.667
H6906	s37	2	0.333
H6907	s23	1	0.500
H6907	s38	1	0.500
H6908	s15	33	0.260
H6908	s39	26	0.205
H6908	s22	11	0.087
H6908	s12	10	0.079
H6908	s05	8	0.063
H6910	s15	1	1.000
H6912	s36	123	0.925
H6913	s36	39	0.582
H6913	s15	13	0.194
H6913	s37	6	0.090
H6913	s34	5	0.075
H6915	s38	12	0.800
H6915	s22	2	0.133
H6915	s06	1	0.067
H6916	s18	1	0.500
H6916	s10	1	0.500
H6917	s35	1	1.000
H6918	s22	32	0.276
H6918	s27	23	0.198
H6918	s04	12	0.103
H6918	s31	7	0.060
H6918	s37	7	0.060
H6919	s23	4	0.800
H6919	s22	1	0.200
H6920	s20	1	0.500
H6920	s06	1	0.500
H6921	s19	29	0.420
H6921	s29	26	0.377
H6921	s02	5	0.072
H6923	s21	13	0.500
H6923	s22	5	0.192
H6923	s34	4	0.154
H6923	s13	3	0.115
H6926	s36	1	0.250
H6926	s25	1	0.250
H6926	s07	1	0.250
H6926	s28	1	0.250
H6927	s15	4	0.667
H6927	s04	2	0.333
H6930	s19	1	1.000
H6931	s40	5	0.500
H6931	s29	2	0.200
H6931	s12	2	0.200
H6931	s34	1	0.100
H6936	s20	4	0.364
H6936	s22	4	0.364
H6936	s15	2	0.182
H6936	s21	1	0.091
H6937	s30	8	0.471
H6937	s34	6	0.353
H6937	s15	2	0.118
H6937	s37	1	0.059
H6940	s30	1	1.000
H6942	s12	85	0.497
H6942	s09	33	0.193
H6942	s27	17	0.099
H6942	s18	12	0.070
H6942	s15	11	0.064
H6945	s36	4	0.364
H6945	s10	3	0.273
H6945	s28	3	0.273
H6945	s37	1	0.091
H6949	s15	3	0.750
H6949	s16	1	0.250
H6950	s31	8	0.205
H6950	s18	8	0.205
H6950	s29	6	0.154
H6950	s26	5	0.128
H6950	s09	4	0.103
H6951	s12	28	0.228
H6951	s05	20	0.163
H6951	s18	12	0.098
H6951	s15	11	0.089
H6951	s01	9	0.073
H6952	s06	1	0.500
H6952	s12	1	0.500
H6953	s16	7	1.000
H6957	s31	8	0.320
H6957	s35	6	0.240
H6957	s34	5	0.200
H6957	s03	2	0.080
H6957	s39	2	0.080
H6959	s07	1	0.500
H6959	s15	1	0.500
H6960	s30	36	0.735
H6960	s34	8	0.163
H6961	s39	2	0.500
H6961	s31	2	0.500
H6962	s37	4	0.500
H6962	s15	3	0.375
H6962	s13	1	0.125
H6963	s04	88	0.174
H6963	s06	86	0.170
H6963	s40	64	0.126
H6963	s22	48	0.095
H6963	s28	35	0.069
H6965	s38	127	0.203
H6965	s39	76	0.121
H6965	s06	74	0.118
H6965	s28	58	0.093
H6965	s05	46	0.073
H6967	s26	22	0.489
H6967	s03	17	0.378
H6969	s15	4	0.500
H6969	s36	1	0.125
H6969	s39	1	0.125
H6969	s10	1	0.125
H6969	s08	1	0.125
H6971	s11	1	0.500
H6971	s26	1	0.500
H6972	s39	1	0.500
H6972	s34	1	0.500
H6973	s28	4	0.500
H6973	s27	1	0.125
H6973	s39	1	0.125
H6973	s38	1	0.125
H6973	s33	1	0.125
H6974	s30	6	0.273
H6974	s04	5	0.227
H6974	s28	3	0.136
H6974	s37	3	0.136
H6974	s02	2	0.091
H6975	s04	6	0.500
H6975	s39	3	0.250
H6975	s37	1	0.083
H6975	s28	1	0.083
H6975	s22	1	0.083
H6977	s10	2	1.000
H6979	s04	3	0.500
H6979	s15	2	0.333
H6979	s37	1	0.167
H6980	s30	2	1.000
H6982	s38	3	0.600
H6982	s26	1	0.200
H6982	s10	1	0.200
H6983	s37	1	1.000
H6985	s10	1	1.000
H6986	s23	3	0.750
H6986	s14	1	0.250
H6988	s13	1	1.000
H6991	s37	2	0.667
H6991	s34	1	0.333
H6993	s04	1	1.000
H6994	s05	2	0.500
H6994	s02	1	0.250
H6994	s38	1	0.250
H6995	s38	2	1.000
H6996	s38	44	0.436
H6996	s28	13	0.129
H6996	s36	10	0.099
H6996	s39	7	0.069
H6996	s15	7	0.069
H6998	s26	2	0.400
H6998	s04	1	0.200
H6998	s37	1	0.200
H6998	s34	1	0.200
H6999	s01	79	0.693
H6999	s36	21	0.184
H6999	s09	8	0.070
H7000	s19	1	1.000
H7002	s20	1	1.000
H7004	s18	31	0.517
H7004	s11	17	0.283
H7004	s26	6	0.100
H7004	s01	4	0.067
H7006	s27	5	0.417
H7006	s04	3	0.250
H7006	s23	2	0.167
H7006	s37	1	0.083
H7006	s33	1	0.083
H7008	s38	2	0.500
H7008	s13	1	0.250
H7008	s34	1	0.250
H7009	s37	1	1.000
H7012	s30	1	1.000
H7013	s39	1	1.000
H7015	s15	9	0.500
H7015	s36	3	0.167
H7015	s04	3	0.167
H7015	s10	2	0.111
H7015	s32	1	0.056
H7019	s04	11	0.550
H7019	s33	5	0.250
H7019	s38	2	0.100
H7019	s01	1	0.050
H7019	s29	1	0.050
H7020	s32	2	0.500
H7020	s18	2	0.500
H7021	s16	5	1.000
H7022	s04	1	1.000
H7023	s26	29	0.392
H7023	s19	18	0.243
H7023	s38	8	0.108
H7023	s15	6	0.081
H7023	s39	4	0.054
H7031	s39	5	0.385
H7031	s15	3	0.231
H7031	s16	2	0.154
H7031	s34	2	0.154
H7031	s04	1	0.077
H7033	s15	1	0.250
H7033	s12	1	0.250
H7033	s17	1	0.250
H7033	s30	1	0.250
H7034	s33	5	0.833
H7034	s04	1	0.167
H7036	s33	9	0.529
H7036	s10	3	0.176
H7036	s04	2	0.118
H7036	s35	1	0.059
H7036	s39	1	0.059
H7037	s01	1	0.500
H7037	s24	1	0.500
H7038	s01	1	1.000
H7039	s38	5	0.833
H7039	s17	1	0.167
H7043	s28	13	0.159
H7043	s16	13	0.159
H7043	s27	12	0.146
H7043	s38	11	0.134
H7043	s30	7	0.085
H7044	s40	2	1.000
H7045	s20	19	0.576
H7045	s06	4	0.121
H7045	s30	3	0.091
H7045	s15	3	0.091
H7045	s33	2	0.061
H7046	s10	2	0.500
H7046	s27	1	0.250
H7046	s37	1	0.250
H7047	s30	2	0.667
H7047	s22	1	0.333
H7048	s27	1	1.000
H7049	s26	3	0.429
H7049	s39	2	0.286
H7049	s38	2	0.286
H7050	s08	13	0.591
H7050	s39	4	0.182
H7050	s18	2	0.091
H7051	s39	1	1.000
H7052	s39	1	1.000
H7053	s39	1	1.000
H7054	s04	9	0.900
H7054	s05	1	0.100
H7057	s35	3	1.000
H7058	s38	10	0.714
H7058	s27	2	0.143
H7058	s17	1	0.071
H7058	s01	1	0.071
H7059	s37	2	1.000
H7060	s04	1	0.500
H7060	s28	1	0.500
H7061	s17	2	0.667
H7061	s27	1	0.333
H7062	s17	2	0.500
H7062	s02	1	0.250
H7062	s01	1	0.250
H7064	s04	7	0.538
H7064	s23	2	0.154
H7064	s34	2	0.154
H7064	s25	1	0.077
H7064	s07	1	0.077
H7065	s23	16	0.471
H7065	s14	5	0.147
H7065	s28	3	0.088
H7065	s27	3	0.088
H7065	s15	2	0.059
H7067	s06	6	1.000
H7068	s15	14	0.326
H7068	s27	8	0.186
H7068	s04	5	0.116
H7068	s30	4	0.093
H7068	s33	3	0.070
H7069	s12	40	0.476
H7069	s33	15	0.179
H7069	s11	6	0.071
H7069	s14	6	0.071
H7069	s23	5	0.060
H7070	s19	31	0.500
H7070	s18	25	0.403
H7072	s06	1	0.500
H7072	s31	1	0.500
H7075	s28	5	0.500
H7075	s29	1	0.100
H7075	s27	1	0.100
H7075	s33	1	0.100
H7075	s34	1	0.100
H7076	s10	2	0.667
H7076	s18	1	0.333
H7077	s04	3	0.600
H7077	s35	1	0.200
H7077	s34	1	0.200
H7078	s34	1	1.000
H7080	s15	14	0.700
H7080	s06	3	0.150
H7080	s02	2	0.100
H7080	s29	1	0.050
H7081	s15	5	0.455
H7081	s06	2	0.182
H7081	s01	1	0.091
H7081	s38	1	0.091
H7081	s37	1	0.091
H7082	s31	1	1.000
H7083	s40	2	0.667
H7083	s15	1	0.333
H7085	s27	1	1.000
H7086	s11	14	0.824
H7086	s26	2	0.118
H7086	s18	1	0.059
H7087	s22	1	0.250
H7087	s37	1	0.250
H7087	s39	1	0.250
H7087	s04	1	0.250
H7088	s30	1	1.000
H7089	s15	1	1.000
H7090	s35	3	1.000
H7091	s35	1	1.000
H7092	s34	6	0.857
H7092	s22	1	0.143
H7093	s31	41	0.612
H7093	s15	5	0.075
H7093	s16	4	0.060
H7094	s38	1	0.500
H7094	s02	1	0.500
H7095	s26	2	0.667
H7095	s30	1	0.333
H7096	s24	2	0.400
H7096	s36	1	0.200
H7096	s25	1	0.200
H7096	s33	1	0.200
H7097	s29	28	0.289
H7097	s39	16	0.165
H7097	s38	13	0.134
H7097	s20	10	0.103
H7097	s08	7	0.072
H7098	s32	23	0.657
H7098	s26	12	0.343
H7099	s22	2	0.667
H7099	s28	1	0.333
H7100	s31	3	1.000
H7101	s31	4	0.333
H7101	s39	3	0.250
H7101	s17	1	0.083
H7101	s04	1	0.083
H7101	s24	1	0.083
H7102	s22	1	1.000
H7105	s04	11	0.204
H7105	s38	7	0.130
H7105	s07	7	0.130
H7105	s12	5	0.093
H7105	s06	5	0.093
H7106	s08	2	0.500
H7106	s19	1	0.250
H7106	s24	1	0.250
H7107	s02	9	0.265
H7107	s22	9	0.265
H7107	s06	8	0.235
H7107	s39	3	0.088
H7107	s09	2	0.059
H7110	s35	5	0.172
H7110	s18	5	0.172
H7110	s36	4	0.138
H7110	s15	4	0.138
H7110	s39	2	0.069
H7111	s04	1	1.000
H7112	s36	4	0.286
H7112	s04	4	0.286
H7112	s39	3	0.214
H7112	s01	1	0.071
H7112	s32	1	0.071
H7114	s04	12	0.245
H7114	s38	9	0.184
H7114	s12	5	0.102
H7114	s17	4	0.082
H7114	s30	4	0.082
H7115	s06	1	1.000
H7116	s04	3	0.600
H7116	s33	2	0.400
H7117	s02	4	0.571
H7117	s26	1	0.143
H7117	s03	1	0.143
H7117	s22	1	0.143
H7119	s23	1	0.500
H7119	s33	1	0.500
H7120	s07	1	1.000
H7121	s28	172	0.235
H7121	s38	109	0.149
H7121	s05	107	0.146
H7121	s22	39	0.053
H7121	s39	39	0.053
H7122	s39	71	0.514
H7122	s38	58	0.420
H7124	s38	1	0.500
H7124	s28	1	0.500
H7126	s01	115	0.411
H7126	s17	43	0.154
H7126	s27	27	0.096
H7126	s18	21	0.075
H7126	s29	17	0.061
H7128	s34	3	0.333
H7128	s30	2	0.222
H7128	s21	2	0.222
H7128	s16	1	0.111
H7128	s14	1	0.111
H7130	s06	87	0.383
H7130	s30	29	0.128
H7130	s01	22	0.097
H7130	s04	17	0.075
H7130	s27	14	0.062
H7131	s18	7	0.583
H7131	s19	4	0.333
H7131	s39	1	0.083
H7132	s34	1	0.500
H7132	s37	1	0.500
H7133	s11	37	0.451
H7133	s01	35	0.427
H7133	s17	7	0.085
H7134	s39	3	0.600
H7134	s04	1	0.200
H7134	s14	1	0.200
H7135	s34	4	0.800
H7135	s40	1	0.200
H7136	s38	12	0.444
H7136	s16	4	0.148
H7136	s37	4	0.148
H7136	s34	3	0.111
H7137	s39	1	1.000
H7138	s04	13	0.169
H7138	s05	9	0.117
H7138	s35	9	0.117
H7138	s23	7	0.091
H7138	s15	6	0.078
H7139	s10	2	0.400
H7139	s12	1	0.200
H7139	s36	1	0.200
H7139	s27	1	0.200
H7140	s34	3	0.429
H7140	s40	2	0.286
H7140	s28	1	0.143
H7140	s37	1	0.143
H7142	s38	2	0.667
H7142	s24	1	0.333
H7144	s04	8	0.727
H7144	s10	2	0.182
H7144	s27	1	0.091
H7146	s24	4	1.000
H7147	s15	7	1.000
H7148	s18	1	0.500
H7148	s29	1	0.500
H7150	s06	1	1.000
H7151	s35	10	0.333
H7151	s33	7	0.233
H7151	s39	6	0.200
H7151	s04	5	0.167
H7159	s15	2	1.000
H7160	s06	3	0.750
H7160	s30	1	0.250
H7164	s22	2	1.000
H7165	s18	5	0.500
H7165	s32	4	0.400
H7165	s08	1	0.100
H7166	s21	2	1.000
H7167	s38	23	0.365
H7167	s39	8	0.127
H7167	s36	7	0.111
H7167	s30	6	0.095
H7167	s05	5	0.079
H7168	s05	2	0.500
H7168	s38	1	0.250
H7168	s33	1	0.250
H7169	s33	3	0.600
H7169	s37	1	0.200
H7169	s30	1	0.200
H7171	s04	1	1.000
H7172	s26	6	0.750
H7172	s15	1	0.125
H7172	s27	1	0.125
H7175	s08	51	1.000
H7176	s33	4	0.800
H7176	s34	1	0.200
H7179	s04	6	0.375
H7179	s34	4	0.250
H7179	s37	3	0.188
H7179	s06	1	0.062
H7179	s22	1	0.062
H7180	s14	1	1.000
H7181	s30	10	0.217
H7181	s33	9	0.196
H7181	s35	8	0.174
H7181	s37	6	0.130
H7181	s22	3	0.065
H7182	s38	4	1.000
H7183	s05	5	1.000
H7184	s18	2	0.500
H7184	s26	2	0.500
H7185	s06	21	0.750
H7185	s33	3	0.107
H7185	s28	2	0.071
H7186	s06	18	0.500
H7186	s38	11	0.306
H7186	s34	2	0.056
H7186	s04	2	0.056
H7186	s23	2	0.056
H7188	s22	1	0.500
H7188	s34	1	0.500
H7189	s33	1	0.500
H7189	s22	1	0.500
H7190	s06	1	1.000
H7192	s18	1	0.333
H7192	s05	1	0.333
H7192	s29	1	0.333
H7193	s07	7	0.875
H7193	s39	1	0.125
H7194	s36	29	0.659
H7194	s28	9	0.205
H7194	s34	3	0.068
H7195	s36	11	0.688
H7195	s15	3	0.188
H7195	s22	2	0.125
H7196	s10	2	1.000
H7197	s06	4	0.500
H7197	s38	2	0.250
H7197	s26	2	0.250
H7198	s39	28	0.368
H7198	s21	10	0.132
H7198	s14	9	0.118
H7198	s04	9	0.118
H7198	s15	7	0.092
H7199	s28	1	1.000
H7200	s38	162	0.125
H7200	s39	120	0.092
H7200	s28	97	0.075
H7200	s06	94	0.072
H7200	s37	66	0.051
H7201	s07	1	1.000
H7202	s37	1	1.000
H7203	s38	5	0.417
H7203	s36	4	0.333
H7203	s12	2	0.167
H7203	s13	1	0.083
H7207	s16	1	1.000
H7209	s34	1	1.000
H7210	s40	2	0.500
H7210	s28	1	0.250
H7210	s37	1	0.250
H7213	s39	1	1.000
H7214	s35	4	0.444
H7214	s37	2	0.222
H7214	s22	2	0.222
H7214	s30	1	0.111
H7215	s10	1	0.500
H7215	s32	1	0.500
H7218	s39	164	0.274
H7218	s12	61	0.102
H7218	s40	38	0.063
H7218	s10	36	0.060
H7218	s29	35	0.058
H7219	s23	9	0.750
H7219	s06	2	0.167
H7219	s30	1	0.083
H7221	s15	1	1.000
H7222	s38	1	1.000
H7223	s12	39	0.214
H7223	s31	25	0.137
H7223	s39	24	0.132
H7223	s06	20	0.110
H7223	s36	17	0.093
H7225	s12	14	0.275
H7225	s29	6	0.118
H7225	s15	6	0.118
H7225	s31	5	0.098
H7225	s14	4	0.078
H7227	s31	109	0.242
H7227	s06	46	0.102
H7227	s30	46	0.102
H7227	s39	42	0.093
H7227	s15	37	0.082
H7228	s04	1	0.333
H7228	s37	1	0.333
H7228	s33	1	0.333
H7230	s22	17	0.112
H7230	s36	14	0.092
H7230	s33	14	0.092
H7230	s04	14	0.092
H7230	s37	12	0.079
H7231	s30	10	0.455
H7231	s38	2	0.091
H7231	s06	2	0.091
H7231	s16	2	0.091
H7232	s28	1	0.500
H7232	s21	1	0.500
H7234	s33	1	1.000
H7235	s16	38	0.168
H7235	s06	32	0.142
H7235	s28	29	0.128
H7235	s07	21	0.093
H7235	s10	20	0.088
H7241	s23	3	0.500
H7241	s10	1	0.167
H7241	s22	1	0.167
H7241	s30	1	0.167
H7242	s10	1	0.500
H7242	s02	1	0.500
H7246	s12	1	0.333
H7246	s17	1	0.333
H7246	s07	1	0.333
H7250	s27	3	1.000
H7251	s19	5	0.417
H7251	s26	5	0.417
H7251	s32	2	0.167
H7252	s37	1	1.000
H7253	s40	3	0.429
H7253	s01	2	0.286
H7253	s11	1	0.143
H7253	s17	1	0.143
H7255	s38	1	0.500
H7255	s37	1	0.500
H7256	s06	4	1.000
H7257	s28	7	0.233
H7257	s15	7	0.233
H7257	s04	6	0.200
H7257	s35	3	0.100
H7257	s40	2	0.067
H7258	s35	3	0.750
H7258	s33	1	0.250
H7263	s37	1	0.500
H7263	s34	1	0.500
H7264	s04	20	0.488
H7264	s22	7	0.171
H7264	s21	6	0.146
H7264	s05	4	0.098
H7267	s34	6	0.857
H7267	s37	1	0.143
H7268	s20	1	1.000
H7269	s15	1	1.000
H7270	s39	12	0.462
H7270	s02	7	0.269
H7270	s38	5	0.192
H7272	s38	60	0.243
H7272	s39	23	0.093
H7272	s40	22	0.089
H7272	s30	19	0.077
H7272	s21	18	0.073
H7273	s39	8	0.667
H7273	s36	2	0.167
H7273	s07	2	0.167
H7275	s27	10	0.625
H7275	s39	2	0.125
H7275	s10	2	0.125
H7275	s06	2	0.125
H7277	s22	1	1.000
H7279	s06	2	0.667
H7279	s22	1	0.333
H7280	s35	8	0.615
H7280	s20	3	0.231
H7280	s37	1	0.077
H7280	s33	1	0.077
H7281	s37	9	0.409
H7281	s18	5	0.227
H7281	s15	3	0.136
H7281	s30	2	0.091
H7282	s30	1	1.000
H7283	s35	1	1.000
H7285	s30	2	1.000
H7286	s26	2	0.500
H7286	s34	1	0.250
H7286	s21	1	0.250
H7287	s22	5	0.200
H7287	s12	4	0.160
H7287	s15	4	0.160
H7287	s07	3	0.120
H7287	s05	2	0.080
H7289	s10	2	1.000
H7290	s31	2	0.286
H7290	s39	2	0.286
H7290	s30	2	0.286
H7290	s33	1	0.143
H7291	s39	68	0.476
H7291	s30	26	0.182
H7291	s20	12	0.084
H7291	s13	11	0.077
H7291	s33	9	0.063
H7292	s38	1	0.250
H7292	s33	1	0.250
H7292	s22	1	0.250
H7292	s28	1	0.250
H7295	s30	1	1.000
H7296	s22	1	1.000
H7297	s37	1	1.000
H7298	s28	3	0.750
H7298	s10	1	0.250
H7300	s28	1	0.250
H7300	s14	1	0.250
H7300	s10	1	0.250
H7300	s30	1	0.250
H7301	s35	9	0.643
H7301	s33	3	0.214
H7301	s04	2	0.143
H7302	s34	2	0.667
H7302	s06	1	0.333
H7304	s38	1	0.333
H7304	s05	1	0.333
H7304	s37	1	0.333
H7305	s38	2	1.000
H7306	s34	2	0.182
H7306	s28	2	0.182
H7306	s38	1	0.091
H7306	s06	1	0.091
H7306	s18	1	0.091
H7307	s40	65	0.172
H7307	s15	61	0.161
H7307	s16	60	0.159
H7307	s37	47	0.124
H7307	s22	23	0.061
H7309	s29	1	0.500
H7309	s21	1	0.500
H7310	s30	1	0.500
H7310	s22	1	0.500
H7311	s22	54	0.283
H7311	s21	21	0.110
H7311	s34	16	0.084
H7311	s01	13	0.068
H7311	s04	13	0.068
H7312	s04	4	0.667
H7312	s33	2	0.333
H7315	s21	1	1.000
H7318	s22	2	1.000
H7321	s39	24	0.545
H7321	s22	15	0.341
H7321	s34	3	0.068
H7322	s34	1	1.000
H7323	s38	39	0.379
H7323	s39	25	0.243
H7323	s21	10	0.097
H7323	s12	9	0.087
H7324	s15	7	0.368
H7324	s04	4	0.211
H7324	s16	2	0.105
H7324	s21	2	0.105
H7324	s02	2	0.105
H7325	s27	1	1.000
H7326	s33	22	0.917
H7326	s16	2	0.083
H7329	s04	1	0.500
H7329	s15	1	0.500
H7330	s15	1	0.500
H7330	s29	1	0.500
H7332	s04	2	0.667
H7332	s22	1	0.333
H7333	s33	1	1.000
H7334	s04	2	1.000
H7335	s37	1	1.000
H7336	s37	2	0.333
H7336	s35	2	0.333
H7336	s33	1	0.167
H7336	s30	1	0.167
H7337	s21	8	0.320
H7337	s30	6	0.240
H7337	s06	2	0.080
H7337	s13	2	0.080
H7337	s34	2	0.080
H7338	s37	1	0.500
H7338	s34	1	0.500
H7339	s04	13	0.302
H7339	s10	8	0.186
H7339	s38	6	0.140
H7339	s12	5	0.116
H7339	s33	4	0.093
H7341	s19	64	0.634
H7341	s26	24	0.238
H7341	s08	6	0.059
H7342	s35	5	0.238
H7342	s12	4	0.190
H7342	s34	3	0.143
H7342	s13	3	0.143
H7342	s28	2	0.095
H7347	s07	2	0.400
H7347	s20	1	0.200
H7347	s15	1	0.200
H7347	s28	1	0.200
H7349	s06	7	0.538
H7349	s22	5	0.385
H7349	s14	1	0.077
H7350	s05	28	0.329
H7350	s04	12	0.141
H7350	s30	10	0.118
H7350	s35	7	0.082
H7350	s16	5	0.059
H7351	s10	1	1.000
H7353	s28	2	0.500
H7353	s38	1	0.250
H7353	s37	1	0.250
H7355	s05	15	0.319
H7355	s04	8	0.170
H7355	s15	6	0.128
H7355	s22	6	0.128
H7355	s28	3	0.064
H7356	s22	11	0.282
H7356	s05	7	0.179
H7356	s06	6	0.154
H7356	s30	4	0.103
H7356	s38	3	0.077
H7358	s28	13	0.433
H7358	s34	8	0.267
H7358	s06	2	0.067
H7358	s25	2	0.067
H7358	s23	2	0.067
H7360	s07	2	1.000
H7361	s35	2	1.000
H7362	s28	1	1.000
H7363	s34	2	0.667
H7363	s23	1	0.333
H7364	s27	23	0.319
H7364	s38	14	0.194
H7364	s25	13	0.181
H7364	s09	12	0.167
H7364	s10	5	0.069
H7366	s22	2	1.000
H7367	s02	1	0.500
H7367	s28	1	0.500
H7368	s30	22	0.386
H7368	s37	11	0.193
H7368	s15	5	0.088
H7368	s13	4	0.070
H7368	s33	4	0.070
H7369	s37	1	1.000
H7370	s22	1	1.000
H7371	s34	1	1.000
H7372	s34	1	1.000
H7373	s37	1	1.000
H7374	s04	1	1.000
H7375	s37	1	1.000
H7376	s04	6	1.000
H7377	s34	1	1.000
H7378	s37	16	0.239
H7378	s28	12	0.179
H7378	s39	6	0.090
H7378	s30	5	0.075
H7378	s15	5	0.075
H7379	s30	11	0.180
H7379	s33	11	0.180
H7379	s21	9	0.148
H7379	s35	8	0.131
H7379	s13	6	0.098
H7381	s17	32	0.552
H7381	s01	10	0.172
H7381	s10	8	0.138
H7381	s09	4	0.069
H7381	s28	3	0.052
H7383	s38	1	0.500
H7383	s33	1	0.500
H7385	s35	4	0.333
H7385	s34	3	0.250
H7385	s04	2	0.167
H7385	s20	1	0.083
H7385	s30	1	0.083
H7386	s02	6	0.429
H7386	s28	3	0.214
H7386	s33	2	0.143
H7386	s11	1	0.071
H7386	s25	1	0.071
H7388	s39	1	0.500
H7388	s37	1	0.500
H7389	s33	6	0.857
H7389	s30	1	0.143
H7390	s20	8	0.500
H7390	s38	4	0.250
H7390	s33	3	0.188
H7390	s28	1	0.062
H7391	s20	1	1.000
H7392	s38	26	0.333
H7392	s39	19	0.244
H7392	s22	6	0.077
H7392	s36	5	0.064
H7392	s21	5	0.064
H7393	s39	95	0.798
H7393	s36	11	0.092
H7393	s04	7	0.059
H7395	s39	3	1.000
H7396	s10	1	1.000
H7398	s34	1	1.000
H7399	s31	14	0.500
H7399	s28	11	0.393
H7400	s33	3	0.500
H7400	s27	2	0.333
H7400	s04	1	0.167
H7401	s20	2	0.250
H7401	s05	1	0.125
H7401	s12	1	0.125
H7401	s36	1	0.125
H7401	s04	1	0.125
H7402	s10	14	0.824
H7402	s11	1	0.059
H7402	s34	1	0.059
H7402	s39	1	0.059
H7404	s15	2	0.500
H7404	s32	2	0.500
H7405	s32	2	1.000
H7406	s40	1	1.000
H7407	s30	1	1.000
H7408	s28	5	1.000
H7409	s31	2	0.500
H7409	s35	1	0.250
H7409	s10	1	0.250
H7411	s38	5	0.417
H7411	s14	4	0.333
H7411	s28	1	0.083
H7411	s02	1	0.083
H7411	s33	1	0.083
H7413	s10	5	1.000
H7415	s34	4	0.571
H7415	s37	3	0.429
H7416	s03	22	0.688
H7416	s32	9	0.281
H7419	s34	1	1.000
H7420	s39	10	0.667
H7420	s01	3	0.200
H7420	s05	1	0.067
H7420	s15	1	0.067
H7423	s30	5	0.333
H7423	s33	4	0.267
H7423	s37	3	0.200
H7423	s14	2	0.133
H7423	s04	1	0.067
H7424	s31	1	1.000
H7426	s40	3	0.600
H7426	s12	1	0.200
H7426	s18	1	0.200
H7427	s30	1	1.000
H7429	s39	5	0.263
H7429	s31	4	0.211
H7429	s04	3	0.158
H7429	s30	3	0.158
H7429	s25	1	0.053
H7430	s07	14	0.824
H7430	s06	1	0.059
H7430	s27	1	0.059
H7430	s30	1	0.059
H7431	s07	17	1.000
H7438	s30	1	1.000
H7439	s34	1	1.000
H7440	s22	20	0.606
H7440	s05	8	0.242
H7440	s13	2	0.061
H7442	s22	39	0.722
H7442	s30	4	0.074
H7442	s04	3	0.056
H7442	s33	3	0.056
H7443	s34	1	1.000
H7445	s22	2	0.500
H7445	s34	1	0.250
H7445	s37	1	0.250
H7447	s15	1	0.500
H7447	s10	1	0.500
H7448	s34	2	0.500
H7448	s21	1	0.250
H7448	s30	1	0.250
H7450	s17	1	1.000
H7451	s30	102	0.153
H7451	s36	94	0.141
H7451	s33	91	0.137
H7451	s15	86	0.129
H7451	s06	64	0.096
H7452	s06	1	0.333
H7452	s37	1	0.333
H7452	s39	1	0.333
H7453	s33	62	0.333
H7453	s39	31	0.167
H7453	s28	17	0.091
H7453	s27	14	0.075
H7453	s05	13	0.070
H7454	s37	2	1.000
H7455	s20	8	0.421
H7455	s02	5	0.263
H7455	s15	4	0.211
H7455	s16	1	0.053
H7455	s17	1	0.053
H7456	s33	4	0.308
H7456	s02	3	0.231
H7456	s04	2	0.154
H7456	s37	2	0.154
H7456	s06	1	0.077
H7457	s34	15	0.750
H7457	s27	2	0.100
H7457	s33	2	0.100
H7457	s22	1	0.050
H7458	s15	55	0.545
H7458	s02	30	0.297
H7459	s02	2	0.667
H7459	s30	1	0.333
H7460	s40	2	0.667
H7460	s34	1	0.333
H7461	s35	3	0.500
H7461	s22	1	0.167
H7461	s37	1	0.167
H7461	s30	1	0.167
H7462	s15	30	0.330
H7462	s02	18	0.198
H7462	s28	16	0.176
H7462	s14	14	0.154
H7462	s33	7	0.077
H7463	s38	2	0.667
H7463	s13	1	0.333
H7464	s12	2	0.667
H7464	s22	1	0.333
H7468	s35	6	1.000
H7469	s16	7	1.000
H7471	s02	1	1.000
H7473	s15	42	0.506
H7473	s28	21	0.253
H7473	s04	14	0.169
H7474	s10	8	0.889
H7474	s28	1	0.111
H7475	s16	3	1.000
H7477	s04	1	1.000
H7478	s39	1	1.000
H7479	s10	1	1.000
H7481	s21	5	0.385
H7481	s22	4	0.308
H7481	s34	2	0.154
H7481	s38	1	0.077
H7481	s10	1	0.077
H7482	s34	3	0.500
H7482	s22	2	0.333
H7482	s02	1	0.167
H7483	s34	1	1.000
H7488	s06	4	0.200
H7488	s36	3	0.150
H7488	s15	3	0.150
H7488	s22	3	0.150
H7488	s30	2	0.100
H7489	s38	24	0.231
H7489	s30	20	0.192
H7489	s33	13	0.125
H7489	s28	11	0.106
H7489	s20	11	0.106
H7491	s22	3	0.600
H7491	s37	1	0.200
H7491	s33	1	0.200
H7492	s22	1	0.500
H7492	s06	1	0.500
H7493	s15	9	0.300
H7493	s04	6	0.200
H7493	s35	4	0.133
H7493	s22	4	0.133
H7493	s21	3	0.100
H7494	s15	7	0.412
H7494	s34	4	0.235
H7494	s40	3	0.176
H7494	s04	2	0.118
H7494	s39	1	0.059
H7495	s20	13	0.194
H7495	s23	8	0.119
H7495	s30	8	0.119
H7495	s25	5	0.075
H7495	s36	5	0.075
H7496	s34	3	0.375
H7496	s33	3	0.375
H7496	s28	2	0.250
H7499	s15	3	1.000
H7500	s02	1	1.000
H7502	s34	2	0.667
H7502	s10	1	0.333
H7503	s06	9	0.196
H7503	s38	7	0.152
H7503	s40	6	0.130
H7503	s04	6	0.130
H7503	s30	4	0.087
H7504	s39	1	0.250
H7504	s35	1	0.250
H7504	s37	1	0.250
H7504	s29	1	0.250
H7507	s08	1	1.000
H7510	s04	1	1.000
H7513	s32	1	1.000
H7514	s28	1	1.000
H7515	s15	2	0.400
H7515	s33	2	0.400
H7515	s22	1	0.200
H7516	s37	1	1.000
H7517	s04	1	1.000
H7518	s22	1	1.000
H7519	s40	1	1.000
H7520	s22	1	1.000
H7521	s01	14	0.250
H7521	s22	11	0.196
H7521	s15	11	0.196
H7521	s37	6	0.107
H7521	s13	3	0.054
H7522	s33	18	0.321
H7522	s22	16	0.286
H7522	s31	8	0.143
H7522	s01	7	0.125
H7522	s30	4	0.071
H7523	s29	36	0.766
H7523	s39	3	0.064
H7524	s15	1	0.500
H7524	s22	1	0.500
H7527	s28	1	1.000
H7528	s08	1	1.000
H7529	s38	1	1.000
H7531	s19	6	0.750
H7531	s31	1	0.125
H7531	s40	1	0.125
H7533	s20	6	0.316
H7533	s34	5	0.263
H7533	s16	2	0.105
H7533	s28	2	0.105
H7533	s36	1	0.053
H7534	s02	3	1.000
H7536	s30	1	0.333
H7536	s37	1	0.333
H7536	s34	1	0.333
H7537	s37	1	0.500
H7537	s33	1	0.500
H7538	s33	3	0.600
H7538	s29	1	0.200
H7538	s37	1	0.200
H7539	s34	1	1.000
H7540	s39	3	0.333
H7540	s04	3	0.333
H7540	s22	2	0.222
H7540	s37	1	0.111
H7541	s39	4	0.800
H7541	s28	1	0.200
H7543	s18	4	0.500
H7543	s36	1	0.125
H7543	s16	1	0.125
H7543	s26	1	0.125
H7543	s15	1	0.125
H7544	s10	1	1.000
H7545	s18	2	1.000
H7546	s31	1	1.000
H7547	s30	1	1.000
H7548	s39	1	1.000
H7549	s40	17	1.000
H7550	s09	7	0.875
H7550	s17	1	0.125
H7551	s08	8	0.889
H7551	s37	1	0.111
H7553	s10	10	0.833
H7553	s35	2	0.167
H7554	s21	2	0.182
H7554	s32	2	0.182
H7554	s15	2	0.182
H7554	s34	2	0.182
H7554	s05	1	0.091
H7555	s18	1	1.000
H7556	s27	1	1.000
H7558	s12	1	1.000
H7559	s40	1	1.000
H7561	s37	14	0.412
H7561	s05	8	0.235
H7561	s31	4	0.118
H7561	s33	3	0.088
H7561	s21	2	0.059
H7562	s33	10	0.333
H7562	s37	6	0.200
H7562	s16	5	0.167
H7562	s30	2	0.067
H7562	s15	2	0.067
H7563	s33	146	0.555
H7563	s37	44	0.167
H7563	s30	35	0.133
H7564	s33	7	0.467
H7564	s15	5	0.333
H7564	s06	2	0.133
H7564	s27	1	0.067
H7565	s14	4	0.571
H7565	s23	3	0.429
H7567	s15	2	1.000
H7568	s30	13	0.591
H7568	s26	4	0.182
H7568	s15	2	0.091
H7568	s34	2	0.091
H7569	s15	1	1.000
H7570	s34	3	1.000
H7571	s09	1	1.000
H7572	s26	1	1.000
H7573	s10	1	1.000
H7574	s34	3	0.750
H7574	s30	1	0.250
H7576	s16	1	0.500
H7576	s04	1	0.500
H7577	s37	1	1.000
H7579	s38	15	0.789
H7579	s05	1	0.053
H7579	s06	1	0.053
H7579	s22	1	0.053
H7579	s10	1	0.053
H7580	s15	9	0.450
H7580	s04	5	0.250
H7580	s34	3	0.150
H7580	s30	3	0.150
H7581	s04	2	0.286
H7581	s34	2	0.286
H7581	s30	2	0.286
H7581	s37	1	0.143
H7582	s04	4	0.667
H7582	s39	2	0.333
H7583	s38	1	1.000
H7588	s04	14	0.778
H7588	s22	3	0.167
H7588	s30	1	0.056
H7589	s15	3	1.000
H7590	s15	3	1.000
H7591	s04	1	1.000
H7592	s38	76	0.444
H7592	s39	17	0.099
H7592	s06	12	0.070
H7592	s02	11	0.064
H7592	s16	11	0.064
H7596	s38	5	0.357
H7596	s31	4	0.286
H7596	s36	2	0.143
H7596	s01	1	0.071
H7596	s37	1	0.071
H7599	s04	3	0.600
H7599	s34	1	0.200
H7599	s33	1	0.200
H7600	s04	7	0.700
H7600	s35	2	0.200
H7600	s13	1	0.100
H7602	s15	3	0.214
H7602	s30	3	0.214
H7602	s37	3	0.214
H7602	s04	2	0.143
H7602	s16	1	0.071
H7603	s12	4	0.800
H7603	s17	1	0.200
H7604	s39	46	0.346
H7604	s03	17	0.128
H7604	s06	11	0.083
H7604	s20	10	0.075
H7604	s15	10	0.075
H7605	s12	12	0.462
H7605	s04	5	0.192
H7605	s31	4	0.154
H7605	s36	3	0.115
H7605	s22	2	0.077
H7607	s14	7	0.438
H7607	s27	4	0.250
H7607	s12	2	0.125
H7607	s33	2	0.125
H7607	s10	1	0.062
H7608	s27	1	1.000
H7611	s15	37	0.561
H7611	s04	21	0.318
H7611	s36	4	0.061
H7612	s04	1	1.000
H7613	s24	7	0.538
H7613	s37	3	0.231
H7613	s34	2	0.154
H7613	s30	1	0.077
H7616	s04	1	1.000
H7617	s05	17	0.362
H7617	s39	12	0.255
H7617	s28	6	0.128
H7617	s35	5	0.106
H7617	s22	3	0.064
H7618	s32	2	1.000
H7620	s05	10	0.500
H7620	s12	2	0.100
H7620	s31	2	0.100
H7620	s17	2	0.100
H7620	s28	2	0.100
H7621	s05	12	0.387
H7621	s27	7	0.226
H7621	s28	3	0.097
H7621	s06	2	0.065
H7621	s16	2	0.065
H7622	s15	20	0.625
H7622	s30	3	0.094
H7622	s20	2	0.062
H7622	s22	2	0.062
H7622	s05	2	0.062
H7623	s22	8	0.727
H7623	s16	2	0.182
H7623	s33	1	0.091
H7626	s29	87	0.458
H7626	s06	36	0.189
H7626	s05	26	0.137
H7626	s33	11	0.058
H7626	s14	10	0.053
H7628	s05	14	0.280
H7628	s15	11	0.220
H7628	s31	9	0.180
H7628	s14	9	0.180
H7628	s20	3	0.060
H7632	s34	1	1.000
H7633	s23	8	0.889
H7633	s36	1	0.111
H7635	s23	1	0.500
H7635	s22	1	0.500
H7636	s10	1	1.000
H7639	s03	16	1.000
H7640	s10	1	1.000
H7642	s23	1	1.000
H7646	s34	18	0.186
H7646	s33	16	0.165
H7646	s10	12	0.124
H7646	s30	11	0.113
H7646	s14	10	0.103
H7647	s02	7	0.875
H7647	s16	1	0.125
H7648	s14	4	0.500
H7648	s33	2	0.250
H7648	s12	1	0.125
H7648	s38	1	0.125
H7649	s28	3	0.300
H7649	s36	2	0.200
H7649	s37	2	0.200
H7649	s33	2	0.200
H7649	s11	1	0.100
H7650	s06	94	0.508
H7650	s38	46	0.249
H7650	s22	16	0.086
H7650	s10	13	0.070
H7653	s10	1	1.000
H7654	s10	6	1.000
H7660	s32	1	0.500
H7660	s09	1	0.500
H7661	s39	1	1.000
H7663	s22	2	0.250
H7663	s05	2	0.250
H7663	s31	1	0.125
H7663	s34	1	0.125
H7663	s13	1	0.125
H7664	s13	1	0.500
H7664	s22	1	0.500
H7665	s15	53	0.358
H7665	s34	18	0.122
H7665	s31	15	0.101
H7665	s04	15	0.101
H7665	s30	14	0.095
H7666	s02	14	0.667
H7666	s38	6	0.286
H7667	s04	23	0.523
H7667	s30	6	0.136
H7667	s33	5	0.114
H7667	s34	4	0.091
H7667	s39	3	0.068
H7668	s02	5	0.556
H7668	s38	3	0.333
H7668	s12	1	0.111
H7670	s15	1	0.500
H7670	s30	1	0.500
H7673	s15	27	0.380
H7673	s12	12	0.169
H7673	s04	11	0.155
H7673	s06	6	0.085
H7674	s33	2	0.500
H7674	s39	1	0.250
H7674	s36	1	0.250
H7675	s26	2	0.400
H7675	s34	1	0.200
H7675	s29	1	0.200
H7675	s04	1	0.200
H7676	s12	76	0.685
H7676	s17	16	0.144
H7676	s27	9	0.081
H7676	s15	6	0.054
H7677	s12	10	0.909
H7677	s25	1	0.091
H7679	s34	1	0.500
H7679	s37	1	0.500
H7682	s30	7	0.350
H7682	s34	3	0.150
H7682	s22	3	0.150
H7682	s37	3	0.150
H7682	s33	3	0.150
H7683	s13	2	0.500
H7683	s34	1	0.250
H7683	s25	1	0.250
H7684	s01	14	0.737
H7684	s16	2	0.105
H7684	s39	2	0.105
H7684	s25	1	0.053
H7685	s37	3	0.750
H7685	s22	1	0.250
H7686	s13	8	0.381
H7686	s33	6	0.286
H7686	s37	3	0.143
H7686	s17	2	0.095
H7688	s34	1	0.333
H7688	s22	1	0.333
H7688	s04	1	0.333
H7689	s37	1	0.500
H7689	s34	1	0.500
H7691	s13	1	1.000
H7694	s05	1	0.500
H7694	s22	1	0.500
H7696	s20	6	0.857
H7696	s39	1	0.143
H7697	s20	2	0.667
H7697	s39	1	0.333
H7698	s20	5	1.000
H7699	s10	16	0.667
H7699	s34	4	0.167
H7699	s04	2	0.083
H7700	s23	1	0.500
H7700	s22	1	0.500
H7701	s04	14	0.560
H7701	s30	4	0.160
H7701	s37	3	0.120
H7701	s33	2	0.080
H7702	s34	2	0.667
H7702	s04	1	0.333
H7703	s04	53	0.914
H7703	s37	3	0.052
H7705	s16	2	1.000
H7709	s04	3	0.500
H7709	s23	2	0.333
H7709	s36	1	0.167
H7710	s02	3	1.000
H7711	s05	2	0.333
H7711	s20	2	0.333
H7711	s04	1	0.167
H7711	s27	1	0.167
H7713	s12	3	0.750
H7713	s26	1	0.250
H7716	s01	12	0.255
H7716	s12	12	0.255
H7716	s07	8	0.170
H7716	s15	6	0.128
H7716	s28	3	0.064
H7717	s37	1	1.000
H7718	s32	8	0.727
H7718	s18	2	0.182
H7718	s07	1	0.091
H7720	s39	2	0.667
H7720	s10	1	0.333
H7722	s30	7	0.467
H7722	s34	6	0.400
H7722	s33	1	0.067
H7722	s22	1	0.067
H7723	s37	21	0.396
H7723	s30	13	0.245
H7723	s15	11	0.208
H7723	s04	3	0.057
H7723	s22	3	0.057
H7725	s39	130	0.123
H7725	s38	130	0.123
H7725	s15	93	0.088
H7725	s06	55	0.052
H7725	s05	54	0.051
H7726	s37	1	0.333
H7726	s15	1	0.333
H7726	s04	1	0.333
H7728	s23	1	0.500
H7728	s04	1	0.500
H7729	s39	1	1.000
H7730	s39	1	1.000
H7735	s01	1	1.000
H7737	s22	4	0.190
H7737	s33	4	0.190
H7737	s31	3	0.143
H7737	s37	3	0.143
H7737	s21	2	0.095
H7741	s39	1	1.000
H7742	s38	1	1.000
H7745	s15	3	0.600
H7745	s33	2	0.400
H7750	s30	1	0.500
H7750	s21	1	0.500
H7751	s38	4	0.308
H7751	s10	3	0.231
H7751	s36	1	0.077
H7751	s29	1	0.077
H7751	s39	1	0.077
H7752	s37	3	0.273
H7752	s18	2	0.182
H7752	s31	2	0.182
H7752	s38	1	0.091
H7752	s29	1	0.091
H7753	s10	1	0.500
H7753	s38	1	0.500
H7754	s38	2	1.000
H7756	s29	1	1.000
H7757	s32	10	0.909
H7757	s04	1	0.091
H7758	s34	2	0.667
H7758	s10	1	0.333
H7760	s38	106	0.181
H7760	s39	78	0.133
H7760	s15	71	0.121
H7760	s34	57	0.097
H7760	s06	39	0.067
H7762	s14	1	1.000
H7768	s34	8	0.381
H7768	s30	6	0.286
H7768	s37	4	0.190
H7768	s21	2	0.095
H7769	s34	1	0.500
H7769	s37	1	0.500
H7771	s04	1	0.333
H7771	s30	1	0.333
H7771	s37	1	0.333
H7773	s22	1	1.000
H7775	s21	4	0.364
H7775	s30	4	0.364
H7775	s02	1	0.091
H7775	s05	1	0.091
H7775	s22	1	0.091
H7776	s15	2	0.286
H7776	s28	2	0.286
H7776	s10	2	0.286
H7776	s22	1	0.143
H7778	s12	37	1.000
H7779	s07	2	0.500
H7779	s37	2	0.500
H7782	s39	59	0.819
H7782	s12	5	0.069
H7783	s04	2	0.667
H7783	s22	1	0.333
H7784	s16	3	0.750
H7784	s10	1	0.250
H7785	s09	15	0.789
H7785	s20	2	0.105
H7785	s01	1	0.053
H7785	s33	1	0.053
H7787	s39	1	1.000
H7788	s10	3	1.000
H7789	s37	14	0.933
H7789	s34	1	0.067
H7790	s22	1	1.000
H7791	s21	3	0.750
H7791	s34	1	0.250
H7794	s01	29	0.367
H7794	s38	16	0.203
H7794	s12	15	0.190
H7794	s20	8	0.101
H7795	s31	1	1.000
H7797	s20	11	0.407
H7797	s22	7	0.259
H7797	s30	4	0.148
H7797	s13	3	0.111
H7797	s34	2	0.074
H7799	s10	7	0.412
H7799	s03	6	0.353
H7799	s30	4	0.235
H7805	s37	1	0.333
H7805	s34	1	0.333
H7805	s18	1	0.333
H7806	s08	12	0.571
H7806	s32	9	0.429
H7807	s37	1	1.000
H7808	s04	1	1.000
H7809	s10	1	0.500
H7809	s37	1	0.500
H7810	s35	7	0.304
H7810	s33	7	0.304
H7810	s01	3	0.130
H7810	s12	2	0.087
H7811	s30	3	1.000
H7812	s38	82	0.477
H7812	s06	43	0.250
H7812	s22	26	0.151
H7813	s19	1	1.000
H7814	s16	5	0.333
H7814	s04	5	0.333
H7814	s37	3	0.200
H7814	s33	2	0.133
H7815	s24	1	1.000
H7816	s33	1	1.000
H7817	s34	11	0.458
H7817	s30	6	0.250
H7817	s22	4	0.167
H7817	s33	2	0.083
H7818	s02	1	1.000
H7819	s01	40	0.500
H7819	s25	19	0.237
H7819	s09	8	0.100
H7819	s03	6	0.075
H7820	s11	5	1.000
H7821	s12	1	0.500
H7821	s27	1	0.500
H7822	s20	8	0.615
H7822	s24	5	0.385
H7823	s04	2	1.000
H7824	s19	1	1.000
H7825	s16	1	0.500
H7825	s34	1	0.500
H7826	s34	2	0.286
H7826	s37	2	0.286
H7826	s14	1	0.143
H7826	s33	1	0.143
H7826	s21	1	0.143
H7827	s18	1	1.000
H7828	s07	2	1.000
H7829	s20	1	0.500
H7829	s06	1	0.500
H7830	s34	2	1.000
H7832	s34	16	0.444
H7832	s39	7	0.194
H7832	s22	3	0.083
H7832	s33	3	0.083
H7832	s35	2	0.056
H7833	s21	2	0.500
H7833	s18	1	0.250
H7833	s37	1	0.250
H7834	s22	7	0.333
H7834	s21	6	0.286
H7834	s34	5	0.238
H7834	s37	2	0.095
H7835	s34	1	1.000
H7836	s33	7	0.538
H7836	s34	2	0.154
H7836	s37	2	0.154
H7836	s30	1	0.077
H7836	s14	1	0.077
H7837	s34	11	0.478
H7837	s38	5	0.217
H7837	s39	3	0.130
H7837	s22	2	0.087
H7838	s24	4	0.667
H7838	s02	1	0.167
H7838	s10	1	0.167
H7839	s16	1	1.000
H7840	s28	1	1.000
H7843	s15	24	0.169
H7843	s06	20	0.141
H7843	s38	18	0.127
H7843	s04	18	0.127
H7843	s31	17	0.120
H7845	s37	14	0.609
H7845	s30	5	0.217
H7845	s22	4	0.174
H7846	s27	1	1.000
H7847	s27	4	0.667
H7847	s33	2	0.333
H7848	s26	18	0.643
H7848	s08	10	0.357
H7849	s34	2	0.333
H7849	s39	2	0.333
H7849	s38	1	0.167
H7849	s07	1	0.167
H7850	s06	1	1.000
H7852	s28	3	0.500
H7852	s37	1	0.167
H7852	s34	1	0.167
H7852	s30	1	0.167
H7853	s30	6	1.000
H7854	s38	16	0.593
H7854	s24	7	0.259
H7854	s39	2	0.074
H7855	s05	1	1.000
H7857	s31	16	0.516
H7857	s15	5	0.161
H7857	s27	3	0.097
H7857	s10	2	0.065
H7857	s14	2	0.065
H7858	s31	3	0.500
H7858	s05	1	0.167
H7858	s34	1	0.167
H7858	s33	1	0.167
H7860	s06	15	0.600
H7860	s12	5	0.200
H7860	s39	3	0.120
H7862	s22	2	0.667
H7862	s34	1	0.333
H7863	s37	1	1.000
H7867	s20	1	0.500
H7867	s37	1	0.500
H7869	s38	1	1.000
H7870	s02	1	1.000
H7871	s38	1	1.000
H7872	s23	4	0.211
H7872	s28	4	0.211
H7872	s38	3	0.158
H7872	s36	2	0.105
H7872	s33	2	0.105
H7873	s01	1	1.000
H7874	s06	2	1.000
H7875	s06	2	0.500
H7875	s01	2	0.500
H7876	s23	1	1.000
H7878	s13	9	0.450
H7878	s22	6	0.300
H7878	s30	4	0.200
H7878	s37	1	0.050
H7879	s37	7	0.500
H7879	s38	2	0.143
H7879	s39	1	0.071
H7879	s23	1	0.071
H7879	s05	1	0.071
H7880	s34	2	0.500
H7880	s07	1	0.250
H7880	s28	1	0.250
H7881	s13	2	0.667
H7881	s37	1	0.333
H7882	s22	1	0.500
H7882	s13	1	0.500
H7885	s35	1	1.000
H7891	s22	58	0.667
H7891	s12	24	0.276
H7892	s22	57	0.633
H7892	s21	6	0.067
H7892	s06	6	0.067
H7892	s12	5	0.056
H7892	s16	5	0.056
H7893	s12	1	1.000
H7896	s22	21	0.247
H7896	s28	15	0.176
H7896	s34	11	0.129
H7896	s04	10	0.118
H7896	s37	9	0.106
H7897	s33	1	0.500
H7897	s37	1	0.500
H7898	s23	5	0.714
H7898	s04	2	0.286
H7899	s29	1	1.000
H7900	s12	1	1.000
H7901	s36	65	0.307
H7901	s38	44	0.208
H7901	s27	38	0.179
H7901	s28	24	0.113
H7901	s34	20	0.094
H7902	s27	9	1.000
H7903	s27	4	1.000
H7904	s10	1	1.000
H7905	s34	1	1.000
H7907	s34	1	1.000
H7908	s30	3	1.000
H7909	s33	2	0.286
H7909	s39	1	0.143
H7909	s14	1	0.143
H7909	s15	1	0.143
H7909	s03	1	0.143
H7910	s04	6	0.462
H7910	s38	3	0.231
H7910	s34	2	0.154
H7910	s36	1	0.077
H7910	s33	1	0.077
H7911	s06	17	0.167
H7911	s22	16	0.157
H7911	s13	15	0.147
H7911	s10	13	0.127
H7911	s30	13	0.127
H7913	s35	1	0.500
H7913	s22	1	0.500
H7914	s04	1	1.000
H7915	s31	1	1.000
H7916	s12	10	0.556
H7916	s04	3	0.167
H7916	s37	3	0.167
H7916	s16	1	0.056
H7916	s27	1	0.056
H7918	s29	2	0.400
H7918	s31	1	0.200
H7918	s26	1	0.200
H7918	s40	1	0.200
H7919	s33	23	0.377
H7919	s31	14	0.230
H7919	s37	8	0.131
H7919	s05	6	0.098
H7921	s15	10	0.417
H7921	s28	6	0.250
H7921	s38	5	0.208
H7922	s33	11	0.688
H7922	s31	3	0.188
H7922	s38	1	0.062
H7922	s22	1	0.062
H7923	s15	1	1.000
H7925	s38	22	0.338
H7925	s39	16	0.246
H7925	s06	12	0.185
H7925	s01	6	0.092
H7925	s28	5	0.077
H7926	s38	11	0.500
H7926	s34	5	0.227
H7926	s28	2	0.091
H7926	s29	2	0.091
H7926	s22	2	0.091
H7931	s35	42	0.326
H7931	s05	13	0.101
H7931	s34	12	0.093
H7931	s18	8	0.062
H7931	s22	7	0.054
H7934	s35	6	0.300
H7934	s22	3	0.150
H7934	s28	2	0.100
H7934	s06	2	0.100
H7934	s10	2	0.100
H7936	s28	6	0.286
H7936	s39	5	0.238
H7936	s12	3	0.143
H7936	s31	2	0.095
H7936	s33	2	0.095
H7937	s04	10	0.526
H7937	s23	6	0.316
H7937	s38	3	0.158
H7938	s04	1	0.500
H7938	s33	1	0.500
H7939	s28	18	0.643
H7939	s16	3	0.107
H7939	s05	2	0.071
H7939	s15	2	0.071
H7939	s06	2	0.071
H7941	s17	8	0.348
H7941	s28	4	0.174
H7941	s30	4	0.174
H7941	s33	2	0.087
H7941	s04	2	0.087
H7943	s15	3	1.000
H7944	s26	1	1.000
H7946	s37	1	1.000
H7947	s08	2	1.000
H7948	s03	3	1.000
H7949	s22	1	1.000
H7950	s34	10	0.500
H7950	s37	5	0.250
H7950	s40	2	0.100
H7950	s38	1	0.050
H7950	s33	1	0.050
H7951	s34	2	0.400
H7951	s37	1	0.200
H7951	s20	1	0.200
H7951	s05	1	0.200
H7952	s36	1	0.500
H7952	s38	1	0.500
H7953	s37	1	1.000
H7957	s28	2	0.500
H7957	s15	1	0.250
H7957	s37	1	0.250
H7958	s39	2	0.500
H7958	s02	1	0.250
H7958	s14	1	0.250
H7961	s37	4	0.500
H7961	s29	1	0.125
H7961	s10	1	0.125
H7961	s15	1	0.125
H7961	s23	1	0.125
H7962	s31	5	0.556
H7962	s10	2	0.222
H7962	s33	2	0.222
H7964	s39	1	0.333
H7964	s35	1	0.333
H7964	s10	1	0.333
H7965	s38	71	0.300
H7965	s30	59	0.249
H7965	s39	41	0.173
H7965	s15	26	0.110
H7966	s35	3	1.000
H7971	s38	165	0.195
H7971	s39	110	0.130
H7971	s15	66	0.078
H7971	s36	59	0.070
H7971	s06	56	0.066
H7973	s39	4	0.500
H7973	s37	2	0.250
H7973	s12	1	0.125
H7973	s23	1	0.125
H7976	s04	1	1.000
H7979	s18	16	0.225
H7979	s19	16	0.225
H7979	s38	14	0.197
H7979	s26	11	0.155
H7979	s14	4	0.056
H7980	s16	7	0.875
H7980	s13	1	0.125
H7982	s39	3	0.429
H7982	s12	2	0.286
H7982	s10	2	0.286
H7983	s16	2	1.000
H7986	s10	1	1.000
H7987	s39	1	1.000
H7988	s20	1	1.000
H7989	s16	3	0.750
H7989	s02	1	0.250
H7991	s39	13	0.684
H7991	s10	2	0.105
H7991	s11	1	0.053
H7991	s36	1	0.053
H7991	s33	1	0.053
H7993	s39	30	0.240
H7993	s06	15	0.120
H7993	s36	13	0.104
H7993	s15	13	0.104
H7993	s29	8	0.064
H7994	s07	2	1.000
H7995	s40	1	1.000
H7997	s15	9	0.562
H7997	s31	4	0.250
H7997	s38	2	0.125
H7997	s30	1	0.062
H7998	s39	37	0.507
H7998	s35	21	0.288
H7998	s31	11	0.151
H7999	s30	40	0.345
H7999	s37	18	0.155
H7999	s39	14	0.121
H7999	s16	14	0.121
H7999	s33	10	0.086
H8002	s01	60	0.690
H8002	s11	17	0.195
H8002	s17	9	0.103
H8003	s36	8	0.286
H8003	s06	7	0.250
H8003	s05	5	0.179
H8003	s12	3	0.107
H8005	s23	1	1.000
H8008	s06	4	0.250
H8008	s05	3	0.188
H8008	s11	2	0.125
H8008	s37	2	0.125
H8008	s34	2	0.125
H8011	s30	1	1.000
H8021	s11	1	1.000
H8025	s39	21	0.840
H8025	s28	2	0.080
H8027	s06	3	0.333
H8027	s01	2	0.222
H8027	s38	1	0.111
H8027	s39	1	0.111
H8027	s16	1	0.111
H8029	s06	5	1.000
H8034	s28	150	0.174
H8034	s22	88	0.102
H8034	s05	84	0.097
H8034	s36	57	0.066
H8034	s38	50	0.058
H8040	s39	9	0.167
H8040	s03	8	0.148
H8040	s40	7	0.130
H8040	s28	6	0.111
H8040	s38	6	0.111
H8041	s39	1	0.200
H8041	s38	1	0.200
H8041	s15	1	0.200
H8041	s28	1	0.200
H8041	s34	1	0.200
H8042	s25	7	0.778
H8042	s03	2	0.222
H8045	s06	43	0.478
H8045	s20	22	0.244
H8045	s31	8	0.089
H8045	s15	7	0.078
H8047	s04	19	0.487
H8047	s15	13	0.333
H8047	s20	4	0.103
H8047	s12	3	0.077
H8052	s04	11	0.407
H8052	s31	6	0.222
H8052	s05	3	0.111
H8052	s33	3	0.111
H8052	s38	2	0.074
H8056	s22	60	0.343
H8056	s30	28	0.160
H8056	s12	23	0.131
H8056	s16	23	0.131
H8056	s33	21	0.120
H8057	s22	38	0.404
H8057	s16	20	0.213
H8057	s04	14	0.149
H8057	s12	10	0.106
H8057	s33	8	0.085
H8058	s12	4	0.444
H8058	s36	2	0.222
H8058	s26	1	0.111
H8058	s01	1	0.111
H8058	s05	1	0.111
H8059	s06	4	0.800
H8059	s12	1	0.200
H8063	s39	1	1.000
H8064	s05	124	0.295
H8064	s22	62	0.147
H8064	s07	58	0.138
H8064	s06	55	0.131
H8064	s34	33	0.078
H8068	s23	5	0.455
H8068	s04	3	0.273
H8068	s06	1	0.091
H8068	s01	1	0.091
H8068	s30	1	0.091
H8071	s38	9	0.310
H8071	s02	7	0.241
H8071	s39	5	0.172
H8071	s06	3	0.103
H8071	s28	2	0.069
H8074	s15	57	0.606
H8074	s30	11	0.117
H8074	s31	10	0.106
H8074	s05	8	0.085
H8076	s05	1	0.500
H8076	s04	1	0.500
H8077	s15	49	0.860
H8077	s04	5	0.088
H8078	s38	1	0.500
H8078	s15	1	0.500
H8079	s14	1	1.000
H8080	s23	2	0.400
H8080	s06	2	0.400
H8080	s40	1	0.200
H8081	s17	52	0.269
H8081	s18	29	0.150
H8081	s11	27	0.140
H8081	s09	24	0.124
H8081	s25	21	0.109
H8082	s06	4	0.400
H8082	s15	2	0.200
H8082	s34	2	0.200
H8082	s29	1	0.100
H8082	s37	1	0.100
H8085	s06	158	0.136
H8085	s05	96	0.083
H8085	s38	89	0.077
H8085	s15	83	0.072
H8085	s39	81	0.070
H8088	s04	5	0.278
H8088	s05	4	0.222
H8088	s40	3	0.167
H8088	s31	2	0.111
H8088	s21	2	0.111
H8089	s31	1	0.250
H8089	s04	1	0.250
H8089	s39	1	0.250
H8089	s06	1	0.250
H8101	s29	1	1.000
H8102	s37	1	0.500
H8102	s34	1	0.500
H8103	s06	1	1.000
H8104	s06	126	0.269
H8104	s12	71	0.152
H8104	s05	67	0.143
H8104	s33	34	0.073
H8104	s13	33	0.071
H8105	s04	4	0.800
H8105	s22	1	0.200
H8107	s14	2	1.000
H8108	s37	1	1.000
H8109	s22	1	1.000
H8121	s16	69	0.511
H8121	s39	15	0.111
H8121	s34	12	0.089
H8121	s22	11	0.081
H8121	s29	9	0.067
H8127	s30	12	0.218
H8127	s23	11	0.200
H8127	s10	7	0.127
H8127	s04	6	0.109
H8127	s39	4	0.073
H8130	s33	35	0.240
H8130	s30	24	0.164
H8130	s22	19	0.130
H8130	s28	17	0.116
H8130	s10	12	0.082
H8132	s16	2	0.667
H8132	s36	1	0.333
H8135	s33	6	0.353
H8135	s30	4	0.235
H8135	s06	3	0.176
H8135	s16	2	0.118
H8135	s10	1	0.059
H8136	s22	1	1.000
H8138	s31	3	0.130
H8138	s33	3	0.130
H8138	s01	2	0.087
H8138	s02	2	0.087
H8138	s34	2	0.087
H8141	s36	412	0.470
H8141	s28	140	0.160
H8141	s12	125	0.143
H8141	s11	61	0.070
H8142	s33	7	0.292
H8142	s02	4	0.167
H8142	s16	3	0.125
H8142	s22	3	0.125
H8142	s04	2	0.083
H8143	s11	1	0.500
H8143	s26	1	0.500
H8144	s32	21	0.500
H8144	s08	10	0.238
H8144	s25	6	0.143
H8144	s28	4	0.095
H8146	s28	1	1.000
H8148	s05	2	0.500
H8148	s20	2	0.500
H8150	s23	6	0.667
H8150	s36	1	0.111
H8150	s22	1	0.111
H8150	s30	1	0.111
H8151	s01	1	1.000
H8154	s39	4	0.364
H8154	s06	3	0.273
H8154	s30	3	0.273
H8154	s04	1	0.091
H8155	s39	3	0.500
H8155	s04	1	0.167
H8155	s06	1	0.167
H8155	s22	1	0.167
H8156	s07	9	1.000
H8157	s07	4	1.000
H8158	s28	1	1.000
H8159	s13	4	0.286
H8159	s37	4	0.286
H8159	s21	3	0.214
H8159	s28	2	0.143
H8159	s04	1	0.071
H8161	s04	1	1.000
H8162	s24	1	0.500
H8162	s27	1	0.500
H8163	s17	16	0.271
H8163	s25	14	0.237
H8163	s11	13	0.220
H8163	s01	9	0.153
H8163	s28	3	0.051
H8164	s23	1	1.000
H8166	s01	1	0.500
H8166	s27	1	0.500
H8168	s39	1	0.333
H8168	s15	1	0.333
H8168	s13	1	0.333
H8172	s39	6	0.273
H8172	s36	4	0.182
H8172	s37	3	0.136
H8172	s15	2	0.091
H8172	s31	2	0.091
H8173	s13	5	0.500
H8173	s36	2	0.200
H8173	s04	1	0.100
H8173	s40	1	0.100
H8173	s30	1	0.100
H8175	s37	3	0.375
H8175	s31	1	0.125
H8175	s23	1	0.125
H8175	s10	1	0.125
H8175	s34	1	0.125
H8176	s33	1	1.000
H8178	s10	2	0.500
H8178	s34	2	0.500
H8179	s12	104	0.280
H8179	s19	99	0.266
H8179	s39	51	0.137
H8179	s34	20	0.054
H8179	s05	19	0.051
H8180	s28	1	1.000
H8181	s24	18	0.643
H8181	s25	5	0.179
H8181	s17	2	0.071
H8182	s15	1	1.000
H8183	s37	1	0.500
H8183	s31	1	0.500
H8184	s38	10	0.294
H8184	s11	9	0.265
H8184	s05	5	0.147
H8184	s39	2	0.059
H8184	s27	2	0.059
H8185	s30	3	0.429
H8185	s38	2	0.286
H8185	s36	1	0.143
H8185	s37	1	0.143
H8186	s15	2	0.500
H8186	s34	1	0.250
H8186	s23	1	0.250
H8191	s13	9	1.000
H8192	s04	1	0.500
H8192	s37	1	0.500
H8193	s33	74	0.420
H8193	s30	23	0.131
H8193	s32	16	0.091
H8193	s37	15	0.085
H8193	s03	10	0.057
H8194	s38	1	1.000
H8196	s31	1	0.500
H8196	s10	1	0.500
H8198	s28	36	0.571
H8198	s38	23	0.365
H8199	s30	34	0.168
H8199	s15	31	0.153
H8199	s06	28	0.139
H8199	s05	22	0.109
H8199	s35	19	0.094
H8201	s15	11	0.688
H8201	s12	3	0.188
H8201	s10	1	0.062
H8201	s33	1	0.062
H8205	s04	3	0.333
H8205	s15	2	0.222
H8205	s30	1	0.111
H8205	s29	1	0.111
H8205	s10	1	0.111
H8207	s30	1	1.000
H8210	s15	37	0.322
H8210	s01	27	0.235
H8210	s30	13	0.113
H8210	s27	12	0.104
H8210	s10	11	0.096
H8211	s01	2	1.000
H8212	s05	1	1.000
H8213	s04	9	0.290
H8213	s21	6	0.194
H8213	s34	6	0.194
H8213	s22	4	0.129
H8213	s33	3	0.097
H8216	s16	1	0.500
H8216	s22	1	0.500
H8217	s24	9	0.529
H8217	s15	3	0.176
H8217	s26	2	0.118
H8217	s37	1	0.059
H8217	s33	1	0.059
H8218	s04	1	1.000
H8220	s16	1	1.000
H8222	s15	3	0.600
H8222	s38	1	0.200
H8222	s24	1	0.200
H8226	s01	1	1.000
H8228	s01	1	1.000
H8229	s39	3	0.500
H8229	s34	3	0.500
H8231	s22	1	1.000
H8233	s21	1	1.000
H8235	s34	1	1.000
H8237	s39	1	1.000
H8239	s09	2	0.400
H8239	s03	1	0.200
H8239	s28	1	0.200
H8239	s30	1	0.200
H8240	s19	1	0.500
H8240	s22	1	0.500
H8241	s28	1	1.000
H8242	s04	32	0.667
H8242	s30	6	0.125
H8242	s02	5	0.104
H8244	s15	1	1.000
H8245	s05	5	0.417
H8245	s15	4	0.333
H8245	s37	2	0.167
H8245	s31	1	0.083
H8246	s18	6	1.000
H8247	s16	2	0.500
H8247	s38	1	0.250
H8247	s29	1	0.250
H8248	s38	24	0.393
H8248	s28	11	0.180
H8248	s34	5	0.082
H8248	s40	4	0.066
H8248	s14	4	0.066
H8250	s10	1	0.333
H8250	s02	1	0.333
H8250	s05	1	0.333
H8251	s15	14	0.500
H8251	s31	4	0.143
H8251	s06	4	0.143
H8251	s36	3	0.107
H8251	s05	2	0.071
H8252	s39	16	0.390
H8252	s34	6	0.146
H8252	s36	4	0.098
H8252	s04	4	0.098
H8252	s37	4	0.098
H8253	s05	1	1.000
H8254	s11	7	0.318
H8254	s12	6	0.273
H8254	s35	4	0.182
H8254	s37	3	0.136
H8255	s11	87	0.989
H8256	s14	4	0.571
H8256	s36	3	0.429
H8257	s15	2	0.333
H8257	s02	1	0.167
H8257	s36	1	0.167
H8257	s34	1	0.167
H8257	s14	1	0.167
H8258	s24	1	1.000
H8259	s38	7	0.318
H8259	s22	4	0.182
H8259	s39	3	0.136
H8259	s28	2	0.091
H8259	s35	2	0.091
H8260	s19	1	1.000
H8261	s26	1	0.500
H8261	s19	1	0.500
H8262	s07	5	0.714
H8262	s27	1	0.143
H8262	s30	1	0.143
H8263	s07	11	1.000
H8264	s04	3	0.500
H8264	s02	1	0.167
H8264	s33	1	0.167
H8264	s34	1	0.167
H8265	s15	1	1.000
H8266	s22	5	0.833
H8266	s27	1	0.167
H8267	s30	42	0.372
H8267	s15	26	0.230
H8267	s33	25	0.221
H8267	s13	11	0.097
H8268	s38	1	0.500
H8268	s28	1	0.500
H8269	s39	111	0.264
H8269	s12	70	0.166
H8269	s31	56	0.133
H8269	s36	52	0.124
H8269	s02	39	0.093
H8270	s10	3	1.000
H8273	s35	1	0.500
H8273	s22	1	0.500
H8275	s31	4	1.000
H8276	s34	1	0.500
H8276	s15	1	0.500
H8277	s39	1	1.000
H8278	s18	3	0.750
H8278	s08	1	0.250
H8279	s37	1	1.000
H8280	s14	2	0.667
H8280	s38	1	0.333
H8281	s29	1	0.500
H8281	s34	1	0.500
H8282	s31	2	0.400
H8282	s35	2	0.400
H8282	s28	1	0.200
H8284	s15	1	1.000
H8285	s10	1	1.000
H8288	s39	1	0.500
H8288	s34	1	0.500
H8291	s04	1	1.000
H8292	s35	1	0.500
H8292	s23	1	0.500
H8295	s39	2	0.667
H8295	s27	1	0.333
H8296	s27	2	1.000
H8299	s02	2	0.667
H8299	s04	1	0.333
H8300	s39	17	0.607
H8300	s37	5	0.179
H8300	s04	3	0.107
H8300	s20	2	0.071
H8302	s39	6	0.667
H8302	s36	1	0.111
H8302	s30	1	0.111
H8302	s34	1	0.111
H8305	s04	1	1.000
H8306	s34	1	1.000
H8307	s06	7	0.700
H8307	s15	2	0.200
H8307	s04	1	0.100
H8308	s15	1	1.000
H8311	s01	2	0.667
H8311	s31	1	0.333
H8312	s37	2	1.000
H8313	s39	26	0.222
H8313	s36	20	0.171
H8313	s06	19	0.162
H8313	s09	13	0.111
H8313	s01	10	0.085
H8314	s40	2	0.286
H8314	s29	2	0.286
H8314	s06	1	0.143
H8314	s04	1	0.143
H8314	s36	1	0.143
H8316	s36	4	0.308
H8316	s27	3	0.231
H8316	s22	2	0.154
H8316	s18	2	0.154
H8316	s14	1	0.077
H8317	s07	12	0.857
H8317	s29	1	0.071
H8317	s14	1	0.071
H8318	s07	14	0.933
H8318	s27	1	0.067
H8319	s04	3	0.250
H8319	s15	3	0.250
H8319	s10	2	0.167
H8319	s05	1	0.083
H8319	s07	1	0.083
H8320	s38	1	1.000
H8321	s23	2	0.667
H8321	s15	1	0.333
H8322	s15	5	0.714
H8322	s36	1	0.143
H8322	s04	1	0.143
H8323	s36	2	0.286
H8323	s33	2	0.286
H8323	s18	2	0.286
H8323	s31	1	0.143
H8324	s30	4	0.800
H8324	s22	1	0.200
H8327	s37	3	0.375
H8327	s34	2	0.250
H8327	s30	2	0.250
H8327	s31	1	0.125
H8328	s04	11	0.333
H8328	s37	8	0.242
H8328	s31	6	0.182
H8328	s34	4	0.121
H8328	s33	2	0.061
H8333	s32	4	0.500
H8333	s03	3	0.375
H8333	s26	1	0.125
H8334	s18	28	0.289
H8334	s12	19	0.196
H8334	s19	19	0.196
H8334	s38	5	0.052
H8334	s09	5	0.052
H8335	s12	1	0.500
H8335	s18	1	0.500
H8336	s08	19	0.463
H8336	s32	15	0.366
H8336	s10	4	0.098
H8338	s15	1	1.000
H8341	s11	1	1.000
H8342	s22	7	0.318
H8342	s04	5	0.227
H8342	s15	4	0.182
H8342	s31	2	0.091
H8342	s25	2	0.091
H8350	s10	1	0.500
H8350	s05	1	0.500
H8354	s38	104	0.479
H8354	s04	39	0.180
H8354	s23	23	0.106
H8354	s15	13	0.060
H8356	s04	1	1.000
H8357	s39	2	0.667
H8357	s33	1	0.333
H8358	s16	1	1.000
H8359	s24	9	1.000
H8360	s31	1	1.000
H8362	s04	4	0.400
H8362	s26	3	0.300
H8362	s20	1	0.100
H8362	s33	1	0.100
H8362	s22	1	0.100
H8363	s22	1	1.000
H8365	s37	2	1.000
H8366	s36	3	0.500
H8366	s38	3	0.500
H8367	s34	3	0.750
H8367	s33	1	0.250
H8368	s39	1	1.000
H8372	s19	13	1.000
H8373	s13	2	1.000
H8374	s15	1	1.000
H8375	s13	1	1.000
H8376	s29	2	1.000
H8377	s07	1	0.500
H8377	s23	1	0.500
H8378	s33	11	0.550
H8378	s14	4	0.200
H8378	s37	3	0.150
H8378	s22	1	0.050
H8378	s30	1	0.050
H8379	s28	1	1.000
H8380	s28	3	0.500
H8380	s08	2	0.333
H8380	s10	1	0.167
H8381	s20	1	1.000
H8382	s02	1	0.500
H8382	s28	1	0.500
H8383	s15	1	1.000
H8384	s04	15	0.385
H8384	s35	7	0.179
H8384	s20	4	0.103
H8384	s02	3	0.077
H8384	s10	3	0.077
H8385	s28	1	0.500
H8385	s15	1	0.500
H8386	s02	1	0.500
H8386	s15	1	0.500
H8388	s29	6	0.750
H8388	s37	2	0.250
H8389	s02	9	0.600
H8389	s38	5	0.333
H8389	s28	1	0.067
H8391	s34	2	0.667
H8391	s10	1	0.333
H8392	s28	13	0.464
H8392	s40	8	0.286
H8392	s26	7	0.250
H8393	s12	26	0.619
H8393	s33	8	0.190
H8393	s34	3	0.071
H8394	s33	27	0.643
H8394	s14	4	0.095
H8394	s23	3	0.071
H8395	s36	1	1.000
H8397	s27	2	1.000
H8398	s22	22	0.611
H8398	s21	5	0.139
H8398	s35	4	0.111
H8398	s37	3	0.083
H8399	s29	1	1.000
H8400	s01	1	1.000
H8401	s38	13	0.765
H8401	s37	2	0.118
H8401	s15	1	0.059
H8401	s34	1	0.059
H8403	s18	7	0.350
H8403	s06	6	0.300
H8403	s40	3	0.150
H8403	s01	2	0.100
H8403	s22	1	0.050
H8408	s30	1	1.000
H8409	s30	1	1.000
H8410	s34	2	1.000
H8414	s37	7	0.350
H8414	s34	6	0.300
H8414	s23	4	0.200
H8414	s35	2	0.100
H8414	s30	1	0.050
H8415	s22	16	0.444
H8415	s34	16	0.444
H8415	s14	4	0.111
H8416	s22	38	0.667
H8416	s30	15	0.263
H8417	s37	1	1.000
H8418	s12	1	1.000
H8419	s33	9	0.900
H8419	s23	1	0.100
H8420	s15	2	0.667
H8420	s34	1	0.333
H8424	s33	3	0.750
H8424	s13	1	0.250
H8426	s01	10	0.312
H8426	s22	7	0.219
H8426	s12	6	0.188
H8426	s30	5	0.156
H8426	s07	2	0.062
H8427	s39	1	0.500
H8427	s15	1	0.500
H8428	s14	1	1.000
H8431	s33	3	0.500
H8431	s34	2	0.333
H8431	s24	1	0.167
H8432	s15	113	0.270
H8432	s29	79	0.189
H8432	s27	43	0.103
H8432	s39	37	0.089
H8432	s40	37	0.089
H8433	s33	17	0.607
H8433	s37	3	0.107
H8433	s04	2	0.071
H8433	s15	2	0.071
H8433	s30	2	0.071
H8435	s28	23	0.590
H8435	s29	14	0.359
H8437	s22	1	1.000
H8438	s32	19	0.442
H8438	s08	12	0.279
H8438	s25	6	0.140
H8441	s15	27	0.231
H8441	s33	24	0.205
H8441	s27	21	0.179
H8441	s10	15	0.128
H8441	s36	9	0.077
H8442	s30	1	0.500
H8442	s05	1	0.500
H8443	s37	4	1.000
H8444	s29	23	1.000
H8446	s29	8	0.333
H8446	s16	7	0.292
H8446	s06	3	0.125
H8446	s39	3	0.125
H8447	s38	2	0.500
H8447	s10	2	0.500
H8448	s05	1	1.000
H8449	s25	7	0.500
H8449	s27	3	0.214
H8449	s17	2	0.143
H8449	s01	1	0.071
H8449	s14	1	0.071
H8451	s06	58	0.264
H8451	s13	49	0.223
H8451	s12	31	0.141
H8451	s36	15	0.068
H8451	s27	11	0.050
H8453	s12	11	0.786
H8453	s27	2	0.143
H8453	s30	1	0.071
H8454	s33	5	0.417
H8454	s34	4	0.333
H8454	s37	3	0.250
H8455	s34	1	1.000
H8456	s34	1	1.000
H8457	s10	20	1.000
H8458	s33	5	0.833
H8458	s34	1	0.167
H8462	s05	8	0.364
H8462	s02	6	0.273
H8462	s28	3	0.136
H8463	s36	1	0.200
H8463	s06	1	0.200
H8463	s15	1	0.200
H8463	s07	1	0.200
H8463	s22	1	0.200
H8464	s07	2	1.000
H8466	s38	1	1.000
H8467	s05	24	0.960
H8469	s05	11	0.611
H8469	s30	5	0.278
H8469	s33	1	0.056
H8469	s31	1	0.056
H8473	s32	2	1.000
H8476	s18	13	0.929
H8476	s10	1	0.071
H8481	s19	9	0.692
H8481	s29	2	0.154
H8481	s05	1	0.077
H8481	s04	1	0.077
H8482	s15	7	0.368
H8482	s34	4	0.211
H8482	s39	2	0.105
H8482	s23	1	0.053
H8482	s26	1	0.053
H8484	s19	8	0.727
H8484	s08	2	0.182
H8484	s39	1	0.091
H8486	s08	9	0.391
H8486	s29	8	0.348
H8486	s23	2	0.087
H8490	s02	1	0.500
H8490	s39	1	0.500
H8492	s12	14	0.368
H8492	s20	12	0.316
H8492	s10	5	0.132
H8492	s04	5	0.132
H8495	s17	1	0.250
H8495	s28	1	0.250
H8495	s38	1	0.250
H8495	s23	1	0.250
H8496	s30	3	0.750
H8496	s33	1	0.250
H8497	s06	1	1.000
H8498	s01	1	0.333
H8498	s37	1	0.333
H8498	s39	1	0.333
H8500	s11	1	0.500
H8500	s26	1	0.500
H8502	s13	1	1.000
H8503	s34	3	0.600
H8503	s37	2	0.400
H8504	s32	32	0.653
H8504	s08	11	0.224
H8504	s18	5	0.102
H8505	s33	12	0.667
H8505	s15	3	0.167
H8505	s22	2	0.111
H8505	s12	1	0.056
H8506	s06	1	0.500
H8506	s11	1	0.500
H8508	s32	1	0.500
H8508	s01	1	0.500
H8509	s31	1	1.000
H8510	s39	3	0.600
H8510	s15	2	0.400
H8511	s20	2	0.667
H8511	s04	1	0.333
H8513	s06	2	0.400
H8513	s29	2	0.400
H8513	s24	1	0.200
H8514	s14	1	1.000
H8516	s30	1	1.000
H8518	s02	13	0.481
H8518	s39	6	0.222
H8518	s31	4	0.148
H8518	s10	2	0.074
H8519	s18	7	0.875
H8519	s02	1	0.125
H8522	s28	1	1.000
H8524	s26	1	1.000
H8525	s34	3	0.600
H8525	s01	1	0.200
H8525	s14	1	0.200
H8527	s12	1	1.000
H8529	s04	1	1.000
H8530	s02	1	1.000
H8534	s10	1	1.000
H8535	s37	7	0.467
H8535	s08	3	0.200
H8535	s28	3	0.200
H8535	s33	1	0.067
H8535	s30	1	0.067
H8537	s33	12	0.522
H8537	s05	4	0.174
H8537	s39	2	0.087
H8537	s37	2	0.087
H8537	s30	2	0.087
H8538	s24	2	0.400
H8538	s37	2	0.400
H8538	s33	1	0.200
H8539	s04	3	0.333
H8539	s37	2	0.222
H8539	s16	1	0.111
H8539	s38	1	0.111
H8539	s34	1	0.111
H8541	s20	1	0.500
H8541	s39	1	0.500
H8544	s06	7	0.700
H8544	s37	2	0.200
H8544	s40	1	0.100
H8545	s12	4	0.667
H8545	s37	2	0.333
H8546	s22	1	0.500
H8546	s05	1	0.500
H8549	s17	36	0.396
H8549	s01	18	0.198
H8549	s21	16	0.176
H8549	s25	6	0.066
H8549	s13	5	0.055
H8550	s32	2	0.400
H8550	s12	2	0.400
H8550	s09	1	0.200
H8551	s33	9	0.429
H8551	s35	6	0.286
H8551	s37	2	0.095
H8552	s15	15	0.234
H8552	s06	12	0.188
H8552	s12	6	0.094
H8552	s37	6	0.094
H8552	s39	5	0.078
H8557	s23	1	1.000
H8558	s39	4	0.333
H8558	s12	2	0.167
H8558	s10	2	0.167
H8558	s29	1	0.083
H8558	s04	1	0.083
H8560	s28	1	0.500
H8560	s16	1	0.500
H8561	s19	13	0.684
H8561	s26	6	0.316
H8562	s38	3	0.750
H8562	s33	1	0.250
H8563	s04	2	0.667
H8563	s14	1	0.333
H8564	s23	1	1.000
H8565	s35	6	0.429
H8565	s04	4	0.286
H8565	s34	2	0.143
H8565	s15	1	0.071
H8565	s30	1	0.071
H8566	s04	2	1.000
H8567	s35	1	0.500
H8567	s12	1	0.500
H8569	s37	1	0.500
H8569	s39	1	0.500
H8570	s23	4	0.800
H8570	s15	1	0.200
H8571	s09	4	0.500
H8571	s25	4	0.500
H8572	s37	3	0.600
H8572	s33	1	0.200
H8572	s22	1	0.200
H8573	s09	17	0.567
H8573	s25	7	0.233
H8573	s08	3	0.100
H8573	s17	3	0.100
H8574	s07	5	0.333
H8574	s15	2	0.133
H8574	s04	2	0.133
H8574	s12	2	0.133
H8574	s14	1	0.067
H8575	s37	3	0.600
H8575	s33	1	0.200
H8575	s28	1	0.200
H8580	s07	2	0.667
H8580	s27	1	0.333
H8581	s10	9	0.409
H8581	s22	4	0.182
H8581	s37	4	0.182
H8581	s34	3	0.136
H8581	s13	2	0.091
H8582	s33	10	0.200
H8582	s13	7	0.140
H8582	s15	7	0.140
H8582	s04	7	0.140
H8582	s34	7	0.140
H8584	s34	2	0.667
H8584	s28	1	0.333
H8585	s01	3	0.273
H8585	s38	2	0.182
H8585	s36	2	0.182
H8585	s26	1	0.091
H8585	s20	1	0.091
H8586	s38	1	0.500
H8586	s05	1	0.500
H8587	s37	1	0.333
H8587	s34	1	0.333
H8587	s30	1	0.333
H8588	s16	2	0.400
H8588	s10	2	0.400
H8588	s33	1	0.200
H8589	s05	1	1.000
H8591	s36	1	0.500
H8591	s28	1	0.500
H8592	s22	1	1.000
H8593	s15	5	0.385
H8593	s39	3	0.231
H8593	s25	2	0.154
H8593	s35	1	0.077
H8593	s09	1	0.077
H8594	s39	1	0.500
H8594	s36	1	0.500
H8595	s16	2	1.000
H8596	s22	6	0.353
H8596	s28	5	0.294
H8596	s04	2	0.118
H8596	s38	1	0.059
H8596	s32	1	0.059
H8597	s10	18	0.353
H8597	s22	11	0.216
H8597	s04	7	0.137
H8597	s33	6	0.118
H8597	s14	3	0.059
H8598	s10	5	0.833
H8598	s04	1	0.167
H8600	s04	1	1.000
H8601	s17	1	1.000
H8602	s15	5	0.714
H8602	s37	2	0.286
H8604	s15	1	0.333
H8604	s38	1	0.333
H8604	s34	1	0.333
H8605	s05	57	0.740
H8605	s30	17	0.221
H8606	s04	1	1.000
H8608	s04	1	0.500
H8608	s22	1	0.500
H8609	s28	1	0.250
H8609	s15	1	0.250
H8609	s07	1	0.250
H8609	s37	1	0.250
H8610	s15	22	0.338
H8610	s39	21	0.323
H8610	s01	4	0.062
H8610	s38	4	0.062
H8611	s37	1	1.000
H8615	s37	17	0.500
H8615	s33	8	0.235
H8615	s30	4	0.118
H8615	s15	2	0.059
H8615	s39	2	0.059
H8617	s15	1	1.000
H8618	s37	1	1.000
H8619	s15	1	1.000
H8622	s38	1	0.250
H8622	s01	1	0.250
H8622	s06	1	0.250
H8622	s13	1	0.250
H8623	s16	1	1.000
H8626	s16	3	1.000
H8628	s39	59	0.868
H8629	s22	1	1.000
H8630	s37	2	0.667
H8630	s16	1	0.333
H8633	s31	3	1.000
H8635	s06	1	1.000
H8636	s27	5	0.833
H8636	s33	1	0.167
H8638	s36	1	1.000
H8639	s37	4	0.571
H8639	s07	1	0.143
H8639	s06	1	0.143
H8639	s33	1	0.143
H8641	s12	31	0.408
H8641	s09	18	0.237
H8641	s29	15	0.197
H8641	s18	9	0.118
H8642	s29	1	1.000
H8643	s39	21	0.583
H8643	s22	7	0.194
H8643	s37	3	0.083
H8643	s04	2	0.056
H8643	s12	2	0.056
H8644	s19	1	1.000
H8645	s37	1	1.000
H8649	s13	2	0.333
H8649	s15	2	0.333
H8649	s06	1	0.167
H8649	s02	1	0.167
H8650	s35	2	0.667
H8650	s10	1	0.333
H8653	s23	2	0.667
H8653	s38	1	0.333
H8654	s29	1	1.000
H8655	s28	5	0.333
H8655	s06	5	0.333
H8655	s39	3	0.200
H8655	s11	2	0.133
H8658	s40	4	0.571
H8658	s32	3	0.429
H8660	s12	5	1.000
H8663	s37	2	0.500
H8663	s04	1	0.250
H8663	s34	1	0.250
H8665	s32	1	1.000
H8666	s39	4	0.500
H8666	s36	2	0.250
H8666	s37	2	0.250
H8667	s25	1	1.000
H8668	s30	14	0.412
H8668	s39	10	0.294
H8668	s22	3	0.088
H8668	s33	3	0.088
H8668	s13	3	0.088
H8669	s28	2	0.667
H8669	s10	1	0.333
H8670	s38	1	1.000
