lexeme,default,qal,niphal,piel,pual,hithpael,hiphil,hophal,hishtaphel,ithpaal,nithpael,hithpaal,poal,poel
hbo:0001,keluarga,,,,,,,,,,,,,
hbo:0003,tumbuhan,,,,,,,,,,,,,
hbo:0005,Abagta,,,,,,,,,,,,,
hbo:0006,"binasa, dibinasakan, kebinasaan, dapat binasa",binasa,,menghancurkan,,,memusnahkan,,,,,,,
hbo:0009,barang hilang,,,,,,,,,,,,,
hbo:0011,Abadon,,,,,,,,,,,,,
hbo:0012,"hancur, binasa, penghancur, pembinasa",,,,,,,,,,,,,
hbo:0014,"tunduk, menundukkan, penundukan, ketundukan",,,,,,,,,,,,,
hbo:0016,papirus,,,,,,,,,,,,,
hbo:0017,aduh,,,,,,,,,,,,,
hbo:0018,palungan,,,,,,,,,,,,,
hbo:0019,pembantaian,,,,,,,,,,,,,
hbo:0020,melon,,,,,,,,,,,,,
hbo:0021,Abi,,,,,,,,,,,,,
hbo:0022,Abiel,,,,,,,,,,,,,
hbo:0023,Abiasaf,,,,,,,,,,,,,
hbo:0024,Abib,,,,,,,,,,,,,
hbo:0026,Abigail,,,,,,,,,,,,,
hbo:0027,Abidan,,,,,,,,,,,,,
hbo:0028,Abida,,,,,,,,,,,,,
hbo:0029,Abia,,,,,,,,,,,,,
hbo:0030,Abihu,,,,,,,,,,,,,
hbo:0031,Abihud,,,,,,,,,,,,,
hbo:0032,Abihail,,,,,,,,,,,,,
hbo:0034,miskin,,,,,,,,,,,,,
hbo:0035,kerinduan,,,,,,,,,,,,,
hbo:0036,Abitub,,,,,,,,,,,,,
hbo:0037,Abital,,,,,,,,,,,,,
hbo:0038,Abia,,,,,,,,,,,,,
hbo:0039,Abimael,,,,,,,,,,,,,
hbo:0040,Abimelekh,,,,,,,,,,,,,
hbo:0041,Abinadab,,,,,,,,,,,,,
hbo:0042,Abinoam,,,,,,,,,,,,,
hbo:0043,Ebiasaf,,,,,,,,,,,,,
hbo:0044,Abiezer,,,,,,,,,,,,,
hbo:0046,"besar, sangat berkuasa, lebih berkuasa, dengan kuasa",,,,,,,,,,,,,
hbo:0047,"besar, sangat berkuasa, lebih berkuasa, dengan kuasa",,,,,,,,,,,,,
hbo:0048,Abiram,,,,,,,,,,,,,
hbo:0049,Abisag,,,,,,,,,,,,,
hbo:0050,Abisua,,,,,,,,,,,,,
hbo:0051,Abishur,,,,,,,,,,,,,
hbo:0052,Abisai,,,,,,,,,,,,,
hbo:0053a,Absalom,,,,,,,,,,,,,
hbo:0054,Abyatar,,,,,,,,,,,,,
hbo:0055,membungkus,,,,,,,,,,,,,
hbo:0056,"meratap, ratapan, meratapi, peratap",berduka,,,,berduka-duka,menyebabkan duka,,,,,,,
hbo:0057,"meratap, ratapan, meratapi, peratap",,,,,,,,,,,,,
hbo:0060,"meratap, ratapan, meratapi, peratap",,,,,,,,,,,,,
hbo:0061,tetapi,,,,,,,,,,,,,
hbo:0063,Abel-Sitim,,,,,,,,,,,,,
hbo:0064,Habel,,,,,,,,,,,,,
hbo:0065,Habel,,,,,,,,,,,,,
hbo:0066,Abel-Mayim,,,,,,,,,,,,,
hbo:0067,Abel-Mesir,,,,,,,,,,,,,
hbo:0068,"batu, bebatuan, merajam",,,,,,,,,,,,,
hbo:0070,batu,,,,,,,,,,,,,
hbo:0072,batu pertolongan,,,,,,,,,,,,,
hbo:0073,ikat pinggang,,,,,,,,,,,,,
hbo:0074,Abner,,,,,,,,,,,,,
hbo:0075,gemuk,,,,,,,,,,,,,
hbo:0076,bisul,,,,,,,,,,,,,
hbo:0077,Ebez,,,,,,,,,,,,,
hbo:0078,Ibzan,,,,,,,,,,,,,
hbo:0080,debu,,,,,,,,,,,,,
hbo:0081,debu harum,,,,,,,,,,,,,
hbo:0083,sayap,,,,,,,,,,,,,
hbo:0084,sayap,,,,,,,,,,,,,
hbo:0085,"Abraham, Abram",,,,,,,,,,,,,
hbo:0086,hormat,,,,,,,,,,,,,
hbo:0087,"Abraham, Abram",,,,,,,,,,,,,
hbo:0088,Oboth,,,,,,,,,,,,,
hbo:0089,Agee,,,,,,,,,,,,,
hbo:0090,Agag,,,,,,,,,,,,,
hbo:0091,Agag,,,,,,,,,,,,,
hbo:0092,ikat,,,,,,,,,,,,,
hbo:0093,kenari,,,,,,,,,,,,,
hbo:0094,Agur,,,,,,,,,,,,,
hbo:0095,coin,,,,,,,,,,,,,
hbo:0096,tetes,,,,,,,,,,,,,
hbo:0097,Eglain,,,,,,,,,,,,,
hbo:0098,kolam,,,,,,,,,,,,,
hbo:0099,bersedih,,,,,,,,,,,,,
hbo:0100,"gelagah, gelagah-gelagah, buluh, buluh-buluh",,,,,,,,,,,,,
hbo:0101,mangkuk,,,,,,,,,,,,,
hbo:0102,pasukan,,,,,,,,,,,,,
hbo:0103,"panen, dipanen, mesin penunai, pemanen",,,,,,,,,,,,,
hbo:0105,baskom,,,,,,,,,,,,,
hbo:0106,kepalan,,,,,,,,,,,,,
hbo:0107,surat,,,,,,,,,,,,,
hbo:0108,uap,,,,,,,,,,,,,
hbo:0109,"meratap, ratapan, meratapi, peratap",,,,,,,,,,,,,
hbo:0110,Adbeel,,,,,,,,,,,,,
hbo:0111,Hadad,,,,,,,,,,,,,
hbo:0112,Ido,,,,,,,,,,,,,
hbo:0113,"Tuhan, majikkan, tuan, penguasa",,,,,,,,,,,,,
hbo:0115,Adoraim,,,,,,,,,,,,,
hbo:0116,kemudian,,,,,,,,,,,,,
hbo:0117,"mulia, bangsawan",,,,,,,,,,,,,
hbo:0118,Adalia,,,,,,,,,,,,,
hbo:0119,merah,merah,,,dicelup merah,tampak kemerahan,memerahkan,,,,,,,
hbo:0120,Adam,,,,,,,,,,,,,
hbo:0122,merah,,,,,,,,,,,,,
hbo:0123,"Edom, orang Edom, Edomea",,,,,,,,,,,,,
hbo:0124,permata merah,,,,,,,,,,,,,
hbo:0125,kemerahan,,,,,,,,,,,,,
hbo:0126,Admah,,,,,,,,,,,,,
hbo:0127,"bumi, duniawi",,,,,,,,,,,,,
hbo:0132,merah,,,,,,,,,,,,,
hbo:0133,Admata,,,,,,,,,,,,,
hbo:0134,"mendirikan, didirikan, pendiri, dasar",,,,,,,,,,,,,
hbo:0135,Adan,,,,,,,,,,,,,
hbo:0136,"Tuhan, majikkan, tuan, penguasa",,,,,,,,,,,,,
hbo:0137,Adoni-bezek,,,,,,,,,,,,,
hbo:0138,Adonia,,,,,,,,,,,,,
hbo:0139,Adoni-zedek,,,,,,,,,,,,,
hbo:0140,Adonikam,,,,,,,,,,,,,
hbo:0141,Adoniram,,,,,,,,,,,,,
hbo:0142,agung,,bercahaya mulia,,,,memuliakan,,,,,,,
hbo:0143,Adar,,,,,,,,,,,,,
hbo:0145,jubah,,,,,,,,,,,,,
hbo:0146,Adar,,,,,,,,,,,,,
hbo:0146a,Adar,,,,,,,,,,,,,
hbo:0148,hakim,,,,,,,,,,,,,
hbo:0149,sungguh-sungguh,,,,,,,,,,,,,
hbo:0151,Adoram,,,,,,,,,,,,,
hbo:0152,Adramelek,,,,,,,,,,,,,
hbo:0152a,Adramelek,,,,,,,,,,,,,
hbo:0153,Adoram,,,,,,,,,,,,,
hbo:0154,Edrei,,,,,,,,,,,,,
hbo:0155,"jubah, jubah-jubah, berjubah",,,,,,,,,,,,,
hbo:0157,"cinta, cinta kasih, mencintai, dicintai",mencintai,dapat dicintai,bersahabat,,,,,,,,,,
hbo:0158,"cinta, cinta kasih, mencintai, dicintai",,,,,,,,,,,,,
hbo:0159,"cinta, cinta kasih, mencintai, dicintai",,,,,,,,,,,,,
hbo:0160,"cinta, cinta kasih, mencintai, dicintai",,,,,,,,,,,,,
hbo:0161,Ohad,,,,,,,,,,,,,
hbo:0162,aduh,,,,,,,,,,,,,
hbo:0163,Ahawa,,,,,,,,,,,,,
hbo:0164,Ehud,,,,,,,,,,,,,
hbo:0167,"kemah, kemah-kemah, pembuat tenda",,,,,,,,,,,,,
hbo:0168,"kemah, kemah-kemah, pembuat tenda",,,,,,,,,,,,,
hbo:0170,Ahola,,,,,,,,,,,,,
hbo:0171,Aholiab,,,,,,,,,,,,,
hbo:0172,Aholiba,,,,,,,,,,,,,
hbo:0173,Aholibama,,,,,,,,,,,,,
hbo:0174,gaharu,,,,,,,,,,,,,
hbo:0175,Harun,,,,,,,,,,,,,
hbo:0176,atau,,,,,,,,,,,,,
hbo:0177,Uel,,,,,,,,,,,,,
hbo:0178,"lubang, jebakan",,,,,,,,,,,,,
hbo:0178a,"lubang, jebakan",,,,,,,,,,,,,
hbo:0179,Obil,,,,,,,,,,,,,
hbo:0181,api,,,,,,,,,,,,,
hbo:0182,sebab,,,,,,,,,,,,,
hbo:0183,"nafsu, bernafsu",,,menginginkan,,berkeinginan,,,,,,,,
hbo:0185,"nafsu, bernafsu",,,,,,,,,,,,,
hbo:0186,Uzai,,,,,,,,,,,,,
hbo:0187,Uzal,,,,,,,,,,,,,
hbo:0188,wai,,,,,,,,,,,,,
hbo:0189,Evi,,,,,,,,,,,,,
hbo:0190,wai,,,,,,,,,,,,,
hbo:0191,"orang bodoh, bodoh, kebodohan",,,,,,,,,,,,,
hbo:0192,"jahat, fasik, kefasikkan",,,,,,,,,,,,,
hbo:0194,mungkin,,,,,,,,,,,,,
hbo:0195,mungkin,,,,,,,,,,,,,
hbo:0196,bodoh,,,,,,,,,,,,,
hbo:0198,tetapi,,,,,,,,,,,,,
hbo:0199,tetapi,,,,,,,,,,,,,
hbo:0200,"orang bodoh, bodoh, kebodohan",,,,,,,,,,,,,
hbo:0201,Omar,,,,,,,,,,,,,
hbo:0203,On,,,,,,,,,,,,,
hbo:0204,On,,,,,,,,,,,,,
hbo:0205,kecurangan,,,,,,,,,,,,,
hbo:0205a,kecurangan,,,,,,,,,,,,,
hbo:0207,Ono,,,,,,,,,,,,,
hbo:0208,Onam,,,,,,,,,,,,,
hbo:0209,Onan,,,,,,,,,,,,,
hbo:0210,Ufaz,,,,,,,,,,,,,
hbo:0211,Ofir,,,,,,,,,,,,,
hbo:0211a,Ofir,,,,,,,,,,,,,
hbo:0212,roda,,,,,,,,,,,,,
hbo:0213,tergesa-gesa,tergesa-gesa,,,,,mendesak,,,,,,,
hbo:0214,gudang,,,,,,,,,,,,,
hbo:0215,cahaya,bercahaya,bersinar,,,,menerangi,,,,,,,
hbo:0216,terang,,,,,,,,,,,,,
hbo:0217,Ur,,,,,,,,,,,,,
hbo:0218,Ur,,,,,,,,,,,,,
hbo:0218a,Ur,,,,,,,,,,,,,
hbo:0221,Uri,,,,,,,,,,,,,
hbo:0222,Uriel,,,,,,,,,,,,,
hbo:0223,Uria,,,,,,,,,,,,,
hbo:0224,Ur,,,,,,,,,,,,,
hbo:0225,setuju,,,,,,,,,,,,,
hbo:0226,"tanda, bukti, pengingat",,,,,,,,,,,,,
hbo:0227,kemudian,,,,,,,,,,,,,
hbo:0229,Ezbai,,,,,,,,,,,,,
hbo:0231,hisop,,,,,,,,,,,,,
hbo:0232,"melilitkan, diikat",,,,,,,,,,,,,
hbo:0233,maka,,,,,,,,,,,,,
hbo:0234,peringatan,,,,,,,,,,,,,
hbo:0235,pergi,,,,,,,,,,,,,
hbo:0237,Ezel,,,,,,,,,,,,,
hbo:0238,mendengarkan,,,,,,,,,,,,,
hbo:0240,pasak,,,,,,,,,,,,,
hbo:0241,telinga,,,,,,,,,,,,,
hbo:0242,Uzen-Seera,,,,,,,,,,,,,
hbo:0243,Aznot-tabor,,,,,,,,,,,,,
hbo:0244,Ozni,,,,,,,,,,,,,
hbo:0244a,Ozni,,,,,,,,,,,,,
hbo:0245,Azanja,,,,,,,,,,,,,
hbo:0246,rantai,,,,,,,,,,,,,
hbo:0247,"melilitkan, diikat",mengenakan ikat,terikat,mengikat,,mengikat diri,,,,,,,,
hbo:0249,pribumi,,,,,,,,,,,,,
hbo:0250,Ezrahit,,,,,,,,,,,,,
hbo:0251,saudara,,,,,,,,,,,,,
hbo:0253,saudara,,,,,,,,,,,,,
hbo:0254,saudara,,,,,,,,,,,,,
hbo:0255,serigala,,,,,,,,,,,,,
hbo:0256,Ahab,,,,,,,,,,,,,
hbo:0257,Ahban,,,,,,,,,,,,,
hbo:0259,satu,,,,,,,,,,,,,
hbo:0260,"gelagah, gelagah-gelagah, buluh, buluh-buluh",,,,,,,,,,,,,
hbo:0261,Ehud,,,,,,,,,,,,,
hbo:0262,pernyataan,,,,,,,,,,,,,
hbo:0265,Ahoah,,,,,,,,,,,,,
hbo:0266,Ahohi,,,,,,,,,,,,,
hbo:0267,Ahumai,,,,,,,,,,,,,
hbo:0268,belakang,,,,,,,,,,,,,
hbo:0269,saudara perempuan,,,,,,,,,,,,,
hbo:0270,"merebut, direbut, penyitaan",menangkap,tertangkap,,,,,ditangkap,,,,,,
hbo:0271,Ahas,,,,,,,,,,,,,
hbo:0272,"dimiliki, dimiliki, dimiliki, dimiliki",,,,,,,,,,,,,
hbo:0273,Akhzai,,,,,,,,,,,,,
hbo:0274,Ahazia,,,,,,,,,,,,,
hbo:0275,Ahuzam,,,,,,,,,,,,,
hbo:0276,Ahuzat,,,,,,,,,,,,,
hbo:0277,Ahi,,,,,,,,,,,,,
hbo:0278,Ehi,,,,,,,,,,,,,
hbo:0279,Ahiam,,,,,,,,,,,,,
hbo:0280,teka-teki,,,,,,,,,,,,,
hbo:0281,Ahia,,,,,,,,,,,,,
hbo:0282,Ahihud,,,,,,,,,,,,,
hbo:0283,Ahio,,,,,,,,,,,,,
hbo:0284,Ahihud,,,,,,,,,,,,,
hbo:0285,Ahitub,,,,,,,,,,,,,
hbo:0286,Ahilud,,,,,,,,,,,,,
hbo:0287,Ahimoth,,,,,,,,,,,,,
hbo:0288,Ahimelekh,,,,,,,,,,,,,
hbo:0289,Ahiman,,,,,,,,,,,,,
hbo:0290,Ahimaaz,,,,,,,,,,,,,
hbo:0291,Ahian,,,,,,,,,,,,,
hbo:0292,Ahinadab,,,,,,,,,,,,,
hbo:0293,Ahinoam,,,,,,,,,,,,,
hbo:0294,Ahisamakh,,,,,,,,,,,,,
hbo:0295,Ahiezer,,,,,,,,,,,,,
hbo:0296,Ahikam,,,,,,,,,,,,,
hbo:0297,Ahiram,,,,,,,,,,,,,
hbo:0298,Ahiramit,,,,,,,,,,,,,
hbo:0299,Ahira,,,,,,,,,,,,,
hbo:0300,Ahisahar,,,,,,,,,,,,,
hbo:0301,Ahishar,,,,,,,,,,,,,
hbo:0302,Ahitofel,,,,,,,,,,,,,
hbo:0303,Ahlab,,,,,,,,,,,,,
hbo:0305,seandainya,,,,,,,,,,,,,
hbo:0306,ametis,,,,,,,,,,,,,
hbo:0307,Ekbatana,,,,,,,,,,,,,
hbo:0308,Ahasbai,,,,,,,,,,,,,
hbo:0309,menunda,menunda,,menahan diri,,,mengundur,,,,,,,
hbo:0310,sesudah,,,,,,,,,,,,,
hbo:0312,"illah, allah palsu, dewa, dewi",,,,,,,,,,,,,
hbo:0314,terakhir,,,,,,,,,,,,,
hbo:0315,Aharah,,,,,,,,,,,,,
hbo:0316,Aharhel,,,,,,,,,,,,,
hbo:0317,lain,,,,,,,,,,,,,
hbo:0318,akhirnya,,,,,,,,,,,,,
hbo:0319,akhir,,,,,,,,,,,,,
hbo:0321,lain,,,,,,,,,,,,,
hbo:0322,mundur,,,,,,,,,,,,,
hbo:0325,Ahasyweros,,,,,,,,,,,,,
hbo:0326,Ahashtari,,,,,,,,,,,,,
hbo:0327,"kerajaan, keluarga kerajaan",,,,,,,,,,,,,
hbo:0328,bisik,,,,,,,,,,,,,
hbo:0329,"duri, onak duri, semak berduri",,,,,,,,,,,,,
hbo:0330,kain,,,,,,,,,,,,,
hbo:0331,tutup,,,,,,,,,,,,,
hbo:0333,Ater,,,,,,,,,,,,,
hbo:0334,kidal,,,,,,,,,,,,,
hbo:0337,pulau,,,,,,,,,,,,,
hbo:0338,pulau,,,,,,,,,,,,,
hbo:0339,pulau,,,,,,,,,,,,,
hbo:0341,"penentang, lawan-lawan, musuh, musuh-musuh",,,,,,,,,,,,,
hbo:0342,permusuhan,,,,,,,,,,,,,
hbo:0343,"masalah, kesulitan, bermasalah, pembuat masalah",,,,,,,,,,,,,
hbo:0344,Ayah,,,,,,,,,,,,,
hbo:0345,Ayah,,,,,,,,,,,,,
hbo:0346,di mana,,,,,,,,,,,,,
hbo:0347,Ayub,,,,,,,,,,,,,
hbo:0348,Izebel,,,,,,,,,,,,,
hbo:0349,bagaimana,,,,,,,,,,,,,
hbo:0349a,bagaimana,,,,,,,,,,,,,
hbo:0349b,bagaimana,,,,,,,,,,,,,
hbo:0351,di mana,,,,,,,,,,,,,
hbo:0352,"domba betina, domba jantan, domba, bulu domba",,,,,,,,,,,,,
hbo:0352a,"domba betina, domba jantan, domba, bulu domba",,,,,,,,,,,,,
hbo:0352b,"domba betina, domba jantan, domba, bulu domba",,,,,,,,,,,,,
hbo:0353,"besar, sangat berkuasa, lebih berkuasa, dengan kuasa",,,,,,,,,,,,,
hbo:0354,"rusa, kijang betina, kijang, kijang jantan",,,,,,,,,,,,,
hbo:0355,"rusa, kijang betina, kijang, kijang jantan",,,,,,,,,,,,,
hbo:0356,Elon,,,,,,,,,,,,,
hbo:0356b,Elon,,,,,,,,,,,,,
hbo:0357,Ayalon,,,,,,,,,,,,,
hbo:0359,Elat,,,,,,,,,,,,,
hbo:0360,kekuatan,,,,,,,,,,,,,
hbo:0361,lengkungan,,,,,,,,,,,,,
hbo:0362,Elim,,,,,,,,,,,,,
hbo:0363,pohon,,,,,,,,,,,,,
hbo:0364,Paran,,,,,,,,,,,,,
hbo:0365,"rusa, kijang betina, kijang, kijang jantan",,,,,,,,,,,,,
hbo:0366,"perasaan kagum, mengagumkan",,,,,,,,,,,,,
hbo:0367,"teror, ketakutan, mengerikan",,,,,,,,,,,,,
hbo:0368,Emim,,,,,,,,,,,,,
hbo:0369,tidak ada,,,,,,,,,,,,,
hbo:0370,tidak ada,,,,,,,,,,,,,
hbo:0371,bukan,,,,,,,,,,,,,
hbo:0372,Iezer,,,,,,,,,,,,,
hbo:0373,Iezerit,,,,,,,,,,,,,
hbo:0374,efa,,,,,,,,,,,,,
hbo:0375,di mana,,,,,,,,,,,,,
hbo:0376,manusia Allah,,,,,,,,,,,,,
hbo:0379,Is-Hod,,,,,,,,,,,,,
hbo:0380,murid mata,,,,,,,,,,,,,
hbo:0383,ada,,,,,,,,,,,,,
hbo:0384,Itiel,,,,,,,,,,,,,
hbo:0385,Itamar,,,,,,,,,,,,,
hbo:0386,kekal,,,,,,,,,,,,,
hbo:0387,kekal,,,,,,,,,,,,,
hbo:0389,sungguh,,,,,,,,,,,,,
hbo:0390,Akad,,,,,,,,,,,,,
hbo:0391,mengecewakan,,,,,,,,,,,,,
hbo:0392,Akhzib,,,,,,,,,,,,,
hbo:0393,kejam,,,,,,,,,,,,,
hbo:0394,kejam,,,,,,,,,,,,,
hbo:0395,kekejaman,,,,,,,,,,,,,
hbo:0396,makanan,,,,,,,,,,,,,
hbo:0397,Akhis,,,,,,,,,,,,,
hbo:0398,"melahap, menelan",memakan,termakan,,dikonsumsi,,memberi makan,,,,,,,
hbo:0400,makanan,,,,,,,,,,,,,
hbo:0401,habis,,,,,,,,,,,,,
hbo:0402,makanan,,,,,,,,,,,,,
hbo:0403,sungguh,,,,,,,,,,,,,
hbo:0403a,sungguh,,,,,,,,,,,,,
hbo:0405,beban,,,,,,,,,,,,,
hbo:0406,"bajak, dibajak, pembajak tanah, mata bajak",,,,,,,,,,,,,
hbo:0407,Akasyaf,,,,,,,,,,,,,
hbo:0408,jangan,,,,,,,,,,,,,
hbo:0411,ke,,,,,,,,,,,,,
hbo:0413,ke,,,,,,,,,,,,,
hbo:0414,Ela,,,,,,,,,,,,,
hbo:0417,batu es,,,,,,,,,,,,,
hbo:0419,Eldad,,,,,,,,,,,,,
hbo:0420,Eldaa,,,,,,,,,,,,,
hbo:0422,,mengutuk,,,,,menimpakan kutukan,,,,,,,
hbo:0423,"kutukan, terkutuk",,,,,,,,,,,,,
hbo:0424,"pohon tarbantin, pohon ek",,,,,,,,,,,,,
hbo:0427,"pohon tarbantin, pohon ek",,,,,,,,,,,,,
hbo:0428,ini,,,,,,,,,,,,,
hbo:0430,Allah,,,,,,,,,,,,,
hbo:0432,kecuali,,,,,,,,,,,,,
hbo:0433,Allah,,,,,,,,,,,,,
hbo:0435,Elul,,,,,,,,,,,,,
hbo:0436,"pohon tarbantin, pohon ek",,,,,,,,,,,,,
hbo:0439,Allon Bakhut,,,,,,,,,,,,,
hbo:0440,Elonit,,,,,,,,,,,,,
hbo:0441,"kepala, kepala-kepala",,,,,,,,,,,,,
hbo:0441a,"kepala, kepala-kepala",,,,,,,,,,,,,
hbo:0442,Alus,,,,,,,,,,,,,
hbo:0443,Elzabad,,,,,,,,,,,,,
hbo:0444,"rusak, merusak, perusakan, kerusakan",,,,,,,,,,,,,
hbo:0445,Elhanan,,,,,,,,,,,,,
hbo:0446,Eliab,,,,,,,,,,,,,
hbo:0447,Eliel,,,,,,,,,,,,,
hbo:0448,Eliata,,,,,,,,,,,,,
hbo:0449,Elidad,,,,,,,,,,,,,
hbo:0450,Eliada,,,,,,,,,,,,,
hbo:0451,ekor,,,,,,,,,,,,,
hbo:0452,Elia,,,,,,,,,,,,,
hbo:0453,Elihu,,,,,,,,,,,,,
hbo:0454,Elihoenai,,,,,,,,,,,,,
hbo:0455,Eliahba,,,,,,,,,,,,,
hbo:0456,Elihoreph,,,,,,,,,,,,,
hbo:0457,"illah, allah palsu, dewa, dewi",,,,,,,,,,,,,
hbo:0458,Elimelekh,,,,,,,,,,,,,
hbo:0459,ini,,,,,,,,,,,,,
hbo:0460,Eliasaf,,,,,,,,,,,,,
hbo:0461,Eliezer,,,,,,,,,,,,,
hbo:0463,Eliam,,,,,,,,,,,,,
hbo:0464,Elifaz,,,,,,,,,,,,,
hbo:0465,Elifal,,,,,,,,,,,,,
hbo:0466,Elifelehu,,,,,,,,,,,,,
hbo:0467,Elifelet,,,,,,,,,,,,,
hbo:0468,Elizur,,,,,,,,,,,,,
hbo:0469,Elizafan,,,,,,,,,,,,,
hbo:0470,Elika,,,,,,,,,,,,,
hbo:0471,Elyakim,,,,,,,,,,,,,
hbo:0472,Eliseba,,,,,,,,,,,,,
hbo:0473,Elisah,,,,,,,,,,,,,
hbo:0474,Elisua,,,,,,,,,,,,,
hbo:0475,Elyasyib,,,,,,,,,,,,,
hbo:0476,Elisama,,,,,,,,,,,,,
hbo:0477,Elisa,,,,,,,,,,,,,
hbo:0478,Elisafat,,,,,,,,,,,,,
hbo:0479,mereka,,,,,,,,,,,,,
hbo:0480,aduh,,,,,,,,,,,,,
hbo:0482,senyap,,,,,,,,,,,,,
hbo:0483,bisu,,,,,,,,,,,,,
hbo:0484,almugim,,,,,,,,,,,,,
hbo:0485,ikat,,,,,,,,,,,,,
hbo:0486,Almodad,,,,,,,,,,,,,
hbo:0487,Alamelek,,,,,,,,,,,,,
hbo:0488,ditinggalkan,,,,,,,,,,,,,
hbo:0489,duda,,,,,,,,,,,,,
hbo:0490,janda,,,,,,,,,,,,,
hbo:0491,kewiduan,,,,,,,,,,,,,
hbo:0492,si fulan,,,,,,,,,,,,,
hbo:0493,Elnaam,,,,,,,,,,,,,
hbo:0494,Elnatan,,,,,,,,,,,,,
hbo:0495,Ellasar,,,,,,,,,,,,,
hbo:0496,Elead,,,,,,,,,,,,,
hbo:0497,Eleada,,,,,,,,,,,,,
hbo:0498,Eluzai,,,,,,,,,,,,,
hbo:0499,Eleazar,,,,,,,,,,,,,
hbo:0501,Eleasah,,,,,,,,,,,,,
hbo:0502,,mengenal,,mengajar,,,,,,,,,,
hbo:0504,ribu,,,,,,,,,,,,,
hbo:0505,ribu,,,,,,,,,,,,,
hbo:0505a,ribu,,,,,,,,,,,,,
hbo:0508,Elpaal,,,,,,,,,,,,,
hbo:0509,memaksa,,,,,,,,,,,,,
hbo:0510,pasukan,,,,,,,,,,,,,
hbo:0511,Elkana,,,,,,,,,,,,,
hbo:0512,Elkosyi,,,,,,,,,,,,,
hbo:0513,Eltolad,,,,,,,,,,,,,
hbo:0514,Eltekeh,,,,,,,,,,,,,
hbo:0515,Eltekon,,,,,,,,,,,,,
hbo:0517,ibu,,,,,,,,,,,,,
hbo:0518,jika,,,,,,,,,,,,,
hbo:0519,"memperbudak, diperbudak, hamba, budak",,,,,,,,,,,,,
hbo:0520,hasta,,,,,,,,,,,,,
hbo:0523,bangsa,,,,,,,,,,,,,
hbo:0529,"setia, kesetiaan, tidak setia, ketidaksetiaan",,,,,,,,,,,,,
hbo:0530,"setia, kesetiaan, tidak setia, ketidaksetiaan",,,,,,,,,,,,,
hbo:0531,Amoz,,,,,,,,,,,,,
hbo:0532,Ami,,,,,,,,,,,,,
hbo:0533,"besar, sangat berkuasa, lebih berkuasa, dengan kuasa",,,,,,,,,,,,,
hbo:0534,puncak,,,,,,,,,,,,,
hbo:0535,lemah,,,,,,,,,,,,,
hbo:0536,lemas,,,,,,,,,,,,,
hbo:0537,lemah,,,,,,,,,,,,,
hbo:0538,Amam,,,,,,,,,,,,,
hbo:0539,"setia, kesetiaan, tidak setia, ketidaksetiaan",menjadi wali,tetap setia,,,,percaya,,,,,,,
hbo:0543,amin,,,,,,,,,,,,,
hbo:0544,kesetiaan,,,,,,,,,,,,,
hbo:0546,sungguh,,,,,,,,,,,,,
hbo:0547,tiang pintu,,,,,,,,,,,,,
hbo:0548,"setia, kesetiaan, tidak setia, ketidaksetiaan",,,,,,,,,,,,,
hbo:0550,Amnon,,,,,,,,,,,,,
hbo:0552,sesungguhnya,,,,,,,,,,,,,
hbo:0553,"keberanian, berani, membuat berani, dorongan",kuat,,memperkuat,,bertekad,menunjukkan kekuatan,,,,,,,
hbo:0554,kuat,,,,,,,,,,,,,
hbo:0555,kekuatan,,,,,,,,,,,,,
hbo:0556,kekuatan,,,,,,,,,,,,,
hbo:0557,Amzi,,,,,,,,,,,,,
hbo:0558,Amazia,,,,,,,,,,,,,
hbo:0559,berkata,berkata,disebut,,,,menyatakan,,,,,,,
hbo:0561,perkataan,,,,,,,,,,,,,
hbo:0561a,perkataan,,,,,,,,,,,,,
hbo:0562,"janji, janji-janji, dijanjikan",,,,,,,,,,,,,
hbo:0564,Imer,,,,,,,,,,,,,
hbo:0565,"firman Allah, firman-firman Tuhan, firman TUHAN, firman kebenaran",,,,,,,,,,,,,
hbo:0566,Imri,,,,,,,,,,,,,
hbo:0567,"Orang Amori, Bangsa Amori",,,,,,,,,,,,,
hbo:0568,Amarya,,,,,,,,,,,,,
hbo:0569,Amrafel,,,,,,,,,,,,,
hbo:0570,semalam,,,,,,,,,,,,,
hbo:0571,"setia, kesetiaan, tidak setia, ketidaksetiaan",,,,,,,,,,,,,
hbo:0572,tas,,,,,,,,,,,,,
hbo:0573,Amitai,,,,,,,,,,,,,
hbo:0575,di mana,,,,,,,,,,,,,
hbo:0577,mohon,,,,,,,,,,,,,
hbo:0579,"mencari, dicari, pencarian",,,membiarkan menimpa,menimpa,mencari pertengkaran,,,,,,,,
hbo:0581,mereka,,,,,,,,,,,,,
hbo:0582,manusia Allah,,,,,,,,,,,,,
hbo:0583,Enos,,,,,,,,,,,,,
hbo:0584,mengeluh,,,,,,,,,,,,,
hbo:0585,keluhan,,,,,,,,,,,,,
hbo:0586,kami,,,,,,,,,,,,,
hbo:0587,kami,,,,,,,,,,,,,
hbo:0588,Anaharath,,,,,,,,,,,,,
hbo:0589,saya,,,,,,,,,,,,,
hbo:0590,armada,,,,,,,,,,,,,
hbo:0591,armada,,,,,,,,,,,,,
hbo:0592,tangisan,,,,,,,,,,,,,
hbo:0593,Aniam,,,,,,,,,,,,,
hbo:0594,unting,,,,,,,,,,,,,
hbo:0595,aku,,,,,,,,,,,,,
hbo:0596,mengeluh,,,,,,,,,,,,,
hbo:0599,"amuk, mengamukan, berkec",,,,,,,,,,,,,
hbo:0600,wajah,,,,,,,,,,,,,
hbo:0601,bangau,,,,,,,,,,,,,
hbo:0602,mengeluh,,,,,,,,,,,,,
hbo:0603,cicak,,,,,,,,,,,,,
hbo:0604,cicak,,,,,,,,,,,,,
hbo:0606,manusia,,,,,,,,,,,,,
hbo:0607,engkau,,,,,,,,,,,,,
hbo:0608,kalian,,,,,,,,,,,,,
hbo:0609,Asa,,,,,,,,,,,,,
hbo:0610,botol,,,,,,,,,,,,,
hbo:0611,kecelakaan,,,,,,,,,,,,,
hbo:0612,"memperbudak, dalam belenggu",,,,,,,,,,,,,
hbo:0614,panen,,,,,,,,,,,,,
hbo:0615,"Tawanan, Para Tawanan, Menawan, Ditawan",,,,,,,,,,,,,
hbo:0616,Asir,,,,,,,,,,,,,
hbo:0617,Asir,,,,,,,,,,,,,
hbo:0618,gudang,,,,,,,,,,,,,
hbo:0619,Asnah,,,,,,,,,,,,,
hbo:0620,Osnapar,,,,,,,,,,,,,
hbo:0621,Asnat,,,,,,,,,,,,,
hbo:0622,"majelis, pertemuan, berkumpul, telah berkumpul",mengumpulkan,berkumpul,mengumpulkan dengan tekun,dikumpulkan,berkumpul-kumpul,,,,,,,,
hbo:0623,Asaf,,,,,,,,,,,,,
hbo:0625,panen,,,,,,,,,,,,,
hbo:0626,kumpulan,,,,,,,,,,,,,
hbo:0627,kumpulan,,,,,,,,,,,,,
hbo:0628,gerombolan,,,,,,,,,,,,,
hbo:0629,sungguh-sungguh,,,,,,,,,,,,,
hbo:0630,Aspata,,,,,,,,,,,,,
hbo:0631,"melilitkan, diikat",mengikat,terikat,,dipenjara,,,,,,,,,
hbo:0635,Ester,,,,,,,,,,,,,
hbo:0636,kayu,,,,,,,,,,,,,
hbo:0637,"murka, kemarahan",,,,,,,,,,,,,
hbo:0639,"murka, kemarahan",,,,,,,,,,,,,
hbo:0640,mengikat,,,,,,,,,,,,,
hbo:0641,Efod,,,,,,,,,,,,,
hbo:0642,Efod,,,,,,,,,,,,,
hbo:0643,istana,,,,,,,,,,,,,
hbo:0644,memanggang,memanggang,dipanggang,,,,,,,,,,,
hbo:0644a,memanggang,,,,,,,,,,,,,
hbo:0645,kemudian,,,,,,,,,,,,,
hbo:0646,Efod,,,,,,,,,,,,,
hbo:0647,Afia,,,,,,,,,,,,,
hbo:0648,kemudian,,,,,,,,,,,,,
hbo:0649,Apayim,,,,,,,,,,,,,
hbo:0650,"besar, sangat berkuasa, lebih berkuasa, dengan kuasa",,,,,,,,,,,,,
hbo:0650a,"besar, sangat berkuasa, lebih berkuasa, dengan kuasa",,,,,,,,,,,,,
hbo:0651,kegelapan,,,,,,,,,,,,,
hbo:0652,kegelapan,,,,,,,,,,,,,
hbo:0653,gelapan,,,,,,,,,,,,,
hbo:0654,Efhlal,,,,,,,,,,,,,
hbo:0655,waktu,,,,,,,,,,,,,
hbo:0656,habis,,,,,,,,,,,,,
hbo:0657,ujung,,,,,,,,,,,,,
hbo:0658,Efes-Dammim,,,,,,,,,,,,,
hbo:0659,hampa,,,,,,,,,,,,,
hbo:0660,"ular, ular berbisa, ular beludak",,,,,,,,,,,,,
hbo:0661,mengelilingi,,,,,,,,,,,,,
hbo:0662,menahan,,,,,,,,,,,,,
hbo:0663,Afek,,,,,,,,,,,,,
hbo:0664,Afeka,,,,,,,,,,,,,
hbo:0665,abu,,,,,,,,,,,,,
hbo:0666,perban,,,,,,,,,,,,,
hbo:0667,anak burung,,,,,,,,,,,,,
hbo:0668,kereta,,,,,,,,,,,,,
hbo:0669,"Efraim, orang Efraim, orang-orang Efraim",,,,,,,,,,,,,
hbo:0670,Persia,,,,,,,,,,,,,
hbo:0671,gubernur,,,,,,,,,,,,,
hbo:0672,"Efrata, orang Efrata, orang-orang Efrata",,,,,,,,,,,,,
hbo:0673,"Efrata, orang Efrata, orang-orang Efrata",,,,,,,,,,,,,
hbo:0674,pendapatan,,,,,,,,,,,,,
hbo:0675,Ezbon,,,,,,,,,,,,,
hbo:0676,jari,,,,,,,,,,,,,
hbo:0678,bangsawan,,,,,,,,,,,,,
hbo:0678a,bangsawan,,,,,,,,,,,,,
hbo:0679,sambungan,,,,,,,,,,,,,
hbo:0680,menahan,menahan,terenggang,,,,,,,,,,,
hbo:0681,dekat,,,,,,,,,,,,,
hbo:0682,Atsel,,,,,,,,,,,,,
hbo:0683,Atsalyahu,,,,,,,,,,,,,
hbo:0684,Otsem,,,,,,,,,,,,,
hbo:0685,gelang,,,,,,,,,,,,,
hbo:0686,,menyimpan,tersimpan,,,,mengangkat sebagai bendahara,,,,,,,
hbo:0687,Ezer,,,,,,,,,,,,,
hbo:0688,batu permata,,,,,,,,,,,,,
hbo:0689,"kambing, anak kambing, kambing hitam",,,,,,,,,,,,,
hbo:0690,Ara,,,,,,,,,,,,,
hbo:0691,pahlawan,,,,,,,,,,,,,
hbo:0692,Areli,,,,,,,,,,,,,
hbo:0693,"menipu, mendustakan, penipu, pendusta",bersembunyi mengintai,,bersembunyi mengintai,,,memasang penyergapan,,,,,,,
hbo:0694,Arab,,,,,,,,,,,,,
hbo:0695,penyergapan,,,,,,,,,,,,,
hbo:0696,penyergapan,,,,,,,,,,,,,
hbo:0697,belalang pelahap,,,,,,,,,,,,,
hbo:0699,jendela,,,,,,,,,,,,,
hbo:0700,Arubot,,,,,,,,,,,,,
hbo:0701,Arbi,,,,,,,,,,,,,
hbo:0702,"hari, hari-hari",,,,,,,,,,,,,
hbo:0707,menenun,,,,,,,,,,,,,
hbo:0708,"(ʾereḡ)**: You're absolutely right—this is the **shuttle**, not the loom. In Jdg 16:14, it's the moving part that Delilah uses. Job 7:6 confirms it's the fast-moving shuttle. The best Indonesian word is probably **""gelang""** (shuttle) or **""alat tenun""**. But a single word... **""gelang""** works, though it can also mean ""bracelet."" The more technical term would be **""selongsong""** or **""pengulir""**, but **""gelang tenun""** might be most transparent. Given you want one word, I'd suggest **""pengulir""** or just accept the ambiguity and use **""alat tenun.""** Hmm, actually in traditional weaving, the shuttle is often called **""gelang""** in Indonesian. Let me go with **""gelang""** if that's standard, otherwise **""pengulir""** (roller/shuttle).",,,,,,,,,,,,,
hbo:0709,Argob,,,,,,,,,,,,,
hbo:0710,ungu,,,,,,,,,,,,,
hbo:0712,"Tabut perjanjian, Tabut TUHAN",,,,,,,,,,,,,
hbo:0713,ungu,,,,,,,,,,,,,
hbo:0714,Ard,,,,,,,,,,,,,
hbo:0715,Ardon,,,,,,,,,,,,,
hbo:0716,Ardi,,,,,,,,,,,,,
hbo:0717,memetik,,,,,,,,,,,,,
hbo:0718,lihatlah,,,,,,,,,,,,,
hbo:0719,Arvad,,,,,,,,,,,,,
hbo:0721,orang Arvad,,,,,,,,,,,,,
hbo:0722,orang Arodi,,,,,,,,,,,,,
hbo:0723,kandang,,,,,,,,,,,,,
hbo:0724,"memulihkan, restorasi",,,,,,,,,,,,,
hbo:0727,"Tabut perjanjian, Tabut TUHAN",,,,,,,,,,,,,
hbo:0728,Arauna,,,,,,,,,,,,,
hbo:0730,"Aras, Aras-aras, Kayu Aras",,,,,,,,,,,,,
hbo:0731,"Aras, Aras-aras, Kayu Aras",,,,,,,,,,,,,
hbo:0732,jalan,,,,,,,,,,,,,
hbo:0733,jalan,,,,,,,,,,,,,
hbo:0734,jalan,,,,,,,,,,,,,
hbo:0736,kafilah,,,,,,,,,,,,,
hbo:0737,makanan,,,,,,,,,,,,,
hbo:0738,singa,,,,,,,,,,,,,
hbo:0739,Ariel,,,,,,,,,,,,,
hbo:0743,Aridatha,,,,,,,,,,,,,
hbo:0745,Arieh,,,,,,,,,,,,,
hbo:0746a,Ariokh,,,,,,,,,,,,,
hbo:0747,Arisai,,,,,,,,,,,,,
hbo:0748,"mampu menanggung, teguh, ketahanan",panjang,,,,,memanjangkan,,,,,,,
hbo:0750,panjang,,,,,,,,,,,,,
hbo:0751,Erek,,,,,,,,,,,,,
hbo:0752,panjang,,,,,,,,,,,,,
hbo:0753,panjang,,,,,,,,,,,,,
hbo:0755,lutut,,,,,,,,,,,,,
hbo:0756,Erek,,,,,,,,,,,,,
hbo:0757,Arki,,,,,,,,,,,,,
hbo:0758,"Aram, orang Aram, bahasa Aramik",,,,,,,,,,,,,
hbo:0759,"kubu, benteng, dibentengi, pertahanan",,,,,,,,,,,,,
hbo:0761,"Aram, orang Aram, bahasa Aramik",,,,,,,,,,,,,
hbo:0762,"Aram, orang Aram, bahasa Aramik",,,,,,,,,,,,,
hbo:0764,Armoni,,,,,,,,,,,,,
hbo:0765,Aran,,,,,,,,,,,,,
hbo:0767,Oren,,,,,,,,,,,,,
hbo:0768,kelinci,,,,,,,,,,,,,
hbo:0769,Arnon,,,,,,,,,,,,,
hbo:0770,Arnan,,,,,,,,,,,,,
hbo:0772,tanah,,,,,,,,,,,,,
hbo:0774,Arpad,,,,,,,,,,,,,
hbo:0775,Arpaksad,,,,,,,,,,,,,
hbo:0776,"bumi, duniawi",,,,,,,,,,,,,
hbo:0777,Arza,,,,,,,,,,,,,
hbo:0778,bumi,,,,,,,,,,,,,
hbo:0779,"kutukan, terkutuk",mengutuk,dikutuk,mengutuk dengan gencar,,,,dikutuk,,,,,,
hbo:0780,Ararat,,,,,,,,,,,,,
hbo:0781,tunangan,,,mempertunangkan,tertunang,,,,,,,,,
hbo:0782,permintaan,,,,,,,,,,,,,
hbo:0783a,Artahasta,,,,,,,,,,,,,
hbo:0784,api,,,,,,,,,,,,,
hbo:0786,ada,,,,,,,,,,,,,
hbo:0788,Asybel,,,,,,,,,,,,,
hbo:0789,Asbelita,,,,,,,,,,,,,
hbo:0790,Esban,,,,,,,,,,,,,
hbo:0791,Asbea,,,,,,,,,,,,,
hbo:0792,Esbaal,,,,,,,,,,,,,
hbo:0794,lereng,,,,,,,,,,,,,
hbo:0795,"Asdod, Azotus",,,,,,,,,,,,,
hbo:0796,"Asdod, Azotus",,,,,,,,,,,,,
hbo:0801,"korban, dikorbankan, mengorbankan, persembahan",,,,,,,,,,,,,
hbo:0802,wanita,,,,,,,,,,,,,
hbo:0804,"Asyur, orang Asyur, kekaisaran Asyur",,,,,,,,,,,,,
hbo:0805,"Asyur, orang Asyur, kekaisaran Asyur",,,,,,,,,,,,,
hbo:0805a,"Asyur, orang Asyur, kekaisaran Asyur",,,,,,,,,,,,,
hbo:0806,Asykhur,,,,,,,,,,,,,
hbo:0807,Asyima,,,,,,,,,,,,,
hbo:0809,kue kismis,,,,,,,,,,,,,
hbo:0810,buah pelir,,,,,,,,,,,,,
hbo:0811,tandan,,,,,,,,,,,,,
hbo:0812,Eskhol,,,,,,,,,,,,,
hbo:0812a,Eskhol,,,,,,,,,,,,,
hbo:0813,Askenaz,,,,,,,,,,,,,
hbo:0814,hadiah,,,,,,,,,,,,,
hbo:0815,pohon tarfa,,,,,,,,,,,,,
hbo:0816,"rasa bersalah, bersalah",bersalah,menanggung hukuman,,,,menghukum,,,,,,,
hbo:0817,"kurban penebus salah, persembahan rasa bersalah",,,,,,,,,,,,,
hbo:0818,"rasa bersalah, bersalah",,,,,,,,,,,,,
hbo:0819,"rasa bersalah, bersalah",,,,,,,,,,,,,
hbo:0822,jendela,,,,,,,,,,,,,
hbo:0823,Ashnah,,,,,,,,,,,,,
hbo:0824,Eshan,,,,,,,,,,,,,
hbo:0825,peramal,,,,,,,,,,,,,
hbo:0827,kohkol,,,,,,,,,,,,,
hbo:0828,Asfenaz,,,,,,,,,,,,,
hbo:0829,kue,,,,,,,,,,,,,
hbo:0830,"pupuk kandang, pupuk",,,,,,,,,,,,,
hbo:0831,Askelon,,,,,,,,,,,,,
hbo:0832,Askelon,,,,,,,,,,,,,
hbo:0834,yang,,,,,,,,,,,,,
hbo:0835a,"sukacita, bersukacita",,,,,,,,,,,,,
hbo:0836,Asyer,,,menyatakan berbahagia,dinyatakan berbahagia,,,,,,,,,
hbo:0837,bahagia,,,,,,,,,,,,,
hbo:0840,Asarel,,,,,,,,,,,,,
hbo:0841,Asarelah,,,,,,,,,,,,,
hbo:0842,"Asyera, tiang berhala Asyera, Asytoret",,,,,,,,,,,,,
hbo:0843,orang Asyer,,,,,,,,,,,,,
hbo:0844,Asriel,,,,,,,,,,,,,
hbo:0845,Asrieli,,,,,,,,,,,,,
hbo:0847,Estaol,,,,,,,,,,,,,
hbo:0848,Estaoli,,,,,,,,,,,,,
hbo:0849,pemberontakan,,,,,,,,,,,,,
hbo:0850,Eshton,,,,,,,,,,,,,
hbo:0851a,Eshtemoa,,,,,,,,,,,,,
hbo:0853,[obj],,tertipu,,,,menipu,,,,,,,
hbo:0854,[obj],,,,,,,,,,,,,
hbo:0856,Etbaal,,,,,,,,,,,,,
hbo:0857,datang,datang,,,,,membawa,,,,,,,
hbo:0859,engkau,,,,,,,,,,,,,
hbo:0859a,engkau,,,,,,,,,,,,,
hbo:0859b,engkau,,,,,,,,,,,,,
hbo:0859c,engkau,,,,,,,,,,,,,
hbo:0863,Itai,,,,,,,,,,,,,
hbo:0864,Etam,,,,,,,,,,,,,
hbo:0866,upah,,,,,,,,,,,,,
hbo:0867,Etni,,,,,,,,,,,,,
hbo:0868,upah,,,,,,,,,,,,,
hbo:0870,tempat,,,,,,,,,,,,,
hbo:0871,Atarim,,,,,,,,,,,,,
hbo:0872,pintu masuk,,,,,,,,,,,,,
hbo:0874,menjelaskan,,,,,,,,,,,,,
hbo:0875,"waduk, bak tangki, mata air, sumur",,,,,,,,,,,,,
hbo:0878,Beera,,,,,,,,,,,,,
hbo:0880,Beerah,,,,,,,,,,,,,
hbo:0881,Beeroth,,,,,,,,,,,,,
hbo:0882,Beeri,,,,,,,,,,,,,
hbo:0883,Beer Lahai Roi,,,,,,,,,,,,,
hbo:0884,tujuh,,,,,,,,,,,,,
hbo:0885,Beeroth Bene Yakan,,,,,,,,,,,,,
hbo:0886,Beerothi,,,,,,,,,,,,,
hbo:0887,berbau busuk,berbau busuk,menjadi benci,,,menjadi benci,membuat benci,,,,,,,
hbo:0889,bau busuk,,,,,,,,,,,,,
hbo:0890,gulma,,,,,,,,,,,,,
hbo:0892,biji mata,,,,,,,,,,,,,
hbo:0893,Bebai,,,,,,,,,,,,,
hbo:0894,"Babel, orang Babel",,,,,,,,,,,,,
hbo:0896,Babil,,,,,,,,,,,,,
hbo:0899,"jubah, jubah-jubah, berjubah",,,,,,,,,,,,,
hbo:0900,pengkhianatan,,,,,,,,,,,,,
hbo:0901,berkhianat,,,,,,,,,,,,,
hbo:0902,Bigvai,,,,,,,,,,,,,
hbo:0903,Bigta,,,,,,,,,,,,,
hbo:0904,Bigthan,,,,,,,,,,,,,
hbo:0905,sendiri,,,,,,,,,,,,,
hbo:0908,mengada-ada,,,,,,,,,,,,,
hbo:0910,kesendirian,,,,,,,,,,,,,
hbo:0911,Bedad,,,,,,,,,,,,,
hbo:0912,Bedia,,,,,,,,,,,,,
hbo:0913,timah,,,,,,,,,,,,,
hbo:0913a,timah,,,,,,,,,,,,,
hbo:0914,memisahkan,,memisahkan diri,,,,memisahkan,,,,,,,
hbo:0915,potongan,,,,,,,,,,,,,
hbo:0916,bdellium,,,,,,,,,,,,,
hbo:0917,Bedan,,,,,,,,,,,,,
hbo:0919,kerusakan,,,,,,,,,,,,,
hbo:0920,Bidkar,,,,,,,,,,,,,
hbo:0921,menebarkan,,,,,,,,,,,,,
hbo:0922,kosong,,,,,,,,,,,,,
hbo:0923,porfir,,,,,,,,,,,,,
hbo:0924,tergesa-gesa,,,,,,,,,,,,,
hbo:0925,cerah,,,,,,,,,,,,,
hbo:0926,"teror, ketakutan, mengerikan",,ketakutan,menakut-nakuti,dipergegas,,menakut-nakuti,,,,,,,
hbo:0928,"teror, ketakutan, mengerikan",,,,,,,,,,,,,
hbo:0929,"binatang, binatang buas",,,,,,,,,,,,,
hbo:0930,Behemot,,,,,,,,,,,,,
hbo:0931,ibu jari,,,,,,,,,,,,,
hbo:0932,Bohan,,,,,,,,,,,,,
hbo:0933,noda,,,,,,,,,,,,,
hbo:0934,bercak,,,,,,,,,,,,,
hbo:0935,"Hamat, Orang-orang Hamat, Lebo Hamat",masuk,,,,,membawa masuk,dibawa masuk,,,,,,
hbo:0937,Buz,,,,,,,,,,,,,
hbo:0938,Buz,,,,,,,,,,,,,
hbo:0939,"penghinaan, hina",,,,,,,,,,,,,
hbo:0940,Buzit,,,,,,,,,,,,,
hbo:0942,Bavai,,,,,,,,,,,,,
hbo:0943,membingungkan,,,,,,,,,,,,,
hbo:0945,Bul,,,,,,,,,,,,,
hbo:0946,Buna,,,,,,,,,,,,,
hbo:0947,"menginjak-injak, terinjak",menginjak,,menginjak-injak,,mengeluarkan dengan kasar,,diinjak,,,,,,
hbo:0948,kain putih,,,,,,,,,,,,,
hbo:0949,tanduk,,,,,,,,,,,,,
hbo:0950,kekosongan,,,,,,,,,,,,,
hbo:0951,penggembala,,,,,,,,,,,,,
hbo:0953,"lubang, jebakan",,,,,,,,,,,,,
hbo:0954,"malu, memalukan, merasa malu, dipermalukan",malu,,menunda,,saling malu,mengaibkan,,,,,,,
hbo:0955,"malu, memalukan, merasa malu, dipermalukan",,,,,,,,,,,,,
hbo:0957,jarahan,,,,,,,,,,,,,
hbo:0958,membagi,,,,,,,,,,,,,
hbo:0959,"penghinaan, hina",menista,teristimewakan,,,,merendahkan,,,,,,,
hbo:0961,jarahan,,,,,,,,,,,,,
hbo:0962,merampas,merampas,dirampas,,dirampas,,,,,,,,,
hbo:0963,"penghinaan, hina",,,,,,,,,,,,,
hbo:0964,Biziota,,,,,,,,,,,,,
hbo:0965,kilat,,,,,,,,,,,,,
hbo:0966,Bezek,,,,,,,,,,,,,
hbo:0967,"menyebar, penyebaran",,,,,,,,,,,,,
hbo:0968,Bizta,,,,,,,,,,,,,
hbo:0969,pemeriksa,,,,,,,,,,,,,
hbo:0970,yang terpilih,,,,,,,,,,,,,
hbo:0972,yang terpilih,,,,,,,,,,,,,
hbo:0973,membenci,,,,,,,,,,,,,
hbo:0974,"ujian, ujian-ujian, menguji",menguji,diuji,,diuji,,,,,,,,,
hbo:0975,menara,,,,,,,,,,,,,
hbo:0976,ujian,,,,,,,,,,,,,
hbo:0977,yang terpilih,memilih,dipilih,,,,,,,,,,,
hbo:0980,Bahurim,,,,,,,,,,,,,
hbo:0981,berkata sembrono,,,,,,,,,,,,,
hbo:0982,"kepercayaan, dapat dipercaya, sifat dapat dipercaya",mempercayai,,,,,memberi kepercayaan,,,,,,,
hbo:0983,keamanan,,,,,,,,,,,,,
hbo:0985,kepercayaan,,,,,,,,,,,,,
hbo:0986,"kepercayaan, dapat dipercaya, sifat dapat dipercaya",,,,,,,,,,,,,
hbo:0987,keamanan,,,,,,,,,,,,,
hbo:0990,"rahim, kandungan",,,,,,,,,,,,,
hbo:0992,pistachio,,,,,,,,,,,,,
hbo:0993,Betonim,,,,,,,,,,,,,
hbo:0994,ya,,,,,,,,,,,,,
hbo:0995,,memahami,cerdas,merawat,,mempertimbangkan,memahami,,,,,,,
hbo:0996,antara,,,,,,,,,,,,,
hbo:0998,"memahami, mengerti, mengerti, pengertian",,,,,,,,,,,,,
hbo:1000,telur,,,,,,,,,,,,,
hbo:1002,"kubu, benteng, dibentengi, pertahanan",,,,,,,,,,,,,
hbo:1004,"rumah, atap rumah, gudang, penjaga rumah",,,,,,,,,,,,,
hbo:1007,Bet-Awen,,,,,,,,,,,,,
hbo:1008,Betel,,,,,,,,,,,,,
hbo:1009,Bet-Arbel,,,,,,,,,,,,,
hbo:1010,Baal,,,,,,,,,,,,,
hbo:1011,Bet-Biri,,,,,,,,,,,,,
hbo:1012,Bet-Bara,,,,,,,,,,,,,
hbo:1014,Bet-Gamul,,,,,,,,,,,,,
hbo:1015,Bet-Diblatayim,,,,,,,,,,,,,
hbo:1016,Bet-Dagon,,,,,,,,,,,,,
hbo:1018,Bet-Ezel,,,,,,,,,,,,,
hbo:1020,Bet-Yesimot,,,,,,,,,,,,,
hbo:1021,Bet-Hakerem,,,,,,,,,,,,,
hbo:1024,Bet-Markabот,,,,,,,,,,,,,
hbo:1025,Bet-Emeq,,,,,,,,,,,,,
hbo:1026,Arabia,,,,,,,,,,,,,
hbo:1027,Bet-Haram,,,,,,,,,,,,,
hbo:1028,Bet-Haran,,,,,,,,,,,,,
hbo:1029,Bet-Sita,,,,,,,,,,,,,
hbo:1031,Bet-Hogla,,,,,,,,,,,,,
hbo:1032,Bet-Horon,,,,,,,,,,,,,
hbo:1033,Bet-Kar,,,,,,,,,,,,,
hbo:1034,Bet-Lebaot,,,,,,,,,,,,,
hbo:1035,"Betlehem, Efrata",,,,,,,,,,,,,
hbo:1039,Bet-Nimra,,,,,,,,,,,,,
hbo:1041,Bet-Azmavet,,,,,,,,,,,,,
hbo:1042,Bet-Anot,,,,,,,,,,,,,
hbo:1043,Bet-Anat,,,,,,,,,,,,,
hbo:1044,Bet-Eked,,,,,,,,,,,,,
hbo:1046,Bet-Pelet,,,,,,,,,,,,,
hbo:1047,"Peor, Gunung Peor, Baal Peor",,,,,,,,,,,,,
hbo:1048,Bet-Patsez,,,,,,,,,,,,,
hbo:1049,"rumah, atap rumah, gudang, penjaga rumah",,,,,,,,,,,,,
hbo:1050,Bet-Rehob,,,,,,,,,,,,,
hbo:1052,Bet-Shan,,,,,,,,,,,,,
hbo:1053,Bet Semes,,,,,,,,,,,,,
hbo:1054,Bet-Tapuah,,,,,,,,,,,,,
hbo:1055,istana,,,,,,,,,,,,,
hbo:1057,balsam,,,,,,,,,,,,,
hbo:1058,"meratap, ratapan, meratapi, peratap",menangis,,meratapi,,,,,,,,,,
hbo:1059,"meratap, ratapan, meratapi, peratap",,,,,,,,,,,,,
hbo:1060,anak sulung,,,,,,,,,,,,,
hbo:1061,buah sulung,,,,,,,,,,,,,
hbo:1062,hak kesulungan,,,,,,,,,,,,,
hbo:1063,buah ara awal,,,,,,,,,,,,,
hbo:1064,Bekorat,,,,,,,,,,,,,
hbo:1065,"meratap, ratapan, meratapi, peratap",,,,,,,,,,,,,
hbo:1066,Bokim,,,,,,,,,,,,,
hbo:1067,anak sulung,,,,,,,,,,,,,
hbo:1068,"meratap, ratapan, meratapi, peratap",,,,,,,,,,,,,
hbo:1069,,,,berbuah baru,menjadi milik anak sulung,,melahirkan pertama kali,,,,,,,
hbo:1071,unta muda,,,,,,,,,,,,,
hbo:1072,unta betina muda,,,,,,,,,,,,,
hbo:1074,Bokru,,,,,,,,,,,,,
hbo:1075,Bikri,,,,,,,,,,,,,
hbo:1076,Bakri,,,,,,,,,,,,,
hbo:1077,tidak,,,,,,,,,,,,,
hbo:1078,Bel,,,,,,,,,,,,,
hbo:1081,Baladan,,,,,,,,,,,,,
hbo:1082,cerah,,,,,,,,,,,,,
hbo:1083,Bilga,,,,,,,,,,,,,
hbo:1084,Bilgai,,,,,,,,,,,,,
hbo:1085,Bildad,,,,,,,,,,,,,
hbo:1086,"limbah, terbuang, menyia-nyiakan, tanah pembuangan",tua dan usang,,mengauskan,,,,,,,,,,
hbo:1087,lapuk,,,,,,,,,,,,,
hbo:1090,Bilha,,,,,,,,,,,,,
hbo:1090a,Bilha,,,,,,,,,,,,,
hbo:1091,"teror, ketakutan, mengerikan",,,,,,,,,,,,,
hbo:1092,Bilhan,,,,,,,,,,,,,
hbo:1093,"cukai, pajak, kena pajak, perpajakan",,,,,,,,,,,,,
hbo:1095,Beltesyazar,,,,,,,,,,,,,
hbo:1097,tanpa,,,,,,,,,,,,,
hbo:1098,hijauan,,,,,,,,,,,,,
hbo:1100,"jahat, fasik, kefasikkan",,,,,,,,,,,,,
hbo:1101,campur,melembabkan,,,,terombang-ambing,melayu,,,,,,,
hbo:1102,kang,,,,,,,,,,,,,
hbo:1103,petik,,,,,,,,,,,,,
hbo:1104,"melahap, menelan",menelan,tertelan,melahap,,,,,,,,,,
hbo:1106,Bela,,,,,,,,,,,,,
hbo:1106a,Bela,,,,,,,,,,,,,
hbo:1107,selain,,,,,,,,,,,,,
hbo:1108,Balai,,,,,,,,,,,,,
hbo:1109,Bileam,,,,,,,,,,,,,
hbo:1109a,Bileam,,,,,,,,,,,,,
hbo:1111,Balak,,,,,,,,,,,,,
hbo:1113,Belsar,,,,,,,,,,,,,
hbo:1114,Bilsan,,,,,,,,,,,,,
hbo:1115,jangan,,,,,,,,,,,,,
hbo:1116,"tempat yang tinggi, tempat tinggi",,,,,,,,,,,,,
hbo:1118,Bimhal,,,,,,,,,,,,,
hbo:1120,Baal,,,,,,,,,,,,,
hbo:1121,keluarga,,,,,,,,,,,,,
hbo:1126,Ben-oni,,,,,,,,,,,,,
hbo:1129,bangun,membangun,dibangun,,,,,,,,,,,
hbo:1131,Binui,,,,,,,,,,,,,
hbo:1137,Benyamin,,,,,,,,,,,,,
hbo:1138,Buni,,,,,,,,,,,,,
hbo:1139,Bene-Berak,,,,,,,,,,,,,
hbo:1140,bangunan,,,,,,,,,,,,,
hbo:1141,Benaya,,,,,,,,,,,,,
hbo:1142,Bene-Yaakan,,,,,,,,,,,,,
hbo:1143,prajurit,,,,,,,,,,,,,
hbo:1145,Benyamin,,,,,,,,,,,,,
hbo:1147,bangunan,,,,,,,,,,,,,
hbo:1148,Beninu,,,,,,,,,,,,,
hbo:1149,marah,,,,,,,,,,,,,
hbo:1150,Binea,,,,,,,,,,,,,
hbo:1152,Besodeya,,,,,,,,,,,,,
hbo:1153,Besai,,,,,,,,,,,,,
hbo:1155,anggur masam,,,,,,,,,,,,,
hbo:1157,tentang,,,,,,,,,,,,,
hbo:1158,"mencari, dicari, pencarian",mencari,dicari,,,,,,,,,,,
hbo:1159,permohonan,,,,,,,,,,,,,
hbo:1160,Beor,,,,,,,,,,,,,
hbo:1162,Boas,,,,,,,,,,,,,
hbo:1163,tendang,,,,,,,,,,,,,
hbo:1165,ternak,,,,,,,,,,,,,
hbo:1166,,menguasai,dikawini,,,,,,,,,,,
hbo:1167,"Tuhan, majikkan, tuan, penguasa",,,,,,,,,,,,,
hbo:1170,Baal,,,,,,,,,,,,,
hbo:1171,Baal,,,,,,,,,,,,,
hbo:1172,Baala,,,,,,,,,,,,,
hbo:1173,Baala,,,,,,,,,,,,,
hbo:1174,Baal-hamon,,,,,,,,,,,,,
hbo:1175,Bealot,,,,,,,,,,,,,
hbo:1177,Baal-hanan,,,,,,,,,,,,,
hbo:1178,Baal,,,,,,,,,,,,,
hbo:1179,Baal-hermon,,,,,,,,,,,,,
hbo:1182,Beeliyada,,,,,,,,,,,,,
hbo:1183,Bealya,,,,,,,,,,,,,
hbo:1184,Yehuda,,,,,,,,,,,,,
hbo:1185,Balis,,,,,,,,,,,,,
hbo:1186,Baal-meon,,,,,,,,,,,,,
hbo:1187,"Peor, Gunung Peor, Baal Peor",,,,,,,,,,,,,
hbo:1188,Baal,,,,,,,,,,,,,
hbo:1190,Baal,,,,,,,,,,,,,
hbo:1191,Baala,,,,,,,,,,,,,
hbo:1192,Baala-beer,,,,,,,,,,,,,
hbo:1193,Baal,,,,,,,,,,,,,
hbo:1194,Beon,,,,,,,,,,,,,
hbo:1195,Baana,,,,,,,,,,,,,
hbo:1196,Baana,,,,,,,,,,,,,
hbo:1197,"mengonsumsi, memakan, melahap, memakan habis",membara,,menyalakan,terbakar,,menyalakan,,,,,,,
hbo:1197b,,bodoh,bertingkah bodoh,,,,,,,,,,,
hbo:1198,"orang bodoh, bodoh, kebodohan",,,,,,,,,,,,,
hbo:1199,Baara,,,,,,,,,,,,,
hbo:1200,api,,,,,,,,,,,,,
hbo:1201,Baesa,,,,,,,,,,,,,
hbo:1202,Baaseya,,,,,,,,,,,,,
hbo:1203,Beeshtera,,,,,,,,,,,,,
hbo:1204,"teror, ketakutan, mengerikan",,ketakutan,menakut-nakuti,,,,,,,,,,
hbo:1205,teror,,,,,,,,,,,,,
hbo:1206,lumpur,,,,,,,,,,,,,
hbo:1207,rawa,,,,,,,,,,,,,
hbo:1208,"kubu, benteng, dibentengi, pertahanan",,,,,,,,,,,,,
hbo:1209,Bezai,,,,,,,,,,,,,
hbo:1210,panen,,,,,,,,,,,,,
hbo:1210a,panen,,,,,,,,,,,,,
hbo:1211,bawang merah,,,,,,,,,,,,,
hbo:1212,Bezalel,,,,,,,,,,,,,
hbo:1213,Bazlut,,,,,,,,,,,,,
hbo:1214,,potongan,,memotong,,,,,,,,,,
hbo:1215,keuntungan haram,,,,,,,,,,,,,
hbo:1216,bengkak,,,,,,,,,,,,,
hbo:1217,adonan,,,,,,,,,,,,,
hbo:1218,Bozkath,,,,,,,,,,,,,
hbo:1219,"kubu, benteng, dibentengi, pertahanan",,,,,,,,,,,,,
hbo:1219b,"kubu, benteng, dibentengi, pertahanan",,ditahan,menghalangi,,,,,,,,,,
hbo:1221,Bezer,,,,,,,,,,,,,
hbo:1221a,Bezer,,,,,,,,,,,,,
hbo:1224,Bozrah,,,,,,,,,,,,,
hbo:1225,benteng,,,,,,,,,,,,,
hbo:1226a,kekeringan,,,,,,,,,,,,,
hbo:1227,Bakbuk,,,,,,,,,,,,,
hbo:1228,bejana,,,,,,,,,,,,,
hbo:1229,Bakbukiah,,,,,,,,,,,,,
hbo:1230,Bakbakkar,,,,,,,,,,,,,
hbo:1231,Bukki,,,,,,,,,,,,,
hbo:1233,celah,,,,,,,,,,,,,
hbo:1234,pecah,membelah,terbelah,mengoyak,teroyak,teroyak-oyak,menyerbu,diserbui,,,,,,
hbo:1235,beka,,,,,,,,,,,,,
hbo:1237,lembah,,,,,,,,,,,,,
hbo:1238,mekar,menghancurkan,terhancur,mengobrak-abrik,,,,,,,,,,
hbo:1239,"mencari, dicari, pencarian",,,,,,,,,,,,,
hbo:1241,"sapi, lembu, banteng, anak lembu",,,,,,,,,,,,,
hbo:1242,pagi,,,,,,,,,,,,,
hbo:1243,pencarian,,,,,,,,,,,,,
hbo:1244,cambukan,,,,,,,,,,,,,
hbo:1245,"mencari, dicari, pencarian",,,mencari,dicari,,,,,,,,,
hbo:1246,permintaan,,,,,,,,,,,,,
hbo:1247,anak,,,,,,,,,,,,,
hbo:1248,anak,,,,,,,,,,,,,
hbo:1249,anak,,,,,,,,,,,,,
hbo:1252,kesucian,,,,,,,,,,,,,
hbo:1254,"menciptakan, diciptakan, ciptaan, Pencipta",menciptakan,tercipta,,,,,,,,,,,
hbo:1254a,"menciptakan, diciptakan, ciptaan, Pencipta",,,,,,,,,,,,,
hbo:1254b,"menciptakan, diciptakan, ciptaan, Pencipta",,,,,,,,,,,,,
hbo:1255,Merodakh Baladan,,,,,,,,,,,,,
hbo:1256,Beraya,,,,,,,,,,,,,
hbo:1257,burung,,,,,,,,,,,,,
hbo:1259,"hujan es, salam, hujan batu es, badai es",,,,,,,,,,,,,
hbo:1260,Bered,,,,,,,,,,,,,
hbo:1260a,Bered,,,,,,,,,,,,,
hbo:1261,bintik,,,,,,,,,,,,,
hbo:1262,yang terpilih,makan,,,,,memberi makan,,,,,,,
hbo:1262a,yang terpilih,,,,,,,,,,,,,
hbo:1263,Barukh,,,,,,,,,,,,,
hbo:1265,sanobar,,,,,,,,,,,,,
hbo:1267,makanan,,,,,,,,,,,,,
hbo:1268,Berota,,,,,,,,,,,,,
hbo:1270,besi,,,,,,,,,,,,,
hbo:1271,Barzilai,,,,,,,,,,,,,
hbo:1272,lari,melarikan diri,,,,,mengusir,,,,,,,
hbo:1273,Barahumit,,,,,,,,,,,,,
hbo:1276,Beri,,,,,,,,,,,,,
hbo:1277,gemuk,,,,,,,,,,,,,
hbo:1278,kreasi,,,,,,,,,,,,,
hbo:1279,makanan,,,,,,,,,,,,,
hbo:1280,"gerbang, palang gerbang, penjaga gerbang, pintu gerbang",,,,,,,,,,,,,
hbo:1281,Bariakh,,,,,,,,,,,,,
hbo:1282,Bariakh,,,,,,,,,,,,,
hbo:1283,Beria,,,,,,,,,,,,,
hbo:1284,Beriit,,,,,,,,,,,,,
hbo:1285,perjanjian,,,,,,,,,,,,,
hbo:1287,soda,,,,,,,,,,,,,
hbo:1288,"memberkati, diberkati, berkat-berkat",memberkati,memberkati diri,memberkati,diberkati,saling memberkati,,,,,,,,
hbo:1288a,"memberkati, diberkati, berkat-berkat",berlutut,,,,,membuat berlutut,,,,,,,
hbo:1290,lutut,,,,,,,,,,,,,
hbo:1292,Barakiel,,,,,,,,,,,,,
hbo:1293,"memberkati, diberkati, berkat-berkat",,,,,,,,,,,,,
hbo:1295,kolam,,,,,,,,,,,,,
hbo:1296,Berekeya,,,,,,,,,,,,,
hbo:1297,namun,,,,,,,,,,,,,
hbo:1298,Bera,,,,,,,,,,,,,
hbo:1300,kilat,,,,,,,,,,,,,
hbo:1301,kilat,,,,,,,,,,,,,
hbo:1302,Barkos,,,,,,,,,,,,,
hbo:1303,duri,,,,,,,,,,,,,
hbo:1304,permata,,,,,,,,,,,,,
hbo:1304a,permata,,,,,,,,,,,,,
hbo:1305,"suci, menyucikan, penyucian",menyaring,tetap bersih,menyucikan,,berlaku murni,membersihkan,,,,,,,
hbo:1306,Birsa,,,,,,,,,,,,,
hbo:1307,Beerot,,,,,,,,,,,,,
hbo:1308,Besor,,,,,,,,,,,,,
hbo:1310,memasak,matang,,memasak,direbus,,mematangkan,,,,,,,
hbo:1311,masak,,,,,,,,,,,,,
hbo:1312,Bishlam,,,,,,,,,,,,,
hbo:1314,rempah,,,,,,,,,,,,,
hbo:1315,Basemat,,,,,,,,,,,,,
hbo:1316,Basan,,,,,,,,,,,,,
hbo:1317,malu,,,,,,,,,,,,,
hbo:1318,menginjak,,,,,,,,,,,,,
hbo:1319,,,,memberitakan,,menerima berita,,,,,,,,
hbo:1320,ternak,,,,,,,,,,,,,
hbo:1322,"malu, memalukan, merasa malu, dipermalukan",,,,,,,,,,,,,
hbo:1323,putri,,,,,,,,,,,,,
hbo:1324,putri,,,,,,,,,,,,,
hbo:1326,sunyi,,,,,,,,,,,,,
hbo:1327,jurang,,,,,,,,,,,,,
hbo:1328,Betuel,,,,,,,,,,,,,
hbo:1328a,Betuel,,,,,,,,,,,,,
hbo:1330,"perawan, perawan-perawan, keperawanan",,,,,,,,,,,,,
hbo:1331,"perawan, perawan-perawan, keperawanan",,,,,,,,,,,,,
hbo:1332,Bitya,,,,,,,,,,,,,
hbo:1333,memotong,,,,,,,,,,,,,
hbo:1334,membagi,,,,,,,,,,,,,
hbo:1335,bagian,,,,,,,,,,,,,
hbo:1337,Bat-Rabim,,,,,,,,,,,,,
hbo:1338,Bitron,,,,,,,,,,,,,
hbo:1341,angkuh,,,,,,,,,,,,,
hbo:1342,bangkit,,,,,,,,,,,,,
hbo:1343,"bermegah, angkuh, dengan angkuh, bangga",,,,,,,,,,,,,
hbo:1344,"bermegah, angkuh, dengan angkuh, bangga",,,,,,,,,,,,,
hbo:1345,Geuel,,,,,,,,,,,,,
hbo:1346,"bermegah, angkuh, dengan angkuh, bangga",,,,,,,,,,,,,
hbo:1347,keangkuhan,,,,,,,,,,,,,
hbo:1348,"bermegah, angkuh, dengan angkuh, bangga",,,,,,,,,,,,,
hbo:1350,"menebus, penebusan, penebus",menebus,ditebus,,,,,,,,,,,
hbo:1351,ke,kotor,menjadi kotor,menajiskan,dinajiskan,menajiskan diri,,,,,,,,
hbo:1353,"menebus, penebusan, penebus",,,,,,,,,,,,,
hbo:1355,punggung,,,,,,,,,,,,,
hbo:1356,kubur,,,,,,,,,,,,,
hbo:1360,kubur,,,,,,,,,,,,,
hbo:1361,"mengagungkan, keagungan",tinggi,,,,,meninggikan,,,,,,,
hbo:1363,tinggi,,,,,,,,,,,,,
hbo:1364,﻿congkak,,,,,,,,,,,,,
hbo:1365,kesombongan,,,,,,,,,,,,,
hbo:1366,batas,,,,,,,,,,,,,
hbo:1367,batas,,,,,,,,,,,,,
hbo:1368,"besar, sangat berkuasa, lebih berkuasa, dengan kuasa",,,,,,,,,,,,,
hbo:1369,"besar, sangat berkuasa, lebih berkuasa, dengan kuasa",,,,,,,,,,,,,
hbo:1371,botak,,,,,,,,,,,,,
hbo:1372,kebotakan,,,,,,,,,,,,,
hbo:1373,Gabbai,,,,,,,,,,,,,
hbo:1374,Gebim,,,,,,,,,,,,,
hbo:1375,piala,,,,,,,,,,,,,
hbo:1376,"Tuhan, majikkan, tuan, penguasa",,,,,,,,,,,,,
hbo:1377,"ratu, ratu-ratu",,,,,,,,,,,,,
hbo:1378,kristal,,,,,,,,,,,,,
hbo:1379,berbatas,membatasi,,,,,menetapkan batas,,,,,,,
hbo:1380,Gebal,,,,,,,,,,,,,
hbo:1381,Gebal,,,,,,,,,,,,,
hbo:1382,Gebalite,,,,,,,,,,,,,
hbo:1383,lilitan,,,,,,,,,,,,,
hbo:1384,bungkuk,,,,,,,,,,,,,
hbo:1385,keju,,,,,,,,,,,,,
hbo:1386,puncak,,,,,,,,,,,,,
hbo:1387,Gibea,,,,,,,,,,,,,
hbo:1388,Gibea,,,,,,,,,,,,,
hbo:1389,Gibea,,,,,,,,,,,,,
hbo:1391,"Gibeon, Orang Gibeon, Orang-orang Gibeon",,,,,,,,,,,,,
hbo:1392,tunas,,,,,,,,,,,,,
hbo:1395,Gibeathite,,,,,,,,,,,,,
hbo:1396,"besar, sangat berkuasa, lebih berkuasa, dengan kuasa",unggul,,memperkuat,,menunjukkan kekuatan,menguat,,,,,,,
hbo:1397,"tentara, pejuang, prajurit",,,,,,,,,,,,,
hbo:1398,"tentara, pejuang, prajurit",,,,,,,,,,,,,
hbo:1402,Gibbar,,,,,,,,,,,,,
hbo:1403,Gabriel,,,,,,,,,,,,,
hbo:1404,nyonya,,,,,,,,,,,,,
hbo:1405,Gibbethon,,,,,,,,,,,,,
hbo:1406,atap,,,,,,,,,,,,,
hbo:1407,ketumbar,,,,,,,,,,,,,
hbo:1409,keberuntungan,,,,,,,,,,,,,
hbo:1411,bendahara,,,,,,,,,,,,,
hbo:1413a,menggaris,berkumpul,,,,menyayat diri,,,,,,,,
hbo:1416,"pencuri, para pencuri, perampok",,,,,,,,,,,,,
hbo:1418,alur,,,,,,,,,,,,,
hbo:1419,imam besar,,,,,,,,,,,,,
hbo:1420,agung,,,,,,,,,,,,,
hbo:1421,"fitnah, difitnah, pemfitnah, memfitnah",,,,,,,,,,,,,
hbo:1422,cercaan,,,,,,,,,,,,,
hbo:1423,"kambing, anak kambing, kambing hitam",,,,,,,,,,,,,
hbo:1424,Gad,,,,,,,,,,,,,
hbo:1425,Gad,,,,,,,,,,,,,
hbo:1426,Gaddi,,,,,,,,,,,,,
hbo:1427,Gadiel,,,,,,,,,,,,,
hbo:1429,"kambing, anak kambing, kambing hitam",,,,,,,,,,,,,
hbo:1430,"biji-bijian, ladang gandum",,,,,,,,,,,,,
hbo:1431,"bermegah, angkuh, dengan angkuh, bangga",besar,,membesarkan,dibesarkan,bermegah,memuliakan,,,,,,,
hbo:1432,besar,,,,,,,,,,,,,
hbo:1433,kebesaran,,,,,,,,,,,,,
hbo:1434,rumbai,,,,,,,,,,,,,
hbo:1435,Giddel,,,,,,,,,,,,,
hbo:1436,Gedalya,,,,,,,,,,,,,
hbo:1437,Giddalti,,,,,,,,,,,,,
hbo:1438,menebang,memotong,terpotong,menebang,dipotong,,,,,,,,,
hbo:1439,Gideon,,,,,,,,,,,,,
hbo:1440,Gidom,,,,,,,,,,,,,
hbo:1441,Gideoni,,,,,,,,,,,,,
hbo:1442,"penghujatan, menghujat",,,,,,,,,,,,,
hbo:1445,Geder,,,,,,,,,,,,,
hbo:1446a,Gedor,,,,,,,,,,,,,
hbo:1447,tembok,,,,,,,,,,,,,
hbo:1448,tembok,,,,,,,,,,,,,
hbo:1449,tembok,,,,,,,,,,,,,
hbo:1450,Gederoth,,,,,,,,,,,,,
hbo:1451,Gederit,,,,,,,,,,,,,
hbo:1452,Gederatit,,,,,,,,,,,,,
hbo:1453,Gederotaim,,,,,,,,,,,,,
hbo:1456,kesembuhan,,,,,,,,,,,,,
hbo:1457,"berlutut, membungkuk, bersujud",,,,,,,,,,,,,
hbo:1458,belakang,,,,,,,,,,,,,
hbo:1460,belakang,,,,,,,,,,,,,
hbo:1460a,belakang,,,,,,,,,,,,,
hbo:1463,Gog,,,,,,,,,,,,,
hbo:1464,menyerang,,,,,,,,,,,,,
hbo:1465,belakang,,,,,,,,,,,,,
hbo:1466,belakang,,,,,,,,,,,,,
hbo:1468,cepat,,,,,,,,,,,,,
hbo:1469,anak burung,,,,,,,,,,,,,
hbo:1470,Gozan,,,,,,,,,,,,,
hbo:1471,"bangsa, bangsa-bangsa",,,,,,,,,,,,,
hbo:1471a,"bangsa, bangsa-bangsa",,,,,,,,,,,,,
hbo:1472,tubuh,,,,,,,,,,,,,
hbo:1473,"pembuangan, orang buangan, dibuang",,,,,,,,,,,,,
hbo:1474,Golan,,,,,,,,,,,,,
hbo:1475,lubang,,,,,,,,,,,,,
hbo:1476,Guni,,,,,,,,,,,,,
hbo:1478,"binasa, dibinasakan, kebinasaan, dapat binasa",,,,,,,,,,,,,
hbo:1479,menutup,,,,,,,,,,,,,
hbo:1480,jasad,,,,,,,,,,,,,
hbo:1481,"orang asing, asing, orang luar",tinggal sementara,,,,bertempat tinggal,,,,,,,,
hbo:1481b,"orang asing, asing, orang luar",,,,,,,,,,,,,
hbo:1482,"orang asing, asing, orang luar",,,,,,,,,,,,,
hbo:1486,"undi, membuang undi",,,,,,,,,,,,,
hbo:1487,gumpal,,,,,,,,,,,,,
hbo:1488,bulu domba,,,,,,,,,,,,,
hbo:1489,bendahara,,,,,,,,,,,,,
hbo:1492,bulu domba,,,,,,,,,,,,,
hbo:1493,Gizonit,,,,,,,,,,,,,
hbo:1494,menggunting,mencukur,tercukur,,,,,,,,,,,
hbo:1495,Gazez,,,,,,,,,,,,,
hbo:1496,"batu, bebatuan, merajam",,,,,,,,,,,,,
hbo:1497,"pencuri, para pencuri, perampok",merebut,dirampas,,,,,,,,,,,
hbo:1498,"pencuri, para pencuri, perampok",,,,,,,,,,,,,
hbo:1499,perampokan,,,,,,,,,,,,,
hbo:1500,perampokan,,,,,,,,,,,,,
hbo:1501,belalang pelahap,,,,,,,,,,,,,
hbo:1502,Gazam,,,,,,,,,,,,,
hbo:1503,batang,,,,,,,,,,,,,
hbo:1504,,memotong,terpotong,,,,,,,,,,,
hbo:1506,potongan,,,,,,,,,,,,,
hbo:1507,potongan,,,,,,,,,,,,,
hbo:1508,pagar,,,,,,,,,,,,,
hbo:1509,dekrit,,,,,,,,,,,,,
hbo:1511,Girzit,,,,,,,,,,,,,
hbo:1512,perut,,,,,,,,,,,,,
hbo:1513,arang,,,,,,,,,,,,,
hbo:1514,Gaham,,,,,,,,,,,,,
hbo:1515,Gahar,,,,,,,,,,,,,
hbo:1516,lembah,,,,,,,,,,,,,
hbo:1517,urat,,,,,,,,,,,,,
hbo:1518,meledak,meletus,,,,,menyebabkan meletus,,,,,,,
hbo:1521,Gihon,,,,,,,,,,,,,
hbo:1522,Gehazi,,,,,,,,,,,,,
hbo:1525,kegembiraan,,,,,,,,,,,,,
hbo:1526,Gilonit,,,,,,,,,,,,,
hbo:1527,Ginat,,,,,,,,,,,,,
hbo:1528,kapur,,,,,,,,,,,,,
hbo:1529,Geshan,,,,,,,,,,,,,
hbo:1530,"sumber air, mata air",,,,,,,,,,,,,
hbo:1532,tukang cukur,,,,,,,,,,,,,
hbo:1533,Gilboa,,,,,,,,,,,,,
hbo:1534,roda,,,,,,,,,,,,,
hbo:1534a,roda,,,,,,,,,,,,,
hbo:1537,Gilgal,,,,,,,,,,,,,
hbo:1538,kepala,,,,,,,,,,,,,
hbo:1539,kulit,,,,,,,,,,,,,
hbo:1540,"pembuangan, orang buangan, dibuang","membuka, mengungkap","terbuka, terungkap",mengungkap,diungkap,menampakkan diri,membawa ke pembuangan,dibawa ke pembuangan,,,,,,
hbo:1542,Gilo,,,,,,,,,,,,,
hbo:1543,"sumber air, mata air",,,,,,,,,,,,,
hbo:1545,kain,,,,,,,,,,,,,
hbo:1546,"pembuangan, orang buangan, dibuang",,,,,,,,,,,,,
hbo:1548,cukur,,,mencukur,dicukur,mencukur diri,,,,,,,,
hbo:1549,papan,,,,,,,,,,,,,
hbo:1551,"Galilea, Orang Galilea, orang-orang Galilea",,,,,,,,,,,,,
hbo:1552,batas,,,,,,,,,,,,,
hbo:1553,Gelilot,,,,,,,,,,,,,
hbo:1554,Gallim,,,,,,,,,,,,,
hbo:1555,Goliat,,,,,,,,,,,,,
hbo:1556,menggulung,menggulung,bergulir,menggulung,digulung,menggulung diri,,,,,,,,
hbo:1557,karena,,,,,,,,,,,,,
hbo:1558,karena,,,,,,,,,,,,,
hbo:1559,karena,,,,,,,,,,,,,
hbo:1561,"sumber air, mata air",,,,,,,,,,,,,
hbo:1562,Gilalai,,,,,,,,,,,,,
hbo:1564,janin,,,,,,,,,,,,,
hbo:1565,tandus,,,,,,,,,,,,,
hbo:1566,bersengketa,,,,,,,,,,,,,
hbo:1567,Galead,,,,,,,,,,,,,
hbo:1568,"Gilead, Orang Gilead, Orang-orang Gilead",,,,,,,,,,,,,
hbo:1569,"Gilead, Orang Gilead, Orang-orang Gilead",,,,,,,,,,,,,
hbo:1570,mengalir,,,,,,,,,,,,,
hbo:1571,juga,,,,,,,,,,,,,
hbo:1572,,,,menelan,,,membiarkan menelan,,,,,,,
hbo:1573,tebu,,,,,,,,,,,,,
hbo:1574,hasta,,,,,,,,,,,,,
hbo:1576,"upah, upahan, memberikan upah, pemberi upah",,,,,,,,,,,,,
hbo:1577,Gamul,,,,,,,,,,,,,
hbo:1578,"upah, upahan, memberikan upah, pemberi upah",,,,,,,,,,,,,
hbo:1579,Gimzo,,,,,,,,,,,,,
hbo:1580,"upah, upahan, memberikan upah, pemberi upah",menyelesaikan,disapih,,,,,,,,,,,
hbo:1581,"Unta, Unta-unta",,,,,,,,,,,,,
hbo:1582,Gemali,,,,,,,,,,,,,
hbo:1583,Gamaliel,,,,,,,,,,,,,
hbo:1586,Gomer,,,,,,,,,,,,,
hbo:1586a,Gomer,,,,,,,,,,,,,
hbo:1587,Gemarya,,,,,,,,,,,,,
hbo:1588,"Eden, taman Eden",,,,,,,,,,,,,
hbo:1589,mencuri,mencuri,dicuri,mencuri,dicuri,berjalan diam-diam,,,,,,,,
hbo:1590,"pencuri, para pencuri, perampok",,,,,,,,,,,,,
hbo:1591,pencurian,,,,,,,,,,,,,
hbo:1592,Genubat,,,,,,,,,,,,,
hbo:1593,taman,,,,,,,,,,,,,
hbo:1595,perbendaharaan,,,,,,,,,,,,,
hbo:1597,perbendaharaan,,,,,,,,,,,,,
hbo:1598,melindungi,,,,,,,,,,,,,
hbo:1599,Ginneton,,,,,,,,,,,,,
hbo:1601,Goa,,,,,,,,,,,,,
hbo:1602,membenci,membenci,dibenci,,,,menyebabkan benci,,,,,,,
hbo:1603,Gaal,,,,,,,,,,,,,
hbo:1604,jijik,,,,,,,,,,,,,
hbo:1605,"menegur, teguran, ditegur",,,,,,,,,,,,,
hbo:1606,"menegur, teguran, ditegur",,,,,,,,,,,,,
hbo:1607,,berguncang,,,berguncang,berguncang-guncang,,,,,,berguncang-guncang,,
hbo:1608,Gaas,,,,,,,,,,,,,
hbo:1609,Gatam,,,,,,,,,,,,,
hbo:1610,sendiri,,,,,,,,,,,,,
hbo:1610a,sendiri,,,,,,,,,,,,,
hbo:1612,"anggur, pokok anggur",,,,,,,,,,,,,
hbo:1613,kayu gofar,,,,,,,,,,,,,
hbo:1614,belerang,,,,,,,,,,,,,
hbo:1615,kapur,,,,,,,,,,,,,
hbo:1616,"orang asing, asing, orang luar",,,,,,,,,,,,,
hbo:1617,Gera,,,,,,,,,,,,,
hbo:1618,kudis,,,,,,,,,,,,,
hbo:1619,Gareb,,,,,,,,,,,,,
hbo:1620,biji,,,,,,,,,,,,,
hbo:1622,Orang-orang Girgasi,,,,,,,,,,,,,
hbo:1623,garuk,,,,,,,,,,,,,
hbo:1624,picu,,,bersengketa,,merangsang diri,,,,,,,,
hbo:1625,gera,,,,,,,,,,,,,
hbo:1626,gera,,,,,,,,,,,,,
hbo:1627,tenggorokan,,,,,,,,,,,,,
hbo:1628,Gerut,,,,,,,,,,,,,
hbo:1629,potong,,,,,,,,,,,,,
hbo:1630,Gerizim,,,,,,,,,,,,,
hbo:1631,"kapak, kapak-kapak",,,,,,,,,,,,,
hbo:1633,sisa,,,,,,,,,,,,,
hbo:1634,tulang,,,,,,,,,,,,,
hbo:1636,Garmi,,,,,,,,,,,,,
hbo:1637,"mengirik, pengirikan",,,,,,,,,,,,,
hbo:1638,gerutu,hancur,,,,,menghancurkan,,,,,,,
hbo:1639,kurang,mencukur,berkurang,menarik mundur,,,,,,,,,,
hbo:1640,sapu,,,,,,,,,,,,,
hbo:1641,seret,menyeret,mengunyah,,dipotong,,,,,,,,,
hbo:1642,Gerar,,,,,,,,,,,,,
hbo:1643,butir,,,,,,,,,,,,,
hbo:1644,"mencampakkan, mengusir, membuang",mengusir,diusir,mengusir,diusir,,,,,,,,,
hbo:1645,hasil,,,,,,,,,,,,,
hbo:1646,pengusiran,,,,,,,,,,,,,
hbo:1647,Gerson,,,,,,,,,,,,,
hbo:1648,Gersyom,,,,,,,,,,,,,
hbo:1649,Gersoni,,,,,,,,,,,,,
hbo:1650,"Gesur, Orang-orang Gesur",,,,,,,,,,,,,
hbo:1651,"Gesur, Orang-orang Gesur",,,,,,,,,,,,,
hbo:1653,hujan,,,,,,,,,,,,,
hbo:1656,hujan,,,,,,,,,,,,,
hbo:1657,Gosyen,,,,,,,,,,,,,
hbo:1658,Gispa,,,,,,,,,,,,,
hbo:1659,meraba,,,,,,,,,,,,,
hbo:1660,"Gat, orang Gat, Orang-oranGat",,,,,,,,,,,,,
hbo:1661,"Gat, orang Gat, Orang-oranGat",,,,,,,,,,,,,
hbo:1663,"Gat, orang Gat, Orang-oranGat",,,,,,,,,,,,,
hbo:1664,Gitaim,,,,,,,,,,,,,
hbo:1665,Gitit,,,,,,,,,,,,,
hbo:1666,Geter,,,,,,,,,,,,,
hbo:1667,Gat-Rimon,,,,,,,,,,,,,
hbo:1668,ini,,,,,,,,,,,,,
hbo:1669,"meratap, ratapan, meratapi, peratap",,,,,,,,,,,,,
hbo:1670,"takut, kuatir, ketakutan",,,,,,,,,,,,,
hbo:1671,"meratap, ratapan, meratapi, peratap",,,,,,,,,,,,,
hbo:1673,Doeg,,,,,,,,,,,,,
hbo:1674,kekhawatiran,,,,,,,,,,,,,
hbo:1675,terbang,,,,,,,,,,,,,
hbo:1676,elang,,,,,,,,,,,,,
hbo:1677,"beruang, beruang-beruang",,,,,,,,,,,,,
hbo:1679,kekuatan,,,,,,,,,,,,,
hbo:1680,mengalir,,,,,,,,,,,,,
hbo:1681,"kabar, kabar-kabar, terkabar",,,,,,,,,,,,,
hbo:1682,lebah,,,,,,,,,,,,,
hbo:1683,Debora,,,,,,,,,,,,,
hbo:1684,"korban, dikorbankan, mengorbankan, persembahan",,,,,,,,,,,,,
hbo:1687,Debir,,,,,,,,,,,,,
hbo:1688,Debir,,,,,,,,,,,,,
hbo:1688a,Debir,,,,,,,,,,,,,
hbo:1689,Dibla,,,,,,,,,,,,,
hbo:1690,buah ara,,,,,,,,,,,,,
hbo:1691,Diblaim,,,,,,,,,,,,,
hbo:1692,"mengambil alih, melampaui",menempel,,,bersatu,,melekatkan,direkatkan,,,,,,
hbo:1694,sambungan,,,,,,,,,,,,,
hbo:1695,lekat,,,,,,,,,,,,,
hbo:1696,"kabar, kabar-kabar, terkabar",berbicara,berbicara,berbicara,diucapkan,berbicara,,,,,,,,
hbo:1697,"firman Allah, firman-firman Tuhan, firman TUHAN, firman kebenaran",,,,,,,,,,,,,
hbo:1698,tulah,,,,,,,,,,,,,
hbo:1699,padang,,,,,,,,,,,,,
hbo:1700,sebab,,,,,,,,,,,,,
hbo:1704,Dibri,,,,,,,,,,,,,
hbo:1705,Daberata,,,,,,,,,,,,,
hbo:1706,"madu, sarang madu",,,,,,,,,,,,,
hbo:1708,Dabbeset,,,,,,,,,,,,,
hbo:1709,ikan,,,,,,,,,,,,,
hbo:1710,ikan,,,,,,,,,,,,,
hbo:1711,berkembang biak,,,,,,,,,,,,,
hbo:1712,Dagon,,,,,,,,,,,,,
hbo:1714,bendera,,,,,,,,,,,,,
hbo:1715,"biji-bijian, ladang gandum",,,,,,,,,,,,,
hbo:1716,mengumpulkan,,,,,,,,,,,,,
hbo:1717,payudara,,,,,,,,,,,,,
hbo:1718,berjalan pelan,,,,,,,,,,,,,
hbo:1719,Dedan,,,,,,,,,,,,,
hbo:1721,Dodani,,,,,,,,,,,,,
hbo:1722,emas,,,,,,,,,,,,,
hbo:1724,terkejut,,,,,,,,,,,,,
hbo:1725,bergegas,,,,,,,,,,,,,
hbo:1726,gegas,,,,,,,,,,,,,
hbo:1727,pinus,,,,,,,,,,,,,
hbo:1728,nelayan,,,,,,,,,,,,,
hbo:1729,mata kail,,,,,,,,,,,,,
hbo:1730,terkasih,,,,,,,,,,,,,
hbo:1731,periuk,,,,,,,,,,,,,
hbo:1732,Daud,,,,,,,,,,,,,
hbo:1733,bibi,,,,,,,,,,,,,
hbo:1734,Dodo,,,,,,,,,,,,,
hbo:1736,mandrake,,,,,,,,,,,,,
hbo:1739,sakit,,,,,,,,,,,,,
hbo:1740,basuh,,,,,,,,,,,,,
hbo:1741,"menderita, diderita, penderitaan, kesengsaraan",,,,,,,,,,,,,
hbo:1742,lemas,,,,,,,,,,,,,
hbo:1743,menghancurkan,,,,,,,,,,,,,
hbo:1744,hoopoe,,,,,,,,,,,,,
hbo:1745,Dumah,,,,,,,,,,,,,
hbo:1746,Dumah,,,,,,,,,,,,,
hbo:1747,keheningan,,,,,,,,,,,,,
hbo:1748,keheningan,,,,,,,,,,,,,
hbo:1749,lilin,,,,,,,,,,,,,
hbo:1750,melompat,,,,,,,,,,,,,
hbo:1755,generasi,,,,,,,,,,,,,
hbo:1756,Dor,,,,,,,,,,,,,
hbo:1757,Dura,,,,,,,,,,,,,
hbo:1758,"mengirik, pengirikan",meninjak,ditinjak,,,,,digilas,,,,,,
hbo:1760,"menyebar, penyebaran",mendorong,didorong,,ditumbangkan,,,,,,,,,
hbo:1761,hiburan,,,,,,,,,,,,,
hbo:1762,"tersandung, terantuk, terbentur, kesandung",,,,,,,,,,,,,
hbo:1763,takut,,,,,,,,,,,,,
hbo:1764,milet,,,,,,,,,,,,,
hbo:1765,tergesa,bersegera,bersegera,,,,,,,,,,,
hbo:1766,menekan,,,,,,,,,,,,,
hbo:1767,cukup,,,,,,,,,,,,,
hbo:1768,yang,,,,,,,,,,,,,
hbo:1769,Dibon,,,,,,,,,,,,,
hbo:1771,nelayan,,,,,,,,,,,,,
hbo:1772,elang,,,,,,,,,,,,,
hbo:1773,tinta,,,,,,,,,,,,,
hbo:1774,Di Zahab,,,,,,,,,,,,,
hbo:1775,Dimon,,,,,,,,,,,,,
hbo:1776,Dimonah,,,,,,,,,,,,,
hbo:1777,"Menghakimi, penghakiman",menghakimi,bersengketa,,,,,,,,,,,
hbo:1781,hakim,,,,,,,,,,,,,
hbo:1783,Dinah,,,,,,,,,,,,,
hbo:1784,hakim,,,,,,,,,,,,,
hbo:1785,"kepungan, mengepung, terkepung, pengepung",,,,,,,,,,,,,
hbo:1786,penggilingan,,,,,,,,,,,,,
hbo:1787,Dishon,,,,,,,,,,,,,
hbo:1788,ibex,,,,,,,,,,,,,
hbo:1789,Dishan,,,,,,,,,,,,,
hbo:1790,tertindas,,,,,,,,,,,,,
hbo:1791,itu,,,,,,,,,,,,,
hbo:1792,,,dihancurkan,menghancurkan,dihancurkan,hancur,,,,,,,,
hbo:1793,patah hati,,,,,,,,,,,,,
hbo:1794,,remuk,remuk,meremukkan,,,,,,,,,,
hbo:1795,remuk,,,,,,,,,,,,,
hbo:1796,gelombang,,,,,,,,,,,,,
hbo:1797,ini,,,,,,,,,,,,,
hbo:1798,"domba betina, domba jantan, domba, bulu domba",,,,,,,,,,,,,
hbo:1799,catatan,,,,,,,,,,,,,
hbo:1800,"rendah, kerendahan",,,,,,,,,,,,,
hbo:1800a,"rendah, kerendahan",,,,,,,,,,,,,
hbo:1801,melompat,melompat,,melompati,,,,,,,,,,
hbo:1802,menarik,menimba air,,menarik naik,,,,,,,,,,
hbo:1803,lemah,,,,,,,,,,,,,
hbo:1803a,lemah,,,,,,,,,,,,,
hbo:1804,mengaduk,,,,,,,,,,,,,
hbo:1805,timba,,,,,,,,,,,,,
hbo:1806,Delaya,,,,,,,,,,,,,
hbo:1807,Delila,,,,,,,,,,,,,
hbo:1809,melemah,,,,,,,,,,,,,
hbo:1810,Dilan,,,,,,,,,,,,,
hbo:1812,tetesan,,,,,,,,,,,,,
hbo:1813,Dalfon,,,,,,,,,,,,,
hbo:1814,membara,membakar,,,,,menyalakan,,,,,,,
hbo:1816,peradangan,,,,,,,,,,,,,
hbo:1817,"gerbang, palang gerbang, penjaga gerbang, pintu gerbang",,,,,,,,,,,,,
hbo:1818,pertumpahan darah,,,,,,,,,,,,,
hbo:1819,menyerupai,menyerupai,,membandingkan,,menyamakan diri,,,,,,,,
hbo:1823,rupa,,,,,,,,,,,,,
hbo:1824,senyap,,,,,,,,,,,,,
hbo:1824a,senyap,,,,,,,,,,,,,
hbo:1826,membisu,diam,dibisukan,menenangkan,,,mendiamkan,,,,,,,
hbo:1827,sunyi,,,,,,,,,,,,,
hbo:1828,"pupuk kandang, pupuk",,,,,,,,,,,,,
hbo:1829,Dimna,,,,,,,,,,,,,
hbo:1831,air,,,,,,,,,,,,,
hbo:1832,"meratap, ratapan, meratapi, peratap",,,,,,,,,,,,,
hbo:1833,sutra,,,,,,,,,,,,,
hbo:1834,"Damsyik, Damaskus",,,,,,,,,,,,,
hbo:1835,Dan,,,,,,,,,,,,,
hbo:1836,Dana,,,,,,,,,,,,,
hbo:1837,Dana,,,,,,,,,,,,,
hbo:1838,Dinaba,,,,,,,,,,,,,
hbo:1839,Danit,,,,,,,,,,,,,
hbo:1841,Daniel,,,,,,,,,,,,,
hbo:1843,"mengetahui, pengetahuan, memberitahukan, mengetahui sebelumnya",,,,,,,,,,,,,
hbo:1844,"mengetahui, pengetahuan, memberitahukan, mengetahui sebelumnya",,,,,,,,,,,,,
hbo:1845,Deuel,,,,,,,,,,,,,
hbo:1846,padam,padam,kering,,dipadamkan,,,,,,,,,
hbo:1847,"mengetahui, pengetahuan, memberitahukan, mengetahui sebelumnya",,,,,,,,,,,,,
hbo:1848,"fitnah, difitnah, pemfitnah, memfitnah",,,,,,,,,,,,,
hbo:1849,ketuk,mengusir,,,,saling mendorong,,,,,,,,
hbo:1850,Dofka,,,,,,,,,,,,,
hbo:1851,tipis,,,,,,,,,,,,,
hbo:1852,kain,,,,,,,,,,,,,
hbo:1853,Diklah,,,,,,,,,,,,,
hbo:1854,hancur,menghancurkan,,,,,menghancurkan,dihancurkan,,,,,,
hbo:1856,tusuk,menusuk,ditusuk,,ditusuk,,,,,,,,,
hbo:1858,mutiara,,,,,,,,,,,,,
hbo:1860,kehinaan,,,,,,,,,,,,,
hbo:1862,Darda,,,,,,,,,,,,,
hbo:1863,"duri, onak duri, semak berduri",,,,,,,,,,,,,
hbo:1864,selatan,,,,,,,,,,,,,
hbo:1865,kebebasan,,,,,,,,,,,,,
hbo:1865a,kebebasan,,,,,,,,,,,,,
hbo:1869,"menginjak-injak, terinjak",menginjak,,,,,menginjak kuat,,,,,,,
hbo:1870,"salah, pelanggar, berbuat salah, menganiaya",,,,,,,,,,,,,
hbo:1874,Darkon,,,,,,,,,,,,,
hbo:1875,"mencari, dicari, pencarian",menyelidiki,diselidiki,,,,,,,,,,,
hbo:1876,,menghijau,,,,,memunculkan,,,,,,,
hbo:1877,"menanam, ditanam kembali, ditransplantasikan, menabur benih",,,,,,,,,,,,,
hbo:1878,"mengurapi, diurapi",gemuk,,menggemukkan,digemukkan,,,,,,,,,
hbo:1879,"mengurapi, diurapi",,,,,,,,,,,,,
hbo:1880,abu,,,,,,,,,,,,,
hbo:1882,"hukum, hukum Musa, hukum Allah, hukum TUHAN",,,,,,,,,,,,,
hbo:1883,rumput,,,,,,,,,,,,,
hbo:1884,hakim,,,,,,,,,,,,,
hbo:1885,Datan,,,,,,,,,,,,,
hbo:1886,Dofan,,,,,,,,,,,,,
hbo:1887,lihat,,,,,,,,,,,,,
hbo:1889,hah,,,,,,,,,,,,,
hbo:1891,,hampa,,,,,menghampakan,,,,,,,
hbo:1892,Habel,,,,,,,,,,,,,
hbo:1893,Habel,,,,,,,,,,,,,
hbo:1895,pembagi,,,,,,,,,,,,,
hbo:1897,merenungkan,bergemuruh,,,,,menyebabkan bergemuruh,disebabkan bergemuruh,,,,,,
hbo:1899,desisan,,,,,,,,,,,,,
hbo:1900,merenungkan,,,,,,,,,,,,,
hbo:1901,renungan,,,,,,,,,,,,,
hbo:1902,merenungkan,,,,,,,,,,,,,
hbo:1904,Hagar,,,,,,,,,,,,,
hbo:1905,Hagri,,,,,,,,,,,,,
hbo:1906,teriakan,,,,,,,,,,,,,
hbo:1907,penasihat,,,,,,,,,,,,,
hbo:1908,Hadad,,,,,,,,,,,,,
hbo:1909,Hadadezer,,,,,,,,,,,,,
hbo:1911,mengulur,,,,,,,,,,,,,
hbo:1912,India,,,,,,,,,,,,,
hbo:1913,Hadoram,,,,,,,,,,,,,
hbo:1914,Hiddai,,,,,,,,,,,,,
hbo:1915,"menginjak-injak, terinjak",,,,,,,,,,,,,
hbo:1916,alas kaki,,,,,,,,,,,,,
hbo:1918,myrta,,,,,,,,,,,,,
hbo:1919,Ester,,,,,,,,,,,,,
hbo:1920,mendorong,,,,,,,,,,,,,
hbo:1921,"Hormat, Menghormati",menghormati,dihormati,,,sombong,,,,,,,,
hbo:1924,Hadar,,,,,,,,,,,,,
hbo:1925,kemegahan,,,,,,,,,,,,,
hbo:1926,agung,,,,,,,,,,,,,
hbo:1927,kemegahan,,,,,,,,,,,,,
hbo:1929,aduh,,,,,,,,,,,,,
hbo:1930,hai,,,,,,,,,,,,,
hbo:1931,dia,,,,,,,,,,,,,
hbo:1931a,dia,,,,,,,,,,,,,
hbo:1931b,dia,,,,,,,,,,,,,
hbo:1933a,terjadi,,,,,,,,,,,,,
hbo:1937,Hodevah,,,,,,,,,,,,,
hbo:1938,Hodaviah,,,,,,,,,,,,,
hbo:1942,keinginan,,,,,,,,,,,,,
hbo:1942a,keinginan,,,,,,,,,,,,,
hbo:1943,bencana,,,,,,,,,,,,,
hbo:1944,Hoham,,,,,,,,,,,,,
hbo:1945,wai,,,,,,,,,,,,,
hbo:1947,kegilaan,,,,,,,,,,,,,
hbo:1948,kegilaan,,,,,,,,,,,,,
hbo:1949,ramai,mengacau,menjadi liar,,,,membuat gelisah,,,,,,,
hbo:1950,Hemam,,,,,,,,,,,,,
hbo:1951,siap,,,,,,,,,,,,,
hbo:1953,Hoshama,,,,,,,,,,,,,
hbo:1954,Hosea,,,,,,,,,,,,,
hbo:1955,Hoshaya,,,,,,,,,,,,,
hbo:1956,Hothir,,,,,,,,,,,,,
hbo:1957,pemandang,,,,,,,,,,,,,
hbo:1958,wai,,,,,,,,,,,,,
hbo:1959,sorak,,,,,,,,,,,,,
hbo:1961,"kerja, pekerjaan, pekerja",menjadi,terjadi,,,,,,,,,,,
hbo:1963,bagaimana,,,,,,,,,,,,,
hbo:1964,bait suci,,,,,,,,,,,,,
hbo:1966,Helel,,,,,,,,,,,,,
hbo:1967,Hemam,,,,,,,,,,,,,
hbo:1968,Heman,,,,,,,,,,,,,
hbo:1969,hin,,,,,,,,,,,,,
hbo:1970,"salah, pelanggar, berbuat salah, menganiaya",,,,,,,,,,,,,
hbo:1971,penampilan,,,,,,,,,,,,,
hbo:1972,jauh,,,,,,,,,,,,,
hbo:1973,seterusnya,,,,,,,,,,,,,
hbo:1974,"korban, dikorbankan, mengorbankan, persembahan",,,,,,,,,,,,,
hbo:1975,itu,,,,,,,,,,,,,
hbo:1976,itu,,,,,,,,,,,,,
hbo:1978,langkah,,,,,,,,,,,,,
hbo:1979,jalan,,,,,,,,,,,,,
hbo:1980,pergi,berjalan,hilang,berjalan,,berjalan-jalan,membawa,,,,,,,
hbo:1982,pengembara,,,,,,,,,,,,,
hbo:1984a,"memuji, memuji, dipuji, memuji",,,memuji,dipuji,memuji diri,,,,,,,,
hbo:1984b,,menjadi bodoh,,membuat bodoh,menjadi gila,bertingkah bodoh,,,,,,,,
hbo:1985,Hillel,,,,,,,,,,,,,
hbo:1986,pukul,,,,,,,,,,,,,
hbo:1988,sini,,,,,,,,,,,,,
hbo:1989,palu,,,,,,,,,,,,,
hbo:1990,Ham,,,,,,,,,,,,,
hbo:1992,mereka,,,,,,,,,,,,,
hbo:1993,bergolak,,,,,,,,,,,,,
hbo:1994,mereka,,,,,,,,,,,,,
hbo:1995,keramaian,,,,,,,,,,,,,
hbo:1997,Hamonah,,,,,,,,,,,,,
hbo:1998,desau,,,,,,,,,,,,,
hbo:1999,gemuruh,,,,,,,,,,,,,
hbo:2000,"hancur, binasa, penghancur, pembinasa",,,,,,,,,,,,,
hbo:2001,Haman,,,,,,,,,,,,,
hbo:2002,rantai,,,,,,,,,,,,,
hbo:2003,ranting,,,,,,,,,,,,,
hbo:2005,lihatlah,,,,,,,,,,,,,
hbo:2007,mereka,,,,,,,,,,,,,
hbo:2009,lihatlah,,,,,,,,,,,,,
hbo:2010,istirahat,,,,,,,,,,,,,
hbo:2012,Hena,,,,,,,,,,,,,
hbo:2013a,senyap,,,diam,,,membisukan,,,,,,,
hbo:2014,henti,,,,,,,,,,,,,
hbo:2015,"hancur, binasa, penghancur, pembinasa",membalik,berubah,,,berganti-ganti,,dibalik,,,,,,
hbo:2018,kehancuran,,,,,,,,,,,,,
hbo:2019,"sesat, secara sesat",,,,,,,,,,,,,
hbo:2020,"menolong, menyelamatkan, penolong, penyelamat",,,,,,,,,,,,,
hbo:2021,senjata,,,,,,,,,,,,,
hbo:2022,gunung,,,,,,,,,,,,,
hbo:2023,Hor,,,,,,,,,,,,,
hbo:2024,Hara,,,,,,,,,,,,,
hbo:2025,mezbah,,,,,,,,,,,,,
hbo:2026,"membunuh, terbunuh",membunuh,terbunuh,,terbunuh,,,,,,,,,
hbo:2027,"pembantaian, dibantai, membantai",,,,,,,,,,,,,
hbo:2028,pembunuhan,,,,,,,,,,,,,
hbo:2029,"hamil, kehamilan, mengandung, pembuahan",hamil,,mengandung,dikandung,,,,,,,,,
hbo:2030,"hamil, kehamilan, mengandung, pembuahan",,,,,,,,,,,,,
hbo:2031,khayalan,,,,,,,,,,,,,
hbo:2032,"hamil, kehamilan, mengandung, pembuahan",,,,,,,,,,,,,
hbo:2033,Harodi,,,,,,,,,,,,,
hbo:2034,puing,,,,,,,,,,,,,
hbo:2036,Horam,,,,,,,,,,,,,
hbo:2038,Harmon,,,,,,,,,,,,,
hbo:2039,Haran,,,,,,,,,,,,,
hbo:2040,"hancur, binasa, penghancur, pembinasa",meruntuhkan,hancur,menghancurkan,,,,,,,,,,
hbo:2041,reruntuhan,,,,,,,,,,,,,
hbo:2043,Hararit,,,,,,,,,,,,,
hbo:2044,Hasem,,,,,,,,,,,,,
hbo:2045,berita,,,,,,,,,,,,,
hbo:2046,pencairan,,,,,,,,,,,,,
hbo:2047,Hatakh,,,,,,,,,,,,,
hbo:2048a,"menipu, mendustakan, penipu, pendusta",,,,,,menipu,tertipu,,,,,,
hbo:2050a,merancang,,,,,,,,,,,,,
hbo:2051,wadah,,,,,,,,,,,,,
hbo:2052,Waheb,,,,,,,,,,,,,
hbo:2053,kait,,,,,,,,,,,,,
hbo:2054,"rasa bersalah, bersalah",,,,,,,,,,,,,
hbo:2055,Vaizata,,,,,,,,,,,,,
hbo:2056,anak,,,,,,,,,,,,,
hbo:2057,Vanya,,,,,,,,,,,,,
hbo:2058,Vofsi,,,,,,,,,,,,,
hbo:2060,Wasti,,,,,,,,,,,,,
hbo:2061,"serigala, kawanan serigala, anjing liar",,,,,,,,,,,,,
hbo:2062,"serigala, kawanan serigala, anjing liar",,,,,,,,,,,,,
hbo:2063,ini,,,,,,,,,,,,,
hbo:2065,hadiah,,,,,,,,,,,,,
hbo:2066,Zabad,,,,,,,,,,,,,
hbo:2067,Zabdi,,,,,,,,,,,,,
hbo:2068,Zabdiel,,,,,,,,,,,,,
hbo:2069,Zebadya,,,,,,,,,,,,,
hbo:2070,lalat,,,,,,,,,,,,,
hbo:2071,Zabud,,,,,,,,,,,,,
hbo:2073,Zebul,,,,,,,,,,,,,
hbo:2074,Zebulon,,,,,,,,,,,,,
hbo:2075,Zebuloni,,,,,,,,,,,,,
hbo:2076,"korban, dikorbankan, mengorbankan, persembahan",menyembelih,,berkurban,,,,,,,,,,
hbo:2077,"korban, dikorbankan, mengorbankan, persembahan",,,,,,,,,,,,,
hbo:2078,"korban, dikorbankan, mengorbankan, persembahan",,,,,,,,,,,,,
hbo:2079,Zabbi,,,,,,,,,,,,,
hbo:2081,Zebina,,,,,,,,,,,,,
hbo:2083,Zebul,,,,,,,,,,,,,
hbo:2084,membeli,,,,,,,,,,,,,
hbo:2085,kulit,,,,,,,,,,,,,
hbo:2086,"sombong, orang sombong, kesombongan",,,,,,,,,,,,,
hbo:2087,"sombong, orang sombong, kesombongan",,,,,,,,,,,,,
hbo:2088,ini,,,,,,,,,,,,,
hbo:2090,ini,,,,,,,,,,,,,
hbo:2091,emas,,,,,,,,,,,,,
hbo:2092,muak,,,,,,,,,,,,,
hbo:2094a,menasihati,,diperingatkan,,,,memperingatkan,,,,,,,
hbo:2096,terang,,,,,,,,,,,,,
hbo:2098,ini,,,,,,,,,,,,,
hbo:2099,Ziv,,,,,,,,,,,,,
hbo:2100,mengalir,,,,,,,,,,,,,
hbo:2102,"bermegah, angkuh, dengan angkuh, bangga",,,,,,,,,,,,,
hbo:2104,Zuzim,,,,,,,,,,,,,
hbo:2105,Zohet,,,,,,,,,,,,,
hbo:2106,"kolom, kolom-kolom, pilar, pilar-pilar",,,,,,,,,,,,,
hbo:2107,menghina,,,,,,,,,,,,,
hbo:2108,kecuali,,,,,,,,,,,,,
hbo:2111,,berguncang,,menggoyang-goyangkan,,,,,,,,,,
hbo:2113,gemetar,,,,,,,,,,,,,
hbo:2114,,berpaling dari,berpaling dari,,,,,dijauhkan,,,,,,
hbo:2114b,"orang asing, asing, orang luar",,,,,,,,,,,,,
hbo:2115,memeras,,,,,,,,,,,,,
hbo:2117,Zaza,,,,,,,,,,,,,
hbo:2118,menggeser,,,,,,,,,,,,,
hbo:2119,merangkak,,,,,,,,,,,,,
hbo:2120,Zokhelet,,,,,,,,,,,,,
hbo:2121,"amuk, mengamukan, berkec",,,,,,,,,,,,,
hbo:2122,kemilau,,,,,,,,,,,,,
hbo:2123,makhluk,,,,,,,,,,,,,
hbo:2123a,makhluk,,,,,,,,,,,,,
hbo:2124,Ziza,,,,,,,,,,,,,
hbo:2125,Zizah,,,,,,,,,,,,,
hbo:2126,Zina,,,,,,,,,,,,,
hbo:2127,Zia,,,,,,,,,,,,,
hbo:2128,Zif,,,,,,,,,,,,,
hbo:2128a,Zif,,,,,,,,,,,,,
hbo:2129,Zifa,,,,,,,,,,,,,
hbo:2130,Orang Zif,,,,,,,,,,,,,
hbo:2131,rantai,,,,,,,,,,,,,
hbo:2132,zaitun,,,,,,,,,,,,,
hbo:2133,Zetan,,,,,,,,,,,,,
hbo:2134,"suci, menyucikan, penyucian",,,,,,,,,,,,,
hbo:2135,"suci, menyucikan, penyucian",bersih,,menyucikan,,menyucikan diri,,,,,,,,
hbo:2136,ketidakbersalahan,,,,,,,,,,,,,
hbo:2137,kaca,,,,,,,,,,,,,
hbo:2138,laki-laki,,,,,,,,,,,,,
hbo:2139,Zakur,,,,,,,,,,,,,
hbo:2140,karena,,,,,,,,,,,,,
hbo:2141,"suci, menyucikan, penyucian",bersih,,,,,menyucikan,,,,,,,
hbo:2142,"pikiran, terpikir, penuh pemikiran, mengingat",mengingat,diingat,,,,menyebutkan,,,,,,,
hbo:2143,kenangan,,,,,,,,,,,,,
hbo:2145,jantan,,,,,,,,,,,,,
hbo:2146,"peringatan, persembahan peringatan",,,,,,,,,,,,,
hbo:2147,Zikri,,,,,,,,,,,,,
hbo:2148,Zakharia (PL),,,,,,,,,,,,,
hbo:2151,cair,hina,berguncang,,,,menghina,,,,,,,
hbo:2152,"amuk, mengamukan, berkec",,,,,,,,,,,,,
hbo:2153,Zilpa,,,,,,,,,,,,,
hbo:2154,"jahat, fasik, kefasikkan",,,,,,,,,,,,,
hbo:2155,"jahat, fasik, kefasikkan",,,,,,,,,,,,,
hbo:2156,"anggur, pokok anggur",,,,,,,,,,,,,
hbo:2157,Zamzumim,,,,,,,,,,,,,
hbo:2158,mazmur,,,,,,,,,,,,,
hbo:2160,Zemirah,,,,,,,,,,,,,
hbo:2161,merancang,,,,,,,,,,,,,
hbo:2166,waktu,,,,,,,,,,,,,
hbo:2167,"memuji, memuji, dipuji, memuji",,,,,,,,,,,,,
hbo:2168,memangkas,memangkas,dipangkas,,,,,,,,,,,
hbo:2169,"domba betina, domba jantan, domba, bulu domba",,,,,,,,,,,,,
hbo:2171,penyanyi,,,,,,,,,,,,,
hbo:2172,hasil,,,,,,,,,,,,,
hbo:2173,hasil,,,,,,,,,,,,,
hbo:2174,Zimri,,,,,,,,,,,,,
hbo:2174a,Zimri,,,,,,,,,,,,,
hbo:2175,Zimran,,,,,,,,,,,,,
hbo:2177,jenis,,,,,,,,,,,,,
hbo:2179,mengejar,,,,,,,,,,,,,
hbo:2180,ekor,,,,,,,,,,,,,
hbo:2181,"perempuan sundal, sundal, jalang",berzina,,,dijadikan pelacur,,membuat berzina,,,,,,,
hbo:2182,Zanoah,,,,,,,,,,,,,
hbo:2182a,Zanoah,,,,,,,,,,,,,
hbo:2183,"perempuan sundal, sundal, jalang",,,,,,,,,,,,,
hbo:2184,perzinahan,,,,,,,,,,,,,
hbo:2186,"menolak, ditolak, penolakan",menolak,,,,,menolak,,,,,,,
hbo:2186a,"menolak, ditolak, penolakan",,,,,,,,,,,,,
hbo:2187,melompat,,,,,,,,,,,,,
hbo:2188,keringat,,,,,,,,,,,,,
hbo:2189,"kengerian, mengerikan, ngeri",,,,,,,,,,,,,
hbo:2190,Zaavan,,,,,,,,,,,,,
hbo:2191,sedikit,,,,,,,,,,,,,
hbo:2193,padam,,,,,,,,,,,,,
hbo:2194,"kutukan, terkutuk",mengutuk,tersinggung,,,,,,,,,,,
hbo:2195,"murka, kemarahan",,,,,,,,,,,,,
hbo:2196,"amuk, mengamukan, berkec",,,,,,,,,,,,,
hbo:2197,"amuk, mengamukan, berkec",,,,,,,,,,,,,
hbo:2198,kesal,,,,,,,,,,,,,
hbo:2199,"menangis, berseru, seruan, menjerit",berteriak,diajak berperang,,,,memanggil,,,,,,,
hbo:2201,"menangis, berseru, seruan, menjerit",,,,,,,,,,,,,
hbo:2203,getah,,,,,,,,,,,,,
hbo:2204,"usia, zaman",tua,,,,,menjadi tua,,,,,,,
hbo:2205,penatua,,,,,,,,,,,,,
hbo:2206,jenggot,,,,,,,,,,,,,
hbo:2207,tua,,,,,,,,,,,,,
hbo:2208,sangat tua,,,,,,,,,,,,,
hbo:2209,"usia, zaman",,,,,,,,,,,,,
hbo:2212,menyaring,menyaring,,menyucikan,disucikan,,,,,,,,,
hbo:2213,hiasan,,,,,,,,,,,,,
hbo:2214,jijik,,,,,,,,,,,,,
hbo:2215,terbakar,,,,,,,,,,,,,
hbo:2216,Zerubabel,,,,,,,,,,,,,
hbo:2218,Zered,,,,,,,,,,,,,
hbo:2219,"menampi, penampi, ditampi, penampian",menabur,terserak,menyebarkan,terserak,,,,,,,,,
hbo:2219a,"menampi, penampi, ditampi, penampian",,,,,,,,,,,,,
hbo:2220,lengan,,,,,,,,,,,,,
hbo:2221,benih,,,,,,,,,,,,,
hbo:2222,menetes,,,,,,,,,,,,,
hbo:2223,greyhound,,,,,,,,,,,,,
hbo:2224,terbit,,,,,,,,,,,,,
hbo:2226,Zerah,,,,,,,,,,,,,
hbo:2227,Zerahit,,,,,,,,,,,,,
hbo:2228,Zerahia,,,,,,,,,,,,,
hbo:2230,badai,,,,,,,,,,,,,
hbo:2231,aliran,,,,,,,,,,,,,
hbo:2232,"menanam, ditanam kembali, ditransplantasikan, menabur benih",menabur,ditabur,,ditabur,,menghasilkan benih,,,,,,,
hbo:2233,"benih, semen",,,,,,,,,,,,,
hbo:2236,percik,menyiram,,,disiram,,,,,,,,,
hbo:2237a,bersin,,,,,,,,,,,,,
hbo:2238,Zeresh,,,,,,,,,,,,,
hbo:2239,jengkal,,,,,,,,,,,,,
hbo:2240,Zattu,,,,,,,,,,,,,
hbo:2241,Zetam,,,,,,,,,,,,,
hbo:2242,Zetar,,,,,,,,,,,,,
hbo:2243,dada,,,,,,,,,,,,,
hbo:2244,bersembunyi,,tersembunyi,,tetap tersembunyi,menyembunyikan diri,menyembunyikan,disembunyikan,,,,,,
hbo:2245,"cinta, cinta kasih, mencintai, dicintai",,,,,,,,,,,,,
hbo:2246,Hobab,,,,,,,,,,,,,
hbo:2248,kerugian,,,,,,,,,,,,,
hbo:2249,Habor,,,,,,,,,,,,,
hbo:2250,luka,,,,,,,,,,,,,
hbo:2251,"mengirik, pengirikan",memukul,dipukul,,,,,,,,,,,
hbo:2252,Habaia,,,,,,,,,,,,,
hbo:2253,penyembunyian,,,,,,,,,,,,,
hbo:2254,"ikrar, diikrarkan",mengambil jaminan,dijadikan jaminan,,,,,,,,,,,
hbo:2254a,,memperlakukan buruk,,merusak,rusak,,,,,,,,,
hbo:2256,daerah,,,,,,,,,,,,,
hbo:2256b,daerah,,,,,,,,,,,,,
hbo:2258,gadai,,,,,,,,,,,,,
hbo:2259,nakhoda,,,,,,,,,,,,,
hbo:2260,tiang,,,,,,,,,,,,,
hbo:2261,bunga,,,,,,,,,,,,,
hbo:2262,Habazinia,,,,,,,,,,,,,
hbo:2263,merangkul,,,,,,,,,,,,,
hbo:2264,terlipat,,,,,,,,,,,,,
hbo:2265,Habakuk,,,,,,,,,,,,,
hbo:2266,menyatukan,berserikat,,menyatukan,disatukan,bergabung dengan,,,,bergabung dengan,,,,
hbo:2267,Heber,,,,,,,,,,,,,
hbo:2268,Heber,,,,,,,,,,,,,
hbo:2270,"pendamping, pendamping-pendamping",,,,,,,,,,,,,
hbo:2271,kawan,,,,,,,,,,,,,
hbo:2274,rombongan,,,,,,,,,,,,,
hbo:2275,Hebron,,,,,,,,,,,,,
hbo:2275a,Hebron,,,,,,,,,,,,,
hbo:2276,Hebronit,,,,,,,,,,,,,
hbo:2277,Hebrit,,,,,,,,,,,,,
hbo:2278,"pendamping, pendamping-pendamping",,,,,,,,,,,,,
hbo:2279,sambungan,,,,,,,,,,,,,
hbo:2280,"mengikat, terikat, ikatan",mengikat,,mengikat erat,terikat erat,,,,,,,,,
hbo:2282,pesta,,,,,,,,,,,,,
hbo:2283,kengerian,,,,,,,,,,,,,
hbo:2284,belalang,,,,,,,,,,,,,
hbo:2287,hari raya,,,,,,,,,,,,,
hbo:2288,celah,,,,,,,,,,,,,
hbo:2290a,"melilitkan, diikat",,,,,,,,,,,,,
hbo:2291,Hagi,,,,,,,,,,,,,
hbo:2292,Hagai,,,,,,,,,,,,,
hbo:2293,Hagiah,,,,,,,,,,,,,
hbo:2294,Hagit,,,,,,,,,,,,,
hbo:2295,Hoglah,,,,,,,,,,,,,
hbo:2296,"melilitkan, diikat",,,,,,,,,,,,,
hbo:2298,satu,,,,,,,,,,,,,
hbo:2300,,tajam,,,,,,diasah,,,,,,
hbo:2301,Hadad,,,,,,,,,,,,,
hbo:2302a,"sukacita, bersukacita",bersukacita,,membuat senang,,,,,,,,,,
hbo:2304,"sukacita, bersukacita",,,,,,,,,,,,,
hbo:2307,Hadid,,,,,,,,,,,,,
hbo:2308,berhenti,,,,,,,,,,,,,
hbo:2309,dunia,,,,,,,,,,,,,
hbo:2310,tertolak,,,,,,,,,,,,,
hbo:2311,Hadlai,,,,,,,,,,,,,
hbo:2312,"duri, onak duri, semak berduri",,,,,,,,,,,,,
hbo:2313,Tigris,,,,,,,,,,,,,
hbo:2315,kamar,,,,,,,,,,,,,
hbo:2317,Hadrak,,,,,,,,,,,,,
hbo:2318,,,,memperbarui,,memperbarui diri,,,,,,,,
hbo:2319,baru,,,,,,,,,,,,,
hbo:2320,"bulan, bulan-bulan, bulanan",,,,,,,,,,,,,
hbo:2322,Hadashah,,,,,,,,,,,,,
hbo:2323,baru,,,,,,,,,,,,,
hbo:2327,Hobah,,,,,,,,,,,,,
hbo:2329,lingkaran,,,,,,,,,,,,,
hbo:2330,teka-teki,,,,,,,,,,,,,
hbo:2332,Hawa,,,,,,,,,,,,,
hbo:2333,Hawa,,,,,,,,,,,,,
hbo:2339,benang,,,,,,,,,,,,,
hbo:2340,Orang Hewi,,,,,,,,,,,,,
hbo:2341,Hawila,,,,,,,,,,,,,
hbo:2342,"gemetar, gemetaran, bergetar, berguncang",berputar,,menari,,berputar-putar,,,,,,,,
hbo:2342a,"gemetar, gemetaran, bergetar, berguncang",bersusah payah,,melahirkan,dilahirkan,bergeliat,mengguncang,dilahirkan,,,,,,
hbo:2343,"gemetar, gemetaran, bergetar, berguncang",,,,,,,,,,,,,
hbo:2344,pasir,,,,,,,,,,,,,
hbo:2345,coklat,,,,,,,,,,,,,
hbo:2346,tembok,,,,,,,,,,,,,
hbo:2347,"masalah, kesulitan, bermasalah, pembuat masalah",,,,,,,,,,,,,
hbo:2348,pantai,,,,,,,,,,,,,
hbo:2349,Hupham,,,,,,,,,,,,,
hbo:2350,Huphamit,,,,,,,,,,,,,
hbo:2351,"bumi, duniawi",,,,,,,,,,,,,
hbo:2352,"mulia, bangsawan",,,,,,,,,,,,,
hbo:2353,Hur,,,,,,,,,,,,,
hbo:2354,Hur,,,,,,,,,,,,,
hbo:2356,"mulia, bangsawan",,,,,,,,,,,,,
hbo:2359,Huri,,,,,,,,,,,,,
hbo:2360,Hurai,,,,,,,,,,,,,
hbo:2361a,Hiram,,,,,,,,,,,,,
hbo:2362,Hauran,,,,,,,,,,,,,
hbo:2363,cepat,tergesa-gesa,,,,,mempercepat,,,,,,,
hbo:2363a,cepat,,,,,,,,,,,,,
hbo:2364,Husha,,,,,,,,,,,,,
hbo:2365,Hushai,,,,,,,,,,,,,
hbo:2366,Husim,,,,,,,,,,,,,
hbo:2366a,Husim,,,,,,,,,,,,,
hbo:2367,Husam,,,,,,,,,,,,,
hbo:2368,"segel, menyegel",,,,,,,,,,,,,
hbo:2371,Hazael,,,,,,,,,,,,,
hbo:2372,melihat,,,,,,,,,,,,,
hbo:2373,dada,,,,,,,,,,,,,
hbo:2374,"nabi, nubuat, bernubuat, pelihat",,,,,,,,,,,,,
hbo:2375,Hazo,,,,,,,,,,,,,
hbo:2377,"penglihatan, visi, membayangkan",,,,,,,,,,,,,
hbo:2380,penglihatan,,,,,,,,,,,,,
hbo:2381,Haziel,,,,,,,,,,,,,
hbo:2382,Hazaya,,,,,,,,,,,,,
hbo:2385,kilat,,,,,,,,,,,,,
hbo:2386,"babi, daging babi, babi jantan",,,,,,,,,,,,,
hbo:2387,Hezir,,,,,,,,,,,,,
hbo:2388,"merebut, direbut, penyitaan",kuat,,menguatkan,,menguatkan diri,menangkap,,,,,,,
hbo:2389,"besar, sangat berkuasa, lebih berkuasa, dengan kuasa",,,,,,,,,,,,,
hbo:2390,kuat,,,,,,,,,,,,,
hbo:2391,kekuatan,,,,,,,,,,,,,
hbo:2392,kekuatan,,,,,,,,,,,,,
hbo:2393,kekuatan,,,,,,,,,,,,,
hbo:2394,"besar, sangat berkuasa, lebih berkuasa, dengan kuasa",,,,,,,,,,,,,
hbo:2395,Hizki,,,,,,,,,,,,,
hbo:2396,Hizkia,,,,,,,,,,,,,
hbo:2397,kail,,,,,,,,,,,,,
hbo:2398,"dosa, penuh dosa, pendosa, berbuat berdosa",berdosa,,menyucikan,,menyucikan diri,menyebabkan berdosa,,,,,,,
hbo:2399,"dosa, penuh dosa, pendosa, berbuat berdosa",,,,,,,,,,,,,
hbo:2400,"dosa, penuh dosa, pendosa, berbuat berdosa",,,,,,,,,,,,,
hbo:2401,"dosa, penuh dosa, pendosa, berbuat berdosa",,,,,,,,,,,,,
hbo:2402,"dosa, penuh dosa, pendosa, berbuat berdosa",,,,,,,,,,,,,
hbo:2404,menggergaji,memotong kayu,,,diukir,,,,,,,,,
hbo:2406,gandum,,,,,,,,,,,,,
hbo:2407,Hatus,,,,,,,,,,,,,
hbo:2410,Hatita,,,,,,,,,,,,,
hbo:2411,Hattil,,,,,,,,,,,,,
hbo:2412,Hatipha,,,,,,,,,,,,,
hbo:2413,menahan,,,,,,,,,,,,,
hbo:2414,"merebut, direbut, penyitaan",,,,,,,,,,,,,
hbo:2415,"batang, tangkai",,,,,,,,,,,,,
hbo:2416,"binatang, binatang buas",,,,,,,,,,,,,
hbo:2416c,"binatang, binatang buas",,,,,,,,,,,,,
hbo:2419,Hiel,,,,,,,,,,,,,
hbo:2420,teka-teki,,,,,,,,,,,,,
hbo:2421,"memulihkan, restorasi",hidup,,menghidupkan,,,menghidupkan,,,,,,,
hbo:2422,kuat,,,,,,,,,,,,,
hbo:2424,hidup,,,,,,,,,,,,,
hbo:2426,tentara,,,,,,,,,,,,,
hbo:2427,kesakitan,,,,,,,,,,,,,
hbo:2428,"sejahtera, makmur, menjadi makmur, kemakmuran",,,,,,,,,,,,,
hbo:2431,Helam,,,,,,,,,,,,,
hbo:2433,keindahan,,,,,,,,,,,,,
hbo:2434,tembok,,,,,,,,,,,,,
hbo:2435,luar,,,,,,,,,,,,,
hbo:2436,pangkuan,,,,,,,,,,,,,
hbo:2437,Hira,,,,,,,,,,,,,
hbo:2438,Hiram,,,,,,,,,,,,,
hbo:2441,langit-langit,,,,,,,,,,,,,
hbo:2443,kait,,,,,,,,,,,,,
hbo:2444,Hakila,,,,,,,,,,,,,
hbo:2445,bijak,,,,,,,,,,,,,
hbo:2446,Hakalja,,,,,,,,,,,,,
hbo:2447,kusam,,,,,,,,,,,,,
hbo:2448,kekaburan,,,,,,,,,,,,,
hbo:2449,"bijaksana, hikmat",bijaksana,,membuat bijaksana,dibuat bijaksana,bertindak bijaksana,membuat bijaksana,,,,,,,
hbo:2450,"bijaksana, hikmat",,,,,,,,,,,,,
hbo:2451,"bijaksana, hikmat",,,,,,,,,,,,,
hbo:2453,Hakhmoni,,,,,,,,,,,,,
hbo:2454,"bijaksana, hikmat",,,,,,,,,,,,,
hbo:2455,biasa,,,,,,,,,,,,,
hbo:2456,sakit,,,,,,,,,,,,,
hbo:2458,Hela,,,,,,,,,,,,,
hbo:2459,Heleb,,,,,,,,,,,,,
hbo:2460,Heleb,,,,,,,,,,,,,
hbo:2461,susu,,,,,,,,,,,,,
hbo:2462,Helba,,,,,,,,,,,,,
hbo:2463,Helbon,,,,,,,,,,,,,
hbo:2464,galbanum,,,,,,,,,,,,,
hbo:2465,"dunia, duniawi",,,,,,,,,,,,,
hbo:2466,Heled,,,,,,,,,,,,,
hbo:2467,musang,,,,,,,,,,,,,
hbo:2468,Huldah,,,,,,,,,,,,,
hbo:2469,Heldai,,,,,,,,,,,,,
hbo:2470,"salah, pelanggar, berbuat salah, menganiaya",sakit,dibuat sakit,membuat sakit,dilemahkan,menyakiti diri,melemahkan,terluka,,,,,,
hbo:2471,roti,,,,,,,,,,,,,
hbo:2472,mimpi,,,,,,,,,,,,,
hbo:2473,Holon,,,,,,,,,,,,,
hbo:2474,jendela,,,,,,,,,,,,,
hbo:2475,kehancuran,,,,,,,,,,,,,
hbo:2476,kelemahan,,,,,,,,,,,,,
hbo:2477,Halah,,,,,,,,,,,,,
hbo:2478,Halhul,,,,,,,,,,,,,
hbo:2479,penderitaan,,,,,,,,,,,,,
hbo:2480,tangkap,,,,,,,,,,,,,
hbo:2481,Hali,,,,,,,,,,,,,
hbo:2482,Hali,,,,,,,,,,,,,
hbo:2483,penyakit,,,,,,,,,,,,,
hbo:2484,perhiasan,,,,,,,,,,,,,
hbo:2485,"serunai, serunai-serunai, seruling, seruling-seruling",,,,,,,,,,,,,
hbo:2486,jangan,,,,,,,,,,,,,
hbo:2487,pergantian,,,,,,,,,,,,,
hbo:2488,jarahan,,,,,,,,,,,,,
hbo:2490,"kotor, dinajiskan, mencemarkan nama baik",,dinajiskan,menajiskan,dinajiskan,,memulai,dimulai,,,,,,
hbo:2491,"membunuh, terbunuh",,,,,,,,,,,,,
hbo:2492a,mimpi,bermimpi,,,,,memperkuat,,,,,,,
hbo:2493,mimpi,,,,,,,,,,,,,
hbo:2495,malwa,,,,,,,,,,,,,
hbo:2496,batu api,,,,,,,,,,,,,
hbo:2497,Helon,,,,,,,,,,,,,
hbo:2498,"menyapu, disapu",berlalu,,menukar,,,mengganti,,,,,,,
hbo:2498a,"menyapu, disapu",,,,,,,,,,,,,
hbo:2500,sebagai pengganti,,,,,,,,,,,,,
hbo:2502,"menolong, menyelamatkan, penolong, penyelamat",melepas,terlepas,merebut,,,memperkuat,,,,,,,
hbo:2503,Helez,,,,,,,,,,,,,
hbo:2505,"menyebar, penyebaran",membagi,terbagi,mencerai-beraikan,terbagi-bagi,membagi-bagi diri,berambil bagian dalam pembagian,,,,,,,
hbo:2505a,,licin,,,,,melicinkan,,,,,,,
hbo:2506,"upah, upahan, memberikan upah, pemberi upah",,,,,,,,,,,,,
hbo:2506a,"upah, upahan, memberikan upah, pemberi upah",,,,,,,,,,,,,
hbo:2507,"upah, upahan, memberikan upah, pemberi upah",,,,,,,,,,,,,
hbo:2509,licin,,,,,,,,,,,,,
hbo:2512,halus,,,,,,,,,,,,,
hbo:2513,petak,,,,,,,,,,,,,
hbo:2513a,petak,,,,,,,,,,,,,
hbo:2515,pembagian,,,,,,,,,,,,,
hbo:2516,Helkite,,,,,,,,,,,,,
hbo:2517,Helkai,,,,,,,,,,,,,
hbo:2518,Hilkia,,,,,,,,,,,,,
hbo:2520,Helkath,,,,,,,,,,,,,
hbo:2522a,melemah,,,,,,,,,,,,,
hbo:2523,lemah,,,,,,,,,,,,,
hbo:2525,Ham,,,,,,,,,,,,,
hbo:2526,Ham,,,,,,,,,,,,,
hbo:2527,panas,,,,,,,,,,,,,
hbo:2529,mentega,,,,,,,,,,,,,
hbo:2530,"nafsu, bernafsu",menginginkan,diinginkan,sangat menginginkan,,,,,,,,,,
hbo:2531,kesenangan,,,,,,,,,,,,,
hbo:2532,"kesenangan, kesukaan, gembira",,,,,,,,,,,,,
hbo:2533,Hemdan,,,,,,,,,,,,,
hbo:2534,"murka, kemarahan",,,,,,,,,,,,,
hbo:2535,terik,,,,,,,,,,,,,
hbo:2536,Hammuel,,,,,,,,,,,,,
hbo:2537,Hamital,,,,,,,,,,,,,
hbo:2538,Hamul,,,,,,,,,,,,,
hbo:2539,Hamulite,,,,,,,,,,,,,
hbo:2540,Hammon,,,,,,,,,,,,,
hbo:2541,penindasan,,,,,,,,,,,,,
hbo:2542,lengkung,,,,,,,,,,,,,
hbo:2543,"keledai, bagal",,,,,,,,,,,,,
hbo:2544,Hemor,,,,,,,,,,,,,
hbo:2545,ibu mertua,,,,,,,,,,,,,
hbo:2546,kadal,,,,,,,,,,,,,
hbo:2547,Humtah,,,,,,,,,,,,,
hbo:2548,asin,,,,,,,,,,,,,
hbo:2549,kelima,,,,,,,,,,,,,
hbo:2550,"belas kasih, berbelas kasihan",,,,,,,,,,,,,
hbo:2551,belas kasih,,,,,,,,,,,,,
hbo:2551a,belas kasih,,,,,,,,,,,,,
hbo:2552,,menjadi panas,menyala,menghangatkan,,menghangatkan diri,,,,,,,,
hbo:2553,tiang,,,,,,,,,,,,,
hbo:2554,,berlaku kasar,menderita kekerasan,,,,,,,,,,,
hbo:2555,"salah, pelanggar, berbuat salah, menganiaya",,,,,,,,,,,,,
hbo:2557,"ragi, khamir, adonan asam, tak beragi",,,,,,,,,,,,,
hbo:2558,cuka,,,,,,,,,,,,,
hbo:2559,melarikan diri,berpaling,,,,berpaling ke sana ke mari,,,,,,,,
hbo:2561,"anggur, alat pemeras anggur, penekan anggur, kantung anggur",,,,,,,,,,,,,
hbo:2563,tanah liat,,,,,,,,,,,,,
hbo:2563b,tanah liat,,,,,,,,,,,,,
hbo:2564,tar,,,,,,,,,,,,,
hbo:2566,Hemdan,,,,,,,,,,,,,
hbo:2567,,tersusun lima puluh,,mengambil seperlima,,,,,,,,,,
hbo:2568,lima,,,,,,,,,,,,,
hbo:2569,seperlima,,,,,,,,,,,,,
hbo:2570,seperlima,,,,,,,,,,,,,
hbo:2573,"anggur, alat pemeras anggur, penekan anggur, kantung anggur",,,,,,,,,,,,,
hbo:2574,"Hamat, Orang-orang Hamat, Lebo Hamat",,,,,,,,,,,,,
hbo:2575,Hammat,,,,,,,,,,,,,
hbo:2575a,Hammat,,,,,,,,,,,,,
hbo:2576,Hamot-Dor,,,,,,,,,,,,,
hbo:2577,"Hamat, Orang-orang Hamat, Lebo Hamat",,,,,,,,,,,,,
hbo:2580,"berkenan, perkenan, menyenangkan, pilih kasih",,,,,,,,,,,,,
hbo:2582,Henadad,,,,,,,,,,,,,
hbo:2583,berkemah,,,,,,,,,,,,,
hbo:2584,Hana,,,,,,,,,,,,,
hbo:2585,Henokh,,,,,,,,,,,,,
hbo:2585a,Henokh,,,,,,,,,,,,,
hbo:2586,Hanun,,,,,,,,,,,,,
hbo:2587,"anugerah, kemurahan",,,,,,,,,,,,,
hbo:2588,bui,,,,,,,,,,,,,
hbo:2590,mengawet,,,,,,,,,,,,,
hbo:2590b,mengawet,,,,,,,,,,,,,
hbo:2592,Haniel,,,,,,,,,,,,,
hbo:2593,pelayan,,,,,,,,,,,,,
hbo:2594,belas kasihan,,,,,,,,,,,,,
hbo:2595,tombak,,,,,,,,,,,,,
hbo:2596,"mendedikasikan, dedikasi",,,,,,,,,,,,,
hbo:2598,"mendedikasikan, dedikasi",,,,,,,,,,,,,
hbo:2599,Hanokhi,,,,,,,,,,,,,
hbo:2600,cuma-cuma,,,,,,,,,,,,,
hbo:2601,Hanamel,,,,,,,,,,,,,
hbo:2602,embun beku,,,,,,,,,,,,,
hbo:2603,belas kasihan,berbelas kasih,dikasihani,membuat berkenan,,memohon belas kasih,,diberi kebaikan,,,,,,
hbo:2605,Hanan,,,,,,,,,,,,,
hbo:2606,Hananel,,,,,,,,,,,,,
hbo:2607,Hanani,,,,,,,,,,,,,
hbo:2608,Hananya,,,,,,,,,,,,,
hbo:2609,Hanes,,,,,,,,,,,,,
hbo:2610,"menajiskan, menodai",menjadi najis,,,,,menajiskan,,,,,,,
hbo:2611,"menajiskan, menodai",,,,,,,,,,,,,
hbo:2612,nifak,,,,,,,,,,,,,
hbo:2613,nifak,,,,,,,,,,,,,
hbo:2614,"menggantungkan, digantung, gantung, tirai",,mencekik diri,mencekik,,,,,,,,,,
hbo:2615,Hanaton,,,,,,,,,,,,,
hbo:2617,"perjanjian kesetiaan, loyalitas perjanjian",,,,,,,,,,,,,
hbo:2617a,"perjanjian kesetiaan, loyalitas perjanjian",,,,,,,,,,,,,
hbo:2619,Hasadya,,,,,,,,,,,,,
hbo:2620,"tempat perlindungan, pengungsi, tempat bernaung, tempat-tempat berlindung",,,,,,,,,,,,,
hbo:2621,Hosa,,,,,,,,,,,,,
hbo:2621a,Hosa,,,,,,,,,,,,,
hbo:2622,bersembunyi,,,,,,,,,,,,,
hbo:2623,"setia, kesetiaan, tidak setia, ketidaksetiaan",,,,,,,,,,,,,
hbo:2624,bangau,,,,,,,,,,,,,
hbo:2625,belalang pelahap,,,,,,,,,,,,,
hbo:2626,"besar, sangat berkuasa, lebih berkuasa, dengan kuasa",,,,,,,,,,,,,
hbo:2627,kurang,,,,,,,,,,,,,
hbo:2628,"mengonsumsi, memakan, melahap, memakan habis",,,,,,,,,,,,,
hbo:2629,membekap,,,,,,,,,,,,,
hbo:2633,kekayaan,,,,,,,,,,,,,
hbo:2634,kuat,,,,,,,,,,,,,
hbo:2635,tanah liat,,,,,,,,,,,,,
hbo:2636,halus,,,,,,,,,,,,,
hbo:2637,kekurangan,kekurangan,,menyebabkan kekurangan,,,kekurangan,,,,,,,
hbo:2638,kekurangan,,,,,,,,,,,,,
hbo:2639,kemiskinan,,,,,,,,,,,,,
hbo:2640,kekurangan,,,,,,,,,,,,,
hbo:2641,Hasra,,,,,,,,,,,,,
hbo:2642,kekurangan,,,,,,,,,,,,,
hbo:2643,tak berdosa,,,,,,,,,,,,,
hbo:2644,menyembunyikan,,,,,,,,,,,,,
hbo:2645,,menutupi,tertutup,melapisi,,,,,,,,,,
hbo:2647,Hupa,,,,,,,,,,,,,
hbo:2648,"teror, ketakutan, mengerikan",tergesa-gesa,tergesa-gesa pergi,,,,,,,,,,,
hbo:2649,tergesa,,,,,,,,,,,,,
hbo:2650,Hupim,,,,,,,,,,,,,
hbo:2651,genggaman,,,,,,,,,,,,,
hbo:2652,Hofni,,,,,,,,,,,,,
hbo:2653,melindungi,,,,,,,,,,,,,
hbo:2654,"kesenangan, kesukaan, gembira",,,,,,,,,,,,,
hbo:2655,"kesenangan, kesukaan, gembira",,,,,,,,,,,,,
hbo:2656,"kesenangan, kesukaan, gembira",,,,,,,,,,,,,
hbo:2657,Hefziba,,,,,,,,,,,,,
hbo:2658,"mencari, dicari, pencarian",,,,,,,,,,,,,
hbo:2659,,malu,,,,,membuat malu,,,,,,,
hbo:2660,Hefer,,,,,,,,,,,,,
hbo:2660a,Hefer,,,,,,,,,,,,,
hbo:2662,Hefri,,,,,,,,,,,,,
hbo:2663,Hafaraim,,,,,,,,,,,,,
hbo:2664,"mencari, dicari, pencarian",menyelidiki,diselidiki,mencari-cari,dicari-cari,menyamar,,,,,,,,
hbo:2665,rencana,,,,,,,,,,,,,
hbo:2667,kain motif,,,,,,,,,,,,,
hbo:2668,kebebasan,,,,,,,,,,,,,
hbo:2669,rumah terpisah,,,,,,,,,,,,,
hbo:2670,"bebas, kebebasan, kemerdekaan",,,,,,,,,,,,,
hbo:2671,busur dan panah,,,,,,,,,,,,,
hbo:2672,menggali,mengambil batu,dikerjakan batu,,dipahat,,memecah-pecah,,,,,,,
hbo:2673,membagi,membagi,terbagi,,,,,,,,,,,
hbo:2674,Hazor,,,,,,,,,,,,,
hbo:2675,Hazor-Hadatah,,,,,,,,,,,,,
hbo:2676,tengah malam,,,,,,,,,,,,,
hbo:2677,setengah,,,,,,,,,,,,,
hbo:2678,setengah,,,,,,,,,,,,,
hbo:2682,rumput,,,,,,,,,,,,,
hbo:2682a,rumput,,,,,,,,,,,,,
hbo:2684,pangkuan,,,,,,,,,,,,,
hbo:2685,tergesa,,,,,,,,,,,,,
hbo:2686,memisah,memisahkan diri,,memotong,terputus,,,,,,,,,
hbo:2687,kerikil,,,,,,,,,,,,,
hbo:2688,Tamar,,,,,,,,,,,,,
hbo:2689,"trompet, sangkala, para pemain trompet",,,,,,,,,,,,,
hbo:2691,halaman,,,,,,,,,,,,,
hbo:2692,Hazaradar,,,,,,,,,,,,,
hbo:2693,Hazargadah,,,,,,,,,,,,,
hbo:2695,Hezro,,,,,,,,,,,,,
hbo:2696,Hezron,,,,,,,,,,,,,
hbo:2696a,Hezron,,,,,,,,,,,,,
hbo:2697,Hezronit,,,,,,,,,,,,,
hbo:2698,Hazeroth,,,,,,,,,,,,,
hbo:2700,Hazarmawet,,,,,,,,,,,,,
hbo:2701,Hazarsuah,,,,,,,,,,,,,
hbo:2702,Hazarsusim,,,,,,,,,,,,,
hbo:2703,Hazar-enan,,,,,,,,,,,,,
hbo:2704,Hazar-enan,,,,,,,,,,,,,
hbo:2705,Hazarshual,,,,,,,,,,,,,
hbo:2706,"ketetapan, undang-undang",,,,,,,,,,,,,
hbo:2707,,,,,dipahat,mengukir untuk diri,,,,,,,,
hbo:2708,"ketetapan, undang-undang",,,,,,,,,,,,,
hbo:2709,Hakufa,,,,,,,,,,,,,
hbo:2710,ketetapan,mengukir,,menetapkan,ditetapkan,,,dituliskan,,,,,,
hbo:2712,Hukkok,,,,,,,,,,,,,
hbo:2713,"mencari, dicari, pencarian",mengintai,ditemukan,menggali,,,,,,,,,,
hbo:2714,"mencari, dicari, pencarian",,,,,,,,,,,,,
hbo:2715,"mulia, bangsawan",,,,,,,,,,,,,
hbo:2717,"hancur, binasa, penghancur, pembinasa",menjadi kering,menjadi sunyi,,dikeringkan,,mengeringkan,dijadikan sunyi,,,,,,
hbo:2719,"pedang, pedang-pedang, ahli pedang",,,,,,,,,,,,,
hbo:2720,"terpencil, perusakan",,,,,,,,,,,,,
hbo:2721,"menghancurkan, kehancuran",,,,,,,,,,,,,
hbo:2722,"Sinai, Gunung Sinai",,,,,,,,,,,,,
hbo:2724,tandus,,,,,,,,,,,,,
hbo:2725,kekeringan,,,,,,,,,,,,,
hbo:2726,Harbona,,,,,,,,,,,,,
hbo:2727,"gemetar, gemetaran, bergetar, berguncang",,,,,,,,,,,,,
hbo:2728,belalang,,,,,,,,,,,,,
hbo:2729,"gemetar, gemetaran, bergetar, berguncang",gemetar,,,,,mengguncang,,,,,,,
hbo:2730,"gemetar, gemetaran, bergetar, berguncang",,,,,,,,,,,,,
hbo:2731,"gemetar, gemetaran, bergetar, berguncang",,,,,,,,,,,,,
hbo:2732,"gemetar, gemetaran, bergetar, berguncang",,,,,,,,,,,,,
hbo:2733,Harodi,,,,,,,,,,,,,
hbo:2734,marah,menjadi panas,menjadi marah,,,menunjukkan kemarahan,membangkitkan semangat,,,,,,,
hbo:2735,Hor-ha-Gidgad,,,,,,,,,,,,,
hbo:2736,Harhaya,,,,,,,,,,,,,
hbo:2738,"duri, onak duri, semak berduri",,,,,,,,,,,,,
hbo:2739,Harumaph,,,,,,,,,,,,,
hbo:2740,"murka, kemarahan",,,,,,,,,,,,,
hbo:2741,Harufi,,,,,,,,,,,,,
hbo:2743,Haruz,,,,,,,,,,,,,
hbo:2744,Harhur,,,,,,,,,,,,,
hbo:2745,Harhas,,,,,,,,,,,,,
hbo:2746,panas,,,,,,,,,,,,,
hbo:2747,pena,,,,,,,,,,,,,
hbo:2748,"sihir, tukang sihir",,,,,,,,,,,,,
hbo:2750,kemarahan,,,,,,,,,,,,,
hbo:2752,Hori,,,,,,,,,,,,,
hbo:2753,Hori,,,,,,,,,,,,,
hbo:2754,tas,,,,,,,,,,,,,
hbo:2756,Harif,,,,,,,,,,,,,
hbo:2757,goresan,,,,,,,,,,,,,
hbo:2757a,goresan,,,,,,,,,,,,,
hbo:2758,"bajak, dibajak, pembajak tanah, mata bajak",,,,,,,,,,,,,
hbo:2759,terik,,,,,,,,,,,,,
hbo:2763,"mendedikasikan, dedikasi",,,,,,mengharamkan,diharamkan,,,,,,
hbo:2763a,"mendedikasikan, dedikasi",merobek wajah,,,,,memisahkan,,,,,,,
hbo:2764,"mendedikasikan, dedikasi",,,,,,,,,,,,,
hbo:2764a,"mendedikasikan, dedikasi",,,,,,,,,,,,,
hbo:2765,Horem,,,,,,,,,,,,,
hbo:2766,Harim,,,,,,,,,,,,,
hbo:2767,Horma,,,,,,,,,,,,,
hbo:2768,Gunung Hermon,,,,,,,,,,,,,
hbo:2769,Hermon,,,,,,,,,,,,,
hbo:2770,arit,,,,,,,,,,,,,
hbo:2771,Haran,,,,,,,,,,,,,
hbo:2771a,Haran,,,,,,,,,,,,,
hbo:2772,Horoni,,,,,,,,,,,,,
hbo:2774,Harnepher,,,,,,,,,,,,,
hbo:2775,matahari,,,,,,,,,,,,,
hbo:2775a,matahari,,,,,,,,,,,,,
hbo:2776,Heres,,,,,,,,,,,,,
hbo:2778,"malu, memalukan, merasa malu, dipermalukan",,,,,,,,,,,,,
hbo:2778b,"malu, memalukan, merasa malu, dipermalukan",menghabiskan musim dingin,ditunjuk untuk,,,,,,,,,,,
hbo:2779,musim dingin,,,,,,,,,,,,,
hbo:2780,Hareph,,,,,,,,,,,,,
hbo:2781,"malu, memalukan, merasa malu, dipermalukan",,,,,,,,,,,,,
hbo:2782,memutuskan,menetapkan,ditetapkan,,,,,,,,,,,
hbo:2783,pinggang,,,,,,,,,,,,,
hbo:2785,biji anggur,,,,,,,,,,,,,
hbo:2786,menggertakkan,,,,,,,,,,,,,
hbo:2787,,terbakar,terbakar habis,menyalakan,,,,,,,,,,
hbo:2789,tembikar,,,,,,,,,,,,,
hbo:2790,,membajak,dibajak,,,,merancang,,,,,,,
hbo:2790a,"lidah, lidah-lidah",diam,,,,terus berdiam diri,membisukan,,,,,,,
hbo:2791,pengrajin,,,,,,,,,,,,,
hbo:2793,Horesh,,,,,,,,,,,,,
hbo:2795,tuli,,,,,,,,,,,,,
hbo:2796,pengrajin,,,,,,,,,,,,,
hbo:2797,Harsa,,,,,,,,,,,,,
hbo:2799,ukiran,,,,,,,,,,,,,
hbo:2801,mengukir,,,,,,,,,,,,,
hbo:2802,Heret,,,,,,,,,,,,,
hbo:2803,"memahami, mengerti, mengerti, pengertian",menghitung,diperhitungkan,mempertimbangkan,,menghitung diri sebagai,,,,,,,,
hbo:2805,hiasan,,,,,,,,,,,,,
hbo:2806,Hasbadbana,,,,,,,,,,,,,
hbo:2807,Hasuba,,,,,,,,,,,,,
hbo:2809,Hesybon,,,,,,,,,,,,,
hbo:2811,Hasabya,,,,,,,,,,,,,
hbo:2812,Hasabna,,,,,,,,,,,,,
hbo:2813,Hasabneyah,,,,,,,,,,,,,
hbo:2814,diam,diam,,,,,didiamkan,,,,,,,
hbo:2815,Hasub,,,,,,,,,,,,,
hbo:2816,kegelapan,,,,,,,,,,,,,
hbo:2817,Hasufa,,,,,,,,,,,,,
hbo:2818,perlu,,,,,,,,,,,,,
hbo:2820,"menghukum, hukuman, dihukum, terhukum",menahan,ditahan,,,,,,,,,,,
hbo:2821,gelap,menjadi gelap,,,,,menggelapkan,,,,,,,
hbo:2822,kegelapan,,,,,,,,,,,,,
hbo:2823,gelap,,,,,,,,,,,,,
hbo:2825,kegelapan,,,,,,,,,,,,,
hbo:2826,lemah,,,,,,,,,,,,,
hbo:2828,Hasum,,,,,,,,,,,,,
hbo:2829,Hesmon,,,,,,,,,,,,,
hbo:2830,kuningan,,,,,,,,,,,,,
hbo:2832,Hasmonah,,,,,,,,,,,,,
hbo:2833,"Penutup dada, Pelindung dada",,,,,,,,,,,,,
hbo:2835,"kawanan, gembalaan",,,,,,,,,,,,,
hbo:2836,"cinta, cinta kasih, mencintai, dicintai",mencintai,,menyatukan,disatukan,,,,,,,,,
hbo:2837,kehendak,,,,,,,,,,,,,
hbo:2839,jeruji,,,,,,,,,,,,,
hbo:2840,pusat,,,,,,,,,,,,,
hbo:2841,"majelis, pertemuan, berkumpul, telah berkumpul",,,,,,,,,,,,,
hbo:2842,jerami,,,,,,,,,,,,,
hbo:2843,Husati,,,,,,,,,,,,,
hbo:2844,"teror, ketakutan, mengerikan",,,,,,,,,,,,,
hbo:2844a,"teror, ketakutan, mengerikan",,,,,,,,,,,,,
hbo:2845,Orang Het,,,,,,,,,,,,,
hbo:2847,"teror, ketakutan, mengerikan",,,,,,,,,,,,,
hbo:2848,perban,,,,,,,,,,,,,
hbo:2850,Orang Het,,,,,,,,,,,,,
hbo:2851,ketakutan,,,,,,,,,,,,,
hbo:2852,tetapkan,,,,,,,,,,,,,
hbo:2853,lilitan,,,,,,,,,,,,,
hbo:2854,lilitan,,,,,,,,,,,,,
hbo:2855,Hetlon,,,,,,,,,,,,,
hbo:2856,"segel, menyegel",menyegel,disegel,tetap tersegel,,,tersumbat,,,,,,,
hbo:2858,"segel, menyegel",,,,,,,,,,,,,
hbo:2859a,menantu,berhubungan perkawinan,,,,menjadi menantu,,,,,,,,
hbo:2860,Mempelai Laki-laki,,,,,,,,,,,,,
hbo:2861,pernikahan,,,,,,,,,,,,,
hbo:2863,"pencuri, para pencuri, perampok",,,,,,,,,,,,,
hbo:2864,"keras, lebih sulit, paling sulit, mengeras",,,,,,,,,,,,,
hbo:2865,"keberanian, berani, membuat berani, dorongan",hancur,ketakutan,menakut-nakuti,,,memecahkan,,,,,,,
hbo:2867,Hathath,,,,,,,,,,,,,
hbo:2868,baik,,,,,,,,,,,,,
hbo:2869,"baik, kebaikan",,,,,,,,,,,,,
hbo:2870,Tabeel,,,,,,,,,,,,,
hbo:2872,pusat,,,,,,,,,,,,,
hbo:2874,Tebah,,,,,,,,,,,,,
hbo:2875,Tebah,,,,,,,,,,,,,
hbo:2876,"menonton, mengawasi, menyaksikan, penjaga",,,,,,,,,,,,,
hbo:2878,"pembantaian, dibantai, membantai",,,,,,,,,,,,,
hbo:2879,juru masak,,,,,,,,,,,,,
hbo:2880,Tibhath,,,,,,,,,,,,,
hbo:2881,mencelupkan,mencelupkan,tercelup,,,,,,,,,,,
hbo:2882,Tebaliah,,,,,,,,,,,,,
hbo:2883,tenggelam,tenggelam,,,ditenggelamkan,,,ditenggelamkan,,,,,,
hbo:2884,Tabbaoth,,,,,,,,,,,,,
hbo:2885,cincin,,,,,,,,,,,,,
hbo:2888,Tabbath,,,,,,,,,,,,,
hbo:2889,"suci, menyucikan, penyucian",,,,,,,,,,,,,
hbo:2891,"suci, menyucikan, penyucian",bersih,,membersihkan,dinyatakan bersih,menyucikan diri,,,,,,,,
hbo:2892,kemegahan,,,,,,,,,,,,,
hbo:2893,"suci, menyucikan, penyucian",,,,,,,,,,,,,
hbo:2896,"baik, kebaikan",baik,,,,,berbuat baik,,,,,,,
hbo:2896b,"baik, kebaikan",,,,,,,,,,,,,
hbo:2897,Tob,,,,,,,,,,,,,
hbo:2898,"baik, kebaikan",,,,,,,,,,,,,
hbo:2900,Tobiah,,,,,,,,,,,,,
hbo:2901,memintal,,,,,,,,,,,,,
hbo:2902,melapisi,melapisi,terlapis,,,,,,,,,,,
hbo:2903,filaterin,,,,,,,,,,,,,
hbo:2904,"tersandung, terantuk, terbentur, kesandung",,,menjatuhkan,,,melempar,dijatuhkan,,,,,,
hbo:2905,baris,,,,,,,,,,,,,
hbo:2907,meluncur,,,,,,,,,,,,,
hbo:2908,puasa,,,,,,,,,,,,,
hbo:2909,menembak,,,,,,,,,,,,,
hbo:2911,"batu, bebatuan, merajam",,,,,,,,,,,,,
hbo:2912,menggiling,,,,,,,,,,,,,
hbo:2913,penggilingan,,,,,,,,,,,,,
hbo:2914,bisul,,,,,,,,,,,,,
hbo:2915,lapisan,,,,,,,,,,,,,
hbo:2916,lumpur,,,,,,,,,,,,,
hbo:2917,tanah,,,,,,,,,,,,,
hbo:2918,kemah,,,,,,,,,,,,,
hbo:2919,embun,,,,,,,,,,,,,
hbo:2921,bintik,bercak,,,dinambal,,,,,,,,,
hbo:2923,Telaim,,,,,,,,,,,,,
hbo:2924,"domba, Anak domba Allah",,,,,,,,,,,,,
hbo:2925,pemindahan,,,,,,,,,,,,,
hbo:2928,Telem,,,,,,,,,,,,,
hbo:2928a,Telem,,,,,,,,,,,,,
hbo:2929,Talmon,,,,,,,,,,,,,
hbo:2930,"mencemarkan, menjadi cemar",menjadi najis,menajiskan diri,menajiskan,dinajiskan,menajiskan diri,,,,,,,,
hbo:2932,kenajisan,,,,,,,,,,,,,
hbo:2933,mengotori,,,,,,,,,,,,,
hbo:2934,"Menguburkan, dikuburkan, pemakaman",menyembunyikan,bersembunyi,,,,merahasiakan,,,,,,,
hbo:2935,keranjang,,,,,,,,,,,,,
hbo:2936,menodai,,,,,,,,,,,,,
hbo:2937,menyesat,,,,,,,,,,,,,
hbo:2940,"arif, kearifan, membedakan, ketajaman",,,,,,,,,,,,,
hbo:2943,membebani,,,,,,,,,,,,,
hbo:2945,keluarga,,,,,,,,,,,,,
hbo:2948,jengkal,,,,,,,,,,,,,
hbo:2950,melumuri,,,,,,,,,,,,,
hbo:2951,pejabat,,,,,,,,,,,,,
hbo:2952,melangkah angkuh,,,,,,,,,,,,,
hbo:2953,kuku,,,,,,,,,,,,,
hbo:2954,gemuk,,,,,,,,,,,,,
hbo:2955,Tafat,,,,,,,,,,,,,
hbo:2960,beban,,,,,,,,,,,,,
hbo:2961,segar,,,,,,,,,,,,,
hbo:2962,sebelum,,,,,,,,,,,,,
hbo:2963,"menerima, diterima, penerima",mencabik-cabik,tercabik,,tercabik,,membiarkan dimangsa,,,,,,,
hbo:2964,"mangsa, memangsa",,,,,,,,,,,,,
hbo:2965,petik,,,,,,,,,,,,,
hbo:2966,bangkai,,,,,,,,,,,,,
hbo:2967,pejabat,,,,,,,,,,,,,
hbo:2968,rindu,,,,,,,,,,,,,
hbo:2969,layak,,,,,,,,,,,,,
hbo:2970,Yaazanya,,,,,,,,,,,,,
hbo:2971,Yair,,,,,,,,,,,,,
hbo:2974,bersedia,,,,,,,,,,,,,
hbo:2975,"Sungai Nil, Sungai Mesir, Sungai Nil",,,,,,,,,,,,,
hbo:2976,putus asa,,putus asa,membuat putus asa,,,,,,,,,,
hbo:2977,Yosia,,,,,,,,,,,,,
hbo:2979,Yeateraya,,,,,,,,,,,,,
hbo:2980,meraung,,,,,,,,,,,,,
hbo:2981,"menanggung, tanggungan, pembawa",,,,,,,,,,,,,
hbo:2982,"Yebus, orang Yebus, orang-orang Yebus",,,,,,,,,,,,,
hbo:2983,"Yebus, orang Yebus, orang-orang Yebus",,,,,,,,,,,,,
hbo:2984,Ibhar,,,,,,,,,,,,,
hbo:2985,Yabin,,,,,,,,,,,,,
hbo:2986,,,,,,,membawa,dibawa,,,,,,
hbo:2988,Yabal,,,,,,,,,,,,,
hbo:2989,Yabal,,,,,,,,,,,,,
hbo:2990,mengalir,,,,,,,,,,,,,
hbo:2991,Ibleam,,,,,,,,,,,,,
hbo:2992,melakukan levir,,,,,,,,,,,,,
hbo:2993,levir,,,,,,,,,,,,,
hbo:2994,ipar perempuan,,,,,,,,,,,,,
hbo:2995,Yabneel,,,,,,,,,,,,,
hbo:2996,Yabne,,,,,,,,,,,,,
hbo:2997,Ibnaya,,,,,,,,,,,,,
hbo:2998,Ibniya,,,,,,,,,,,,,
hbo:2999,Yabok,,,,,,,,,,,,,
hbo:3000,Yeberekya,,,,,,,,,,,,,
hbo:3001,tandus,kering,,mengeringkan,,,mengeringkan,,,,,,,
hbo:3003b,"Gilead, Orang Gilead, Orang-orang Gilead",,,,,,,,,,,,,
hbo:3004,tandus,,,,,,,,,,,,,
hbo:3005,Ibsam,,,,,,,,,,,,,
hbo:3006,"bumi, duniawi",,,,,,,,,,,,,
hbo:3008,Igal,,,,,,,,,,,,,
hbo:3010,ladang,,,,,,,,,,,,,
hbo:3011,Jogbehah,,,,,,,,,,,,,
hbo:3012,Igdaliah,,,,,,,,,,,,,
hbo:3013,,,terasa jengkel,menjengkelkan,,,menjengkelkan,,,,,,,
hbo:3015,duka,,,,,,,,,,,,,
hbo:3017,Jagur,,,,,,,,,,,,,
hbo:3018,"kerja, pekerjaan, pekerja",,,,,,,,,,,,,
hbo:3019,lelah,,,,,,,,,,,,,
hbo:3020,Jogli,,,,,,,,,,,,,
hbo:3021,"kerja, pekerjaan, pekerja",menjadi lelah,,melelahkan,,,melelahkan,,,,,,,
hbo:3022,bekerja,,,,,,,,,,,,,
hbo:3023,lelah,,,,,,,,,,,,,
hbo:3024,kelelahan,,,,,,,,,,,,,
hbo:3025,"takut, kuatir, ketakutan",,,,,,,,,,,,,
hbo:3026,tumpukan batu,,,,,,,,,,,,,
hbo:3027,tangan,,,,,,,,,,,,,
hbo:3030,Idalah,,,,,,,,,,,,,
hbo:3031,Idbas,,,,,,,,,,,,,
hbo:3032,"undi, membuang undi",,,,,,,,,,,,,
hbo:3033,kekasih,,,,,,,,,,,,,
hbo:3034,"mengaku, pengakuan",,,,,mengaku,memuji,,,,,,,
hbo:3034a,"mengaku, pengakuan",memanah,,melempar,,,,,,,,,,
hbo:3035,Iddo,,,,,,,,,,,,,
hbo:3036,Jadon,,,,,,,,,,,,,
hbo:3037,Jadua,,,,,,,,,,,,,
hbo:3038,Yedutun,,,,,,,,,,,,,
hbo:3039,terkasih,,,,,,,,,,,,,
hbo:3040,Yedida,,,,,,,,,,,,,
hbo:3041,Yedidya,,,,,,,,,,,,,
hbo:3042,Yedaya,,,,,,,,,,,,,
hbo:3043,Yediael,,,,,,,,,,,,,
hbo:3044,Jidlaf,,,,,,,,,,,,,
hbo:3045,"mengetahui, pengetahuan, memberitahukan, mengetahui sebelumnya",mengetahui,dikenal,memberitahu,dikenal,memperkenalkan diri,memberitahu,diberitahu,,,,,memberitahu,
hbo:3047,Yada,,,,,,,,,,,,,
hbo:3048,Yedaya,,,,,,,,,,,,,
hbo:3049,"roh, roh-roh, rohani",,,,,,,,,,,,,
hbo:3050,Yahweh,,,,,,,,,,,,,
hbo:3051,beri,,,,,,,,,,,,,
hbo:3053,beban,,,,,,,,,,,,,
hbo:3056,Yahdai,,,,,,,,,,,,,
hbo:3058,Yehu,,,,,,,,,,,,,
hbo:3059,Yeoahaz,,,,,,,,,,,,,
hbo:3060,Yoas,,,,,,,,,,,,,
hbo:3061,Yudea,,,,,,,,,,,,,
hbo:3063,Yudea,,,,,,,,,,,,,
hbo:3064,"Orang Yahudi, Yahudi, Orang-orang Yahudi",,,,,,,,,,,,,
hbo:3065,"Orang Yahudi, Yahudi, Orang-orang Yahudi",,,,,,,,,,,,,
hbo:3067,Yehudit,,,,,,,,,,,,,
hbo:3068,Yahweh,,,,,,,,,,,,,
hbo:3075,Yehozabad,,,,,,,,,,,,,
hbo:3076,Yohanan,,,,,,,,,,,,,
hbo:3077,Yoyada,,,,,,,,,,,,,
hbo:3078,Yoyakim,,,,,,,,,,,,,
hbo:3079,Yoyakim,,,,,,,,,,,,,
hbo:3080,Yehoyariv,,,,,,,,,,,,,
hbo:3081,Yehukhal,,,,,,,,,,,,,
hbo:3082,Yonadab,,,,,,,,,,,,,
hbo:3083,Yonatan,,,,,,,,,,,,,
hbo:3084,Yusuf (PL),,,,,,,,,,,,,
hbo:3085,Yehoadah,,,,,,,,,,,,,
hbo:3087,Yehozadak,,,,,,,,,,,,,
hbo:3088,Yoram,,,,,,,,,,,,,
hbo:3089,Yehosyeba,,,,,,,,,,,,,
hbo:3090,Yehosyabat,,,,,,,,,,,,,
hbo:3091,Yosua,,,,,,,,,,,,,
hbo:3092,Yosafat,,,,,,,,,,,,,
hbo:3093,"bermegah, angkuh, dengan angkuh, bangga",,,,,,,,,,,,,
hbo:3094,Yehalalel,,,,,,,,,,,,,
hbo:3095,yaspis,,,,,,,,,,,,,
hbo:3096,Yahaz,,,,,,,,,,,,,
hbo:3097,Yoab,,,,,,,,,,,,,
hbo:3098,Yoah,,,,,,,,,,,,,
hbo:3099,Yoahaz,,,,,,,,,,,,,
hbo:3100,ke,,,,,,,,,,,,,
hbo:3101,Yoas,,,,,,,,,,,,,
hbo:3102,Yob,,,,,,,,,,,,,
hbo:3103,Yobab,,,,,,,,,,,,,
hbo:3104,"domba betina, domba jantan, domba, bulu domba",,,,,,,,,,,,,
hbo:3106,Yubal,,,,,,,,,,,,,
hbo:3107,Yozabad,,,,,,,,,,,,,
hbo:3109,Yoha,,,,,,,,,,,,,
hbo:3110,Yohanan,,,,,,,,,,,,,
hbo:3111,Yoyada,,,,,,,,,,,,,
hbo:3112,Yoyakhin,,,,,,,,,,,,,
hbo:3113,Yoyakim,,,,,,,,,,,,,
hbo:3114,Yoyarib,,,,,,,,,,,,,
hbo:3115,Yokebed,,,,,,,,,,,,,
hbo:3116,Yukal,,,,,,,,,,,,,
hbo:3117,"hari, hari-hari",,,,,,,,,,,,,
hbo:3119,siang,,,,,,,,,,,,,
hbo:3120,"Yunani, orang Yunani",,,,,,,,,,,,,
hbo:3121,lumpur,,,,,,,,,,,,,
hbo:3122,Yonadab,,,,,,,,,,,,,
hbo:3123,"merpati, burung dara",,,,,,,,,,,,,
hbo:3125,Yunani,,,,,,,,,,,,,
hbo:3126,tunas,,,,,,,,,,,,,
hbo:3127,tunasan,,,,,,,,,,,,,
hbo:3129,Yonatan,,,,,,,,,,,,,
hbo:3130,Yusuf (PL),,,,,,,,,,,,,
hbo:3131,Yosifya,,,,,,,,,,,,,
hbo:3132,Yoelah,,,,,,,,,,,,,
hbo:3133,Yoed,,,,,,,,,,,,,
hbo:3134,Yoezer,,,,,,,,,,,,,
hbo:3135,Yoas,,,,,,,,,,,,,
hbo:3136,Yosadak,,,,,,,,,,,,,
hbo:3137,Yokim,,,,,,,,,,,,,
hbo:3138,hujan awal,,,,,,,,,,,,,
hbo:3140,Yorai,,,,,,,,,,,,,
hbo:3141,Yoram,,,,,,,,,,,,,
hbo:3142,Yusab Hesed,,,,,,,,,,,,,
hbo:3143,Yosibya,,,,,,,,,,,,,
hbo:3144,Yosah,,,,,,,,,,,,,
hbo:3145,Yosavya,,,,,,,,,,,,,
hbo:3146,Yosafat,,,,,,,,,,,,,
hbo:3147,﻿Yotam,,,,,,,,,,,,,
hbo:3148,lebih,,,,,,,,,,,,,
hbo:3150,Yizya,,,,,,,,,,,,,
hbo:3151,Yaziz,,,,,,,,,,,,,
hbo:3152,Izliah,,,,,,,,,,,,,
hbo:3153,Yezanya,,,,,,,,,,,,,
hbo:3154,peluh,,,,,,,,,,,,,
hbo:3155,Izrahit,,,,,,,,,,,,,
hbo:3156,Izrahia,,,,,,,,,,,,,
hbo:3157,Yizreel,,,,,,,,,,,,,
hbo:3158,Yizreel,,,,,,,,,,,,,
hbo:3160a,Jehubbah,,,,,,,,,,,,,
hbo:3161,bersatu,bersatu,,menyatukan,,,,,,,,,,
hbo:3162,bersama,,,,,,,,,,,,,
hbo:3162a,bersama,,,,,,,,,,,,,
hbo:3163,Jahdo,,,,,,,,,,,,,
hbo:3164,Jahdiel,,,,,,,,,,,,,
hbo:3165,Jehdeiah,,,,,,,,,,,,,
hbo:3166,Jahaziel,,,,,,,,,,,,,
hbo:3167,Jahzeiah,,,,,,,,,,,,,
hbo:3168,Yehezkiel,,,,,,,,,,,,,
hbo:3169,Jehizkiah,,,,,,,,,,,,,
hbo:3170,Jahzerah,,,,,,,,,,,,,
hbo:3171,Jehiel,,,,,,,,,,,,,
hbo:3172,Jehieli,,,,,,,,,,,,,
hbo:3173,tunggal,,,,,,,,,,,,,
hbo:3174,Jehiah,,,,,,,,,,,,,
hbo:3175,menanti,,,,,,,,,,,,,
hbo:3176,harapan,,menunggu,menunggu,,,menunggu,,,,,,,
hbo:3177,Jahleel,,,,,,,,,,,,,
hbo:3178,Jahleelite,,,,,,,,,,,,,
hbo:3179,"hamil, kehamilan, mengandung, pembuahan",birahi,,mengawinkan,,,,,,,,,,
hbo:3180,"rusa, kijang betina, kijang, kijang jantan",,,,,,,,,,,,,
hbo:3181,Jahmai,,,,,,,,,,,,,
hbo:3182,kaki telanjang,,,,,,,,,,,,,
hbo:3183,Jahzeel,,,,,,,,,,,,,
hbo:3184,Jahzeelite,,,,,,,,,,,,,
hbo:3185,Jahziel,,,,,,,,,,,,,
hbo:3188,silsilah,,,,,,,,,,,,,
hbo:3189,Jahath,,,,,,,,,,,,,
hbo:3190,"baik, kebaikan",baik,,,,,berbuat baik,,,,,,,
hbo:3192,Jotbah,,,,,,,,,,,,,
hbo:3193,Jotbathah,,,,,,,,,,,,,
hbo:3194,Juttah,,,,,,,,,,,,,
hbo:3195,Jetur,,,,,,,,,,,,,
hbo:3196,"anggur, alat pemeras anggur, penekan anggur, kantung anggur",,,,,,,,,,,,,
hbo:3198,"menegur, teguran, ditegur",,bersengketa,,,bertengkar,menegur,ditegur,,,,,,
hbo:3199,Jakin,,,,,,,,,,,,,
hbo:3200,Yakini,,,,,,,,,,,,,
hbo:3201,mampu,,,,,,,,,,,,,
hbo:3204,Yekonia,,,,,,,,,,,,,
hbo:3205,"menanggung, tanggungan, pembawa",melahirkan,dilahirkan,membantu melahirkan,dilahirkan,dinyatakan keturunannya,menyebabkan lahir,dilahirkan,,,,,,
hbo:3206,anak,,,,,,,,,,,,,
hbo:3207,gadis,,,,,,,,,,,,,
hbo:3208,masa muda,,,,,,,,,,,,,
hbo:3209,"menanggung, tanggungan, pembawa",,,,,,,,,,,,,
hbo:3210,Yalon,,,,,,,,,,,,,
hbo:3211,"menanggung, tanggungan, pembawa",,,,,,,,,,,,,
hbo:3214,lolongan,,,,,,,,,,,,,
hbo:3215,ratapan,,,,,,,,,,,,,
hbo:3217,kudis,,,,,,,,,,,,,
hbo:3218,belalang pelahap,,,,,,,,,,,,,
hbo:3219,tas,,,,,,,,,,,,,
hbo:3220,laut,,,,,,,,,,,,,
hbo:3222,"sumber air, mata air",,,,,,,,,,,,,
hbo:3223,Yemuel,,,,,,,,,,,,,
hbo:3224,Yemima,,,,,,,,,,,,,
hbo:3225,"baik, kebaikan",,,,,,,,,,,,,
hbo:3226,"baik, kebaikan",,,,,,,,,,,,,
hbo:3228,Benyamin,,,,,,,,,,,,,
hbo:3229,Imlah,,,,,,,,,,,,,
hbo:3230,Yamlekh,,,,,,,,,,,,,
hbo:3231,condong ke kanan,,,,,,,,,,,,,
hbo:3232,Imna,,,,,,,,,,,,,
hbo:3233,"baik, kebaikan",,,,,,,,,,,,,
hbo:3234,Imna,,,,,,,,,,,,,
hbo:3236,Imra,,,,,,,,,,,,,
hbo:3238,"salah, pelanggar, berbuat salah, menganiaya",berlaku keras,,,,,menindas,,,,,,,
hbo:3239,Yanoa,,,,,,,,,,,,,
hbo:3241a,Yanim,,,,,,,,,,,,,
hbo:3242,tunas,,,,,,,,,,,,,
hbo:3243,menyusui,menyusui,,,,,memberi menyusu,,,,,,,
hbo:3243a,menyusui,,,,,,,,,,,,,
hbo:3244,burung hantu,,,,,,,,,,,,,
hbo:3245,,mendirikan fondasi,didirikan,menetapkan,didirikan,,,didirikan,,,,,,
hbo:3246,permulaan,,,,,,,,,,,,,
hbo:3247,"mendirikan, didirikan, pendiri, dasar",,,,,,,,,,,,,
hbo:3248,"mendirikan, didirikan, pendiri, dasar",,,,,,,,,,,,,
hbo:3252,Iskah,,,,,,,,,,,,,
hbo:3253,Ismakia,,,,,,,,,,,,,
hbo:3254,"berlipat ganda, berkembang biak, pelipatgandaan",menambah,ditambah,,,,menambah,,,,,,,
hbo:3256,"memberi petunjuk, petunjuk, pemberi petunjuk",mengajar,belajar sendiri,mengajar,,,menghukum,,,,menerima nasihat,,,
hbo:3257,sekop,,,,,,,,,,,,,
hbo:3258,Yabets,,,,,,,,,,,,,
hbo:3259,"majelis, pertemuan, berkumpul, telah berkumpul",menetapkan,berjumpa,,,,memanggil,ditetapkan,,,,,,
hbo:3261,menyapu,,,,,,,,,,,,,
hbo:3262,Yeuel,,,,,,,,,,,,,
hbo:3263,Yeuts,,,,,,,,,,,,,
hbo:3266,Yeusyh,,,,,,,,,,,,,
hbo:3267,ganas,,,,,,,,,,,,,
hbo:3268,Yaaziel,,,,,,,,,,,,,
hbo:3269,Yaazia,,,,,,,,,,,,,
hbo:3270,Yazer,,,,,,,,,,,,,
hbo:3273,Yeiel,,,,,,,,,,,,,
hbo:3275,Yakan,,,,,,,,,,,,,
hbo:3277,Yael,,,,,,,,,,,,,
hbo:3278,Yael,,,,,,,,,,,,,
hbo:3280,"kambing, anak kambing, kambing hitam",,,,,,,,,,,,,
hbo:3281,Yalam,,,,,,,,,,,,,
hbo:3282,karena,,,,,,,,,,,,,
hbo:3283,burung unta,,,,,,,,,,,,,
hbo:3284,burung unta,,,,,,,,,,,,,
hbo:3285,Yanai,,,,,,,,,,,,,
hbo:3287,lelah,,,,,,,,,,,,,
hbo:3288,kelelahan,,,,,,,,,,,,,
hbo:3289,"nasihat, konselor, saran, penasihat",memberi nasihat,bermusyawarah,,,bersekongkol,,,,,,,,
hbo:3290,"Israel, Orang Israel, Orang-orang Israel, Yakub",,,,,,,,,,,,,
hbo:3291,Yakobah,,,,,,,,,,,,,
hbo:3292,Akan,,,,,,,,,,,,,
hbo:3293,"madu, sarang madu",,,,,,,,,,,,,
hbo:3293b,"madu, sarang madu",,,,,,,,,,,,,
hbo:3294,Yarah,,,,,,,,,,,,,
hbo:3295,sarang lebah,,,,,,,,,,,,,
hbo:3295a,sarang lebah,,,,,,,,,,,,,
hbo:3297,Yearim,,,,,,,,,,,,,
hbo:3298,Yaareysyah,,,,,,,,,,,,,
hbo:3300,Yaasiel,,,,,,,,,,,,,
hbo:3301,Ifdeya,,,,,,,,,,,,,
hbo:3302,,indah,,mempercantik,,mempercantik diri,,,,,,,,
hbo:3303,cantik,,,,,,,,,,,,,
hbo:3305,Yope,,,,,,,,,,,,,
hbo:3307,"kesaksian, bersaksi, saksi, saksi-saksi",,,,,,,,,,,,,
hbo:3308,keindahan,,,,,,,,,,,,,
hbo:3309,Yafia,,,,,,,,,,,,,
hbo:3309a,Yafia,,,,,,,,,,,,,
hbo:3310,Yaflet,,,,,,,,,,,,,
hbo:3311,Yafletit,,,,,,,,,,,,,
hbo:3312,Yafune,,,,,,,,,,,,,
hbo:3313,bersinar,,,,,,,,,,,,,
hbo:3314,kilau,,,,,,,,,,,,,
hbo:3315,Yafet,,,,,,,,,,,,,
hbo:3316,Yefta,,,,,,,,,,,,,
hbo:3316a,Yefta,,,,,,,,,,,,,
hbo:3318,"mengetahui, pengetahuan, memberitahukan, mengetahui sebelumnya",keluar,,,,,membawa keluar,dibawa keluar,,,,,,
hbo:3320,berdiri,,,,,,,,,,,,,
hbo:3322,letakkan,,,,,,menempatkan,ditahan,,,,,,
hbo:3323,Yishar,,,,,,,,,,,,,
hbo:3324,Yishar,,,,,,,,,,,,,
hbo:3325,Yishari,,,,,,,,,,,,,
hbo:3326,tempat tidur,,,,,,,,,,,,,
hbo:3327,Ishak,,,,,,,,,,,,,
hbo:3330,tetap,,,,,,,,,,,,,
hbo:3331,tidur,,,,,,membentangkan,dibentangkan,,,,,,
hbo:3332,tuang,menuangkan,,,,,menuangkan,dituangkan,,,,,,
hbo:3333,coran,,,,,,,,,,,,,
hbo:3335,"menciptakan, diciptakan, ciptaan, Pencipta",membentuk,terbentuk,,dibentuk,,,dibentuk,,,,,,
hbo:3336,niat,,,,,,,,,,,,,
hbo:3337,niat,,,,,,,,,,,,,
hbo:3340,Yisri,,,,,,,,,,,,,
hbo:3341,nyalakan,menyalakan,menyala,,,,menyalakan,,,,,,,
hbo:3342,alat pemeras anggur,,,,,,,,,,,,,
hbo:3343,Yekabzeel,,,,,,,,,,,,,
hbo:3344,terbakar,terbakar,,,,,,terbakar,,,,,,
hbo:3347,Yokdeam,,,,,,,,,,,,,
hbo:3348,Yake,,,,,,,,,,,,,
hbo:3349,patuh,,,,,,,,,,,,,
hbo:3350,membara,,,,,,,,,,,,,
hbo:3351,makhluk hidup,,,,,,,,,,,,,
hbo:3353,"jerat, menjerat, menjebak, jebakan",,,,,,,,,,,,,
hbo:3354,Yekutiel,,,,,,,,,,,,,
hbo:3355,Yoktan,,,,,,,,,,,,,
hbo:3356,Yakim,,,,,,,,,,,,,
hbo:3358,"mulia, bangsawan",,,,,,,,,,,,,
hbo:3359,Yekamya,,,,,,,,,,,,,
hbo:3360,Yekamam,,,,,,,,,,,,,
hbo:3362,Yokneam,,,,,,,,,,,,,
hbo:3363,"menggantungkan, digantung, gantung, tirai",berbalik,,,,,membuka,dibuka,,,,,,
hbo:3364,bangun,,,,,,,,,,,,,
hbo:3365,,berharga,,,,,menghargai,,,,,,,
hbo:3366,"Hormat, Menghormati",,,,,,,,,,,,,
hbo:3368,kemegahan,,,,,,,,,,,,,
hbo:3369,"jerat, menjerat, menjebak, jebakan",merangkap jerat,terjerat,,,,,,,,,,,
hbo:3370,Yoksan,,,,,,,,,,,,,
hbo:3371,Yokteel,,,,,,,,,,,,,
hbo:3372,"takut, kuatir, ketakutan",takut,mengerikan,menakut-nakuti,,,,,,,,,,
hbo:3374,"takut, kuatir, ketakutan",,,,,,,,,,,,,
hbo:3375,Yiron,,,,,,,,,,,,,
hbo:3376,Iriya,,,,,,,,,,,,,
hbo:3377,Yarob,,,,,,,,,,,,,
hbo:3378,Yerubaal,,,,,,,,,,,,,
hbo:3379,Yerobeam,,,,,,,,,,,,,
hbo:3380,Yerubeset,,,,,,,,,,,,,
hbo:3381,turun,turun,,,,,menurunkan,diturunkan,,,,,,
hbo:3382,Yared,,,,,,,,,,,,,
hbo:3383,Sungai Yordan,,,,,,,,,,,,,
hbo:3384,ajar,melempar,dilempari,,,,memanah,,,,,,,
hbo:3384a,ajar,,,,,,,,,,,,,
hbo:3384b,ajar,,,,,,,,,,,,,
hbo:3385,Yeruel,,,,,,,,,,,,,
hbo:3386,Yaroa,,,,,,,,,,,,,
hbo:3387,hijau,,,,,,,,,,,,,
hbo:3388,Yerusa,,,,,,,,,,,,,
hbo:3389,Yerusalem,,,,,,,,,,,,,
hbo:3391,Yerah,,,,,,,,,,,,,
hbo:3392,Yerah,,,,,,,,,,,,,
hbo:3394,bulan,,,,,,,,,,,,,
hbo:3395,Yeroham,,,,,,,,,,,,,
hbo:3396,Yerahmeel,,,,,,,,,,,,,
hbo:3397,Yerahmeeli,,,,,,,,,,,,,
hbo:3398,Yarha,,,,,,,,,,,,,
hbo:3399,dorong,,,,,,,,,,,,,
hbo:3400,Yeriel,,,,,,,,,,,,,
hbo:3402,Yarib,,,,,,,,,,,,,
hbo:3403,Yeribai,,,,,,,,,,,,,
hbo:3404,Yeriah,,,,,,,,,,,,,
hbo:3405,Yerikho,,,,,,,,,,,,,
hbo:3406,Yerimot,,,,,,,,,,,,,
hbo:3407,tirai,,,,,,,,,,,,,
hbo:3408,Yerioth,,,,,,,,,,,,,
hbo:3409,pinggang,,,,,,,,,,,,,
hbo:3411,pinggir,,,,,,,,,,,,,
hbo:3412,Yarmut,,,,,,,,,,,,,
hbo:3413,Yeremai,,,,,,,,,,,,,
hbo:3414,Yeremia,,,,,,,,,,,,,
hbo:3415,"salah, pelanggar, berbuat salah, menganiaya",,,,,,,,,,,,,
hbo:3416,Irpeel,,,,,,,,,,,,,
hbo:3417,ludah,,,,,,,,,,,,,
hbo:3418,"menanam, ditanam kembali, ditransplantasikan, menabur benih",,,,,,,,,,,,,
hbo:3419,ludah,,,,,,,,,,,,,
hbo:3420,karat,,,,,,,,,,,,,
hbo:3421,Yorkeam,,,,,,,,,,,,,
hbo:3422,kehijauan,,,,,,,,,,,,,
hbo:3423,"dimiliki, dimiliki, dimiliki, dimiliki",menguasai,kehilangan,menguasai,,,mengusir,,,,,,,
hbo:3424,warisan,,,,,,,,,,,,,
hbo:3425,"dimiliki, dimiliki, dimiliki, dimiliki",,,,,,,,,,,,,
hbo:3426,ada,,,,,,,,,,,,,
hbo:3427,"raja, kerajaan",duduk,didiami,mendirikan,,,membuat mendiami,didiami,,,,,,
hbo:3428,Yesyebeab,,,,,,,,,,,,,
hbo:3431,Ishbah,,,,,,,,,,,,,
hbo:3432,Yashubit,,,,,,,,,,,,,
hbo:3433,Yashubit-Lehem,,,,,,,,,,,,,
hbo:3434,"raja, kerajaan",,,,,,,,,,,,,
hbo:3435,Ishbak,,,,,,,,,,,,,
hbo:3436,Yoshbekashah,,,,,,,,,,,,,
hbo:3437,Yasub,,,,,,,,,,,,,
hbo:3438,Ishvah,,,,,,,,,,,,,
hbo:3439,Yeshochayah,,,,,,,,,,,,,
hbo:3440,Ishvi,,,,,,,,,,,,,
hbo:3442,Yosua,,,,,,,,,,,,,
hbo:3442a,Yosua,,,,,,,,,,,,,
hbo:3444,"selamat, menyelamatkan, diselamatkan, keselamatan.",,,,,,,,,,,,,
hbo:3445,kekosongan,,,,,,,,,,,,,
hbo:3447,ulur,,,,,,,,,,,,,
hbo:3448,Isai,,,,,,,,,,,,,
hbo:3449,Yisyiah,,,,,,,,,,,,,
hbo:3450,Yesimiel,,,,,,,,,,,,,
hbo:3452,"gurun, padang gurun",,,,,,,,,,,,,
hbo:3453,"usia, zaman",,,,,,,,,,,,,
hbo:3454,Yesisay,,,,,,,,,,,,,
hbo:3457,Yisma,,,,,,,,,,,,,
hbo:3458,Ismael,,,,,,,,,,,,,
hbo:3459,Ismael,,,,,,,,,,,,,
hbo:3460,Yismayyah,,,,,,,,,,,,,
hbo:3461,Yismerai,,,,,,,,,,,,,
hbo:3462,"usia, zaman",tidur,,menidurkan,,,,,,,,,,
hbo:3462a,"usia, zaman",,,,,,,,,,,,,
hbo:3463,"usia, zaman",,,,,,,,,,,,,
hbo:3465,"usia, zaman",,,,,,,,,,,,,
hbo:3466,Yesanah,,,,,,,,,,,,,
hbo:3467,"selamat, menyelamatkan, diselamatkan, keselamatan.",,diselamatkan,,,,menyelamatkan,,,,,,,
hbo:3469,Yisi,,,,,,,,,,,,,
hbo:3470,Yesaya,,,,,,,,,,,,,
hbo:3471,yaspis,,,,,,,,,,,,,
hbo:3472,Yispa,,,,,,,,,,,,,
hbo:3473,Yispan,,,,,,,,,,,,,
hbo:3474,"baik, kebaikan",lurus,,meluruskan,disepuh,,meluruskan,,,,,,,
hbo:3475,Yeser,,,,,,,,,,,,,
hbo:3476,"benar, adil, tidak benar, tidak benar",,,,,,,,,,,,,
hbo:3477,"benar, adil, tidak benar, tidak benar",,,,,,,,,,,,,
hbo:3478,"Israel, Orang Israel, bangsa Israel",,,,,,,,,,,,,
hbo:3480,Yesarelah,,,,,,,,,,,,,
hbo:3481,Israelit,,,,,,,,,,,,,
hbo:3483,"benar, adil, tidak benar, tidak benar",,,,,,,,,,,,,
hbo:3484,Yesyurun,,,,,,,,,,,,,
hbo:3485,Isakhar,,,,,,,,,,,,,
hbo:3486,sangat tua,,,,,,,,,,,,,
hbo:3487,siapa,,,,,,,,,,,,,
hbo:3488,duduk,,,,,,,,,,,,,
hbo:3489,pasak,,,,,,,,,,,,,
hbo:3490,yatim,,,,,,,,,,,,,
hbo:3492,Yatir,,,,,,,,,,,,,
hbo:3493,Yatir,,,,,,,,,,,,,
hbo:3494,Itlah,,,,,,,,,,,,,
hbo:3495,Itmah,,,,,,,,,,,,,
hbo:3496,Yatniel,,,,,,,,,,,,,
hbo:3497,Itnan,,,,,,,,,,,,,
hbo:3498,sisa-sisa,,tertinggal,,,,membiarkan tersisa,,,,,,,
hbo:3499,sisa-sisa,,,,,,,,,,,,,
hbo:3499a,sisa-sisa,,,,,,,,,,,,,
hbo:3500,sisa-sisa,,,,,,,,,,,,,
hbo:3501,Itra,,,,,,,,,,,,,
hbo:3502,kelimpahan,,,,,,,,,,,,,
hbo:3503,"Yitro, Rehuel",,,,,,,,,,,,,
hbo:3504,keuntungan,,,,,,,,,,,,,
hbo:3505,Yitri,,,,,,,,,,,,,
hbo:3506,Yitran,,,,,,,,,,,,,
hbo:3507,Yitream,,,,,,,,,,,,,
hbo:3508,cuping,,,,,,,,,,,,,
hbo:3509,Yetet,,,,,,,,,,,,,
hbo:3510,"meruntuhkan, reruntuhan, runtuh",sakit,,,,,menyakitkan,,,,,,,
hbo:3511,sakit,,,,,,,,,,,,,
hbo:3512,murung,,patah semangat,,,,membuat patah semangat,,,,,,,
hbo:3513,"Hormat, Menghormati",berat; terhormat,menjadi terhormat,memberatkan; menghormati,dihormati,memuliakan diri,membuat berat; memuliakan,,,,,,,
hbo:3514,keberatanb,,,,,,,,,,,,,
hbo:3515,"keras, lebih sulit, paling sulit, mengeras",,,,,,,,,,,,,
hbo:3516,"keras, lebih sulit, paling sulit, mengeras",,,,,,,,,,,,,
hbo:3517,kesulitan,,,,,,,,,,,,,
hbo:3518,"memuaskan, dipuaskan, tak terpuaskan",padam,,memadamkan,,,,,,,,,,
hbo:3519,"Mulia, Kemuliaan, Memuliakan",,,,,,,,,,,,,
hbo:3520,"Mulia, Kemuliaan, Memuliakan",,,,,,,,,,,,,
hbo:3521,Kabul,,,,,,,,,,,,,
hbo:3522,Kabbon,,,,,,,,,,,,,
hbo:3524,"besar, sangat berkuasa, lebih berkuasa, dengan kuasa",,,,,,,,,,,,,
hbo:3525,belenggu,,,,,,,,,,,,,
hbo:3526,mencuci,menenun,,mencuci,dicuci,,,,,,,,,
hbo:3528,sudah,,,,,,,,,,,,,
hbo:3529,sudah,,,,,,,,,,,,,
hbo:3530,ayakan,,,,,,,,,,,,,
hbo:3531,ayakan,,,,,,,,,,,,,
hbo:3532,"domba, Anak domba Allah",,,,,,,,,,,,,
hbo:3533,"memperbudak, dalam belenggu",menundukkan,tertaklukkan,menundukkan,,,,,,,,,,
hbo:3534,tumpuan,,,,,,,,,,,,,
hbo:3535,"domba betina, domba jantan, domba, bulu domba",,,,,,,,,,,,,
hbo:3536,tungku pembakaran,,,,,,,,,,,,,
hbo:3537,kendi,,,,,,,,,,,,,
hbo:3539,mirah,,,,,,,,,,,,,
hbo:3540,Kedorlaomer,,,,,,,,,,,,,
hbo:3541,demikian,,,,,,,,,,,,,
hbo:3544,pucat,,,,,,,,,,,,,
hbo:3545,bantuan,,,,,,,,,,,,,
hbo:3546,dapat,,,,,,,,,,,,,
hbo:3547,"imam, imam-imam, imamat",,,,,,,,,,,,,
hbo:3548,"imam, imam-imam, imamat",,,,,,,,,,,,,
hbo:3550,"imam, imam-imam, imamat",,,,,,,,,,,,,
hbo:3552,Kub,,,,,,,,,,,,,
hbo:3553,pelopor,,,,,,,,,,,,,
hbo:3554,terbakar,,,,,,,,,,,,,
hbo:3555,luka bakar,,,,,,,,,,,,,
hbo:3556,bintang,,,,,,,,,,,,,
hbo:3557,"mampu menanggung, teguh, ketahanan",memahami,,menampung,ditampung,,menampung,,,,,,,
hbo:3558,gelang,,,,,,,,,,,,,
hbo:3559,"mendedikasikan, dedikasi",,tetap berdiri,menetapkan,ditetapkan,berdiri tegak,mempersiapkan,disiapkan,,,,,,
hbo:3561,kue,,,,,,,,,,,,,
hbo:3563,cawan,,,,,,,,,,,,,
hbo:3563a,cawan,,,,,,,,,,,,,
hbo:3564,tungku pembakaran,,,,,,,,,,,,,
hbo:3568,"Etiopia, orang Etiopia",,,,,,,,,,,,,
hbo:3568a,"Etiopia, orang Etiopia",,,,,,,,,,,,,
hbo:3569,Kusit,,,,,,,,,,,,,
hbo:3570,Kusyi,,,,,,,,,,,,,
hbo:3572,Kusan,,,,,,,,,,,,,
hbo:3573,Kusan-Risyataim,,,,,,,,,,,,,
hbo:3574,"sejahtera, makmur, menjadi makmur, kemakmuran",,,,,,,,,,,,,
hbo:3575a,Kuta,,,,,,,,,,,,,
hbo:3576,"menipu, mendustakan, penipu, pendusta",berbohong,terbukti pembohong,berbohong,,,membuat pembohong,,,,,,,
hbo:3577,"menipu, mendustakan, penipu, pendusta",,,,,,,,,,,,,
hbo:3578,Kozeba,,,,,,,,,,,,,
hbo:3579,Kozbi,,,,,,,,,,,,,
hbo:3580,Kezib,,,,,,,,,,,,,
hbo:3581,"besar, sangat berkuasa, lebih berkuasa, dengan kuasa",,,,,,,,,,,,,
hbo:3581a,"besar, sangat berkuasa, lebih berkuasa, dengan kuasa",,,,,,,,,,,,,
hbo:3582,"hancur, binasa, penghancur, pembinasa",,tersembunyi,menyembunyikan,,,menghapuskan,,,,,,,
hbo:3583,cat mata,,,,,,,,,,,,,
hbo:3584,"menipu, mendustakan, penipu, pendusta",menjadi kurus,bersikap takut-takutan,menyangkal,,bertindak pura-pura,,,,,,,,
hbo:3585,"menipu, mendustakan, penipu, pendusta",,,,,,,,,,,,,
hbo:3586,menipu,,,,,,,,,,,,,
hbo:3588,karena,,,,,,,,,,,,,
hbo:3590,percikan,,,,,,,,,,,,,
hbo:3591,"pedang, pedang-pedang, ahli pedang",,,,,,,,,,,,,
hbo:3593,perang,,,,,,,,,,,,,
hbo:3594,Kiyun,,,,,,,,,,,,,
hbo:3595,baskom,,,,,,,,,,,,,
hbo:3596,jahat,,,,,,,,,,,,,
hbo:3597,kapak,,,,,,,,,,,,,
hbo:3598,Kimah,,,,,,,,,,,,,
hbo:3599,kantong,,,,,,,,,,,,,
hbo:3600,dapur,,,,,,,,,,,,,
hbo:3601,cakram pintal,,,,,,,,,,,,,
hbo:3602,demikian,,,,,,,,,,,,,
hbo:3603,talenta,,,,,,,,,,,,,
hbo:3605,"bumi, duniawi",,,,,,,,,,,,,
hbo:3607,menahan,menahan,tertahan,,,,,,,,,,,
hbo:3608,penjara,,,,,,,,,,,,,
hbo:3609,Kileab,,,,,,,,,,,,,
hbo:3610,"benih, semen",,,,,,,,,,,,,
hbo:3611,anjing,,,,,,,,,,,,,
hbo:3612,Kaleb,,,,,,,,,,,,,
hbo:3614,Kaleb,,,,,,,,,,,,,
hbo:3615,"mengonsumsi, memakan, melahap, memakan habis",berakhir,,menyelesaikan,diselesaikan,,,,,,,,,
hbo:3616,menginginkan,,,,,,,,,,,,,
hbo:3618,Mempelai perempuan,,,,,,,,,,,,,
hbo:3619,Kelub,,,,,,,,,,,,,
hbo:3620,Kelub,,,,,,,,,,,,,
hbo:3621,Kelubai,,,,,,,,,,,,,
hbo:3624,Kalah,,,,,,,,,,,,,
hbo:3625,Kalah,,,,,,,,,,,,,
hbo:3627,baju perang,,,,,,,,,,,,,
hbo:3629,ginjal,,,,,,,,,,,,,
hbo:3631,kehancuran,,,,,,,,,,,,,
hbo:3632,"korban, dikorbankan, mengorbankan, persembahan",,,,,,,,,,,,,
hbo:3633,Kalkol,,,,,,,,,,,,,
hbo:3636,Kelal,,,,,,,,,,,,,
hbo:3637,"malu, memalukan, merasa malu, dipermalukan",,malu,,,,mempermalukan,dipermalukan,,,,,,
hbo:3638,Kilmad,,,,,,,,,,,,,
hbo:3639,"malu, memalukan, merasa malu, dipermalukan",,,,,,,,,,,,,
hbo:3640,kehinaan,,,,,,,,,,,,,
hbo:3641,Kalne,,,,,,,,,,,,,
hbo:3642,merindukan,,,,,,,,,,,,,
hbo:3643,Kimham,,,,,,,,,,,,,
hbo:3644,seperti,,,,,,,,,,,,,
hbo:3645,Kemos,,,,,,,,,,,,,
hbo:3646,jintan,,,,,,,,,,,,,
hbo:3647,menyimpan,,,,,,,,,,,,,
hbo:3648,hangat,,,,,,,,,,,,,
hbo:3650,kegelapan,,,,,,,,,,,,,
hbo:3651,demikian,,,,,,,,,,,,,
hbo:3651a,demikian,,,,,,,,,,,,,
hbo:3657,ranting,,,,,,,,,,,,,
hbo:3658,"harpa, kecapi, pemain harpa, para pemain harpa",,,,,,,,,,,,,
hbo:3659,Konia,,,,,,,,,,,,,
hbo:3660,demikian,,,,,,,,,,,,,
hbo:3662,Kenani,,,,,,,,,,,,,
hbo:3663,Kenaniah,,,,,,,,,,,,,
hbo:3664,"majelis, pertemuan, berkumpul, telah berkumpul",mengumpulkan,,mengumpulkan,,membungkus,,,,,,,,
hbo:3665,"rendah hati, kesederhanaan",,merendah,,,,merendahkan,,,,,,,
hbo:3666,ikatan,,,,,,,,,,,,,
hbo:3667,"Kanaan, Orang Kanaan",,,,,,,,,,,,,
hbo:3668,Kenaana,,,,,,,,,,,,,
hbo:3669,"Kanaan, Orang Kanaan",,,,,,,,,,,,,
hbo:3671,sayap,,,,,,,,,,,,,
hbo:3672,"Laut Galilea, Laut Kineret, Danau Genesaret, Laut Tiberias",,,,,,,,,,,,,
hbo:3673,berkumpul,,,,,,,,,,,,,
hbo:3674,rekan,,,,,,,,,,,,,
hbo:3677,bulan purnama,,,,,,,,,,,,,
hbo:3678,"takhta, dinobatkan",,,,,,,,,,,,,
hbo:3680,menutupi,menutupi,tertutup,menutupi,tertutup,menutupi diri,,,,,,,,
hbo:3681,penutup,,,,,,,,,,,,,
hbo:3682,selimut,,,,,,,,,,,,,
hbo:3683,terbakar,,,,,,,,,,,,,
hbo:3684,Kesil,,,,,,,,,,,,,
hbo:3685,Kesil,,,,,,,,,,,,,
hbo:3686,Kesil,,,,,,,,,,,,,
hbo:3687,"orang bodoh, bodoh, kebodohan",,,,,,,,,,,,,
hbo:3689,pinggang,,,,,,,,,,,,,
hbo:3689a,pinggang,,,,,,,,,,,,,
hbo:3690,"orang bodoh, bodoh, kebodohan",,,,,,,,,,,,,
hbo:3691,Kislew,,,,,,,,,,,,,
hbo:3692,Kislon,,,,,,,,,,,,,
hbo:3693,Kesalon,,,,,,,,,,,,,
hbo:3694,Kesulot,,,,,,,,,,,,,
hbo:3695,Kasluim,,,,,,,,,,,,,
hbo:3696,Kislot Tabor,,,,,,,,,,,,,
hbo:3697,memangkas,,,,,,,,,,,,,
hbo:3698,gandum hitam,,,,,,,,,,,,,
hbo:3699,menghitung,,,,,,,,,,,,,
hbo:3700,"nafsu, bernafsu",merindukan,merindukan,,,,,,,,,,,
hbo:3701,perak,,,,,,,,,,,,,
hbo:3703,Kasifia,,,,,,,,,,,,,
hbo:3704,talismana,,,,,,,,,,,,,
hbo:3705,sekarang,,,,,,,,,,,,,
hbo:3706,sekarang,,,,,,,,,,,,,
hbo:3707,"hasutan, provokasi, hasutan-hasutan, provokasi-provokasi",marah,,mengecewakan,,,menyedihkan,,,,,,,
hbo:3709,palem,,,,,,,,,,,,,
hbo:3710,batu curam,,,,,,,,,,,,,
hbo:3712,ranting,,,,,,,,,,,,,
hbo:3713,mangkuk,,,,,,,,,,,,,
hbo:3713a,mangkuk,,,,,,,,,,,,,
hbo:3714,kasau,,,,,,,,,,,,,
hbo:3715,singa,,,,,,,,,,,,,
hbo:3716,Kefira,,,,,,,,,,,,,
hbo:3717,lipat,melipat dua,terlipat dua,,,,,,,,,,,
hbo:3718,lipatan,,,,,,,,,,,,,
hbo:3720,bencana kelaparan,,,,,,,,,,,,,
hbo:3721,"berlutut, membungkuk, bersujud",membungkuk,membungkuk,,,,,,,,,,,
hbo:3722,"penebusan, menebus",menutup,,mengadakan pendamaian,didamaikan,didamaikan,,,,,didamaikan,,,
hbo:3723,desa,,,,,,,,,,,,,
hbo:3724,"tebusan, terteb",,,,,,,,,,,,,
hbo:3724a,"tebusan, terteb",,,,,,,,,,,,,
hbo:3724b,"tebusan, terteb",,,,,,,,,,,,,
hbo:3724c,"tebusan, terteb",,,,,,,,,,,,,
hbo:3725,"penebusan, menebus",,,,,,,,,,,,,
hbo:3726,Kepar Amoni,,,,,,,,,,,,,
hbo:3727,tutup pendamaian,,,,,,,,,,,,,
hbo:3728,injak,,,,,,,,,,,,,
hbo:3729,ikat,,,,,,,,,,,,,
hbo:3730,"kolom, kolom-kolom, pilar, pilar-pilar",,,,,,,,,,,,,
hbo:3731,Kaftor,,,,,,,,,,,,,
hbo:3732,Kaftori,,,,,,,,,,,,,
hbo:3733,"domba, Anak domba Allah",,,,,,,,,,,,,
hbo:3733a,"domba, Anak domba Allah",,,,,,,,,,,,,
hbo:3733b,"domba, Anak domba Allah",,,,,,,,,,,,,
hbo:3734,kor,,,,,,,,,,,,,
hbo:3736,kenakan,,,,,,,,,,,,,
hbo:3738,singa,menggali,digali,,,,,,,,,,,
hbo:3739,buat pesta,,,,,,,,,,,,,
hbo:3740,pesta,,,,,,,,,,,,,
hbo:3742,"kerub, kerubim, kerub-kerub",,,,,,,,,,,,,
hbo:3743,"kerub, kerubim, kerub-kerub",,,,,,,,,,,,,
hbo:3744,pembaca proklamasi,,,,,,,,,,,,,
hbo:3745,proklamasi,,,,,,,,,,,,,
hbo:3746,garda,,,,,,,,,,,,,
hbo:3747,Kerit,,,,,,,,,,,,,
hbo:3748,cerai,,,,,,,,,,,,,
hbo:3749,rak,,,,,,,,,,,,,
hbo:3751,Karkeimis,,,,,,,,,,,,,
hbo:3752,Karkas,,,,,,,,,,,,,
hbo:3753,unta,,,,,,,,,,,,,
hbo:3754,"kebun anggur, kebun-kebun anggur",,,,,,,,,,,,,
hbo:3755,petani anggur,,,,,,,,,,,,,
hbo:3756,Karmi,,,,,,,,,,,,,
hbo:3758,merah krimson,,,,,,,,,,,,,
hbo:3759,"biji-bijian, ladang gandum",,,,,,,,,,,,,
hbo:3759a,"biji-bijian, ladang gandum",,,,,,,,,,,,,
hbo:3761,"Karmel, Gunung Karmel",,,,,,,,,,,,,
hbo:3763,Keran,,,,,,,,,,,,,
hbo:3764,takhta,,,,,,,,,,,,,
hbo:3765,mencabik,,,,,,,,,,,,,
hbo:3766,"berlutut, membungkuk, bersujud",berlutut,,,,,menyuruh berlutut,,,,,,,
hbo:3767,betis,,,,,,,,,,,,,
hbo:3768,kain,,,,,,,,,,,,,
hbo:3769,menari,,,,,,,,,,,,,
hbo:3770,perut,,,,,,,,,,,,,
hbo:3771,Karsena,,,,,,,,,,,,,
hbo:3772,perjanjian,memotong; membuat perjanjian,terputus; musnah,,dipotong; dihilangkan,,memotong; memusnahkan,terputus,,,,,,
hbo:3774,Orang Kreti,,,,,,,,,,,,,
hbo:3775,"domba, Anak domba Allah",,,,,,,,,,,,,
hbo:3776,domba betina,,,,,,,,,,,,,
hbo:3777,Kesed,,,,,,,,,,,,,
hbo:3778,"Kasdim, Orang Kasdim",,,,,,,,,,,,,
hbo:3780,kenyang,,,,,,,,,,,,,
hbo:3781,kapak,,,,,,,,,,,,,
hbo:3782,"tersandung, terantuk, terbentur, kesandung",tersandung; goyah,tersandung; tergoyah,,,,menyebabkan tersandung,terjatuh,,,,,,
hbo:3783,"tersandung, terantuk, terbentur, kesandung",,,,,,,,,,,,,
hbo:3784,"penyihir, ilmu sihir, ahli sihir",,,,,,,,,,,,,
hbo:3785,"penyihir, ilmu sihir, ahli sihir",,,,,,,,,,,,,
hbo:3786,tukang sihir,,,,,,,,,,,,,
hbo:3787,berhasil,layak; berhasil,,,,,memberikan kesuksesan,,,,,,,
hbo:3788,keterampilan,,,,,,,,,,,,,
hbo:3789,menulis,menulis,tertulis,menulis terus-menerus,,,,,,,,,,
hbo:3792,tulisan,,,,,,,,,,,,,
hbo:3793,tanda tato,,,,,,,,,,,,,
hbo:3794,Kitim,,,,,,,,,,,,,
hbo:3795,diperas,,,,,,,,,,,,,
hbo:3796,dinding,,,,,,,,,,,,,
hbo:3798,Kitlis,,,,,,,,,,,,,
hbo:3800,emas,,,,,,,,,,,,,
hbo:3801,"jubah, jubah-jubah",,,,,,,,,,,,,
hbo:3802,bahu,,,,,,,,,,,,,
hbo:3803a,mahkota,,,mengelilingi; menantikan,,,mengelilingi; memakai sebagai hiasan kepala,,,,,,,
hbo:3804,"mahkota, memahkotai, dimahkotai",,,,,,,,,,,,,
hbo:3805,mahkota,,,,,,,,,,,,,
hbo:3806,menumbuk,,,,,,,,,,,,,
hbo:3807,"menyebar, penyebaran",menghancurkan halus; menggiling,,menghancurkan berkeping-keping,dihancurkan berkeping-keping,,menyebarkan,dihancurkan berkeping-keping; tersebar,,,,,,
hbo:3808,bukan,,,,,,,,,,,,,
hbo:3811,,menjadi lelah,dibuatkan lelah; lelah,,,,membuat lelah,,,,,,,
hbo:3812,Lea,,,,,,,,,,,,,
hbo:3815,Lael,,,,,,,,,,,,,
hbo:3816,"bangsa, bangsa-bangsa",,,,,,,,,,,,,
hbo:3817,Leumim,,,,,,,,,,,,,
hbo:3818,bukan umat saya,,,,,,,,,,,,,
hbo:3819,tidak dikasihani,,,,,,,,,,,,,
hbo:3820,"pikiran, terpikir, penuh pemikiran, mengingat",,,,,,,,,,,,,
hbo:3822,Lebaot,,,,,,,,,,,,,
hbo:3823,,,dijadikan berakal,membuat jantung berdebar,,,,,,,,,,
hbo:3824,hati,,,,,,,,,,,,,
hbo:3826,hati,,,,,,,,,,,,,
hbo:3827,nyala api,,,,,,,,,,,,,
hbo:3828,kemenyan,,,,,,,,,,,,,
hbo:3829,Lebona,,,,,,,,,,,,,
hbo:3830,"jubah, jubah-jubah, berjubah",,,,,,,,,,,,,
hbo:3832,binasa,,,,,,,,,,,,,
hbo:3833,singa,,,,,,,,,,,,,
hbo:3833a,singa,,,,,,,,,,,,,
hbo:3835,,,,,,menunjukkan diri putih,memutihkan; menyucikan,,,,,,,
hbo:3835a,memutih,,,,,,,,,,,,,
hbo:3836,Laban,,,,,,,,,,,,,
hbo:3837,Laban,,,,,,,,,,,,,
hbo:3837a,Laban,,,,,,,,,,,,,
hbo:3838,bulan,,,,,,,,,,,,,
hbo:3839,pohon poplar,,,,,,,,,,,,,
hbo:3841,batu bata,,,,,,,,,,,,,
hbo:3842,bulan,,,,,,,,,,,,,
hbo:3843,bata,,,,,,,,,,,,,
hbo:3844,Libanon,,,,,,,,,,,,,
hbo:3845,Libni,,,,,,,,,,,,,
hbo:3847,mengenakan,mengenakan pakaian; berpakaian,,,berpakaian dengan,,mengenakan pakaian kepada,,,,,,,
hbo:3849,log,,,,,,,,,,,,,
hbo:3850,Lod,,,,,,,,,,,,,
hbo:3851,nyala api,,,,,,,,,,,,,
hbo:3852,lidah api,,,,,,,,,,,,,
hbo:3853,Lehabim,,,,,,,,,,,,,
hbo:3854,merenungkan,,,,,,,,,,,,,
hbo:3855,Lahad,,,,,,,,,,,,,
hbo:3856,merosot,,,,,,,,,,,,,
hbo:3856a,merosot,,,,,,,,,,,,,
hbo:3857,menyalakan,membakar; mengonsumsi,,memakan habis,,,,,,,,,,
hbo:3858,"sihir, tukang sihir",,,,,,,,,,,,,
hbo:3859,menelan,,,,,,,,,,,,,
hbo:3860,jadi,,,,,,,,,,,,,
hbo:3862,kelompok,,,,,,,,,,,,,
hbo:3863,jika,,,,,,,,,,,,,
hbo:3864,Libia,,,,,,,,,,,,,
hbo:3865,Lud,,,,,,,,,,,,,
hbo:3866,Ludim,,,,,,,,,,,,,
hbo:3867,bergabung,menemani,bergabung,,,,,,,,,,,
hbo:3867a,bergabung,meminjam,,,,,meminjamkan kepada,,,,,,,
hbo:3868,,berpaling; menyimpang,bengkok; menyimpang,,,,menyebabkan pergi,,,,,,,
hbo:3870,Luz,,,,,,,,,,,,,
hbo:3871,tablet,,,,,,,,,,,,,
hbo:3872,Luhit,,,,,,,,,,,,,
hbo:3873a,Halohesh,,,,,,,,,,,,,
hbo:3874,,membungkus,,,,,membungkus,,,,,,,
hbo:3876,Lot,,,,,,,,,,,,,
hbo:3877,Lotan,,,,,,,,,,,,,
hbo:3878,"Lewi, orang Lewi, orang-orang Lewi",,,,,,,,,,,,,
hbo:3880,mahkota,,,,,,,,,,,,,
hbo:3882,Lewiatan,,,,,,,,,,,,,
hbo:3883,tangga,,,,,,,,,,,,,
hbo:3884,jika tidak,,,,,,,,,,,,,
hbo:3885,"menipu, mendustakan, penipu, pendusta",,bersungut-sungut,,,,membuat bersungut,,,,,,,
hbo:3885a,"menipu, mendustakan, penipu, pendusta",menginap,,,,tinggal,,,,,,,,
hbo:3887b,"mengejek, diejek, ejekan, pengejek",memuji diri,,mengolok,,bertingkah melolok,mengolok,,,,,,,
hbo:3888,menguleni,,,,,,,,,,,,,
hbo:3890,dengan,,,,,,,,,,,,,
hbo:3891,"sesat, secara sesat",,,,,,,,,,,,,
hbo:3892,segar,,,,,,,,,,,,,
hbo:3893,kekuatan,,,,,,,,,,,,,
hbo:3894,usus,,,,,,,,,,,,,
hbo:3895,Lehi,,,,,,,,,,,,,
hbo:3896,Lehi,,,,,,,,,,,,,
hbo:3897,menjilat,,,,,,,,,,,,,
hbo:3898,berperang,,,,,,,,,,,,,
hbo:3898a,berperang,,,,,,,,,,,,,
hbo:3899,Roti,,,,,,,,,,,,,
hbo:3901,peperangan,,,,,,,,,,,,,
hbo:3902,Lahmi,,,,,,,,,,,,,
hbo:3903,Lahmam,,,,,,,,,,,,,
hbo:3904,selir,,,,,,,,,,,,,
hbo:3905,menekan,menekan,terjepit,,,,,,,,,,,
hbo:3906,"yang menderita, menimpa, menderita, penderitaan",,,,,,,,,,,,,
hbo:3907,,,,berbisik,,saling berbisik,,,,,,,,
hbo:3908,mantra,,,,,,,,,,,,,
hbo:3909,"sihir, tukang sihir",,,,,,,,,,,,,
hbo:3910,Mur,,,,,,,,,,,,,
hbo:3911,bunglon,,,,,,,,,,,,,
hbo:3912,Letusyim,,,,,,,,,,,,,
hbo:3913,menajamkan,menimba,,,ditimba,,,,,,,,,
hbo:3914,untaian,,,,,,,,,,,,,
hbo:3915,malam,,,,,,,,,,,,,
hbo:3915a,malam,,,,,,,,,,,,,
hbo:3917,lilith,,,,,,,,,,,,,
hbo:3918,Lais,,,,,,,,,,,,,
hbo:3919,Lais,,,,,,,,,,,,,
hbo:3919a,Lais,,,,,,,,,,,,,
hbo:3920,"merebut, direbut, penyitaan",menangkap,tertangkap,,,saling genggam,,,,,,,,
hbo:3921,"merebut, direbut, penyitaan",,,,,,,,,,,,,
hbo:3922,Lekah,,,,,,,,,,,,,
hbo:3923,Lakhis,,,,,,,,,,,,,
hbo:3924,gelang,,,,,,,,,,,,,
hbo:3925,"memberi petunjuk, petunjuk, pemberi petunjuk",belajar,,mengajar,diajar,,,,,,,,,
hbo:3926,untuk-nya,,,,,,,,,,,,,
hbo:3927,Lemuel,,,,,,,,,,,,,
hbo:3928,"memberi petunjuk, petunjuk, pemberi petunjuk",,,,,,,,,,,,,
hbo:3929,Lamekh,,,,,,,,,,,,,
hbo:3930,kerongkongan,,,,,,,,,,,,,
hbo:3931,mengolok,,,,,,,,,,,,,
hbo:3932,,mengejek,berbicara tertahan,,,,menghina,,,,,,,
hbo:3933,ejekan,,,,,,,,,,,,,
hbo:3934,"mengejek, diejek, ejekan, pengejek",,,,,,,,,,,,,
hbo:3935,Laadah,,,,,,,,,,,,,
hbo:3936,Ladan,,,,,,,,,,,,,
hbo:3937,"lidah, lidah-lidah",,,,,,,,,,,,,
hbo:3938,memberi-makan,,,,,,,,,,,,,
hbo:3939,apsintus,,,,,,,,,,,,,
hbo:3940,obor,,,,,,,,,,,,,
hbo:3941,Lapidot,,,,,,,,,,,,,
hbo:3943,memutar,menggengam,membungkuk,,,,,,,,,,,
hbo:3944,"mengejek, diejek, ejekan, pengejek",,,,,,,,,,,,,
hbo:3946,Lakkum,,,,,,,,,,,,,
hbo:3947,"menerima, diterima, penerima",mengambil,diambil,,dibawa,digoyangkan,,dibawa pergi,,,,,,
hbo:3948,"memberi petunjuk, petunjuk, pemberi petunjuk",,,,,,,,,,,,,
hbo:3949,Likhi,,,,,,,,,,,,,
hbo:3950,"memungut, memetik",mengumpulkan,,mengumpulkan,dikumpulkan,berkumpul,,,,,,,,
hbo:3951,glening,,,,,,,,,,,,,
hbo:3952,menjilat,menjilat,,menjilat,,,,,,,,,,
hbo:3954,panen-kedua,,,,,,,,,,,,,
hbo:3955,kelembutan,,,,,,,,,,,,,
hbo:3956,"lidah, lidah-lidah",,,,,,,,,,,,,
hbo:3957,ruang,,,,,,,,,,,,,
hbo:3958,batu permata biru,,,,,,,,,,,,,
hbo:3959,batu permata biru,,,,,,,,,,,,,
hbo:3961,lidah,,,,,,,,,,,,,
hbo:3962,Lasa,,,,,,,,,,,,,
hbo:3963,letek,,,,,,,,,,,,,
hbo:3965,lumbung,,,,,,,,,,,,,
hbo:3966,sangat,,,,,,,,,,,,,
hbo:3967,seratus,,,,,,,,,,,,,
hbo:3968,seratus,,,,,,,,,,,,,
hbo:3971a,cela,,,,,,,,,,,,,
hbo:3972,apapun,,,,,,,,,,,,,
hbo:3974,cahaya,,,,,,,,,,,,,
hbo:3975,lubang,,,,,,,,,,,,,
hbo:3976,timbangan,,,,,,,,,,,,,
hbo:3978,makanan,,,,,,,,,,,,,
hbo:3979,pisau,,,,,,,,,,,,,
hbo:3980,bahan bakar,,,,,,,,,,,,,
hbo:3981,kekuatan,,,,,,,,,,,,,
hbo:3984,bejana,,,,,,,,,,,,,
hbo:3985,menolak,,,,,,,,,,,,,
hbo:3988,"menolak, ditolak, penolakan",menolak,ditolak,,,,,,,,,,,
hbo:3988a,"menolak, ditolak, penolakan",,,,,,,,,,,,,
hbo:3989,panggang,,,,,,,,,,,,,
hbo:3990,kegelapan,,,,,,,,,,,,,
hbo:3991,kegelapan,,,,,,,,,,,,,
hbo:3992,jahat,,,,,,,,,,,,,
hbo:3993,penyergapan,,,,,,,,,,,,,
hbo:3994,"kutukan, terkutuk",,,,,,,,,,,,,
hbo:3995,tempat terpisah,,,,,,,,,,,,,
hbo:3996,pintu masuk,,,,,,,,,,,,,
hbo:3998,kebingungan,,,,,,,,,,,,,
hbo:3999,air bah,,,,,,,,,,,,,
hbo:4001,penindasan,,,,,,,,,,,,,
hbo:4002,mata air,,,,,,,,,,,,,
hbo:4003,"terpencil, perusakan",,,,,,,,,,,,,
hbo:4004,pilihan,,,,,,,,,,,,,
hbo:4005,"korban, dikorbankan, mengorbankan, persembahan",,,,,,,,,,,,,
hbo:4007,harapan,,,,,,,,,,,,,
hbo:4008,janji,,,,,,,,,,,,,
hbo:4009,"kepercayaan, dapat dipercaya, sifat dapat dipercaya",,,,,,,,,,,,,
hbo:4010,penghibur,,,,,,,,,,,,,
hbo:4011,bangunan,,,,,,,,,,,,,
hbo:4012,Mebunai,,,,,,,,,,,,,
hbo:4014,Mibzar,,,,,,,,,,,,,
hbo:4015,pelarian,,,,,,,,,,,,,
hbo:4017,Mibsam,,,,,,,,,,,,,
hbo:4019,Magbish,,,,,,,,,,,,,
hbo:4020,berpilin,,,,,,,,,,,,,
hbo:4021,penutup kepala,,,,,,,,,,,,,
hbo:4022,"buah, buah-buahan, berbuah, tidak berbuah",,,,,,,,,,,,,
hbo:4023,Megido,,,,,,,,,,,,,
hbo:4024,menara,,,,,,,,,,,,,
hbo:4024a,menara,,,,,,,,,,,,,
hbo:4025,Magdiel,,,,,,,,,,,,,
hbo:4026,"menara pengawas, menara",,,,,,,,,,,,,
hbo:4027,Migdal-El,,,,,,,,,,,,,
hbo:4028,Gad,,,,,,,,,,,,,
hbo:4029,Migdal-Eder,,,,,,,,,,,,,
hbo:4030,hadiah,,,,,,,,,,,,,
hbo:4031,Magog,,,,,,,,,,,,,
hbo:4033,"orang asing, asing, orang luar",,,,,,,,,,,,,
hbo:4035,gudang,,,,,,,,,,,,,
hbo:4037,"kapak, kapak-kapak",,,,,,,,,,,,,
hbo:4038,arit,,,,,,,,,,,,,
hbo:4040,"gulungan, gulungan-gulungan",,,,,,,,,,,,,
hbo:4042,"menolong, menyelamatkan, penolong, penyelamat",,,,,,,,,,,,,
hbo:4043,"perisai, berperisai",,,,,,,,,,,,,
hbo:4044,penutup,,,,,,,,,,,,,
hbo:4045,"menegur, teguran, ditegur",,,,,,,,,,,,,
hbo:4046,tulah,,,,,,,,,,,,,
hbo:4047,Magpiyas,,,,,,,,,,,,,
hbo:4048,,melempar,,melempari,,,,,,,,,,
hbo:4050,gergaji,,,,,,,,,,,,,
hbo:4051,Migron,,,,,,,,,,,,,
hbo:4053,penggaruk,,,,,,,,,,,,,
hbo:4054,padang gembalaan,,,,,,,,,,,,,
hbo:4055,pakaian,,,,,,,,,,,,,
hbo:4056,mezbah,,,,,,,,,,,,,
hbo:4057,"gurun, padang gurun",,,,,,,,,,,,,
hbo:4057a,"gurun, padang gurun",,,,,,,,,,,,,
hbo:4058,mengukur,mengukur,diukur,mengukur,,mengukur diri,,,,,,,,
hbo:4060,"cukai, pajak, kena pajak, perpajakan",,,,,,,,,,,,,
hbo:4060a,"cukai, pajak, kena pajak, perpajakan",,,,,,,,,,,,,
hbo:4062,kesombongan,,,,,,,,,,,,,
hbo:4063,pakaian,,,,,,,,,,,,,
hbo:4064,penyakit,,,,,,,,,,,,,
hbo:4068,Madon,,,,,,,,,,,,,
hbo:4069,mengapa,,,,,,,,,,,,,
hbo:4070,tempat tinggal,,,,,,,,,,,,,
hbo:4071,tumpukan,,,,,,,,,,,,,
hbo:4072,"masalah, kesulitan, bermasalah, pembuat masalah",,,,,,,,,,,,,
hbo:4073,dorongan,,,,,,,,,,,,,
hbo:4074,"Orang Media, Media",,,,,,,,,,,,,
hbo:4079,"Midian, Orang Midian",,,,,,,,,,,,,
hbo:4080,"Midian, Orang Midian",,,,,,,,,,,,,
hbo:4081,Middin,,,,,,,,,,,,,
hbo:4082,"provinsi, wilayah provinsi",,,,,,,,,,,,,
hbo:4084,"Midian, Orang Midian",,,,,,,,,,,,,
hbo:4085,lesung,,,,,,,,,,,,,
hbo:4086,Madmen,,,,,,,,,,,,,
hbo:4088,Madmena,,,,,,,,,,,,,
hbo:4089,Madmana,,,,,,,,,,,,,
hbo:4089a,Madmana,,,,,,,,,,,,,
hbo:4091,Medan,,,,,,,,,,,,,
hbo:4093,pengetahuan,,,,,,,,,,,,,
hbo:4094,luka tebasan,,,,,,,,,,,,,
hbo:4095,batu loncatan,,,,,,,,,,,,,
hbo:4096,tapakan,,,,,,,,,,,,,
hbo:4097,tafsir,,,,,,,,,,,,,
hbo:4098,diinjak,,,,,,,,,,,,,
hbo:4100,apa,,,,,,,,,,,,,
hbo:4102,tunda,,,,,,,,,,,,,
hbo:4103,kegaduhan,,,,,,,,,,,,,
hbo:4104,Mehuman,,,,,,,,,,,,,
hbo:4105,Mehetabel,,,,,,,,,,,,,
hbo:4106,cepat,,,,,,,,,,,,,
hbo:4107,encer,,,,,,,,,,,,,
hbo:4109,perjalanan,,,,,,,,,,,,,
hbo:4110,"memuji, memuji, dipuji, memuji",,,,,,,,,,,,,
hbo:4111,Mahalalel,,,,,,,,,,,,,
hbo:4114,kehancuran,,,,,,,,,,,,,
hbo:4115,saham,,,,,,,,,,,,,
hbo:4116,,,tergesa,mempercepat,,,,,,,,,,
hbo:4119,Mempelai perempuan,,,,,,,,,,,,,
hbo:4120,tergesa,,,,,,,,,,,,,
hbo:4121,Maharai,,,,,,,,,,,,,
hbo:4122,Maher-Shalal-Hash-Baz,,,,,,,,,,,,,
hbo:4124,"Moab, orang Moab, perempuan Moab",,,,,,,,,,,,,
hbo:4125,"Moab, orang Moab, perempuan Moab",,,,,,,,,,,,,
hbo:4126,pintu masuk,,,,,,,,,,,,,
hbo:4127,leleh,mencair,mencair,melumatkan,,mencair,,,,,,,,
hbo:4131,"gemetar, gemetaran, bergetar, berguncang",goyah,tergoyah,,,goyah,menggoyahkan,,,,,,,
hbo:4132,kuk,,,,,,,,,,,,,
hbo:4133,kuk,,,,,,,,,,,,,
hbo:4134,miskin,,,,,,,,,,,,,
hbo:4135,"menyunat, disunat, penyunatan, tidak disunat",menyunat,disunat,,,,,,,,,,,
hbo:4136,"menyunat, disunat, penyunatan, tidak disunat",,,,,,,,,,,,,
hbo:4137,Moladah,,,,,,,,,,,,,
hbo:4138,keluarga,,,,,,,,,,,,,
hbo:4139,"menyunat, disunat, penyunatan, tidak disunat",,,,,,,,,,,,,
hbo:4140,Molid,,,,,,,,,,,,,
hbo:4141,mengelilingi,,,,,,,,,,,,,
hbo:4143,fondasi,,,,,,,,,,,,,
hbo:4144,"mendirikan, didirikan, pendiri, dasar",,,,,,,,,,,,,
hbo:4145,penetapan,,,,,,,,,,,,,
hbo:4148,"memberi petunjuk, petunjuk, pemberi petunjuk",,,,,,,,,,,,,
hbo:4149,Moserah,,,,,,,,,,,,,
hbo:4149a,Moserah,,,,,,,,,,,,,
hbo:4150,pesta,,,,,,,,,,,,,
hbo:4152,"menunjuk, ditunjuk",,,,,,,,,,,,,
hbo:4153,Moadia,,,,,,,,,,,,,
hbo:4155,gelap,,,,,,,,,,,,,
hbo:4156,"nasihat, konselor, saran, penasihat",,,,,,,,,,,,,
hbo:4157,kesulitan,,,,,,,,,,,,,
hbo:4158a,Mefahat,,,,,,,,,,,,,
hbo:4159,"mujizat, keajaiban, tanda",,,,,,,,,,,,,
hbo:4161,"sumber air, mata air",,,,,,,,,,,,,
hbo:4163,asal,,,,,,,,,,,,,
hbo:4164,tuangan,,,,,,,,,,,,,
hbo:4165,tuangan,,,,,,,,,,,,,
hbo:4167,"mengejek, diejek, ejekan, pengejek",,,,,,,,,,,,,
hbo:4168,api,,,,,,,,,,,,,
hbo:4169,perapian,,,,,,,,,,,,,
hbo:4170,"jerat, menjerat, menjebak, jebakan",,,,,,,,,,,,,
hbo:4171,berubah,,berubah,,,,menukar,,,,,,,
hbo:4172,"takut, kuatir, ketakutan",,,,,,,,,,,,,
hbo:4173,"mengirik, pengirikan",,,,,,,,,,,,,
hbo:4174,turunan,,,,,,,,,,,,,
hbo:4176,Moré,,,,,,,,,,,,,
hbo:4177,cukur,,,,,,,,,,,,,
hbo:4179,Moria,,,,,,,,,,,,,
hbo:4180,"dimiliki, dimiliki, dimiliki, dimiliki",,,,,,,,,,,,,
hbo:4180a,"dimiliki, dimiliki, dimiliki, dimiliki",,,,,,,,,,,,,
hbo:4181,"dimiliki, dimiliki, dimiliki, dimiliki",,,,,,,,,,,,,
hbo:4182,Moreyet-gat,,,,,,,,,,,,,
hbo:4183,Moreytit,,,,,,,,,,,,,
hbo:4185,tinggalkan,menarik diri,,,,,menarik,,,,,,,
hbo:4186,tempat duduk,,,,,,,,,,,,,
hbo:4187,Musi,,,,,,,,,,,,,
hbo:4188,Musi,,,,,,,,,,,,,
hbo:4191,"membunuh, terbunuh",mati,,membunuh,,,membunuh,dibunuh,,,,,,
hbo:4194,kematian,,,,,,,,,,,,,
hbo:4195,"keuntungan, keuntungan, menguntungkan, tidak menguntungkan",,,,,,,,,,,,,
hbo:4196,mezbah,,,,,,,,,,,,,
hbo:4197,"anggur, alat pemeras anggur, penekan anggur, kantung anggur",,,,,,,,,,,,,
hbo:4198,"limbah, terbuang, menyia-nyiakan, tanah pembuangan",,,,,,,,,,,,,
hbo:4199,Miza,,,,,,,,,,,,,
hbo:4200,"biji-bijian, ladang gandum",,,,,,,,,,,,,
hbo:4201,tiang pintu,,,,,,,,,,,,,
hbo:4202,makanan,,,,,,,,,,,,,
hbo:4206,"melilitkan, diikat",,,,,,,,,,,,,
hbo:4207,garpu,,,,,,,,,,,,,
hbo:4209,"jahat, fasik, kefasikkan",,,,,,,,,,,,,
hbo:4210,mazmur,,,,,,,,,,,,,
hbo:4211,cangkul,,,,,,,,,,,,,
hbo:4213,sangat kecil,,,,,,,,,,,,,
hbo:4214,tempat ayakan,,,,,,,,,,,,,
hbo:4217,timur,,,,,,,,,,,,,
hbo:4218,benih,,,,,,,,,,,,,
hbo:4219,mangkuk,,,,,,,,,,,,,
hbo:4220,lemak,,,,,,,,,,,,,
hbo:4221,sumsum,,,,,,,,,,,,,
hbo:4224,persembunyian,,,,,,,,,,,,,
hbo:4225,sambungan,,,,,,,,,,,,,
hbo:4227,penggorengan,,,,,,,,,,,,,
hbo:4228,ikat pinggang,,,,,,,,,,,,,
hbo:4229,"menghapuskan, musnah, memusnahkan",menghapus,dihapus,,,,terhapus,,,,,,,
hbo:4229a,"menghapuskan, musnah, memusnahkan",,,,,,,,,,,,,
hbo:4229b,"menghapuskan, musnah, memusnahkan",,,,,,,,,,,,,
hbo:4230,jangka,,,,,,,,,,,,,
hbo:4231,pelabuhan,,,,,,,,,,,,,
hbo:4232,Mehujael,,,,,,,,,,,,,
hbo:4233,Mahawit,,,,,,,,,,,,,
hbo:4236,"penglihatan, visi, membayangkan",,,,,,,,,,,,,
hbo:4237,jendela,,,,,,,,,,,,,
hbo:4238,Mahazioth,,,,,,,,,,,,,
hbo:4239,pukulan,,,,,,,,,,,,,
hbo:4240,Mehida,,,,,,,,,,,,,
hbo:4241,nafkah,,,,,,,,,,,,,
hbo:4242,harga,,,,,,,,,,,,,
hbo:4244,Mahlah,,,,,,,,,,,,,
hbo:4245,penyakit,,,,,,,,,,,,,
hbo:4245a,penyakit,,,,,,,,,,,,,
hbo:4246,tarian,,,,,,,,,,,,,
hbo:4247,lubang,,,,,,,,,,,,,
hbo:4248,Mahlon,,,,,,,,,,,,,
hbo:4249,Mahli,,,,,,,,,,,,,
hbo:4250,Mahli,,,,,,,,,,,,,
hbo:4252,pisau,,,,,,,,,,,,,
hbo:4253,jambul,,,,,,,,,,,,,
hbo:4255,divisi,,,,,,,,,,,,,
hbo:4256,divisi,,,,,,,,,,,,,
hbo:4258,mahalat,,,,,,,,,,,,,
hbo:4259,Meholatit,,,,,,,,,,,,,
hbo:4261,"kesenangan, kesukaan, gembira",,,,,,,,,,,,,
hbo:4263,belas kasihan,,,,,,,,,,,,,
hbo:4264,perkemahan,,,,,,,,,,,,,
hbo:4266,Mahanaim,,,,,,,,,,,,,
hbo:4267,pencekikan,,,,,,,,,,,,,
hbo:4268,"tempat perlindungan, pengungsi, tempat bernaung, tempat-tempat berlindung",,,,,,,,,,,,,
hbo:4269,kekang,,,,,,,,,,,,,
hbo:4270,kekurangan,,,,,,,,,,,,,
hbo:4271,Mahseya,,,,,,,,,,,,,
hbo:4272,menghancurkan,,,,,,,,,,,,,
hbo:4273,luka,,,,,,,,,,,,,
hbo:4274,batu pahat,,,,,,,,,,,,,
hbo:4275,bagian,,,,,,,,,,,,,
hbo:4276,separuh,,,,,,,,,,,,,
hbo:4277,menghancurkan,,,,,,,,,,,,,
hbo:4278,tempat,,,,,,,,,,,,,
hbo:4279,besok,,,,,,,,,,,,,
hbo:4281,"bajak, dibajak, pembajak tanah, mata bajak",,,,,,,,,,,,,
hbo:4283,"hari, hari-hari",,,,,,,,,,,,,
hbo:4284,pikiran,,,,,,,,,,,,,
hbo:4285,kegelapan,,,,,,,,,,,,,
hbo:4286,terbuka,,,,,,,,,,,,,
hbo:4287,Mahat,,,,,,,,,,,,,
hbo:4288,"meruntuhkan, reruntuhan, runtuh",,,,,,,,,,,,,
hbo:4289,perapian,,,,,,,,,,,,,
hbo:4290,terobosan,,,,,,,,,,,,,
hbo:4291,sampai,,,,,,,,,,,,,
hbo:4292,sapu,,,,,,,,,,,,,
hbo:4293,pembantaian,,,,,,,,,,,,,
hbo:4294,"suku, suku-suku, kesukuan, anggota suku",,,,,,,,,,,,,
hbo:4295,bawah,,,,,,,,,,,,,
hbo:4296,tempat tidur,,,,,,,,,,,,,
hbo:4297,keputusan,,,,,,,,,,,,,
hbo:4298,terbentang,,,,,,,,,,,,,
hbo:4299,benang,,,,,,,,,,,,,
hbo:4300,batang,,,,,,,,,,,,,
hbo:4301,harta,,,,,,,,,,,,,
hbo:4302,kebun,,,,,,,,,,,,,
hbo:4303,hidangan,,,,,,,,,,,,,
hbo:4304,kain,,,,,,,,,,,,,
hbo:4305,hujan,,diguyur hujan,,,,menurunkan hujan,,,,,,,
hbo:4306,hujan,,,,,,,,,,,,,
hbo:4308,Matred,,,,,,,,,,,,,
hbo:4309,Matrit,,,,,,,,,,,,,
hbo:4310,siapa,,,,,,,,,,,,,
hbo:4311,Medeba,,,,,,,,,,,,,
hbo:4312,Medad,,,,,,,,,,,,,
hbo:4313,Me-Yarkon,,,,,,,,,,,,,
hbo:4314,Me-Zahab,,,,,,,,,,,,,
hbo:4315,"baik, kebaikan",,,,,,,,,,,,,
hbo:4316,Mika,,,,,,,,,,,,,
hbo:4317,Mikhael,,,,,,,,,,,,,
hbo:4318,Mikha,,,,,,,,,,,,,
hbo:4320,Mikaya,,,,,,,,,,,,,
hbo:4321,Mikaya,,,,,,,,,,,,,
hbo:4322,Mikaya,,,,,,,,,,,,,
hbo:4324,siapa,,,,,,,,,,,,,
hbo:4325,air,,,,,,,,,,,,,
hbo:4326,Miamin,,,,,,,,,,,,,
hbo:4327,jenis,,,,,,,,,,,,,
hbo:4330,peras,,,,,,,,,,,,,
hbo:4331,Mesha,,,,,,,,,,,,,
hbo:4332,Misael,,,,,,,,,,,,,
hbo:4334,"benar, adil, tidak benar, tidak benar",,,,,,,,,,,,,
hbo:4335,Mesakh,,,,,,,,,,,,,
hbo:4337,Mesha,,,,,,,,,,,,,
hbo:4338,Mesha,,,,,,,,,,,,,
hbo:4340,tali,,,,,,,,,,,,,
hbo:4344,Makhbanai,,,,,,,,,,,,,
hbo:4345,perata,,,,,,,,,,,,,
hbo:4347,tulah,,,,,,,,,,,,,
hbo:4348,luka bakar,,,,,,,,,,,,,
hbo:4349,"mendirikan, didirikan, pendiri, dasar",,,,,,,,,,,,,
hbo:4350,"mendirikan, didirikan, pendiri, dasar",,,,,,,,,,,,,
hbo:4351,asal usul,,,,,,,,,,,,,
hbo:4352,Mahi,,,,,,,,,,,,,
hbo:4353,Makhir,,,,,,,,,,,,,
hbo:4354,Makhiri,,,,,,,,,,,,,
hbo:4355,merosot,rendah,merendah,,,,,direndahkan,,,,,,
hbo:4358,perhiasan,,,,,,,,,,,,,
hbo:4359,sempurna,,,,,,,,,,,,,
hbo:4361,makanan,,,,,,,,,,,,,
hbo:4363,Mikhmas,,,,,,,,,,,,,
hbo:4364,jerat,,,,,,,,,,,,,
hbo:4365,jerat,,,,,,,,,,,,,
hbo:4366,Mikhmetat,,,,,,,,,,,,,
hbo:4367,Makhnadebai,,,,,,,,,,,,,
hbo:4368,Mekhona,,,,,,,,,,,,,
hbo:4370,celana,,,,,,,,,,,,,
hbo:4371,pajak,,,,,,,,,,,,,
hbo:4372,penutup,,,,,,,,,,,,,
hbo:4373,jumlah,,,,,,,,,,,,,
hbo:4374,lemak,,,,,,,,,,,,,
hbo:4375,Makhpela,,,,,,,,,,,,,
hbo:4376,menjual,menjual,dijual,,,menjual diri (kepada),,,,,,,,
hbo:4377,dagangan,,,,,,,,,,,,,
hbo:4378,kenalan,,,,,,,,,,,,,
hbo:4379,"lubang, jebakan",,,,,,,,,,,,,
hbo:4380,"pedang, pedang-pedang, ahli pedang",,,,,,,,,,,,,
hbo:4381,Mikhri,,,,,,,,,,,,,
hbo:4382,Mekherat,,,,,,,,,,,,,
hbo:4383,"tersandung, terantuk, terbentur, kesandung",,,,,,,,,,,,,
hbo:4384,"tersandung, terantuk, terbentur, kesandung",,,,,,,,,,,,,
hbo:4385,tulisan,,,,,,,,,,,,,
hbo:4386,pecahan,,,,,,,,,,,,,
hbo:4387,Miktam,,,,,,,,,,,,,
hbo:4388,mortar,,,,,,,,,,,,,
hbo:4390,menggenapi,penuh,terisi,mengisi,diisi,berkumpul melawan,,,,,,,,
hbo:4393,kepenuhan,,,,,,,,,,,,,
hbo:4394,menguduskan,,,,,,,,,,,,,
hbo:4395,"panen, dipanen, mesin penunai, pemanen",,,,,,,,,,,,,
hbo:4396,pengaturan,,,,,,,,,,,,,
hbo:4397,pembawa pesan,,,,,,,,,,,,,
hbo:4399,"kerja, pekerjaan, pekerja",,,,,,,,,,,,,
hbo:4400,pesan,,,,,,,,,,,,,
hbo:4401,Maleakhi,,,,,,,,,,,,,
hbo:4402,pengaturan,,,,,,,,,,,,,
hbo:4403,pakaian,,,,,,,,,,,,,
hbo:4404,"cetakan, cetakan, mencetak, pencetak",,,,,,,,,,,,,
hbo:4405,kata,,,,,,,,,,,,,
hbo:4407,"rumah, atap rumah, gudang, penjaga rumah",,,,,,,,,,,,,
hbo:4408,malva,,,,,,,,,,,,,
hbo:4409,Maluk,,,,,,,,,,,,,
hbo:4410,kerajaan,,,,,,,,,,,,,
hbo:4411,tempat menginap,,,,,,,,,,,,,
hbo:4412,pondok,,,,,,,,,,,,,
hbo:4413,Maloti,,,,,,,,,,,,,
hbo:4417,"Laut Asin, Laut Mati",,,,,,,,,,,,,
hbo:4418,"Laut Asin, Laut Mati",,,,,,,,,,,,,
hbo:4419,pelaut,,,,,,,,,,,,,
hbo:4420,tandus,,,,,,,,,,,,,
hbo:4421,"tentara, pejuang, prajurit",,,,,,,,,,,,,
hbo:4422,"selamat, menyelamatkan, diselamatkan, keselamatan.",,lolos,menyelamatkan,,terlepas,membebaskan,,,,,,,
hbo:4423,mortir,,,,,,,,,,,,,
hbo:4424,Melatia,,,,,,,,,,,,,
hbo:4425,gandum,,,,,,,,,,,,,
hbo:4426,"perumpamaan, perumpamaan-perumpamaan",,,,,,,,,,,,,
hbo:4427,,memerintah,,,,,menjadikan raja,dijadikan raja,,,,,,
hbo:4428,"raja, kerajaan",,,,,,,,,,,,,
hbo:4429,"raja, kerajaan",,,,,,,,,,,,,
hbo:4432,"Molekh, Molokh",,,,,,,,,,,,,
hbo:4434,"jerat, menjerat, menjebak, jebakan",,,,,,,,,,,,,
hbo:4435,Milka,,,,,,,,,,,,,
hbo:4436,"ratu, ratu-ratu",,,,,,,,,,,,,
hbo:4437,"bertahta, memerintah",,,,,,,,,,,,,
hbo:4438,kerajaan,,,,,,,,,,,,,
hbo:4439,Malkiel,,,,,,,,,,,,,
hbo:4440,Malkielit,,,,,,,,,,,,,
hbo:4441,Malkija,,,,,,,,,,,,,
hbo:4442,Melkisedek,,,,,,,,,,,,,
hbo:4443,Malkiaram,,,,,,,,,,,,,
hbo:4445a,"raja, kerajaan",,,,,,,,,,,,,
hbo:4446,ratu langit,,,,,,,,,,,,,
hbo:4447,Hamoleket,,,,,,,,,,,,,
hbo:4448,mengucapkan,membuat tanda,,mengucapkan,,,,,,,,,,
hbo:4450,Milalai,,,,,,,,,,,,,
hbo:4451,goad,,,,,,,,,,,,,
hbo:4452,manis,,,,,,,,,,,,,
hbo:4453,pengawas,,,,,,,,,,,,,
hbo:4454,mencabut,,,,,,,,,,,,,
hbo:4455,rampasan,,,,,,,,,,,,,
hbo:4456,hujan musim semi,,,,,,,,,,,,,
hbo:4458,pakaian,,,,,,,,,,,,,
hbo:4460,lumbung,,,,,,,,,,,,,
hbo:4461,ukuran,,,,,,,,,,,,,
hbo:4462,Memucan,,,,,,,,,,,,,
hbo:4464,anak haram,,,,,,,,,,,,,
hbo:4465,penjualan,,,,,,,,,,,,,
hbo:4466,penjualan,,,,,,,,,,,,,
hbo:4467,kerajaan,,,,,,,,,,,,,
hbo:4468,kerajaan,,,,,,,,,,,,,
hbo:4469,"anggur, alat pemeras anggur, penekan anggur, kantung anggur",,,,,,,,,,,,,
hbo:4470,kepahitan,,,,,,,,,,,,,
hbo:4471,Mamre,,,,,,,,,,,,,
hbo:4471a,Mamre,,,,,,,,,,,,,
hbo:4473,kerub,,,,,,,,,,,,,
hbo:4474,pemerintahan,,,,,,,,,,,,,
hbo:4475,kekuasaan,,,,,,,,,,,,,
hbo:4476,"dimiliki, dimiliki, dimiliki, dimiliki",,,,,,,,,,,,,
hbo:4478,manna,,,,,,,,,,,,,
hbo:4478a,manna,,,,,,,,,,,,,
hbo:4480,dari,,,,,,,,,,,,,
hbo:4482,tali,,,,,,,,,,,,,
hbo:4482a,tali,,,,,,,,,,,,,
hbo:4484,mina,,,,,,,,,,,,,
hbo:4485,"mengejek, diejek, ejekan, pengejek",,,,,,,,,,,,,
hbo:4486,pengetahuan,,,,,,,,,,,,,
hbo:4487,"menunjuk, ditunjuk",menghitung,terhitung,mengangkat,diangkat,,,,,,,,,
hbo:4488,mina,,,,,,,,,,,,,
hbo:4489,kali,,,,,,,,,,,,,
hbo:4490,"menunjuk, ditunjuk",,,,,,,,,,,,,
hbo:4491,kendaraan,,,,,,,,,,,,,
hbo:4492,gua,,,,,,,,,,,,,
hbo:4493,"gemetar, gemetaran, bergetar, berguncang",,,,,,,,,,,,,
hbo:4494,istirahat,,,,,,,,,,,,,
hbo:4495,Manoah,,,,,,,,,,,,,
hbo:4496,istirahat,,,,,,,,,,,,,
hbo:4497,keturunan,,,,,,,,,,,,,
hbo:4498,"tempat perlindungan, pengungsi, tempat bernaung, tempat-tempat berlindung",,,,,,,,,,,,,
hbo:4499,pelarian,,,,,,,,,,,,,
hbo:4500,tongkat,,,,,,,,,,,,,
hbo:4501,kaki dian,,,,,,,,,,,,,
hbo:4503,"korban sajian, persembahan biji-bijan",,,,,,,,,,,,,
hbo:4505,Menahem,,,,,,,,,,,,,
hbo:4506,Manahath,,,,,,,,,,,,,
hbo:4506a,Manahath,,,,,,,,,,,,,
hbo:4507,Takdir,,,,,,,,,,,,,
hbo:4508,Minni,,,,,,,,,,,,,
hbo:4509,Miniamin,,,,,,,,,,,,,
hbo:4510,bilangan,,,,,,,,,,,,,
hbo:4511,Minit,,,,,,,,,,,,,
hbo:4513,menahan,menahan,ditahan,,,,,,,,,,,
hbo:4514,kunci,,,,,,,,,,,,,
hbo:4515,"gerbang, palang gerbang, penjaga gerbang, pintu gerbang",,,,,,,,,,,,,
hbo:4518,mangkuk,,,,,,,,,,,,,
hbo:4519,Manasye,,,,,,,,,,,,,
hbo:4520,Manasye,,,,,,,,,,,,,
hbo:4521,bagian,,,,,,,,,,,,,
hbo:4522,"kerja, pekerjaan, pekerja",,,,,,,,,,,,,
hbo:4523,putus asa,,,,,,,,,,,,,
hbo:4524,sekeliling,,,,,,,,,,,,,
hbo:4525,pengrajin,,,,,,,,,,,,,
hbo:4525a,pengrajin,,,,,,,,,,,,,
hbo:4526,"kubu, benteng, dibentengi, pertahanan",,,,,,,,,,,,,
hbo:4527,"mendirikan, didirikan, pendiri, dasar",,,,,,,,,,,,,
hbo:4528,pintu masuk,,,,,,,,,,,,,
hbo:4529,"mengonsumsi, memakan, melahap, memakan habis",,,,,,,,,,,,,
hbo:4530,upeti,,,,,,,,,,,,,
hbo:4532,Masa,,,,,,,,,,,,,
hbo:4533,"kerudung, kerudung, kerudung, terbuka",,,,,,,,,,,,,
hbo:4534,pagar,,,,,,,,,,,,,
hbo:4535,perlindungan,,,,,,,,,,,,,
hbo:4536,perdagangan,,,,,,,,,,,,,
hbo:4538,minuman keras,,,,,,,,,,,,,
hbo:4539,tirai,,,,,,,,,,,,,
hbo:4541,"patung, patung pahatan, patung ukiran, patung logam tuangan",,,,,,,,,,,,,
hbo:4541a,"patung, patung pahatan, patung ukiran, patung logam tuangan",,,,,,,,,,,,,
hbo:4542,miskin,,,,,,,,,,,,,
hbo:4543,gudang,,,,,,,,,,,,,
hbo:4544,kemiskinan,,,,,,,,,,,,,
hbo:4545,anyaman,,,,,,,,,,,,,
hbo:4546,jalan,,,,,,,,,,,,,
hbo:4547,jalan,,,,,,,,,,,,,
hbo:4548,paku,,,,,,,,,,,,,
hbo:4549,mencair,gentar,mencair,,,,mencairkan,,,,,,,
hbo:4550,perjalanan,,,,,,,,,,,,,
hbo:4551a,tambang,,,,,,,,,,,,,
hbo:4552,penopang,,,,,,,,,,,,,
hbo:4553,"meratapi, ratapan",,,,,,,,,,,,,
hbo:4554,pakan,,,,,,,,,,,,,
hbo:4556,kudis,,,,,,,,,,,,,
hbo:4557,"kabar, kabar-kabar, terkabar",,,,,,,,,,,,,
hbo:4559,Mispereth,,,,,,,,,,,,,
hbo:4560,menyerahkan,menyerahkan,diserahkan,,,,,,,,,,,
hbo:4562,ikatan,,,,,,,,,,,,,
hbo:4563,tempat berlindung,,,,,,,,,,,,,
hbo:4564,penyembunyian,,,,,,,,,,,,,
hbo:4565,tempat tersembunyi,,,,,,,,,,,,,
hbo:4568,ketebalan,,,,,,,,,,,,,
hbo:4569,jembatan,,,,,,,,,,,,,
hbo:4569a,jembatan,,,,,,,,,,,,,
hbo:4570,jejak,,,,,,,,,,,,,
hbo:4570a,jejak,,,,,,,,,,,,,
hbo:4571,"gemetar, gemetaran, bergetar, berguncang",goyah,,,,,menggoyahkan,,,,,,,
hbo:4572,Maadai,,,,,,,,,,,,,
hbo:4573,Maadiah,,,,,,,,,,,,,
hbo:4574,"memperbudak, dalam belenggu",,,,,,,,,,,,,
hbo:4576,cangkul,,,,,,,,,,,,,
hbo:4580,Roti,,,,,,,,,,,,,
hbo:4581,"tempat perlindungan, pengungsi, tempat bernaung, tempat-tempat berlindung",,,,,,,,,,,,,
hbo:4582,Maokh,,,,,,,,,,,,,
hbo:4583,tempat tinggal,,,,,,,,,,,,,
hbo:4584a,Maon,,,,,,,,,,,,,
hbo:4585,"tempat perlindungan, pengungsi, tempat bernaung, tempat-tempat berlindung",,,,,,,,,,,,,
hbo:4586,Meuni,,,,,,,,,,,,,
hbo:4587,Meonotai,,,,,,,,,,,,,
hbo:4588,kegelapan,,,,,,,,,,,,,
hbo:4589,ketelanjanagan,,,,,,,,,,,,,
hbo:4590,Maaziah,,,,,,,,,,,,,
hbo:4591,"berlipat ganda, berkembang biak, pelipatgandaan",sedikit,,mengurangi,,,memperkecil,,,,,,,
hbo:4592,"benih, semen",,,,,,,,,,,,,
hbo:4594,jubah,,,,,,,,,,,,,
hbo:4596,tumpukan,,,,,,,,,,,,,
hbo:4597,Maai,,,,,,,,,,,,,
hbo:4598,"jubah, jubah-jubah, berjubah",,,,,,,,,,,,,
hbo:4599,"sumber air, mata air",,,,,,,,,,,,,
hbo:4600,memar,meremas,,,diremas,,,,,,,,,
hbo:4601,Maakha,,,,,,,,,,,,,
hbo:4601a,Maakha,,,,,,,,,,,,,
hbo:4602,Maakha,,,,,,,,,,,,,
hbo:4604,atas,,,,,,,,,,,,,
hbo:4605,atas,,,,,,,,,,,,,
hbo:4607,mengangkat,,,,,,,,,,,,,
hbo:4608,Bukit Zaitun,,,,,,,,,,,,,
hbo:4609,nyanyian,,,,,,,,,,,,,
hbo:4611,perbuatan,,,,,,,,,,,,,
hbo:4612,jabatan,,,,,,,,,,,,,
hbo:4614,beban,,,,,,,,,,,,,
hbo:4616,supaya,,,,,,,,,,,,,
hbo:4617,jawaban,,,,,,,,,,,,,
hbo:4617a,jawaban,,,,,,,,,,,,,
hbo:4618,alur,,,,,,,,,,,,,
hbo:4619,Maaz,,,,,,,,,,,,,
hbo:4620,penderitaan,,,,,,,,,,,,,
hbo:4621,kapak,,,,,,,,,,,,,
hbo:4622,penahan,,,,,,,,,,,,,
hbo:4624,dinding,,,,,,,,,,,,,
hbo:4626,telanjang,,,,,,,,,,,,,
hbo:4628,barat,,,,,,,,,,,,,
hbo:4629,Maarah,,,,,,,,,,,,,
hbo:4631,gua,,,,,,,,,,,,,
hbo:4633,rencana,,,,,,,,,,,,,
hbo:4634,baris,,,,,,,,,,,,,
hbo:4635,susunan,,,,,,,,,,,,,
hbo:4637,teror,,,,,,,,,,,,,
hbo:4638,Maarah,,,,,,,,,,,,,
hbo:4639,"kerja, pekerjaan, pekerja",,,,,,,,,,,,,
hbo:4640,Maaseya,,,,,,,,,,,,,
hbo:4641,Maaseya,,,,,,,,,,,,,
hbo:4643,"sepersepuluh, persepuluhan, berzakat, perpuluhan",,,,,,,,,,,,,
hbo:4644,Memfis,,,,,,,,,,,,,
hbo:4645,sasaran,,,,,,,,,,,,,
hbo:4646,napas,,,,,,,,,,,,,
hbo:4647,blower,,,,,,,,,,,,,
hbo:4648,Mefibosyet,,,,,,,,,,,,,
hbo:4649,Mupim,,,,,,,,,,,,,
hbo:4650,gada,,,,,,,,,,,,,
hbo:4651,sisa,,,,,,,,,,,,,
hbo:4653,divisi,,,,,,,,,,,,,
hbo:4654,reruntuhan,,,,,,,,,,,,,
hbo:4655,jalan lari,,,,,,,,,,,,,
hbo:4656,"kengerian, mengerikan, ngeri",,,,,,,,,,,,,
hbo:4657,goyangan,,,,,,,,,,,,,
hbo:4658,bangkai,,,,,,,,,,,,,
hbo:4659a,"kerja, pekerjaan, pekerja",,,,,,,,,,,,,
hbo:4660,kehancuran,,,,,,,,,,,,,
hbo:4661,gada,,,,,,,,,,,,,
hbo:4662,gerbang muster,,,,,,,,,,,,,
hbo:4664,muara,,,,,,,,,,,,,
hbo:4665,leher,,,,,,,,,,,,,
hbo:4666,layar,,,,,,,,,,,,,
hbo:4667,pinggul,,,,,,,,,,,,,
hbo:4668,kunci,,,,,,,,,,,,,
hbo:4669,pintu,,,,,,,,,,,,,
hbo:4670,ambang pintu,,,,,,,,,,,,,
hbo:4671,Sekam,,,,,,,,,,,,,
hbo:4672,menemukan,menemukan,ditemukan,,,,mempersembahkan,,,,,,,
hbo:4673,pos,,,,,,,,,,,,,
hbo:4674,benteng,,,,,,,,,,,,,
hbo:4675,pengawal,,,,,,,,,,,,,
hbo:4676,"kolom, kolom-kolom, pilar, pilar-pilar",,,,,,,,,,,,,
hbo:4677,Mezobaite,,,,,,,,,,,,,
hbo:4678,"kolom, kolom-kolom, pilar, pilar-pilar",,,,,,,,,,,,,
hbo:4679,"kubu, benteng, dibentengi, pertahanan",,,,,,,,,,,,,
hbo:4680,memeras,menguras,terkuras,,,,,,,,,,,
hbo:4681,Moza,,,,,,,,,,,,,
hbo:4682,roti yang tidak khamir,,,,,,,,,,,,,
hbo:4683,roti yang tidak khamir,,,,,,,,,,,,,
hbo:4687,"ketetapan, undang-undang",,,,,,,,,,,,,
hbo:4688,kedalaman,,,,,,,,,,,,,
hbo:4689,"yang menderita, menimpa, menderita, penderitaan",,,,,,,,,,,,,
hbo:4690,"kolom, kolom-kolom, pilar, pilar-pilar",,,,,,,,,,,,,
hbo:4691,kesengsaraan,,,,,,,,,,,,,
hbo:4692,"kepungan, mengepung, terkepung, pengepung",,,,,,,,,,,,,
hbo:4694,benteng,,,,,,,,,,,,,
hbo:4696,dahi,,,,,,,,,,,,,
hbo:4697,gelang kaki,,,,,,,,,,,,,
hbo:4698,lonceng,,,,,,,,,,,,,
hbo:4701,serban,,,,,,,,,,,,,
hbo:4702,tempat tidur,,,,,,,,,,,,,
hbo:4703,langkah,,,,,,,,,,,,,
hbo:4705,kecil,,,,,,,,,,,,,
hbo:4708,Mizpa,,,,,,,,,,,,,
hbo:4709,Mizpa,,,,,,,,,,,,,
hbo:4711,menghisap,,,,,,,,,,,,,
hbo:4712,kesedihan,,,,,,,,,,,,,
hbo:4713,"Mesir, orang Mesir, bangsa Mesir",,,,,,,,,,,,,
hbo:4714,"Mesir, orang Mesir, bangsa Mesir",,,,,,,,,,,,,
hbo:4715,periuk,,,,,,,,,,,,,
hbo:4716,busuk,,,,,,,,,,,,,
hbo:4717,palu,,,,,,,,,,,,,
hbo:4718,palu,,,,,,,,,,,,,
hbo:4719,Makeda,,,,,,,,,,,,,
hbo:4720,tempat suci,,,,,,,,,,,,,
hbo:4721,"majelis, pertemuan, berkumpul, telah berkumpul",,,,,,,,,,,,,
hbo:4722,Makhelot,,,,,,,,,,,,,
hbo:4723,harapan,,,,,,,,,,,,,
hbo:4723a,harapan,,,,,,,,,,,,,
hbo:4724,cekungan,,,,,,,,,,,,,
hbo:4725,"tempat kudus, tempat maha kudus",,,,,,,,,,,,,
hbo:4726,"sumber air, mata air",,,,,,,,,,,,,
hbo:4727,suapan,,,,,,,,,,,,,
hbo:4729,asap,,,,,,,,,,,,,
hbo:4730,penadah dupa,,,,,,,,,,,,,
hbo:4731,tongkat,,,,,,,,,,,,,
hbo:4732,Miklot,,,,,,,,,,,,,
hbo:4733,"tempat perlindungan, pengungsi, tempat bernaung, tempat-tempat berlindung",,,,,,,,,,,,,
hbo:4734,ukiran,,,,,,,,,,,,,
hbo:4735,ternak,,,,,,,,,,,,,
hbo:4736,pembelian,,,,,,,,,,,,,
hbo:4737,Mikneia,,,,,,,,,,,,,
hbo:4738,ramalan,,,,,,,,,,,,,
hbo:4739,Makaz,,,,,,,,,,,,,
hbo:4740,sudut,,,,,,,,,,,,,
hbo:4741,bidang,,,,,,,,,,,,,
hbo:4743,busuk,,,,,,,,,,,,,
hbo:4744,"majelis, pertemuan, berkumpul, telah berkumpul",,,,,,,,,,,,,
hbo:4745,kebetulan,,,,,,,,,,,,,
hbo:4746,kasau,,,,,,,,,,,,,
hbo:4747,ruangan,,,,,,,,,,,,,
hbo:4748,rambut,,,,,,,,,,,,,
hbo:4749,tempa,,,,,,,,,,,,,
hbo:4750,tempa,,,,,,,,,,,,,
hbo:4751,pahit,,,,,,,,,,,,,
hbo:4753,Mur,,,,,,,,,,,,,
hbo:4756,tuan,,,,,,,,,,,,,
hbo:4758,rupa,,,,,,,,,,,,,
hbo:4759,"penglihatan, visi, membayangkan",,,,,,,,,,,,,
hbo:4760,tembolok,,,,,,,,,,,,,
hbo:4762a,Maresa,,,,,,,,,,,,,
hbo:4764,Merab,,,,,,,,,,,,,
hbo:4767,banyak,,,,,,,,,,,,,
hbo:4768,kebesaran,,,,,,,,,,,,,
hbo:4769,tempat berbaring,,,,,,,,,,,,,
hbo:4770,kandang,,,,,,,,,,,,,
hbo:4771,istirahat,,,,,,,,,,,,,
hbo:4773,ketapel,,,,,,,,,,,,,
hbo:4774,ketenangan,,,,,,,,,,,,,
hbo:4775,"pemberontak, pemberontak-pemberontak, mendurhaka, memberontak",,,,,,,,,,,,,
hbo:4777,"pemberontak, pemberontak-pemberontak, mendurhaka, memberontak",,,,,,,,,,,,,
hbo:4779,"pemberontak, pemberontak-pemberontak, mendurhaka, memberontak",,,,,,,,,,,,,
hbo:4780,"pemberontak, pemberontak-pemberontak, mendurhaka, memberontak",,,,,,,,,,,,,
hbo:4781,Merodakh,,,,,,,,,,,,,
hbo:4782,Mordekai,,,,,,,,,,,,,
hbo:4783,pengejaran,,,,,,,,,,,,,
hbo:4784,"pemberontak, pemberontak-pemberontak, mendurhaka, memberontak",memberontak,,,,,tertarik memberontak,,,,,,,
hbo:4785,Mara,,,,,,,,,,,,,
hbo:4786,kepahitan,,,,,,,,,,,,,
hbo:4788,pengembaran,,,,,,,,,,,,,
hbo:4789,Meroz,,,,,,,,,,,,,
hbo:4790,remuk,,,,,,,,,,,,,
hbo:4791,"mengagungkan, keagungan",,,,,,,,,,,,,
hbo:4792,Merom,,,,,,,,,,,,,
hbo:4793,perlombaan,,,,,,,,,,,,,
hbo:4794,larian,,,,,,,,,,,,,
hbo:4796,Marot,,,,,,,,,,,,,
hbo:4798,pesta duka,,,,,,,,,,,,,
hbo:4799,olesi,,,,,,,,,,,,,
hbo:4800,lapang,,,,,,,,,,,,,
hbo:4801,jarak,,,,,,,,,,,,,
hbo:4802,penggorengan,,,,,,,,,,,,,
hbo:4803,cukur,mencabut rambut,menjadi botak,,dipoles,,,,,,,,,
hbo:4805,"pemberontak, pemberontak-pemberontak, mendurhaka, memberontak",,,,,,,,,,,,,
hbo:4806,lembu,,,,,,,,,,,,,
hbo:4807,Merib-baal,,,,,,,,,,,,,
hbo:4808,perselisihan,,,,,,,,,,,,,
hbo:4809,perselisihan,,,,,,,,,,,,,
hbo:4811,Meraia,,,,,,,,,,,,,
hbo:4812,Merajot,,,,,,,,,,,,,
hbo:4813,Miriam,,,,,,,,,,,,,
hbo:4814,kepahitan,,,,,,,,,,,,,
hbo:4815,pahit,,,,,,,,,,,,,
hbo:4816,kelemahan,,,,,,,,,,,,,
hbo:4817,"Kereta Perang, Kereta-kereta Perang, Kusir",,,,,,,,,,,,,
hbo:4818,"Kereta Perang, Kereta-kereta Perang, Kusir",,,,,,,,,,,,,
hbo:4819,dagang,,,,,,,,,,,,,
hbo:4820,"menipu, mendustakan, penipu, pendusta",,,,,,,,,,,,,
hbo:4822,Meremot,,,,,,,,,,,,,
hbo:4823,timbunan,,,,,,,,,,,,,
hbo:4824,Meronoti,,,,,,,,,,,,,
hbo:4825,Meres,,,,,,,,,,,,,
hbo:4826,Marsena,,,,,,,,,,,,,
hbo:4827,kejahatan,,,,,,,,,,,,,
hbo:4828,"pendamping, pendamping-pendamping",,,,,,,,,,,,,
hbo:4829,padang,,,,,,,,,,,,,
hbo:4830,penggembalaan,,,,,,,,,,,,,
hbo:4831,Marela,,,,,,,,,,,,,
hbo:4832,penyembuhan,,,,,,,,,,,,,
hbo:4832a,penyembuhan,,,,,,,,,,,,,
hbo:4833,lumpur,,,,,,,,,,,,,
hbo:4834,menyakiti,,terasa sakit,,,,memicu,,,,,,,
hbo:4836,paku,,,,,,,,,,,,,
hbo:4837,batu lapis,,,,,,,,,,,,,
hbo:4838,,menggosok,,,digosok,,,,,,,,,
hbo:4839,kuah,,,,,,,,,,,,,
hbo:4840,rempah,,,,,,,,,,,,,
hbo:4841,periuk,,,,,,,,,,,,,
hbo:4842,salep,,,,,,,,,,,,,
hbo:4843,,pahit,,membuat pahit,,menjadi marah,mempahit,,,,,,,
hbo:4845,empedu,,,,,,,,,,,,,
hbo:4846,empedu,,,,,,,,,,,,,
hbo:4847,Merari,,,,,,,,,,,,,
hbo:4849,kejahatan,,,,,,,,,,,,,
hbo:4850,Merathaim,,,,,,,,,,,,,
hbo:4851,Mesekh,,,,,,,,,,,,,
hbo:4852,Mesha,,,,,,,,,,,,,
hbo:4854,Massa,,,,,,,,,,,,,
hbo:4855,riba,,,,,,,,,,,,,
hbo:4856,belas kasihan,,,,,,,,,,,,,
hbo:4857,sumur,,,,,,,,,,,,,
hbo:4858,asap,,,,,,,,,,,,,
hbo:4859,pinjaman,,,,,,,,,,,,,
hbo:4860,"menipu, mendustakan, penipu, pendusta",,,,,,,,,,,,,
hbo:4861,Misyal,,,,,,,,,,,,,
hbo:4862,permohonan,,,,,,,,,,,,,
hbo:4863,Roti,,,,,,,,,,,,,
hbo:4864,hadiah,,,,,,,,,,,,,
hbo:4865,anyaman emas,,,,,,,,,,,,,
hbo:4867,ombak,,,,,,,,,,,,,
hbo:4868,kehancuran,,,,,,,,,,,,,
hbo:4869,"kubu, benteng, dibentengi, pertahanan",,,,,,,,,,,,,
hbo:4870,kesalahan,,,,,,,,,,,,,
hbo:4872,Musa,,,,,,,,,,,,,
hbo:4874,pinjaman,,,,,,,,,,,,,
hbo:4877,Meshobab,,,,,,,,,,,,,
hbo:4878,pendurhakaan,,,,,,,,,,,,,
hbo:4879,kesesatan,,,,,,,,,,,,,
hbo:4880,dayung,,,,,,,,,,,,,
hbo:4881,pagar,,,,,,,,,,,,,
hbo:4883,gergaji,,,,,,,,,,,,,
hbo:4884,takaran,,,,,,,,,,,,,
hbo:4885,"sukacita, bersukacita",,,,,,,,,,,,,
hbo:4886,"mengurapi, diurapi",mengoles,diolesi,,,,,,,,,,,
hbo:4887,minyak,,,,,,,,,,,,,
hbo:4888,"mengurapi, diurapi",,,,,,,,,,,,,
hbo:4888a,"mengurapi, diurapi",,,,,,,,,,,,,
hbo:4889,"hancur, binasa, penghancur, pembinasa",,,,,,,,,,,,,
hbo:4890,ejekan,,,,,,,,,,,,,
hbo:4891,fajar,,,,,,,,,,,,,
hbo:4892,pemusnah,,,,,,,,,,,,,
hbo:4893,cacat,,,,,,,,,,,,,
hbo:4894,tempat jemuran,,,,,,,,,,,,,
hbo:4895,permusuhan,,,,,,,,,,,,,
hbo:4896,"aturan, peraturan-peraturan, menguasai, penguasa",,,,,,,,,,,,,
hbo:4897,sutra,,,,,,,,,,,,,
hbo:4898,Mesyezabel,,,,,,,,,,,,,
hbo:4899,"mengurapi, diurapi",,,,,,,,,,,,,
hbo:4900,"sabar, kesabaran, tidak sabar",menyeret,memanjang,,dipanjangkan,,,,,,,,,
hbo:4901,Mesekh,,,,,,,,,,,,,
hbo:4902,Mesekh,,,,,,,,,,,,,
hbo:4904,kasur,,,,,,,,,,,,,
hbo:4905,maskil,,,,,,,,,,,,,
hbo:4906,gambaran,,,,,,,,,,,,,
hbo:4908,kemah suci(Tabernakel),,,,,,,,,,,,,
hbo:4909,upah,,,,,,,,,,,,,
hbo:4910,"aturan, peraturan-peraturan, menguasai, penguasa",memerintah,,,,,membuat memerintah,,,,,,,
hbo:4911,menyerupai,melantunkan nyanyian mengejek,menyerupai,membuat perumpamaan,,menyamakan diri,membandingkan,,,,,,,
hbo:4912,"pepatah, amsal",,,,,,,,,,,,,
hbo:4915,kekuasaan,,,,,,,,,,,,,
hbo:4915a,kekuasaan,,,,,,,,,,,,,
hbo:4916,uluran,,,,,,,,,,,,,
hbo:4916a,uluran,,,,,,,,,,,,,
hbo:4917,pasukan,,,,,,,,,,,,,
hbo:4918,Mesulam,,,,,,,,,,,,,
hbo:4919,Mesyillemot,,,,,,,,,,,,,
hbo:4920,Meselemya,,,,,,,,,,,,,
hbo:4922,Mesyulemet,,,,,,,,,,,,,
hbo:4923,kehancuran,,,,,,,,,,,,,
hbo:4924,lemak,,,,,,,,,,,,,
hbo:4924b,lemak,,,,,,,,,,,,,
hbo:4925,Mishmana,,,,,,,,,,,,,
hbo:4927,Misma,,,,,,,,,,,,,
hbo:4928,pengawasan,,,,,,,,,,,,,
hbo:4929,jam (waktu dalam Alkitab),,,,,,,,,,,,,
hbo:4930,paku,,,,,,,,,,,,,
hbo:4931,jam (waktu dalam Alkitab),,,,,,,,,,,,,
hbo:4932,kedua,,,,,,,,,,,,,
hbo:4933,rampasan,,,,,,,,,,,,,
hbo:4934,jalan,,,,,,,,,,,,,
hbo:4935,pencucian,,,,,,,,,,,,,
hbo:4936,Misam,,,,,,,,,,,,,
hbo:4937,penopang,,,,,,,,,,,,,
hbo:4937a,penopang,,,,,,,,,,,,,
hbo:4938,tongkat,,,,,,,,,,,,,
hbo:4938a,tongkat,,,,,,,,,,,,,
hbo:4939,pertumpahan darah,,,,,,,,,,,,,
hbo:4940,keluarga,,,,,,,,,,,,,
hbo:4941,"Menghakimi, penghakiman",,,,,,,,,,,,,
hbo:4942,"domba betina, domba jantan, domba, bulu domba",,,,,,,,,,,,,
hbo:4943,hamba,,,,,,,,,,,,,
hbo:4944,gempuran,,,,,,,,,,,,,
hbo:4945,juru minuman,,,,,,,,,,,,,
hbo:4946,timbangan,,,,,,,,,,,,,
hbo:4947,ambang,,,,,,,,,,,,,
hbo:4948,berat,,,,,,,,,,,,,
hbo:4949,benang,,,,,,,,,,,,,
hbo:4950,jernih,,,,,,,,,,,,,
hbo:4951,pemerintahan,,,,,,,,,,,,,
hbo:4952,perasan,,,,,,,,,,,,,
hbo:4953,seruling,,,,,,,,,,,,,
hbo:4954,Misrawi,,,,,,,,,,,,,
hbo:4956,Misrefot-mayim,,,,,,,,,,,,,
hbo:4957,Masrekah,,,,,,,,,,,,,
hbo:4958,penggorengan,,,,,,,,,,,,,
hbo:4959,meraba,meraba,,meraba-raba,,,membuat meraba,,,,,,,
hbo:4960,pesta,,,,,,,,,,,,,
hbo:4962,"pendamping, pendamping-pendamping",,,,,,,,,,,,,
hbo:4963,jerami,,,,,,,,,,,,,
hbo:4964,kekang,,,,,,,,,,,,,
hbo:4966,manis,,,,,,,,,,,,,
hbo:4967,Metusalah,,,,,,,,,,,,,
hbo:4968,Metusela,,,,,,,,,,,,,
hbo:4969,membentang,,,,,,,,,,,,,
hbo:4970,kapan,,,,,,,,,,,,,
hbo:4971,resep,,,,,,,,,,,,,
hbo:4974,kesempurnaan,,,,,,,,,,,,,
hbo:4975,pinggang,,,,,,,,,,,,,
hbo:4976,pemberian,,,,,,,,,,,,,
hbo:4977,pemberian,,,,,,,,,,,,,
hbo:4979,"Suap, menyuap, disuap, penyuapan",,,,,,,,,,,,,
hbo:4980,"Suap, menyuap, disuap, penyuapan",,,,,,,,,,,,,
hbo:4981,Mitni,,,,,,,,,,,,,
hbo:4982,Matanai,,,,,,,,,,,,,
hbo:4983,Matanya,,,,,,,,,,,,,
hbo:4985,manis,manis,,,,,membuat manis,,,,,,,
hbo:4987,manisan,,,,,,,,,,,,,
hbo:4989,Mitkah,,,,,,,,,,,,,
hbo:4990,Mitredat,,,,,,,,,,,,,
hbo:4991,pemberian,,,,,,,,,,,,,
hbo:4992,Matatah,,,,,,,,,,,,,
hbo:4993,Matatya,,,,,,,,,,,,,
hbo:4994,tolong,,,,,,,,,,,,,
hbo:4996,No,,,,,,,,,,,,,
hbo:4997,"anggur, alat pemeras anggur, penekan anggur, kantung anggur",,,,,,,,,,,,,
hbo:4999,indah,,,,,,,,,,,,,
hbo:5000,indah,,,,,,,,,,,,,
hbo:5002,"pernyataan, menyatakan",,,,,,,,,,,,,
hbo:5003,"perzinahan, perselingkuhan, pezina, pezina perempuan",,,,,,,,,,,,,
hbo:5006,menolak,menolak,,mengabaikan,,,,,,,,dihina,,
hbo:5007,"penghujatan, menghujat",,,,,,,,,,,,,
hbo:5007a,"penghujatan, menghujat",,,,,,,,,,,,,
hbo:5008,mengerang,,,,,,,,,,,,,
hbo:5009,erang,,,,,,,,,,,,,
hbo:5010,menolak,,,,,,,,,,,,,
hbo:5011,Nob,,,,,,,,,,,,,
hbo:5014,berongga,,,,,,,,,,,,,
hbo:5015,Nebo,,,,,,,,,,,,,
hbo:5015b,Nebo,,,,,,,,,,,,,
hbo:5016,"nabi, nubuat, bernubuat, pelihat",,,,,,,,,,,,,
hbo:5018,Nebuzaradan,,,,,,,,,,,,,
hbo:5019,Nebukadnezar,,,,,,,,,,,,,
hbo:5020,Nebukadnezar,,,,,,,,,,,,,
hbo:5021,Nebusjazban,,,,,,,,,,,,,
hbo:5022,Nabot,,,,,,,,,,,,,
hbo:5023,hadiah,,,,,,,,,,,,,
hbo:5025,Noba,,,,,,,,,,,,,
hbo:5025a,Noba,,,,,,,,,,,,,
hbo:5026,Nibhaz,,,,,,,,,,,,,
hbo:5027,memandang,,,memandang,,,melihat,,,,,,,
hbo:5028,Nebat,,,,,,,,,,,,,
hbo:5030,"nabi, nubuat, bernubuat, pelihat",,,,,,,,,,,,,
hbo:5031,"nabi, nubuat, bernubuat, pelihat",,,,,,,,,,,,,
hbo:5032,Nebayot,,,,,,,,,,,,,
hbo:5033,"sumber air, mata air",,,,,,,,,,,,,
hbo:5034,"menolak, ditolak, penolakan",layu,,menghina,,,,,,,,,,
hbo:5036,"orang bodoh, bodoh, kebodohan",,,,,,,,,,,,,
hbo:5037,"orang bodoh, bodoh, kebodohan",,,,,,,,,,,,,
hbo:5038,bangkai,,,,,,,,,,,,,
hbo:5039,"malu, memalukan, merasa malu, dipermalukan",,,,,,,,,,,,,
hbo:5040,kebusan,,,,,,,,,,,,,
hbo:5041,Nebalat,,,,,,,,,,,,,
hbo:5042,memancar,mengalir,,,,,menyebabkan mengalir,,,,,,,
hbo:5044,Nibsan,,,,,,,,,,,,,
hbo:5045,Negeb,,,,,,,,,,,,,
hbo:5046,"pernyataan, menyatakan",,,,,,memberitahukan,diberitahukan,,,,,,
hbo:5048,depan,,,,,,,,,,,,,
hbo:5050,bersinar,bersinar,,,,,menerangi,,,,,,,
hbo:5051,cahaya,,,,,,,,,,,,,
hbo:5052,cahaya,,,,,,,,,,,,,
hbo:5054,terang,,,,,,,,,,,,,
hbo:5055,menanduk,menyeruduk,,mendorong,,saling mendorong,,,,,,,,
hbo:5056,tanduk,,,,,,,,,,,,,
hbo:5057,"aturan, peraturan-peraturan, menguasai, penguasa",,,,,,,,,,,,,
hbo:5058,"mengejek, diejek, ejekan, pengejek",,,,,,,,,,,,,
hbo:5059,"harpa, kecapi, pemain harpa, para pemain harpa",musisi,,memainkan alat musik,,,,,,,,,,
hbo:5060,"yang menderita, menimpa, menderita, penderitaan",menyentuh,tersentuh,memukul,dipukul,,menjangkau,,,,,,,
hbo:5061,tulah,,,,,,,,,,,,,
hbo:5062,tulah,mengenai,terluka,,,saling memukul,,,,,,,,
hbo:5063,tulah,,,,,,,,,,,,,
hbo:5064,mencurah,,mengalir deras,,,,menuangkan,dituangkan,,,,,,
hbo:5065,"masalah, kesulitan, bermasalah, pembuat masalah",mengusir,saling berjubitan,,,,,,,,,,,
hbo:5066,mendekat,mendekat,mendekat,,,saling mendekat,mendekatkan,didekatkan,,,,,,
hbo:5067,tumpukan,,,,,,,,,,,,,
hbo:5068,kurban sukarela,mendorong,,,,bersedia sukarela,,,,,,,,
hbo:5070,Nadab,,,,,,,,,,,,,
hbo:5071,kurban sukarela,,,,,,,,,,,,,
hbo:5072,Nedabya,,,,,,,,,,,,,
hbo:5073,lapis,,,,,,,,,,,,,
hbo:5074,mengembara,lari,,melarikan diri,,,mengusir,diusir,,,,,,
hbo:5078,hadiah,,,,,,,,,,,,,
hbo:5079,haid,,,,,,,,,,,,,
hbo:5080,"menyebar, penyebaran",mengayunkan,tersebar,,terdorong masuk,,mengusir,diusir,,,,,,
hbo:5081,"mulia, bangsawan",,,,,,,,,,,,,
hbo:5082,kemurahan,,,,,,,,,,,,,
hbo:5084,selongsong,,,,,,,,,,,,,
hbo:5085,selongsong,,,,,,,,,,,,,
hbo:5086,"menyebar, penyebaran",mengusir,terusir,,,,,,,,,,,
hbo:5087,"nazar, sumpah, bersumpah demi",,,,,,,,,,,,,
hbo:5088,"nazar, sumpah, bersumpah demi",,,,,,,,,,,,,
hbo:5089,keunggulan,,,,,,,,,,,,,
hbo:5090,membimbing,memandu,,memimpin,,,,,,,,,,
hbo:5090a,membimbing,,,,,,,,,,,,,
hbo:5091,"meratapi, ratapan",,,,,,,,,,,,,
hbo:5091a,"meratapi, ratapan",,,,,,,,,,,,,
hbo:5092,tangisan,,,,,,,,,,,,,
hbo:5095,memandu,,,membimbing,,melanjutkan perjalanan,,,,,,,,
hbo:5096,Nahalol,,,,,,,,,,,,,
hbo:5097,aliran air,,,,,,,,,,,,,
hbo:5099,auman,,,,,,,,,,,,,
hbo:5100,penderitaan,,,,,,,,,,,,,
hbo:5101,meringkik,,,,,,,,,,,,,
hbo:5104,"Sungai Efrat, Sungai",,,,,,,,,,,,,
hbo:5105,terang,,,,,,,,,,,,,
hbo:5106,melarang,,,,,,,,,,,,,
hbo:5107,,berkembang,,menyuburkan,,,,,,,,,,
hbo:5108,"buah, buah-buahan, berbuah, tidak berbuah",,,,,,,,,,,,,
hbo:5110,bergoyang,bergoyang,,,,terguncang,mengguncang,,,,,,,
hbo:5113,Nod,,,,,,,,,,,,,
hbo:5114,Nodab,,,,,,,,,,,,,
hbo:5116,"domba betina, domba jantan, domba, bulu domba",,,,,,,,,,,,,
hbo:5117,,beristirahat,,,,,meletakkan,dibiarkan tenang,,,,,,
hbo:5119,Nohah,,,,,,,,,,,,,
hbo:5120,"gemetar, gemetaran, bergetar, berguncang",,,,,,,,,,,,,
hbo:5122,tempat sampah,,,,,,,,,,,,,
hbo:5123,mengantuk,,,,,,,,,,,,,
hbo:5124,kantuk,,,,,,,,,,,,,
hbo:5126,Nun,,,,,,,,,,,,,
hbo:5127,melarikan diri,melarikan diri,,menyuruh lari,,,mengalahkan,,,,,,,
hbo:5128,"gemetar, gemetaran, bergetar, berguncang",berguncang,terhempas,,,,mengguncang,,,,,,,
hbo:5129,Noadiah,,,,,,,,,,,,,
hbo:5130,melambaikan,,,mengibas,,,menggerakkan,dipersembahkan,,,,,,
hbo:5132,berbunga,,,,,,,,,,,,,
hbo:5133,bulu,,,,,,,,,,,,,
hbo:5135,api,,,,,,,,,,,,,
hbo:5136,sakit,,,,,,,,,,,,,
hbo:5137,memercik,memercik,,,,,memercikkan,,,,,,,
hbo:5138,masakan,,,,,,,,,,,,,
hbo:5139,"orang nazir, para nazir, nazar seorang nazir",,,,,,,,,,,,,
hbo:5140,mengalir,mengalir,,,,,mengalirkan,,,,,,,
hbo:5141,cincin,,,,,,,,,,,,,
hbo:5143,kerusakan,,,,,,,,,,,,,
hbo:5144,mengabdikan,,,,,,,,,,,,,
hbo:5145,"mahkota, memahkotai, dimahkotai",,,,,,,,,,,,,
hbo:5146,Nuh,,,,,,,,,,,,,
hbo:5147,Nahbi,,,,,,,,,,,,,
hbo:5148,"pembuangan, orang buangan, dibuang",memandu,,,,,membimbing,,,,,,,
hbo:5149,Nehum,,,,,,,,,,,,,
hbo:5151,Nahum,,,,,,,,,,,,,
hbo:5152,Nahor,,,,,,,,,,,,,
hbo:5153,Perunggu,,,,,,,,,,,,,
hbo:5154,Perunggu,,,,,,,,,,,,,
hbo:5157,"mewarisi, warisan, peninggalan, pewaris",mewarisi,,membagi warisan,,menguasai diri sendiri,memberikan sebagai milik,diberi sebagai milik,,,,,,
hbo:5158,anak sungai,,,,,,,,,,,,,
hbo:5159,"mewarisi, warisan, peninggalan, pewaris",,,,,,,,,,,,,
hbo:5160,Nahaliel,,,,,,,,,,,,,
hbo:5161,Nehelam,,,,,,,,,,,,,
hbo:5162,menyesal,,menyesal,menghibur,dihibur,menghibur diri,,,,,,,,
hbo:5163,Naham,,,,,,,,,,,,,
hbo:5164,penyesalan,,,,,,,,,,,,,
hbo:5165,penghiburan,,,,,,,,,,,,,
hbo:5166,Nehemia,,,,,,,,,,,,,
hbo:5167,Nahamani,,,,,,,,,,,,,
hbo:5168,kami,,,,,,,,,,,,,
hbo:5169,mendesak,,,,,,,,,,,,,
hbo:5170,mendengus,,,,,,,,,,,,,
hbo:5171,Naharai,,,,,,,,,,,,,
hbo:5172,"tenung, penenung, perdukunan, dukun",,berada di bawah pertanda,meramal,,,,,,,,,,
hbo:5173,peramal,,,,,,,,,,,,,
hbo:5175,"ular, ular berbisa, ular beludak",,,,,,,,,,,,,
hbo:5176,"ular, ular berbisa, ular beludak",,,,,,,,,,,,,
hbo:5177,Nahsyon,,,,,,,,,,,,,
hbo:5178,Perunggu,,,,,,,,,,,,,
hbo:5178a,Perunggu,,,,,,,,,,,,,
hbo:5179,Nehusyta,,,,,,,,,,,,,
hbo:5180,Nehusytan,,,,,,,,,,,,,
hbo:5181,,turun,dijatuhkan,menekan ke bawah,,,menurunkan,,,,,,,
hbo:5184,Nahath,,,,,,,,,,,,,
hbo:5185,turun,,,,,,,,,,,,,
hbo:5186,membentang,berpaling,terentang,,,,merentangkan,,,,,,,
hbo:5187,pembawa,,,,,,,,,,,,,
hbo:5188,kalung,,,,,,,,,,,,,
hbo:5190,,mengangkat,,mengangkat,,,,,,,,,,
hbo:5192,beban,,,,,,,,,,,,,
hbo:5193,"menanam, ditanam kembali, ditransplantasikan, menabur benih",menanam,ditanam,,,,,,,,,,,
hbo:5194,ladang,,,,,,,,,,,,,
hbo:5195,"menanam, ditanam kembali, ditransplantasikan, menabur benih",,,,,,,,,,,,,
hbo:5196,Netaim,,,,,,,,,,,,,
hbo:5197,menetes,menetes,,,,,meneteskan,,,,,,,
hbo:5198,tetes,,,,,,,,,,,,,
hbo:5199,Netofah,,,,,,,,,,,,,
hbo:5201,"mengawasi, pengawas, penilik",,,,,,,,,,,,,
hbo:5203,meninggalkan,meninggalkan,terbiarkan,,tidak diperhatikan,,,,,,,,,
hbo:5204,ratapan,,,,,,,,,,,,,
hbo:5205,penghiburan,,,,,,,,,,,,,
hbo:5207,harum,,,,,,,,,,,,,
hbo:5209,keturunan,,,,,,,,,,,,,
hbo:5210,"Ninewe, Orang Niniwe",,,,,,,,,,,,,
hbo:5212,Nisan,,,,,,,,,,,,,
hbo:5213,percikan,,,,,,,,,,,,,
hbo:5215,"pelita, lampu",,,,,,,,,,,,,
hbo:5216,"pelita, lampu",,,,,,,,,,,,,
hbo:5218a,terpukul,,,,,,,,,,,,,
hbo:5219,kemenyan,,,,,,,,,,,,,
hbo:5220,keturunan,,,,,,,,,,,,,
hbo:5221,"membunuh, terbunuh",,dipukul,,ditikam,,memukul,dihajar,,,,,,
hbo:5222,terpukul,,,,,,,,,,,,,
hbo:5224,Neko,,,,,,,,,,,,,
hbo:5225a,Nacon,,,,,,,,,,,,,
hbo:5227,hadapan,,,,,,,,,,,,,
hbo:5228,"baik, kebaikan",,,,,,,,,,,,,
hbo:5230,tipu,bertindak licik,,bertindak licik,,bersikap licik,,,,,,,,
hbo:5231,tipu,,,,,,,,,,,,,
hbo:5232,kekayaan,,,,,,,,,,,,,
hbo:5233,harta,,,,,,,,,,,,,
hbo:5234,,,menyamar,mengasingkan,,menyamar,mengenali,,,,,,,
hbo:5236,"orang asing, asing, orang luar",,,,,,,,,,,,,
hbo:5237,"orang asing, asing, orang luar",,,,,,,,,,,,,
hbo:5238,perbendaharaan,,,,,,,,,,,,,
hbo:5239,berhenti,,,,,,,,,,,,,
hbo:5241,Nemuel,,,,,,,,,,,,,
hbo:5242,Nemueli,,,,,,,,,,,,,
hbo:5244,semut,,,,,,,,,,,,,
hbo:5246,macan tutul,,,,,,,,,,,,,
hbo:5247,Nimra,,,,,,,,,,,,,
hbo:5248,Nimrod,,,,,,,,,,,,,
hbo:5249,Nimrim,,,,,,,,,,,,,
hbo:5250,Nimsi,,,,,,,,,,,,,
hbo:5251,bendera,,,,,,,,,,,,,
hbo:5252,perubahan,,,,,,,,,,,,,
hbo:5254,"ujian, ujian-ujian, menguji",,,,,,,,,,,,,
hbo:5255,cabut,merobek,terobek,,,,,,,,,,,
hbo:5257,"pangeran, putra mahkota, putri, putri",,,,,,,,,,,,,
hbo:5257a,"pangeran, putra mahkota, putri, putri",,,,,,,,,,,,,
hbo:5258,tuang,menuangkan,dituangkan,menuangkan dengan intensif,,,menyebabkan dituangkan,dituangkan,,,,,,
hbo:5262,kurban curahan,,,,,,,,,,,,,
hbo:5264,,goyah,,,,bergerak-gerak,,,,,,,,
hbo:5265,berangkat,pergi,ditarik keluar,,,,menyebabkan pergi,,,,,,,
hbo:5268,Nisrok,,,,,,,,,,,,,
hbo:5269,Neah,,,,,,,,,,,,,
hbo:5270,Noa,,,,,,,,,,,,,
hbo:5272,Neiel,,,,,,,,,,,,,
hbo:5273,"baik, kebaikan",,,,,,,,,,,,,
hbo:5275,"kasut, sandal",,,,,,,,,,,,,
hbo:5276,"baik, kebaikan",,,,,,,,,,,,,
hbo:5277,Naam,,,,,,,,,,,,,
hbo:5278,"berkenan, perkenan, menyenangkan, pilih kasih",,,,,,,,,,,,,
hbo:5279,Naamah,,,,,,,,,,,,,
hbo:5279a,Naamah,,,,,,,,,,,,,
hbo:5280,Naamit,,,,,,,,,,,,,
hbo:5283,Naaman,,,,,,,,,,,,,
hbo:5284,Naamatit,,,,,,,,,,,,,
hbo:5285,semak duri,,,,,,,,,,,,,
hbo:5287,"gemetar, gemetaran, bergetar, berguncang",menggoyangkan,tergoyangkan,menggoyangkan habis,,menggoyangkan diri,,,,,,,,
hbo:5288,"memperbudak, diperbudak, hamba, budak",,,,,,,,,,,,,
hbo:5290,masa muda,,,,,,,,,,,,,
hbo:5291,"memperbudak, diperbudak, hamba, budak",,,,,,,,,,,,,
hbo:5293,Narai,,,,,,,,,,,,,
hbo:5294,Neariah,,,,,,,,,,,,,
hbo:5295,Naaran,,,,,,,,,,,,,
hbo:5296,tali,,,,,,,,,,,,,
hbo:5297,Nof,,,,,,,,,,,,,
hbo:5298,Nefeg,,,,,,,,,,,,,
hbo:5299,ayak,,,,,,,,,,,,,
hbo:5300,Nefurim,,,,,,,,,,,,,
hbo:5301,tiup,meniup,,,dinyalakan,,menyebabkan terengah,,,,,,,
hbo:5302,Nofah,,,,,,,,,,,,,
hbo:5303,raksasa,,,,,,,,,,,,,
hbo:5305,Nafis,,,,,,,,,,,,,
hbo:5306,batu zamrud,,,,,,,,,,,,,
hbo:5307,"berlutut, membungkuk, bersujud",jatuh,,menjatuhkan,,memprosternasikan diri,menjatuhkan,,,,,,,
hbo:5310,"menyebar, penyebaran",menghancurkan,,menghancurkan habis,dihancurkan,,,,,,,,,
hbo:5311,badai,,,,,,,,,,,,,
hbo:5312,keluar,,,,,,,,,,,,,
hbo:5314,segar,,,,,,,,,,,,,
hbo:5315,"jiwa, jiwa-jiwa",,,,,,,,,,,,,
hbo:5316,punggung,,,,,,,,,,,,,
hbo:5317,"madu, sarang madu",,,,,,,,,,,,,
hbo:5318,mata air,,,,,,,,,,,,,
hbo:5319,gulat,,,,,,,,,,,,,
hbo:5320,Naftuhim,,,,,,,,,,,,,
hbo:5321,Naftali,,,,,,,,,,,,,
hbo:5322,burung,,,,,,,,,,,,,
hbo:5322a,burung,,,,,,,,,,,,,
hbo:5323,lari,,,,,,,,,,,,,
hbo:5324,berdiri,,berdiri tegak,,,,mendirikan,didirikan,,,,,,
hbo:5325,gagang,,,,,,,,,,,,,
hbo:5326,ketegaran,,,,,,,,,,,,,
hbo:5327,"meruntuhkan, reruntuhan, runtuh",runtuh,terguling runtuh,,,,berjuang,,,,,,,
hbo:5328,bunga,,,,,,,,,,,,,
hbo:5329,,,bertahan,memimpin,,,,,,,,,,
hbo:5331,darah,,,,,,,,,,,,,
hbo:5332,darah,,,,,,,,,,,,,
hbo:5333,"kolom, kolom-kolom, pilar, pilar-pilar",,,,,,,,,,,,,
hbo:5335,Netsia,,,,,,,,,,,,,
hbo:5337,"menolong, menyelamatkan, penolong, penyelamat",,terselamatkan,menyelamatkan,,melepaskan diri,mencabut,tercabut,,,,,,
hbo:5340a,bersinar,berkilau,,,,,mekar,,,,,,,
hbo:5341,"menonton, mengawasi, menyaksikan, penjaga",,,,,,,,,,,,,
hbo:5342,cabang,,,,,,,,,,,,,
hbo:5343,murni,,,,,,,,,,,,,
hbo:5344,"kutukan, terkutuk",menusuk,ditunjuk,,,,,,,,,,,
hbo:5347,betina,,,,,,,,,,,,,
hbo:5348,berbintik,,,,,,,,,,,,,
hbo:5349,"domba betina, domba jantan, domba, bulu domba",,,,,,,,,,,,,
hbo:5350,remah,,,,,,,,,,,,,
hbo:5351,manik,,,,,,,,,,,,,
hbo:5352,tidak bercela,kosong,terbebas,membebaskan dari hukuman,,,,,,,,,,
hbo:5353,Nekoda,,,,,,,,,,,,,
hbo:5355,tak berdosa,,,,,,,,,,,,,
hbo:5356,tak berdosa,,,,,,,,,,,,,
hbo:5357,celah,,,,,,,,,,,,,
hbo:5358,"membalas, pembalas, dibalas, pembalasan",membalas dendam,terbalas dendam,membalas dendam,,membalas dendam pada diri sendiri,,terbalaskan dendam,,,,,,
hbo:5359,"membalas, pembalas, dibalas, pembalasan",,,,,,,,,,,,,
hbo:5360,"membalas, pembalas, dibalas, pembalasan",,,,,,,,,,,,,
hbo:5361,terpisah,,,,,,,,,,,,,
hbo:5362a,melingkari,mengelilingi,,,,,menyelesaikan putaran,,,,,,,
hbo:5363,getaran,,,,,,,,,,,,,
hbo:5364,tali,,,,,,,,,,,,,
hbo:5365,gali,melubangi,,melubangi,terlubang,,,,,,,,,
hbo:5366,lubang,,,,,,,,,,,,,
hbo:5367,"jerat, menjerat, menjebak, jebakan",menjerat,terjerat,menjerat,,bertindak seperti menjerat,,,,,,,,
hbo:5369,Ner,,,,,,,,,,,,,
hbo:5370,Nergal,,,,,,,,,,,,,
hbo:5373,nard,,,,,,,,,,,,,
hbo:5374,Neriah,,,,,,,,,,,,,
hbo:5375,mengangkat,mengangkat,terangkat,mengangkat,,bangkit,menyebabkan mengangkat,,,,,,,
hbo:5378,meminjamkan,meminjamkan,,,,,meminjamkan kepada,,,,,,,
hbo:5380,meniup,meniup,,,,,menyebabkan meniup,,,,,,,
hbo:5381,"mengambil alih, melampaui",,,,,,,,,,,,,
hbo:5382,,melupakan,terlupakan,membuat lupa,,,menyebabkan lupa,,,,,,,
hbo:5384,saraf,,,,,,,,,,,,,
hbo:5385,beban,,,,,,,,,,,,,
hbo:5386,hutang,,,,,,,,,,,,,
hbo:5387,pemimpin,,,,,,,,,,,,,
hbo:5387a,pemimpin,,,,,,,,,,,,,
hbo:5388,kelupaan,,,,,,,,,,,,,
hbo:5389,perempuan,,,,,,,,,,,,,
hbo:5390,"mencium, ciuman, dicium, berciuman",,,,,,,,,,,,,
hbo:5391,menggigit,,,,,,,,,,,,,
hbo:5391a,menggigit,menagih bunga,,,,,membuat memberi bunga,,,,,,,
hbo:5392,bunga,,,,,,,,,,,,,
hbo:5393,ruangan,,,,,,,,,,,,,
hbo:5394,"mencampakkan, mengusir, membuang",meloloskan diri,,membersihkan,,,,,,,,,,
hbo:5395,bernafas,,,,,,,,,,,,,
hbo:5397,"roh, roh-roh, rohani",,,,,,,,,,,,,
hbo:5398,meniup,,,,,,,,,,,,,
hbo:5399,senja,,,,,,,,,,,,,
hbo:5400,,,menyala,,,,menyalakan,,,,,,,
hbo:5401,"mencium, ciuman, dicium, berciuman",mencium,,mencium,,,menyentuh erat,,,,,,,
hbo:5404,"rajawali, burung rajawali",,,,,,,,,,,,,
hbo:5405,kering,mengeringkan,mengering,,,,,,,,,,,
hbo:5406,surat,,,,,,,,,,,,,
hbo:5409,potongan,,,,,,,,,,,,,
hbo:5410,jalan,,,,,,,,,,,,,
hbo:5410a,jalan,,,,,,,,,,,,,
hbo:5411,bait suci,,,,,,,,,,,,,
hbo:5413,menuangkan,menuangkan,tumpah,,,,mencairkan,mencair,,,,,,
hbo:5414,memberi,memberi,diberikan,,,,,diletakkan,,,,,,
hbo:5416,Nathan,,,,,,,,,,,,,
hbo:5417,Netaneel,,,,,,,,,,,,,
hbo:5418,Netanya,,,,,,,,,,,,,
hbo:5420,"hancur, binasa, penghancur, pembinasa",,,,,,,,,,,,,
hbo:5421,patah,,,,,,,,,,,,,
hbo:5422,bongkar,meruntuhkan,runtuh,merobohkan,roboh,,,patah,,,,,,
hbo:5423,putus,mencabut,tercabut,menyentak,,,menyeret,terseret,,,,,,
hbo:5424,kudis,,,,,,,,,,,,,
hbo:5425a,gemetar,melompat,,meloncat,,,melepaskan,,,,,,,
hbo:5427,soda,,,,,,,,,,,,,
hbo:5428,mencabut,mencabut akar,terakar habis,,,,,terakar habis,,,,,,
hbo:5429,seah,,,,,,,,,,,,,
hbo:5430,sepatu,,,,,,,,,,,,,
hbo:5431,menginjak,,,,,,,,,,,,,
hbo:5433a,"mabuk, pemabuk",,,,,,,,,,,,,
hbo:5434,Seba,,,,,,,,,,,,,
hbo:5435,"mabuk, pemabuk",,,,,,,,,,,,,
hbo:5437,mengelilingi,berputar,berubah arah,mengubah,,,memutar,bergeser,,,,,,
hbo:5438,sebab,,,,,,,,,,,,,
hbo:5439,"penentang, lawan-lawan, musuh, musuh-musuh",,,,,,,,,,,,,
hbo:5440,,menyusun bersama,,,tersusun bersama,,,,,,,,,
hbo:5442,semak,,,,,,,,,,,,,
hbo:5444,Sibekhai,,,,,,,,,,,,,
hbo:5445,memikul,memikul,,,terbebani,menyeret diri,,,,,,,,
hbo:5447,"kerja, pekerjaan, pekerja",,,,,,,,,,,,,
hbo:5448,beban,,,,,,,,,,,,,
hbo:5449,pengangkut,,,,,,,,,,,,,
hbo:5450,beban,,,,,,,,,,,,,
hbo:5451,bulir,,,,,,,,,,,,,
hbo:5452,mengira,,,,,,,,,,,,,
hbo:5453,Sibrayim,,,,,,,,,,,,,
hbo:5454,Sabta,,,,,,,,,,,,,
hbo:5455,Sabteka,,,,,,,,,,,,,
hbo:5458a,emas,,,,,,,,,,,,,
hbo:5459,"dimiliki, dimiliki, dimiliki, dimiliki",,,,,,,,,,,,,
hbo:5461,"aturan, peraturan-peraturan, menguasai, penguasa",,,,,,,,,,,,,
hbo:5462,menutup,menutup,tertutup,menyerahkan,ditutup,,menyerahkan,,,,,,,
hbo:5465,jepit,,,,,,,,,,,,,
hbo:5466,kain,,,,,,,,,,,,,
hbo:5467,Sodom,,,,,,,,,,,,,
hbo:5468,urutan,,,,,,,,,,,,,
hbo:5469,bulatan,,,,,,,,,,,,,
hbo:5470,penjara,,,,,,,,,,,,,
hbo:5471,So,,,,,,,,,,,,,
hbo:5472,mundur,menyimpang,mundur,,,,mengusir,terdorong mundur,,,,,,
hbo:5474,kandang,,,,,,,,,,,,,
hbo:5475,"nasihat, konselor, saran, penasihat",,,,,,,,,,,,,
hbo:5476,Sodi,,,,,,,,,,,,,
hbo:5477,Suah,,,,,,,,,,,,,
hbo:5478,bangkai,,,,,,,,,,,,,
hbo:5479,Sotai,,,,,,,,,,,,,
hbo:5480,"mengurapi, diurapi",mengurapi,,,,,berurapi,,,,,,,
hbo:5480a,"mengurapi, diurapi",,,,,,,,,,,,,
hbo:5483,"Kuda-kuda perang, punggung kuda",,,,,,,,,,,,,
hbo:5484,"Kuda-kuda perang, punggung kuda",,,,,,,,,,,,,
hbo:5485,Susi,,,,,,,,,,,,,
hbo:5488,"Laut Gelagah, Laut Merah",,,,,,,,,,,,,
hbo:5492,puyuh,,,,,,,,,,,,,
hbo:5492a,puyuh,,,,,,,,,,,,,
hbo:5493,"bertobat, pertobatan",berpaling,,mengacak,,,menghilangkan,dihilangkan,,,,,,
hbo:5494,"bertobat, pertobatan",,,,,,,,,,,,,
hbo:5497,pakaian,,,,,,,,,,,,,
hbo:5498,seret,,,,,,,,,,,,,
hbo:5500,menggores,,,,,,,,,,,,,
hbo:5501,najis,,,,,,,,,,,,,
hbo:5502,terhempas,menyapu,tertimbun,,,,,,,,,,,
hbo:5503,berdagang,berkeliling,,berdenyut,,,,,,,,,,
hbo:5504,keuntungan,,,,,,,,,,,,,
hbo:5506,dagangan,,,,,,,,,,,,,
hbo:5507,perisai,,,,,,,,,,,,,
hbo:5508,"batu, bebatuan, merajam",,,,,,,,,,,,,
hbo:5509,terak,,,,,,,,,,,,,
hbo:5510,Sivan,,,,,,,,,,,,,
hbo:5511,Sihon,,,,,,,,,,,,,
hbo:5512,Sin,,,,,,,,,,,,,
hbo:5512a,Sin,,,,,,,,,,,,,
hbo:5513,Sinit,,,,,,,,,,,,,
hbo:5514,"Sinai, Gunung Sinai",,,,,,,,,,,,,
hbo:5515,Sinin,,,,,,,,,,,,,
hbo:5516,Sisera,,,,,,,,,,,,,
hbo:5517,Siaha,,,,,,,,,,,,,
hbo:5518,"duri, onak duri, semak berduri",,,,,,,,,,,,,
hbo:5519,kerumunan,,,,,,,,,,,,,
hbo:5520,sarang,,,,,,,,,,,,,
hbo:5521,"tempat perlindungan, pengungsi, tempat bernaung, tempat-tempat berlindung",,,,,,,,,,,,,
hbo:5522,Sikkut,,,,,,,,,,,,,
hbo:5523,Sukot,,,,,,,,,,,,,
hbo:5524,Sukot,,,,,,,,,,,,,
hbo:5525,Sukkiyim,,,,,,,,,,,,,
hbo:5526,"kepungan, mengepung, terkepung, pengepung",menutup,,,,,menutup rapat,,,,,,,
hbo:5526a,"kepungan, mengepung, terkepung, pengepung",,,,,,,,,,,,,
hbo:5526c,"kepungan, mengepung, terkepung, pengepung",,,,,,,,,,,,,
hbo:5527,Sekaka,,,,,,,,,,,,,
hbo:5528,"orang bodoh, bodoh, kebodohan",,berbuat bodoh,,,,,,,,,,,
hbo:5529,kebodohan,,,,,,,,,,,,,
hbo:5530,bodoh,,,,,,,,,,,,,
hbo:5531,kebodohan,,,,,,,,,,,,,
hbo:5532,"mendamaikan, didamaikan, rekonsiliasi",,,,,,,,,,,,,
hbo:5534,menutup,,,,,,,,,,,,,
hbo:5535,diam,,,,,,,,,,,,,
hbo:5536,keranjang,,,,,,,,,,,,,
hbo:5538,Sila,,,,,,,,,,,,,
hbo:5540,Seled,,,,,,,,,,,,,
hbo:5542,sela,,,,,,,,,,,,,
hbo:5543a,Salai,,,,,,,,,,,,,
hbo:5544,duri,,,,,,,,,,,,,
hbo:5545,"mengampuni, pengampunan",,,,,,,,,,,,,
hbo:5546,"mengampuni, pengampunan",,,,,,,,,,,,,
hbo:5547,"mengampuni, pengampunan",,,,,,,,,,,,,
hbo:5548,Salka,,,,,,,,,,,,,
hbo:5549,"mengagungkan, keagungan",,,,,,,,,,,,,
hbo:5550,gundukan,,,,,,,,,,,,,
hbo:5551,tangga,,,,,,,,,,,,,
hbo:5552,cabang,,,,,,,,,,,,,
hbo:5553,batu,,,,,,,,,,,,,
hbo:5554,batu,,,,,,,,,,,,,
hbo:5556,belalang,,,,,,,,,,,,,
hbo:5557,"sesat, secara sesat",,,,,,,,,,,,,
hbo:5558,kebengkokan,,,,,,,,,,,,,
hbo:5559,naik,,,,,,,,,,,,,
hbo:5560,tepung,,,,,,,,,,,,,
hbo:5561,rempah,,,,,,,,,,,,,
hbo:5562,Samgar,,,,,,,,,,,,,
hbo:5563,bunga,,,,,,,,,,,,,
hbo:5564,"mendedikasikan, dedikasi",,,,,,,,,,,,,
hbo:5565,Semakya,,,,,,,,,,,,,
hbo:5566,"patung, patung pahatan, patung ukiran, patung logam tuangan",,,,,,,,,,,,,
hbo:5567,semai,,,,,,,,,,,,,
hbo:5569,kasar,,,,,,,,,,,,,
hbo:5570,Senaah,,,,,,,,,,,,,
hbo:5571,Sanbalat,,,,,,,,,,,,,
hbo:5572,semak,,,,,,,,,,,,,
hbo:5574a,Senuah,,,,,,,,,,,,,
hbo:5575,kebutaan,,,,,,,,,,,,,
hbo:5576,Sanherib,,,,,,,,,,,,,
hbo:5578,Sansannah,,,,,,,,,,,,,
hbo:5579,sirip,,,,,,,,,,,,,
hbo:5580,ngengat,,,,,,,,,,,,,
hbo:5581,Sismai,,,,,,,,,,,,,
hbo:5582,menopang,,,,,,,,,,,,,
hbo:5584,kencang,,,,,,,,,,,,,
hbo:5585,celah,,,,,,,,,,,,,
hbo:5585a,celah,,,,,,,,,,,,,
hbo:5588,"pikiran, terpikir, penuh pemikiran, mengingat",,,,,,,,,,,,,
hbo:5589,cabang,,,,,,,,,,,,,
hbo:5590,,,,,,,,,,,,,,tersapu badai
hbo:5591,badai,,,,,,,,,,,,,
hbo:5592,ambang pintu,,,,,,,,,,,,,
hbo:5592a,ambang pintu,,,,,,,,,,,,,
hbo:5594,"meratap, ratapan, meratapi, peratap",meratapi,diratapinya,,,,,,,,,,,
hbo:5595,"menyapu, disapu",membawa pergi,terbawa jauh,,,,menyusul,,,,,,,
hbo:5596,"menugaskan, ditugaskan, menugaskan, tugas",melekat pada,melekat pada diri,bergabung,bergabung bersama,merasa melekat pada,,,,,,,,
hbo:5597,bisul,,,,,,,,,,,,,
hbo:5598,Sippai,,,,,,,,,,,,,
hbo:5599,"biji-bijian, ladang gandum",,,,,,,,,,,,,
hbo:5599a,"biji-bijian, ladang gandum",,,,,,,,,,,,,
hbo:5600,kapal,,,,,,,,,,,,,
hbo:5601,safir,,,,,,,,,,,,,
hbo:5602,mangkuk,,,,,,,,,,,,,
hbo:5603,melapisi,,,,,,,,,,,,,
hbo:5604,langit-langit,,,,,,,,,,,,,
hbo:5605,ambang pintu,,,,,,,,,,,,,
hbo:5606,menampar,,,,,,,,,,,,,
hbo:5608,"penulis, pengarang",menulis,dihitung,menceritakan,diberitahukan,,,,,,,,,
hbo:5608a,"penulis, pengarang",,,,,,,,,,,,,
hbo:5611,Safar,,,,,,,,,,,,,
hbo:5612,"gulungan, gulungan-gulungan",,,,,,,,,,,,,
hbo:5614,Sefarad,,,,,,,,,,,,,
hbo:5615,bilangan,,,,,,,,,,,,,
hbo:5616,Sefarwaim,,,,,,,,,,,,,
hbo:5617,Sefarwaim,,,,,,,,,,,,,
hbo:5618b,Soferet,,,,,,,,,,,,,
hbo:5619,"batu, bebatuan, merajam",melempari batu,dilempar batu,melempari dengan batu,dilempar batu,,,,,,,,,
hbo:5620,membangkang,,,,,,,,,,,,,
hbo:5621,duri,,,,,,,,,,,,,
hbo:5622,jubah,,,,,,,,,,,,,
hbo:5623,Sargon,,,,,,,,,,,,,
hbo:5624,Sered,,,,,,,,,,,,,
hbo:5625,Seredim,,,,,,,,,,,,,
hbo:5626a,Sirah,,,,,,,,,,,,,
hbo:5627,"pemberontak, pemberontak-pemberontak, mendurhaka, memberontak",,,,,,,,,,,,,
hbo:5627a,"pemberontak, pemberontak-pemberontak, mendurhaka, memberontak",,,,,,,,,,,,,
hbo:5628,memanjang,,,,,,,,,,,,,
hbo:5628a,memanjang,,,,,,,,,,,,,
hbo:5629,kelebihan,,,,,,,,,,,,,
hbo:5631,"orang kasim, orang-orang kasim",,,,,,,,,,,,,
hbo:5632,penguasa,,,,,,,,,,,,,
hbo:5633,"Tuhan, majikkan, tuan, penguasa",,,,,,,,,,,,,
hbo:5633a,"Tuhan, majikkan, tuan, penguasa",,,,,,,,,,,,,
hbo:5634,cabang,,,,,,,,,,,,,
hbo:5635,membakar,,,,,,,,,,,,,
hbo:5636,jelatang,,,,,,,,,,,,,
hbo:5637,"pemberontak, pemberontak-pemberontak, mendurhaka, memberontak",,,,,,,,,,,,,
hbo:5638,musim dingin,,,,,,,,,,,,,
hbo:5639,Sitri,,,,,,,,,,,,,
hbo:5640,tutup,menyumbat,tersumbat,menyumbat,,,,,,,,,,
hbo:5641,menyembunyikan,,tersembunyi,menyembunyikan,disembunyikan,menyembunyikan diri,menyembunyikan,,,,,,,
hbo:5643,"tempat perlindungan, pengungsi, tempat bernaung, tempat-tempat berlindung",,,,,,,,,,,,,
hbo:5643a,"tempat perlindungan, pengungsi, tempat bernaung, tempat-tempat berlindung",,,,,,,,,,,,,
hbo:5644,Sitri,,,,,,,,,,,,,
hbo:5645,"surga, langit, surga, surgawi",,,,,,,,,,,,,
hbo:5646,"surga, langit, surga, surgawi",,,,,,,,,,,,,
hbo:5647,"memperbudak, diperbudak, hamba, budak",melayani,digarap,,dikerjakan,,mempekerjakan,dipaksa melayani,,,,,,
hbo:5650,"memperbudak, diperbudak, hamba, budak",,,,,,,,,,,,,
hbo:5651,"memperbudak, diperbudak, hamba, budak",,,,,,,,,,,,,
hbo:5652,bekerja,,,,,,,,,,,,,
hbo:5653,Abda,,,,,,,,,,,,,
hbo:5654,"Edom, orang Edom, Edomea",,,,,,,,,,,,,
hbo:5655,Abdeel,,,,,,,,,,,,,
hbo:5656,"memperbudak, diperbudak, hamba, budak",,,,,,,,,,,,,
hbo:5657,"memperbudak, diperbudak, hamba, budak",,,,,,,,,,,,,
hbo:5658,Abdon,,,,,,,,,,,,,
hbo:5658a,Abdon,,,,,,,,,,,,,
hbo:5660,Abdi,,,,,,,,,,,,,
hbo:5661,Abdiel,,,,,,,,,,,,,
hbo:5662,Obaja,,,,,,,,,,,,,
hbo:5663,Ebed-Melekh,,,,,,,,,,,,,
hbo:5664,Abdeneg,,,,,,,,,,,,,
hbo:5666,tebal,,,,,,,,,,,,,
hbo:5667,"ikrar, diikrarkan",,,,,,,,,,,,,
hbo:5668,karena,,,,,,,,,,,,,
hbo:5669,"menanggung, tanggungan, pembawa",,,,,,,,,,,,,
hbo:5670,"ikrar, diikrarkan",meminjam,,,,,memberikan pinjaman,,,,,,,
hbo:5670a,"ikrar, diikrarkan",,,,,,,,,,,,,
hbo:5671,"ikrar, diikrarkan",,,,,,,,,,,,,
hbo:5672,ketebalan,,,,,,,,,,,,,
hbo:5673,"kerja, pekerjaan, pekerja",,,,,,,,,,,,,
hbo:5674,"berkhotbah, diberitakan, berkhotbah, pengkhotbah",menyeberang,disebrangi,menghamili,,,menyeberangkan,,,,,,,
hbo:5674a,"berkhotbah, diberitakan, berkhotbah, pengkhotbah",,,,,,,,,,,,,
hbo:5676,"Sungai Efrat, Sungai",,,,,,,,,,,,,
hbo:5677,"Sungai Efrat, Sungai",,,,,,,,,,,,,
hbo:5678,"murka, kemarahan",,,,,,,,,,,,,
hbo:5679,jembatan,,,,,,,,,,,,,
hbo:5680,Ibrani,,,,,,,,,,,,,
hbo:5682,Abarim,,,,,,,,,,,,,
hbo:5683,Ebron,,,,,,,,,,,,,
hbo:5684,Abronah,,,,,,,,,,,,,
hbo:5685,layu,,,,,,,,,,,,,
hbo:5687,rimbun,,,,,,,,,,,,,
hbo:5688,tali,,,,,,,,,,,,,
hbo:5691,nafsu,,,,,,,,,,,,,
hbo:5692,Roti,,,,,,,,,,,,,
hbo:5693,bangau,,,,,,,,,,,,,
hbo:5694,gelang,,,,,,,,,,,,,
hbo:5695,"sapi, lembu, banteng, anak lembu",,,,,,,,,,,,,
hbo:5696,bundar,,,,,,,,,,,,,
hbo:5697,"sapi, lembu, banteng, anak lembu",,,,,,,,,,,,,
hbo:5698,"sapi, lembu, banteng, anak lembu",,,,,,,,,,,,,
hbo:5699,kereta,,,,,,,,,,,,,
hbo:5700,Eglon,,,,,,,,,,,,,
hbo:5700a,Eglon,,,,,,,,,,,,,
hbo:5701,sedih,,,,,,,,,,,,,
hbo:5702,tunda,,,,,,,,,,,,,
hbo:5704,sampai,,,,,,,,,,,,,
hbo:5706,sampai,,,,,,,,,,,,,
hbo:5707,"kesaksian, bersaksi, saksi, saksi-saksi",,,,,,,,,,,,,
hbo:5711,Ada,,,,,,,,,,,,,
hbo:5713,"kesaksian, bersaksi, saksi, saksi-saksi",,,,,,,,,,,,,
hbo:5714,Ido,,,,,,,,,,,,,
hbo:5715,"kesaksian, bersaksi, saksi, saksi-saksi",,,,,,,,,,,,,
hbo:5716,perhiasan,,,,,,,,,,,,,
hbo:5717,Adiel,,,,,,,,,,,,,
hbo:5718,Adaya,,,,,,,,,,,,,
hbo:5720,Adin,,,,,,,,,,,,,
hbo:5721,Adina,,,,,,,,,,,,,
hbo:5723,Aditaim,,,,,,,,,,,,,
hbo:5724,Adlai,,,,,,,,,,,,,
hbo:5725,Adulam,,,,,,,,,,,,,
hbo:5726,Adullamit,,,,,,,,,,,,,
hbo:5728,masih,,,,,,,,,,,,,
hbo:5729,"Eden, taman Eden",,,,,,,,,,,,,
hbo:5730a,"kesenangan, kesukaan, gembira",,,,,,,,,,,,,
hbo:5731,"Eden, taman Eden",,,,,,,,,,,,,
hbo:5731a,"Eden, taman Eden",,,,,,,,,,,,,
hbo:5732,"Eden, taman Eden",,,,,,,,,,,,,
hbo:5733,Adna,,,,,,,,,,,,,
hbo:5734,Adna,,,,,,,,,,,,,
hbo:5735,Adadah,,,,,,,,,,,,,
hbo:5736,sisa,tetap,,,,,menyisakan,,,,,,,
hbo:5738,Eder,,,,,,,,,,,,,
hbo:5739,"kawanan, gembalaan",,,,,,,,,,,,,
hbo:5741,Adriel,,,,,,,,,,,,,
hbo:5742,lentil,,,,,,,,,,,,,
hbo:5743,mendung,,,,,,,,,,,,,
hbo:5744,Obed,,,,,,,,,,,,,
hbo:5745,Obal,,,,,,,,,,,,,
hbo:5747,Og,,,,,,,,,,,,,
hbo:5748,"serunai, serunai-serunai, seruling, seruling-seruling",,,,,,,,,,,,,
hbo:5749a,"kesaksian, bersaksi, saksi, saksi-saksi",,,mengepung,,saling membantu berdiri,mengepung,diingatkan,,,,,,
hbo:5750,lagi,,,,,,,,,,,,,
hbo:5753,,berbuat salah,terbungkuk,membengkokkan,,,memutar,,,,,,,
hbo:5754,kehancuran,,,,,,,,,,,,,
hbo:5756,berlari,berlindung,,,,,menyelamatkan,,,,,,,
hbo:5757,Avim,,,,,,,,,,,,,
hbo:5760,"dosa, penuh dosa, pendosa, berbuat berdosa",,,,,,,,,,,,,
hbo:5762,Avit,,,,,,,,,,,,,
hbo:5763,"domba betina, domba jantan, domba, bulu domba",,,,,,,,,,,,,
hbo:5766,ketidakadilan,,,,,,,,,,,,,
hbo:5767,"benar, adil, tidak benar, tidak benar",,,,,,,,,,,,,
hbo:5768,"mewarisi, warisan, peninggalan, pewaris",,,,,,,,,,,,,
hbo:5769,"abadi, kekal, kekekalan",,,,,,,,,,,,,
hbo:5771,kecurangan,,,,,,,,,,,,,
hbo:5774,terbang,terbang,,terbang,,terbang,membuat terbang,,,,,,,
hbo:5775,burung,,,,,,,,,,,,,
hbo:5777,timbal,,,,,,,,,,,,,
hbo:5779,"nasihat, konselor, saran, penasihat",,,,,,,,,,,,,
hbo:5780,Uz,,,,,,,,,,,,,
hbo:5780a,Uz,,,,,,,,,,,,,
hbo:5781,menekan,goyah,,,,,menggoyahkan,,,,,,,
hbo:5782,"masalah, kesulitan, bermasalah, pembuat masalah",terjaga,terangsang,membangunkan,,bangkit,membangkitkan,,,,,,,
hbo:5785,kulit,,,,,,,,,,,,,
hbo:5786,buta,,,,,,,,,,,,,
hbo:5787,buta,,,,,,,,,,,,,
hbo:5788,kebutaan,,,,,,,,,,,,,
hbo:5788a,kebutaan,,,,,,,,,,,,,
hbo:5789,bersegera,,,,,,,,,,,,,
hbo:5791,,,,membelokkan,terbengkok,membengkok,,,,,,,,
hbo:5792,"salah, pelanggar, berbuat salah, menganiaya",,,,,,,,,,,,,
hbo:5793,Utai,,,,,,,,,,,,,
hbo:5794,"besar, sangat berkuasa, lebih berkuasa, dengan kuasa",,,,,,,,,,,,,
hbo:5795,"kambing, anak kambing, kambing hitam",,,,,,,,,,,,,
hbo:5797,"besar, sangat berkuasa, lebih berkuasa, dengan kuasa",,,,,,,,,,,,,
hbo:5798,Uza,,,,,,,,,,,,,
hbo:5799,Azazel,,,,,,,,,,,,,
hbo:5800,meninggalkan,meninggalkan,ditinggalkan,,ditinggalkan,,,,,,,,,
hbo:5800a,meninggalkan,,,,,,,,,,,,,
hbo:5802,Azbuk,,,,,,,,,,,,,
hbo:5803,Azgad,,,,,,,,,,,,,
hbo:5804,Gaza,,,,,,,,,,,,,
hbo:5806,Azuba,,,,,,,,,,,,,
hbo:5807,"besar, sangat berkuasa, lebih berkuasa, dengan kuasa",,,,,,,,,,,,,
hbo:5808,kuat,,,,,,,,,,,,,
hbo:5809,Azur,,,,,,,,,,,,,
hbo:5810,"besar, sangat berkuasa, lebih berkuasa, dengan kuasa",kuat,,,,,menampakkan wajah berani,,,,,,,
hbo:5811,Azaz,,,,,,,,,,,,,
hbo:5812,Azazya,,,,,,,,,,,,,
hbo:5813,Uzi,,,,,,,,,,,,,
hbo:5814,Uzia,,,,,,,,,,,,,
hbo:5815,Aziel,,,,,,,,,,,,,
hbo:5816,Uziel,,,,,,,,,,,,,
hbo:5817,Uziili,,,,,,,,,,,,,
hbo:5818,Azarya,,,,,,,,,,,,,
hbo:5819,Aziza,,,,,,,,,,,,,
hbo:5820,Azmawet,,,,,,,,,,,,,
hbo:5821,Azzan,,,,,,,,,,,,,
hbo:5822,elang,,,,,,,,,,,,,
hbo:5823,mengolah,,,,,,,,,,,,,
hbo:5825,Azeqa,,,,,,,,,,,,,
hbo:5826,menolong,menolong,tertolong,,,,menolong,,,,,,,
hbo:5828,penolong,,,,,,,,,,,,,
hbo:5829,penolong,,,,,,,,,,,,,
hbo:5830,Ezra,,,,,,,,,,,,,
hbo:5832,Azarel,,,,,,,,,,,,,
hbo:5833,pertolongan,,,,,,,,,,,,,
hbo:5835,pelataran,,,,,,,,,,,,,
hbo:5836,Ezri,,,,,,,,,,,,,
hbo:5837,Azriel,,,,,,,,,,,,,
hbo:5838,Azarya,,,,,,,,,,,,,
hbo:5840,Azrikam,,,,,,,,,,,,,
hbo:5841,Gaza,,,,,,,,,,,,,
hbo:5842,pena,,,,,,,,,,,,,
hbo:5844,membungkus,membungkus,,,,,membungkus dengan,,,,,,,
hbo:5844a,membungkus,,,,,,,,,,,,,
hbo:5845,perut,,,,,,,,,,,,,
hbo:5846,bersin,,,,,,,,,,,,,
hbo:5847,kelelawar,,,,,,,,,,,,,
hbo:5848,pingsan,,,,,,,,,,,,,
hbo:5848a,pingsan,melemah,merana,,,pingsan berulang,melemahkan,,,,,,,
hbo:5848b,pingsan,,,,,,,,,,,,,
hbo:5849,"mahkota, memahkotai, dimahkotai",mengelilingi,,membuat mahkota,,,memberi mahkota,,,,,,,
hbo:5850,"mahkota, memahkotai, dimahkotai",,,,,,,,,,,,,
hbo:5852,Atarот,,,,,,,,,,,,,
hbo:5853,Atarот-Adar,,,,,,,,,,,,,
hbo:5854,Atarот-Bet-Yoab,,,,,,,,,,,,,
hbo:5855,Atarот-Sofan,,,,,,,,,,,,,
hbo:5856,reruntuhan,,,,,,,,,,,,,
hbo:5857,Ai,,,,,,,,,,,,,
hbo:5858,Ebal,,,,,,,,,,,,,
hbo:5858a,Ebal,,,,,,,,,,,,,
hbo:5859,Ijon,,,,,,,,,,,,,
hbo:5861,"mangsa, memangsa",,,,,,,,,,,,,
hbo:5862,Etam,,,,,,,,,,,,,
hbo:5863,Iye-Abarim,,,,,,,,,,,,,
hbo:5864,Iyim,,,,,,,,,,,,,
hbo:5866,Ilai,,,,,,,,,,,,,
hbo:5867,"Elam, orang-orang Elam",,,,,,,,,,,,,
hbo:5869,"sumber air, mata air",,,,,,,,,,,,,
hbo:5871,"sumber air, mata air",,,,,,,,,,,,,
hbo:5872,En Gedi,,,,,,,,,,,,,
hbo:5873,En-ganim,,,,,,,,,,,,,
hbo:5874,En-dor,,,,,,,,,,,,,
hbo:5876,En-hadah,,,,,,,,,,,,,
hbo:5877,En-hazor,,,,,,,,,,,,,
hbo:5878,"sumber air, mata air",,,,,,,,,,,,,
hbo:5879,Enaim,,,,,,,,,,,,,
hbo:5879a,Enaim,,,,,,,,,,,,,
hbo:5880,En-mishpat,,,,,,,,,,,,,
hbo:5881,Enan,,,,,,,,,,,,,
hbo:5882,En-eglaim,,,,,,,,,,,,,
hbo:5883,En-rogel,,,,,,,,,,,,,
hbo:5884,Rimon,,,,,,,,,,,,,
hbo:5885,En-shemesh,,,,,,,,,,,,,
hbo:5887,En-tappuah,,,,,,,,,,,,,
hbo:5888,terbang,,,,,,,,,,,,,
hbo:5889,lelah,,,,,,,,,,,,,
hbo:5891,Efah,,,,,,,,,,,,,
hbo:5892,Kota Daud,,,,,,,,,,,,,
hbo:5892a,Kota Daud,,,,,,,,,,,,,
hbo:5895,"keledai, bagal",,,,,,,,,,,,,
hbo:5896,Ira,,,,,,,,,,,,,
hbo:5897,Irad,,,,,,,,,,,,,
hbo:5900,Iru,,,,,,,,,,,,,
hbo:5901,Iri,,,,,,,,,,,,,
hbo:5902,Iram,,,,,,,,,,,,,
hbo:5903,telanjang,,,,,,,,,,,,,
hbo:5904,Ir-nahash,,,,,,,,,,,,,
hbo:5906,"beruang, beruang-beruang",,,,,,,,,,,,,
hbo:5907,Akhbor,,,,,,,,,,,,,
hbo:5908,laba-laba,,,,,,,,,,,,,
hbo:5909,tikus,,,,,,,,,,,,,
hbo:5910,Akko,,,,,,,,,,,,,
hbo:5911,lembah Achor,,,,,,,,,,,,,
hbo:5912,Achan,,,,,,,,,,,,,
hbo:5914,gelang kaki,,,,,,,,,,,,,
hbo:5915,Achsa,,,,,,,,,,,,,
hbo:5916,"masalah, kesulitan, bermasalah, pembuat masalah",mengganggu,terganggu,,,,,,,,,,,
hbo:5917,Achan,,,,,,,,,,,,,
hbo:5918,Ochran,,,,,,,,,,,,,
hbo:5919,"ular, ular berbisa, ular beludak",,,,,,,,,,,,,
hbo:5921,atas,,,,,,,,,,,,,
hbo:5921|3963a,atas,,,,,,,,,,,,,
hbo:5923,kuk,,,,,,,,,,,,,
hbo:5924,atas,,,,,,,,,,,,,
hbo:5925,Ulla,,,,,,,,,,,,,
hbo:5926,gagap,,,,,,,,,,,,,
hbo:5927,"korban, dikorbankan, mengorbankan, persembahan",naik,diangkat,,,mengangkat diri,membawa naik,dipersembahkan,,,,,,
hbo:5929,daun,,,,,,,,,,,,,
hbo:5930,"Korban Bakaran, Korban api-apian",,,,,,,,,,,,,
hbo:5933,Alvah,,,,,,,,,,,,,
hbo:5935,Alvan,,,,,,,,,,,,,
hbo:5936,lintah,,,,,,,,,,,,,
hbo:5938,bergembira,,,,,,,,,,,,,
hbo:5939,kegelapan,,,,,,,,,,,,,
hbo:5940,lesung,,,,,,,,,,,,,
hbo:5941,Eli,,,,,,,,,,,,,
hbo:5942,atas,,,,,,,,,,,,,
hbo:5944,kamar atas,,,,,,,,,,,,,
hbo:5945a,Mahatinggi,,,,,,,,,,,,,
hbo:5947,"sukacita, bersukacita, kesukacitaan",,,,,,,,,,,,,
hbo:5948,tungku pembakaran,,,,,,,,,,,,,
hbo:5949,"malu, memalukan, merasa malu, dipermalukan",,,,,,,,,,,,,
hbo:5950,perbuatan,,,,,,,,,,,,,
hbo:5953,"memungut, memetik",,,menangani,ditangani,memperlakukan semena-mena,,,,,,,,
hbo:5955,"memungut, memetik",,,,,,,,,,,,,
hbo:5956,"kerudung, kerudung, kerudung, terbuka",tersembunyi,tersembunyi,,,bersembunyi,menyembunyikan,,,,,,,
hbo:5958,pemuda,,,,,,,,,,,,,
hbo:5959,"sumber air, mata air",,,,,,,,,,,,,
hbo:5960,Almon,,,,,,,,,,,,,
hbo:5962,Elam,,,,,,,,,,,,,
hbo:5964,Alemot,,,,,,,,,,,,,
hbo:5964a,Alemot,,,,,,,,,,,,,
hbo:5965,"kesenangan, kesukaan, gembira",menikmati,berkibaran gembira,,,bersukacita,,,,,,,,
hbo:5967,rusuk,,,,,,,,,,,,,
hbo:5968,pingsan,,,,pingsan,pingsan,,,,,,,,
hbo:5969,keputihan,,,,,,,,,,,,,
hbo:5970,"sukacita, bersukacita, kesukacitaan",,,,,,,,,,,,,
hbo:5971,"bangsa, bangsa-bangsa",,,,,,,,,,,,,
hbo:5973,dengan,,,,,,,,,,,,,
hbo:5975,"menunjuk, ditunjuk",berdiri,,,,,mendirikan,didirikan,,,,,,
hbo:5977,tempat,,,,,,,,,,,,,
hbo:5978,denganku,,,,,,,,,,,,,
hbo:5979,sandaran,,,,,,,,,,,,,
hbo:5980,sejajar,,,,,,,,,,,,,
hbo:5981,Ummah,,,,,,,,,,,,,
hbo:5982,"kolom, kolom-kolom, pilar, pilar-pilar",,,,,,,,,,,,,
hbo:5983,"Amon, orang Amon, perempuan Amon",,,,,,,,,,,,,
hbo:5984,"Amon, orang Amon, perempuan Amon",,,,,,,,,,,,,
hbo:5986,Amos,,,,,,,,,,,,,
hbo:5987,Amok,,,,,,,,,,,,,
hbo:5988,Ammiel,,,,,,,,,,,,,
hbo:5989,Ammihud,,,,,,,,,,,,,
hbo:5990,Ammizabad,,,,,,,,,,,,,
hbo:5992,Aminadab,,,,,,,,,,,,,
hbo:5994,dalam,,,,,,,,,,,,,
hbo:5995,berkas,,,,,,,,,,,,,
hbo:5996,Ammisadai,,,,,,,,,,,,,
hbo:5997,sahabat,,,,,,,,,,,,,
hbo:5999,"masalah, kesulitan, bermasalah, pembuat masalah",,,,,,,,,,,,,
hbo:6001a,"masalah, kesulitan, bermasalah, pembuat masalah",,,,,,,,,,,,,
hbo:6002,"Amalek, Orang Amalek, Orang-Orang Amalek",,,,,,,,,,,,,
hbo:6003,"Amalek, Orang Amalek, Orang-Orang Amalek",,,,,,,,,,,,,
hbo:6004,kusam,,,,,,,,,,,,,
hbo:6006,memikul,memikul,,,,,membebankan,,,,,,,
hbo:6007,Amasya,,,,,,,,,,,,,
hbo:6008,Amad,,,,,,,,,,,,,
hbo:6009,,dalam,,,,,mendalamkan,,,,,,,
hbo:6010,lembah,,,,,,,,,,,,,
hbo:6011,kedalaman,,,,,,,,,,,,,
hbo:6012,sulit,,,,,,,,,,,,,
hbo:6013,dalam,,,,,,,,,,,,,
hbo:6014a,mengikat,,,,,,,,,,,,,
hbo:6016,"biji-bijian, ladang gandum",,,,,,,,,,,,,
hbo:6016a,"biji-bijian, ladang gandum",,,,,,,,,,,,,
hbo:6017,Gomora,,,,,,,,,,,,,
hbo:6018,Omri,,,,,,,,,,,,,
hbo:6019,Amram,,,,,,,,,,,,,
hbo:6020,Amrami,,,,,,,,,,,,,
hbo:6021,Amasa,,,,,,,,,,,,,
hbo:6022,Amasai,,,,,,,,,,,,,
hbo:6023,Amasyai,,,,,,,,,,,,,
hbo:6024,Anab,,,,,,,,,,,,,
hbo:6025,"anggur, selentingan",,,,,,,,,,,,,
hbo:6026,"kesenangan, kesukaan, gembira",,,,dimanjakan,memanjakan diri,,,,,,,,
hbo:6027,kesenangan,,,,,,,,,,,,,
hbo:6028,lemah lembut,,,,,,,,,,,,,
hbo:6029,"mengikat, terikat, ikatan",,,,,,,,,,,,,
hbo:6030,"kesaksian, bersaksi, saksi, saksi-saksi",menjawab,dijawab,,,,menanggapi,,,,,,,
hbo:6031,"yang menderita, menimpa, menderita, penderitaan",membungkuk,merendahkan diri,menindas,direndahkan,ditindas,menindas,,,,,,,
hbo:6034,Anah,,,,,,,,,,,,,
hbo:6035,"rendah hati, kesederhanaan",,,,,,,,,,,,,
hbo:6036,Anub,,,,,,,,,,,,,
hbo:6038,"rendah hati, kesederhanaan",,,,,,,,,,,,,
hbo:6039,"yang menderita, menimpa, menderita, penderitaan",,,,,,,,,,,,,
hbo:6040,"yang menderita, menimpa, menderita, penderitaan",,,,,,,,,,,,,
hbo:6041,"yang menderita, menimpa, menderita, penderitaan",,,,,,,,,,,,,
hbo:6042,Uni,,,,,,,,,,,,,
hbo:6043,Anaya,,,,,,,,,,,,,
hbo:6044,Anim,,,,,,,,,,,,,
hbo:6045,perkara,,,,,,,,,,,,,
hbo:6046,Anem,,,,,,,,,,,,,
hbo:6047,Anamim,,,,,,,,,,,,,
hbo:6048,Anammelek,,,,,,,,,,,,,
hbo:6049,"tenung, penenung, perdukunan, dukun",,,,,,,,,,,,,
hbo:6051,awan,,,,,,,,,,,,,
hbo:6053,awan,,,,,,,,,,,,,
hbo:6054,Anani,,,,,,,,,,,,,
hbo:6055,Ananya,,,,,,,,,,,,,
hbo:6055a,Ananya,,,,,,,,,,,,,
hbo:6057,cabang,,,,,,,,,,,,,
hbo:6058,bercabang,,,,,,,,,,,,,
hbo:6059,kalung,mengenakan kalung,,,,,membebani leher,,,,,,,
hbo:6060,leher,,,,,,,,,,,,,
hbo:6061,Anak,,,,,,,,,,,,,
hbo:6063,Aner,,,,,,,,,,,,,
hbo:6063a,Aner,,,,,,,,,,,,,
hbo:6064,denda,mengenakan denda,dikenakan denda,,,,,,,,,,,
hbo:6066,"cukai, pajak, kena pajak, perpajakan",,,,,,,,,,,,,
hbo:6067,Anat,,,,,,,,,,,,,
hbo:6068,Anatot,,,,,,,,,,,,,
hbo:6068a,Anatot,,,,,,,,,,,,,
hbo:6069,orang Anatot,,,,,,,,,,,,,
hbo:6070,Antotija,,,,,,,,,,,,,
hbo:6071,"anggur, alat pemeras anggur, penekan anggur, kantung anggur",,,,,,,,,,,,,
hbo:6072,"menginjak-injak, terinjak",,,,,,,,,,,,,
hbo:6074,daun,,,,,,,,,,,,,
hbo:6075,memberani,,,,membengkak,,menunjukkan kelalaian,,,,,,,
hbo:6077,bisul,,,,,,,,,,,,,
hbo:6078,Ofni,,,,,,,,,,,,,
hbo:6081,Efer,,,,,,,,,,,,,
hbo:6082,"rusa, kijang betina, kijang, kijang jantan",,,,,,,,,,,,,
hbo:6083,debu,,,,,,,,,,,,,
hbo:6084,Ofra,,,,,,,,,,,,,
hbo:6084a,Ofra,,,,,,,,,,,,,
hbo:6085,Efron,,,,,,,,,,,,,
hbo:6085a,Efron,,,,,,,,,,,,,
hbo:6086,pohon,,,,,,,,,,,,,
hbo:6087a,"meratap, ratapan, meratapi, peratap",mencelakai,terluka,mengesalkan,,bersedih,menyedihkan,,,,,,,
hbo:6089,"kerja, pekerjaan, pekerja",,,,,,,,,,,,,
hbo:6089a,"kerja, pekerjaan, pekerja",,,,,,,,,,,,,
hbo:6090,"salah, pelanggar, berbuat salah, menganiaya",,,,,,,,,,,,,
hbo:6090a,"salah, pelanggar, berbuat salah, menganiaya",,,,,,,,,,,,,
hbo:6091,"illah, allah palsu, dewa, dewi",,,,,,,,,,,,,
hbo:6093,kesusahan,,,,,,,,,,,,,
hbo:6094,luka,,,,,,,,,,,,,
hbo:6096,tulang belakang,,,,,,,,,,,,,
hbo:6098,"nasihat, konselor, saran, penasihat",,,,,,,,,,,,,
hbo:6098a,"nasihat, konselor, saran, penasihat",,,,,,,,,,,,,
hbo:6099,"besar, sangat berkuasa, lebih berkuasa, dengan kuasa",,,,,,,,,,,,,
hbo:6100,Ezion-Geber,,,,,,,,,,,,,
hbo:6101,malas,,,,,,,,,,,,,
hbo:6102,pemalas,,,,,,,,,,,,,
hbo:6103,kemalasan,,,,,,,,,,,,,
hbo:6104,kemalasan,,,,,,,,,,,,,
hbo:6105,"besar, sangat berkuasa, lebih berkuasa, dengan kuasa",menjadi kuat,,menggigit tulang,,,menguatkan,,,,,,,
hbo:6106,tulang,,,,,,,,,,,,,
hbo:6107,tulang,,,,,,,,,,,,,
hbo:6108,"besar, sangat berkuasa, lebih berkuasa, dengan kuasa",,,,,,,,,,,,,
hbo:6108a,"besar, sangat berkuasa, lebih berkuasa, dengan kuasa",,,,,,,,,,,,,
hbo:6109,apa,,,,,,,,,,,,,
hbo:6111,Azmon,,,,,,,,,,,,,
hbo:6113,tahan,menahan,ditahan,,,,,,,,,,,
hbo:6114,penguasa,,,,,,,,,,,,,
hbo:6115,kesengsaraan,,,,,,,,,,,,,
hbo:6116,"majelis, pertemuan, berkumpul, telah berkumpul",,,,,,,,,,,,,
hbo:6117,"Israel, Orang Israel, Orang-orang Israel, Yakub",mengikut dari belakang,,menahan,,,,,,,,,,
hbo:6118,"upah, upahan, memberikan upah, pemberi upah",,,,,,,,,,,,,
hbo:6119,tumit,,,,,,,,,,,,,
hbo:6121a,bengkok,,,,,,,,,,,,,
hbo:6122,lihai,,,,,,,,,,,,,
hbo:6123,"mengikat, terikat, ikatan",,,,,,,,,,,,,
hbo:6124,belang,,,,,,,,,,,,,
hbo:6125,tekanan,,,,,,,,,,,,,
hbo:6126,Akub,,,,,,,,,,,,,
hbo:6127,"sesat, secara sesat",,,,,,,,,,,,,
hbo:6128,berliku,,,,,,,,,,,,,
hbo:6129,berkelok,,,,,,,,,,,,,
hbo:6130,Akan,,,,,,,,,,,,,
hbo:6131,mencabut,mencabut,tercabut,melumpuhkan,,,,,,,,,,
hbo:6133,keturunan,,,,,,,,,,,,,
hbo:6135,tandus,,,,,,,,,,,,,
hbo:6137,kalajengking,,,,,,,,,,,,,
hbo:6138,"Ekron, orang-orang Ekron",,,,,,,,,,,,,
hbo:6139,"Ekron, orang-orang Ekron",,,,,,,,,,,,,
hbo:6140,,,berbelok dari jalan,membelokkan,,,menganggap bersalah,,,,,,,
hbo:6141,"sesat, secara sesat",,,,,,,,,,,,,
hbo:6142,"sesat, secara sesat",,,,,,,,,,,,,
hbo:6143,kemelikan,,,,,,,,,,,,,
hbo:6144,Ar,,,,,,,,,,,,,
hbo:6147,Er,,,,,,,,,,,,,
hbo:6148,"ikrar, diikrarkan",menjamin,,,,bertaruh,,,,,,,,
hbo:6150,senja,menjadi sore,,,,,melakukan di sore hari,,,,,,,
hbo:6152,bercampur,,,,,,,,,,,,,
hbo:6153,"korban sajian, persembahan biji-bijan",,,,,,,,,,,,,
hbo:6154,arab,,,,,,,,,,,,,
hbo:6154a,arab,,,,,,,,,,,,,
hbo:6155,Arabia,,,,,,,,,,,,,
hbo:6156,"baik, kebaikan",,,,,,,,,,,,,
hbo:6157,kawanan serangga,,,,,,,,,,,,,
hbo:6158,gagak,,,,,,,,,,,,,
hbo:6159,gagak,,,,,,,,,,,,,
hbo:6160,Arabia,,,,,,,,,,,,,
hbo:6161,"ikrar, diikrarkan",,,,,,,,,,,,,
hbo:6162,"ikrar, diikrarkan",,,,,,,,,,,,,
hbo:6163,"Arabia, orang Arabian",,,,,,,,,,,,,
hbo:6163a,"Arabia, orang Arabian",,,,,,,,,,,,,
hbo:6164,Arbaati,,,,,,,,,,,,,
hbo:6165,merindukan,,,,,,,,,,,,,
hbo:6166,Arad,,,,,,,,,,,,,
hbo:6166a,Arad,,,,,,,,,,,,,
hbo:6168,membuka,,tumpah,mengosongkan,,membuka diri,membuat telanjang,,,,,,,
hbo:6170,bedengan,,,,,,,,,,,,,
hbo:6171,"keledai, bagal",,,,,,,,,,,,,
hbo:6172,ketelanjangan,,,,,,,,,,,,,
hbo:6174,telanjang,,,,,,,,,,,,,
hbo:6175,"kebijaksanaan, kehati-hatian, hati-hati, bijaksana",,,,,,,,,,,,,
hbo:6177,Aroer,,,,,,,,,,,,,
hbo:6178,mengerikan,,,,,,,,,,,,,
hbo:6179,Eri,,,,,,,,,,,,,
hbo:6181,ketelanjangan,,,,,,,,,,,,,
hbo:6182,adonan,,,,,,,,,,,,,
hbo:6184,"teror, ketakutan, mengerikan",,,,,,,,,,,,,
hbo:6185,tanpa anak,,,,,,,,,,,,,
hbo:6186,"menahbiskan, menetapkan, ditahbiskan, ketetapan",menata,,,,,menilai,,,,,,,
hbo:6187,nilai,,,,,,,,,,,,,
hbo:6188,"menyunat, disunat, penyunatan, tidak disunat",membiarkan tidak dipanen,menampakkan khitan,,,,,,,,,,,
hbo:6189,"menyunat, disunat, penyunatan, tidak disunat",,,,,,,,,,,,,
hbo:6190,kulup,,,,,,,,,,,,,
hbo:6191,,bersifat licik,,,,,merencanakan dengan licik,,,,,,,
hbo:6192,menimbun,,,,,,,,,,,,,
hbo:6194,"kebijaksanaan, kehati-hatian, hati-hati, bijaksana",,,,,,,,,,,,,
hbo:6195,"kebijaksanaan, kehati-hatian, hati-hati, bijaksana",,,,,,,,,,,,,
hbo:6196,pohon chinar,,,,,,,,,,,,,
hbo:6197,Eran,,,,,,,,,,,,,
hbo:6198,Eranit,,,,,,,,,,,,,
hbo:6199,sengsara,,,,,,,,,,,,,
hbo:6200,Aroerit,,,,,,,,,,,,,
hbo:6201,meneteskan,,,,,,,,,,,,,
hbo:6202,potong leher,,,,,,,,,,,,,
hbo:6203,tengkuk,,,,,,,,,,,,,
hbo:6204,Orpa,,,,,,,,,,,,,
hbo:6205,mendung,,,,,,,,,,,,,
hbo:6206,"takut, kuatir, ketakutan",takut,menakutkan,,,,membuat gemetar,,,,,,,
hbo:6207,menggigit,,,,,,,,,,,,,
hbo:6208,Arkit,,,,,,,,,,,,,
hbo:6209,telanjang,melepas pakaian,,meruntuhkan,,runtuh,,,,,,,,
hbo:6210,tempat tidur,,,,,,,,,,,,,
hbo:6211,ngengat,,,,,,,,,,,,,
hbo:6211a,ngengat,,,,,,,,,,,,,
hbo:6211b,ngengat,,,,,,,,,,,,,
hbo:6212,"menanam, ditanam kembali, ditransplantasikan, menabur benih",,,,,,,,,,,,,
hbo:6213,membuat,membuat,terbuat,menekan,diproduksi,,,,,,,,,
hbo:6214,Asahel,,,,,,,,,,,,,
hbo:6215,Esau,,,,,,,,,,,,,
hbo:6218,"hari, hari-hari",,,,,,,,,,,,,
hbo:6220,Asyuat,,,,,,,,,,,,,
hbo:6221,Asiel,,,,,,,,,,,,,
hbo:6222,Asaya,,,,,,,,,,,,,
hbo:6223,kaya,,,,,,,,,,,,,
hbo:6224,kesepuluh,,,,,,,,,,,,,
hbo:6226,berasap,,,,,,,,,,,,,
hbo:6227,asap,,,,,,,,,,,,,
hbo:6228,asap,,,,,,,,,,,,,
hbo:6230,Esek,,,,,,,,,,,,,
hbo:6231,menindas,menindas,,,ditindas,,,,,,,,,
hbo:6232,Esek,,,,,,,,,,,,,
hbo:6233,penindasan,,,,,,,,,,,,,
hbo:6234,penindasan,,,,,,,,,,,,,
hbo:6235,"Sepuluh Hukum, Dasa Titah",,,,,,,,,,,,,
hbo:6237,"sepersepuluh, persepuluhan, berzakat, perpuluhan",mengambil persepuluhan,,memberikan persepuluhan,,,memberikan persepuluhan,,,,,,,
hbo:6238,"sejahtera, makmur, menjadi makmur, kemakmuran",menjadi kaya,,,,menyombongkan kekayaan,memperkaya,,,,,,,
hbo:6239,kekayaan,,,,,,,,,,,,,
hbo:6240,"hari, hari-hari",,,,,,,,,,,,,
hbo:6241,sepersepuluh,,,,,,,,,,,,,
hbo:6242,"kambing, anak kambing, kambing hitam",,,,,,,,,,,,,
hbo:6243,dua puluh,,,,,,,,,,,,,
hbo:6244,"limbah, terbuang, menyia-nyiakan, tanah pembuangan",,,,,,,,,,,,,
hbo:6247,lempengan,,,,,,,,,,,,,
hbo:6248,pikiran,,,,,,,,,,,,,
hbo:6249,sebelas,,,,,,,,,,,,,
hbo:6251,anak,,,,,,,,,,,,,
hbo:6252,"Asyera, tiang berhala Asyera, Asytoret",,,,,,,,,,,,,
hbo:6253,"Asyera, tiang berhala Asyera, Asytoret",,,,,,,,,,,,,
hbo:6254,Asterati,,,,,,,,,,,,,
hbo:6255,Asterot Karnayim,,,,,,,,,,,,,
hbo:6256,waktu,,,,,,,,,,,,,
hbo:6257,siap,,,menyiapkan,,disiapkan,,,,,,,,
hbo:6258,sekarang,,,,,,,,,,,,,
hbo:6260,"kambing, anak kambing, kambing hitam",,,,,,,,,,,,,
hbo:6261,tepat,,,,,,,,,,,,,
hbo:6264,siap,,,,,,,,,,,,,
hbo:6265,Ataya,,,,,,,,,,,,,
hbo:6266,pakaian ketat,,,,,,,,,,,,,
hbo:6267,kuno,,,,,,,,,,,,,
hbo:6269,Atak,,,,,,,,,,,,,
hbo:6270,Atlai,,,,,,,,,,,,,
hbo:6271,Atalya,,,,,,,,,,,,,
hbo:6272,terbakar,,,,,,,,,,,,,
hbo:6273,Otni,,,,,,,,,,,,,
hbo:6274,Otniel,,,,,,,,,,,,,
hbo:6275,"usia, zaman",maju,,,,,memajukan,,,,,,,
hbo:6276,kaya,,,,,,,,,,,,,
hbo:6277,"sombong, orang sombong, kesombongan",,,,,,,,,,,,,
hbo:6279,"berdoa, doa, pendoa, didoakan",berdoa,terenyuh,,,,memohon,,,,,,,
hbo:6281,Eter,,,,,,,,,,,,,
hbo:6282a,penyembah,,,,,,,,,,,,,
hbo:6283,kelimpahan,,,,,,,,,,,,,
hbo:6285,sisi,,,,,,,,,,,,,
hbo:6286,"Mulia, Kemuliaan, Memuliakan",,,memuliakan,,dimuliakan,,,,,,,,
hbo:6286a,"Mulia, Kemuliaan, Memuliakan",,,,,,,,,,,,,
hbo:6287,mahkota,,,,,,,,,,,,,
hbo:6288,cabang,,,,,,,,,,,,,
hbo:6288a,cabang,,,,,,,,,,,,,
hbo:6289,pucat,,,,,,,,,,,,,
hbo:6290,Paran,,,,,,,,,,,,,
hbo:6291,buah ara,,,,,,,,,,,,,
hbo:6292,busuk,,,,,,,,,,,,,
hbo:6293,"berdoa, doa, pendoa, didoakan",berjumpa,,,,,menyebabkan jatuh,,,,,,,
hbo:6294,kebetulan,,,,,,,,,,,,,
hbo:6295,Pagiel,,,,,,,,,,,,,
hbo:6297,mayat,,,,,,,,,,,,,
hbo:6298,bertemu,bertemu,saling bertemu,menghadapi,,,,,,,,,,
hbo:6299,"menebus, penebusan, penebus",menebus,ditebus,,,,membiarkan tebus,ditebus,,,,,,
hbo:6300,Pedahel,,,,,,,,,,,,,
hbo:6301,Pedahzur,,,,,,,,,,,,,
hbo:6302,tebusan,,,,,,,,,,,,,
hbo:6303,Padon,,,,,,,,,,,,,
hbo:6304,"menebus, penebusan, penebus",,,,,,,,,,,,,
hbo:6305,Pedaya,,,,,,,,,,,,,
hbo:6306,"tebusan, terteb",,,,,,,,,,,,,
hbo:6306a,"tebusan, terteb",,,,,,,,,,,,,
hbo:6307,Padan Aram,,,,,,,,,,,,,
hbo:6308,selamatkan,,,,,,,,,,,,,
hbo:6309,lemak,,,,,,,,,,,,,
hbo:6310,mulut,,,,,,,,,,,,,
hbo:6311,di sini,,,,,,,,,,,,,
hbo:6312,Pua,,,,,,,,,,,,,
hbo:6313,lumpuh,menjadi dingin,menjadi beku,,,,,,,,,,,
hbo:6314,henti,,,,,,,,,,,,,
hbo:6315,mengucapkan,bernafas,,,,,menyebabkan menghembuskan,,,,,,,
hbo:6315a,mengucapkan,,,,,,,,,,,,,
hbo:6316,Put,,,,,,,,,,,,,
hbo:6317,Putiel,,,,,,,,,,,,,
hbo:6318,Potifar,,,,,,,,,,,,,
hbo:6319,Potifra,,,,,,,,,,,,,
hbo:6320,kosmetik,,,,,,,,,,,,,
hbo:6322,Pul,,,,,,,,,,,,,
hbo:6322a,Pul,,,,,,,,,,,,,
hbo:6323,mengalihkan,,,,,,,,,,,,,
hbo:6324,Puni,,,,,,,,,,,,,
hbo:6325,Punon,,,,,,,,,,,,,
hbo:6326,Pua,,,,,,,,,,,,,
hbo:6327,"menyebar, penyebaran",tersebar,terdispersi,,,,menyebarkan,,,,,,,
hbo:6329,,goyah,,,,,menggoyahkan,,,,,,,
hbo:6330,keruntuhan,,,,,,,,,,,,,
hbo:6332,Purim,,,,,,,,,,,,,
hbo:6333,tempat anggur,,,,,,,,,,,,,
hbo:6334,Porata,,,,,,,,,,,,,
hbo:6335,"menyebar, penyebaran",melompat-lompat,terhambur,,,,,,,,,,,
hbo:6336,Puti,,,,,,,,,,,,,
hbo:6337,emas,,,,,,,,,,,,,
hbo:6339,melompat,lincah,,meloncat,,,,,,,,,,
hbo:6340,"menyebar, penyebaran",tersebar,terdispersi,menyebarkan,tersebar,,,,,,,,,
hbo:6341,"jerat, menjerat, menjebak, jebakan",,,,,,,,,,,,,
hbo:6341a,"jerat, menjerat, menjebak, jebakan",,,,,,,,,,,,,
hbo:6342,"takut, kuatir, ketakutan",berguncang,,ketakutan,,,menggoncangkan,,,,,,,
hbo:6343,"takut, kuatir, ketakutan",,,,,,,,,,,,,
hbo:6345,ketakutan,,,,,,,,,,,,,
hbo:6346,"memerintah, pemerintah, pemerintah-pemerintah, gubernur",,,,,,,,,,,,,
hbo:6348,bertindak sembrono,,,,,,,,,,,,,
hbo:6349,kesembronoan,,,,,,,,,,,,,
hbo:6350,kecerobohan,,,,,,,,,,,,,
hbo:6351,menjebak,,,,,,,,,,,,,
hbo:6352,arang,,,,,,,,,,,,,
hbo:6353,tembikar,,,,,,,,,,,,,
hbo:6354,"lubang, jebakan",,,,,,,,,,,,,
hbo:6355,"Moab, orang Moab, perempuan Moab",,,,,,,,,,,,,
hbo:6356,penggelapan,,,,,,,,,,,,,
hbo:6357,topas,,,,,,,,,,,,,
hbo:6358,,melepaskan diri,,,,,membuka mulut dengan menghina,,,,,,,
hbo:6360,martil,,,,,,,,,,,,,
hbo:6363,anak sulung,,,,,,,,,,,,,
hbo:6363a,anak sulung,,,,,,,,,,,,,
hbo:6365,"hancur, binasa, penghancur, pembinasa",,,,,,,,,,,,,
hbo:6367,Fiharot,,,,,,,,,,,,,
hbo:6368,abu,,,,,,,,,,,,,
hbo:6369,Pikol,,,,,,,,,,,,,
hbo:6370,"selir, gundik",,,,,,,,,,,,,
hbo:6371,lemak,,,,,,,,,,,,,
hbo:6372,Pineha,,,,,,,,,,,,,
hbo:6373,Pinon,,,,,,,,,,,,,
hbo:6376,Pison,,,,,,,,,,,,,
hbo:6377,Piton,,,,,,,,,,,,,
hbo:6378,buli,,,,,,,,,,,,,
hbo:6379,merembes,,,,,,,,,,,,,
hbo:6381,,,menjadi ajaib,menyempurnakan,,menampakkan keajaiban,melakukan mukjizat,,,,,,,
hbo:6382,"mujizat, keajaiban, tanda",,,,,,,,,,,,,
hbo:6383,ajaib,,,,,,,,,,,,,
hbo:6384,Paluite,,,,,,,,,,,,,
hbo:6385,,,terbagi,membelah,,,,,,,,,,
hbo:6388,Peleg,,,,,,,,,,,,,
hbo:6389,Peleg,,,,,,,,,,,,,
hbo:6390,aliran,,,,,,,,,,,,,
hbo:6391,pembagian,,,,,,,,,,,,,
hbo:6394,Pildas,,,,,,,,,,,,,
hbo:6395,istimewa,,terpisah,,,,membedakan,,,,,,,
hbo:6396,Palu,,,,,,,,,,,,,
hbo:6398,,membelah,,memotong-motong,,,,,,,,,,
hbo:6400,biji,,,,,,,,,,,,,
hbo:6401,Pilha,,,,,,,,,,,,,
hbo:6402,pelayanan,,,,,,,,,,,,,
hbo:6403,,meloloskan diri,,membawa lari,,,menyelamatkan,,,,,,,
hbo:6404,Pelet,,,,,,,,,,,,,
hbo:6406,Palti,,,,,,,,,,,,,
hbo:6409,Paltiel,,,,,,,,,,,,,
hbo:6410,Pelatya,,,,,,,,,,,,,
hbo:6411,Pelaya,,,,,,,,,,,,,
hbo:6412,selamat,,,,,,,,,,,,,
hbo:6412a,selamat,,,,,,,,,,,,,
hbo:6413,"menolong, menyelamatkan, penolong, penyelamat",,,,,,,,,,,,,
hbo:6414,hakim,,,,,,,,,,,,,
hbo:6415,pertimbangan,,,,,,,,,,,,,
hbo:6416,hakim,,,,,,,,,,,,,
hbo:6417,kebodohan,,,,,,,,,,,,,
hbo:6418,tongkat,,,,,,,,,,,,,
hbo:6418a,tongkat,,,,,,,,,,,,,
hbo:6419,"berdoa, doa, pendoa, didoakan",,,,,,,,,,,,,
hbo:6420,Palal,,,,,,,,,,,,,
hbo:6421,Pelalya,,,,,,,,,,,,,
hbo:6423,si fulan,,,,,,,,,,,,,
hbo:6425,timbangan,,,,,,,,,,,,,
hbo:6426,"kolom, kolom-kolom, pilar, pilar-pilar",,,,,,,,,,,,,
hbo:6427,"gemetar, gemetaran, bergetar, berguncang",,,,,,,,,,,,,
hbo:6428,bergolek,,,,,,,,,,,,,
hbo:6429,Filistin,,,,,,,,,,,,,
hbo:6430,Orang Filistin,,,,,,,,,,,,,
hbo:6431,Orang Filistin,,,,,,,,,,,,,
hbo:6432,Peleti,,,,,,,,,,,,,
hbo:6433,mulut,,,,,,,,,,,,,
hbo:6435,supaya tidak,,,,,,,,,,,,,
hbo:6436,kue,,,,,,,,,,,,,
hbo:6437,"Hormat, Menghormati",berbalik,,menyingkirkan,,,mengalihkan,dialihkan,,,,,,
hbo:6438,batu penjuru,,,,,,,,,,,,,
hbo:6439,Penuel,,,,,,,,,,,,,
hbo:6439a,Penuel,,,,,,,,,,,,,
hbo:6440,wajah,,,,,,,,,,,,,
hbo:6441,dalam,,,,,,,,,,,,,
hbo:6442,dalam,,,,,,,,,,,,,
hbo:6444,Penina,,,,,,,,,,,,,
hbo:6445,manjakan,,,,,,,,,,,,,
hbo:6446,jubah panjang,,,,,,,,,,,,,
hbo:6448,melalui,,,,,,,,,,,,,
hbo:6449,Pisgah,,,,,,,,,,,,,
hbo:6451,kelimpahan,,,,,,,,,,,,,
hbo:6452,Paskah,pincang,dilumpuhkan,berjalan pincang,,,,,,,,,,
hbo:6453,Paskah,,,,,,,,,,,,,
hbo:6454,Pasea,,,,,,,,,,,,,
hbo:6455,pincang,,,,,,,,,,,,,
hbo:6456,"illah, allah palsu, dewa, dewi",,,,,,,,,,,,,
hbo:6457,Pasakh,,,,,,,,,,,,,
hbo:6458,mengukir,,,,,,,,,,,,,
hbo:6459,"illah, allah palsu, dewa, dewi",,,,,,,,,,,,,
hbo:6461,hilang,,,,,,,,,,,,,
hbo:6462,Pispa,,,,,,,,,,,,,
hbo:6463,mengerang,,,,,,,,,,,,,
hbo:6464,Pau,,,,,,,,,,,,,
hbo:6465,"Peor, Gunung Peor, Baal Peor",,,,,,,,,,,,,
hbo:6467,"kerja, pekerjaan, pekerja",,,,,,,,,,,,,
hbo:6468,upah,,,,,,,,,,,,,
hbo:6469,Peulletai,,,,,,,,,,,,,
hbo:6470,"masalah, kesulitan, bermasalah, pembuat masalah",mendorong,terganggu,,,merasa gelisah,,,,,,,,
hbo:6471,kali,,,,,,,,,,,,,
hbo:6472,loceng,,,,,,,,,,,,,
hbo:6473,membuka,,,,,,,,,,,,,
hbo:6474,Parai,,,,,,,,,,,,,
hbo:6475,membuka,,,,,,,,,,,,,
hbo:6476,meletus,,,,,,,,,,,,,
hbo:6476a,meletus,,,,,,,,,,,,,
hbo:6477,ketumpulan,,,,,,,,,,,,,
hbo:6478,mengelupas,,,,,,,,,,,,,
hbo:6479,garis,,,,,,,,,,,,,
hbo:6480,memecah,,,,,,,,,,,,,
hbo:6482,luka,,,,,,,,,,,,,
hbo:6484,menekan,mendesak,,,,,(makna tidak pasti),,,,,,,
hbo:6485,"menunjuk, ditunjuk",mengunjungi,ditunjuk,mengumpulkan,dipanggil,terkumpul,menunjuk atas,ditunjuk,,,,,,
hbo:6486,hukuman,,,,,,,,,,,,,
hbo:6487,titipan,,,,,,,,,,,,,
hbo:6488,pengawasan,,,,,,,,,,,,,
hbo:6491,membuka,membuka,terbuka,,,,,,,,,,,
hbo:6492,Pekah,,,,,,,,,,,,,
hbo:6493,penglihatan,,,,,,,,,,,,,
hbo:6494,Pekahya,,,,,,,,,,,,,
hbo:6496,"mengawasi, pengawas, penilik",,,,,,,,,,,,,
hbo:6499,"sapi, lembu, banteng, anak lembu",,,,,,,,,,,,,
hbo:6501,"keledai, bagal",,,,,,,,,,,,,
hbo:6502,Piram,,,,,,,,,,,,,
hbo:6503,kolumnade,,,,,,,,,,,,,
hbo:6504,"menyebar, penyebaran",membentang,terpisah,menyingkir,dipisahkan,tercerai-berai,memisahkan,,,,,,,
hbo:6505,"keledai, bagal",,,,,,,,,,,,,
hbo:6506,"keledai, bagal",,,,,,,,,,,,,
hbo:6508,taman,,,,,,,,,,,,,
hbo:6509,"buah, buah-buahan, berbuah, tidak berbuah",berbuah,,,,,membuat berbuah,,,,,,,
hbo:6510,"buah, buah-buahan, berbuah, tidak berbuah",,,,,,,,,,,,,
hbo:6513,Purah,,,,,,,,,,,,,
hbo:6514,Peruda,,,,,,,,,,,,,
hbo:6515,Paruah,,,,,,,,,,,,,
hbo:6516,Parwaim,,,,,,,,,,,,,
hbo:6517,periuk,,,,,,,,,,,,,
hbo:6518,"tentara, pejuang, prajurit",,,,,,,,,,,,,
hbo:6519,kampung,,,,,,,,,,,,,
hbo:6520,penduduk kampung,,,,,,,,,,,,,
hbo:6521,penduduk kampung,,,,,,,,,,,,,
hbo:6522,Orang Feris,,,,,,,,,,,,,
hbo:6523,besi,,,,,,,,,,,,,
hbo:6524,mekar,merekah,,,,,menyebabkan merekah,,,,,,,
hbo:6525,bunga,,,,,,,,,,,,,
hbo:6526,melompat,,,,,,,,,,,,,
hbo:6528,sisa,,,,,,,,,,,,,
hbo:6529,"buah, buah-buahan, berbuah, tidak berbuah",,,,,,,,,,,,,
hbo:6530,penyamun,,,,,,,,,,,,,
hbo:6531,kekerasan,,,,,,,,,,,,,
hbo:6532,tirai,,,,,,,,,,,,,
hbo:6533,mencabut,,,,,,,,,,,,,
hbo:6534,Parmasta,,,,,,,,,,,,,
hbo:6535,Parnakh,,,,,,,,,,,,,
hbo:6536,membagi,memecah,,,,,berbelah kuku,,,,,,,
hbo:6538,burung rajawali,,,,,,,,,,,,,
hbo:6539,membagi,,,,,,,,,,,,,
hbo:6541,kuku,,,,,,,,,,,,,
hbo:6544,melepaskan,membiarkan lepas,menjadi tidak terkendali,,,,membiarkan terabaikan,,,,,,,
hbo:6545,rambut panjang,,,,,,,,,,,,,
hbo:6547,"Firaun, raja Mesir",,,,,,,,,,,,,
hbo:6550,kutu,,,,,,,,,,,,,
hbo:6551,kutu,,,,,,,,,,,,,
hbo:6552,Piraton,,,,,,,,,,,,,
hbo:6553,Piratoni,,,,,,,,,,,,,
hbo:6554,Farfar,,,,,,,,,,,,,
hbo:6555,menerobos,menembus,tersebar luas,,ditembus,terpisah berulang kali,,,,,,,,
hbo:6556,celah,,,,,,,,,,,,,
hbo:6557,celah,,,,,,,,,,,,,
hbo:6558,Perezit,,,,,,,,,,,,,
hbo:6559,Perazim,,,,,,,,,,,,,
hbo:6561,robek,mengoyak,,merobek,,merobek diri sendiri,,,,,,,,
hbo:6563,perampasan,,,,,,,,,,,,,
hbo:6565,"hancur, binasa, penghancur, pembinasa",,,,,,meletus,rusak,,,,,,
hbo:6565a,"hancur, binasa, penghancur, pembinasa",terombang-ambing,,membangkitkan,,terbelah,,,,,,,,
hbo:6566,"menyebar, penyebaran",memamerkan,tersebar,menyebarkan,,,,,,,,,,
hbo:6567,terang,menyatakan jelas,tersebar,,dibuat nyata,,menyengat,,,,,,,
hbo:6569,"pupuk kandang, pupuk",,,,,,,,,,,,,
hbo:6571,Penunggang kuda,,,,,,,,,,,,,
hbo:6573,salinan,,,,,,,,,,,,,
hbo:6574,tinja,,,,,,,,,,,,,
hbo:6575,kisah,,,,,,,,,,,,,
hbo:6576,bentang,,,,,,,,,,,,,
hbo:6577,Parsandatha,,,,,,,,,,,,,
hbo:6578,"Sungai Efrat, Sungai",,,,,,,,,,,,,
hbo:6580,"melanggar, pelanggaran",,,,,,,,,,,,,
hbo:6581,meluas,,,,,,,,,,,,,
hbo:6582,carik,,,,,,,,,,,,,
hbo:6583,Pasyur,,,,,,,,,,,,,
hbo:6584,lepas,melepaskan pakaian,,merampas,,melepas,menanggalkan,,,,,,,
hbo:6586,,memberontak,merasa terhina,,,,,,,,,,,
hbo:6587,langkah,,,,,,,,,,,,,
hbo:6588,"melanggar, pelanggaran",,,,,,,,,,,,,
hbo:6589,buka,membuka,,merebahkan,,,,,,,,,,
hbo:6592,tafsiran,,,,,,,,,,,,,
hbo:6593,rami,,,,,,,,,,,,,
hbo:6594,rami,,,,,,,,,,,,,
hbo:6595,suap,,,,,,,,,,,,,
hbo:6596,engsel,,,,,,,,,,,,,
hbo:6597,tiba-tiba,,,,,,,,,,,,,
hbo:6598,hidangan,,,,,,,,,,,,,
hbo:6601,"menipu, mendustakan, penipu, pendusta",tidak berpengalaman,tertipu,membujuk,dibujuk,,,,,,,,,
hbo:6601a,"menipu, mendustakan, penipu, pendusta",,,,,,,,,,,,,
hbo:6602,Petuel,,,,,,,,,,,,,
hbo:6603,ukiran,,,,,,,,,,,,,
hbo:6604,Petor,,,,,,,,,,,,,
hbo:6605,membuka,membuka,terbuka,membebaskan,,membebaskan diri,,,,,,,,
hbo:6605a,membuka,,,mengukir,diukir,,,,,,,,,
hbo:6607,"gerbang, palang gerbang, penjaga gerbang, pintu gerbang",,,,,,,,,,,,,
hbo:6608,ambang pintu,,,,,,,,,,,,,
hbo:6610,pembukaan,,,,,,,,,,,,,
hbo:6611,Petahya,,,,,,,,,,,,,
hbo:6614,jubah,,,,,,,,,,,,,
hbo:6615,kesederhanaan,,,,,,,,,,,,,
hbo:6616,tali,,,,,,,,,,,,,
hbo:6617,lihai,,bergelut,,,terbukti berliku,,,,,,,,
hbo:6618,bengkok,,,,,,,,,,,,,
hbo:6619,Pitom,,,,,,,,,,,,,
hbo:6620,"ular, ular berbisa, ular beludak",,,,,,,,,,,,,
hbo:6621,tiba-tiba,,,,,,,,,,,,,
hbo:6622,"menafsirkan, ditafsirkan, penafsiran, tafsiran",,,,,,,,,,,,,
hbo:6623,"menafsirkan, ditafsirkan, penafsiran, tafsiran",,,,,,,,,,,,,
hbo:6624,Patros,,,,,,,,,,,,,
hbo:6625,Patrusim,,,,,,,,,,,,,
hbo:6626,memecah,,,,,,,,,,,,,
hbo:6629,"kawanan, gembalaan",,,,,,,,,,,,,
hbo:6630,Zaanan,,,,,,,,,,,,,
hbo:6632,sedan,,,,,,,,,,,,,
hbo:6632a,sedan,,,,,,,,,,,,,
hbo:6633,,berperang,,,,,mengumpulkan,,,,,,,
hbo:6635,"Yahweh semesta alam, Allah semesta alam, Tuhan semesta alam",,,,,,,,,,,,,
hbo:6636,Zeboim,,,,,,,,,,,,,
hbo:6638,membengkak,membengkak,,,,,menyebabkan membengkak,,,,,,,
hbo:6639,bengkak,,,,,,,,,,,,,
hbo:6640,perkara,,,,,,,,,,,,,
hbo:6641,belang,,,,,,,,,,,,,
hbo:6642,mencelupkan,,,,,,,,,,,,,
hbo:6643,kemegahan,,,,,,,,,,,,,
hbo:6643a,kemegahan,,,,,,,,,,,,,
hbo:6644,Zibia,,,,,,,,,,,,,
hbo:6646,rusa betina,,,,,,,,,,,,,
hbo:6648,warna,,,,,,,,,,,,,
hbo:6649,Zibeon,,,,,,,,,,,,,
hbo:6650,Zeboim,,,,,,,,,,,,,
hbo:6652,tumpukan,,,,,,,,,,,,,
hbo:6653,berkas,,,,,,,,,,,,,
hbo:6654,sisi,,,,,,,,,,,,,
hbo:6656,tujuan,,,,,,,,,,,,,
hbo:6657,Zedad,,,,,,,,,,,,,
hbo:6658,"meruntuhkan, reruntuhan, runtuh",,,,,,,,,,,,,
hbo:6658a,"meruntuhkan, reruntuhan, runtuh",,,,,,,,,,,,,
hbo:6659,Zadok,,,,,,,,,,,,,
hbo:6660,pengintaian,,,,,,,,,,,,,
hbo:6661,Zidim,,,,,,,,,,,,,
hbo:6662,"benar, adil, tidak benar, tidak benar",,,,,,,,,,,,,
hbo:6663,"benar, adil, tidak benar, tidak benar",berada di pihak yang benar,ditaruh dengan benar,menyatakan adil,,membenarkan diri,membenarkan,,,,,,,
hbo:6664,"benar, adil, tidak benar, tidak benar",,,,,,,,,,,,,
hbo:6666,"benar, adil, tidak benar, tidak benar",,,,,,,,,,,,,
hbo:6667,Zedekia,,,,,,,,,,,,,
hbo:6669,kuning,,,,,,,,,,,,,
hbo:6670,"sukacita, bersukacita",meringkik,,membuat berteriak,,,,,,,,,,
hbo:6670a,"sukacita, bersukacita",,,,,,,,,,,,,
hbo:6672,"hari, hari-hari",,,,,,,,,,,,,
hbo:6672a,"hari, hari-hari",,,,,,,,,,,,,
hbo:6673,perintah,,,,,,,,,,,,,
hbo:6675,kotoran,,,,,,,,,,,,,
hbo:6677,kuk,,,,,,,,,,,,,
hbo:6678,Zoba,,,,,,,,,,,,,
hbo:6679,berburu,,,,,,,,,,,,,
hbo:6680,perintah,,,memerintah,diperintah,,,,,,,,,
hbo:6681,berteriak,,,,,,,,,,,,,
hbo:6682,"menangis, berseru, seruan, menjerit",,,,,,,,,,,,,
hbo:6683,kedalaman,,,,,,,,,,,,,
hbo:6684,puasa,,,,,,,,,,,,,
hbo:6686,Zuar,,,,,,,,,,,,,
hbo:6687,banjir,meluap,,,,,menyebabkan meluap,,,,,,,
hbo:6688,banjir,,,,,,,,,,,,,
hbo:6690,Zofa,,,,,,,,,,,,,
hbo:6692,mekar,mekar,,,,,mekar bersinar,,,,,,,
hbo:6692a,mekar,,,,,,,,,,,,,
hbo:6693,menekan,menekan,,,,,menindas,,,,,,,
hbo:6696,"kepungan, mengepung, terkepung, pengepung",,,,,,,,,,,,,
hbo:6696a,"kepungan, mengepung, terkepung, pengepung",,,,,,,,,,,,,
hbo:6697,"batu, bebatuan, merajam",,,,,,,,,,,,,
hbo:6697a,"batu, bebatuan, merajam",,,,,,,,,,,,,
hbo:6698,"batu, bebatuan, merajam",,,,,,,,,,,,,
hbo:6699,bentuk,,,,,,,,,,,,,
hbo:6700,Zuriel,,,,,,,,,,,,,
hbo:6701,Zurisadai,,,,,,,,,,,,,
hbo:6702,menyala,,,,,,,,,,,,,
hbo:6703,panas,,,,,,,,,,,,,
hbo:6704,kering,,,,,,,,,,,,,
hbo:6706,tandus,,,,,,,,,,,,,
hbo:6707,kering,,,,,,,,,,,,,
hbo:6709,bau busuk,,,,,,,,,,,,,
hbo:6710,kekeringan,,,,,,,,,,,,,
hbo:6711,"mengejek, diejek, ejekan, pengejek",tertawa,,bermain,,,,,,,,,,
hbo:6712,tawa,,,,,,,,,,,,,
hbo:6714,Zohar,,,,,,,,,,,,,
hbo:6715,pirang,,,,,,,,,,,,,
hbo:6716,kapal,,,,,,,,,,,,,
hbo:6717,Ziba,,,,,,,,,,,,,
hbo:6718,buruan,,,,,,,,,,,,,
hbo:6718a,buruan,,,,,,,,,,,,,
hbo:6719,pemburu,,,,,,,,,,,,,
hbo:6720,perbekalan,,,,,,,,,,,,,
hbo:6721,"Sidon, orang Sidon",,,,,,,,,,,,,
hbo:6722,"Sidon, orang Sidon",,,,,,,,,,,,,
hbo:6723,tandus,,,,,,,,,,,,,
hbo:6725,tanda,,,,,,,,,,,,,
hbo:6726,"Sion, Gunung Sion",,,,,,,,,,,,,
hbo:6727,Ziha,,,,,,,,,,,,,
hbo:6728a,kapal,,,,,,,,,,,,,
hbo:6729,blok,,,,,,,,,,,,,
hbo:6730,Zior,,,,,,,,,,,,,
hbo:6731,bunga,,,,,,,,,,,,,
hbo:6733,bunga,,,,,,,,,,,,,
hbo:6734,jumbai,,,,,,,,,,,,,
hbo:6735,pembawa pesan,,,,,,,,,,,,,
hbo:6735a,pembawa pesan,,,,,,,,,,,,,
hbo:6735b,pembawa pesan,,,,,,,,,,,,,
hbo:6738,bayangan,,,,,,,,,,,,,
hbo:6741,Zila,,,,,,,,,,,,,
hbo:6742,kue,,,,,,,,,,,,,
hbo:6743,"sejahtera, makmur, menjadi makmur, kemakmuran",berhasil,,,,,menyebabkan berhasil,,,,,,,
hbo:6745,piring,,,,,,,,,,,,,
hbo:6746,guci,,,,,,,,,,,,,
hbo:6748,panggang,,,,,,,,,,,,,
hbo:6749,tenggelam,,,,,,,,,,,,,
hbo:6750,,gemetar,,,,,gemetar,,,,,,,
hbo:6751,,menjadi gelap,,,,,memberikan bayangan,,,,,,,
hbo:6754,"gambar Allah, gambar",,,,,,,,,,,,,
hbo:6756,Zalmon,,,,,,,,,,,,,
hbo:6756a,Zalmon,,,,,,,,,,,,,
hbo:6757,bayang maut,,,,,,,,,,,,,
hbo:6758,Zalmonah,,,,,,,,,,,,,
hbo:6759,Zalmunna,,,,,,,,,,,,,
hbo:6763,rusuk,,,,,,,,,,,,,
hbo:6764,Zalaph,,,,,,,,,,,,,
hbo:6765,Zelofhad,,,,,,,,,,,,,
hbo:6766,Zelza,,,,,,,,,,,,,
hbo:6767,tombak,,,,,,,,,,,,,
hbo:6767b,tombak,,,,,,,,,,,,,
hbo:6768,Zelek,,,,,,,,,,,,,
hbo:6769,Zilehai,,,,,,,,,,,,,
hbo:6770,haus,,,,,,,,,,,,,
hbo:6771,haus,,,,,,,,,,,,,
hbo:6772,kehausan,,,,,,,,,,,,,
hbo:6773,gersang,,,,,,,,,,,,,
hbo:6774,"bumi, duniawi",,,,,,,,,,,,,
hbo:6775,bergabung,,menempel pada,,diikat,,menyatukan,,,,,,,
hbo:6776,kuk,,,,,,,,,,,,,
hbo:6777,"kerudung, kerudung, kerudung, terbuka",,,,,,,,,,,,,
hbo:6779,tumbuh,bertunas,,tumbuh subur,,,memicu tumbuh,,,,,,,
hbo:6780,tunas,,,,,,,,,,,,,
hbo:6781,gelang,,,,,,,,,,,,,
hbo:6781a,gelang,,,,,,,,,,,,,
hbo:6782,"jerat, menjerat, menjebak, jebakan",,,,,,,,,,,,,
hbo:6783,selamanya,,,,,,,,,,,,,
hbo:6784,mengkerut,,,,,,,,,,,,,
hbo:6785,wol,,,,,,,,,,,,,
hbo:6786,Zemari,,,,,,,,,,,,,
hbo:6787,Zemaraim,,,,,,,,,,,,,
hbo:6788,puncak,,,,,,,,,,,,,
hbo:6789,"hancur, binasa, penghancur, pembinasa",menghancurkan,hilang,membungkam,,,memusnahkan,,,,,,,
hbo:6790,Zin,,,,,,,,,,,,,
hbo:6791,"duri, onak duri, semak berduri",,,,,,,,,,,,,
hbo:6792,"domba betina, domba jantan, domba, bulu domba",,,,,,,,,,,,,
hbo:6793,"perisai, berperisai",,,,,,,,,,,,,
hbo:6793a,"perisai, berperisai",,,,,,,,,,,,,
hbo:6794,saluran,,,,,,,,,,,,,
hbo:6795,menurun,,,,,,,,,,,,,
hbo:6796,"duri, onak duri, semak berduri",,,,,,,,,,,,,
hbo:6797,serban,,,,,,,,,,,,,
hbo:6798,layu,,,,,,,,,,,,,
hbo:6799,Zenan,,,,,,,,,,,,,
hbo:6800,rendah,,,,,,,,,,,,,
hbo:6801,ikat,,,,,,,,,,,,,
hbo:6802,lemparan,,,,,,,,,,,,,
hbo:6803,guci,,,,,,,,,,,,,
hbo:6805,langkah,melangkah,,,,,menyebabkan melangkah,,,,,,,
hbo:6806,tapak,,,,,,,,,,,,,
hbo:6807,perjalanan,,,,,,,,,,,,,
hbo:6808,bergerak,membungkuk,,menjungkirbalikkan,,,,,,,,,,
hbo:6809,"kerudung, kerudung, kerudung, terbuka",,,,,,,,,,,,,
hbo:6810,muda,,,,,,,,,,,,,
hbo:6812,kemudaan,,,,,,,,,,,,,
hbo:6814,Tsoan,,,,,,,,,,,,,
hbo:6815,Tsaanannim,,,,,,,,,,,,,
hbo:6817,"menangis, berseru, seruan, menjerit",berteriak,dipanggil,berteriak keras,,,memanggil,,,,,,,
hbo:6818,"menangis, berseru, seruan, menjerit",,,,,,,,,,,,,
hbo:6820,Zoar,,,,,,,,,,,,,
hbo:6821,layu,,,,,,,,,,,,,
hbo:6822,,menjaga,,mengamati dengan seksama,,,,,,,,,,
hbo:6823,lapisi,menyebarkan,,melapisi,dilapisi,,,,,,,,,
hbo:6825,Tsefo,,,,,,,,,,,,,
hbo:6826,pelapisan,,,,,,,,,,,,,
hbo:6827,Tsefon,,,,,,,,,,,,,
hbo:6828,utara,,,,,,,,,,,,,
hbo:6829,Tsafon,,,,,,,,,,,,,
hbo:6831,Tsefoni,,,,,,,,,,,,,
hbo:6833,burung,,,,,,,,,,,,,
hbo:6834,Tsipor,,,,,,,,,,,,,
hbo:6835,kendi,,,,,,,,,,,,,
hbo:6837,Tsifyon,,,,,,,,,,,,,
hbo:6838,roti pipih,,,,,,,,,,,,,
hbo:6842,"kambing, anak kambing, kambing hitam",,,,,,,,,,,,,
hbo:6843,mahkota,,,,,,,,,,,,,
hbo:6844,permadani,,,,,,,,,,,,,
hbo:6845,"menahbiskan, menetapkan, ditahbiskan, ketetapan",menyembunyikan,tersembunyi,,,,menyembunyikan,,,,,,,
hbo:6846,Zefanya,,,,,,,,,,,,,
hbo:6847,Zaphnath-Paaneah,,,,,,,,,,,,,
hbo:6848,"ular, ular berbisa, ular beludak",,,,,,,,,,,,,
hbo:6850,berbisik,,,,,,,,,,,,,
hbo:6851,pohon willow,,,,,,,,,,,,,
hbo:6852,berangkat,,,,,,,,,,,,,
hbo:6854,katak,,,,,,,,,,,,,
hbo:6855,Zipporah,,,,,,,,,,,,,
hbo:6856,kuku,,,,,,,,,,,,,
hbo:6857,Zephath,,,,,,,,,,,,,
hbo:6858,capital,,,,,,,,,,,,,
hbo:6860,Ziklag,,,,,,,,,,,,,
hbo:6862,"penentang, lawan-lawan, musuh, musuh-musuh",,,,,,,,,,,,,
hbo:6862a,"penentang, lawan-lawan, musuh, musuh-musuh",,,,,,,,,,,,,
hbo:6862b,"penentang, lawan-lawan, musuh, musuh-musuh",,,,,,,,,,,,,
hbo:6863,Zer,,,,,,,,,,,,,
hbo:6864,batu api,,,,,,,,,,,,,
hbo:6865,batu api,,,,,,,,,,,,,
hbo:6866,terbakar,,,,,,,,,,,,,
hbo:6866a,terbakar,,,,,,,,,,,,,
hbo:6867,luka bakar,,,,,,,,,,,,,
hbo:6868,Zeredah,,,,,,,,,,,,,
hbo:6869,"masalah, kesulitan, bermasalah, pembuat masalah",,,,,,,,,,,,,
hbo:6869a,"masalah, kesulitan, bermasalah, pembuat masalah",,,,,,,,,,,,,
hbo:6870,Zeruiah,,,,,,,,,,,,,
hbo:6871,Zeruah,,,,,,,,,,,,,
hbo:6872,bungkusan,,,,,,,,,,,,,
hbo:6872a,bungkusan,,,,,,,,,,,,,
hbo:6872b,bungkusan,,,,,,,,,,,,,
hbo:6873,"menangis, berseru, seruan, menjerit",berteriak,,,,,mengangkat teriakan perang,,,,,,,
hbo:6875,balsam,,,,,,,,,,,,,
hbo:6876,Tirus,,,,,,,,,,,,,
hbo:6877,"kubu, benteng, dibentengi, pertahanan",,,,,,,,,,,,,
hbo:6878,kebutuhan,,,,,,,,,,,,,
hbo:6879,"kusta, orang kusta, berpenyakit kusta",,,,,,,,,,,,,
hbo:6880,tawon,,,,,,,,,,,,,
hbo:6881,Zorah,,,,,,,,,,,,,
hbo:6882,orang Zorah,,,,,,,,,,,,,
hbo:6883,"kusta, orang kusta, berpenyakit kusta",,,,,,,,,,,,,
hbo:6884,"ujian, ujian-ujian, menguji",meleburkan,dilebur,menyuling,,,,,,,,,,
hbo:6885,pengrajin emas,,,,,,,,,,,,,
hbo:6886,Zarephath,,,,,,,,,,,,,
hbo:6887,"penentang, lawan-lawan, musuh, musuh-musuh",membungkus,,,terikat,,menyusahkan,,,,,,,
hbo:6887a,"penentang, lawan-lawan, musuh, musuh-musuh",,,,,,,,,,,,,
hbo:6888,Zererah,,,,,,,,,,,,,
hbo:6889,Zereth,,,,,,,,,,,,,
hbo:6890,Zereth-Shahar,,,,,,,,,,,,,
hbo:6891,Zarethan,,,,,,,,,,,,,
hbo:6892,muntah,,,,,,,,,,,,,
hbo:6893,"gurun, padang gurun",,,,,,,,,,,,,
hbo:6894,qab,,,,,,,,,,,,,
hbo:6895,"kutukan, terkutuk",,,,,,,,,,,,,
hbo:6896,perut,,,,,,,,,,,,,
hbo:6898,tenda,,,,,,,,,,,,,
hbo:6899,kumpulan,,,,,,,,,,,,,
hbo:6900,"makam, kubur, tempat pemakaman",,,,,,,,,,,,,
hbo:6901,"menerima, diterima, penerima",,,menerima,,,berdiri berhadapan,,,,,,,
hbo:6906,"pencuri, para pencuri, perampok",,,,,,,,,,,,,
hbo:6907,endapan,,,,,,,,,,,,,
hbo:6908,"majelis, pertemuan, berkumpul, telah berkumpul",mengumpulkan,berkumpul,mengumpulkan,dikumpulkan,berkumpul,,,,,,,,
hbo:6909,Kabzeel,,,,,,,,,,,,,
hbo:6910,pengumpulan,,,,,,,,,,,,,
hbo:6911,Kibzaim,,,,,,,,,,,,,
hbo:6912,"Menguburkan, dikuburkan, pemakaman",menguburkan,dikuburkan,menguburkan dalam massa,dikuburkan,,,,,,,,,
hbo:6913,"makam, kubur, tempat pemakaman",,,,,,,,,,,,,
hbo:6914,Kibroth-hataawa,,,,,,,,,,,,,
hbo:6915,"berlutut, membungkuk, bersujud",,,,,,,,,,,,,
hbo:6916,kayu manis,,,,,,,,,,,,,
hbo:6917,kuno,,,,,,,,,,,,,
hbo:6918,"kudus, kekudusan, tak kudus, sakral",,,,,,,,,,,,,
hbo:6919,nyalakan,,,,,,,,,,,,,
hbo:6920,demam,,,,,,,,,,,,,
hbo:6921,"roh, roh-roh, rohani",,,,,,,,,,,,,
hbo:6922,kudus,,,,,,,,,,,,,
hbo:6923,,,,berjalan di depan,,,mendahului,,,,,,,
hbo:6924,timur,,,,,,,,,,,,,
hbo:6926,timur,,,,,,,,,,,,,
hbo:6928,sebelumnya,,,,,,,,,,,,,
hbo:6929,Kedema,,,,,,,,,,,,,
hbo:6930,timuran,,,,,,,,,,,,,
hbo:6931,Kadmonite,,,,,,,,,,,,,
hbo:6932,Kedemot,,,,,,,,,,,,,
hbo:6933,pertama,,,,,,,,,,,,,
hbo:6934,Kadmiel,,,,,,,,,,,,,
hbo:6935,Kadmonite,,,,,,,,,,,,,
hbo:6936,puncak,,,,,,,,,,,,,
hbo:6937,,menjadi gelap,,,,menjadi gelap,menggelapkan,,,,,,,
hbo:6938,Kedar,,,,,,,,,,,,,
hbo:6939,Lembah Kidron,,,,,,,,,,,,,
hbo:6940,kegelapan,,,,,,,,,,,,,
hbo:6941,sedih,,,,,,,,,,,,,
hbo:6942,menguduskan,suci,terbukti suci,menguduskan,diuduskan,menunjukkan kesucian,menguduskan,,,,,,,
hbo:6943,Kedesh,,,,,,,,,,,,,
hbo:6944,"kudus, kekudusan, tak kudus, sakral",,,,,,,,,,,,,
hbo:6945,"Kadesh, Kadesh-Barnea, Meriba Kadesh",,,,,,,,,,,,,
hbo:6946,"Kadesh, Kadesh-Barnea, Meriba Kadesh",,,,,,,,,,,,,
hbo:6947,"Kadesh, Kadesh-Barnea, Meriba Kadesh",,,,,,,,,,,,,
hbo:6949,tumpul,,,,,,,,,,,,,
hbo:6950,"majelis, pertemuan, berkumpul, telah berkumpul",,,,,,,,,,,,,
hbo:6951,"majelis, pertemuan, berkumpul, telah berkumpul",,,,,,,,,,,,,
hbo:6952,"majelis, pertemuan, berkumpul, telah berkumpul",,,,,,,,,,,,,
hbo:6953,pengkhotbah,,,,,,,,,,,,,
hbo:6954,Kehelata,,,,,,,,,,,,,
hbo:6955,Kehat,,,,,,,,,,,,,
hbo:6956,Kehati,,,,,,,,,,,,,
hbo:6957a,tali,,,,,,,,,,,,,
hbo:6957b,tali,,,,,,,,,,,,,
hbo:6959,perisai kepala,,,,,,,,,,,,,
hbo:6960,harapan,menunggu,,menanti-nantikan,,,,,,,,,,
hbo:6960a,harapan,,,,,,,,,,,,,
hbo:6961a,muntah,,,,,,,,,,,,,
hbo:6962,jijik,,,,,,,,,,,,,
hbo:6963,suara,,,,,,,,,,,,,
hbo:6964,Kolaya,,,,,,,,,,,,,
hbo:6965,berdiri,berdiri,,menegakkan,,memberontak,membangkitkan,dibangkitkan,,,,,,
hbo:6967,tinggi,,,,,,,,,,,,,
hbo:6968,tegak lurus,,,,,,,,,,,,,
hbo:6970,Koa,,,,,,,,,,,,,
hbo:6971,monyet,,,,,,,,,,,,,
hbo:6973,merasa jijik,,,,,,,,,,,,,
hbo:6974a,"buah, buah-buahan, berbuah, tidak berbuah",menghabiskan musim panas,,,,,membangunkan,,,,,,,
hbo:6975,"duri, onak duri, semak berduri",,,,,,,,,,,,,
hbo:6979a,menggali,,,,,,,,,,,,,
hbo:6981,Kore,,,,,,,,,,,,,
hbo:6982,balok,,,,,,,,,,,,,
hbo:6983,jerat,,,,,,,,,,,,,
hbo:6984,Kusaya,,,,,,,,,,,,,
hbo:6985,sedikit,,,,,,,,,,,,,
hbo:6986,"hancur, binasa, penghancur, pembinasa",,,,,,,,,,,,,
hbo:6988,"ukupan, dupa",,,,,,,,,,,,,
hbo:6989,Ketura,,,,,,,,,,,,,
hbo:6993,"pembantaian, dibantai, membantai",,,,,,,,,,,,,
hbo:6994,,menjadi kecil,,,,,mengecilkan,,,,,,,
hbo:6995,jari kelingking,,,,,,,,,,,,,
hbo:6996,kecil,,,,,,,,,,,,,
hbo:6998,petik,mencabut,tercabut,,,,,,,,,,,
hbo:6999,"ukupan, dupa",,,mengasapi,diasapi,,menyalakan asap,terasapi,,,,,,
hbo:7002,kemenyan,,,,,,,,,,,,,
hbo:7003,Kitron,,,,,,,,,,,,,
hbo:7004,"ukupan, dupa",,,,,,,,,,,,,
hbo:7005,Katat,,,,,,,,,,,,,
hbo:7006,muntah,,,,,,,,,,,,,
hbo:7007,musim panas,,,,,,,,,,,,,
hbo:7008,asap,,,,,,,,,,,,,
hbo:7009,"penentang, lawan-lawan, musuh, musuh-musuh",,,,,,,,,,,,,
hbo:7010,ketetapan,,,,,,,,,,,,,
hbo:7012,kebangkitan,,,,,,,,,,,,,
hbo:7014,Kain,,,,,,,,,,,,,
hbo:7014a,Kain,,,,,,,,,,,,,
hbo:7014b,Kain,,,,,,,,,,,,,
hbo:7015,Kina,,,,,,,,,,,,,
hbo:7016,Kina,,,,,,,,,,,,,
hbo:7017,Keni,,,,,,,,,,,,,
hbo:7018,Kenan,,,,,,,,,,,,,
hbo:7019,"buah, buah-buahan, berbuah, tidak berbuah",,,,,,,,,,,,,
hbo:7020,terluar,,,,,,,,,,,,,
hbo:7021,"menanam, ditanam kembali, ditransplantasikan, menabur benih",,,,,,,,,,,,,
hbo:7022,"malu, memalukan, merasa malu, dipermalukan",,,,,,,,,,,,,
hbo:7023,"tanduk, tanduk-tanduk, bertanduk",,,,,,,,,,,,,
hbo:7025,Kir Hares,,,,,,,,,,,,,
hbo:7026,Keros,,,,,,,,,,,,,
hbo:7027,Kis,,,,,,,,,,,,,
hbo:7028,Kiyon,,,,,,,,,,,,,
hbo:7029,Kisi,,,,,,,,,,,,,
hbo:7031,cepat,,,,,,,,,,,,,
hbo:7033,"biji-bijian, ladang gandum",memanggang,terbakar,,,,,,,,,,,
hbo:7034,"malu, memalukan, merasa malu, dipermalukan",,dihinakan,,,,menghina,,,,,,,
hbo:7036,"malu, memalukan, merasa malu, dipermalukan",,,,,,,,,,,,,
hbo:7037,kuali,,,,,,,,,,,,,
hbo:7038,kerdil,,,,,,,,,,,,,
hbo:7039,"biji-bijian, ladang gandum",,,,,,,,,,,,,
hbo:7041,Kelaia,,,,,,,,,,,,,
hbo:7042,Kelita,,,,,,,,,,,,,
hbo:7043,"kutukan, terkutuk",menjadi ringan,terlihat mudah,mengutuk,dikutuk,berguncang,meringankan,,,,,,,
hbo:7044,mengkilap,,,,,,,,,,,,,
hbo:7045,"kutukan, terkutuk",,,,,,,,,,,,,
hbo:7046,,,,mengejek,,melecehkan,,,,,,,,
hbo:7047,olok-olok,,,,,,,,,,,,,
hbo:7048,penghinaan,,,,,,,,,,,,,
hbo:7049,"(qālaʿ)**: Looking at the contexts, this is definitely carved/engraved work. The noun form refers to the *result* of carving—the carving itself. ""Ukiran"" (carving) is better than ""mengukir"" (to carve), since the noun form appears here. ✓",,,,,,,,,,,,,
hbo:7050,tirai,,,,,,,,,,,,,
hbo:7050a,tirai,,,,,,,,,,,,,
hbo:7051,pemanah,,,,,,,,,,,,,
hbo:7052,murahan,,,,,,,,,,,,,
hbo:7053,garpu,,,,,,,,,,,,,
hbo:7054,"biji-bijian, ladang gandum",,,,,,,,,,,,,
hbo:7055,Kemuel,,,,,,,,,,,,,
hbo:7056,Kamon,,,,,,,,,,,,,
hbo:7057,"(qimmôš)**: Between ""jelatang"" and ""gulma"", the context with thorns suggests weeds in desolate places. ""Jelatang"" (nettle) is more specific and matches the word better, but if it's consistently grouped with thorns as vegetation in ruins, maybe ""gulma"" is safer. But the lexical sense is nettle. I'd lean toward **""jelatang""** as the primary sense. ✓",,,,,,,,,,,,,
hbo:7058,tepung,,,,,,,,,,,,,
hbo:7059,meremas,menangkap,,,ditangkap,,,,,,,,,
hbo:7060,layu,,,,,,,,,,,,,
hbo:7061,"(qāmaṣ, verb) = ""menggenggam"" ✓",,,,,,,,,,,,,
hbo:7062,"(qōmeṣ, noun) = ""genggaman"" or ""segenggam"" — ""segenggam"" is probably more natural for ""a handful"" ✓",,,,,,,,,,,,,
hbo:7064,sarang,,,,,,,,,,,,,
hbo:7065,,,,menutut cemburu,,,membuat cemburu,,,,,,,
hbo:7067,"Cemburu, Kecemburuan",,,,,,,,,,,,,
hbo:7068,"Cemburu, Kecemburuan",,,,,,,,,,,,,
hbo:7069,"menebus, penebusan, penebus",membeli,dibeli,,,,membeli,,,,,,,
hbo:7069a,"menebus, penebusan, penebus",,,,,,,,,,,,,
hbo:7070,"gelagah, gelagah-gelagah, buluh, buluh-buluh",,,,,,,,,,,,,
hbo:7071,"menebus, penebusan, penebus",,,,,,,,,,,,,
hbo:7072,"Cemburu, Kecemburuan",,,,,,,,,,,,,
hbo:7073,Kenaz,,,,,,,,,,,,,
hbo:7074,Kenizia,,,,,,,,,,,,,
hbo:7075,"menciptakan, diciptakan, ciptaan, Pencipta",,,,,,,,,,,,,
hbo:7076,kayu manis,,,,,,,,,,,,,
hbo:7077,bersarang,,,membuat sarang,bersarang,,,,,,,,,
hbo:7078,jerat,,,,,,,,,,,,,
hbo:7079,Kenat,,,,,,,,,,,,,
hbo:7081,"tenung, penenung, perdukunan, dukun",,,,,,,,,,,,,
hbo:7082,mencabut,,,,,,,,,,,,,
hbo:7083,tinta,,,,,,,,,,,,,
hbo:7084,Keila,,,,,,,,,,,,,
hbo:7085,torehan,,,,,,,,,,,,,
hbo:7086,piring,,,,,,,,,,,,,
hbo:7087,membeku,menebal,,,,,menebalkan,,,,,,,
hbo:7088,menggulung,,,,,,,,,,,,,
hbo:7089,kehancuran,,,,,,,,,,,,,
hbo:7090,menggulung,,,,,,,,,,,,,
hbo:7091,ular panah,,,,,,,,,,,,,
hbo:7092,"majelis, pertemuan, berkumpul, telah berkumpul",menutup,berkumpul,meloncat,,,,,,,,,,
hbo:7093,akhir,,,,,,,,,,,,,
hbo:7095,bentuk,,,,,,,,,,,,,
hbo:7096,memotong,memotong,,memotong,,,mengeruk,,,,,,,
hbo:7097,ujung,,,,,,,,,,,,,
hbo:7098,ujung,,,,,,,,,,,,,
hbo:7099,batas,,,,,,,,,,,,,
hbo:7100,jintan,,,,,,,,,,,,,
hbo:7101,"panglima, komandan-komandan",,,,,,,,,,,,,
hbo:7103,Kesia,,,,,,,,,,,,,
hbo:7104a,Kesis,,,,,,,,,,,,,
hbo:7105,"panen, dipanen, mesin penunai, pemanen",,,,,,,,,,,,,
hbo:7105a,"panen, dipanen, mesin penunai, pemanen",,,,,,,,,,,,,
hbo:7106,menggores,,,,,,,,,,,,,
hbo:7107,"murka, kemarahan",marah,,,,meraung-raung,membuat marah,,,,,,,
hbo:7110,"murka, kemarahan",,,,,,,,,,,,,
hbo:7110a,"murka, kemarahan",,,,,,,,,,,,,
hbo:7111,pecahan,,,,,,,,,,,,,
hbo:7112,memotong,memotong,,memangkas,terpotong,,,,,,,,,
hbo:7114,"panen, dipanen, mesin penunai, pemanen",,,,,,,,,,,,,
hbo:7114a,"panen, dipanen, mesin penunai, pemanen",pendek,,memendekkan,,,memendekkan,,,,,,,
hbo:7115,kesempitan,,,,,,,,,,,,,
hbo:7116,pendek,,,,,,,,,,,,,
hbo:7117,ujung,,,,,,,,,,,,,
hbo:7119,sejuk,,,,,,,,,,,,,
hbo:7120,dingin,,,,,,,,,,,,,
hbo:7121,memanggil,memanggil,dipanggil,,dipanggil,,,,,,,,,
hbo:7122,,bertemu dengan,kebetulan bertemu,,,,menimpakan,,,,,,,
hbo:7124,burung puyuh,,,,,,,,,,,,,
hbo:7126,mempersembahkan,mendekat,mendekat,mendekatkan,,,mendekatkan,,,,,,,
hbo:7128,perang,,,,,,,,,,,,,
hbo:7130,dalam,,,,,,,,,,,,,
hbo:7131,dekat,,,,,,,,,,,,,
hbo:7132,kedekatan,,,,,,,,,,,,,
hbo:7133,"korban, dikorbankan, mengorbankan, persembahan",,,,,,,,,,,,,
hbo:7133a,"korban, dikorbankan, mengorbankan, persembahan",,,,,,,,,,,,,
hbo:7134,"kapak, kapak-kapak",,,,,,,,,,,,,
hbo:7135,bertemu,,,,,,,,,,,,,
hbo:7136,bertemu,terjadi,menemui,membangun,,,menyebabkan terjadi,,,,,,,
hbo:7137,kecelakaan,,,,,,,,,,,,,
hbo:7138,"tetangga, bertetangga",,,,,,,,,,,,,
hbo:7140,"hujan es, salam, hujan batu es, badai es",,,,,,,,,,,,,
hbo:7141,"Korah, bani Korah",,,,,,,,,,,,,
hbo:7142,botak,,,,,,,,,,,,,
hbo:7143,Kareah,,,,,,,,,,,,,
hbo:7144,kebotakan,mencukur,tercukur,,,,mencukur,tercukur,,,,,,
hbo:7145,"Korah, bani Korah",,,,,,,,,,,,,
hbo:7146,kepikunan,,,,,,,,,,,,,
hbo:7147,permusuhan,,,,,,,,,,,,,
hbo:7148,terpilih,,,,,,,,,,,,,
hbo:7150,"berkhotbah, diberitakan, berkhotbah, pengkhotbah",,,,,,,,,,,,,
hbo:7151,kota,,,,,,,,,,,,,
hbo:7152,kota-kota,,,,,,,,,,,,,
hbo:7153,Hebron,,,,,,,,,,,,,
hbo:7154,Baal,,,,,,,,,,,,,
hbo:7155,Kiryat Huzot,,,,,,,,,,,,,
hbo:7156,Kiryatayim,,,,,,,,,,,,,
hbo:7157,Kiryat Yearim,,,,,,,,,,,,,
hbo:7158,Kiryat Sefer,,,,,,,,,,,,,
hbo:7158a,Kiryat Sefer,,,,,,,,,,,,,
hbo:7159,menutup,,,,,,,,,,,,,
hbo:7160,"tanduk, tanduk-tanduk, bertanduk",bersinar,,,,,bertanduk,,,,,,,
hbo:7161,"tanduk, tanduk-tanduk, bertanduk",,,,,,,,,,,,,
hbo:7163,Keren Hapuk,,,,,,,,,,,,,
hbo:7165,gesper,,,,,,,,,,,,,
hbo:7166,pergelangan,,,,,,,,,,,,,
hbo:7167,mengoyak,mencabik,tercabik,,,,,,,,,,,
hbo:7169,,mencubit,,,tercubit,,,,,,,,,
hbo:7171,lalat,,,,,,,,,,,,,
hbo:7172,lantai,,,,,,,,,,,,,
hbo:7174,Karkor,,,,,,,,,,,,,
hbo:7175,papan,,,,,,,,,,,,,
hbo:7176,kota,,,,,,,,,,,,,
hbo:7177,Karta,,,,,,,,,,,,,
hbo:7178,Kartan,,,,,,,,,,,,,
hbo:7179,Sekam,,,,,,,,,,,,,
hbo:7180,timun,,,,,,,,,,,,,
hbo:7182,perhatian,,,,,,,,,,,,,
hbo:7183,penuh perhatian,,,,,,,,,,,,,
hbo:7184,guci,,,,,,,,,,,,,
hbo:7185,mengeraskan,berat,terdesak berat,mengalami kesulitan berat,,,mempersulit,,,,,,,
hbo:7186,"keras, lebih sulit, paling sulit, mengeras",,,,,,,,,,,,,
hbo:7188,mengeras,,,,,,,,,,,,,
hbo:7189,busur dan panah,,,,,,,,,,,,,
hbo:7189a,busur dan panah,,,,,,,,,,,,,
hbo:7190,kekerasan,,,,,,,,,,,,,
hbo:7191,Kisyon,,,,,,,,,,,,,
hbo:7192,qesita,,,,,,,,,,,,,
hbo:7193,baju perang,,,,,,,,,,,,,
hbo:7194,"mengikat, terikat, ikatan",mengikat,terikat,mengikat dengan erat,kokoh,berkomplot,,,,,,,,
hbo:7195,konspirasi,,,,,,,,,,,,,
hbo:7197,"majelis, pertemuan, berkumpul, telah berkumpul",mengumpulkan,,mengumpulkan,,bersatu,,,,,,,,
hbo:7198,busur dan panah,,,,,,,,,,,,,
hbo:7199,pemanah,,,,,,,,,,,,,
hbo:7200,melihat,melihat,terlihat,,terlihat,saling memandang,menunjukkan,ditunjukkan,,,,,,
hbo:7203,"nabi, nubuat, bernubuat, pelihat",,,,,,,,,,,,,
hbo:7203a,"nabi, nubuat, bernubuat, pelihat",,,,,,,,,,,,,
hbo:7205,Ruben,,,,,,,,,,,,,
hbo:7206,Ruben,,,,,,,,,,,,,
hbo:7208,Reuma,,,,,,,,,,,,,
hbo:7209,cermin,,,,,,,,,,,,,
hbo:7210,penampilan,,,,,,,,,,,,,
hbo:7211,Reaya,,,,,,,,,,,,,
hbo:7214,"sapi, lembu, banteng, anak lembu",,,,,,,,,,,,,
hbo:7215,Ramot,,,,,,,,,,,,,
hbo:7218,"kepala, kepala-kepala",,,,,,,,,,,,,
hbo:7219,"kepala, kepala-kepala",,,,,,,,,,,,,
hbo:7221,permulaan,,,,,,,,,,,,,
hbo:7222,puncak,,,,,,,,,,,,,
hbo:7223,pertama,,,,,,,,,,,,,
hbo:7225,buah sulung,,,,,,,,,,,,,
hbo:7227,"kepala, kepala-kepala",,,,,,,,,,,,,
hbo:7227a,"kepala, kepala-kepala",,,,,,,,,,,,,
hbo:7230,banyak,,,,,,,,,,,,,
hbo:7231,,menjadi besar,,,berlipat ganda,,,,,,,,,
hbo:7232,berlipat ganda,,,,,,,,,,,,,
hbo:7233,puluhan ribu,,,,,,,,,,,,,
hbo:7234,mengalas,,,,,,,,,,,,,
hbo:7235,"berlipat ganda, berkembang biak, pelipatgandaan",menjadi banyak,,memperbanyak,,,menggandakan,,,,,,,
hbo:7235a,"berlipat ganda, berkembang biak, pelipatgandaan",,,,,,,,,,,,,
hbo:7237,Raba,,,,,,,,,,,,,
hbo:7238,kebesaran,,,,,,,,,,,,,
hbo:7241,hujan,,,,,,,,,,,,,
hbo:7242,kalung,,,,,,,,,,,,,
hbo:7243,"hari, hari-hari",,,,,,,,,,,,,
hbo:7245,Rabit,,,,,,,,,,,,,
hbo:7246,mengaduk,,,,,,,,,,,,,
hbo:7247,Riblah,,,,,,,,,,,,,
hbo:7250,bersetubuh,berbaring,,,,,menyebabkan kawin silang,,,,,,,
hbo:7251,bersegi empat,bersegi empat,,,bersegi empat,,,,,,,,,
hbo:7253,seperempat,,,,,,,,,,,,,
hbo:7254,seperempat,,,,,,,,,,,,,
hbo:7255,seperempat,,,,,,,,,,,,,
hbo:7255a,seperempat,,,,,,,,,,,,,
hbo:7256,keturunan keempat,,,,,,,,,,,,,
hbo:7257,"kawanan, gembalaan",berbaring,,,,,membaringkan,,,,,,,
hbo:7258,tempat istirahat,,,,,,,,,,,,,
hbo:7259,Ribka,,,,,,,,,,,,,
hbo:7263,gumpalan,,,,,,,,,,,,,
hbo:7264,"gemetar, gemetaran, bergetar, berguncang",berguncang,,,,bergoncang,mengguncangkan,,,,,,,
hbo:7267,"masalah, kesulitan, bermasalah, pembuat masalah",,,,,,,,,,,,,
hbo:7268,"gemetar, gemetaran, bergetar, berguncang",,,,,,,,,,,,,
hbo:7269,gemetar,,,,,,,,,,,,,
hbo:7270,"fitnah, difitnah, pemfitnah, memfitnah",memfitnah,,memfitnah,,,,,,,,,,
hbo:7272,kaki,,,,,,,,,,,,,
hbo:7273,"tentara, pejuang, prajurit",,,,,,,,,,,,,
hbo:7274,Rogelim,,,,,,,,,,,,,
hbo:7275,"batu, bebatuan, merajam",,,,,,,,,,,,,
hbo:7276,Regem,,,,,,,,,,,,,
hbo:7277,"majelis, pertemuan, berkumpul, telah berkumpul",,,,,,,,,,,,,
hbo:7278,Regem-melekh,,,,,,,,,,,,,
hbo:7279,mengeluh,bersungut-sungut,bersungut-sungut,,,,,,,,,,,
hbo:7280,"damai, kedamaian, pembuat perdamaian",berkerak,diam,,,,mengeras,,,,,,,
hbo:7281,"jam, berjam-jam",,,,,,,,,,,,,
hbo:7282,"damai, kedamaian, pembuat perdamaian",,,,,,,,,,,,,
hbo:7285,"majelis, pertemuan, berkumpul, telah berkumpul",,,,,,,,,,,,,
hbo:7286,menundukkan,menundukkan,,,,,melapisi,,,,,,,
hbo:7287,"aturan, peraturan-peraturan, menguasai, penguasa",menginjak; memerintah,,melangkah menurun,,,menyebabkan menginjakkan,,,,,,,
hbo:7287a,"aturan, peraturan-peraturan, menguasai, penguasa",,,,,,,,,,,,,
hbo:7288,Radai,,,,,,,,,,,,,
hbo:7289,selendang,,,,,,,,,,,,,
hbo:7290,tidur,,,,,,,,,,,,,
hbo:7291,"dianiaya, penganiayaan",mengejar,dikejar,memburu,diburu,,mengusir,,,,,,,
hbo:7292,,menyerbu dengan keras,,,,,membingungkan,,,,,,,
hbo:7294,Rahab,,,,,,,,,,,,,
hbo:7298,palung,,,,,,,,,,,,,
hbo:7299,rupa,,,,,,,,,,,,,
hbo:7300,mengembara,berkeliling,,,,,menjadi gelisah,,,,,,,
hbo:7301,,minum sampai puas,,mejenuhkan,,,mejenuhkan,,,,,,,
hbo:7302,disiram,,,,,,,,,,,,,
hbo:7305,jarak,,,,,,,,,,,,,
hbo:7306a,bau,merasa lega,,,menjadi luas,,mencium; menikmati bau,,,,,,,
hbo:7307,"roh, roh-roh, rohani",,,,,,,,,,,,,
hbo:7309,kelegaan,,,,,,,,,,,,,
hbo:7310,kelimpahan,,,,,,,,,,,,,
hbo:7311,"mengagungkan, keagungan",tinggi; angkuh,,mengangkat,diangkat,meninggikan diri,mengangkat; menghilangkan,dihilangkan; diangkat pindah,,,,,,
hbo:7312,"mengagungkan, keagungan",,,,,,,,,,,,,
hbo:7316,Ruma,,,,,,,,,,,,,
hbo:7318,"mengagungkan, keagungan",,,,,,,,,,,,,
hbo:7321,berteriak,,,,disorakin,bersorak-sorai,bersorak; meniup tanduk,,,,,,,
hbo:7323,berlari,berlari,,berloncat-loncat,,,mengejar; membawa dengan cepat,,,,,,,
hbo:7324a,kosong,,,,,,mengosongkan,dituangkan,,,,,,
hbo:7325a,mengalir,,,,,,,,,,,,,
hbo:7326,miskin,menjadi miskin,,,,menyamar miskin,,,,,,,,
hbo:7327,Rut,,,,,,,,,,,,,
hbo:7328,rahasia,,,,,,,,,,,,,
hbo:7329,,membuat kurus,menjadi kurus,,,,,,,,,,,
hbo:7330,kurus,,,,,,,,,,,,,
hbo:7334,kehancuran,,,,,,,,,,,,,
hbo:7335,kilat,,,,,,,,,,,,,
hbo:7336,"aturan, peraturan-peraturan, menguasai, penguasa",,,,,,,,,,,,,
hbo:7337,melebar,menjadi lebar,luas,,,,meluaskan,,,,,,,
hbo:7338,lebar,,,,,,,,,,,,,
hbo:7339,jalan,,,,,,,,,,,,,
hbo:7341,lebar,,,,,,,,,,,,,
hbo:7342,luas,,,,,,,,,,,,,
hbo:7343,luas,,,,,,,,,,,,,
hbo:7344,Rehoboth,,,,,,,,,,,,,
hbo:7345,Rehabia,,,,,,,,,,,,,
hbo:7346,Rehabeam,,,,,,,,,,,,,
hbo:7347,batu gilingan,,,,,,,,,,,,,
hbo:7348,Rehum,,,,,,,,,,,,,
hbo:7349,"kemurahan hati, bermurah hati",,,,,,,,,,,,,
hbo:7350,jauh,,,,,,,,,,,,,
hbo:7351,kasau,,,,,,,,,,,,,
hbo:7352,jauh,,,,,,,,,,,,,
hbo:7353,Rahel,,,,,,,,,,,,,
hbo:7354,Rahel,,,,,,,,,,,,,
hbo:7355,"belas kasih, berbelas kasihan",mencintai,,menunjukkan belas kasih,mendapat belas kasih,,,,,,,,,
hbo:7356,"belas kasih, berbelas kasihan",,,,,,,,,,,,,
hbo:7358,"rahim, kandungan",,,,,,,,,,,,,
hbo:7360,burung nasar,,,,,,,,,,,,,
hbo:7361,rahim,,,,,,,,,,,,,
hbo:7362,"belas kasih, berbelas kasihan",,,,,,,,,,,,,
hbo:7363,melayang,berguncang,,melayang-layang,,,,,,,,,,
hbo:7364,mandi,mencuci,,,dicuci,mencuci diri,,,,,,,,
hbo:7366,pencucian,,,,,,,,,,,,,
hbo:7367,pencucian,,,,,,,,,,,,,
hbo:7368,menjauh,jauh,,menjauhkan,,,menjauhkan,,,,,,,
hbo:7369,jauh,,,,,,,,,,,,,
hbo:7370,meluap,,,,,,,,,,,,,
hbo:7371,sekop,,,,,,,,,,,,,
hbo:7373,segar,,,,,,,,,,,,,
hbo:7374,guncang,,,,,,,,,,,,,
hbo:7375,segar,,,,,,,,,,,,,
hbo:7376,remuk,,,menghancurkan,dihancurkan,,,,,,,,,
hbo:7377,kelembaban,,,,,,,,,,,,,
hbo:7378,"memohon, permohonan, memelas",berdebat,,,,,menyerang dengan celaan,,,,,,,
hbo:7379,perselisihan,,,,,,,,,,,,,
hbo:7380,Ribai,,,,,,,,,,,,,
hbo:7381,aroma,,,,,,,,,,,,,
hbo:7384,Rifat,,,,,,,,,,,,,
hbo:7385,"sia-sia, kesombongan",,,,,,,,,,,,,
hbo:7386,kosong,,,,,,,,,,,,,
hbo:7387,kosong,,,,,,,,,,,,,
hbo:7388,air liur,,,,,,,,,,,,,
hbo:7389,kemiskinan,,,,,,,,,,,,,
hbo:7390,lembut,,,,,,,,,,,,,
hbo:7391,kelembutan,,,,,,,,,,,,,
hbo:7392,"Kuda-kuda perang, punggung kuda",menunggangi,,,,,menyuruh menunggangi,,,,,,,
hbo:7393,"Kereta Perang, Kereta-kereta Perang, Kusir",,,,,,,,,,,,,
hbo:7394,Rekab,,,,,,,,,,,,,
hbo:7395,"Kereta Perang, Kereta-kereta Perang, Kusir",,,,,,,,,,,,,
hbo:7396,mengendarai,,,,,,,,,,,,,
hbo:7397,Rekabit,,,,,,,,,,,,,
hbo:7398,"Kereta Perang, Kereta-kereta Perang, Kusir",,,,,,,,,,,,,
hbo:7399,"baik, kebaikan",,,,,,,,,,,,,
hbo:7400,"gosip, gosip-gosip, pengecek, bicara omong kosong",,,,,,,,,,,,,
hbo:7401,melembut,lembut,,,dilunakkan,,membuat gentar,,,,,,,
hbo:7403,Rakal,,,,,,,,,,,,,
hbo:7404,dagangan,,,,,,,,,,,,,
hbo:7405,mengikat,,,,,,,,,,,,,
hbo:7406,bukit curam,,,,,,,,,,,,,
hbo:7407,persepakatan,,,,,,,,,,,,,
hbo:7408,harta,,,,,,,,,,,,,
hbo:7409,"Kuda-kuda perang, punggung kuda",,,,,,,,,,,,,
hbo:7410,Ram,,,,,,,,,,,,,
hbo:7411,"menipu, mendustakan, penipu, pendusta",,,,,,,,,,,,,
hbo:7411a,"menipu, mendustakan, penipu, pendusta",,,,,,,,,,,,,
hbo:7415,cacing,,,,,,,,,,,,,
hbo:7416,delima,,,,,,,,,,,,,
hbo:7417a,Rimon,,,,,,,,,,,,,
hbo:7419,kotoran,,,,,,,,,,,,,
hbo:7420,tombak,,,,,,,,,,,,,
hbo:7422,Ramia,,,,,,,,,,,,,
hbo:7423,"menipu, mendustakan, penipu, pendusta",,,,,,,,,,,,,
hbo:7423a,"menipu, mendustakan, penipu, pendusta",,,,,,,,,,,,,
hbo:7425,Remalya,,,,,,,,,,,,,
hbo:7426,"mengagungkan, keagungan",naik,naik,,,,,,,,,,,
hbo:7428,Rimmon-Perez,,,,,,,,,,,,,
hbo:7429,"menginjak-injak, terinjak",menginjak,diinjak,,,,,,,,,,,
hbo:7430,merangkak,,,,,,,,,,,,,
hbo:7431,binatang melata,,,,,,,,,,,,,
hbo:7432,Remet,,,,,,,,,,,,,
hbo:7433,Remet,,,,,,,,,,,,,
hbo:7435,Ramati,,,,,,,,,,,,,
hbo:7438,nyanyian,,,,,,,,,,,,,
hbo:7440,nyanyian,,,,,,,,,,,,,
hbo:7442,"sukacita, bersukacita",bersorak,,memuji dengan sorak,disorak dengan gembira,,membuat bersorak,,,,,,,
hbo:7445,"sukacita, bersukacita",,,,,,,,,,,,,
hbo:7446,Risa,,,,,,,,,,,,,
hbo:7447,tetesan,,,,,,,,,,,,,
hbo:7447a,tetesan,,,,,,,,,,,,,
hbo:7448,Resen,,,,,,,,,,,,,
hbo:7449,Resen,,,,,,,,,,,,,
hbo:7450,mebasahi,,,,,,,,,,,,,
hbo:7451,"jahat, fasik, kefasikkan",,,,,,,,,,,,,
hbo:7453,"tetangga, bertetangga",,,,,,,,,,,,,
hbo:7455,"jahat, fasik, kefasikkan",,,,,,,,,,,,,
hbo:7456,lapar,lapar,,,,,membuat kelaparan,,,,,,,
hbo:7458,bencana kelaparan,,,,,,,,,,,,,
hbo:7459,bencana kelaparan,,,,,,,,,,,,,
hbo:7461,"gemetar, gemetaran, bergetar, berguncang",,,,,,,,,,,,,
hbo:7462,"gembala, menggembalakan, penggembalaan",,,,,,,,,,,,,
hbo:7462a,"gembala, menggembalakan, penggembalaan",bergaul,,bersahabat akrab,,bergaul,,,,,,,,
hbo:7463,"pendamping, pendamping-pendamping",,,,,,,,,,,,,
hbo:7464,"pendamping, pendamping-pendamping",,,,,,,,,,,,,
hbo:7466,Reau,,,,,,,,,,,,,
hbo:7467,"Yitro, Rehuel",,,,,,,,,,,,,
hbo:7468,"tetangga, bertetangga",,,,,,,,,,,,,
hbo:7469,"tetangga, bertetangga",,,,,,,,,,,,,
hbo:7471,padang rumput,,,,,,,,,,,,,
hbo:7472,Rei,,,,,,,,,,,,,
hbo:7474,gundik,,,,,,,,,,,,,
hbo:7478,guncangan,,,,,,,,,,,,,
hbo:7479,kerudung,,,,,,,,,,,,,
hbo:7480,Reelaya,,,,,,,,,,,,,
hbo:7482,guntur,,,,,,,,,,,,,
hbo:7484,Raama,,,,,,,,,,,,,
hbo:7485,Raamya,,,,,,,,,,,,,
hbo:7486,Ramses,,,,,,,,,,,,,
hbo:7488,segar,,,,,,,,,,,,,
hbo:7489,berbuat jahat,berbuat jahat,menderita luka,,,,menyebabkan kerusakan,,,,,,,
hbo:7489a,,pecah,,,,meledak,,,,,,,,
hbo:7491,menetes,menetes,,,,,menyebabkan menetes,,,,,,,
hbo:7492,remuk,,,,,,,,,,,,,
hbo:7493,"gemetar, gemetaran, bergetar, berguncang",berguncang,berguncang,,,,menyebabkan berguncang,,,,,,,
hbo:7494,"gemetar, gemetaran, bergetar, berguncang",,,,,,,,,,,,,
hbo:7495,menyembuhkan,menyembuhkan,tersembuh,menyembuhkan,,menyembuh diri,,,,,,,,
hbo:7497,Rafa,,,,,,,,,,,,,
hbo:7497a,Rafa,,,,,,,,,,,,,
hbo:7500,penyembuhan,,,,,,,,,,,,,
hbo:7501,Refael,,,,,,,,,,,,,
hbo:7502,alas,membentang,,membentangkan,,,,,,,,,,
hbo:7503,melemas,melemas,menjadi tidak aktif,melonggarkan,,bermalas-malasan,meninggalkan,,,,,,,
hbo:7504,lemah,,,,,,,,,,,,,
hbo:7505,Rafu,,,,,,,,,,,,,
hbo:7506,Refaya,,,,,,,,,,,,,
hbo:7507,sandaran,,,,,,,,,,,,,
hbo:7508,Refidim,,,,,,,,,,,,,
hbo:7509,Refaya,,,,,,,,,,,,,
hbo:7510,kelemahan,,,,,,,,,,,,,
hbo:7514,bersandar,,,,,,,,,,,,,
hbo:7515,,mengotori dengan menginjak,tercemar,,,,,,,,,,,
hbo:7516,lumpur,,,,,,,,,,,,,
hbo:7517,kandang,,,,,,,,,,,,,
hbo:7518,potongan,,,,,,,,,,,,,
hbo:7519,berlari,,,,,,,,,,,,,
hbo:7520,memandang iri,,,,,,,,,,,,,
hbo:7521,berkenan,berkenan,dapat diterima,mencari kerelaan,,membuat diri diterima,,,,,,,,
hbo:7521a,berkenan,membayar ganti rugi,terbayar ganti rugi,,,,menyebabkan pembayaran,,,,,,,
hbo:7522,"berkenan, perkenan, menyenangkan, pilih kasih",,,,,,,,,,,,,
hbo:7523,"membunuh, terbunuh",membunuh,terbunuh,membunuh,,,,,,,,,,
hbo:7524,kehancuran,,,,,,,,,,,,,
hbo:7525,Rizia,,,,,,,,,,,,,
hbo:7526,Rezin,,,,,,,,,,,,,
hbo:7527,melobangi,,,,,,,,,,,,,
hbo:7529,"batu, bebatuan, merajam",,,,,,,,,,,,,
hbo:7530,"batu, bebatuan, merajam",,,,,,,,,,,,,
hbo:7532,Rizpa,,,,,,,,,,,,,
hbo:7533,menghancurkan,menghancurkan,hancur,menghancurkan,,saling bertabrakan,menghancurkan,,,,,,,
hbo:7534,hanya,,,,,,,,,,,,,
hbo:7535,hanya,,,,,,,,,,,,,
hbo:7536,ludah,,,,,,,,,,,,,
hbo:7538,kebusukan,,,,,,,,,,,,,
hbo:7539,kebusukan,,,,,,,,,,,,,
hbo:7540,meloncat,melompat-lompat,,menari,,,membuat melompat,,,,,,,
hbo:7541,bait suci,,,,,,,,,,,,,
hbo:7542,Rakon,,,,,,,,,,,,,
hbo:7543,,mencampur wangi,,,tercampur,,membumbui,,,,,,,
hbo:7544,rempah,,,,,,,,,,,,,
hbo:7545,rempah,,,,,,,,,,,,,
hbo:7546,pengharum,,,,,,,,,,,,,
hbo:7549,"surga, langit, surga, surgawi",,,,,,,,,,,,,
hbo:7550,roti tipis,,,,,,,,,,,,,
hbo:7551,bordir,menenun warna,,,tertenun,,,,,,,,,
hbo:7552,Rekem,,,,,,,,,,,,,
hbo:7552a,Rekem,,,,,,,,,,,,,
hbo:7553,bordir,,,,,,,,,,,,,
hbo:7554,hampar,menginjak,,memukulkan tipis,dipukulkan tipis,,melebarkan,,,,,,,
hbo:7555,pukul,,,,,,,,,,,,,
hbo:7556,ludah,,,,,,,,,,,,,
hbo:7557,Rakat,,,,,,,,,,,,,
hbo:7558,izin,,,,,,,,,,,,,
hbo:7561,"jahat, fasik, kefasikkan",menjadi bersalah,,,,,menyalahkan,,,,,,,
hbo:7562,"jahat, fasik, kefasikkan",,,,,,,,,,,,,
hbo:7563,"jahat, fasik, kefasikkan",,,,,,,,,,,,,
hbo:7564,"jahat, fasik, kefasikkan",,,,,,,,,,,,,
hbo:7565,tulah,,,,,,,,,,,,,
hbo:7567,hancur,,,menghancurkan,terhancurkan,,,,,,,,,
hbo:7568,jaring,,,,,,,,,,,,,
hbo:7569,rantai,,,,,,,,,,,,,
hbo:7570,,,,merebus,direbus,,merebus,,,,,,,
hbo:7571,pendidihan,,,,,,,,,,,,,
hbo:7575,Ritma,,,,,,,,,,,,,
hbo:7576,"memperbudak, dalam belenggu",,patah,,terikat,,,,,,,,,
hbo:7578,gemetar,,,,,,,,,,,,,
hbo:7579,ambil air,,,,,,,,,,,,,
hbo:7580,mengaum,,,,,,,,,,,,,
hbo:7581,auman,,,,,,,,,,,,,
hbo:7583,menatap,,,,,,,,,,,,,
hbo:7586,Saul (PL),,,,,,,,,,,,,
hbo:7587,Sauli,,,,,,,,,,,,,
hbo:7588,"kengerian, mengerikan, ngeri",,,,,,,,,,,,,
hbo:7588a,"kengerian, mengerikan, ngeri",,,,,,,,,,,,,
hbo:7589,penghinaan,,,,,,,,,,,,,
hbo:7591,kehancuran,,,,,,,,,,,,,
hbo:7592,,meminta,minta izin,menanyakan,,,memberikan pinjaman,,,,,,,
hbo:7594,Seal,,,,,,,,,,,,,
hbo:7596,permintaan,,,,,,,,,,,,,
hbo:7597,Sealtiel,,,,,,,,,,,,,
hbo:7599,tenang,,,,,,,,,,,,,
hbo:7600,"sombong, orang sombong, kesombongan",,,,,,,,,,,,,
hbo:7602,"menginjak-injak, terinjak",,,,,,,,,,,,,
hbo:7603,"ragi, khamir, adonan asam, tak beragi",,,,,,,,,,,,,
hbo:7604,tinggal,tertinggal,tersisa,,,,meninggalkan,,,,,,,
hbo:7605,sisa-sisa,,,,,,,,,,,,,
hbo:7607,keluarga,,,,,,,,,,,,,
hbo:7608,kerabat,,,,,,,,,,,,,
hbo:7609,Seera,,,,,,,,,,,,,
hbo:7610,Sear Yasub,,,,,,,,,,,,,
hbo:7611,sisa-sisa,,,,,,,,,,,,,
hbo:7612,"terpencil, perusakan",,,,,,,,,,,,,
hbo:7613a,agung,,,,,,,,,,,,,
hbo:7614,Syeba,,,,,,,,,,,,,
hbo:7616,serpihan,,,,,,,,,,,,,
hbo:7617,"Tawanan, Para Tawanan, Menawan, Ditawan",menawan,ditawan,,,,,,,,,,,
hbo:7618,akik,,,,,,,,,,,,,
hbo:7619,Sebuel,,,,,,,,,,,,,
hbo:7620,Sabat,,,,,,,,,,,,,
hbo:7621,"nazar, sumpah, bersumpah demi",,,,,,,,,,,,,
hbo:7622,"Tawanan, Para Tawanan, Menawan, Ditawan",,,,,,,,,,,,,
hbo:7622a,"Tawanan, Para Tawanan, Menawan, Ditawan",,,,,,,,,,,,,
hbo:7626,"suku, suku-suku, kesukuan, anggota suku",,,,,,,,,,,,,
hbo:7627,Sebat,,,,,,,,,,,,,
hbo:7628,"Tawanan, Para Tawanan, Menawan, Ditawan",,,,,,,,,,,,,
hbo:7629,Sobi,,,,,,,,,,,,,
hbo:7632,nyala,,,,,,,,,,,,,
hbo:7633,"Tawanan, Para Tawanan, Menawan, Ditawan",,,,,,,,,,,,,
hbo:7635,jalan,,,,,,,,,,,,,
hbo:7636,ikat kepala,,,,,,,,,,,,,
hbo:7637,ketujuh,,,,,,,,,,,,,
hbo:7639,"jerat, menjerat, menjebak, jebakan",,,,,,,,,,,,,
hbo:7640,ujung baju,,,,,,,,,,,,,
hbo:7641,"biji-bijian, ladang gandum",,,,,,,,,,,,,
hbo:7642,siput,,,,,,,,,,,,,
hbo:7643,Sibma,,,,,,,,,,,,,
hbo:7643a,Sibma,,,,,,,,,,,,,
hbo:7644,Sebna,,,,,,,,,,,,,
hbo:7645,Sebanias,,,,,,,,,,,,,
hbo:7646,kenyang,kenyang,,memuaskan,,,memuaskan,,,,,,,
hbo:7647,kelimpahan,,,,,,,,,,,,,
hbo:7648,kenyang,,,,,,,,,,,,,
hbo:7649,puas,,,,,,,,,,,,,
hbo:7650,"nazar, sumpah, bersumpah demi",,,,,,,,,,,,,
hbo:7651,tujuh,,,,,,,,,,,,,
hbo:7654,kepenuhan,,,,,,,,,,,,,
hbo:7656,Syeba,,,,,,,,,,,,,
hbo:7658,tujuh,,,,,,,,,,,,,
hbo:7660,anyam,,,menenun bermotif,terpasang,,,,,,,,,
hbo:7661,kesakitan,,,,,,,,,,,,,
hbo:7662,tinggal,,,,,,,,,,,,,
hbo:7664,harapan,,,,,,,,,,,,,
hbo:7665,pecah,memecah,pecah,menghancurkan,,,membuat pecah,dihancurkan,,,,,,
hbo:7665a,pecah,,,,,,,,,,,,,
hbo:7666,membeli biji-bijian,membeli biji-bijian,,,,,menjual biji-bijian,,,,,,,
hbo:7667,"biji-bijian, ladang gandum",,,,,,,,,,,,,
hbo:7668,"biji-bijian, ladang gandum",,,,,,,,,,,,,
hbo:7670,patahan,,,,,,,,,,,,,
hbo:7671,Syebarim,,,,,,,,,,,,,
hbo:7672,bingung,,,,,,,,,,,,,
hbo:7673,berhenti,berhenti,berhenti,,,,menghentikan,,,,,,,
hbo:7674,istirahat,,,,,,,,,,,,,
hbo:7676,Sabat,,,,,,,,,,,,,
hbo:7677,Sabat,,,,,,,,,,,,,
hbo:7678,Syabbetai,,,,,,,,,,,,,
hbo:7682,"selamat, menyelamatkan, diselamatkan, keselamatan.",tinggi,sangat tinggi,meninggikan,dilindungi,,bertindak dengan angkuh,,,,,,,
hbo:7683,menyimpang,,,,,,,,,,,,,
hbo:7684,ketidaksengajaan,,,,,,,,,,,,,
hbo:7685,,tumbuh,,,,,membesarkan,,,,,,,
hbo:7686,"gemetar, gemetaran, bergetar, berguncang",tersesat,,,,,menyesatkan,,,,,,,
hbo:7687,Segub,,,,,,,,,,,,,
hbo:7688,memandang,,,,,,,,,,,,,
hbo:7690,sangat besar,,,,,,,,,,,,,
hbo:7691,kesalahan,,,,,,,,,,,,,
hbo:7692,Sigayon,,,,,,,,,,,,,
hbo:7696,gila,,,,gila,berbuat gila,,,,,,,,
hbo:7697,kegilaan,,,,,,,,,,,,,
hbo:7698,keturunan,,,,,,,,,,,,,
hbo:7699,payudara,,,,,,,,,,,,,
hbo:7700,"setan, roh jahat, roh najis",,,,,,,,,,,,,
hbo:7701,"hancur, binasa, penghancur, pembinasa",,,,,,,,,,,,,
hbo:7703,,meruntuhkan,hancur,menganiaya,dihancurkan,,,dihancurkan,,,,,,
hbo:7704,"bumi, duniawi",,,,,,,,,,,,,
hbo:7704a,"bumi, duniawi",,,,,,,,,,,,,
hbo:7705,gundik,,,,,,,,,,,,,
hbo:7706,Maha Kuasa,,,,,,,,,,,,,
hbo:7707,Shedeur,,,,,,,,,,,,,
hbo:7708,Lembah Sidim,,,,,,,,,,,,,
hbo:7709,"kebun anggur, kebun-kebun anggur",,,,,,,,,,,,,
hbo:7710,terbakar,,,,,,,,,,,,,
hbo:7711,kering,,,,,,,,,,,,,
hbo:7711a,kering,,,,,,,,,,,,,
hbo:7712,berusaha,,,,,,,,,,,,,
hbo:7713,baris,,,,,,,,,,,,,
hbo:7714,Sadrakh,,,,,,,,,,,,,
hbo:7716,"domba betina, domba jantan, domba, bulu domba",,,,,,,,,,,,,
hbo:7717,saksi,,,,,,,,,,,,,
hbo:7718,batu oniks,,,,,,,,,,,,,
hbo:7720,bulan sabit,,,,,,,,,,,,,
hbo:7723,"sia-sia, kesombongan",,,,,,,,,,,,,
hbo:7725,"memulihkan, restorasi",berbalik,,membawa kembali,,,mengembalikan,dikembalikan,,,,,,
hbo:7729,kembali,,,,,,,,,,,,,
hbo:7732,Sobal,,,,,,,,,,,,,
hbo:7733,Sobek,,,,,,,,,,,,,
hbo:7740,Syawa,,,,,,,,,,,,,
hbo:7742,merenungkan,,,,,,,,,,,,,
hbo:7744,Suah,,,,,,,,,,,,,
hbo:7745,Suhah,,,,,,,,,,,,,
hbo:7746,Suhah,,,,,,,,,,,,,
hbo:7747,Suhi,,,,,,,,,,,,,
hbo:7748,Suham,,,,,,,,,,,,,
hbo:7749,Suhami,,,,,,,,,,,,,
hbo:7751,berkelana,berkelana,,berkelana,,berbalik-balik,,,,,,,,
hbo:7754a,ranting,,,,,,,,,,,,,
hbo:7755,Soko,,,,,,,,,,,,,
hbo:7756,Sukati,,,,,,,,,,,,,
hbo:7757,pinggiran,,,,,,,,,,,,,
hbo:7758,bertelanjang,,,,,,,,,,,,,
hbo:7760,"menunjuk, ditunjuk",menempatkan,,,,,menjadikan,ditempatkan,,,,,,
hbo:7762,bawang putih,,,,,,,,,,,,,
hbo:7763,Somer,,,,,,,,,,,,,
hbo:7764,Syuni,,,,,,,,,,,,,
hbo:7766,Syunem,,,,,,,,,,,,,
hbo:7770,Syua,,,,,,,,,,,,,
hbo:7773,"menangis, berseru, seruan, menjerit",,,,,,,,,,,,,
hbo:7774,Syua,,,,,,,,,,,,,
hbo:7775,"menangis, berseru, seruan, menjerit",,,,,,,,,,,,,
hbo:7776,rubah,,,,,,,,,,,,,
hbo:7778,"gerbang, palang gerbang, penjaga gerbang, pintu gerbang",,,,,,,,,,,,,
hbo:7779,memar,,,,,,,,,,,,,
hbo:7780,Sofak,,,,,,,,,,,,,
hbo:7781,Sufami,,,,,,,,,,,,,
hbo:7782,"tanduk, tanduk-tanduk, bertanduk",,,,,,,,,,,,,
hbo:7783,,,,menyirami,,,meluap,,,,,,,
hbo:7784,melimpah,,,,,,,,,,,,,
hbo:7785,betis,,,,,,,,,,,,,
hbo:7793,Syur,,,,,,,,,,,,,
hbo:7794,"sapi, lembu, banteng, anak lembu",,,,,,,,,,,,,
hbo:7795,baris,,,,,,,,,,,,,
hbo:7797,"sukacita, bersukacita",,,,,,,,,,,,,
hbo:7798,Sawsa,,,,,,,,,,,,,
hbo:7799,bunga lili,,,,,,,,,,,,,
hbo:7800,bunga lili,,,,,,,,,,,,,
hbo:7801,Susanki,,,,,,,,,,,,,
hbo:7803,Shutelah,,,,,,,,,,,,,
hbo:7805,lihat,,,,,,,,,,,,,
hbo:7806,anyam,,,,,,,,,,,,,
hbo:7807,rendah,,,,,,,,,,,,,
hbo:7808,pikiran,,,,,,,,,,,,,
hbo:7810,"Suap, menyuap, disuap, penyuapan",,,,,,,,,,,,,
hbo:7811,,berenang,,,,,membuat berenang,,,,,,,
hbo:7812a,sujud,,,,,,,,,,,,,
hbo:7813,renang,,,,,,,,,,,,,
hbo:7814,tawa,,,,,,,,,,,,,
hbo:7815,kehitaman,,,,,,,,,,,,,
hbo:7816,"lubang, jebakan",,,,,,,,,,,,,
hbo:7817,"berlutut, membungkuk, bersujud",membungkuk,terbungkuk,,,,menjatuhkan,,,,,,,
hbo:7818,peras,,,,,,,,,,,,,
hbo:7819,"pembantaian, dibantai, membantai",menyembelih,tersembelih,,,,,,,,,,,
hbo:7821,penyembelihan,,,,,,,,,,,,,
hbo:7822,bisul,,,,,,,,,,,,,
hbo:7823,tunas,,,,,,,,,,,,,
hbo:7824,panel,,,,,,,,,,,,,
hbo:7825,"hancur, binasa, penghancur, pembinasa",,,,,,,,,,,,,
hbo:7826,singa,,,,,,,,,,,,,
hbo:7827,onycha,,,,,,,,,,,,,
hbo:7828,camar,,,,,,,,,,,,,
hbo:7829,tuberkulosis,,,,,,,,,,,,,
hbo:7830,"bermegah, angkuh, dengan angkuh, bangga",,,,,,,,,,,,,
hbo:7832,hari raya,bermain,,bercanda,,,mengolok-olok,,,,,,,
hbo:7833,remuk,,,,,,,,,,,,,
hbo:7834,"surga, langit, surga, surgawi",,,,,,,,,,,,,
hbo:7837,subuh,,,,,,,,,,,,,
hbo:7838,hitam,,,,,,,,,,,,,
hbo:7839,rambut_hitam,,,,,,,,,,,,,
hbo:7841,Shehariah,,,,,,,,,,,,,
hbo:7842,Shaharaim,,,,,,,,,,,,,
hbo:7843,"hancur, binasa, penghancur, pembinasa",,rusak,merusak,,,menghancurkan,terhancurkan,,,,,,
hbo:7845,"lubang, jebakan",,,,,,,,,,,,,
hbo:7846,pemberontakan,,,,,,,,,,,,,
hbo:7847,menyimpang,,,,,,,,,,,,,
hbo:7848,akasia,,,,,,,,,,,,,
hbo:7849,sebarkan,terbentang,,merentangkan,,,,,,,,,,
hbo:7850,cambuk,,,,,,,,,,,,,
hbo:7851,Sitim,,,,,,,,,,,,,
hbo:7852,"dianiaya, penganiayaan",,,,,,,,,,,,,
hbo:7854,"penentang, lawan-lawan, musuh, musuh-musuh",,,,,,,,,,,,,
hbo:7856,Sitna,,,,,,,,,,,,,
hbo:7857,banjir,menyapu,tersapu,,tercuci,,,,,,,,,
hbo:7858,air bah,,,,,,,,,,,,,
hbo:7860,"aturan, peraturan-peraturan, menguasai, penguasa",,,,,,,,,,,,,
hbo:7862,pemberian,,,,,,,,,,,,,
hbo:7863,ketinggian,,,,,,,,,,,,,
hbo:7865,Sirion,,,,,,,,,,,,,
hbo:7866,Sion,,,,,,,,,,,,,
hbo:7869,"usia, zaman",,,,,,,,,,,,,
hbo:7871,tinggal,,,,,,,,,,,,,
hbo:7872,"usia, zaman",,,,,,,,,,,,,
hbo:7873,mengejar,,,,,,,,,,,,,
hbo:7874,kapur,,,,,,,,,,,,,
hbo:7875,kapur,,,,,,,,,,,,,
hbo:7876,lupa,,,,,,,,,,,,,
hbo:7877,Siza,,,,,,,,,,,,,
hbo:7878,merenungkan,memikirkan,,mempertimbangkan,,,,,,,,,,
hbo:7879,semak,,,,,,,,,,,,,
hbo:7880,semak,,,,,,,,,,,,,
hbo:7881,merenungkan,,,,,,,,,,,,,
hbo:7882,"lubang, jebakan",,,,,,,,,,,,,
hbo:7883,Sihor,,,,,,,,,,,,,
hbo:7884,Sihor-libnat,,,,,,,,,,,,,
hbo:7887,Silo,,,,,,,,,,,,,
hbo:7889,Simon,,,,,,,,,,,,,
hbo:7891,bernyanyi,menyanyi,,menyanyikan,,,,dinyanyikan,,,,,,
hbo:7892,lagu,,,,,,,,,,,,,
hbo:7892a,lagu,,,,,,,,,,,,,
hbo:7893,marmer,,,,,,,,,,,,,
hbo:7894,Sisa,,,,,,,,,,,,,
hbo:7895,Sisak,,,,,,,,,,,,,
hbo:7896,"menunjuk, ditunjuk",meletakkan,,,,,,dikenakan,,,,,,
hbo:7897,"menunjuk, ditunjuk",,,,,,,,,,,,,
hbo:7898,duri,,,,,,,,,,,,,
hbo:7899,duri,,,,,,,,,,,,,
hbo:7900,pondok,,,,,,,,,,,,,
hbo:7901,"menipu, mendustakan, penipu, pendusta",berbaring,bersetubuh dengan,,bersetubuh dengan,,membaringkan,dibaringkan,,,,,,
hbo:7902,air mani,,,,,,,,,,,,,
hbo:7903,senggama,,,,,,,,,,,,,
hbo:7905,tombak,,,,,,,,,,,,,
hbo:7906,Seku,,,,,,,,,,,,,
hbo:7907,hati,,,,,,,,,,,,,
hbo:7909,kehilangan anak,,,,,,,,,,,,,
hbo:7910,"mabuk, pemabuk",,,,,,,,,,,,,
hbo:7911,lupa,melupakan,terlupakan,melupakan,,terlupakan,membuat lupa,,,,,,,
hbo:7914,gambar,,,,,,,,,,,,,
hbo:7915,pisau,,,,,,,,,,,,,
hbo:7916,"memperbudak, diperbudak, hamba, budak",,,,,,,,,,,,,
hbo:7918,mereda,berkurang,,,,,mengurangi,,,,,,,
hbo:7919,,berhasil,,membuat terlihat bodoh,,,memahami,,,,,,,
hbo:7919a,bijaksana,,,,,,,,,,,,,
hbo:7921,tandus,kehilangan anak,,membuat kehilangan anak,,,keguguran,,,,,,,
hbo:7922,"memahami, mengerti, mengerti, pengertian",,,,,,,,,,,,,
hbo:7923,kehilangan,,,,,,,,,,,,,
hbo:7924,pengertian,,,,,,,,,,,,,
hbo:7925,bangun pagi,,,,,,,,,,,,,
hbo:7926,bahu,,,,,,,,,,,,,
hbo:7928,Sikhem,,,,,,,,,,,,,
hbo:7930,Sikemit,,,,,,,,,,,,,
hbo:7931,"selamat, menyelamatkan, diselamatkan, keselamatan.",mendiami,,membuat mendiami,,,membuat mendiami,,,,,,,
hbo:7934,"tetangga, bertetangga",,,,,,,,,,,,,
hbo:7935,Sekaniah,,,,,,,,,,,,,
hbo:7936,menyewa,mengupah,menyewa diri,,,menyewa diri,,,,,,,,
hbo:7937,"mabuk, pemabuk",mabuk,,memabukkan,,bersikap mabuk,memabukkan,,,,,,,
hbo:7938,upah,,,,,,,,,,,,,
hbo:7939,"upah, upahan, memberikan upah, pemberi upah",,,,,,,,,,,,,
hbo:7940,"upah, upahan, memberikan upah, pemberi upah",,,,,,,,,,,,,
hbo:7941,minuman keras,,,,,,,,,,,,,
hbo:7944,kecerobohan,,,,,,,,,,,,,
hbo:7946,santai,,,,,,,,,,,,,
hbo:7947,cocok,,,,,,,,,,,,,
hbo:7948,rangka,,,,,,,,,,,,,
hbo:7950,"salju, bersalju",,,,,,,,,,,,,
hbo:7951,,tenang,lalai,,,,memberi harapan palsu,,,,,,,
hbo:7956,Selah,,,,,,,,,,,,,
hbo:7957,lidah api,,,,,,,,,,,,,
hbo:7958,puyuh,,,,,,,,,,,,,
hbo:7960,lalai,,,,,,,,,,,,,
hbo:7962,"sejahtera, makmur, menjadi makmur, kemakmuran",,,,,,,,,,,,,
hbo:7965,"damai, kedamaian, pembuat perdamaian",,,,,,,,,,,,,
hbo:7966,pembalasan,,,,,,,,,,,,,
hbo:7967,Salum,,,,,,,,,,,,,
hbo:7968,Salun,,,,,,,,,,,,,
hbo:7971,Absalom,mengirim,dikirim,melepaskan,dilepaskan,,melepaskan ke atas,,,,,,,
hbo:7974,Selah,,,,,,,,,,,,,
hbo:7975a,Siloa,,,,,,,,,,,,,
hbo:7977,Silhi,,,,,,,,,,,,,
hbo:7978,Silhim,,,,,,,,,,,,,
hbo:7979,meja,,,,,,,,,,,,,
hbo:7980,,mendominasi,,,,,memberikan kuasa,,,,,,,
hbo:7982,"perisai, berperisai",,,,,,,,,,,,,
hbo:7984,dominasi,,,,,,,,,,,,,
hbo:7985,dominasi,,,,,,,,,,,,,
hbo:7986,sombong,,,,,,,,,,,,,
hbo:7987,ketenangan,,,,,,,,,,,,,
hbo:7988,uri,,,,,,,,,,,,,
hbo:7989,"aturan, peraturan-peraturan, menguasai, penguasa",,,,,,,,,,,,,
hbo:7991,prajurit,,,,,,,,,,,,,
hbo:7991a,prajurit,,,,,,,,,,,,,
hbo:7991b,prajurit,,,,,,,,,,,,,
hbo:7992,ketiga,,,,,,,,,,,,,
hbo:7993,"mencampakkan, mengusir, membuang",,,,,,melempar,dilempan,,,,,,
hbo:7994,kormoran,,,,,,,,,,,,,
hbo:7996,Salekhét,,,,,,,,,,,,,
hbo:7998,rampasan,,,,,,,,,,,,,
hbo:7999,membayar,sempurna,,membayar,dibayar,,membuat perdamaian dengan,berdamai dengan,,,,,,
hbo:8002,persembahan perdamaian,,,,,,,,,,,,,
hbo:8003,Salom,,,,,,,,,,,,,
hbo:8004,Salom,,,,,,,,,,,,,
hbo:8006,Silem,,,,,,,,,,,,,
hbo:8007,Salmon,,,,,,,,,,,,,
hbo:8008,jubah,,,,,,,,,,,,,
hbo:8010,Salomo,,,,,,,,,,,,,
hbo:8011,pembalasan,,,,,,,,,,,,,
hbo:8012,Salmon,,,,,,,,,,,,,
hbo:8013,Selomit,,,,,,,,,,,,,
hbo:8015,Selomi,,,,,,,,,,,,,
hbo:8016,Silemit,,,,,,,,,,,,,
hbo:8017,Selumiel,,,,,,,,,,,,,
hbo:8018,Selemya,,,,,,,,,,,,,
hbo:8019,Selomit,,,,,,,,,,,,,
hbo:8020,Salmán,,,,,,,,,,,,,
hbo:8022,Salmanéser,,,,,,,,,,,,,
hbo:8024,Selanit,,,,,,,,,,,,,
hbo:8025,menarik,,,,,,,,,,,,,
hbo:8026,Selef,,,,,,,,,,,,,
hbo:8027,"hari, hari-hari",,,membagi tiga; melakukan pada hari ketiga,berusia tiga tahun; berlipat tiga,,,,,,,,,
hbo:8029,ketiga,,,,,,,,,,,,,
hbo:8030,Silsa,,,,,,,,,,,,,
hbo:8031,Saliesa,,,,,,,,,,,,,
hbo:8032,"hari, hari-hari",,,,,,,,,,,,,
hbo:8033,di sana,,,,,,,,,,,,,
hbo:8034,nama,,,,,,,,,,,,,
hbo:8035,nama,,,,,,,,,,,,,
hbo:8037,Sama,,,,,,,,,,,,,
hbo:8038,Semeber,,,,,,,,,,,,,
hbo:8039,Simea,,,,,,,,,,,,,
hbo:8040,kiri,,,,,,,,,,,,,
hbo:8041,menyamping,,,,,,,,,,,,,
hbo:8042,kiri,,,,,,,,,,,,,
hbo:8043,Simam,,,,,,,,,,,,,
hbo:8044,Samgar,,,,,,,,,,,,,
hbo:8045,"hancur, binasa, penghancur, pembinasa",,dihancurkan; diberantas,,,,memberantas,,,,,,,
hbo:8047,Syamah,,,,,,,,,,,,,
hbo:8048,Syamah,,,,,,,,,,,,,
hbo:8049,Syamhut,,,,,,,,,,,,,
hbo:8050,Samuel,,,,,,,,,,,,,
hbo:8051,Syamua,,,,,,,,,,,,,
hbo:8052,"kabar, kabar-kabar, terkabar",,,,,,,,,,,,,
hbo:8054,Syamot,,,,,,,,,,,,,
hbo:8055,"sukacita, bersukacita",bersukacita,,menyenangkan,,,menyenangkan,,,,,,,
hbo:8056,"sukacita, bersukacita",,,,,,,,,,,,,
hbo:8057,"sukacita, bersukacita",,,,,,,,,,,,,
hbo:8058,"tersandung, terantuk, terbentur, kesandung",melepaskan; mengabaikan,ditumbangkan,,,,menyebabkan pelepasan,,,,,,,
hbo:8059,tahun sabat,,,,,,,,,,,,,
hbo:8060,Syamay,,,,,,,,,,,,,
hbo:8061,Syemida,,,,,,,,,,,,,
hbo:8062,Syemidai,,,,,,,,,,,,,
hbo:8063,selimut,,,,,,,,,,,,,
hbo:8064,"surga, langit, surga, surgawi",,,,,,,,,,,,,
hbo:8065,langit,,,,,,,,,,,,,
hbo:8066,kedelapan,,,,,,,,,,,,,
hbo:8069,Syamir,,,,,,,,,,,,,
hbo:8069a,Syamir,,,,,,,,,,,,,
hbo:8070,Syemiramot,,,,,,,,,,,,,
hbo:8071,pakaian,,,,,,,,,,,,,
hbo:8072,Samlah,,,,,,,,,,,,,
hbo:8074,"terpencil, perusakan",terkejut; menjadi sunyi sepi,dijadikan sunyi sepi; terhenyak,menjadi sunyi sepi; terhenyak,,terkejut,menjadiakan sunyi sepi,kesunyian,,,,,,
hbo:8077,"terpencil, perusakan",,,,,,,,,,,,,
hbo:8077a,"terpencil, perusakan",,,,,,,,,,,,,
hbo:8078,ketakutan,,,,,,,,,,,,,
hbo:8079,tokek,,,,,,,,,,,,,
hbo:8080,gemuk,gemuk,,,,,membuat gemuk,,,,,,,
hbo:8081,minyak,,,,,,,,,,,,,
hbo:8082,subur,,,,,,,,,,,,,
hbo:8083,Set,,,,,,,,,,,,,
hbo:8085,"memahami, mengerti, mengerti, pengertian",mendengar; menuruti,terdengar,memanggil,,,membuat terdengar; memanggil,,,,,,,
hbo:8086,mendengar,,,,,,,,,,,,,
hbo:8087,Syema,,,,,,,,,,,,,
hbo:8088,"kabar, kabar-kabar, terkabar",,,,,,,,,,,,,
hbo:8089,"kabar, kabar-kabar, terkabar",,,,,,,,,,,,,
hbo:8091,Syama,,,,,,,,,,,,,
hbo:8092,Syimea,,,,,,,,,,,,,
hbo:8093,Syimeah,,,,,,,,,,,,,
hbo:8094,Syemaa,,,,,,,,,,,,,
hbo:8095,Simeon,,,,,,,,,,,,,
hbo:8096,Simei,,,,,,,,,,,,,
hbo:8097,Simei,,,,,,,,,,,,,
hbo:8098,Syemaya,,,,,,,,,,,,,
hbo:8099,Simeon,,,,,,,,,,,,,
hbo:8100,Shimeat,,,,,,,,,,,,,
hbo:8101,Shimeati,,,,,,,,,,,,,
hbo:8102,bisikan,,,,,,,,,,,,,
hbo:8103,"mengejek, diejek, ejekan, pengejek",,,,,,,,,,,,,
hbo:8104,"menonton, mengawasi, menyaksikan, penjaga",menjaga; berjaga-jaga,terjaga; berhati-hati,menyembah,,berhati-hati,,,,,,,,
hbo:8105,Semer,,,,,,,,,,,,,
hbo:8106,Semer,,,,,,,,,,,,,
hbo:8107,penjagaan,,,,,,,,,,,,,
hbo:8109,terjaga,,,,,,,,,,,,,
hbo:8110,Simron,,,,,,,,,,,,,
hbo:8110a,Simron,,,,,,,,,,,,,
hbo:8112,Simron Meron,,,,,,,,,,,,,
hbo:8113,Simri,,,,,,,,,,,,,
hbo:8114,Semarya,,,,,,,,,,,,,
hbo:8115,"Samaria, orang Samaria",,,,,,,,,,,,,
hbo:8116,Simrit,,,,,,,,,,,,,
hbo:8117,Simroni,,,,,,,,,,,,,
hbo:8119,Simrat,,,,,,,,,,,,,
hbo:8121,matahari,,,,,,,,,,,,,
hbo:8123,Samson,,,,,,,,,,,,,
hbo:8124,Simsyai,,,,,,,,,,,,,
hbo:8125,Samsyrai,,,,,,,,,,,,,
hbo:8126,Sumatiti,,,,,,,,,,,,,
hbo:8127,gigi,,,,,,,,,,,,,
hbo:8130,"penentang, lawan-lawan, musuh, musuh-musuh",membenci; musuh,dibenci,menjadi musuh,,,,,,,,,,
hbo:8134,Sinab,,,,,,,,,,,,,
hbo:8135,kebencian,,,,,,,,,,,,,
hbo:8136,seribu,,,,,,,,,,,,,
hbo:8137,Shenazar,,,,,,,,,,,,,
hbo:8138,"sesat, secara sesat",berubah; mengulangi; berbeda,diulangi,mengubah,berubah,menyamar,,,,,,,,
hbo:8141,"tahun, tahun-tahun",,,,,,,,,,,,,
hbo:8142,tidur,,,,,,,,,,,,,
hbo:8143,gading,,,,,,,,,,,,,
hbo:8144,kirmizi,,,,,,,,,,,,,
hbo:8145,kedua,,,,,,,,,,,,,
hbo:8146,dibenci,,,,,,,,,,,,,
hbo:8147,dua,,,,,,,,,,,,,
hbo:8148,ejekan,,,,,,,,,,,,,
hbo:8149,Gunung Hermon,,,,,,,,,,,,,
hbo:8150,mengajarkan,menajamkan,,,,merasakan tertusuk,,,,,,,,
hbo:8150a,mengajarkan,,,,,,,,,,,,,
hbo:8151,"melilitkan, diikat",,,,,,,,,,,,,
hbo:8152,Sinear,,,,,,,,,,,,,
hbo:8154,merampas,,,,,,,,,,,,,
hbo:8155,merampas,merampas,dirampas,,,,,,,,,,,
hbo:8156,,membelah,,merobek,,,,,,,,,,
hbo:8157,belah,,,,,,,,,,,,,
hbo:8158,membunuh,,,,,,,,,,,,,
hbo:8159,menatap,memandang,,,,memandang sekeliling,mengalihkan pandangan,,,,,,,
hbo:8161,debur,,,,,,,,,,,,,
hbo:8162,kain campur,,,,,,,,,,,,,
hbo:8163,kambing jantan,,,,,,,,,,,,,
hbo:8163a,kambing jantan,,,,,,,,,,,,,
hbo:8163b,kambing jantan,,,,,,,,,,,,,
hbo:8165,Seir,,,,,,,,,,,,,
hbo:8166,kambing betina,,,,,,,,,,,,,
hbo:8168,genggaman,,,,,,,,,,,,,
hbo:8169,Salbim,,,,,,,,,,,,,
hbo:8169a,Salbim,,,,,,,,,,,,,
hbo:8170,Salboni,,,,,,,,,,,,,
hbo:8171,Shalim,,,,,,,,,,,,,
hbo:8172,bersandar,,,,,,,,,,,,,
hbo:8173,"kesenangan, kesukaan, gembira",saling melekat,,,,saling melekat,melekatkan,,,,,,,
hbo:8173a,"kesenangan, kesukaan, gembira",,,bermain,dibelai,bergembira,,,,,,,,
hbo:8174,Syaaf,,,,,,,,,,,,,
hbo:8178,"kengerian, mengerikan, ngeri",,,,,,,,,,,,,
hbo:8178a,"kengerian, mengerikan, ngeri",,,,,,,,,,,,,
hbo:8179,"gerbang, palang gerbang, penjaga gerbang, pintu gerbang",,,,,,,,,,,,,
hbo:8181,rambut,,,,,,,,,,,,,
hbo:8182,busuk,,,,,,,,,,,,,
hbo:8183,badai,,,,,,,,,,,,,
hbo:8184,jelai,,,,,,,,,,,,,
hbo:8185,rambut,,,,,,,,,,,,,
hbo:8187,Searyah,,,,,,,,,,,,,
hbo:8188,Sehorim,,,,,,,,,,,,,
hbo:8189,Syaaraim,,,,,,,,,,,,,
hbo:8190,Syasygaz,,,,,,,,,,,,,
hbo:8193,"menipu, mendustakan, penipu, pendusta",,,,,,,,,,,,,
hbo:8195,Syefo,,,,,,,,,,,,,
hbo:8196,penghakiman,,,,,,,,,,,,,
hbo:8197,Shefupam,,,,,,,,,,,,,
hbo:8198,"memperbudak, diperbudak, hamba, budak",,,,,,,,,,,,,
hbo:8199,"Menghakimi, penghakiman",menghakimi,berperkara,,,,,,,,,,,menjadi lawan
hbo:8201,"Menghakimi, penghakiman",,,,,,,,,,,,,
hbo:8202,Shafat,,,,,,,,,,,,,
hbo:8203,Shefatya,,,,,,,,,,,,,
hbo:8204,Shiftan,,,,,,,,,,,,,
hbo:8205,tepi,,,,,,,,,,,,,
hbo:8206,Shupim,,,,,,,,,,,,,
hbo:8207,ular,,,,,,,,,,,,,
hbo:8208,Shafir,,,,,,,,,,,,,
hbo:8210,tumpah,menuangkan,tumpah,,tumpah,tumpah,,,,,,,,
hbo:8211,tempat abu,,,,,,,,,,,,,
hbo:8212,kelamin,,,,,,,,,,,,,
hbo:8213,"malu, memalukan, merasa malu, dipermalukan",rendah,,,,,merendahkan,,,,,,,
hbo:8217,"rendah, kerendahan",,,,,,,,,,,,,
hbo:8218,kerendahan,,,,,,,,,,,,,
hbo:8219,bpiedmont,,,,,,,,,,,,,
hbo:8220,kelalaian,,,,,,,,,,,,,
hbo:8221,Shefam,,,,,,,,,,,,,
hbo:8222,kumis,,,,,,,,,,,,,
hbo:8223,Shafam,,,,,,,,,,,,,
hbo:8224,Sifmot,,,,,,,,,,,,,
hbo:8225,Shifmi,,,,,,,,,,,,,
hbo:8226,harta,,,,,,,,,,,,,
hbo:8227,pika,,,,,,,,,,,,,
hbo:8227a,pika,,,,,,,,,,,,,
hbo:8228,kelimpahan,,,,,,,,,,,,,
hbo:8229,kelimpahan,,,,,,,,,,,,,
hbo:8230,Siffi,,,,,,,,,,,,,
hbo:8233,keindahan,,,,,,,,,,,,,
hbo:8234,keindahan,,,,,,,,,,,,,
hbo:8236,Shifra,,,,,,,,,,,,,
hbo:8238,fajar,,,,,,,,,,,,,
hbo:8241,ledakan,,,,,,,,,,,,,
hbo:8242,Kain kabung,,,,,,,,,,,,,
hbo:8243,betis,,,,,,,,,,,,,
hbo:8246,berbentuk badam,,,,,,,,,,,,,
hbo:8247,badam,,,,,,,,,,,,,
hbo:8248,"memperbudak, diperbudak, hamba, budak",,,,disiram,,memberi minum,,,,,,,
hbo:8250,minuman,,,,,,,,,,,,,
hbo:8251,yang dibenci,,,,,,,,,,,,,
hbo:8252,diam,beristirahat,,,,,memberi istirahat,,,,,,,
hbo:8253,ketenangan,,,,,,,,,,,,,
hbo:8254,,menimbang,ditimbang,,,,,,,,,,,
hbo:8255,syikal,,,,,,,,,,,,,
hbo:8256,pohon ara,,,,,,,,,,,,,
hbo:8257,tenggelam,merosot,tenggelam,,,,menahan,,,,,,,
hbo:8258,cekungan,,,,,,,,,,,,,
hbo:8259,memandang,,,,,,,,,,,,,
hbo:8262,"benci, jijik, membenci, menjijikkan",,,,,,,,,,,,,
hbo:8263,kekejian,,,,,,,,,,,,,
hbo:8264,terburu,bergerak cepat,,,,bergerak-gerik,,,,,,,,
hbo:8266,"menipu, mendustakan, penipu, pendusta",,,,,,,,,,,,,
hbo:8267,"menipu, mendustakan, penipu, pendusta",,,,,,,,,,,,,
hbo:8268,palung,,,,,,,,,,,,,
hbo:8269,pemimpin,,,,,,,,,,,,,
hbo:8270,pusar,,,,,,,,,,,,,
hbo:8271,,melonggarkan,,membebaskan,,,,,,,,,,
hbo:8272,Sarezer,,,,,,,,,,,,,
hbo:8273,mirage,,,,,,,,,,,,,
hbo:8274,Serebya,,,,,,,,,,,,,
hbo:8275,tongkat kekuasaan,,,,,,,,,,,,,
hbo:8276,berjalin,,,,tersimpul,saling melilit,,,,,,,,
hbo:8277,selamat,,,,,,,,,,,,,
hbo:8278,rajutan,,,,,,,,,,,,,
hbo:8279,goresan,,,,,,,,,,,,,
hbo:8282,Sara,,,,,,,,,,,,,
hbo:8283,Sara,,,,,,,,,,,,,
hbo:8284,jalur,,,,,,,,,,,,,
hbo:8286,Serug,,,,,,,,,,,,,
hbo:8287,Saruhen,,,,,,,,,,,,,
hbo:8288,tali,,,,,,,,,,,,,
hbo:8289,"Saron, Dataran Saron",,,,,,,,,,,,,
hbo:8290,Saron,,,,,,,,,,,,,
hbo:8294,Serah,,,,,,,,,,,,,
hbo:8295,gores,mengorekan,terluka parah,,,,,,,,,,,
hbo:8296,goresan,,,,,,,,,,,,,
hbo:8296a,goresan,,,,,,,,,,,,,
hbo:8297,Sara,,,,,,,,,,,,,
hbo:8298,Sarai,,,,,,,,,,,,,
hbo:8299,cabang,,,,,,,,,,,,,
hbo:8300,sisa-sisa,,,,,,,,,,,,,
hbo:8301,sisa-sisa,,,,,,,,,,,,,
hbo:8303,Gunung Hermon,,,,,,,,,,,,,
hbo:8304,Seraya,,,,,,,,,,,,,
hbo:8306,otot,,,,,,,,,,,,,
hbo:8308,bengkok,,,,,,,,,,,,,
hbo:8311,menjulur,cacat,,,,meregangkan diri,,,,,,,,
hbo:8313,bakar,membakar,terbakar,,terbakar,,,,,,,,,
hbo:8314,ular,,,,,,,,,,,,,
hbo:8316,pembakaran,,,,,,,,,,,,,
hbo:8318,binatang,,,,,,,,,,,,,
hbo:8321,"anggur, pokok anggur",,,,,,,,,,,,,
hbo:8321a,"anggur, pokok anggur",,,,,,,,,,,,,
hbo:8322,siulan,,,,,,,,,,,,,
hbo:8323,,memerintah,,,,bertindak sebagai penguasa,,,,,,,,
hbo:8327,,,,mencabut,,,berakar,,,,,,berakar kuat,berakar
hbo:8328,akar,,,,,,,,,,,,,
hbo:8330,akar,,,,,,,,,,,,,
hbo:8333,rantai,,,,,,,,,,,,,
hbo:8334,"memperbudak, diperbudak, hamba, budak",,,,,,,,,,,,,
hbo:8335,layanan,,,,,,,,,,,,,
hbo:8337,enam,,,,,,,,,,,,,
hbo:8338,memimpin,,,,,,,,,,,,,
hbo:8339,Syesbassar,,,,,,,,,,,,,
hbo:8341,seperenam,,,,,,,,,,,,,
hbo:8342,"sukacita, bersukacita",,,,,,,,,,,,,
hbo:8343,Syasyai,,,,,,,,,,,,,
hbo:8344,Syesyai,,,,,,,,,,,,,
hbo:8345,keenam,,,,,,,,,,,,,
hbo:8347,Babel,,,,,,,,,,,,,
hbo:8348,Syesan,,,,,,,,,,,,,
hbo:8349,Syesak,,,,,,,,,,,,,
hbo:8350,merah,,,,,,,,,,,,,
hbo:8352,Set,,,,,,,,,,,,,
hbo:8354,"mabuk, pemabuk",minum,diminum,,,,,,,,,,,
hbo:8357,Set,,,,,,,,,,,,,
hbo:8359,lusi,,,,,,,,,,,,,
hbo:8360,minuman,,,,,,,,,,,,,
hbo:8361,enam puluh,,,,,,,,,,,,,
hbo:8364,Sutelahi,,,,,,,,,,,,,
hbo:8365,tertutup,,,,,,,,,,,,,
hbo:8366a,kencing,,,,,,,,,,,,,
hbo:8367,diam,,,,,,,,,,,,,
hbo:8369,Setar,,,,,,,,,,,,,
hbo:8370,Setar-bozenai,,,,,,,,,,,,,
hbo:8372,kamar,,,,,,,,,,,,,
hbo:8375,kerinduan,,,,,,,,,,,,,
hbo:8376,menandai,,,,,,,,,,,,,
hbo:8377,kudu,,,,,,,,,,,,,
hbo:8378,"nafsu, bernafsu",,,,,,,,,,,,,
hbo:8381,"kutukan, terkutuk",,,,,,,,,,,,,
hbo:8382,"menanggung, tanggungan, pembawa",,,,,,,,,,,,,
hbo:8384,buah ara,,,,,,,,,,,,,
hbo:8385,birahi,,,,,,,,,,,,,
hbo:8385a,birahi,,,,,,,,,,,,,
hbo:8386,"meratap, ratapan, meratapi, peratap",,,,,,,,,,,,,
hbo:8387,Silo,,,,,,,,,,,,,
hbo:8388,batas,condong,,menguraikan,terbentang,,,,,,,,,
hbo:8389,rupa,,,,,,,,,,,,,
hbo:8390,Taarea,,,,,,,,,,,,,
hbo:8391,pohon peti,,,,,,,,,,,,,
hbo:8392,bahtera,,,,,,,,,,,,,
hbo:8393,"menanggung, tanggungan, pembawa",,,,,,,,,,,,,
hbo:8394,"memahami, mengerti, mengerti, pengertian",,,,,,,,,,,,,
hbo:8395,kehancuran,,,,,,,,,,,,,
hbo:8396,Tabor,,,,,,,,,,,,,
hbo:8397,kekejian,,,,,,,,,,,,,
hbo:8398,"dunia, duniawi",,,,,,,,,,,,,
hbo:8399,kebinasaan,,,,,,,,,,,,,
hbo:8400,cacat,,,,,,,,,,,,,
hbo:8401,"melahap, menelan",,,,,,,,,,,,,
hbo:8402,Tibni,,,,,,,,,,,,,
hbo:8403,gambar,,,,,,,,,,,,,
hbo:8404,Taberah,,,,,,,,,,,,,
hbo:8405,Tebets,,,,,,,,,,,,,
hbo:8406,patah,,,,,,,,,,,,,
hbo:8407,Tiglat Pileser,,,,,,,,,,,,,
hbo:8408,balasan,,,,,,,,,,,,,
hbo:8409,sengketa,,,,,,,,,,,,,
hbo:8410,pohon elm,,,,,,,,,,,,,
hbo:8412,Tadmor,,,,,,,,,,,,,
hbo:8413,Tidal,,,,,,,,,,,,,
hbo:8414,"limbah, terbuang, menyia-nyiakan, tanah pembuangan",,,,,,,,,,,,,
hbo:8415,"sumber air, mata air",,,,,,,,,,,,,
hbo:8416,"memuji, memuji, dipuji, memuji",,,,,,,,,,,,,
hbo:8419,"sesat, secara sesat",,,,,,,,,,,,,
hbo:8420,tanda,,,,,,,,,,,,,
hbo:8421,kembali,,,,,,,,,,,,,
hbo:8422,Tubal,,,,,,,,,,,,,
hbo:8423,Tubal,,,,,,,,,,,,,
hbo:8424,"meratap, ratapan, meratapi, peratap",,,,,,,,,,,,,
hbo:8425,Togarmah,,,,,,,,,,,,,
hbo:8426,"mengaku, pengakuan",,,,,,,,,,,,,
hbo:8430,Toah,,,,,,,,,,,,,
hbo:8431,harapan,,,,,,,,,,,,,
hbo:8432,tengah,,,,,,,,,,,,,
hbo:8433,"menegur, teguran, ditegur",,,,,,,,,,,,,
hbo:8434,Tolad,,,,,,,,,,,,,
hbo:8435,turunan,,,,,,,,,,,,,
hbo:8437,"siksaan, disiksa, menyiksa, para penyiksa",,,,,,,,,,,,,
hbo:8438,cacing (warna merah),,,,,,,,,,,,,
hbo:8438b,cacing (warna merah),,,,,,,,,,,,,
hbo:8439,Tola,,,,,,,,,,,,,
hbo:8440,Tolai,,,,,,,,,,,,,
hbo:8441,yang dibenci,,,,,,,,,,,,,
hbo:8442,kesalahan,,,,,,,,,,,,,
hbo:8443,puncak,,,,,,,,,,,,,
hbo:8444,keluaran,,,,,,,,,,,,,
hbo:8446,"mencari, dicari, pencarian",menjelajahi,,,,,menyuruh menjelajahi,,,,,,,
hbo:8449,"merpati, burung dara",,,,,,,,,,,,,
hbo:8451,"hukum, hukum Musa, hukum Allah, hukum TUHAN",,,,,,,,,,,,,
hbo:8453,"orang asing, asing, orang luar",,,,,,,,,,,,,
hbo:8454,"bijaksana, hikmat",,,,,,,,,,,,,
hbo:8455,tongkat,,,,,,,,,,,,,
hbo:8456,lepas,,,,,,,,,,,,,
hbo:8457,perzinahan,,,,,,,,,,,,,
hbo:8459,Tohu,,,,,,,,,,,,,
hbo:8460,di bawah,,,,,,,,,,,,,
hbo:8461,Tahkhemoni,,,,,,,,,,,,,
hbo:8462,awal,,,,,,,,,,,,,
hbo:8464,burung unta,,,,,,,,,,,,,
hbo:8465,Tahan,,,,,,,,,,,,,
hbo:8467,"anugerah, kemurahan",,,,,,,,,,,,,
hbo:8469,"memohon, permohonan, memelas",,,,,,,,,,,,,
hbo:8470,Tahani,,,,,,,,,,,,,
hbo:8471,Tahpanhes,,,,,,,,,,,,,
hbo:8472,Tahpenes,,,,,,,,,,,,,
hbo:8473,lubang dada,,,,,,,,,,,,,
hbo:8475,Tahrea,,,,,,,,,,,,,
hbo:8476,Tahas,,,,,,,,,,,,,
hbo:8477,Tahas,,,,,,,,,,,,,
hbo:8478,di bawah,,,,,,,,,,,,,
hbo:8481,bawah,,,,,,,,,,,,,
hbo:8482,bawahan,,,,,,,,,,,,,
hbo:8483,Tahti Hadsi,,,,,,,,,,,,,
hbo:8484,tengah,,,,,,,,,,,,,
hbo:8485,Tema,,,,,,,,,,,,,
hbo:8486,Teman,,,,,,,,,,,,,
hbo:8487,Teman,,,,,,,,,,,,,
hbo:8488,Temani,,,,,,,,,,,,,
hbo:8489,Temanit,,,,,,,,,,,,,
hbo:8490,"kolom, kolom-kolom, pilar, pilar-pilar",,,,,,,,,,,,,
hbo:8491,Tizit,,,,,,,,,,,,,
hbo:8492,"anggur, alat pemeras anggur, penekan anggur, kantung anggur",,,,,,,,,,,,,
hbo:8493,Tiria,,,,,,,,,,,,,
hbo:8494,Tiras,,,,,,,,,,,,,
hbo:8495,"kambing, anak kambing, kambing hitam",,,,,,,,,,,,,
hbo:8496,penindasan,,,,,,,,,,,,,
hbo:8497,mengikut,,,,,,,,,,,,,
hbo:8502,kesempurnaan,,,,,,,,,,,,,
hbo:8503,batas,,,,,,,,,,,,,
hbo:8504,biru,,,,,,,,,,,,,
hbo:8505,,menguji,diuji,menetapkan,ditetapkan,,,,,,,,,
hbo:8506,jumlah,,,,,,,,,,,,,
hbo:8508,proporsi,,,,,,,,,,,,,
hbo:8509,"jubah, jubah-jubah, berjubah",,,,,,,,,,,,,
hbo:8510,gundukan,,,,,,,,,,,,,
hbo:8511,tergantung,,,,,,,,,,,,,
hbo:8512,Tel-Abib,,,,,,,,,,,,,
hbo:8513,"masalah, kesulitan, bermasalah, pembuat masalah",,,,,,,,,,,,,
hbo:8515,Telassar,,,,,,,,,,,,,
hbo:8516,pakaian,,,,,,,,,,,,,
hbo:8517,salju,,,,,,,,,,,,,
hbo:8518,"menggantungkan, digantung, gantung, tirai",menggantung,digantung,menggantung,,,,,,,,,,
hbo:8519,keluhan,,,,,,,,,,,,,
hbo:8520,Telah,,,,,,,,,,,,,
hbo:8521,Tel-Harsa,,,,,,,,,,,,,
hbo:8522,tabung,,,,,,,,,,,,,
hbo:8523,ketiga,,,,,,,,,,,,,
hbo:8525,alur,,,,,,,,,,,,,
hbo:8526,Talmai,,,,,,,,,,,,,
hbo:8527,murid,,,,,,,,,,,,,
hbo:8528,Tel-Melah,,,,,,,,,,,,,
hbo:8529,merah,,,,,,,,,,,,,
hbo:8531,tiga,,,,,,,,,,,,,
hbo:8532,tiga,,,,,,,,,,,,,
hbo:8533,tiga puluh,,,,,,,,,,,,,
hbo:8534,ikal,,,,,,,,,,,,,
hbo:8535,tidak bercela,,,,,,,,,,,,,
hbo:8537,integritas,,,,,,,,,,,,,
hbo:8538,integritas,,,,,,,,,,,,,
hbo:8539,terheran-heran,terkejut,,,,heran-heran,,,,,,,,
hbo:8541,kebingungan,,,,,,,,,,,,,
hbo:8542,Tamuz,,,,,,,,,,,,,
hbo:8543,kemarin,,,,,,,,,,,,,
hbo:8544,rupa,,,,,,,,,,,,,
hbo:8545,penggantian,,,,,,,,,,,,,
hbo:8546,kematian,,,,,,,,,,,,,
hbo:8547,Temah,,,,,,,,,,,,,
hbo:8548,selamanya,,,,,,,,,,,,,
hbo:8549,tidak bercela,,,,,,,,,,,,,
hbo:8550,Urim dan Tumim,,,,,,,,,,,,,
hbo:8551,pegang,memegang,dipegang,,,,,,,,,,,
hbo:8552,habis,,,,,bersikap jujur,menyelesaikan,,,,,,,
hbo:8553,Timna,,,,,,,,,,,,,
hbo:8554,Timni,,,,,,,,,,,,,
hbo:8555,Timna,,,,,,,,,,,,,
hbo:8556,Timnat Heres,,,,,,,,,,,,,
hbo:8556a,Timnat Heres,,,,,,,,,,,,,
hbo:8557,mencair,,,,,,,,,,,,,
hbo:8558,Tamar,,,,,,,,,,,,,
hbo:8559,Tamar,,,,,,,,,,,,,
hbo:8559a,Tamar,,,,,,,,,,,,,
hbo:8560,palem,,,,,,,,,,,,,
hbo:8560a,palem,,,,,,,,,,,,,
hbo:8562,kosmetik,,,,,,,,,,,,,
hbo:8565,naga,,,,,,,,,,,,,
hbo:8567,hari raya,mengupah,,menceritakan,,,menyewa,,,,,,,
hbo:8569,penolakan,,,,,,,,,,,,,
hbo:8570,"buah, buah-buahan, berbuah, tidak berbuah",,,,,,,,,,,,,
hbo:8571,cuping,,,,,,,,,,,,,
hbo:8572,tidur nyenyak,,,,,,,,,,,,,
hbo:8573,"korban, dikorbankan, mengorbankan, persembahan",,,,,,,,,,,,,
hbo:8574,oven,,,,,,,,,,,,,
hbo:8576,Tanhumet,,,,,,,,,,,,,
hbo:8577,"ular, ular berbisa, ular beludak",,,,,,,,,,,,,
hbo:8579,kedua kalinya,,,,,,,,,,,,,
hbo:8580,burung hantu,,,,,,,,,,,,,
hbo:8580a,burung hantu,,,,,,,,,,,,,
hbo:8581,"benci, jijik, membenci, menjijikkan",,menjadi jijik,membenci,,,berbuat keji,,,,,,,
hbo:8582,"menipu, mendustakan, penipu, pendusta",tersesat,terombang-ambing,,,,menyesatkan,,,,,,,
hbo:8583,Toi,,,,,,,,,,,,,
hbo:8584,"meneguhkan, peneguhan, diteguhkan, konfirmasi",,,,,,,,,,,,,
hbo:8585,"lubang, jebakan",,,,,,,,,,,,,
hbo:8585a,"lubang, jebakan",,,,,,,,,,,,,
hbo:8587,rahasia,,,,,,,,,,,,,
hbo:8588,"kesenangan, kesukaan, gembira",,,,,,,,,,,,,
hbo:8589,puasa,,,,,,,,,,,,,
hbo:8590,Taanak,,,,,,,,,,,,,
hbo:8591,"mengejek, diejek, ejekan, pengejek",,,mengolok-olok,,meremehkan,,,,,,,,
hbo:8593,pisau cukur,,,,,,,,,,,,,
hbo:8596,rebana,,,,,,,,,,,,,
hbo:8597,kemegahan,,,,,,,,,,,,,
hbo:8598,Tapuah,,,,,,,,,,,,,
hbo:8599,Tapuah,,,,,,,,,,,,,
hbo:8602,hambar,,,,,,,,,,,,,
hbo:8602a,hambar,,,,,,,,,,,,,
hbo:8603,Tofet,,,,,,,,,,,,,
hbo:8604,kebodohan,,,,,,,,,,,,,
hbo:8605,"berdoa, doa, pendoa, didoakan",,,,,,,,,,,,,
hbo:8606,kengerian,,,,,,,,,,,,,
hbo:8607,Tifsa,,,,,,,,,,,,,
hbo:8608,memukul,memukul rebana,,melangkah ringan,,,,,,,,,,
hbo:8609,menjahit,,,,,,,,,,,,,
hbo:8610,"merebut, direbut, penyitaan",menangkap,tertangkap,menangkap,,,,,,,,,,
hbo:8612,Tofet,,,,,,,,,,,,,
hbo:8613,tempat pembakaran,,,,,,,,,,,,,
hbo:8614,magistrat,,,,,,,,,,,,,
hbo:8615,harapan,,,,,,,,,,,,,
hbo:8615a,harapan,,,,,,,,,,,,,
hbo:8617,pendirian,,,,,,,,,,,,,
hbo:8621,Tekoa,,,,,,,,,,,,,
hbo:8622,lintasan,,,,,,,,,,,,,
hbo:8624,"besar, sangat berkuasa, lebih berkuasa, dengan kuasa",,,,,,,,,,,,,
hbo:8625,menimbang,,,,,,,,,,,,,
hbo:8625a,menimbang,,,,,,,,,,,,,
hbo:8626,,menjadi lurus,,meluruskan,,,,,,,,,,
hbo:8628,meniup,menohok,terpledoi,,,,,,,,,,,
hbo:8629,tiupan,,,,,,,,,,,,,
hbo:8633,kekuasaan,,,,,,,,,,,,,
hbo:8634,Taralah,,,,,,,,,,,,,
hbo:8635,pertambahan,,,,,,,,,,,,,
hbo:8636,bunga,,,,,,,,,,,,,
hbo:8638,"menafsirkan, ditafsirkan, penafsiran, tafsiran",,,,,,,,,,,,,
hbo:8639,tidur nyenyak,,,,,,,,,,,,,
hbo:8640,Tirhaka,,,,,,,,,,,,,
hbo:8641,"korban, dikorbankan, mengorbankan, persembahan",,,,,,,,,,,,,
hbo:8642,persembahan,,,,,,,,,,,,,
hbo:8643,sorak,,,,,,,,,,,,,
hbo:8644,penyembuhan,,,,,,,,,,,,,
hbo:8645,pohon cypress,,,,,,,,,,,,,
hbo:8646,Terah,,,,,,,,,,,,,
hbo:8646a,Terah,,,,,,,,,,,,,
hbo:8647,Tirkhana,,,,,,,,,,,,,
hbo:8648,dua,,,,,,,,,,,,,
hbo:8649b,"menipu, mendustakan, penipu, pendusta",,,,,,,,,,,,,
hbo:8650,tiang layar,,,,,,,,,,,,,
hbo:8651,pintu,,,,,,,,,,,,,
hbo:8652,penjaga pintu,,,,,,,,,,,,,
hbo:8653,"gemetar, gemetaran, bergetar, berguncang",,,,,,,,,,,,,
hbo:8654,Tiratim,,,,,,,,,,,,,
hbo:8655,"patung, patung pahatan, patung ukiran, patung logam tuangan",,,,,,,,,,,,,
hbo:8656,Tirza,,,,,,,,,,,,,
hbo:8656a,Tirza,,,,,,,,,,,,,
hbo:8657,Teresh,,,,,,,,,,,,,
hbo:8658,Tarsis,,,,,,,,,,,,,
hbo:8659,Tarsis,,,,,,,,,,,,,
hbo:8659a,Tarsis,,,,,,,,,,,,,
hbo:8660,"memerintah, pemerintah, pemerintah-pemerintah, gubernur",,,,,,,,,,,,,
hbo:8661,Tartan,,,,,,,,,,,,,
hbo:8662,Tartak,,,,,,,,,,,,,
hbo:8663,sorak,,,,,,,,,,,,,
hbo:8664,Tisbi,,,,,,,,,,,,,
hbo:8665,terkotak-kotak,,,,,,,,,,,,,
hbo:8666,pergantian,,,,,,,,,,,,,
hbo:8667,amanah,,,,,,,,,,,,,
hbo:8668,"selamat, menyelamatkan, diselamatkan, keselamatan.",,,,,,,,,,,,,
hbo:8669,keinginan,,,,,,,,,,,,,
hbo:8670,hadiah,,,,,,,,,,,,,
hbo:8671,kesembilan,,,,,,,,,,,,,
hbo:8672,sembilan,,,,,,,,,,,,,
hbo:8674,Tattenai,,,,,,,,,,,,,
