lexeme,default,qal,niphal,piel,pual,hithpael,hiphil,hophal,hishtaphel,ithpaal,nithpael,hithpaal,poal,poel,peal,peil,pael,haphel,aphel,shaphel,hithpeel,ithpeel
hbo:0001,"baba, babaye, babaze, mababa, babangu",,,,,,,,,,,,,,,,,,,,,
hbo:0003,"bich, jan, mich, kijani, vyowap",,,,,,,,,,,,,,,,,,,,,
hbo:0005,abagtha,,,,,,,,,,,,,,,,,,,,,
hbo:0006,,,,,,,,"anga, harib, pote, haribik, ukiwa",,,,,,,"anga, harib, pote, haribik, ukiwa",,,"anga, harib, pote, haribik, ukiwa",,,,
hbo:0009,"potez, hasara, pungu, kosan, kion",,,,,,,,,,,,,,,,,,,,,
hbo:0011,"uharibifu, haun, viko",,,,,,,,,,,,,,,,,,,,,
hbo:0012,"ukiwa, uharibifu, anga, chukiz, ajab",,,,,,,,,,,,,,,,,,,,,
hbo:0014,,"kubal, radh, hiar, tak, kata",,,,,,,,,,,,,,,,,,,,
hbo:0016,"shamu, mwanzi, nyas, unyasi, kalamu",,,,,,,,,,,,,,,,,,,,,
hbo:0017,"ole, aa, pinga, ala",,,,,,,,,,,,,,,,,,,,,
hbo:0018,"zizi, amju, zaleta",,,,,,,,,,,,,,,,,,,,,
hbo:0019,"chinj, chin, wau, chinji, chinja",,,,,,,,,,,,,,,,,,,,,
hbo:0020,matikiti,,,,,,,,,,,,,,,,,,,,,
hbo:0021,abiya,,,,,,,,,,,,,,,,,,,,,
hbo:0022,abieli,,,,,,,,,,,,,,,,,,,,,
hbo:0023,"ebiasafu, abiasafu",,,,,,,,,,,,,,,,,,,,,
hbo:0024,"abibu, suk",,,,,,,,,,,,,,,,,,,,,
hbo:0026,"abigaili, mwishmaeli",,,,,,,,,,,,,,,,,,,,,
hbo:0027,abidani,,,,,,,,,,,,,,,,,,,,,
hbo:0028,abida,,,,,,,,,,,,,,,,,,,,,
hbo:0029,"abiya, abia",,,,,,,,,,,,,,,,,,,,,
hbo:0030,"abihu, mfiki",,,,,,,,,,,,,,,,,,,,,
hbo:0031,abihudi,,,,,,,,,,,,,,,,,,,,,
hbo:0032,abihaili,,,,,,,,,,,,,,,,,,,,,
hbo:0032a,abihaili,,,,,,,,,,,,,,,,,,,,,
hbo:0034,"haja, mhitaji, wahitaji, hitaj, maskini",,,,,,,,,,,,,,,,,,,,,
hbo:0035,"tama, pendeza, pend, tamani, man",,,,,,,,,,,,,,,,,,,,,
hbo:0036,abitubu,,,,,,,,,,,,,,,,,,,,,
hbo:0037,abitali,,,,,,,,,,,,,,,,,,,,,
hbo:0038,abiya,,,,,,,,,,,,,,,,,,,,,
hbo:0039,"abimaeli, obali",,,,,,,,,,,,,,,,,,,,,
hbo:0040,"abimeleki, ahimeleki, omtend",,,,,,,,,,,,,,,,,,,,,
hbo:0041,nafath-dori,,,,,,,,,,,,,,,,,,,,,
hbo:0042,"abinoamu, washike, ogoz, kedesh-naftali",,,,,,,,,,,,,,,,,,,,,
hbo:0043,"ebiasafu, abiasafu",,,,,,,,,,,,,,,,,,,,,
hbo:0044,abiezeri,,,,,,,,,,,,,,,,,,,,,
hbo:0046,"shuja, nguvu, hodari, uwez, wenye",,,,,,,,,,,,,,,,,,,,,
hbo:0047,"shuja, nguvu, hodari, uwez, wenye",,,,,,,,,,,,,,,,,,,,,
hbo:0048,abiramu,,,,,,,,,,,,,,,,,,,,,
hbo:0049,"abishagi, anioze, umtakie",,,,,,,,,,,,,,,,,,,,,
hbo:0050,abishua,,,,,,,,,,,,,,,,,,,,,
hbo:0051,abishuri,,,,,,,,,,,,,,,,,,,,,
hbo:0052,"abishai, usimwangamize",,,,,,,,,,,,,,,,,,,,,
hbo:0053,absalomu,,,,,,,,,,,,,,,,,,,,,
hbo:0053a,absalomu,,,,,,,,,,,,,,,,,,,,,
hbo:0054,"abiathari, neneni",,,,,,,,,,,,,,,,,,,,,
hbo:0055,,,,,,"bingiri, vingiri, vingirisheni, isha, vingirish",,,,,,,,,,,,,,,,
hbo:0056,,"ombole, bole, lili, tang, mlili",,,,"ombole, bole, lili, tang, mlili","ombole, bole, lili, tang, mlili",,,,,,,,,,,,,,,
hbo:0057,"ombole, bole, lili, tang, mlili",,,,,,,,,,,,,,,,,,,,,
hbo:0060,"ombole, bole, lili, tang, mlili",,,,,,,,,,,,,,,,,,,,,
hbo:0061,"kweli, hakika, halisi, haya, sivy",,,,,,,,,,,,,,,,,,,,,
hbo:0063,abel-shitimu,,,,,,,,,,,,,,,,,,,,,
hbo:0065,abel-mehola,,,,,,,,,,,,,,,,,,,,,
hbo:0066,abel-maimu,,,,,,,,,,,,,,,,,,,,,
hbo:0067,abel-misri,,,,,,,,,,,,,,,,,,,,,
hbo:0068,"mawe, jiwe, vito, kito, pim",,,,,,,,,,,,,,,,,,,,,
hbo:0070,"gurudum, sulisul, vumb, mwueni",,,,,,,,,,,,,,,,,,,,,
hbo:0072,ebenezeri,,,,,,,,,,,,,,,,,,,,,
hbo:0073,"mshipi, fung, tamba, fungw, fungi",,,,,,,,,,,,,,,,,,,,,
hbo:0074,"abneri, umefanyaje",,,,,,,,,,,,,,,,,,,,,
hbo:0075,,"non, wanono, nenep, nenepe, winu",,,,,,,,,,,,,,,,,,,,
hbo:0076,"jipu, vimb, jip, kufura, hain",,,,,,,,,,,,,,,,,,,,,
hbo:0077,ebesi,,,,,,,,,,,,,,,,,,,,,
hbo:0078,ibzani,,,,,,,,,,,,,,,,,,,,,
hbo:0080,"vumb, mavumbini, udongo, nchi, anga",,,,,,,,,,,,,,,,,,,,,
hbo:0081,"harufu, nuka, nus, hawanusi, dini",,,,,,,,,,,,,,,,,,,,,
hbo:0083,"baw, mbaw, bawa, upindo, ncha",,,,,,,,,,,,,,,,,,,,,
hbo:0084,"tai, mwew, manyoya, ruka, furukombe",,,,,,,,,,,,,,,,,,,,,
hbo:0085,abrahamu,,,,,,,,,,,,,,,,,,,,,
hbo:0086,"inam, abud, sujudi, sujud, inami",,,,,,,,,,,,,,,,,,,,,
hbo:0087,abramu,,,,,,,,,,,,,,,,,,,,,
hbo:0088,obothi,,,,,,,,,,,,,,,,,,,,,
hbo:0089,"agee, midengu",,,,,,,,,,,,,,,,,,,,,
hbo:0090,agagi,,,,,,,,,,,,,,,,,,,,,
hbo:0091,mwagagi,,,,,,,,,,,,,,,,,,,,,
hbo:0092,"kuba, lichov, kikosi, mvunje",,,,,,,,,,,,,,,,,,,,,
hbo:0093,milozi,,,,,,,,,,,,,,,,,,,,,
hbo:0094,aguri,,,,,,,,,,,,,,,,,,,,,
hbo:0095,"pand, tong, gaw, vitekete, lijaze",,,,,,,,,,,,,,,,,,,,,
hbo:0096,"dondo, ton, yadondoza, dondoz, manyunyu",,,,,,,,,,,,,,,,,,,,,
hbo:0097,eglaimu,,,,,,,,,,,,,,,,,,,,,
hbo:0098,"ziwa, birik, bwaw, maziwa, vya",,,,,,,,,,,,,,,,,,,,,
hbo:0099,"huzuni, ili, chukulia, vumili, stahimil",,,,,,,,,,,,,,,,,,,,,
hbo:0100,"nyas, vimeavyo, tobo",,,,,,,,,,,,,,,,,,,,,
hbo:0101,"vyombo, ila, chombo, kitu, mtungi",,,,,,,,,,,,,,,,,,,,,
hbo:0102,"vikosi, kikosi, jeshi, majeshi, askari",,,,,,,,,,,,,,,,,,,,,
hbo:0103,,"kusany, kusanyi, sany, kuta, okot",,,,,,,,,,,,,,,,,,,,
hbo:0105,"birik, komb, bakul, sini, miik",,,,,,,,,,,,,,,,,,,,,
hbo:0106,"gomban, kiwiko, yualazwa",,,,,,,,,,,,,,,,,,,,,
hbo:0107,"baru, waraka, nyaraka, nipewe",,,,,,,,,,,,,,,,,,,,,
hbo:0108,"huifanyia, yamwagikayo, unyevu, kiwi",,,,,,,,,,,,,,,,,,,,,
hbo:0109,,,,,,,"huzuni, ili, chukulia, vumili, stahimil",,,,,,,,,,,,,,,
hbo:0110,abdeeli,,,,,,,,,,,,,,,,,,,,,
hbo:0111,hadadi,,,,,,,,,,,,,,,,,,,,,
hbo:0112,ido,,,,,,,,,,,,,,,,,,,,,
hbo:0113,"bwana, wangu, wakuu, bwan, mwenye",,,,,,,,,,,,,,,,,,,,,
hbo:0115,adoraimu,,,,,,,,,,,,,,,,,,,,,
hbo:0116,"ndipo, kisha, basi, huo, ule",,,,,,,,,,,,,,,,,,,,,
hbo:0117,"kubw, kubwa, mkuu, kuu, maku",,,,,,,,,,,,,,,,,,,,,
hbo:0118,adalia,,,,,,,,,,,,,,,,,,,,,
hbo:0119,,"mwekundu, chekundu, kund, wekundu, jekundu",,,"mwekundu, chekundu, kund, wekundu, jekundu","mwekundu, chekundu, kund, wekundu, jekundu","mwekundu, chekundu, kund, wekundu, jekundu",,,,,,,,,,,,,,,
hbo:0120,"mtu, watu, mwanadamu, wanadamu, wanaume",,,,,,,,,,,,,,,,,,,,,
hbo:0122,"mwekundu, chekundu, kund, wekundu, jekundu",,,,,,,,,,,,,,,,,,,,,
hbo:0123,"edomu, waedomi",,,,,,,,,,,,,,,,,,,,,
hbo:0124,akik,,,,,,,,,,,,,,,,,,,,,
hbo:0125,"mwekundu, chekundu, kund, wekundu, jekundu",,,,,,,,,,,,,,,,,,,,,
hbo:0126,"adma, niwezeje",,,,,,,,,,,,,,,,,,,,,
hbo:0127,"nchi, dunia, duniani, chini, ardh",,,,,,,,,,,,,,,,,,,,,
hbo:0132,"mwekundu, chekundu, kund, wekundu, jekundu",,,,,,,,,,,,,,,,,,,,,
hbo:0133,admatha,,,,,,,,,,,,,,,,,,,,,
hbo:0134,"tund, mahali, tak, vyake, pale, pake",,,,,,,,,,,,,,,,,,,,,
hbo:0135,adani,,,,,,,,,,,,,,,,,,,,,
hbo:0136,"bwana, wangu, wakuu, bwan, mwenye",,,,,,,,,,,,,,,,,,,,,
hbo:0137,adoni-bezeki,,,,,,,,,,,,,,,,,,,,,
hbo:0138,"adonia, adonikamu, amwogopa",,,,,,,,,,,,,,,,,,,,,
hbo:0138a,"adonia, adonikamu, amwogopa",,,,,,,,,,,,,,,,,,,,,
hbo:0139,adoni-sedeki,,,,,,,,,,,,,,,,,,,,,
hbo:0140,adonikamu,,,,,,,,,,,,,,,,,,,,,
hbo:0141,adoramu,,,,,,,,,,,,,,,,,,,,,
hbo:0142,,,"utukufu, tuku, heshima, fahari, tukuz",,,,"utukufu, tuku, heshima, fahari, tukuz",,,,,,,,,,,,,,,
hbo:0143,adari,,,,,,,,,,,,,,,,,,,,,
hbo:0145,"joho, vazi, mavazi, wakiwa, loku",,,,,,,,,,,,,,,,,,,,,
hbo:0146,adari,,,,,,,,,,,,,,,,,,,,,
hbo:0146a,adari,,,,,,,,,,,,,,,,,,,,,
hbo:0148,"majaji, mwamuzi, muvy, ngeku, chonge",,,,,,,,,,,,,,,,,,,,,
hbo:0149,"bidi, haraka, tende, naam, izingatiwe",,,,,,,,,,,,,,,,,,,,,
hbo:0150,"fung, mane, darkoni, fedha, mene",,,,,,,,,,,,,,,,,,,,,
hbo:0151,adoramu,,,,,,,,,,,,,,,,,,,,,
hbo:0152,adrameleki,,,,,,,,,,,,,,,,,,,,,
hbo:0152a,adrameleki,,,,,,,,,,,,,,,,,,,,,
hbo:0153,"udhalimu, jeur, nguvu, dhuluma, uharibifu",,,,,,,,,,,,,,,,,,,,,
hbo:0154,edrei,,,,,,,,,,,,,,,,,,,,,
hbo:0155,"mavazi, vazi, nguo, joho, yeva",,,,,,,,,,,,,,,,,,,,,
hbo:0157,,"pend, penda, mapenzi, rafik, wapenzi","pend, penda, mapenzi, rafik, wapenzi","pend, penda, mapenzi, rafik, wapenzi",,,,,,,,,,,,,,,,,,
hbo:0158,"pend, penda, mapenzi, rafik, wapenzi",,,,,,,,,,,,,,,,,,,,,
hbo:0159,"pend, wapenzi, mpenzi, mjomba, mdog",,,,,,,,,,,,,,,,,,,,,
hbo:0160,"pend, penda, mapenzi, rafik, wapenzi",,,,,,,,,,,,,,,,,,,,,
hbo:0161,ohadi,,,,,,,,,,,,,,,,,,,,,
hbo:0162,"ole, aa, nikalia, sijala, sumbua",,,,,,,,,,,,,,,,,,,,,
hbo:0163,ahava,,,,,,,,,,,,,,,,,,,,,
hbo:0164,ehudi,,,,,,,,,,,,,,,,,,,,,
hbo:0167,,"wakaao, oka, akakaa, kuka, mkaa",,"wakaao, oka, akakaa, kuka, mkaa",,,,,,,,,,,,,,,,,,
hbo:0168,"hema, heman, maskani, mahema, kuwapo",,,,,,,,,,,,,,,,,,,,,
hbo:0170,ohola,,,,,,,,,,,,,,,,,,,,,
hbo:0171,oholiabu,,,,,,,,,,,,,,,,,,,,,
hbo:0172,oholiba,,,,,,,,,,,,,,,,,,,,,
hbo:0173,oholibama,,,,,,,,,,,,,,,,,,,,,
hbo:0174,"udi, kand",,,,,,,,,,,,,,,,,,,,,
hbo:0175,haruni,,,,,,,,,,,,,,,,,,,,,
hbo:0176,"au, kuliko, ama, je, ana, tama, pendeza, pend, tamani, man",,,,,,,,,,,,,,,,,,,,,
hbo:0177,ueli,,,,,,,,,,,,,,,,,,,,,
hbo:0178,"acha, buz, uganga, pepo, bashir",,,,,,,,,,,,,,,,,,,,,
hbo:0178a,"acha, buz, uganga, pepo, bashir",,,,,,,,,,,,,,,,,,,,,
hbo:0179,obili,,,,,,,,,,,,,,,,,,,,,
hbo:0180,"mto, mito, jit, mton, maji",,,,,,,,,,,,,,,,,,,,,
hbo:0181,"king, usif",,,,,,,,,,,,,,,,,,,,,
hbo:0182,"sababu, ajili, ili, kuwa, upat",,,,,,,,,,,,,,,,,,,,,
hbo:0185,"tama, pendeza, pend, tamani, man",,,,,,,,,,,,,,,,,,,,,
hbo:0186,uzai,,,,,,,,,,,,,,,,,,,,,
hbo:0187,uzali,,,,,,,,,,,,,,,,,,,,,
hbo:0188,"ole, aa, pinga, ala",,,,,,,,,,,,,,,,,,,,,
hbo:0189,evi,,,,,,,,,,,,,,,,,,,,,
hbo:0190,"ole, aa, pinga, ala",,,,,,,,,,,,,,,,,,,,,
hbo:0191,"umba, wajinga, upuz, mjinga, wazimu",,,,,,,,,,,,,,,,,,,,,
hbo:0192,evil-merodaki,,,,,,,,,,,,,,,,,,,,,
hbo:0194,"labd, end, yamkini, pengine, yumkini",,,,,,,,,,,,,,,,,,,,,
hbo:0195,"ulai, yoit, mfahamishe",,,,,,,,,,,,,,,,,,,,,
hbo:0196,"umba, wajinga, upuz, mjinga, wazimu",,,,,,,,,,,,,,,,,,,,,
hbo:0198,ulamu,,,,,,,,,,,,,,,,,,,,,
hbo:0199,"bali, lakini, ila, naam, tu",,,,,,,,,,,,,,,,,,,,,
hbo:0200,"umba, ujinga, hauzingatii, hununa",,,,,,,,,,,,,,,,,,,,,
hbo:0201,omari,,,,,,,,,,,,,,,,,,,,,
hbo:0202,"nguvu, jeshi, uwez, shik, hodari",,,,,,,,,,,,,,,,,,,,,
hbo:0203,oni,,,,,,,,,,,,,,,,,,,,,
hbo:0204,oni,,,,,,,,,,,,,,,,,,,,,
hbo:0207,ono,,,,,,,,,,,,,,,,,,,,,
hbo:0208,onamu,,,,,,,,,,,,,,,,,,,,,
hbo:0209,onani,,,,,,,,,,,,,,,,,,,,,
hbo:0210,ufazi,,,,,,,,,,,,,,,,,,,,,
hbo:0211,ofiri,,,,,,,,,,,,,,,,,,,,,
hbo:0211a,ofiri,,,,,,,,,,,,,,,,,,,,,
hbo:0212,"gurudum, sulisul, vumb, mwueni",,,,,,,,,,,,,,,,,,,,,
hbo:0213,,"haraka, upes, hima, mbio, mwenye",,,,,"haraka, upes, hima, mbio, mwenye",,,,,,,,,,,,,,,
hbo:0214,"hazina, akib, ghal, fich, weke",,,,,,,,,,,,,,,,,,,,,
hbo:0215,,"nuru, anga, angaz, ng'a, wang","nuru, anga, angaz, ng'a, wang",,,,"nuru, anga, angaz, ng'a, wang",,,,,,,,,,,,,,,
hbo:0216,"nuru, wang, mianga, taa, pambazuk",,,,,,,,,,,,,,,,,,,,,
hbo:0217,"mial, mual, moto, mwal, liku",,,,,,,,,,,,,,,,,,,,,
hbo:0218,"uru, kumtoa",,,,,,,,,,,,,,,,,,,,,
hbo:0218a,"uru, kumtoa",,,,,,,,,,,,,,,,,,,,,
hbo:0221,uri,,,,,,,,,,,,,,,,,,,,,
hbo:0222,urieli,,,,,,,,,,,,,,,,,,,,,
hbo:0223,uria,,,,,,,,,,,,,,,,,,,,,
hbo:0224,"urimu, wulizi",,,,,,,,,,,,,,,,,,,,,
hbo:0226,"ishara, lil, alam, sahihi",,,,,,,,,,,,,,,,,,,,,
hbo:0227,"ndipo, kisha, basi, huo, ule, baada, fuat, nyuma, baadaye, kwa",,,,,,,,,,,,,,,,,,,,,
hbo:0228,,,,,,,,,,,,,,,"joto, jua, kali, siag, poondole",,,,,,,
hbo:0229,ezbai,,,,,,,,,,,,,,,,,,,,,
hbo:0230,"end, akaenda, shuk, nend, tok",,,,,,,,,,,,,,,,,,,,,
hbo:0231,hisopo,,,,,,,,,,,,,,,,,,,,,
hbo:0232,"mshipi, fung, tamba, fungw, fungi",,,,,,,,,,,,,,,,,,,,,
hbo:0233,"basi, hiyo, ila, ili, kwa",,,,,,,,,,,,,,,,,,,,,
hbo:0234,"bush, bukumb, kumbuk, mbuk, bukw",,,,,,,,,,,,,,,,,,,,,
hbo:0235,,"end, akaenda, shuk, nend, tok",,,,,,,,,,,,,"end, akaenda, shuk, nend, tok",,,,,,,
hbo:0237,ufik,,,,,,,,,,,,,,,,,,,,,
hbo:0238,,,,,,,"sikiliz, siki, lize, tegeni, ee",,,,,,,,,,,,,,,
hbo:0239,,,,tung,,,,,,,,,,,,,,,,,,
hbo:0240,"ila, diri, mavazi, dari, vya",,,,,,,,,,,,,,,,,,,,,
hbo:0241,"siki, sikion, sikiliz, yapokee, hili",,,,,,,,,,,,,,,,,,,,,
hbo:0242,uzen-sheera,,,,,,,,,,,,,,,,,,,,,
hbo:0243,aznoth-tabori,,,,,,,,,,,,,,,,,,,,,
hbo:0244,"ezboni, waezboni",,,,,,,,,,,,,,,,,,,,,
hbo:0244a,"ezboni, waezboni",,,,,,,,,,,,,,,,,,,,,
hbo:0245,azania,,,,,,,,,,,,,,,,,,,,,
hbo:0247,,"mshipi, fung, tamba, fungw, fungi","mshipi, fung, tamba, fungw, fungi","mshipi, fung, tamba, fungw, fungi",,"mshipi, fung, tamba, fungw, fungi",,,,,,,,,,,,,,,,
hbo:0249,"zaliw, mzalia, mzaliwa, wazaliwa, zaliwa",,,,,,,,,,,,,,,,,,,,,
hbo:0250,mwezrahi,,,,,,,,,,,,,,,,,,,,,
hbo:0251,"ndugu, nduguye, nduguze, nduguyo, kaka",,,,,,,,,,,,,,,,,,,,,
hbo:0253,"aha, wanaoniambia, wanaosema, meon, wasiseme",,,,,,,,,,,,,,,,,,,,,
hbo:0254,"tanuri, waokaji, tokos, mwokaji, kos",,,,,,,,,,,,,,,,,,,,,
hbo:0255,"alimzunguka, bund",,,,,,,,,,,,,,,,,,,,,
hbo:0256,"ahabu, aniu",,,,,,,,,,,,,,,,,,,,,
hbo:0257,aban,,,,,,,,,,,,,,,,,,,,,
hbo:0259,"mmoja, moja, kimoja, kwanza, mojawapo",,,,,,,,,,,,,,,,,,,,,
hbo:0260,"nyasin, mafunjo",,,,,,,,,,,,,,,,,,,,,
hbo:0261,ehudi,,,,,,,,,,,,,,,,,,,,,
hbo:0262,"amri, chor, fimb, ya, uadu",,,,,,,,,,,,,,,,,,,,,
hbo:0265,ahoa,,,,,,,,,,,,,,,,,,,,,
hbo:0266,mwahohi,,,,,,,,,,,,,,,,,,,,,
hbo:0267,ahumai,,,,,,,,,,,,,,,,,,,,,
hbo:0268,"nyuma, mgongo, hayarishw, sog, ujao",,,,,,,,,,,,,,,,,,,,,
hbo:0269,"dada, nduguye, ndugu, kike, hili",,,,,,,,,,,,,,,,,,,,,
hbo:0270,,"shik, kamat, ishi, pat, shika","shik, kamat, ishi, pat, shika","shik, kamat, ishi, pat, shika",,,,"shik, kamat, ishi, pat, shika",,,,,,,,,,,,,,
hbo:0271,"ahazi, anz, sitaitaka",,,,,,,,,,,,,,,,,,,,,
hbo:0272,"milik, milk, ana, mwenye, fukuz",,,,,,,,,,,,,,,,,,,,,
hbo:0273,azai,,,,,,,,,,,,,,,,,,,,,
hbo:0274,ahazia,,,,,,,,,,,,,,,,,,,,,
hbo:0274a,ahazia,,,,,,,,,,,,,,,,,,,,,
hbo:0275,ahuzamu,,,,,,,,,,,,,,,,,,,,,
hbo:0276,ahuzathi,,,,,,,,,,,,,,,,,,,,,
hbo:0277,ahi,,,,,,,,,,,,,,,,,,,,,
hbo:0278,ehi,,,,,,,,,,,,,,,,,,,,,
hbo:0279,ahiamu,,,,,,,,,,,,,,,,,,,,,
hbo:0280,"fumb, enda, msisiti, cheo, atutegulie",,,,,,,,,,,,,,,,,,,,,
hbo:0281,"ahiya, ahia, ahoa",,,,,,,,,,,,,,,,,,,,,
hbo:0282,ahihudi,,,,,,,,,,,,,,,,,,,,,
hbo:0283,ahio,,,,,,,,,,,,,,,,,,,,,
hbo:0284,ahihudi,,,,,,,,,,,,,,,,,,,,,
hbo:0285,ahitubu,,,,,,,,,,,,,,,,,,,,,
hbo:0286,"ahiludi, tarehe",,,,,,,,,,,,,,,,,,,,,
hbo:0287,ahimothi,,,,,,,,,,,,,,,,,,,,,
hbo:0288,"ahimeleki, msir",,,,,,,,,,,,,,,,,,,,,
hbo:0289,ahimani,,,,,,,,,,,,,,,,,,,,,
hbo:0290,"ahimaasi, haidhuru",,,,,,,,,,,,,,,,,,,,,
hbo:0291,ahiani,,,,,,,,,,,,,,,,,,,,,
hbo:0292,ahinadabu,,,,,,,,,,,,,,,,,,,,,
hbo:0293,ahinoamu,,,,,,,,,,,,,,,,,,,,,
hbo:0294,ahisamaki,,,,,,,,,,,,,,,,,,,,,
hbo:0295,ahiezeri,,,,,,,,,,,,,,,,,,,,,
hbo:0296,"ahikamu, kabidh, ampeleke",,,,,,,,,,,,,,,,,,,,,
hbo:0297,waashbeli,,,,,,,,,,,,,,,,,,,,,
hbo:0298,waahiramu,,,,,,,,,,,,,,,,,,,,,
hbo:0299,ahira,,,,,,,,,,,,,,,,,,,,,
hbo:0300,ahishahari,,,,,,,,,,,,,,,,,,,,,
hbo:0301,ahishari,,,,,,,,,,,,,,,,,,,,,
hbo:0302,ahithofeli,,,,,,,,,,,,,,,,,,,,,
hbo:0303,alabu,,,,,,,,,,,,,,,,,,,,,
hbo:0304,alai,,,,,,,,,,,,,,,,,,,,,
hbo:0305,"nizitii, yek",,,,,,,,,,,,,,,,,,,,,
hbo:0306,thist,,,,,,,,,,,,,,,,,,,,,
hbo:0307,akmetha,,,,,,,,,,,,,,,,,,,,,
hbo:0308,ahasbai,,,,,,,,,,,,,,,,,,,,,
hbo:0309,,"kawi, ngoj, lege, kawiakawi, litu",,"kawi, ngoj, lege, kawiakawi, litu",,,"kawi, ngoj, lege, kawiakawi, litu",,,,,,,,,,,,,,,
hbo:0310,"baada, fuat, nyuma, baadaye, kwa, nyumenyum, hatimaye, hich, duar, kitini",,,,,,,,,,,,,,,,,,,,,
hbo:0312,"mwingine, mingine, wengine, nyingine, ngin",,,,,,,,,,,,,,,,,,,,,
hbo:0314,"mwisho, baada, batili, miisho, hapana",,,,,,,,,,,,,,,,,,,,,
hbo:0315,ahiramu,,,,,,,,,,,,,,,,,,,,,
hbo:0316,aharheli,,,,,,,,,,,,,,,,,,,,,
hbo:0317,"mwingine, mingine, wengine, nyingine, ngin",,,,,,,,,,,,,,,,,,,,,
hbo:0318,"baada, fuat, nyuma, baadaye, kwa",,,,,,,,,,,,,,,,,,,,,
hbo:0319,"mwisho, baada, batili, miisho, hapana",,,,,,,,,,,,,,,,,,,,,
hbo:0321,"mwingine, mingine, wengine, nyingine, ngin",,,,,,,,,,,,,,,,,,,,,
hbo:0322,"nyumenyum, hatimaye, hich, duar, kitini",,,,,,,,,,,,,,,,,,,,,
hbo:0323,"amir, mawaziri, mwandiko, kubw, naib",,,,,,,,,,,,,,,,,,,,,
hbo:0325,ahasuero,,,,,,,,,,,,,,,,,,,,,
hbo:0326,ahashtari,,,,,,,,,,,,,,,,,,,,,
hbo:0327,farasi,,,,,,,,,,,,,,,,,,,,,
hbo:0328,"acha, buz, uganga, pepo, bashir, polepole, mtendeeni, maliwazo",,,,,,,,,,,,,,,,,,,,,
hbo:0329,"miib, atadi, ataipeperusha",,,,,,,,,,,,,,,,,,,,,
hbo:0330,"tan, yeny, ing'aayo",,,,,,,,,,,,,,,,,,,,,
hbo:0331,,"fungw, fung, fungi, vya, muda",,,,,,,,,,,,,,,,,,,,
hbo:0333,ateri,,,,,,,,,,,,,,,,,,,,,
hbo:0334,shot,,,,,,,,,,,,,,,,,,,,,
hbo:0335,"wapi, lini, hapo, toka, pale",,,,,,,,,,,,,,,,,,,,,
hbo:0337,"ole, aa, pinga, ala",,,,,,,,,,,,,,,,,,,,,
hbo:0338,"wanyama, mnyama, jangwan, hayawani, wakali",,,,,,,,,,,,,,,,,,,,,
hbo:0339,"siw, siwan, pwan, toka, vimeona",,,,,,,,,,,,,,,,,,,,,
hbo:0342,"uadu, okom",,,,,,,,,,,,,,,,,,,,,
hbo:0343,"msib, uharibifu, nitadhihaki, nyoa",,,,,,,,,,,,,,,,,,,,,
hbo:0344,"kozi, jaio, kengewa",,,,,,,,,,,,,,,,,,,,,
hbo:0345,aya,,,,,,,,,,,,,,,,,,,,,
hbo:0346,"wapi, lini, hapo, toka, pale",,,,,,,,,,,,,,,,,,,,,
hbo:0347,ayubu,,,,,,,,,,,,,,,,,,,,,
hbo:0348,yezebeli,,,,,,,,,,,,,,,,,,,,,
hbo:0349,"jinsi, lini, weza, kuwa, gani",,,,,,,,,,,,,,,,,,,,,
hbo:0349a,"jinsi, lini, weza, kuwa, gani",,,,,,,,,,,,,,,,,,,,,
hbo:0349b,"jinsi, lini, weza, kuwa, gani",,,,,,,,,,,,,,,,,,,,,
hbo:0351,"wapi, lini, hapo, toka, pale",,,,,,,,,,,,,,,,,,,,,
hbo:0352,"dume, kondoo, wana, wanaume, kium, nguz, miim, jua, mwim, viguzo, mkuu, wakuu, ongoz, risasi, let, mialoni, mwaloni, miti, usitie, meonenimu",,,,,,,,,,,,,,,,,,,,,
hbo:0352a,"dume, kondoo, wana, wanaume, kium, nguz, miim, jua, mwim, viguzo, mkuu, wakuu, ongoz, risasi, let, mialoni, mwaloni, miti, usitie, meonenimu",,,,,,,,,,,,,,,,,,,,,
hbo:0352b,"dume, kondoo, wana, wanaume, kium, nguz, miim, jua, mwim, viguzo, mkuu, wakuu, ongoz, risasi, let, mialoni, mwaloni, miti, usitie, meonenimu",,,,,,,,,,,,,,,,,,,,,
hbo:0353,"nguvu, jeshi, uwez, shik, hodari",,,,,,,,,,,,,,,,,,,,,
hbo:0354,"lung, aioneavyo, vyokul",,,,,,,,,,,,,,,,,,,,,
hbo:0355,"lung, ayal, misitu",,,,,,,,,,,,,,,,,,,,,
hbo:0356,eloni,,,,,,,,,,,,,,,,,,,,,
hbo:0356b,eloni,,,,,,,,,,,,,,,,,,,,,
hbo:0357,"aiyaloni, ayaloni",,,,,,,,,,,,,,,,,,,,,
hbo:0359,"elathi, elothi",,,,,,,,,,,,,,,,,,,,,
hbo:0360,"nguvu, jeshi, uwez, shik, hodari",,,,,,,,,,,,,,,,,,,,,
hbo:0362,elim,,,,,,,,,,,,,,,,,,,,,
hbo:0364,elparani,,,,,,,,,,,,,,,,,,,,,
hbo:0365,"lung, ayal, misitu",,,,,,,,,,,,,,,,,,,,,
hbo:0366,"viun, unon, kusudi, kaul, nawe",,,,,,,,,,,,,,,,,,,,,
hbo:0367,"hofu, tish, utisho, uharibifu, shid",,,,,,,,,,,,,,,,,,,,,
hbo:0369,"wala, lakini, si, kwa, je",,,,,,,,,,,,,,,,,,,,,
hbo:0370,"wapi, lini, hapo, toka, pale",,,,,,,,,,,,,,,,,,,,,
hbo:0371,shughuli,,,,,,,,,,,,,,,,,,,,,
hbo:0372,abiezeri,,,,,,,,,,,,,,,,,,,,,
hbo:0373,"jamaa, ndio, waabiezeri, gileadi, waheleki",,,,,,,,,,,,,,,,,,,,,
hbo:0374,"efa, pim, timilif, pish",,,,,,,,,,,,,,,,,,,,,
hbo:0375,"wapi, lini, hapo, toka, pale",,,,,,,,,,,,,,,,,,,,,
hbo:0376,"mtu, watu, mwanadamu, wanadamu, wanaume",,,,,,,,,,,,,,,,,,,,,
hbo:0377a,,,,,,jifahamisheni,,,,,,,,,,,,,,,,
hbo:0379,ish-hodu,,,,,,,,,,,,,,,,,,,,,
hbo:0380,"mbon, manane, zimi",,,,,,,,,,,,,,,,,,,,,
hbo:0383,"huko, hapo, humo, ndik, pale",,,,,,,,,,,,,,,,,,,,,
hbo:0384,ithieli,,,,,,,,,,,,,,,,,,,,,
hbo:0385,ithamari,,,,,,,,,,,,,,,,,,,,,
hbo:0387,"ethani, yoa",,,,,,,,,,,,,,,,,,,,,
hbo:0389,"lakini, hakika, tu, bali, yangu",,,,,,,,,,,,,,,,,,,,,
hbo:0390,akadi,,,,,,,,,,,,,,,,,,,,,
hbo:0391,"uongo, hila, anga, dangany, danganya",,,,,,,,,,,,,,,,,,,,,
hbo:0392,"akzibu, akizibu",,,,,,,,,,,,,,,,,,,,,
hbo:0393,"rehema, huruma, rehem, huru, unirehemu",,,,,,,,,,,,,,,,,,,,,
hbo:0394,"rehema, huruma, rehem, huru, unirehemu",,,,,,,,,,,,,,,,,,,,,
hbo:0395,"rehema, huruma, rehem, huru, unirehemu",,,,,,,,,,,,,,,,,,,,,
hbo:0396,"chakula, mkat, mikate, vyakula, mawindo",,,,,,,,,,,,,,,,,,,,,
hbo:0397,akishi,,,,,,,,,,,,,,,,,,,,,
hbo:0398,,"kul, kula, wakala, tekete, akal","kul, kula, wakala, tekete, akal",,"kul, kula, wakala, tekete, akal",,"kul, kula, wakala, tekete, akal",,,,,,,,"kul, zil, ikaw, kuwala, nil",,,,,,,
hbo:0400,"chakula, mkat, mikate, vyakula, mawindo",,,,,,,,,,,,,,,,,,,,,
hbo:0401,"mwana, ambi, mausia, naam, mtu",,,,,,,,,,,,,,,,,,,,,
hbo:0402,"chakula, mkat, mikate, vyakula, mawindo",,,,,,,,,,,,,,,,,,,,,
hbo:0403,"lakini, hakika, tu, bali, yangu",,,,,,,,,,,,,,,,,,,,,
hbo:0403a,"lakini, hakika, tu, bali, yangu",,,,,,,,,,,,,,,,,,,,,
hbo:0405,"mzig, leme, mizigo, wapagazi, alikuwa",,,,,,,,,,,,,,,,,,,,,
hbo:0406,"shamb, shamban, konden, lim, nchi",,,,,,,,,,,,,,,,,,,,,
hbo:0407,akshafu,,,,,,,,,,,,,,,,,,,,,
hbo:0408,"wala, lakini, si, kwa, je",,,,,,,,,,,,,,,,,,,,,
hbo:0411,"hao, haya, hawa, hayo, ndio",,,,,,,,,,,,,,,,,,,,,
hbo:0413,"kwa, kwenu, akawaambia, kwake, ende",,,,,,,,,,,,,,,,,,,,,
hbo:0414,ela,,,,,,,,,,,,,,,,,,,,,
hbo:0417,"mvua, barafu, umea, winuli",,,,,,,,,,,,,,,,,,,,,
hbo:0419,eldadi,,,,,,,,,,,,,,,,,,,,,
hbo:0420,eldaa,,,,,,,,,,,,,,,,,,,,,
hbo:0422,,"waapi, api, apish, akaapa, yowaapi",,,,,"waapi, api, apish, akaapa, yowaapi",,,,,,,,,,,,,,,
hbo:0423,"kiap, laan, apiz, viap, apish",,,,,,,,,,,,,,,,,,,,,
hbo:0424,"mwaloni, mialoni",,,,,,,,,,,,,,,,,,,,,
hbo:0427,"mwaloni, mialoni",,,,,,,,,,,,,,,,,,,,,
hbo:0428,"hao, haya, hawa, hayo, ndio",,,,,,,,,,,,,,,,,,,,,
hbo:0430,"mungu, miungu, bwana, wake, wao",,,,,,,,,,,,,,,,,,,,,
hbo:0432,"ila, tu, lakini, poku, mwingine",,,,,,,,,,,,,,,,,,,,,
hbo:0433,"mungu, miungu, bwana, wake, wao",,,,,,,,,,,,,,,,,,,,,
hbo:0435,eluli,,,,,,,,,,,,,,,,,,,,,
hbo:0436,"mialoni, mwaloni, miti, usitie, meonenimu",,,,,,,,,,,,,,,,,,,,,
hbo:0437,"mwaloni, mialoni",,,,,,,,,,,,,,,,,,,,,
hbo:0438,aloni,,,,,,,,,,,,,,,,,,,,,
hbo:0439,alon-bakuthi,,,,,,,,,,,,,,,,,,,,,
hbo:0440,waeloni,,,,,,,,,,,,,,,,,,,,,
hbo:0441,"rafik, wabebe, nilili, yejua, tuuharibu, jumb, mkuu, kamand, wakuu, ongoz",,,,,,,,,,,,,,,,,,,,,
hbo:0441a,"rafik, wabebe, nilili, yejua, tuuharibu, jumb, mkuu, kamand, wakuu, ongoz",,,,,,,,,,,,,,,,,,,,,
hbo:0442,alushi,,,,,,,,,,,,,,,,,,,,,
hbo:0443,elzabadi,,,,,,,,,,,,,,,,,,,,,
hbo:0444,,,"eoz, kosa, iwapasayo, ukaj, sembuse",,,,,,,,,,,,,,,,,,,
hbo:0445,elhanani,,,,,,,,,,,,,,,,,,,,,
hbo:0446,"eliabu, elihu",,,,,,,,,,,,,,,,,,,,,
hbo:0447,"elieli, elihu",,,,,,,,,,,,,,,,,,,,,
hbo:0448,eliatha,,,,,,,,,,,,,,,,,,,,,
hbo:0449,elidadi,,,,,,,,,,,,,,,,,,,,,
hbo:0450,eliada,,,,,,,,,,,,,,,,,,,,,
hbo:0451,"mafuta, nenep, non, kuku, zid",,,,,,,,,,,,,,,,,,,,,
hbo:0452,eliya,,,,,,,,,,,,,,,,,,,,,
hbo:0453,elihu,,,,,,,,,,,,,,,,,,,,,
hbo:0454,"eliehoenai, elioenai",,,,,,,,,,,,,,,,,,,,,
hbo:0455,eliaba,,,,,,,,,,,,,,,,,,,,,
hbo:0456,elihorefu,,,,,,,,,,,,,,,,,,,,,
hbo:0458,elimeleki,,,,,,,,,,,,,,,,,,,,,
hbo:0459,"hao, haya, hawa, hayo, ndio",,,,,,,,,,,,,,,,,,,,,
hbo:0460,eliasafu,,,,,,,,,,,,,,,,,,,,,
hbo:0461,eliezeri,,,,,,,,,,,,,,,,,,,,,
hbo:0462,elienai,,,,,,,,,,,,,,,,,,,,,
hbo:0463,eliamu,,,,,,,,,,,,,,,,,,,,,
hbo:0464,elifazi,,,,,,,,,,,,,,,,,,,,,
hbo:0465,sharari,,,,,,,,,,,,,,,,,,,,,
hbo:0466,elifelehu,,,,,,,,,,,,,,,,,,,,,
hbo:0467,"elifeleti, elipeleti",,,,,,,,,,,,,,,,,,,,,
hbo:0468,elisuri,,,,,,,,,,,,,,,,,,,,,
hbo:0469,"elisafani, elsafani",,,,,,,,,,,,,,,,,,,,,
hbo:0469a,"elisafani, elsafani",,,,,,,,,,,,,,,,,,,,,
hbo:0470,elika,,,,,,,,,,,,,,,,,,,,,
hbo:0471,eliakimu,,,,,,,,,,,,,,,,,,,,,
hbo:0472,elisheba,,,,,,,,,,,,,,,,,,,,,
hbo:0473,"warodani, yavani, rang, anda, safi",,,,,,,,,,,,,,,,,,,,,
hbo:0474,"elishua, elpeleti",,,,,,,,,,,,,,,,,,,,,
hbo:0475,eliashibu,,,,,,,,,,,,,,,,,,,,,
hbo:0476,elishama,,,,,,,,,,,,,,,,,,,,,
hbo:0477,"elisha, wafumbue, tukaapo, mamayo",,,,,,,,,,,,,,,,,,,,,
hbo:0478,elishafati,,,,,,,,,,,,,,,,,,,,,
hbo:0479,"hao, haya, hawa, hayo, ndio",,,,,,,,,,,,,,,,,,,,,
hbo:0480,"ole, aa, pinga, ala",,,,,,,,,,,,,,,,,,,,,
hbo:0482,"kimy, nyamazish, utulivu, tuliz, nyamazeni",,,,,,,,,,,,,,,,,,,,,
hbo:0483,"bubu, uwatetee",,,,,,,,,,,,,,,,,,,,,
hbo:0485,"and, konz, msonge, aokote",,,,,,,,,,,,,,,,,,,,,
hbo:0486,almodadi,,,,,,,,,,,,,,,,,,,,,
hbo:0487,alameleki,,,,,,,,,,,,,,,,,,,,,
hbo:0488,imejaa,,,,,,,,,,,,,,,,,,,,,
hbo:0489,"mjan, wajane, ujan, fiw, jumb",,,,,,,,,,,,,,,,,,,,,
hbo:0490,"mjan, wajane, ujan, fiw, jumb",,,,,,,,,,,,,,,,,,,,,
hbo:0491,"mjan, wajane, ujan, fiw, jumb",,,,,,,,,,,,,,,,,,,,,
hbo:0492,"uket, fulani",,,,,,,,,,,,,,,,,,,,,
hbo:0493,elnaamu,,,,,,,,,,,,,,,,,,,,,
hbo:0494,elnathani,,,,,,,,,,,,,,,,,,,,,
hbo:0495,elasari,,,,,,,,,,,,,,,,,,,,,
hbo:0496,ekadi,,,,,,,,,,,,,,,,,,,,,
hbo:0497,ekada,,,,,,,,,,,,,,,,,,,,,
hbo:0498,eluzai,,,,,,,,,,,,,,,,,,,,,
hbo:0499,"eleazari, ukampe",,,,,,,,,,,,,,,,,,,,,
hbo:0500,eleale,,,,,,,,,,,,,,,,,,,,,
hbo:0501,"eleasa, elasa, refaya",,,,,,,,,,,,,,,,,,,,,
hbo:0502,,"fundish, wali, waalimu, mafunzo, elim",,"fundish, wali, waalimu, mafunzo, elim",,,,,,,,,,,,,,,,,,
hbo:0504,"ng'ombe, fahal, ndam, wanyama, njek",,,,,,,,,,,,,,,,,,,,,
hbo:0505,"elfu, maelfu, milion, laki, ndio",,,,,,,,,,,,,,,,,,,,,
hbo:0505a,"elfu, maelfu, milion, laki, ndio",,,,,,,,,,,,,,,,,,,,,
hbo:0508,elpaali,,,,,,,,,,,,,,,,,,,,,
hbo:0509,,,,"uudh, tusih, ekuch, zangu",,,,,,,,,,,,,,,,,,
hbo:0510,"jeshi, tan, majeshi, vita, waende",,,,,,,,,,,,,,,,,,,,,
hbo:0511,elkana,,,,,,,,,,,,,,,,,,,,,
hbo:0512,mwelkoshi,,,,,,,,,,,,,,,,,,,,,
hbo:0513,eltoladi,,,,,,,,,,,,,,,,,,,,,
hbo:0514,"elteka, elteke",,,,,,,,,,,,,,,,,,,,,
hbo:0515,eltekoni,,,,,,,,,,,,,,,,,,,,,
hbo:0517,"mama, mamaye, mkwewe, aman, mkwe",,,,,,,,,,,,,,,,,,,,,
hbo:0518,"kama, ikiwa, lakini, au, kwamba, basi, hiyo, ila, ili, kwa",,,,,,,,,,,,,,,,,,,,,
hbo:0519,"mjakazi, jakaz, wajakazi, wanaume, kium",,,,,,,,,,,,,,,,,,,,,
hbo:0520,"dhiraa, mikono, kwenda, liku, kadiri, msingi, misingi, maka, wek, kuitia",,,,,,,,,,,,,,,,,,,,,
hbo:0523,"watu, mataifa, taifa, waende, kabila",,,,,,,,,,,,,,,,,,,,,
hbo:0526,"amoni, no",,,,,,,,,,,,,,,,,,,,,
hbo:0529,"imani, amini, amin, jibi, thibiti",,,,,,,,,,,,,,,,,,,,,
hbo:0530,"imani, amini, amin, jibi, thibiti",,,,,,,,,,,,,,,,,,,,,
hbo:0531,amozi,,,,,,,,,,,,,,,,,,,,,
hbo:0532,pokereth-sebaimu,,,,,,,,,,,,,,,,,,,,,
hbo:0533,"nguvu, hodari, wez, wenye, shind",,,,,,,,,,,,,,,,,,,,,
hbo:0534,"kichwa, vichwa, chwan, wakuu, mkuu",,,,,,,,,,,,,,,,,,,,,
hbo:0535,,,,,"hai, mgonjwa, ugu, wagonjwa, zimi",,,,,,,,,,,,,,,,,
hbo:0536,"hai, mgonjwa, ugu, wagonjwa, zimi",,,,,,,,,,,,,,,,,,,,,
hbo:0537,"hai, mgonjwa, ugu, wagonjwa, zimi",,,,,,,,,,,,,,,,,,,,,
hbo:0538,amam,,,,,,,,,,,,,,,,,,,,,
hbo:0539,,"tunz, kitu, mambo, lele, hujali","tunz, kitu, mambo, lele, hujali",,,,"tunz, kitu, mambo, lele, hujali",,,,,,,,,,,"amin, tumain, amini, sadik, tumaini",,,,
hbo:0543,"amin, amina, ataapa, msipoongoka, mtaziona",,,,,,,,,,,,,,,,,,,,,
hbo:0544,"imani, amini, amin, jibi, thibiti",,,,,,,,,,,,,,,,,,,,,
hbo:0546,"kweli, hakika, halisi, haya, sivy",,,,,,,,,,,,,,,,,,,,,
hbo:0547,"nguz, miim, jua, mwim, viguzo",,,,,,,,,,,,,,,,,,,,,
hbo:0548,"lakini, hakika, tu, bali, yangu",,,,,,,,,,,,,,,,,,,,,
hbo:0550,"amnoni, machukio, huji",,,,,,,,,,,,,,,,,,,,,
hbo:0551,"kweli, hakika, halisi, haya, sivy",,,,,,,,,,,,,,,,,,,,,
hbo:0552,"kweli, hakika, halisi, haya, sivy",,,,,,,,,,,,,,,,,,,,,
hbo:0553,,"ujasiri, faraja, thubut, moyo, waziwazi",,"ujasiri, faraja, thubut, moyo, waziwazi",,"ujasiri, faraja, thubut, moyo, waziwazi","ujasiri, faraja, thubut, moyo, waziwazi",,,,,,,,,,,,,,,
hbo:0554,"nguvu, hodari, wez, wenye, shind",,,,,,,,,,,,,,,,,,,,,
hbo:0555,"nguvu, jeshi, uwez, shik, hodari",,,,,,,,,,,,,,,,,,,,,
hbo:0556,"nguvu, jeshi, uwez, shik, hodari",,,,,,,,,,,,,,,,,,,,,
hbo:0557,amzi,,,,,,,,,,,,,,,,,,,,,
hbo:0558,amazia,,,,,,,,,,,,,,,,,,,,,
hbo:0558a,amazia,,,,,,,,,,,,,,,,,,,,,
hbo:0559,,"ambi, akasema, akamwambia, sem, akawaambia","ambi, akasema, akamwambia, sem, akawaambia",,,,"ambi, akasema, akamwambia, sem, akawaambia",,,,,,,,"ambi, akasema, akamwambia, sem, akawaambia",,,,,,,
hbo:0559a,,,,,,"ambi, akasema, akamwambia, sem, akawaambia",,,,,,,,,,,,,,,,
hbo:0561,"neno, maneno, jambo, mambo, bukumb",,,,,,,,,,,,,,,,,,,,,
hbo:0561a,"-kondo, kondoo, jik",,,,,,,,,,,,,,,,,,,,,
hbo:0562,"neno, maneno, jambo, mambo, bukumb",,,,,,,,,,,,,,,,,,,,,
hbo:0564,imeri,,,,,,,,,,,,,,,,,,,,,
hbo:0565,"neno, maneno, jambo, mambo, bukumb",,,,,,,,,,,,,,,,,,,,,
hbo:0566,"imri, imli",,,,,,,,,,,,,,,,,,,,,
hbo:0567,"waamori, mwamori, ich, mmefika",,,,,,,,,,,,,,,,,,,,,
hbo:0568,amaria,,,,,,,,,,,,,,,,,,,,,
hbo:0568a,amaria,,,,,,,,,,,,,,,,,,,,,
hbo:0569,amrafeli,,,,,,,,,,,,,,,,,,,,,
hbo:0570,"usiku, na, kuch, jana, pem",,,,,,,,,,,,,,,,,,,,,
hbo:0571,"kweli, amini, hakika, kwel, iliyo",,,,,,,,,,,,,,,,,,,,,
hbo:0572,"guni, guniani",,,,,,,,,,,,,,,,,,,,,
hbo:0573,amitai,,,,,,,,,,,,,,,,,,,,,
hbo:0575,"wapi, lini, hapo, toka, pale",,,,,,,,,,,,,,,,,,,,,
hbo:0576,"mimi, nami, yangu, sisi, wangu",,,,,,,,,,,,,,,,,,,,,
hbo:0577,"sasa, fadhal, kusih, omb, basi",,,,,,,,,,,,,,,,,,,,,
hbo:0578,,"ombole, yatalia, vifu, mtalia, wavuao",,,,,,,,,,,,,,,,,,,,
hbo:0579,,,,"kuta, kutan, kuku, amriw, pat","kuta, kutan, kuku, amriw, pat","kuta, kutan, kuku, amriw, pat",,,,,,,,,,,,,,,,
hbo:0581,"hii, hayo, hili, huu, huyu",,,,,,,,,,,,,,,,,,,,,
hbo:0582,"mtu, watu, mwanadamu, wanadamu, wanaume",,,,,,,,,,,,,,,,,,,,,
hbo:0583,enoshi,,,,,,,,,,,,,,,,,,,,,
hbo:0584,,,"kuugua, kite, ugu, lap, emimini",,,,,,,,,,,,,,,,,,,
hbo:0585,"kuugua, kite, ugu, lap, emimini",,,,,,,,,,,,,,,,,,,,,
hbo:0586,"sisi, tumevaa, anguka",,,,,,,,,,,,,,,,,,,,,
hbo:0588,anaharathi,,,,,,,,,,,,,,,,,,,,,
hbo:0589,"mimi, nami, yangu, sisi, wangu",,,,,,,,,,,,,,,,,,,,,
hbo:0590,"rikeb, rikebu, maj, unapovunja, afanana",,,,,,,,,,,,,,,,,,,,,
hbo:0591,"rikeb, rikebu, maj, unapovunja, afanana",,,,,,,,,,,,,,,,,,,,,
hbo:0592,"ombole, yatalia, vifu, mtalia, wavuao",,,,,,,,,,,,,,,,,,,,,
hbo:0593,aniamu,,,,,,,,,,,,,,,,,,,,,
hbo:0594,timazi,,,,,,,,,,,,,,,,,,,,,
hbo:0595,"mimi, nami, yangu, sisi, wangu",,,,,,,,,,,,,,,,,,,,,
hbo:0596,,,,,,"wanung'unikao, anung'unika",,,,,,,,,,,,,,,,
hbo:0599,,"kali, ghadhabu, hasira, kasirik, waka",,,,"kali, ghadhabu, hasira, kasirik, waka",,,,,,,,,,,,,,,,
hbo:0600,"mbele, uso, sababu, nyus, kabl",,,,,,,,,,,,,,,,,,,,,
hbo:0601,"koikoi, memb",,,,,,,,,,,,,,,,,,,,,
hbo:0602,,"kuugua, ugu, kite, jeruhi, tuli","kuugua, ugu, kite, jeruhi, tuli",,,,,,,,,,,,,,,,,,,
hbo:0603,"kuugua, ugu, kite, jeruhi, tuli",,,,,,,,,,,,,,,,,,,,,
hbo:0604,"keng, guruguru",,,,,,,,,,,,,,,,,,,,,
hbo:0606,"mtu, watu, mwanadamu, wanadamu, wanaume",,,,,,,,,,,,,,,,,,,,,
hbo:0607,"wewe, ninyi, yenu, yako, kwenu",,,,,,,,,,,,,,,,,,,,,
hbo:0608,"wewe, ninyi, yenu, yako, kwenu",,,,,,,,,,,,,,,,,,,,,
hbo:0609,asa,,,,,,,,,,,,,,,,,,,,,
hbo:0610,"etamet, gudulia, maka, umem, chup",,,,,,,,,,,,,,,,,,,,,
hbo:0611,"dhur, dhar, dhulum, mabaya, nidhulum",,,,,,,,,,,,,,,,,,,,,
hbo:0612,"gerezan, fung, walinzi, gerez, husu",,,,,,,,,,,,,,,,,,,,,
hbo:0614,"sany, yoyataabiki",,,,,,,,,,,,,,,,,,,,,
hbo:0615,"gerezan, fung, walinzi, gerez, husu",,,,,,,,,,,,,,,,,,,,,
hbo:0616,"gerezan, fung, walinzi, gerez, husu",,,,,,,,,,,,,,,,,,,,,
hbo:0617,asiri,,,,,,,,,,,,,,,,,,,,,
hbo:0618,"ghal, ghalani, akib, hawavuni, hazina",,,,,,,,,,,,,,,,,,,,,
hbo:0619,asna,,,,,,,,,,,,,,,,,,,,,
hbo:0620,asur-bani-pali,,,,,,,,,,,,,,,,,,,,,
hbo:0621,asenathi,,,,,,,,,,,,,,,,,,,,,
hbo:0622,,"kusany, kusanyi, sany, kuta, okot","kusany, kusanyi, sany, kuta, okot","kusany, kusanyi, sany, kuta, okot","kusany, kusanyi, sany, kuta, okot","kusany, kusanyi, sany, kuta, okot",,,,,,,,,,,,,,,,
hbo:0623,"asafu, ebiasafu",,,,,,,,,,,,,,,,,,,,,
hbo:0624,"ghal, ghalani, akib, hawavuni, hazina",,,,,,,,,,,,,,,,,,,,,
hbo:0625,"kusany, kusanyi, sany, kuta, okot",,,,,,,,,,,,,,,,,,,,,
hbo:0626,"kusanyik, kusany, nywa, sany, yakusan",,,,,,,,,,,,,,,,,,,,,
hbo:0627,"kusanyik, kusany, nywa, sany, yakusan",,,,,,,,,,,,,,,,,,,,,
hbo:0628,wafuasi,,,,,,,,,,,,,,,,,,,,,
hbo:0629,"bidi, haraka, tende, naam, izingatiwe",,,,,,,,,,,,,,,,,,,,,
hbo:0630,aspatha,,,,,,,,,,,,,,,,,,,,,
hbo:0632,"marufuku, nyamazi, funga, ziwazo, aish",,,,,,,,,,,,,,,,,,,,,
hbo:0635,"esta, ianda, mhimize",,,,,,,,,,,,,,,,,,,,,
hbo:0636,"msit, mti, tun, mwituni, rung",,,,,,,,,,,,,,,,,,,,,
hbo:0637,"naam, tena, pia, hata, naye",,,,,,,,,,,,,,,,,,,,,
hbo:0639,"hasira, ghadhabu, fudifud, puan, pua",,,,,,,,,,,,,,,,,,,,,
hbo:0640,,"mshipi, fung, tamba, fungw, fungi",,,,,,,,,,,,,,,,,,,,
hbo:0641,iver,,,,,,,,,,,,,,,,,,,,,
hbo:0642,iver,,,,,,,,,,,,,,,,,,,,,
hbo:0643,"ngom, ngomeni, umjalie, ajal, mteu",,,,,,,,,,,,,,,,,,,,,
hbo:0644,,"tanuri, waokaji, tokos, mwokaji, kos","tanuri, waokaji, tokos, mwokaji, kos",,,,,,,,,,,,,,,,,,,
hbo:0644a,"tanuri, waokaji, tokos, mwokaji, kos",,,,,,,,,,,,,,,,,,,,,
hbo:0645,"ndipo, kisha, basi, huo, ule",,,,,,,,,,,,,,,,,,,,,
hbo:0646,iver,,,,,,,,,,,,,,,,,,,,,
hbo:0647,afia,,,,,,,,,,,,,,,,,,,,,
hbo:0648,"baadaye, mwisho, mwishowe, wasiuone, siendi",,,,,,,,,,,,,,,,,,,,,
hbo:0649,apaimu,,,,,,,,,,,,,,,,,,,,,
hbo:0650,"jit, mifereji, mito, mikondo, nguvu",,,,,,,,,,,,,,,,,,,,,
hbo:0650a,"jit, mifereji, mito, mikondo, nguvu",,,,,,,,,,,,,,,,,,,,,
hbo:0651,"giza, gizani, pofu, mweusi, weus",,,,,,,,,,,,,,,,,,,,,
hbo:0652,"giza, gizani, pofu, mweusi, weus",,,,,,,,,,,,,,,,,,,,,
hbo:0653,"giza, gizani, pofu, mweusi, weus",,,,,,,,,,,,,,,,,,,,,
hbo:0654,eflali,,,,,,,,,,,,,,,,,,,,,
hbo:0655,vyan,,,,,,,,,,,,,,,,,,,,,
hbo:0656,,"mwisho, baada, batili, miisho, hapana",,,,,,,,,,,,,,,,,,,,
hbo:0657,"mwisho, baada, batili, miisho, hapana, vifundo",,,,,,,,,,,,,,,,,,,,,
hbo:0658,"pasdamimu, kokusanyi",,,,,,,,,,,,,,,,,,,,,
hbo:0659,"baradhul, kitu, matunda, upuz, tupu",,,,,,,,,,,,,,,,,,,,,
hbo:0660,fira,,,,,,,,,,,,,,,,,,,,,
hbo:0661,,"zunguk, ndokand, pande, karibu, nison",,,,,,,,,,,,,,,,,,,,
hbo:0662,,,,,,"zui, jishuruti, jitambuli",,,,,,,,,,,,,,,,
hbo:0663,"afeki, afeka, meara",,,,,,,,,,,,,,,,,,,,,
hbo:0664,beth-tapua,,,,,,,,,,,,,,,,,,,,,
hbo:0665,"majivu, unon, lemb, yazo, pako",,,,,,,,,,,,,,,,,,,,,
hbo:0666,"majivu, unon, lemb, yazo, pako",,,,,,,,,,,,,,,,,,,,,
hbo:0667,"ngeze, fyon, atami, kuachi",,,,,,,,,,,,,,,,,,,,,
hbo:0668,"machela, ilik",,,,,,,,,,,,,,,,,,,,,
hbo:0669,efraimu,,,,,,,,,,,,,,,,,,,,,
hbo:0670,washushani,,,,,,,,,,,,,,,,,,,,,
hbo:0671,"kiajemi, wenz, waarkewi",,,,,,,,,,,,,,,,,,,,,
hbo:0672,"efrata, yearimu",,,,,,,,,,,,,,,,,,,,,
hbo:0673,efraimu,,,,,,,,,,,,,,,,,,,,,
hbo:0674,hawatatoa,,,,,,,,,,,,,,,,,,,,,
hbo:0675,esboni,,,,,,,,,,,,,,,,,,,,,
hbo:0676,"dol, kuch, akat",,,,,,,,,,,,,,,,,,,,,
hbo:0678,"jumb, mkuu, kamand, wakuu, ongoz",,,,,,,,,,,,,,,,,,,,,
hbo:0678a,"jumb, mkuu, kamand, wakuu, ongoz",,,,,,,,,,,,,,,,,,,,,
hbo:0679,"ung, fumb, fuaw, lainisha",,,,,,,,,,,,,,,,,,,,,
hbo:0680,,"yanyi, chembamba, wangurumao, powashuki, niseme","yanyi, chembamba, wangurumao, powashuki, niseme",,,,,,,,,,,,,,,,,,,
hbo:0681,"karibu, kand, zaidi, ila, chugu",,,,,,,,,,,,,,,,,,,,,
hbo:0682,aseli,,,,,,,,,,,,,,,,,,,,,
hbo:0683,azalia,,,,,,,,,,,,,,,,,,,,,
hbo:0684,ozemu,,,,,,,,,,,,,,,,,,,,,
hbo:0685,"loku, timb, mitali",,,,,,,,,,,,,,,,,,,,,
hbo:0686,,"akib, hazina, ghal, jiweke, hawavunji","akib, hazina, ghal, jiweke, hawavunji",,,,"akib, hazina, ghal, jiweke, hawavunji",,,,,,,,,,,,,,,
hbo:0687,"eseri, ezeri",,,,,,,,,,,,,,,,,,,,,
hbo:0688,almasi,,,,,,,,,,,,,,,,,,,,,
hbo:0689,"mbuz, beber, mwit",,,,,,,,,,,,,,,,,,,,,
hbo:0690,pispa,,,,,,,,,,,,,,,,,,,,,
hbo:0691,"nguvu, jeshi, uwez, shik, hodari",,,,,,,,,,,,,,,,,,,,,
hbo:0692,areli,,,,,,,,,,,,,,,,,,,,,
hbo:0693,,"vizi, waviziao, huotea, kuotea, ote",,"vizi, waviziao, huotea, kuotea, ote",,,"vizi, waviziao, huotea, kuotea, ote",,,,,,,,,,,,,,,
hbo:0694,"waarabu, mwarabu",,,,,,,,,,,,,,,,,,,,,
hbo:0695,"vizi, waviziao, huotea, kuotea, ote",,,,,,,,,,,,,,,,,,,,,
hbo:0696,"vizi, waviziao, huotea, kuotea, ote",,,,,,,,,,,,,,,,,,,,,
hbo:0697,"nzig, tunutu, panz, parare, madumadu",,,,,,,,,,,,,,,,,,,,,
hbo:0699,"dirish, dirishan, taa, ilikuwa",,,,,,,,,,,,,,,,,,,,,
hbo:0700,arubothi,,,,,,,,,,,,,,,,,,,,,
hbo:0701,mwarbi,,,,,,,,,,,,,,,,,,,,,
hbo:0702,"nne, wann, minn, mann, vinn",,,,,,,,,,,,,,,,,,,,,
hbo:0707,,"sokot, taraza, fuma, fum, fumw",,,,,,,,,,,,,,,,,,,,
hbo:0708,"fumi, mtande",,,,,,,,,,,,,,,,,,,,,
hbo:0709,"argobu, otwa",,,,,,,,,,,,,,,,,,,,,
hbo:0710,"amba, rang, urujuani",,,,,,,,,,,,,,,,,,,,,
hbo:0712,"kash, mvitie, lipele",,,,,,,,,,,,,,,,,,,,,
hbo:0713,"amba, rang, urujuani",,,,,,,,,,,,,,,,,,,,,
hbo:0714,ardi,,,,,,,,,,,,,,,,,,,,,
hbo:0715,ardoni,,,,,,,,,,,,,,,,,,,,,
hbo:0716,waardi,,,,,,,,,,,,,,,,,,,,,
hbo:0717,,"vitawi, wakauchuma, hunyauka, purur, nyonyo",,,,,,,,,,,,,,,,,,,,
hbo:0718,"tazama, angali, kumb, lien, zam",,,,,,,,,,,,,,,,,,,,,
hbo:0719,arvadi,,,,,,,,,,,,,,,,,,,,,
hbo:0720,waarodi,,,,,,,,,,,,,,,,,,,,,
hbo:0721,mwarvadi,,,,,,,,,,,,,,,,,,,,,
hbo:0722,arodi,,,,,,,,,,,,,,,,,,,,,
hbo:0724,"afya, ponya, zibw",,,,,,,,,,,,,,,,,,,,,
hbo:0727,"sanduku, safina, kash, liinueni",,,,,,,,,,,,,,,,,,,,,
hbo:0728,"arauna, gharim",,,,,,,,,,,,,,,,,,,,,
hbo:0730,"mierezi, mwerezi, yaivunja",,,,,,,,,,,,,,,,,,,,,
hbo:0731,"mierezi, mwerezi, yaivunja",,,,,,,,,,,,,,,,,,,,,
hbo:0732,,"safari, safir, vitu, safi, mwendo",,,,,,,,,,,,,,,,,,,,
hbo:0733,ara,,,,,,,,,,,,,,,,,,,,,
hbo:0734,"njia, njiani, upande, safari, mwendo",,,,,,,,,,,,,,,,,,,,,
hbo:0736,msafara,,,,,,,,,,,,,,,,,,,,,
hbo:0737,"posh, palipo, pakufaa",,,,,,,,,,,,,,,,,,,,,
hbo:0738,simb,,,,,,,,,,,,,,,,,,,,,
hbo:0743,aridatha,,,,,,,,,,,,,,,,,,,,,
hbo:0745,arie,,,,,,,,,,,,,,,,,,,,,
hbo:0746a,arioko,,,,,,,,,,,,,,,,,,,,,
hbo:0747,arisai,,,,,,,,,,,,,,,,,,,,,
hbo:0748,,"nyingi, mirefu, zipate, kawi, ahiri",,,,,"nyingi, mirefu, zipate, kawi, ahiri",,,,,,,,,,,,,,,
hbo:0750,"mviv, mwepesi, uviv, mwenye, haon",,,,,,,,,,,,,,,,,,,,,
hbo:0751,ereku,,,,,,,,,,,,,,,,,,,,,
hbo:0752,"kipana, jengeni",,,,,,,,,,,,,,,,,,,,,
hbo:0753,"uref, moja, mapana, kuongeze, ana",,,,,,,,,,,,,,,,,,,,,
hbo:0754a,"uref, moja, mapana, kuongeze, ana",,,,,,,,,,,,,,,,,,,,,
hbo:0755,"got, magotini, goti",,,,,,,,,,,,,,,,,,,,,
hbo:0756,wababeli,,,,,,,,,,,,,,,,,,,,,
hbo:0757,"mwarki, waarki",,,,,,,,,,,,,,,,,,,,,
hbo:0758,"washami, shamu, aramu, mshami, mwarami",,,,,,,,,,,,,,,,,,,,,
hbo:0758c,dameski,,,,,,,,,,,,,,,,,,,,,
hbo:0759,"ngom, jumb, boma, bom, ngomeni",,,,,,,,,,,,,,,,,,,,,
hbo:0761,shamu,,,,,,,,,,,,,,,,,,,,,
hbo:0762,"kiebrania, kiaramu, kiashuri",,,,,,,,,,,,,,,,,,,,,
hbo:0764,armoni,,,,,,,,,,,,,,,,,,,,,
hbo:0765,arani,,,,,,,,,,,,,,,,,,,,,
hbo:0767,oreni,,,,,,,,,,,,,,,,,,,,,
hbo:0768,sungura,,,,,,,,,,,,,,,,,,,,,
hbo:0769,"arnoni, amoni",,,,,,,,,,,,,,,,,,,,,
hbo:0770,arnani,,,,,,,,,,,,,,,,,,,,,
hbo:0771,arauna,,,,,,,,,,,,,,,,,,,,,
hbo:0772,"nchi, dunia, duniani, chini, ardh",,,,,,,,,,,,,,,,,,,,,
hbo:0774,arpadi,,,,,,,,,,,,,,,,,,,,,
hbo:0775,arfaksadi,,,,,,,,,,,,,,,,,,,,,
hbo:0776,"nchi, dunia, duniani, chini, ardh",,,,,,,,,,,,,,,,,,,,,
hbo:0777,"arsa, mli",,,,,,,,,,,,,,,,,,,,,
hbo:0778,"nchi, dunia, duniani, chini, ardh",,,,,,,,,,,,,,,,,,,,,
hbo:0779,,"laan, laani, amtukanaye, apiz, zilaa","laan, laani, amtukanaye, apiz, zilaa","laan, laani, amtukanaye, apiz, zilaa",,,,"laan, laani, amtukanaye, apiz, zilaa",,,,,,,,,,,,,,
hbo:0780,ararati,,,,,,,,,,,,,,,,,,,,,
hbo:0781,,,,"posw, pos, yempo, pose, nakukumbuka","posw, pos, yempo, pose, nakukumbuka",,,,,,,,,,,,,,,,,
hbo:0782,"haja, timizi, matakwa, zijulikane",,,,,,,,,,,,,,,,,,,,,
hbo:0783,artashasta,,,,,,,,,,,,,,,,,,,,,
hbo:0783a,artashasta,,,,,,,,,,,,,,,,,,,,,
hbo:0784,"msingi, misingi, maka, wek, kuitia",,,,,,,,,,,,,,,,,,,,,
hbo:0786,"huko, hapo, humo, ndik, pale",,,,,,,,,,,,,,,,,,,,,
hbo:0788,ashbeli,,,,,,,,,,,,,,,,,,,,,
hbo:0789,waashbeli,,,,,,,,,,,,,,,,,,,,,
hbo:0790,eshbani,,,,,,,,,,,,,,,,,,,,,
hbo:0791,ashbea,,,,,,,,,,,,,,,,,,,,,
hbo:0792,eshbaali,,,,,,,,,,,,,,,,,,,,,
hbo:0795,ashdodi,,,,,,,,,,,,,,,,,,,,,
hbo:0801,"kuteketezwa, sadaka, moto, kafar, songez",,,,,,,,,,,,,,,,,,,,,
hbo:0802,"mwanamke, mkewe, wanawake, mke, wake",,,,,,,,,,,,,,,,,,,,,
hbo:0804,"ashuru, mwashuri, waashuri",,,,,,,,,,,,,,,,,,,,,
hbo:0805,waasheri,,,,,,,,,,,,,,,,,,,,,
hbo:0805a,waasheri,,,,,,,,,,,,,,,,,,,,,
hbo:0806,ashuri,,,,,,,,,,,,,,,,,,,,,
hbo:0807,ashima,,,,,,,,,,,,,,,,,,,,,
hbo:0810,buba,,,,,,,,,,,,,,,,,,,,,
hbo:0811,"shad, chal, usikiharibu",,,,,,,,,,,,,,,,,,,,,
hbo:0812,eshkoli,,,,,,,,,,,,,,,,,,,,,
hbo:0812a,eshkoli,,,,,,,,,,,,,,,,,,,,,
hbo:0813,ashkenazi,,,,,,,,,,,,,,,,,,,,,
hbo:0814,"karama, zawadi, paw, sadaka, kuto",,,,,,,,,,,,,,,,,,,,,
hbo:0815,"iti, yabeshi",,,,,,,,,,,,,,,,,,,,,
hbo:0816,,"dhambi, hati, kos, kose, makosa","dhambi, hati, kos, kose, makosa",,,,"dhambi, hati, kos, kose, makosa",,,,,,,,,,,,,,,
hbo:0817,"dhambi, hati, kos, kose, makosa",,,,,,,,,,,,,,,,,,,,,
hbo:0818,"dhambi, hati, kos, kose, makosa",,,,,,,,,,,,,,,,,,,,,
hbo:0819,"dhambi, hati, kos, kose, makosa",,,,,,,,,,,,,,,,,,,,,
hbo:0821,"mlinzi, lind, walinzi, shik, angali",,,,,,,,,,,,,,,,,,,,,
hbo:0822,"mian, shubaka",,,,,,,,,,,,,,,,,,,,,
hbo:0823,ashna,,,,,,,,,,,,,,,,,,,,,
hbo:0824,eshani,,,,,,,,,,,,,,,,,,,,,
hbo:0825,"acha, buz, uganga, pepo, bashir",,,,,,,,,,,,,,,,,,,,,
hbo:0827,"podo, aliyelijaza, wanaposema",,,,,,,,,,,,,,,,,,,,,
hbo:0828,ashpenazi,,,,,,,,,,,,,,,,,,,,,
hbo:0829,"zabibu, igeuki",,,,,,,,,,,,,,,,,,,,,
hbo:0830,"mavi, jaa, jaan, ziuz, uref",,,,,,,,,,,,,,,,,,,,,
hbo:0831,"ashkeloni, msiyatangaze",,,,,,,,,,,,,,,,,,,,,
hbo:0832,waashkeloni,,,,,,,,,,,,,,,,,,,,,
hbo:0834,"kama, ambaye, kwa, ambayo, kuw, vile, kadiri, hapo, alipokuwa",,,,,,,,,,,,,,,,,,,,,
hbo:0835a,"barik, heri, bariki, baraka, ahimidiwe",,,,,,,,,,,,,,,,,,,,,
hbo:0836,asheri,,,"barik, heri, bariki, baraka, ahimidiwe","barik, heri, bariki, baraka, ahimidiwe",,,,,,,,,,,,,,,,,
hbo:0837,niit,,,,,,,,,,,,,,,,,,,,,
hbo:0840,asareli,,,,,,,,,,,,,,,,,,,,,
hbo:0841,asharela,,,,,,,,,,,,,,,,,,,,,
hbo:0842,"maashera, ashera, maashtorethi, ikat, ten",,,,,,,,,,,,,,,,,,,,,
hbo:0843,"waasheri, mihugu, sitaha",,,,,,,,,,,,,,,,,,,,,
hbo:0844,asrieli,,,,,,,,,,,,,,,,,,,,,
hbo:0845,waasrieli,,,,,,,,,,,,,,,,,,,,,
hbo:0847,eshtaoli,,,,,,,,,,,,,,,,,,,,,
hbo:0848,waeshtaoli,,,,,,,,,,,,,,,,,,,,,
hbo:0849,"chw, shinda, zichunguzwe, hizo",,,,,,,,,,,,,,,,,,,,,
hbo:0850,eshtoni,,,,,,,,,,,,,,,,,,,,,
hbo:0851a,eshtemoa,,,,,,,,,,,,,,,,,,,,,
hbo:0853,"ile, yule, yeye, wale, zile",,"uongo, hila, anga, dangany, danganya",,,,"uongo, hila, anga, dangany, danganya",,,,,,,,,,,,,,,
hbo:0854,"pamoja, kwa, baada, naye, nao",,,,,,,,,,,,,,,,,,,,,
hbo:0856,ethbaali,,,,,,,,,,,,,,,,,,,,,
hbo:0857,,"ingi, tok, let, kuj, fik",,,,,"ingi, tok, let, kuj, fik","ingi, tok, let, kuj, fik",,,,,,,"ingi, tok, let, kuj, fik",,,"ingi, tok, let, kuj, fik",,,,
hbo:0859,"wewe, ninyi, yenu, yako, kwenu",,,,,,,,,,,,,,,,,,,,,
hbo:0859a,"wewe, ninyi, yenu, yako, kwenu",,,,,,,,,,,,,,,,,,,,,
hbo:0859b,"wewe, ninyi, yenu, yako, kwenu",,,,,,,,,,,,,,,,,,,,,
hbo:0859c,"wewe, ninyi, yenu, yako, kwenu",,,,,,,,,,,,,,,,,,,,,
hbo:0860,"pund, nyumbu",,,,,,,,,,,,,,,,,,,,,
hbo:0862a,"baraza, ghorofa",,,,,,,,,,,,,,,,,,,,,
hbo:0863,itai,,,,,,,,,,,,,,,,,,,,,
hbo:0864,ethamu,,,,,,,,,,,,,,,,,,,,,
hbo:0866,"ujir, hawa, mshahara, malipo, ijar",,,,,,,,,,,,,,,,,,,,,
hbo:0867,yeatherai,,,,,,,,,,,,,,,,,,,,,
hbo:0868,"ujir, hawa, mshahara, malipo, ijar",,,,,,,,,,,,,,,,,,,,,
hbo:0870,"mahali, pale, shamb, nafasi, bustani",,,,,,,,,,,,,,,,,,,,,
hbo:0871,atharimu,,,,,,,,,,,,,,,,,,,,,
hbo:0871a,"hii, hayo, hili, huu, huyu",,,,,,,,,,,,,,,,,,,,,
hbo:0871b,"hii, hayo, hili, huu, huyu",,,,,,,,,,,,,,,,,,,,,
hbo:0872,"lang, pa, ili, peny, ingili",,,,,,,,,,,,,,,,,,,,,
hbo:0874,,,,"waziwazi, funu, ifan, iandike",,,,,,,,,,,,,,,,,,
hbo:0875,"sim, siman, shim, kuteka, wafikie",,,,,,,,,,,,,,,,,,,,,
hbo:0878,shilsha,,,,,,,,,,,,,,,,,,,,,
hbo:0880,beera,,,,,,,,,,,,,,,,,,,,,
hbo:0881,beerothi,,,,,,,,,,,,,,,,,,,,,
hbo:0882,beeri,,,,,,,,,,,,,,,,,,,,,
hbo:0883,beer-lahai-roi,,,,,,,,,,,,,,,,,,,,,
hbo:0884,"sheba, seba, waseba, molada",,,,,,,,,,,,,,,,,,,,,
hbo:0886,mbeorothi,,,,,,,,,,,,,,,,,,,,,
hbo:0887,,"uvundo, chukiz, karaha, amewachukiza, liondoeni","uvundo, chukiz, karaha, amewachukiza, liondoeni",,,"uvundo, chukiz, karaha, amewachukiza, liondoeni","uvundo, chukiz, karaha, amewachukiza, liondoeni",,,,,,,,"uvundo, chukiz, karaha, amewachukiza, liondoeni",,,,,,,
hbo:0889,"upandi, utapaa, liondole",,,,,,,,,,,,,,,,,,,,,
hbo:0890,"uvundo, chukiz, karaha, amewachukiza, liondoeni",,,,,,,,,,,,,,,,,,,,,
hbo:0891,"zabibumwitu, liza",,,,,,,,,,,,,,,,,,,,,
hbo:0892,"mapera, mper, aigusa, mtofaa, akimtegemea",,,,,,,,,,,,,,,,,,,,,
hbo:0893,bebai,,,,,,,,,,,,,,,,,,,,,
hbo:0894,babeli,,,,,,,,,,,,,,,,,,,,,
hbo:0896,"babeli, mwenzenu",,,,,,,,,,,,,,,,,,,,,
hbo:0898,,"hila, hian, anga, sali, enda",,,,,,,,,,,,,,,,,,,,
hbo:0899,"hila, hian, anga, sali, enda, nguo, mavazi, vazi, chake",,,,,,,,,,,,,,,,,,,,,
hbo:0900,"hila, hian, anga, sali, enda",,,,,,,,,,,,,,,,,,,,,
hbo:0901,"hila, hian, anga, sali, enda",,,,,,,,,,,,,,,,,,,,,
hbo:0909,,"peke, tu, miti, zaidi, mbali",,,,,,,,,,,,,,,,,,,,
hbo:0910,"peke, upweke, kali, unijaliaye, kaal",,,,,,,,,,,,,,,,,,,,,
hbo:0914,,,"teng, jiten, tengan, gawa, tawanyi",,,,"teng, jiten, tengan, gawa, tawanyi",,,,,,,,,,,,,,,
hbo:0915,"pand, tong, gaw, vitekete, lijaze",,,,,,,,,,,,,,,,,,,,,
hbo:0921,,,,,,,,,,,,,,,,,"tawany, tawanyi, nyunyi, kata, tapany",,,,,
hbo:0924,"haraka, upes, hima, mbio, mwenye",,,,,,,,,,,,,,,,,,,,,
hbo:0925,"anga, pak, angaz, ving'aavyo, ung'aao",,,,,,,,,,,,,,,,,,,,,
hbo:0926,,,"fadhai, taab, kazi, dhar, sumbu","fadhai, taab, kazi, dhar, sumbu","fadhai, taab, kazi, dhar, sumbu",,"fadhai, taab, kazi, dhar, sumbu",,,,,"fadhai, zimi, chok, hofu, haraka",,,,,"fadhai, zimi, chok, hofu, haraka",,,,"fadhai, zimi, chok, hofu, haraka",
hbo:0928,"fadhai, zimi, chok, hofu, haraka",,,,,,,,,,,,,,,,,,,,,
hbo:0929,"wanyama, mnyama, pomboo, mifugo, fugw",,,,,,,,,,,,,,,,,,,,,
hbo:0930,"mwangalie, kiboko",,,,,,,,,,,,,,,,,,,,,
hbo:0931,"gumb, guu, magu",,,,,,,,,,,,,,,,,,,,,
hbo:0932,bohani,,,,,,,,,,,,,,,,,,,,,
hbo:0933,"pwepw, upel, madoadoa, dond, vujiv",,,,,,,,,,,,,,,,,,,,,
hbo:0934,"anga, pak, angaz, ving'aavyo, ung'aao",,,,,,,,,,,,,,,,,,,,,
hbo:0935,,"ingi, tok, let, kuj, fik",,,,,"ingi, tok, let, kuj, fik","ingi, tok, let, kuj, fik",,,,,,,,,,,,,,
hbo:0936,,"dhara, dhar, dharau, aliye, jeur",,,,,,,,,,,,,,,,,,,,
hbo:0937,"dhara, aibu, kupandi, watekwe, wamefanyika",,,,,,,,,,,,,,,,,,,,,
hbo:0938,buzi,,,,,,,,,,,,,,,,,,,,,
hbo:0939,"dhara, aibu, kupandi, watekwe, wamefanyika",,,,,,,,,,,,,,,,,,,,,
hbo:0943,,,"vyougu, wametatanishwa",,,,,,,,,,,,,,,,,,,
hbo:0947,,"kanya, waka, amka, kwa, taka",,"kanya, waka, amka, kwa, taka",,"kanya, waka, amka, kwa, taka",,"kanya, waka, amka, kwa, taka",,,,,,,,,,,,,,
hbo:0948,"tan, yeny, ing'aayo",,,,,,,,,,,,,,,,,,,,,
hbo:0950,"bure, mitupu, fut, adhabu, sina",,,,,,,,,,,,,,,,,,,,,
hbo:0951,mtunza,,,,,,,,,,,,,,,,,,,,,
hbo:0954,,"haya, aibi, tahayari, aibish, hayar",,"haya, aibi, tahayari, aibish, hayar",,"haya, aibi, tahayari, aibish, hayar","haya, aibi, tahayari, aibish, hayar",,,,,,,,,,,,,,,
hbo:0955,"aibu, haya, fedheha, aibish, hayar",,,,,,,,,,,,,,,,,,,,,
hbo:0958,,"gawa, gawany, gawi, fitini, gaw",,,,,,,,,,,,,,,,,,,,
hbo:0959,,"dhara, dhar, dharau, aliye, jeur","dhara, dhar, dharau, aliye, jeur",,,,"dhara, dhar, dharau, aliye, jeur",,,,,,,,,,,,,,,
hbo:0961,"nyar, mateka, yang, nyang'any, pat",,,,,,,,,,,,,,,,,,,,,
hbo:0962,,"nyang'any, nyar, tek, tekw, chuku","nyang'any, nyar, tek, tekw, chuku",,"nyang'any, nyar, tek, tekw, chuku",,,,,,,,,,,,,,,,,
hbo:0963,"dhara, aibu, kupandi, watekwe, wamefanyika",,,,,,,,,,,,,,,,,,,,,
hbo:0964,biziothia,,,,,,,,,,,,,,,,,,,,,
hbo:0965,"umem, ncha, mwombeni, ulik, ukakuambia",,,,,,,,,,,,,,,,,,,,,
hbo:0966,"bezeki, wayuda",,,,,,,,,,,,,,,,,,,,,
hbo:0967,,"tawany, tawanyi, nyunyi, kata, tapany",,"tawany, tawanyi, nyunyi, kata, tapany",,,,,,,,,,,,,,,,,,
hbo:0968,biztha,,,,,,,,,,,,,,,,,,,,,
hbo:0969,"mnar, minara, ngom, ngomeni, inadondosha",,,,,,,,,,,,,,,,,,,,,
hbo:0970,"jan, mtoto, ujan, mtumishi, watoto",,,,,,,,,,,,,,,,,,,,,
hbo:0972,"chagu, wateule, chaguli, mteule, acha",,,,,,,,,,,,,,,,,,,,,
hbo:0973,,"chuki, chukiz, chukia, akauchukia, sumbu, tama, aibu, fedha, choy, patikan",,,,,,,,,,,,,,,,,,,,
hbo:0974,,"jarib, jaribi, kubali, ribi, mambo","jarib, jaribi, kubali, ribi, mambo",,"jarib, jaribi, kubali, ribi, mambo",,,,,,,,,,,,,,,,,
hbo:0975,"mlinzi, lind, walinzi, shik, angali",,,,,,,,,,,,,,,,,,,,,
hbo:0976,"jarib, jaribi, kubali, ribi, mambo",,,,,,,,,,,,,,,,,,,,,
hbo:0977,,"chagu, wateule, chaguli, mteule, acha","chagu, wateule, chaguli, mteule, acha",,,,,,,,,,,,,,,,,,,
hbo:0978,mbaharumi,,,,,,,,,,,,,,,,,,,,,
hbo:0980,bahurimu,,,,,,,,,,,,,,,,,,,,,
hbo:0981,,"yofa, jiapi",,"yofa, jiapi",,,,,,,,,,,,,,,,,,
hbo:0982,,"amin, tumain, amini, sadik, tumaini",,,,,"amin, tumain, amini, sadik, tumaini",,,,,,,,,,,,,,,
hbo:0983,"kimbili, salama, ngom, nguvu, raha",,,,,,,,,,,,,,,,,,,,,
hbo:0985,"amin, tumain, amini, sadik, tumaini",,,,,,,,,,,,,,,,,,,,,
hbo:0986,"amin, tumain, amini, sadik, tumaini",,,,,,,,,,,,,,,,,,,,,
hbo:0987,"kimbili, salama, ngom, nguvu, raha",,,,,,,,,,,,,,,,,,,,,
hbo:0989,,"komesh, ach, kom, pumzik, acha",,,,,,,,,,,,,"komesh, ach, kom, pumzik, acha",,"komesh, ach, kom, pumzik, acha",,,,,
hbo:0990,"tumb, tumbon, mimb, ndani, yenito",,,,,,,,,,,,,,,,,,,,,
hbo:0992,lozi,,,,,,,,,,,,,,,,,,,,,
hbo:0993,"betonimu, ramath-mizpe",,,,,,,,,,,,,,,,,,,,,
hbo:0994,"sasa, fadhal, kusih, omb, basi",,,,,,,,,,,,,,,,,,,,,
hbo:0995,,"fundish, wali, waalimu, mafunzo, elim","fundish, wali, waalimu, mafunzo, elim","fundish, wali, waalimu, mafunzo, elim",,"fundish, wali, waalimu, mafunzo, elim","fundish, wali, waalimu, mafunzo, elim",,,,,,,,,,,,,,,
hbo:0996,"kati, katikati, kama, wakati, mbanu",,,,,,,,,,,,,,,,,,,,,
hbo:0998,"ufahamu, faham, akil, elew, busara",,,,,,,,,,,,,,,,,,,,,
hbo:1000,"maya, yai, vyokusany",,,,,,,,,,,,,,,,,,,,,
hbo:1002,"ngom, ngomeni, umjalie, ajal, mteu",,,,,,,,,,,,,,,,,,,,,
hbo:1003,"ngom, jumb, boma, bom, ngomeni",,,,,,,,,,,,,,,,,,,,,
hbo:1004,"kati, katikati, kama, wakati, mbanu, nyumba, nyumbani, ndani, jamaa, koo",,,,,,,,,,,,,,,,,,,,,
hbo:1007,"beth-aveni, upelele, ipelelez",,,,,,,,,,,,,,,,,,,,,
hbo:1008,"betheli, el-betheli",,,,,,,,,,,,,,,,,,,,,
hbo:1009,betharbeli,,,,,,,,,,,,,,,,,,,,,
hbo:1010,"beth-meoni, beth-baal-meoni",,,,,,,,,,,,,,,,,,,,,
hbo:1011,"bethlebaothi, shaaraimu",,,,,,,,,,,,,,,,,,,,,
hbo:1012,"bethbara, teremkeni",,,,,,,,,,,,,,,,,,,,,
hbo:1014,beth-gamuli,,,,,,,,,,,,,,,,,,,,,
hbo:1015,beth-diblathaimu,,,,,,,,,,,,,,,,,,,,,
hbo:1016,beth-dagoni,,,,,,,,,,,,,,,,,,,,,
hbo:1018,"unalia, beth-eseli, tokez",,,,,,,,,,,,,,,,,,,,,
hbo:1020,"beth-yeshimothi, kwendea",,,,,,,,,,,,,,,,,,,,,
hbo:1021,"beth-hakeremu, amishe",,,,,,,,,,,,,,,,,,,,,
hbo:1024,beth-markabothi,,,,,,,,,,,,,,,,,,,,,
hbo:1025,bethemeki,,,,,,,,,,,,,,,,,,,,,
hbo:1026,"beth-araba, bethiaraba",,,,,,,,,,,,,,,,,,,,,
hbo:1027,beth-haramu,,,,,,,,,,,,,,,,,,,,,
hbo:1028,beth-harani,,,,,,,,,,,,,,,,,,,,,
hbo:1029,bethshita,,,,,,,,,,,,,,,,,,,,,
hbo:1031,beth-hogla,,,,,,,,,,,,,,,,,,,,,
hbo:1032,beth-horoni,,,,,,,,,,,,,,,,,,,,,
hbo:1033,beth-kari,,,,,,,,,,,,,,,,,,,,,
hbo:1034,"bethlebaothi, shaaraimu",,,,,,,,,,,,,,,,,,,,,
hbo:1035,"bethlehemu, bethlehemu-yuda, mwefrata, nimp",,,,,,,,,,,,,,,,,,,,,
hbo:1039,"beth-nimra, bethnimira",,,,,,,,,,,,,,,,,,,,,
hbo:1041,beth-azmawethi,,,,,,,,,,,,,,,,,,,,,
hbo:1042,"bethanathi, bethi-anathi",,,,,,,,,,,,,,,,,,,,,
hbo:1043,"bethanathi, bethi-anathi",,,,,,,,,,,,,,,,,,,,,
hbo:1044,manyoya,,,,,,,,,,,,,,,,,,,,,
hbo:1046,beth-peleti,,,,,,,,,,,,,,,,,,,,,
hbo:1047,beth-peori,,,,,,,,,,,,,,,,,,,,,
hbo:1048,bethpasesi,,,,,,,,,,,,,,,,,,,,,
hbo:1049,beth-suri,,,,,,,,,,,,,,,,,,,,,
hbo:1050,bethrehobu,,,,,,,,,,,,,,,,,,,,,
hbo:1052,"beth-sheani, yoiib, watungi, yomwu, haitutoshi",,,,,,,,,,,,,,,,,,,,,
hbo:1053,beth-shemeshi,,,,,,,,,,,,,,,,,,,,,
hbo:1054,yanumu,,,,,,,,,,,,,,,,,,,,,
hbo:1055,"ngom, ngomeni, umjalie, ajal, mteu",,,,,,,,,,,,,,,,,,,,,
hbo:1057,"hulifanya, zeri, miforsadi",,,,,,,,,,,,,,,,,,,,,
hbo:1058,,"akalia, kulia, lili, ili, wakalia",,"akalia, kulia, lili, ili, wakalia",,,,,,,,,,,,,,,,,,
hbo:1059,"uchungu, chung, kali, majonzi, pote",,,,,,,,,,,,,,,,,,,,,
hbo:1060,"mzaliwa, wazaliwa, kwanza, kubw, fungu",,,,,,,,,,,,,,,,,,,,,
hbo:1061,"limbuk, yaivayo, mwanzo, yalet, zaanguka",,,,,,,,,,,,,,,,,,,,,
hbo:1062,"mzaliwa, uzaw, niuzie, kinajis, udog",,,,,,,,,,,,,,,,,,,,,
hbo:1063,"kuiv, iivayo, wapevusha, yoiv, msim, limbuk, yaivayo, mwanzo, yalet, zaanguka",,,,,,,,,,,,,,,,,,,,,
hbo:1064,bekorathi,,,,,,,,,,,,,,,,,,,,,
hbo:1065,"akalia, kulia, lili, ili, wakalia",,,,,,,,,,,,,,,,,,,,,
hbo:1066,bokimu,,,,,,,,,,,,,,,,,,,,,
hbo:1067,"mzaliwa, wazaliwa, kwanza, kubw, fungu",,,,,,,,,,,,,,,,,,,,,
hbo:1068,"akalia, kulia, lili, ili, wakalia",,,,,,,,,,,,,,,,,,,,,
hbo:1069,,,,"atwetaye, mwek, wekw, utamea","atwetaye, mwek, wekw, utamea",,"atwetaye, mwek, wekw, utamea",,,,,,,,,,,,,,,
hbo:1071,bekeri,,,,,,,,,,,,,,,,,,,,,
hbo:1072,ngamia,,,,,,,,,,,,,,,,,,,,,
hbo:1074,bokeru,,,,,,,,,,,,,,,,,,,,,
hbo:1075,bikri,,,,,,,,,,,,,,,,,,,,,
hbo:1076,waberedi,,,,,,,,,,,,,,,,,,,,,
hbo:1077,"wala, lakini, si, kwa, je",,,,,,,,,,,,,,,,,,,,,
hbo:1078,beli,,,,,,,,,,,,,,,,,,,,,
hbo:1081,baladani,,,,,,,,,,,,,,,,,,,,,
hbo:1082,,,,,,,"lizw, leta, arehemu, nisione, uach",,,,,,,,,,,,,,,
hbo:1083,"bilgai, bilga",,,,,,,,,,,,,,,,,,,,,
hbo:1084,bilgai,,,,,,,,,,,,,,,,,,,,,
hbo:1085,bildadi,,,,,,,,,,,,,,,,,,,,,
hbo:1086,,"chaka, acha, tumi, sinya, niwapo",,"chaka, acha, tumi, sinya, niwapo",,,,,,,,,,,,,utes,,,,,
hbo:1087,"wazee, mzee, mvi, kale, uzee",,,,,,,,,,,,,,,,,,,,,
hbo:1090,bilha,,,,,,,,,,,,,,,,,,,,,
hbo:1090a,bilha,,,,,,,,,,,,,,,,,,,,,
hbo:1091,"hofu, tish, utisho, uharibifu, shid",,,,,,,,,,,,,,,,,,,,,
hbo:1092,bilhani,,,,,,,,,,,,,,,,,,,,,
hbo:1093,"kodi, sehemu",,,,,,,,,,,,,,,,,,,,,
hbo:1094,"wazee, mzee, mvi, kale, uzee",,,,,,,,,,,,,,,,,,,,,
hbo:1095,belteshaza,,,,,,,,,,,,,,,,,,,,,
hbo:1097,"pasipo, bila, kwa, hamn, kos",,,,,,,,,,,,,,,,,,,,,
hbo:1098,"jan, kav, chakula, dhahiri, nafaka",,,,,,,,,,,,,,,,,,,,,
hbo:1100,"yefa, wasiofaa, baradhul, mafuriko, yofa",,,,,,,,,,,,,,,,,,,,,
hbo:1101,,"anga, changany, lain, nyik, mzit, karamu, lish, shib, papa, nyw",,,,"anga, changany, lain, nyik, mzit, karamu, lish, shib, papa, nyw","anga, changany, lain, nyik, mzit, karamu, lish, shib, papa, nyw",,,,,,,,,,,,,,,
hbo:1102,,hatamu,,,,,,,,,,,,,,,,,,,,
hbo:1103,,"kusany, kusanyi, sany, kuta, okot",,,,,,,,,,,,,,,,,,,,
hbo:1104,,"mez, ezw, anga, tumemmeza, ammeze","mez, ezw, anga, tumemmeza, ammeze","mez, ezw, anga, tumemmeza, ammeze",,,,,,,,,,,,,,,,,,
hbo:1106,bela,,,,,,,,,,,,,,,,,,,,,
hbo:1106a,bela,,,,,,,,,,,,,,,,,,,,,
hbo:1107,"karibu, kand, zaidi, ila, chugu",,,,,,,,,,,,,,,,,,,,,
hbo:1108,wabela,,,,,,,,,,,,,,,,,,,,,
hbo:1109,"balaamu, ibleamu",,,,,,,,,,,,,,,,,,,,,
hbo:1109a,"balaamu, ibleamu",,,,,,,,,,,,,,,,,,,,,
hbo:1111,"balaki, angenipa, nijengee",,,,,,,,,,,,,,,,,,,,,
hbo:1113,belshaza,,,,,,,,,,,,,,,,,,,,,
hbo:1114,bilshani,,,,,,,,,,,,,,,,,,,,,
hbo:1115,"asij, wasije, usij, nisije, kwamba",,,,,,,,,,,,,,,,,,,,,
hbo:1116,"pa, mahali, inuk, pako, tandik, bama",,,,,,,,,,,,,,,,,,,,,
hbo:1118,bimhali,,,,,,,,,,,,,,,,,,,,,
hbo:1119,"katika, kwa, ndani, huko, siku",,,,,,,,,,,,,,,,,,,,,
hbo:1120,"bamoth-baali, bamothi",,,,,,,,,,,,,,,,,,,,,
hbo:1121,"wana, mwana, mwanawe, wanawe, watoto",,,,,,,,,,,,,,,,,,,,,
hbo:1126,benoni,,,,,,,,,,,,,,,,,,,,,
hbo:1129,,"jeng, jenge, waashi, jijenge, mjenge","jeng, jenge, waashi, jijenge, mjenge",,,,,,,,,,,,"jeng, jenge, waashi, jijenge, mjenge",,,,,,"jeng, jenge, waashi, jijenge, mjenge",
hbo:1131,binui,,,,,,,,,,,,,,,,,,,,,
hbo:1137,"bani, binui",,,,,,,,,,,,,,,,,,,,,
hbo:1138,buni,,,,,,,,,,,,,,,,,,,,,
hbo:1139,bene-beraki,,,,,,,,,,,,,,,,,,,,,
hbo:1140,"jeng, yafaayo, jengw, ujenzi, tubu",,,,,,,,,,,,,,,,,,,,,
hbo:1141,benaya,,,,,,,,,,,,,,,,,,,,,
hbo:1143,goliathi,,,,,,,,,,,,,,,,,,,,,
hbo:1144,"benyamini, wabenyamini",,,,,,,,,,,,,,,,,,,,,
hbo:1145,"mbenyamini, wabenyamini, benyamini",,,,,,,,,,,,,,,,,,,,,
hbo:1147,"jeng, yafaayo, jengw, ujenzi, tubu",,,,,,,,,,,,,,,,,,,,,
hbo:1148,beninu,,,,,,,,,,,,,,,,,,,,,
hbo:1149,,,,,,,,,,,,,,,"kali, ghadhabu, hasira, kasirik, waka",,,,,,,
hbo:1150,binea,,,,,,,,,,,,,,,,,,,,,
hbo:1152,besodeya,,,,,,,,,,,,,,,,,,,,,
hbo:1153,besai,,,,,,,,,,,,,,,,,,,,,
hbo:1155,"yapukuti, kuiv, ganz",,,,,,,,,,,,,,,,,,,,,
hbo:1157,"baada, fuat, nyuma, baadaye, kwa",,,,,,,,,,,,,,,,,,,,,
hbo:1158,,"haja, omb, kunipa, hii, angenipa, habari, vile, niiulizie, zen, keza","haja, omb, kunipa, hii, angenipa, habari, vile, niiulizie, zen, keza",,,,,,,,,,,,"uliz, omb, tak, omba, uliza",,"uliz, omb, tak, omba, uliza",,,,,
hbo:1159,"habari, vile, niiulizie, zen, keza",,,,,,,,,,,,,,,,,,,,,
hbo:1160,beori,,,,,,,,,,,,,,,,,,,,,
hbo:1162,boazi,,,,,,,,,,,,,,,,,,,,,
hbo:1163,,"teke, mchokoo",,,,,,,,,,,,,,,,,,,,
hbo:1165,"ng'ombe, fahal, ndam, wanyama, njek",,,,,,,,,,,,,,,,,,,,,
hbo:1166,,"olew, mume, kuoa, mwo, kumwoa","olew, mume, kuoa, mwo, kumwoa",,,,,,,,,,,,,,,,,,,
hbo:1167,"shokoa, watu, mwenye, wakil, kubw, baali, mabaali, mtengez, niit",,,,,,,,,,,,,,,,,,,,,
hbo:1170,"baal-berithi, wapuuzi",,,,,,,,,,,,,,,,,,,,,
hbo:1171,baal-gadi,,,,,,,,,,,,,,,,,,,,,
hbo:1172,"acha, buz, uganga, pepo, bashir",,,,,,,,,,,,,,,,,,,,,
hbo:1173,baala,,,,,,,,,,,,,,,,,,,,,
hbo:1174,"akawakodisha, baal-hamomi",,,,,,,,,,,,,,,,,,,,,
hbo:1175,bealothi,,,,,,,,,,,,,,,,,,,,,
hbo:1177,baal-hanani,,,,,,,,,,,,,,,,,,,,,
hbo:1178,"uliopo, baal-hasori",,,,,,,,,,,,,,,,,,,,,
hbo:1179,baal-hermoni,,,,,,,,,,,,,,,,,,,,,
hbo:1182,eliada,,,,,,,,,,,,,,,,,,,,,
hbo:1183,bealia,,,,,,,,,,,,,,,,,,,,,
hbo:1184,baala,,,,,,,,,,,,,,,,,,,,,
hbo:1185,baalisi,,,,,,,,,,,,,,,,,,,,,
hbo:1186,baal-meoni,,,,,,,,,,,,,,,,,,,,,
hbo:1187,baal-peori,,,,,,,,,,,,,,,,,,,,,
hbo:1188,baal-perasimu,,,,,,,,,,,,,,,,,,,,,
hbo:1190,baal-shalisha,,,,,,,,,,,,,,,,,,,,,
hbo:1191,baalathi,,,,,,,,,,,,,,,,,,,,,
hbo:1192,baalath-beeri,,,,,,,,,,,,,,,,,,,,,
hbo:1193,baal-tamari,,,,,,,,,,,,,,,,,,,,,
hbo:1194,"beoni, sebamu",,,,,,,,,,,,,,,,,,,,,
hbo:1195,baana,,,,,,,,,,,,,,,,,,,,,
hbo:1196,baana,,,,,,,,,,,,,,,,,,,,,
hbo:1197,,"wak, tekete, chom, ondo, teketez, fedhehesh, mifugo, maelezo, fikirini, wajuao",,"wak, tekete, chom, ondo, teketez, fedhehesh, mifugo, maelezo, fikirini, wajuao","wak, tekete, chom, ondo, teketez, fedhehesh, mifugo, maelezo, fikirini, wajuao",,"wak, tekete, chom, ondo, teketez, fedhehesh, mifugo, maelezo, fikirini, wajuao",,,,,,,,,,,,,,,
hbo:1197b,,"wak, tekete, chom, ondo, teketez, fedhehesh, mifugo, maelezo, fikirini, wajuao","wak, tekete, chom, ondo, teketez, fedhehesh, mifugo, maelezo, fikirini, wajuao",,,,,,,,,,,,,,,,,,,
hbo:1198,"umba, wajinga, upuz, mjinga, wazimu",,,,,,,,,,,,,,,,,,,,,
hbo:1199,"baara, bara-moabu",,,,,,,,,,,,,,,,,,,,,
hbo:1200,"moto, motoni, tekete, teketez, kisha",,,,,,,,,,,,,,,,,,,,,
hbo:1201,"baasha, amfiaye",,,,,,,,,,,,,,,,,,,,,
hbo:1202,baaseya,,,,,,,,,,,,,,,,,,,,,
hbo:1203,beeshtera,,,,,,,,,,,,,,,,,,,,,
hbo:1204,,,"hofu, tish, utisho, uharibifu, shid","hofu, tish, utisho, uharibifu, shid",,,,,,,,,,,,,,,,,,
hbo:1205,"hofu, tish, utisho, uharibifu, shid",,,,,,,,,,,,,,,,,,,,,
hbo:1206,"top, topen, waid, tumiw, tope",,,,,,,,,,,,,,,,,,,,,
hbo:1207,"top, yame",,,,,,,,,,,,,,,,,,,,,
hbo:1208,"gerezan, fung, walinzi, gerez, husu",,,,,,,,,,,,,,,,,,,,,
hbo:1209,besai,,,,,,,,,,,,,,,,,,,,,
hbo:1210,"kupura, nganish, taabish",,,,,,,,,,,,,,,,,,,,,
hbo:1210a,"wazee, mzee, mvi, kale, uzee",,,,,,,,,,,,,,,,,,,,,
hbo:1211,vitunguu,,,,,,,,,,,,,,,,,,,,,
hbo:1212,"bezaleli, besaleli",,,,,,,,,,,,,,,,,,,,,
hbo:1213,basluthi,,,,,,,,,,,,,,,,,,,,,
hbo:1214,,"manif, faid, choy, katili, patia",,"manif, faid, choy, katili, patia",,,,,,,,,,,,,,,,,,
hbo:1215,"faid, tama, udhalimu, kwafaa, haun",,,,,,,,,,,,,,,,,,,,,
hbo:1216,,"jipu, vimb, jip, kufura, hain",,,,,,,,,,,,,,,,,,,,
hbo:1217,"chachu, chach, mikate, unga, kandi",,,,,,,,,,,,,,,,,,,,,
hbo:1218,bozkathi,,,,,,,,,,,,,,,,,,,,,
hbo:1219,,"gerezan, fung, walinzi, gerez, husu",,,,,,,,,,,,,,,,,,,,
hbo:1219a,,"gerezan, fung, walinzi, gerez, husu",,,,,,,,,,,,,,,,,,,,
hbo:1219b,,,"gerezan, fung, walinzi, gerez, husu","gerezan, fung, walinzi, gerez, husu",,,,,,,,,,,,,,,,,,
hbo:1221,"bezeri, beseri",,,,,,,,,,,,,,,,,,,,,
hbo:1221a,"bezeri, beseri",,,,,,,,,,,,,,,,,,,,,
hbo:1224,"bozra, bosra",,,,,,,,,,,,,,,,,,,,,
hbo:1225,"ngom, jumb, boma, bom, ngomeni",,,,,,,,,,,,,,,,,,,,,
hbo:1226a,"joto, kavu, ukosefu, ukam, nikaita",,,,,,,,,,,,,,,,,,,,,
hbo:1227,bakbuki,,,,,,,,,,,,,,,,,,,,,
hbo:1228,"etamet, gudulia, maka, umem, chup",,,,,,,,,,,,,,,,,,,,,
hbo:1229,bakbukia,,,,,,,,,,,,,,,,,,,,,
hbo:1230,bakbakari,,,,,,,,,,,,,,,,,,,,,
hbo:1231,buki,,,,,,,,,,,,,,,,,,,,,
hbo:1232,bukia,,,,,,,,,,,,,,,,,,,,,
hbo:1234,,"vunj, vunjik, pasu, vunja, meg","vunj, vunjik, pasu, vunja, meg","vunj, vunjik, pasu, vunja, meg","vunj, vunjik, pasu, vunja, meg","vunj, vunjik, pasu, vunja, meg","vunj, vunjik, pasu, vunja, meg","vunj, vunjik, pasu, vunja, meg",,,,,,,,,,,,,,
hbo:1235,"beka, shekeli",,,,,,,,,,,,,,,,,,,,,
hbo:1237,"barar, nyok, sawa, adil, unyofu, bond, bonden, shefela, and",,,,,,,,,,,,,,,,,,,,,
hbo:1238,,"hayampasi, neeme, utoa, panueni, zoja, bure, mitupu, fut, adhabu, sina","hayampasi, neeme, utoa, panueni, zoja, bure, mitupu, fut, adhabu, sina","hayampasi, neeme, utoa, panueni, zoja, bure, mitupu, fut, adhabu, sina",,,,,,,,,,,,,,,,,,
hbo:1239,,,,"habari, vile, niiulizie, zen, keza",,,,,,,,"habari, vile, niiulizie, zen, keza",,,,,"habari, vile, niiulizie, zen, keza",,,,,
hbo:1241,"ng'ombe, fahal, ndam, wanyama, njek",,,,,,,,,,,,,,,,,,,,,
hbo:1242,"asubuhi, pili, alfajiri, amba, pambazuk",,,,,,,,,,,,,,,,,,,,,
hbo:1243,"tafut, tak, tafuta, uliz, fute",,,,,,,,,,,,,,,,,,,,,
hbo:1244,chunguz,,,,,,,,,,,,,,,,,,,,,
hbo:1245,,,,"tafut, tak, tafuta, uliz, fute","tafut, tak, tafuta, uliz, fute",,,,,,,,,,,,,,,,,
hbo:1246,"haja, timizi, matakwa, zijulikane",,,,,,,,,,,,,,,,,,,,,
hbo:1247,"nafaka, ngan, suk, shamb, shamban, konden, lim, nchi",,,,,,,,,,,,,,,,,,,,,
hbo:1248,"wana, mwana, mwanawe, wanawe, watoto",,,,,,,,,,,,,,,,,,,,,
hbo:1249,"safi, taka, usaf, chaguli, kat",,,,,,,,,,,,,,,,,,,,,
hbo:1252,"safi, taka, safish, usaf, tohara",,,,,,,,,,,,,,,,,,,,,
hbo:1254,,"umb, umbw, muumba, mbw, huluk, non, wanono, nenep, nenepe, winu","umb, umbw, muumba, mbw, huluk, non, wanono, nenep, nenepe, winu",,,,,,,,,,,,,,,,,,,
hbo:1254a,,,,,,,"umb, umbw, muumba, mbw, huluk, non, wanono, nenep, nenepe, winu",,,,,,,,,,,,,,,
hbo:1254b,,,,"umb, umbw, muumba, mbw, huluk, non, wanono, nenep, nenepe, winu",,,,,,,,,,,,,,,,,,
hbo:1255,merodak-baladani,,,,,,,,,,,,,,,,,,,,,
hbo:1256,beraya,,,,,,,,,,,,,,,,,,,,,
hbo:1257,ayal,,,,,,,,,,,,,,,,,,,,,
hbo:1259,"mvua, barafu, umea, winuli",,,,,,,,,,,,,,,,,,,,,
hbo:1260,beredi,,,,,,,,,,,,,,,,,,,,,
hbo:1260a,beredi,,,,,,,,,,,,,,,,,,,,,
hbo:1261,"pwepw, upel, madoadoa, dond, vujiv",,,,,,,,,,,,,,,,,,,,,
hbo:1262,,"kul, kula, wakala, tekete, akal",,,,,"kul, kula, wakala, tekete, akal",,,,,,,,,,,,,,,
hbo:1262a,,"kul, kula, wakala, tekete, akal",,,,,,,,,,,,,,,,,,,,
hbo:1263,"baruku, lisom",,,,,,,,,,,,,,,,,,,,,
hbo:1265,"miberoshi, misonobari, mberoshi, msonobari",,,,,,,,,,,,,,,,,,,,,
hbo:1267,"chakula, mkat, mikate, vyakula, mawindo",,,,,,,,,,,,,,,,,,,,,
hbo:1268,"berotha, berothai",,,,,,,,,,,,,,,,,,,,,
hbo:1269,birzaithi,,,,,,,,,,,,,,,,,,,,,
hbo:1270,"chum, minyororo",,,,,,,,,,,,,,,,,,,,,
hbo:1271,"barzilai, uvuke",,,,,,,,,,,,,,,,,,,,,
hbo:1272,,"kimbi, kimbili, mbili, kimbiz, mbi",,,,,"kimbi, kimbili, mbili, kimbiz, mbi",,,,,,,,,,,,,,,
hbo:1273,mbarhumi,,,,,,,,,,,,,,,,,,,,,
hbo:1276,beri,,,,,,,,,,,,,,,,,,,,,
hbo:1277,"mafuta, nenep, non, kuku, zid",,,,,,,,,,,,,,,,,,,,,
hbo:1278,"umb, umbw, muumba, mbw, huluk",,,,,,,,,,,,,,,,,,,,,
hbo:1279,"chakula, mkat, mikate, vyakula, mawindo",,,,,,,,,,,,,,,,,,,,,
hbo:1280,"kome, tarum, mapingo, vipingo, nikaiwekea",,,,,,,,,,,,,,,,,,,,,
hbo:1282,baria,,,,,,,,,,,,,,,,,,,,,
hbo:1283,beria,,,,,,,,,,,,,,,,,,,,,
hbo:1284,waberia,,,,,,,,,,,,,,,,,,,,,
hbo:1285,"agano, agan, pata, patan, weke",,,,,,,,,,,,,,,,,,,,,
hbo:1287,"sabuni, elekeze, afuaye, magadi",,,,,,,,,,,,,,,,,,,,,
hbo:1288,,"barik, heri, bariki, baraka, ahimidiwe","barik, heri, bariki, baraka, ahimidiwe","barik, heri, bariki, baraka, ahimidiwe","barik, heri, bariki, baraka, ahimidiwe","barik, heri, bariki, baraka, ahimidiwe",,,,,,,,,"barik, heri, bariki, baraka, ahimidiwe",,"barik, heri, bariki, baraka, ahimidiwe",,,,,
hbo:1288a,,"barik, heri, bariki, baraka, ahimidiwe",,,,,"barik, heri, bariki, baraka, ahimidiwe",,,,,,,,"barik, heri, bariki, baraka, ahimidiwe",,,,,,,
hbo:1290,"got, magotini, goti",,,,,,,,,,,,,,,,,,,,,
hbo:1292,barakeli,,,,,,,,,,,,,,,,,,,,,
hbo:1293,"barik, heri, bariki, baraka, ahimidiwe",,,,,,,,,,,,,,,,,,,,,
hbo:1295,"ziwa, birik, bwaw, maziwa, vya",,,,,,,,,,,,,,,,,,,,,
hbo:1296,berekia,,,,,,,,,,,,,,,,,,,,,
hbo:1296a,berekia,,,,,,,,,,,,,,,,,,,,,
hbo:1297,"some, kapat, zozio, katiw, zipite",,,,,,,,,,,,,,,,,,,,,
hbo:1298,bera,,,,,,,,,,,,,,,,,,,,,
hbo:1300,"umem, ncha, mwombeni, ulik, ukakuambia",,,,,,,,,,,,,,,,,,,,,
hbo:1301,baraka,,,,,,,,,,,,,,,,,,,,,
hbo:1302,barkosi,,,,,,,,,,,,,,,,,,,,,
hbo:1303,"michongoma, fanyik",,,,,,,,,,,,,,,,,,,,,
hbo:1304,akik,,,,,,,,,,,,,,,,,,,,,
hbo:1304a,akik,,,,,,,,,,,,,,,,,,,,,
hbo:1305,,"safi, taka, usaf, chaguli, kat","safi, taka, usaf, chaguli, kat","safi, taka, usaf, chaguli, kat",,"safi, taka, usaf, chaguli, kat","safi, taka, usaf, chaguli, kat",,,,,,,,,,,,,,,
hbo:1306,birsha,,,,,,,,,,,,,,,,,,,,,
hbo:1307,"berotha, berothai",,,,,,,,,,,,,,,,,,,,,
hbo:1308,besori,,,,,,,,,,,,,,,,,,,,,
hbo:1309,"injili, habari, njem, hubiri, hubir",,,,,,,,,,,,,,,,,,,,,
hbo:1310,,"tanuri, waokaji, tokos, mwokaji, kos",,"tanuri, waokaji, tokos, mwokaji, kos","tanuri, waokaji, tokos, mwokaji, kos",,"tanuri, waokaji, tokos, mwokaji, kos",,,,,,,,,,,,,,,
hbo:1311,"tanuri, waokaji, tokos, mwokaji, kos",,,,,,,,,,,,,,,,,,,,,
hbo:1312,mwandiki,,,,,,,,,,,,,,,,,,,,,
hbo:1314,"nuka, mzur, rihani, pak, haukuja",,,,,,,,,,,,,,,,,,,,,
hbo:1315,basemathi,,,,,,,,,,,,,,,,,,,,,
hbo:1316,"bashani, iliyo",,,,,,,,,,,,,,,,,,,,,
hbo:1317,"aibu, haya, fedheha, aibish, hayar",,,,,,,,,,,,,,,,,,,,,
hbo:1318,,"kanya, waka, amka, kwa, taka",,,,,,,,,,,,,,,,,,,,
hbo:1319,,,,"injili, habari, njem, hubiri, hubir",,"injili, habari, njem, hubiri, hubir",,,,,,,,,,,,,,,,
hbo:1320,"mwili, nyam, miil, ili, karibu",,,,,,,,,,,,,,,,,,,,,
hbo:1322,"aibu, haya, fedheha, aibish, hayar",,,,,,,,,,,,,,,,,,,,,
hbo:1323,"binti, kike, vyake, bibi, miji",,,,,,,,,,,,,,,,,,,,,
hbo:1324,bath,,,,,,,,,,,,,,,,,,,,,
hbo:1326,"anga, harib, pote, haribik, ukiwa",,,,,,,,,,,,,,,,,,,,,
hbo:1327,michongoma,,,,,,,,,,,,,,,,,,,,,
hbo:1328,bethueli,,,,,,,,,,,,,,,,,,,,,
hbo:1328a,"bethueli, bethuli",,,,,,,,,,,,,,,,,,,,,
hbo:1330,"bikir, mwal, nawa, ubikira, chan",,,,,,,,,,,,,,,,,,,,,
hbo:1331,"bikir, mwal, nawa, ubikira, chan",,,,,,,,,,,,,,,,,,,,,
hbo:1332,bithia,,,,,,,,,,,,,,,,,,,,,
hbo:1333,,,,"mbali, fany, kat, tili, teng",,,,,,,,,,,,,,,,,,
hbo:1334,,"mbali, fany, kat, tili, teng",,"mbali, fany, kat, tili, teng",,,,,,,,,,,,,,,,,,
hbo:1335,"sehemu, pande, fung, pand, viwili",,,,,,,,,,,,,,,,,,,,,
hbo:1337,"beth-rabi, viziwa",,,,,,,,,,,,,,,,,,,,,
hbo:1338,bithroni,,,,,,,,,,,,,,,,,,,,,
hbo:1341,"kiburi, stahili, mdhalili, mchumi, mshu, hii, hayo, hili, huu, huyu",,,,,,,,,,,,,,,,,,,,,
hbo:1342,,"waniwinda, itiki",,,,,,,,,,,,,,,,,,,,
hbo:1343,"kiburi, stahili, mdhalili, mchumi, mshu",,,,,,,,,,,,,,,,,,,,,
hbo:1344,"kiburi, fahari, sif, enzi, utukufu",,,,,,,,,,,,,,,,,,,,,
hbo:1345,geueli,,,,,,,,,,,,,,,,,,,,,
hbo:1346,"kiburi, fahari, sif, enzi, utukufu",,,,,,,,,,,,,,,,,,,,,
hbo:1347,"kiburi, fahari, sif, enzi, utukufu",,,,,,,,,,,,,,,,,,,,,
hbo:1348,"ukuu, utukufu, kiburi, jigamb, yajulikane",,,,,,,,,,,,,,,,,,,,,
hbo:1350,,"kombo, kisasi, jamaa, kombole, bole","kombo, kisasi, jamaa, kombole, bole",,,,,,,,,,,,,,,,,,,
hbo:1351,,"najisi, jis, jiti, najis, linajis","najisi, jis, jiti, najis, linajis","najisi, jis, jiti, najis, linajis","najisi, jis, jiti, najis, linajis","najisi, jis, jiti, najis, linajis",,,,,,,,,,,,,,,,
hbo:1353,"kombo, kisasi, jamaa, kombole, bole",,,,,,,,,,,,,,,,,,,,,
hbo:1355,"paku, mgongoni, virefu, nyus, ngom",,,,,,,,,,,,,,,,,,,,,
hbo:1356,"sim, vitupu, nyuf, lija, handak, boriti, nguz, vingine, tutwae, viguzo",,,,,,,,,,,,,,,,,,,,,
hbo:1359,gobu,,,,,,,,,,,,,,,,,,,,,
hbo:1360,"sim, vitupu, nyuf, lija, handak",,,,,,,,,,,,,,,,,,,,,
hbo:1361,,"furah, shangili, inuk, tukuz, vun",,,,,"furah, shangili, inuk, tukuz, vun",,,,,,,,,,,,,,,
hbo:1362,"juu, aliye, mref, kimo, uref",,,,,,,,,,,,,,,,,,,,,
hbo:1363,"juu, aliye, mref, kimo, uref",,,,,,,,,,,,,,,,,,,,,
hbo:1364,"juu, aliye, mref, kimo, uref",,,,,,,,,,,,,,,,,,,,,
hbo:1365,"inamish, nisipate, namish, zito, asinuie",,,,,,,,,,,,,,,,,,,,,
hbo:1366,"mpaka, mipaka, paka, upande, ukingo",,,,,,,,,,,,,,,,,,,,,
hbo:1367,"mpaka, mipaka, paka, upande, ukingo",,,,,,,,,,,,,,,,,,,,,
hbo:1368,"shuja, nguvu, hodari, uwez, wenye",,,,,,,,,,,,,,,,,,,,,
hbo:1369,"shuja, nguvu, hodari, uwez, wenye",,,,,,,,,,,,,,,,,,,,,
hbo:1371,"upar, utos, upaa, utosini, ng'o",,,,,,,,,,,,,,,,,,,,,
hbo:1372,"upar, utos, upaa, utosini, ng'o",,,,,,,,,,,,,,,,,,,,,
hbo:1373,"gabai, salai",,,,,,,,,,,,,,,,,,,,,
hbo:1374,gebimu,,,,,,,,,,,,,,,,,,,,,
hbo:1375,"komb, kinywe",,,,,,,,,,,,,,,,,,,,,
hbo:1376,"bwana, wangu, wakuu, bwan, mwenye",,,,,,,,,,,,,,,,,,,,,
hbo:1377,"malkia, yemtend, isif",,,,,,,,,,,,,,,,,,,,,
hbo:1378,fedhaluka,,,,,,,,,,,,,,,,,,,,,
hbo:1379,,"pigw, bal, mpaka, mipaka, paka, upande, ukingo",,,,,"pigw, bal, mpaka, mipaka, paka, upande, ukingo",,,,,,,,,,,,,,,
hbo:1380,gebali,,,,,,,,,,,,,,,,,,,,,
hbo:1381,gebali,,,,,,,,,,,,,,,,,,,,,
hbo:1382,wagebali,,,,,,,,,,,,,,,,,,,,,
hbo:1383,"poto, sokot, uchungu, ukaidi, tosh",,,,,,,,,,,,,,,,,,,,,
hbo:1384,"byong, jichoni",,,,,,,,,,,,,,,,,,,,,
hbo:1385,"saml, gandi, nimimi",,,,,,,,,,,,,,,,,,,,,
hbo:1386,"kichwa, vichwa, chwan, wakuu, mkuu",,,,,,,,,,,,,,,,,,,,,
hbo:1387,"geba, gibea",,,,,,,,,,,,,,,,,,,,,
hbo:1388,makbena,,,,,,,,,,,,,,,,,,,,,
hbo:1389,"ili, lim, lima, mlima, gibea",,,,,,,,,,,,,,,,,,,,,
hbo:1391,"gibeoni, alikaa, geba",,,,,,,,,,,,,,,,,,,,,
hbo:1392,"maua, imetoa",,,,,,,,,,,,,,,,,,,,,
hbo:1393,"wagibeoni, mgibeoni",,,,,,,,,,,,,,,,,,,,,
hbo:1395,mgibeathi,,,,,,,,,,,,,,,,,,,,,
hbo:1396,,"shind, ngeze, zaidi, vun, humshinda",,"shind, ngeze, zaidi, vun, humshinda",,"shind, ngeze, zaidi, vun, humshinda","shind, ngeze, zaidi, vun, humshinda",,,,,,,,,,,,,,,
hbo:1397,"mtu, jan, kama, mwanadamu, yule, adil, haki, wanyofu, unyofu, yaliyo",,,,,,,,,,,,,,,,,,,,,
hbo:1398,geberi,,,,,,,,,,,,,,,,,,,,,
hbo:1402,gibari,,,,,,,,,,,,,,,,,,,,,
hbo:1403,gabrieli,,,,,,,,,,,,,,,,,,,,,
hbo:1404,"bibi, namkimbia, yanavyoutegemea, waijuayo, duni",,,,,,,,,,,,,,,,,,,,,
hbo:1405,"gibethoni, etu",,,,,,,,,,,,,,,,,,,,,
hbo:1406,"dari, darini, dar, paa, mbav",,,,,,,,,,,,,,,,,,,,,
hbo:1407,"chembe, utam",,,,,,,,,,,,,,,,,,,,,
hbo:1409,"gadi, linga",,,,,,,,,,,,,,,,,,,,,
hbo:1411,"hazina, watunza",,,,,,,,,,,,,,,,,,,,,
hbo:1413a,,"kuni, wachongaji, iliyostawi, wajapo, mtekaji, mbali, fany, kat, tili, teng",,,,"kuni, wachongaji, iliyostawi, wajapo, mtekaji, mbali, fany, kat, tili, teng",,,,,,,,,"mbali, fany, kat, tili, teng",,,,,,,
hbo:1416,"vikosi, kikosi, jeshi, majeshi, askari",,,,,,,,,,,,,,,,,,,,,
hbo:1418,"shamb, shamban, konden, lim, nchi",,,,,,,,,,,,,,,,,,,,,
hbo:1419,"kubw, kubwa, mkuu, kuu, maku, hatari, huna",,,,,,,,,,,,,,,,,,,,,
hbo:1420,"kubw, kubwa, mkuu, kuu, maku",,,,,,,,,,,,,,,,,,,,,
hbo:1421,"keme, laum, tukan, shutum, laumi",,,,,,,,,,,,,,,,,,,,,
hbo:1422,"tukan, tusi, dhara",,,,,,,,,,,,,,,,,,,,,
hbo:1423,"mbuz, ndin",,,,,,,,,,,,,,,,,,,,,
hbo:1424,menahemu,,,,,,,,,,,,,,,,,,,,,
hbo:1425,"wagadi, reubeni",,,,,,,,,,,,,,,,,,,,,
hbo:1426,susi,,,,,,,,,,,,,,,,,,,,,
hbo:1427,gadieli,,,,,,,,,,,,,,,,,,,,,
hbo:1429,"mbuz, ndin",,,,,,,,,,,,,,,,,,,,,
hbo:1430,"and, matita, uwash, kabur, kaburin, maziko, eneo",,,,,,,,,,,,,,,,,,,,,
hbo:1431,,"tuku, mkuu, jituku, akakua, maku",,"tuku, mkuu, jituku, akakua, maku","tuku, mkuu, jituku, akakua, maku","tuku, mkuu, jituku, akakua, maku","tuku, mkuu, jituku, akakua, maku",,,,,,,,,,,,,,,
hbo:1432,"mafuta, nenep, non, kuku, zid",,,,,,,,,,,,,,,,,,,,,
hbo:1433,"kubw, kubwa, mkuu, kuu, maku",,,,,,,,,,,,,,,,,,,,,
hbo:1434,"shad, shung, kusuka",,,,,,,,,,,,,,,,,,,,,
hbo:1435,gideli,,,,,,,,,,,,,,,,,,,,,
hbo:1436,gedalia,,,,,,,,,,,,,,,,,,,,,
hbo:1436a,gedalia,,,,,,,,,,,,,,,,,,,,,
hbo:1437,gidalti,,,,,,,,,,,,,,,,,,,,,
hbo:1438,,"mbali, fany, kat, tili, teng","mbali, fany, kat, tili, teng","mbali, fany, kat, tili, teng","mbali, fany, kat, tili, teng",,,,,,,,,,,,,,,,,
hbo:1439,gideoni,,,,,,,,,,,,,,,,,,,,,
hbo:1440,gidomu,,,,,,,,,,,,,,,,,,,,,
hbo:1441,abidani,,,,,,,,,,,,,,,,,,,,,
hbo:1442,,,,"tuka, fur, kufur, tukan, kufuru",,,,,,,,,,,,,,,,,,
hbo:1443,,"ukut, kuta, ziz, juu, boma",,,,,,,,,,,,,,,,,,,,
hbo:1445,gederi,,,,,,,,,,,,,,,,,,,,,
hbo:1446,gedori,,,,,,,,,,,,,,,,,,,,,
hbo:1446a,gedori,,,,,,,,,,,,,,,,,,,,,
hbo:1447,"ukut, kuta, ziz, juu, boma",,,,,,,,,,,,,,,,,,,,,
hbo:1448,"ukut, kuta, ziz, juu, boma",,,,,,,,,,,,,,,,,,,,,
hbo:1449,gedera,,,,,,,,,,,,,,,,,,,,,
hbo:1450,gederothi,,,,,,,,,,,,,,,,,,,,,
hbo:1451,mgederi,,,,,,,,,,,,,,,,,,,,,
hbo:1452,mgederathi,,,,,,,,,,,,,,,,,,,,,
hbo:1453,gederothaimu,,,,,,,,,,,,,,,,,,,,,
hbo:1456,"poz, dawa, ponde",,,,,,,,,,,,,,,,,,,,,
hbo:1457,,"inam, nyosh, pigi, wamechimba, pinda",,,,,,,,,,,,,,,,,,,,
hbo:1458,kufur,,,,,,,,,,,,,,,,,,,,,
hbo:1459,"katikati, kati, katika, ndani, miongoni",,,,,,,,,,,,,,,,,,,,,
hbo:1460,"nyuma, mgongo, hayarishw, sog, ujao, katikati, kati, katika, ndani, miongoni",,,,,,,,,,,,,,,,,,,,,
hbo:1460a,"nyuma, mgongo, hayarishw, sog, ujao, katikati, kati, katika, ndani, miongoni",,,,,,,,,,,,,,,,,,,,,
hbo:1463,"gogu, mkutano, kuta, jami, wing, watu",,,,,,,,,,,,,,,,,,,,,
hbo:1464,,"mson, wakweapo",,,,,,,,,,,,,,,,,,,,
hbo:1465,"nyuma, mgongo, hayarishw, sog, ujao",,,,,,,,,,,,,,,,,,,,,
hbo:1466,"kiburi, fahari, sif, enzi, utukufu",,,,,,,,,,,,,,,,,,,,,
hbo:1468,,"punguz, pakw, utando, tili, uliw, usiozaa, uukate, niwapinge, kome, uutupe",,,,,,,,,,,,,,,,,,,,
hbo:1469,"kiot, viot, tund, wakatoe, alikunjua",,,,,,,,,,,,,,,,,,,,,
hbo:1470,gozani,,,,,,,,,,,,,,,,,,,,,
hbo:1471,"mataifa, taifa, makafiri, kabil, yoitekele, goimu",,,,,,,,,,,,,,,,,,,,,
hbo:1471a,"mataifa, taifa, makafiri, kabil, yoitekele, goimu",,,,,,,,,,,,,,,,,,,,,
hbo:1472,"mwili, miil, wiliwil, mzog, mwil",,,,,,,,,,,,,,,,,,,,,
hbo:1473,"mateka, twa, uhamisho, hamish, wafungwa",,,,,,,,,,,,,,,,,,,,,
hbo:1474,golani,,,,,,,,,,,,,,,,,,,,,
hbo:1475,"shim, shimoni, sim, rima, birik",,,,,,,,,,,,,,,,,,,,,
hbo:1476,"yaseeli, guni",,,,,,,,,,,,,,,,,,,,,
hbo:1478,,"kuf, akaf, kufa, uaw, mwu",,,,,,,,,,,,,,,,,,,,
hbo:1479,,,,,,,"fungw, fung, fungi, vya, muda",,,,,,,,,,,,,,,
hbo:1480,"mwili, miil, wiliwil, mzog, mwil",,,,,,,,,,,,,,,,,,,,,
hbo:1481,,"mgen, wageni, kuka, akaaye, ugenini, ugomvi, hayana, husuda, iote, haimpasi, ogop, hofu, kumcha, tish, kich",,,,"mgen, wageni, kuka, akaaye, ugenini, ugomvi, hayana, husuda, iote, haimpasi, ogop, hofu, kumcha, tish, kich",,,,,,,,,,,,,,,,
hbo:1481b,,"mgen, wageni, kuka, akaaye, ugenini, ugomvi, hayana, husuda, iote, haimpasi, ogop, hofu, kumcha, tish, kich",,,,,,,,,,,,,,,,,,,,
hbo:1482,"mawindo, huwanyonyesha, li, usem, mamaye",,,,,,,,,,,,,,,,,,,,,
hbo:1486,"kura, sehemu, eneo, wewe",,,,,,,,,,,,,,,,,,,,,
hbo:1487,"udongo, madongoa",,,,,,,,,,,,,,,,,,,,,
hbo:1488,"ngoz, manyoya, nywe, napo, kamu",,,,,,,,,,,,,,,,,,,,,
hbo:1489,"hazina, watunza",,,,,,,,,,,,,,,,,,,,,
hbo:1492,"ngoz, manyoya, nywe, napo, kamu",,,,,,,,,,,,,,,,,,,,,
hbo:1493,mgiloni,,,,,,,,,,,,,,,,,,,,,
hbo:1494,,"manyoya, nywele, nyo, kilianguka, akatwe","manyoya, nywele, nyo, kilianguka, akatwe",,,,,,,,,,,,,,,,,,,
hbo:1495,gazezi,,,,,,,,,,,,,,,,,,,,,
hbo:1496,"chong, tenge, wachonge, vyaelekea, ameyapotosha",,,,,,,,,,,,,,,,,,,,,
hbo:1497,,"nyang'any, nyar, tek, tekw, chuku","nyang'any, nyar, tek, tekw, chuku",,,,,,,,,,,,,,,,,,,
hbo:1498,"yang, niibi, nyang'any, tek, wizi",,,,,,,,,,,,,,,,,,,,,
hbo:1499,"udhalimu, jeur, nguvu, dhuluma, uharibifu",,,,,,,,,,,,,,,,,,,,,
hbo:1500,"udhalimu, jeur, nguvu, dhuluma, uharibifu",,,,,,,,,,,,,,,,,,,,,
hbo:1501,"nzig, tunutu, panz, parare, madumadu",,,,,,,,,,,,,,,,,,,,,
hbo:1502,gazamu,,,,,,,,,,,,,,,,,,,,,
hbo:1503,"puzi, taza",,,,,,,,,,,,,,,,,,,,,
hbo:1504,,"mbali, fany, kat, tili, teng","mbali, fany, kat, tili, teng",,,,,,,,,,,,"jim, amriw, chong, aman, dhihirish",,,,,,"jim, amriw, chong, aman, dhihirish","jim, amriw, chong, aman, dhihirish"
hbo:1506,"pand, tong, gaw, vitekete, lijaze",,,,,,,,,,,,,,,,,,,,,
hbo:1507,"gezeri, ujap",,,,,,,,,,,,,,,,,,,,,
hbo:1508,"chong, tenge, wachonge, vyaelekea, ameyapotosha",,,,,,,,,,,,,,,,,,,,,
hbo:1509,"peke, upweke, kali, unijaliaye, kaal",,,,,,,,,,,,,,,,,,,,,
hbo:1511,wagirizi,,,,,,,,,,,,,,,,,,,,,
hbo:1512,"tumb, tumbon, mimb, ndani, yenito",,,,,,,,,,,,,,,,,,,,,
hbo:1513,"maka, wachi, yawaangukie",,,,,,,,,,,,,,,,,,,,,
hbo:1514,gahamu,,,,,,,,,,,,,,,,,,,,,
hbo:1515,gahari,,,,,,,,,,,,,,,,,,,,,
hbo:1516,"bond, bonden, shefela, barar, and",,,,,,,,,,,,,,,,,,,,,
hbo:1517,"hawali, uvungu, wem, ung, paj",,,,,,,,,,,,,,,,,,,,,
hbo:1518,,"tok, ulinisalimisha, uzae, lihami, ulifananishwa",,,,,"tok, ulinisalimisha, uzae, lihami, ulifananishwa",,,,,,,,,,,,,,,
hbo:1521,gihoni,,,,,,,,,,,,,,,,,,,,,
hbo:1522,gehazi,,,,,,,,,,,,,,,,,,,,,
hbo:1523,,"furah, furahi, furaha, furahini, salamu",,,,,,,,,,,,,,,,,,,,
hbo:1525,"furah, furahi, furaha, furahini, salamu",,,,,,,,,,,,,,,,,,,,,
hbo:1526,mgiloni,,,,,,,,,,,,,,,,,,,,,
hbo:1527,ginathi,,,,,,,,,,,,,,,,,,,,,
hbo:1528,chokaa,,,,,,,,,,,,,,,,,,,,,
hbo:1529,geshani,,,,,,,,,,,,,,,,,,,,,
hbo:1530,"bakul, besen, vitasa, unip, komb",,,,,,,,,,,,,,,,,,,,,
hbo:1532,"upiti, nyoz",,,,,,,,,,,,,,,,,,,,,
hbo:1533,"gilboa, siwep, potup",,,,,,,,,,,,,,,,,,,,,
hbo:1534,"gurudum, sulisul, vumb, mwueni",,,,,,,,,,,,,,,,,,,,,
hbo:1534a,"gurudum, sulisul, vumb, mwueni",,,,,,,,,,,,,,,,,,,,,
hbo:1537,gilgali,,,,,,,,,,,,,,,,,,,,,
hbo:1538,"kichwa, vichwa, chwan, wakuu, mkuu",,,,,,,,,,,,,,,,,,,,,
hbo:1539,"ngoz, nguo, via",,,,,,,,,,,,,,,,,,,,,
hbo:1540,,"funuli, funu, mateka, chukuli, chuku","funuli, funu, mateka, chukuli, chuku","funuli, funu, mateka, chukuli, chuku","funuli, funu, mateka, chukuli, chuku","funuli, funu, mateka, chukuli, chuku","funuli, funu, mateka, chukuli, chuku","funuli, funu, mateka, chukuli, chuku",,,,,,,"funuli, funu, mateka, chukuli, chuku","funuli, funu, mateka, chukuli, chuku",,"funuli, funu, mateka, chukuli, chuku",,,,
hbo:1542,gilo,,,,,,,,,,,,,,,,,,,,,
hbo:1543,"bakul, besen, vitasa, unip, komb",,,,,,,,,,,,,,,,,,,,,
hbo:1544,"sanamu, nyag, chon, kitu, zozitumiki",,,,,,,,,,,,,,,,,,,,,
hbo:1545,"nguo, mavazi, vazi, chake",,,,,,,,,,,,,,,,,,,,,
hbo:1546,"mateka, twa, uhamisho, hamish, wafungwa",,,,,,,,,,,,,,,,,,,,,
hbo:1548,,,,"nyo, nyole, shung","nyo, nyole, shung","nyo, nyole, shung",,,,,,,,,,,,,,,,
hbo:1549,"mbao, viba, kiba, vidogo, vioo",,,,,,,,,,,,,,,,,,,,,
hbo:1551,"galilaya, wagalilaya, mgalilaya, chunguza",,,,,,,,,,,,,,,,,,,,,
hbo:1552,"mpaka, mipaka, paka, upande, ukingo",,,,,,,,,,,,,,,,,,,,,
hbo:1553,gelilothi,,,,,,,,,,,,,,,,,,,,,
hbo:1554,galimu,,,,,,,,,,,,,,,,,,,,,
hbo:1555,goliathi,,,,,,,,,,,,,,,,,,,,,
hbo:1556,,"bingiri, vingiri, vingirisheni, isha, vingirish","bingiri, vingiri, vingirisheni, isha, vingirish","bingiri, vingiri, vingirisheni, isha, vingirish","bingiri, vingiri, vingirisheni, isha, vingirish","bingiri, vingiri, vingirisheni, isha, vingirish",,,,,,,,,,,,,,,,
hbo:1557,"mavi, samadi, mashonde",,,,,,,,,,,,,,,,,,,,,
hbo:1558,"sababu, ajili, ili, kuwa, upat",,,,,,,,,,,,,,,,,,,,,
hbo:1559,galali,,,,,,,,,,,,,,,,,,,,,
hbo:1561,"mavi, samadi, mashonde",,,,,,,,,,,,,,,,,,,,,
hbo:1562,gilalai,,,,,,,,,,,,,,,,,,,,,
hbo:1564,hazijawa,,,,,,,,,,,,,,,,,,,,,
hbo:1565,"tasa, huguguna",,,,,,,,,,,,,,,,,,,,,
hbo:1566,,,,,,"ugomvi, hayana, husuda, iote, haimpasi",,,,,,,,,,,,,,,,
hbo:1567,galedi,,,,,,,,,,,,,,,,,,,,,
hbo:1568,"gileadi, wapig, yomtend, ramothi",,,,,,,,,,,,,,,,,,,,,
hbo:1569,"mgileadi, wagileadi, nijili",,,,,,,,,,,,,,,,,,,,,
hbo:1570,,"ket, aketiye, pand, kuketi, oka",,,,,,,,,,,,,,,,,,,,
hbo:1571,"naam, tena, pia, hata, naye",,,,,,,,,,,,,,,,,,,,,
hbo:1572,,,,"mez, ezw, anga, tumemmeza, ammeze",,,"mez, ezw, anga, tumemmeza, ammeze",,,,,,,,,,,,,,,
hbo:1573,"shamu, mwanzi, nyas, unyasi, kalamu",,,,,,,,,,,,,,,,,,,,,
hbo:1574,"dhiraa, mikono, kwenda, liku, kadiri",,,,,,,,,,,,,,,,,,,,,
hbo:1576,"malipo, kadiri, lip, matendo, vyostahil",,,,,,,,,,,,,,,,,,,,,
hbo:1577,gamuli,,,,,,,,,,,,,,,,,,,,,
hbo:1578,"malipo, kadiri, lip, matendo, vyostahil",,,,,,,,,,,,,,,,,,,,,
hbo:1579,"gimzo, shemeshi",,,,,,,,,,,,,,,,,,,,,
hbo:1580,,"nyony, tende, achish, lip, lolote","nyony, tende, achish, lip, lolote",,,,,,,,,,,,,,,,,,,
hbo:1581,ngamia,,,,,,,,,,,,,,,,,,,,,
hbo:1582,gemali,,,,,,,,,,,,,,,,,,,,,
hbo:1583,gamalieli,,,,,,,,,,,,,,,,,,,,,
hbo:1584,,"komesh, ach, kom, pumzik, acha",,,,,,,,,,,,,"ish, lip, kamili, maliz, anga",,,,,,,
hbo:1586,gomeri,,,,,,,,,,,,,,,,,,,,,
hbo:1586a,gomeri,,,,,,,,,,,,,,,,,,,,,
hbo:1587,gemaria,,,,,,,,,,,,,,,,,,,,,
hbo:1587a,gemaria,,,,,,,,,,,,,,,,,,,,,
hbo:1588,"bustani, bustanini, matuta, shamb",,,,,,,,,,,,,,,,,,,,,
hbo:1589,,"usiibe, kuib, wib, ibiw, iib","usiibe, kuib, wib, ibiw, iib","usiibe, kuib, wib, ibiw, iib","usiibe, kuib, wib, ibiw, iib","usiibe, kuib, wib, ibiw, iib",,,,,,,,,,,,,,,,
hbo:1590,"mwiz, wezi, mshiriki, waonavyo, iwapate",,,,,,,,,,,,,,,,,,,,,
hbo:1591,"wizi, ibw",,,,,,,,,,,,,,,,,,,,,
hbo:1592,genubathi,,,,,,,,,,,,,,,,,,,,,
hbo:1593,"bustani, bustanini, matuta, shamb",,,,,,,,,,,,,,,,,,,,,
hbo:1595,"hazina, watunza",,,,,,,,,,,,,,,,,,,,,
hbo:1597,"hazina, watunza",,,,,,,,,,,,,,,,,,,,,
hbo:1598,,"tete, lind, jitete, fikir, utetezi",,,,,,,,,,,,,,,,,,,,
hbo:1599,ginethoni,,,,,,,,,,,,,,,,,,,,,
hbo:1599a,ginethoni,,,,,,,,,,,,,,,,,,,,,
hbo:1600,,"chini, shush, ingi, mnyenyekevu, duni",,,,,,,,,,,,,,,,,,,,
hbo:1601,goa,,,,,,,,,,,,,,,,,,,,,
hbo:1602,,"chuki, chukiz, chukia, akauchukia, sumbu","chuki, chukiz, chukia, akauchukia, sumbu",,,,"chuki, chukiz, chukia, akauchukia, sumbu",,,,,,,,,,,,,,,
hbo:1603,"gaali, washuka",,,,,,,,,,,,,,,,,,,,,
hbo:1604,"chuki, chukiz, chukia, akauchukia, sumbu",,,,,,,,,,,,,,,,,,,,,
hbo:1605,,"keme, maonyo, lawama, hoja, ony",,,,,,,,,,,,,,,,,,,,
hbo:1606,"keme, maonyo, lawama, hoja, ony",,,,,,,,,,,,,,,,,,,,,
hbo:1607,,"tikis, tikisi, tiki, tetemek, kama",,,"tikis, tikisi, tiki, tetemek, kama","tikis, tikisi, tiki, tetemek, kama",,,,,,"tikis, tikisi, tiki, tetemek, kama",,,,,,,,,,
hbo:1608,gaashi,,,,,,,,,,,,,,,,,,,,,
hbo:1609,gatamu,,,,,,,,,,,,,,,,,,,,,
hbo:1610,"analia, ameo",,,,,,,,,,,,,,,,,,,,,
hbo:1610a,"analia, ameo",,,,,,,,,,,,,,,,,,,,,
hbo:1612,"mzabibu, mizabibu, matunda, mzabibumwitu, youp",,,,,,,,,,,,,,,,,,,,,
hbo:1613,"jitengenezee, ifuni",,,,,,,,,,,,,,,,,,,,,
hbo:1614,berit,,,,,,,,,,,,,,,,,,,,,
hbo:1615,chokaa,,,,,,,,,,,,,,,,,,,,,
hbo:1616,"mgen, wageni, kuka, akaaye, ugenini",,,,,,,,,,,,,,,,,,,,,
hbo:1617,gera,,,,,,,,,,,,,,,,,,,,,
hbo:1618,"pwepw, upel, madoadoa, dond, vujiv",,,,,,,,,,,,,,,,,,,,,
hbo:1619,garebu,,,,,,,,,,,,,,,,,,,,,
hbo:1620,sazw,,,,,,,,,,,,,,,,,,,,,
hbo:1622,mgirgashi,,,,,,,,,,,,,,,,,,,,,
hbo:1623,,,,,,"angu, song, nyage, yawe, yameiva",,,,,,,,,,,,,,,,
hbo:1624,,,,"kasiri, amka, uchungu, ghadhibi, nikasiri",,"kasiri, amka, uchungu, ghadhibi, nikasiri",,,,,,,,,,,,,,,,
hbo:1625,"cheu, hacheui, yuacheua",,,,,,,,,,,,,,,,,,,,,
hbo:1626,gera,,,,,,,,,,,,,,,,,,,,,
hbo:1627,"koo, lao, mwao, uwahubirie",,,,,,,,,,,,,,,,,,,,,
hbo:1628,geruthi,,,,,,,,,,,,,,,,,,,,,
hbo:1629,,,"usiozaa, uukate, niwapinge, kome, uutupe",,,,,,,,,,,,,,,,,,,
hbo:1630,"gerizimu, wawabariki",,,,,,,,,,,,,,,,,,,,,
hbo:1631,"shok, wanaivunjavunja",,,,,,,,,,,,,,,,,,,,,
hbo:1633,,"yanyi, chembamba, wangurumao, powashuki, niseme, mifupa, mfup, mifupani, iyo, ile",,"yanyi, chembamba, wangurumao, powashuki, niseme, mifupa, mfup, mifupani, iyo, ile",,,,,,,,,,,,,,,,,,
hbo:1634,"mifupa, mfup, mifupani, iyo, ile",,,,,,,,,,,,,,,,,,,,,
hbo:1636,mgarmi,,,,,,,,,,,,,,,,,,,,,
hbo:1637,"puri, wanj, sakafu, nafaka, uga",,,,,,,,,,,,,,,,,,,,,
hbo:1638,,"vunj, vunjik, pasu, vunja, meg",,,,,"vunj, vunjik, pasu, vunja, meg",,,,,,,,,,,,,,,
hbo:1639,,"punguz, nyole, wazuia, hamtapunguza, tusipate","punguz, nyole, wazuia, hamtapunguza, tusipate","punguz, nyole, wazuia, hamtapunguza, tusipate",,,,,,,,,,,,,,,,,,
hbo:1640,,"fagi, fagili, ule, rudi, aion",,,,,,,,,,,,,,,,,,,,
hbo:1641,,"burur, kokot, burut, waondole, nias","burur, kokot, burut, waondole, nias",,"burur, kokot, burut, waondole, nias",,,,,,,,,,,,,,,,,
hbo:1642,gerari,,,,,,,,,,,,,,,,,,,,,
hbo:1643,"pond, vunj, vunjik, onew, mez",,,,,,,,,,,,,,,,,,,,,
hbo:1644,,"fukuz, achw, vut, mto, peperush","fukuz, achw, vut, mto, peperush","fukuz, achw, vut, mto, peperush","fukuz, achw, vut, mto, peperush",,,,,,,,,,,,,,,,,
hbo:1645,"mavuno, maza, matunda, akib, faid",,,,,,,,,,,,,,,,,,,,,
hbo:1646,acheni,,,,,,,,,,,,,,,,,,,,,
hbo:1647,"gershoni, wageruhoni",,,,,,,,,,,,,,,,,,,,,
hbo:1648,"gershomu, gershoni",,,,,,,,,,,,,,,,,,,,,
hbo:1649,"wagershoni, mgershoni",,,,,,,,,,,,,,,,,,,,,
hbo:1650,"geshuri, eka, nikikaa",,,,,,,,,,,,,,,,,,,,,
hbo:1651,wageshuri,,,,,,,,,,,,,,,,,,,,,
hbo:1653,"mvua, nyesh, nyeshe, masika, manyunyu",,,,,,,,,,,,,,,,,,,,,
hbo:1656,"mvua, nyesh, nyeshe, masika, manyunyu",,,,,,,,,,,,,,,,,,,,,
hbo:1657,gosheni,,,,,,,,,,,,,,,,,,,,,
hbo:1658,gishpa,,,,,,,,,,,,,,,,,,,,,
hbo:1659,,,,"twapapasapapasa, twapapasa",,,,,,,,,,,,,,,,,,
hbo:1660,"shinikiz, zabibu, shinikizoni, sindi, utieni",,,,,,,,,,,,,,,,,,,,,
hbo:1661,"gathi, hamishw, wasituchongee",,,,,,,,,,,,,,,,,,,,,
hbo:1663,"mgiti, wagiti",,,,,,,,,,,,,,,,,,,,,
hbo:1664,gitaimu,,,,,,,,,,,,,,,,,,,,,
hbo:1665,gitithi,,,,,,,,,,,,,,,,,,,,,
hbo:1666,mashi,,,,,,,,,,,,,,,,,,,,,
hbo:1667,gath-rimoni,,,,,,,,,,,,,,,,,,,,,
hbo:1668,"hii, hayo, hili, huu, huyu",,,,,,,,,,,,,,,,,,,,,
hbo:1669,,"huzuni, dhili, vitatoa, nilidhilika, sinya",,,,,,,,,,,,,,,,,,,,
hbo:1670,"fadhai, zimi, chok, hofu, haraka",,,,,,,,,,,,,,,,,,,,,
hbo:1671,"huzuni, sikitik, zimi, ziharibike",,,,,,,,,,,,,,,,,,,,,
hbo:1672,,"ogop, hofu, kumcha, tish, kich",,,,,,,,,,,,,,,,,,,,
hbo:1673,"doegi, mwedomu, uwaangukie",,,,,,,,,,,,,,,,,,,,,
hbo:1674,"tunz, waz, uzit, wamesumbuka, sian",,,,,,,,,,,,,,,,,,,,,
hbo:1675,,"ruka, ruk, ndeg, ningeruka, inzi",,,,,,,,,,,,,,,,,,,,
hbo:1676,"tai, mwew, manyoya, ruka, furukombe",,,,,,,,,,,,,,,,,,,,,
hbo:1677,dubu,,,,,,,,,,,,,,,,,,,,,
hbo:1679,"nguvu, jeshi, uwez, shik, hodari",,,,,,,,,,,,,,,,,,,,,
hbo:1680,,ikitiririka,,,,,,,,,,,,,,,,,,,,
hbo:1681,"singizi, habari, masingizio, ngizia, udak",,,,,,,,,,,,,,,,,,,,,
hbo:1682,"nyuk, wafukuzwao, walizimika",,,,,,,,,,,,,,,,,,,,,
hbo:1683,debora,,,,,,,,,,,,,,,,,,,,,
hbo:1684,"dhabihu, sadaka, chinj, tole, chinji",,,,,,,,,,,,,,,,,,,,,
hbo:1687,"chumba, sandukuni",,,,,,,,,,,,,,,,,,,,,
hbo:1688,debiri,,,,,,,,,,,,,,,,,,,,,
hbo:1688a,debiri,,,,,,,,,,,,,,,,,,,,,
hbo:1689,dibla,,,,,,,,,,,,,,,,,,,,,
hbo:1690,"mtin, tini, mitini",,,,,,,,,,,,,,,,,,,,,
hbo:1691,diblaimu,,,,,,,,,,,,,,,,,,,,,
hbo:1692,,"shik, ambata, ishi, anda, pasu",,,"shik, ambata, ishi, anda, pasu",,"shik, ambata, ishi, anda, pasu","shik, ambata, ishi, anda, pasu",,,,,,,"shik, ambata, ishi, anda, pasu",,,,,,,
hbo:1694,"ung, fumb, fuaw, lainisha",,,,,,,,,,,,,,,,,,,,,
hbo:1695,"shik, ambata, ishi, anda, pasu",,,,,,,,,,,,,,,,,,,,,
hbo:1696,,"ambi, akasema, akamwambia, sem, akawaambia","ambi, akasema, akamwambia, sem, akawaambia","ambi, akasema, akamwambia, sem, akawaambia","ambi, akasema, akamwambia, sem, akawaambia","ambi, akasema, akamwambia, sem, akawaambia",,,,,,,,,,,,,,,,
hbo:1697,"neno, maneno, jambo, mambo, bukumb",,,,,,,,,,,,,,,,,,,,,
hbo:1698,"taun, yajayo, mabaya, zitamla, amua",,,,,,,,,,,,,,,,,,,,,
hbo:1699,"chunga, malisho, lish, viunga, mbug, halimo",,,,,,,,,,,,,,,,,,,,,
hbo:1700,"umeapa, ufikiri, wafanana",,,,,,,,,,,,,,,,,,,,,
hbo:1704,dibri,,,,,,,,,,,,,,,,,,,,,
hbo:1705,daberathi,,,,,,,,,,,,,,,,,,,,,
hbo:1706,"asal, sega",,,,,,,,,,,,,,,,,,,,,
hbo:1708,dabeshethi,,,,,,,,,,,,,,,,,,,,,
hbo:1709,"samaki, wavuvi, visamaki, towe",,,,,,,,,,,,,,,,,,,,,
hbo:1710,"samaki, wavuvi, visamaki, towe",,,,,,,,,,,,,,,,,,,,,
hbo:1711,,"ongez, ongeze, nyingi, wengi, meng",,,,,,,,,,,,,,,,,,,,
hbo:1712,dagoni,,,,,,,,,,,,,,,,,,,,,
hbo:1714,"bendera, beramu, tang, yahweh-nisi, twekeni",,,,,,,,,,,,,,,,,,,,,
hbo:1715,"nafaka, ngan, suk",,,,,,,,,,,,,,,,,,,,,
hbo:1716,,"kusany, kusanyi, sany, kuta, okot",,,,,,,,,,,,,,,,,,,,
hbo:1717,"matiti, dar, maziwa, matitini, fuan",,,,,,,,,,,,,,,,,,,,,
hbo:1718,,,,,,"mviv, mwepesi, uviv, mwenye, haon",,,,,,,,,,,,,,,,
hbo:1719,"dedani, wadedani",,,,,,,,,,,,,,,,,,,,,
hbo:1722,"dhahabu, hazina",,,,,,,,,,,,,,,,,,,,,
hbo:1724,,,"shanga, shtu, staajab, lisha, staajabu",,,,,,,,,,,,,,,,,,,
hbo:1725,,"nguvu, yeny, ruka, wak, yanasonganasongana",,,,,,,,,,,,,,,,,,,,
hbo:1726,"walipowakimbiza, kukusany",,,,,,,,,,,,,,,,,,,,,
hbo:1727,,,,,,,"kifu, uchovu",,,,,,,,,,,,,,,
hbo:1728,"samaki, wavuvi, visamaki, towe",,,,,,,,,,,,,,,,,,,,,
hbo:1729,"ndoana, azukaye",,,,,,,,,,,,,,,,,,,,,
hbo:1730,"pend, wapenzi, mpenzi, mjomba, mdog",,,,,,,,,,,,,,,,,,,,,
hbo:1731,"sufuri, sufurian, kap, nawi, vyombo",,,,,,,,,,,,,,,,,,,,,
hbo:1732,daudi,,,,,,,,,,,,,,,,,,,,,
hbo:1733,"mjomba, mwo",,,,,,,,,,,,,,,,,,,,,
hbo:1734,"dodo, dodai",,,,,,,,,,,,,,,,,,,,,
hbo:1736,"tunguja, mitunguja",,,,,,,,,,,,,,,,,,,,,
hbo:1739,"ana, yafaavyo, nilaa, aje, zenu",,,,,,,,,,,,,,,,,,,,,
hbo:1740,,,,,,,"osh, zifu, kuog, oshw, naw",,,,,,,,,,,,,,,
hbo:1741,"radh, wagonjwa, magonjwa, chukiza, sumbuli",,,,,,,,,,,,,,,,,,,,,
hbo:1742,"fadhai, zimi, chok, hofu, haraka",,,,,,,,,,,,,,,,,,,,,
hbo:1743,,"mara, pig, wakati, pigw, pond",,,,,,,,,,,,,,,,,,,,
hbo:1744,dihud,,,,,,,,,,,,,,,,,,,,,
hbo:1745,"kimy, nyamazish, utulivu, tuliz, nyamazeni",,,,,,,,,,,,,,,,,,,,,
hbo:1746,duma,,,,,,,,,,,,,,,,,,,,,
hbo:1747,"kimy, nyamazish, utulivu, tuliz, nyamazeni",,,,,,,,,,,,,,,,,,,,,
hbo:1748,"kimy, nyamazish, utulivu, tuliz, nyamazeni",,,,,,,,,,,,,,,,,,,,,
hbo:1749,"nta, uwapeperushavyo, upeperushwavyo",,,,,,,,,,,,,,,,,,,,,
hbo:1750,,"chez, michezo, ngom, nderemo, umeniondolea",,,,,,,,,,,,,,,,,,,,
hbo:1755,"zaz, ratib",,,,,,,,,,,,,,,,,,,,,
hbo:1756,dori,,,,,,,,,,,,,,,,,,,,,
hbo:1757,dura,,,,,,,,,,,,,,,,,,,,,
hbo:1758,,"kanya, waka, amka, kwa, taka","kanya, waka, amka, kwa, taka",,,,,"kanya, waka, amka, kwa, taka",,,,,,,"kanya, waka, amka, kwa, taka",,,,,,,
hbo:1760,,"sukum, suku, angush, fukuz, msongason","sukum, suku, angush, fukuz, msongason",,"sukum, suku, angush, fukuz, msongason",,,,,,,,,,,,,,,,,
hbo:1761,"zaburi, zeze, muziki, ala, nand",,,,,,,,,,,,,,,,,,,,,
hbo:1762,"anguk, anguki, angush, pig, nao",,,,,,,,,,,,,,,,,,,,,
hbo:1763,,,,,,,,,,,,,,,"ogop, hofu, kumcha, tish, kich",,"ogop, hofu, kumcha, tish, kich",,,,,
hbo:1764,utaula,,,,,,,,,,,,,,,,,,,,,
hbo:1765,,"haraka, upes, hima, mbio, mwenye","haraka, upes, hima, mbio, mwenye",,,,,,,,,,,,,,,,,,,
hbo:1766,,"song, sukuma",,,,,,,,,,,,,,,,,,,,
hbo:1767,"tosh, wakati, tosha, mpya, pigw, wengi, nyingi, stahil, mwingi",,,,,,,,,,,,,,,,,,,,,
hbo:1768,"basi, hiyo, ila, ili, kwa",,,,,,,,,,,,,,,,,,,,,
hbo:1769,"diboni, dibon-gadi, dimoni",,,,,,,,,,,,,,,,,,,,,
hbo:1771,"samaki, wavuvi, visamaki, towe",,,,,,,,,,,,,,,,,,,,,
hbo:1772,"tai, mwew, manyoya, ruka, furukombe",,,,,,,,,,,,,,,,,,,,,
hbo:1773,wino,,,,,,,,,,,,,,,,,,,,,
hbo:1774,"dizahabu, hazerothi",,,,,,,,,,,,,,,,,,,,,
hbo:1775,"diboni, dibon-gadi, dimoni",,,,,,,,,,,,,,,,,,,,,
hbo:1776,"diboni, dibon-gadi, dimoni",,,,,,,,,,,,,,,,,,,,,
hbo:1777,"hukumu, adil, kesi, tekele, mada","hukum, waamuzi, mwamuzi, amu, hukumu","hukum, waamuzi, mwamuzi, amu, hukumu",,,,,,,,,,,,"hukum, waamuzi, mwamuzi, amu, hukumu",,,,,,,
hbo:1781,"majaji, mwamuzi, muvy, ngeku, chonge",,,,,,,,,,,,,,,,,,,,,
hbo:1783,dina,,,,,,,,,,,,,,,,,,,,,
hbo:1784,makadhi,,,,,,,,,,,,,,,,,,,,,
hbo:1785,"ngom, jumb, boma, bom, ngomeni",,,,,,,,,,,,,,,,,,,,,
hbo:1786,"puri, wanj, sakafu, nafaka, uga",,,,,,,,,,,,,,,,,,,,,
hbo:1787,"dishoni, dishani",,,,,,,,,,,,,,,,,,,,,
hbo:1788,kongoni,,,,,,,,,,,,,,,,,,,,,
hbo:1789,"dishani, dishoni",,,,,,,,,,,,,,,,,,,,,
hbo:1790,"pond, vunj, vunjik, onew, mez",,,,,,,,,,,,,,,,,,,,,
hbo:1791,"hii, hayo, hili, huu, huyu",,,,,,,,,,,,,,,,,,,,,
hbo:1792,,,"pond, vunj, vunjik, onew, mez","pond, vunj, vunjik, onew, mez","pond, vunj, vunjik, onew, mez","pond, vunj, vunjik, onew, mez",,,,,,,,,,,,,,,,
hbo:1793,"wanyenyekevu, ponde, vumb, mavumbini, udongo, nchi, anga",,,,,,,,,,,,,,,,,,,,,
hbo:1794,,"pond, vunj, vunjik, onew, mez","pond, vunj, vunjik, onew, mez","pond, vunj, vunjik, onew, mez",,,,,,,,,,,,,,,,,,
hbo:1795,"pond, vunj, vunjik, onew, mez",,,,,,,,,,,,,,,,,,,,,
hbo:1796,uvum,,,,,,,,,,,,,,,,,,,,,
hbo:1797,"hii, hayo, hili, huu, huyu",,,,,,,,,,,,,,,,,,,,,
hbo:1798,"dume, kondoo, wana, wanaume, kium",,,,,,,,,,,,,,,,,,,,,
hbo:1799,"bush, bukumb, kumbuk, mbuk, bukw",,,,,,,,,,,,,,,,,,,,,
hbo:1800,"maskini, wanyenyekevu, wanyonge, upol, mnyonge",,,,,,,,,,,,,,,,,,,,,
hbo:1800a,"lang, ila, miim, mwim, lango",,,,,,,,,,,,,,,,,,,,,
hbo:1801,,"ruk, ruka, oute, mnalia, furahieni",,"ruk, ruka, oute, mnalia, furahieni",,,,,,,,,,,,,,,,,,
hbo:1802,,"fut, vut, kokot, alikuwa, wenye",,"fut, vut, kokot, alikuwa, wenye",,,,,,,,,,,,,,,,,,
hbo:1803,"nywele, nywe, sing, malaika, manyoya, maskini, wanyenyekevu, wanyonge, upol, mnyonge",,,,,,,,,,,,,,,,,,,,,
hbo:1803a,"nywele, nywe, sing, malaika, manyoya, maskini, wanyenyekevu, wanyonge, upol, mnyonge",,,,,,,,,,,,,,,,,,,,,
hbo:1804,,"fadhai, taab, kazi, dhar, sumbu",,,,,,,,,,,,,,,,,,,,
hbo:1805,"kiango, ndoo, kirefu, tone, adhimish",,,,,,,,,,,,,,,,,,,,,
hbo:1806,delaya,,,,,,,,,,,,,,,,,,,,,
hbo:1806a,delaya,,,,,,,,,,,,,,,,,,,,,
hbo:1807,delila,,,,,,,,,,,,,,,,,,,,,
hbo:1809,,"huzuni, dhili, vitatoa, nilidhilika, sinya",,,,,,,,,,,,,,,,,,,,
hbo:1810,mispe,,,,,,,,,,,,,,,,,,,,,
hbo:1811,,"dondo, ton, yadondoza, dondoz, manyunyu",,,,,,,,,,,,,,,,,,,,
hbo:1812,"dondo, ton, yadondoza, dondoz, manyunyu",,,,,,,,,,,,,,,,,,,,,
hbo:1813,dalfoni,,,,,,,,,,,,,,,,,,,,,
hbo:1814,,"fuati, fukuz, fuat, nifuati, niudh",,,,,"fuati, fukuz, fuat, nifuati, niudh",,,,,,,,"wak, tekete, chom, ondo, teketez",,,,,,,
hbo:1816,"ukaufu, koga",,,,,,,,,,,,,,,,,,,,,
hbo:1817,"lang, ila, miim, mwim, lango",,,,,,,,,,,,,,,,,,,,,
hbo:1818,"damu, dhuluma, mwuaji, vunja",,,,,,,,,,,,,,,,,,,,,
hbo:1819,,"kama, fanan, fananish, zitafakar, fanana",,"kama, fanan, fananish, zitafakar, fanana",,"kama, fanan, fananish, zitafakar, fanana",,,,,,,,,"kama, mfano, fanan, umbo, fananish",,,,,,,
hbo:1823,"kama, mfano, fanan, umbo, fananish",,,,,,,,,,,,,,,,,,,,,
hbo:1824,"tuli, utulivu, stareh, amani, tuliz",,,,,,,,,,,,,,,,,,,,,
hbo:1824a,"tuli, utulivu, stareh, amani, tuliz",,,,,,,,,,,,,,,,,,,,,
hbo:1826,,"kimy, nyamazish, utulivu, tuliz, nyamazeni, yowe, ombole, pigeni, ombolezeni, omboleze","kimy, nyamazish, utulivu, tuliz, nyamazeni, yowe, ombole, pigeni, ombolezeni, omboleze","kimy, nyamazish, utulivu, tuliz, nyamazeni, yowe, ombole, pigeni, ombolezeni, omboleze",,,"kimy, nyamazish, utulivu, tuliz, nyamazeni, yowe, ombole, pigeni, ombolezeni, omboleze",,,,,,,,,,,,,,,
hbo:1827,"kimy, nyamazish, utulivu, tuliz, nyamazeni",,,,,,,,,,,,,,,,,,,,,
hbo:1828,"mavi, samadi, mashonde",,,,,,,,,,,,,,,,,,,,,
hbo:1829,dimna,,,,,,,,,,,,,,,,,,,,,
hbo:1830,,"akalia, kulia, lili, ili, wakalia",,,,,,,,,,,,,,,,,,,,
hbo:1831,"vyak, jiten",,,,,,,,,,,,,,,,,,,,,
hbo:1832,"choz, usiyapuuze, hayamo, umewanywesha, yasikome",,,,,,,,,,,,,,,,,,,,,
hbo:1833,hariri,,,,,,,,,,,,,,,,,,,,,
hbo:1834,dameski,,,,,,,,,,,,,,,,,,,,,
hbo:1835,dani,,,,,,,,,,,,,,,,,,,,,
hbo:1836,"hii, hayo, hili, huu, huyu",,,,,,,,,,,,,,,,,,,,,
hbo:1837,"kiriath-sana, dana",,,,,,,,,,,,,,,,,,,,,
hbo:1838,dinhaba,,,,,,,,,,,,,,,,,,,,,
hbo:1839,wadani,,,,,,,,,,,,,,,,,,,,,
hbo:1841,danieli,,,,,,,,,,,,,,,,,,,,,
hbo:1843,"maarifa, ujuz, kumjua, elim, kuju",,,,,,,,,,,,,,,,,,,,,
hbo:1844,"maarifa, ujuz, kumjua, elim, kuju",,,,,,,,,,,,,,,,,,,,,
hbo:1845,deueli,,,,,,,,,,,,,,,,,,,,,
hbo:1846,,"zimi, mbali, zimw, mvue, uvueni","zimi, mbali, zimw, mvue, uvueni",,"zimi, mbali, zimw, mvue, uvueni",,,,,,,,,,,,,,,,,
hbo:1847,"maarifa, ujuz, kumjua, elim, kuju",,,,,,,,,,,,,,,,,,,,,
hbo:1848,"singizi, habari, masingizio, ngizia, udak",,,,,,,,,,,,,,,,,,,,,
hbo:1849,,"mara, pig, wakati, pigw, pond",,,,"mara, pig, wakati, pigw, pond",,,,,,,,,,,,,,,,
hbo:1850,dofka,,,,,,,,,,,,,,,,,,,,,
hbo:1851,"kond, bamb, kidogo, nyembamba, lain",,,,,,,,,,,,,,,,,,,,,
hbo:1852,"pazi, anda, tumiwa",,,,,,,,,,,,,,,,,,,,,
hbo:1853,dikla,,,,,,,,,,,,,,,,,,,,,
hbo:1854,,"pond, vunj, vunjik, onew, mez",,,,,"pond, vunj, vunjik, onew, mez","pond, vunj, vunjik, onew, mez",,,,,,,,,,"vunj, vunjik, pasu, vunja, meg",,,,
hbo:1856,,"chom, tajw, futa, tumbuli, tobo","chom, tajw, futa, tumbuli, tobo",,"chom, tajw, futa, tumbuli, tobo",,,,,,,,,,,,,,,,,
hbo:1858,vyekundu,,,,,,,,,,,,,,,,,,,,,
hbo:1860,"chuki, chukiz, chukia, akauchukia, sumbu",,,,,,,,,,,,,,,,,,,,,
hbo:1862,darda,,,,,,,,,,,,,,,,,,,,,
hbo:1863,"magugu, mbaruti, itamea, kauka, mwib",,,,,,,,,,,,,,,,,,,,,
hbo:1864,"kusini, kusi, skaz, huvuma, umiliki",,,,,,,,,,,,,,,,,,,,,
hbo:1865,"uhur, miwa",,,,,,,,,,,,,,,,,,,,,
hbo:1865a,"uhur, miwa",,,,,,,,,,,,,,,,,,,,,
hbo:1866,"ndeg, angani, baw, shomor, mbayuwayu",,,,,,,,,,,,,,,,,,,,,
hbo:1867,dario,,,,,,,,,,,,,,,,,,,,,
hbo:1869,,"kanya, waka, amka, kwa, taka",,,,,"kanya, waka, amka, kwa, taka",,,,,,,,,,,,,,,
hbo:1870,"njia, njiani, upande, safari, mwendo",,,,,,,,,,,,,,,,,,,,,
hbo:1871,"fung, mane, darkoni, fedha, mene",,,,,,,,,,,,,,,,,,,,,
hbo:1874,nyumbu,,,,,,,,,,,,,,,,,,,,,
hbo:1875,,"tafut, tak, tafuta, uliz, fute","tafut, tak, tafuta, uliz, fute",,,,,,,,,,,,,,,,,,,
hbo:1876,,"chipu, maua, chanu, staw, ikaota",,,,,"chipu, maua, chanu, staw, ikaota",,,,,,,,,,,,,,,
hbo:1877,"jan, nyas, mororo, mibichi, lanyauka",,,,,,,,,,,,,,,,,,,,,
hbo:1878,,"fanikiw, faniki, sita, stareh, raha",,"fanikiw, faniki, sita, stareh, raha","fanikiw, faniki, sita, stareh, raha",,,,,,,,,,,,,,,,,
hbo:1879,"mafuta, nenep, non, kuku, zid",,,,,,,,,,,,,,,,,,,,,
hbo:1880,"majivu, unon, lemb, yazo, pako",,,,,,,,,,,,,,,,,,,,,
hbo:1882,"sheria, torati, mbiu, amri, halali",,,,,,,,,,,,,,,,,,,,,
hbo:1883,"jan, nyas, mororo, mibichi, lanyauka",,,,,,,,,,,,,,,,,,,,,
hbo:1884,"majaji, mwamuzi, muvy, ngeku, chonge",,,,,,,,,,,,,,,,,,,,,
hbo:1885,"dathani, ikaufunika",,,,,,,,,,,,,,,,,,,,,
hbo:1886,dothani,,,,,,,,,,,,,,,,,,,,,
hbo:1887,"tazama, angali, kumb, lien, zam",,,,,,,,,,,,,,,,,,,,,
hbo:1889,"aha, wanaoniambia, wanaosema, meon, wasiseme",,,,,,,,,,,,,,,,,,,,,
hbo:1891,,"bure, mitupu, fut, adhabu, sina",,,,,"bure, mitupu, fut, adhabu, sina",,,,,,,,,,,,,,,
hbo:1892,"ubatili, bure, uongo, kitu, vyofa",,,,,,,,,,,,,,,,,,,,,
hbo:1893,"habili, mchunga",,,,,,,,,,,,,,,,,,,,,
hbo:1895,,"gawa, gawany, gawi, fitini, gaw",,,,,,,,,,,,,,,,,,,,
hbo:1897,,"tafakar, fikir, nong'o, kutw, sem",,,,,"tafakar, fikir, nong'o, kutw, sem","tafakar, fikir, nong'o, kutw, sem",,,,,,,,,,,,,,
hbo:1898,,"mbali, ondok, teng, ondo, alam",,,,,,,,,,,,,,,,,,,,
hbo:1899,"vili, kite, kize",,,,,,,,,,,,,,,,,,,,,
hbo:1900,"mjumbe, fakar, maazimio, fikira, tafakar",,,,,,,,,,,,,,,,,,,,,
hbo:1901,"mjumbe, fakar, maazimio, fikira, tafakar",,,,,,,,,,,,,,,,,,,,,
hbo:1902,"mjumbe, fakar, maazimio, fikira, tafakar",,,,,,,,,,,,,,,,,,,,,
hbo:1904,hajiri,,,,,,,,,,,,,,,,,,,,,
hbo:1905,"wahajiri, wahagari, mlinga",,,,,,,,,,,,,,,,,,,,,
hbo:1906,"kelel, mali, shangwe, sauti, gutu",,,,,,,,,,,,,,,,,,,,,
hbo:1907,"shaur, ushauri, washauri, mshauri, kusud",,,,,,,,,,,,,,,,,,,,,
hbo:1908,hadadi,,,,,,,,,,,,,,,,,,,,,
hbo:1909,hadadezeri,,,,,,,,,,,,,,,,,,,,,
hbo:1911,,"nyosh, laz, poto, lal, geuk",,,,,,,,,,,,,,,,,,,,
hbo:1912,"hindi, tarafa",,,,,,,,,,,,,,,,,,,,,
hbo:1913,"hadoramu, adoramu",,,,,,,,,,,,,,,,,,,,,
hbo:1914,hurai,,,,,,,,,,,,,,,,,,,,,
hbo:1915,,"kanya, waka, amka, kwa, taka",,,,,,,,,,,,,,,,,,,,
hbo:1916,"weke, chini, kiti, meshikaman, pumziki",,,,,,,,,,,,,,,,,,,,,
hbo:1918,"mihadasi, mhadesi, tumekwenda",,,,,,,,,,,,,,,,,,,,,
hbo:1919,hadasa,,,,,,,,,,,,,,,,,,,,,
hbo:1920,,"sukum, suku, angush, fukuz, msongason",,,,,,,,,,,,,,,,,,,,
hbo:1921,,"heshima, heshim, mzit, tuku, waheshimu","heshima, heshim, mzit, tuku, waheshimu",,,"heshima, heshim, mzit, tuku, waheshimu",,,,,,,,,,,"heshima, heshim, mzit, tuku, waheshimu",,,,,
hbo:1924,pau,,,,,,,,,,,,,,,,,,,,,
hbo:1925,"utukufu, tuku, heshima, fahari, tukuz",,,,,,,,,,,,,,,,,,,,,
hbo:1926,"utukufu, tuku, heshima, fahari, tukuz",,,,,,,,,,,,,,,,,,,,,
hbo:1927,"uzur, pamb, mwabuduni, lipa, jipambe",,,,,,,,,,,,,,,,,,,,,
hbo:1929,"ole, aa, nikalia, sijala, sumbua",,,,,,,,,,,,,,,,,,,,,
hbo:1930,"aha, wanaoniambia, wanaosema, meon, wasiseme",,,,,,,,,,,,,,,,,,,,,
hbo:1931,"mimi, nami, yangu, sisi, wangu",,,,,,,,,,,,,,,,,,,,,
hbo:1931a,"mimi, nami, yangu, sisi, wangu",,,,,,,,,,,,,,,,,,,,,
hbo:1931b,"mimi, nami, yangu, sisi, wangu",,,,,,,,,,,,,,,,,,,,,
hbo:1933a,,"anguk, anguki, angush, pig, nao, kuw, ikawa, kuwa, itakuwa, alikuwa",,,,,,,,,,,,,"kuw, ikawa, kuwa, itakuwa, alikuwa",,,,,,,
hbo:1935,"adhama, heshima, utukufu, fahari, uzur",,,,,,,,,,,,,,,,,,,,,
hbo:1936,hodu,,,,,,,,,,,,,,,,,,,,,
hbo:1937,hodavia,,,,,,,,,,,,,,,,,,,,,
hbo:1938,hodavia,,,,,,,,,,,,,,,,,,,,,
hbo:1941,"hodia, hodai",,,,,,,,,,,,,,,,,,,,,
hbo:1942,"tama, pendeza, pend, tamani, man",,,,,,,,,,,,,,,,,,,,,
hbo:1942a,"msib, uharibifu, nitadhihaki, nyoa",,,,,,,,,,,,,,,,,,,,,
hbo:1943,"shar, agu",,,,,,,,,,,,,,,,,,,,,
hbo:1944,hohamu,,,,,,,,,,,,,,,,,,,,,
hbo:1945,"ole, aa, pinga, ala",,,,,,,,,,,,,,,,,,,,,
hbo:1947,"wazimu, harudi, upuuzi",,,,,,,,,,,,,,,,,,,,,
hbo:1948,"wazimu, harudi, upuuzi",,,,,,,,,,,,,,,,,,,,,
hbo:1949,,"vum, mvum, nimetangatanga, waajabi","vum, mvum, nimetangatanga, waajabi",,,,"vum, mvum, nimetangatanga, waajabi",,,,,,,,,,,,,,,
hbo:1950,hemamu,,,,,,,,,,,,,,,,,,,,,
hbo:1951,,,,,,,"azikaaye, jifanyizie",,,,,,,,,,,,,,,
hbo:1952,"kelel, mali, shangwe, sauti, gutu",,,,,,,,,,,,,,,,,,,,,
hbo:1953,hoshama,,,,,,,,,,,,,,,,,,,,,
hbo:1954,"hoshea, hosea, nitawaita",,,,,,,,,,,,,,,,,,,,,
hbo:1955,hoshaya,,,,,,,,,,,,,,,,,,,,,
hbo:1956,hothiri,,,,,,,,,,,,,,,,,,,,,
hbo:1957,,"ndot, akaota, nimeota, mwotaji, wataota",,,,,,,,,,,,,,,,,,,,
hbo:1958,"ole, aa, pinga, ala",,,,,,,,,,,,,,,,,,,,,
hbo:1959,"kelel, mali, shangwe, sauti, gutu",,,,,,,,,,,,,,,,,,,,,
hbo:1961,,"mlimtia, kuw, ikawa, kuwa, itakuwa, alikuwa","mlimtia, kuw, ikawa, kuwa, itakuwa, alikuwa",,,,,,,,,,,,,,,,,,,
hbo:1963,"jinsi, lini, weza, kuwa, gani",,,,,,,,,,,,,,,,,,,,,
hbo:1964,"hekal, hekaluni, wanethini, jumb, nyumba",,,,,,,,,,,,,,,,,,,,,
hbo:1966,nyot,,,,,,,,,,,,,,,,,,,,,
hbo:1967,hemamu,,,,,,,,,,,,,,,,,,,,,
hbo:1968,heman,,,,,,,,,,,,,,,,,,,,,
hbo:1969,"hini, bab",,,,,,,,,,,,,,,,,,,,,
hbo:1970,,"mabaya, uovu, mbay, mwov, waov",,,,,,,,,,,,,,,,,,,,
hbo:1971,"tazama, angali, tazam, lien, kuon",,,,,,,,,,,,,,,,,,,,,
hbo:1972,,,"tup, tupw, angush, tupi, bomo",,,,,,,,,,,,,,,,,,,
hbo:1973,"baadaye, upande, uko, weny, wauvunje",,,,,,,,,,,,,,,,,,,,,
hbo:1974,"sifa, baraka, tuku, shukrani, ahimidiwe",,,,,,,,,,,,,,,,,,,,,
hbo:1975,"hii, hayo, hili, huu, huyu",,,,,,,,,,,,,,,,,,,,,
hbo:1976,"hii, hayo, hili, huu, huyu",,,,,,,,,,,,,,,,,,,,,
hbo:1978,"hatu, daraj, mlima, ngaz, nyay",,,,,,,,,,,,,,,,,,,,,
hbo:1979,"tembe, end, enend, enda, uend",,,,,,,,,,,,,,,,,,,,,
hbo:1980,,"end, akaenda, shuk, nend, tok, tembe, enend, enda, uend","end, akaenda, shuk, nend, tok, tembe, enend, enda, uend","end, akaenda, shuk, nend, tok, tembe, enend, enda, uend",,"end, akaenda, shuk, nend, tok, tembe, enend, enda, uend","end, akaenda, shuk, nend, tok, tembe, enend, enda, uend",,,,,,,,"end, akaenda, shuk, nend, tok",,"end, akaenda, shuk, nend, tok","end, akaenda, shuk, nend, tok",,,,
hbo:1982,"fuata, pamoja, andama, ende, misafara",,,,,,,,,,,,,,,,,,,,,
hbo:1984,,,,,,,"ng'a, anga, onekan, toke, angaz, sif, fun, haleluya, jisif, sifi, umba, wajinga, upuz, mjinga, wazimu",,,,,,,,,,,,,,,
hbo:1984a,,,,"ng'a, anga, onekan, toke, angaz, sif, fun, haleluya, jisif, sifi, umba, wajinga, upuz, mjinga, wazimu","ng'a, anga, onekan, toke, angaz, sif, fun, haleluya, jisif, sifi, umba, wajinga, upuz, mjinga, wazimu","ng'a, anga, onekan, toke, angaz, sif, fun, haleluya, jisif, sifi, umba, wajinga, upuz, mjinga, wazimu",,,,,,,,,,,,,,,,
hbo:1984b,,"ng'a, anga, onekan, toke, angaz, sif, fun, haleluya, jisif, sifi, umba, wajinga, upuz, mjinga, wazimu",,"ng'a, anga, onekan, toke, angaz, sif, fun, haleluya, jisif, sifi, umba, wajinga, upuz, mjinga, wazimu","ng'a, anga, onekan, toke, angaz, sif, fun, haleluya, jisif, sifi, umba, wajinga, upuz, mjinga, wazimu","ng'a, anga, onekan, toke, angaz, sif, fun, haleluya, jisif, sifi, umba, wajinga, upuz, mjinga, wazimu",,,,,,,,,,,,,,,,
hbo:1985,hileli,,,,,,,,,,,,,,,,,,,,,
hbo:1986,,"pig, wau, pigw, mwu, kuwaua",,,,,,,,,,,,,,,,,,,,
hbo:1988,"hapa, upande, huku, humu, sasa",,,,,,,,,,,,,,,,,,,,,
hbo:1989,"nyundo, joh",,,,,,,,,,,,,,,,,,,,,
hbo:1990,hamu,,,,,,,,,,,,,,,,,,,,,
hbo:1992,"hii, hayo, hili, huu, huyu",,,,,,,,,,,,,,,,,,,,,
hbo:1993,,"nguru, kama, kelel, wangu, mshindo",,,,,,,,,,,,,,,,,,,,
hbo:1994,"hii, hayo, hili, huu, huyu",,,,,,,,,,,,,,,,,,,,,
hbo:1995,"mkutano, kuta, jami, wing, watu, ghadhabu, hasira, ukal, sumu, chafu",,,,,,,,,,,,,,,,,,,,,
hbo:1997,hamona,,,,,,,,,,,,,,,,,,,,,
hbo:1998,"zaburi, zeze, muziki, ala, nand",,,,,,,,,,,,,,,,,,,,,
hbo:1999,"fujo, shak, fadhaa, yom, mvum",,,,,,,,,,,,,,,,,,,,,
hbo:2000,,"fadhai, tapany, timu, waishe, nil",,,,,,,,,,,,,,,,,,,,
hbo:2001,hamani,,,,,,,,,,,,,,,,,,,,,
hbo:2002,"mkuf, mikufu",,,,,,,,,,,,,,,,,,,,,
hbo:2003,"chemsha, zongazon",,,,,,,,,,,,,,,,,,,,,
hbo:2005,"tazama, angali, tazam, lien, kuon",,,,,,,,,,,,,,,,,,,,,
hbo:2007,"hii, hayo, hili, huu, huyu",,,,,,,,,,,,,,,,,,,,,
hbo:2009,"tazama, angali, kumb, lien, zam",,,,,,,,,,,,,,,,,,,,,
hbo:2010,msamaha,,,,,,,,,,,,,,,,,,,,,
hbo:2012,hena,,,,,,,,,,,,,,,,,,,,,
hbo:2013a,,,,"kimy, nyamazish, utulivu, tuliz, nyamazeni",,,"kimy, nyamazish, utulivu, tuliz, nyamazeni",,,,,,,,,,,,,,,
hbo:2014,"haliachi, usijipatie, sikom",,,,,,,,,,,,,,,,,,,,,
hbo:2015,,"geuz, geuk, pindu, ipindu, badili","geuz, geuk, pindu, ipindu, badili",,,"geuz, geuk, pindu, ipindu, badili",,"geuz, geuk, pindu, ipindu, badili",,,,,,,,,,,,,,
hbo:2016,"wez, wambi, mnen, hakunifinyanga, unatoa, poto, sokot, uchungu, ukaidi, tosh",,,,,,,,,,,,,,,,,,,,,
hbo:2018,"anga, eil",,,,,,,,,,,,,,,,,,,,,
hbo:2019,"ukaidi, wakali, zigeuki, njiani, ukorofi",,,,,,,,,,,,,,,,,,,,,
hbo:2020,"wokovu, shind, haufai, endele, wakiwa",,,,,,,,,,,,,,,,,,,,,
hbo:2021,"ila, diri, mavazi, dari, vya",,,,,,,,,,,,,,,,,,,,,
hbo:2022,"mlima, ili, lima, lim, juu",,,,,,,,,,,,,,,,,,,,,
hbo:2023,"hori, uwatwae, ukweako, sanyw",,,,,,,,,,,,,,,,,,,,,
hbo:2024,hara,,,,,,,,,,,,,,,,,,,,,
hbo:2025,"madhabahu, madhabahuni, pale",,,,,,,,,,,,,,,,,,,,,
hbo:2026,,"wau, mwu, kumwua, uaw, kuwaua","wau, mwu, kumwua, uaw, kuwaua",,"wau, mwu, kumwua, uaw, kuwaua",,,,,,,,,,,,,,,,,
hbo:2027,"chinj, chin, wau, chinji, chinja",,,,,,,,,,,,,,,,,,,,,
hbo:2028,"chinj, chin, wau, chinji, chinja",,,,,,,,,,,,,,,,,,,,,
hbo:2029,,"mimb, zali, nikaota",,"mimb, zali, nikaota","mimb, zali, nikaota",,,,,,,,,,,,,,,,,
hbo:2030,"mimb, mja, utazaa",,,,,,,,,,,,,,,,,,,,,
hbo:2031,"mimb, zali, nikaota",,,,,,,,,,,,,,,,,,,,,
hbo:2032,"utazaa, jali",,,,,,,,,,,,,,,,,,,,,
hbo:2033,mharodi,,,,,,,,,,,,,,,,,,,,,
hbo:2034,"harib, anga, haribik, nyar, haribi",,,,,,,,,,,,,,,,,,,,,
hbo:2036,"horamu, sazi",,,,,,,,,,,,,,,,,,,,,
hbo:2038,harmoni,,,,,,,,,,,,,,,,,,,,,
hbo:2039,harani,,,,,,,,,,,,,,,,,,,,,
hbo:2040,,"tup, tupw, angush, tupi, bomo","tup, tupw, angush, tupi, bomo","tup, tupw, angush, tupi, bomo",,,,,,,,,,,,,,,,,,
hbo:2041,"ukiwa, uharibifu, anga, chukiz, ajab",,,,,,,,,,,,,,,,,,,,,
hbo:2043,mharari,,,,,,,,,,,,,,,,,,,,,
hbo:2044,yasheni,,,,,,,,,,,,,,,,,,,,,
hbo:2045,"habari, elez, sikiz, vum, uvum",,,,,,,,,,,,,,,,,,,,,
hbo:2046,"yeyu, yeyush, towek, ajitahidiye, haruk",,,,,,,,,,,,,,,,,,,,,
hbo:2047,hathaki,,,,,,,,,,,,,,,,,,,,,
hbo:2048a,,,,,,,"dhihak, dhara, chek, mzah, dhihaka, uongo, hila, anga, dangany, danganya","dhihak, dhara, chek, mzah, dhihaka, uongo, hila, anga, dangany, danganya",,,,,,,,,,,,,,
hbo:2050a,,,,"waz, kusud, shaur, hila, mipango",,,,,,,,,,,,,,,,,,
hbo:2051,wedani,,,,,,,,,,,,,,,,,,,,,
hbo:2052,wahebu,,,,,,,,,,,,,,,,,,,,,
hbo:2053,"kulabu, ndoana, vyake, ngik",,,,,,,,,,,,,,,,,,,,,
hbo:2054,"dhambi, hati, kos, kose, makosa",,,,,,,,,,,,,,,,,,,,,
hbo:2055,waizatha,,,,,,,,,,,,,,,,,,,,,
hbo:2056,"watoto, mtoto, wana, mtumishi, wadogo",,,,,,,,,,,,,,,,,,,,,
hbo:2057,wania,,,,,,,,,,,,,,,,,,,,,
hbo:2058,wofsi,,,,,,,,,,,,,,,,,,,,,
hbo:2060,"vashti, hakutii, asifike, umalkia, tumfanyieje",,,,,,,,,,,,,,,,,,,,,
hbo:2061,mbwamwitu,,,,,,,,,,,,,,,,,,,,,
hbo:2062,zeebu,,,,,,,,,,,,,,,,,,,,,
hbo:2063,"hii, hayo, hili, huu, huyu",,,,,,,,,,,,,,,,,,,,,
hbo:2065,,mahari,,,,,,,,,,,,,,,,,,,,
hbo:2066,zabadi,,,,,,,,,,,,,,,,,,,,,
hbo:2067,"zabdi, zikri",,,,,,,,,,,,,,,,,,,,,
hbo:2068,zabdieli,,,,,,,,,,,,,,,,,,,,,
hbo:2069,zebadia,,,,,,,,,,,,,,,,,,,,,
hbo:2069a,zebadia,,,,,,,,,,,,,,,,,,,,,
hbo:2070,"ruka, ruk, ndeg, ningeruka, inzi, baal-zebubu",,,,,,,,,,,,,,,,,,,,,
hbo:2071,zabudi,,,,,,,,,,,,,,,,,,,,,
hbo:2073,"ukuu, uvimbe, maka, kwake, vimb",,,,,,,,,,,,,,,,,,,,,
hbo:2074,zabuloni,,,,,,,,,,,,,,,,,,,,,
hbo:2075,"mzabuloni, wazabuloni",,,,,,,,,,,,,,,,,,,,,
hbo:2076,,"dhabihu, sadaka, chinj, tole, chinji",,"dhabihu, sadaka, chinj, tole, chinji",,,,,,,,,,,,,,,,,,
hbo:2077,"dhabihu, sadaka, chinj, tole, chinji",,,,,,,,,,,,,,,,,,,,,
hbo:2078,zeba,,,,,,,,,,,,,,,,,,,,,
hbo:2079,zakai,,,,,,,,,,,,,,,,,,,,,
hbo:2081,zebina,,,,,,,,,,,,,,,,,,,,,
hbo:2083,zebuli,,,,,,,,,,,,,,,,,,,,,
hbo:2084,,,,,,,,,,,,,,,"nunu, nunuli, tununue, nunua, jinunu",,,,,,,
hbo:2085,"ngoz, nguo, via",,,,,,,,,,,,,,,,,,,,,
hbo:2086,"kiburi, majivuno, kina, umzuie, nidhulum",,,,,,,,,,,,,,,,,,,,,
hbo:2087,"kiburi, majivuno, kina, umzuie, nidhulum",,,,,,,,,,,,,,,,,,,,,
hbo:2088,"hii, hayo, hili, huu, huyu",,,,,,,,,,,,,,,,,,,,,
hbo:2090,"hii, hayo, hili, huu, huyu",,,,,,,,,,,,,,,,,,,,,
hbo:2091,"dhahabu, hazina",,,,,,,,,,,,,,,,,,,,,
hbo:2092,zahamu,,,,,,,,,,,,,,,,,,,,,
hbo:2094a,,,"yazidi, ng'a, anga, onekan, toke, angaz, ambi, akasema, akamwambia, sem, akawaambia",,,,"yazidi, ng'a, anga, onekan, toke, angaz, ambi, akasema, akamwambia, sem, akawaambia",,,,,,,,,,,,,,,
hbo:2096,"anga, pak, angaz, ving'aavyo, ung'aao",,,,,,,,,,,,,,,,,,,,,
hbo:2097,"hii, hayo, hili, huu, huyu",,,,,,,,,,,,,,,,,,,,,
hbo:2098,"hii, hayo, hili, huu, huyu",,,,,,,,,,,,,,,,,,,,,
hbo:2099,zivu,,,,,,,,,,,,,,,,,,,,,
hbo:2100,,"sonon, chemchemi, itiririkayo, bubuji, jit",,,,,,,,,,,,,,,,,,,,
hbo:2101,"sonon, kwake, tokw, muda, waogelea",,,,,,,,,,,,,,,,,,,,,
hbo:2102,,"tanuri, waokaji, tokos, mwokaji, kos",,,,,"tanuri, waokaji, tokos, mwokaji, kos",,,,,,,,,,,"tanuri, waokaji, tokos, mwokaji, kos",,,,
hbo:2105,zohethi,,,,,,,,,,,,,,,,,,,,,
hbo:2106,"pembeni, pemb, geuka, minara, karibieni",,,,,,,,,,,,,,,,,,,,,
hbo:2107,,"waga, chaf",,,,,,,,,,,,,,,,,,,,
hbo:2108,"ila, tu, lakini, poku, mwingine",,,,,,,,,,,,,,,,,,,,,
hbo:2111,,"tetemek, hofu, ogop, fukuz, kwako",,"tetemek, hofu, ogop, fukuz, kwako",,,,,,,,,,,"tetemek, hofu, ogop, fukuz, kwako",,,,,,,
hbo:2113,"tetemek, itetemeke, tish, uombewe, iliyoitetemesha",,,,,,,,,,,,,,,,,,,,,
hbo:2114,,"wageni, mgen, malaya, kigeni, mwingine, chuki, chukiz, chukia, akauchukia, sumbu","wageni, mgen, malaya, kigeni, mwingine, chuki, chukiz, chukia, akauchukia, sumbu",,,,,"wageni, mgen, malaya, kigeni, mwingine, chuki, chukiz, chukia, akauchukia, sumbu",,,,,,,,,,,,,,
hbo:2114b,"chuki, chukiz, chukia, akauchukia, sumbu",,,,,,,,,,,,,,,,,,,,,
hbo:2115,,"pond, vunj, vunjik, onew, mez",,,,,,,,,,,,,,,,,,,,
hbo:2117,zaza,,,,,,,,,,,,,,,,,,,,,
hbo:2118,,,"mbali, ondok, teng, ondo, alam",,,,,,,,,,,,,,,,,,,
hbo:2119,,"nitawapelekea, ogop, hofu, kumcha, tish, kich",,,,,,,,,,,,,,,,,,,,
hbo:2120,zohelethi,,,,,,,,,,,,,,,,,,,,,
hbo:2121,"ghadhabu, hasira, ukal, sumu, chafu",,,,,,,,,,,,,,,,,,,,,
hbo:2122,"adhama, heshima, utukufu, fahari, uzur",,,,,,,,,,,,,,,,,,,,,
hbo:2123,"umb, vyom, tafun, kizuri, wing, tele, nyingi, wengi, shib",,,,,,,,,,,,,,,,,,,,,
hbo:2123a,"umb, vyom, tafun, kizuri, wing, tele, nyingi, wengi, shib",,,,,,,,,,,,,,,,,,,,,
hbo:2124,ziza,,,,,,,,,,,,,,,,,,,,,
hbo:2125,zina,,,,,,,,,,,,,,,,,,,,,
hbo:2126,zina,,,,,,,,,,,,,,,,,,,,,
hbo:2127,zia,,,,,,,,,,,,,,,,,,,,,
hbo:2128,zifu,,,,,,,,,,,,,,,,,,,,,
hbo:2128a,zifu,,,,,,,,,,,,,,,,,,,,,
hbo:2129,zifa,,,,,,,,,,,,,,,,,,,,,
hbo:2130,"wazifi, walipoenda, wazifu",,,,,,,,,,,,,,,,,,,,,
hbo:2131,"mienge, upanga, sawa, fungia, minyororo, wakitwaliwa, mwumi, wawafunge",,,,,,,,,,,,,,,,,,,,,
hbo:2131b,"mienge, upanga, sawa, fungia, minyororo, wakitwaliwa, mwumi, wawafunge",,,,,,,,,,,,,,,,,,,,,
hbo:2132,"mizeituni, mzeituni, mafuta, zeituni",,,,,,,,,,,,,,,,,,,,,
hbo:2133,zethani,,,,,,,,,,,,,,,,,,,,,
hbo:2134,"safi, taka, usaf, chaguli, kat",,,,,,,,,,,,,,,,,,,,,
hbo:2135,,"safi, taka, safish, usaf, tohara",,"safi, taka, safish, usaf, tohara",,"safi, taka, safish, usaf, tohara",,,,,,,,,,,,,,,,
hbo:2136,"hati, asiy, isiy, lawama, zisizo",,,,,,,,,,,,,,,,,,,,,
hbo:2137,"kioo, vioo",,,,,,,,,,,,,,,,,,,,,
hbo:2138,"kumbuk, mbuk, buke, taj, kumbush",,,,,,,,,,,,,,,,,,,,,
hbo:2139,zakuri,,,,,,,,,,,,,,,,,,,,,
hbo:2140,zakai,,,,,,,,,,,,,,,,,,,,,
hbo:2141,,"safi, taka, safish, usaf, tohara",,,,,"safi, taka, safish, usaf, tohara",,,,,,,,,,,,,,,
hbo:2142,,"kumbuk, mbuk, buke, taj, kumbush","kumbuk, mbuk, buke, taj, kumbush",,,,"kumbuk, mbuk, buke, taj, kumbush",,,,,,,,,,,,,,,
hbo:2143,"bush, bukumb, kumbuk, mbuk, bukw",,,,,,,,,,,,,,,,,,,,,
hbo:2145,"-kondo, ramu, chin, kibashani, gog, dume, kondoo, wana, wanaume, kium",,,,,,,,,,,,,,,,,,,,,
hbo:2146,"bush, bukumb, kumbuk, mbuk, bukw",,,,,,,,,,,,,,,,,,,,,
hbo:2147,zikri,,,,,,,,,,,,,,,,,,,,,
hbo:2148,"zekaria, zakaria, kubw, nitajuaje",,,,,,,,,,,,,,,,,,,,,
hbo:2148b,"zekaria, zakaria, kubw, nitajuaje",,,,,,,,,,,,,,,,,,,,,
hbo:2151,,"tikis, tikisi, tiki, tetemek, kama, dhara, dhar, dharau, aliye, jeur","tikis, tikisi, tiki, tetemek, kama, dhara, dhar, dharau, aliye, jeur",,,,"tikis, tikisi, tiki, tetemek, kama, dhara, dhar, dharau, aliye, jeur",,,,,,,,,,,,,,,
hbo:2152,"tekete, joto, kaush, pozu, ruhusiw",,,,,,,,,,,,,,,,,,,,,
hbo:2153,zilpa,,,,,,,,,,,,,,,,,,,,,
hbo:2154,"mabaya, uovu, mbay, mwov, waov",,,,,,,,,,,,,,,,,,,,,
hbo:2155,zima,,,,,,,,,,,,,,,,,,,,,
hbo:2156,"taw, mwanzi, tawi, chipukiz, mianzi",,,,,,,,,,,,,,,,,,,,,
hbo:2157,wazamzumi,,,,,,,,,,,,,,,,,,,,,
hbo:2158,"wimb, nyimbo, imb, zaburi, imbi",,,,,,,,,,,,,,,,,,,,,
hbo:2160,zemira,,,,,,,,,,,,,,,,,,,,,
hbo:2161,,"tak, pend, kusudi, shaur, azim",,,,,,,,,,,,,,,,,,,,
hbo:2163,,,,,"wek, amriw, wekw, kutan, kuta",,,,,,,,,,,,,,,,"patan, kubal, shukur, unga, kubali",
hbo:2166,"wakati, nyakati, muda, jir, aman",,,,,,,,,,,,,,,,,,,,,
hbo:2167,,,,"imba, imb, mwimbieni, imbi, imbeni",,,,,,,,,,,,,,,,,,
hbo:2168,,"miundu, pele, loza","miundu, pele, loza",,,,,,,,,,,,,,,,,,,
hbo:2169,"mbuz, beber, mwit",,,,,,,,,,,,,,,,,,,,,
hbo:2171,"imba, imb, mwimbieni, imbi, imbeni",,,,,,,,,,,,,,,,,,,,,
hbo:2172,"zaburi, zeze, muziki, ala, nand",,,,,,,,,,,,,,,,,,,,,
hbo:2173,"wateule, teul, wazuri, mizuri, miteule, wimb, nyimbo, imb, zaburi, imbi",,,,,,,,,,,,,,,,,,,,,
hbo:2174,"zimri, zabdi",,,,,,,,,,,,,,,,,,,,,
hbo:2174a,"zimri, zabdi",,,,,,,,,,,,,,,,,,,,,
hbo:2175,zimrani,,,,,,,,,,,,,,,,,,,,,
hbo:2177,"aina, namn, jinsi, yalijawa, izaayo",,,,,,,,,,,,,,,,,,,,,
hbo:2179,,,,mwapige,,,,,,,,,,,,,,,,,,
hbo:2180,"mkia, miki",,,,,,,,,,,,,,,,,,,,,
hbo:2181,,"kahab, uzinzi, hab, uasherati, zin, ila, diri, mavazi, dari, vya",,,"kahab, uzinzi, hab, uasherati, zin, ila, diri, mavazi, dari, vya",,"kahab, uzinzi, hab, uasherati, zin, ila, diri, mavazi, dari, vya",,,,,,,,,,,,,,,
hbo:2182,zanoa,,,,,,,,,,,,,,,,,,,,,
hbo:2182a,zanoa,,,,,,,,,,,,,,,,,,,,,
hbo:2183,"kahab, uzinzi, hab, uasherati, zin",,,,,,,,,,,,,,,,,,,,,
hbo:2184,"kahab, uzinzi, hab, uasherati, zin",,,,,,,,,,,,,,,,,,,,,
hbo:2186,,"kata, tup, dhara, dhar, zangu, uvundo, chukiz, karaha, amewachukiza, liondoeni",,,,,"kata, tup, dhara, dhar, zangu, uvundo, chukiz, karaha, amewachukiza, liondoeni",,,,,,,,,,,,,,,
hbo:2186a,,,,,,,"kata, tup, dhara, dhar, zangu, uvundo, chukiz, karaha, amewachukiza, liondoeni",,,,,,,,,,,,,,,
hbo:2187,,,,"ruk, ruka, oute, mnalia, furahieni",,,,,,,,,,,,,,,,,,
hbo:2188,jash,,,,,,,,,,,,,,,,,,,,,
hbo:2189,"ukiwa, ajab, anga, kitu, tupw",,,,,,,,,,,,,,,,,,,,,
hbo:2190,zaawani,,,,,,,,,,,,,,,,,,,,,
hbo:2191,"kidogo, acha, mdog, chach, tamb",,,,,,,,,,,,,,,,,,,,,
hbo:2193,,,"hauzimiki, zim, i, mzimi",,,,,,,,,,,,,,,,,,,
hbo:2194,,"kali, ghadhabu, hasira, kasirik, waka","kali, ghadhabu, hasira, kasirik, waka",,,,,,,,,,,,,,,,,,,
hbo:2195,"kali, ghadhabu, hasira, kasirik, waka",,,,,,,,,,,,,,,,,,,,,
hbo:2196,,"kali, ghadhabu, hasira, kasirik, waka",,,,,,,,,,,,,,,,,,,,
hbo:2197,"ghadhabu, hasira, ukal, sumu, chafu",,,,,,,,,,,,,,,,,,,,,
hbo:2198,"kali, ghadhabu, hasira, kasirik, waka",,,,,,,,,,,,,,,,,,,,,
hbo:2199,,"lili, kili, kelel, paz, mlili","lili, kili, kelel, paz, mlili",,,,"lili, kili, kelel, paz, mlili",,,,,,,,"lili, kili, kelel, paz, mlili",,,,,,,
hbo:2201,"kili, vili, yanenwayo, eli, kaniki",,,,,,,,,,,,,,,,,,,,,
hbo:2203,lami,,,,,,,,,,,,,,,,,,,,,
hbo:2204,,"wazee, mzee, mvi, kale, uzee",,,,,"wazee, mzee, mvi, kale, uzee",,,,,,,,,,,,,,,
hbo:2205,"wazee, mzee, mvi, kale, uzee",,,,,,,,,,,,,,,,,,,,,
hbo:2206,"ndev, devu, ndevuni, niruki",,,,,,,,,,,,,,,,,,,,,
hbo:2207,"wazee, mzee, mvi, kale, uzee",,,,,,,,,,,,,,,,,,,,,
hbo:2208,"uzee, oambi",,,,,,,,,,,,,,,,,,,,,
hbo:2209,"wazee, mzee, mvi, kale, uzee",,,,,,,,,,,,,,,,,,,,,
hbo:2210,,"tufufu, fufuli, amtwae, anguka, kusimami",,,,,,,,,,,,,"tufufu, fufuli, amtwae, anguka, kusimami",,,,,,,
hbo:2212,,"safish, mfua, fund, hakikish, sana",,"safish, mfua, fund, hakikish, sana","safish, mfua, fund, hakikish, sana",,,,,,,,,,,,,,,,,
hbo:2213,"mpaka, mipaka, paka, upande, ukingo",,,,,,,,,,,,,,,,,,,,,
hbo:2214,"chuki, chukiz, chukia, akauchukia, sumbu",,,,,,,,,,,,,,,,,,,,,
hbo:2215,,,,,"wak, tekete, chom, ondo, teketez",,,,,,,,,,,,,,,,,
hbo:2216,zerubabeli,,,,,,,,,,,,,,,,,,,,,
hbo:2218,"zeredi, kivu",,,,,,,,,,,,,,,,,,,,,
hbo:2219,,"tawany, tawanyi, nyunyi, kata, tapany","tawany, tawanyi, nyunyi, kata, tapany","tawany, tawanyi, nyunyi, kata, tapany","tawany, tawanyi, nyunyi, kata, tapany",,,,,,,,,,,,,,,,,
hbo:2219a,,,,"tawany, tawanyi, nyunyi, kata, tapany",,,,,,,,,,,,,,,,,,
hbo:2220,"mkono, mikono, mwake, mikononi, wenye",,,,,,,,,,,,,,,,,,,,,
hbo:2221,"pand, mbeg, mpanzi, panda, kuutia",,,,,,,,,,,,,,,,,,,,,
hbo:2222,"dondo, ton, yadondoza, dondoz, manyunyu",,,,,,,,,,,,,,,,,,,,,
hbo:2223,yetamb,,,,,,,,,,,,,,,,,,,,,
hbo:2224,,"pem, amk, chomo, zuki, asubuhi",,,,,,,,,,,,,,,,,,,,
hbo:2226,"zera, sohari",,,,,,,,,,,,,,,,,,,,,
hbo:2227,wazera,,,,,,,,,,,,,,,,,,,,,
hbo:2228,"zerahia, serahia",,,,,,,,,,,,,,,,,,,,,
hbo:2230,"tufani, dhoruba, atok, wakijilaza, ukanifariji",,,,,,,,,,,,,,,,,,,,,
hbo:2231,"sonon, kwake, tokw, muda, waogelea",,,,,,,,,,,,,,,,,,,,,
hbo:2232,,"pand, mbeg, mpanzi, panda, kuutia","pand, mbeg, mpanzi, panda, kuutia",,"pand, mbeg, mpanzi, panda, kuutia",,"pand, mbeg, mpanzi, panda, kuutia",,,,,,,,,,,,,,,
hbo:2233,"uzao, mbeg, waza, wazawa, mzao",,,,,,,,,,,,,,,,,,,,,
hbo:2236,,"tawany, tawanyi, nyunyi, kata, tapany",,,"tawany, tawanyi, nyunyi, kata, tapany",,,,,,,,,,,,,,,,,
hbo:2237a,,,,chafya,,,,,,,,,,,,,,,,,,
hbo:2238,"zereshi, nyonge, kiunzi, mridhi",,,,,,,,,,,,,,,,,,,,,
hbo:2239,"shubir, njw, shibiri",,,,,,,,,,,,,,,,,,,,,
hbo:2240,zatu,,,,,,,,,,,,,,,,,,,,,
hbo:2241,zethamu,,,,,,,,,,,,,,,,,,,,,
hbo:2242,zethari,,,,,,,,,,,,,,,,,,,,,
hbo:2243,"matiti, dar, maziwa, matitini, fuan",,,,,,,,,,,,,,,,,,,,,
hbo:2244,,,"fich, siri, sitiri, mbali, tiri",,"fich, siri, sitiri, mbali, tiri","fich, siri, sitiri, mbali, tiri","fich, siri, sitiri, mbali, tiri","fich, siri, sitiri, mbali, tiri",,,,,,,,,,,,,,
hbo:2245,,"pend, penda, mapenzi, rafik, wapenzi",,,,,,,,,,,,,,,,,,,,
hbo:2246,hobabu,,,,,,,,,,,,,,,,,,,,,
hbo:2247,,"fich, siri, sitiri, mbali, tiri","fich, siri, sitiri, mbali, tiri",,,,,,,,,,,,,,,,,,,
hbo:2248,"wahalifu, maov, lolio, tesw, ngeku",,,,,,,,,,,,,,,,,,,,,
hbo:2249,habori,,,,,,,,,,,,,,,,,,,,,
hbo:2250,"jerah, pig, uuaj, pigo, yake",,,,,,,,,,,,,,,,,,,,,
hbo:2251,,"mara, pig, wakati, pigw, pond","mara, pig, wakati, pigw, pond",,,,,,,,,,,,,,,,,,,
hbo:2252,habaya,,,,,,,,,,,,,,,,,,,,,
hbo:2253,"fich, siri, sitiri, mbali, tiri",,,,,,,,,,,,,,,,,,,,,
hbo:2254,,"mdhamini, rehani, ndish, wao, hakosi, anga, harib, pote, haribik, ukiwa, taab, uchungu, kazi, jitaabi, jitahid","mdhamini, rehani, ndish, wao, hakosi, anga, harib, pote, haribik, ukiwa, taab, uchungu, kazi, jitaabi, jitahid",,,,,,,,,"anga, harib, pote, haribik, ukiwa",,,,,"anga, harib, pote, haribik, ukiwa",,,,,
hbo:2254a,,"mdhamini, rehani, ndish, wao, hakosi, anga, harib, pote, haribik, ukiwa, taab, uchungu, kazi, jitaabi, jitahid",,"mdhamini, rehani, ndish, wao, hakosi, anga, harib, pote, haribik, ukiwa, taab, uchungu, kazi, jitaabi, jitahid","mdhamini, rehani, ndish, wao, hakosi, anga, harib, pote, haribik, ukiwa, taab, uchungu, kazi, jitaabi, jitahid",,,,,,,,,,,,,,,,,
hbo:2254b,,,,"mdhamini, rehani, ndish, wao, hakosi, anga, harib, pote, haribik, ukiwa, taab, uchungu, kazi, jitaabi, jitahid",,,,,,,,,,,,,,,,,,
hbo:2256,"kamb, mikufu, and, fung, pwan, maumivu, huzuni, sikitik, uchungu, majonzi, pamoja, unga, umoj, nia, moyo, ukiwa, uharibifu, anga, chukiz, ajab",,,,,,,,,,,,,,,,,,,,,
hbo:2256b,"kamb, mikufu, and, fung, pwan, maumivu, huzuni, sikitik, uchungu, majonzi, pamoja, unga, umoj, nia, moyo, ukiwa, uharibifu, anga, chukiz, ajab",,,,,,,,,,,,,,,,,,,,,
hbo:2256c,"kamb, mikufu, and, fung, pwan, maumivu, huzuni, sikitik, uchungu, majonzi, pamoja, unga, umoj, nia, moyo, ukiwa, uharibifu, anga, chukiz, ajab",,,,,,,,,,,,,,,,,,,,,
hbo:2258,"rehani, mafungo, chwa",,,,,,,,,,,,,,,,,,,,,
hbo:2259,"rubani, hodh",,,,,,,,,,,,,,,,,,,,,
hbo:2260,ngot,,,,,,,,,,,,,,,,,,,,,
hbo:2261,"waridi, fahirisi",,,,,,,,,,,,,,,,,,,,,
hbo:2262,habasinia,,,,,,,,,,,,,,,,,,,,,
hbo:2263,,"umba, wakumbatia, kunj, atakupatia, gandamani",,"umba, wakumbatia, kunj, atakupatia, gandamani",,,,,,,,,,,,,,,,,,
hbo:2264,"sinzi, atiavyo",,,,,,,,,,,,,,,,,,,,,
hbo:2265,habakuki,,,,,,,,,,,,,,,,,,,,,
hbo:2266,,"pamoja, unga, umoj, nia, moyo",,"pamoja, unga, umoj, nia, moyo","pamoja, unga, umoj, nia, moyo","pamoja, unga, umoj, nia, moyo",,,,"pamoja, unga, umoj, nia, moyo",,,,,,,,,,,,
hbo:2267,"uganga, alogaye, wauavyo, mgomvi, woteav",,,,,,,,,,,,,,,,,,,,,
hbo:2268,heberi,,,,,,,,,,,,,,,,,,,,,
hbo:2270,"kazi, rafik, wenzake, enzi, mwenzake",,,,,,,,,,,,,,,,,,,,,
hbo:2271,"wenzao, anga, wenzake, wavuvi",,,,,,,,,,,,,,,,,,,,,
hbo:2274,"tembe, waji",,,,,,,,,,,,,,,,,,,,,
hbo:2275,"hebroni, wahebroni",,,,,,,,,,,,,,,,,,,,,
hbo:2275a,"hebroni, wahebroni",,,,,,,,,,,,,,,,,,,,,
hbo:2276,"hebroni, wahebroni",,,,,,,,,,,,,,,,,,,,,
hbo:2277,waheberi,,,,,,,,,,,,,,,,,,,,,
hbo:2278,"malkia, yemtend, isif",,,,,,,,,,,,,,,,,,,,,
hbo:2279,"wakaao, oka, akakaa, kuka, mkaa",,,,,,,,,,,,,,,,,,,,,
hbo:2280,,"fung, tandik, tib, fungw, nitandikieni",,"fung, tandik, tib, fungw, nitandikieni","fung, tandik, tib, fungw, nitandikieni",,,,,,,,,,,,,,,,,
hbo:2282,"kuku, karamu, pak",,,,,,,,,,,,,,,,,,,,,
hbo:2283,"hofu, tish, utisho, uharibifu, shid",,,,,,,,,,,,,,,,,,,,,
hbo:2284,"nzig, tunutu, panz, parare, madumadu",,,,,,,,,,,,,,,,,,,,,
hbo:2286,hagaba,,,,,,,,,,,,,,,,,,,,,
hbo:2287,,"kuku, furah, adhimi, furahini, shereheke",,,,,,,,,,,,,,,,,,,,
hbo:2288,"pasu, ufa, yaliyo, ukaaye, ufich",,,,,,,,,,,,,,,,,,,,,
hbo:2290a,"mshipi, ishi, sitir, jikusany",,,,,,,,,,,,,,,,,,,,,
hbo:2291,hagi,,,,,,,,,,,,,,,,,,,,,
hbo:2292,"hagai, likuj",,,,,,,,,,,,,,,,,,,,,
hbo:2293,hagla,,,,,,,,,,,,,,,,,,,,,
hbo:2294,"hagithi, adoniya",,,,,,,,,,,,,,,,,,,,,
hbo:2295,hogla,,,,,,,,,,,,,,,,,,,,,
hbo:2296,,"mshipi, fung, tamba, fungw, fungi",,,,,,,,,,,,,,,,,,,,
hbo:2298,"mkal, bidi, kikali, hutandika, ipur",,,,,,,,,,,,,,,,,,,,,
hbo:2300,,"nole, tap, ung'arishwe, uno, mikali, chongo, yang, watunga",,,,,,"nole, tap, ung'arishwe, uno, mikali, chongo, yang, watunga",,,,,,,,,,,,,,
hbo:2301,"hadadi, pau",,,,,,,,,,,,,,,,,,,,,
hbo:2302a,,"furah, furahi, furaha, furahini, salamu",,"furah, furahi, furaha, furahini, salamu",,,,,,,,,,,,,,,,,,
hbo:2304,"furaha, shangwe, furah, furahi",,,,,,,,,,,,,,,,,,,,,
hbo:2307,hadidi,,,,,,,,,,,,,,,,,,,,,
hbo:2308,,"komesh, ach, kom, pumzik, acha",,,,,,,,,,,,,,,,,,,,
hbo:2309,"mweng, dunia, mwengu, duniani, ipend",,,,,,,,,,,,,,,,,,,,,
hbo:2310,"kata, tup, dhara, dhar, zangu",,,,,,,,,,,,,,,,,,,,,
hbo:2311,hadlai,,,,,,,,,,,,,,,,,,,,,
hbo:2312,"michongoma, fanyik",,,,,,,,,,,,,,,,,,,,,
hbo:2313,hidekeli,,,,,,,,,,,,,,,,,,,,,
hbo:2315,"vyumba, chumba, umba, safish, hich",,,,,,,,,,,,,,,,,,,,,
hbo:2317,hadraki,,,,,,,,,,,,,,,,,,,,,
hbo:2318,,,,"upya, tengenez, wapy, mpya, thibit",,"upya, tengenez, wapy, mpya, thibit",,,,,,,,,,,,,,,,
hbo:2319,"mpya, jipy, jan, mapy, vipy",,,,,,,,,,,,,,,,,,,,,
hbo:2320,"mwezi, miez",,,,,,,,,,,,,,,,,,,,,
hbo:2322,hadasha,,,,,,,,,,,,,,,,,,,,,
hbo:2323,"mpya, jipy, jan, mapy, vipy",,,,,,,,,,,,,,,,,,,,,
hbo:2327,hoba,,,,,,,,,,,,,,,,,,,,,
hbo:2328,,"marko, alam, jiandiki, kunaku, sahihi",,,,,,,,,,,,,,,,,,,,
hbo:2329,"duar, litokos, rika, kuba, yuatembea",,,,,,,,,,,,,,,,,,,,,
hbo:2330,,"tega, teguli, mbonai, wanichukia",,,,,,,,,,,,,,,,,,,,
hbo:2331,,,,"ambi, habari, tangaz, onesh, akamwambia",,,,,,,,,,,,,,,,,,
hbo:2332,"adamu, nahofu",,,,,,,,,,,,,,,,,,,,,
hbo:2333,"jij, jijin, wal, weny, visivyo",,,,,,,,,,,,,,,,,,,,,
hbo:2336,"chak, waikate, manene, nasw, huil, magugu, mbaruti, itamea, kauka, mwib",,,,,,,,,,,,,,,,,,,,,
hbo:2339,"uzi, katik, lotuterem, zifanyi",,,,,,,,,,,,,,,,,,,,,
hbo:2340,"mhivi, wahivi",,,,,,,,,,,,,,,,,,,,,
hbo:2341,havila,,,,,,,,,,,,,,,,,,,,,
hbo:2342,,"poto, sokot, uchungu, ukaidi, tosh, imar, uthabiti, halina, thabiti, chokul",,"poto, sokot, uchungu, ukaidi, tosh, imar, uthabiti, halina, thabiti, chokul",,"poto, sokot, uchungu, ukaidi, tosh, imar, uthabiti, halina, thabiti, chokul",,,,,,,,,,,,,,,,
hbo:2342a,,"poto, sokot, uchungu, ukaidi, tosh, imar, uthabiti, halina, thabiti, chokul",,"poto, sokot, uchungu, ukaidi, tosh, imar, uthabiti, halina, thabiti, chokul","poto, sokot, uchungu, ukaidi, tosh, imar, uthabiti, halina, thabiti, chokul","poto, sokot, uchungu, ukaidi, tosh, imar, uthabiti, halina, thabiti, chokul","poto, sokot, uchungu, ukaidi, tosh, imar, uthabiti, halina, thabiti, chokul","poto, sokot, uchungu, ukaidi, tosh, imar, uthabiti, halina, thabiti, chokul",,,,,,,,,,,,,,
hbo:2343,getheri,,,,,,,,,,,,,,,,,,,,,
hbo:2344,"wa, kama, cha, ufuoni, fuki",,,,,,,,,,,,,,,,,,,,,
hbo:2345,"giza, gizani, pofu, mweusi, weus",,,,,,,,,,,,,,,,,,,,,
hbo:2346,"ukut, kuta, ziz, juu, boma",,,,,,,,,,,,,,,,,,,,,
hbo:2347,,"huru, huruma, taon, nawahurumia, hurumi",,,,,,,,,,,,,,,,,,,,
hbo:2348,"pwan, peny, egesh",,,,,,,,,,,,,,,,,,,,,
hbo:2349,hufamu,,,,,,,,,,,,,,,,,,,,,
hbo:2350,wahufamu,,,,,,,,,,,,,,,,,,,,,
hbo:2351,"nje, kuu, njia, njiani, shamban",,,,,,,,,,,,,,,,,,,,,
hbo:2352,"pang, pangon, shim, tund, lilom",,,,,,,,,,,,,,,,,,,,,
hbo:2353,"meup, nyeupe, mweupe, weup, cheupe",,,,,,,,,,,,,,,,,,,,,
hbo:2354,huri,,,,,,,,,,,,,,,,,,,,,
hbo:2355a,"meup, nyeupe, mweupe, weup, cheupe",,,,,,,,,,,,,,,,,,,,,
hbo:2356,"pang, pangon, shim, tund, lilom",,,,,,,,,,,,,,,,,,,,,
hbo:2359,yaroa,,,,,,,,,,,,,,,,,,,,,
hbo:2360,hurai,,,,,,,,,,,,,,,,,,,,,
hbo:2361a,"hiramu, huramu",,,,,,,,,,,,,,,,,,,,,
hbo:2362,haurani,,,,,,,,,,,,,,,,,,,,,
hbo:2363,,"haraka, upes, hima, mbio, mwenye, weza",,,,,"haraka, upes, hima, mbio, mwenye, weza",,,,,,,,,,,,,,,
hbo:2363a,,"haraka, upes, hima, mbio, mwenye, weza",,,,,,,,,,,,,,,,,,,,
hbo:2364,husha,,,,,,,,,,,,,,,,,,,,,
hbo:2365,"hushai, outo",,,,,,,,,,,,,,,,,,,,,
hbo:2366,hushimu,,,,,,,,,,,,,,,,,,,,,
hbo:2366a,hushimu,,,,,,,,,,,,,,,,,,,,,
hbo:2367,hushamu,,,,,,,,,,,,,,,,,,,,,
hbo:2368,"mdomoni, pete, kuk, mhur, herini, mihuri",,,,,,,,,,,,,,,,,,,,,
hbo:2369,hothamu,,,,,,,,,,,,,,,,,,,,,
hbo:2371,hazaeli,,,,,,,,,,,,,,,,,,,,,
hbo:2372,,"tazam, mwon, poon, angali, waon",,,,,,,,,,,,,"tazam, mwon, poon, angali, waon",,,,,,,
hbo:2373,"matiti, dar, maziwa, matitini, fuan",,,,,,,,,,,,,,,,,,,,,
hbo:2374,"mwonaji, waonaji, hozai, msitoe",,,,,,,,,,,,,,,,,,,,,
hbo:2375,hazo,,,,,,,,,,,,,,,,,,,,,
hbo:2377,"maon, njoz, mashuhuri, ndot, batili",,,,,,,,,,,,,,,,,,,,,
hbo:2378,"maon, njoz, mashuhuri, ndot, batili",,,,,,,,,,,,,,,,,,,,,
hbo:2380,"maon, njoz, mashuhuri, ndot, batili",,,,,,,,,,,,,,,,,,,,,
hbo:2381,hazieli,,,,,,,,,,,,,,,,,,,,,
hbo:2382,hazaya,,,,,,,,,,,,,,,,,,,,,
hbo:2384,"maon, njoz, mashuhuri, ndot, batili",,,,,,,,,,,,,,,,,,,,,
hbo:2385,"umem, ncha, mwombeni, ulik, ukakuambia",,,,,,,,,,,,,,,,,,,,,
hbo:2386,"nguruwe, afukizaye",,,,,,,,,,,,,,,,,,,,,
hbo:2387,heziri,,,,,,,,,,,,,,,,,,,,,
hbo:2388,,"nguvu, jeshi, uwez, shik, hodari",,"nguvu, jeshi, uwez, shik, hodari",,"nguvu, jeshi, uwez, shik, hodari","nguvu, jeshi, uwez, shik, hodari",,,,,,,,,,,,,,,
hbo:2389,"nguvu, hodari, wez, wenye, shind",,,,,,,,,,,,,,,,,,,,,
hbo:2390,"nguvu, hodari, wez, wenye, shind",,,,,,,,,,,,,,,,,,,,,
hbo:2391,"nguvu, jeshi, uwez, shik, hodari",,,,,,,,,,,,,,,,,,,,,
hbo:2392,"nguvu, tuto, utumwa, yapindu",,,,,,,,,,,,,,,,,,,,,
hbo:2393,"nguvu, jeshi, uwez, shik, hodari",,,,,,,,,,,,,,,,,,,,,
hbo:2394,"udhalimu, jeur, nguvu, dhuluma, uharibifu",,,,,,,,,,,,,,,,,,,,,
hbo:2395,hizki,,,,,,,,,,,,,,,,,,,,,
hbo:2396,hezekia,,,,,,,,,,,,,,,,,,,,,
hbo:2396a,hezekia,,,,,,,,,,,,,,,,,,,,,
hbo:2397,"kulabu, ndoana, vyake, ngik",,,,,,,,,,,,,,,,,,,,,
hbo:2398,,"dhambi, hati, kos, kose, makosa",,"dhambi, hati, kos, kose, makosa",,"dhambi, hati, kos, kose, makosa","dhambi, hati, kos, kose, makosa",,,,,,,,,,,,,,,
hbo:2399,"dhambi, hati, kos, kose, makosa",,,,,,,,,,,,,,,,,,,,,
hbo:2400,"wenye, dhambi, wahalifu",,,,,,,,,,,,,,,,,,,,,
hbo:2401,"dhambi, hati, kos, kose, makosa",,,,,,,,,,,,,,,,,,,,,
hbo:2402,"dhambi, hati, kos, kose, makosa",,,,,,,,,,,,,,,,,,,,,
hbo:2403,"dhambi, hati, kos, kose, makosa",,,,,,,,,,,,,,,,,,,,,
hbo:2404,,"mbali, fany, kat, tili, teng",,,"mbali, fany, kat, tili, teng",,,,,,,,,,,,,,,,,
hbo:2406,"ngan, ningewashibisha, jiumi",,,,,,,,,,,,,,,,,,,,,
hbo:2407,"hatushi, hamshi",,,,,,,,,,,,,,,,,,,,,
hbo:2410,hatita,,,,,,,,,,,,,,,,,,,,,
hbo:2411,hatili,,,,,,,,,,,,,,,,,,,,,
hbo:2412,hatifa,,,,,,,,,,,,,,,,,,,,,
hbo:2413,,"fungw, zuili, zui, zuiw, fung",,,,,,,,,,,,,,,,,,,,
hbo:2414,,"shik, kamat, nas, mvue, mdog",,,,,,,,,,,,,,,,,,,,
hbo:2415,"taw, mwanzi, tawi, chipukiz, mianzi",,,,,,,,,,,,,,,,,,,,,
hbo:2416,"hai, ishi, mton, uhai, ish, jamaa, wake, mkwewe, zaliw, mbar, wanyama, mnyama, umb, kikosi, waruzuk, uzim, maisha",,,,,,,,,,,,,,,,,,,,,
hbo:2416c,"hai, ishi, mton, uhai, ish, jamaa, wake, mkwewe, zaliw, mbar, wanyama, mnyama, umb, kikosi, waruzuk, uzim, maisha",,,,,,,,,,,,,,,,,,,,,
hbo:2416d,"hai, ishi, mton, uhai, ish, jamaa, wake, mkwewe, zaliw, mbar, wanyama, mnyama, umb, kikosi, waruzuk, uzim, maisha",,,,,,,,,,,,,,,,,,,,,
hbo:2419,hieli,,,,,,,,,,,,,,,,,,,,,
hbo:2420,"fumb, enda, msisiti, cheo, atutegulie",,,,,,,,,,,,,,,,,,,,,
hbo:2421,,"ish, hai, aish, pon, fufu",,"ish, hai, aish, pon, fufu",,,"ish, hai, aish, pon, fufu",,,,,,,,"ish, hai, aish, pon, fufu",,,"ish, hai, aish, pon, fufu",,,,
hbo:2422,kimisri,,,,,,,,,,,,,,,,,,,,,
hbo:2423,"wanyama, mnyama, jangwan, hayawani, wakali",,,,,,,,,,,,,,,,,,,,,
hbo:2424,"wanyama, uhai, mnyama, umb, hai",,,,,,,,,,,,,,,,,,,,,
hbo:2426,"ngom, jumb, boma, bom, ngomeni",,,,,,,,,,,,,,,,,,,,,
hbo:2427,"uchungu, maumivu, upatapo, azaaye, ingali",,,,,,,,,,,,,,,,,,,,,
hbo:2428,"nguvu, jeshi, uwez, shik, hodari",,,,,,,,,,,,,,,,,,,,,
hbo:2431,helamu,,,,,,,,,,,,,,,,,,,,,
hbo:2433,"uzur, mzur, utukufu, fahari, tuku",,,,,,,,,,,,,,,,,,,,,
hbo:2434,"ukut, kuta, ziz, juu, boma",,,,,,,,,,,,,,,,,,,,,
hbo:2435,"nje, ule",,,,,,,,,,,,,,,,,,,,,
hbo:2436,"fuan, kifu, chake, zimi, tegemez",,,,,,,,,,,,,,,,,,,,,
hbo:2437,hira,,,,,,,,,,,,,,,,,,,,,
hbo:2438,"hiramu, huramu",,,,,,,,,,,,,,,,,,,,,
hbo:2441,"kaaka, changu, onja, matamu, shikili",,,,,,,,,,,,,,,,,,,,,
hbo:2442,,"ngoj, ngoje, tumain, utaza, umtarajie",,"ngoj, ngoje, tumain, utaza, umtarajie",,,,,,,,,,,,,,,,,,
hbo:2443,"kulabu, ndoana, vyake, ngik",,,,,,,,,,,,,,,,,,,,,
hbo:2444,"hakila, yeshimoni",,,,,,,,,,,,,,,,,,,,,
hbo:2445,"hekima, akil, stad, mwenye, busara",,,,,,,,,,,,,,,,,,,,,
hbo:2446,hakalia,,,,,,,,,,,,,,,,,,,,,
hbo:2447,"kund, wazirithio, ni, mgun",,,,,,,,,,,,,,,,,,,,,
hbo:2448,"kund, wazirithio, ni, mgun",,,,,,,,,,,,,,,,,,,,,
hbo:2449,,"hekima, akil, mfundishe, afundishwapo, tambua",,"hekima, akil, mfundishe, afundishwapo, tambua","hekima, akil, mfundishe, afundishwapo, tambua","hekima, akil, mfundishe, afundishwapo, tambua","hekima, akil, mfundishe, afundishwapo, tambua",,,,,,,,,,,,,,,
hbo:2450,"hekima, akil, stad, mwenye, busara",,,,,,,,,,,,,,,,,,,,,
hbo:2451,"hekima, akil, stad, mwenye, busara",,,,,,,,,,,,,,,,,,,,,
hbo:2453,"hakmoni, mhakmoni",,,,,,,,,,,,,,,,,,,,,
hbo:2454,"hekima, akil, stad, mwenye, busara",,,,,,,,,,,,,,,,,,,,,
hbo:2455,"top, topen, waid, tumiw, tope",,,,,,,,,,,,,,,,,,,,,
hbo:2456,,"ana, yafaavyo, nilaa, aje, zenu",,,,,,,,,,,,,,,,,,,,
hbo:2458,hela,,,,,,,,,,,,,,,,,,,,,
hbo:2459,"mafuta, nenep, non, kuku, zid",,,,,,,,,,,,,,,,,,,,,
hbo:2460,heledi,,,,,,,,,,,,,,,,,,,,,
hbo:2461,"maziwa, chao",,,,,,,,,,,,,,,,,,,,,
hbo:2462,helba,,,,,,,,,,,,,,,,,,,,,
hbo:2463,helboni,,,,,,,,,,,,,,,,,,,,,
hbo:2464,kelbena,,,,,,,,,,,,,,,,,,,,,
hbo:2465,"nisivyo, meup, duniani, wayajaza",,,,,,,,,,,,,,,,,,,,,
hbo:2466,heledi,,,,,,,,,,,,,,,,,,,,,
hbo:2467,chech,,,,,,,,,,,,,,,,,,,,,
hbo:2468,hulda,,,,,,,,,,,,,,,,,,,,,
hbo:2469,"heledi, heldai",,,,,,,,,,,,,,,,,,,,,
hbo:2470,,"hai, mgonjwa, ugu, wagonjwa, zimi, sih, fadhili, omba, umsihi, radh","hai, mgonjwa, ugu, wagonjwa, zimi, sih, fadhili, omba, umsihi, radh","hai, mgonjwa, ugu, wagonjwa, zimi, sih, fadhili, omba, umsihi, radh","hai, mgonjwa, ugu, wagonjwa, zimi, sih, fadhili, omba, umsihi, radh","hai, mgonjwa, ugu, wagonjwa, zimi, sih, fadhili, omba, umsihi, radh","hai, mgonjwa, ugu, wagonjwa, zimi, sih, fadhili, omba, umsihi, radh","hai, mgonjwa, ugu, wagonjwa, zimi, sih, fadhili, omba, umsihi, radh",,,,,,,,,,,,,,
hbo:2471,"mkat, mikate, nidhihak, lowa, fanyizi",,,,,,,,,,,,,,,,,,,,,
hbo:2472,"ndot, akaota, nimeota, mwotaji, wataota",,,,,,,,,,,,,,,,,,,,,
hbo:2473,"holoni, yasa",,,,,,,,,,,,,,,,,,,,,
hbo:2474,"dirish, dirishan, taa, ilikuwa",,,,,,,,,,,,,,,,,,,,,
hbo:2475,"ukiwa, uharibifu, anga, chukiz, ajab",,,,,,,,,,,,,,,,,,,,,
hbo:2476,"hai, mgonjwa, ugu, wagonjwa, zimi",,,,,,,,,,,,,,,,,,,,,
hbo:2477,hala,,,,,,,,,,,,,,,,,,,,,
hbo:2478,halhuli,,,,,,,,,,,,,,,,,,,,,
hbo:2479,"dhik, maumivu, uharibifu, zunishw",,,,,,,,,,,,,,,,,,,,,
hbo:2480,,"shik, kamat, nas, mvue, mdog",,,,,,,,,,,,,,,,,,,,
hbo:2481,"pamb, akazipamba, zimeota, vuen, wakavua",,,,,,,,,,,,,,,,,,,,,
hbo:2482,beteni,,,,,,,,,,,,,,,,,,,,,
hbo:2483,"ugonjwa, hai, magonjwa, yowati, amejitwika",,,,,,,,,,,,,,,,,,,,,
hbo:2484,owafukizi,,,,,,,,,,,,,,,,,,,,,
hbo:2485,"zeze, wapiga, ukuangalie, wimb, tari",,,,,,,,,,,,,,,,,,,,,
hbo:2486,"hash, kataz, apishe, dhani, mwawavunja",,,,,,,,,,,,,,,,,,,,,
hbo:2487,"badili, badil, geuz, mbali, geuge",,,,,,,,,,,,,,,,,,,,,
hbo:2488,"nyar, mateka, yang, nyang'any, pat",,,,,,,,,,,,,,,,,,,,,
hbo:2490,,,"jeruhi, tiay, yamzunguka, pamb, alichubuliwa, tuliwapigia, zomar, jis, anz, najis, vunj, omch","jeruhi, tiay, yamzunguka, pamb, alichubuliwa, tuliwapigia, zomar, jis, anz, najis, vunj, omch","jeruhi, tiay, yamzunguka, pamb, alichubuliwa, tuliwapigia, zomar, jis, anz, najis, vunj, omch",,"jeruhi, tiay, yamzunguka, pamb, alichubuliwa, tuliwapigia, zomar, jis, anz, najis, vunj, omch","jeruhi, tiay, yamzunguka, pamb, alichubuliwa, tuliwapigia, zomar, jis, anz, najis, vunj, omch",,,,,,,,,,,,,,
hbo:2491,"uaw, wau, jerah, jeruhi, mizoga, jis, anz, najis, vunj, omch",,,,,,,,,,,,,,,,,,,,,
hbo:2492a,,"mzim, wazima, yeny, afya, kweli, ndot, akaota, nimeota, mwotaji, wataota",,,,,"mzim, wazima, yeny, afya, kweli, ndot, akaota, nimeota, mwotaji, wataota",,,,,,,,,,,,,,,
hbo:2493,heldai,,,,,,,,,,,,,,,,,,,,,
hbo:2495,"kulika, mbog",,,,,,,,,,,,,,,,,,,,,
hbo:2496,"gumegume, gumu, taon",,,,,,,,,,,,,,,,,,,,,
hbo:2497,heloni,,,,,,,,,,,,,,,,,,,,,
hbo:2498,,"pit, vuk, pita, piti, endele",,"pit, vuk, pita, piti, endele",,,"pit, vuk, pita, piti, endele",,,,,,,,"pit, vuk, pita, piti, endele",,,,,,,
hbo:2498a,,"pit, vuk, pita, piti, endele",,,,,,,,,,,,,,,,,,,,
hbo:2500,"maana, kuwa, sababu, kwamba, kwan",,,,,,,,,,,,,,,,,,,,,
hbo:2502,,"oko, sali, pony, uniponye, uniokoe, ila, diri, mavazi, dari, vya","oko, sali, pony, uniponye, uniokoe, ila, diri, mavazi, dari, vya","oko, sali, pony, uniponye, uniokoe, ila, diri, mavazi, dari, vya",,,"oko, sali, pony, uniponye, uniokoe, ila, diri, mavazi, dari, vya",,,,,,,,,,,,,,,
hbo:2503,"helesi, heksi",,,,,,,,,,,,,,,,,,,,,
hbo:2505,,"gawa, gawany, gawi, fitini, gaw, pendeke, lain, suguli, pendez, nywele","gawa, gawany, gawi, fitini, gaw, pendeke, lain, suguli, pendez, nywele","gawa, gawany, gawi, fitini, gaw, pendeke, lain, suguli, pendez, nywele","gawa, gawany, gawi, fitini, gaw, pendeke, lain, suguli, pendez, nywele","gawa, gawany, gawi, fitini, gaw, pendeke, lain, suguli, pendez, nywele","gawa, gawany, gawi, fitini, gaw, pendeke, lain, suguli, pendez, nywele",,,,,,,,,,,,,,,
hbo:2505a,,"gawa, gawany, gawi, fitini, gaw, pendeke, lain, suguli, pendez, nywele",,,,,"gawa, gawany, gawi, fitini, gaw, pendeke, lain, suguli, pendez, nywele",,,,,,,,,,,,,,,
hbo:2506,"sehemu, fung, wanj, shamb, liko, pendeke, lain, suguli, pendez, nywele",,,,,,,,,,,,,,,,,,,,,
hbo:2506a,"sehemu, fung, wanj, shamb, liko, pendeke, lain, suguli, pendez, nywele",,,,,,,,,,,,,,,,,,,,,
hbo:2507,heleki,,,,,,,,,,,,,,,,,,,,,
hbo:2509,"pendeke, lain, suguli, pendez, nywele, halaki, endelea, niju",,,,,,,,,,,,,,,,,,,,,
hbo:2512,"pendeke, lain, suguli, pendez, nywele",,,,,,,,,,,,,,,,,,,,,
hbo:2513,"sehemu, fung, wanj, shamb, liko, pendeke, lain, suguli, pendez, nywele",,,,,,,,,,,,,,,,,,,,,
hbo:2513a,"sehemu, fung, wanj, shamb, liko, pendeke, lain, suguli, pendez, nywele",,,,,,,,,,,,,,,,,,,,,
hbo:2515,"kusud, mtasitasita, gawa, kasi",,,,,,,,,,,,,,,,,,,,,
hbo:2516,waheleki,,,,,,,,,,,,,,,,,,,,,
hbo:2517,helkai,,,,,,,,,,,,,,,,,,,,,
hbo:2518,hilkia,,,,,,,,,,,,,,,,,,,,,
hbo:2518a,hilkia,,,,,,,,,,,,,,,,,,,,,
hbo:2519,"pendeke, lain, suguli, pendez, nywele",,,,,,,,,,,,,,,,,,,,,
hbo:2520,helkathi,,,,,,,,,,,,,,,,,,,,,
hbo:2522a,,"hai, mgonjwa, ugu, wagonjwa, zimi",,,,,,,,,,,,,,,,,,,,
hbo:2523,"hai, mgonjwa, ugu, wagonjwa, zimi",,,,,,,,,,,,,,,,,,,,,
hbo:2525,"moto, joto, akiota, hu, chakula",,,,,,,,,,,,,,,,,,,,,
hbo:2526,hamu,,,,,,,,,,,,,,,,,,,,,
hbo:2527,"joto, jua, kali, siag, poondole",,,,,,,,,,,,,,,,,,,,,
hbo:2529,"siag, ajuapo, joto, jua, kali, poondole",,,,,,,,,,,,,,,,,,,,,
hbo:2530,,"tama, pendeza, pend, tamani, man, hama, heshim, heshima, uzur, tunu","tama, pendeza, pend, tamani, man, hama, heshim, heshima, uzur, tunu","tama, pendeza, pend, tamani, man, hama, heshim, heshima, uzur, tunu",,,,,,,,,,,,,,,,,,
hbo:2531,"pend, pendez, furahi, furaha, tak",,,,,,,,,,,,,,,,,,,,,
hbo:2532,"tama, pendeza, pend, tamani, man",,,,,,,,,,,,,,,,,,,,,
hbo:2533,hemdani,,,,,,,,,,,,,,,,,,,,,
hbo:2534,"ghadhabu, hasira, ukal, sumu, chafu",,,,,,,,,,,,,,,,,,,,,
hbo:2535,"joto, jua, kali, siag, poondole",,,,,,,,,,,,,,,,,,,,,
hbo:2536,hamueli,,,,,,,,,,,,,,,,,,,,,
hbo:2537,hamutali,,,,,,,,,,,,,,,,,,,,,
hbo:2538,hamuli,,,,,,,,,,,,,,,,,,,,,
hbo:2539,wahamuli,,,,,,,,,,,,,,,,,,,,,
hbo:2540,"hamoni, hamothi",,,,,,,,,,,,,,,,,,,,,
hbo:2541,"onew, one, dhulum, waon, wone",,,,,,,,,,,,,,,,,,,,,
hbo:2542,alki,,,,,,,,,,,,,,,,,,,,,
hbo:2543,"pund, nyumbu",,,,,,,,,,,,,,,,,,,,,
hbo:2544,hamori,,,,,,,,,,,,,,,,,,,,,
hbo:2545,"mama, mamaye, mkwewe, aman, mkwe",,,,,,,,,,,,,,,,,,,,,
hbo:2546,mjus,,,,,,,,,,,,,,,,,,,,,
hbo:2547,humt,,,,,,,,,,,,,,,,,,,,,
hbo:2548,"chumvi, kole",,,,,,,,,,,,,,,,,,,,,
hbo:2549,"tano, watano, mitano, matano, vitano",,,,,,,,,,,,,,,,,,,,,
hbo:2550,,"huru, huruma, achili, hurumi, waachi",,,,,,,,,,,,,,,,,,,,
hbo:2551,"rehema, huruma, rehem, huru, unirehemu",,,,,,,,,,,,,,,,,,,,,
hbo:2551a,"huru, huruma, achili, hurumi, waachi",,,,,,,,,,,,,,,,,,,,,
hbo:2552,,"moto, joto, akiota, hu, chakula","moto, joto, akiota, hu, chakula","moto, joto, akiota, hu, chakula",,"moto, joto, akiota, hu, chakula",,,,,,,,,,,,,,,,
hbo:2553,"nguz, miim, jua, mwim, viguzo",,,,,,,,,,,,,,,,,,,,,
hbo:2554,,"jerah, pig, uuaj, pigo, yake","jerah, pig, uuaj, pigo, yake",,,,,,,,,,,,,,,,,,,
hbo:2555,"udhalimu, jeur, nguvu, dhuluma, uharibifu",,,,,,,,,,,,,,,,,,,,,
hbo:2557,"chachu, chach, isitiwe, mtoazo, usimle",,,,,,,,,,,,,,,,,,,,,
hbo:2558,"siki, ninywe, ufit, menoni, chov",,,,,,,,,,,,,,,,,,,,,
hbo:2559,,"ondo, ondole, ach, geuk, ondok",,,,"ondo, ondole, ach, geuk, ondok",,,,,,,,,,,,,,,,
hbo:2561,"diva, mvinyo, rib, shinikiz, zabibu",,,,,,,,,,,,,,,,,,,,,
hbo:2563,"udongo, tope, top, kifinyan, tofal, chung, wimb, rund, gof, fung, homeri",,,,,,,,,,,,,,,,,,,,,
hbo:2563b,"udongo, tope, top, kifinyan, tofal, chung, wimb, rund, gof, fung, homeri",,,,,,,,,,,,,,,,,,,,,
hbo:2564,lami,,,,,,,,,,,,,,,,,,,,,
hbo:2566,hemdani,,,,,,,,,,,,,,,,,,,,,
hbo:2567,,"ila, diri, mavazi, dari, vya, tano, watano, mitano, matano, vitano",,"ila, diri, mavazi, dari, vya, tano, watano, mitano, matano, vitano",,,,,,,,,,,,,,,,,,
hbo:2568,"tano, watano, mitano, matano, vitano, hamsini",,,,,,,,,,,,,,,,,,,,,
hbo:2569,"tano, watano, mitano, matano, vitano",,,,,,,,,,,,,,,,,,,,,
hbo:2570,"tumb, tumbon, mimb, ndani, yenito",,,,,,,,,,,,,,,,,,,,,
hbo:2573,rib,,,,,,,,,,,,,,,,,,,,,
hbo:2574,hamathi,,,,,,,,,,,,,,,,,,,,,
hbo:2575,rakathi,,,,,,,,,,,,,,,,,,,,,
hbo:2575a,rakathi,,,,,,,,,,,,,,,,,,,,,
hbo:2576,"kartani, hamoth-dori",,,,,,,,,,,,,,,,,,,,,
hbo:2577,mhamathi,,,,,,,,,,,,,,,,,,,,,
hbo:2580,"kibali, neem, pend, fadhili, pako",,,,,,,,,,,,,,,,,,,,,
hbo:2582,henadadi,,,,,,,,,,,,,,,,,,,,,
hbo:2583,,"kamb, mbin, jeshi, pang, kitu",,,,,,,,,,,,,,,,,,,,
hbo:2584,"hana, sitakwea",,,,,,,,,,,,,,,,,,,,,
hbo:2585,"henoko, hanoki",,,,,,,,,,,,,,,,,,,,,
hbo:2585a,"henoko, hanoki",,,,,,,,,,,,,,,,,,,,,
hbo:2586,hanuni,,,,,,,,,,,,,,,,,,,,,
hbo:2587,"neem, fadhil, fadhili, sih, sameh",,,,,,,,,,,,,,,,,,,,,
hbo:2588,amekaa,,,,,,,,,,,,,,,,,,,,,
hbo:2590,,"nuka, mzur, rihani, pak, haukuja",,,,,,,,,,,,,,,,,,,,
hbo:2590b,"nuka, mzur, rihani, pak, haukuja",,,,,,,,,,,,,,,,,,,,,
hbo:2591,"ngan, ningewashibisha, jiumi",,,,,,,,,,,,,,,,,,,,,
hbo:2592,"hanieli, efodi",,,,,,,,,,,,,,,,,,,,,
hbo:2593,"zoesh, jan, ujizoeze, mazoezi",,,,,,,,,,,,,,,,,,,,,
hbo:2594,"kibali, neem, pend, fadhili, pako",,,,,,,,,,,,,,,,,,,,,
hbo:2595,"mkuk, mikuki, fumo, vyus, inu",,,,,,,,,,,,,,,,,,,,,
hbo:2596,,"taka, wakf, kabisa, teng, taji",,,,,,,,,,,,,,,,,,,,
hbo:2598,"taka, wakf, kabisa, teng, taji",,,,,,,,,,,,,,,,,,,,,
hbo:2599,wahanoki,,,,,,,,,,,,,,,,,,,,,
hbo:2600,"maana, kuwa, sababu, kwamba, kwan",,,,,,,,,,,,,,,,,,,,,
hbo:2601,"hanameli, mpimi",,,,,,,,,,,,,,,,,,,,,
hbo:2602,"barafu, sakitu, huimwaga",,,,,,,,,,,,,,,,,,,,,
hbo:2603,,"neem, fadhil, fadhili, sih, sameh, chuki, chukiz, chukia, akauchukia, sumbu","neem, fadhil, fadhili, sih, sameh, chuki, chukiz, chukia, akauchukia, sumbu","neem, fadhil, fadhili, sih, sameh, chuki, chukiz, chukia, akauchukia, sumbu",,"neem, fadhil, fadhili, sih, sameh, chuki, chukiz, chukia, akauchukia, sumbu",,"neem, fadhil, fadhili, sih, sameh, chuki, chukiz, chukia, akauchukia, sumbu",,,,"kibali, neem, pend, fadhili, pako",,,"kibali, neem, pend, fadhili, pako",,,,,,,
hbo:2605,hanani,,,,,,,,,,,,,,,,,,,,,
hbo:2606,hananeli,,,,,,,,,,,,,,,,,,,,,
hbo:2607,"hanani, likaja",,,,,,,,,,,,,,,,,,,,,
hbo:2608,"hanania, umezivunja",,,,,,,,,,,,,,,,,,,,,
hbo:2608b,"hanania, umezivunja",,,,,,,,,,,,,,,,,,,,,
hbo:2609,hanesi,,,,,,,,,,,,,,,,,,,,,
hbo:2610,,"hab, atiw, huitia, kufur, poto",,,,,"hab, atiw, huitia, kufur, poto",,,,,,,,,,,,,,,
hbo:2611,"jis, anz, najis, vunj, omch",,,,,,,,,,,,,,,,,,,,,
hbo:2612,"jis, anz, najis, vunj, omch",,,,,,,,,,,,,,,,,,,,,
hbo:2613,"jis, anz, najis, vunj, omch",,,,,,,,,,,,,,,,,,,,,
hbo:2614,,,"songole, nyon, nyong, jik","songole, nyon, nyong, jik",,,,,,,,,,,,,,,,,,
hbo:2615,hanathoni,,,,,,,,,,,,,,,,,,,,,
hbo:2616,,,,,,"fadhili, za, rehema, wema, mema, aibu, haya, fedheha, aibish, hayar",,,,,,,,,,,,,,,,
hbo:2617,"fadhili, za, rehema, wema, mema, aibu, haya, fedheha, aibish, hayar",,,,,,,,,,,,,,,,,,,,,
hbo:2617a,"fadhili, za, rehema, wema, mema, aibu, haya, fedheha, aibish, hayar",,,,,,,,,,,,,,,,,,,,,
hbo:2619,hasadia,,,,,,,,,,,,,,,,,,,,,
hbo:2620,,"kimbili, tumain, kimbilia, bien, chini",,,,,,,,,,,,,,,,,,,,
hbo:2621,hosa,,,,,,,,,,,,,,,,,,,,,
hbo:2621a,hosa,,,,,,,,,,,,,,,,,,,,,
hbo:2622,"kimbili, salama, ngom, nguvu, raha",,,,,,,,,,,,,,,,,,,,,
hbo:2623,"utauwa, watauwa, mwenye, wach, mtauwa",,,,,,,,,,,,,,,,,,,,,
hbo:2624,"korongo, yana",,,,,,,,,,,,,,,,,,,,,
hbo:2625,"nzig, tunutu, panz, parare, madumadu",,,,,,,,,,,,,,,,,,,,,
hbo:2626,"shuja, nguvu, hodari, uwez, wenye",,,,,,,,,,,,,,,,,,,,,
hbo:2627,"punguki, pungu, hitaj, asiy, kos",,,,,,,,,,,,,,,,,,,,,
hbo:2628,,"mwisho, timi, ulao, dahari, hawautumii",,,,,,,,,,,,,,,,,,,,
hbo:2629,,"fumba, apurapo, mzib, fumb, nitajitia",,,,,,,,,,,,,,,,,,,,
hbo:2631,,,hazinani,,,,,,,,,,,,,,,"milik, milk, ana, mwenye, fukuz",,,,
hbo:2633,"mali, jir, tele, hutwaa, huwa",,,,,,,,,,,,,,,,,,,,,
hbo:2634,"nguvu, hodari, wez, wenye, shind",,,,,,,,,,,,,,,,,,,,,
hbo:2635,"udongo, tope, top, kifinyan, tofal",,,,,,,,,,,,,,,,,,,,,
hbo:2636,,,,,"ziba, viringa",,,,,,,,,,,,,,,,,
hbo:2637,,"punguki, pungu, hitaj, asiy, kos",,"punguki, pungu, hitaj, asiy, kos",,,"punguki, pungu, hitaj, asiy, kos",,,,,,,,,,,,,,,
hbo:2638,"punguki, pungu, hitaj, asiy, kos",,,,,,,,,,,,,,,,,,,,,
hbo:2639,"umaskini, uhitaji, unyonge, pasina, haufikiri",,,,,,,,,,,,,,,,,,,,,
hbo:2640,"punguki, pungu, hitaj, asiy, kos",,,,,,,,,,,,,,,,,,,,,
hbo:2641,"hasra, tohathi",,,,,,,,,,,,,,,,,,,,,
hbo:2642,"yale, uwafae, rekebi, nyosh, walitoa",,,,,,,,,,,,,,,,,,,,,
hbo:2643,"safi, taka, safish, usaf, tohara",,,,,,,,,,,,,,,,,,,,,
hbo:2644,,,,jijenge,,,,,,,,,,,,,,,,,,
hbo:2645,,"funik, sitir, funika, pazi, funiki","funik, sitir, funika, pazi, funiki","funik, sitir, funika, pazi, funiki",,,,,,,,,,,,,,,,,,
hbo:2647,"tatu, nne, yeshebeabu, kumi, hupa",,,,,,,,,,,,,,,,,,,,,
hbo:2648,,"kasi, hatetemeki, tumw, pupa, yaya","kasi, hatetemeki, tumw, pupa, yaya",,,,,,,,,,,,,,,,,,,
hbo:2649,"haraka, upes, hima, mbio, mwenye",,,,,,,,,,,,,,,,,,,,,
hbo:2650,hupimu,,,,,,,,,,,,,,,,,,,,,
hbo:2651,"mkono, mikono, mkononi, mikononi, kwa",,,,,,,,,,,,,,,,,,,,,
hbo:2652,hofni,,,,,,,,,,,,,,,,,,,,,
hbo:2653,,yuamfunika,,,,,,,,,,,,,,,,,,,,
hbo:2654,,"pend, pendez, furahi, furaha, tak, inam, nyosh, pigi, wamechimba, pinda",,,,,,,,,,,,,,,,,,,,
hbo:2655,"pend, pendez, furahi, furaha, tak",,,,,,,,,,,,,,,,,,,,,
hbo:2656,"sasa, fadhal, kusih, omb, basi",,,,,,,,,,,,,,,,,,,,,
hbo:2657,"hefziba, beula",,,,,,,,,,,,,,,,,,,,,
hbo:2658,,"chungu, tafut, chimb, pelele, badilish",,,,,,,,,,,,,,,,,,,,
hbo:2659,,"haya, aibi, tahayari, aibish, hayar",,,,,"haya, aibi, tahayari, aibish, hayar",,,,,,,,,,,,,,,
hbo:2660,heferi,,,,,,,,,,,,,,,,,,,,,
hbo:2660a,heferi,,,,,,,,,,,,,,,,,,,,,
hbo:2662,waheferi,,,,,,,,,,,,,,,,,,,,,
hbo:2663,hafaraimu,,,,,,,,,,,,,,,,,,,,,
hbo:2664,,"chungu, tafut, chimb, pelele, badilish","chungu, tafut, chimb, pelele, badilish","chungu, tafut, chimb, pelele, badilish","chungu, tafut, chimb, pelele, badilish","chungu, tafut, chimb, pelele, badilish",,,,,,,,,,,,,,,,
hbo:2665,"waz, kusud, shaur, hila, mipango",,,,,,,,,,,,,,,,,,,,,
hbo:2667,"tandik, kunju, nyosh, kuene, tanda",,,,,,,,,,,,,,,,,,,,,
hbo:2668,"huru, uhur, paw, bure, muungwana",,,,,,,,,,,,,,,,,,,,,
hbo:2669,"huru, uhur, paw, bure, muungwana",,,,,,,,,,,,,,,,,,,,,
hbo:2670,"huru, uhur, paw, bure, muungwana",,,,,,,,,,,,,,,,,,,,,
hbo:2671,"isha, mshale, mipini, itafut",,,,,,,,,,,,,,,,,,,,,
hbo:2672,,"chimb, chon, waashi, chong, wachonga","chimb, chon, waashi, chong, wachonga",,"chimb, chon, waashi, chong, wachonga",,"chimb, chon, waashi, chong, wachonga",,,,,,,,,,,,,,,
hbo:2673,,"gawa, gawany, gawi, fitini, gaw","gawa, gawany, gawi, fitini, gaw",,,,,,,,,,,,,,,,,,,
hbo:2674,"hazori, hasori",,,,,,,,,,,,,,,,,,,,,
hbo:2675,"hazor-hadata, kerioth-hezroni",,,,,,,,,,,,,,,,,,,,,
hbo:2676,"katikati, kati, katika, ndani, miongoni",,,,,,,,,,,,,,,,,,,,,
hbo:2677,"nusu, katikati, sehemu, manane, peresi",,,,,,,,,,,,,,,,,,,,,
hbo:2678,"isha, mshale, mipini, itafut",,,,,,,,,,,,,,,,,,,,,
hbo:2682,"jan, nyas, mororo, mibichi, lanyauka, vitunguu, maka, jumban",,,,,,,,,,,,,,,,,,,,,
hbo:2682a,"jan, nyas, mororo, mibichi, lanyauka, vitunguu",,,,,,,,,,,,,,,,,,,,,
hbo:2684,"fuan, kifu, chake, zimi, tegemez",,,,,,,,,,,,,,,,,,,,,
hbo:2685,,,,,,,,,,,,,,,,,,"ina, lina",,,,
hbo:2686,,"gawa, gawany, gawi, fitini, gaw, fundish, pig, wapiga, fundisha, funz",,"gawa, gawany, gawi, fitini, gaw, fundish, pig, wapiga, fundisha, funz","gawa, gawany, gawi, fitini, gaw, fundish, pig, wapiga, fundisha, funz",,,,,,,,,,,,,,,,,
hbo:2687,amenivunja,,,,,,,,,,,,,,,,,,,,,
hbo:2688,hasason-tamari,,,,,,,,,,,,,,,,,,,,,
hbo:2689,"rumbet, baragum, pand, pigeni, pige",,,,,,,,,,,,,,,,,,,,,
hbo:2690,,,,"sauti, pig, mshindo, kelel, ngurumo",,,"sauti, pig, mshindo, kelel, ngurumo",,,,,,,,,,,,,,,
hbo:2691,"ua, nyua, behewa, ukumbi, nyuani, jij, jijin, wal, weny, visivyo",,,,,,,,,,,,,,,,,,,,,
hbo:2692,hasar-adari,,,,,,,,,,,,,,,,,,,,,
hbo:2693,hasar-gada,,,,,,,,,,,,,,,,,,,,,
hbo:2695,"hezro, paarai",,,,,,,,,,,,,,,,,,,,,
hbo:2696,hesroni,,,,,,,,,,,,,,,,,,,,,
hbo:2696a,hesroni,,,,,,,,,,,,,,,,,,,,,
hbo:2697,wahesroni,,,,,,,,,,,,,,,,,,,,,
hbo:2698,haserothi,,,,,,,,,,,,,,,,,,,,,
hbo:2700,hasarmawethi,,,,,,,,,,,,,,,,,,,,,
hbo:2701,hasarsusa,,,,,,,,,,,,,,,,,,,,,
hbo:2702,"hasar-susimu, bethbiri",,,,,,,,,,,,,,,,,,,,,
hbo:2703,"hasarenani, hasar-enoni",,,,,,,,,,,,,,,,,,,,,
hbo:2704,"hasarenani, hasar-enoni",,,,,,,,,,,,,,,,,,,,,
hbo:2705,hasar-shuali,,,,,,,,,,,,,,,,,,,,,
hbo:2706,"amri, sheria, haki, amriw, posh, chor, fimb, ya, uadu",,,,,,,,,,,,,,,,,,,,,
hbo:2707,,,,,"chor, nakshi, michoro, maandishi, aliona","chor, nakshi, michoro, maandishi, aliona",,,,,,,,,,,,,,,,
hbo:2708,"amri, sheria, haki, amriw, posh",,,,,,,,,,,,,,,,,,,,,
hbo:2709,bakbuki,,,,,,,,,,,,,,,,,,,,,
hbo:2710,,"amri, chor, fimb, ya, uadu",,"amri, chor, fimb, ya, uadu","amri, chor, fimb, ya, uadu",,,"amri, chor, fimb, ya, uadu",,,,,,,,,,,,,,
hbo:2712,"helkathi, hukoki",,,,,,,,,,,,,,,,,,,,,
hbo:2713,,"chungu, tafut, chimb, pelele, badilish","chungu, tafut, chimb, pelele, badilish","chungu, tafut, chimb, pelele, badilish",,,,,,,,,,,,,,,,,,
hbo:2714,"chungu, tafut, chimb, pelele, badilish",,,,,,,,,,,,,,,,,,,,,
hbo:2715,"wakuu, wenye, mkuu, waungwana, muungwana",,,,,,,,,,,,,,,,,,,,,
hbo:2717,,"kavu, kauk, pakavu, kaush, ukam, anga, harib, pote, haribik, ukiwa, huwaua, wauawe, ungewaua, niu, shak","kavu, kauk, pakavu, kaush, ukam, anga, harib, pote, haribik, ukiwa, huwaua, wauawe, ungewaua, niu, shak",,"kavu, kauk, pakavu, kaush, ukam, anga, harib, pote, haribik, ukiwa, huwaua, wauawe, ungewaua, niu, shak",,"kavu, kauk, pakavu, kaush, ukam, anga, harib, pote, haribik, ukiwa, huwaua, wauawe, ungewaua, niu, shak","anga, harib, pote, haribik, ukiwa",,,,,,,,,,,,,,
hbo:2719,"upanga, pang, wemb, mkuk, alan",,,,,,,,,,,,,,,,,,,,,
hbo:2720,"kavu, kauk, pakavu, kaush, ukam, anga, harib, pote, haribik, ukiwa",,,,,,,,,,,,,,,,,,,,,
hbo:2721,"joto, kavu, ukosefu, ukam, nikaita, anga, harib, pote, haribik, ukiwa",,,,,,,,,,,,,,,,,,,,,
hbo:2722,"horebu, wakaisujudia",,,,,,,,,,,,,,,,,,,,,
hbo:2723,"anga, harib, pote, haribik, ukiwa",,,,,,,,,,,,,,,,,,,,,
hbo:2724,"kavu, kauk, pakavu, kaush, ukam",,,,,,,,,,,,,,,,,,,,,
hbo:2725,"joto, kavu, ukosefu, ukam, nikaita",,,,,,,,,,,,,,,,,,,,,
hbo:2726,harbona,,,,,,,,,,,,,,,,,,,,,
hbo:2727,,tepete,,,,,,,,,,,,,,,,,,,,
hbo:2728,"nzig, tunutu, panz, parare, madumadu",,,,,,,,,,,,,,,,,,,,,
hbo:2729,,"tetemek, hofu, ogop, fukuz, kwako",,,,,"tetemek, hofu, ogop, fukuz, kwako",,,,,,,,,,,,,,,
hbo:2730,"tetemek, itetemeke, tish, uombewe, iliyoitetemesha",,,,,,,,,,,,,,,,,,,,,
hbo:2731,"tetemek, itetemeke, tish, uombewe, iliyoitetemesha",,,,,,,,,,,,,,,,,,,,,
hbo:2732,harada,,,,,,,,,,,,,,,,,,,,,
hbo:2733,mharodi,,,,,,,,,,,,,,,,,,,,,
hbo:2734,,"wak, tekete, chom, ondo, teketez, shinda, tete, ishi, gomban, mgomvi","wak, tekete, chom, ondo, teketez, shinda, tete, ishi, gomban, mgomvi",,,"wak, tekete, chom, ondo, teketez, shinda, tete, ishi, gomban, mgomvi","wak, tekete, chom, ondo, teketez, shinda, tete, ishi, gomban, mgomvi",,,,,,,,,,,,,,,
hbo:2735,hor-hagidgadi,,,,,,,,,,,,,,,,,,,,,
hbo:2736,"harhaya, ujenge",,,,,,,,,,,,,,,,,,,,,
hbo:2737,"mkuf, mikufu",,,,,,,,,,,,,,,,,,,,,
hbo:2738,"upup, vimilik, utamea, viwawi, meme",,,,,,,,,,,,,,,,,,,,,
hbo:2739,harumafu,,,,,,,,,,,,,,,,,,,,,
hbo:2740,"kali, ghadhabu, hasira, kasirik, waka",,,,,,,,,,,,,,,,,,,,,
hbo:2741,mharufi,,,,,,,,,,,,,,,,,,,,,
hbo:2743,haruzi,,,,,,,,,,,,,,,,,,,,,
hbo:2744,harhuri,,,,,,,,,,,,,,,,,,,,,
hbo:2745,"harhasi, tikva",,,,,,,,,,,,,,,,,,,,,
hbo:2746,"joto, jua, kali, siag, poondole",,,,,,,,,,,,,,,,,,,,,
hbo:2747,"kalamu, patasi, ujipatie",,,,,,,,,,,,,,,,,,,,,
hbo:2748,"agan, mganga, walifaa, mwingi",,,,,,,,,,,,,,,,,,,,,
hbo:2750,"kali, ghadhabu, hasira, kasirik, waka",,,,,,,,,,,,,,,,,,,,,
hbo:2752,"wahori, seiri",,,,,,,,,,,,,,,,,,,,,
hbo:2753,"hori, wahori",,,,,,,,,,,,,,,,,,,,,
hbo:2754,"mfuk, mfukoni, mifuko, shirika, mwamki",,,,,,,,,,,,,,,,,,,,,
hbo:2756,harifu,,,,,,,,,,,,,,,,,,,,,
hbo:2757,"sululu, chan, mpelekee, jibini",,,,,,,,,,,,,,,,,,,,,
hbo:2757a,"sululu, chan, mpelekee, jibini",,,,,,,,,,,,,,,,,,,,,
hbo:2758,"vun, walime",,,,,,,,,,,,,,,,,,,,,
hbo:2759,"tekete, joto, kaush, pozu, ruhusiw",,,,,,,,,,,,,,,,,,,,,
hbo:2763,,,,,,,"taka, wakf, kabisa, teng, taji, lema, vimpasavyo","taka, wakf, kabisa, teng, taji, lema, vimpasavyo",,,,,,,,,,,,,,
hbo:2763a,,"taka, wakf, kabisa, teng, taji, lema, vimpasavyo",,,,,"taka, wakf, kabisa, teng, taji, lema, vimpasavyo",,,,,,,,,,,,,,,
hbo:2764,"taka, wakf, kabisa, teng, taji, wavu, nyav, jarife, tegw, wind",,,,,,,,,,,,,,,,,,,,,
hbo:2764a,"taka, wakf, kabisa, teng, taji, wavu, nyav, jarife, tegw, wind",,,,,,,,,,,,,,,,,,,,,
hbo:2765,horemu,,,,,,,,,,,,,,,,,,,,,
hbo:2766,harimu,,,,,,,,,,,,,,,,,,,,,
hbo:2767,horma,,,,,,,,,,,,,,,,,,,,,
hbo:2768,hermoni,,,,,,,,,,,,,,,,,,,,,
hbo:2769,hermoni,,,,,,,,,,,,,,,,,,,,,
hbo:2770,"mund, yakiiva",,,,,,,,,,,,,,,,,,,,,
hbo:2771,harani,,,,,,,,,,,,,,,,,,,,,
hbo:2771a,harani,,,,,,,,,,,,,,,,,,,,,
hbo:2772,mhoroni,,,,,,,,,,,,,,,,,,,,,
hbo:2773,horonaimu,,,,,,,,,,,,,,,,,,,,,
hbo:2774,harneferi,,,,,,,,,,,,,,,,,,,,,
hbo:2775,"jua, kuchwa, hadharani, yako, wachwe, bawasiri",,,,,,,,,,,,,,,,,,,,,
hbo:2775a,"jua, kuchwa, hadharani, yako, wachwe, bawasiri",,,,,,,,,,,,,,,,,,,,,
hbo:2776,"mlima, ili, lima, lim, juu, heresi",,,,,,,,,,,,,,,,,,,,,
hbo:2778,,"tuka, watuka, laum, siman, yemshutum, baridi, baruk, mali, milk, yeyote, pat, zetu",,"tuka, watuka, laum, siman, yemshutum, baridi, baruk, mali, milk, yeyote, pat, zetu",,,,,,,,,,,,,,,,,,
hbo:2778b,,"tuka, watuka, laum, siman, yemshutum, baridi, baruk, mali, milk, yeyote, pat, zetu","tuka, watuka, laum, siman, yemshutum, baridi, baruk, mali, milk, yeyote, pat, zetu",,,,,,,,,,,,,,,,,,,
hbo:2779,"baridi, kom, hataki, idumupo",,,,,,,,,,,,,,,,,,,,,
hbo:2780,harefu,,,,,,,,,,,,,,,,,,,,,
hbo:2781,"aibu, shutum, lawama, laumi, laum",,,,,,,,,,,,,,,,,,,,,
hbo:2782,,"viun, unon, kiun, tish, vunjik, kusudi, kaul, nawe","viun, unon, kiun, tish, vunjik, kusudi, kaul, nawe",,,,,,,,,,,,,,,,,,,
hbo:2783,"viun, unon, kusudi, kaul, nawe",,,,,,,,,,,,,,,,,,,,,
hbo:2784,"gerezan, fung, walinzi, gerez, husu",,,,,,,,,,,,,,,,,,,,,
hbo:2785,kokw,,,,,,,,,,,,,,,,,,,,,
hbo:2786,,"sag, one, sagi, wakanisagia, atasaga",,,,,,,,,,,,,,,,,,,,
hbo:2787,,"tekete, joto, kaush, pozu, ruhusiw","tekete, joto, kaush, pozu, ruhusiw","tekete, joto, kaush, pozu, ruhusiw",,,,,,,,,,,,,,,,,,
hbo:2789,"udongo, viga, kiga, baadhi, gae",,,,,,,,,,,,,,,,,,,,,
hbo:2790,,"lim, wavy, hawakosi, fikiri, usiwaze, nyamaz, nyamaza, tuli, kimy, kos, fund, seremal, mfua, chum, stad","lim, wavy, hawakosi, fikiri, usiwaze, nyamaz, nyamaza, tuli, kimy, kos, fund, seremal, mfua, chum, stad",,,,"lim, wavy, hawakosi, fikiri, usiwaze, nyamaz, nyamaza, tuli, kimy, kos, fund, seremal, mfua, chum, stad",,,,,,,,,,,,,,,
hbo:2790a,,"lim, wavy, hawakosi, fikiri, usiwaze, nyamaz, nyamaza, tuli, kimy, kos",,,,"lim, wavy, hawakosi, fikiri, usiwaze, nyamaz, nyamaza, tuli, kimy, kos","lim, wavy, hawakosi, fikiri, usiwaze, nyamaz, nyamaza, tuli, kimy, kos",,,,,,,,,,,,,,,
hbo:2791,"kimy, nyamazish, utulivu, tuliz, nyamazeni, mganga, mstahifu",,,,,,,,,,,,,,,,,,,,,
hbo:2793,"msit, mti, tun, mwituni, rung",,,,,,,,,,,,,,,,,,,,,
hbo:2795,"ziw, bubu, japo, zibuli",,,,,,,,,,,,,,,,,,,,,
hbo:2796,"fund, seremal, mfua, chum, stad",,,,,,,,,,,,,,,,,,,,,
hbo:2797,harsha,,,,,,,,,,,,,,,,,,,,,
hbo:2799,"ufundi, iway",,,,,,,,,,,,,,,,,,,,,
hbo:2801,,"chor, nakshi, michoro, maandishi, aliona",,,,,,,,,,,,,,,,,,,,
hbo:2802,herethi,,,,,,,,,,,,,,,,,,,,,
hbo:2803,,,,,,,,,,,,,,,"imfikie, fumbw, asipate, zui",,,,,,,
hbo:2805,"sukw, mshipi",,,,,,,,,,,,,,,,,,,,,
hbo:2806,"hashbadani, misbaeli",,,,,,,,,,,,,,,,,,,,,
hbo:2807,hashuba,,,,,,,,,,,,,,,,,,,,,
hbo:2808,"elez, tufafanulie, tueleze, nifahamu, fasiri",,,,,,,,,,,,,,,,,,,,,
hbo:2809,"heshboni, tunakuomba",,,,,,,,,,,,,,,,,,,,,
hbo:2810,"mitambo, mnyofu, iwekwe",,,,,,,,,,,,,,,,,,,,,
hbo:2811,hashabia,,,,,,,,,,,,,,,,,,,,,
hbo:2812,hashabna,,,,,,,,,,,,,,,,,,,,,
hbo:2813,hashabneya,,,,,,,,,,,,,,,,,,,,,
hbo:2814,,"nyamaz, anyamaze, nyamazeni, wanyamaze, msiw",,,,,"nyamaz, anyamaze, nyamazeni, wanyamaze, msiw",,,,,,,,,,,,,,,
hbo:2815,hashubu,,,,,,,,,,,,,,,,,,,,,
hbo:2816,"giza, gizani, pofu, mweusi, weus",,,,,,,,,,,,,,,,,,,,,
hbo:2817,hasufa,,,,,,,,,,,,,,,,,,,,,
hbo:2818,,,,,,,,,,,,,,,"haja, mhitaji, wahitaji, hitaj, maskini, lazima, wapa, sharti, mpas, lazim",,,,,,,
hbo:2820,,"zui, zuili, zuia, nyim, achili","zui, zuili, zuia, nyim, achili",,,,,,,,,,,,,,,,,,,
hbo:2821,,"giza, gizani, pofu, mweusi, weus",,,,,"giza, gizani, pofu, mweusi, weus",,,,,,,,,,,,,,,
hbo:2822,"giza, gizani, pofu, mweusi, weus",,,,,,,,,,,,,,,,,,,,,
hbo:2823,"fumb, enda, msisiti, cheo, atutegulie",,,,,,,,,,,,,,,,,,,,,
hbo:2825,"giza, gizani, pofu, mweusi, weus",,,,,,,,,,,,,,,,,,,,,
hbo:2826,,,asimche,,,,,,,,,,,,"vunja, vunjik, pond, vunj, gonga",,,,,,,
hbo:2828,hashumu,,,,,,,,,,,,,,,,,,,,,
hbo:2829,heshmoni,,,,,,,,,,,,,,,,,,,,,
hbo:2830,harab,,,,,,,,,,,,,,,,,,,,,
hbo:2832,hashmona,,,,,,,,,,,,,,,,,,,,,
hbo:2833,"kifuko, diri, fuan, utep, utie",,,,,,,,,,,,,,,,,,,,,
hbo:2834,,"mvu, chun, shambuli, kuvu, kuteka",,,,,,,,,,,,,,,,,,,,
hbo:2835,"kondoo, kund, wanyama, mifugo, kike",,,,,,,,,,,,,,,,,,,,,
hbo:2836,,"tama, pendeza, pend, tamani, man, vitanzi",,"tama, pendeza, pend, tamani, man, vitanzi","tama, pendeza, pend, tamani, man, vitanzi",,,,,,,,,,,,,,,,,
hbo:2837,"tama, pendeza, pend, tamani, man",,,,,,,,,,,,,,,,,,,,,
hbo:2839,matindi,,,,,,,,,,,,,,,,,,,,,
hbo:2840,matindi,,,,,,,,,,,,,,,,,,,,,
hbo:2841,"kusanyik, kusany, nywa, sany, yakusan",,,,,,,,,,,,,,,,,,,,,
hbo:2842,"makapi, peperush, yapeperushwayo, mtazaa",,,,,,,,,,,,,,,,,,,,,
hbo:2843,mhushathi,,,,,,,,,,,,,,,,,,,,,
hbo:2844,"hofu, tish, utisho, uharibifu, shid, vunjika, pind",,,,,,,,,,,,,,,,,,,,,
hbo:2844a,"hofu, tish, utisho, uharibifu, shid, vunjika, pind",,,,,,,,,,,,,,,,,,,,,
hbo:2845,"hethi, kozik",,,,,,,,,,,,,,,,,,,,,
hbo:2846,,"kamat, anga, nyakuli, mimb, nyaku",,,,,,,,,,,,,,,,,,,,
hbo:2847,"hofu, tish, utisho, uharibifu, shid",,,,,,,,,,,,,,,,,,,,,
hbo:2848,"tamba, sand, fung",,,,,,,,,,,,,,,,,,,,,
hbo:2850,"mhiti, wahiti",,,,,,,,,,,,,,,,,,,,,
hbo:2851,"hofu, tish, utisho, uharibifu, shid",,,,,,,,,,,,,,,,,,,,,
hbo:2852,,,"jim, amriw, chong, aman, dhihirish",,,,,,,,,,,,,,,,,,,
hbo:2853,,,,,kitovu,,,kitovu,,,,,,,,,,,,,,
hbo:2854,fungi,,,,,,,,,,,,,,,,,,,,,
hbo:2855,hethloni,,,,,,,,,,,,,,,,,,,,,
hbo:2856,,"mhur, tiw, churuzi, fung, hawaujui","mhur, tiw, churuzi, fung, hawaujui","mhur, tiw, churuzi, fung, hawaujui",,,"mhur, tiw, churuzi, fung, hawaujui",,,,,,,,"mhur, tiw, churuzi, fung, hawaujui",,,,,,,
hbo:2858,"pete, kuk, mhur, herini, mihuri",,,,,,,,,,,,,,,,,,,,,
hbo:2859a,,"jamaa, wake, mkwewe, zaliw, mbar, woz, kuoana, oan, ndoa",,,,"jamaa, wake, mkwewe, zaliw, mbar, woz, kuoana, oan, ndoa",,,,,,,,,,,,,,,,
hbo:2860,"wana, mwana, mwanawe, wanawe, watoto",,,,,,,,,,,,,,,,,,,,,
hbo:2861,"wakioa, huwa, posa, huoa, mwoz",,,,,,,,,,,,,,,,,,,,,
hbo:2863,"yang, niibi, nyang'any, tek, wizi",,,,,,,,,,,,,,,,,,,,,
hbo:2864,,"chimb, tobo, ng'o, nichimbi, tumbuki",,,,,,,,,,,,,,,,,,,,
hbo:2865,,"fadhai, zimi, chok, hofu, haraka","fadhai, zimi, chok, hofu, haraka","fadhai, zimi, chok, hofu, haraka",,,"fadhai, zimi, chok, hofu, haraka",,,,,,,,,,,,,,,
hbo:2867,"hathathi, meonothai",,,,,,,,,,,,,,,,,,,,,
hbo:2868,,,,,,,,,,,,,,,"mema, wema, vema, njem, jema",,,,,,,
hbo:2869,"tajir, mali, jir, wing, unon",,,,,,,,,,,,,,,,,,,,,
hbo:2870,tabeeli,,,,,,,,,,,,,,,,,,,,,
hbo:2872,"juu, aliye, mref, kimo, uref",,,,,,,,,,,,,,,,,,,,,
hbo:2873,,"chinj, chin, wau, chinji, chinja",,,,,,,,,,,,,,,,,,,,
hbo:2874,"chinj, chin, wau, chinji, chinja",,,,,,,,,,,,,,,,,,,,,
hbo:2875,teba,,,,,,,,,,,,,,,,,,,,,
hbo:2876,"askari, walinzi, lind, mpishi, wahi",,,,,,,,,,,,,,,,,,,,,
hbo:2878,"chinj, chin, wau, chinji, chinja",,,,,,,,,,,,,,,,,,,,,
hbo:2879,"tanuri, waokaji, tokos, mwokaji, kos",,,,,,,,,,,,,,,,,,,,,
hbo:2880,tibhathi,,,,,,,,,,,,,,,,,,,,,
hbo:2881,,"chovy, atatia, achovye, achovya, lowesh","chovy, atatia, achovye, achovya, lowesh",,,,,,,,,,,,,,,,,,,
hbo:2882,tebalia,,,,,,,,,,,,,,,,,,,,,
hbo:2883,,"meza, kupw, kuzama, shush, lil",,,"meza, kupw, kuzama, shush, lil",,,"meza, kupw, kuzama, shush, lil",,,,,,,,,,,,,,
hbo:2884,tabaothi,,,,,,,,,,,,,,,,,,,,,
hbo:2885,"pete, kuk, mhur, herini, mihuri",,,,,,,,,,,,,,,,,,,,,
hbo:2888,tabathi,,,,,,,,,,,,,,,,,,,,,
hbo:2889,"safi, taka, safish, usaf, tohara",,,,,,,,,,,,,,,,,,,,,
hbo:2891,,"taka, safi, safish, nimetakasika, unioshe",,"taka, safi, safish, nimetakasika, unioshe","taka, safi, safish, nimetakasika, unioshe","taka, safi, safish, nimetakasika, unioshe",,,,,,,,,,,,,,,,
hbo:2892,"safi, taka, usaf, chaguli, kat, safish, tohara",,,,,,,,,,,,,,,,,,,,,
hbo:2893,"safi, taka, usaf, chaguli, kat",,,,,,,,,,,,,,,,,,,,,
hbo:2896,"mwem, mema, njem, jema, heri, wema, vema","vema, mema, aonavyo, osha, kibali",,,,,"vema, mema, aonavyo, osha, kibali",,,,,,,,,,,,,,,
hbo:2896b,"mwem, mema, njem, jema, heri, wema, vema",,,,,,,,,,,,,,,,,,,,,
hbo:2897,"tobu, uvamizi",,,,,,,,,,,,,,,,,,,,,
hbo:2898,"mema, wema, vema, njem, jema",,,,,,,,,,,,,,,,,,,,,
hbo:2900,tobia,,,,,,,,,,,,,,,,,,,,,
hbo:2901,,"hayasokoti, sokot, sing",,,,,,,,,,,,,,,,,,,,
hbo:2902,,"pak, chokaa, korog, funiki, hawafikiri","pak, chokaa, korog, funiki, hawafikiri",,,,,,,,,,,,,,,,,,,
hbo:2903,"utep, yafungeni",,,,,,,,,,,,,,,,,,,,,
hbo:2904,,,,"tup, tupw, angush, tupi, bomo",,,"tup, tupw, angush, tupi, bomo","tup, tupw, angush, tupi, bomo",,,,,,,,,,,,,,
hbo:2905,"safu, wonyesho, mstari, mistari, ya",,,,,,,,,,,,,,,,,,,,,
hbo:2907,,ayashukiaye,,,,,,,,,,,,,,,,,,,,
hbo:2908,"fung, saum, funga, hawafungi, wakiwa",,,,,,,,,,,,,,,,,,,,,
hbo:2909,,,,"fundish, pig, wapiga, fundisha, funz",,,,,,,,,,,,,,,,,,
hbo:2910,"ndani, yeti, iliyo, yumo, usal",,,,,,,,,,,,,,,,,,,,,
hbo:2911,"sag, one, sagi, wakanisagia, atasaga",,,,,,,,,,,,,,,,,,,,,
hbo:2912,,"sag, one, sagi, wakanisagia, atasaga",,,,,,,,,,,,,,,,,,,,
hbo:2913,kinu,,,,,,,,,,,,,,,,,,,,,
hbo:2914,jip,,,,,,,,,,,,,,,,,,,,,
hbo:2915,kuko,,,,,,,,,,,,,,,,,,,,,
hbo:2916,"top, topen, waid, tumiw, tope",,,,,,,,,,,,,,,,,,,,,
hbo:2917,"top, topen, waid, tumiw, tope",,,,,,,,,,,,,,,,,,,,,
hbo:2918,"kamb, meko, wakikaa, tumjengee, tumhifadhi",,,,,,,,,,,,,,,,,,,,,
hbo:2919,"umande, toweka, manono",,,,,,,,,,,,,,,,,,,,,
hbo:2921,,"pwepw, upel, madoadoa, dond, vujiv",,,"pwepw, upel, madoadoa, dond, vujiv",,,,,,,,,,,,,,,,,
hbo:2923,telemu,,,,,,,,,,,,,,,,,,,,,
hbo:2924,"-kondo, kondoo, jik",,,,,,,,,,,,,,,,,,,,,
hbo:2925,"mateka, twa, uhamisho, hamish, wafungwa",,,,,,,,,,,,,,,,,,,,,
hbo:2928,telemu,,,,,,,,,,,,,,,,,,,,,
hbo:2928a,telemu,,,,,,,,,,,,,,,,,,,,,
hbo:2929,talmoni,,,,,,,,,,,,,,,,,,,,,
hbo:2930,"najisi, jis, pepo, chaf, cha","najisi, jis, jiti, najis, linajis, sipo, yegarsahadutha","najisi, jis, jiti, najis, linajis, sipo, yegarsahadutha","najisi, jis, jiti, najis, linajis, sipo, yegarsahadutha","najisi, jis, jiti, najis, linajis, sipo, yegarsahadutha","najisi, jis, jiti, najis, linajis, sipo, yegarsahadutha",,,,,,,,,,,,,,,,
hbo:2932,"najisi, jis, pepo, chaf, cha",,,,,,,,,,,,,,,,,,,,,
hbo:2933,,,"najisi, jis, jiti, najis, linajis",,,,,,,,,,,,,,,,,,,
hbo:2934,,"fich, siri, sitiri, mbali, tiri","fich, siri, sitiri, mbali, tiri",,,,"fich, siri, sitiri, mbali, tiri",,,,,,,,,,,,,,,
hbo:2935,"kap, kapu, nyungo, okot, ungo",,,,,,,,,,,,,,,,,,,,,
hbo:2936,,,,niivaeje,,,,,,,,,,,,,,,,,,
hbo:2937,,,,,,,"dangany, anga, kimbi, pote, tang",,,,,,,,,,,,,,,
hbo:2938,,"onj, ladh, akil, anda, muon",,,,,,,,,,,,,,,"karamu, lish, shib, papa, nyw",,,,,
hbo:2940,"onj, ladh, akil, anda, muon",,,,,,,,,,,,,,,,,,,,,
hbo:2943,,wabebesheni,,,,,,,,,,,,,,,,,,,,
hbo:2945,"watoto, mtoto, wana, mtumishi, wadogo",,,,,,,,,,,,,,,,,,,,,
hbo:2947,"shubir, urembo, shibiri, katw",,,,,,,,,,,,,,,,,,,,,
hbo:2948,"shubir, urembo, shibiri, katw",,,,,,,,,,,,,,,,,,,,,
hbo:2950,,"hubuni, nizuli, uyafumbe, waufunga, mstaajabu",,,,,,,,,,,,,,,,,,,,
hbo:2951,"ofis, wakuu, mkuu, watumishi, hakim",,,,,,,,,,,,,,,,,,,,,
hbo:2952,,madaha,,,,,,,,,,,,,,,,,,,,
hbo:2953,"dol, kuch, akat",,,,,,,,,,,,,,,,,,,,,
hbo:2954,,shahamu,,,,,,,,,,,,,,,,,,,,
hbo:2955,tafathi,,,,,,,,,,,,,,,,,,,,,
hbo:2956,,"fuati, fukuz, fuat, nifuati, niudh",,,,,,,,,,,,,"fuati, fukuz, fuat, nifuati, niudh","fuati, fukuz, fuat, nifuati, niudh",,,,,,
hbo:2960,"mzig, leme, mizigo, wapagazi, alikuwa",,,,,,,,,,,,,,,,,,,,,
hbo:2961,"bich, mbichi, rutuba, umea, chet",,,,,,,,,,,,,,,,,,,,,
hbo:2962,"kabl, tangu, aman, bado, kwanza",,,,,,,,,,,,,,,,,,,,,
hbo:2963,,"raru, bomo, raruli, kat, pasu","raru, bomo, raruli, kat, pasu",,"raru, bomo, raruli, kat, pasu",,"raru, bomo, raruli, kat, pasu",,,,,,,,,,,,,,,
hbo:2964,"chakula, mkat, mikate, vyakula, mawindo",,,,,,,,,,,,,,,,,,,,,
hbo:2965,"bich, mbichi, rutuba, umea, chet",,,,,,,,,,,,,,,,,,,,,
hbo:2966,"raruli, watupi",,,,,,,,,,,,,,,,,,,,,
hbo:2967,wababeli,,,,,,,,,,,,,,,,,,,,,
hbo:2968,,"tama, shauku, fukuz, sana, man",,,,,,,,,,,,,,,,,,,,
hbo:2969,,kuch,,,,,,,,,,,,,,,,,,,,
hbo:2970,"yaazania, yezania",,,,,,,,,,,,,,,,,,,,,
hbo:2971,"yairi, hawoth-yairi",,,,,,,,,,,,,,,,,,,,,
hbo:2972,myairi,,,,,,,,,,,,,,,,,,,,,
hbo:2973,,,"fedhehe, zamw, weka, olew, umba, wajinga, upuz, mjinga, wazimu",,,,,,,,,,,,,,,,,,,
hbo:2974,,,,,,,"kubal, radh, hiar, tak, kata",,,,,,,,,,,,,,,
hbo:2975,"mto, mton, mito, nile, mifereji",,,,,,,,,,,,,,,,,,,,,
hbo:2976,,,"tumain, tumai, pas, hatukati, ishw","tumain, tumai, pas, hatukati, ishw",,,,,,,,,,,,,,,,,,
hbo:2977,yosia,,,,,,,,,,,,,,,,,,,,,
hbo:2977a,yosia,,,,,,,,,,,,,,,,,,,,,
hbo:2979,yeatherai,,,,,,,,,,,,,,,,,,,,,
hbo:2980,,,,"lili, kili, kelel, paz, mlili",,,,,,,,,,,,,,,,,,
hbo:2981,"itatoa, isitoe, maza, vuli, mavuno",,,,,,,,,,,,,,,,,,,,,
hbo:2982,yebusi,,,,,,,,,,,,,,,,,,,,,
hbo:2983,"myebusi, wayebusi",,,,,,,,,,,,,,,,,,,,,
hbo:2984,"ibhari, elishua",,,,,,,,,,,,,,,,,,,,,
hbo:2985,yabini,,,,,,,,,,,,,,,,,,,,,
hbo:2986,,,,,,,"mwimbishaji, chukuli, mtindo, hedaya, wenye","mwimbishaji, chukuli, mtindo, hedaya, wenye",,,,,,,,,,"let, pelek, lete, tanguli, chuku",,,,
hbo:2988,"mito, jit, mkondo, mifereji, wawapa",,,,,,,,,,,,,,,,,,,,,
hbo:2989,yabali,,,,,,,,,,,,,,,,,,,,,
hbo:2990,"pwepw, upel, madoadoa, dond, vujiv",,,,,,,,,,,,,,,,,,,,,
hbo:2991,ibleamu,,,,,,,,,,,,,,,,,,,,,
hbo:2992,,,,"ndugu, nduguye, nduguze, nduguyo, kaka",,,,,,,,,,,,,,,,,,
hbo:2993,"ndugu, nduguye, nduguze, nduguyo, kaka",,,,,,,,,,,,,,,,,,,,,
hbo:2994,"dada, nduguye, ndugu, kike, hili",,,,,,,,,,,,,,,,,,,,,
hbo:2995,yabneeli,,,,,,,,,,,,,,,,,,,,,
hbo:2996,yabne,,,,,,,,,,,,,,,,,,,,,
hbo:2997,ibneya,,,,,,,,,,,,,,,,,,,,,
hbo:2998,ibniya,,,,,,,,,,,,,,,,,,,,,
hbo:2999,yaboki,,,,,,,,,,,,,,,,,,,,,
hbo:3000,yeberekia,,,,,,,,,,,,,,,,,,,,,
hbo:3001,"kavu, kauk, pakavu, kaush, ukam","kauk, kaush, nyau, yakau, yakauka",,"kauk, kaush, nyau, yakau, yakauka",,,"kauk, kaush, nyau, yakau, yakauka",,,,,,,,,,,,,,,
hbo:3003b,"yabesh-gileadi, yabeshi",,,,,,,,,,,,,,,,,,,,,
hbo:3004,"kavu, kauk, pakavu, kaush, ukam",,,,,,,,,,,,,,,,,,,,,
hbo:3005,ibsamu,,,,,,,,,,,,,,,,,,,,,
hbo:3006,"kavu, kauk, pakavu, kaush, ukam",,,,,,,,,,,,,,,,,,,,,
hbo:3008,igali,,,,,,,,,,,,,,,,,,,,,
hbo:3009,,"shamb, shamban, konden, lim, nchi",,,,,,,,,,,,,,,,,,,,
hbo:3010,"shamb, shamban, konden, lim, nchi",,,,,,,,,,,,,,,,,,,,,
hbo:3011,yogbeha,,,,,,,,,,,,,,,,,,,,,
hbo:3012,igdalia,,,,,,,,,,,,,,,,,,,,,
hbo:3013,,,"mateso, tesw, huzuni, tes, maumivu","mateso, tesw, huzuni, tes, maumivu",,,"mateso, tesw, huzuni, tes, maumivu",,,,,,,,,,,,,,,
hbo:3015,"huzuni, sikitik, zimi, ziharibike",,,,,,,,,,,,,,,,,,,,,
hbo:3016,"ogop, hofu, kumcha, tish, kich",,,,,,,,,,,,,,,,,,,,,
hbo:3017,yaguri,,,,,,,,,,,,,,,,,,,,,
hbo:3018,"kazi, taab, yojishughuli, masumbufu, miza",,,,,,,,,,,,,,,,,,,,,
hbo:3019,"hai, mgonjwa, ugu, wagonjwa, zimi",,,,,,,,,,,,,,,,,,,,,
hbo:3020,yogli,,,,,,,,,,,,,,,,,,,,,
hbo:3021,,"hai, mgonjwa, ugu, wagonjwa, zimi",,"hai, mgonjwa, ugu, wagonjwa, zimi",,,"hai, mgonjwa, ugu, wagonjwa, zimi",,,,,,,,,,,,,,,
hbo:3022,"kazi, taab, yojishughuli, masumbufu, miza",,,,,,,,,,,,,,,,,,,,,
hbo:3023,"hai, mgonjwa, ugu, wagonjwa, zimi",,,,,,,,,,,,,,,,,,,,,
hbo:3024,"hai, mgonjwa, ugu, wagonjwa, zimi",,,,,,,,,,,,,,,,,,,,,
hbo:3025,,"ogop, hofu, kumcha, tish, kich",,,,,,,,,,,,,,,,,,,,
hbo:3026,"sipo, yegarsahadutha",,,,,,,,,,,,,,,,,,,,,
hbo:3027,"mkono, mikono, mkononi, mikononi, kwa, upande, ubav, mbavuni, pemb, ubavuni",,,,,,,,,,,,,,,,,,,,,
hbo:3030,idala,,,,,,,,,,,,,,,,,,,,,
hbo:3031,idbashi,,,,,,,,,,,,,,,,,,,,,
hbo:3032,,"chagu, wateule, chaguli, mteule, acha",,,,,,,,,,,,,,,,,,,,
hbo:3033,"pend, wapenzi, mpenzi, mjomba, mdog",,,,,,,,,,,,,,,,,,,,,
hbo:3034,,,,,,"shukur, barik, mshukuruni, sif, bariki","shukur, barik, mshukuruni, sif, bariki",,,,,,,,,,,"shukur, barik, mshukuruni, sif, bariki",,,,
hbo:3034a,,"shukur, barik, mshukuruni, sif, bariki",,"shukur, barik, mshukuruni, sif, bariki",,,,,,,,,,,,,,,,,,
hbo:3035,ido,,,,,,,,,,,,,,,,,,,,,
hbo:3036,yadoni,,,,,,,,,,,,,,,,,,,,,
hbo:3037,yadua,,,,,,,,,,,,,,,,,,,,,
hbo:3038,"yeduthuni, nimpazie, yamngoja",,,,,,,,,,,,,,,,,,,,,
hbo:3039,"pend, wapenzi, mpenzi, mjomba, mdog, penda, mapenzi, rafik",,,,,,,,,,,,,,,,,,,,,
hbo:3040,yedida,,,,,,,,,,,,,,,,,,,,,
hbo:3041,yedidia,,,,,,,,,,,,,,,,,,,,,
hbo:3042,yedaya,,,,,,,,,,,,,,,,,,,,,
hbo:3043,yediaeli,,,,,,,,,,,,,,,,,,,,,
hbo:3044,yidlafu,,,,,,,,,,,,,,,,,,,,,
hbo:3045,,"kuju, naju, yaju, waju, mwon","kuju, naju, yaju, waju, mwon","kuju, naju, yaju, waju, mwon","kuju, naju, yaju, waju, mwon","kuju, naju, yaju, waju, mwon","kuju, naju, yaju, waju, mwon","kuju, naju, yaju, waju, mwon",,,,,"kuju, naju, yaju, waju, mwon",,"kuju, naju, yaju, waju, mwon",,,"kuju, naju, yaju, waju, mwon",,,,
hbo:3047,yada,,,,,,,,,,,,,,,,,,,,,
hbo:3048,yedaya,,,,,,,,,,,,,,,,,,,,,
hbo:3049,"acha, buz, uganga, pepo, bashir",,,,,,,,,,,,,,,,,,,,,
hbo:3051,,"wap, pew, wek, akampa, wati",,,,,,,,,,,,,"wap, pew, wek, akampa, wati","wap, pew, wek, akampa, wati",,,,,"wap, pew, wek, akampa, wati",
hbo:3053,"mzig, leme, mizigo, wapagazi, alikuwa",,,,,,,,,,,,,,,,,,,,,
hbo:3056,yadai,,,,,,,,,,,,,,,,,,,,,
hbo:3058,yehu,,,,,,,,,,,,,,,,,,,,,
hbo:3059,"yehoahazi, ahazia",,,,,,,,,,,,,,,,,,,,,
hbo:3060,"yehoashi, yoashi",,,,,,,,,,,,,,,,,,,,,
hbo:3061,"yudea, yuda, galilaya, kuwak",,,,,,,,,,,,,,,,,,,,,
hbo:3063,"yuda, wajumbe",,,,,,,,,,,,,,,,,,,,,
hbo:3064,"wayahudi, myahudi, kiyahudi, yudea, hawa",,,,,,,,,,,,,,,,,,,,,
hbo:3065,"yehudi, kurasa, litwae",,,,,,,,,,,,,,,,,,,,,
hbo:3067,yudithi,,,,,,,,,,,,,,,,,,,,,
hbo:3068,"bwana, mungu, ee, yehova, naye",,,,,,,,,,,,,,,,,,,,,
hbo:3075,yehozabadi,,,,,,,,,,,,,,,,,,,,,
hbo:3076,"yehohanani, yohana",,,,,,,,,,,,,,,,,,,,,
hbo:3077,"yehoyada, yoyada",,,,,,,,,,,,,,,,,,,,,
hbo:3078,"yekonia, yehoyakini",,,,,,,,,,,,,,,,,,,,,
hbo:3079,"yehoyakimu, ilik",,,,,,,,,,,,,,,,,,,,,
hbo:3080,"yehoyaribu, yehoiaribu",,,,,,,,,,,,,,,,,,,,,
hbo:3081,yehukali,,,,,,,,,,,,,,,,,,,,,
hbo:3082,"yonadabu, yehonadabu, nikione, babako",,,,,,,,,,,,,,,,,,,,,
hbo:3083,"yonathani, ahidia",,,,,,,,,,,,,,,,,,,,,
hbo:3084,yusufu,,,,,,,,,,,,,,,,,,,,,
hbo:3085,yara,,,,,,,,,,,,,,,,,,,,,
hbo:3087,"yehosadaki, jasiri",,,,,,,,,,,,,,,,,,,,,
hbo:3088,"yehoramu, yoramu",,,,,,,,,,,,,,,,,,,,,
hbo:3089,yehosheba,,,,,,,,,,,,,,,,,,,,,
hbo:3090,yehosheba,,,,,,,,,,,,,,,,,,,,,
hbo:3091,yoshua,,,,,,,,,,,,,,,,,,,,,
hbo:3092,"yehoshafati, tumwulize",,,,,,,,,,,,,,,,,,,,,
hbo:3093,"kiburi, stahili, mdhalili, mchumi, mshu",,,,,,,,,,,,,,,,,,,,,
hbo:3094,yehaleleli,,,,,,,,,,,,,,,,,,,,,
hbo:3095,"zabarajadi, yasp, almasi",,,,,,,,,,,,,,,,,,,,,
hbo:3096,yahasa,,,,,,,,,,,,,,,,,,,,,
hbo:3097,yoabu,,,,,,,,,,,,,,,,,,,,,
hbo:3098,yoa,,,,,,,,,,,,,,,,,,,,,
hbo:3099,"yehoahazi, yoahazi",,,,,,,,,,,,,,,,,,,,,
hbo:3100,yoeli,,,,,,,,,,,,,,,,,,,,,
hbo:3101,"yoashi, yehoashi",,,,,,,,,,,,,,,,,,,,,
hbo:3102,yashubu,,,,,,,,,,,,,,,,,,,,,
hbo:3103,yobabu,,,,,,,,,,,,,,,,,,,,,
hbo:3104,"ili, hilo, fululi, nalo, bei",,,,,,,,,,,,,,,,,,,,,
hbo:3106,yubali,,,,,,,,,,,,,,,,,,,,,
hbo:3107,yozabadi,,,,,,,,,,,,,,,,,,,,,
hbo:3109,yoha,,,,,,,,,,,,,,,,,,,,,
hbo:3110,"yohana, usilitende",,,,,,,,,,,,,,,,,,,,,
hbo:3111,"yehoyada, yoyada",,,,,,,,,,,,,,,,,,,,,
hbo:3112,"yekonia, yehoyakini",,,,,,,,,,,,,,,,,,,,,
hbo:3113,yoyakimu,,,,,,,,,,,,,,,,,,,,,
hbo:3114,yoyaribu,,,,,,,,,,,,,,,,,,,,,
hbo:3115,yokebedi,,,,,,,,,,,,,,,,,,,,,
hbo:3116,yukali,,,,,,,,,,,,,,,,,,,,,
hbo:3117,"siku, leo, wakati, kutw, cha",,,,,,,,,,,,,,,,,,,,,
hbo:3119,"siku, leo, wakati, kutw, cha",,,,,,,,,,,,,,,,,,,,,
hbo:3120,"ugiriki, yavani",,,,,,,,,,,,,,,,,,,,,
hbo:3121,"top, topen, waid, tumiw, tope",,,,,,,,,,,,,,,,,,,,,
hbo:3122,"yonadabu, tumetii, tumekaa",,,,,,,,,,,,,,,,,,,,,
hbo:3123,"njiw, hua",,,,,,,,,,,,,,,,,,,,,
hbo:3124,yona,,,,,,,,,,,,,,,,,,,,,
hbo:3125,wauzi,,,,,,,,,,,,,,,,,,,,,
hbo:3126,mziz,,,,,,,,,,,,,,,,,,,,,
hbo:3127,"taw, mwanzi, tawi, chipukiz, mianzi",,,,,,,,,,,,,,,,,,,,,
hbo:3129,"yonathani, bebe, beba, mbemba",,,,,,,,,,,,,,,,,,,,,
hbo:3130,yusufu,,,,,,,,,,,,,,,,,,,,,
hbo:3131,yosifia,,,,,,,,,,,,,,,,,,,,,
hbo:3132,yoela,,,,,,,,,,,,,,,,,,,,,
hbo:3133,"yoedi, maaseva",,,,,,,,,,,,,,,,,,,,,
hbo:3134,"yoezeri, azaleli",,,,,,,,,,,,,,,,,,,,,
hbo:3135,"yoashi, yehoashi",,,,,,,,,,,,,,,,,,,,,
hbo:3136,yosadaki,,,,,,,,,,,,,,,,,,,,,
hbo:3137,yokimu,,,,,,,,,,,,,,,,,,,,,
hbo:3138,"mvua, nyesh, nyeshe, masika, manyunyu",,,,,,,,,,,,,,,,,,,,,
hbo:3139,harifu,,,,,,,,,,,,,,,,,,,,,
hbo:3140,yorai,,,,,,,,,,,,,,,,,,,,,
hbo:3141,"yoramu, yehoramu, auguzwe",,,,,,,,,,,,,,,,,,,,,
hbo:3142,yushab-hesedi,,,,,,,,,,,,,,,,,,,,,
hbo:3143,yoshibia,,,,,,,,,,,,,,,,,,,,,
hbo:3144,yosha,,,,,,,,,,,,,,,,,,,,,
hbo:3145,yoshavia,,,,,,,,,,,,,,,,,,,,,
hbo:3146,yoshafati,,,,,,,,,,,,,,,,,,,,,
hbo:3147,yothamu,,,,,,,,,,,,,,,,,,,,,
hbo:3148,"faid, zaidi, faidi, pit, manufaa",,,,,,,,,,,,,,,,,,,,,
hbo:3150,izia,,,,,,,,,,,,,,,,,,,,,
hbo:3151,"yazizi, mhagri",,,,,,,,,,,,,,,,,,,,,
hbo:3152,izlia,,,,,,,,,,,,,,,,,,,,,
hbo:3153,yezania,,,,,,,,,,,,,,,,,,,,,
hbo:3154,jash,,,,,,,,,,,,,,,,,,,,,
hbo:3155,mwizrahi,,,,,,,,,,,,,,,,,,,,,
hbo:3156,"izrahia, yezrahia",,,,,,,,,,,,,,,,,,,,,
hbo:3157,yezreeli,,,,,,,,,,,,,,,,,,,,,
hbo:3158,"myezreeli, yezreeli",,,,,,,,,,,,,,,,,,,,,
hbo:3162,"pamoja, unga, umoj, nia, moyo, pia, wote, kuniua, upande",,,,,,,,,,,,,,,,,,,,,
hbo:3162a,"pamoja, unga, umoj, nia, moyo, pia, wote, kuniua, upande",,,,,,,,,,,,,,,,,,,,,
hbo:3173,"peke, mteswa, pew, chezachez, mpenzi",,,,,,,,,,,,,,,,,,,,,
hbo:3175,"ngoj, ngoje, tumain, utaza, umtarajie",,,,,,,,,,,,,,,,,,,,,
hbo:3176,,,"ngoj, ngoje, tumain, utaza, umtarajie","ngoj, ngoje, tumain, utaza, umtarajie",,,"ngoj, ngoje, tumain, utaza, umtarajie",,,,,,,,,,,,,,,
hbo:3179,,"mimb, zali, nikaota",,"mimb, zali, nikaota",,,,,,,,,,,,,,,,,,
hbo:3188,nasaba,,,,,,,,,,,,,,,,,,,,,
hbo:3190,,"mema, wema, vema, njem, jema, aonavyo, osha, kibali",,,,,"mema, wema, vema, njem, jema, aonavyo, osha, kibali",,,,,,,,"mema, wema, vema, njem, jema",,,,,,,
hbo:3196,"diva, mvinyo, rib, shinikiz, zabibu",,,,,,,,,,,,,,,,,,,,,
hbo:3198,,,"keme, maonyo, lawama, hoja, ony",,,"keme, maonyo, lawama, hoja, ony","keme, maonyo, lawama, hoja, ony","keme, maonyo, lawama, hoja, ony",,,,,,,,,,,,,,
hbo:3200,wayakini,,,,,,,,,,,,,,,,,,,,,
hbo:3201,,"wez, awe, iwe, weza, awez",,,,,,,,,,,,,"wez, awe, iwe, weza, awez",,,,,,,
hbo:3204,yekonia,,,,,,,,,,,,,,,,,,,,,
hbo:3205,,"mza, zaliw, kaza, zali, kuza","mza, zaliw, kaza, zali, kuza","mza, zaliw, kaza, zali, kuza","mza, zaliw, kaza, zali, kuza","mza, zaliw, kaza, zali, kuza","mza, zaliw, kaza, zali, kuza","mza, zaliw, kaza, zali, kuza",,,,,,,,,,,,,,
hbo:3206,"jan, mtoto, ujan, mtumishi, watoto",,,,,,,,,,,,,,,,,,,,,
hbo:3207,"chan, jan, mwanamke, jakaz, nawa",,,,,,,,,,,,,,,,,,,,,
hbo:3208,"jan, mtoto, ujan, mtumishi, watoto",,,,,,,,,,,,,,,,,,,,,
hbo:3209,"zaliw, mzalia, mzaliwa, wazaliwa, zaliwa",,,,,,,,,,,,,,,,,,,,,
hbo:3210,yaloni,,,,,,,,,,,,,,,,,,,,,
hbo:3211,"zaliw, mzalia, mzaliwa, wazaliwa, zaliwa",,,,,,,,,,,,,,,,,,,,,
hbo:3213,,,,,,,"yowe, ombole, pigeni, ombolezeni, omboleze",,,,,,,,,,,,,,,
hbo:3214,"alimzunguka, bund",,,,,,,,,,,,,,,,,,,,,
hbo:3215,"yowe, ombole, pigeni, ombolezeni, omboleze",,,,,,,,,,,,,,,,,,,,,
hbo:3217,"pwepw, upel, madoadoa, dond, vujiv",,,,,,,,,,,,,,,,,,,,,
hbo:3218,"nzig, tunutu, panz, parare, madumadu",,,,,,,,,,,,,,,,,,,,,
hbo:3219,mkob,,,,,,,,,,,,,,,,,,,,,
hbo:3220,"bahari, magharibi, baharini, pwan, kavu",,,,,,,,,,,,,,,,,,,,,
hbo:3222,"moto, joto, akiota, hu, chakula",,,,,,,,,,,,,,,,,,,,,
hbo:3223,kikanaani,,,,,,,,,,,,,,,,,,,,,
hbo:3224,yemima,,,,,,,,,,,,,,,,,,,,,
hbo:3225,"wabenyamini, mbenyamini",,,,,,,,,,,,,,,,,,,,,
hbo:3226,yamini,,,,,,,,,,,,,,,,,,,,,
hbo:3228,"wabenyamini, mbenyamini",,,,,,,,,,,,,,,,,,,,,
hbo:3229,"imla, hanibashirii",,,,,,,,,,,,,,,,,,,,,
hbo:3230,yamleki,,,,,,,,,,,,,,,,,,,,,
hbo:3232,imna,,,,,,,,,,,,,,,,,,,,,
hbo:3234,helemu,,,,,,,,,,,,,,,,,,,,,
hbo:3236,imra,,,,,,,,,,,,,,,,,,,,,
hbo:3238,,"onew, one, dhulum, waon, wone",,,,,"onew, one, dhulum, waon, wone",,,,,,,,,,,,,,,
hbo:3239,yanoa,,,,,,,,,,,,,,,,,,,,,
hbo:3241a,yanumu,,,,,,,,,,,,,,,,,,,,,
hbo:3242,"taw, mwanzi, tawi, chipukiz, mianzi",,,,,,,,,,,,,,,,,,,,,
hbo:3243,,"onya, nyonye, nyony, onyesha, mlez",,,,,"onya, nyonye, nyony, onyesha, mlez",,,,,,,,,,,,,,,
hbo:3243a,"onya, nyonye, nyony, onyesha, mlez",,,,,,,,,,,,,,,,,,,,,
hbo:3244,bund,,,,,,,,,,,,,,,,,,,,,
hbo:3245,,"msingi, misingi, maka, wek, kuitia","msingi, misingi, maka, wek, kuitia","msingi, misingi, maka, wek, kuitia","msingi, misingi, maka, wek, kuitia",,,"msingi, misingi, maka, wek, kuitia",,,,,,,,,,,,,,
hbo:3246,"mwanzo, kwanza, wekw, enzi, wal",,,,,,,,,,,,,,,,,,,,,
hbo:3247,"msingi, misingi, maka, wek, kuitia",,,,,,,,,,,,,,,,,,,,,
hbo:3248,"msingi, misingi, maka, wek, kuitia",,,,,,,,,,,,,,,,,,,,,
hbo:3252,iska,,,,,,,,,,,,,,,,,,,,,
hbo:3253,ismakia,,,,,,,,,,,,,,,,,,,,,
hbo:3254,,"tena, ongez, zid, mara, ongeze","tena, ongez, zid, mara, ongeze",,,,"tena, ongez, zid, mara, ongeze","tena, ongez, zid, mara, ongeze",,,,,,,,,,,,,,
hbo:3256,,"fundish, rudi, maonyo, rud, adhabu","fundish, rudi, maonyo, rud, adhabu","fundish, rudi, maonyo, rud, adhabu",,,"fundish, rudi, maonyo, rud, adhabu",,,,"fundish, rudi, maonyo, rud, adhabu",,,,,,,,,,,
hbo:3257,"jemb, sepetu, miik, ungo, vyungu",,,,,,,,,,,,,,,,,,,,,
hbo:3258,yabesi,,,,,,,,,,,,,,,,,,,,,
hbo:3259,,"wek, amriw, wekw, kutan, kuta","wek, amriw, wekw, kutan, kuta",,,,"wek, amriw, wekw, kutan, kuta","wek, amriw, wekw, kutan, kuta",,,,,,,,,,,,,,
hbo:3260,yahusu,,,,,,,,,,,,,,,,,,,,,
hbo:3261,,"fagi, fagili, ule, rudi, aion",,,,,,,,,,,,,,,,,,,,
hbo:3262,yeueli,,,,,,,,,,,,,,,,,,,,,
hbo:3263,yeusi,,,,,,,,,,,,,,,,,,,,,
hbo:3266,yeushi,,,,,,,,,,,,,,,,,,,,,
hbo:3267,,,gum,,,,,,,,,,,,,,,,,,,
hbo:3268,uni,,,,,,,,,,,,,,,,,,,,,
hbo:3269,"yaazia, beno",,,,,,,,,,,,,,,,,,,,,
hbo:3270,yazeri,,,,,,,,,,,,,,,,,,,,,
hbo:3273,"yeieli, yeueli, pohesabi",,,,,,,,,,,,,,,,,,,,,
hbo:3275,yakani,,,,,,,,,,,,,,,,,,,,,
hbo:3276,,,,,,,"faid, faidi, pat, yafa, vitu",,,,,,,,,,,,,,,
hbo:3277,"mbuz, beber, mwit",,,,,,,,,,,,,,,,,,,,,
hbo:3278,yaeli,,,,,,,,,,,,,,,,,,,,,
hbo:3280,"lung, ayal, misitu",,,,,,,,,,,,,,,,,,,,,
hbo:3281,yalamu,,,,,,,,,,,,,,,,,,,,,
hbo:3282,"sababu, ajili, ili, kuwa, upat, dani",,,,,,,,,,,,,,,,,,,,,
hbo:3283,mbun,,,,,,,,,,,,,,,,,,,,,
hbo:3284,mbun,,,,,,,,,,,,,,,,,,,,,
hbo:3285,yanai,,,,,,,,,,,,,,,,,,,,,
hbo:3286,,"fadhai, zimi, chok, hofu, haraka",,,,,,"fadhai, zimi, chok, hofu, haraka",,,,,,,,,,,,,,
hbo:3287,"hai, mgonjwa, ugu, wagonjwa, zimi",,,,,,,,,,,,,,,,,,,,,
hbo:3288,"hai, mgonjwa, ugu, wagonjwa, zimi",,,,,,,,,,,,,,,,,,,,,
hbo:3289,,"shaur, ushauri, washauri, mshauri, kusud","shaur, ushauri, washauri, mshauri, kusud",,,"shaur, ushauri, washauri, mshauri, kusud",,,,,,,,,,,,,,,,
hbo:3290,"yakobo, israeli",,,,,,,,,,,,,,,,,,,,,
hbo:3291,yaakoba,,,,,,,,,,,,,,,,,,,,,
hbo:3292,bene-yaakani,,,,,,,,,,,,,,,,,,,,,
hbo:3293,"msit, mti, tun, mwituni, rung",,,,,,,,,,,,,,,,,,,,,
hbo:3293b,"msit, mti, tun, mwituni, rung, asal, sega",,,,,,,,,,,,,,,,,,,,,
hbo:3294,yara,,,,,,,,,,,,,,,,,,,,,
hbo:3295,"asal, sega",,,,,,,,,,,,,,,,,,,,,
hbo:3295a,"asal, sega",,,,,,,,,,,,,,,,,,,,,
hbo:3297,yearimu,,,,,,,,,,,,,,,,,,,,,
hbo:3298,yaareshia,,,,,,,,,,,,,,,,,,,,,
hbo:3299,yaasu,,,,,,,,,,,,,,,,,,,,,
hbo:3300,yaasieli,,,,,,,,,,,,,,,,,,,,,
hbo:3301,ifdeya,,,,,,,,,,,,,,,,,,,,,
hbo:3302,,"uzur, mzur, utukufu, fahari, tuku",,"uzur, mzur, utukufu, fahari, tuku",,"uzur, mzur, utukufu, fahari, tuku",,,,,,,,,,,,,,,,
hbo:3303,"uzur, mzur, utukufu, fahari, tuku",,,,,,,,,,,,,,,,,,,,,
hbo:3305,yafa,,,,,,,,,,,,,,,,,,,,,
hbo:3307,"pumz, pulizi, fukuti, hakosi, tamk",,,,,,,,,,,,,,,,,,,,,
hbo:3308,"uzur, mzur, utukufu, fahari, tuku",,,,,,,,,,,,,,,,,,,,,
hbo:3309,yafia,,,,,,,,,,,,,,,,,,,,,
hbo:3309a,yafia,,,,,,,,,,,,,,,,,,,,,
hbo:3310,yafleti,,,,,,,,,,,,,,,,,,,,,
hbo:3311,wayafleti,,,,,,,,,,,,,,,,,,,,,
hbo:3312,yefune,,,,,,,,,,,,,,,,,,,,,
hbo:3313,,,,,,,"ng'a, anga, onekan, toke, angaz",,,,,,,,,,,,,,,
hbo:3314,"adhama, heshima, utukufu, fahari, uzur",,,,,,,,,,,,,,,,,,,,,
hbo:3315,yafethi,,,,,,,,,,,,,,,,,,,,,
hbo:3316,"yeftha, usiki, nireje",,,,,,,,,,,,,,,,,,,,,
hbo:3316a,"yeftha, usiki, nireje",,,,,,,,,,,,,,,,,,,,,
hbo:3318,,"ingi, tok, let, kuj, fik",,,,,"ingi, tok, let, kuj, fik","ingi, tok, let, kuj, fik",,,,,,,,,,,,"ish, timi, maliz, anga, zima",,
hbo:3320,,,,,,"simam, wek, simami, amen, simama",,,,,,,,,,,"kuju, naju, yaju, waju, mwon",,,,,
hbo:3322,,,,,,,"choo, sichw, kich, kuchwa, uliy","choo, sichw, kich, kuchwa, uliy",,,,,,,,,,,,,,
hbo:3323,"mafuta, masihi, tiw, pak, pakw",,,,,,,,,,,,,,,,,,,,,
hbo:3324,ishari,,,,,,,,,,,,,,,,,,,,,
hbo:3325,waishari,,,,,,,,,,,,,,,,,,,,,
hbo:3326,"tand, tandan, godor, lal, malazi, sakafu, mbavuni, liti, wato",,,,,,,,,,,,,,,,,,,,,
hbo:3327,isaka,,,,,,,,,,,,,,,,,,,,,
hbo:3330,"fulani, karibu, lenyewe, hus, mawaziri",,,,,,,,,,,,,,,,,,,,,
hbo:3331,,,,,,,"vidudu, unyasi","vidudu, unyasi",,,,,,,,,,,,,,
hbo:3332,,"mwag, mwagi, mimi, umwa, wag",,,,,"mwag, mwagi, mimi, umwa, wag","mwag, mwagi, mimi, umwa, wag",,,,,,,,,,,,,,
hbo:3333,"kusubu, poyeyush, yeyush, mirija, kalibu",,,,,,,,,,,,,,,,,,,,,
hbo:3335,,"mfinyanzi, umb, yeye, iwe, namn","mfinyanzi, umb, yeye, iwe, namn",,"mfinyanzi, umb, yeye, iwe, namn",,,"mfinyanzi, umb, yeye, iwe, namn",,,,,,,,,,,,,,
hbo:3335a,"mfinyanzi, umb, yeye, iwe, namn",,,,,,,,,,,,,,,,,,,,,
hbo:3336,"kusud, akaila, fikira, aitaye, tuju",,,,,,,,,,,,,,,,,,,,,
hbo:3337,"yeseri, wayeseri",,,,,,,,,,,,,,,,,,,,,
hbo:3340,seri,,,,,,,,,,,,,,,,,,,,,
hbo:3341,,"gus, wash, tekete, wak, waka","gus, wash, tekete, wak, waka",,,,"gus, wash, tekete, wak, waka",,,,,,,,,,,,,,,
hbo:3342,"diva, mvinyo, rib, shinikiz, zabibu",,,,,,,,,,,,,,,,,,,,,
hbo:3343,yekabzeeli,,,,,,,,,,,,,,,,,,,,,
hbo:3344,,"wak, tekete, chom, ondo, teketez",,,,,,"wak, tekete, chom, ondo, teketez",,,,,,,"wak, tekete, chom, ondo, teketez",,,,,,,
hbo:3347,yokdeamu,,,,,,,,,,,,,,,,,,,,,
hbo:3348,aguri,,,,,,,,,,,,,,,,,,,,,
hbo:3349,"kuti, kumtii, watiini, mti, sikiliz",,,,,,,,,,,,,,,,,,,,,
hbo:3350,"wak, tekete, chom, ondo, teketez",,,,,,,,,,,,,,,,,,,,,
hbo:3351,"kuw, ikawa, kuwa, itakuwa, alikuwa",,,,,,,,,,,,,,,,,,,,,
hbo:3353,"winda, wategao",,,,,,,,,,,,,,,,,,,,,
hbo:3354,yekuthieli,,,,,,,,,,,,,,,,,,,,,
hbo:3355,yoktani,,,,,,,,,,,,,,,,,,,,,
hbo:3356,yakimu,,,,,,,,,,,,,,,,,,,,,
hbo:3358,"hama, heshim, heshima, uzur, tunu",,,,,,,,,,,,,,,,,,,,,
hbo:3359,yekamia,,,,,,,,,,,,,,,,,,,,,
hbo:3360,yekameamu,,,,,,,,,,,,,,,,,,,,,
hbo:3361,yokmeamu,,,,,,,,,,,,,,,,,,,,,
hbo:3362,yokneamu,,,,,,,,,,,,,,,,,,,,,
hbo:3363,,"faraka, watundi, tundi, uwanyongee, uonyeke",,,,,"faraka, watundi, tundi, uwanyongee, uonyeke","faraka, watundi, tundi, uwanyongee, uonyeke",,,,,,,,,,,,,,
hbo:3364,,"amk, niamkapo, wasiamke, taharaki, aotapo",,,,,,,,,,,,,,,,,,,,
hbo:3365,,"pako, zit, kuitoa, mtupie, kukina",,,,,"pako, zit, kuitoa, mtupie, kukina",,,,,,,,,,,,,,,
hbo:3366,"hama, heshim, heshima, uzur, tunu",,,,,,,,,,,,,,,,,,,,,
hbo:3368,"hama, heshim, heshima, uzur, tunu",,,,,,,,,,,,,,,,,,,,,
hbo:3369,,"kana, hutega, mteg, mitego, tanz, nasw, mtegoni","kana, hutega, mteg, mitego, tanz, nasw, mtegoni",,,,,,,,,,,,,,,,,,,
hbo:3370,yokshani,,,,,,,,,,,,,,,,,,,,,
hbo:3371,yoktheeli,,,,,,,,,,,,,,,,,,,,,
hbo:3372,"ogop, mch, kumcha, na, bali","ogop, hofu, kumcha, tish, kich","ogop, hofu, kumcha, tish, kich","ogop, hofu, kumcha, tish, kich",,,,,,,,,,,,,,,,,,
hbo:3374,"ogop, hofu, kumcha, tish, kich",,,,,,,,,,,,,,,,,,,,,
hbo:3375,iron,,,,,,,,,,,,,,,,,,,,,
hbo:3376,iriya,,,,,,,,,,,,,,,,,,,,,
hbo:3377,yarebu,,,,,,,,,,,,,,,,,,,,,
hbo:3378,"yerubaali, uzingativu, pizw",,,,,,,,,,,,,,,,,,,,,
hbo:3379,yeroboamu,,,,,,,,,,,,,,,,,,,,,
hbo:3380,"yerubaali, uzingativu, pizw",,,,,,,,,,,,,,,,,,,,,
hbo:3381,,"end, akaenda, shuk, nend, tok",,,,,"end, akaenda, shuk, nend, tok","end, akaenda, shuk, nend, tok",,,,,,,,,,,,,,
hbo:3382,yaredi,,,,,,,,,,,,,,,,,,,,,
hbo:3383,"yordani, uwaamuru",,,,,,,,,,,,,,,,,,,,,
hbo:3384,,"fundish, pig, wapiga, fundisha, funz","fundish, pig, wapiga, fundisha, funz",,,,"fundish, pig, wapiga, fundisha, funz",,,,,,,,,,,,,,,
hbo:3384a,,,,,,,"fundish, pig, wapiga, fundisha, funz",,,,,,,,,,,,,,,
hbo:3384b,,,,,,,"fundish, pig, wapiga, fundisha, funz",,,,,,,,,,,,,,,
hbo:3385,yerueli,,,,,,,,,,,,,,,,,,,,,
hbo:3386,yaroa,,,,,,,,,,,,,,,,,,,,,
hbo:3387,"bich, jan, mich, kijani, vyowap",,,,,,,,,,,,,,,,,,,,,
hbo:3388,yerusha,,,,,,,,,,,,,,,,,,,,,
hbo:3389,yerusalemu,,,,,,,,,,,,,,,,,,,,,
hbo:3391,"mwezi, miez",,,,,,,,,,,,,,,,,,,,,
hbo:3392,yera,,,,,,,,,,,,,,,,,,,,,
hbo:3394,"mwezi, hautatoa, itiw, uto, latambua",,,,,,,,,,,,,,,,,,,,,
hbo:3395,yerohamu,,,,,,,,,,,,,,,,,,,,,
hbo:3396,yerameeli,,,,,,,,,,,,,,,,,,,,,
hbo:3397,wayerameeli,,,,,,,,,,,,,,,,,,,,,
hbo:3398,"yarha, aolewe",,,,,,,,,,,,,,,,,,,,,
hbo:3399,,"sukum, suku, angush, fukuz, msongason, poto, mungu, niti, mwao, hao",,,,,,,,,,,,,,,,,,,,
hbo:3400,yerieli,,,,,,,,,,,,,,,,,,,,,
hbo:3402,"yaribu, sohari",,,,,,,,,,,,,,,,,,,,,
hbo:3403,yeribai,,,,,,,,,,,,,,,,,,,,,
hbo:3404,yeria,,,,,,,,,,,,,,,,,,,,,
hbo:3404a,yeria,,,,,,,,,,,,,,,,,,,,,
hbo:3405,yeriko,,,,,,,,,,,,,,,,,,,,,
hbo:3406,"yeremothi, yerimothi",,,,,,,,,,,,,,,,,,,,,
hbo:3407,"pazi, anda, tumiwa",,,,,,,,,,,,,,,,,,,,,
hbo:3408,yeriothi,,,,,,,,,,,,,,,,,,,,,
hbo:3409,"paja, pajan, upande, chake, paj",,,,,,,,,,,,,,,,,,,,,
hbo:3411,"pande, upande, mshutum, kand, nitakiinua",,,,,,,,,,,,,,,,,,,,,
hbo:3412,yarmuthi,,,,,,,,,,,,,,,,,,,,,
hbo:3413,yeremai,,,,,,,,,,,,,,,,,,,,,
hbo:3414,yeremia,,,,,,,,,,,,,,,,,,,,,
hbo:3414a,yeremia,,,,,,,,,,,,,,,,,,,,,
hbo:3415,,"radh, wagonjwa, magonjwa, chukiza, sumbuli",,,,,,,,,,,,,,,,,,,,
hbo:3416,irpeeli,,,,,,,,,,,,,,,,,,,,,
hbo:3417,,"mate, teme, mteme, nimeze",,,,,,,,,,,,,,,,,,,,
hbo:3418,"bich, jan, mich, kijani, vyowap",,,,,,,,,,,,,,,,,,,,,
hbo:3419,mbog,,,,,,,,,,,,,,,,,,,,,
hbo:3420,"ukungu, kuvu",,,,,,,,,,,,,,,,,,,,,
hbo:3421,yorkeamu,,,,,,,,,,,,,,,,,,,,,
hbo:3422,"bich, jan, mich, kijani, vyowap",,,,,,,,,,,,,,,,,,,,,
hbo:3423,,"milik, milk, ana, mwenye, fukuz","milik, milk, ana, mwenye, fukuz","milik, milk, ana, mwenye, fukuz",,,"milik, milk, ana, mwenye, fukuz",,,,,,,,,,,,,,,
hbo:3424,"milik, milk, ana, mwenye, fukuz",,,,,,,,,,,,,,,,,,,,,
hbo:3425,"milik, milk, ana, mwenye, fukuz",,,,,,,,,,,,,,,,,,,,,
hbo:3426,"kuw, ikawa, kuwa, itakuwa, alikuwa",,,,,,,,,,,,,,,,,,,,,
hbo:3427,,"wakaao, oka, akakaa, kuka, mkaa","wakaao, oka, akakaa, kuka, mkaa","wakaao, oka, akakaa, kuka, mkaa",,,"wakaao, oka, akakaa, kuka, mkaa","wakaao, oka, akakaa, kuka, mkaa",,,,,,,,,,,,,,
hbo:3428,yeshebeabu,,,,,,,,,,,,,,,,,,,,,
hbo:3431,ishba,,,,,,,,,,,,,,,,,,,,,
hbo:3432,wayashubu,,,,,,,,,,,,,,,,,,,,,
hbo:3433,yashubi-lehemu,,,,,,,,,,,,,,,,,,,,,
hbo:3434,yashobeamu,,,,,,,,,,,,,,,,,,,,,
hbo:3435,ishbaki,,,,,,,,,,,,,,,,,,,,,
hbo:3436,yoshbekasha,,,,,,,,,,,,,,,,,,,,,
hbo:3437,yashubu,,,,,,,,,,,,,,,,,,,,,
hbo:3438,ishva,,,,,,,,,,,,,,,,,,,,,
hbo:3439,yeshohava,,,,,,,,,,,,,,,,,,,,,
hbo:3440,ishvi,,,,,,,,,,,,,,,,,,,,,
hbo:3442,"yeshua, yoshua",,,,,,,,,,,,,,,,,,,,,
hbo:3442a,"yeshua, yoshua",,,,,,,,,,,,,,,,,,,,,
hbo:3444,"wokovu, tuokolewe, mch, wakiwa, nitatumaini",,,,,,,,,,,,,,,,,,,,,
hbo:3445,"bure, mitupu, fut, adhabu, sina",,,,,,,,,,,,,,,,,,,,,
hbo:3447,,,,,,,"nyoshe, zid, niziitapo, nyembamba, zije",,,,,,,,,,,,,,,
hbo:3448,yese,,,,,,,,,,,,,,,,,,,,,
hbo:3449,"ishia, ishiya",,,,,,,,,,,,,,,,,,,,,
hbo:3450,yesimieli,,,,,,,,,,,,,,,,,,,,,
hbo:3452,"nyikani, waku, elekea",,,,,,,,,,,,,,,,,,,,,
hbo:3453,"wazee, mzee, mvi, kale, uzee",,,,,,,,,,,,,,,,,,,,,
hbo:3454,yehishai,,,,,,,,,,,,,,,,,,,,,
hbo:3457,ishma,,,,,,,,,,,,,,,,,,,,,
hbo:3458,"ishmaeli, lau",,,,,,,,,,,,,,,,,,,,,
hbo:3459,"waishmaeli, mwishmaeli, tumuuze",,,,,,,,,,,,,,,,,,,,,
hbo:3460,ishmaya,,,,,,,,,,,,,,,,,,,,,
hbo:3461,ishmerai,,,,,,,,,,,,,,,,,,,,,
hbo:3462,,"ngiz, lal, sinzi, ngizi, nzia",,"ngiz, lal, sinzi, ngizi, nzia",,,,,,,,,,,,,,,,,,
hbo:3462a,,,"ngiz, lal, sinzi, ngizi, nzia",,,,,,,,,,,,,,,,,,,
hbo:3463,"ngiz, lal, sinzi, ngizi, nzia",,,,,,,,,,,,,,,,,,,,,
hbo:3465,"wazee, mzee, mvi, kale, uzee",,,,,,,,,,,,,,,,,,,,,
hbo:3466,yeshana,,,,,,,,,,,,,,,,,,,,,
hbo:3467,,,"oko, mwokozi, okok, okole, pony",,,,"oko, mwokozi, okok, okole, pony",,,,,,,,,,,,,,,
hbo:3468,"wokovu, tuokolewe, mch, wakiwa, nitatumaini",,,,,,,,,,,,,,,,,,,,,
hbo:3469,ishi,,,,,,,,,,,,,,,,,,,,,
hbo:3470,"isaya, yeshaya",,,,,,,,,,,,,,,,,,,,,
hbo:3470a,"isaya, yeshaya",,,,,,,,,,,,,,,,,,,,,
hbo:3471,"zabarajadi, yasp, almasi",,,,,,,,,,,,,,,,,,,,,
hbo:3472,ishpa,,,,,,,,,,,,,,,,,,,,,
hbo:3473,ishpani,,,,,,,,,,,,,,,,,,,,,
hbo:3474,,"pendeke, lain, suguli, pendez, nywele",,"pendeke, lain, suguli, pendez, nywele","pendeke, lain, suguli, pendez, nywele",,"pendeke, lain, suguli, pendez, nywele",,,,,,,,,,,,,,,
hbo:3475,yesheri,,,,,,,,,,,,,,,,,,,,,
hbo:3476,"adil, haki, wanyofu, unyofu, yaliyo",,,,,,,,,,,,,,,,,,,,,
hbo:3477,"adil, haki, wanyofu, unyofu, yaliyo",,,,,,,,,,,,,,,,,,,,,
hbo:3478,"israeli, waisraeli, mwisraeli, yuda, kati",,,,,,,,,,,,,,,,,,,,,
hbo:3480,asharela,,,,,,,,,,,,,,,,,,,,,
hbo:3481,"israeli, waisraeli, mwisraeli, yuda, kati",,,,,,,,,,,,,,,,,,,,,
hbo:3483,"adil, haki, wanyofu, unyofu, yaliyo",,,,,,,,,,,,,,,,,,,,,
hbo:3484,yeshuruni,,,,,,,,,,,,,,,,,,,,,
hbo:3485,isakari,,,,,,,,,,,,,,,,,,,,,
hbo:3486,hurumi,,,,,,,,,,,,,,,,,,,,,
hbo:3487,"nani, lait, ambao, taka, aliye",,,,,,,,,,,,,,,,,,,,,
hbo:3488,,,,,,,,,,,,,,,"wakaao, oka, akakaa, kuka, mkaa",,,"wakaao, oka, akakaa, kuka, mkaa",,,,
hbo:3489,"ging, msumari, chango",,,,,,,,,,,,,,,,,,,,,
hbo:3490,"yatim, waache, fili, mimewapa",,,,,,,,,,,,,,,,,,,,,
hbo:3492,"yatiri, kias, bora, liku, tish",,,,,,,,,,,,,,,,,,,,,
hbo:3493,"yatiri, kias, bora, liku, tish",,,,,,,,,,,,,,,,,,,,,
hbo:3494,"ithla, alabi",,,,,,,,,,,,,,,,,,,,,
hbo:3495,ithma,,,,,,,,,,,,,,,,,,,,,
hbo:3496,yathnieli,,,,,,,,,,,,,,,,,,,,,
hbo:3497,ithnani,,,,,,,,,,,,,,,,,,,,,
hbo:3498,,,"sali, bak, wengine, baki, mabaki",,,,"sali, bak, wengine, baki, mabaki",,,,,,,,,,,,,,,
hbo:3499,"sali, bak, wengine, baki, mabaki, kamb, mikufu, and, fung, pwan",,,,,,,,,,,,,,,,,,,,,
hbo:3499a,"sali, bak, wengine, baki, mabaki, kamb, mikufu, and, fung, pwan",,,,,,,,,,,,,,,,,,,,,
hbo:3500,yetheri,,,,,,,,,,,,,,,,,,,,,
hbo:3501,abigali,,,,,,,,,,,,,,,,,,,,,
hbo:3502,"wing, tele, nyingi, wengi, shib",,,,,,,,,,,,,,,,,,,,,
hbo:3503,yethro,,,,,,,,,,,,,,,,,,,,,
hbo:3504,"faid, zaidi, faidi, pit, manufaa",,,,,,,,,,,,,,,,,,,,,
hbo:3505,mwithri,,,,,,,,,,,,,,,,,,,,,
hbo:3506,ithrani,,,,,,,,,,,,,,,,,,,,,
hbo:3507,ithreamu,,,,,,,,,,,,,,,,,,,,,
hbo:3508,"ini, main, umchome",,,,,,,,,,,,,,,,,,,,,
hbo:3509,yethethi,,,,,,,,,,,,,,,,,,,,,
hbo:3511,"maumivu, huzuni, sikitik, uchungu, majonzi",,,,,,,,,,,,,,,,,,,,,
hbo:3512,,,"fadhai, zimi, chok, hofu, haraka",,,,"fadhai, zimi, chok, hofu, haraka",,,,,,,,,,,,,,,
hbo:3513,,"heshima, heshim, mzit, tuku, waheshimu","heshima, heshim, mzit, tuku, waheshimu","heshima, heshim, mzit, tuku, waheshimu","heshima, heshim, mzit, tuku, waheshimu","heshima, heshim, mzit, tuku, waheshimu","heshima, heshim, mzit, tuku, waheshimu",,,,,,,,,,,,,,,
hbo:3514,"pindw, opa, leme, meremet, tuwakimbieni",,,,,,,,,,,,,,,,,,,,,
hbo:3515,"nzit, zito, mzit, kali, wengi",,,,,,,,,,,,,,,,,,,,,
hbo:3516,"ini, main, umchome",,,,,,,,,,,,,,,,,,,,,
hbo:3517,"pindw, opa, leme, meremet, tuwakimbieni",,,,,,,,,,,,,,,,,,,,,
hbo:3518,,"zimi, zim, nyeshe, utapaa, ngili",,"zimi, zim, nyeshe, utapaa, ngili",,,,,,,,,,,,,,,,,,
hbo:3519,"utukufu, tuku, heshima, fahari, tukuz",,,,,,,,,,,,,,,,,,,,,
hbo:3520,"utukufu, tuku, heshima, fahari, tukuz, tajir, mali, jir, wing, unon",,,,,,,,,,,,,,,,,,,,,
hbo:3521,kabuli,,,,,,,,,,,,,,,,,,,,,
hbo:3522,kaboni,,,,,,,,,,,,,,,,,,,,,
hbo:3523,sing,,,,,,,,,,,,,,,,,,,,,
hbo:3524,"shuja, nguvu, hodari, uwez, wenye",,,,,,,,,,,,,,,,,,,,,
hbo:3525,"minyororo, wakitwaliwa, mwumi, wawafunge",,,,,,,,,,,,,,,,,,,,,
hbo:3526,,"osh, zifu, kuog, oshw, naw",,"osh, zifu, kuog, oshw, naw","osh, zifu, kuog, oshw, naw",,,,,,,,,,,,,,,,,
hbo:3527,,,,,,,"ongez, ongeze, nyingi, wengi, meng, ziad, izid, ngeze, liwe",,,,,,,,,,,,,,,
hbo:3528,"milele, ish, aman, sasa, yapata",,,,,,,,,,,,,,,,,,,,,
hbo:3529,"kebari, nikajua",,,,,,,,,,,,,,,,,,,,,
hbo:3530,"mbali, iliyo, yokuj, mlio, nafasi",,,,,,,,,,,,,,,,,,,,,
hbo:3531,"ungo, ikoseshayo",,,,,,,,,,,,,,,,,,,,,
hbo:3532,"-kondo, kondoo, jik",,,,,,,,,,,,,,,,,,,,,
hbo:3533,,"shindw, kanya, tiish, huwatiisha, shind","shindw, kanya, tiish, huwatiisha, shind","shindw, kanya, tiish, huwatiisha, shind",,,,,,,,,,,,,,,,,,
hbo:3534,"weke, chini, kiti, meshikaman, pumziki",,,,,,,,,,,,,,,,,,,,,
hbo:3535,"-kondo, kondoo, jik",,,,,,,,,,,,,,,,,,,,,
hbo:3536,tanuri,,,,,,,,,,,,,,,,,,,,,
hbo:3537,"vyombo, ila, chombo, kitu, mtungi",,,,,,,,,,,,,,,,,,,,,
hbo:3539,akik,,,,,,,,,,,,,,,,,,,,,
hbo:3540,kedorlaoma,,,,,,,,,,,,,,,,,,,,,
hbo:3541,"hivi, hivyo, ndivyo, vivy, ndiyo",,,,,,,,,,,,,,,,,,,,,
hbo:3544,"giza, gizani, pofu, mweusi, weus",,,,,,,,,,,,,,,,,,,,,
hbo:3545,"pony, pon, nyw, afya, mepo",,,,,,,,,,,,,,,,,,,,,
hbo:3546,,,,,,,,,,,,,,,"wez, awe, iwe, weza, awez",,,,,,,
hbo:3547,,,,"tumiki, kuhan, hudumi, hudum, ibad",,,,,,,,,,,,,,,,,,
hbo:3548,"kuhani, makuhani, kuhan",,,,,,,,,,,,,,,,,,,,,
hbo:3550,"kuhani, makuhani, kuhan",,,,,,,,,,,,,,,,,,,,,
hbo:3552,kubu,,,,,,,,,,,,,,,,,,,,,
hbo:3553,"chapeo, deraya, ipokeeni",,,,,,,,,,,,,,,,,,,,,
hbo:3554,,,"wak, tekete, chom, ondo, teketez",,,,,,,,,,,,,,,,,,,
hbo:3555,"tekete, ngu, king",,,,,,,,,,,,,,,,,,,,,
hbo:3556,nyot,,,,,,,,,,,,,,,,,,,,,
hbo:3557,,"lish, stahimil, tosh, ingi, waruzuk",,"lish, stahimil, tosh, ingi, waruzuk","lish, stahimil, tosh, ingi, waruzuk",,"lish, stahimil, tosh, ingi, waruzuk",,,,,,,,,,,,,,,
hbo:3558,"kuk, vipini, hazama",,,,,,,,,,,,,,,,,,,,,
hbo:3559,,,"wek, thibiti, imar, tayari, tegeme, upep, pepo, vum, yapita, ivumapo","wek, thibiti, imar, tayari, tegeme, upep, pepo, vum, yapita, ivumapo","wek, thibiti, imar, tayari, tegeme, upep, pepo, vum, yapita, ivumapo","wek, thibiti, imar, tayari, tegeme, upep, pepo, vum, yapita, ivumapo","wek, thibiti, imar, tayari, tegeme, upep, pepo, vum, yapita, ivumapo","wek, thibiti, imar, tayari, tegeme, upep, pepo, vum, yapita, ivumapo",,,,,,,,,,,,,,
hbo:3561,"mkat, mikate, nidhihak, lowa, fanyizi",,,,,,,,,,,,,,,,,,,,,
hbo:3563,"komb, kinywe, bund",,,,,,,,,,,,,,,,,,,,,
hbo:3563a,"komb, kinywe, bund",,,,,,,,,,,,,,,,,,,,,
hbo:3564,tanuri,,,,,,,,,,,,,,,,,,,,,
hbo:3566,koreshi,,,,,,,,,,,,,,,,,,,,,
hbo:3568,"kushi, kushani",,,,,,,,,,,,,,,,,,,,,
hbo:3568a,"kushi, kushani",,,,,,,,,,,,,,,,,,,,,
hbo:3569,"mkushi, wakushi",,,,,,,,,,,,,,,,,,,,,
hbo:3570,"kushi, kushani",,,,,,,,,,,,,,,,,,,,,
hbo:3572,"kushi, kushani",,,,,,,,,,,,,,,,,,,,,
hbo:3573,kushan-rishathaimu,,,,,,,,,,,,,,,,,,,,,
hbo:3574,"fanikiw, faniki, sita, stareh, raha",,,,,,,,,,,,,,,,,,,,,
hbo:3575a,kutha,,,,,,,,,,,,,,,,,,,,,
hbo:3576,,"uongo, mwongo, waongo, sisemi, hila","uongo, mwongo, waongo, sisemi, hila","uongo, mwongo, waongo, sisemi, hila",,,"uongo, mwongo, waongo, sisemi, hila",,,,,,,,,,,,,,,
hbo:3577,"uongo, mwongo, waongo, sisemi, hila",,,,,,,,,,,,,,,,,,,,,
hbo:3578,kozeba,,,,,,,,,,,,,,,,,,,,,
hbo:3579,kozbi,,,,,,,,,,,,,,,,,,,,,
hbo:3580,kezibu,,,,,,,,,,,,,,,,,,,,,
hbo:3581,"baav, aina, nguvu, jeshi, uwez, shik, hodari",,,,,,,,,,,,,,,,,,,,,
hbo:3581a,"baav, aina, nguvu, jeshi, uwez, shik, hodari",,,,,,,,,,,,,,,,,,,,,
hbo:3582,,,"fich, siri, sitiri, mbali, tiri","fich, siri, sitiri, mbali, tiri",,,"fich, siri, sitiri, mbali, tiri",,,,,,,,,,,,,,,
hbo:3583,,"ulitia, remb",,,,,,,,,,,,,,,,,,,,
hbo:3584,,"uongo, hila, anga, dangany, danganya","uongo, hila, anga, dangany, danganya","uongo, hila, anga, dangany, danganya",,"uongo, hila, anga, dangany, danganya",,,,,,,,,,,,,,,,
hbo:3585,"uongo, mwongo, waongo, sisemi, hila",,,,,,,,,,,,,,,,,,,,,
hbo:3586,"uongo, hila, anga, dangany, danganya",,,,,,,,,,,,,,,,,,,,,
hbo:3588,"maana, kuwa, sababu, kwamba, kwan",,,,,,,,,,,,,,,,,,,,,
hbo:3590,cheche,,,,,,,,,,,,,,,,,,,,,
hbo:3591,"upanga, pang, wemb, mkuk, alan",,,,,,,,,,,,,,,,,,,,,
hbo:3593,"vita, juhudi, rung, kufanya, tishw",,,,,,,,,,,,,,,,,,,,,
hbo:3594,"kiuni, sikuthi",,,,,,,,,,,,,,,,,,,,,
hbo:3595,"birik, komb, bakul, sini, miik",,,,,,,,,,,,,,,,,,,,,
hbo:3596,mlaghai,,,,,,,,,,,,,,,,,,,,,
hbo:3597,"shok, wanaivunjavunja",,,,,,,,,,,,,,,,,,,,,
hbo:3598,"kilimia, orioni",,,,,,,,,,,,,,,,,,,,,
hbo:3599,"mfuk, mfukoni, mifuko, shirika, mwamki",,,,,,,,,,,,,,,,,,,,,
hbo:3600,"tanuri, waokaji, tokos, mwokaji, kos",,,,,,,,,,,,,,,,,,,,,
hbo:3601,huti,,,,,,,,,,,,,,,,,,,,,
hbo:3602,"hivi, hivyo, ndivyo, vivy, ndiyo",,,,,,,,,,,,,,,,,,,,,
hbo:3603,"lant, bond, and, anda, pand",,,,,,,,,,,,,,,,,,,,,
hbo:3605,"wote, yote, kila, zote, vyote",,,,,,,,,,,,,,,,,,,,,
hbo:3607,,"fungw, zuili, zui, zuiw, fung","fungw, zuili, zui, zuiw, fung",,,,,,,,,,,,,,,,,,,
hbo:3608,"gerezan, fung, walinzi, gerez, husu",,,,,,,,,,,,,,,,,,,,,
hbo:3609,talmai,,,,,,,,,,,,,,,,,,,,,
hbo:3610,"wawili, mbili, miwili, mawili, viwili",,,,,,,,,,,,,,,,,,,,,
hbo:3611,mbwa,,,,,,,,,,,,,,,,,,,,,
hbo:3612,kalebu,,,,,,,,,,,,,,,,,,,,,
hbo:3615,"komesh, kabisa, kiku, boleze, wamo","ish, lip, kamili, maliz, anga",,"ish, lip, kamili, maliz, anga","ish, lip, kamili, maliz, anga",,,,"maliz, timi, alizi, yatimi, aliona",,,,,,,,,,,"maliz, timi, alizi, yatimi, aliona",,
hbo:3616,"tama, shauku, fukuz, sana, man",,,,,,,,,,,,,,,,,,,,,
hbo:3618,"binti, kike, vyake, bibi, miji",,,,,,,,,,,,,,,,,,,,,
hbo:3619,"kap, kapu, nyungo, okot, ungo",,,,,,,,,,,,,,,,,,,,,
hbo:3620,kelubu,,,,,,,,,,,,,,,,,,,,,
hbo:3621,ramu,,,,,,,,,,,,,,,,,,,,,
hbo:3622a,keluhi,,,,,,,,,,,,,,,,,,,,,
hbo:3624,ulivyo,,,,,,,,,,,,,,,,,,,,,
hbo:3625,kala,,,,,,,,,,,,,,,,,,,,,
hbo:3627,"vyombo, ila, chombo, kitu, mtungi",,,,,,,,,,,,,,,,,,,,,
hbo:3629,"figo, viun, mtim, nijalie, unisafishe",,,,,,,,,,,,,,,,,,,,,
hbo:3630,"kilioni, waefrata",,,,,,,,,,,,,,,,,,,,,
hbo:3631,"kata, pungu, kosekan, ekusudi, lolote",,,,,,,,,,,,,,,,,,,,,
hbo:3632,"kamili, dosari, ilif, kamil, mzim",,,,,,,,,,,,,,,,,,,,,
hbo:3633,kalkoli,,,,,,,,,,,,,,,,,,,,,
hbo:3636,kelali,,,,,,,,,,,,,,,,,,,,,
hbo:3637,,,"aibu, haya, fedheha, aibish, hayar",,,,"aibu, haya, fedheha, aibish, hayar","aibu, haya, fedheha, aibish, hayar",,,,,,,,,,,,,,
hbo:3638,kilmadi,,,,,,,,,,,,,,,,,,,,,
hbo:3639,"aibu, haya, fedheha, aibish, hayar",,,,,,,,,,,,,,,,,,,,,
hbo:3640,"aibu, haya, fedheha, aibish, hayar",,,,,,,,,,,,,,,,,,,,,
hbo:3641,"akadi, kalne, kaln",,,,,,,,,,,,,,,,,,,,,
hbo:3642,,"kifu, uchovu",,,,,,,,,,,,,,,,,,,,
hbo:3643,"kimhamu, avuk",,,,,,,,,,,,,,,,,,,,,
hbo:3644,"kama, mfano, fanan, umbo, fananish",,,,,,,,,,,,,,,,,,,,,
hbo:3645,"kemoshi, alak, kitamalak",,,,,,,,,,,,,,,,,,,,,
hbo:3646,"lainish, purw, pitishw, hazipurwi",,,,,,,,,,,,,,,,,,,,,
hbo:3647,,"akib, hazina, ghal, jiweke, hawavunji",,,,,,,,,,,,,,,,,,,,
hbo:3648,,,"moto, joto, akiota, hu, chakula",,,,,,,,,,,,,,,,,,,
hbo:3649,"wakemari, ulili",,,,,,,,,,,,,,,,,,,,,
hbo:3650,"giza, gizani, pofu, mweusi, weus",,,,,,,,,,,,,,,,,,,,,
hbo:3651,"haki, kweli, mema, sawasawa, sheria, ili, hiyo, basi, ndivyo, hivyo",,,,,,,,,,,,,,,,,,,,,
hbo:3651a,"haki, kweli, mema, sawasawa, sheria, ili, hiyo, basi, ndivyo, hivyo",,,,,,,,,,,,,,,,,,,,,
hbo:3655,,,,"pendeke, niju",,,,,,,,,,,,,,,,,,
hbo:3657,"taw, mwanzi, tawi, chipukiz, mianzi, mizabibu, shamb, zao",,,,,,,,,,,,,,,,,,,,,
hbo:3658,"nub, nand, ustadi, futie",,,,,,,,,,,,,,,,,,,,,
hbo:3659,konia,,,,,,,,,,,,,,,,,,,,,
hbo:3660,"hivi, hivyo, ndivyo, vivy, ndiyo",,,,,,,,,,,,,,,,,,,,,
hbo:3662,kenani,,,,,,,,,,,,,,,,,,,,,
hbo:3663,"kenania, waongoze",,,,,,,,,,,,,,,,,,,,,
hbo:3664,,"kusany, kusanyi, sany, kuta, okot",,"kusany, kusanyi, sany, kuta, okot",,"kusany, kusanyi, sany, kuta, okot",,,,,,,,,,,,,,,,
hbo:3665,,,"jinyenyeke, nyenyeke, unyenyekevu, shindw, shind",,,,"jinyenyeke, nyenyeke, unyenyekevu, shindw, shind",,,,,,,,,,,,,,,
hbo:3667,"kanaani, biashara, oti, ukaldayo",,,,,,,,,,,,,,,,,,,,,
hbo:3668,kenaana,,,,,,,,,,,,,,,,,,,,,
hbo:3669,"wakanaani, mkanaani, tuzingir, mtwali, biashara, oti, ukaldayo",,,,,,,,,,,,,,,,,,,,,
hbo:3671,"baw, mbaw, bawa, upindo, ncha",,,,,,,,,,,,,,,,,,,,,
hbo:3672,"kinerethi, kinerothi",,,,,,,,,,,,,,,,,,,,,
hbo:3673,,,,,,,,,,,,"kusany, kusanyi, sany, kuta, okot",,,"kusany, kusanyi, sany, kuta, okot",,,,,,,
hbo:3674,"wenzao, anga, wenzake, wavuvi",,,,,,,,,,,,,,,,,,,,,
hbo:3677,"mpev, ukiw",,,,,,,,,,,,,,,,,,,,,
hbo:3678,"kiti, enzi, kitini, wal, ameapa",,,,,,,,,,,,,,,,,,,,,
hbo:3680,,"funik, sitir, funika, pazi, funiki","funik, sitir, funika, pazi, funiki","funik, sitir, funika, pazi, funiki","funik, sitir, funika, pazi, funiki","funik, sitir, funika, pazi, funiki",,,,,,,,,,,,,,,,
hbo:3681,"funik, sitir, funika, pazi, funiki",,,,,,,,,,,,,,,,,,,,,
hbo:3682,"funik, sitir, funika, pazi, funiki",,,,,,,,,,,,,,,,,,,,,
hbo:3683,,"mbali, fany, kat, tili, teng",,,,,,,,,,,,,,,,,,,,
hbo:3684,"umba, wajinga, upuz, mjinga, wazimu",,,,,,,,,,,,,,,,,,,,,
hbo:3685,"sayari, kuch, ayaitaye",,,,,,,,,,,,,,,,,,,,,
hbo:3686,kesili,,,,,,,,,,,,,,,,,,,,,
hbo:3687,"umba, wajinga, upuz, mjinga, wazimu",,,,,,,,,,,,,,,,,,,,,
hbo:3689,"viun, unon, kusudi, kaul, nawe",,,,,,,,,,,,,,,,,,,,,
hbo:3689a,"viun, unon, kusudi, kaul, nawe",,,,,,,,,,,,,,,,,,,,,
hbo:3690,"tumain, tegemeo, uthabiti, kufanya, pumziki",,,,,,,,,,,,,,,,,,,,,
hbo:3691,kislevu,,,,,,,,,,,,,,,,,,,,,
hbo:3692,kisloni,,,,,,,,,,,,,,,,,,,,,
hbo:3693,kesaloni,,,,,,,,,,,,,,,,,,,,,
hbo:3694,kesulothi,,,,,,,,,,,,,,,,,,,,,
hbo:3695,wakasluhi,,,,,,,,,,,,,,,,,,,,,
hbo:3696,kisiloth-ubori,,,,,,,,,,,,,,,,,,,,,
hbo:3697,,"manyoya, nywele, nyo, kilianguka, akatwe",,,,,,,,,,,,,,,,,,,,
hbo:3698,semeth,,,,,,,,,,,,,,,,,,,,,
hbo:3699,,ulaj,,,,,,,,,,,,,,,,,,,,
hbo:3700,,"tama, shauku, fukuz, sana, man","tama, shauku, fukuz, sana, man",,,,,,,,,,,,,,,,,,,
hbo:3701,"fedha, hama, mali, kima, jir",,,,,,,,,,,,,,,,,,,,,
hbo:3703,kasifia,,,,,,,,,,,,,,,,,,,,,
hbo:3704,hirizi,,,,,,,,,,,,,,,,,,,,,
hbo:3705,"sasa, basi, haya, tangu, huu",,,,,,,,,,,,,,,,,,,,,
hbo:3706,"sasa, basi, haya, tangu, huu",,,,,,,,,,,,,,,,,,,,,
hbo:3707,"huzuni, ghadhabu, masumbufu, sikitik, dhik","kasiri, amka, uchungu, ghadhibi, nikasiri",,"kasiri, amka, uchungu, ghadhibi, nikasiri",,,"kasiri, amka, uchungu, ghadhibi, nikasiri",,,,,,,,,,,,,,,
hbo:3709,"mkono, mikono, mkononi, mikononi, kwa",,,,,,,,,,,,,,,,,,,,,
hbo:3710,"mwamba, jabal, miamba, amba, gumegume",,,,,,,,,,,,,,,,,,,,,
hbo:3712,"taw, mwanzi, tawi, chipukiz, mianzi",,,,,,,,,,,,,,,,,,,,,
hbo:3713,"bakul, besen, vitasa, unip, komb, barafu, sakitu, huimwaga",,,,,,,,,,,,,,,,,,,,,
hbo:3713a,"bakul, besen, vitasa, unip, komb, barafu, sakitu, huimwaga",,,,,,,,,,,,,,,,,,,,,
hbo:3714,"boriti, nguz, vingine, tutwae, viguzo",,,,,,,,,,,,,,,,,,,,,
hbo:3715,"simb, jij, jijin, wal, weny, visivyo",,,,,,,,,,,,,,,,,,,,,
hbo:3716,kefira,,,,,,,,,,,,,,,,,,,,,
hbo:3717,,"mbili, pach, maradufu, kunj, uongezwe","mbili, pach, maradufu, kunj, uongezwe",,,,,,,,,,,,,,,,,,,
hbo:3718,"mbili, pach, maradufu, kunj, uongezwe",,,,,,,,,,,,,,,,,,,,,
hbo:3720,"njaa, mibaya, takuj, akakiharibu",,,,,,,,,,,,,,,,,,,,,
hbo:3721,,"inam, nyosh, pigi, wamechimba, pinda","inam, nyosh, pigi, wamechimba, pinda",,,,,,,,,,,,,,,,,,,
hbo:3722,,"pata, sadaka, sameh, taka, amsamehe, funik, sitir, funika, pazi, funiki",,"pata, sadaka, sameh, taka, amsamehe, funik, sitir, funika, pazi, funiki","pata, sadaka, sameh, taka, amsamehe, funik, sitir, funika, pazi, funiki","pata, sadaka, sameh, taka, amsamehe, funik, sitir, funika, pazi, funiki",,,,,"pata, sadaka, sameh, taka, amsamehe, funik, sitir, funika, pazi, funiki",,,,,,,,,,,
hbo:3723,"jij, jijin, wal, weny, visivyo",,,,,,,,,,,,,,,,,,,,,
hbo:3724,"kombo, fidi, wakombo, kombole, kukombo, lami, hina, jij, jijin, wal, weny, visivyo",,,,,,,,,,,,,,,,,,,,,
hbo:3724a,"kombo, fidi, wakombo, kombole, kukombo, lami, hina, jij, jijin, wal, weny, visivyo",,,,,,,,,,,,,,,,,,,,,
hbo:3724b,"kombo, fidi, wakombo, kombole, kukombo, lami, hina, jij, jijin, wal, weny, visivyo",,,,,,,,,,,,,,,,,,,,,
hbo:3724c,"kombo, fidi, wakombo, kombole, kukombo, lami, hina, jij, jijin, wal, weny, visivyo",,,,,,,,,,,,,,,,,,,,,
hbo:3725,pata,,,,,,,,,,,,,,,,,,,,,
hbo:3726,"jij, jijin, wal, weny, visivyo",,,,,,,,,,,,,,,,,,,,,
hbo:3727,"rehema, huruma, rehem, huru, unirehemu",,,,,,,,,,,,,,,,,,,,,
hbo:3728,,,,,,,amenivunja,,,,,,,,,,,,,,,
hbo:3730,"taj, taji, tov, tovu, nguz",,,,,,,,,,,,,,,,,,,,,
hbo:3731,kaftori,,,,,,,,,,,,,,,,,,,,,
hbo:3732,wakaftori,,,,,,,,,,,,,,,,,,,,,
hbo:3733,"tandik, ngamia, papa, labani, basi, chunga, malisho, lish, viunga, mbug, dume, kondoo, wana, wanaume, kium",,,,,,,,,,,,,,,,,,,,,
hbo:3733a,"tandik, ngamia, papa, labani, basi, chunga, malisho, lish, viunga, mbug, dume, kondoo, wana, wanaume, kium",,,,,,,,,,,,,,,,,,,,,
hbo:3733b,"tandik, ngamia, papa, labani, basi, chunga, malisho, lish, viunga, mbug, dume, kondoo, wana, wanaume, kium",,,,,,,,,,,,,,,,,,,,,
hbo:3734,kori,,,,,,,,,,,,,,,,,,,,,
hbo:3736,,,,,"amevaa, twapumua",,,,,,,,,,,,,,,,,
hbo:3738,,"chimb, tobo, ng'o, nichimbi, tumbuki","chimb, tobo, ng'o, nichimbi, tumbuki",,,,,,,,,,,,,,,,,,,"mabaya, uovu, taab, shid, dhik"
hbo:3739,,"biashara, huu, walitoa, dunda, nunueni, karamu, lish, shib, papa, nyw",,,,,,,,,,,,,,,,,,,,
hbo:3740,"karamu, lish, shib, papa, nyw",,,,,,,,,,,,,,,,,,,,,
hbo:3742,kerub,,,,,,,,,,,,,,,,,,,,,
hbo:3743,kerub,,,,,,,,,,,,,,,,,,,,,
hbo:3744,"hubiri, tangaz, hubir, mhubir, mpig",,,,,,,,,,,,,,,,,,,,,
hbo:3745,,,,,,,,,,,,,,,,,,"hubiri, tangaz, hubir, mhubir, mpig",,,,
hbo:3746,wakari,,,,,,,,,,,,,,,,,,,,,
hbo:3747,kerithi,,,,,,,,,,,,,,,,,,,,,
hbo:3748,"talaka, kumtoa, funguliw",,,,,,,,,,,,,,,,,,,,,
hbo:3749,"ufikie, ukaw",,,,,,,,,,,,,,,,,,,,,
hbo:3750,"zafarani, kolezi",,,,,,,,,,,,,,,,,,,,,
hbo:3751,karkemishi,,,,,,,,,,,,,,,,,,,,,
hbo:3752,karkasi,,,,,,,,,,,,,,,,,,,,,
hbo:3753,machela,,,,,,,,,,,,,,,,,,,,,
hbo:3754,"mizabibu, shamb, zao",,,,,,,,,,,,,,,,,,,,,
hbo:3755,"watunza, tunza",,,,,,,,,,,,,,,,,,,,,
hbo:3756,karmi,,,,,,,,,,,,,,,,,,,,,
hbo:3758,"urujuani, mbunifu, unitumie, bingwa",,,,,,,,,,,,,,,,,,,,,
hbo:3759,"pand, zaal, tang, mich, mbog",,,,,,,,,,,,,,,,,,,,,
hbo:3759a,"pand, zaal, tang, mich, mbog",,,,,,,,,,,,,,,,,,,,,
hbo:3761,"mkarmeli, karmeli",,,,,,,,,,,,,,,,,,,,,
hbo:3763,kerani,,,,,,,,,,,,,,,,,,,,,
hbo:3764,"kiti, enzi, kitini, wal, ameapa",,,,,,,,,,,,,,,,,,,,,
hbo:3765,,,,"raru, bomo, raruli, kat, pasu",,,,,,,,,,,,,,,,,,
hbo:3766,,"inam, abud, sujudi, sujud, inami",,,,,"inam, abud, sujudi, sujud, inami",,,,,,,,,,,,,,,
hbo:3767,"miguu, mguu, paja, vikali, kimbia",,,,,,,,,,,,,,,,,,,,,
hbo:3768,"tan, yeny, ing'aayo",,,,,,,,,,,,,,,,,,,,,
hbo:3769,,,,"chez, michezo, ngom, nderemo, umeniondolea",,,,,,,,,,,,,,,,,,
hbo:3770,"tumb, tumbon, mimb, ndani, yenito",,,,,,,,,,,,,,,,,,,,,
hbo:3771,karshena,,,,,,,,,,,,,,,,,,,,,
hbo:3772,,"mbali, fany, kat, tili, teng","mbali, fany, kat, tili, teng",,"mbali, fany, kat, tili, teng",,"mbali, fany, kat, tili, teng","mbali, fany, kat, tili, teng",,,,,,,,,,,,,,
hbo:3773,"boriti, nguz, vingine, tutwae, viguzo",,,,,,,,,,,,,,,,,,,,,
hbo:3774,wakerethi,,,,,,,,,,,,,,,,,,,,,
hbo:3775,"kondoo, -kondo, mnyama, wanyama, hamm",,,,,,,,,,,,,,,,,,,,,
hbo:3776,"-kondo, kondoo, jik",,,,,,,,,,,,,,,,,,,,,
hbo:3777,kesedi,,,,,,,,,,,,,,,,,,,,,
hbo:3778,"wakaldayo, ukaldayo, mkaldayo",,,,,,,,,,,,,,,,,,,,,
hbo:3780,,"wand, umenenepa",,,,,,,,,,,,,,,,,,,,
hbo:3781,"shok, wanaivunjavunja",,,,,,,,,,,,,,,,,,,,,
hbo:3782,,"kwaz, jikwa, anguk, angush, miongoni","kwaz, jikwa, anguk, angush, miongoni",,,,"kwaz, jikwa, anguk, angush, miongoni","kwaz, jikwa, anguk, angush, miongoni",,,,,,,,,,,,,,
hbo:3783,"kwaz, jikwa, anguk, angush, miongoni",,,,,,,,,,,,,,,,,,,,,
hbo:3784,,,,"cha, abudu, hir, walozi, wach",,,,,,,,,,,,,,,,,,
hbo:3785,"cha, abudu, hir, walozi, wach",,,,,,,,,,,,,,,,,,,,,
hbo:3786,"cha, abudu, hir, walozi, wach",,,,,,,,,,,,,,,,,,,,,
hbo:3787,,"hakinoi, zipi, zotun, zitafaa",,,,,"hakinoi, zipi, zotun, zitafaa",,,,,,,,,,,,,,,
hbo:3788,"ustadi, fund, faidi",,,,,,,,,,,,,,,,,,,,,
hbo:3789,,"andikw, andik, andiki, andi, yaan","andikw, andik, andiki, andi, yaan","andikw, andik, andiki, andi, yaan",,,,,,,,,,,"andikw, andik, andiki, andi, yaan",,,,,,,
hbo:3792,"andikw, andik, andiki, andi, yaan",,,,,,,,,,,,,,,,,,,,,
hbo:3793,chal,,,,,,,,,,,,,,,,,,,,,
hbo:3795,"mara, pig, wakati, pigw, pond",,,,,,,,,,,,,,,,,,,,,
hbo:3796,"ukut, kuta, ziz, juu, boma",,,,,,,,,,,,,,,,,,,,,
hbo:3798,kithilishi,,,,,,,,,,,,,,,,,,,,,
hbo:3800,"dhahabu, hazina",,,,,,,,,,,,,,,,,,,,,
hbo:3801,"kanz, mavazi, eva, vazi, abudi",,,,,,,,,,,,,,,,,,,,,
hbo:3802,"began, upande, beg, bega, ubavuni",,,,,,,,,,,,,,,,,,,,,
hbo:3803a,,,,"zunguk, ndokand, pande, karibu, nison",,,"zunguk, ndokand, pande, karibu, nison",,,,,,,,,,,,,,,
hbo:3804,"taji, taj, ningejifunga",,,,,,,,,,,,,,,,,,,,,
hbo:3805,"taj, taji, tov, tovu, nguz",,,,,,,,,,,,,,,,,,,,,
hbo:3806,,mtwan,,,,,,,,,,,,,,,,,,,,
hbo:3807,,"pond, vunj, vunjik, onew, mez",,"pond, vunj, vunjik, onew, mez","pond, vunj, vunjik, onew, mez",,"pond, vunj, vunjik, onew, mez","pond, vunj, vunjik, onew, mez",,,,,,,,,,,,,,
hbo:3807a,"haki, kweli, mema, sawasawa, sheria, ili, hiyo, basi, ndivyo, hivyo",,,,,,,,,,,,,,,,,,,,,
hbo:3807b,"haki, kweli, mema, sawasawa, sheria, ili, hiyo, basi, ndivyo, hivyo",,,,,,,,,,,,,,,,,,,,,
hbo:3807z,"haki, kweli, mema, sawasawa, sheria, ili, hiyo, basi, ndivyo, hivyo",,,,,,,,,,,,,,,,,,,,,
hbo:3808,"wala, lakini, si, kwa, je",,,,,,,,,,,,,,,,,,,,,
hbo:3811,,"hai, mgonjwa, ugu, wagonjwa, zimi","hai, mgonjwa, ugu, wagonjwa, zimi",,,,"hai, mgonjwa, ugu, wagonjwa, zimi",,,,,,,,,,,,,,,
hbo:3812,lea,,,,,,,,,,,,,,,,,,,,,
hbo:3815,laeli,,,,,,,,,,,,,,,,,,,,,
hbo:3816,"watu, mataifa, taifa, waende, kabila",,,,,,,,,,,,,,,,,,,,,
hbo:3817,waleumi,,,,,,,,,,,,,,,,,,,,,
hbo:3818,lo-ami,,,,,,,,,,,,,,,,,,,,,
hbo:3819,"lo-ruhama, irehem",,,,,,,,,,,,,,,,,,,,,
hbo:3820,"moyo, mioyo, moyoni, mioyoni, akil, leb-kamai",,,,,,,,,,,,,,,,,,,,,
hbo:3822,lebaothi,,,,,,,,,,,,,,,,,,,,,
hbo:3823,,,"ujasiri, faraja, thubut, moyo, waziwazi, tanuri, waokaji, tokos, mwokaji, kos","ujasiri, faraja, thubut, moyo, waziwazi, tanuri, waokaji, tokos, mwokaji, kos",,,,,,,,,,,,,,,,,,
hbo:3824,"moyo, mioyo, moyoni, mioyoni, akil",,,,,,,,,,,,,,,,,,,,,
hbo:3826,"moyo, mioyo, moyoni, mioyoni, akil",,,,,,,,,,,,,,,,,,,,,
hbo:3827,"mial, mual, moto, mwal, liku",,,,,,,,,,,,,,,,,,,,,
hbo:3828,"uban, uvumba, tunu, asitie",,,,,,,,,,,,,,,,,,,,,
hbo:3829,lebona,,,,,,,,,,,,,,,,,,,,,
hbo:3830,"mavazi, vazi, nguo, joho, yeva",,,,,,,,,,,,,,,,,,,,,
hbo:3830a,"vik, vikw, jivi, kuva, amevaa",,,,,,,,,,,,,,,,,,,,,
hbo:3832,,,"harib, anga, haribik, nyar, haribi",,,,,,,,,,,,,,,,,,,
hbo:3833,simb,,,,,,,,,,,,,,,,,,,,,
hbo:3833a,simb,,,,,,,,,,,,,,,,,,,,,
hbo:3834,"mtam, kilete, mwache, iok",,,,,,,,,,,,,,,,,,,,,
hbo:3835,,,,,,"meup, nyeupe, mweupe, weup, cheupe, tofal","meup, nyeupe, mweupe, weup, cheupe, tofal",,,,,,,,,,,,,,,
hbo:3835a,,"meup, nyeupe, mweupe, weup, cheupe, tofal",,,,,,,,,,,,,,,,,,,,
hbo:3836,"meup, nyeupe, mweupe, weup, cheupe",,,,,,,,,,,,,,,,,,,,,
hbo:3837,labani,,,,,,,,,,,,,,,,,,,,,
hbo:3837a,labani,,,,,,,,,,,,,,,,,,,,,
hbo:3838,lebana,,,,,,,,,,,,,,,,,,,,,
hbo:3839,"mlubna, miel",,,,,,,,,,,,,,,,,,,,,
hbo:3841,libna,,,,,,,,,,,,,,,,,,,,,
hbo:3842,"mwezi, hautatoa, itiw, uto, latambua",,,,,,,,,,,,,,,,,,,,,
hbo:3843,"tofal, zenyewe, kuokea, zowatumiki",,,,,,,,,,,,,,,,,,,,,
hbo:3844,lebanoni,,,,,,,,,,,,,,,,,,,,,
hbo:3845,libni,,,,,,,,,,,,,,,,,,,,,
hbo:3847,,"vik, vikw, jivi, kuva, amevaa",,,"vik, vikw, jivi, kuva, amevaa",,"vik, vikw, jivi, kuva, amevaa",,,,,,,,"vik, vikw, jivi, kuva, amevaa",,,"vik, vikw, jivi, kuva, amevaa",,,,
hbo:3849,logi,,,,,,,,,,,,,,,,,,,,,
hbo:3850,lodi,,,,,,,,,,,,,,,,,,,,,
hbo:3851,"mial, mual, moto, mwal, liku",,,,,,,,,,,,,,,,,,,,,
hbo:3852,"mial, mual, moto, mwal, liku",,,,,,,,,,,,,,,,,,,,,
hbo:3853,walehabi,,,,,,,,,,,,,,,,,,,,,
hbo:3854,chosh,,,,,,,,,,,,,,,,,,,,,
hbo:3855,lahadi,,,,,,,,,,,,,,,,,,,,,
hbo:3856,,,,,,"huzuni, dhili, vitatoa, nilidhilika, sinya, shanga, anga, zimi, staajab, staajabi",,,,,,,,,,,,,,,,
hbo:3856a,,"huzuni, dhili, vitatoa, nilidhilika, sinya, shanga, anga, zimi, staajab, staajabi",,,,,,,,,,,,,,,,,,,,
hbo:3857,,"gus, wash, tekete, wak, waka",,"gus, wash, tekete, wak, waka",,,,,,,,,,,,,,,,,,
hbo:3858,"mial, mual, moto, mwal, liku",,,,,,,,,,,,,,,,,,,,,
hbo:3859,,,,,,"mez, ezw, anga, tumemmeza, ammeze",,,,,,,,,,,,,,,,
hbo:3860,"basi, hiyo, ila, ili, kwa",,,,,,,,,,,,,,,,,,,,,
hbo:3862,"tembe, waji",,,,,,,,,,,,,,,,,,,,,
hbo:3863,"kama, ikiwa, lakini, au, kwamba",,,,,,,,,,,,,,,,,,,,,
hbo:3864,"walubi, walibya",,,,,,,,,,,,,,,,,,,,,
hbo:3865,ludi,,,,,,,,,,,,,,,,,,,,,
hbo:3866,waludi,,,,,,,,,,,,,,,,,,,,,
hbo:3867,,"unga, ung, ambata, shik, ungw, kopesh, kopa, kop, tumekopa, halipi","unga, ung, ambata, shik, ungw, kopesh, kopa, kop, tumekopa, halipi",,,,,,,,,,,,,,,,,,,
hbo:3867a,,"unga, ung, ambata, shik, ungw, kopesh, kopa, kop, tumekopa, halipi",,,,,"unga, ung, ambata, shik, ungw, kopesh, kopa, kop, tumekopa, halipi",,,,,,,,,,,,,,,
hbo:3868,,"ingi, tok, let, kuj, fik","ingi, tok, let, kuj, fik",,,,"ingi, tok, let, kuj, fik",,,,,,,,,,,,,,,
hbo:3870,luzu,,,,,,,,,,,,,,,,,,,,,
hbo:3871,"mbao, viba, kiba, vidogo, vioo",,,,,,,,,,,,,,,,,,,,,
hbo:3872,luhithi,,,,,,,,,,,,,,,,,,,,,
hbo:3873a,haloheshi,,,,,,,,,,,,,,,,,,,,,
hbo:3874,,"sand, ziz, kunj, hori, baki, funik, sitir, funika, pazi, funiki",,,,,"sand, ziz, kunj, hori, baki, funik, sitir, funika, pazi, funiki",,,,,,,,,,,,,,,
hbo:3876,"lutu, wakw",,,,,,,,,,,,,,,,,,,,,
hbo:3877,lotani,,,,,,,,,,,,,,,,,,,,,
hbo:3878,"lawi, ngan",,,,,,,,,,,,,,,,,,,,,
hbo:3880,"masongo, lemb, liku",,,,,,,,,,,,,,,,,,,,,
hbo:3882,"lewiathani, mamb, kumvua",,,,,,,,,,,,,,,,,,,,,
hbo:3883,"hatu, daraj, mlima, ngaz, nyay",,,,,,,,,,,,,,,,,,,,,
hbo:3884,"liku, unga, msingelima, fuati, asij",,,,,,,,,,,,,,,,,,,,,
hbo:3885,,,"lal, kuch, kuka, usiku, huka, nung'uniki, waninung'unikiayo, mnung'uniki, ninung'uniki, nung'uni",,,,"lal, kuch, kuka, usiku, huka, nung'uniki, waninung'unikiayo, mnung'uniki, ninung'uniki, nung'uni",,,,,,,,,,,,,,,
hbo:3885a,,"lal, kuch, kuka, usiku, huka, nung'uniki, waninung'unikiayo, mnung'uniki, ninung'uniki, nung'uni",,,,"lal, kuch, kuka, usiku, huka, nung'uniki, waninung'unikiayo, mnung'uniki, ninung'uniki, nung'uni",,,,,,,,,,,,,,,,
hbo:3886a,,"lolitam, haraka, wakaidi, hafifu, fan",,,,,,,,,,,,,,,,,,,,
hbo:3887a,"dhihak, dhara, chek, mzah, dhihaka",,,,,,,,,,,,,,,,,,,,,
hbo:3887b,,"dhihak, dhara, chek, mzah, dhihaka",,"dhihak, dhara, chek, mzah, dhihaka",,"dhihak, dhara, chek, mzah, dhihaka","dhihak, dhara, chek, mzah, dhihaka",,,,,,,,,,,,,,,
hbo:3888,,"chachu, chach, mikate, unga, kandi",,,,,,,,,,,,,,,,,,,,
hbo:3890,"pamoja, kwa, baada, naye, nao",,,,,,,,,,,,,,,,,,,,,
hbo:3891,"poto, sokot, uchungu, ukaidi, tosh",,,,,,,,,,,,,,,,,,,,,
hbo:3892,"bich, mbichi, rutuba, umea, chet",,,,,,,,,,,,,,,,,,,,,
hbo:3893,ulivyo,,,,,,,,,,,,,,,,,,,,,
hbo:3894,"kati, katikati, tumb, ndani, moyo",,,,,,,,,,,,,,,,,,,,,
hbo:3895,"taya, shav, shavun, magego, tay, ramath-lehi",,,,,,,,,,,,,,,,,,,,,
hbo:3896,lehi,,,,,,,,,,,,,,,,,,,,,
hbo:3897,,"ramb, yaramb, amba, warambe, iramb",,"ramb, yaramb, amba, warambe, iramb",,,,,,,,,,,,,,,,,,
hbo:3898,,"vita, juhudi, rung, kufanya, tishw, karamu, lish, shib, papa, nyw","vita, juhudi, rung, kufanya, tishw, karamu, lish, shib, papa, nyw",,,,,,,,,,,,,,,,,,,
hbo:3898a,,"vita, juhudi, rung, kufanya, tishw, karamu, lish, shib, papa, nyw",,,,,,,,,,,,,,,,,,,,
hbo:3899,"chakula, mkat, mikate, vyakula, mawindo",,,,,,,,,,,,,,,,,,,,,
hbo:3901,"vita, juhudi, rung, kufanya, tishw",,,,,,,,,,,,,,,,,,,,,
hbo:3902,lahmi,,,,,,,,,,,,,,,,,,,,,
hbo:3903,lamasi,,,,,,,,,,,,,,,,,,,,,
hbo:3904,suri,,,,,,,,,,,,,,,,,,,,,
hbo:3905,,"onew, one, dhulum, waon, wone","onew, one, dhulum, waon, wone",,,,,,,,,,,,,,,,,,,
hbo:3906,"onew, one, dhulum, waon, wone",,,,,,,,,,,,,,,,,,,,,
hbo:3907,,,,"zome, mchongezi, pigi, ng'o, nung'uni",,"zome, mchongezi, pigi, ng'o, nung'uni",,,,,,,,,,,,,,,,
hbo:3908,"uganga, chezesh, adhabu, mbuiz, akiuma",,,,,,,,,,,,,,,,,,,,,
hbo:3909,"siri, uganga, sitara, sitir, peny, azijuaye, churuzi, ujue",,,,,,,,,,,,,,,,,,,,,
hbo:3910,manemane,,,,,,,,,,,,,,,,,,,,,
hbo:3911,mjus,,,,,,,,,,,,,,,,,,,,,
hbo:3912,waletushi,,,,,,,,,,,,,,,,,,,,,
hbo:3913,,"uno, mikali, chongo, yang, watunga",,,"uno, mikali, chongo, yang, watunga",,,,,,,,,,,,,,,,,
hbo:3914,"masongo, lemb, liku",,,,,,,,,,,,,,,,,,,,,
hbo:3915,"usiku, na, kuch, jana, pem",,,,,,,,,,,,,,,,,,,,,
hbo:3915a,"usiku, na, kuch, jana, pem",,,,,,,,,,,,,,,,,,,,,
hbo:3917,"pepo, shetan, miungu, wato, wavitoa",,,,,,,,,,,,,,,,,,,,,
hbo:3918,simb,,,,,,,,,,,,,,,,,,,,,
hbo:3919,laisha,,,,,,,,,,,,,,,,,,,,,
hbo:3919a,laisha,,,,,,,,,,,,,,,,,,,,,
hbo:3920,,"mateka, twa, uhamisho, hamish, wafungwa","mateka, twa, uhamisho, hamish, wafungwa",,,"mateka, twa, uhamisho, hamish, wafungwa",,,,,,,,,,,,,,,,
hbo:3921,"mateka, twa, uhamisho, hamish, wafungwa",,,,,,,,,,,,,,,,,,,,,
hbo:3922,leka,,,,,,,,,,,,,,,,,,,,,
hbo:3923,lakishi,,,,,,,,,,,,,,,,,,,,,
hbo:3924,"tanz, bilia",,,,,,,,,,,,,,,,,,,,,
hbo:3925,,"fundish, jifunz, unifundishe, funz, jifunzeni",,"fundish, jifunz, unifundishe, funz, jifunzeni","fundish, jifunz, unifundishe, funz, jifunzeni",,,,,,,,,,,,,,,,,
hbo:3926,"juu, kwa, katika, yake, wake",,,,,,,,,,,,,,,,,,,,,
hbo:3927,lemueli,,,,,,,,,,,,,,,,,,,,,
hbo:3928,"fundish, wali, waalimu, mafunzo, elim",,,,,,,,,,,,,,,,,,,,,
hbo:3929,lameki,,,,,,,,,,,,,,,,,,,,,
hbo:3930,"koo, lao, mwao, uwahubirie",,,,,,,,,,,,,,,,,,,,,
hbo:3931,,,,,,,kusiwe,,,,,,,,,,,,,,,
hbo:3932,,"dhihak, dhara, chek, mzah, dhihaka","dhihak, dhara, chek, mzah, dhihaka",,,,"dhihak, dhara, chek, mzah, dhihaka",,,,,,,,,,,,,,,
hbo:3933,"dhihaka, mzah, zome, kipana, ujeuri",,,,,,,,,,,,,,,,,,,,,
hbo:3934,"dhihak, dhara, chek, mzah, dhihaka",,,,,,,,,,,,,,,,,,,,,
hbo:3935,laada,,,,,,,,,,,,,,,,,,,,,
hbo:3936,ladani,,,,,,,,,,,,,,,,,,,,,
hbo:3937,,kigeni,,,,,,,,,,,,,,,,,,,,
hbo:3938,,,,,,,"kul, kula, wakala, tekete, akal",,,,,,,,,,,,,,,
hbo:3939,"pakanga, ogeu, yaitwa, amenikinaisha",,,,,,,,,,,,,,,,,,,,,
hbo:3940,"mienge, taa, weng, ving, kiga",,,,,,,,,,,,,,,,,,,,,
hbo:3941,lapidothi,,,,,,,,,,,,,,,,,,,,,
hbo:3943,,"poto, sokot, uchungu, ukaidi, tosh","poto, sokot, uchungu, ukaidi, tosh",,,,,,,,,,,,,,,,,,,
hbo:3944,"geuzi, owatawal, enyi",,,,,,,,,,,,,,,,,,,,,
hbo:3946,lakumu,,,,,,,,,,,,,,,,,,,,,
hbo:3947,,"twa, itwa, poke, chuku, katw","twa, itwa, poke, chuku, katw",,"twa, itwa, poke, chuku, katw","twa, itwa, poke, chuku, katw",,"twa, itwa, poke, chuku, katw",,,,,,,,,,,,,,
hbo:3948,"fundish, wali, waalimu, mafunzo, elim",,,,,,,,,,,,,,,,,,,,,
hbo:3949,liki,,,,,,,,,,,,,,,,,,,,,
hbo:3950,,"kusany, kusanyi, sany, kuta, okot",,"kusany, kusanyi, sany, kuta, okot","kusany, kusanyi, sany, kuta, okot","kusany, kusanyi, sany, kuta, okot",,,,,,,,,,,,,,,,
hbo:3951,"masazo, ziokotwe, wakati, usivune",,,,,,,,,,,,,,,,,,,,,
hbo:3952,,"ramb, yaramb, amba, warambe, iramb",,"ramb, yaramb, amba, warambe, iramb",,,,,,,,,,,,,,,,,,
hbo:3954,"itatoa, isitoe, maza, vuli, mavuno",,,,,,,,,,,,,,,,,,,,,
hbo:3955,jash,,,,,,,,,,,,,,,,,,,,,
hbo:3956,"ulim, lugh, ndim, hori, kabari",,,,,,,,,,,,,,,,,,,,,
hbo:3957,"vyumba, chumba, umba, safish, hich",,,,,,,,,,,,,,,,,,,,,
hbo:3958,hiakintho,,,,,,,,,,,,,,,,,,,,,
hbo:3959,leshemu,,,,,,,,,,,,,,,,,,,,,
hbo:3961,"ulim, lugh, ndim, hori, kabari",,,,,,,,,,,,,,,,,,,,,
hbo:3962,lasha,,,,,,,,,,,,,,,,,,,,,
hbo:3963,jinunuli,,,,,,,,,,,,,,,,,,,,,
hbo:3965,"ghal, zifungueni, mfanyeni, msimsazie",,,,,,,,,,,,,,,,,,,,,
hbo:3966,"sana, wengi, nyingi, meng, mno",,,,,,,,,,,,,,,,,,,,,
hbo:3967,"mia, mami, moja",,,,,,,,,,,,,,,,,,,,,
hbo:3968,hamea,,,,,,,,,,,,,,,,,,,,,
hbo:3971a,"lem, kasoro, aibu, meshikaman, hawawi",,,,,,,,,,,,,,,,,,,,,
hbo:3972,"kitu, lolote, chochote, fuatili, nisione",,,,,,,,,,,,,,,,,,,,,
hbo:3974,"nuru, wang, mianga, taa, pambazuk",,,,,,,,,,,,,,,,,,,,,
hbo:3975,"tund, shim, mvungu, uvungu, chimbuli",,,,,,,,,,,,,,,,,,,,,
hbo:3976,"mizani, nipimwe, auju",,,,,,,,,,,,,,,,,,,,,
hbo:3978,"chakula, mkat, mikate, vyakula, mawindo",,,,,,,,,,,,,,,,,,,,,
hbo:3979,"kisu, visu, vigego",,,,,,,,,,,,,,,,,,,,,
hbo:3980,"kuni, tiwa",,,,,,,,,,,,,,,,,,,,,
hbo:3981,"nguvu, uwez, miujiza, ukuu, mamlaka",,,,,,,,,,,,,,,,,,,,,
hbo:3982,"amur, agiz, amri, agiza, amriw",,,,,,,,,,,,,,,,,,,,,
hbo:3984,"vyombo, ila, chombo, kitu, mtungi",,,,,,,,,,,,,,,,,,,,,
hbo:3985,,,,"kata, mtakataa, washikili, humwua, nimeunyosha, kuwapa, waingie, chofa, ndil",,,,,,,,,,,,,,,,,,
hbo:3988,,"kata, tup, dhara, dhar, zangu, sonon, chemchemi, itiririkayo, bubuji, jit, mavi, jaa, jaan, ziuz, uref","kata, tup, dhara, dhar, zangu, sonon, chemchemi, itiririkayo, bubuji, jit, mavi, jaa, jaan, ziuz, uref",,,,,,,,,,,,,,,,,,,
hbo:3988a,,,"kata, tup, dhara, dhar, zangu, sonon, chemchemi, itiririkayo, bubuji, jit",,,,,,,,,,,,,,,,,,,
hbo:3989,"tanuri, waokaji, tokos, mwokaji, kos",,,,,,,,,,,,,,,,,,,,,
hbo:3990,"giza, gizani, pofu, mweusi, weus",,,,,,,,,,,,,,,,,,,,,
hbo:3991,"giza, gizani, pofu, mweusi, weus",,,,,,,,,,,,,,,,,,,,,
hbo:3992,,,,,,,"matumizi, uumizao, ikiw, la, mchongoma",,,,,,,,,,,,,,,
hbo:3993,"vizi, waviziao, huotea, kuotea, ote",,,,,,,,,,,,,,,,,,,,,
hbo:3994,"laan, laani, amtukanaye, apiz, zilaa",,,,,,,,,,,,,,,,,,,,,
hbo:3995,"teng, jiten, tengan, gawa, tawanyi",,,,,,,,,,,,,,,,,,,,,
hbo:3996,"lang, pa, ili, peny, ingili, ingi, ingia, wing, ingieni, uingie",,,,,,,,,,,,,,,,,,,,,
hbo:3998,ukajaa,,,,,,,,,,,,,,,,,,,,,
hbo:3999,"gharika, gharikish, ifurikayo, yameayo, zikatoa",,,,,,,,,,,,,,,,,,,,,
hbo:4001,"abik, hidaya, peleka",,,,,,,,,,,,,,,,,,,,,
hbo:4002,"chemchemi, chipu, sim, siman, toke",,,,,,,,,,,,,,,,,,,,,
hbo:4003,"bure, mitupu, fut, adhabu, sina",,,,,,,,,,,,,,,,,,,,,
hbo:4004,"wateule, teul, wazuri, mizuri, miteule",,,,,,,,,,,,,,,,,,,,,
hbo:4005,"chakula, shw, uwaw, wateule, teul, wazuri, mizuri, miteule",,,,,,,,,,,,,,,,,,,,,
hbo:4007,"zami, kuta, taza, tumai, taraji",,,,,,,,,,,,,,,,,,,,,
hbo:4008,"lolitam, haraka, wakaidi, hafifu, fan",,,,,,,,,,,,,,,,,,,,,
hbo:4009,"tumain, tegemeo, uthabiti, kufanya, pumziki",,,,,,,,,,,,,,,,,,,,,
hbo:4010,"lizw, leta, arehemu, nisione, uach",,,,,,,,,,,,,,,,,,,,,
hbo:4011,umbo,,,,,,,,,,,,,,,,,,,,,
hbo:4012,mwanathothi,,,,,,,,,,,,,,,,,,,,,
hbo:4014,mibsari,,,,,,,,,,,,,,,,,,,,,
hbo:4017,mibsamu,,,,,,,,,,,,,,,,,,,,,
hbo:4019,magbishi,,,,,,,,,,,,,,,,,,,,,
hbo:4020,"poto, sokot, uchungu, ukaidi, tosh",,,,,,,,,,,,,,,,,,,,,
hbo:4021,"kofi, lemb",,,,,,,,,,,,,,,,,,,,,
hbo:4022,"bora, zur, lala, viteule, uradhi",,,,,,,,,,,,,,,,,,,,,
hbo:4023,megido,,,,,,,,,,,,,,,,,,,,,
hbo:4024,"mnar, minara, ngom, ngomeni, inadondosha, migdoli",,,,,,,,,,,,,,,,,,,,,
hbo:4024a,"mnar, minara, ngom, ngomeni, inadondosha, migdoli",,,,,,,,,,,,,,,,,,,,,
hbo:4025,magdieli,,,,,,,,,,,,,,,,,,,,,
hbo:4026,"mnar, minara, ngom, ngomeni, inadondosha",,,,,,,,,,,,,,,,,,,,,
hbo:4027,migdal-eli,,,,,,,,,,,,,,,,,,,,,
hbo:4028,migdal-gadi,,,,,,,,,,,,,,,,,,,,,
hbo:4029,"ederi, jili",,,,,,,,,,,,,,,,,,,,,
hbo:4030,"hama, heshim, heshima, uzur, tunu",,,,,,,,,,,,,,,,,,,,,
hbo:4031,magogu,,,,,,,,,,,,,,,,,,,,,
hbo:4032,"hofu, tish, utisho, uharibifu, shid",,,,,,,,,,,,,,,,,,,,,
hbo:4033,"mgen, wageni, kuka, akaaye, ugenini",,,,,,,,,,,,,,,,,,,,,
hbo:4035,"ogop, hofu, kumcha, tish, kich",,,,,,,,,,,,,,,,,,,,,
hbo:4037,"shok, wanaivunjavunja",,,,,,,,,,,,,,,,,,,,,
hbo:4038,"mund, yakiiva",,,,,,,,,,,,,,,,,,,,,
hbo:4040,"tab, gomb, alitoa, uonacho",,,,,,,,,,,,,,,,,,,,,
hbo:4042,,,,"oko, sali, pony, uniponye, uniokoe",,,,,,,,,,,,,,,,,,
hbo:4043,"ngao, viga, kiga, pamoja",,,,,,,,,,,,,,,,,,,,,
hbo:4044,"funik, sitir, funika, pazi, funiki",,,,,,,,,,,,,,,,,,,,,
hbo:4045,"keme, maonyo, lawama, hoja, ony",,,,,,,,,,,,,,,,,,,,,
hbo:4046,"pigo, taun, ugonjwa, radh, ene",,,,,,,,,,,,,,,,,,,,,
hbo:4047,heziri,,,,,,,,,,,,,,,,,,,,,
hbo:4048,,"tup, tupw, angush, tupi, bomo",,"tup, tupw, angush, tupi, bomo",,,,,,,,,,,,,"tup, tupw, angush, tupi, bomo",,,,,
hbo:4050,"misumeno, msumeno",,,,,,,,,,,,,,,,,,,,,
hbo:4051,"migroni, ayathi",,,,,,,,,,,,,,,,,,,,,
hbo:4053,"udongo, madongoa",,,,,,,,,,,,,,,,,,,,,
hbo:4054,"chunga, malisho, lish, viunga, mbug",,,,,,,,,,,,,,,,,,,,,
hbo:4055,"nguo, mavazi, vazi, chake",,,,,,,,,,,,,,,,,,,,,
hbo:4056,"madhabahu, madhabahuni, pale",,,,,,,,,,,,,,,,,,,,,
hbo:4057,"kinywa, vinywa, nywan, lile, ribu, jangwan, jangwa, nyikani, nyik, bara",,,,,,,,,,,,,,,,,,,,,
hbo:4057a,"kinywa, vinywa, nywan, lile, ribu, jangwan, jangwa, nyikani, nyik, bara",,,,,,,,,,,,,,,,,,,,,
hbo:4058,,"pim, pimi, nyingine, sawa, pima, nyoshe, zid, niziitapo, nyembamba, zije, tikis, tikisi, tiki, tetemek, kama","pim, pimi, nyingine, sawa, pima, nyoshe, zid, niziitapo, nyembamba, zije, tikis, tikisi, tiki, tetemek, kama","pim, pimi, nyingine, sawa, pima, nyoshe, zid, niziitapo, nyembamba, zije, tikis, tikisi, tiki, tetemek, kama",,"pim, pimi, nyingine, sawa, pima, nyoshe, zid, niziitapo, nyembamba, zije, tikis, tikisi, tiki, tetemek, kama",,,,,,,,,,,,,,,,
hbo:4060,"ada, pim, pimi, nyingine, sawa, pima, kodi, sehemu",,,,,,,,,,,,,,,,,,,,,
hbo:4060a,"ada, pim, pimi, nyingine, sawa, pima, kodi, sehemu",,,,,,,,,,,,,,,,,,,,,
hbo:4062,vyoko,,,,,,,,,,,,,,,,,,,,,
hbo:4063,"nguo, mavazi, vazi, chake",,,,,,,,,,,,,,,,,,,,,
hbo:4064,"komesh, kabisa, kiku, boleze, wamo",,,,,,,,,,,,,,,,,,,,,
hbo:4066,"shinda, ugomvi, fitina, shutuma, neno, pim, pimi, nyingine, sawa, pima",,,,,,,,,,,,,,,,,,,,,
hbo:4068,madoni,,,,,,,,,,,,,,,,,,,,,
hbo:4069,"mbona, nini, gani, reje, unakaa",,,,,,,,,,,,,,,,,,,,,
hbo:4070,"maka, viot, maskani, kika",,,,,,,,,,,,,,,,,,,,,
hbo:4071,"chung, wimb, rund, gof, fung",,,,,,,,,,,,,,,,,,,,,
hbo:4072,"uharibifu, kinywa, nena, tend, ulim",,,,,,,,,,,,,,,,,,,,,
hbo:4073,"sukum, suku, angush, fukuz, msongason",,,,,,,,,,,,,,,,,,,,,
hbo:4074,"wamedi, umedi, mmedi, maarufu",,,,,,,,,,,,,,,,,,,,,
hbo:4079,"shinda, tete, ishi, gomban, mgomvi",,,,,,,,,,,,,,,,,,,,,
hbo:4080,"midiani, wamidiani, mmidiani, yekutu",,,,,,,,,,,,,,,,,,,,,
hbo:4081,midini,,,,,,,,,,,,,,,,,,,,,
hbo:4082,"jimb, miko, mkoa, ila, wal",,,,,,,,,,,,,,,,,,,,,
hbo:4084,"midiani, wamidiani, mmidiani, yekutu",,,,,,,,,,,,,,,,,,,,,
hbo:4085,"vinu, yafich",,,,,,,,,,,,,,,,,,,,,
hbo:4086,"madmena, haziko",,,,,,,,,,,,,,,,,,,,,
hbo:4088,madmena,,,,,,,,,,,,,,,,,,,,,
hbo:4089,madmana,,,,,,,,,,,,,,,,,,,,,
hbo:4089a,madmana,,,,,,,,,,,,,,,,,,,,,
hbo:4091,medani,,,,,,,,,,,,,,,,,,,,,
hbo:4093,"maarifa, ujuz, kumjua, elim, kuju",,,,,,,,,,,,,,,,,,,,,
hbo:4094,"sukum, suku, angush, fukuz, msongason",,,,,,,,,,,,,,,,,,,,,
hbo:4095,"ili, lim, lima, mlima, gibea",,,,,,,,,,,,,,,,,,,,,
hbo:4096,"kanya, waka, amka, kwa, taka",,,,,,,,,,,,,,,,,,,,,
hbo:4097,maelezo,,,,,,,,,,,,,,,,,,,,,
hbo:4098,"puri, wanj, sakafu, nafaka, uga",,,,,,,,,,,,,,,,,,,,,
hbo:4099a,hamedatha,,,,,,,,,,,,,,,,,,,,,
hbo:4100,"nini, gani, mbona, jinsi, je",,,,,,,,,,,,,,,,,,,,,
hbo:4102,,,,,,"kawi, ngoj, lege, kawiakawi, litu",,,,,,,,,,,,,,,,
hbo:4103,"fujo, shak, fadhaa, yom, mvum",,,,,,,,,,,,,,,,,,,,,
hbo:4104,mehumani,,,,,,,,,,,,,,,,,,,,,
hbo:4105,mehetabeli,,,,,,,,,,,,,,,,,,,,,
hbo:4106,"upes, haraka, mwepesi, pund, ribu",,,,,,,,,,,,,,,,,,,,,
hbo:4107,,"hiri, tahiri, tahir, tohara, govi",,,,,,,,,,,,,,,,,,,,
hbo:4109,"pit, njia, yanyosheni, wauzidisha, uniendeshe, safari, safir, vitu, safi, mwendo",,,,,,,,,,,,,,,,,,,,,
hbo:4110,"sifa, baraka, tuku, shukrani, ahimidiwe",,,,,,,,,,,,,,,,,,,,,
hbo:4111,mahalaleli,,,,,,,,,,,,,,,,,,,,,
hbo:4112,"upep, pepo, vum, yapita, ivumapo",,,,,,,,,,,,,,,,,,,,,
hbo:4114,"anga, eil",,,,,,,,,,,,,,,,,,,,,
hbo:4115,"gerezan, fung, walinzi, gerez, husu",,,,,,,,,,,,,,,,,,,,,
hbo:4116,,,"haraka, upes, hima, mbio, mwenye, nunu, nunuli, tununue, nunua, jinunu, mwepesi, pund, ribu","haraka, upes, hima, mbio, mwenye, nunu, nunuli, tununue, nunua, jinunu, mwepesi, pund, ribu",,,,,,,,,,,,,,,,,,
hbo:4117,,"haraka, upes, hima, mbio, mwenye, nunu, nunuli, tununue, nunua, jinunu, lip, rudi, kuto, mpen, mlip",,,,,,,,,,,,,,,,,,,,
hbo:4119,mahari,,,,,,,,,,,,,,,,,,,,,
hbo:4120,"haraka, upes, hima, mbio, mwenye",,,,,,,,,,,,,,,,,,,,,
hbo:4121,maharai,,,,,,,,,,,,,,,,,,,,,
hbo:4122,maher-shalal-hash-bazi,,,,,,,,,,,,,,,,,,,,,
hbo:4124,"moabu, wamoabi, baada",,,,,,,,,,,,,,,,,,,,,
hbo:4125,"mmoabi, wamoabi",,,,,,,,,,,,,,,,,,,,,
hbo:4126,"lang, pa, ili, peny, ingili",,,,,,,,,,,,,,,,,,,,,
hbo:4127,,"yeyu, yeyush, towek, ajitahidiye, haruk","yeyu, yeyush, towek, ajitahidiye, haruk","yeyu, yeyush, towek, ajitahidiye, haruk",,"yeyu, yeyush, towek, ajitahidiye, haruk",,,,,,,,,,,,,,,,
hbo:4131,,"tikis, tikisi, tiki, tetemek, kama","tikis, tikisi, tiki, tetemek, kama",,,"tikis, tikisi, tiki, tetemek, kama","tikis, tikisi, tiki, tetemek, kama",,,,,,,,,,,,,,,
hbo:4132,"nira, kongwa, miti, usogezwe, mizani",,,,,,,,,,,,,,,,,,,,,
hbo:4133,"nira, kongwa, miti, usogezwe, mizani",,,,,,,,,,,,,,,,,,,,,
hbo:4134,,"maskini, tindiki, ogofyo, mfanyieni",,,,,,,,,,,,,,,,,,,,
hbo:4135,,"hiri, tahiri, tahir, tohara, govi","hiri, tahiri, tahir, tohara, govi",,,,,,,,,,,,,,,,,,,
hbo:4136,"eleke, upande, kabil, hakupo, lak",,,,,,,,,,,,,,,,,,,,,
hbo:4137,molada,,,,,,,,,,,,,,,,,,,,,
hbo:4138,"jamaa, wake, mkwewe, zaliw, mbar",,,,,,,,,,,,,,,,,,,,,
hbo:4139,"hiri, tahiri, tahir, tohara, govi",,,,,,,,,,,,,,,,,,,,,
hbo:4140,molidi,,,,,,,,,,,,,,,,,,,,,
hbo:4141,"pande, zunguk, ndokand, kotekote, vya",,,,,,,,,,,,,,,,,,,,,
hbo:4143,"msingi, misingi, maka, wek, kuitia",,,,,,,,,,,,,,,,,,,,,
hbo:4144,"msingi, misingi, maka, wek, kuitia",,,,,,,,,,,,,,,,,,,,,
hbo:4145,"wek, amriw, wekw, kutan, kuta, msingi, misingi, maka, kuitia",,,,,,,,,,,,,,,,,,,,,
hbo:4146,"msingi, misingi, maka, wek, kuitia",,,,,,,,,,,,,,,,,,,,,
hbo:4148,"fundish, rudi, maonyo, rud, adhabu, sheria, torati, amri",,,,,,,,,,,,,,,,,,,,,
hbo:4149,"mosera, moserothi",,,,,,,,,,,,,,,,,,,,,
hbo:4149a,"mosera, moserothi",,,,,,,,,,,,,,,,,,,,,
hbo:4150,"kuta, kutan, kuku, amriw, pat",,,,,,,,,,,,,,,,,,,,,
hbo:4152,asif,,,,,,,,,,,,,,,,,,,,,
hbo:4153,piltai,,,,,,,,,,,,,,,,,,,,,
hbo:4155,"giza, gizani, pofu, mweusi, weus",,,,,,,,,,,,,,,,,,,,,
hbo:4156,"shaur, ushauri, washauri, mshauri, kusud",,,,,,,,,,,,,,,,,,,,,
hbo:4157,"mabaya, uovu, taab, shid, dhik",,,,,,,,,,,,,,,,,,,,,
hbo:4158a,mefaathi,,,,,,,,,,,,,,,,,,,,,
hbo:4159,"ajab, ishara, miujiza, kifani, zoziti",,,,,,,,,,,,,,,,,,,,,
hbo:4161,"ingi, tok, let, kuj, fik",,,,,,,,,,,,,,,,,,,,,
hbo:4162,mosa,,,,,,,,,,,,,,,,,,,,,
hbo:4163,"choo, sichw, kich, kuchwa, uliy",,,,,,,,,,,,,,,,,,,,,
hbo:4164,"gand, tukuf",,,,,,,,,,,,,,,,,,,,,
hbo:4165,"kusubu, poyeyush, yeyush, mirija, kalibu",,,,,,,,,,,,,,,,,,,,,
hbo:4167,,,,,,,"dhihak, dhara, chek, mzah, dhihaka",,,,,,,,,,,,,,,
hbo:4168,"tekete, ngu, king",,,,,,,,,,,,,,,,,,,,,
hbo:4169,"tanuri, waokaji, tokos, mwokaji, kos",,,,,,,,,,,,,,,,,,,,,
hbo:4170,"mteg, mitego, tanz, nasw, mtegoni",,,,,,,,,,,,,,,,,,,,,
hbo:4171,,,"badili, badil, geuz, mbali, geuge",,,,"badili, badil, geuz, mbali, geuge",,,,,,,,,,,,,,,
hbo:4172,"ogop, hofu, kumcha, tish, kich",,,,,,,,,,,,,,,,,,,,,
hbo:4173,"puri, wanj, sakafu, nafaka, uga",,,,,,,,,,,,,,,,,,,,,
hbo:4174,"terem, koshuki, ukoo, sikizi, shebarimu",,,,,,,,,,,,,,,,,,,,,
hbo:4176,more,,,,,,,,,,,,,,,,,,,,,
hbo:4177,"upanga, pang, wemb, mkuk, alan",,,,,,,,,,,,,,,,,,,,,
hbo:4179,moria,,,,,,,,,,,,,,,,,,,,,
hbo:4180,"milik, milk, ana, mwenye, fukuz",,,,,,,,,,,,,,,,,,,,,
hbo:4180a,"milik, milk, ana, mwenye, fukuz",,,,,,,,,,,,,,,,,,,,,
hbo:4181,"milik, milk, ana, mwenye, fukuz",,,,,,,,,,,,,,,,,,,,,
hbo:4182,"mtaipa, moresheth-gathi, kuagia",,,,,,,,,,,,,,,,,,,,,
hbo:4183,"mmorashti, mmoreshathi",,,,,,,,,,,,,,,,,,,,,
hbo:4185,,"mbali, ondok, teng, ondo, alam",,,,,"mbali, ondok, teng, ondo, alam",,,,,,,,,,,,,,,
hbo:4186,"maka, kuka, mahali, kuketi, viti",,,,,,,,,,,,,,,,,,,,,
hbo:4187,"mushi, mahli",,,,,,,,,,,,,,,,,,,,,
hbo:4188,wamushi,,,,,,,,,,,,,,,,,,,,,
hbo:4191,,"kuf, akaf, kufa, uaw, mwu, maut, wafu, kifo",,"kuf, akaf, kufa, uaw, mwu, maut, wafu, kifo",,,"kuf, akaf, kufa, uaw, mwu, maut, wafu, kifo","kuf, akaf, kufa, uaw, mwu, maut, wafu, kifo",,,,,,,,,,,,,,
hbo:4194,"nikabil, epuka, maut, wafu, kufa, kuf, kifo, anga, harib, pote, haribik, ukiwa",,,,,,,,,,,,,,,,,,,,,
hbo:4195,"faid, zaidi, faidi, pit, manufaa",,,,,,,,,,,,,,,,,,,,,
hbo:4196,"madhabahu, madhabahuni, pale",,,,,,,,,,,,,,,,,,,,,
hbo:4197,"diva, mvinyo, rib, shinikiz, zabibu",,,,,,,,,,,,,,,,,,,,,
hbo:4198,"bure, mitupu, fut, adhabu, sina",,,,,,,,,,,,,,,,,,,,,
hbo:4199,miza,,,,,,,,,,,,,,,,,,,,,
hbo:4200,"ghal, zifungueni, mfanyeni, msimsazie",,,,,,,,,,,,,,,,,,,,,
hbo:4201,"lang, ila, miim, mwim, lango",,,,,,,,,,,,,,,,,,,,,
hbo:4202,"chakula, mkat, mikate, vyakula, mawindo",,,,,,,,,,,,,,,,,,,,,
hbo:4205,"jerah, pig, uuaj, pigo, yake",,,,,,,,,,,,,,,,,,,,,
hbo:4206,"mshipi, ishi, sitir, jikusany",,,,,,,,,,,,,,,,,,,,,
hbo:4206a,"mshipi, ishi, sitir, jikusany",,,,,,,,,,,,,,,,,,,,,
hbo:4207,"uma, jemb, ambavyo, tokot",,,,,,,,,,,,,,,,,,,,,
hbo:4209,"waz, kusud, shaur, hila, mipango",,,,,,,,,,,,,,,,,,,,,
hbo:4210,"zaburi, zeze, muziki, ala, nand",,,,,,,,,,,,,,,,,,,,,
hbo:4211,"miundu, pele, loza",,,,,,,,,,,,,,,,,,,,,
hbo:4212,"kas, mikasi",,,,,,,,,,,,,,,,,,,,,
hbo:4213,"kidogo, acha, mdog, chach, tamb",,,,,,,,,,,,,,,,,,,,,
hbo:4214,pepe,,,,,,,,,,,,,,,,,,,,,
hbo:4217,"mashariki, maawio, upande, kale, mbele",,,,,,,,,,,,,,,,,,,,,
hbo:4218,"pand, mbeg, mpanzi, panda, kuutia",,,,,,,,,,,,,,,,,,,,,
hbo:4219,"bakul, besen, vitasa, unip, komb",,,,,,,,,,,,,,,,,,,,,
hbo:4220,"non, wanono, nenep, nenepe, winu",,,,,,,,,,,,,,,,,,,,,
hbo:4221,mafuta,,,,,,,,,,,,,,,,,,,,,
hbo:4222,,"pig, wau, pigw, mwu, kuwaua",,,,,,,,,,,,,"pig, wau, pigw, mwu, kuwaua",,"pig, wau, pigw, mwu, kuwaua",,,,"pig, wau, pigw, mwu, kuwaua",
hbo:4224,"fich, siri, sitiri, mbali, tiri, kimbili, salama, ngom, nguvu, raha",,,,,,,,,,,,,,,,,,,,,
hbo:4225,"unga, ung, ambata, shik, ungw",,,,,,,,,,,,,,,,,,,,,
hbo:4226,"ngi, tarabe",,,,,,,,,,,,,,,,,,,,,
hbo:4227,"kaangon, okw, jipati, ango, vyook",,,,,,,,,,,,,,,,,,,,,
hbo:4228,"mshipi, fung, tamba, fungw, fungi",,,,,,,,,,,,,,,,,,,,,
hbo:4229,,"fut, futw, futi, usifute, futili, pig, pigw, shindw, piga, jikwa, mafuta","fut, futw, futi, usifute, futili, pig, pigw, shindw, piga, jikwa, mafuta",,,,"fut, futw, futi, usifute, futili, pig, pigw, shindw, piga, jikwa, mafuta",,,,,,,,,,,,,,,
hbo:4229a,,"fut, futw, futi, usifute, futili, pig, pigw, shindw, piga, jikwa, mafuta",,,,,,,,,,,,,,,,,,,,
hbo:4229b,,,,,"fut, futw, futi, usifute, futili, pig, pigw, shindw, piga, jikwa, mafuta",,,,,,,,,,,,,,,,,
hbo:4230,fanz,,,,,,,,,,,,,,,,,,,,,
hbo:4231,yoitama,,,,,,,,,,,,,,,,,,,,,
hbo:4232,mehuyaeli,,,,,,,,,,,,,,,,,,,,,
hbo:4233,mmahawi,,,,,,,,,,,,,,,,,,,,,
hbo:4234,"chez, michezo, ngom, nderemo, umeniondolea",,,,,,,,,,,,,,,,,,,,,
hbo:4236,"maon, njoz, mashuhuri, ndot, batili",,,,,,,,,,,,,,,,,,,,,
hbo:4237,"dirish, dirishan, taa, ilikuwa",,,,,,,,,,,,,,,,,,,,,
hbo:4238,mahaziothi,,,,,,,,,,,,,,,,,,,,,
hbo:4239,"upep, pepo, vum, yapita, ivumapo",,,,,,,,,,,,,,,,,,,,,
hbo:4240,mehida,,,,,,,,,,,,,,,,,,,,,
hbo:4241,"dond, kuva, zozote, asipone, atulinde",,,,,,,,,,,,,,,,,,,,,
hbo:4242,"hama, lipw, twauziwa, hayupo, tumekunywa",,,,,,,,,,,,,,,,,,,,,
hbo:4244,mala,,,,,,,,,,,,,,,,,,,,,
hbo:4245,"ugonjwa, hai, magonjwa, yowati, amejitwika",,,,,,,,,,,,,,,,,,,,,
hbo:4245a,"ugonjwa, hai, magonjwa, yowati, amejitwika",,,,,,,,,,,,,,,,,,,,,
hbo:4246,"chez, michezo, ngom, nderemo, umeniondolea",,,,,,,,,,,,,,,,,,,,,
hbo:4247,"pang, pangon, shim, tund, lilom",,,,,,,,,,,,,,,,,,,,,
hbo:4248,maloni,,,,,,,,,,,,,,,,,,,,,
hbo:4249,"mali, ishekeli",,,,,,,,,,,,,,,,,,,,,
hbo:4250,wamala,,,,,,,,,,,,,,,,,,,,,
hbo:4252,"kisu, visu, vigego",,,,,,,,,,,,,,,,,,,,,
hbo:4253,"nywele, nywe, sing, malaika, manyoya",,,,,,,,,,,,,,,,,,,,,
hbo:4254,"joho, vazi, mavazi, wakiwa, loku",,,,,,,,,,,,,,,,,,,,,
hbo:4255,"zamu, fung, kund, gawa, waondoke",,,,,,,,,,,,,,,,,,,,,
hbo:4256,"zamu, fung, kund, gawa, waondoke, selahamalekothi",,,,,,,,,,,,,,,,,,,,,
hbo:4257,mahalathi,,,,,,,,,,,,,,,,,,,,,
hbo:4258,mahalathi,,,,,,,,,,,,,,,,,,,,,
hbo:4259,mmeholathi,,,,,,,,,,,,,,,,,,,,,
hbo:4261,"tama, pendeza, pend, tamani, man",,,,,,,,,,,,,,,,,,,,,
hbo:4263,"rehema, huruma, rehem, huru, unirehemu",,,,,,,,,,,,,,,,,,,,,
hbo:4264,"kamb, mbin, jeshi, pang, kitu",,,,,,,,,,,,,,,,,,,,,
hbo:4266,mahanaimu,,,,,,,,,,,,,,,,,,,,,
hbo:4267,"songole, nyon, nyong, jik",,,,,,,,,,,,,,,,,,,,,
hbo:4268,"kimbili, salama, ngom, nguvu, raha",,,,,,,,,,,,,,,,,,,,,
hbo:4269,"fumba, apurapo, mzib, fumb, nitajitia",,,,,,,,,,,,,,,,,,,,,
hbo:4270,"haja, mhitaji, wahitaji, hitaj, maskini",,,,,,,,,,,,,,,,,,,,,
hbo:4271,maaseya,,,,,,,,,,,,,,,,,,,,,
hbo:4272,,"jerah, pig, uuaj, pigo, yake",,,,,,,,,,,,,,,,,,,,
hbo:4273,"jerah, pig, uuaj, pigo, yake",,,,,,,,,,,,,,,,,,,,,
hbo:4274,"chimb, chon, waashi, chong, wachonga",,,,,,,,,,,,,,,,,,,,,
hbo:4275,"nusu, katikati, sehemu, manane, peresi",,,,,,,,,,,,,,,,,,,,,
hbo:4276,"nusu, katikati, sehemu, manane, peresi",,,,,,,,,,,,,,,,,,,,,
hbo:4277,,"anga, harib, pote, haribik, ukiwa",,,,,,,,,,,,,,,,,,,,
hbo:4278,zimo,,,,,,,,,,,,,,,,,,,,,
hbo:4279,"kesh, zijazo, pili, asubuhi, siku",,,,,,,,,,,,,,,,,,,,,
hbo:4281,"watafua, kuno, yafueni",,,,,,,,,,,,,,,,,,,,,
hbo:4283,"asubuhi, pili, alfajiri, amba, pambazuk",,,,,,,,,,,,,,,,,,,,,
hbo:4284,"waz, kusud, shaur, hila, mipango",,,,,,,,,,,,,,,,,,,,,
hbo:4285,"giza, gizani, pofu, mweusi, weus",,,,,,,,,,,,,,,,,,,,,
hbo:4286,"aibu, haya, fedheha, aibish, hayar",,,,,,,,,,,,,,,,,,,,,
hbo:4287,mahathi,,,,,,,,,,,,,,,,,,,,,
hbo:4288,"hofu, tish, utisho, uharibifu, shid",,,,,,,,,,,,,,,,,,,,,
hbo:4289,"chetezo, vyetezo, vyake, meko, vilet",,,,,,,,,,,,,,,,,,,,,
hbo:4290,"uharibifu, anga, jerah, vunjik, vunj",,,,,,,,,,,,,,,,,,,,,
hbo:4291,,,,,,,,,,,,,,,"fik, wadi, yachuchumili, umekua, utii",,,,,,,
hbo:4292,"mretemu, ufagio",,,,,,,,,,,,,,,,,,,,,
hbo:4293,"chinj, chin, wau, chinji, chinja",,,,,,,,,,,,,,,,,,,,,
hbo:4294,"kabila, fimb, kabil, gong, tegemeo",,,,,,,,,,,,,,,,,,,,,
hbo:4295,"chini, yatatia, tuadhib, ncha, huwi",,,,,,,,,,,,,,,,,,,,,
hbo:4296,"tand, tandan, godor, lal, malazi",,,,,,,,,,,,,,,,,,,,,
hbo:4297,"poto, sokot, uchungu, ukaidi, tosh",,,,,,,,,,,,,,,,,,,,,
hbo:4298,"tandik, kunju, nyosh, kuene, tanda",,,,,,,,,,,,,,,,,,,,,
hbo:4299,zisokot,,,,,,,,,,,,,,,,,,,,,
hbo:4300,"fimb, fito, ufit, miot, nije",,,,,,,,,,,,,,,,,,,,,
hbo:4301,"hazina, akib, ghal, fich, weke",,,,,,,,,,,,,,,,,,,,,
hbo:4302,"pand, zaal, tang, mich, mbog",,,,,,,,,,,,,,,,,,,,,
hbo:4303,"anas, kitamu, tunu, mrud",,,,,,,,,,,,,,,,,,,,,
hbo:4304,"vifuko, yoiva",,,,,,,,,,,,,,,,,,,,,
hbo:4305,,,"mvua, nyesh, nyeshe, masika, manyunyu",,,,"mvua, nyesh, nyeshe, masika, manyunyu",,,,,,,,,,,,,,,
hbo:4306,"mvua, nyesh, nyeshe, masika, manyunyu",,,,,,,,,,,,,,,,,,,,,
hbo:4307,"gerezan, fung, walinzi, gerez, husu",,,,,,,,,,,,,,,,,,,,,
hbo:4308,matredi,,,,,,,,,,,,,,,,,,,,,
hbo:4309,wamatri,,,,,,,,,,,,,,,,,,,,,
hbo:4310,"nani, lait, ambao, taka, aliye",,,,,,,,,,,,,,,,,,,,,
hbo:4311,medeba,,,,,,,,,,,,,,,,,,,,,
hbo:4312,"medadi, washuki",,,,,,,,,,,,,,,,,,,,,
hbo:4313,rkon,,,,,,,,,,,,,,,,,,,,,
hbo:4314,mezahabu,,,,,,,,,,,,,,,,,,,,,
hbo:4315,"wateule, teul, wazuri, mizuri, miteule",,,,,,,,,,,,,,,,,,,,,
hbo:4316,mika,,,,,,,,,,,,,,,,,,,,,
hbo:4317,mikaeli,,,,,,,,,,,,,,,,,,,,,
hbo:4318,"mika, mikaya",,,,,,,,,,,,,,,,,,,,,
hbo:4320,"mika, mikaya",,,,,,,,,,,,,,,,,,,,,
hbo:4321,"mikaya, mika, maaka",,,,,,,,,,,,,,,,,,,,,
hbo:4322,"mikaya, mika, maaka",,,,,,,,,,,,,,,,,,,,,
hbo:4324,"mikali, merabu, hutaniona",,,,,,,,,,,,,,,,,,,,,
hbo:4325,"maji, majini, nywe, nyw, kuw, mkoj",,,,,,,,,,,,,,,,,,,,,
hbo:4326,miyamini,,,,,,,,,,,,,,,,,,,,,
hbo:4327,"aina, namn, jinsi, yalijawa, izaayo",,,,,,,,,,,,,,,,,,,,,
hbo:4330,"dhik, mateso, ban, aoneaye, song",,,,,,,,,,,,,,,,,,,,,
hbo:4331,mesha,,,,,,,,,,,,,,,,,,,,,
hbo:4332,mishaeli,,,,,,,,,,,,,,,,,,,,,
hbo:4334,"bond, bonden, shefela, barar, and",,,,,,,,,,,,,,,,,,,,,
hbo:4335,meshaki,,,,,,,,,,,,,,,,,,,,,
hbo:4337,mesha,,,,,,,,,,,,,,,,,,,,,
hbo:4338,mesha,,,,,,,,,,,,,,,,,,,,,
hbo:4339,"adil, haki, wanyofu, unyofu, yaliyo",,,,,,,,,,,,,,,,,,,,,
hbo:4340,"kamb, mikufu, and, fung, pwan",,,,,,,,,,,,,,,,,,,,,
hbo:4341,"maumivu, huzuni, sikitik, uchungu, majonzi",,,,,,,,,,,,,,,,,,,,,
hbo:4344,makbanai,,,,,,,,,,,,,,,,,,,,,
hbo:4345,wavu,,,,,,,,,,,,,,,,,,,,,
hbo:4347,"jerah, pig, uuaj, pigo, yake",,,,,,,,,,,,,,,,,,,,,
hbo:4348,"ungu, kovu, pakawa, kufura",,,,,,,,,,,,,,,,,,,,,
hbo:4349,"msingi, misingi, maka, wek, kuitia",,,,,,,,,,,,,,,,,,,,,
hbo:4350,"mahali, tak, vyake, pale, pake",,,,,,,,,,,,,,,,,,,,,
hbo:4351,"zaliw, ukoo, wakristo",,,,,,,,,,,,,,,,,,,,,
hbo:4352,maki,,,,,,,,,,,,,,,,,,,,,
hbo:4353,makiri,,,,,,,,,,,,,,,,,,,,,
hbo:4354,wamakiri,,,,,,,,,,,,,,,,,,,,,
hbo:4355,,"meza, kupw, kuzama, shush, lil","meza, kupw, kuzama, shush, lil",,,,,"meza, kupw, kuzama, shush, lil",,,,,,,,,,,,,,
hbo:4356,"sand, ziz, kunj, hori, baki",,,,,,,,,,,,,,,,,,,,,
hbo:4358,"kamili, kamil, timi, ilif, wazima",,,,,,,,,,,,,,,,,,,,,
hbo:4359,"kamili, kamil, timi, ilif, wazima",,,,,,,,,,,,,,,,,,,,,
hbo:4361,"chakula, mkat, mikate, vyakula, mawindo",,,,,,,,,,,,,,,,,,,,,
hbo:4363,"mikmashi, aiya",,,,,,,,,,,,,,,,,,,,,
hbo:4363a,"mikmashi, aiya",,,,,,,,,,,,,,,,,,,,,
hbo:4364,"wavu, nyav, jarife, tegw, wind",,,,,,,,,,,,,,,,,,,,,
hbo:4365,"wavu, nyav, jarife, tegw, wind",,,,,,,,,,,,,,,,,,,,,
hbo:4366,mikmeta,,,,,,,,,,,,,,,,,,,,,
hbo:4367,maknadebai,,,,,,,,,,,,,,,,,,,,,
hbo:4368,mekona,,,,,,,,,,,,,,,,,,,,,
hbo:4370,"suruali, atavaa",,,,,,,,,,,,,,,,,,,,,
hbo:4371,"kodi, sehemu",,,,,,,,,,,,,,,,,,,,,
hbo:4372,"funik, sitir, funika, pazi, funiki",,,,,,,,,,,,,,,,,,,,,
hbo:4373,"hesab, idad, hesabi, juml, acha",,,,,,,,,,,,,,,,,,,,,
hbo:4374,"funik, sitir, funika, pazi, funiki",,,,,,,,,,,,,,,,,,,,,
hbo:4375,makpela,,,,,,,,,,,,,,,,,,,,,
hbo:4376,,"wauz, uzw, wuz, jiuz, wakiuza","wauz, uzw, wuz, jiuz, wakiuza",,,"wauz, uzw, wuz, jiuz, wakiuza",,,,,,,,,,,,,,,,
hbo:4377,"bidhaa, wako, biashara, yapita, nipite",,,,,,,,,,,,,,,,,,,,,
hbo:4378,"julikan, ijulikane, juen, julisha, juan",,,,,,,,,,,,,,,,,,,,,
hbo:4379,"shim, shimoni, sim, rima, birik",,,,,,,,,,,,,,,,,,,,,
hbo:4380,"upanga, pang, wemb, mkuk, alan",,,,,,,,,,,,,,,,,,,,,
hbo:4381,mikri,,,,,,,,,,,,,,,,,,,,,
hbo:4382,mmaakathi,,,,,,,,,,,,,,,,,,,,,
hbo:4383,"kwaz, jikwa, anguk, angush, miongoni",,,,,,,,,,,,,,,,,,,,,
hbo:4384,"kwaz, jikwa, anguk, angush, miongoni",,,,,,,,,,,,,,,,,,,,,
hbo:4385,"andikw, andik, andiki, andi, yaan",,,,,,,,,,,,,,,,,,,,,
hbo:4386,"mabaki, vimejaa, viwili, sanye, atoa",,,,,,,,,,,,,,,,,,,,,
hbo:4387,"utenzi, unihifadhi, alipokamatwa, eduthi, alipomponyoka",,,,,,,,,,,,,,,,,,,,,
hbo:4388,"tund, shim, mvungu, uvungu, chimbuli, makteshi",,,,,,,,,,,,,,,,,,,,,
hbo:4390,"vimejaa, choja, imejaa, amejaa, vyom","jaz, timi, taja, imejaa, jazw","jaz, timi, taja, imejaa, jazw","jaz, timi, taja, imejaa, jazw","jaz, timi, taja, imejaa, jazw","jaz, timi, taja, imejaa, jazw",,,,,,,,,"jaz, timi, taja, imejaa, jazw",,,,,,"jaz, timi, taja, imejaa, jazw",
hbo:4393,"vimejaa, choja, imejaa, amejaa, vyom",,,,,,,,,,,,,,,,,,,,,
hbo:4394,"wakf, wekw, vito, ikali, chochote",,,,,,,,,,,,,,,,,,,,,
hbo:4395,"matunda, uzao, maza, tund, kuza",,,,,,,,,,,,,,,,,,,,,
hbo:4396,"wakf, wekw, vito, ikali, chochote",,,,,,,,,,,,,,,,,,,,,
hbo:4397,"malaika, wajumbe, mjumbe, mwanzo, mkiisikiliza",,,,,,,,,,,,,,,,,,,,,
hbo:4399,"kazi, matendo, tend, fany, enda",,,,,,,,,,,,,,,,,,,,,
hbo:4400,"malaika, wajumbe, mjumbe, mwanzo, mkiisikiliza",,,,,,,,,,,,,,,,,,,,,
hbo:4401,malaki,,,,,,,,,,,,,,,,,,,,,
hbo:4402,"wakf, wekw, vito, ikali, chochote",,,,,,,,,,,,,,,,,,,,,
hbo:4403,"nguo, mavazi, vazi, chake",,,,,,,,,,,,,,,,,,,,,
hbo:4404,"tofal, zenyewe, kuokea, zowatumiki",,,,,,,,,,,,,,,,,,,,,
hbo:4405,"maneno, min, enzi, asinene, wasinene",,,,,,,,,,,,,,,,,,,,,
hbo:4407,milo,,,,,,,,,,,,,,,,,,,,,
hbo:4408,"kulika, mbog",,,,,,,,,,,,,,,,,,,,,
hbo:4409,maluki,,,,,,,,,,,,,,,,,,,,,
hbo:4409b,maluki,,,,,,,,,,,,,,,,,,,,,
hbo:4410,"ufalme, falm, umilik, ametia",,,,,,,,,,,,,,,,,,,,,
hbo:4411,"lal, kuch, kuka, usiku, huka",,,,,,,,,,,,,,,,,,,,,
hbo:4412,"lal, kuch, kuka, usiku, huka",,,,,,,,,,,,,,,,,,,,,
hbo:4413,malothi,,,,,,,,,,,,,,,,,,,,,
hbo:4417,"chumvi, kole",,,,,,,,,,,,,,,,,,,,,
hbo:4418,"tamba, kwapani",,,,,,,,,,,,,,,,,,,,,
hbo:4419,"maj, lafat, shehena",,,,,,,,,,,,,,,,,,,,,
hbo:4420,"chumvi, kole",,,,,,,,,,,,,,,,,,,,,
hbo:4421,"vita, juhudi, rung, kufanya, tishw",,,,,,,,,,,,,,,,,,,,,
hbo:4422,,,"okok, oko, kimbi, pon, okole","okok, oko, kimbi, pon, okole",,"okok, oko, kimbi, pon, okole","okok, oko, kimbi, pon, okole",,,,,,,,,,,,,,,
hbo:4423,"vinu, yafich",,,,,,,,,,,,,,,,,,,,,
hbo:4424,melatia,,,,,,,,,,,,,,,,,,,,,
hbo:4425,"nafaka, ngan, suk",,,,,,,,,,,,,,,,,,,,,
hbo:4426,"dhihak, dhara, chek, mzah, dhihaka",,,,,,,,,,,,,,,,,,,,,
hbo:4427,,"kata, tawal, tawa, ilik, mfalme, shaur, ushauri, washauri, mshauri, kusud",,,,,"kata, tawal, tawa, ilik, mfalme, shaur, ushauri, washauri, mshauri, kusud","kata, tawal, tawa, ilik, mfalme, shaur, ushauri, washauri, mshauri, kusud",,,,,,,,,,,,,,
hbo:4428,"mfalme, wafalme, falm, ufalme, pia",,,,,,,,,,,,,,,,,,,,,
hbo:4429,meleki,,,,,,,,,,,,,,,,,,,,,
hbo:4432,"moleki, usimtoe, wandama",,,,,,,,,,,,,,,,,,,,,
hbo:4434,"mteg, mitego, tanz, nasw, mtegoni",,,,,,,,,,,,,,,,,,,,,
hbo:4435,milka,,,,,,,,,,,,,,,,,,,,,
hbo:4436,"malkia, yemtend, isif",,,,,,,,,,,,,,,,,,,,,
hbo:4437,"ufalme, falm, kwake, milk, enzi",,,,,,,,,,,,,,,,,,,,,
hbo:4438,"ufalme, tawal, falm, ilik, milk",,,,,,,,,,,,,,,,,,,,,
hbo:4439,malkieli,,,,,,,,,,,,,,,,,,,,,
hbo:4440,wamalkieli,,,,,,,,,,,,,,,,,,,,,
hbo:4441,"malkiya, malkia",,,,,,,,,,,,,,,,,,,,,
hbo:4442,melkizedeki,,,,,,,,,,,,,,,,,,,,,
hbo:4443,malkiramu,,,,,,,,,,,,,,,,,,,,,
hbo:4445a,"malkamu, ashtorethi",,,,,,,,,,,,,,,,,,,,,
hbo:4446,"malkia, yemtend, isif",,,,,,,,,,,,,,,,,,,,,
hbo:4447,hamolekethi,,,,,,,,,,,,,,,,,,,,,
hbo:4448,,"ambi, akasema, akamwambia, sem, akawaambia, tope, uwek, huwaashiria, ununue",,"ambi, akasema, akamwambia, sem, akawaambia, tope, uwek, huwaashiria, ununue",,,,,,,,,,,,,"ambi, akasema, akamwambia, sem, akawaambia",,,,,
hbo:4450,milalai,,,,,,,,,,,,,,,,,,,,,
hbo:4451,swagi,,,,,,,,,,,,,,,,,,,,,
hbo:4452,,,"pendeke, lain, suguli, pendez, nywele",,,,,,,,,,,,,,,,,,,
hbo:4453,"shokoa, watu, mwenye, wakil, kubw",,,,,,,,,,,,,,,,,,,,,
hbo:4454,,"kongonyo, pasu",,,,,,,,,,,,,,,,,,,,
hbo:4455,"nyar, mateka, yang, nyang'any, pat, taya, shav, shavun, magego, tay",,,,,,,,,,,,,,,,,,,,,
hbo:4456,"mvua, nyesh, nyeshe, masika, manyunyu",,,,,,,,,,,,,,,,,,,,,
hbo:4457,"kole, visahani",,,,,,,,,,,,,,,,,,,,,
hbo:4458,uwatolee,,,,,,,,,,,,,,,,,,,,,
hbo:4460,"ghal, zifungueni, mfanyeni, msimsazie",,,,,,,,,,,,,,,,,,,,,
hbo:4461,"pim, pimi, nyingine, sawa, pima",,,,,,,,,,,,,,,,,,,,,
hbo:4462,memukani,,,,,,,,,,,,,,,,,,,,,
hbo:4463,"maut, wafu, kufa, kuf, kifo",,,,,,,,,,,,,,,,,,,,,
hbo:4464,haramu,,,,,,,,,,,,,,,,,,,,,
hbo:4465,"uzw, kuuzwa, iuz, bidhaa, mwuzi",,,,,,,,,,,,,,,,,,,,,
hbo:4466,"uzw, kuuzwa, iuz, bidhaa, mwuzi",,,,,,,,,,,,,,,,,,,,,
hbo:4467,"ufalme, falm, kwake, milk, enzi",,,,,,,,,,,,,,,,,,,,,
hbo:4468,"ufalme, falm, kwake, milk, enzi",,,,,,,,,,,,,,,,,,,,,
hbo:4469,"diva, mvinyo, rib, shinikiz, zabibu",,,,,,,,,,,,,,,,,,,,,
hbo:4470,"uchungu, chung, kali, majonzi, pote",,,,,,,,,,,,,,,,,,,,,
hbo:4471,mamre,,,,,,,,,,,,,,,,,,,,,
hbo:4471a,mamre,,,,,,,,,,,,,,,,,,,,,
hbo:4473,funika,,,,,,,,,,,,,,,,,,,,,
hbo:4474,"mamlaka, wal, uwez, milk, himaya",,,,,,,,,,,,,,,,,,,,,
hbo:4475,"mamlaka, wal, uwez, milk, himaya",,,,,,,,,,,,,,,,,,,,,
hbo:4476,"milik, milk, ana, mwenye, fukuz",,,,,,,,,,,,,,,,,,,,,
hbo:4477,"tamu, kitamu, matamu, utam, mtam",,,,,,,,,,,,,,,,,,,,,
hbo:4478,"mana, lay, kunyenyeke, nini, gani, mbona, jinsi, je",,,,,,,,,,,,,,,,,,,,,
hbo:4478a,"nani, lait, ambao, taka, aliye",,,,,,,,,,,,,,,,,,,,,
hbo:4480,"katika, kutoka, kwa, tangu, toka, sehemu, fung, wanj, shamb, liko",,,,,,,,,,,,,,,,,,,,,
hbo:4482,"nub, nand, ustadi, futie",,,,,,,,,,,,,,,,,,,,,
hbo:4482a,"nub, nand, ustadi, futie",,,,,,,,,,,,,,,,,,,,,
hbo:4484,"fung, mane, darkoni, fedha, mene",,,,,,,,,,,,,,,,,,,,,
hbo:4485,"dhihak, dhara, chek, mzah, dhihaka",,,,,,,,,,,,,,,,,,,,,
hbo:4486,"maarifa, ujuz, kumjua, elim, kuju",,,,,,,,,,,,,,,,,,,,,
hbo:4487,,"hesabi, hesab, afikiri, agizi, kwake","hesabi, hesab, afikiri, agizi, kwake","hesabi, hesab, afikiri, agizi, kwake","hesabi, hesab, afikiri, agizi, kwake",,,,,,,,,,"hesabi, hesab, afikiri, agizi, kwake",,"hesabi, hesab, afikiri, agizi, kwake",,,,,
hbo:4488,"fung, mane, darkoni, fedha, mene",,,,,,,,,,,,,,,,,,,,,
hbo:4489,"wakati, nyakati, muda, jir, aman",,,,,,,,,,,,,,,,,,,,,
hbo:4490,"sehemu, fung, wanj, shamb, liko",,,,,,,,,,,,,,,,,,,,,
hbo:4491,"fukuz, achw, vut, mto, peperush",,,,,,,,,,,,,,,,,,,,,
hbo:4492,"pang, pangon, shim, tund, lilom",,,,,,,,,,,,,,,,,,,,,
hbo:4493,"tikis, tikisi, tiki, tetemek, kama",,,,,,,,,,,,,,,,,,,,,
hbo:4494,"wek, raha, stareh, pumzik, ach",,,,,,,,,,,,,,,,,,,,,
hbo:4496,"wek, raha, stareh, pumzik, ach",,,,,,,,,,,,,,,,,,,,,
hbo:4498,"kimbili, salama, ngom, nguvu, raha",,,,,,,,,,,,,,,,,,,,,
hbo:4500,"fuma, mpin",,,,,,,,,,,,,,,,,,,,,
hbo:4501,"taa, kinara, vinara, amwinue",,,,,,,,,,,,,,,,,,,,,
hbo:4503,"sadaka, unga, tole, zawadi, fuki",,,,,,,,,,,,,,,,,,,,,
hbo:4505,menahemu,,,,,,,,,,,,,,,,,,,,,
hbo:4506,"manahathi, wamenuhothi",,,,,,,,,,,,,,,,,,,,,
hbo:4506a,"manahathi, wamenuhothi",,,,,,,,,,,,,,,,,,,,,
hbo:4507,jazi,,,,,,,,,,,,,,,,,,,,,
hbo:4508,"mini, agizeni, ziiteni",,,,,,,,,,,,,,,,,,,,,
hbo:4509,"miyamini, minyamini",,,,,,,,,,,,,,,,,,,,,
hbo:4510,"hesab, idad, hesabi, juml, acha",,,,,,,,,,,,,,,,,,,,,
hbo:4511,minithi,,,,,,,,,,,,,,,,,,,,,
hbo:4513,,"zui, zuili, zuia, nyim, achili","zui, zuili, zuia, nyim, achili",,,,,,,,,,,,,,,,,,,
hbo:4514,"vyum, kome",,,,,,,,,,,,,,,,,,,,,
hbo:4515,"vyum, kome",,,,,,,,,,,,,,,,,,,,,
hbo:4517,"zaburi, zeze, muziki, ala, nand",,,,,,,,,,,,,,,,,,,,,
hbo:4518,"bakul, besen, vitasa, unip, komb",,,,,,,,,,,,,,,,,,,,,
hbo:4519,manase,,,,,,,,,,,,,,,,,,,,,
hbo:4520,"wamanase, manase, iliopo",,,,,,,,,,,,,,,,,,,,,
hbo:4521,"sehemu, fung, wanj, shamb, liko",,,,,,,,,,,,,,,,,,,,,
hbo:4522,"shokoa, watu, mwenye, wakil, kubw",,,,,,,,,,,,,,,,,,,,,
hbo:4523,"tumain, tumai, pas, hatukati, ishw",,,,,,,,,,,,,,,,,,,,,
hbo:4524,"zunguk, ndokand, pande, karibu, nison",,,,,,,,,,,,,,,,,,,,,
hbo:4525,"fung, fungw, ufunguo, gerez, wahunzi",,,,,,,,,,,,,,,,,,,,,
hbo:4525a,"fung, fungw, ufunguo, gerez, wahunzi",,,,,,,,,,,,,,,,,,,,,
hbo:4526,"papi, upap, tetemek",,,,,,,,,,,,,,,,,,,,,
hbo:4527,"msingi, misingi, maka, wek, kuitia",,,,,,,,,,,,,,,,,,,,,
hbo:4528,"ukumbi, baraza, mbin, barazan, uwaachilie",,,,,,,,,,,,,,,,,,,,,
hbo:4529,,,,,,,"huuvumisha, watowesha, vunj",,,,,,,,,,,,,,,
hbo:4530,"lip, rudi, kuto, mpen, mlip",,,,,,,,,,,,,,,,,,,,,
hbo:4532,masa,,,,,,,,,,,,,,,,,,,,,
hbo:4533,"utaj, barakoa, leso, wakaninyang'anya, yao",,,,,,,,,,,,,,,,,,,,,
hbo:4534,"boma, zungu, tuten, barabarani, nani",,,,,,,,,,,,,,,,,,,,,
hbo:4535,"tete, lind, jitete, fikir, utetezi",,,,,,,,,,,,,,,,,,,,,
hbo:4536,"bidhaa, wako, biashara, yapita, nipite",,,,,,,,,,,,,,,,,,,,,
hbo:4537,,"anga, changany, lain, nyik, mzit",,,,,,,,,,,,,,,,,,,,
hbo:4538,"fumw, usivae, anga",,,,,,,,,,,,,,,,,,,,,
hbo:4539,"funik, sitir, funika, pazi, funiki",,,,,,,,,,,,,,,,,,,,,
hbo:4541,"kusubu, yeyu, yush, din, hawayataki, utaj, barakoa, leso, wakaninyang'anya, yao",,,,,,,,,,,,,,,,,,,,,
hbo:4541a,"kusubu, yeyu, yush, din, hawayataki, utaj, barakoa, leso, wakaninyang'anya, yao",,,,,,,,,,,,,,,,,,,,,
hbo:4542,"maskini, wanyenyekevu, wanyonge, upol, mnyonge",,,,,,,,,,,,,,,,,,,,,
hbo:4543,"akib, hazina, ghal, jiweke, hawavunji",,,,,,,,,,,,,,,,,,,,,
hbo:4544,"umaskini, uhitaji, unyonge, pasina, haufikiri",,,,,,,,,,,,,,,,,,,,,
hbo:4545,"sokot, taraza, fuma, fum, fumw",,,,,,,,,,,,,,,,,,,,,
hbo:4546,"kuu, barabara, njia, dobi, fany",,,,,,,,,,,,,,,,,,,,,
hbo:4547,"kuu, barabara, njia, dobi, fany",,,,,,,,,,,,,,,,,,,,,
hbo:4548,misumari,,,,,,,,,,,,,,,,,,,,,
hbo:4549,,"yeyu, yeyush, towek, ajitahidiye, haruk","yeyu, yeyush, towek, ajitahidiye, haruk",,,,"yeyu, yeyush, towek, ajitahidiye, haruk",,,,,,,,,,,,,,,
hbo:4550,"safari, safir, vitu, safi, mwendo",,,,,,,,,,,,,,,,,,,,,
hbo:4551a,"mbon, mienge, upanga, sawa, fungia",,,,,,,,,,,,,,,,,,,,,
hbo:4552,"wek, thibiti, imar, tayari, tegeme",,,,,,,,,,,,,,,,,,,,,
hbo:4553,"ombole, bole, lili, tang, mlili",,,,,,,,,,,,,,,,,,,,,
hbo:4554,"jan, kav, chakula, dhahiri, nafaka",,,,,,,,,,,,,,,,,,,,,
hbo:4556,"pwepw, upel, madoadoa, dond, vujiv",,,,,,,,,,,,,,,,,,,,,
hbo:4557,"hesab, idad, hesabi, juml, acha",,,,,,,,,,,,,,,,,,,,,
hbo:4559,mispari,,,,,,,,,,,,,,,,,,,,,
hbo:4560,,"taka, wakf, kabisa, teng, taji","taka, wakf, kabisa, teng, taji",,,,,,,,,,,,,,,,,,,
hbo:4562,"rehani, mafungo, chwa",,,,,,,,,,,,,,,,,,,,,
hbo:4563,"himaya, taku",,,,,,,,,,,,,,,,,,,,,
hbo:4564,"fich, siri, sitiri, mbali, tiri",,,,,,,,,,,,,,,,,,,,,
hbo:4565,"fich, siri, sitiri, mbali, tiri",,,,,,,,,,,,,,,,,,,,,
hbo:4568,"unen, visub, mafundo, kiwi",,,,,,,,,,,,,,,,,,,,,
hbo:4569,"vuk, pigo, vivukoni, mwefraimu, mpit",,,,,,,,,,,,,,,,,,,,,
hbo:4569a,"vuk, pigo, vivukoni, mwefraimu, mpit",,,,,,,,,,,,,,,,,,,,,
hbo:4570,"njia, nyay, gar, mienendo, pit",,,,,,,,,,,,,,,,,,,,,
hbo:4570a,"njia, nyay, gar, mienendo, pit",,,,,,,,,,,,,,,,,,,,,
hbo:4571,,"tele, vua, wasiwasi, hazitelezi, uvitetemeshe",,,,,"tele, vua, wasiwasi, hazitelezi, uvitetemeshe",,,,,,,,,,,,,,,
hbo:4572,maadai,,,,,,,,,,,,,,,,,,,,,
hbo:4573,maazia,,,,,,,,,,,,,,,,,,,,,
hbo:4574,"anas, kitamu, tunu, mrud",,,,,,,,,,,,,,,,,,,,,
hbo:4575,"gerezan, fung, walinzi, gerez, husu",,,,,,,,,,,,,,,,,,,,,
hbo:4576,"limw, gole, tame",,,,,,,,,,,,,,,,,,,,,
hbo:4578,"kati, katikati, tumb, ndani, moyo",,,,,,,,,,,,,,,,,,,,,
hbo:4580,"mkat, mikate, nidhihak, lowa, fanyizi",,,,,,,,,,,,,,,,,,,,,
hbo:4581,"kimbili, salama, ngom, nguvu, raha",,,,,,,,,,,,,,,,,,,,,
hbo:4582,maoki,,,,,,,,,,,,,,,,,,,,,
hbo:4583,"maka, malisho, maskani, pangon, makazi",,,,,,,,,,,,,,,,,,,,,
hbo:4584a,"maoni, wamaoni",,,,,,,,,,,,,,,,,,,,,
hbo:4585,"maka, malisho, maskani, pangon, makazi",,,,,,,,,,,,,,,,,,,,,
hbo:4587,"meonothai, ge-harashimu",,,,,,,,,,,,,,,,,,,,,
hbo:4588,"giza, gizani, pofu, mweusi, weus",,,,,,,,,,,,,,,,,,,,,
hbo:4589,"uchi, utup, wazi, tupu, mwuone",,,,,,,,,,,,,,,,,,,,,
hbo:4590,maazia,,,,,,,,,,,,,,,,,,,,,
hbo:4590a,maazia,,,,,,,,,,,,,,,,,,,,,
hbo:4591,,"pungu, punguz, acha, vitupu, okot",,"pungu, punguz, acha, vitupu, okot",,,"pungu, punguz, acha, vitupu, okot",,,,,,,,,,,,,,,
hbo:4592,"kidogo, acha, mdog, chach, tamb",,,,,,,,,,,,,,,,,,,,,
hbo:4594,"nguo, mavazi, vazi, suruali, avue",,,,,,,,,,,,,,,,,,,,,
hbo:4595,shal,,,,,,,,,,,,,,,,,,,,,
hbo:4596,"chung, wimb, rund, gof, fung",,,,,,,,,,,,,,,,,,,,,
hbo:4597,maai,,,,,,,,,,,,,,,,,,,,,
hbo:4598,"joho, vazi, mavazi, wakiwa, loku",,,,,,,,,,,,,,,,,,,,,
hbo:4599,"chemchemi, chipu, sim, siman, toke",,,,,,,,,,,,,,,,,,,,,
hbo:4600,,"pond, mapumbu, chomek, ponda, zunguk",,,"pond, mapumbu, chomek, ponda, zunguk",,,,,,,,,,,,,,,,,
hbo:4601,maaka,,,,,,,,,,,,,,,,,,,,,
hbo:4601a,"maaka, wabikri",,,,,,,,,,,,,,,,,,,,,
hbo:4601b,maaka,,,,,,,,,,,,,,,,,,,,,
hbo:4602,"wamaaka, mmaaka",,,,,,,,,,,,,,,,,,,,,
hbo:4603,,"kos, kose, umwa, was, nias",,,,,,,,,,,,,,,,,,,,
hbo:4604,"kosa, dhambi, mno, makosa, mumewe",,,,,,,,,,,,,,,,,,,,,
hbo:4605,"ajili, juu, zaidi, kuliko, zid",,,,,,,,,,,,,,,,,,,,,
hbo:4607,"chuku, inu, huku, yake, inuli",,,,,,,,,,,,,,,,,,,,,
hbo:4608,"pand, kwe, pandi, kutoka, let",,,,,,,,,,,,,,,,,,,,,
hbo:4609,"waz, busara, fikira, mna, jivikeni, hatu, daraj, mlima, ngaz, nyay",,,,,,,,,,,,,,,,,,,,,
hbo:4611,"kazi, matendo, fund, wake, umb",,,,,,,,,,,,,,,,,,,,,
hbo:4612,"ofis, wakuu, mkuu, watumishi, hakim",,,,,,,,,,,,,,,,,,,,,
hbo:4614,"mzig, leme, mizigo, wapagazi, alikuwa",,,,,,,,,,,,,,,,,,,,,
hbo:4615,"lind, sana, lindin, fumb, kina",,,,,,,,,,,,,,,,,,,,,
hbo:4616,"sababu, ajili, ili, kuwa, upat",,,,,,,,,,,,,,,,,,,,,
hbo:4617,"jawabu, majibu, jibu, kusud, ripoti",,,,,,,,,,,,,,,,,,,,,
hbo:4617a,"jawabu, majibu, jibu, kusud, ripoti",,,,,,,,,,,,,,,,,,,,,
hbo:4618,"shamb, shamban, konden, lim, nchi",,,,,,,,,,,,,,,,,,,,,
hbo:4619,ekeri,,,,,,,,,,,,,,,,,,,,,
hbo:4620,"maumivu, mateso, tuimbieni, mlivyo, aumapo",,,,,,,,,,,,,,,,,,,,,
hbo:4621,"shok, wanaivunjavunja",,,,,,,,,,,,,,,,,,,,,
hbo:4622,"fungw, zuili, zui, zuiw, fung",,,,,,,,,,,,,,,,,,,,,
hbo:4624,ndokand,,,,,,,,,,,,,,,,,,,,,
hbo:4626,"uchi, utup, wazi, tupu, mwuone",,,,,,,,,,,,,,,,,,,,,
hbo:4628,"magharibi, kizu",,,,,,,,,,,,,,,,,,,,,
hbo:4629,"maare-geba, mashikio",,,,,,,,,,,,,,,,,,,,,
hbo:4631,"pang, pangon, shim, tund, lilom",,,,,,,,,,,,,,,,,,,,,
hbo:4633,"shaur, kusud, kusudi, maandalio, mapenzi",,,,,,,,,,,,,,,,,,,,,
hbo:4634,"majeshi, jeshi, mtoeni, wekw, mle, tan, vita, waende",,,,,,,,,,,,,,,,,,,,,
hbo:4635,"safu, wonyesho, mstari, mistari, ya",,,,,,,,,,,,,,,,,,,,,
hbo:4637,"hofu, tish, utisho, uharibifu, shid",,,,,,,,,,,,,,,,,,,,,
hbo:4638,"bethanothi, maarathi",,,,,,,,,,,,,,,,,,,,,
hbo:4639,"kazi, matendo, fund, wake, umb",,,,,,,,,,,,,,,,,,,,,
hbo:4640,maasai,,,,,,,,,,,,,,,,,,,,,
hbo:4641,maaseya,,,,,,,,,,,,,,,,,,,,,
hbo:4641a,maaseya,,,,,,,,,,,,,,,,,,,,,
hbo:4642,"onew, one, dhulum, waon, wone",,,,,,,,,,,,,,,,,,,,,
hbo:4644,nofu,,,,,,,,,,,,,,,,,,,,,
hbo:4645,fanyie,,,,,,,,,,,,,,,,,,,,,
hbo:4646,kiwi,,,,,,,,,,,,,,,,,,,,,
hbo:4647,"mifu, fukut",,,,,,,,,,,,,,,,,,,,,
hbo:4648,"mefiboshethi, meribaali, limi",,,,,,,,,,,,,,,,,,,,,
hbo:4649,mupimu,,,,,,,,,,,,,,,,,,,,,
hbo:4650,"vita, juhudi, rung, kufanya, tishw",,,,,,,,,,,,,,,,,,,,,
hbo:4651,"mavi, jaa, jaan, ziuz, uref",,,,,,,,,,,,,,,,,,,,,
hbo:4652,"ajab, ishara, miujiza, kifani, zoziti",,,,,,,,,,,,,,,,,,,,,
hbo:4653,"zamu, fung, kund, gawa, waondoke",,,,,,,,,,,,,,,,,,,,,
hbo:4654,"harib, anga, haribik, nyar, haribi",,,,,,,,,,,,,,,,,,,,,
hbo:4655,"okok, oko, kimbi, pon, okole",,,,,,,,,,,,,,,,,,,,,
hbo:4656,"ukiwa, ajab, anga, kitu, tupw",,,,,,,,,,,,,,,,,,,,,
hbo:4657,waju,,,,,,,,,,,,,,,,,,,,,
hbo:4658,"mzog, mizoga, mait, anguk, nyamafu",,,,,,,,,,,,,,,,,,,,,
hbo:4659a,"kazi, matendo, tend, fany, enda, fund, wake, umb",,,,,,,,,,,,,,,,,,,,,
hbo:4660,"mithili, bomole, wino",,,,,,,,,,,,,,,,,,,,,
hbo:4661,"vita, juhudi, rung, kufanya, tishw",,,,,,,,,,,,,,,,,,,,,
hbo:4662,"wek, amriw, wekw, kutan, kuta",,,,,,,,,,,,,,,,,,,,,
hbo:4664,alikaa,,,,,,,,,,,,,,,,,,,,,
hbo:4665,"shingo, shingoni, sog, wanipe, hutaki",,,,,,,,,,,,,,,,,,,,,
hbo:4666,"tandik, kunju, nyosh, kuene, tanda",,,,,,,,,,,,,,,,,,,,,
hbo:4667,pasuli,,,,,,,,,,,,,,,,,,,,,
hbo:4668,"ufunguo, funguo, fungu",,,,,,,,,,,,,,,,,,,,,
hbo:4669,"fumbu, funu, fung, fungu, funguliw",,,,,,,,,,,,,,,,,,,,,
hbo:4670,"zingit, lang, zingitin, boriti, bawab",,,,,,,,,,,,,,,,,,,,,
hbo:4671,"makapi, peperush, yapeperushwayo, mtazaa",,,,,,,,,,,,,,,,,,,,,
hbo:4672,,"onekan, pat, kut, won, mwon","onekan, pat, kut, won, mwon",,,,"onekan, pat, kut, won, mwon",,,,,,,,,,,,,,,
hbo:4673,"bebe, ngom, utok, watekaji, kuwak",,,,,,,,,,,,,,,,,,,,,
hbo:4674,"zungu, ngom, nami, bom, juu",,,,,,,,,,,,,,,,,,,,,
hbo:4675,"askari, walinzi, lind, mpishi, wahi",,,,,,,,,,,,,,,,,,,,,
hbo:4676,"nguz, miim, jua, mwim, viguzo",,,,,,,,,,,,,,,,,,,,,
hbo:4677,mmesobai,,,,,,,,,,,,,,,,,,,,,
hbo:4678,"nguz, miim, jua, mwim, viguzo",,,,,,,,,,,,,,,,,,,,,
hbo:4679,"ngom, jumb, boma, bom, ngomeni",,,,,,,,,,,,,,,,,,,,,
hbo:4680,,"churuzish, ezw, kinywe","churuzish, ezw, kinywe",,,,,,,,,,,,,,,,,,,
hbo:4681,moza,,,,,,,,,,,,,,,,,,,,,
hbo:4682,"chachu, chach, mikate, unga, kandi",,,,,,,,,,,,,,,,,,,,,
hbo:4683,"shinda, ugomvi, fitina, shutuma, neno",,,,,,,,,,,,,,,,,,,,,
hbo:4686a,"wavu, nyav, jarife, tegw, wind, ngom, jumb, boma, bom, ngomeni",,,,,,,,,,,,,,,,,,,,,
hbo:4687,"amri, agiz, amur, zuili, amriw",,,,,,,,,,,,,,,,,,,,,
hbo:4688,"lind, sana, lindin, fumb, kina, vujiv",,,,,,,,,,,,,,,,,,,,,
hbo:4689,"mabaya, uovu, taab, shid, dhik",,,,,,,,,,,,,,,,,,,,,
hbo:4690,"nguz, miim, jua, mwim, viguzo",,,,,,,,,,,,,,,,,,,,,
hbo:4691,"mabaya, uovu, taab, shid, dhik",,,,,,,,,,,,,,,,,,,,,
hbo:4692,"husu, ngir, boma, mazingirwa, yeny",,,,,,,,,,,,,,,,,,,,,
hbo:4693,"misri, wamisri, mmisri, tulikaa, yewato",,,,,,,,,,,,,,,,,,,,,
hbo:4694,"ngom, jumb, boma, bom, ngomeni",,,,,,,,,,,,,,,,,,,,,
hbo:4696,"paj, paji, pajini",,,,,,,,,,,,,,,,,,,,,
hbo:4697,bamb,,,,,,,,,,,,,,,,,,,,,
hbo:4698,njug,,,,,,,,,,,,,,,,,,,,,
hbo:4700,"matoazi, wavipige",,,,,,,,,,,,,,,,,,,,,
hbo:4701,"lemb, kofi, kiondoe",,,,,,,,,,,,,,,,,,,,,
hbo:4702,"tand, tandan, godor, lal, malazi",,,,,,,,,,,,,,,,,,,,,
hbo:4703,"hatu, daraj, mlima, ngaz, nyay",,,,,,,,,,,,,,,,,,,,,
hbo:4705,"kidogo, acha, mdog, chach, tamb, mizari",,,,,,,,,,,,,,,,,,,,,
hbo:4708,"tazama, angali, tazam, lien, kuon",,,,,,,,,,,,,,,,,,,,,
hbo:4709,"mispa, mizpa, ila, kutoka, wakakae",,,,,,,,,,,,,,,,,,,,,
hbo:4711,,"nyw, nywe, nywa, unyw, hanywi",,,,,,,,,,,,,,,,,,,,
hbo:4712,"hofu, tish, utisho, uharibifu, shid",,,,,,,,,,,,,,,,,,,,,
hbo:4713,"misri, wamisri, mmisri, tulikaa, yewato",,,,,,,,,,,,,,,,,,,,,
hbo:4714,"misri, wamisri, mmisri, tulikaa, yewato",,,,,,,,,,,,,,,,,,,,,
hbo:4715,kalibu,,,,,,,,,,,,,,,,,,,,,
hbo:4716,"uharibifu, ubov, uvundo, haukuona, hakuona",,,,,,,,,,,,,,,,,,,,,
hbo:4717,"nyundo, joh",,,,,,,,,,,,,,,,,,,,,
hbo:4718,"nyundo, joh, tund, shim, mvungu, uvungu, chimbuli",,,,,,,,,,,,,,,,,,,,,
hbo:4719,makeda,,,,,,,,,,,,,,,,,,,,,
hbo:4720,"patakatifu, wema, mwanamke, wapatie, mpaheshimu",,,,,,,,,,,,,,,,,,,,,
hbo:4721,"kanis, kusanyik, mkutano, kusanyi, kusany",,,,,,,,,,,,,,,,,,,,,
hbo:4722,makelothi,,,,,,,,,,,,,,,,,,,,,
hbo:4723,"okuw, tumain, tumai, raji, tara, taraji, kusanyik, kusany, nywa, sany, yakusan",,,,,,,,,,,,,,,,,,,,,
hbo:4723a,"okuw, tumain, tumai, raji, tara, taraji, kusanyik, kusany, nywa, sany, yakusan, kamb, uzi, timazi, kote, ameinyosha",,,,,,,,,,,,,,,,,,,,,
hbo:4724,jal,,,,,,,,,,,,,,,,,,,,,
hbo:4725,"mahali, tak, vyake, pale, pake",,,,,,,,,,,,,,,,,,,,,
hbo:4726,"chemchemi, chipu, sim, siman, toke",,,,,,,,,,,,,,,,,,,,,
hbo:4727,"twa, itwa, poke, chuku, katw",,,,,,,,,,,,,,,,,,,,,
hbo:4728,"vyouz, vyak, watajiri, den",,,,,,,,,,,,,,,,,,,,,
hbo:4729,fukizi,,,,,,,,,,,,,,,,,,,,,
hbo:4729b,"sadaka, unga, tole, zawadi, fuki, uvumba, fukizi, fukizo, nuka, chetezo",,,,,,,,,,,,,,,,,,,,,
hbo:4730,"chetezo, vyetezo, vyake, meko, vilet",,,,,,,,,,,,,,,,,,,,,
hbo:4731,"fimb, fito, ufit, miot, nije",,,,,,,,,,,,,,,,,,,,,
hbo:4732,miklothi,,,,,,,,,,,,,,,,,,,,,
hbo:4733,"kimbili, salama, ngom, nguvu, raha",,,,,,,,,,,,,,,,,,,,,
hbo:4734,"chor, nakshi, michoro, maandishi, aliona",,,,,,,,,,,,,,,,,,,,,
hbo:4735,"wanyama, ng'ombe, mali, mifugo, kund",,,,,,,,,,,,,,,,,,,,,
hbo:4736,"nunu, nunuli, bei, mnunuliwa, wanunuliwa",,,,,,,,,,,,,,,,,,,,,
hbo:4737,mikneya,,,,,,,,,,,,,,,,,,,,,
hbo:4738,"acha, buz, uganga, pepo, bashir",,,,,,,,,,,,,,,,,,,,,
hbo:4739,dekari,,,,,,,,,,,,,,,,,,,,,
hbo:4740,"pembeni, pemb, geuka, minara, karibieni",,,,,,,,,,,,,,,,,,,,,
hbo:4741,fanz,,,,,,,,,,,,,,,,,,,,,
hbo:4743,,,"ubov, haribik, fifi, uzaa, taoz",,,,"ubov, haribik, fifi, uzaa, taoz",,,,,,,,,,,,,,,
hbo:4744,"kanis, kusanyik, mkutano, kusanyi, kusany",,,,,,,,,,,,,,,,,,,,,
hbo:4745,"bahati, vyokuf, mtuki, wanalo, amepatikana",,,,,,,,,,,,,,,,,,,,,
hbo:4746,"boriti, nguz, vingine, tutwae, viguzo",,,,,,,,,,,,,,,,,,,,,
hbo:4747,"baridi, pungu, utoavyo, toav",,,,,,,,,,,,,,,,,,,,,
hbo:4748,"nywele, nywe, sing, malaika, manyoya",,,,,,,,,,,,,,,,,,,,,
hbo:4749,"kufu, ufuz",,,,,,,,,,,,,,,,,,,,,
hbo:4750,"tang, cherehani, kipenu",,,,,,,,,,,,,,,,,,,,,
hbo:4751,"uchungu, chung, kali, majonzi, pote, niiteni, msiniite",,,,,,,,,,,,,,,,,,,,,
hbo:4753,manemane,,,,,,,,,,,,,,,,,,,,,
hbo:4756,"bwana, wangu, wakuu, bwan, mwenye",,,,,,,,,,,,,,,,,,,,,
hbo:4758,"onekan, uso, maon, mfano, sura",,,,,,,,,,,,,,,,,,,,,
hbo:4759,"maon, njoz, mashuhuri, ndot, batili, kioo, vioo",,,,,,,,,,,,,,,,,,,,,
hbo:4760,"itatoa, isitoe, maza, vuli, mavuno",,,,,,,,,,,,,,,,,,,,,
hbo:4762a,maresha,,,,,,,,,,,,,,,,,,,,,
hbo:4764,"merabu, umwo",,,,,,,,,,,,,,,,,,,,,
hbo:4765,"funik, sitir, funika, pazi, funiki",,,,,,,,,,,,,,,,,,,,,
hbo:4766,"wing, tele, nyingi, wengi, shib",,,,,,,,,,,,,,,,,,,,,
hbo:4767,"sana, wengi, nyingi, meng, mno",,,,,,,,,,,,,,,,,,,,,
hbo:4768,"kubw, kubwa, mkuu, kuu, maku",,,,,,,,,,,,,,,,,,,,,
hbo:4769,"wek, raha, stareh, pumzik, ach",,,,,,,,,,,,,,,,,,,,,
hbo:4770,"zizin, panda, jiw, mofa",,,,,,,,,,,,,,,,,,,,,
hbo:4771,"wek, raha, stareh, pumzik, ach",,,,,,,,,,,,,,,,,,,,,
hbo:4774,mpen,,,,,,,,,,,,,,,,,,,,,
hbo:4775,,"kuas, waas, was, mwas, nias",,,,,,,,,,,,,,,,,,,,
hbo:4777,"kuas, waas, was, mwas, nias",,,,,,,,,,,,,,,,,,,,,
hbo:4779,meredi,,,,,,,,,,,,,,,,,,,,,
hbo:4780,"kuas, waas, was, mwas, nias",,,,,,,,,,,,,,,,,,,,,
hbo:4781,merodaki,,,,,,,,,,,,,,,,,,,,,
hbo:4782,mordekai,,,,,,,,,,,,,,,,,,,,,
hbo:4783,"adha, udhi, loku, ameadhibiwa, asizuie",,,,,,,,,,,,,,,,,,,,,
hbo:4784,,"kuas, waas, was, mwas, nias",,,,,"kuas, waas, was, mwas, nias",,,,,,,,,,,,,,,
hbo:4785,mara,,,,,,,,,,,,,,,,,,,,,
hbo:4786,"uchungu, chung, kali, majonzi, pote",,,,,,,,,,,,,,,,,,,,,
hbo:4788,"dangany, anga, kimbi, pote, tang",,,,,,,,,,,,,,,,,,,,,
hbo:4789,"merozi, walaanini",,,,,,,,,,,,,,,,,,,,,
hbo:4790,"pond, vunj, vunjik, onew, mez",,,,,,,,,,,,,,,,,,,,,
hbo:4791,"juu, aliye, mref, kimo, uref",,,,,,,,,,,,,,,,,,,,,
hbo:4792,meromu,,,,,,,,,,,,,,,,,,,,,
hbo:4793,bahati,,,,,,,,,,,,,,,,,,,,,
hbo:4794,"mbio, walinzi, tarish, kimbili, upes",,,,,,,,,,,,,,,,,,,,,
hbo:4796,marothi,,,,,,,,,,,,,,,,,,,,,
hbo:4798,"karamu, jinyo, wengineo, ombole, bole, lili, tang, mlili",,,,,,,,,,,,,,,,,,,,,
hbo:4799,,"tope, uwek, huwaashiria, ununue",,,,,,,,,,,,,,,,,,,,
hbo:4800,"mpan, peny, pana, majivuno, panapo",,,,,,,,,,,,,,,,,,,,,
hbo:4801,"mbali, iliyo, yokuj, mlio, nafasi",,,,,,,,,,,,,,,,,,,,,
hbo:4802,"chunguni, kaango, mekoni",,,,,,,,,,,,,,,,,,,,,
hbo:4803,,"pendeke, lain, suguli, pendez, nywele, ziba, viringa","pendeke, lain, suguli, pendez, nywele, ziba, viringa",,"pendeke, lain, suguli, pendez, nywele, ziba, viringa",,,,,,,,,,,"vitawi, wakauchuma, hunyauka, purur, nyonyo",,,,,,
hbo:4805,"kuas, waas, was, mwas, nias",,,,,,,,,,,,,,,,,,,,,
hbo:4806,"non, wanono, nenep, nenepe, winu",,,,,,,,,,,,,,,,,,,,,
hbo:4807,"mefiboshethi, meribaali, limi",,,,,,,,,,,,,,,,,,,,,
hbo:4808,"kasiri, amka, uchungu, ghadhibi, nikasiri",,,,,,,,,,,,,,,,,,,,,
hbo:4809,"meriba, meriba-kadeshi, ghadhabi",,,,,,,,,,,,,,,,,,,,,
hbo:4811,meraya,,,,,,,,,,,,,,,,,,,,,
hbo:4812,merayothi,,,,,,,,,,,,,,,,,,,,,
hbo:4813,miriamu,,,,,,,,,,,,,,,,,,,,,
hbo:4814,"uchungu, chung, kali, majonzi, pote",,,,,,,,,,,,,,,,,,,,,
hbo:4815,"uchungu, chung, kali, majonzi, pote",,,,,,,,,,,,,,,,,,,,,
hbo:4816,"hai, mgonjwa, ugu, wagonjwa, zimi",,,,,,,,,,,,,,,,,,,,,
hbo:4817,"gar, gari, garini, tandik, nalo",,,,,,,,,,,,,,,,,,,,,
hbo:4818,"gar, gari, garini, tandik, nalo",,,,,,,,,,,,,,,,,,,,,
hbo:4819,"sokon, ovyo",,,,,,,,,,,,,,,,,,,,,
hbo:4820,"uongo, hila, anga, dangany, danganya",,,,,,,,,,,,,,,,,,,,,
hbo:4822,meremothi,,,,,,,,,,,,,,,,,,,,,
hbo:4823,"kanya, waka, amka, kwa, taka",,,,,,,,,,,,,,,,,,,,,
hbo:4824,mmeronothi,,,,,,,,,,,,,,,,,,,,,
hbo:4825,meresi,,,,,,,,,,,,,,,,,,,,,
hbo:4826,marsena,,,,,,,,,,,,,,,,,,,,,
hbo:4827,"nui, walipo",,,,,,,,,,,,,,,,,,,,,
hbo:4828,"kazi, rafik, wenzake, enzi, mwenzake",,,,,,,,,,,,,,,,,,,,,
hbo:4829,"chunga, malisho, lish, viunga, mbug",,,,,,,,,,,,,,,,,,,,,
hbo:4830,"chunga, malisho, lish, viunga, mbug",,,,,,,,,,,,,,,,,,,,,
hbo:4831,marala,,,,,,,,,,,,,,,,,,,,,
hbo:4832,"pony, pon, nyw, afya, mepo",,,,,,,,,,,,,,,,,,,,,
hbo:4832a,"pony, pon, nyw, afya, mepo",,,,,,,,,,,,,,,,,,,,,
hbo:4833,"top, topen, waid, tumiw, tope",,,,,,,,,,,,,,,,,,,,,
hbo:4834,,,"ana, yafaavyo, nilaa, aje, zenu",,,,"ana, yafaavyo, nilaa, aje, zenu",,,,,,,,,,,,,,,
hbo:4836,"uupenyeze, litobo",,,,,,,,,,,,,,,,,,,,,
hbo:4837,"sakafu, sakafuni",,,,,,,,,,,,,,,,,,,,,
hbo:4838,,"ng'arish, chubuk, pikw, isugueni, zivaeni",,,"ng'arish, chubuk, pikw, isugueni, zivaeni",,,,,,,,,,,,,,,,,
hbo:4839,"tanuri, waokaji, tokos, mwokaji, kos",,,,,,,,,,,,,,,,,,,,,
hbo:4840,"nuka, mzur, rihani, pak, haukuja",,,,,,,,,,,,,,,,,,,,,
hbo:4841,"chem, fanyiza, itokose, uchochee",,,,,,,,,,,,,,,,,,,,,
hbo:4842,"marhamu, yatayari, jichimbi",,,,,,,,,,,,,,,,,,,,,
hbo:4843,,"kasiri, amka, uchungu, ghadhibi, nikasiri",,"kasiri, amka, uchungu, ghadhibi, nikasiri",,"kasiri, amka, uchungu, ghadhibi, nikasiri","kasiri, amka, uchungu, ghadhibi, nikasiri",,,,,,,,,,,,,,,
hbo:4844,"uchungu, chung, kali, majonzi, pote",,,,,,,,,,,,,,,,,,,,,
hbo:4845,"nyongo, chung, rith, auto",,,,,,,,,,,,,,,,,,,,,
hbo:4846,"nyongo, chung, rith, auto",,,,,,,,,,,,,,,,,,,,,
hbo:4847,merari,,,,,,,,,,,,,,,,,,,,,
hbo:4849,"mabaya, uovu, mbay, mwov, waov",,,,,,,,,,,,,,,,,,,,,
hbo:4850,merathaimu,,,,,,,,,,,,,,,,,,,,,
hbo:4851,mashi,,,,,,,,,,,,,,,,,,,,,
hbo:4852,mesha,,,,,,,,,,,,,,,,,,,,,
hbo:4854,masa,,,,,,,,,,,,,,,,,,,,,
hbo:4855,"riba, faid, kopesh, aapishwe, hali",,,,,,,,,,,,,,,,,,,,,
hbo:4856,tosha,,,,,,,,,,,,,,,,,,,,,
hbo:4857,"sim, siman, shim, kuteka, wafikie",,,,,,,,,,,,,,,,,,,,,
hbo:4858,"mosh, mvuk, sikuzisahau, yakatili",,,,,,,,,,,,,,,,,,,,,
hbo:4859,"kopesha, peshwa",,,,,,,,,,,,,,,,,,,,,
hbo:4860,ingawa,,,,,,,,,,,,,,,,,,,,,
hbo:4861,mishali,,,,,,,,,,,,,,,,,,,,,
hbo:4862,"habari, vile, niiulizie, zen, keza",,,,,,,,,,,,,,,,,,,,,
hbo:4863,"chachu, chach, mikate, unga, kandi",,,,,,,,,,,,,,,,,,,,,
hbo:4864,"fitina, huo, kodi, zawadi, vyakula",,,,,,,,,,,,,,,,,,,,,
hbo:4865,"vijalizo, yumo",,,,,,,,,,,,,,,,,,,,,
hbo:4866,"zaliw, kuza, atazaa, azaapo, mimb",,,,,,,,,,,,,,,,,,,,,
hbo:4867,"wimb, msukosuko, yaumkayo, maporomoko, chapigia",,,,,,,,,,,,,,,,,,,,,
hbo:4868,"hakuna, anguk, misiba, mateso, watesi",,,,,,,,,,,,,,,,,,,,,
hbo:4869,"kimbili, salama, ngom, nguvu, raha, misgabu",,,,,,,,,,,,,,,,,,,,,
hbo:4870,"nywan, katwa, rudi, sahau, fedha",,,,,,,,,,,,,,,,,,,,,
hbo:4872,musa,,,,,,,,,,,,,,,,,,,,,
hbo:4874,"kopesha, peshwa",,,,,,,,,,,,,,,,,,,,,
hbo:4875,"anga, harib, pote, haribik, ukiwa",,,,,,,,,,,,,,,,,,,,,
hbo:4876,"anga, harib, pote, haribik, ukiwa",,,,,,,,,,,,,,,,,,,,,
hbo:4877,meshobabu,,,,,,,,,,,,,,,,,,,,,
hbo:4878,"kuas, uasi, kwao, maas, kwingi",,,,,,,,,,,,,,,,,,,,,
hbo:4879,"anga, upotevu, kosa, acha, unitakase",,,,,,,,,,,,,,,,,,,,,
hbo:4880,"kasi, furika, vuta, mipana",,,,,,,,,,,,,,,,,,,,,
hbo:4881,"boma, zungu, tuten, barabarani, nani",,,,,,,,,,,,,,,,,,,,,
hbo:4883,"misumeno, msumeno",,,,,,,,,,,,,,,,,,,,,
hbo:4884,"pim, cheo",,,,,,,,,,,,,,,,,,,,,
hbo:4885,"furah, furahi, furaha, furahini, salamu",,,,,,,,,,,,,,,,,,,,,
hbo:4886,,"mafuta, marhamu, mzeituni, nuka, mimin, masihi, tiw, pak, pakw","mafuta, marhamu, mzeituni, nuka, mimin, masihi, tiw, pak, pakw",,,,,,,,,,,,,,,,,,,
hbo:4887,"mafuta, masihi, tiw, pak, pakw",,,,,,,,,,,,,,,,,,,,,
hbo:4888,"mafuta, masihi, tiw, pak, pakw, taka, wakf, kabisa, teng, taji",,,,,,,,,,,,,,,,,,,,,
hbo:4888a,"mafuta, masihi, tiw, pak, pakw, taka, wakf, kabisa, teng, taji",,,,,,,,,,,,,,,,,,,,,
hbo:4889,"ukiwa, uharibifu, anga, chukiz, ajab",,,,,,,,,,,,,,,,,,,,,
hbo:4890,"chek, chez, dhihaka, mzah, dhara",,,,,,,,,,,,,,,,,,,,,
hbo:4891,"alfajiri, asubuhi, amba, pambazuk, anz",,,,,,,,,,,,,,,,,,,,,
hbo:4892,"ukiwa, uharibifu, anga, chukiz, ajab",,,,,,,,,,,,,,,,,,,,,
hbo:4893,"kustaajabi, jihadharini, uharibifu, haribik, viingie, uko",,,,,,,,,,,,,,,,,,,,,
hbo:4894,"tandik, kunju, nyosh, kuene, tanda",,,,,,,,,,,,,,,,,,,,,
hbo:4895,"chuki, chukia, chuk, pend, chukiz",,,,,,,,,,,,,,,,,,,,,
hbo:4896,"wakuu, kamand, mkuu, wal, tawal",,,,,,,,,,,,,,,,,,,,,
hbo:4897,hariri,,,,,,,,,,,,,,,,,,,,,
hbo:4898,meshezabeli,,,,,,,,,,,,,,,,,,,,,
hbo:4899,"mafuta, masihi, tiw, pak, pakw",,,,,,,,,,,,,,,,,,,,,
hbo:4900,,"fut, vut, kokot, alikuwa, wenye","fut, vut, kokot, alikuwa, wenye",,"fut, vut, kokot, alikuwa, wenye",,,,,,,,,,,,,,,,,
hbo:4901,"mkob, chup, rib, azichukuapo",,,,,,,,,,,,,,,,,,,,,
hbo:4902,mesheki,,,,,,,,,,,,,,,,,,,,,
hbo:4904,"tand, tandan, godor, lal, malazi",,,,,,,,,,,,,,,,,,,,,
hbo:4905,"utenzi, funzo",,,,,,,,,,,,,,,,,,,,,
hbo:4906,"chor, wameipita, hatuoni",,,,,,,,,,,,,,,,,,,,,
hbo:4908,"maskani, maka, hema, takatif",,,,,,,,,,,,,,,,,,,,,
hbo:4909,"ujir, hawa, mshahara, malipo, ijar",,,,,,,,,,,,,,,,,,,,,
hbo:4910,,"wakuu, kamand, mkuu, wal, tawal",,,,,"wakuu, kamand, mkuu, wal, tawal",,,,,,,,,,,,,,,
hbo:4911,,"kama, mfano, fanan, umbo, fananish, mithali, hoja, kifani, mifano, huneni","kama, mfano, fanan, umbo, fananish, mithali, hoja, kifani, mifano, huneni","kama, mfano, fanan, umbo, fananish, mithali, hoja, kifani, mifano, huneni",,"kama, mfano, fanan, umbo, fananish, mithali, hoja, kifani, mifano, huneni","kama, mfano, fanan, umbo, fananish, mithali, hoja, kifani, mifano, huneni",,,,,,,,,,,,,,,
hbo:4912,"mithali, hoja, kifani, mifano, huneni",,,,,,,,,,,,,,,,,,,,,
hbo:4915,"kama, mfano, fanan, umbo, fananish, mamlaka, wal, uwez, milk, himaya",,,,,,,,,,,,,,,,,,,,,
hbo:4915a,"kama, mfano, fanan, umbo, fananish, mamlaka, wal, uwez, milk, himaya",,,,,,,,,,,,,,,,,,,,,
hbo:4916,"utiayo, pean, pelekea, ije, liruki",,,,,,,,,,,,,,,,,,,,,
hbo:4916a,"utiayo, pean, pelekea, ije, liruki",,,,,,,,,,,,,,,,,,,,,
hbo:4917,"akawapelekea, aizuie",,,,,,,,,,,,,,,,,,,,,
hbo:4918,meshulamu,,,,,,,,,,,,,,,,,,,,,
hbo:4919,meshilemothi,,,,,,,,,,,,,,,,,,,,,
hbo:4920,meshelemia,,,,,,,,,,,,,,,,,,,,,
hbo:4920a,meshelemia,,,,,,,,,,,,,,,,,,,,,
hbo:4922,meshulemethi,,,,,,,,,,,,,,,,,,,,,
hbo:4923,"ukiwa, uharibifu, anga, chukiz, ajab",,,,,,,,,,,,,,,,,,,,,
hbo:4924,"mafuta, nenep, non, kuku, zid, wanono, nenepe, winu",,,,,,,,,,,,,,,,,,,,,
hbo:4924b,"mafuta, masihi, tiw, pak, pakw",,,,,,,,,,,,,,,,,,,,,
hbo:4925,mishmana,,,,,,,,,,,,,,,,,,,,,
hbo:4927,mishma,,,,,,,,,,,,,,,,,,,,,
hbo:4928,"askari, walinzi, lind, mpishi, wahi",,,,,,,,,,,,,,,,,,,,,
hbo:4929,"gerezan, fung, walinzi, gerez, husu",,,,,,,,,,,,,,,,,,,,,
hbo:4930,misumari,,,,,,,,,,,,,,,,,,,,,
hbo:4931,"ulinzi, hudum, agiz, tunz, wao",,,,,,,,,,,,,,,,,,,,,
hbo:4932,"pili, sehemu, maradufu, nakala, mwingine",,,,,,,,,,,,,,,,,,,,,
hbo:4933,"nyar, mateka, yang, nyang'any, pat",,,,,,,,,,,,,,,,,,,,,
hbo:4934,"aliongozwa, hafunui, tal",,,,,,,,,,,,,,,,,,,,,
hbo:4935,"safi, taka, safish, usaf, tohara",,,,,,,,,,,,,,,,,,,,,
hbo:4936,"shemedi, mishamu",,,,,,,,,,,,,,,,,,,,,
hbo:4937,"wek, thibiti, imar, tayari, tegeme",,,,,,,,,,,,,,,,,,,,,
hbo:4937a,"wek, thibiti, imar, tayari, tegeme",,,,,,,,,,,,,,,,,,,,,
hbo:4938,"wek, thibiti, imar, tayari, tegeme, fimb, mkongojo, vyanifariji",,,,,,,,,,,,,,,,,,,,,
hbo:4938a,"wek, thibiti, imar, tayari, tegeme, fimb, mkongojo, vyanifariji",,,,,,,,,,,,,,,,,,,,,
hbo:4939,"damu, dhuluma, mwuaji, vunja",,,,,,,,,,,,,,,,,,,,,
hbo:4940,"jamaa, namn, kabila, aina, wazawa",,,,,,,,,,,,,,,,,,,,,
hbo:4941,"hukumu, haki, agiz, ilivyo, desturi",,,,,,,,,,,,,,,,,,,,,
hbo:4942,ulikaa,,,,,,,,,,,,,,,,,,,,,
hbo:4943,"mali, milk, yeyote, pat, zetu",,,,,,,,,,,,,,,,,,,,,
hbo:4944,"walipowakimbiza, kukusany",,,,,,,,,,,,,,,,,,,,,
hbo:4945,"nywe, nayakumbuka, lina, malisho, nyim",,,,,,,,,,,,,,,,,,,,,
hbo:4946,"uzan, pimw, pimi, pim, lip",,,,,,,,,,,,,,,,,,,,,
hbo:4947,zingit,,,,,,,,,,,,,,,,,,,,,
hbo:4948,"uzan, pimw, pimi, pim, lip",,,,,,,,,,,,,,,,,,,,,
hbo:4949,"paghariki, magonjwa",,,,,,,,,,,,,,,,,,,,,
hbo:4950,tibu,,,,,,,,,,,,,,,,,,,,,
hbo:4951,"mamlaka, wal, uwez, milk, himaya",,,,,,,,,,,,,,,,,,,,,
hbo:4952,"vyak, jiten",,,,,,,,,,,,,,,,,,,,,
hbo:4953,"zeze, wapiga, ukuangalie, wimb, tari",,,,,,,,,,,,,,,,,,,,,
hbo:4954,wamishrai,,,,,,,,,,,,,,,,,,,,,
hbo:4955,"tekete, ngu, king",,,,,,,,,,,,,,,,,,,,,
hbo:4956,misrefoth-maimu,,,,,,,,,,,,,,,,,,,,,
hbo:4957,masreka,,,,,,,,,,,,,,,,,,,,,
hbo:4958,"chunguni, kaango, mekoni",,,,,,,,,,,,,,,,,,,,,
hbo:4959,,"karamu, lish, shib, papa, nyw",,"karamu, lish, shib, papa, nyw",,,"karamu, lish, shib, papa, nyw",,,,,,,,,,,,,,,
hbo:4960,"karamu, lish, shib, papa, nyw",,,,,,,,,,,,,,,,,,,,,
hbo:4962,"mtu, watu, mwanadamu, wanadamu, wanaume",,,,,,,,,,,,,,,,,,,,,
hbo:4963,"jan, kav, chakula, dhahiri, nafaka",,,,,,,,,,,,,,,,,,,,,
hbo:4964,"lijamu, hatamu, hawajizuii, diri, watutii",,,,,,,,,,,,,,,,,,,,,
hbo:4966,"tamu, kitamu, matamu, utam, mtam",,,,,,,,,,,,,,,,,,,,,
hbo:4967,methushaeli,,,,,,,,,,,,,,,,,,,,,
hbo:4968,methusela,,,,,,,,,,,,,,,,,,,,,
hbo:4969,,"tandik, kunju, nyosh, kuene, tanda",,,,,,,,,,,,,,,,,,,,
hbo:4970,"jinsi, lini, weza, kuwa, gani",,,,,,,,,,,,,,,,,,,,,
hbo:4971,"ung, vyopa, ipunguz, wiliwil",,,,,,,,,,,,,,,,,,,,,
hbo:4973,"taya, shav, shavun, magego, tay, meno, pemb, jino, lim, malazi",,,,,,,,,,,,,,,,,,,,,
hbo:4974,"kamili, dosari, ilif, kamil, mzim",,,,,,,,,,,,,,,,,,,,,
hbo:4975,"viun, unon, kusudi, kaul, nawe",,,,,,,,,,,,,,,,,,,,,
hbo:4976,"karama, zawadi, paw, sadaka, kuto",,,,,,,,,,,,,,,,,,,,,
hbo:4977,matani,,,,,,,,,,,,,,,,,,,,,
hbo:4979,"karama, zawadi, paw, sadaka, kuto",,,,,,,,,,,,,,,,,,,,,
hbo:4980,matana,,,,,,,,,,,,,,,,,,,,,
hbo:4981,mmithni,,,,,,,,,,,,,,,,,,,,,
hbo:4982,matenai,,,,,,,,,,,,,,,,,,,,,
hbo:4983,matania,,,,,,,,,,,,,,,,,,,,,
hbo:4983a,matania,,,,,,,,,,,,,,,,,,,,,
hbo:4985,,"tamu, kitamu, matamu, utam, mtam",,,,,"tamu, kitamu, matamu, utam, mtam",,,,,,,,,,,,,,,
hbo:4986,"tamu, kitamu, matamu, utam, mtam",,,,,,,,,,,,,,,,,,,,,
hbo:4987,"tamu, kitamu, matamu, utam, mtam",,,,,,,,,,,,,,,,,,,,,
hbo:4989,mithka,,,,,,,,,,,,,,,,,,,,,
hbo:4990,mithredathi,,,,,,,,,,,,,,,,,,,,,
hbo:4991,"karama, zawadi, paw, sadaka, kuto",,,,,,,,,,,,,,,,,,,,,
hbo:4992,matata,,,,,,,,,,,,,,,,,,,,,
hbo:4993,"matithia, metithia",,,,,,,,,,,,,,,,,,,,,
hbo:4994,"sasa, fadhal, kusih, omb, basi",,,,,,,,,,,,,,,,,,,,,
hbo:4996,"wala, lakini, si, kwa, je",,,,,,,,,,,,,,,,,,,,,
hbo:4997,"diva, mvinyo, rib, shinikiz, zabibu",,,,,,,,,,,,,,,,,,,,,
hbo:4998,,,,"pendez, sembuse, mbiw, mizuri, haimpasi",,,,,,,,,,,,,,,,,,
hbo:4999,"maka, malisho, maskani, pangon, makazi",,,,,,,,,,,,,,,,,,,,,
hbo:5000,"pendez, sembuse, mbiw, mizuri, haimpasi",,,,,,,,,,,,,,,,,,,,,
hbo:5002,"asema, ndiyo",,,,,,,,,,,,,,,,,,,,,
hbo:5003,,"wazinzi, usizini, azin, uzinzi, zin",,"wazinzi, usizini, azin, uzinzi, zin",,,,,,,,,,,,,,,,,,
hbo:5006,,"dhara, dhar, wakayadharau, kanw, fur",,"dhara, dhar, wakayadharau, kanw, fur",,,,,,,,"dhara, dhar, wakayadharau, kanw, fur",,,,,,,,,,
hbo:5007,"dhara, aibu, kupandi, watekwe, wamefanyika",,,,,,,,,,,,,,,,,,,,,
hbo:5007a,"dhara, aibu, kupandi, watekwe, wamefanyika",,,,,,,,,,,,,,,,,,,,,
hbo:5008,,"kuugua, ugu, kite, jeruhi, tuli",,,,,,,,,,,,,,,,,,,,
hbo:5009,"kuugua, ugu, kite, jeruhi, tuli",,,,,,,,,,,,,,,,,,,,,
hbo:5010,,,,"amepachukia, umelinajisi",,,,,,,,,,,,,,,,,,
hbo:5011,nobu,,,,,,,,,,,,,,,,,,,,,
hbo:5012,,,"tabir, nabi, kata, tabiri, watabiri",,,"tabir, nabi, kata, tabiri, watabiri",,,,,,"tabir, nabi, kata, tabiri, watabiri",,,,,,,,,,
hbo:5014,,"tund, shim, mvungu, uvungu, chimbuli",,,,,,,,,,,,,,,,,,,,
hbo:5015,"nebo, beli",,,,,,,,,,,,,,,,,,,,,
hbo:5015b,"nebo, beli",,,,,,,,,,,,,,,,,,,,,
hbo:5016,nabi,,,,,,,,,,,,,,,,,,,,,
hbo:5018,nebuzaradani,,,,,,,,,,,,,,,,,,,,,
hbo:5019,nebukadneza,,,,,,,,,,,,,,,,,,,,,
hbo:5020,nebukadneza,,,,,,,,,,,,,,,,,,,,,
hbo:5021,nebu-shazbani,,,,,,,,,,,,,,,,,,,,,
hbo:5022,"nabothi, mketi",,,,,,,,,,,,,,,,,,,,,
hbo:5023,"hawampatii, aamini, nion",,,,,,,,,,,,,,,,,,,,,
hbo:5025,noba,,,,,,,,,,,,,,,,,,,,,
hbo:5025a,noba,,,,,,,,,,,,,,,,,,,,,
hbo:5026,nibhazi,,,,,,,,,,,,,,,,,,,,,
hbo:5027,,,,"tazama, angali, tazam, lien, kuon",,,"tazama, angali, tazam, lien, kuon",,,,,,,,,,,,,,,
hbo:5028,nebati,,,,,,,,,,,,,,,,,,,,,
hbo:5030,"nabii, manabii, nabi",,,,,,,,,,,,,,,,,,,,,
hbo:5031,"nabii, manabii, nabi",,,,,,,,,,,,,,,,,,,,,
hbo:5032,nebayothi,,,,,,,,,,,,,,,,,,,,,
hbo:5033,"chemchemi, chipu, sim, siman, toke",,,,,,,,,,,,,,,,,,,,,
hbo:5034,,"umba, wajinga, upuz, mjinga, wazimu, kauk, kaush, nyau, yakau, yakauka",,"umba, wajinga, upuz, mjinga, wazimu, kauk, kaush, nyau, yakau, yakauka",,,,,,,,,,,,,,,,,,
hbo:5035,"mkob, chup, rib, azichukuapo, nub, nand, ustadi, futie",,,,,,,,,,,,,,,,,,,,,
hbo:5035a,"mkob, chup, rib, azichukuapo, nub, nand, ustadi, futie",,,,,,,,,,,,,,,,,,,,,
hbo:5036,"umba, wajinga, upuz, mjinga, wazimu",,,,,,,,,,,,,,,,,,,,,
hbo:5037,"nabali, ukaf, ngulie",,,,,,,,,,,,,,,,,,,,,
hbo:5038,"mzog, mizoga, mait, anguk, nyamafu",,,,,,,,,,,,,,,,,,,,,
hbo:5039,"umba, ujinga, hauzingatii, hununa",,,,,,,,,,,,,,,,,,,,,
hbo:5040,wapenzi,,,,,,,,,,,,,,,,,,,,,
hbo:5041,nebalati,,,,,,,,,,,,,,,,,,,,,
hbo:5042,,"umwa, bubujika, niyatamke, teuk, watatoa",,,,,"umwa, bubujika, niyatamke, teuk, watatoa",,,,,,,,,,,,,,,
hbo:5044,nibshani,,,,,,,,,,,,,,,,,,,,,
hbo:5045,"kusini, negebu, pia",,,,,,,,,,,,,,,,,,,,,
hbo:5046,,,,,,,"ambi, habari, tangaz, onesh, akamwambia","ambi, habari, tangaz, onesh, akamwambia",,,,,,,"sonon, chemchemi, itiririkayo, bubuji, jit",,,,,,,
hbo:5048,"mbele, kabl, eleke, kabil, machoni",,,,,,,,,,,,,,,,,,,,,
hbo:5050,,"ng'a, anga, onekan, toke, angaz",,,,,"ng'a, anga, onekan, toke, angaz",,,,,,,,,,,,,,,
hbo:5051,"anga, pak, angaz, ving'aavyo, ung'aao",,,,,,,,,,,,,,,,,,,,,
hbo:5052,noga,,,,,,,,,,,,,,,,,,,,,
hbo:5054,"anga, pak, angaz, ving'aavyo, ung'aao",,,,,,,,,,,,,,,,,,,,,
hbo:5055,,"sukum, mtumbu, tumbu, amsha, watawanyi",,"sukum, mtumbu, tumbu, amsha, watawanyi",,"sukum, mtumbu, tumbu, amsha, watawanyi",,,,,,,,,,,,,,,,
hbo:5056,mzui,,,,,,,,,,,,,,,,,,,,,
hbo:5057,"mkuu, wakuu, ongoz, risasi, let",,,,,,,,,,,,,,,,,,,,,
hbo:5058,"zaburi, zeze, muziki, ala, nand",,,,,,,,,,,,,,,,,,,,,
hbo:5059,,"nub, nand, ustadi, futie",,"nub, nand, ustadi, futie",,,,,,,,,,,,,,,,,,
hbo:5060,,"gus, gusa, fiki, pig, fik","gus, gusa, fiki, pig, fik","gus, gusa, fiki, pig, fik","gus, gusa, fiki, pig, fik",,"gus, gusa, fiki, pig, fik",,,,,,,,,,,,,,,
hbo:5061,"pigo, taun, ugonjwa, radh, ene",,,,,,,,,,,,,,,,,,,,,
hbo:5062,,"pig, pigw, shindw, piga, jikwa","pig, pigw, shindw, piga, jikwa",,,"pig, pigw, shindw, piga, jikwa",,,,,,,,,,,,,,,,
hbo:5063,"pigo, taun, ugonjwa, radh, ene",,,,,,,,,,,,,,,,,,,,,
hbo:5064,,,"mwag, mwagi, mimi, umwa, wag",,,,"mwag, mwagi, mimi, umwa, wag","mwag, mwagi, mimi, umwa, wag",,,,,,,,,,,,,,
hbo:5065,,"onew, one, dhulum, waon, wone","onew, one, dhulum, waon, wone",,,,,,,,,,,,,,,,,,,
hbo:5066,,"karibi, karibu, ende, let, lete","karibi, karibu, ende, let, lete",,,"karibi, karibu, ende, let, lete","karibi, karibu, ende, let, lete","karibi, karibu, ende, let, lete",,,,,,,,,,,,,,
hbo:5067,"chung, wimb, rund, gof, fung",,,,,,,,,,,,,,,,,,,,,
hbo:5068,,"kubal, radh, hiar, tak, kata",,,,"kubal, radh, hiar, tak, kata",,,,,,"kubal, radh, hiar, tak, kata",,,,,,,,,,
hbo:5070,nadabu,,,,,,,,,,,,,,,,,,,,,
hbo:5071,"hiar, sadaka, njuf, haibaki, yoahid",,,,,,,,,,,,,,,,,,,,,
hbo:5072,nedabia,,,,,,,,,,,,,,,,,,,,,
hbo:5073,mipy,,,,,,,,,,,,,,,,,,,,,
hbo:5074,,"dangany, anga, kimbi, pote, tang",,"dangany, anga, kimbi, pote, tang",,,"dangany, anga, kimbi, pote, tang","dangany, anga, kimbi, pote, tang",,,,,,,"kimbi, kimbili, mbili, kimbiz, mbi",,,,,,,
hbo:5076,"huku, tup, wimb, mbazu, peperush",,,,,,,,,,,,,,,,,,,,,
hbo:5078,"karama, zawadi, paw, sadaka, kuto",,,,,,,,,,,,,,,,,,,,,
hbo:5079,"teng, cha, farakan, jis, hedh, chaf, wa, dhahabu, zimejaa, twasihi",,,,,,,,,,,,,,,,,,,,,
hbo:5080,,"fukuz, tupw, poto, pelek, kofukuz","fukuz, tupw, poto, pelek, kofukuz",,"fukuz, tupw, poto, pelek, kofukuz",,"fukuz, tupw, poto, pelek, kofukuz","fukuz, tupw, poto, pelek, kofukuz",,,,,,,,,,,,,,
hbo:5081,"wakuu, wenye, mkuu, waungwana, muungwana",,,,,,,,,,,,,,,,,,,,,
hbo:5082,"heshima, heshim, mzit, tuku, waheshimu",,,,,,,,,,,,,,,,,,,,,
hbo:5084,"alan, chonip",,,,,,,,,,,,,,,,,,,,,
hbo:5085,"alan, chonip",,,,,,,,,,,,,,,,,,,,,
hbo:5086,,"fukuz, achw, vut, mto, peperush","fukuz, achw, vut, mto, peperush",,,,,,,,,,,,,,,,,,,
hbo:5087,,"dhir, nitaziondoa, zitimili, koti",,,,,,,,,,,,,,,,,,,,
hbo:5088,"dhir, nitaziondoa, zitimili, koti",,,,,,,,,,,,,,,,,,,,,
hbo:5089,ukaw,,,,,,,,,,,,,,,,,,,,,
hbo:5090,,"mkuu, wakuu, ongoz, risasi, let, husabu",,"mkuu, wakuu, ongoz, risasi, let, husabu",,,,,,,,,,,,,,,,,,
hbo:5090a,,,,"mkuu, wakuu, ongoz, risasi, let, husabu",,,,,,,,,,,,,,,,,,
hbo:5091,,"yowe, ombole, pigeni, ombolezeni, omboleze",,,,,,,,,,,,,,,,,,,,
hbo:5091a,,,"yowe, ombole, pigeni, ombolezeni, omboleze",,,,,,,,,,,,,,,,,,,
hbo:5092,"yowe, ombole, pigeni, ombolezeni, omboleze, yatalia, vifu, mtalia, wavuao",,,,,,,,,,,,,,,,,,,,,
hbo:5095,,,,"ongoz, wati, unichunge, badilish, uong",,"ongoz, wati, unichunge, badilish, uong",,,,,,,,,,,,,,,,
hbo:5096,nahalali,,,,,,,,,,,,,,,,,,,,,
hbo:5097,"maji, majini, nywe, nyw, kuw",,,,,,,,,,,,,,,,,,,,,
hbo:5098,,"kuugua, ugu, kite, jeruhi, tuli",,,,,,,,,,,,,,,,,,,,
hbo:5099,"nguru, kama, kelel, wangu, mshindo",,,,,,,,,,,,,,,,,,,,,
hbo:5100,"kuugua, ugu, kite, jeruhi, tuli",,,,,,,,,,,,,,,,,,,,,
hbo:5101,,huli,,,,,,,,,,,,,,,,,,,,
hbo:5104,"mto, mito, jit, mton, maji",,,,,,,,,,,,,,,,,,,,,
hbo:5105,"nuru, wang, mianga, taa, pambazuk",,,,,,,,,,,,,,,,,,,,,
hbo:5106,,,,,,,"hash, kataz, apishe, dhani, mwawavunja",,,,,,,,,,,,,,,
hbo:5107,,"huza, kuza, ulivyo, izali, tumzalie",,"huza, kuza, ulivyo, izali, tumzalie",,,,,,,,,,,,,,,,,,
hbo:5108,"matunda, uzao, maza, tund, kuza",,,,,,,,,,,,,,,,,,,,,
hbo:5109,nobai,,,,,,,,,,,,,,,,,,,,,
hbo:5110,,"dangany, anga, kimbi, pote, tang",,,,"dangany, anga, kimbi, pote, tang","dangany, anga, kimbi, pote, tang",,,,,,,,"kimbi, kimbili, mbili, kimbiz, mbi",,,,,,,
hbo:5113,nodi,,,,,,,,,,,,,,,,,,,,,
hbo:5114,nodabu,,,,,,,,,,,,,,,,,,,,,
hbo:5116,"chunga, malisho, lish, viunga, mbug, maka, viot, maskani, kika",,,,,,,,,,,,,,,,,,,,,
hbo:5117,,"wek, raha, stareh, pumzik, ach",,,,,"wek, raha, stareh, pumzik, ach","wek, raha, stareh, pumzik, ach",,,,,,,,,,,,,,
hbo:5119,noha,,,,,,,,,,,,,,,,,,,,,
hbo:5120,,"tikis, tikisi, tiki, tetemek, kama",,,,,,,,,,,,,,,,,,,,
hbo:5122,"jaa, nuliw",,,,,,,,,,,,,,,,,,,,,
hbo:5123,,"ngiz, lal, sinzi, ngizi, nzia",,,,,,,,,,,,,,,,,,,,
hbo:5124,utepetevu,,,,,,,,,,,,,,,,,,,,,
hbo:5126,nuni,,,,,,,,,,,,,,,,,,,,,
hbo:5127,,"kimbi, kimbili, mbili, kimbiz, mbi",,"kimbi, kimbili, mbili, kimbiz, mbi",,,"kimbi, kimbili, mbili, kimbiz, mbi",,,,,,,,,,,,,,,
hbo:5128,,"tikis, tikisi, tiki, tetemek, kama","tikis, tikisi, tiki, tetemek, kama",,,,"tikis, tikisi, tiki, tetemek, kama",,,,,,,,,,,,,,,
hbo:5129,noadia,,,,,,,,,,,,,,,,,,,,,
hbo:5130,,,,"nyunyi, nyunyizi, nimetia, anyunyizaye, nyunyiz, tikis, tikisi, tiki, tetemek, kama",,,"nyunyi, nyunyizi, nimetia, anyunyizaye, nyunyiz, tikis, tikisi, tiki, tetemek, kama","nyunyi, nyunyizi, nimetia, anyunyizaye, nyunyiz, tikis, tikisi, tiki, tetemek, kama",,,,,,,,,,,,,,
hbo:5131,"ukuu, uvimbe, maka, kwake, vimb",,,,,,,,,,,,,,,,,,,,,
hbo:5132,,"kimbi, kimbili, mbili, kimbiz, mbi, maua, imetoa",,,,,,,,,,,,,,,,,,,,
hbo:5133,"manyoya, kibofu",,,,,,,,,,,,,,,,,,,,,
hbo:5135,"moto, motoni, tekete, teketez, kisha",,,,,,,,,,,,,,,,,,,,,
hbo:5136,,"ana, yafaavyo, nilaa, aje, zenu",,,,,,,,,,,,,,,,,,,,
hbo:5137,,"nyunyi, nyunyizi, nimetia, anyunyizaye, nyunyiz, chemchemi, chipu, sim, siman, toke",,,,,"nyunyi, nyunyizi, nimetia, anyunyizaye, nyunyiz, chemchemi, chipu, sim, siman, toke",,,,,,,,,,,,,,,
hbo:5138,"pik, ugal, uwapikie, pakuli",,,,,,,,,,,,,,,,,,,,,
hbo:5139,"dhir, wanadhiri, teng, kuliko, teuli",,,,,,,,,,,,,,,,,,,,,
hbo:5140,,"sonon, chemchemi, itiririkayo, bubuji, jit",,,,,"sonon, chemchemi, itiririkayo, bubuji, jit",,,,,,,,,,,,,,,
hbo:5141,"pete, kuk, mhur, herini, mihuri",,,,,,,,,,,,,,,,,,,,,
hbo:5142,,,,,,,,,,,,,,,"jerah, pig, uuaj, pigo, yake",,,"jerah, pig, uuaj, pigo, yake",,,,
hbo:5143,"jerah, pig, uuaj, pigo, yake",,,,,,,,,,,,,,,,,,,,,
hbo:5144,,,"taka, wakf, kabisa, teng, taji, maalumu, ribi, kule",,,,"taka, wakf, kabisa, teng, taji, maalumu, ribi, kule",,,,,,,,,,,,,,,
hbo:5145,"taka, wakf, kabisa, teng, taji",,,,,,,,,,,,,,,,,,,,,
hbo:5146,nuhu,,,,,,,,,,,,,,,,,,,,,
hbo:5147,wofsi,,,,,,,,,,,,,,,,,,,,,
hbo:5148,,"mkuu, wakuu, ongoz, risasi, let",,,,,"mkuu, wakuu, ongoz, risasi, let",,,,,,,,,,,,,,,
hbo:5149,nahamani,,,,,,,,,,,,,,,,,,,,,
hbo:5150,"fari, ghair, fariji, tuliz, faraja",,,,,,,,,,,,,,,,,,,,,
hbo:5151,nahumu,,,,,,,,,,,,,,,,,,,,,
hbo:5152,nahori,,,,,,,,,,,,,,,,,,,,,
hbo:5153,"shab, ping, vikalio",,,,,,,,,,,,,,,,,,,,,
hbo:5154,"shab, ping, vikalio",,,,,,,,,,,,,,,,,,,,,
hbo:5157,,"urithi, rith, urith, gawany, fung",,"urithi, rith, urith, gawany, fung",,"urithi, rith, urith, gawany, fung","urithi, rith, urith, gawany, fung","urithi, rith, urith, gawany, fung",,,,,,,,,,,,,,
hbo:5158,"jit, bond, mto, bonden, mito, tend, vivi",,,,,,,,,,,,,,,,,,,,,
hbo:5159,"urithi, rith, urith, gawany, fung",,,,,,,,,,,,,,,,,,,,,
hbo:5160,nahalieli,,,,,,,,,,,,,,,,,,,,,
hbo:5161,mnehelami,,,,,,,,,,,,,,,,,,,,,
hbo:5162,,,"fari, ghair, fariji, tuliz, faraja","fari, ghair, fariji, tuliz, faraja","fari, ghair, fariji, tuliz, faraja","fari, ghair, fariji, tuliz, faraja",,,,,,,,,,,,,,,,
hbo:5163,nahamu,,,,,,,,,,,,,,,,,,,,,
hbo:5164,"tub, toba, tubi, tubuni, watubu",,,,,,,,,,,,,,,,,,,,,
hbo:5165,"fari, ghair, fariji, tuliz, faraja",,,,,,,,,,,,,,,,,,,,,
hbo:5166,"nehemia, husik",,,,,,,,,,,,,,,,,,,,,
hbo:5167,nahamani,,,,,,,,,,,,,,,,,,,,,
hbo:5168,"sisi, tumevaa, anguka",,,,,,,,,,,,,,,,,,,,,
hbo:5169,,"uudh, tusih, ekuch, zangu",,,,,,,,,,,,,,,,,,,,
hbo:5170,"mkoromo, aruk",,,,,,,,,,,,,,,,,,,,,
hbo:5171,naharai,,,,,,,,,,,,,,,,,,,,,
hbo:5172,,,"acha, buz, uganga, pepo, bashir","acha, buz, uganga, pepo, bashir",,,,,,,,,,,,,,,,,,
hbo:5173,"acha, buz, uganga, pepo, bashir",,,,,,,,,,,,,,,,,,,,,
hbo:5175,"nyok, joka, yang",,,,,,,,,,,,,,,,,,,,,
hbo:5176,"nahashi, nahasi",,,,,,,,,,,,,,,,,,,,,
hbo:5177,nashoni,,,,,,,,,,,,,,,,,,,,,
hbo:5178,"shab, ping, vikalio, pendele, wapenzi, tama, wajavyo",,,,,,,,,,,,,,,,,,,,,
hbo:5178a,"shab, ping, vikalio, pendele, wapenzi, tama, wajavyo",,,,,,,,,,,,,,,,,,,,,
hbo:5179,nehushta,,,,,,,,,,,,,,,,,,,,,
hbo:5180,nehushtani,,,,,,,,,,,,,,,,,,,,,
hbo:5181,,"shuk, terem, teremki, yangu, peny","shuk, terem, teremki, yangu, peny","shuk, terem, teremki, yangu, peny",,,"shuk, terem, teremki, yangu, peny","shuk, terem, teremki, yangu, peny",,,,,,,"shuk, terem, teremki, yangu, peny",,,"shuk, terem, teremki, yangu, peny","shuk, terem, teremki, yangu, peny",,,
hbo:5184,nahathi,,,,,,,,,,,,,,,,,,,,,
hbo:5185,"terem, koshuki, ukoo, sikizi, shebarimu",,,,,,,,,,,,,,,,,,,,,
hbo:5186,,"nyosh, laz, poto, lal, geuk","nyosh, laz, poto, lal, geuk",,,,"nyosh, laz, poto, lal, geuk",,,,,,,,,,,,,,,
hbo:5187,makteshi,,,,,,,,,,,,,,,,,,,,,
hbo:5188,"vidani, pete",,,,,,,,,,,,,,,,,,,,,
hbo:5190,,"chuku, inu, huku, yake, inuli",,"chuku, inu, huku, yake, inuli",,,,,,,,,,,"chuku, inu, huku, yake, inuli","chuku, inu, huku, yake, inuli",,,,,,
hbo:5192,"uzan, pimw, pimi, pim, lip",,,,,,,,,,,,,,,,,,,,,
hbo:5193,,"pand, zaal, tang, mich, mbog","pand, zaal, tang, mich, mbog",,,,,,,,,,,,,,,,,,,
hbo:5194,"pand, zaal, tang, mich, mbog",,,,,,,,,,,,,,,,,,,,,
hbo:5195,"pand, zaal, tang, mich, mbog",,,,,,,,,,,,,,,,,,,,,
hbo:5196,"netaimu, wafinyanzi",,,,,,,,,,,,,,,,,,,,,
hbo:5197,,"dondo, ton, yadondoza, dondoz, manyunyu",,,,,"dondo, ton, yadondoza, dondoz, manyunyu",,,,,,,,,,,,,,,
hbo:5198,"dondo, ton, yadondoza, dondoz, manyunyu, natafi",,,,,,,,,,,,,,,,,,,,,
hbo:5199,netofa,,,,,,,,,,,,,,,,,,,,,
hbo:5200,"mnetofathi, wanetofathi",,,,,,,,,,,,,,,,,,,,,
hbo:5201,,"shik, lind, ishi, tunz, zangu",,,,,,,,,,,,,,,,,,,,
hbo:5203,,"ach, kan, achw, ondok, acha","ach, kan, achw, ondok, acha",,"ach, kan, achw, ondok, acha",,,,,,,,,,,,,,,,,
hbo:5204,"yowe, ombole, pigeni, ombolezeni, omboleze",,,,,,,,,,,,,,,,,,,,,
hbo:5205,maliwazo,,,,,,,,,,,,,,,,,,,,,
hbo:5207,"pendez, pendeza, harufu, soges",,,,,,,,,,,,,,,,,,,,,
hbo:5208,"pendez, pendeza, harufu, soges",,,,,,,,,,,,,,,,,,,,,
hbo:5209,"waza, enyi, maza, uzao, zaliwa",,,,,,,,,,,,,,,,,,,,,
hbo:5210,"ninawi, waninawi",,,,,,,,,,,,,,,,,,,,,
hbo:5212,nisani,,,,,,,,,,,,,,,,,,,,,
hbo:5213,cheche,,,,,,,,,,,,,,,,,,,,,
hbo:5214,,"vunj, vunjik, pasu, vunja, meg",,,,,,,,,,,,,,,,,,,,
hbo:5215,"nchi, dunia, duniani, chini, ardh",,,,,,,,,,,,,,,,,,,,,
hbo:5216,"taa, kinara, vinara, amwinue",,,,,,,,,,,,,,,,,,,,,
hbo:5217,,,"mijeledi, mjeledi, pig, msib, lenu",,,,,,,,,,,,,,,,,,,
hbo:5218a,"ndek, stahimil",,,,,,,,,,,,,,,,,,,,,
hbo:5219,zeri,,,,,,,,,,,,,,,,,,,,,
hbo:5220,mjukuu,,,,,,,,,,,,,,,,,,,,,
hbo:5221,,,"pig, wau, pigw, mwu, kuwaua",,"pig, wau, pigw, mwu, kuwaua",,"pig, wau, pigw, mwu, kuwaua","pig, wau, pigw, mwu, kuwaua",,,,,,,,,,,,,,
hbo:5222,"walinikusanyikia, wakanipapura",,,,,,,,,,,,,,,,,,,,,
hbo:5223,"lem, bub, ponde",,,,,,,,,,,,,,,,,,,,,
hbo:5224,neko,,,,,,,,,,,,,,,,,,,,,
hbo:5225a,nakoni,,,,,,,,,,,,,,,,,,,,,
hbo:5227,"mbele, kabl, eleke, kabil, machoni",,,,,,,,,,,,,,,,,,,,,
hbo:5228,"aliaye, nyok, awe, unyofu, ele, adil, haki, wanyofu, yaliyo",,,,,,,,,,,,,,,,,,,,,
hbo:5230,,"waz, kusud, shaur, hila, mipango",,"waz, kusud, shaur, hila, mipango",,"waz, kusud, shaur, hila, mipango",,,,,,,,,,,,,,,,
hbo:5231,wawasumbua,,,,,,,,,,,,,,,,,,,,,
hbo:5232,"mali, jir, tele, hutwaa, huwa",,,,,,,,,,,,,,,,,,,,,
hbo:5233,"mali, jir, tele, hutwaa, huwa",,,,,,,,,,,,,,,,,,,,,
hbo:5234,,,"tambu, pendele, tafit, hawajali, hatukiri, teng, mwingine, makamio, akib, wang","tambu, pendele, tafit, hawajali, hatukiri, teng, mwingine, makamio, akib, wang",,"tambu, pendele, tafit, hawajali, hatukiri, teng, mwingine, makamio, akib, wang","tambu, pendele, tafit, hawajali, hatukiri, teng, mwingine, makamio, akib, wang",,,,,,,,,,,,,,,
hbo:5235,"mgen, wageni, kigeni, migeni, ugen",,,,,,,,,,,,,,,,,,,,,
hbo:5236,"mgen, wageni, kigeni, migeni, ugen",,,,,,,,,,,,,,,,,,,,,
hbo:5237,"mgen, wageni, kigeni, migeni, ugen",,,,,,,,,,,,,,,,,,,,,
hbo:5238,"hazina, akib, ghal, fich, weke",,,,,,,,,,,,,,,,,,,,,
hbo:5239,,,,,,,"komesh, ach, kom, pumzik, acha",,,,,,,,,,,,,,,
hbo:5241,"yemueli, nemueli",,,,,,,,,,,,,,,,,,,,,
hbo:5242,"wayemueli, wayamini",,,,,,,,,,,,,,,,,,,,,
hbo:5244,"chung, zitafakari, mwendee",,,,,,,,,,,,,,,,,,,,,
hbo:5246,"chui, ozoe",,,,,,,,,,,,,,,,,,,,,
hbo:5247,nimra,,,,,,,,,,,,,,,,,,,,,
hbo:5248,nimrodi,,,,,,,,,,,,,,,,,,,,,
hbo:5249,nimrimu,,,,,,,,,,,,,,,,,,,,,
hbo:5250,nimshi,,,,,,,,,,,,,,,,,,,,,
hbo:5251,"bendera, beramu, tang, yahweh-nisi, twekeni",,,,,,,,,,,,,,,,,,,,,
hbo:5252,"geuk, zunguk, geuki, geuz, tazam",,,,,,,,,,,,,,,,,,,,,
hbo:5254,,,,"jarib, jaribi, kubali, ribi, mambo",,,,,,,,,,,,,,,,,,
hbo:5255,,"vutw, ng'ole, nyakuli, mwopo, atakunyakua","vutw, ng'ole, nyakuli, mwopo, atakunyakua",,,,,,,,,,,,,,,,,,"vutw, ng'ole, nyakuli, mwopo, atakunyakua",
hbo:5257,"nywaj, nywe, mimin, yush, mbik, zalmuna, watuao, uharibifu",,,,,,,,,,,,,,,,,,,,,
hbo:5257a,"nywaj, nywe, mimin, yush, mbik, zalmuna, watuao, uharibifu",,,,,,,,,,,,,,,,,,,,,
hbo:5258,,"mwag, mwagi, mimi, umwa, wag, awal, wangu","mwag, mwagi, mimi, umwa, wag, awal, wangu","mwag, mwagi, mimi, umwa, wag, awal, wangu",,,"mwag, mwagi, mimi, umwa, wag, awal, wangu","mwag, mwagi, mimi, umwa, wag, awal, wangu",,,,,,,,,"mwag, mwagi, mimi, umwa, wag",,,,,
hbo:5262,"nywaj, nywe, mimin, yush, mbik",,,,,,,,,,,,,,,,,,,,,
hbo:5264,,"fadhai, zimi, chok, hofu, haraka, ng'a, anga, onekan, toke, angaz",,,,"fadhai, zimi, chok, hofu, haraka, ng'a, anga, onekan, toke, angaz",,,,,,,,,,,,,,,,
hbo:5265,,"ingi, tok, let, kuj, fik","ingi, tok, let, kuj, fik",,,,"ingi, tok, let, kuj, fik",,,,,,,,,,,,,,,
hbo:5268,nisroki,,,,,,,,,,,,,,,,,,,,,
hbo:5269,"fikia, nea",,,,,,,,,,,,,,,,,,,,,
hbo:5270,hogla,,,,,,,,,,,,,,,,,,,,,
hbo:5271,"jan, mtoto, ujan, mtumishi, watoto",,,,,,,,,,,,,,,,,,,,,
hbo:5272,neyeli,,,,,,,,,,,,,,,,,,,,,
hbo:5273,"mwem, mema, njem, jema, heri, zaburi, zeze, muziki, ala, nand",,,,,,,,,,,,,,,,,,,,,
hbo:5275,"viat, kiat, and, mvuliwa, amvu",,,,,,,,,,,,,,,,,,,,,
hbo:5276,,"pendez, matamu",,,,,,,,,,,,,,,,,,,,
hbo:5277,naamu,,,,,,,,,,,,,,,,,,,,,
hbo:5278,"pendeza, niutazame, pendez, nipate, iit",,,,,,,,,,,,,,,,,,,,,
hbo:5279,naama,,,,,,,,,,,,,,,,,,,,,
hbo:5279a,naama,,,,,,,,,,,,,,,,,,,,,
hbo:5280,wanaamani,,,,,,,,,,,,,,,,,,,,,
hbo:5281,naomi,,,,,,,,,,,,,,,,,,,,,
hbo:5283,naamani,,,,,,,,,,,,,,,,,,,,,
hbo:5284,mnaamathi,,,,,,,,,,,,,,,,,,,,,
hbo:5285,"miib, mbigili, chak, mibigili, mwib",,,,,,,,,,,,,,,,,,,,,
hbo:5287,,"tikis, tikisi, tiki, tetemek, kama","tikis, tikisi, tiki, tetemek, kama","tikis, tikisi, tiki, tetemek, kama",,"tikis, tikisi, tiki, tetemek, kama",,,,,,,,,,,,,,,,
hbo:5288,"jan, mtoto, ujan, mtumishi, watoto, gang, mani, ghoshi",,,,,,,,,,,,,,,,,,,,,
hbo:5290,"jan, mtoto, ujan, mtumishi, watoto",,,,,,,,,,,,,,,,,,,,,
hbo:5291,"chan, jan, mwanamke, jakaz, nawa",,,,,,,,,,,,,,,,,,,,,
hbo:5293,ezbai,,,,,,,,,,,,,,,,,,,,,
hbo:5294,nearia,,,,,,,,,,,,,,,,,,,,,
hbo:5295,aza,,,,,,,,,,,,,,,,,,,,,
hbo:5296,"gusw, kumb",,,,,,,,,,,,,,,,,,,,,
hbo:5297,nofu,,,,,,,,,,,,,,,,,,,,,
hbo:5298,nefegi,,,,,,,,,,,,,,,,,,,,,
hbo:5299,"ungo, ikoseshayo, juu, aliye, mref, kimo, uref",,,,,,,,,,,,,,,,,,,,,
hbo:5300,nefusimu,,,,,,,,,,,,,,,,,,,,,
hbo:5301,,"pumz, pulizi, fukuti, hakosi, tamk",,,"pumz, pulizi, fukuti, hakosi, tamk",,"pumz, pulizi, fukuti, hakosi, tamk",,,,,,,,,,,,,,,
hbo:5302,"nofa, ifikiayo",,,,,,,,,,,,,,,,,,,,,
hbo:5303,wanefili,,,,,,,,,,,,,,,,,,,,,
hbo:5304,"asna, meunimu, nefusimu, wazawa",,,,,,,,,,,,,,,,,,,,,
hbo:5305,nafishi,,,,,,,,,,,,,,,,,,,,,
hbo:5306,zumaridi,,,,,,,,,,,,,,,,,,,,,
hbo:5307,,"anguk, anguki, angush, pig, nao",,"anguk, anguki, angush, pig, nao",,"anguk, anguki, angush, pig, nao","anguk, anguki, angush, pig, nao",,,,,,,,"anguk, anguki, angush, pig, nao",,,,,,,
hbo:5309,"haribik, ouon",,,,,,,,,,,,,,,,,,,,,
hbo:5310,,"vunja, vunjik, pond, vunj, gonga, tawanyi, utawanyiko, ene, mlio, tweke",,"vunja, vunjik, pond, vunj, gonga, tawanyi, utawanyiko, ene, mlio, tweke","vunja, vunjik, pond, vunj, gonga, tawanyi, utawanyiko, ene, mlio, tweke",,,,,,,,,,,,,,,,,
hbo:5311,"tufani, dhoruba, atok, wakijilaza, ukanifariji",,,,,,,,,,,,,,,,,,,,,
hbo:5312,,,,,,,,,,,,,,,"twa, itwa, poke, chuku, katw",,,"twa, itwa, poke, chuku, katw",,,,
hbo:5314,,,"wakiwa, pumzik",,,,,,,,,,,,,,,,,,,
hbo:5315,"nafsi, roho, uhai, mtu, watu",,,,,,,,,,,,,,,,,,,,,
hbo:5316,"juu, aliye, mref, kimo, uref",,,,,,,,,,,,,,,,,,,,,
hbo:5317,"asal, sega",,,,,,,,,,,,,,,,,,,,,
hbo:5318,neftoa,,,,,,,,,,,,,,,,,,,,,
hbo:5319,shinda,,,,,,,,,,,,,,,,,,,,,
hbo:5320,wanaftuhi,,,,,,,,,,,,,,,,,,,,,
hbo:5321,naftali,,,,,,,,,,,,,,,,,,,,,
hbo:5322,"ua, maua, bamb, tai, mwew, manyoya, ruka, furukombe",,,,,,,,,,,,,,,,,,,,,
hbo:5322a,"ua, maua, bamb, tai, mwew, manyoya, ruka, furukombe",,,,,,,,,,,,,,,,,,,,,
hbo:5323,,"kimbi, kimbili, mbili, kimbiz, mbi",,,,,,,,,,,,,,,,,,,,
hbo:5324,,,"simam, wek, simami, amen, simama",,,,"simam, wek, simami, amen, simama","simam, wek, simami, amen, simama",,,,,,,,,,,,,,
hbo:5325,"upanga, pang, wemb, mkuk, alan",,,,,,,,,,,,,,,,,,,,,
hbo:5326,"imar, uthabiti, halina, thabiti, chokul",,,,,,,,,,,,,,,,,,,,,
hbo:5327,,"shinda, jitahidini, piga, ishi, twajitaabisha, anga, harib, pote, haribik, ukiwa","shinda, jitahidini, piga, ishi, twajitaabisha, anga, harib, pote, haribik, ukiwa",,,,"shinda, jitahidini, piga, ishi, twajitaabisha, anga, harib, pote, haribik, ukiwa",,,,,,,,,,,,,,,
hbo:5328,"ua, maua, bamb",,,,,,,,,,,,,,,,,,,,,
hbo:5329,,,"mwimbishaji, chukuli, mtindo, hedaya, wenye","mwimbishaji, chukuli, mtindo, hedaya, wenye",,,,,,,,"mwimbishaji, chukuli, mtindo, hedaya, wenye",,,,,,,,,,
hbo:5331,"milele, daim, aman, kale, zot, mwimbishaji, chukuli, mtindo, hedaya, wenye",,,,,,,,,,,,,,,,,,,,,
hbo:5332,"zichafu, niliwaponda",,,,,,,,,,,,,,,,,,,,,
hbo:5333,"ngom, walinzi, lutu, makuruhi",,,,,,,,,,,,,,,,,,,,,
hbo:5335,nesia,,,,,,,,,,,,,,,,,,,,,
hbo:5337,,,"oko, sali, pony, uniponye, uniokoe","oko, sali, pony, uniponye, uniokoe",,"oko, sali, pony, uniponye, uniokoe","oko, sali, pony, uniponye, uniokoe","oko, sali, pony, uniponye, uniokoe",,,,,,,,,,"oko, sali, pony, uniponye, uniokoe",,,,
hbo:5340a,,"ng'a, anga, onekan, toke, angaz",,,,,"ng'a, anga, onekan, toke, angaz",,,,,,,,,,,,,,,
hbo:5341,,"mlinzi, lind, walinzi, shik, angali",,,,,,,,,,,,,,,,,,,,
hbo:5342,"taw, mwanzi, tawi, chipukiz, mianzi",,,,,,,,,,,,,,,,,,,,,
hbo:5343,"safi, taka, usaf, chaguli, kat",,,,,,,,,,,,,,,,,,,,,
hbo:5344,,"je, yu, au, akiw, mteg, chom, tajw, futa, tumbuli, tobo, laan, laani, amtukanaye, apiz, zilaa","je, yu, au, akiw, mteg, chom, tajw, futa, tumbuli, tobo, laan, laani, amtukanaye, apiz, zilaa",,,,,,,,,,,,,,,,,,,
hbo:5347,"mwanamke, kike, mke, wanawake, jike",,,,,,,,,,,,,,,,,,,,,
hbo:5348,"marakaraka, madoadoa",,,,,,,,,,,,,,,,,,,,,
hbo:5349,"chunga, chung, yeny, abaguavyo, yoambi",,,,,,,,,,,,,,,,,,,,,
hbo:5350,"anguka, hula",,,,,,,,,,,,,,,,,,,,,
hbo:5351,tengeneze,,,,,,,,,,,,,,,,,,,,,
hbo:5352,,"bure, mitupu, fut, adhabu, sina","bure, mitupu, fut, adhabu, sina","bure, mitupu, fut, adhabu, sina",,,,,,,,,,,,,,,,,,
hbo:5353,nekoda,,,,,,,,,,,,,,,,,,,,,
hbo:5355,"hati, asiy, isiy, lawama, zisizo",,,,,,,,,,,,,,,,,,,,,
hbo:5356,"hati, asiy, isiy, lawama, zisizo, tindiki, kuno",,,,,,,,,,,,,,,,,,,,,
hbo:5357,"pasu, ufa, yaliyo, ukaaye, ufich",,,,,,,,,,,,,,,,,,,,,
hbo:5358,,"kisasi, lipi, adhibi, lipizi, patili","kisasi, lipi, adhibi, lipizi, patili","kisasi, lipi, adhibi, lipizi, patili",,"kisasi, lipi, adhibi, lipizi, patili",,"kisasi, lipi, adhibi, lipizi, patili",,,,,,,,,,,,,,
hbo:5359,"kisasi, pati, lipizi, ndiz, lipiza",,,,,,,,,,,,,,,,,,,,,
hbo:5360,"kisasi, pati, lipizi, ndiz, lipiza",,,,,,,,,,,,,,,,,,,,,
hbo:5361,,"faraka, vyofaraka",,,,,,,,,,,,,,,,,,,,
hbo:5362a,,"pig, pigw, shindw, piga, jikwa, zunguk, ndokand, pande, karibu, nison",,,,,"pig, pigw, shindw, piga, jikwa, zunguk, ndokand, pande, karibu, nison",,,,,,,,,,,,,,,
hbo:5363,"tikis, tikisi, tiki, tetemek, kama",,,,,,,,,,,,,,,,,,,,,
hbo:5364,"kamb, kikoto",,,,,,,,,,,,,,,,,,,,,
hbo:5365,,"chimb, tobo, ng'o, nichimbi, tumbuki",,"chimb, tobo, ng'o, nichimbi, tumbuki","chimb, tobo, ng'o, nichimbi, tumbuki",,,,,,,,,,,,,,,,,
hbo:5366,"ufa, aitetemeshe",,,,,,,,,,,,,,,,,,,,,
hbo:5367,,"mteg, mitego, tanz, nasw, mtegoni","mteg, mitego, tanz, nasw, mtegoni","mteg, mitego, tanz, nasw, mtegoni",,"mteg, mitego, tanz, nasw, mtegoni",,,,,,,,,"bish, bisha, bisheni, gongan, fululi",,,,,,,
hbo:5369,neri,,,,,,,,,,,,,,,,,,,,,
hbo:5370,nergali,,,,,,,,,,,,,,,,,,,,,
hbo:5373,"nard, koch",,,,,,,,,,,,,,,,,,,,,
hbo:5374,neria,,,,,,,,,,,,,,,,,,,,,
hbo:5374a,neria,,,,,,,,,,,,,,,,,,,,,
hbo:5375,,"chuku, inu, huku, yake, inuli, karama, zawadi, paw, sadaka, kuto, ondok, inuk, fufu, simam, tuku, juu, tukuz, tole","chuku, inu, huku, yake, inuli, karama, zawadi, paw, sadaka, kuto, ondok, inuk, fufu, simam, tuku, juu, tukuz, tole","chuku, inu, huku, yake, inuli, karama, zawadi, paw, sadaka, kuto, ondok, inuk, fufu, simam, tuku, juu, tukuz, tole",,"chuku, inu, huku, yake, inuli, karama, zawadi, paw, sadaka, kuto, ondok, inuk, fufu, simam, tuku, juu, tukuz, tole","chuku, inu, huku, yake, inuli, karama, zawadi, paw, sadaka, kuto, ondok, inuk, fufu, simam, tuku, juu, tukuz, tole",,,,,"chuku, chukuli, chukulia, beb, mtoe",,,"chuku, chukuli, chukulia, beb, mtoe",,,,,,,
hbo:5378,,"mdai, wateke, kopesh, kopesha, kop, la, mda, riba, faid, aapishwe, hali",,,,,"mdai, wateke, kopesh, kopesha, kop, la, mda, riba, faid, aapishwe, hali",,,,,,,,,,,,,,,
hbo:5380,,"upep, pepo, vum, yapita, ivumapo",,,,,"upep, pepo, vum, yapita, ivumapo",,,,,,,,,,,,,,,
hbo:5381,,,,,,,"pat, fiki, kias, huyo, hazikuwapata",,,,,,,,,,,,,,,
hbo:5382,,"saha, sahau, lish, uwasahau, nikasahau","saha, sahau, lish, uwasahau, nikasahau","saha, sahau, lish, uwasahau, nikasahau",,,"saha, sahau, lish, uwasahau, nikasahau",,,,,,,,,,,,,,,
hbo:5384,"mshipa, kat",,,,,,,,,,,,,,,,,,,,,
hbo:5385,"mzig, leme, mizigo, wapagazi, alikuwa",,,,,,,,,,,,,,,,,,,,,
hbo:5386,"deni, ampe, ajitwikaye, wapeni, ponisih",,,,,,,,,,,,,,,,,,,,,
hbo:5387,"mkuu, wakuu, ongoz, risasi, let, huifanyia, yamwagikayo, unyevu, kiwi",,,,,,,,,,,,,,,,,,,,,
hbo:5387a,"mkuu, wakuu, ongoz, risasi, let, huifanyia, yamwagikayo, unyevu, kiwi",,,,,,,,,,,,,,,,,,,,,
hbo:5388,"saha, sahau, lish, uwasahau, nikasahau",,,,,,,,,,,,,,,,,,,,,
hbo:5389,tund,,,,,,,,,,,,,,,,,,,,,
hbo:5390,"bus, busu, nibus, mbus, niwabusu",,,,,,,,,,,,,,,,,,,,,
hbo:5391,,"waum, wum, huchoma, umw, waumao, lip, rudi, kuto, mpen, mlip",,"waum, wum, huchoma, umw, waumao, lip, rudi, kuto, mpen, mlip",,,,,,,,,,,,,,,,,,
hbo:5391a,,"waum, wum, huchoma, umw, waumao, lip, rudi, kuto, mpen, mlip",,,,,"waum, wum, huchoma, umw, waumao, lip, rudi, kuto, mpen, mlip",,,,,,,,,,,,,,,
hbo:5392,"riba, faid, kopesh, aapishwe, hali",,,,,,,,,,,,,,,,,,,,,
hbo:5393,"vyumba, chumba, umba, safish, hich",,,,,,,,,,,,,,,,,,,,,
hbo:5394,,"tele, vua, wasiwasi, hazitelezi, uvitetemeshe",,"tele, vua, wasiwasi, hazitelezi, uvitetemeshe",,,,,,,,,,,,,,,,,,
hbo:5395,,twet,,,,,,,,,,,,,,,,,,,,
hbo:5397,"pumz, pulizi, fukuti, hakosi, tamk",,,,,,,,,,,,,,,,,,,,,
hbo:5398,,"upep, pepo, vum, yapita, ivumapo",,,,,,,,,,,,,,,,,,,,
hbo:5399,"amba, ukungu, manane, gizagiza, poitaza",,,,,,,,,,,,,,,,,,,,,
hbo:5400,,,"gus, wash, tekete, wak, waka",,,,"gus, wash, tekete, wak, waka",,,,,,,,,,,,,,,
hbo:5401,,"bus, busu, nibus, mbus, niwabusu, waefraimu, teo, nyut",,"bus, busu, nibus, mbus, niwabusu, waefraimu, teo, nyut",,,"bus, busu, nibus, mbus, niwabusu, waefraimu, teo, nyut",,,,,,,,,,,,,,,
hbo:5401a,,"bus, busu, nibus, mbus, niwabusu, waefraimu, teo, nyut",,,,,,,,,,,,,,,,,,,,
hbo:5402,"ila, diri, mavazi, dari, vya",,,,,,,,,,,,,,,,,,,,,
hbo:5404,"tai, mwew, manyoya, ruka, furukombe",,,,,,,,,,,,,,,,,,,,,
hbo:5405,,"kavu, kauk, pakavu, kaush, ukam","kavu, kauk, pakavu, kaush, ukam",,,,,,,,,,,,,,,,,,,
hbo:5406,"baru, waraka, nyaraka, nipewe",,,,,,,,,,,,,,,,,,,,,
hbo:5408,,,,"mbali, fany, kat, tili, teng",,,,,,,,,,,,,,,,,,
hbo:5409,"pand, tong, gaw, vitekete, lijaze",,,,,,,,,,,,,,,,,,,,,
hbo:5410,"pit, njia, yanyosheni, wauzidisha, uniendeshe",,,,,,,,,,,,,,,,,,,,,
hbo:5410a,"pit, njia, yanyosheni, wauzidisha, uniendeshe",,,,,,,,,,,,,,,,,,,,,
hbo:5411,"hekal, hekaluni, wanethini, jumb, nyumba",,,,,,,,,,,,,,,,,,,,,
hbo:5413,,"mwag, mwagi, mimi, umwa, wag","mwag, mwagi, mimi, umwa, wag",,,,"mwag, mwagi, mimi, umwa, wag","mwag, mwagi, mimi, umwa, wag",,,,,,,,,,,,,,
hbo:5414,,"wap, pew, wek, akampa, wati","wap, pew, wek, akampa, wati",,,,,"wap, pew, wek, akampa, wati",,,,,,,"wap, pew, wek, akampa, wati",,,,,,,
hbo:5416,nathani,,,,,,,,,,,,,,,,,,,,,
hbo:5417,nethaneli,,,,,,,,,,,,,,,,,,,,,
hbo:5418,nethania,,,,,,,,,,,,,,,,,,,,,
hbo:5420,,"vunj, vunjik, pasu, vunja, meg",,,,,,,,,,,,,,,,,,,,
hbo:5421,,,"vunj, vunjik, pasu, vunja, meg",,,,,,,,,,,,,,,,,,,
hbo:5422,,"raru, bomo, raruli, kat, pasu","raru, bomo, raruli, kat, pasu","raru, bomo, raruli, kat, pasu","raru, bomo, raruli, kat, pasu",,,"raru, bomo, raruli, kat, pasu",,,,,,,,,,,,,,
hbo:5423,,"raru, bomo, raruli, kat, pasu","raru, bomo, raruli, kat, pasu","raru, bomo, raruli, kat, pasu",,,"raru, bomo, raruli, kat, pasu","raru, bomo, raruli, kat, pasu",,,,,,,,,,,,,,
hbo:5424,"pwepw, upel, madoadoa, dond, vujiv",,,,,,,,,,,,,,,,,,,,,
hbo:5425a,,"ruki, ruk, huru, uhur, paw, bure, muungwana",,"ruki, ruk, huru, uhur, paw, bure, muungwana",,,"ruki, ruk, huru, uhur, paw, bure, muungwana",,,,,,,,,,,,"mvu, chun, shambuli, kuvu, kuteka",,,
hbo:5427,"sabuni, elekeze, afuaye, magadi",,,,,,,,,,,,,,,,,,,,,
hbo:5428,,"ng'o, ng'ole, mizizi, yang'o, wang'o","ng'o, ng'ole, mizizi, yang'o, wang'o",,,,,"ng'o, ng'ole, mizizi, yang'o, wang'o",,,,,,,,,,,,,,
hbo:5429,"viwili, pish, panapo, uukande, kauz",,,,,,,,,,,,,,,,,,,,,
hbo:5430,vingirish,,,,,,,,,,,,,,,,,,,,,
hbo:5431,,"kanya, waka, amka, kwa, taka",,,,,,,,,,,,,,,,,,,,
hbo:5433a,"njooni, lew, mlev, levy, ulev, walevi",,,,,,,,,,,,,,,,,,,,,
hbo:5434,seba,,,,,,,,,,,,,,,,,,,,,
hbo:5435,"diva, mvinyo, rib, shinikiz, zabibu",,,,,,,,,,,,,,,,,,,,,
hbo:5437,,"geuk, zunguk, geuki, geuz, tazam, ndokand, pande, karibu, nison","geuk, zunguk, geuki, geuz, tazam, ndokand, pande, karibu, nison","geuk, zunguk, geuki, geuz, tazam, ndokand, pande, karibu, nison",,,"geuk, zunguk, geuki, geuz, tazam, ndokand, pande, karibu, nison","geuk, zunguk, geuki, geuz, tazam, ndokand, pande, karibu, nison",,,,,,,,,,,,,,
hbo:5438,"geuk, zunguk, geuki, geuz, tazam",,,,,,,,,,,,,,,,,,,,,
hbo:5439,"pande, zunguk, ndokand, kotekote, vya, magor-misabibu",,,,,,,,,,,,,,,,,,,,,
hbo:5440,,"tata, chuguu, ngazon",,,"tata, chuguu, ngazon",,,,,,,,,,,,,,,,,
hbo:5442,"magugu, mbaruti, itamea, kauka, mwib",,,,,,,,,,,,,,,,,,,,,
hbo:5443,"zaburi, zeze, muziki, ala, nand",,,,,,,,,,,,,,,,,,,,,
hbo:5444,sibekai,,,,,,,,,,,,,,,,,,,,,
hbo:5445,,"let, lete, chuku, mleteni, ile",,,"let, lete, chuku, mleteni, ile","let, lete, chuku, mleteni, ile",,,,,,,,,,,"let, lete, chuku, mleteni, ile",,,,,
hbo:5447,"mzig, leme, mizigo, wapagazi, alikuwa",,,,,,,,,,,,,,,,,,,,,
hbo:5448,"mzig, leme, mizigo, wapagazi, alikuwa",,,,,,,,,,,,,,,,,,,,,
hbo:5449,"mzig, leme, mizigo, wapagazi, alikuwa",,,,,,,,,,,,,,,,,,,,,
hbo:5450,"mzig, leme, mizigo, wapagazi, alikuwa",,,,,,,,,,,,,,,,,,,,,
hbo:5451,"nafaka, ngan, suk",,,,,,,,,,,,,,,,,,,,,
hbo:5452,,,,,,,,,,,,,,,azim,,,,,,,
hbo:5453,sibraimu,,,,,,,,,,,,,,,,,,,,,
hbo:5454,sabta,,,,,,,,,,,,,,,,,,,,,
hbo:5455,sabteka,,,,,,,,,,,,,,,,,,,,,
hbo:5456,,"abud, yoisimami, sujudi, poisujudi, santuri",,,,,,,,,,,,,"abud, yoisimami, sujudi, poisujudi, santuri",,,,,,,
hbo:5458a,"fungw, fung, fungi, vya, muda",,,,,,,,,,,,,,,,,,,,,
hbo:5459,"milik, milk, ana, mwenye, fukuz",,,,,,,,,,,,,,,,,,,,,
hbo:5461,"ofis, wakuu, mkuu, watumishi, hakim",,,,,,,,,,,,,,,,,,,,,
hbo:5462,,"fungw, fung, fungi, vya, muda","fungw, fung, fungi, vya, muda","fungw, fung, fungi, vya, muda","fungw, fung, fungi, vya, muda",,"fungw, fung, fungi, vya, muda",,,,,,,,"fungw, fung, fungi, vya, muda",,,,,,,
hbo:5465,"gerezan, fung, walinzi, gerez, husu",,,,,,,,,,,,,,,,,,,,,
hbo:5466,"tan, nzur, baft, toka",,,,,,,,,,,,,,,,,,,,,
hbo:5467,sodoma,,,,,,,,,,,,,,,,,,,,,
hbo:5468,"mfano, ratib, pake, lenyewe",,,,,,,,,,,,,,,,,,,,,
hbo:5469,iliyozungukwa,,,,,,,,,,,,,,,,,,,,,
hbo:5470,"gerezan, fung, walinzi, gerez, husu",,,,,,,,,,,,,,,,,,,,,
hbo:5471,"ili, hiyo, basi, ndivyo, hivyo",,,,,,,,,,,,,,,,,,,,,
hbo:5472,,"geuk, zunguk, geuki, geuz, tazam, mbali, ondok, teng, ondo, alam, ondole, ach","geuk, zunguk, geuki, geuz, tazam, mbali, ondok, teng, ondo, alam, ondole, ach",,,,"geuk, zunguk, geuki, geuz, tazam, mbali, ondok, teng, ondo, alam, ondole, ach","geuk, zunguk, geuki, geuz, tazam, mbali, ondok, teng, ondo, alam, ondole, ach",,,,,,,,,,,,,,
hbo:5474,"gerezan, fung, walinzi, gerez, husu",,,,,,,,,,,,,,,,,,,,,
hbo:5475,"baraza, siri, barazan, wanichukia, vuhunjika",,,,,,,,,,,,,,,,,,,,,
hbo:5476,sodi,,,,,,,,,,,,,,,,,,,,,
hbo:5477,sua,,,,,,,,,,,,,,,,,,,,,
hbo:5478,"kati, katikati, tumb, ndani, moyo",,,,,,,,,,,,,,,,,,,,,
hbo:5479,sotai,,,,,,,,,,,,,,,,,,,,,
hbo:5480,,"mafuta, masihi, tiw, pak, pakw",,,,,"mafuta, masihi, tiw, pak, pakw",,,,,,,,,,,,,,,
hbo:5480a,,,,"boma, zungu, tuten, barabarani, nani, funik, sitir, funika, pazi, funiki, sokot, taraza, fuma, fum, fumw, tayarish",,,,,,,,,,,,,,,,,,
hbo:5481,"zaburi, zeze, muziki, ala, nand",,,,,,,,,,,,,,,,,,,,,
hbo:5483,"ndeg, angani, baw, shomor, mbayuwayu, wepesi, mbio, mfungie, himiz, sukumiz, farasi",,,,,,,,,,,,,,,,,,,,,
hbo:5484,lingani,,,,,,,,,,,,,,,,,,,,,
hbo:5485,susi,,,,,,,,,,,,,,,,,,,,,
hbo:5488,"shamu, mwanzi, nyas, unyasi, kalamu",,,,,,,,,,,,,,,,,,,,,
hbo:5490,"mwisho, baada, batili, miisho, hapana",,,,,,,,,,,,,,,,,,,,,
hbo:5492,"sulisul, dhoruba, tufani, chamchela, sufa",,,,,,,,,,,,,,,,,,,,,
hbo:5492a,"sulisul, dhoruba, tufani, chamchela, sufa",,,,,,,,,,,,,,,,,,,,,
hbo:5493,,"ondo, ondole, ach, geuk, ondok",,"ondo, ondole, ach, geuk, ondok",,,"ondo, ondole, ach, geuk, ondok","ondo, ondole, ach, geuk, ondok",,,,,,,,,,,,,,
hbo:5494,"ondo, ondole, ach, geuk, ondok, kan, achw, acha",,,,,,,,,,,,,,,,,,,,,
hbo:5496,,,,,,,"choche, amsha, dangany, shawish, aomb",,,,,,,,,,,,,,,
hbo:5497,amefua,,,,,,,,,,,,,,,,,,,,,
hbo:5498,,"burur, kokot, burut, waondole, nias",,,,,,,,,,,,,,,,,,,,
hbo:5500,,,,"angu, song, nyage, yawe, yameiva",,,,,,,,,,,,,,,,,,
hbo:5501,"chaf, wa, dhahabu, zimejaa, twasihi",,,,,,,,,,,,,,,,,,,,,
hbo:5502,,"yosa, chukuli","yosa, chukuli",,,,,,,,,,,,,,,,,,,
hbo:5503,,"biashara, huu, walitoa, dunda, nunueni",,"biashara, huu, walitoa, dunda, nunueni",,,,,,,,,,,,,,,,,,
hbo:5504,"biashara, bidhaa, pato, haizimiki, wako, yapita, nipite",,,,,,,,,,,,,,,,,,,,,
hbo:5506,"bidhaa, wako, biashara, yapita, nipite",,,,,,,,,,,,,,,,,,,,,
hbo:5507,"ngom, jumb, boma, bom, ngomeni",,,,,,,,,,,,,,,,,,,,,
hbo:5508,"mawe, jiwe, vito, kito, pim",,,,,,,,,,,,,,,,,,,,,
hbo:5509,"tak, taka",,,,,,,,,,,,,,,,,,,,,
hbo:5510,siwani,,,,,,,,,,,,,,,,,,,,,
hbo:5511,sihoni,,,,,,,,,,,,,,,,,,,,,
hbo:5512,"sini, no",,,,,,,,,,,,,,,,,,,,,
hbo:5512a,"sini, no",,,,,,,,,,,,,,,,,,,,,
hbo:5513,msini,,,,,,,,,,,,,,,,,,,,,
hbo:5514,"sinai, shuki, tuusi",,,,,,,,,,,,,,,,,,,,,
hbo:5515,sinimu,,,,,,,,,,,,,,,,,,,,,
hbo:5516,sisera,,,,,,,,,,,,,,,,,,,,,
hbo:5517,siaha,,,,,,,,,,,,,,,,,,,,,
hbo:5518,"sufuri, sufurian, kap, nawi, vyombo, miib, mbigili, chak, mibigili, mwib",,,,,,,,,,,,,,,,,,,,,
hbo:5519,"mkutano, kuta, jami, wing, watu",,,,,,,,,,,,,,,,,,,,,
hbo:5520,"bandan, kiko",,,,,,,,,,,,,,,,,,,,,
hbo:5521,"band, hema, bandan, wakaapo, zib",,,,,,,,,,,,,,,,,,,,,
hbo:5522,"hema, heman, maskani, mahema, kuwapo",,,,,,,,,,,,,,,,,,,,,
hbo:5523,"sukothi, nitalipima",,,,,,,,,,,,,,,,,,,,,
hbo:5524,sukoth-benothi,,,,,,,,,,,,,,,,,,,,,
hbo:5525,wasukii,,,,,,,,,,,,,,,,,,,,,
hbo:5526,,"boma, zungu, tuten, barabarani, nani, funik, sitir, funika, pazi, funiki, sokot, taraza, fuma, fum, fumw, tayarish",,,,,"boma, zungu, tuten, barabarani, nani, funik, sitir, funika, pazi, funiki, sokot, taraza, fuma, fum, fumw, tayarish",,,,,,,,,,,,,,,
hbo:5526a,,"boma, zungu, tuten, barabarani, nani, funik, sitir, funika, pazi, funiki, sokot, taraza, fuma, fum, fumw, tayarish",,"boma, zungu, tuten, barabarani, nani, funik, sitir, funika, pazi, funiki, sokot, taraza, fuma, fum, fumw, tayarish",,,,,,,,,,,,,,,,,,
hbo:5526c,"boma, zungu, tuten, barabarani, nani, funik, sitir, funika, pazi, funiki, sokot, taraza, fuma, fum, fumw, tayarish",,,,,,,,,,,,,,,,,,,,,
hbo:5527,sekaka,,,,,,,,,,,,,,,,,,,,,
hbo:5528,,,"umba, wajinga, upuz, mjinga, wazimu","umba, wajinga, upuz, mjinga, wazimu",,,"umba, wajinga, upuz, mjinga, wazimu",,,,,,,,,,,,,,,
hbo:5529,"umba, ujinga, hauzingatii, hununa",,,,,,,,,,,,,,,,,,,,,
hbo:5530,"umba, wajinga, upuz, mjinga, wazimu",,,,,,,,,,,,,,,,,,,,,
hbo:5531,"umba, ujinga, hauzingatii, hununa",,,,,,,,,,,,,,,,,,,,,
hbo:5532,,"saidi, msaada, msaidizi, faid, saidia","saidi, msaada, msaidizi, faid, saidia",,,,"saidi, msaada, msaidizi, faid, saidia",,,,,,,,,,,,,,,
hbo:5534,,,"huyapinga, fumb, nibus","huyapinga, fumb, nibus",,,,,,,,,,,,,,,,,,
hbo:5535,,,,,,,"nyamaz, anyamaze, nyamazeni, wanyamaze, msiw",,,,,,,,,,,,,,,
hbo:5536,"kap, kapu, nyungo, okot, ungo",,,,,,,,,,,,,,,,,,,,,
hbo:5538,sila,,,,,,,,,,,,,,,,,,,,,
hbo:5540,seledi,,,,,,,,,,,,,,,,,,,,,
hbo:5541a,,,,,"kata, tup, dhara, dhar, zangu, uzan, pimw, pimi, pim, lip",,,,,,,,,,,,,,,,,
hbo:5542,"aliye, wako, letu, zako, yangu",,,,,,,,,,,,,,,,,,,,,
hbo:5543a,salu,,,,,,,,,,,,,,,,,,,,,
hbo:5543c,salu,,,,,,,,,,,,,,,,,,,,,
hbo:5544,"michongoma, fanyik",,,,,,,,,,,,,,,,,,,,,
hbo:5545,,"sameh, msamaha, ondoleo, samehe, usamehe","sameh, msamaha, ondoleo, samehe, usamehe",,,,,,,,,,,,,,,,,,,
hbo:5546,"sameh, msamaha, ondoleo, samehe, usamehe",,,,,,,,,,,,,,,,,,,,,
hbo:5547,"sameh, msamaha, ondoleo, samehe, usamehe",,,,,,,,,,,,,,,,,,,,,
hbo:5548,saleka,,,,,,,,,,,,,,,,,,,,,
hbo:5549,,"jeng, jenge, waashi, jijenge, mjenge",,"jeng, jenge, waashi, jijenge, mjenge",,"jeng, jenge, waashi, jijenge, mjenge",,,,,,,,,,,,,,,,
hbo:5550,"gof, bom, boma, lim, husu",,,,,,,,,,,,,,,,,,,,,
hbo:5551,yafika,,,,,,,,,,,,,,,,,,,,,
hbo:5552,"taw, mwanzi, tawi, chipukiz, mianzi",,,,,,,,,,,,,,,,,,,,,
hbo:5553,"jabal, mwamba, jabalin, miamba, geng",,,,,,,,,,,,,,,,,,,,,
hbo:5554,"sela, jabal, pelekeni, ipaz",,,,,,,,,,,,,,,,,,,,,
hbo:5556,"nzig, tunutu, panz, parare, madumadu",,,,,,,,,,,,,,,,,,,,,
hbo:5557,,,,"poto, sokot, uchungu, ukaidi, tosh",,,,,,,,,,,,,,,,,,
hbo:5558,"ukaidi, wakali, zigeuki, njiani, ukorofi",,,,,,,,,,,,,,,,,,,,,
hbo:5559,,"pand, kwe, pandi, kutoka, let",,,,,,"pand, kwe, pandi, kutoka, let, twa, itwa, poke, chuku, katw",,,,,,,"pand, kwe, pandi, kutoka, let, twa, itwa, poke, chuku, katw",,,"pand, kwe, pandi, kutoka, let, twa, itwa, poke, chuku, katw",,,,
hbo:5560,"mwembamba, unga",,,,,,,,,,,,,,,,,,,,,
hbo:5561,"nuka, mzur, rihani, pak, haukuja",,,,,,,,,,,,,,,,,,,,,
hbo:5562,nebu-sarseki,,,,,,,,,,,,,,,,,,,,,
hbo:5563,"chanu, yachipuka, vyostaw, yawayewaye, atatia",,,,,,,,,,,,,,,,,,,,,
hbo:5564,,"wek, thibiti, imar, tayari, tegeme","wek, thibiti, imar, tayari, tegeme","wek, thibiti, imar, tayari, tegeme",,,,,,,,,,,,,,,,,,
hbo:5565,semakia,,,,,,,,,,,,,,,,,,,,,
hbo:5566,"sanamu, nyag, chon, kitu, zozitumiki",,,,,,,,,,,,,,,,,,,,,
hbo:5567,,,"wek, amriw, wekw, kutan, kuta",,,,,,,,,,,,,,,,,,,
hbo:5568,,"kuch, pepo",,"kuch, pepo",,,,,,,,,,,,,,,,,,
hbo:5569,"pwele, sawazish, palipopindika",,,,,,,,,,,,,,,,,,,,,
hbo:5570,senaa,,,,,,,,,,,,,,,,,,,,,
hbo:5571,sanbalati,,,,,,,,,,,,,,,,,,,,,
hbo:5572,"chak, chakan, mche",,,,,,,,,,,,,,,,,,,,,
hbo:5573,sene,,,,,,,,,,,,,,,,,,,,,
hbo:5574a,hasenua,,,,,,,,,,,,,,,,,,,,,
hbo:5575,"pof, pofu, upof, wasioona, mpofu",,,,,,,,,,,,,,,,,,,,,
hbo:5576,senakeribu,,,,,,,,,,,,,,,,,,,,,
hbo:5578,sansana,,,,,,,,,,,,,,,,,,,,,
hbo:5579,mapezi,,,,,,,,,,,,,,,,,,,,,
hbo:5580,"nond, mdud",,,,,,,,,,,,,,,,,,,,,
hbo:5581,sismai,,,,,,,,,,,,,,,,,,,,,
hbo:5582,,"wek, thibiti, imar, tayari, tegeme",,,,,,,,,,,,,,,"wek, thibiti, imar, tayari, tegeme",,,,,
hbo:5584,,"nguvu, yeny, ruka, wak, yanasonganasongana",,,,,,,,,,,,,,,,,,,,
hbo:5585,"pasu, ufa, yaliyo, ukaaye, ufich",,,,,,,,,,,,,,,,,,,,,
hbo:5585a,"pasu, ufa, yaliyo, ukaaye, ufich",,,,,,,,,,,,,,,,,,,,,
hbo:5586,,,,warefu,,,,,,,,,,,,,,,,,,
hbo:5587a,"kusud, mtasitasita, gawa, kasi, hunipa, angukia",,,,,,,,,,,,,,,,,,,,,
hbo:5588,sit,,,,,,,,,,,,,,,,,,,,,
hbo:5589,"taw, mwanzi, tawi, chipukiz, mianzi",,,,,,,,,,,,,,,,,,,,,
hbo:5590,,"ghadhabu, hasira, ukal, sumu, chafu","ghadhabu, hasira, ukal, sumu, chafu","ghadhabu, hasira, ukal, sumu, chafu","ghadhabu, hasira, ukal, sumu, chafu",,,,,,,,,"ghadhabu, hasira, ukal, sumu, chafu",,,,,,,,
hbo:5591,"tufani, sulisul, dhoruba, ukayainua, bung",,,,,,,,,,,,,,,,,,,,,
hbo:5591a,"tufani, sulisul, dhoruba, ukayainua, bung",,,,,,,,,,,,,,,,,,,,,
hbo:5592,"birik, komb, bakul, sini, miik, zingit, lang, zingitin, boriti, bawab",,,,,,,,,,,,,,,,,,,,,
hbo:5592a,"birik, komb, bakul, sini, miik, zingit, lang, zingitin, boriti, bawab",,,,,,,,,,,,,,,,,,,,,
hbo:5594,,"ombole, bole, lili, tang, mlili","ombole, bole, lili, tang, mlili",,,,,,,,,,,,,,,,,,,
hbo:5595,,"kamat, anga, nyakuli, mimb, nyaku","kamat, anga, nyakuli, mimb, nyaku",,,,"kamat, anga, nyakuli, mimb, nyaku",,,,,,,,"timi, timiz, jaz, timili, kamili",,,"timi, timiz, jaz, timili, kamili",,,,
hbo:5596,,"utiaye, niti, sanyi, ambata, kuchoche, pwepw, upel, madoadoa, dond, vujiv","utiaye, niti, sanyi, ambata, kuchoche, pwepw, upel, madoadoa, dond, vujiv","utiaye, niti, sanyi, ambata, kuchoche, pwepw, upel, madoadoa, dond, vujiv","utiaye, niti, sanyi, ambata, kuchoche, pwepw, upel, madoadoa, dond, vujiv","utiaye, niti, sanyi, ambata, kuchoche, pwepw, upel, madoadoa, dond, vujiv",,,,,,,,,,,,,,,,
hbo:5597,"pwepw, upel, madoadoa, dond, vujiv",,,,,,,,,,,,,,,,,,,,,
hbo:5598,mhushathi,,,,,,,,,,,,,,,,,,,,,
hbo:5599,"watuka, mafuriko, each, vyenyewe, viotavyo, zitund",,,,,,,,,,,,,,,,,,,,,
hbo:5599a,"watuka, mafuriko, each, vyenyewe, viotavyo, zitund",,,,,,,,,,,,,,,,,,,,,
hbo:5600,rikeb,,,,,,,,,,,,,,,,,,,,,
hbo:5601,"yakuti, samawi",,,,,,,,,,,,,,,,,,,,,
hbo:5602,"bakul, besen, vitasa, unip, komb",,,,,,,,,,,,,,,,,,,,,
hbo:5603,,"funik, sitir, funika, pazi, funiki",,,,,,,,,,,,,,,,,,,,
hbo:5604,"sakafu, nyumba, boriti, funik, toka",,,,,,,,,,,,,,,,,,,,,
hbo:5605,,,,,,"simam, wek, simami, amen, simama",,,,,,,,,,,,,,,,
hbo:5606,,"kof, jipige, waziwazi, gaaga, kofi, yakiwa",,,,,,,,,,,,,,,,,,,,
hbo:5608,,"hesab, simuli, hesabi, ambi, anga, mwandishi, waandishi, karani, kuhani","hesab, simuli, hesabi, ambi, anga, mwandishi, waandishi, karani, kuhani","hesab, simuli, hesabi, ambi, anga, mwandishi, waandishi, karani, kuhani","hesab, simuli, hesabi, ambi, anga, mwandishi, waandishi, karani, kuhani",,,,,,,,,,,,,,,,,
hbo:5608a,"hesab, simuli, hesabi, ambi, anga, mwandishi, waandishi, karani, kuhani",,,,,,,,,,,,,,,,,,,,,
hbo:5611,sefari,,,,,,,,,,,,,,,,,,,,,
hbo:5612,"tab, baru, hati, waraka, tabu",,,,,,,,,,,,,,,,,,,,,
hbo:5614,sefaradi,,,,,,,,,,,,,,,,,,,,,
hbo:5615,"tab, baru, hati, waraka, tabu",,,,,,,,,,,,,,,,,,,,,
hbo:5616,wasefarvi,,,,,,,,,,,,,,,,,,,,,
hbo:5617,sefarvaimu,,,,,,,,,,,,,,,,,,,,,
hbo:5618b,soferethi,,,,,,,,,,,,,,,,,,,,,
hbo:5619,,"mawe, wafe, tufadhai, tupig","mawe, wafe, tufadhai, tupig","mawe, wafe, tufadhai, tupig","mawe, wafe, tufadhai, tupig",,,,,,,,,,,,,,,,,
hbo:5620,"mzit, usil",,,,,,,,,,,,,,,,,,,,,
hbo:5621,"miib, mbigili, chak, mibigili, mwib",,,,,,,,,,,,,,,,,,,,,
hbo:5622,"nguo, mavazi, vazi, suruali, avue",,,,,,,,,,,,,,,,,,,,,
hbo:5623,sargoni,,,,,,,,,,,,,,,,,,,,,
hbo:5624,seredi,,,,,,,,,,,,,,,,,,,,,
hbo:5625,waseredi,,,,,,,,,,,,,,,,,,,,,
hbo:5626a,sira,,,,,,,,,,,,,,,,,,,,,
hbo:5627,"kuas, uasi, kwao, maas, kwingi",,,,,,,,,,,,,,,,,,,,,
hbo:5627a,"kuas, uasi, kwao, maas, kwingi",,,,,,,,,,,,,,,,,,,,,
hbo:5628,"koch, anguka, towek, ukatoa",,,,,,,,,,,,,,,,,,,,,
hbo:5628a,,"koch, anguka, towek, ukatoa",,,,,,,,,,,,,,,,,,,,
hbo:5629,"ziad, kwafaa, yatoka, kuua, hudumi",,,,,,,,,,,,,,,,,,,,,
hbo:5630,"ila, diri, mavazi, dari, vya",,,,,,,,,,,,,,,,,,,,,
hbo:5631,"towash, ofis, amiz, mamiz, kamand",,,,,,,,,,,,,,,,,,,,,
hbo:5632,"jumb, mkuu, kamand, wakuu, ongoz",,,,,,,,,,,,,,,,,,,,,
hbo:5633a,"bwana, wangu, wakuu, bwan, mwenye, vipini",,,,,,,,,,,,,,,,,,,,,
hbo:5634,"taw, mwanzi, tawi, chipukiz, mianzi",,,,,,,,,,,,,,,,,,,,,
hbo:5635,,,,"wak, tekete, chom, ondo, teketez",,,,,,,,,,,,,,,,,,
hbo:5636,"upup, vimilik, utamea, viwawi, meme",,,,,,,,,,,,,,,,,,,,,
hbo:5637,,"kuas, waas, was, mwas, nias",,,,,,,,,,,,,,,,,,,,
hbo:5638,"baridi, baruk",,,,,,,,,,,,,,,,,,,,,
hbo:5639,sethuri,,,,,,,,,,,,,,,,,,,,,
hbo:5640,,"kand, zao, vile, zui, zib, huyapinga, fumb, nibus","kand, zao, vile, zui, zib, huyapinga, fumb, nibus","kand, zao, vile, zui, zib, huyapinga, fumb, nibus",,,,,,,,,,,,,,,,,,
hbo:5641,,,"fich, siri, sitiri, mbali, tiri","fich, siri, sitiri, mbali, tiri","fich, siri, sitiri, mbali, tiri","fich, siri, sitiri, mbali, tiri","fich, siri, sitiri, mbali, tiri",,,,,,,,,,"fich, siri, sitiri, mbali, tiri, anga, harib, pote, haribik, ukiwa",,,,,
hbo:5643,"siri, uganga, sitara, sitir, peny, himaya, taku",,,,,,,,,,,,,,,,,,,,,
hbo:5643a,"siri, uganga, sitara, sitir, peny, himaya, taku",,,,,,,,,,,,,,,,,,,,,
hbo:5644,sithri,,,,,,,,,,,,,,,,,,,,,
hbo:5645,"wing, wingun, giza, nene, mbinguni",,,,,,,,,,,,,,,,,,,,,
hbo:5646,"zingit, lang, zingitin, boriti, bawab",,,,,,,,,,,,,,,,,,,,,
hbo:5647,,"watumishi, mtumishi, tumiki, mtumwa, utumishi","watumishi, mtumishi, tumiki, mtumwa, utumishi",,"watumishi, mtumishi, tumiki, mtumwa, utumishi",,"watumishi, mtumishi, tumiki, mtumwa, utumishi","watumishi, mtumishi, tumiki, mtumwa, utumishi",,,,,,,"fany, tend, fanyi, akafanya, kufanya",,,,,,"fany, tend, fanyi, akafanya, kufanya",
hbo:5650,"watumishi, mtumishi, tumiki, mtumwa, utumishi",,,,,,,,,,,,,,,,,,,,,
hbo:5651,"ebedi, ufitini",,,,,,,,,,,,,,,,,,,,,
hbo:5652,"kazi, matendo, tend, fany, enda",,,,,,,,,,,,,,,,,,,,,
hbo:5653,"abda, anzish",,,,,,,,,,,,,,,,,,,,,
hbo:5654,obed-edomu,,,,,,,,,,,,,,,,,,,,,
hbo:5655,abdeeli,,,,,,,,,,,,,,,,,,,,,
hbo:5656,"watumishi, mtumishi, tumiki, mtumwa, utumishi",,,,,,,,,,,,,,,,,,,,,
hbo:5657,"watumishi, mtumishi, tumiki, mtumwa, utumishi",,,,,,,,,,,,,,,,,,,,,
hbo:5658,abdoni,,,,,,,,,,,,,,,,,,,,,
hbo:5658a,abdoni,,,,,,,,,,,,,,,,,,,,,
hbo:5660,abdi,,,,,,,,,,,,,,,,,,,,,
hbo:5661,abdieli,,,,,,,,,,,,,,,,,,,,,
hbo:5662,obadia,,,,,,,,,,,,,,,,,,,,,
hbo:5663,ebedmeleki,,,,,,,,,,,,,,,,,,,,,
hbo:5664,abednego,,,,,,,,,,,,,,,,,,,,,
hbo:5666,,"kinene, wakaelewa, zit",,,,,,,,,,,,,,,,,,,,
hbo:5667,"rehani, mafungo, chwa",,,,,,,,,,,,,,,,,,,,,
hbo:5668,"maana, kuwa, sababu, kwamba, kwan",,,,,,,,,,,,,,,,,,,,,
hbo:5669,"mavuno, maza, matunda, akib, faid",,,,,,,,,,,,,,,,,,,,,
hbo:5670,,"kopesh, kopesha, kop, la, mda",,,,,"kopesh, kopesha, kop, la, mda",,,,,,,,,,,,,,,
hbo:5670a,,,,"kopesh, kopesha, kop, la, mda",,,,,,,,,,,,,,,,,,
hbo:5671,"deni, ampe, ajitwikaye, wapeni, ponisih",,,,,,,,,,,,,,,,,,,,,
hbo:5672,"unen, visub, mafundo, kiwi",,,,,,,,,,,,,,,,,,,,,
hbo:5673,"tumiki, kuhan, hudumi, hudum, ibad",,,,,,,,,,,,,,,,,,,,,
hbo:5674,,"pit, vuk, pita, piti, endele, usio, umemghadhibikia, amkasirishaye, akamkataa, akaughadhibikia","pit, vuk, pita, piti, endele, usio, umemghadhibikia, amkasirishaye, akamkataa, akaughadhibikia","pit, vuk, pita, piti, endele, usio, umemghadhibikia, amkasirishaye, akamkataa, akaughadhibikia",,,"pit, vuk, pita, piti, endele, usio, umemghadhibikia, amkasirishaye, akamkataa, akaughadhibikia",,,,,,,,,,,,,,,
hbo:5674a,,,,,,"pit, vuk, pita, piti, endele, usio, umemghadhibikia, amkasirishaye, akamkataa, akaughadhibikia",,,,,,,,,,,,,,,,
hbo:5676,"ng'ambo, upande, pit, pande, kuwak",,,,,,,,,,,,,,,,,,,,,
hbo:5677,eberi,,,,,,,,,,,,,,,,,,,,,
hbo:5678,"ghadhabu, hasira, yolinga, mbishi, ameziangusha",,,,,,,,,,,,,,,,,,,,,
hbo:5679,"vuk, pigo, vivukoni, mwefraimu, mpit",,,,,,,,,,,,,,,,,,,,,
hbo:5680,"waebrania, mwebrania, kiebrania",,,,,,,,,,,,,,,,,,,,,
hbo:5682,"abarimu, ukalie, upalize",,,,,,,,,,,,,,,,,,,,,
hbo:5683,ebroni,,,,,,,,,,,,,,,,,,,,,
hbo:5684,abrona,,,,,,,,,,,,,,,,,,,,,
hbo:5685,,"hawajulikani, mabohari",,,,,,,,,,,,,,,,,,,,
hbo:5687,"jan, jani, taw, minene, vifukizi",,,,,,,,,,,,,,,,,,,,,
hbo:5688,"kamb, mikufu, and, fung, pwan",,,,,,,,,,,,,,,,,,,,,
hbo:5689,,"pendele, wapenzi, tama, wajavyo",,,,,,,,,,,,,,,,,,,,
hbo:5691,"pendele, wapenzi, tama, wajavyo",,,,,,,,,,,,,,,,,,,,,
hbo:5692,"mkat, mikate, nidhihak, lowa, fanyizi",,,,,,,,,,,,,,,,,,,,,
hbo:5693,"koikoi, vyoli, niliomboleza",,,,,,,,,,,,,,,,,,,,,
hbo:5694,"pete, kuk, mhur, herini, mihuri",,,,,,,,,,,,,,,,,,,,,
hbo:5695,"ndam, -ng'omb, kuweko, wapandi",,,,,,,,,,,,,,,,,,,,,
hbo:5696,"ringa, mviringo, viringa, mashikio",,,,,,,,,,,,,,,,,,,,,
hbo:5697,"ng'ombe, ndam, mtamba, jike, wanono, eglath-shelishia, wanatoa",,,,,,,,,,,,,,,,,,,,,
hbo:5698,egla,,,,,,,,,,,,,,,,,,,,,
hbo:5699,"gari, gar, uliwa, achoma, mchuku",,,,,,,,,,,,,,,,,,,,,
hbo:5700,egloni,,,,,,,,,,,,,,,,,,,,,
hbo:5700a,egloni,,,,,,,,,,,,,,,,,,,,,
hbo:5701,,"huzuni, ili, chukulia, vumili, stahimil",,,,,,,,,,,,,,,,,,,,
hbo:5702,,,"zui, jishuruti, jitambuli",,,,,,,,,,,,,,,,,,,
hbo:5704,"hata, hadi, mpaka, wake, fiki",,,,,,,,,,,,,,,,,,,,,
hbo:5706,"nyar, mateka, yang, nyang'any, pat",,,,,,,,,,,,,,,,,,,,,
hbo:5707,"shuhudi, shahid, ushuhuda, shuhuda, ushahidi",,,,,,,,,,,,,,,,,,,,,
hbo:5710a,,"wap, pew, wek, akampa, wati, uzur, pamb, mwabuduni, lipa, jipambe",,,,,,,,,,,,,"pit, vuk, pita, piti, endele",,,"pit, vuk, pita, piti, endele",,,,
hbo:5711,ada,,,,,,,,,,,,,,,,,,,,,
hbo:5713,"shuhudi, shahid, ushuhuda, shuhuda, ushahidi",,,,,,,,,,,,,,,,,,,,,
hbo:5714,ido,,,,,,,,,,,,,,,,,,,,,
hbo:5714a,ido,,,,,,,,,,,,,,,,,,,,,
hbo:5715,"shuhudi, shahid, ushuhuda, shuhuda, ushahidi, nyinyoro, yung, yungiyungi, maua",,,,,,,,,,,,,,,,,,,,,
hbo:5716,"pamb, akazipamba, zimeota, vuen, wakavua",,,,,,,,,,,,,,,,,,,,,
hbo:5717,adieli,,,,,,,,,,,,,,,,,,,,,
hbo:5718,"adaya, ido",,,,,,,,,,,,,,,,,,,,,
hbo:5720,adini,,,,,,,,,,,,,,,,,,,,,
hbo:5721,adin,,,,,,,,,,,,,,,,,,,,,
hbo:5723,adithaimu,,,,,,,,,,,,,,,,,,,,,
hbo:5724,adlai,,,,,,,,,,,,,,,,,,,,,
hbo:5725,adulamu,,,,,,,,,,,,,,,,,,,,,
hbo:5726,"mwadulami, aipate",,,,,,,,,,,,,,,,,,,,,
hbo:5728,"hata, hadi, mpaka, wake, fiki",,,,,,,,,,,,,,,,,,,,,
hbo:5729,"edeni, adeni, adini",,,,,,,,,,,,,,,,,,,,,
hbo:5730a,"anas, kitamu, tunu, mrud, pend, pendez, furahi, furaha, tak",,,,,,,,,,,,,,,,,,,,,
hbo:5731,"edeni, adeni, adini",,,,,,,,,,,,,,,,,,,,,
hbo:5731a,"edeni, adeni, adini",,,,,,,,,,,,,,,,,,,,,
hbo:5732,"anas, kitamu, tunu, mrud, pend, pendez, furahi, furaha, tak",,,,,,,,,,,,,,,,,,,,,
hbo:5733,adna,,,,,,,,,,,,,,,,,,,,,
hbo:5734,adna,,,,,,,,,,,,,,,,,,,,,
hbo:5735,"aroeri, upeleleze, toroka",,,,,,,,,,,,,,,,,,,,,
hbo:5736,,"sali, bak, wengine, baki, mabaki",,,,,"sali, bak, wengine, baki, mabaki",,,,,,,,,,,,,,,
hbo:5738,ederi,,,,,,,,,,,,,,,,,,,,,
hbo:5739,"kondoo, kund, wanyama, mifugo, kike",,,,,,,,,,,,,,,,,,,,,
hbo:5741,adrieli,,,,,,,,,,,,,,,,,,,,,
hbo:5742,deng,,,,,,,,,,,,,,,,,,,,,
hbo:5743,,,,,,,ameutupa,,,,,,,,,,,,,,,
hbo:5744,obedi,,,,,,,,,,,,,,,,,,,,,
hbo:5745,obali,,,,,,,,,,,,,,,,,,,,,
hbo:5747,ogu,,,,,,,,,,,,,,,,,,,,,
hbo:5748,"zaburi, zeze, muziki, ala, nand",,,,,,,,,,,,,,,,,,,,,
hbo:5749a,,,,"rud, rudi, rudish, reje, tena, shuhudi, shahid, ushuhuda, shuhuda, ushahidi",,"rud, rudi, rudish, reje, tena, shuhudi, shahid, ushuhuda, shuhuda, ushahidi","rud, rudi, rudish, reje, tena, shuhudi, shahid, ushuhuda, shuhuda, ushahidi","rud, rudi, rudish, reje, tena, shuhudi, shahid, ushuhuda, shuhuda, ushahidi",,,,,,,,,,,,,,
hbo:5750,"tena, bado, alipokuwa, sasa, mwingine",,,,,,,,,,,,,,,,,,,,,
hbo:5752,odedi,,,,,,,,,,,,,,,,,,,,,
hbo:5753,,"uovu, maov, adhabu, poto, ubatili, sokot, uchungu, ukaidi, tosh","uovu, maov, adhabu, poto, ubatili, sokot, uchungu, ukaidi, tosh","uovu, maov, adhabu, poto, ubatili, sokot, uchungu, ukaidi, tosh",,,"uovu, maov, adhabu, poto, ubatili, sokot, uchungu, ukaidi, tosh",,,,,,,,,,,,,,,
hbo:5754,"harib, anga, haribik, nyar, haribi",,,,,,,,,,,,,,,,,,,,,
hbo:5756,,"kimbili, tumain, kimbilia, bien, chini",,,,,"kimbili, tumain, kimbilia, bien, chini",,,,,,,,,,,,,,,
hbo:5760,"wadogo, yupo, wato, udhalimu, wasi, uovu, dhalimu, dhuluma",,,,,,,,,,,,,,,,,,,,,
hbo:5762,avithi,,,,,,,,,,,,,,,,,,,,,
hbo:5763,,"tunz, kitu, mambo, lele, hujali",,,,,,,,,,,,,,,,,,,,
hbo:5765,,,,"udhalimu, wasi, uovu, dhalimu, dhuluma",,,,,,,,,,,,,,,,,,
hbo:5766,"uovu, yasiyo, udhalimu, maov, dhuluma",,,,,,,,,,,,,,,,,,,,,
hbo:5767,"udhalimu, wasi, uovu, dhalimu, dhuluma",,,,,,,,,,,,,,,,,,,,,
hbo:5768,"acha, watoto, kitoto, wadogo, hurumi",,,,,,,,,,,,,,,,,,,,,
hbo:5769,"milele, daim, aman, kale, zot",,,,,,,,,,,,,,,,,,,,,
hbo:5770a,,"mlinzi, lind, walinzi, shik, angali",,,,,,,,,,,,,,,,,,,,
hbo:5774,,"ruka, ruk, ndeg, ningeruka, inzi, giza, gizani, pofu, mweusi, weus",,"ruka, ruk, ndeg, ningeruka, inzi, giza, gizani, pofu, mweusi, weus",,"ruka, ruk, ndeg, ningeruka, inzi, giza, gizani, pofu, mweusi, weus","ruka, ruk, ndeg, ningeruka, inzi, giza, gizani, pofu, mweusi, weus",,,,,,,,,,,,,,,
hbo:5774a,"ruka, ruk, ndeg, ningeruka, inzi, giza, gizani, pofu, mweusi, weus",,,,,,,,,,,,,,,,,,,,,
hbo:5775,"ndeg, angani, baw, shomor, mbayuwayu",,,,,,,,,,,,,,,,,,,,,
hbo:5779,,"tak, pend, kusudi, shaur, azim",,,,,,,,,,,,,,,,,,,,
hbo:5780,"usi, uzi",,,,,,,,,,,,,,,,,,,,,
hbo:5780a,"usi, uzi",,,,,,,,,,,,,,,,,,,,,
hbo:5781,,"lemea, loja",,,,,"lemea, loja",,,,,,,,,,,,,,,
hbo:5782,,"amsh, amka, inu, choche, amk","amsh, amka, inu, choche, amk","amsh, amka, inu, choche, amk",,"amsh, amka, inu, choche, amk","amsh, amka, inu, choche, amk",,,,,,,,,,,,,,,
hbo:5785,"ngoz, nguo, via",,,,,,,,,,,,,,,,,,,,,
hbo:5786,,,,"pof, pofu, upof, wasioona, mpofu",,,,,,,,,,,,,,,,,,
hbo:5787,"pof, pofu, upof, wasioona, mpofu",,,,,,,,,,,,,,,,,,,,,
hbo:5788,"pof, pofu, upof, wasioona, mpofu",,,,,,,,,,,,,,,,,,,,,
hbo:5788a,"pof, pofu, upof, wasioona, mpofu",,,,,,,,,,,,,,,,,,,,,
hbo:5789,,"saidi, msaada, msaidizi, faid, saidia",,,,,,,,,,,,,,,,,,,,
hbo:5791,,,,"poto, sokot, uchungu, ukaidi, tosh","poto, sokot, uchungu, ukaidi, tosh","poto, sokot, uchungu, ukaidi, tosh",,,,,,,,,,,,,,,,
hbo:5792,"onew, one, dhulum, waon, wone",,,,,,,,,,,,,,,,,,,,,
hbo:5793,uthai,,,,,,,,,,,,,,,,,,,,,
hbo:5794,"nguvu, hodari, wez, wenye, shind",,,,,,,,,,,,,,,,,,,,,
hbo:5795,"mbuz, beber, mwit",,,,,,,,,,,,,,,,,,,,,
hbo:5797,"nguvu, jeshi, uwez, shik, hodari",,,,,,,,,,,,,,,,,,,,,
hbo:5798,uza,,,,,,,,,,,,,,,,,,,,,
hbo:5799,azazeli,,,,,,,,,,,,,,,,,,,,,
hbo:5800,,"ach, kan, achw, ondok, acha, upya, ukaw, rudi, mzim, yuaj, anga, harib, pote, haribik, ukiwa","ach, kan, achw, ondok, acha, upya, ukaw, rudi, mzim, yuaj, anga, harib, pote, haribik, ukiwa",,"ach, kan, achw, ondok, acha, upya, ukaw, rudi, mzim, yuaj, anga, harib, pote, haribik, ukiwa",,,,,,,,,,,,,,,,,
hbo:5800a,,"ach, kan, achw, ondok, acha, upya, ukaw, rudi, mzim, yuaj",,,,,,,,,,,,,,,,,,,,
hbo:5802,azbuki,,,,,,,,,,,,,,,,,,,,,
hbo:5803,azgadi,,,,,,,,,,,,,,,,,,,,,
hbo:5804,"gaza, jij",,,,,,,,,,,,,,,,,,,,,
hbo:5806,azuba,,,,,,,,,,,,,,,,,,,,,
hbo:5807,"nguvu, jeshi, uwez, shik, hodari",,,,,,,,,,,,,,,,,,,,,
hbo:5808,"shuja, nguvu, hodari, uwez, wenye",,,,,,,,,,,,,,,,,,,,,
hbo:5809,azuri,,,,,,,,,,,,,,,,,,,,,
hbo:5810,,"nguvu, hodari, wez, wenye, shind",,,,,"nguvu, hodari, wez, wenye, shind",,,,,,,,,,,,,,,
hbo:5811,azazi,,,,,,,,,,,,,,,,,,,,,
hbo:5812,azazia,,,,,,,,,,,,,,,,,,,,,
hbo:5813,uzi,,,,,,,,,,,,,,,,,,,,,
hbo:5814,mwashterathi,,,,,,,,,,,,,,,,,,,,,
hbo:5815,uni,,,,,,,,,,,,,,,,,,,,,
hbo:5816,uzieli,,,,,,,,,,,,,,,,,,,,,
hbo:5817,wauzieli,,,,,,,,,,,,,,,,,,,,,
hbo:5818,uzia,,,,,,,,,,,,,,,,,,,,,
hbo:5818a,uzia,,,,,,,,,,,,,,,,,,,,,
hbo:5819,aziza,,,,,,,,,,,,,,,,,,,,,
hbo:5820,"azmawethi, beth-azmawethi",,,,,,,,,,,,,,,,,,,,,
hbo:5821,azani,,,,,,,,,,,,,,,,,,,,,
hbo:5822,"tai, mwew, manyoya, ruka, furukombe",,,,,,,,,,,,,,,,,,,,,
hbo:5823,,,,"chimb, tobo, ng'o, nichimbi, tumbuki",,,,,,,,,,,,,,,,,,
hbo:5825,azeka,,,,,,,,,,,,,,,,,,,,,
hbo:5826,,"saidi, msaada, msaidizi, faid, saidia","saidi, msaada, msaidizi, faid, saidia",,,,"saidi, msaada, msaidizi, faid, saidia",,,,,,,,,,,,,,,
hbo:5828,"saidi, msaada, msaidizi, faid, saidia",,,,,,,,,,,,,,,,,,,,,
hbo:5829,"eseri, ezeri",,,,,,,,,,,,,,,,,,,,,
hbo:5830,ezra,,,,,,,,,,,,,,,,,,,,,
hbo:5832,"azareli, uzieli",,,,,,,,,,,,,,,,,,,,,
hbo:5833,"saidi, msaada, msaidizi, faid, saidia",,,,,,,,,,,,,,,,,,,,,
hbo:5835,"gerezan, fung, walinzi, gerez, husu",,,,,,,,,,,,,,,,,,,,,
hbo:5836,ezri,,,,,,,,,,,,,,,,,,,,,
hbo:5837,azrieli,,,,,,,,,,,,,,,,,,,,,
hbo:5838,"azaria, uzia, seraya, uziaf",,,,,,,,,,,,,,,,,,,,,
hbo:5838a,"azaria, uzia, seraya, uziaf",,,,,,,,,,,,,,,,,,,,,
hbo:5840,azrikamu,,,,,,,,,,,,,,,,,,,,,
hbo:5841,"wagaza, tungoje",,,,,,,,,,,,,,,,,,,,,
hbo:5842,"kalamu, patasi, ujipatie",,,,,,,,,,,,,,,,,,,,,
hbo:5844,,"funik, wavikwe, ajivikalo, sand, avaavyo, shik, kamat, ishi, pat, shika",,,,,"funik, wavikwe, ajivikalo, sand, avaavyo, shik, kamat, ishi, pat, shika",,,,,,,,,,,,,,,
hbo:5844a,,"funik, wavikwe, ajivikalo, sand, avaavyo, shik, kamat, ishi, pat, shika",,,,,,,,,,,,,,,,,,,,
hbo:5845,"kiango, ndoo, kirefu, tone, adhimish",,,,,,,,,,,,,,,,,,,,,
hbo:5846,"chemu, koze, emetu",,,,,,,,,,,,,,,,,,,,,
hbo:5847,popo,,,,,,,,,,,,,,,,,,,,,
hbo:5848,,"ondo, ondole, ach, geuk, ondok, ekuw, yanashangilia, zimi, zimia, hoi, fito, nilipotaka",,,,,,,,,,,,,,,,,,,,
hbo:5848a,,"ondo, ondole, ach, geuk, ondok, ekuw, yanashangilia, zimi, zimia, hoi, fito, nilipotaka","ondo, ondole, ach, geuk, ondok, ekuw, yanashangilia, zimi, zimia, hoi, fito, nilipotaka",,,"ondo, ondole, ach, geuk, ondok, ekuw, yanashangilia, zimi, zimia, hoi, fito, nilipotaka","ondo, ondole, ach, geuk, ondok, ekuw, yanashangilia, zimi, zimia, hoi, fito, nilipotaka",,,,,,,,,,,,,,,
hbo:5848b,"ondo, ondole, ach, geuk, ondok, ekuw, yanashangilia, zimi, zimia, hoi, fito, nilipotaka",,,,,,,,,,,,,,,,,,,,,
hbo:5849,,"zunguk, ndokand, pande, karibu, nison, taji, lovik, uvik, akutia, aionje",,"zunguk, ndokand, pande, karibu, nison, taji, lovik, uvik, akutia, aionje",,,"zunguk, ndokand, pande, karibu, nison, taji, lovik, uvik, akutia, aionje",,,,,,,,,,,,,,,
hbo:5850,"taji, taj, ningejifunga",,,,,,,,,,,,,,,,,,,,,
hbo:5852,atarothi,,,,,,,,,,,,,,,,,,,,,
hbo:5853,ataroth-adari,,,,,,,,,,,,,,,,,,,,,
hbo:5854,"atroth-beth-yoabu, wazori",,,,,,,,,,,,,,,,,,,,,
hbo:5855,atrothi-shofani,,,,,,,,,,,,,,,,,,,,,
hbo:5856,"harib, anga, haribik, nyar, haribi",,,,,,,,,,,,,,,,,,,,,
hbo:5857,"ai, sanyi",,,,,,,,,,,,,,,,,,,,,
hbo:5858,ebali,,,,,,,,,,,,,,,,,,,,,
hbo:5858a,ebali,,,,,,,,,,,,,,,,,,,,,
hbo:5859,iyoni,,,,,,,,,,,,,,,,,,,,,
hbo:5860,,"waje, ziruki",,,,,,,,,,,,,,,,,,,,
hbo:5861,"wakali, mkal, potu, uliw, nikiita",,,,,,,,,,,,,,,,,,,,,
hbo:5862,etamu,,,,,,,,,,,,,,,,,,,,,
hbo:5863,"iye-abarimu, lye-abarimu",,,,,,,,,,,,,,,,,,,,,
hbo:5864,"iyimu, iye-abarimu",,,,,,,,,,,,,,,,,,,,,
hbo:5866,salmoni,,,,,,,,,,,,,,,,,,,,,
hbo:5867,"elamu, waelami",,,,,,,,,,,,,,,,,,,,,
hbo:5869,"macho, machoni, jich, mbele, kuwa, chemchemi, chipu, sim, siman, toke",,,,,,,,,,,,,,,,,,,,,
hbo:5871,aini,,,,,,,,,,,,,,,,,,,,,
hbo:5872,engedi,,,,,,,,,,,,,,,,,,,,,
hbo:5873,enganimu,,,,,,,,,,,,,,,,,,,,,
hbo:5874,endori,,,,,,,,,,,,,,,,,,,,,
hbo:5876,"enhada, remethi",,,,,,,,,,,,,,,,,,,,,
hbo:5877,enhasori,,,,,,,,,,,,,,,,,,,,,
hbo:5878,harodi,,,,,,,,,,,,,,,,,,,,,
hbo:5879,"enaimu, enamu",,,,,,,,,,,,,,,,,,,,,
hbo:5879a,"enaimu, enamu",,,,,,,,,,,,,,,,,,,,,
hbo:5880,enmisfati,,,,,,,,,,,,,,,,,,,,,
hbo:5881,enan,,,,,,,,,,,,,,,,,,,,,
hbo:5882,en-eglaimu,,,,,,,,,,,,,,,,,,,,,
hbo:5883,enrogeli,,,,,,,,,,,,,,,,,,,,,
hbo:5884,enrimoni,,,,,,,,,,,,,,,,,,,,,
hbo:5885,enshemeshi,,,,,,,,,,,,,,,,,,,,,
hbo:5887,tapua,,,,,,,,,,,,,,,,,,,,,
hbo:5888,,"gobu, polepole, ruka, ruk, ndeg, ningeruka, inzi, giza, gizani, pofu, mweusi, weus",,,,,,,,,,,,,,,,,,,,
hbo:5889,"fadhai, zimi, chok, hofu, haraka",,,,,,,,,,,,,,,,,,,,,
hbo:5891,"efa, pim, timilif, pish",,,,,,,,,,,,,,,,,,,,,
hbo:5892,"impate, mji, miji, mjin, mijini, weny",,,,,,,,,,,,,,,,,,,,,
hbo:5892a,"impate, mji, miji, mjin, mijini, weny",,,,,,,,,,,,,,,,,,,,,
hbo:5895,"pund, nyumbu",,,,,,,,,,,,,,,,,,,,,
hbo:5896,ira,,,,,,,,,,,,,,,,,,,,,
hbo:5897,iradi,,,,,,,,,,,,,,,,,,,,,
hbo:5900,iru,,,,,,,,,,,,,,,,,,,,,
hbo:5901,iri,,,,,,,,,,,,,,,,,,,,,
hbo:5902,iramu,,,,,,,,,,,,,,,,,,,,,
hbo:5903,"uchi, utup, wazi, tupu, mwuone",,,,,,,,,,,,,,,,,,,,,
hbo:5906,dubu,,,,,,,,,,,,,,,,,,,,,
hbo:5907,akbori,,,,,,,,,,,,,,,,,,,,,
hbo:5908,buibui,,,,,,,,,,,,,,,,,,,,,
hbo:5909,pany,,,,,,,,,,,,,,,,,,,,,
hbo:5910,aka,,,,,,,,,,,,,,,,,,,,,
hbo:5911,akori,,,,,,,,,,,,,,,,,,,,,
hbo:5912,akani,,,,,,,,,,,,,,,,,,,,,
hbo:5914,"adhibi, kaya",,,,,,,,,,,,,,,,,,,,,
hbo:5915,aksa,,,,,,,,,,,,,,,,,,,,,
hbo:5916,,"fadhai, taab, kazi, dhar, sumbu","fadhai, taab, kazi, dhar, sumbu",,,,,,,,,,,,,,,,,,,
hbo:5917,akani,,,,,,,,,,,,,,,,,,,,,
hbo:5918,"okrani, okirani",,,,,,,,,,,,,,,,,,,,,
hbo:5919,fira,,,,,,,,,,,,,,,,,,,,,
hbo:5921,"juu, kwa, katika, yake, wake","furah, shangili, inuk, tukuz, vun",,,,,,,,,,,,,,,,,,,,
hbo:5921|3963a,"juu, kwa, katika, yake, wake","furah, shangili, inuk, tukuz, vun",,,,,,,,,,,,,,,,,,,,
hbo:5923,"nira, kongwa, miti, usogezwe, mizani",,,,,,,,,,,,,,,,,,,,,
hbo:5924,"ajili, juu, zaidi, kuliko, zid",,,,,,,,,,,,,,,,,,,,,
hbo:5925,ula,,,,,,,,,,,,,,,,,,,,,
hbo:5926,gugumiz,,,,,,,,,,,,,,,,,,,,,
hbo:5927,,"pand, kwe, pandi, kutoka, let","pand, kwe, pandi, kutoka, let",,,"pand, kwe, pandi, kutoka, let","pand, kwe, pandi, kutoka, let","pand, kwe, pandi, kutoka, let",,,,,,,,,,,,,,
hbo:5929,"jan, jani, taw, minene, vifukizi",,,,,,,,,,,,,,,,,,,,,
hbo:5930,"kuteketezwa, sadaka, moto, kafar, songez, pand, kwe, pandi, kutoka, let",,,,,,,,,,,,,,,,,,,,,
hbo:5933,alva,,,,,,,,,,,,,,,,,,,,,
hbo:5935,alvani,,,,,,,,,,,,,,,,,,,,,
hbo:5936,mrub,,,,,,,,,,,,,,,,,,,,,
hbo:5938,ghasia,,,,,,,,,,,,,,,,,,,,,
hbo:5939,"giza, gizani, pofu, mweusi, weus",,,,,,,,,,,,,,,,,,,,,
hbo:5940,"kinuni, mchi",,,,,,,,,,,,,,,,,,,,,
hbo:5941,"eli, kalale, sikukuita",,,,,,,,,,,,,,,,,,,,,
hbo:5942,"ajili, juu, zaidi, kuliko, zid",,,,,,,,,,,,,,,,,,,,,
hbo:5944,"chumba, ghorofani, ghorofa, vyumba, itoshele",,,,,,,,,,,,,,,,,,,,,
hbo:5945a,"juu, aliye, mref, kimo, uref",,,,,,,,,,,,,,,,,,,,,
hbo:5947,"uliokaa, matoazi, jigamb, wekw",,,,,,,,,,,,,,,,,,,,,
hbo:5948,tanuri,,,,,,,,,,,,,,,,,,,,,
hbo:5949,"matendo, wapatili, zushi, wayakunjue, wameharibu",,,,,,,,,,,,,,,,,,,,,
hbo:5950,"kazi, matendo, fund, wake, umb",,,,,,,,,,,,,,,,,,,,,
hbo:5953,,,,"dhihak, nidhihak, yemtend, niliyotendwa, yotend, okot, wataokota, mchuma, dhara, chek, mzah, dhihaka, sukum, suku, angush, fukuz, msongason","dhihak, nidhihak, yemtend, niliyotendwa, yotend, okot, wataokota, mchuma, dhara, chek, mzah, dhihaka, sukum, suku, angush, fukuz, msongason","dhihak, nidhihak, yemtend, niliyotendwa, yotend, okot, wataokota, mchuma, dhara, chek, mzah, dhihaka, sukum, suku, angush, fukuz, msongason",,"ingi, tok, let, kuj, fik",,,,,,,"ingi, tok, let, kuj, fik",,,"ingi, tok, let, kuj, fik",,,,
hbo:5955,"masazo, ziokotwe, wakati, usivune",,,,,,,,,,,,,,,,,,,,,
hbo:5956,,"fich, ficha, sitiri, siri, bila","fich, ficha, sitiri, siri, bila",,,"fich, ficha, sitiri, siri, bila","fich, ficha, sitiri, siri, bila",,,,,,,,,,,,,,,
hbo:5958,"mtu, jan, kama, mwanadamu, yule",,,,,,,,,,,,,,,,,,,,,
hbo:5959,"chan, jan, mwanamke, jakaz, nawa, alamothi",,,,,,,,,,,,,,,,,,,,,
hbo:5960,almoni,,,,,,,,,,,,,,,,,,,,,
hbo:5962,"elamu, waelami",,,,,,,,,,,,,,,,,,,,,
hbo:5964,alemethi,,,,,,,,,,,,,,,,,,,,,
hbo:5964a,alemethi,,,,,,,,,,,,,,,,,,,,,
hbo:5965,,"furah, furahi, furaha, furahini, salamu","furah, furahi, furaha, furahini, salamu",,,"furah, furahi, furaha, furahini, salamu",,,,,,,,,,,,,,,,
hbo:5967,"upande, ubav, mbavuni, pemb, ubavuni",,,,,,,,,,,,,,,,,,,,,
hbo:5968,,,,,"funik, wavikwe, ajivikalo, sand, avaavyo","funik, wavikwe, ajivikalo, sand, avaavyo",,,,,,,,,,,,,,,,
hbo:5969,"fadhai, zimi, chok, hofu, haraka",,,,,,,,,,,,,,,,,,,,,
hbo:5970,,"furah, furahi, furaha, furahini, salamu",,,,,,,,,,,,,,,,,,,,
hbo:5971,"wa, poto, sita, ili, teg, watu, mataifa, taifa, waende, kabila, jamaa, wake, mkwewe, zaliw, mbar",,,,,,,,,,,,,,,,,,,,,
hbo:5973,"pamoja, kwa, baada, naye, nao, kwako, vyomwondole, aondoke",,,,,,,,,,,,,,,,,,,,,
hbo:5975,,"simam, wek, simami, amen, simama, tikis, tikisi, tiki, tetemek, kama",,,,,"simam, wek, simami, amen, simama, tikis, tikisi, tiki, tetemek, kama","simam, wek, simami, amen, simama, tikis, tikisi, tiki, tetemek, kama",,,,,,,,,,,,,,
hbo:5977,pao,,,,,,,,,,,,,,,,,,,,,
hbo:5978,"mimi, nami, yangu, sisi, wangu",,,,,,,,,,,,,,,,,,,,,
hbo:5979,"wek, thibiti, imar, tayari, tegeme",,,,,,,,,,,,,,,,,,,,,
hbo:5980,"kand, zao, vile, zui, zib",,,,,,,,,,,,,,,,,,,,,
hbo:5981,uma,,,,,,,,,,,,,,,,,,,,,
hbo:5982,"nguz, miim, jua, mwim, viguzo",,,,,,,,,,,,,,,,,,,,,
hbo:5983,"amoni, waamoni",,,,,,,,,,,,,,,,,,,,,
hbo:5984,"mwamoni, waamoni, amoni, wameuni",,,,,,,,,,,,,,,,,,,,,
hbo:5986,"amosi, amoni",,,,,,,,,,,,,,,,,,,,,
hbo:5987,amoki,,,,,,,,,,,,,,,,,,,,,
hbo:5988,amieli,,,,,,,,,,,,,,,,,,,,,
hbo:5989,amihudi,,,,,,,,,,,,,,,,,,,,,
hbo:5990,amizabadi,,,,,,,,,,,,,,,,,,,,,
hbo:5992,"aminadabu, ishari",,,,,,,,,,,,,,,,,,,,,
hbo:5994,"lind, sana, lindin, fumb, kina",,,,,,,,,,,,,,,,,,,,,
hbo:5995,"and, konz, msonge, aokote",,,,,,,,,,,,,,,,,,,,,
hbo:5996,amishadai,,,,,,,,,,,,,,,,,,,,,
hbo:5997,"jirani, rafik, enzi, mwenzake, ambia",,,,,,,,,,,,,,,,,,,,,
hbo:5998,,"kazi, taab, yojishughuli, masumbufu, miza",,,,,,,,,,,,,,,,,,,,
hbo:5999,"fadhai, taab, kazi, dhar, sumbu",,,,,,,,,,,,,,,,,,,,,
hbo:6001a,"taab, uchungu, kazi, jitaabi, jitahid",,,,,,,,,,,,,,,,,,,,,
hbo:6002,"amaleki, waamaleki, mtimilizi",,,,,,,,,,,,,,,,,,,,,
hbo:6003,"mwamaleki, waamaleki, wamewaleta",,,,,,,,,,,,,,,,,,,,,
hbo:6004,,"giza, gizani, pofu, mweusi, weus",,,,,,"giza, gizani, pofu, mweusi, weus",,,,,,,,,,,,,,
hbo:6006,,"chuku, inu, huku, yake, inuli",,,,,"chuku, inu, huku, yake, inuli",,,,,,,,,,,,,,,
hbo:6007,amasia,,,,,,,,,,,,,,,,,,,,,
hbo:6008,amadi,,,,,,,,,,,,,,,,,,,,,
hbo:6009,,"lind, sana, lindin, fumb, kina",,,,,"lind, sana, lindin, fumb, kina",,,,,,,,,,,,,,,
hbo:6010,"bond, bonden, shefela, barar, and",,,,,,,,,,,,,,,,,,,,,
hbo:6011,"lind, sana, lindin, fumb, kina",,,,,,,,,,,,,,,,,,,,,
hbo:6012,"elewe, wamo",,,,,,,,,,,,,,,,,,,,,
hbo:6013,"lind, sana, lindin, fumb, kina",,,,,,,,,,,,,,,,,,,,,
hbo:6014a,,,,,,mwib,,,,,,,,,,,,,,,,
hbo:6016,"and, konz, msonge, aokote, pish, omer, kopo",,,,,,,,,,,,,,,,,,,,,
hbo:6016a,"and, konz, msonge, aokote, pish, omer, kopo",,,,,,,,,,,,,,,,,,,,,
hbo:6017,gomora,,,,,,,,,,,,,,,,,,,,,
hbo:6018,omri,,,,,,,,,,,,,,,,,,,,,
hbo:6019,amramu,,,,,,,,,,,,,,,,,,,,,
hbo:6020,waamrami,,,,,,,,,,,,,,,,,,,,,
hbo:6021,"amasa, ambusu",,,,,,,,,,,,,,,,,,,,,
hbo:6022,amasai,,,,,,,,,,,,,,,,,,,,,
hbo:6023,maasai,,,,,,,,,,,,,,,,,,,,,
hbo:6024,anabu,,,,,,,,,,,,,,,,,,,,,
hbo:6025,zabibu,,,,,,,,,,,,,,,,,,,,,
hbo:6026,,,,,"pend, pendez, furahi, furaha, tak","pend, pendez, furahi, furaha, tak",,,,,,,,,,,,,,,,
hbo:6027,"pend, pendez, furahi, furaha, tak",,,,,,,,,,,,,,,,,,,,,
hbo:6028,"mwororo, ulaini",,,,,,,,,,,,,,,,,,,,,
hbo:6030,,"wakaao, oka, akakaa, kuka, mkaa, jib, akajibu, itiki, shuhudi, itik, imba, imb, mwimbieni, imbi, imbeni","wakaao, oka, akakaa, kuka, mkaa, jib, akajibu, itiki, shuhudi, itik, imba, imb, mwimbieni, imbi, imbeni",,,,"wakaao, oka, akakaa, kuka, mkaa, jib, akajibu, itiki, shuhudi, itik, imba, imb, mwimbieni, imbi, imbeni",,,,,,,,"jib, akajibu, itiki, shuhudi, itik",,,,,,,
hbo:6031,,"abik, maskini, mateso, onew, mnyonge, tesw","abik, maskini, mateso, onew, mnyonge, tesw","abik, maskini, mateso, onew, mnyonge, tesw","abik, maskini, mateso, onew, mnyonge, tesw","abik, maskini, mateso, onew, mnyonge, tesw","abik, maskini, mateso, onew, mnyonge, tesw",,,,,,,,,,,,,,,
hbo:6034,ana,,,,,,,,,,,,,,,,,,,,,
hbo:6035,"maskini, wanyenyekevu, wanyonge, upol, mnyonge",,,,,,,,,,,,,,,,,,,,,
hbo:6036,anubu,,,,,,,,,,,,,,,,,,,,,
hbo:6038,"jinyenyeke, nyenyeke, unyenyekevu, shindw, shind",,,,,,,,,,,,,,,,,,,,,
hbo:6039,"maskini, mateso, onew, mnyonge, tesw",,,,,,,,,,,,,,,,,,,,,
hbo:6040,"maskini, mateso, onew, mnyonge, tesw",,,,,,,,,,,,,,,,,,,,,
hbo:6041,"maskini, mateso, onew, mnyonge, tesw",,,,,,,,,,,,,,,,,,,,,
hbo:6042,"yaasieli, washiriki, uno",,,,,,,,,,,,,,,,,,,,,
hbo:6043,anaya,,,,,,,,,,,,,,,,,,,,,
hbo:6044,animu,,,,,,,,,,,,,,,,,,,,,
hbo:6045,"taab, bahati, poti, shughuli, kututa",,,,,,,,,,,,,,,,,,,,,
hbo:6046,en-gaminu,,,,,,,,,,,,,,,,,,,,,
hbo:6047,waanami,,,,,,,,,,,,,,,,,,,,,
hbo:6048,anameleki,,,,,,,,,,,,,,,,,,,,,
hbo:6049,,,,"wing, wingun, giza, nene, mbinguni, acha, buz, uganga, pepo, bashir",,,,,,,,,,,,,,,,,,
hbo:6051,"wing, wingun, giza, nene, mbinguni",,,,,,,,,,,,,,,,,,,,,
hbo:6053,"wing, wingun, giza, nene, mbinguni",,,,,,,,,,,,,,,,,,,,,
hbo:6054,anani,,,,,,,,,,,,,,,,,,,,,
hbo:6055,anania,,,,,,,,,,,,,,,,,,,,,
hbo:6055a,anania,,,,,,,,,,,,,,,,,,,,,
hbo:6057,"taw, mwanzi, tawi, chipukiz, mianzi",,,,,,,,,,,,,,,,,,,,,
hbo:6058,kaza,,,,,,,,,,,,,,,,,,,,,
hbo:6059,,"mkuf, mikufu",,,,,"mkuf, mikufu",,,,,,,,,,,,,,,
hbo:6060,"shingo, shingoni, sog, wanipe, hutaki, mkuf, mikufu",,,,,,,,,,,,,,,,,,,,,
hbo:6061,anaki,,,,,,,,,,,,,,,,,,,,,
hbo:6062,"waanaki, warefu",,,,,,,,,,,,,,,,,,,,,
hbo:6063,aneri,,,,,,,,,,,,,,,,,,,,,
hbo:6063a,aneri,,,,,,,,,,,,,,,,,,,,,
hbo:6064,,"liw, amiz, adhabu, umi, adhib","liw, amiz, adhabu, umi, adhib",,,,,,,,,,,,,,,,,,,
hbo:6066,"tajir, mali, jir, wing, unon",,,,,,,,,,,,,,,,,,,,,
hbo:6067,anathi,,,,,,,,,,,,,,,,,,,,,
hbo:6068,anathothi,,,,,,,,,,,,,,,,,,,,,
hbo:6068a,anathothi,,,,,,,,,,,,,,,,,,,,,
hbo:6069,"mwanathothi, mkeme",,,,,,,,,,,,,,,,,,,,,
hbo:6070,anthothiya,,,,,,,,,,,,,,,,,,,,,
hbo:6071,"diva, mvinyo, rib, shinikiz, zabibu",,,,,,,,,,,,,,,,,,,,,
hbo:6072,,"dhik, mateso, ban, aoneaye, song",,,,,,,,,,,,,,,,,,,,
hbo:6074,"taw, mwanzi, tawi, chipukiz, mianzi",,,,,,,,,,,,,,,,,,,,,
hbo:6075,,,,,"jipu, vimb, jip, kufura, hain, lele",,"jipu, vimb, jip, kufura, hain, lele",,,,,,,,,,,,,,,
hbo:6077,"ofeli, sameki, ili, lim, lima, mlima, gibea, jip",,,,,,,,,,,,,,,,,,,,,
hbo:6078,"ofni, kefar-amoni",,,,,,,,,,,,,,,,,,,,,
hbo:6079,"macho, machoni, jich, mbele, kuwa",,,,,,,,,,,,,,,,,,,,,
hbo:6081,eferi,,,,,,,,,,,,,,,,,,,,,
hbo:6082,"ayal, wanapaa, wakilisha",,,,,,,,,,,,,,,,,,,,,
hbo:6083,"vumb, mavumbini, udongo, nchi, anga",,,,,,,,,,,,,,,,,,,,,
hbo:6084,ofra,,,,,,,,,,,,,,,,,,,,,
hbo:6084a,ofra,,,,,,,,,,,,,,,,,,,,,
hbo:6085,efroni,,,,,,,,,,,,,,,,,,,,,
hbo:6085a,efroni,,,,,,,,,,,,,,,,,,,,,
hbo:6087a,,"huzuni, mhuzuni, uguz, boleze, uji, zunish, huzuniki, taki, kuua, finyan, mwandali","huzuni, mhuzuni, uguz, boleze, uji, zunish, huzuniki, taki, kuua, finyan, mwandali","huzuni, mhuzuni, uguz, boleze, uji, zunish, huzuniki, taki, kuua, finyan, mwandali",,"huzuni, mhuzuni, uguz, boleze, uji, zunish, huzuniki, taki, kuua, finyan, mwandali","huzuni, mhuzuni, uguz, boleze, uji, zunish, huzuniki, taki, kuua, finyan, mwandali",,,,,,,,,,,,,,,
hbo:6089,"kazi, taab, yojishughuli, masumbufu, miza, vyombo, ila, chombo, kitu, mtungi",,,,,,,,,,,,,,,,,,,,,
hbo:6089a,"kazi, taab, yojishughuli, masumbufu, miza, vyombo, ila, chombo, kitu, mtungi",,,,,,,,,,,,,,,,,,,,,
hbo:6090,"maumivu, huzuni, sikitik, uchungu, majonzi, sanamu, nyag, chon, kitu, zozitumiki",,,,,,,,,,,,,,,,,,,,,
hbo:6090a,"maumivu, huzuni, sikitik, uchungu, majonzi, sanamu, nyag, chon, kitu, zozitumiki",,,,,,,,,,,,,,,,,,,,,
hbo:6091,"sanamu, nyag, chon, kitu, zozitumiki",,,,,,,,,,,,,,,,,,,,,
hbo:6093,"kazi, taab, yojishughuli, masumbufu, miza",,,,,,,,,,,,,,,,,,,,,
hbo:6094,"jerah, pig, uuaj, pigo, yake",,,,,,,,,,,,,,,,,,,,,
hbo:6096,maungoni,,,,,,,,,,,,,,,,,,,,,
hbo:6098,"shaur, ushauri, washauri, mshauri, kusud",,,,,,,,,,,,,,,,,,,,,
hbo:6098a,"shaur, ushauri, washauri, mshauri, kusud",,,,,,,,,,,,,,,,,,,,,
hbo:6099,"shuja, nguvu, hodari, uwez, wenye",,,,,,,,,,,,,,,,,,,,,
hbo:6100,"esion-geberi, ezion-geberi",,,,,,,,,,,,,,,,,,,,,
hbo:6101,,,"mviv, mwepesi, uviv, mwenye, haon",,,,,,,,,,,,,,,,,,,
hbo:6102,"mviv, mwepesi, uviv, mwenye, haon",,,,,,,,,,,,,,,,,,,,,
hbo:6103,"mviv, mwepesi, uviv, mwenye, haon",,,,,,,,,,,,,,,,,,,,,
hbo:6103a,"mviv, mwepesi, uviv, mwenye, haon",,,,,,,,,,,,,,,,,,,,,
hbo:6104,"mviv, mwepesi, uviv, mwenye, haon",,,,,,,,,,,,,,,,,,,,,
hbo:6105,,"ongeze, hodari, utok, fananish, lipish, macho, machoni, jich, mbele, kuwa",,"ongeze, hodari, utok, fananish, lipish, macho, machoni, jich, mbele, kuwa",,,"ongeze, hodari, utok, fananish, lipish, macho, machoni, jich, mbele, kuwa",,,,,,,,,,,,,,,
hbo:6106,"mifupa, mfup, mifupani, iyo, ile",,,,,,,,,,,,,,,,,,,,,
hbo:6107,esemu,,,,,,,,,,,,,,,,,,,,,
hbo:6108,"nguvu, jeshi, uwez, shik, hodari",,,,,,,,,,,,,,,,,,,,,
hbo:6108a,"nguvu, jeshi, uwez, shik, hodari",,,,,,,,,,,,,,,,,,,,,
hbo:6109,"nguvu, jeshi, uwez, shik, hodari",,,,,,,,,,,,,,,,,,,,,
hbo:6111,azmoni,,,,,,,,,,,,,,,,,,,,,
hbo:6113,,"fungw, zuili, zui, zuiw, fung","fungw, zuili, zui, zuiw, fung",,,,,,,,,,,,,,,,,,,
hbo:6114,"ofis, wakuu, mkuu, watumishi, hakim",,,,,,,,,,,,,,,,,,,,,
hbo:6115,"loza, dhili, yajal, alipigwa",,,,,,,,,,,,,,,,,,,,,
hbo:6116,"kanis, kusanyik, mkutano, kusanyi, kusany",,,,,,,,,,,,,,,,,,,,,
hbo:6117,,"hazizuii, chonge, sigin",,"hazizuii, chonge, sigin",,,,,,,,,,,,,,,,,,
hbo:6118,"sababu, wampao, kwaz, umetii, nayo",,,,,,,,,,,,,,,,,,,,,
hbo:6119,"sigin, ameniinulia, hatu, ote, uzifuate",,,,,,,,,,,,,,,,,,,,,
hbo:6121a,"rang, fish, ili, lim, lima, mlima, gibea",,,,,,,,,,,,,,,,,,,,,
hbo:6122,niitieni,,,,,,,,,,,,,,,,,,,,,
hbo:6124,"mili, zielekee",,,,,,,,,,,,,,,,,,,,,
hbo:6125,"dhik, mateso, ban, aoneaye, song",,,,,,,,,,,,,,,,,,,,,
hbo:6126,akubu,,,,,,,,,,,,,,,,,,,,,
hbo:6127,,,,,"poto, sokot, uchungu, ukaidi, tosh",,,,,,,,,,,,,,,,,
hbo:6128,"ukaidi, wakali, zigeuki, njiani, ukorofi",,,,,,,,,,,,,,,,,,,,,
hbo:6129,"ukaidi, wakali, zigeuki, njiani, ukorofi",,,,,,,,,,,,,,,,,,,,,
hbo:6130,zaawani,,,,,,,,,,,,,,,,,,,,,
hbo:6131,,"ng'o, ng'ole, mizizi, yang'o, wang'o, mshipa, kat","ng'o, ng'ole, mizizi, yang'o, wang'o, mshipa, kat","ng'o, ng'ole, mizizi, yang'o, wang'o, mshipa, kat",,,,,,,,,,,,,,,,,,"ng'o, ng'ole, mizizi, yang'o, wang'o"
hbo:6133,"terem, koshuki, ukoo, sikizi, shebarimu",,,,,,,,,,,,,,,,,,,,,
hbo:6135,"tasa, haza, wasiozaa, yeku, huwala",,,,,,,,,,,,,,,,,,,,,
hbo:6137,nge,,,,,,,,,,,,,,,,,,,,,
hbo:6138,ekroni,,,,,,,,,,,,,,,,,,,,,
hbo:6139,"waekroni, wamelileta",,,,,,,,,,,,,,,,,,,,,
hbo:6140,,,"poto, sokot, uchungu, ukaidi, tosh","poto, sokot, uchungu, ukaidi, tosh",,,"poto, sokot, uchungu, ukaidi, tosh",,,,,,,,,,,,,,,
hbo:6141,"poto, sokot, uchungu, ukaidi, tosh",,,,,,,,,,,,,,,,,,,,,
hbo:6142,"mtekoi, ikeshi",,,,,,,,,,,,,,,,,,,,,
hbo:6143,"ukaidi, wakali, zigeuki, njiani, ukorofi",,,,,,,,,,,,,,,,,,,,,
hbo:6144,ari,,,,,,,,,,,,,,,,,,,,,
hbo:6147,eri,,,,,,,,,,,,,,,,,,,,,
hbo:6148,,"mdhamini, rehani, ndish, wao, hakosi",,,,"mdhamini, rehani, ndish, wao, hakosi",,,,,,"anga, changany, lain, nyik, mzit",,,,,"anga, changany, lain, nyik, mzit",,,,,
hbo:6149,,"sasa, fadhal, kusih, omb, basi",,,,,,,,,,,,,,,,,,,,
hbo:6150,,"giza, gizani, pofu, mweusi, weus",,,,,"giza, gizani, pofu, mweusi, weus",,,,,,,,,,,,,,,
hbo:6152,"arabuni, msit, juu, lal, ufunuo, ya",,,,,,,,,,,,,,,,,,,,,
hbo:6153,"jion, usiku, siku",,,,,,,,,,,,,,,,,,,,,
hbo:6154,"anga, fumw, usivae",,,,,,,,,,,,,,,,,,,,,
hbo:6154a,"anga, fumw, usivae",,,,,,,,,,,,,,,,,,,,,
hbo:6155,"mierebi, ukua, tulivitundika, vijitoni",,,,,,,,,,,,,,,,,,,,,
hbo:6156,"tamu, kitamu, matamu, utam, mtam",,,,,,,,,,,,,,,,,,,,,
hbo:6157,"baach, baav, enda, inzi, chenye",,,,,,,,,,,,,,,,,,,,,
hbo:6158,ngur,,,,,,,,,,,,,,,,,,,,,
hbo:6159,orebu,,,,,,,,,,,,,,,,,,,,,
hbo:6160,"araba, barar, jangwa, and, ukam",,,,,,,,,,,,,,,,,,,,,
hbo:6161,"rehani, mafungo, chwa",,,,,,,,,,,,,,,,,,,,,
hbo:6162,"rehani, mafungo, chwa",,,,,,,,,,,,,,,,,,,,,
hbo:6163,"waarabu, mwarabu",,,,,,,,,,,,,,,,,,,,,
hbo:6163a,"waarabu, mwarabu",,,,,,,,,,,,,,,,,,,,,
hbo:6164,abieli,,,,,,,,,,,,,,,,,,,,,
hbo:6165,,"tama, shauku, fukuz, sana, man",,,,,,,,,,,,,,,,,,,,
hbo:6166,aradi,,,,,,,,,,,,,,,,,,,,,
hbo:6166a,aradi,,,,,,,,,,,,,,,,,,,,,
hbo:6168,,,"funuli, funu, mateka, chukuli, chuku","funuli, funu, mateka, chukuli, chuku",,"funuli, funu, mateka, chukuli, chuku","funuli, funu, mateka, chukuli, chuku",,,,,,,,,,,,,,,
hbo:6170,"bustani, bustanini, matuta, shamb",,,,,,,,,,,,,,,,,,,,,
hbo:6171,"pund, nyumbu",,,,,,,,,,,,,,,,,,,,,
hbo:6172,"uchi, utup, wazi, tupu, mwuone",,,,,,,,,,,,,,,,,,,,,
hbo:6174,"uchi, utup, wazi, tupu, mwuone",,,,,,,,,,,,,,,,,,,,,
hbo:6175,"busara, mwerevu, isipate, chak",,,,,,,,,,,,,,,,,,,,,
hbo:6177,"aroeri, upeleleze, toroka",,,,,,,,,,,,,,,,,,,,,
hbo:6178,"ogop, hofu, kumcha, tish, kich",,,,,,,,,,,,,,,,,,,,,
hbo:6179,eri,,,,,,,,,,,,,,,,,,,,,
hbo:6181,"uchi, utup, wazi, tupu, mwuone",,,,,,,,,,,,,,,,,,,,,
hbo:6182,"chachu, chach, mikate, unga, kandi",,,,,,,,,,,,,,,,,,,,,
hbo:6184,"isha, tish, til, waoneao, mwonevu",,,,,,,,,,,,,,,,,,,,,
hbo:6185,"fiw, hana, nyang'any, hawana, wafiwe",,,,,,,,,,,,,,,,,,,,,
hbo:6186,,"pang, tengenez, pamb, anda, tayari, hesab, hama, kima, leny, manufaa",,,,,"pang, tengenez, pamb, anda, tayari, hesab, hama, kima, leny, manufaa",,,,,,,,,,,,,,,
hbo:6187,"hesab, hama, kima, leny, manufaa",,,,,,,,,,,,,,,,,,,,,
hbo:6188,,"tahiri, kuta, tohara, katazo, hayataliwa","tahiri, kuta, tohara, katazo, hayataliwa",,,,,,,,,,,,,,,,,,,
hbo:6189,"tahiri, kuta, tohara, katazo, hayataliwa",,,,,,,,,,,,,,,,,,,,,
hbo:6190,"hiri, tahiri, tahir, tohara, govi",,,,,,,,,,,,,,,,,,,,,
hbo:6191,,"shaur, ushauri, washauri, mshauri, kusud, hila, natafuta, fahamuni",,,,,"shaur, ushauri, washauri, mshauri, kusud, hila, natafuta, fahamuni",,,,,,,,,,,,,,,
hbo:6192,,,"chung, wimb, rund, gof, fung",,,,,,,,,,,,,,,,,,,
hbo:6194,"chung, wimb, rund, gof, fung",,,,,,,,,,,,,,,,,,,,,
hbo:6195,"hila, natafuta, fahamuni",,,,,,,,,,,,,,,,,,,,,
hbo:6196,"miamori, mwaramoni",,,,,,,,,,,,,,,,,,,,,
hbo:6197,erani,,,,,,,,,,,,,,,,,,,,,
hbo:6198,waerani,,,,,,,,,,,,,,,,,,,,,
hbo:6199,asiyadharau,,,,,,,,,,,,,,,,,,,,,
hbo:6200,mwaroeri,,,,,,,,,,,,,,,,,,,,,
hbo:6201,,"dondo, ton, yadondoza, dondoz, manyunyu",,,,,,,,,,,,,,,,,,,,
hbo:6202,,"shingo, shingoni, sog, wanipe, hutaki",,,,,,,,,,,,,,,,,,,,
hbo:6203,"shingo, shingoni, sog, wanipe, hutaki",,,,,,,,,,,,,,,,,,,,,
hbo:6204,"orpa, kimoabu",,,,,,,,,,,,,,,,,,,,,
hbo:6205,"wing, wingun, giza, nene, mbinguni",,,,,,,,,,,,,,,,,,,,,
hbo:6206,,"tetemek, hofu, ogop, fukuz, kwako","tetemek, hofu, ogop, fukuz, kwako",,,,"tetemek, hofu, ogop, fukuz, kwako",,,,,,,,,,,,,,,
hbo:6207,,"tafun, hayapumziki, huguguna",,,,,,,,,,,,,,,,,,,,
hbo:6208,msini,,,,,,,,,,,,,,,,,,,,,
hbo:6209,,"mvu, chun, shambuli, kuvu, kuteka",,"mvu, chun, shambuli, kuvu, kuteka",,"mvu, chun, shambuli, kuvu, kuteka",,,,,,,,,,,,,,,,
hbo:6210,"tand, tandan, godor, lal, malazi",,,,,,,,,,,,,,,,,,,,,
hbo:6211,"nond, mdud, jan, nyas, mororo, mibichi, lanyauka",,,,,,,,,,,,,,,,,,,,,
hbo:6211a,"nond, mdud, jan, nyas, mororo, mibichi, lanyauka",,,,,,,,,,,,,,,,,,,,,
hbo:6211b,dubu,,,,,,,,,,,,,,,,,,,,,
hbo:6212,"jan, mbog, nyas, mime, mmea",,,,,,,,,,,,,,,,,,,,,
hbo:6213,,"fany, tend, fanyi, akafanya, kufanya, dhik, mateso, ban, aoneaye, song","fany, tend, fanyi, akafanya, kufanya, dhik, mateso, ban, aoneaye, song","fany, tend, fanyi, akafanya, kufanya, dhik, mateso, ban, aoneaye, song","fany, tend, fanyi, akafanya, kufanya, dhik, mateso, ban, aoneaye, song",,,,,,,,,,,,,,,,,
hbo:6214,asaheli,,,,,,,,,,,,,,,,,,,,,
hbo:6215,"esau, hifadhi, umetupendaje",,,,,,,,,,,,,,,,,,,,,
hbo:6217,"onew, one, dhulum, waon, wone",,,,,,,,,,,,,,,,,,,,,
hbo:6220,ashvathi,,,,,,,,,,,,,,,,,,,,,
hbo:6221,asieli,,,,,,,,,,,,,,,,,,,,,
hbo:6222,asaya,,,,,,,,,,,,,,,,,,,,,
hbo:6223,"tajir, mali, jir, wing, unon",,,,,,,,,,,,,,,,,,,,,
hbo:6225,,"kali, ghadhabu, hasira, kasirik, waka",,,,,,,,,,,,,,,,,,,,
hbo:6226,"mosh, mvuk, sikuzisahau, yakatili",,,,,,,,,,,,,,,,,,,,,
hbo:6227,"mosh, mvuk, sikuzisahau, yakatili",,,,,,,,,,,,,,,,,,,,,
hbo:6228,ashani,,,,,,,,,,,,,,,,,,,,,
hbo:6230,eseki,,,,,,,,,,,,,,,,,,,,,
hbo:6231,,"onew, one, dhulum, waon, wone",,,"onew, one, dhulum, waon, wone",,,,,,,,,,,,,,,,,
hbo:6232,esheki,,,,,,,,,,,,,,,,,,,,,
hbo:6233,"onew, one, dhulum, waon, wone",,,,,,,,,,,,,,,,,,,,,
hbo:6234,"onew, one, dhulum, waon, wone",,,,,,,,,,,,,,,,,,,,,
hbo:6238,,"tajir, jir, jiri, yejitajiri, tajiri",,,,"tajir, jir, jiri, yejitajiri, tajiri","tajir, jir, jiri, yejitajiri, tajiri",,,,,,,,,,,,,,,
hbo:6239,"tajir, mali, jir, wing, unon",,,,,,,,,,,,,,,,,,,,,
hbo:6242,ishirini,,,,,,,,,,,,,,,,,,,,,
hbo:6243,ishirini,,,,,,,,,,,,,,,,,,,,,
hbo:6244,,"anga, harib, pote, haribik, ukiwa",,,,,,,,,,,,,,,,,,,,
hbo:6247,"ifu, lliyopambwa, iliyonakishiwa",,,,,,,,,,,,,,,,,,,,,
hbo:6248,"waz, busara, fikira, mna, jivikeni",,,,,,,,,,,,,,,,,,,,,
hbo:6249,"kumi, pochukuli",,,,,,,,,,,,,,,,,,,,,
hbo:6251,"ngeze, fyon, atami, kuachi",,,,,,,,,,,,,,,,,,,,,
hbo:6252,"ashtarothi, maashtorethi, mwelekeze",,,,,,,,,,,,,,,,,,,,,
hbo:6253,"milkomu, maashtorethi, kitundi",,,,,,,,,,,,,,,,,,,,,
hbo:6254,mwashterathi,,,,,,,,,,,,,,,,,,,,,
hbo:6255,ashteroth-karnaimu,,,,,,,,,,,,,,,,,,,,,
hbo:6256,"wakati, nyakati, muda, jir, aman",,,,,,,,,,,,,,,,,,,,,
hbo:6257,,,,"azikaaye, jifanyizie",,"azikaaye, jifanyizie",,,,,,,,,,,,,,,,
hbo:6258,"sasa, basi, haya, tangu, huu",,,,,,,,,,,,,,,,,,,,,
hbo:6260,"mbuz, beber, mwit",,,,,,,,,,,,,,,,,,,,,
hbo:6261,"wakati, nyakati, muda, jir, aman",,,,,,,,,,,,,,,,,,,,,
hbo:6262,atai,,,,,,,,,,,,,,,,,,,,,
hbo:6264,"tayari, tengenezw, upo, zite, anda",,,,,,,,,,,,,,,,,,,,,
hbo:6265,athaya,,,,,,,,,,,,,,,,,,,,,
hbo:6266,"kias, udumuo, ubor, adhama, zidi",,,,,,,,,,,,,,,,,,,,,
hbo:6267,"kale, aman, mzee",,,,,,,,,,,,,,,,,,,,,
hbo:6269,athaki,,,,,,,,,,,,,,,,,,,,,
hbo:6270,athlai,,,,,,,,,,,,,,,,,,,,,
hbo:6271,athalia,,,,,,,,,,,,,,,,,,,,,
hbo:6271a,athalia,,,,,,,,,,,,,,,,,,,,,
hbo:6272,,,"wak, tekete, chom, ondo, teketez",,,,,,,,,,,,,,,,,,,
hbo:6273,othni,,,,,,,,,,,,,,,,,,,,,
hbo:6274,othnieli,,,,,,,,,,,,,,,,,,,,,
hbo:6275,,"ndole, chaka, ondole, gomba, ulio",,,,,"ndole, chaka, ondole, gomba, ulio",,,,,,,,,,,,,,,
hbo:6276,"kias, udumuo, ubor, adhama, zidi",,,,,,,,,,,,,,,,,,,,,
hbo:6277,"kiburi, majivuno, kina, umzuie, nidhulum",,,,,,,,,,,,,,,,,,,,,
hbo:6279,,tiwa,tiwa,,,,tiwa,,,,,,,,,,,,,,,
hbo:6281,etheri,,,,,,,,,,,,,,,,,,,,,
hbo:6282a,"sujudi, sujud, abud, msujudie, abudu, yaazania",,,,,,,,,,,,,,,,,,,,,
hbo:6283,"wing, tele, nyingi, wengi, shib",,,,,,,,,,,,,,,,,,,,,
hbo:6285,"upande, ubav, mbavuni, pemb, ubavuni",,,,,,,,,,,,,,,,,,,,,
hbo:6286,,,,"uzur, mzur, utukufu, fahari, tuku, apew",,"uzur, mzur, utukufu, fahari, tuku, apew",,,,,,,,,,,,,,,,
hbo:6286a,,,,"uzur, mzur, utukufu, fahari, tuku, apew",,,,,,,,,,,,,,,,,,
hbo:6287,"lemb, wapewe",,,,,,,,,,,,,,,,,,,,,
hbo:6288,"taw, mwanzi, tawi, chipukiz, mianzi",,,,,,,,,,,,,,,,,,,,,
hbo:6288a,"taw, mwanzi, tawi, chipukiz, mianzi",,,,,,,,,,,,,,,,,,,,,
hbo:6289,nyeupe,,,,,,,,,,,,,,,,,,,,,
hbo:6290,"parani, maoni, meribath-kadeshi, aliangaza, motomoto",,,,,,,,,,,,,,,,,,,,,
hbo:6291,"kuiv, iivayo, wapevusha, yoiv, msim",,,,,,,,,,,,,,,,,,,,,
hbo:6292,"mavi, jaa, jaan, ziuz, uref",,,,,,,,,,,,,,,,,,,,,
hbo:6293,,"anguk, anguki, angush, pig, nao",,,,,"anguk, anguki, angush, pig, nao",,,,,,,,,,,,,,,
hbo:6294,"tuki, bahati",,,,,,,,,,,,,,,,,,,,,
hbo:6295,pagieli,,,,,,,,,,,,,,,,,,,,,
hbo:6296,,,,"fadhai, zimi, chok, hofu, haraka",,,,,,,,,,,,,,,,,,
hbo:6297,"mizoga, mait, mzog, uzik, jinyakuli",,,,,,,,,,,,,,,,,,,,,
hbo:6298,,"kuta, kutan, kuku, amriw, pat","kuta, kutan, kuku, amriw, pat","kuta, kutan, kuku, amriw, pat",,,,,,,,,,,,,,,,,,
hbo:6299,,"kombo, fidi, wakombo, kombole, kukombo","kombo, fidi, wakombo, kombole, kukombo",,,,"kombo, fidi, wakombo, kombole, kukombo","kombo, fidi, wakombo, kombole, kukombo",,,,,,,,,,,,,,
hbo:6300,pedaheli,,,,,,,,,,,,,,,,,,,,,
hbo:6301,pedasuri,,,,,,,,,,,,,,,,,,,,,
hbo:6302,"kombo, fidi, wakombo, kombole, kukombo",,,,,,,,,,,,,,,,,,,,,
hbo:6303,padoni,,,,,,,,,,,,,,,,,,,,,
hbo:6304,"kombo, kisasi, jamaa, kombole, bole",,,,,,,,,,,,,,,,,,,,,
hbo:6305,pedaya,,,,,,,,,,,,,,,,,,,,,
hbo:6306,"kombo, kisasi, jamaa, kombole, bole",,,,,,,,,,,,,,,,,,,,,
hbo:6306a,"kombo, kisasi, jamaa, kombole, bole",,,,,,,,,,,,,,,,,,,,,
hbo:6307,"padan-aramu, padan, nifi, usioe",,,,,,,,,,,,,,,,,,,,,
hbo:6308,,"oko, sali, pony, uniponye, uniokoe",,,,,,,,,,,,,,,,,,,,
hbo:6309,"vyake, uliopo",,,,,,,,,,,,,,,,,,,,,
hbo:6310,"kinywa, midomo, nywan, vinywa, makali, upanga, pang, wemb, mkuk, alan",,,,,,,,,,,,,,,,,,,,,
hbo:6311,"hapa, upande, huku, humu, sasa",,,,,,,,,,,,,,,,,,,,,
hbo:6312,"puva, pua",,,,,,,,,,,,,,,,,,,,,
hbo:6313,,"lege, nimeugua","lege, nimeugua",,,,,,,,,,,,,,,,,,,
hbo:6314,"haliachi, usijipatie, sikom",,,,,,,,,,,,,,,,,,,,,
hbo:6315,,"pumz, pulizi, fukuti, hakosi, tamk",,,,,"pumz, pulizi, fukuti, hakosi, tamk",,,,,,,,,,,,,,,
hbo:6315a,,"pumz, pulizi, fukuti, hakosi, tamk",,,,,,,,,,,,,,,,,,,,
hbo:6316,"putu, puti",,,,,,,,,,,,,,,,,,,,,
hbo:6317,putieli,,,,,,,,,,,,,,,,,,,,,
hbo:6318,potifa,,,,,,,,,,,,,,,,,,,,,
hbo:6319,potifera,,,,,,,,,,,,,,,,,,,,,
hbo:6320,"njum, uwanja, wanj, yerush",,,,,,,,,,,,,,,,,,,,,
hbo:6321,"vyungu, jifanyi",,,,,,,,,,,,,,,,,,,,,
hbo:6322,"pulu, puli",,,,,,,,,,,,,,,,,,,,,
hbo:6322a,"pulu, puli",,,,,,,,,,,,,,,,,,,,,
hbo:6323,,huon,,,,,,,,,,,,,,,,,,,,
hbo:6324,wapuva,,,,,,,,,,,,,,,,,,,,,
hbo:6325,punoni,,,,,,,,,,,,,,,,,,,,,
hbo:6326,"wa, pili, waebrania, shifra, misri",,,,,,,,,,,,,,,,,,,,,
hbo:6327,,"tawany, tawanyi, nyunyi, kata, tapany, ilinde, sonon, chemchemi, itiririkayo, bubuji, jit, vunja, vunjik, pond, vunj, gonga, utawanyiko, ene, mlio, tweke","tawany, tawanyi, nyunyi, kata, tapany, ilinde, sonon, chemchemi, itiririkayo, bubuji, jit, vunja, vunjik, pond, vunj, gonga, utawanyiko, ene, mlio, tweke",,,,"tawany, tawanyi, nyunyi, kata, tapany, ilinde, sonon, chemchemi, itiririkayo, bubuji, jit, vunja, vunjik, pond, vunj, gonga, utawanyiko, ene, mlio, tweke",,,,,,,,,,,,,,,
hbo:6329,,"mezw, ukimpa, ajipatia, usiifanikishe, aona, aonaye",,,,,"mezw, ukimpa, ajipatia, usiifanikishe, aona, aonaye",,,,,,,,,,,,,,,
hbo:6330,"kwaz, jikwa, anguk, angush, miongoni",,,,,,,,,,,,,,,,,,,,,
hbo:6331,,,,,,,"vunj, vunjik, pasu, vunja, meg",,,,,,,,,,,,,,,
hbo:6332,"purimu, puri, yathibiti, zisikome",,,,,,,,,,,,,,,,,,,,,
hbo:6333,"shinikiz, pipa",,,,,,,,,,,,,,,,,,,,,
hbo:6334,poratha,,,,,,,,,,,,,,,,,,,,,
hbo:6335,,"ruk, ruka, oute, mnalia, furahieni, tawany, tawanyi, nyunyi, kata, tapany","ruk, ruka, oute, mnalia, furahieni, tawany, tawanyi, nyunyi, kata, tapany",,,,,,,,,,,,,,,,,,,
hbo:6336,waithri,,,,,,,,,,,,,,,,,,,,,
hbo:6337,"safi, bora, adimi, walinganao, anik",,,,,,,,,,,,,,,,,,,,,
hbo:6339,,ukakaa,,ukakaa,,,,,,,,,,,,,,,,,,
hbo:6340,,"tawany, tawanyi, nyunyi, kata, tapany","tawany, tawanyi, nyunyi, kata, tapany","tawany, tawanyi, nyunyi, kata, tapany","tawany, tawanyi, nyunyi, kata, tapany",,,,,,,,,,,,,,,,,
hbo:6341,"mteg, mitego, tanz, nasw, mtegoni, ifu, lliyopambwa, iliyonakishiwa",,,,,,,,,,,,,,,,,,,,,
hbo:6341a,"mteg, mitego, tanz, nasw, mtegoni, ifu, lliyopambwa, iliyonakishiwa",,,,,,,,,,,,,,,,,,,,,
hbo:6342,,"ogop, hofu, kumcha, tish, kich",,"ogop, hofu, kumcha, tish, kich",,,"ogop, hofu, kumcha, tish, kich",,,,,,,,,,,,,,,
hbo:6343,"ogop, hofu, kumcha, tish, kich",,,,,,,,,,,,,,,,,,,,,
hbo:6345,"ogop, hofu, kumcha, tish, kich",,,,,,,,,,,,,,,,,,,,,
hbo:6346,"wal, hesab, tirshatha, mkoa, wakuu",,,,,,,,,,,,,,,,,,,,,
hbo:6348,,"lolitam, haraka, wakaidi, hafifu, fan",,,,,,,,,,,,,,,,,,,,
hbo:6349,"lolitam, haraka, wakaidi, hafifu, fan",,,,,,,,,,,,,,,,,,,,,
hbo:6350,"lolitam, haraka, wakaidi, hafifu, fan",,,,,,,,,,,,,,,,,,,,,
hbo:6351,,,,,,,ibiw,,,,,,,,,,,,,,,
hbo:6352,"maka, wachi, yawaangukie",,,,,,,,,,,,,,,,,,,,,
hbo:6353,"mfinyanzi, vyozio",,,,,,,,,,,,,,,,,,,,,
hbo:6354,"shim, shimoni, sim, rima, birik",,,,,,,,,,,,,,,,,,,,,
hbo:6355,pahath-moabu,,,,,,,,,,,,,,,,,,,,,
hbo:6356,"kul, kula, wakala, tekete, akal",,,,,,,,,,,,,,,,,,,,,
hbo:6357,"manjano, sawazish",,,,,,,,,,,,,,,,,,,,,
hbo:6358,,"teng, jiten, tengan, gawa, tawanyi, fumbu, funu, fung, fungu, funguliw, huru, uhur, paw, bure, muungwana",,,,,"teng, jiten, tengan, gawa, tawanyi, fumbu, funu, fung, fungu, funguliw, huru, uhur, paw, bure, muungwana",,,,,,,,,,,,,,,
hbo:6360,"nyundo, joh",,,,,,,,,,,,,,,,,,,,,
hbo:6363,"mzaliwa, wazaliwa, kwanza, kubw, fungu",,,,,,,,,,,,,,,,,,,,,
hbo:6363a,"mzaliwa, wazaliwa, kwanza, kubw, fungu",,,,,,,,,,,,,,,,,,,,,
hbo:6365,"msib, aujuaye, patikan",,,,,,,,,,,,,,,,,,,,,
hbo:6367,"pi-hahirothi, hahirothi",,,,,,,,,,,,,,,,,,,,,
hbo:6368,ayarushe,,,,,,,,,,,,,,,,,,,,,
hbo:6369,fikoli,,,,,,,,,,,,,,,,,,,,,
hbo:6370,suri,,,,,,,,,,,,,,,,,,,,,
hbo:6371,ndish,,,,,,,,,,,,,,,,,,,,,
hbo:6372,finehasi,,,,,,,,,,,,,,,,,,,,,
hbo:6373,pinoni,,,,,,,,,,,,,,,,,,,,,
hbo:6374,"meno, pemb, jino, lim, malazi",,,,,,,,,,,,,,,,,,,,,
hbo:6376,pishoni,,,,,,,,,,,,,,,,,,,,,
hbo:6377,pithoni,,,,,,,,,,,,,,,,,,,,,
hbo:6378,"chup, yamimi, jikaze, ufungue",,,,,,,,,,,,,,,,,,,,,
hbo:6379,,,,zungu,,,,,,,,,,,,,,,,,,
hbo:6381,,,"ajab, gumu, miujiza, ondo, staajabi","ajab, gumu, miujiza, ondo, staajabi",,"ajab, gumu, miujiza, ondo, staajabi","ajab, gumu, miujiza, ondo, staajabi",,,,,,,,,,,,,,,
hbo:6382,"ajab, ishara, miujiza, kifani, zoziti",,,,,,,,,,,,,,,,,,,,,
hbo:6383,"la, hayadirikiki",,,,,,,,,,,,,,,,,,,,,
hbo:6384,wapalu,,,,,,,,,,,,,,,,,,,,,
hbo:6385,,,"gawa, gawany, gawi, fitini, gaw","gawa, gawany, gawi, fitini, gaw",,,,,,,,,,,"gawa, gawany, gawi, fitini, gaw",,,,,,,
hbo:6388,"mito, jit, mkondo, mifereji, wawapa",,,,,,,,,,,,,,,,,,,,,
hbo:6389,pelegi,,,,,,,,,,,,,,,,,,,,,
hbo:6390,"mito, jit, mkondo, mifereji, wawapa",,,,,,,,,,,,,,,,,,,,,
hbo:6391,"kusud, mtasitasita, gawa, kasi",,,,,,,,,,,,,,,,,,,,,
hbo:6394,pildashi,,,,,,,,,,,,,,,,,,,,,
hbo:6395,,,"dhihirisha, vyowaten, umbw, jiteuli, yoka",,,,"dhihirisha, vyowaten, umbw, jiteuli, yoka",,,,,,,,,,,,,,,
hbo:6396,palu,,,,,,,,,,,,,,,,,,,,,
hbo:6398,,"shik, ambata, ishi, anda, pasu",,"shik, ambata, ishi, anda, pasu",,,,,,,,,,,"tumiki, kuhan, hudumi, hudum, ibad",,,,,,,
hbo:6400,"sagi, shav, wakampa, uimara, wali",,,,,,,,,,,,,,,,,,,,,
hbo:6401,pilha,,,,,,,,,,,,,,,,,,,,,
hbo:6402,"tumiki, kuhan, hudumi, hudum, ibad",,,,,,,,,,,,,,,,,,,,,
hbo:6403,,"okok, oko, kimbi, pon, okole, wokovu, shind, haufai, endele, wakiwa",,"okok, oko, kimbi, pon, okole, wokovu, shind, haufai, endele, wakiwa",,,"okok, oko, kimbi, pon, okole, wokovu, shind, haufai, endele, wakiwa",,,,,,,,,,,,,,,
hbo:6404,peleti,,,,,,,,,,,,,,,,,,,,,
hbo:6406,palti,,,,,,,,,,,,,,,,,,,,,
hbo:6408,piltai,,,,,,,,,,,,,,,,,,,,,
hbo:6409,paltieli,,,,,,,,,,,,,,,,,,,,,
hbo:6410,pelatia,,,,,,,,,,,,,,,,,,,,,
hbo:6411,pelaya,,,,,,,,,,,,,,,,,,,,,
hbo:6412,"okok, mmoja, sali, mabaki, pon",,,,,,,,,,,,,,,,,,,,,
hbo:6412a,"okok, mmoja, sali, mabaki, pon",,,,,,,,,,,,,,,,,,,,,
hbo:6413,"okok, mmoja, sali, mabaki, pon",,,,,,,,,,,,,,,,,,,,,
hbo:6414,"majaji, mwamuzi, muvy, ngeku, chonge",,,,,,,,,,,,,,,,,,,,,
hbo:6415,"majaji, mwamuzi, muvy, ngeku, chonge",,,,,,,,,,,,,,,,,,,,,
hbo:6416,"majaji, mwamuzi, muvy, ngeku, chonge",,,,,,,,,,,,,,,,,,,,,
hbo:6417,"hukumu, adil, kesi, tekele, mada",,,,,,,,,,,,,,,,,,,,,
hbo:6418,"mtaa, mwan, jeng",,,,,,,,,,,,,,,,,,,,,
hbo:6418a,"mtaa, mwan, jeng",,,,,,,,,,,,,,,,,,,,,
hbo:6420,palali,,,,,,,,,,,,,,,,,,,,,
hbo:6421,pelalia,,,,,,,,,,,,,,,,,,,,,
hbo:6423,"fulani, karibu, lenyewe, hus, mawaziri, mpeloni",,,,,,,,,,,,,,,,,,,,,
hbo:6425,"mizani, nipimwe, auju",,,,,,,,,,,,,,,,,,,,,
hbo:6426,,,,,,"kubwa, staajabuni, waamini, utisho",,,,,,,,,,,,,,,,
hbo:6427,"kubwa, staajabuni, waamini, utisho",,,,,,,,,,,,,,,,,,,,,
hbo:6428,,,,,,"gaaga, gaa-ga, ujivike",,,,,,,,,,,,,,,,
hbo:6429,"filisti, ufilisti, filistia, fira",,,,,,,,,,,,,,,,,,,,,
hbo:6430,"wafilisti, mfilisti",,,,,,,,,,,,,,,,,,,,,
hbo:6431,pelethi,,,,,,,,,,,,,,,,,,,,,
hbo:6432,"wapelethi, mofisa",,,,,,,,,,,,,,,,,,,,,
hbo:6433,"kinywa, vinywa, nywan, lile, ribu",,,,,,,,,,,,,,,,,,,,,
hbo:6435,"asij, wasije, usij, nisije, kwamba",,,,,,,,,,,,,,,,,,,,,
hbo:6436,"mtam, kilete, mwache, iok",,,,,,,,,,,,,,,,,,,,,
hbo:6437,,"geuk, zunguk, geuki, geuz, tazam, pembeni, pemb, geuka, minara, karibieni",,"geuk, zunguk, geuki, geuz, tazam, pembeni, pemb, geuka, minara, karibieni",,,"geuk, zunguk, geuki, geuz, tazam, pembeni, pemb, geuka, minara, karibieni","geuk, zunguk, geuki, geuz, tazam, pembeni, pemb, geuka, minara, karibieni",,,,,,,,,,,,,,
hbo:6438,"pembeni, pemb, geuka, minara, karibieni",,,,,,,,,,,,,,,,,,,,,
hbo:6439,"penieli, penueli, nimeonana",,,,,,,,,,,,,,,,,,,,,
hbo:6439a,"penieli, penueli, nimeonana",,,,,,,,,,,,,,,,,,,,,
hbo:6440,"mbele, uso, sababu, nyus, kabl, eleke, kabil, machoni",,,,,,,,,,,,,,,,,,,,,
hbo:6441,"ndani, atie, tumeisafisha",,,,,,,,,,,,,,,,,,,,,
hbo:6442,"ndani, yeti, iliyo, yumo, usal",,,,,,,,,,,,,,,,,,,,,
hbo:6443,marijani,,,,,,,,,,,,,,,,,,,,,
hbo:6444,penina,,,,,,,,,,,,,,,,,,,,,
hbo:6445,,,,amwendekezaye,,,,,,,,,,,,,,,,,,
hbo:6446,ndef,,,,,,,,,,,,,,,,,,,,,
hbo:6448,,,,"end, akaenda, shuk, nend, tok",,,,,,,,,,,,,,,,,,
hbo:6449,"pisga, sofimu",,,,,,,,,,,,,,,,,,,,,
hbo:6451,"wing, tele, nyingi, wengi, shib",,,,,,,,,,,,,,,,,,,,,
hbo:6452,,"pit, vuk, pita, piti, endele, achechemeaye, checheme, mfuateni, tenge, mzuki","pit, vuk, pita, piti, endele, achechemeaye, checheme, mfuateni, tenge, mzuki","pit, vuk, pita, piti, endele, achechemeaye, checheme, mfuateni, tenge, mzuki",,,,,,,,,,,,,,,,,,
hbo:6453,"pasaka, mfanyieni, waadhimishe",,,,,,,,,,,,,,,,,,,,,
hbo:6454,pasea,,,,,,,,,,,,,,,,,,,,,
hbo:6455,"wet, lem, wachechemeao, mguu, kiguru",,,,,,,,,,,,,,,,,,,,,
hbo:6456,"sanamu, nyag, chon, kitu, zozitumiki",,,,,,,,,,,,,,,,,,,,,
hbo:6457,pasaki,,,,,,,,,,,,,,,,,,,,,
hbo:6458,,"chimb, chon, waashi, chong, wachonga",,,,,,,,,,,,,,,,,,,,
hbo:6459,"sanamu, nyag, chon, kitu, zozitumiki",,,,,,,,,,,,,,,,,,,,,
hbo:6460,"nub, nand, ustadi, futie",,,,,,,,,,,,,,,,,,,,,
hbo:6461,,tuokoe,,,,,,,,,,,,,,,,,,,,
hbo:6462,pispa,,,,,,,,,,,,,,,,,,,,,
hbo:6463,,"kuugua, ugu, kite, jeruhi, tuli",,,,,,,,,,,,,,,,,,,,
hbo:6464,pau,,,,,,,,,,,,,,,,,,,,,
hbo:6465,"peori, haututoshi",,,,,,,,,,,,,,,,,,,,,
hbo:6466,,"nitege, kazi, matendo, tend, fany, enda",,,,,,,,,,,,,,,,,,,,
hbo:6467,"kazi, matendo, tend, fany, enda",,,,,,,,,,,,,,,,,,,,,
hbo:6468,"ujir, hawa, mshahara, malipo, ijar",,,,,,,,,,,,,,,,,,,,,
hbo:6469,peulethai,,,,,,,,,,,,,,,,,,,,,
hbo:6470,,"fadhai, taab, kazi, dhar, sumbu","fadhai, taab, kazi, dhar, sumbu",,,"fadhai, taab, kazi, dhar, sumbu",,,,,,,,,,,,,,,,
hbo:6471,"mara, pig, wakati, pigw, pond",,,,,,,,,,,,,,,,,,,,,
hbo:6472,njug,,,,,,,,,,,,,,,,,,,,,
hbo:6473,,"fumbu, funu, fung, fungu, funguliw",,,,,,,,,,,,,,,,,,,,
hbo:6474,mwarbi,,,,,,,,,,,,,,,,,,,,,
hbo:6475,,"fumbu, funu, fung, fungu, funguliw",,,,,,,,,,,,,,,,,,,,
hbo:6476,,"okok, oko, kimbi, pon, okole",,,,,,,,,,,,,,,,,,,,
hbo:6476a,,,,"okok, oko, kimbi, pon, okole",,,,,,,,,,,,,,,,,,
hbo:6477,"tindiki, kuno",,,,,,,,,,,,,,,,,,,,,
hbo:6478,,,,"ziba, viringa",,,,,,,,,,,,,,,,,,
hbo:6479,mwaramoni,,,,,,,,,,,,,,,,,,,,,
hbo:6480,,"pasu, gawa, teng, faraka, upaponye",,,,,,,,,,,,,,,,,,,,
hbo:6481,,"jerah, pig, uuaj, pigo, yake",,,,,,,,,,,,,,,,,,,,
hbo:6482,"jerah, pig, uuaj, pigo, yake",,,,,,,,,,,,,,,,,,,,,
hbo:6484,,"dhik, mateso, ban, aoneaye, song",,,,,"dhik, mateso, ban, aoneaye, song",,,,,,,,,,,,,,,
hbo:6485,,"hesabi, hesab, wek, adhib, patili, juml","hesabi, hesab, wek, adhib, patili, juml","hesabi, hesab, wek, adhib, patili, juml","hesabi, hesab, wek, adhib, patili, juml","hesabi, hesab, wek, adhib, patili, juml","hesabi, hesab, wek, adhib, patili, juml","hesabi, hesab, wek, adhib, patili, juml",,,,,,,,,,,,,,
hbo:6486,"liw, amiz, adhabu, umi, adhib",,,,,,,,,,,,,,,,,,,,,
hbo:6487,"ilinde, kuonea, away",,,,,,,,,,,,,,,,,,,,,
hbo:6488,askof,,,,,,,,,,,,,,,,,,,,,
hbo:6489,pekodi,,,,,,,,,,,,,,,,,,,,,
hbo:6490,"mausia, agiz, huyatia, tuyatii",,,,,,,,,,,,,,,,,,,,,
hbo:6491,,"fumbu, funu, fung, fungu, funguliw","fumbu, funu, fung, fungu, funguliw",,,,,,,,,,,,,,,,,,,
hbo:6492,"peka, iitabu",,,,,,,,,,,,,,,,,,,,,
hbo:6493,waonao,,,,,,,,,,,,,,,,,,,,,
hbo:6494,"pekahia, hatika",,,,,,,,,,,,,,,,,,,,,
hbo:6496,"mamiz, amiz, askof, watumiki, chunge",,,,,,,,,,,,,,,,,,,,,
hbo:6497,"maboga, pofany, ngomwit",,,,,,,,,,,,,,,,,,,,,
hbo:6499,"ng'ombe, fahal, ndam, wanyama, njek",,,,,,,,,,,,,,,,,,,,,
hbo:6501,"pund, nyumbu",,,,,,,,,,,,,,,,,,,,,
hbo:6502,piramu,,,,,,,,,,,,,,,,,,,,,
hbo:6503,"parbari, huwak",,,,,,,,,,,,,,,,,,,,,
hbo:6504,,"teng, jiten, tengan, gawa, tawanyi","teng, jiten, tengan, gawa, tawanyi","teng, jiten, tengan, gawa, tawanyi","teng, jiten, tengan, gawa, tawanyi","teng, jiten, tengan, gawa, tawanyi","teng, jiten, tengan, gawa, tawanyi",,,,,,,,,,,,,,,
hbo:6505,"pund, nyumbu",,,,,,,,,,,,,,,,,,,,,
hbo:6506,"pund, nyumbu",,,,,,,,,,,,,,,,,,,,,
hbo:6508,"machipuko, viunga, anip",,,,,,,,,,,,,,,,,,,,,
hbo:6509,"uzaz, zaen, kuza, uwe, matunda","uzaz, zaen, kuza, uwe, matunda",,,,,"uzaz, zaen, kuza, uwe, matunda",,,,,,,,,,,,,,,
hbo:6510,"ng'ombe, ndam, mtamba, jike, wanono",,,,,,,,,,,,,,,,,,,,,
hbo:6513,"pura, walinda",,,,,,,,,,,,,,,,,,,,,
hbo:6514,peruda,,,,,,,,,,,,,,,,,,,,,
hbo:6515,parua,,,,,,,,,,,,,,,,,,,,,
hbo:6516,parvaimu,,,,,,,,,,,,,,,,,,,,,
hbo:6517,"sufuri, sufurian, kap, nawi, vyombo",,,,,,,,,,,,,,,,,,,,,
hbo:6518,"wagamadi, sulisul",,,,,,,,,,,,,,,,,,,,,
hbo:6519,"jij, jijin, wal, weny, visivyo",,,,,,,,,,,,,,,,,,,,,
hbo:6520,"jij, jijin, wal, weny, visivyo",,,,,,,,,,,,,,,,,,,,,
hbo:6521,"jij, jijin, wal, weny, visivyo",,,,,,,,,,,,,,,,,,,,,
hbo:6522,"mperizi, waperizi",,,,,,,,,,,,,,,,,,,,,
hbo:6523,"chum, minyororo",,,,,,,,,,,,,,,,,,,,,
hbo:6524,,"chipu, maua, chanu, staw, ikaota, okok, oko, kimbi, pon, okole, ruka, ruk, ndeg, ningeruka, inzi",,,,,"chipu, maua, chanu, staw, ikaota, okok, oko, kimbi, pon, okole, ruka, ruk, ndeg, ningeruka, inzi",,,,,,,,,,,,,,,
hbo:6525,"ua, maua, bamb",,,,,,,,,,,,,,,,,,,,,
hbo:6526,huisukuma,,,,,,,,,,,,,,,,,,,,,
hbo:6528,uyaache,,,,,,,,,,,,,,,,,,,,,
hbo:6529,"matunda, uzao, maza, tund, kuza",,,,,,,,,,,,,,,,,,,,,
hbo:6530,"udhalimu, jeur, nguvu, dhuluma, uharibifu",,,,,,,,,,,,,,,,,,,,,
hbo:6531,"ukal, ngum, mgum, makali, nguvu",,,,,,,,,,,,,,,,,,,,,
hbo:6532,"pazi, anda, tumiwa",,,,,,,,,,,,,,,,,,,,,
hbo:6533,,"raru, bomo, raruli, kat, pasu",,,,,,,,,,,,,,,,,,,,
hbo:6534,parmashta,,,,,,,,,,,,,,,,,,,,,
hbo:6535,parnaki,,,,,,,,,,,,,,,,,,,,,
hbo:6536,,"gawa, gawany, gawi, fitini, gaw",,,,,"gawa, gawany, gawi, fitini, gaw",,,,,,,,,"gawa, gawany, gawi, fitini, gaw, nusu, katikati, sehemu, manane, peresi",,,,,,
hbo:6538,"tai, mwew, manyoya, ruka, furukombe",,,,,,,,,,,,,,,,,,,,,
hbo:6539,"uajemi, waajemi",,,,,,,,,,,,,,,,,,,,,
hbo:6541,"kwat, wat",,,,,,,,,,,,,,,,,,,,,
hbo:6544,,"mkuu, wakuu, ongoz, risasi, let, nywele, lege, kataa, usinidanganye, puuz","mkuu, wakuu, ongoz, risasi, let, nywele, lege, kataa, usinidanganye, puuz",,,,"mkuu, wakuu, ongoz, risasi, let, nywele, lege, kataa, usinidanganye, puuz",,,,,,,,,,,,,,,
hbo:6545,"nywele, nywe, sing, malaika, manyoya, mkuu, wakuu, ongoz, risasi, let",,,,,,,,,,,,,,,,,,,,,
hbo:6547,"farao, asiwape",,,,,,,,,,,,,,,,,,,,,
hbo:6550,"robot, winda",,,,,,,,,,,,,,,,,,,,,
hbo:6551,paroshi,,,,,,,,,,,,,,,,,,,,,
hbo:6552,pirathoni,,,,,,,,,,,,,,,,,,,,,
hbo:6553,mpirathoni,,,,,,,,,,,,,,,,,,,,,
hbo:6554,farpari,,,,,,,,,,,,,,,,,,,,,
hbo:6555,,"vunj, vunjik, pasu, vunja, meg","vunj, vunjik, pasu, vunja, meg",,"vunj, vunjik, pasu, vunja, meg","vunj, vunjik, pasu, vunja, meg",,,,,,,,,,,,,,,,
hbo:6557,"peresi, ifanane",,,,,,,,,,,,,,,,,,,,,
hbo:6558,waperesi,,,,,,,,,,,,,,,,,,,,,
hbo:6559,perasimu,,,,,,,,,,,,,,,,,,,,,
hbo:6561,,"raru, bomo, raruli, kat, pasu",,"raru, bomo, raruli, kat, pasu",,"raru, bomo, raruli, kat, pasu",,,,,,,,,"vunj, vunjik, pasu, vunja, meg",,,,,,,
hbo:6563,"nyar, mateka, yang, nyang'any, pat",,,,,,,,,,,,,,,,,,,,,
hbo:6565,,,,,,,"vunj, vunjik, pasu, vunja, meg, gawa, teng, faraka, upaponye","vunj, vunjik, pasu, vunja, meg, gawa, teng, faraka, upaponye",,,,,,,,,,,,,,
hbo:6565a,,"vunj, vunjik, pasu, vunja, meg, gawa, teng, faraka, upaponye",,"vunj, vunjik, pasu, vunja, meg, gawa, teng, faraka, upaponye",,"vunj, vunjik, pasu, vunja, meg, gawa, teng, faraka, upaponye",,,,,,,,,,,,,,,,
hbo:6566,,"tandik, kunju, nyosh, kuene, tanda","tandik, kunju, nyosh, kuene, tanda","tandik, kunju, nyosh, kuene, tanda",,,,,,,,,,,,,,,,,,
hbo:6567,,"amri, chor, fimb, ya, uadu, chom, tajw, futa, tumbuli, tobo","amri, chor, fimb, ya, uadu, chom, tajw, futa, tumbuli, tobo",,"amri, chor, fimb, ya, uadu, chom, tajw, futa, tumbuli, tobo",,"amri, chor, fimb, ya, uadu, chom, tajw, futa, tumbuli, tobo",,,,,,,,,,"onyw, idhihiri, elez, elew, tetemesh",,,,,
hbo:6569,"mavi, jaa, jaan, ziuz, uref",,,,,,,,,,,,,,,,,,,,,
hbo:6571,"farasi, panda",,,,,,,,,,,,,,,,,,,,,
hbo:6572,"nakala, posom",,,,,,,,,,,,,,,,,,,,,
hbo:6573,"nakala, posom",,,,,,,,,,,,,,,,,,,,,
hbo:6574,"mavi, jaa, jaan, ziuz, uref",,,,,,,,,,,,,,,,,,,,,
hbo:6575,"amri, chor, fimb, ya, uadu",,,,,,,,,,,,,,,,,,,,,
hbo:6576,"tandik, kunju, nyosh, kuene, tanda",,,,,,,,,,,,,,,,,,,,,
hbo:6577,parshandatha,,,,,,,,,,,,,,,,,,,,,
hbo:6578,frati,,,,,,,,,,,,,,,,,,,,,
hbo:6579,"wakuu, wenye, mkuu, waungwana, muungwana",,,,,,,,,,,,,,,,,,,,,
hbo:6580,"umba, ujinga, hauzingatii, hununa",,,,,,,,,,,,,,,,,,,,,
hbo:6581,,"tandik, kunju, nyosh, kuene, tanda",,,,,,,,,,,,,,,,,,,,
hbo:6582,,,,"raru, bomo, raruli, kat, pasu",,,,,,,,,,,,,,,,,,
hbo:6583,pashuri,,,,,,,,,,,,,,,,,,,,,
hbo:6584,,"mvu, chun, shambuli, kuvu, kuteka",,"mvu, chun, shambuli, kuvu, kuteka",,"mvu, chun, shambuli, kuvu, kuteka","mvu, chun, shambuli, kuvu, kuteka",,,,,,,,,,,,,,,
hbo:6586,,"makosa, kosa, kos, wakaasi, nias","makosa, kosa, kos, wakaasi, nias",,,,,,,,,,,,,,,,,,,
hbo:6587,"hatu, daraj, mlima, ngaz, nyay",,,,,,,,,,,,,,,,,,,,,
hbo:6588,"makosa, kosa, kos, wakaasi, nias",,,,,,,,,,,,,,,,,,,,,
hbo:6589,,"fumbu, funu, fung, fungu, funguliw",,"fumbu, funu, fung, fungu, funguliw",,,,,,,,,,,,,,,,,,
hbo:6590,,,,,,,,,,,,,,,"fsir, fasir, fasiri, elez, wafasiri",,"fsir, fasir, fasiri, elez, wafasiri",,,,,
hbo:6592,"fsir, fasir, fasiri, elez, wafasiri",,,,,,,,,,,,,,,,,,,,,
hbo:6593,"tan, amb, katani, la, jifung",,,,,,,,,,,,,,,,,,,,,
hbo:6594,"tan, amb, katani, la, jifung",,,,,,,,,,,,,,,,,,,,,
hbo:6595,"kidogo, tong, mego, komb, kuti",,,,,,,,,,,,,,,,,,,,,
hbo:6596,"bawaba, utosini",,,,,,,,,,,,,,,,,,,,,
hbo:6597,"ghafla, mara, liji, yadhihiri, sil",,,,,,,,,,,,,,,,,,,,,
hbo:6598,"wateule, teul, wazuri, mizuri, miteule",,,,,,,,,,,,,,,,,,,,,
hbo:6599,"amri, agiz, amur, zuili, amriw",,,,,,,,,,,,,,,,,,,,,
hbo:6601,,"mapana, zuiz, watoapo, fumbu, funu, fung, fungu, funguliw","mapana, zuiz, watoapo, fumbu, funu, fung, fungu, funguliw","mapana, zuiz, watoapo, fumbu, funu, fung, fungu, funguliw","mapana, zuiz, watoapo, fumbu, funu, fung, fungu, funguliw",,,,,,,,,,,,,,,,,
hbo:6601a,,,,,,,"mapana, zuiz, watoapo, fumbu, funu, fung, fungu, funguliw",,,,,,,,,,,,,,,
hbo:6602,pethueli,,,,,,,,,,,,,,,,,,,,,
hbo:6603,"chor, nakshi, michoro, maandishi, aliona",,,,,,,,,,,,,,,,,,,,,
hbo:6604,pethori,,,,,,,,,,,,,,,,,,,,,
hbo:6605,,"fumbu, funu, fung, fungu, funguliw, chor, nakshi, michoro, maandishi, aliona","fumbu, funu, fung, fungu, funguliw, chor, nakshi, michoro, maandishi, aliona","fumbu, funu, fung, fungu, funguliw, chor, nakshi, michoro, maandishi, aliona",,"fumbu, funu, fung, fungu, funguliw, chor, nakshi, michoro, maandishi, aliona",,,,,,,,,"fumbu, funu, fung, fungu, funguliw","fumbu, funu, fung, fungu, funguliw",,,,,,
hbo:6605a,,,,"fumbu, funu, fung, fungu, funguliw, chor, nakshi, michoro, maandishi, aliona","fumbu, funu, fung, fungu, funguliw, chor, nakshi, michoro, maandishi, aliona",,,,,,,,,,,,,,,,,
hbo:6607,"lang, pa, ili, peny, ingili",,,,,,,,,,,,,,,,,,,,,
hbo:6608,"fumbu, funu, fung, fungu, funguliw",,,,,,,,,,,,,,,,,,,,,
hbo:6610,"fumbu, funu, fung, fungu, funguliw",,,,,,,,,,,,,,,,,,,,,
hbo:6611,pethahia,,,,,,,,,,,,,,,,,,,,,
hbo:6612,"wajinga, mjinga, nikamtambua, aingie, ujinga",,,,,,,,,,,,,,,,,,,,,
hbo:6614,"joho, vazi, mavazi, wakiwa, loku",,,,,,,,,,,,,,,,,,,,,
hbo:6615,mjinga,,,,,,,,,,,,,,,,,,,,,
hbo:6616,"kamb, mikufu, and, fung, pwan",,,,,,,,,,,,,,,,,,,,,
hbo:6617,,,"poto, sokot, uchungu, ukaidi, tosh",,,"poto, sokot, uchungu, ukaidi, tosh",,,,,,,,,,,,,,,,
hbo:6618,"poto, sokot, uchungu, ukaidi, tosh",,,,,,,,,,,,,,,,,,,,,
hbo:6619,"pithomu, wawatese",,,,,,,,,,,,,,,,,,,,,
hbo:6620,"jok, fira, joka",,,,,,,,,,,,,,,,,,,,,
hbo:6621,"ghafla, mara, liji, yadhihiri, sil",,,,,,,,,,,,,,,,,,,,,
hbo:6622,,"fsir, fasir, fasiri, elez, wafasiri",,,,,,,,,,,,,,,,,,,,
hbo:6623,"fsir, fasir, fasiri, elez, wafasiri",,,,,,,,,,,,,,,,,,,,,
hbo:6624,pathrosi,,,,,,,,,,,,,,,,,,,,,
hbo:6625,wapathrusi,,,,,,,,,,,,,,,,,,,,,
hbo:6626,,"vunj, vunjik, pasu, vunja, meg",,,,,,,,,,,,,,,,,,,,
hbo:6628,"peny, mianzi, mierebi, zunguk, funik",,,,,,,,,,,,,,,,,,,,,
hbo:6629,"kondoo, kund, wanyama, mifugo, kike",,,,,,,,,,,,,,,,,,,,,
hbo:6630,"saanani, shafiri",,,,,,,,,,,,,,,,,,,,,
hbo:6631,"waza, enyi, maza, uzao, zaliwa",,,,,,,,,,,,,,,,,,,,,
hbo:6632,"mafuniko, mjus",,,,,,,,,,,,,,,,,,,,,
hbo:6632a,"mafuniko, mjus",,,,,,,,,,,,,,,,,,,,,
hbo:6633,,"vita, juhudi, rung, kufanya, tishw",,,,,"vita, juhudi, rung, kufanya, tishw",,,,,,,,,,,,,,,
hbo:6635,"jeshi, tan, majeshi, vita, waende",,,,,,,,,,,,,,,,,,,,,
hbo:6636,"seboimu, mapinduko, hazimei",,,,,,,,,,,,,,,,,,,,,
hbo:6638,,"jipu, vimb, jip, kufura, hain",,,,,"jipu, vimb, jip, kufura, hain",,,,,,,,"omp, hump",,,,,,,
hbo:6639,"jipu, vimb, jip, kufura, hain",,,,,,,,,,,,,,,,,,,,,
hbo:6640,"lolote, rajiwa, wez, shtaka, athubutuje",,,,,,,,,,,,,,,,,,,,,
hbo:6641,waleteni,,,,,,,,,,,,,,,,,,,,,
hbo:6642,,"watumishi, mtumishi, tumiki, mtumwa, utumishi",,,,,,,,,,,,,,,,,,,,
hbo:6643,"uzur, mzur, utukufu, fahari, tuku, paa, lung",,,,,,,,,,,,,,,,,,,,,
hbo:6643a,"uzur, mzur, utukufu, fahari, tuku, paa, lung",,,,,,,,,,,,,,,,,,,,,
hbo:6644,malkamu,,,,,,,,,,,,,,,,,,,,,
hbo:6645,sibia,,,,,,,,,,,,,,,,,,,,,
hbo:6646,"paa, lung",,,,,,,,,,,,,,,,,,,,,
hbo:6647,,,,,,,,,,,,"low, ache, darizi, lazimish",,,,,"low, ache, darizi, lazimish",,,,,
hbo:6648,"low, ache, darizi, lazimish",,,,,,,,,,,,,,,,,,,,,
hbo:6649,sibeoni,,,,,,,,,,,,,,,,,,,,,
hbo:6650,seboimu,,,,,,,,,,,,,,,,,,,,,
hbo:6651,,"chung, wimb, rund, gof, fung",,,,,,,,,,,,,,,,,,,,
hbo:6652,"chung, wimb, rund, gof, fung",,,,,,,,,,,,,,,,,,,,,
hbo:6654,"upande, ubav, mbavuni, pemb, ubavuni",,,,,,,,,,,,,,,,,,,,,
hbo:6656,"kusud, akaila, fikira, aitaye, tuju",,,,,,,,,,,,,,,,,,,,,
hbo:6657,sedada,,,,,,,,,,,,,,,,,,,,,
hbo:6658,,"vizi, waviziao, huotea, kuotea, ote, anga, harib, pote, haribik, ukiwa",,,,,,,,,,,,,,,,,,,,
hbo:6658a,,,"vizi, waviziao, huotea, kuotea, ote, anga, harib, pote, haribik, ukiwa",,,,,,,,,,,,,,,,,,,
hbo:6659,sadoki,,,,,,,,,,,,,,,,,,,,,
hbo:6660,"vizi, waviziao, huotea, kuotea, ote",,,,,,,,,,,,,,,,,,,,,
hbo:6661,rakathi,,,,,,,,,,,,,,,,,,,,,
hbo:6662,"haki, kweli, mema, sawasawa, sheria",,,,,,,,,,,,,,,,,,,,,
hbo:6663,,"haki, hesabi, mwenye, ina, ujulikane","haki, hesabi, mwenye, ina, ujulikane","haki, hesabi, mwenye, ina, ujulikane",,"haki, hesabi, mwenye, ina, ujulikane","haki, hesabi, mwenye, ina, ujulikane",,,,,,,,,,,,,,,
hbo:6664,"haki, kweli, mema, sawasawa, sheria",,,,,,,,,,,,,,,,,,,,,
hbo:6666,"haki, kweli, mema, sawasawa, sheria",,,,,,,,,,,,,,,,,,,,,
hbo:6667,"sedekia, kufunuli",,,,,,,,,,,,,,,,,,,,,
hbo:6667a,"sedekia, kufunuli",,,,,,,,,,,,,,,,,,,,,
hbo:6669,manjano,,,,,,,,,,,,,,,,,,,,,
hbo:6670,,"lili, kili, kelel, paz, mlili, ng'a, anga, onekan, toke, angaz",,"lili, kili, kelel, paz, mlili, ng'a, anga, onekan, toke, angaz",,,,,,,,,,,,,,,,,,
hbo:6670a,,,,,,,"lili, kili, kelel, paz, mlili, ng'a, anga, onekan, toke, angaz",,,,,,,,,,,,,,,
hbo:6672,"adhuhuri, pasapapa, apapasavyo, dari, darini, dar, paa, mbav",,,,,,,,,,,,,,,,,,,,,
hbo:6672a,"adhuhuri, pasapapa, apapasavyo, dari, darini, dar, paa, mbav",,,,,,,,,,,,,,,,,,,,,
hbo:6673,"amur, agiz, amri, agiza, amriw",,,,,,,,,,,,,,,,,,,,,
hbo:6674,"chaf, wa, dhahabu, zimejaa, twasihi",,,,,,,,,,,,,,,,,,,,,
hbo:6675,"chaf, wa, dhahabu, zimejaa, twasihi, mavi, samadi, mashonde",,,,,,,,,,,,,,,,,,,,,
hbo:6677,"shingo, shingoni, sog, wanipe, hutaki, mkuf, mikufu",,,,,,,,,,,,,,,,,,,,,
hbo:6678,"soba, hamath-zoba",,,,,,,,,,,,,,,,,,,,,
hbo:6679,,"wind, windi, tuvizi, awinde, uniwindie, chet",,"wind, windi, tuvizi, awinde, uniwindie, chet",,,,,,,,,,,,,,,,,,
hbo:6680,,,,"amur, agiz, amri, agiza, amriw","amur, agiz, amri, agiza, amriw",,,,,,,,,,,,,,,,,
hbo:6681,,"lili, kili, kelel, paz, mlili",,,,,,,,,,,,,,,,,,,,
hbo:6682,"kili, vili, yanenwayo, eli, kaniki",,,,,,,,,,,,,,,,,,,,,
hbo:6683,"lind, sana, lindin, fumb, kina",,,,,,,,,,,,,,,,,,,,,
hbo:6684,,"fung, saum, funga, hawafungi, wakiwa",,,,,,,,,,,,,,,,,,,,
hbo:6685,"fung, saum, funga, hawafungi, wakiwa",,,,,,,,,,,,,,,,,,,,,
hbo:6686,suari,,,,,,,,,,,,,,,,,,,,,
hbo:6687,,"sonon, chemchemi, itiririkayo, bubuji, jit",,,,,"sonon, chemchemi, itiririkayo, bubuji, jit",,,,,,,,,,,,,,,
hbo:6688,"asal, sega",,,,,,,,,,,,,,,,,,,,,
hbo:6690,sofa,,,,,,,,,,,,,,,,,,,,,
hbo:6691,sofari,,,,,,,,,,,,,,,,,,,,,
hbo:6692,,"chanu, yachipuka, vyostaw, yawayewaye, atatia, dakika, angali, amka, macho, ghafla",,,,,"chanu, yachipuka, vyostaw, yawayewaye, atatia, dakika, angali, amka, macho, ghafla",,,,,,,,,,,,,,,
hbo:6692a,,,,,,,"chanu, yachipuka, vyostaw, yawayewaye, atatia, dakika, angali, amka, macho, ghafla",,,,,,,,,,,,,,,
hbo:6693,,"dhik, mateso, ban, aoneaye, song, mwag, mwagi, mimi, umwa, wag",,,,,"dhik, mateso, ban, aoneaye, song, mwag, mwagi, mimi, umwa, wag",,,,,,,,,,,,,,,
hbo:6695,"mabaya, uovu, taab, shid, dhik, maumivu, uharibifu, zunishw",,,,,,,,,,,,,,,,,,,,,
hbo:6696,,"gerezan, fung, walinzi, gerez, husu, kasiri, amka, uchungu, ghadhibi, nikasiri, mfinyanzi, umb, yeye, iwe, namn",,,,,,,,,,,,,,,,,,,,
hbo:6696a,,"gerezan, fung, walinzi, gerez, husu, kasiri, amka, uchungu, ghadhibi, nikasiri, mfinyanzi, umb, yeye, iwe, namn",,,,,,,,,,,,,,,,,,,,
hbo:6697,"mwamba, jabal, miamba, amba, gumegume",,,,,,,,,,,,,,,,,,,,,
hbo:6697a,"mwamba, jabal, miamba, amba, gumegume",,,,,,,,,,,,,,,,,,,,,
hbo:6698,"suri, meri",,,,,,,,,,,,,,,,,,,,,
hbo:6699,"yaandi, yatahayariki",,,,,,,,,,,,,,,,,,,,,
hbo:6700,surieli,,,,,,,,,,,,,,,,,,,,,
hbo:6701,suri-shadai,,,,,,,,,,,,,,,,,,,,,
hbo:6702,,,,,,,"wak, tekete, chom, ondo, teketez",,,,,,,,,,,,,,,
hbo:6703,"mweupe, visivyo, wekundu",,,,,,,,,,,,,,,,,,,,,
hbo:6704,cheo,,,,,,,,,,,,,,,,,,,,,
hbo:6706,"tupu, isipate, jiham, wapazieni, wapungieni, juu, aliye, mref, kimo, uref",,,,,,,,,,,,,,,,,,,,,
hbo:6707,"ikaw, usikose, ung'aao, yoku",,,,,,,,,,,,,,,,,,,,,
hbo:6709,"upandi, utapaa, liondole",,,,,,,,,,,,,,,,,,,,,
hbo:6710,"tekete, joto, kaush, pozu, ruhusiw",,,,,,,,,,,,,,,,,,,,,
hbo:6711,,"chek, chez, dhihaka, mzah, dhara",,"chek, chez, dhihaka, mzah, dhara",,,,,,,,,,,,,,,,,,
hbo:6712,"chek, chez, dhihaka, mzah, dhara",,,,,,,,,,,,,,,,,,,,,
hbo:6714,sohari,,,,,,,,,,,,,,,,,,,,,
hbo:6715,"mketio, itangazeni",,,,,,,,,,,,,,,,,,,,,
hbo:6716,rikeb,,,,,,,,,,,,,,,,,,,,,
hbo:6717,siba,,,,,,,,,,,,,,,,,,,,,
hbo:6718,"mawindo, wind, huliwa, mtulivu, chakula, mkat, mikate, vyakula",,,,,,,,,,,,,,,,,,,,,
hbo:6718a,"mawindo, wind, huliwa, mtulivu, chakula, mkat, mikate, vyakula",,,,,,,,,,,,,,,,,,,,,
hbo:6719,"wind, windi, tuvizi, awinde, uniwindie",,,,,,,,,,,,,,,,,,,,,
hbo:6720,"vyakula, njiani, walacho, wakaoka, walak",,,,,,,,,,,,,,,,,,,,,
hbo:6721,"sidoni, wasidoni, uuelekezee, uvipeleke",,,,,,,,,,,,,,,,,,,,,
hbo:6722,"sidoni, wasidoni, uuelekezee, uvipeleke",,,,,,,,,,,,,,,,,,,,,
hbo:6723,"kavu, kauk, pakavu, kaush, ukam",,,,,,,,,,,,,,,,,,,,,
hbo:6724,"kavu, kauk, pakavu, kaush, ukam",,,,,,,,,,,,,,,,,,,,,
hbo:6725,"uuelekeze, wazikaji, lolio",,,,,,,,,,,,,,,,,,,,,
hbo:6726,sayuni,,,,,,,,,,,,,,,,,,,,,
hbo:6727,siha,,,,,,,,,,,,,,,,,,,,,
hbo:6728a,"wanyama, mnyama, jangwan, hayawani, wakali",,,,,,,,,,,,,,,,,,,,,
hbo:6729,"gerezan, fung, walinzi, gerez, husu",,,,,,,,,,,,,,,,,,,,,
hbo:6730,siori,,,,,,,,,,,,,,,,,,,,,
hbo:6731,"ua, maua, bamb, isiw",,,,,,,,,,,,,,,,,,,,,
hbo:6733,"ua, maua, bamb",,,,,,,,,,,,,,,,,,,,,
hbo:6734,"shad, shung, kusuka",,,,,,,,,,,,,,,,,,,,,
hbo:6735,"mjumbe, wajumbe, mkainuke, tuinuke, bawaba, utosini, baki, azaaye, kodolea",,,,,,,,,,,,,,,,,,,,,
hbo:6735a,"mjumbe, wajumbe, mkainuke, tuinuke, bawaba, utosini, baki, azaaye, kodolea",,,,,,,,,,,,,,,,,,,,,
hbo:6735b,"mjumbe, wajumbe, mkainuke, tuinuke, bawaba, utosini, baki, azaaye, kodolea",,,,,,,,,,,,,,,,,,,,,
hbo:6738,"vul, uvul, tupu, uvulini, vuli",,,,,,,,,,,,,,,,,,,,,
hbo:6740,,"mtolee, bisi, homa, huok, hapiki",,,,,,,,,,,,,,,,,,,,
hbo:6741,sila,,,,,,,,,,,,,,,,,,,,,
hbo:6742,"mkat, mikate, nidhihak, lowa, fanyizi",,,,,,,,,,,,,,,,,,,,,
hbo:6743,,"nguvu, yeny, ruka, wak, yanasonganasongana, fanikiw, faniki, sita, stareh, raha",,,,,"nguvu, yeny, ruka, wak, yanasonganasongana, fanikiw, faniki, sita, stareh, raha",,,,,,,,,,,"fanikiw, faniki, sita, stareh, raha",,,,
hbo:6745,"tanuri, waokaji, tokos, mwokaji, kos, sahani, kwamchosha",,,,,,,,,,,,,,,,,,,,,
hbo:6746,"vyombo, ila, chombo, kitu, mtungi",,,,,,,,,,,,,,,,,,,,,
hbo:6748,"bisi, okw, kwach, ipeleke, wapelekee",,,,,,,,,,,,,,,,,,,,,
hbo:6749,,"meza, kupw, kuzama, shush, lil",,,,,,,,,,,,,,,,,,,,
hbo:6750,,"wash, mwash",,,,,"wash, mwash",,,,,,,,,,,,,,,
hbo:6751,,"ifungwe, ngizw",,,,,"ifungwe, ngizw",,,,,,,,,,,,,,,
hbo:6754,"sanamu, mfano, chap, sura, swir",,,,,,,,,,,,,,,,,,,,,
hbo:6756,"salmoni, maharai",,,,,,,,,,,,,,,,,,,,,
hbo:6756a,"salmoni, maharai",,,,,,,,,,,,,,,,,,,,,
hbo:6757,"vul, uvul, tupu, uvulini, vuli",,,,,,,,,,,,,,,,,,,,,
hbo:6758,salmona,,,,,,,,,,,,,,,,,,,,,
hbo:6759,salmuna,,,,,,,,,,,,,,,,,,,,,
hbo:6760,,"achechemeaye, checheme, mfuateni, tenge, mzuki",,,,,,,,,,,,,,,,,,,,
hbo:6763,"upande, ubav, mbavuni, pemb, ubavuni",,,,,,,,,,,,,,,,,,,,,
hbo:6764,salafu,,,,,,,,,,,,,,,,,,,,,
hbo:6765,"selofehadi, waolewe",,,,,,,,,,,,,,,,,,,,,
hbo:6766,selsa,,,,,,,,,,,,,,,,,,,,,
hbo:6767,"uvum, mkuk, mikuki, fumo, vyus, inu, nzig, zaburi, zeze, muziki, ala, nand",,,,,,,,,,,,,,,,,,,,,
hbo:6767b,"uvum, mkuk, mikuki, fumo, vyus, inu, nzig, zaburi, zeze, muziki, ala, nand",,,,,,,,,,,,,,,,,,,,,
hbo:6767c,"uvum, mkuk, mikuki, fumo, vyus, inu, nzig, zaburi, zeze, muziki, ala, nand",,,,,,,,,,,,,,,,,,,,,
hbo:6768,seleki,,,,,,,,,,,,,,,,,,,,,
hbo:6769,silethai,,,,,,,,,,,,,,,,,,,,,
hbo:6770,,"kiu, kavu",,,,,,,,,,,,,,,,,,,,
hbo:6771,"kiu, kavu",,,,,,,,,,,,,,,,,,,,,
hbo:6772,"kiu, kavu",,,,,,,,,,,,,,,,,,,,,
hbo:6773,"ikaw, usikose, ung'aao, yoku",,,,,,,,,,,,,,,,,,,,,
hbo:6774,"ikaw, usikose, ung'aao, yoku",,,,,,,,,,,,,,,,,,,,,
hbo:6775,,,"unga, ung, ambata, shik, ungw",,"unga, ung, ambata, shik, ungw",,"unga, ung, ambata, shik, ungw",,,,,,,,,,,,,,,
hbo:6776,"jozi, tandikw, kadhaa, kund, tato",,,,,,,,,,,,,,,,,,,,,
hbo:6777,"utaj, barakoa, leso, wakaninyang'anya, yao",,,,,,,,,,,,,,,,,,,,,
hbo:6778,"shad, chal, usikiharibu",,,,,,,,,,,,,,,,,,,,,
hbo:6779,,"chemchemi, chipu, sim, siman, toke",,"chemchemi, chipu, sim, siman, toke",,,"chemchemi, chipu, sim, siman, toke",,,,,,,,,,,,,,,
hbo:6780,"taw, mwanzi, tawi, chipukiz, mianzi",,,,,,,,,,,,,,,,,,,,,
hbo:6781,"kuk, vipini, hazama, funik, sitir, funika, pazi, funiki",,,,,,,,,,,,,,,,,,,,,
hbo:6781a,"kuk, vipini, hazama, funik, sitir, funika, pazi, funiki",,,,,,,,,,,,,,,,,,,,,
hbo:6782,"mteg, mitego, tanz, nasw, mtegoni",,,,,,,,,,,,,,,,,,,,,
hbo:6783,"thibitish, panga",,,,,,,,,,,,,,,,,,,,,
hbo:6784,,"hawajulikani, mabohari",,,,,,,,,,,,,,,,,,,,
hbo:6785,"sufu, kondoo, nawa",,,,,,,,,,,,,,,,,,,,,
hbo:6786,msemari,,,,,,,,,,,,,,,,,,,,,
hbo:6787,semaraimu,,,,,,,,,,,,,,,,,,,,,
hbo:6789,,"anga, harib, pote, haribik, ukiwa","anga, harib, pote, haribik, ukiwa","anga, harib, pote, haribik, ukiwa",,,"anga, harib, pote, haribik, ukiwa",,,,,,,,,,,,,,,
hbo:6790,"sini, sinai, nistah",,,,,,,,,,,,,,,,,,,,,
hbo:6791,"miib, mbigili, chak, mibigili, mwib",,,,,,,,,,,,,,,,,,,,,
hbo:6792,"kondoo, -kondo, mnyama, wanyama, hamm",,,,,,,,,,,,,,,,,,,,,
hbo:6793,"kulabu, ndoana, vyake, ngik, baridi, pungu, utoavyo, toav, ngao, viga, kiga, pamoja",,,,,,,,,,,,,,,,,,,,,
hbo:6793a,"kulabu, ndoana, vyake, ngik, baridi, pungu, utoavyo, toav, ngao, viga, kiga, pamoja",,,,,,,,,,,,,,,,,,,,,
hbo:6794,"maji, majini, nywe, nyw, kuw",,,,,,,,,,,,,,,,,,,,,
hbo:6795,,"shuk, terem, teremki, yangu, peny",,,,,,,,,,,,,,,,,,,,
hbo:6796,"miib, mbigili, chak, mibigili, mwib",,,,,,,,,,,,,,,,,,,,,
hbo:6797,"lemb, kofi, kiondoe",,,,,,,,,,,,,,,,,,,,,
hbo:6798,"kavu, kauk, pakavu, kaush, ukam",,,,,,,,,,,,,,,,,,,,,
hbo:6799,senani,,,,,,,,,,,,,,,,,,,,,
hbo:6800,,,,,,,"jinyenyeke, nyenyeke, unyenyekevu, shindw, shind",,,,,,,,,,,,,,,
hbo:6800a,"jinyenyeke, nyenyeke, unyenyekevu, shindw, shind",,,,,,,,,,,,,,,,,,,,,
hbo:6801,,"sand, ziz, kunj, hori, baki",,,,,,,,,,,,,,,,,,,,
hbo:6802,"huku, tup, wimb, mbazu, peperush",,,,,,,,,,,,,,,,,,,,,
hbo:6803,"vyombo, ila, chombo, kitu, mtungi",,,,,,,,,,,,,,,,,,,,,
hbo:6805,,"pelekw, ukawapura, tand, ongoz",,,,,"pelekw, ukawapura, tand, ongoz",,,,,,,,,,,,,,,
hbo:6806,"hatu, daraj, mlima, ngaz, nyay",,,,,,,,,,,,,,,,,,,,,
hbo:6807,"ujitahidi, matalasimu",,,,,,,,,,,,,,,,,,,,,
hbo:6808,,"dangany, anga, kimbi, pote, tang",,"dangany, anga, kimbi, pote, tang",,,,,,,,,,,,,,,,,,
hbo:6809,"akavua, shel",,,,,,,,,,,,,,,,,,,,,
hbo:6810,"kidogo, acha, mdog, chach, tamb",,,,,,,,,,,,,,,,,,,,,
hbo:6812,"jan, mtoto, ujan, mtumishi, watoto, kidogo, acha, mdog, chach, tamb",,,,,,,,,,,,,,,,,,,,,
hbo:6814,soani,,,,,,,,,,,,,,,,,,,,,
hbo:6815,"saananimu, shemeji",,,,,,,,,,,,,,,,,,,,,
hbo:6817,,"lili, kili, kelel, paz, mlili","lili, kili, kelel, paz, mlili","lili, kili, kelel, paz, mlili",,,"lili, kili, kelel, paz, mlili",,,,,,,,,,,,,,,
hbo:6818,"lili, kili, kelel, paz, mlili",,,,,,,,,,,,,,,,,,,,,
hbo:6819,,"kidogo, acha, mdog, chach, tamb",,,,,,,,,,,,,,,,,,,,
hbo:6820,soari,,,,,,,,,,,,,,,,,,,,,
hbo:6821,,"hawajulikani, mabohari",,,,,,,,,,,,,,,,,,,,
hbo:6822,,"mlinzi, lind, walinzi, shik, angali, msufi",,"mlinzi, lind, walinzi, shik, angali, msufi",,,,,,,,,,,,,,,,,,
hbo:6823,,"funik, funiki, kifuniki, nayo, funi",,"funik, funiki, kifuniki, nayo, funi","funik, funiki, kifuniki, nayo, funi",,,,,,,,,,,,,,,,,
hbo:6825,sefo,,,,,,,,,,,,,,,,,,,,,
hbo:6826,"vya, zitupili, vifu",,,,,,,,,,,,,,,,,,,,,
hbo:6827,sifoni,,,,,,,,,,,,,,,,,,,,,
hbo:6828,"skazi, skaz",,,,,,,,,,,,,,,,,,,,,
hbo:6829,safoni,,,,,,,,,,,,,,,,,,,,,
hbo:6831,"wasifoni, wahagi",,,,,,,,,,,,,,,,,,,,,
hbo:6833,"ndeg, angani, baw, shomor, mbayuwayu",,,,,,,,,,,,,,,,,,,,,
hbo:6834,sipori,,,,,,,,,,,,,,,,,,,,,
hbo:6835,"vyombo, ila, chombo, kitu, mtungi",,,,,,,,,,,,,,,,,,,,,
hbo:6837,sefoni,,,,,,,,,,,,,,,,,,,,,
hbo:6838,"kaki, andali, myembamba, tokos, kandw",,,,,,,,,,,,,,,,,,,,,
hbo:6842,"mbuz, beber, mwit",,,,,,,,,,,,,,,,,,,,,
hbo:6843,"lemb, ajal",,,,,,,,,,,,,,,,,,,,,
hbo:6844,itieni,,,,,,,,,,,,,,,,,,,,,
hbo:6845,,"hazina, akib, ghal, fich, weke","hazina, akib, ghal, fich, weke",,,,"hazina, akib, ghal, fich, weke",,,,,,,,,,,,,,,
hbo:6846,sefania,,,,,,,,,,,,,,,,,,,,,
hbo:6846a,sefania,,,,,,,,,,,,,,,,,,,,,
hbo:6847,safenath-panea,,,,,,,,,,,,,,,,,,,,,
hbo:6848,"nyok, joka, yang",,,,,,,,,,,,,,,,,,,,,
hbo:6850,,,,"zome, mchongezi, pigi, ng'o, nung'uni",,,,,,,,,,,,,,,,,,
hbo:6851,"mierebi, ukua, tulivitundika, vijitoni",,,,,,,,,,,,,,,,,,,,,
hbo:6852,,"ach, kan, achw, ondok, acha",,,,,,,,,,,,,,,,,,,,
hbo:6854,"vyur, ilijaa",,,,,,,,,,,,,,,,,,,,,
hbo:6855,sipora,,,,,,,,,,,,,,,,,,,,,
hbo:6856,"dol, kuch, akat",,,,,,,,,,,,,,,,,,,,,
hbo:6857,sefathi,,,,,,,,,,,,,,,,,,,,,
hbo:6858,"taj, taji, tov, tovu, nguz",,,,,,,,,,,,,,,,,,,,,
hbo:6860,siklagi,,,,,,,,,,,,,,,,,,,,,
hbo:6862,"mwembamba, pembamba, uendeshwao, jembamba, chach, dhik, taab, shid, mateso, mtes, adui, watesi, chukia, wale, ngum, mgum, migumu, ugum, zao, dhahabu, hazina",,,,,,,,,,,,,,,,,,,,,
hbo:6862a,"mwembamba, pembamba, uendeshwao, jembamba, chach, dhik, taab, shid, mateso, mtes, adui, watesi, chukia, wale, ngum, mgum, migumu, ugum, zao",,,,,,,,,,,,,,,,,,,,,
hbo:6862b,"mwembamba, pembamba, uendeshwao, jembamba, chach, dhik, taab, shid, mateso, mtes, adui, watesi, chukia, wale, ngum, mgum, migumu, ugum, zao",,,,,,,,,,,,,,,,,,,,,
hbo:6863,rakathi,,,,,,,,,,,,,,,,,,,,,
hbo:6864,"gumegume, gumu, taon",,,,,,,,,,,,,,,,,,,,,
hbo:6865,tiro,,,,,,,,,,,,,,,,,,,,,
hbo:6866,,,"wak, tekete, chom, ondo, teketez",,,,,,,,,,,,,,,,,,,
hbo:6866a,"tekete, ngu, king, pwepw, upel, madoadoa, dond, vujiv",,,,,,,,,,,,,,,,,,,,,
hbo:6867,"tekete, ngu, king, pwepw, upel, madoadoa, dond, vujiv",,,,,,,,,,,,,,,,,,,,,
hbo:6868,sereda,,,,,,,,,,,,,,,,,,,,,
hbo:6869,"nyakati, mabaya, uovu, taab, shid, dhik, kali, ghadhabu, hasira, kasirik, waka",,,,,,,,,,,,,,,,,,,,,
hbo:6869a,"nyakati, mabaya, uovu, taab, shid, dhik, kali, ghadhabu, hasira, kasirik, waka",,,,,,,,,,,,,,,,,,,,,
hbo:6870,seruya,,,,,,,,,,,,,,,,,,,,,
hbo:6871,serua,,,,,,,,,,,,,,,,,,,,,
hbo:6872,"ipepetwavyo, serori",,,,,,,,,,,,,,,,,,,,,
hbo:6872a,"ipepetwavyo, serori",,,,,,,,,,,,,,,,,,,,,
hbo:6872b,"ipepetwavyo, serori",,,,,,,,,,,,,,,,,,,,,
hbo:6873,,"lili, kili, kelel, paz, mlili",,,,,"lili, kili, kelel, paz, mlili",,,,,,,,,,,,,,,
hbo:6875,seri,,,,,,,,,,,,,,,,,,,,,
hbo:6876,tiro,,,,,,,,,,,,,,,,,,,,,
hbo:6877,"ngom, jumb, boma, bom, ngomeni",,,,,,,,,,,,,,,,,,,,,
hbo:6878,"haja, mhitaji, wahitaji, hitaj, maskini",,,,,,,,,,,,,,,,,,,,,
hbo:6879,,ukom,,,ukom,,,,,,,,,,,,,,,,,
hbo:6880,"mavu, nyig",,,,,,,,,,,,,,,,,,,,,
hbo:6881,sora,,,,,,,,,,,,,,,,,,,,,
hbo:6882,wasorathi,,,,,,,,,,,,,,,,,,,,,
hbo:6882a,wasorathi,,,,,,,,,,,,,,,,,,,,,
hbo:6883,ukom,,,,,,,,,,,,,,,,,,,,,
hbo:6884,,"safish, mfua, fund, hakikish, sana","safish, mfua, fund, hakikish, sana","safish, mfua, fund, hakikish, sana",,,,,,,,,,,,,,,,,,
hbo:6885,gerez,,,,,,,,,,,,,,,,,,,,,
hbo:6886,sarepta,,,,,,,,,,,,,,,,,,,,,
hbo:6887,,"mabaya, uovu, taab, shid, dhik",,,"mabaya, uovu, taab, shid, dhik",,"mabaya, uovu, taab, shid, dhik",,,,,,,,,,,,,,,
hbo:6887a,,"mabaya, uovu, taab, shid, dhik, gerezan, fung, walinzi, gerez, husu, lazimi, shuruti, shurutish, lazimish, nilazimi, watesi, adui, nite, mtes, wasumbue",,,,,,,,,,,,,,,,,,,,
hbo:6888,serera,,,,,,,,,,,,,,,,,,,,,
hbo:6889,serethi,,,,,,,,,,,,,,,,,,,,,
hbo:6890,sereth-shahari,,,,,,,,,,,,,,,,,,,,,
hbo:6891,sarethani,,,,,,,,,,,,,,,,,,,,,
hbo:6892,"matapiko, tapi, pik, yatapi, uvuguvugu",,,,,,,,,,,,,,,,,,,,,
hbo:6893,"bund, mder, nder",,,,,,,,,,,,,,,,,,,,,
hbo:6894,bab,,,,,,,,,,,,,,,,,,,,,
hbo:6895,,"laan, laani, amtukanaye, apiz, zilaa",,,,,,,,,,,,,,,,,,,,
hbo:6896,"magonjwa, tumb, tumbon, mimb, ndani, yenito",,,,,,,,,,,,,,,,,,,,,
hbo:6898,"hema, heman, maskani, mahema, kuwapo",,,,,,,,,,,,,,,,,,,,,
hbo:6899,"kusanyik, kusany, nywa, sany, yakusan",,,,,,,,,,,,,,,,,,,,,
hbo:6900,"kabur, kaburin, maziko, eneo",,,,,,,,,,,,,,,,,,,,,
hbo:6901,,,,"poke, karibish, kubal, twaa, waka",,,"poke, karibish, kubal, twaa, waka",,,,,,,,,,"poke, karibish, kubal, twaa, waka",,,,,
hbo:6903,shok,,,,,,,,,,,,,,,,,,,,,
hbo:6906,,"yang, niibi, nyang'any, tek, wizi",,,,,,,,,,,,,,,,,,,,
hbo:6907,"levyalevy, sira, urojorojo",,,,,,,,,,,,,,,,,,,,,
hbo:6908,,"kusany, kusanyi, sany, kuta, okot","kusany, kusanyi, sany, kuta, okot","kusany, kusanyi, sany, kuta, okot","kusany, kusanyi, sany, kuta, okot","kusany, kusanyi, sany, kuta, okot",,,,,,,,,,,,,,,,
hbo:6909,kabseeli,,,,,,,,,,,,,,,,,,,,,
hbo:6910,"kusany, kusanyi, sany, kuta, okot",,,,,,,,,,,,,,,,,,,,,
hbo:6911,kibisaumu,,,,,,,,,,,,,,,,,,,,,
hbo:6912,,"zik, zikw, mzik, uzik, wazi","zik, zikw, mzik, uzik, wazi","zik, zikw, mzik, uzik, wazi","zik, zikw, mzik, uzik, wazi",,,,,,,,,,,,,,,,,
hbo:6913,"kabur, kaburin, ziki, maziara, hayatauona",,,,,,,,,,,,,,,,,,,,,
hbo:6914,kibroth-hataava,,,,,,,,,,,,,,,,,,,,,
hbo:6915,,"inam, abud, sujudi, sujud, inami",,,,,,,,,,,,,,,,,,,,
hbo:6916,"mdalasini, kida, nuki",,,,,,,,,,,,,,,,,,,,,
hbo:6917,"kale, aman, mzee",,,,,,,,,,,,,,,,,,,,,
hbo:6918,"mtakatifu, taka, takatif, patakatifu, opendez",,,,,,,,,,,,,,,,,,,,,
hbo:6919,,"gus, wash, tekete, wak, waka",,,,,,,,,,,,,,,,,,,,
hbo:6920,homa,,,,,,,,,,,,,,,,,,,,,
hbo:6921,"mashariki, maawio, upande, kale, mbele",,,,,,,,,,,,,,,,,,,,,
hbo:6922,"mtakatifu, taka, takatif, patakatifu, opendez",,,,,,,,,,,,,,,,,,,,,
hbo:6923,,,,"kuta, kutan, kuku, amriw, pat",,,"kuta, kutan, kuku, amriw, pat",,,,,,,,,,,,,,,
hbo:6924,"mashariki, kale, aman, tangu, kedemu, maawio, upande, mbele",,,,,,,,,,,,,,,,,,,,,
hbo:6926,"mashariki, maawio, upande, kale, mbele",,,,,,,,,,,,,,,,,,,,,
hbo:6928,"hali, yapata, yanyaukayo, akae, hayajamea",,,,,,,,,,,,,,,,,,,,,
hbo:6929,kedema,,,,,,,,,,,,,,,,,,,,,
hbo:6930,"mashariki, maawio, upande, kale, mbele",,,,,,,,,,,,,,,,,,,,,
hbo:6931,"mashariki, maawio, upande, kale, mbele",,,,,,,,,,,,,,,,,,,,,
hbo:6932,kedemothi,,,,,,,,,,,,,,,,,,,,,
hbo:6933,"kwanza, anz, mwanzo, limbuk, aman",,,,,,,,,,,,,,,,,,,,,
hbo:6934,kadmieli,,,,,,,,,,,,,,,,,,,,,
hbo:6935,mkadmoni,,,,,,,,,,,,,,,,,,,,,
hbo:6936,"upar, utos, upaa, utosini, ng'o",,,,,,,,,,,,,,,,,,,,,
hbo:6937,,"giza, gizani, pofu, mweusi, weus",,,,"giza, gizani, pofu, mweusi, weus","giza, gizani, pofu, mweusi, weus",,,,,,,,,,,,,,,
hbo:6938,kedari,,,,,,,,,,,,,,,,,,,,,
hbo:6939,"kidroni, ridroni",,,,,,,,,,,,,,,,,,,,,
hbo:6940,"giza, gizani, pofu, mweusi, weus",,,,,,,,,,,,,,,,,,,,,
hbo:6941,"ombole, bole, lili, tang, mlili",,,,,,,,,,,,,,,,,,,,,
hbo:6942,,"taka, wakf, kabisa, teng, taji","taka, wakf, kabisa, teng, taji","taka, wakf, kabisa, teng, taji","taka, wakf, kabisa, teng, taji","taka, wakf, kabisa, teng, taji","taka, wakf, kabisa, teng, taji",,,,,,,,,,,,,,,
hbo:6943,"kedeshi, kishioni",,,,,,,,,,,,,,,,,,,,,
hbo:6944,"takatif, patakatifu, taka, mtakatifu, vitu",,,,,,,,,,,,,,,,,,,,,
hbo:6945,"hanith, kahab, pasiwe, wazinipo, waadhib",,,,,,,,,,,,,,,,,,,,,
hbo:6946,"kadeshi, kadesh-barnea, mkaasi",,,,,,,,,,,,,,,,,,,,,
hbo:6947,"kadeshi, kadesh-barnea, mkaasi",,,,,,,,,,,,,,,,,,,,,
hbo:6949,,"ganz, hakipati",,"ganz, hakipati",,,,,,,,,,,,,,,,,,
hbo:6950,,,"kusany, kusanyi, sany, kuta, okot",,,,"kusany, kusanyi, sany, kuta, okot",,,,,,,,,,,,,,,
hbo:6951,"kanis, kusanyik, mkutano, kusanyi, kusany",,,,,,,,,,,,,,,,,,,,,
hbo:6952,"kanis, kusanyik, mkutano, kusanyi, kusany",,,,,,,,,,,,,,,,,,,,,
hbo:6953,"hubir, hubiri, biri, ushujaa, ujasiri",,,,,,,,,,,,,,,,,,,,,
hbo:6954,keheletha,,,,,,,,,,,,,,,,,,,,,
hbo:6955,"kohathi, wakohathi, vigus",,,,,,,,,,,,,,,,,,,,,
hbo:6956,"wakohathi, kohathi",,,,,,,,,,,,,,,,,,,,,
hbo:6957b,"kamb, mikufu, and, fung, pwan, uzi, timazi, kote, ameinyosha",,,,,,,,,,,,,,,,,,,,,
hbo:6959,"chapeo, deraya, ipokeeni",,,,,,,,,,,,,,,,,,,,,
hbo:6960,,"ngoj, taza, tumain, ngoje, ngojea, kusanyik, kusany, nywa, sany, yakusan",,"ngoj, taza, tumain, ngoje, ngojea, kusanyik, kusany, nywa, sany, yakusan",,,,,,,,,,,,,,,,,,
hbo:6960a,,,"ngoj, taza, tumain, ngoje, ngojea, kusanyik, kusany, nywa, sany, yakusan",,,,,,,,,,,,,,,,,,,
hbo:6961a,"okuw, tumain, tumai, raji, tara, taraji, kusanyik, kusany, nywa, sany, yakusan",,,,,,,,,,,,,,,,,,,,,
hbo:6962,,"chuki, chukiz, chukia, akauchukia, sumbu","chuki, chukiz, chukia, akauchukia, sumbu",,,"chuki, chukiz, chukia, akauchukia, sumbu",,,,,,,,,,,,,,,,
hbo:6963,"sauti, pig, mshindo, kelel, ngurumo, zin",,,,,,,,,,,,,,,,,,,,,
hbo:6964,kolaya,,,,,,,,,,,,,,,,,,,,,
hbo:6965,,"leb-kamai, ondok, inuk, fufu, simam, inu, kuas",,"leb-kamai, ondok, inuk, fufu, simam, inu, kuas",,"leb-kamai, ondok, inuk, fufu, simam, inu, kuas","leb-kamai, ondok, inuk, fufu, simam, inu, kuas","simam, wek, simami, amen, simama",,,,,,,"simam, wek, simami, amen, simama",,"simam, wek, simami, amen, simama","simam, wek, simami, amen, simama","simam, wek, simami, amen, simama",,,
hbo:6967,"juu, aliye, mref, kimo, uref",,,,,,,,,,,,,,,,,,,,,
hbo:6968,"adil, haki, wanyofu, unyofu, yaliyo",,,,,,,,,,,,,,,,,,,,,
hbo:6969,,,,"fikirini, nyamazish, ada, umat, ilimpasaje",,,,,,,,,,,,,,,,,,
hbo:6970,koa,,,,,,,,,,,,,,,,,,,,,
hbo:6971,nyan,,,,,,,,,,,,,,,,,,,,,
hbo:6973,,"chuki, chukiz, chukia, akauchukia, sumbu",,,,,,,,,,,,,,,,,,,,
hbo:6974a,,"joto, wakati, mavuno, chumeni, amk, niamkapo, wasiamke, taharaki, aotapo",,,,,"joto, wakati, mavuno, chumeni, amk, niamkapo, wasiamke, taharaki, aotapo",,,,,,,,,,,,,,,
hbo:6975,"miib, mbigili, chak, mibigili, mwib",,,,,,,,,,,,,,,,,,,,,
hbo:6979a,"chimb, tobo, ng'o, nichimbi, tumbuki, baridi, pungu, utoavyo, toav, anga, harib, pote, haribik, ukiwa",,,,,,,,,,,,,,,,,,,,,
hbo:6981,kore,,,,,,,,,,,,,,,,,,,,,
hbo:6982,"boriti, nguz, vingine, tutwae, viguzo",,,,,,,,,,,,,,,,,,,,,
hbo:6983,,"onya, neno, tege, mteg, langon",,,,,,,,,,,,,,,,,,,,
hbo:6984,kishi,,,,,,,,,,,,,,,,,,,,,
hbo:6985,"peke, mteswa, pew, chezachez, mpenzi",,,,,,,,,,,,,,,,,,,,,
hbo:6986,"ukiwa, uharibifu, anga, chukiz, ajab",,,,,,,,,,,,,,,,,,,,,
hbo:6988,"uvumba, fukizi, fukizo, nuka, chetezo",,,,,,,,,,,,,,,,,,,,,
hbo:6989,ketura,,,,,,,,,,,,,,,,,,,,,
hbo:6991,,"huwaua, wauawe, ungewaua, niu, shak",,,,,,,,,,"huwaua, wauawe, ungewaua, niu, shak",,,"huwaua, wauawe, ungewaua, niu, shak","huwaua, wauawe, ungewaua, niu, shak","huwaua, wauawe, ungewaua, niu, shak",,,,"huwaua, wauawe, ungewaua, niu, shak",
hbo:6993,"chinj, chin, wau, chinji, chinja",,,,,,,,,,,,,,,,,,,,,
hbo:6994,,"mdog, wadogo, kidogo, dogo, ndog",,,,,"mdog, wadogo, kidogo, dogo, ndog",,,,,,,,,,,,,,,
hbo:6995,"dol, kuch, akat",,,,,,,,,,,,,,,,,,,,,
hbo:6996,"mdog, wadogo, kidogo, dogo, ndog",,,,,,,,,,,,,,,,,,,,,
hbo:6998,,"vitawi, wakauchuma, hunyauka, purur, nyonyo","vitawi, wakauchuma, hunyauka, purur, nyonyo",,,,,,,,,,,,,,,,,,,
hbo:6999,,,,"sadaka, unga, tole, zawadi, fuki, uvumba, fukizi, fukizo, nuka, chetezo","sadaka, unga, tole, zawadi, fuki, uvumba, fukizi, fukizo, nuka, chetezo",,"sadaka, unga, tole, zawadi, fuki, uvumba, fukizi, fukizo, nuka, chetezo","sadaka, unga, tole, zawadi, fuki, uvumba, fukizi, fukizo, nuka, chetezo",,,,,,,,,,,,,,
hbo:7002,"uvumba, fukizi, fukizo, nuka, chetezo",,,,,,,,,,,,,,,,,,,,,
hbo:7003,kitroni,,,,,,,,,,,,,,,,,,,,,
hbo:7004,"uvumba, fukizi, fukizo, nuka, chetezo",,,,,,,,,,,,,,,,,,,,,
hbo:7005,tath,,,,,,,,,,,,,,,,,,,,,
hbo:7006,,"matapiko, tapi, pik, yatapi, uvuguvugu",,,,,,,,,,,,,,,,,,,,
hbo:7007,"joto, wakati, mavuno, chumeni",,,,,,,,,,,,,,,,,,,,,
hbo:7008,"mosh, mvuk, sikuzisahau, yakatili",,,,,,,,,,,,,,,,,,,,,
hbo:7009,tuinuki,,,,,,,,,,,,,,,,,,,,,
hbo:7010,"amri, sheria, haki, amriw, posh",,,,,,,,,,,,,,,,,,,,,
hbo:7012,kuketi,,,,,,,,,,,,,,,,,,,,,
hbo:7014,"mkeni, wakeni, kaini",,,,,,,,,,,,,,,,,,,,,
hbo:7014a,"mkeni, wakeni, kaini",,,,,,,,,,,,,,,,,,,,,
hbo:7014b,"mkeni, wakeni, kaini",,,,,,,,,,,,,,,,,,,,,
hbo:7015,"ombole, yekali",,,,,,,,,,,,,,,,,,,,,
hbo:7016,"adada, dimona",,,,,,,,,,,,,,,,,,,,,
hbo:7017,"mkeni, wakeni, kaini",,,,,,,,,,,,,,,,,,,,,
hbo:7018,kenani,,,,,,,,,,,,,,,,,,,,,
hbo:7019,"joto, wakati, mavuno, chumeni",,,,,,,,,,,,,,,,,,,,,
hbo:7020,"nje, ule",,,,,,,,,,,,,,,,,,,,,
hbo:7021,"pand, zaal, tang, mich, mbog",,,,,,,,,,,,,,,,,,,,,
hbo:7022,"hadharani, ondole, azim",,,,,,,,,,,,,,,,,,,,,
hbo:7023,"ukut, kuta, ziz, juu, boma",,,,,,,,,,,,,,,,,,,,,
hbo:7025,"kir-heresi, kir-haresethi",,,,,,,,,,,,,,,,,,,,,
hbo:7026,kerosi,,,,,,,,,,,,,,,,,,,,,
hbo:7027,kishi,,,,,,,,,,,,,,,,,,,,,
hbo:7028,"kishoni, vuti",,,,,,,,,,,,,,,,,,,,,
hbo:7029,abdi,,,,,,,,,,,,,,,,,,,,,
hbo:7031,"mwepesi, mbio, wepesi, jepesi, tufuati",,,,,,,,,,,,,,,,,,,,,
hbo:7033,,"mtolee, bisi, homa, huok, hapiki","mtolee, bisi, homa, huok, hapiki",,,,,,,,,,,,,,,,,,,
hbo:7034,,,"aibu, fedheha, hayar, aibish, heshima",,,,"aibu, fedheha, hayar, aibish, heshima",,,,,,,,,,,,,,,
hbo:7036,"aibu, fedheha, hayar, aibish, heshima",,,,,,,,,,,,,,,,,,,,,
hbo:7037,"sufuri, sufurian, kap, nawi, vyombo",,,,,,,,,,,,,,,,,,,,,
hbo:7038,,punguki,,,,,,,,,,,,,,,,,,,,
hbo:7039,"bisi, okw, kwach, ipeleke, wapelekee",,,,,,,,,,,,,,,,,,,,,
hbo:7041,kelaya,,,,,,,,,,,,,,,,,,,,,
hbo:7042,kelita,,,,,,,,,,,,,,,,,,,,,
hbo:7043,,"laan, laani, jepesi, wepesi, pungu","laan, laani, jepesi, wepesi, pungu","laan, laani, jepesi, wepesi, pungu","laan, laani, jepesi, wepesi, pungu","laan, laani, jepesi, wepesi, pungu","laan, laani, jepesi, wepesi, pungu",,,,,,,,,,,,,,,
hbo:7044,suguli,,,,,,,,,,,,,,,,,,,,,
hbo:7045,"laan, laani, amtukanaye, apiz, zilaa",,,,,,,,,,,,,,,,,,,,,
hbo:7046,,,,"dhihak, dhara, chek, mzah, dhihaka",,"dhihak, dhara, chek, mzah, dhihaka",,,,,,,,,,,,,,,,
hbo:7047,"dhihaka, mzah, zome, kipana, ujeuri",,,,,,,,,,,,,,,,,,,,,
hbo:7048,"dhihaka, mzah, zome, kipana, ujeuri",,,,,,,,,,,,,,,,,,,,,
hbo:7049,,naksh,,naksh,,,,,,,,,,,,,,,,,,
hbo:7049a,,naksh,,,,,,,,,,,,,,,,,,,,
hbo:7050,"pazi, anda, tumiwa",,,,,,,,,,,,,,,,,,,,,
hbo:7050a,"pazi, anda, tumiwa",,,,,,,,,,,,,,,,,,,,,
hbo:7052,"baradhul, kitu, matunda, upuz, tupu",,,,,,,,,,,,,,,,,,,,,
hbo:7053,"uma, jemb, ambavyo, tokot",,,,,,,,,,,,,,,,,,,,,
hbo:7054,"nafaka, ngan, suk",,,,,,,,,,,,,,,,,,,,,
hbo:7055,kemueli,,,,,,,,,,,,,,,,,,,,,
hbo:7056,kamoni,,,,,,,,,,,,,,,,,,,,,
hbo:7057,"upup, vimilik, utamea, viwawi, meme",,,,,,,,,,,,,,,,,,,,,
hbo:7058,"unga, pipa, hayatoi, wapakulie, mbuki",,,,,,,,,,,,,,,,,,,,,
hbo:7059,,"kamat, anga, nyakuli, mimb, nyaku",,,"kamat, anga, nyakuli, mimb, nyaku",,,,,,,,,,,,,,,,,
hbo:7060,,"uharibifu, ubov, uvundo, haukuona, hakuona",,,,,,,,,,,,,,,,,,,,
hbo:7061,,"shik, kamat, ishi, pat, shika",,,,,,,,,,,,,,,,,,,,
hbo:7062,"konz, ninajis",,,,,,,,,,,,,,,,,,,,,
hbo:7064,"kiot, viot, tund, wakatoe, alikunjua",,,,,,,,,,,,,,,,,,,,,
hbo:7065,,,,"wivu, husuda, husu, juhudi, ari",,,"wivu, husuda, husu, juhudi, ari",,,,,,,,,,,,,,,
hbo:7067,"wivu, husuda, husu, juhudi, ari",,,,,,,,,,,,,,,,,,,,,
hbo:7068,"wivu, husuda, husu, juhudi, ari",,,,,,,,,,,,,,,,,,,,,
hbo:7069,,"nunu, nunuli, tununue, nunua, jinunu","nunu, nunuli, tununue, nunua, jinunu",,,,"nunu, nunuli, tununue, nunua, jinunu",,,,,,,,"nunu, nunuli, tununue, nunua, jinunu",,,,,,,
hbo:7069a,,"nunu, nunuli, tununue, nunua, jinunu",,,,,,,,,,,,,,,,,,,,
hbo:7070,"taw, mwanzi, tawi, chipukiz, mianzi",,,,,,,,,,,,,,,,,,,,,
hbo:7071,kana,,,,,,,,,,,,,,,,,,,,,
hbo:7072,"wivu, husuda, husu, juhudi, ari",,,,,,,,,,,,,,,,,,,,,
hbo:7073,kenazi,,,,,,,,,,,,,,,,,,,,,
hbo:7074,mkenizi,,,,,,,,,,,,,,,,,,,,,
hbo:7075,"mali, milk, yeyote, pat, zetu",,,,,,,,,,,,,,,,,,,,,
hbo:7076,mdalasini,,,,,,,,,,,,,,,,,,,,,
hbo:7077,,,,"kiot, viot, tund, wakatoe, alikunjua","kiot, viot, tund, wakatoe, alikunjua",,,,,,,,,,,,,,,,,
hbo:7078,"mteg, mitego, tanz, nasw, mtegoni",,,,,,,,,,,,,,,,,,,,,
hbo:7079,kenathi,,,,,,,,,,,,,,,,,,,,,
hbo:7080,,"acha, buz, uganga, pepo, bashir",,,,,,,,,,,,,,,,,,,,
hbo:7081,"acha, buz, uganga, pepo, bashir",,,,,,,,,,,,,,,,,,,,,
hbo:7082,,,,"mvu, chun, shambuli, kuvu, kuteka",,,,,,,,,,,,,,,,,,
hbo:7083,"vyombo, ila, chombo, kitu, mtungi",,,,,,,,,,,,,,,,,,,,,
hbo:7084,"keila, waishukie, nitiwe",,,,,,,,,,,,,,,,,,,,,
hbo:7085,"sululu, chan, mpelekee, jibini",,,,,,,,,,,,,,,,,,,,,
hbo:7086,"sahani, kwamchosha",,,,,,,,,,,,,,,,,,,,,
hbo:7087,,"masira, jibini, wima, unen, visub, mafundo, kiwi",,,,,"masira, jibini, wima, unen, visub, mafundo, kiwi",,,,,,,,,,,,,,,
hbo:7088,,,,"bingiri, vingiri, vingirisheni, isha, vingirish",,,,,,,,,,,,,,,,,,
hbo:7089,"dhik, maumivu, uharibifu, zunishw",,,,,,,,,,,,,,,,,,,,,
hbo:7090,"nungunungu, zingitin",,,,,,,,,,,,,,,,,,,,,
hbo:7091,kutaga,,,,,,,,,,,,,,,,,,,,,
hbo:7092,,"kusany, kusanyi, sany, kuta, okot","kusany, kusanyi, sany, kuta, okot","kusany, kusanyi, sany, kuta, okot",,,,,,,,,,,,,,,,,,
hbo:7093,"mwisho, baada, batili, miisho, hapana",,,,,,,,,,,,,,,,,,,,,
hbo:7094,,"manyoya, nywele, nyo, kilianguka, akatwe",,,,,,,,,,,,,,,,,,,,
hbo:7095,"cheo, ipandi",,,,,,,,,,,,,,,,,,,,,
hbo:7096,,"usiozaa, uukate, niwapinge, kome, uutupe",,"usiozaa, uukate, niwapinge, kome, uutupe",,,"usiozaa, uukate, niwapinge, kome, uutupe",,,,,,,,,,,,,,,
hbo:7097,"mwisho, ncha, miisho, upande, mpaka",,,,,,,,,,,,,,,,,,,,,
hbo:7098,"mwisho, ncha, miisho, upande, mpaka",,,,,,,,,,,,,,,,,,,,,
hbo:7099,"ipanu, la, livy",,,,,,,,,,,,,,,,,,,,,
hbo:7100,jira,,,,,,,,,,,,,,,,,,,,,
hbo:7101,"jumb, mkuu, kamand, wakuu, ongoz, ethkasini",,,,,,,,,,,,,,,,,,,,,
hbo:7103,kesia,,,,,,,,,,,,,,,,,,,,,
hbo:7104a,emek-kesisi,,,,,,,,,,,,,,,,,,,,,
hbo:7105,"mavuno, zabibu, aokotapo, apeleke, atum, taw, mwanzi, tawi, chipukiz, mianzi",,,,,,,,,,,,,,,,,,,,,
hbo:7105a,"mavuno, zabibu, aokotapo, apeleke, atum, taw, mwanzi, tawi, chipukiz, mianzi",,,,,,,,,,,,,,,,,,,,,
hbo:7106,,,,,,,"angu, song, nyage, yawe, yameiva, pembeni, pemb, geuka, minara, karibieni",,,,,,,,,,,,,,,
hbo:7107,,"kali, ghadhabu, hasira, kasirik, waka",,,,"kali, ghadhabu, hasira, kasirik, waka","kali, ghadhabu, hasira, kasirik, waka",,,,,,,,"kali, ghadhabu, hasira, kasirik, waka",,,,,,,
hbo:7110,"ghadhabu, hasira, kasirik, yakasiriki, yaondoke, yaambu, povu",,,,,,,,,,,,,,,,,,,,,
hbo:7110a,"ghadhabu, hasira, kasirik, yakasiriki, yaondoke, yaambu, povu",,,,,,,,,,,,,,,,,,,,,
hbo:7111,"yaambu, povu",,,,,,,,,,,,,,,,,,,,,
hbo:7112,,"mbali, fany, kat, tili, teng",,"mbali, fany, kat, tili, teng","mbali, fany, kat, tili, teng",,,,,,,,,,,,"mbali, fany, kat, tili, teng",,,,,
hbo:7114,,"punguz, fup, fupish, wakafa, hamaki, vun, vuna, wavuna, vitu, sany",,,,,,,,,,,,,,,,,,,,
hbo:7114a,,"punguz, fup, fupish, wakafa, hamaki, vun, vuna, wavuna, vitu, sany",,"punguz, fup, fupish, wakafa, hamaki, vun, vuna, wavuna, vitu, sany",,,"punguz, fup, fupish, wakafa, hamaki, vun, vuna, wavuna, vitu, sany",,,,,,,,,,,,,,,
hbo:7115,"punguz, fup, fupish, wakafa, hamaki",,,,,,,,,,,,,,,,,,,,,
hbo:7116,"punguz, fup, fupish, wakafa, hamaki",,,,,,,,,,,,,,,,,,,,,
hbo:7117,"mwisho, ncha, miisho, upande, mpaka",,,,,,,,,,,,,,,,,,,,,
hbo:7119,"baridi, pungu, utoavyo, toav",,,,,,,,,,,,,,,,,,,,,
hbo:7120,baridi,,,,,,,,,,,,,,,,,,,,,
hbo:7121,,"wit, itw, wait, itwa, mwit, enhakore","wit, itw, wait, itwa, mwit, enhakore",,"wit, itw, wait, itwa, mwit, enhakore",,,,,,,,,,"som, soma, somw, afahamu, torati","som, soma, somw, afahamu, torati",,,,,"som, soma, somw, afahamu, torati",
hbo:7122,,"lak, pigan, onan, kutan, amlaki, ulikuwa, tukabil, eleke, pinga","lak, pigan, onan, kutan, amlaki, ulikuwa, tukabil, eleke, pinga",,,,"lak, pigan, onan, kutan, amlaki, ulikuwa, tukabil, eleke, pinga",,,,,,,,,,,,,,,
hbo:7124,kwar,,,,,,,,,,,,,,,,,,,,,
hbo:7126,,"karibi, songe, let, karibu, tole","karibi, songe, let, karibu, tole","karibi, songe, let, karibu, tole",,,"karibi, songe, let, karibu, tole",,,,,,,,"karibi, karibu, ende, let, lete",,"karibi, karibu, ende, let, lete","karibi, karibu, ende, let, lete",,,,
hbo:7128,"vita, juhudi, rung, kufanya, tishw",,,,,,,,,,,,,,,,,,,,,
hbo:7130,"kati, katikati, tumb, ndani, moyo",,,,,,,,,,,,,,,,,,,,,
hbo:7131,"karibi, karibia, iji, sogele",,,,,,,,,,,,,,,,,,,,,
hbo:7132,"karibu, jirani, karibi, i, jamaa",,,,,,,,,,,,,,,,,,,,,
hbo:7133,"sadaka, unga, tole, zawadi, fuki",,,,,,,,,,,,,,,,,,,,,
hbo:7133a,"sadaka, unga, tole, zawadi, fuki",,,,,,,,,,,,,,,,,,,,,
hbo:7134,"shok, wanaivunjavunja",,,,,,,,,,,,,,,,,,,,,
hbo:7135,baridi,,,,,,,,,,,,,,,,,,,,,
hbo:7136,,"kuta, kutan, kuku, amriw, pat, boriti, nguz, vingine, tutwae, viguzo","kuta, kutan, kuku, amriw, pat, boriti, nguz, vingine, tutwae, viguzo","kuta, kutan, kuku, amriw, pat, boriti, nguz, vingine, tutwae, viguzo",,,"kuta, kutan, kuku, amriw, pat, boriti, nguz, vingine, tutwae, viguzo",,,,,,,,,,,,,,,
hbo:7137,"bahati, vyokuf, mtuki, wanalo, amepatikana",,,,,,,,,,,,,,,,,,,,,
hbo:7138,"karibu, jirani, karibi, i, jamaa",,,,,,,,,,,,,,,,,,,,,
hbo:7140,"baridi, barafu, leny, vyeusi",,,,,,,,,,,,,,,,,,,,,
hbo:7141,"kora, wakorahi",,,,,,,,,,,,,,,,,,,,,
hbo:7142,"upar, utos, upaa, utosini, ng'o",,,,,,,,,,,,,,,,,,,,,
hbo:7143,karea,,,,,,,,,,,,,,,,,,,,,
hbo:7144,"upar, utos, upaa, utosini, ng'o","upar, utos, upaa, utosini, ng'o","upar, utos, upaa, utosini, ng'o",,,,"upar, utos, upaa, utosini, ng'o","upar, utos, upaa, utosini, ng'o",,,,,,,,,,,,,,
hbo:7145,"wakora, wakorahi, mkora, uokaji",,,,,,,,,,,,,,,,,,,,,
hbo:7146,"upar, utos, upaa, utosini, ng'o",,,,,,,,,,,,,,,,,,,,,
hbo:7147,"nyum, uadu, mara, haitii",,,,,,,,,,,,,,,,,,,,,
hbo:7148,"chagu, wateule, chaguli, mteule, acha",,,,,,,,,,,,,,,,,,,,,
hbo:7150,ihubir,,,,,,,,,,,,,,,,,,,,,
hbo:7151,"mji, mjin, nilipokitengeza, taharuk, asipate",,,,,,,,,,,,,,,,,,,,,
hbo:7152,"keriothi, shambuli",,,,,,,,,,,,,,,,,,,,,
hbo:7153,"kiriath-arba, arba",,,,,,,,,,,,,,,,,,,,,
hbo:7154,"kiriath-yearimu, kiriath-baali, litandi",,,,,,,,,,,,,,,,,,,,,
hbo:7155,kiriath-husothi,,,,,,,,,,,,,,,,,,,,,
hbo:7156,kiriathaimu,,,,,,,,,,,,,,,,,,,,,
hbo:7157,"kiriath-yearimu, kiriath-baali, litandi",,,,,,,,,,,,,,,,,,,,,
hbo:7158,kiriath-seferi,,,,,,,,,,,,,,,,,,,,,
hbo:7158a,kiriath-seferi,,,,,,,,,,,,,,,,,,,,,
hbo:7159,,"funik, sitir, funika, pazi, funiki",,,,,,,,,,,,,,,,,,,,
hbo:7160,,"ng'a, anga, onekan, toke, angaz",,,,,"ng'a, anga, onekan, toke, angaz",,,,,,,,,,,,,,,
hbo:7161,"pemb, ngom, imarish, zangu, nimwimbie, je, ninyi, lisilo, furahi",,,,,,,,,,,,,,,,,,,,,
hbo:7163,keren-hapuhu,,,,,,,,,,,,,,,,,,,,,
hbo:7164,,"inam, chunguli, kuutua",,,,,,,,,,,,,,,,,,,,
hbo:7165,"fung, tungika",,,,,,,,,,,,,,,,,,,,,
hbo:7166,zipanuli,,,,,,,,,,,,,,,,,,,,,
hbo:7167,,"raru, bomo, raruli, kat, pasu","raru, bomo, raruli, kat, pasu",,,,,,,,,,,,,,,,,,,
hbo:7168,viwili,,,,,,,,,,,,,,,,,,,,,
hbo:7169,,"nyez, aikazaye, akonyezaye, ng'ong', finyang",,,"nyez, aikazaye, akonyezaye, ng'ong', finyang",,,,,,,,,,,,,,,,,
hbo:7171,mtamba,,,,,,,,,,,,,,,,,,,,,
hbo:7172,"sakafu, mbavuni, liti, wato",,,,,,,,,,,,,,,,,,,,,
hbo:7174,"karkori, zebu",,,,,,,,,,,,,,,,,,,,,
hbo:7175,"mbao, ubao, mti",,,,,,,,,,,,,,,,,,,,,
hbo:7176,"mji, mjin, nilipokitengeza, taharuk, asipate",,,,,,,,,,,,,,,,,,,,,
hbo:7177,karta,,,,,,,,,,,,,,,,,,,,,
hbo:7178,kiriathaimu,,,,,,,,,,,,,,,,,,,,,
hbo:7179,"kav, mabu, makapi, wapate",,,,,,,,,,,,,,,,,,,,,
hbo:7180,"tang, cherehani, kipenu",,,,,,,,,,,,,,,,,,,,,
hbo:7181,,"sikiliz, siki, lize, tegeni, ee",,,,,"sikiliz, siki, lize, tegeni, ee",,,,,,,,,,,,,,,
hbo:7182,"makini, majibu",,,,,,,,,,,,,,,,,,,,,
hbo:7183,"yaombwayo, tega, litege, zangu, omba",,,,,,,,,,,,,,,,,,,,,
hbo:7184,"imini, kop, tas",,,,,,,,,,,,,,,,,,,,,
hbo:7185,,"ngum, mgum, migumu, ugum, zao","ngum, mgum, migumu, ugum, zao","ngum, mgum, migumu, ugum, zao",,,"ngum, mgum, migumu, ugum, zao",,,,,,,,,,,,,,,
hbo:7186,"ukal, ngum, mgum, makali, nguvu",,,,,,,,,,,,,,,,,,,,,
hbo:7188,,,,,,,"ngum, mgum, migumu, ugum, zao",,,,,,,,,,,,,,,
hbo:7189,"upinde, uta, pind, nyut, hauwezi, kweli, amini, hakika, kwel, iliyo",,,,,,,,,,,,,,,,,,,,,
hbo:7189a,"upinde, uta, pind, nyut, hauwezi, kweli, amini, hakika, kwel, iliyo",,,,,,,,,,,,,,,,,,,,,
hbo:7190,"ushupavu, ukaidi, mbichi, waenende, hamtapatwa",,,,,,,,,,,,,,,,,,,,,
hbo:7191,kishioni,,,,,,,,,,,,,,,,,,,,,
hbo:7192,"fung, mane, darkoni, fedha, mene",,,,,,,,,,,,,,,,,,,,,
hbo:7193,"magamba, tekeli, dari",,,,,,,,,,,,,,,,,,,,,
hbo:7194,,"fitina, fitini, njam, yafunge, shaur","fitina, fitini, njam, yafunge, shaur","fitina, fitini, njam, yafunge, shaur","fitina, fitini, njam, yafunge, shaur","fitina, fitini, njam, yafunge, shaur",,,,,,,,,,,,,,,,
hbo:7195,"fitina, njam, so, utawaficha",,,,,,,,,,,,,,,,,,,,,
hbo:7196,zisizo,,,,,,,,,,,,,,,,,,,,,
hbo:7197,,"kusany, kusanyi, sany, kuta, okot, kanis, kusanyik, mkutano",,"kusany, kusanyi, sany, kuta, okot, kanis, kusanyik, mkutano",,"kusany, kusanyi, sany, kuta, okot, kanis, kusanyik, mkutano",,,,,,,,,,,,,,,,
hbo:7198,"upinde, uta, pind, nyut, hauwezi",,,,,,,,,,,,,,,,,,,,,
hbo:7199,mpig,,,,,,,,,,,,,,,,,,,,,
hbo:7200,,"tazam, mwon, poon, angali, waon","tazam, mwon, poon, angali, waon",,"tazam, mwon, poon, angali, waon","tazam, mwon, poon, angali, waon","tazam, mwon, poon, angali, waon","tazam, mwon, poon, angali, waon",,,,,,,,,,,,,,
hbo:7203,"mwonaji, waonaji, hozai, msitoe, maon, njoz, mashuhuri, ndot, batili",,,,,,,,,,,,,,,,,,,,,
hbo:7203a,"mwonaji, waonaji, hozai, msitoe, maon, njoz, mashuhuri, ndot, batili",,,,,,,,,,,,,,,,,,,,,
hbo:7205,"reubeni, msimkosee, uwau",,,,,,,,,,,,,,,,,,,,,
hbo:7206,wareubeni,,,,,,,,,,,,,,,,,,,,,
hbo:7208,reuma,,,,,,,,,,,,,,,,,,,,,
hbo:7209,"kioo, vioo",,,,,,,,,,,,,,,,,,,,,
hbo:7210,"uonaye, huliwa, onay, umti",,,,,,,,,,,,,,,,,,,,,
hbo:7211,reaya,,,,,,,,,,,,,,,,,,,,,
hbo:7214,"nyat, ataivunja, nimepakwa, nonesh",,,,,,,,,,,,,,,,,,,,,
hbo:7215,"marijani, chapita",,,,,,,,,,,,,,,,,,,,,
hbo:7218,"kichwa, vichwa, chwan, wakuu, mkuu, roshi",,,,,,,,,,,,,,,,,,,,,
hbo:7219,"uchungu, sumu, nyongo, mbaruti, tunyamazi",,,,,,,,,,,,,,,,,,,,,
hbo:7221,"mwanzo, kwanza, wekw, enzi, wal",,,,,,,,,,,,,,,,,,,,,
hbo:7222,lege,,,,,,,,,,,,,,,,,,,,,
hbo:7223,"kwanza, anz, mwanzo, limbuk, aman",,,,,,,,,,,,,,,,,,,,,
hbo:7225,"kwanza, anz, mwanzo, limbuk, aman",,,,,,,,,,,,,,,,,,,,,
hbo:7227,"sana, wengi, nyingi, meng, mno, jumb, mkuu, kamand, wakuu, ongoz, hamathi",,,,,,,,,,,,,,,,,,,,,
hbo:7227a,"sana, wengi, nyingi, meng, mno, jumb, mkuu, kamand, wakuu, ongoz",,,,,,,,,,,,,,,,,,,,,
hbo:7230,"wing, tele, nyingi, wengi, shib",,,,,,,,,,,,,,,,,,,,,
hbo:7231,,"ongez, ongeze, nyingi, wengi, meng",,,"ongez, ongeze, nyingi, wengi, meng",,,,,,,,,,,,,,,,,
hbo:7232,,"ongez, ongeze, nyingi, wengi, meng",,,,,,,,,,,,,,,,,,,,
hbo:7233,"elfu, makumi, maelfu, kimbiza, waalimu",,,,,,,,,,,,,,,,,,,,,
hbo:7234,,"tandik, kunju, nyosh, kuene, tanda",,,,,,,,,,,,,,,,,,,,
hbo:7235,,"ongez, ongeze, nyingi, wengi, meng, fundish, pig, wapiga, fundisha, funz",,"ongez, ongeze, nyingi, wengi, meng, fundish, pig, wapiga, fundisha, funz",,,"ongez, ongeze, nyingi, wengi, meng, fundish, pig, wapiga, fundisha, funz",,,,,,,,"mafuta, nenep, non, kuku, zid",,"mafuta, nenep, non, kuku, zid",,,,,
hbo:7235a,,"ongez, ongeze, nyingi, wengi, meng, fundish, pig, wapiga, fundisha, funz",,,,,,,,,,,,,,,,,,,,
hbo:7237,raba,,,,,,,,,,,,,,,,,,,,,
hbo:7238,"kubw, kubwa, mkuu, kuu, maku",,,,,,,,,,,,,,,,,,,,,
hbo:7239,"elfu, maelfu, milion, laki, ndio",,,,,,,,,,,,,,,,,,,,,
hbo:7241,"manyunyu, waibariki, wapasawazisha, tona-to, wailainisha",,,,,,,,,,,,,,,,,,,,,
hbo:7242,"mkuf, mikufu",,,,,,,,,,,,,,,,,,,,,
hbo:7243,"nne, wann, minn, mann, vinn",,,,,,,,,,,,,,,,,,,,,
hbo:7245,rabithu,,,,,,,,,,,,,,,,,,,,,
hbo:7246,,,,,,,,"kasiri, amka, uchungu, ghadhibi, nikasiri",,,,,,,,,,,,,,
hbo:7247,ribla,,,,,,,,,,,,,,,,,,,,,
hbo:7248,nergal-shareza,,,,,,,,,,,,,,,,,,,,,
hbo:7250,,"lal, lala, laz, lazw, lali",,,,,"lal, lala, laz, lazw, lali",,,,,,,,,,,,,,,
hbo:7251,,"mrab, miraba",,,"mrab, miraba",,,,,,,,,,,,,,,,,
hbo:7253,"nne, wann, minn, mann, vinn",,,,,,,,,,,,,,,,,,,,,
hbo:7254,reba,,,,,,,,,,,,,,,,,,,,,
hbo:7255,"nne, wann, minn, mann, vinn",,,,,,,,,,,,,,,,,,,,,
hbo:7255a,"nne, wann, minn, mann, vinn",,,,,,,,,,,,,,,,,,,,,
hbo:7256,"nne, wann, minn, mann, vinn",,,,,,,,,,,,,,,,,,,,,
hbo:7257,,"nyosh, laz, poto, lal, geuk",,,,,"nyosh, laz, poto, lal, geuk",,,,,,,,,,,,,,,
hbo:7258,"wek, raha, stareh, pumzik, ach",,,,,,,,,,,,,,,,,,,,,
hbo:7259,rebeka,,,,,,,,,,,,,,,,,,,,,
hbo:7263,"udongo, madongoa",,,,,,,,,,,,,,,,,,,,,
hbo:7264,,"tetemek, hofu, ogop, fukuz, kwako",,,,"tetemek, hofu, ogop, fukuz, kwako","tetemek, hofu, ogop, fukuz, kwako",,,,,,,,,,,"kali, ghadhabu, hasira, kasirik, waka",,,,
hbo:7267,"huja, nako, ukal, tangaz",,,,,,,,,,,,,,,,,,,,,
hbo:7268,wayo,,,,,,,,,,,,,,,,,,,,,
hbo:7269,mtetemo,,,,,,,,,,,,,,,,,,,,,
hbo:7270,,"pelele, wapelelezi, singizi, waipeleleze, ipelele, fundish, wali, waalimu, mafunzo, elim",,"pelele, wapelelezi, singizi, waipeleleze, ipelele, fundish, wali, waalimu, mafunzo, elim",,,,,,,,,,,,,,,,,,
hbo:7272,"miguu, mguu, miguuni, nyay, fuat, mkoj",,,,,,,,,,,,,,,,,,,,,
hbo:7273,"miguu, mguu, miguuni, nyay, fuat",,,,,,,,,,,,,,,,,,,,,
hbo:7274,"rogelimu, amvushe",,,,,,,,,,,,,,,,,,,,,
hbo:7275,,"mawe, wafe, tufadhai, tupig",,,,,,,,,,,,,,,,,,,,
hbo:7276,regemu,,,,,,,,,,,,,,,,,,,,,
hbo:7277,"mkutano, kuta, jami, wing, watu",,,,,,,,,,,,,,,,,,,,,
hbo:7278,regem-meleki,,,,,,,,,,,,,,,,,,,,,
hbo:7279,,"zome, mchongezi, pigi, ng'o, nung'uni","zome, mchongezi, pigi, ng'o, nung'uni",,,,,,,,,,,,,,,,,,,
hbo:7280,,"mkutano, kuta, jami, wing, watu, wek, raha, stareh, pumzik, ach, ngum, mgum, migumu, ugum, zao","mkutano, kuta, jami, wing, watu, wek, raha, stareh, pumzik, ach, ngum, mgum, migumu, ugum, zao",,,,"mkutano, kuta, jami, wing, watu, wek, raha, stareh, pumzik, ach, ngum, mgum, migumu, ugum, zao",,,,,,,,,,,,,,,
hbo:7281,"dakika, angali, amka, macho, ghafla",,,,,,,,,,,,,,,,,,,,,
hbo:7282,"wek, raha, stareh, pumzik, ach",,,,,,,,,,,,,,,,,,,,,
hbo:7284,,"mkutano, kuta, jami, wing, watu",,,,,,,,,,,,,,,,"mkutano, kuta, jami, wing, watu",,,,
hbo:7285,"mkutano, kuta, jami, wing, watu, mipango",,,,,,,,,,,,,,,,,,,,,
hbo:7286,,"shindw, kanya, tiish, huwatiisha, shind",,,,,"shindw, kanya, tiish, huwatiisha, shind",,,,,,,,,,,,,,,
hbo:7287,,"wakuu, kamand, mkuu, wal, tawal, angu, song, nyage, yawe, yameiva",,"wakuu, kamand, mkuu, wal, tawal, angu, song, nyage, yawe, yameiva",,,"wakuu, kamand, mkuu, wal, tawal, angu, song, nyage, yawe, yameiva",,,,,,,,,,,,,,,
hbo:7287a,,"wakuu, kamand, mkuu, wal, tawal, angu, song, nyage, yawe, yameiva",,,,,,,,,,,,,,,,,,,,
hbo:7288,radai,,,,,,,,,,,,,,,,,,,,,
hbo:7289,"utaj, barakoa, leso, wakaninyang'anya, yao",,,,,,,,,,,,,,,,,,,,,
hbo:7290,,,"ngiz, lal, sinzi, ngizi, nzia",,,,,,,,,,,,,,,,,,,
hbo:7291,,"fuati, fukuz, fuat, nifuati, niudh","fuati, fukuz, fuat, nifuati, niudh","fuati, fukuz, fuat, nifuati, niudh","fuati, fukuz, fuat, nifuati, niudh",,"fuati, fukuz, fuat, nifuati, niudh",,,,,,,,,,,,,,,
hbo:7292,,"tufani, dhoruba, atok, wakijilaza, ukanifariji",,,,,"tufani, dhoruba, atok, wakijilaza, ukanifariji",,,,,,,,,,,,,,,
hbo:7294,rahabu,,,,,,,,,,,,,,,,,,,,,
hbo:7298,"birik, shinikiz, nywele, nywe, sing, malaika, manyoya",,,,,,,,,,,,,,,,,,,,,
hbo:7299,"onekan, uso, maon, mfano, sura",,,,,,,,,,,,,,,,,,,,,
hbo:7300,,"dangany, anga, kimbi, pote, tang",,,,,"dangany, anga, kimbi, pote, tang",,,,,,,,,,,,,,,
hbo:7301,,"zimi, zim, nyeshe, utapaa, ngili",,"zimi, zim, nyeshe, utapaa, ngili",,,"zimi, zim, nyeshe, utapaa, ngili",,,,,,,,,,,,,,,
hbo:7302,"maji, majini, nywe, nyw, kuw",,,,,,,,,,,,,,,,,,,,,
hbo:7303a,roga,,,,,,,,,,,,,,,,,,,,,
hbo:7305,"uji, vukeni",,,,,,,,,,,,,,,,,,,,,
hbo:7306a,,"pomji, tuli, vipana, nitajijengea, harufu, nuka, nus, hawanusi, dini",,,"pomji, tuli, vipana, nitajijengea, harufu, nuka, nus, hawanusi, dini",,"pomji, tuli, vipana, nitajijengea, harufu, nuka, nus, hawanusi, dini",,,,,,,,,,,,,,,
hbo:7307,"roho, upep, pepo, pumz, rohoni",,,,,,,,,,,,,,,,,,,,,
hbo:7309,"nafu, changu",,,,,,,,,,,,,,,,,,,,,
hbo:7310,"wing, tele, nyingi, wengi, shib",,,,,,,,,,,,,,,,,,,,,
hbo:7311,,"tuku, inu, juu, tukuz, tole, kisa, msiki",,"tuku, inu, juu, tukuz, tole, kisa, msiki","tuku, inu, juu, tukuz, tole, kisa, msiki","tuku, inu, juu, tukuz, tole, kisa, msiki","tuku, inu, juu, tukuz, tole, kisa, msiki","tuku, inu, juu, tukuz, tole, kisa, msiki",,,,"pem, amk, chomo, zuki, asubuhi",,,"pem, amk, chomo, zuki, asubuhi",,"pem, amk, chomo, zuki, asubuhi","pem, amk, chomo, zuki, asubuhi",,,,
hbo:7312,"juu, aliye, mref, kimo, uref",,,,,,,,,,,,,,,,,,,,,
hbo:7316,"arab, ruma",,,,,,,,,,,,,,,,,,,,,
hbo:7318,"changu, kuwili, juu, aliye, mref, kimo, uref",,,,,,,,,,,,,,,,,,,,,
hbo:7321,,,,,"kelel, mali, shangwe, sauti, gutu","kelel, mali, shangwe, sauti, gutu","kelel, mali, shangwe, sauti, gutu",,,,,,,,,,,,,,,
hbo:7323,,"mbio, walinzi, tarish, kimbili, upes",,"mbio, walinzi, tarish, kimbili, upes",,,"mbio, walinzi, tarish, kimbili, upes",,,,,,,,,,,,,,,
hbo:7324a,,,,,,,"bure, mitupu, fut, adhabu, sina","bure, mitupu, fut, adhabu, sina",,,,,,,,,,,,,,
hbo:7325a,,"mbio, walinzi, tarish, kimbili, upes",,,,,,,,,,,,,,,,,,,,
hbo:7326,,"maskini, tindiki, ogofyo, mfanyieni",,,,"maskini, tindiki, ogofyo, mfanyieni",,,,,,,,,,,,,,,,
hbo:7327,"ruthu, nirudi, nikuache, uitande, marehemu",,,,,,,,,,,,,,,,,,,,,
hbo:7328,"siri, atufungulie, tuinene",,,,,,,,,,,,,,,,,,,,,
hbo:7329,,tish,tish,,,,,,,,,,,,,,,,,,,
hbo:7330,"tegeme, wapumzika, kond, nasibu, misitu",,,,,,,,,,,,,,,,,,,,,
hbo:7332,"konde, zingalimo, ndesh",,,,,,,,,,,,,,,,,,,,,
hbo:7333,"zalmuna, watuao, uharibifu",,,,,,,,,,,,,,,,,,,,,
hbo:7334,"fadhai, zimi, chok, hofu, haraka",,,,,,,,,,,,,,,,,,,,,
hbo:7335,,"etamet, gudulia, maka, umem, chup",,,,,,,,,,,,,,,,,,,,
hbo:7336,,"wakuu, kamand, mkuu, wal, tawal",,,,,,,,,,,,,,,,,,,,
hbo:7337,,"ongez, nafasi, panu, njuk, utakaponipanulia","ongez, nafasi, panu, njuk, utakaponipanulia",,,,"ongez, nafasi, panu, njuk, utakaponipanulia",,,,,,,,,,,,,,,
hbo:7339,"kuu, njia, uwanja, mita, uwanjani",,,,,,,,,,,,,,,,,,,,,
hbo:7341,"upan, unen, ref, toke",,,,,,,,,,,,,,,,,,,,,
hbo:7342,"mpan, peny, pana, majivuno, panapo",,,,,,,,,,,,,,,,,,,,,
hbo:7343,rahabu,,,,,,,,,,,,,,,,,,,,,
hbo:7344,rehobothi,,,,,,,,,,,,,,,,,,,,,
hbo:7345,rehabia,,,,,,,,,,,,,,,,,,,,,
hbo:7345a,rehabia,,,,,,,,,,,,,,,,,,,,,
hbo:7346,rehoboamu,,,,,,,,,,,,,,,,,,,,,
hbo:7347,"sagi, shav, wakampa, uimara, wali",,,,,,,,,,,,,,,,,,,,,
hbo:7348,"rehumu, harimu",,,,,,,,,,,,,,,,,,,,,
hbo:7349,"rehema, huruma, rehem, huru, unirehemu",,,,,,,,,,,,,,,,,,,,,
hbo:7350,"mbali, iliyo, yokuj, mlio, nafasi",,,,,,,,,,,,,,,,,,,,,
hbo:7351,"boriti, nguz, vingine, tutwae, viguzo",,,,,,,,,,,,,,,,,,,,,
hbo:7352,"mbali, iliyo, yokuj, mlio, nafasi",,,,,,,,,,,,,,,,,,,,,
hbo:7353,"-kondo, kondoo, jik",,,,,,,,,,,,,,,,,,,,,
hbo:7354,"raheli, hamzalii, nitakutumikia",,,,,,,,,,,,,,,,,,,,,
hbo:7355,,"rehema, huruma, rehem, huru, unirehemu",,"rehema, huruma, rehem, huru, unirehemu","rehema, huruma, rehem, huru, unirehemu",,,,,,,,,,,,,,,,,
hbo:7356,"tumb, fungua, tumbon, imba, mimb, rehema, huruma, rehem, huru, unirehemu",,,,,,,,,,,,,,,,,,,,,
hbo:7358,"tumb, fungua, tumbon, imba, mimb",,,,,,,,,,,,,,,,,,,,,
hbo:7360,mwar,,,,,,,,,,,,,,,,,,,,,
hbo:7361,"tumb, fungua, tumbon, imba, mimb",,,,,,,,,,,,,,,,,,,,,
hbo:7362,"rehema, huruma, rehem, huru, unirehemu",,,,,,,,,,,,,,,,,,,,,
hbo:7363,,"mlev, ruka, ruk, ndeg, ningeruka, inzi",,"mlev, ruka, ruk, ndeg, ningeruka, inzi",,,,,,,,,,,,,,,,,,
hbo:7364,,"osh, zifu, kuog, oshw, naw",,,"osh, zifu, kuog, oshw, naw","osh, zifu, kuog, oshw, naw",,,,,,,,,,,,,,,"amin, tumain, amini, sadik, tumaini",
hbo:7366,"osh, zifu, kuog, oshw, naw",,,,,,,,,,,,,,,,,,,,,
hbo:7367,"osh, zifu, kuog, oshw, naw",,,,,,,,,,,,,,,,,,,,,
hbo:7368,,"mbali, ondok, teng, ondo, alam",,"mbali, ondok, teng, ondo, alam",,,"mbali, ondok, teng, ondo, alam",,,,,,,,,,,,,,,
hbo:7369,"mbali, ondok, teng, ondo, alam",,,,,,,,,,,,,,,,,,,,,
hbo:7370,,"furi, furika, oshw, jaza, meng",,,,,,,,,,,,,,,,,,,,
hbo:7371,"jemb, sepetu, miik, ungo, vyungu",,,,,,,,,,,,,,,,,,,,,
hbo:7372,,"bich, mbichi, rutuba, umea, chet",,,,,,,,,,,,,,,,,,,,
hbo:7373,"bich, mbichi, rutuba, umea, chet",,,,,,,,,,,,,,,,,,,,,
hbo:7374,umejigeuza,,,,,,,,,,,,,,,,,,,,,
hbo:7375,,"bich, mbichi, rutuba, umea, chet",,,,,,,,,,,,,,,,,,,,
hbo:7376,,,,"vunjwavunj, setw, tumbuli, setaset","vunjwavunj, setw, tumbuli, setaset",,,,,,,,,,,,,,,,,
hbo:7377,"bich, mbichi, rutuba, umea, chet",,,,,,,,,,,,,,,,,,,,,
hbo:7378,,"shinda, tete, ishi, gomban, mgomvi",,,,,"shinda, tete, ishi, gomban, mgomvi",,,,,,,,,,,,,,,
hbo:7379,"shinda, ugomvi, fitina, shutuma, neno",,,,,,,,,,,,,,,,,,,,,
hbo:7380,ribai,,,,,,,,,,,,,,,,,,,,,
hbo:7381,"harufu, nuka, nus, hawanusi, dini",,,,,,,,,,,,,,,,,,,,,
hbo:7383,"nafaka, ngan, suk",,,,,,,,,,,,,,,,,,,,,
hbo:7384,rifathi,,,,,,,,,,,,,,,,,,,,,
hbo:7384a,rifathi,,,,,,,,,,,,,,,,,,,,,
hbo:7385,"bure, mitupu, fut, adhabu, sina",,,,,,,,,,,,,,,,,,,,,
hbo:7386,"baradhul, kitu, matunda, upuz, tupu",,,,,,,,,,,,,,,,,,,,,
hbo:7387,"bure, mitupu, fut, adhabu, sina",,,,,,,,,,,,,,,,,,,,,
hbo:7388,"mate, teme, mteme, nimeze",,,,,,,,,,,,,,,,,,,,,
hbo:7389,"umaskini, uhitaji, unyonge, pasina, haufikiri",,,,,,,,,,,,,,,,,,,,,
hbo:7390,"lain, mwororo, upol, uzoefu, zimi",,,,,,,,,,,,,,,,,,,,,
hbo:7391,"lain, mwororo, upol, uzoefu, zimi",,,,,,,,,,,,,,,,,,,,,
hbo:7392,,"pand, pandi, garini, panda, utakutendea",,,,,"pand, pandi, garini, panda, utakutendea",,,,,,,,,,,,,,,
hbo:7393,"gar, gari, garini, tandik, nalo",,,,,,,,,,,,,,,,,,,,,
hbo:7394,rekabu,,,,,,,,,,,,,,,,,,,,,
hbo:7395,"mwendesha, mpele",,,,,,,,,,,,,,,,,,,,,
hbo:7396,ndiki,,,,,,,,,,,,,,,,,,,,,
hbo:7397,"warekabi, reka",,,,,,,,,,,,,,,,,,,,,
hbo:7398,"gar, gari, garini, tandik, nalo",,,,,,,,,,,,,,,,,,,,,
hbo:7399,"mali, vyao, zoku, tengw, nyum",,,,,,,,,,,,,,,,,,,,,
hbo:7400,"singizi, habari, masingizio, ngizia, udak",,,,,,,,,,,,,,,,,,,,,
hbo:7401,,"lain, mwororo, upol, uzoefu, zimi",,,"lain, mwororo, upol, uzoefu, zimi",,"lain, mwororo, upol, uzoefu, zimi",,,,,,,,,,,,,,,
hbo:7402,,"biashara, huu, walitoa, dunda, nunueni",,,,,,,,,,,,,,,,,,,,
hbo:7403,rakali,,,,,,,,,,,,,,,,,,,,,
hbo:7404,"bidhaa, wako, biashara, yapita, nipite",,,,,,,,,,,,,,,,,,,,,
hbo:7406,"pwele, sawazish, palipopindika",,,,,,,,,,,,,,,,,,,,,
hbo:7407,"fitina, njam, so, utawaficha",,,,,,,,,,,,,,,,,,,,,
hbo:7408,,"kusany, kusanyi, sany, kuta, okot",,,,,,,,,,,,,,,,,,,,
hbo:7409,farasi,,,,,,,,,,,,,,,,,,,,,
hbo:7410,"dume, kondoo, wana, wanaume, kium",,,,,,,,,,,,,,,,,,,,,
hbo:7411,,"fundish, pig, wapiga, fundisha, funz, uongo, hila, anga, dangany, danganya",,,,,,,,,,,,,"tup, tupw, angush, tupi, bomo","tup, tupw, angush, tupi, bomo",,,,,"tup, tupw, angush, tupi, bomo",
hbo:7411a,,,,"fundish, pig, wapiga, fundisha, funz, uongo, hila, anga, dangany, danganya",,,,,,,,,,,,,,,,,,
hbo:7414a,"yeremothi, yerimothi",,,,,,,,,,,,,,,,,,,,,
hbo:7415,"nyuz, mabu, funz, buu, nyekundu",,,,,,,,,,,,,,,,,,,,,
hbo:7416,"komamang, aman",,,,,,,,,,,,,,,,,,,,,
hbo:7417,"aabudu, rimoni, rimona",,,,,,,,,,,,,,,,,,,,,
hbo:7417a,"aabudu, rimoni, rimona",,,,,,,,,,,,,,,,,,,,,
hbo:7419,"mavi, jaa, jaan, ziuz, uref",,,,,,,,,,,,,,,,,,,,,
hbo:7420,"mkuk, mikuki, fumo, vyus, inu",,,,,,,,,,,,,,,,,,,,,
hbo:7422,ramia,,,,,,,,,,,,,,,,,,,,,
hbo:7423,"uongo, hila, anga, dangany, danganya, lege, kupunguki, mviv, hai, wavivu",,,,,,,,,,,,,,,,,,,,,
hbo:7423a,"uongo, hila, anga, dangany, danganya, lege, kupunguki, mviv, hai, wavivu",,,,,,,,,,,,,,,,,,,,,
hbo:7425,remalia,,,,,,,,,,,,,,,,,,,,,
hbo:7426,,"tukuz, wakapaa, ondokeni, popa","tukuz, wakapaa, ondokeni, popa",,,,,,,,,,,,,,,,,,,
hbo:7428,rimon-peresi,,,,,,,,,,,,,,,,,,,,,
hbo:7429,,"kanya, waka, amka, kwa, taka","kanya, waka, amka, kwa, taka",,,,,,,,,,,,,,,,,,,
hbo:7430,,"baach, baav, enda, inzi, chenye",,,,,,,,,,,,,,,,,,,,
hbo:7431,"baach, baav, enda, inzi, chenye",,,,,,,,,,,,,,,,,,,,,
hbo:7432,"ramoth-gileadi, ramothi, ramoth-negebu",,,,,,,,,,,,,,,,,,,,,
hbo:7433,"ramoth-gileadi, ramothi, ramoth-negebu",,,,,,,,,,,,,,,,,,,,,
hbo:7435,mramathi,,,,,,,,,,,,,,,,,,,,,
hbo:7438,"wimb, nyimbo, imb, zaburi, imbi",,,,,,,,,,,,,,,,,,,,,
hbo:7440,"lili, kili, kelel, paz, mlili",,,,,,,,,,,,,,,,,,,,,
hbo:7442,,"imba, imb, mwimbieni, imbi, imbeni",,"imba, imb, mwimbieni, imbi, imbeni","imba, imb, mwimbieni, imbi, imbeni",,"imba, imb, mwimbieni, imbi, imbeni",,,,,,,,,,,,,,,
hbo:7443,mbun,,,,,,,,,,,,,,,,,,,,,
hbo:7445,"shangwe, kusif, isiw",,,,,,,,,,,,,,,,,,,,,
hbo:7446,risa,,,,,,,,,,,,,,,,,,,,,
hbo:7447,"dondo, ton, yadondoza, dondoz, manyunyu, mabaki, vimejaa, viwili, sanye, atoa",,,,,,,,,,,,,,,,,,,,,
hbo:7447a,"dondo, ton, yadondoza, dondoz, manyunyu, mabaki, vimejaa, viwili, sanye, atoa",,,,,,,,,,,,,,,,,,,,,
hbo:7448,"lijamu, hatamu, hawajizuii, diri, watutii",,,,,,,,,,,,,,,,,,,,,
hbo:7449,reseni,,,,,,,,,,,,,,,,,,,,,
hbo:7450,,"bich, mbichi, rutuba, umea, chet",,,,,,,,,,,,,,,,,,,,
hbo:7451,"kuna, mabaya, uovu, mbay, mwov, waov, taab, shid, dhik",,,,,,,,,,,,,,,,,,,,,
hbo:7453,"jirani, rafik, enzi, mwenzake, ambia",,,,,,,,,,,,,,,,,,,,,
hbo:7455,"mabaya, uovu, mbay, mwov, waov",,,,,,,,,,,,,,,,,,,,,
hbo:7456,njaa,njaa,,,,,njaa,,,,,,,,,,,,,,,
hbo:7458,"njaa, mibaya, takuj, akakiharibu",,,,,,,,,,,,,,,,,,,,,
hbo:7459,"njaa, mibaya, takuj, akakiharibu",,,,,,,,,,,,,,,,,,,,,
hbo:7460,,"tetemek, hofu, ogop, fukuz, kwako",,,,,"tetemek, hofu, ogop, fukuz, kwako",,,,,,,,,,,,,,,
hbo:7461,"tetemek, itetemeke, tish, uombewe, iliyoitetemesha",,,,,,,,,,,,,,,,,,,,,
hbo:7461a,"tetemek, itetemeke, tish, uombewe, iliyoitetemesha",,,,,,,,,,,,,,,,,,,,,
hbo:7462,"kuna, mabaya, uovu, mbay, mwov, waov, taab, shid, dhik",,,,,,,,,,,,,,,,,,,,,
hbo:7462a,,"chunga, chung, yeny, abaguavyo, yoambi, malisho, lish, viunga, mbug, fuata, pamoja, andama, ende, misafara, rafikiye",,"chunga, chung, yeny, abaguavyo, yoambi, malisho, lish, viunga, mbug, fuata, pamoja, andama, ende, misafara, rafikiye",,"chunga, chung, yeny, abaguavyo, yoambi, malisho, lish, viunga, mbug, fuata, pamoja, andama, ende, misafara, rafikiye",,,,,,,,,,,,,,,,
hbo:7463,"rafik, patan",,,,,,,,,,,,,,,,,,,,,
hbo:7464,"kazi, rafik, wenzake, enzi, mwenzake",,,,,,,,,,,,,,,,,,,,,
hbo:7466,reu,,,,,,,,,,,,,,,,,,,,,
hbo:7467,"reueli, deueli",,,,,,,,,,,,,,,,,,,,,
hbo:7468,"jirani, rafik, enzi, mwenzake, ambia",,,,,,,,,,,,,,,,,,,,,
hbo:7469,"tama, shauku, fukuz, sana, man",,,,,,,,,,,,,,,,,,,,,
hbo:7471,"chunga, malisho, lish, viunga, mbug",,,,,,,,,,,,,,,,,,,,,
hbo:7472,rei,,,,,,,,,,,,,,,,,,,,,
hbo:7474,"mpenzi, ujumla, nifungulie, elow",,,,,,,,,,,,,,,,,,,,,
hbo:7475,"kikomo, kuijua",,,,,,,,,,,,,,,,,,,,,
hbo:7478,"umelinywea, yumbi, yumb, linywe",,,,,,,,,,,,,,,,,,,,,
hbo:7479,"utaj, barakoa, leso, wakaninyang'anya, yao",,,,,,,,,,,,,,,,,,,,,
hbo:7480,reelaya,,,,,,,,,,,,,,,,,,,,,
hbo:7482,"radi, ngurumo, ivum, nguru, mshindo",,,,,,,,,,,,,,,,,,,,,
hbo:7484,raama,,,,,,,,,,,,,,,,,,,,,
hbo:7485,nahamani,,,,,,,,,,,,,,,,,,,,,
hbo:7486,ramesesi,,,,,,,,,,,,,,,,,,,,,
hbo:7488,"bich, mbichi, rutuba, umea, chet",,,,,,,,,,,,,,,,,,,,,
hbo:7489,,"mabaya, uovu, mbay, mwov, waov, vunja, vunjik, pond, vunj, gonga","mabaya, uovu, mbay, mwov, waov, vunja, vunjik, pond, vunj, gonga",,,,"mabaya, uovu, mbay, mwov, waov, vunja, vunjik, pond, vunj, gonga",,,,,,,,"vunj, vunjik, pasu, vunja, meg",,"vunj, vunjik, pasu, vunja, meg",,,,,
hbo:7489a,,"vunja, vunjik, pond, vunj, gonga",,,,"vunja, vunjik, pond, vunj, gonga",,,,,,,,,,,,,,,,
hbo:7491,,"dondo, ton, yadondoza, dondoz, manyunyu",,,,,"dondo, ton, yadondoza, dondoz, manyunyu",,,,,,,,,,,,,,,
hbo:7492,,"vunja, vunjik, pond, vunj, gonga",,,,,,,,,,,,,,,,,,,,
hbo:7493,,"tikis, tikisi, tiki, tetemek, kama","tikis, tikisi, tiki, tetemek, kama",,,,"tikis, tikisi, tiki, tetemek, kama",,,,,,,,,,,,,,,
hbo:7494,"tetemek, mshindo, ogelea",,,,,,,,,,,,,,,,,,,,,
hbo:7495,,"pony, pon, nyw, afya, mepo","pony, pon, nyw, afya, mepo","pony, pon, nyw, afya, mepo",,"pony, pon, nyw, afya, mepo",,,,,,,,,,,,,,,,
hbo:7496,"wafu, farik, watetemesha, huwaamsha, etaharuk",,,,,,,,,,,,,,,,,,,,,
hbo:7497,"mrefai, warefai",,,,,,,,,,,,,,,,,,,,,
hbo:7497a,"mrefai, warefai",,,,,,,,,,,,,,,,,,,,,
hbo:7499,"hupati, zong",,,,,,,,,,,,,,,,,,,,,
hbo:7500,"pony, pon, nyw, afya, mepo",,,,,,,,,,,,,,,,,,,,,
hbo:7501,refaeli,,,,,,,,,,,,,,,,,,,,,
hbo:7502,,"tandik, kunju, nyosh, kuene, tanda",,"tandik, kunju, nyosh, kuene, tanda",,,,,,,,,,,,,,,,,,
hbo:7503,,"lege, kupunguki, mviv, hai, wavivu","lege, kupunguki, mviv, hai, wavivu","lege, kupunguki, mviv, hai, wavivu",,"lege, kupunguki, mviv, hai, wavivu","lege, kupunguki, mviv, hai, wavivu",,,,,,,,,,,,,,,
hbo:7504,"hai, mgonjwa, ugu, wagonjwa, zimi",,,,,,,,,,,,,,,,,,,,,
hbo:7505,rafu,,,,,,,,,,,,,,,,,,,,,
hbo:7506,refa,,,,,,,,,,,,,,,,,,,,,
hbo:7507,"nyuma, mgongo, hayarishw, sog, ujao",,,,,,,,,,,,,,,,,,,,,
hbo:7508,refidimu,,,,,,,,,,,,,,,,,,,,,
hbo:7509,refaya,,,,,,,,,,,,,,,,,,,,,
hbo:7510,mngurumo,,,,,,,,,,,,,,,,,,,,,
hbo:7514,,,,,,"tegeme, wapumzika, kond, nasibu, misitu",,,,,,,,,,,,,,,,
hbo:7515,,"kanya, waka, amka, kwa, taka","kanya, waka, amka, kwa, taka",,,,,,,,,,,,,,,,,,,
hbo:7516,"top, topen, waid, tumiw, tope",,,,,,,,,,,,,,,,,,,,,
hbo:7517,"zizin, panda, jiw, mofa",,,,,,,,,,,,,,,,,,,,,
hbo:7518,"pand, tong, gaw, vitekete, lijaze",,,,,,,,,,,,,,,,,,,,,
hbo:7519,,"mbio, walinzi, tarish, kimbili, upes",,,,,,,,,,,,,,,,,,,,
hbo:7520,,,,"mlinzi, lind, walinzi, shik, angali",,,,,,,,,,,,,,,,,,
hbo:7521,,"kubal, kubali, shitak, pendez, kibali","kubal, kubali, shitak, pendez, kibali","kubal, kubali, shitak, pendez, kibali",,"kubal, kubali, shitak, pendez, kibali",,,,,,,,,,,,,,,,
hbo:7521a,,"kubal, kubali, shitak, pendez, kibali","kubal, kubali, shitak, pendez, kibali",,,,"kubal, kubali, shitak, pendez, kibali",,,,,,,,,,,,,,,
hbo:7522,"kubal, kubali, shitak, pendez, kibali",,,,,,,,,,,,,,,,,,,,,
hbo:7523,,"mwuaji, usiue, wauaji, mwu, uuaj","mwuaji, usiue, wauaji, mwu, uuaj","mwuaji, usiue, wauaji, mwu, uuaj",,,,,,,,,,,,,,,,,,
hbo:7524,"mithili, bomole, wino",,,,,,,,,,,,,,,,,,,,,
hbo:7525,risia,,,,,,,,,,,,,,,,,,,,,
hbo:7526,resini,,,,,,,,,,,,,,,,,,,,,
hbo:7527,,"jeruhi, tiay, yamzunguka, pamb, alichubuliwa",,,,,,,,,,,,,,,,,,,,
hbo:7529,"maka, wachi, yawaangukie",,,,,,,,,,,,,,,,,,,,,
hbo:7530,resefu,,,,,,,,,,,,,,,,,,,,,
hbo:7531,"sakafu, sakafuni, okw, kaa",,,,,,,,,,,,,,,,,,,,,
hbo:7532,rispa,,,,,,,,,,,,,,,,,,,,,
hbo:7533,,"pond, vunj, vunjik, onew, mez","pond, vunj, vunjik, onew, mez","pond, vunj, vunjik, onew, mez",,"pond, vunj, vunjik, onew, mez","pond, vunj, vunjik, onew, mez",,,,,,,,,,,,,,,
hbo:7534,"kond, bamb, kidogo, nyembamba, lain",,,,,,,,,,,,,,,,,,,,,
hbo:7535,"ila, tu, lakini, poku, mwingine",,,,,,,,,,,,,,,,,,,,,
hbo:7536,"mate, teme, mteme, nimeze",,,,,,,,,,,,,,,,,,,,,
hbo:7537,,"ubov, haribik, fifi, uzaa, taoz",,,,,,,,,,,,,,,,,,,,
hbo:7538,"ubov, haribik, fifi, uzaa, taoz",,,,,,,,,,,,,,,,,,,,,
hbo:7539,"ubov, haribik, fifi, uzaa, taoz",,,,,,,,,,,,,,,,,,,,,
hbo:7540,,"chez, ruk, mruk, iunguzapo",,"chez, ruk, mruk, iunguzapo",,,"chez, ruk, mruk, iunguzapo",,,,,,,,,,,,,,,
hbo:7541,"hekal, hekaluni, wanethini, jumb, nyumba",,,,,,,,,,,,,,,,,,,,,
hbo:7542,rakoni,,,,,,,,,,,,,,,,,,,,,
hbo:7543,,"anga, changany, lain, nyik, mzit",,,"anga, changany, lain, nyik, mzit",,"anga, changany, lain, nyik, mzit",,,,,,,,,,,,,,,
hbo:7544,"nuka, mzur, rihani, pak, haukuja",,,,,,,,,,,,,,,,,,,,,
hbo:7545,"nuka, mzur, rihani, pak, haukuja",,,,,,,,,,,,,,,,,,,,,
hbo:7546,"wapishi, buruj",,,,,,,,,,,,,,,,,,,,,
hbo:7549,"anga, itie, ongoza, liit, yajawe",,,,,,,,,,,,,,,,,,,,,
hbo:7550,"kaki, andali, myembamba, tokos, kandw",,,,,,,,,,,,,,,,,,,,,
hbo:7551,,"sokot, taraza, fuma, fum, fumw",,,"sokot, taraza, fuma, fum, fumw",,,,,,,,,,,,,,,,,
hbo:7552,rekemu,,,,,,,,,,,,,,,,,,,,,
hbo:7552a,rekemu,,,,,,,,,,,,,,,,,,,,,
hbo:7553,"taraza, rang, pelekw",,,,,,,,,,,,,,,,,,,,,
hbo:7554,,"mara, pig, wakati, pigw, pond",,"mara, pig, wakati, pigw, pond","mara, pig, wakati, pigw, pond",,"mara, pig, wakati, pigw, pond",,,,,,,,,,,,,,,
hbo:7555,umiz,,,,,,,,,,,,,,,,,,,,,
hbo:7556,,"mate, teme, mteme, nimeze",,,,,,,,,,,,,,,,,,,,
hbo:7557,rakathi,,,,,,,,,,,,,,,,,,,,,
hbo:7558,"halali, ruhusa, niseme, wezekan, sababu",,,,,,,,,,,,,,,,,,,,,
hbo:7560,,"anwani, julish, sahihi, letw, tekeli",,,,,,,,,,,,,"ishara, lil, alam, sahihi","ishara, lil, alam, sahihi",,,,,,
hbo:7561,,"mabaya, uovu, mbay, mwov, waov",,,,,"mabaya, uovu, mbay, mwov, waov",,,,,,,,,,,,,,,
hbo:7562,"mabaya, uovu, mbay, mwov, waov",,,,,,,,,,,,,,,,,,,,,
hbo:7563,"amemnasa, mabaya, uovu, mbay, mwov, waov",,,,,,,,,,,,,,,,,,,,,
hbo:7564,"mabaya, uovu, mbay, mwov, waov",,,,,,,,,,,,,,,,,,,,,
hbo:7565,"etamet, gudulia, maka, umem, chup",,,,,,,,,,,,,,,,,,,,,
hbo:7567,,,,"mara, pig, wakati, pigw, pond","mara, pig, wakati, pigw, pond",,,,,,,,,,,,,,,,,
hbo:7568,"wavu, nyav, jarife, tegw, wind",,,,,,,,,,,,,,,,,,,,,
hbo:7570,,,,"tanuri, waokaji, tokos, mwokaji, kos","tanuri, waokaji, tokos, mwokaji, kos",,"tanuri, waokaji, tokos, mwokaji, kos",,,,,,,,,,,,,,,
hbo:7571,"tanuri, waokaji, tokos, mwokaji, kos",,,,,,,,,,,,,,,,,,,,,
hbo:7574,"mretemu, ufagio",,,,,,,,,,,,,,,,,,,,,
hbo:7575,rithma,,,,,,,,,,,,,,,,,,,,,
hbo:7578,"tetemek, itetemeke, tish, uombewe, iliyoitetemesha",,,,,,,,,,,,,,,,,,,,,
hbo:7578a,"kama, ambaye, kwa, ambayo, kuw",,,,,,,,,,,,,,,,,,,,,
hbo:7579,,"kuteka, tek, yoyate, sherehe",,,,,,,,,,,,,,,,,,,,
hbo:7580,,"nguru, kama, kelel, wangu, mshindo",,,,,,,,,,,,,,,,,,,,
hbo:7581,"nguru, kama, kelel, wangu, mshindo",,,,,,,,,,,,,,,,,,,,,
hbo:7583,,,,,,"dakika, angali, amka, macho, ghafla",,,,,,,,,,,,,,,,
hbo:7585,"kuzimu, mun, kaburin, aher, shimoni",,,,,,,,,,,,,,,,,,,,,
hbo:7586,"sauli, shauli",,,,,,,,,,,,,,,,,,,,,
hbo:7587,washauli,,,,,,,,,,,,,,,,,,,,,
hbo:7588,"nguru, kama, kelel, wangu, mshindo",,,,,,,,,,,,,,,,,,,,,
hbo:7588a,"nguru, kama, kelel, wangu, mshindo",,,,,,,,,,,,,,,,,,,,,
hbo:7589,"ujeuri, jilipi",,,,,,,,,,,,,,,,,,,,,
hbo:7590a,,"dhara, dhar, dharau, aliye, jeur",,,,,,,,,,,,,,,,,,,,
hbo:7591,"harib, anga, haribik, nyar, haribi",,,,,,,,,,,,,,,,,,,,,
hbo:7592,,"uliz, omb, tak, omba, uliza","uliz, omb, tak, omba, uliza","uliz, omb, tak, omba, uliza",,,"uliz, omb, tak, omba, uliza",,,,,,,,"uliz, omb, tak, omba, uliza",,,,,,,
hbo:7594,sheali,,,,,,,,,,,,,,,,,,,,,
hbo:7596,"habari, vile, niiulizie, zen, keza",,,,,,,,,,,,,,,,,,,,,
hbo:7597,"shealtieli, shealueli",,,,,,,,,,,,,,,,,,,,,
hbo:7599,,,,"wek, raha, stareh, pumzik, ach",,,,,,,,,,,,,,,,,,
hbo:7600,"kimbili, salama, ngom, nguvu, raha",,,,,,,,,,,,,,,,,,,,,
hbo:7602,,"tama, shauku, fukuz, sana, man, pond, vunj, vunjik, onew, mez",,,,,,,,,,,,,,,,,,,,
hbo:7603,"chachu, chach, isitiwe, mtoazo, usimle",,,,,,,,,,,,,,,,,,,,,
hbo:7604,,"sali, bak, wengine, baki, mabaki","sali, bak, wengine, baki, mabaki",,,,"sali, bak, wengine, baki, mabaki",,,,,,,,,,,,,,,
hbo:7605,"mabaki, sali, wengine, bak, baki",,,,,,,,,,,,,,,,,,,,,
hbo:7607,"mwili, nyam, miil, ili, karibu",,,,,,,,,,,,,,,,,,,,,
hbo:7608,"jamaa, wake, mkwewe, zaliw, mbar",,,,,,,,,,,,,,,,,,,,,
hbo:7609,sheera,,,,,,,,,,,,,,,,,,,,,
hbo:7610,"shear-yashubu, umlaki",,,,,,,,,,,,,,,,,,,,,
hbo:7611,"mabaki, sali, wengine, bak, baki",,,,,,,,,,,,,,,,,,,,,
hbo:7612,"ukiwa, uharibifu, anga, chukiz, ajab",,,,,,,,,,,,,,,,,,,,,
hbo:7613a,"ukuu, uvimbe, maka, kwake, vimb",,,,,,,,,,,,,,,,,,,,,
hbo:7614,"sheba, seba, waseba",,,,,,,,,,,,,,,,,,,,,
hbo:7616,"mabaki, vimejaa, viwili, sanye, atoa",,,,,,,,,,,,,,,,,,,,,
hbo:7617,,"mateka, twa, uhamisho, hamish, wafungwa","mateka, twa, uhamisho, hamish, wafungwa",,,,,,,,,,,,,,,,,,,
hbo:7618,thist,,,,,,,,,,,,,,,,,,,,,
hbo:7619,shebueli,,,,,,,,,,,,,,,,,,,,,
hbo:7619a,shebueli,,,,,,,,,,,,,,,,,,,,,
hbo:7620,"jum, juma, timiza, labani, mkat",,,,,,,,,,,,,,,,,,,,,
hbo:7621,"kiap, laan, apiz, viap, apish",,,,,,,,,,,,,,,,,,,,,
hbo:7622,"mateka, twa, uhamisho, hamish, wafungwa",,,,,,,,,,,,,,,,,,,,,
hbo:7622a,"mateka, twa, uhamisho, hamish, wafungwa",,,,,,,,,,,,,,,,,,,,,
hbo:7626,"kabila, fimb, kabil, gong, tegemeo",,,,,,,,,,,,,,,,,,,,,
hbo:7627,shebati,,,,,,,,,,,,,,,,,,,,,
hbo:7628,"mateka, twa, uhamisho, hamish, wafungwa",,,,,,,,,,,,,,,,,,,,,
hbo:7629,shobi,,,,,,,,,,,,,,,,,,,,,
hbo:7630,shobai,,,,,,,,,,,,,,,,,,,,,
hbo:7632,"mial, mual, moto, mwal, liku",,,,,,,,,,,,,,,,,,,,,
hbo:7633,"mateka, twa, uhamisho, hamish, wafungwa",,,,,,,,,,,,,,,,,,,,,
hbo:7635,"pit, njia, yanyosheni, wauzidisha, uniendeshe",,,,,,,,,,,,,,,,,,,,,
hbo:7636,kaya,,,,,,,,,,,,,,,,,,,,,
hbo:7637,saba,,,,,,,,,,,,,,,,,,,,,
hbo:7639,"wavu, nyav, dirish, zifunike, jarife, tegw, wind",,,,,,,,,,,,,,,,,,,,,
hbo:7640,usag,,,,,,,,,,,,,,,,,,,,,
hbo:7641,"mito, jit, mkondo, mifereji, wawapa, nafaka, ngan, suk",,,,,,,,,,,,,,,,,,,,,
hbo:7642,konokono,,,,,,,,,,,,,,,,,,,,,
hbo:7643,sibma,,,,,,,,,,,,,,,,,,,,,
hbo:7643a,sibma,,,,,,,,,,,,,,,,,,,,,
hbo:7644,shebna,,,,,,,,,,,,,,,,,,,,,
hbo:7645,"shebania, shekania",,,,,,,,,,,,,,,,,,,,,
hbo:7646,,"shib, shibi, ishi, shibish, jaz",,"shib, shibi, ishi, shibish, jaz",,,"shib, shibi, ishi, shibish, jaz",,,,,,,,,,,,,,,
hbo:7647,"wing, tele, nyingi, wengi, shib",,,,,,,,,,,,,,,,,,,,,
hbo:7648,"shib, shibi, ishi, shibish, jaz",,,,,,,,,,,,,,,,,,,,,
hbo:7649,"shib, shibi, ishi, shibish, jaz",,,,,,,,,,,,,,,,,,,,,
hbo:7650,,,"waapi, api, apish, akaapa, yowaapi",,,,"waapi, api, apish, akaapa, yowaapi",,,,,,,,,,,,,,,
hbo:7651,"saba, sabini",,,,,,,,,,,,,,,,,,,,,
hbo:7654,"shib, shibi, ishi, shibish, jaz",,,,,,,,,,,,,,,,,,,,,
hbo:7656,shiba,,,,,,,,,,,,,,,,,,,,,
hbo:7658,saba,,,,,,,,,,,,,,,,,,,,,
hbo:7660,,,,"sokot, taraza, fuma, fum, fumw","sokot, taraza, fuma, fum, fumw",,,,,,,,,,,,,,,,,
hbo:7661,"uchungu, maumivu, upatapo, azaaye, ingali",,,,,,,,,,,,,,,,,,,,,
hbo:7662,,,,,,,,,,,,,,,"ach, kan, achw, ondok, acha",,,,,,"ach, kan, achw, ondok, acha",
hbo:7664,"tumain, tumai, raji, tara, taraji",,,,,,,,,,,,,,,,,,,,,
hbo:7665,,"winda, vunj, vunjik, pasu, vunja, meg","winda, vunj, vunjik, pasu, vunja, meg","winda, vunj, vunjik, pasu, vunja, meg",,,"winda, vunj, vunjik, pasu, vunja, meg","winda, vunj, vunjik, pasu, vunja, meg",,,,,,,,,,,,,,
hbo:7665a,"winda, vunj, vunjik, pasu, vunja, meg",,,,,,,,,,,,,,,,,,,,,
hbo:7666,,"nunu, nunuli, tununue, nunua, jinunu",,,,,"nunu, nunuli, tununue, nunua, jinunu",,,,,,,,,,,,,,,
hbo:7667,"uharibifu, anga, jerah, vunjik, vunj",,,,,,,,,,,,,,,,,,,,,
hbo:7668,"nafaka, ngan, suk",,,,,,,,,,,,,,,,,,,,,
hbo:7670,"uharibifu, anga, jerah, vunjik, vunj",,,,,,,,,,,,,,,,,,,,,
hbo:7671,"uharibifu, anga, jerah, vunjik, vunj",,,,,,,,,,,,,,,,,,,,,
hbo:7672,,,,,,,,,,,,"shak, fadhai, fadhaa, wakiwa, ngiw",,,,,,,,,,
hbo:7673,,"komesh, ach, kom, pumzik, acha, shik, lind, ishi, tunz, zangu","komesh, ach, kom, pumzik, acha, shik, lind, ishi, tunz, zangu",,,,"komesh, ach, kom, pumzik, acha, shik, lind, ishi, tunz, zangu",,,,,,,,,,,,,,,
hbo:7674,"haliachi, usijipatie, sikom, maka, kuka, mahali, kuketi, viti, mhakmoni",,,,,,,,,,,,,,,,,,,,,
hbo:7676,"sabato, juma",,,,,,,,,,,,,,,,,,,,,
hbo:7677,"stareh, makini, oken",,,,,,,,,,,,,,,,,,,,,
hbo:7678,shabethai,,,,,,,,,,,,,,,,,,,,,
hbo:7679,,,,,,,"mafuta, nenep, non, kuku, zid",,,,,,,,"mafuta, nenep, non, kuku, zid",,,,,,,
hbo:7681,yasheni,,,,,,,,,,,,,,,,,,,,,
hbo:7682,,"tuku, inu, juu, tukuz, tole","tuku, inu, juu, tukuz, tole","tuku, inu, juu, tukuz, tole","tuku, inu, juu, tukuz, tole",,"tuku, inu, juu, tukuz, tole",,,,,,,,,,,,,,,
hbo:7683,,"pote, kose, anga, kosa, wakose",,,,,,,,,,,,,,,,,,,,
hbo:7684,"pasipo, sudi, kosa, akiasi, sirishw",,,,,,,,,,,,,,,,,,,,,
hbo:7685,,"mafuta, nenep, non, kuku, zid, ziad, ongez, izid, ngeze, liwe",,,,,"mafuta, nenep, non, kuku, zid, ziad, ongez, izid, ngeze, liwe",,,,,,,,,,,,,,,
hbo:7686,,"dangany, anga, kimbi, pote, tang",,,,,"dangany, anga, kimbi, pote, tang",,,,,,,,,,,,,,,
hbo:7687,segubu,,,,,,,,,,,,,,,,,,,,,
hbo:7688,,,,,,,"dakika, angali, amka, macho, ghafla",,,,,,,,,,,,,,,
hbo:7690,"kubw, kubwa, mkuu, kuu, maku",,,,,,,,,,,,,,,,,,,,,
hbo:7691,"anga, upotevu, kosa, acha, unitakase",,,,,,,,,,,,,,,,,,,,,
hbo:7692,"habakuki, ombolezo, aliloimba",,,,,,,,,,,,,,,,,,,,,
hbo:7694,"malkia, yemtend, isif",,,,,,,,,,,,,,,,,,,,,
hbo:7696,,,,,"wazimu, yaonwayo, tiliz","wazimu, yaonwayo, tiliz",,,,,,,,,,,,,,,,
hbo:7697,"wazimu, harudi, upuuzi",,,,,,,,,,,,,,,,,,,,,
hbo:7698,"waza, enyi, maza, uzao, zaliwa",,,,,,,,,,,,,,,,,,,,,
hbo:7699,"matiti, dar, maziwa, matitini, fuan",,,,,,,,,,,,,,,,,,,,,
hbo:7700,"pepo, shetan, miungu, wato, wavitoa",,,,,,,,,,,,,,,,,,,,,
hbo:7701,"udhalimu, jeur, nguvu, dhuluma, uharibifu",,,,,,,,,,,,,,,,,,,,,
hbo:7702,,,,"haro, afunua, matutani",,,,,,,,,,,,,,,,,,
hbo:7703,,"harib, anga, haribik, nyar, haribi, pote, ukiwa","harib, anga, haribik, nyar, haribi, pote, ukiwa","harib, anga, haribik, nyar, haribi, pote, ukiwa","harib, anga, haribik, nyar, haribi, pote, ukiwa",,,"harib, anga, haribik, nyar, haribi, pote, ukiwa",,,,,,,,,,,,,,
hbo:7704,"shamb, shamban, konden, lim, nchi",,,,,,,,,,,,,,,,,,,,,
hbo:7704a,"shamb, shamban, konden, lim, nchi",,,,,,,,,,,,,,,,,,,,,
hbo:7705,suri,,,,,,,,,,,,,,,,,,,,,
hbo:7706,mwenyezi,,,,,,,,,,,,,,,,,,,,,
hbo:7707,shedeuri,,,,,,,,,,,,,,,,,,,,,
hbo:7708,sidimu,,,,,,,,,,,,,,,,,,,,,
hbo:7709,"shamb, shamban, konden, lim, nchi",,,,,,,,,,,,,,,,,,,,,
hbo:7710,,"tekete, joto, kaush, pozu, ruhusiw",,,,,,,,,,,,,,,,,,,,
hbo:7712,,,,,,,,,,,,"chw, shinda, zichunguzwe, hizo",,,,,,,,,,
hbo:7713,"majeshi, jeshi, mtoeni, wekw, mle",,,,,,,,,,,,,,,,,,,,,
hbo:7714,shadraka,,,,,,,,,,,,,,,,,,,,,
hbo:7716,"kondoo, -kondo, mnyama, wanyama, hamm, jik",,,,,,,,,,,,,,,,,,,,,
hbo:7717,yuko,,,,,,,,,,,,,,,,,,,,,
hbo:7718,shohamu,,,,,,,,,,,,,,,,,,,,,
hbo:7720,"koj, koja",,,,,,,,,,,,,,,,,,,,,
hbo:7722a,"anga, harib, pote, haribik, ukiwa, udhalimu, jeur, nguvu, dhuluma, uharibifu, chukiz, ajab",,,,,,,,,,,,,,,,,,,,,
hbo:7723,"ubatili, bure, uongo, kitu, vyofa",,,,,,,,,,,,,,,,,,,,,
hbo:7725,,"rud, rudi, rudish, reje, tena",,"rud, rudi, rudish, reje, tena",,,"rud, rudi, rudish, reje, tena","rud, rudi, rudish, reje, tena",,,,,,,,,,,,,,
hbo:7726,"geuk, zunguk, geuki, geuz, tazam",,,,,,,,,,,,,,,,,,,,,
hbo:7727,shobabu,,,,,,,,,,,,,,,,,,,,,
hbo:7729,okole,,,,,,,,,,,,,,,,,,,,,
hbo:7731,shobaki,,,,,,,,,,,,,,,,,,,,,
hbo:7732,shobali,,,,,,,,,,,,,,,,,,,,,
hbo:7733,shobeki,,,,,,,,,,,,,,,,,,,,,
hbo:7740,shawe,,,,,,,,,,,,,,,,,,,,,
hbo:7742,,"mjumbe, fakar, maazimio, fikira, tafakar",,,,,,,,,,,,,,,,,,,,
hbo:7744,"sua, ishbaki",,,,,,,,,,,,,,,,,,,,,
hbo:7745,"shim, shimoni, sim, rima, birik",,,,,,,,,,,,,,,,,,,,,
hbo:7746,shuha,,,,,,,,,,,,,,,,,,,,,
hbo:7747,mshuhi,,,,,,,,,,,,,,,,,,,,,
hbo:7748,shuhamu,,,,,,,,,,,,,,,,,,,,,
hbo:7749,washuhamu,,,,,,,,,,,,,,,,,,,,,
hbo:7751,,"zunguk, huku, fakar, mjivike, kote, kasi, wavuta",,"zunguk, huku, fakar, mjivike, kote, kasi, wavuta",,"zunguk, huku, fakar, mjivike, kote, kasi, wavuta",,,,,,,,,,,,,,,,
hbo:7752,"mijeledi, mjeledi, pig, msib, lenu",,,,,,,,,,,,,,,,,,,,,
hbo:7753,,"boma, zungu, tuten, barabarani, nani",,,,,,,,,,,,,,,,,,,,
hbo:7754a,"taw, mwanzi, tawi, chipukiz, mianzi",,,,,,,,,,,,,,,,,,,,,
hbo:7755,soko,,,,,,,,,,,,,,,,,,,,,
hbo:7756,wasukathi,,,,,,,,,,,,,,,,,,,,,
hbo:7757,"pind, marinda, upindo",,,,,,,,,,,,,,,,,,,,,
hbo:7759,mshulami,,,,,,,,,,,,,,,,,,,,,
hbo:7760,,"amri, alitoa, nikatoa, nimetoa, nato, choo, sichw, kich, kuchwa, uliy, kusudi, dawa",,,,,"amri, alitoa, nikatoa, nimetoa, nato, choo, sichw, kich, kuchwa, uliy, kusudi, dawa","amri, alitoa, nikatoa, nimetoa, nato, choo, sichw, kich, kuchwa, uliy, kusudi, dawa",,,,,,,,,,,,,,
hbo:7762,vitunguu,,,,,,,,,,,,,,,,,,,,,
hbo:7763,"shomeri, yozakari",,,,,,,,,,,,,,,,,,,,,
hbo:7764,shuni,,,,,,,,,,,,,,,,,,,,,
hbo:7766,shunemu,,,,,,,,,,,,,,,,,,,,,
hbo:7767,mshunami,,,,,,,,,,,,,,,,,,,,,
hbo:7768,,,,"lili, kili, kelel, paz, mlili",,,,,,,,,,,,,,,,,,
hbo:7770,shua,,,,,,,,,,,,,,,,,,,,,
hbo:7771,"tajir, mali, jir, wing, unon, lili, kili, kelel, paz, mlili",,,,,,,,,,,,,,,,,,,,,
hbo:7773,"lili, kili, kelel, paz, mlili",,,,,,,,,,,,,,,,,,,,,
hbo:7774,shua,,,,,,,,,,,,,,,,,,,,,
hbo:7775,"lili, kili, kelel, paz, mlili",,,,,,,,,,,,,,,,,,,,,
hbo:7776,"mbweha, wafe",,,,,,,,,,,,,,,,,,,,,
hbo:7778,"lango, lang, langon, bawab, ila",,,,,,,,,,,,,,,,,,,,,
hbo:7779,,"pond, mapumbu, chomek, ponda, zunguk",,,,,,,,,,,,,,,,,,,,
hbo:7780,shobaki,,,,,,,,,,,,,,,,,,,,,
hbo:7781,washufamu,,,,,,,,,,,,,,,,,,,,,
hbo:7782,"rumbet, baragum, pand, pigeni, pige",,,,,,,,,,,,,,,,,,,,,
hbo:7783,,,,"furi, furika, oshw, jaza, meng",,,"furi, furika, oshw, jaza, meng",,,,,,,,,,,,,,,
hbo:7784,"kuu, njia, uwanja, mita, uwanjani",,,,,,,,,,,,,,,,,,,,,
hbo:7785,"miguu, mguu, paja, vikali, kimbia",,,,,,,,,,,,,,,,,,,,,
hbo:7788,,"fuata, pamoja, andama, ende, misafara",,,,,,,,,,,,,,,,,,,,
hbo:7789,,"tazam, mwon, poon, angali, waon",,,,,,,,,,,,,,,,,,,,
hbo:7793,shur,,,,,,,,,,,,,,,,,,,,,
hbo:7794,"yemilik, zikakua, wakatoa, ujitahidi, ng'ombe, fahal, ndam, wanyama, njek",,,,,,,,,,,,,,,,,,,,,
hbo:7795,"safu, wonyesho, mstari, mistari, ya",,,,,,,,,,,,,,,,,,,,,
hbo:7797,,"furah, furahi, furaha, furahini, salamu",,,,,,,,,,,,,,,,,,,,
hbo:7798,"seraya, shausha",,,,,,,,,,,,,,,,,,,,,
hbo:7799,"nyinyoro, yung, yungiyungi, maua",,,,,,,,,,,,,,,,,,,,,
hbo:7800,"susa, shushani",,,,,,,,,,,,,,,,,,,,,
hbo:7801,washushani,,,,,,,,,,,,,,,,,,,,,
hbo:7803,shuthela,,,,,,,,,,,,,,,,,,,,,
hbo:7804,,,,,,,,,,,,,,,,,,,,"oko, sali, pony, uniponye, uniokoe",,
hbo:7805,,"tazam, mwon, poon, angali, waon",,,,,,,,,,,,,,,,,,,,
hbo:7806,,,,,,,,"poto, sokot, uchungu, ukaidi, tosh",,,,,,,,,,,,,,
hbo:7807,"chini, shush, ingi, mnyenyekevu, duni",,,,,,,,,,,,,,,,,,,,,
hbo:7808,"waz, busara, fikira, mna, jivikeni",,,,,,,,,,,,,,,,,,,,,
hbo:7809,,"rushwa, zawadi, ijar, atwaaye, geuka",,,,,,,,,,,,,,,,,,,,
hbo:7810,"rushwa, zawadi, ijar, atwaaye, geuka",,,,,,,,,,,,,,,,,,,,,
hbo:7811,,"ogele, gele, aogelee, bubujiki, wajitupe",,,,,"ogele, gele, aogelee, bubujiki, wajitupe",,,,,,,,,,,,,,,
hbo:7812a,,,,,,,,,"inam, abud, sujudi, sujud, inami",,,,,,,,"onesh, ony, wone, yake, dhihiri","onesh, ony, wone, yake, dhihiri","onesh, ony, wone, yake, dhihiri",,,
hbo:7813,"ogele, gele, aogelee, bubujiki, wajitupe",,,,,,,,,,,,,,,,,,,,,
hbo:7814,"chek, chez, dhihaka, mzah, dhara",,,,,,,,,,,,,,,,,,,,,
hbo:7815,"nyeusi, mweusi, weus, jeus, latoka",,,,,,,,,,,,,,,,,,,,,
hbo:7816,"shim, shimoni, sim, rima, birik",,,,,,,,,,,,,,,,,,,,,
hbo:7817,,"inam, abud, sujudi, sujud, inami","inam, abud, sujudi, sujud, inami",,,,"inam, abud, sujudi, sujud, inami",,,,,,,,,,,,,,,
hbo:7818,,kamu,,,,,,,,,,,,,,,,,,,,
hbo:7819,,"mara, pig, wakati, pigw, pond","mara, pig, wakati, pigw, pond",,,,,,,,,,,,,,,,,,,
hbo:7820,,"mara, pig, wakati, pigw, pond",,,,,,,,,,,,,,,,,,,,
hbo:7821,"chinj, chin, wau, chinji, chinja",,,,,,,,,,,,,,,,,,,,,
hbo:7822,"jipu, vimb, jip, kufura, hain",,,,,,,,,,,,,,,,,,,,,
hbo:7823,"waza, enyi, maza, uzao, zaliwa",,,,,,,,,,,,,,,,,,,,,
hbo:7824,kikabil,,,,,,,,,,,,,,,,,,,,,
hbo:7825,"shim, shimoni, sim, rima, birik",,,,,,,,,,,,,,,,,,,,,
hbo:7826,simb,,,,,,,,,,,,,,,,,,,,,
hbo:7827,shekelethi,,,,,,,,,,,,,,,,,,,,,
hbo:7828,dudumizi,,,,,,,,,,,,,,,,,,,,,
hbo:7829,"komesh, kabisa, kiku, boleze, wamo",,,,,,,,,,,,,,,,,,,,,
hbo:7830,"kiburi, fahari, sif, enzi, utukufu",,,,,,,,,,,,,,,,,,,,,
hbo:7832,,"chek, chez, dhihaka, mzah, dhara",,"chek, chez, dhihaka, mzah, dhara",,,"chek, chez, dhihaka, mzah, dhara",,,,,,,,,,,,,,,
hbo:7833,,"mara, pig, wakati, pigw, pond",,,,,,,,,,,,,,,,,,,,
hbo:7834,"wing, wingun, giza, nene, mbinguni",,,,,,,,,,,,,,,,,,,,,
hbo:7837,"alfajiri, asubuhi, amba, pambazuk, anz",,,,,,,,,,,,,,,,,,,,,
hbo:7838,"nyeusi, mweusi, weus, jeus, latoka",,,,,,,,,,,,,,,,,,,,,
hbo:7839,"giza, gizani, pofu, mweusi, weus",,,,,,,,,,,,,,,,,,,,,
hbo:7841,sheharia,,,,,,,,,,,,,,,,,,,,,
hbo:7842,shaharaimu,,,,,,,,,,,,,,,,,,,,,
hbo:7843,,,"harib, anga, haribik, nyar, haribi","harib, anga, haribik, nyar, haribi",,,"harib, anga, haribik, nyar, haribi","harib, anga, haribik, nyar, haribi",,,,,,,"eoz, kosa, iwapasayo, ukaj, sembuse",,,,,,,
hbo:7845,"shim, shimoni, sim, rima, birik",,,,,,,,,,,,,,,,,,,,,
hbo:7846,oas,,,,,,,,,,,,,,,,,,,,,
hbo:7847,,"ondo, ondole, ach, geuk, ondok",,,,,,,,,,,,,,,,,,,,
hbo:7848,"mshita, mjohoro",,,,,,,,,,,,,,,,,,,,,
hbo:7849,,"tandik, kunju, nyosh, kuene, tanda",,"tandik, kunju, nyosh, kuene, tanda",,,,,,,,,,,,,,,,,,
hbo:7850,mjeledi,,,,,,,,,,,,,,,,,,,,,
hbo:7851,shitimu,,,,,,,,,,,,,,,,,,,,,
hbo:7852,,"chuki, chukia, chuk, pend, chukiz",,,,,,,,,,,,,,,,,,,,
hbo:7854,"shetan, adui, ping, mkorofi, mrudishe",,,,,,,,,,,,,,,,,,,,,
hbo:7856,sitna,,,,,,,,,,,,,,,,,,,,,
hbo:7857,,"furi, furika, oshw, jaza, meng","furi, furika, oshw, jaza, meng",,"furi, furika, oshw, jaza, meng",,,,,,,,,,,,,,,,,
hbo:7858,"gharika, gharikish, ifurikayo, yameayo, zikatoa",,,,,,,,,,,,,,,,,,,,,
hbo:7860,,"ofis, wakuu, mkuu, watumishi, hakim",,,,,,,,,,,,,,,,,,,,
hbo:7862,"karama, zawadi, paw, sadaka, kuto",,,,,,,,,,,,,,,,,,,,,
hbo:7863,"pand, mbinguni, kichwa, ukuu, wingun",,,,,,,,,,,,,,,,,,,,,
hbo:7865,ngon,,,,,,,,,,,,,,,,,,,,,
hbo:7866,shioni,,,,,,,,,,,,,,,,,,,,,
hbo:7867,,"wazee, mzee, mvi, kale, uzee",,,,,,,,,,,,,,,,,,,,
hbo:7868,"wazee, mzee, mvi, kale, uzee",,,,,,,,,,,,,,,,,,,,,
hbo:7869,"wazee, mzee, mvi, kale, uzee",,,,,,,,,,,,,,,,,,,,,
hbo:7871,"mateka, twa, uhamisho, hamish, wafungwa, mgen, wageni, kuka, akaaye, ugenini",,,,,,,,,,,,,,,,,,,,,
hbo:7872,"wazee, mzee, mvi, kale, uzee",,,,,,,,,,,,,,,,,,,,,
hbo:7873,"fuati, fukuz, fuat, nifuati, niudh",,,,,,,,,,,,,,,,,,,,,
hbo:7874,,"meup, nyeupe, mweupe, weup, cheupe",,,,,,,,,,,,,,,,,,,,
hbo:7875,"chokaa, matalizo, yataliz, liz",,,,,,,,,,,,,,,,,,,,,
hbo:7876,,"saha, sahau, lish, uwasahau, nikasahau",,,,,,,,,,,,,,,,,,,,
hbo:7877,"mreubeni, shiza",,,,,,,,,,,,,,,,,,,,,
hbo:7878,,"yatafakar, zitafakar, waketio, yasimulieni, lala",,"yatafakar, zitafakar, waketio, yasimulieni, lala",,,,,,,,,,,,,,,,,,
hbo:7879,"lala, kuugua, kutamu, laum, yamhusu",,,,,,,,,,,,,,,,,,,,,
hbo:7880,"chak, chakan, mche",,,,,,,,,,,,,,,,,,,,,
hbo:7881,"mjumbe, fakar, maazimio, fikira, tafakar",,,,,,,,,,,,,,,,,,,,,
hbo:7882,"shim, shimoni, sim, rima, birik",,,,,,,,,,,,,,,,,,,,,
hbo:7883,shihori,,,,,,,,,,,,,,,,,,,,,
hbo:7884,shihor-libnathi,,,,,,,,,,,,,,,,,,,,,
hbo:7887,"shilo, vyopatend, likali",,,,,,,,,,,,,,,,,,,,,
hbo:7888,"mshiloni, washiloni",,,,,,,,,,,,,,,,,,,,,
hbo:7889,rina,,,,,,,,,,,,,,,,,,,,,
hbo:7891,,"imba, imb, mwimbieni, imbi, imbeni",,"imba, imb, mwimbieni, imbi, imbeni",,,,"imba, imb, mwimbieni, imbi, imbeni",,,,,,,,,,,,,,
hbo:7892,"wimb, nyimbo, imb, zaburi, imbi",,,,,,,,,,,,,,,,,,,,,
hbo:7892a,"wimb, nyimbo, imb, zaburi, imbi",,,,,,,,,,,,,,,,,,,,,
hbo:7893,"marumaru, marimari",,,,,,,,,,,,,,,,,,,,,
hbo:7894,elihorefu,,,,,,,,,,,,,,,,,,,,,
hbo:7895,shishaki,,,,,,,,,,,,,,,,,,,,,
hbo:7896,,"wameniwekea, choo, sichw, kich, kuchwa, uliy, wek, amriw, wekw, kutan, kuta",,,,,,"wameniwekea, choo, sichw, kich, kuchwa, uliy, wek, amriw, wekw, kutan, kuta",,,,,,,,,,,,,,
hbo:7897,"nguo, mavazi, vazi, chake",,,,,,,,,,,,,,,,,,,,,
hbo:7898,"miib, mbigili, chak, mibigili, mwib",,,,,,,,,,,,,,,,,,,,,
hbo:7899,"miib, mbigili, chak, mibigili, mwib",,,,,,,,,,,,,,,,,,,,,
hbo:7900,"band, hema, bandan, wakaapo, zib",,,,,,,,,,,,,,,,,,,,,
hbo:7901,,"lal, lala, laz, lazw, lali","lal, lala, laz, lazw, lali",,"lal, lala, laz, lazw, lali",,"lal, lala, laz, lazw, lali","lal, lala, laz, lazw, lali",,,,,,,,,,,,,,
hbo:7902,"shahawa, fichi, wataoga",,,,,,,,,,,,,,,,,,,,,
hbo:7903,"lal, jiti",,,,,,,,,,,,,,,,,,,,,
hbo:7905,"mkuk, mikuki, fumo, vyus, inu",,,,,,,,,,,,,,,,,,,,,
hbo:7906,seku,,,,,,,,,,,,,,,,,,,,,
hbo:7907,"moyo, mioyo, moyoni, mioyoni, akil",,,,,,,,,,,,,,,,,,,,,
hbo:7908,"kufiwa, ukiwa, hapanitoshi, pembamba",,,,,,,,,,,,,,,,,,,,,
hbo:7909,"fiw, hana, nyang'any, hawana, wafiwe",,,,,,,,,,,,,,,,,,,,,
hbo:7910,"lew, mlev, levy, ulev, walevi",,,,,,,,,,,,,,,,,,,,,
hbo:7911,,"saha, sahau, lish, uwasahau, nikasahau","saha, sahau, lish, uwasahau, nikasahau","saha, sahau, lish, uwasahau, nikasahau",,"saha, sahau, lish, uwasahau, nikasahau","saha, sahau, lish, uwasahau, nikasahau",,,,,,,,,,,"onekan, pat, kut, won, mwon",,,"onekan, pat, kut, won, mwon",
hbo:7914,"sanamu, mfano, chap, sura, swir",,,,,,,,,,,,,,,,,,,,,
hbo:7915,"kisu, visu, vigego",,,,,,,,,,,,,,,,,,,,,
hbo:7916,"ajiri, ajir, mshahara, mwajiriwa, mwajir",,,,,,,,,,,,,,,,,,,,,
hbo:7918,,"tuli, kunasa, wanung'unikiayo, vumi, potuli",,,,,"tuli, kunasa, wanung'unikiayo, vumi, potuli",,,,,,,,,,,,,,,
hbo:7919,,"hekima, busara, akil, faham, fanikiw, sinzi, atiavyo",,"hekima, busara, akil, faham, fanikiw, sinzi, atiavyo",,,"hekima, busara, akil, faham, fanikiw, sinzi, atiavyo",,,,,iigeni,,,,,,,,,,
hbo:7919a,,,,"hekima, busara, akil, faham, fanikiw, sinzi, atiavyo",,,,,,,,,,,,,,,,,,
hbo:7921,,"harib, fiw, nyang'any, stad, kuua, tasa, haza, wasiozaa, yeku, huwala, mapooza",,"harib, fiw, nyang'any, stad, kuua, tasa, haza, wasiozaa, yeku, huwala, mapooza",,,"harib, fiw, nyang'any, stad, kuua, tasa, haza, wasiozaa, yeku, huwala, mapooza",,,,,,,,,,,,,,,
hbo:7922,"ufahamu, faham, akil, elew, busara",,,,,,,,,,,,,,,,,,,,,
hbo:7923,"kufiwa, ukiwa, hapanitoshi, pembamba",,,,,,,,,,,,,,,,,,,,,
hbo:7924,ufahamu,,,,,,,,,,,,,,,,,,,,,
hbo:7925,,,,,,,"pem, amk, chomo, zuki, asubuhi",,,,,,,,,,,,,,,
hbo:7926,"began, upande, beg, bega, ubavuni",,,,,,,,,,,,,,,,,,,,,
hbo:7928,"shekemu, hawachungi",,,,,,,,,,,,,,,,,,,,,
hbo:7930,"shekemu, hawachungi",,,,,,,,,,,,,,,,,,,,,
hbo:7931,,"wakaao, oka, akakaa, kuka, mkaa, maka, malisho, maskani, pangon, makazi",,"wakaao, oka, akakaa, kuka, mkaa, maka, malisho, maskani, pangon, makazi",,,"wakaao, oka, akakaa, kuka, mkaa, maka, malisho, maskani, pangon, makazi",,,,,,,,"wakaao, oka, akakaa, kuka, mkaa",,"wakaao, oka, akakaa, kuka, mkaa",,,,,
hbo:7934,"jirani, rafik, enzi, mwenzake, ambia",,,,,,,,,,,,,,,,,,,,,
hbo:7935,shekania,,,,,,,,,,,,,,,,,,,,,
hbo:7935a,shekania,,,,,,,,,,,,,,,,,,,,,
hbo:7936,,"ujir, hawa, mshahara, malipo, ijar","ujir, hawa, mshahara, malipo, ijar",,,"ujir, hawa, mshahara, malipo, ijar",,,,,,,,,,,,,,,,
hbo:7937,,"lew, mlev, levy, ulev, walevi",,"lew, mlev, levy, ulev, walevi",,"lew, mlev, levy, ulev, walevi","lew, mlev, levy, ulev, walevi",,,,,,,,,,,,,,,
hbo:7938,"ajiri, ajir, mshahara, mwajiriwa, mwajir",,,,,,,,,,,,,,,,,,,,,
hbo:7939,"ujir, hawa, mshahara, malipo, ijar",,,,,,,,,,,,,,,,,,,,,
hbo:7940,sakari,,,,,,,,,,,,,,,,,,,,,
hbo:7941,"kile, zitumie, hamkula, kamp",,,,,,,,,,,,,,,,,,,,,
hbo:7943,"lew, mlev, levy, ulev, walevi",,,,,,,,,,,,,,,,,,,,,
hbo:7944,pale,,,,,,,,,,,,,,,,,,,,,
hbo:7946,"fanikiw, faniki, sita, stareh, raha",,,,,,,,,,,,,,,,,,,,,
hbo:7947,,,,,"unga, ung, ambata, shik, ungw",,,,,,,,,,,,,,,,,
hbo:7948,"pandi, daraj, kimi",,,,,,,,,,,,,,,,,,,,,
hbo:7950,"theluji, hawahofii",,,,,,,,,,,,,,,,,,,,,
hbo:7951,,"fanikiw, faniki, sita, stareh, raha, nywele, lege, kataa, usinidanganye, puuz, ajipatia","fanikiw, faniki, sita, stareh, raha, nywele, lege, kataa, usinidanganye, puuz, ajipatia",,,,"fanikiw, faniki, sita, stareh, raha, nywele, lege, kataa, usinidanganye, puuz, ajipatia",,,,,,,,,,,,,,,
hbo:7956,shel,,,,,,,,,,,,,,,,,,,,,
hbo:7957,"mial, mual, moto, mwal, liku",,,,,,,,,,,,,,,,,,,,,
hbo:7958,kwar,,,,,,,,,,,,,,,,,,,,,
hbo:7960,"fanikiw, faniki, sita, stareh, raha",,,,,,,,,,,,,,,,,,,,,
hbo:7961,"fanikiw, faniki, sita, stareh, raha",,,,,,,,,,,,,,,,,,,,,
hbo:7962,"fanikiw, faniki, sita, stareh, raha",,,,,,,,,,,,,,,,,,,,,
hbo:7964,zawadi,,,,,,,,,,,,,,,,,,,,,
hbo:7965,"amani, salama, jamb, salim, habari",,,,,,,,,,,,,,,,,,,,,
hbo:7966,"malipo, kadiri, lip, matendo, vyostahil",,,,,,,,,,,,,,,,,,,,,
hbo:7967,shalumu,,,,,,,,,,,,,,,,,,,,,
hbo:7968,shalumu,,,,,,,,,,,,,,,,,,,,,
hbo:7969,"tatu, watatu, mitatu, matatu, theluthi, thelathini, nne",,,,,,,,,,,,,,,,,,,,,
hbo:7971,,"wape, tum, pelek, nitu, ruhusa, nyosh","wape, tum, pelek, nitu, ruhusa, nyosh","wape, tum, pelek, nitu, ruhusa, nyosh","wape, tum, pelek, nitu, ruhusa, nyosh",,"wape, tum, pelek, nitu, ruhusa, nyosh",,,,,,,,"tum, pelek, nitu, ruhusa, nyosh","tum, pelek, nitu, ruhusa, nyosh",,,,,,
hbo:7974,"sela, sala",,,,,,,,,,,,,,,,,,,,,
hbo:7975a,shiloa,,,,,,,,,,,,,,,,,,,,,
hbo:7977,shilhi,,,,,,,,,,,,,,,,,,,,,
hbo:7978,shilhimu,,,,,,,,,,,,,,,,,,,,,
hbo:7979,"meza, mezani, chakula",,,,,,,,,,,,,,,,,,,,,
hbo:7980,,"lay, waliomo, wezesh, anay, yoyatama",,,,,"lay, waliomo, wezesh, anay, yoyatama",,,,,,,,"wakuu, kamand, mkuu, wal, tawal",,,"wakuu, kamand, mkuu, wal, tawal",,,,
hbo:7982,"ngao, viga, kiga, pamoja",,,,,,,,,,,,,,,,,,,,,
hbo:7983,"mamlaka, uwez, amri, nguvu, lina",,,,,,,,,,,,,,,,,,,,,
hbo:7984,"wal, hesab, tirshatha, mkoa, wakuu",,,,,,,,,,,,,,,,,,,,,
hbo:7985,"mamlaka, wal, uwez, milk, himaya",,,,,,,,,,,,,,,,,,,,,
hbo:7986,mzinzi,,,,,,,,,,,,,,,,,,,,,
hbo:7987,"tuli, utulivu, stareh, amani, tuliz",,,,,,,,,,,,,,,,,,,,,
hbo:7988,mkaz,,,,,,,,,,,,,,,,,,,,,
hbo:7989,"lay, waliomo, wezesh, anay, yoyatama",,,,,,,,,,,,,,,,,,,,,
hbo:7991,"tatu, watatu, mitatu, matatu, theluthi, zaburi, zeze, muziki, ala, nand, ofis, wakuu, mkuu, watumishi, hakim",,,,,,,,,,,,,,,,,,,,,
hbo:7991a,"tatu, watatu, mitatu, matatu, theluthi, zaburi, zeze, muziki, ala, nand, ofis, wakuu, mkuu, watumishi, hakim",,,,,,,,,,,,,,,,,,,,,
hbo:7991b,"tatu, watatu, mitatu, matatu, theluthi, zaburi, zeze, muziki, ala, nand, ofis, wakuu, mkuu, watumishi, hakim",,,,,,,,,,,,,,,,,,,,,
hbo:7992,"tatu, watatu, mitatu, matatu, theluthi",,,,,,,,,,,,,,,,,,,,,
hbo:7993,,,,,,,"tup, tupw, angush, tupi, bomo","tup, tupw, angush, tupi, bomo",,,,,,,,,,,,,,
hbo:7994,mnandi,,,,,,,,,,,,,,,,,,,,,
hbo:7996,shalekethi,,,,,,,,,,,,,,,,,,,,,
hbo:7998,"nyar, mateka, yang, nyang'any, pat",,,,,,,,,,,,,,,,,,,,,
hbo:7999,,"ish, lip, kamili, maliz, anga, amani, pata, yeka, fikili, hautaki",,"ish, lip, kamili, maliz, anga, amani, pata, yeka, fikili, hautaki","ish, lip, kamili, maliz, anga, amani, pata, yeka, fikili, hautaki",,"ish, lip, kamili, maliz, anga, amani, pata, yeka, fikili, hautaki","ish, lip, kamili, maliz, anga, amani, pata, yeka, fikili, hautaki",,,,,,,"maliz, timi, alizi, yatimi, aliona",,,"maliz, timi, alizi, yatimi, aliona",,,,
hbo:8002,"amani, oto, atulipize",,,,,,,,,,,,,,,,,,,,,
hbo:8003,"ish, lip, kamili, maliz, anga",,,,,,,,,,,,,,,,,,,,,
hbo:8004,salemu,,,,,,,,,,,,,,,,,,,,,
hbo:8006,shilemu,,,,,,,,,,,,,,,,,,,,,
hbo:8007,"salma, salmoni",,,,,,,,,,,,,,,,,,,,,
hbo:8008,"nguo, mavazi, vazi, chake",,,,,,,,,,,,,,,,,,,,,
hbo:8010,sulemani,,,,,,,,,,,,,,,,,,,,,
hbo:8011,"malipo, kadiri, lip, matendo, vyostahil",,,,,,,,,,,,,,,,,,,,,
hbo:8012,salmoni,,,,,,,,,,,,,,,,,,,,,
hbo:8013,shelomothi,,,,,,,,,,,,,,,,,,,,,
hbo:8015,shelomi,,,,,,,,,,,,,,,,,,,,,
hbo:8016,washilemu,,,,,,,,,,,,,,,,,,,,,
hbo:8017,shelumieli,,,,,,,,,,,,,,,,,,,,,
hbo:8018,"shelemia, meshelemia",,,,,,,,,,,,,,,,,,,,,
hbo:8018a,"shelemia, meshelemia",,,,,,,,,,,,,,,,,,,,,
hbo:8019,"shelomithi, shelomothi",,,,,,,,,,,,,,,,,,,,,
hbo:8020,shalmani,,,,,,,,,,,,,,,,,,,,,
hbo:8022,shalmanesa,,,,,,,,,,,,,,,,,,,,,
hbo:8024,washela,,,,,,,,,,,,,,,,,,,,,
hbo:8025,,"fut, vut, kokot, alikuwa, wenye",,,,,,,,,,,,,,,,,,,,
hbo:8026,shelefu,,,,,,,,,,,,,,,,,,,,,
hbo:8027,,,,"tatu, watatu, mitatu, matatu, theluthi","tatu, watatu, mitatu, matatu, theluthi",,,,,,,,,,,,,,,,,
hbo:8029,"tatu, watatu, mitatu, matatu, theluthi",,,,,,,,,,,,,,,,,,,,,
hbo:8030,shilsha,,,,,,,,,,,,,,,,,,,,,
hbo:8031,shalisha,,,,,,,,,,,,,,,,,,,,,
hbo:8032,"kabl, tangu, aman, bado, kwanza",,,,,,,,,,,,,,,,,,,,,
hbo:8033,"huko, hapo, humo, ndik, pale",,,,,,,,,,,,,,,,,,,,,
hbo:8034,"jina, lake, majina, itw, sifa",,,,,,,,,,,,,,,,,,,,,
hbo:8035,shemu,,,,,,,,,,,,,,,,,,,,,
hbo:8037,shama,,,,,,,,,,,,,,,,,,,,,
hbo:8038,shemeberi,,,,,,,,,,,,,,,,,,,,,
hbo:8039,"shimei, walikuwa, ujijengee",,,,,,,,,,,,,,,,,,,,,
hbo:8040,shot,,,,,,,,,,,,,,,,,,,,,
hbo:8041,,,,,,,shot,,,,,,,,,,,,,,,
hbo:8042,shot,,,,,,,,,,,,,,,,,,,,,
hbo:8043,shimea,,,,,,,,,,,,,,,,,,,,,
hbo:8044,shamgari,,,,,,,,,,,,,,,,,,,,,
hbo:8045,,,"anga, harib, pote, haribik, ukiwa",,,,"anga, harib, pote, haribik, ukiwa",,,,,,,,,,,"anga, harib, pote, haribik, ukiwa",,,,
hbo:8047,"ukiwa, ajab, anga, kitu, tupw",,,,,,,,,,,,,,,,,,,,,
hbo:8048,shama,,,,,,,,,,,,,,,,,,,,,
hbo:8049,shamhuthi,,,,,,,,,,,,,,,,,,,,,
hbo:8050,"samweli, shemueli, kusanyi",,,,,,,,,,,,,,,,,,,,,
hbo:8051,"shamua, shemaya",,,,,,,,,,,,,,,,,,,,,
hbo:8052,"habari, uvum, siki, chak, iogop",,,,,,,,,,,,,,,,,,,,,
hbo:8054,mharodi,,,,,,,,,,,,,,,,,,,,,
hbo:8055,,"furah, furahi, furaha, furahini, salamu",,"furah, furahi, furaha, furahini, salamu",,,"furah, furahi, furaha, furahini, salamu",,,,,,,,,,,,,,,
hbo:8056,"furah, furaha, anga, furahi, nifarijiwe",,,,,,,,,,,,,,,,,,,,,
hbo:8057,"furaha, shangwe, furah, furahi",,,,,,,,,,,,,,,,,,,,,
hbo:8058,,"ach, sameh, samehe, waag, ruhus","ach, sameh, samehe, waag, ruhus",,,,"ach, sameh, samehe, waag, ruhus",,,,,,,,,,,,,,,
hbo:8059,hili,,,,,,,,,,,,,,,,,,,,,
hbo:8060,shamai,,,,,,,,,,,,,,,,,,,,,
hbo:8061,shemida,,,,,,,,,,,,,,,,,,,,,
hbo:8062,washemida,,,,,,,,,,,,,,,,,,,,,
hbo:8063,bushuti,,,,,,,,,,,,,,,,,,,,,
hbo:8064,"mbinguni, mbingu, mweng, toka, biri",,,,,,,,,,,,,,,,,,,,,
hbo:8065,"mbinguni, mbingu, mweng, toka, biri",,,,,,,,,,,,,,,,,,,,,
hbo:8066,"nane, wanane, minane, ilikuwa, sheminithi",,,,,,,,,,,,,,,,,,,,,
hbo:8069a,shamiri,,,,,,,,,,,,,,,,,,,,,
hbo:8070,shemiramothi,,,,,,,,,,,,,,,,,,,,,
hbo:8071,"nguo, mavazi, vazi, suruali, avue",,,,,,,,,,,,,,,,,,,,,
hbo:8072,samla,,,,,,,,,,,,,,,,,,,,,
hbo:8074,"ukiwa, uharibifu, anga, chukiz, ajab","anga, harib, pote, haribik, ukiwa","anga, harib, pote, haribik, ukiwa","anga, harib, pote, haribik, ukiwa",,"anga, harib, pote, haribik, ukiwa","anga, harib, pote, haribik, ukiwa","anga, harib, pote, haribik, ukiwa",,"anga, harib, pote, haribik, ukiwa",,,,,,,,,,,,
hbo:8077,"ukiwa, uharibifu, anga, chukiz, ajab, harib, pote, haribik",,,,,,,,,,,,,,,,,,,,,
hbo:8077a,"ukiwa, uharibifu, anga, chukiz, ajab, harib, pote, haribik",,,,,,,,,,,,,,,,,,,,,
hbo:8078,"ukiwa, ajab, anga, kitu, tupw",,,,,,,,,,,,,,,,,,,,,
hbo:8079,mjus,,,,,,,,,,,,,,,,,,,,,
hbo:8080,,"mafuta, nenep, non, kuku, zid",,,,,"mafuta, nenep, non, kuku, zid",,,,,,,,,,,,,,,
hbo:8081,"mafuta, masihi, tiw, pak, pakw",,,,,,,,,,,,,,,,,,,,,
hbo:8082,"mafuta, nenep, non, kuku, zid, tajir, mali, jir, wing, unon",,,,,,,,,,,,,,,,,,,,,
hbo:8083,"nane, wanane, minane, ilikuwa, hema, haondoki, owati",,,,,,,,,,,,,,,,,,,,,
hbo:8085,,"siki, sikiliz, kien, lize, habari","siki, sikiliz, kien, lize, habari","siki, sikiliz, kien, lize, habari",,,"siki, sikiliz, kien, lize, habari",,,,,"siki, sikiliz, kien, lize, habari",,,"siki, sikiliz, kien, lize, habari",,,,,,,
hbo:8086,amam,,,,,,,,,,,,,,,,,,,,,
hbo:8087,shema,,,,,,,,,,,,,,,,,,,,,
hbo:8088,"sauti, pig, mshindo, kelel, ngurumo, habari, elez, sikiz, vum, uvum",,,,,,,,,,,,,,,,,,,,,
hbo:8089,"habari, elez, sikiz, vum, uvum",,,,,,,,,,,,,,,,,,,,,
hbo:8091,mwashterathi,,,,,,,,,,,,,,,,,,,,,
hbo:8092,"shama, shimea",,,,,,,,,,,,,,,,,,,,,
hbo:8093,"shimei, walikuwa, ujijengee",,,,,,,,,,,,,,,,,,,,,
hbo:8094,shemaa,,,,,,,,,,,,,,,,,,,,,
hbo:8095,simeoni,,,,,,,,,,,,,,,,,,,,,
hbo:8096,"shimei, walikuwa, ujijengee",,,,,,,,,,,,,,,,,,,,,
hbo:8097,"washimei, shimei",,,,,,,,,,,,,,,,,,,,,
hbo:8098,shemaya,,,,,,,,,,,,,,,,,,,,,
hbo:8098a,shemaya,,,,,,,,,,,,,,,,,,,,,
hbo:8099,"wasimeoni, simeoni",,,,,,,,,,,,,,,,,,,,,
hbo:8100,shimeathi,,,,,,,,,,,,,,,,,,,,,
hbo:8101,washimeathi,,,,,,,,,,,,,,,,,,,,,
hbo:8102,"zome, mchongezi, pigi, ng'o, nung'uni",,,,,,,,,,,,,,,,,,,,,
hbo:8103,"dhihaka, mzah, zome, kipana, ujeuri",,,,,,,,,,,,,,,,,,,,,
hbo:8104,,"shik, lind, ishi, tunz, zangu","shik, lind, ishi, tunz, zangu","shik, lind, ishi, tunz, zangu",,"shik, lind, ishi, tunz, zangu",,,,,,,,,,,,,,,,
hbo:8105,"levyalevy, sira, urojorojo",,,,,,,,,,,,,,,,,,,,,
hbo:8106,shemeri,,,,,,,,,,,,,,,,,,,,,
hbo:8107,wapasa,,,,,,,,,,,,,,,,,,,,,
hbo:8109,"tumieni, nilitaabika, uon",,,,,,,,,,,,,,,,,,,,,
hbo:8110,"shimroni, shimron-meroni",,,,,,,,,,,,,,,,,,,,,
hbo:8110a,"shimroni, shimron-meroni",,,,,,,,,,,,,,,,,,,,,
hbo:8111,"samaria, wasamaria, msamaria",,,,,,,,,,,,,,,,,,,,,
hbo:8112,"shimroni, shimron-meroni",,,,,,,,,,,,,,,,,,,,,
hbo:8113,shimri,,,,,,,,,,,,,,,,,,,,,
hbo:8114,shemaria,,,,,,,,,,,,,,,,,,,,,
hbo:8114a,shemaria,,,,,,,,,,,,,,,,,,,,,
hbo:8115,"samaria, wasamaria, msamaria",,,,,,,,,,,,,,,,,,,,,
hbo:8116,shimrithi,,,,,,,,,,,,,,,,,,,,,
hbo:8117,washimroni,,,,,,,,,,,,,,,,,,,,,
hbo:8119,shimrathi,,,,,,,,,,,,,,,,,,,,,
hbo:8121,"jua, kuchwa, hadharani, yako, wachwe",,,,,,,,,,,,,,,,,,,,,
hbo:8123,"samsoni, tumeshuka",,,,,,,,,,,,,,,,,,,,,
hbo:8124,beth-shemeshi,,,,,,,,,,,,,,,,,,,,,
hbo:8125,shamsherai,,,,,,,,,,,,,,,,,,,,,
hbo:8126,"waputhi, washumathi",,,,,,,,,,,,,,,,,,,,,
hbo:8127,"meno, pemb, jino, lim, malazi",,,,,,,,,,,,,,,,,,,,,
hbo:8130,,"chuki, chukia, chuk, pend, chukiz","chuki, chukia, chuk, pend, chukiz","chuki, chukia, chuk, pend, chukiz",,,,,,,,,,,"chuki, chukia, chuk, pend, chukiz",,,,,,,
hbo:8132,,"badili, badil, geuz, mbali, geuge",,,,,,,,,,,,,,,,,,,,
hbo:8134,shinabu,,,,,,,,,,,,,,,,,,,,,
hbo:8135,"chuki, chukia, chuk, pend, chukiz",,,,,,,,,,,,,,,,,,,,,
hbo:8136,"elfu, maelfu, milion, laki, ndio",,,,,,,,,,,,,,,,,,,,,
hbo:8137,shenazari,,,,,,,,,,,,,,,,,,,,,
hbo:8138,,"badili, badil, geuz, mbali, geuge, tub, toba, tubi, tubuni, watubu","badili, badil, geuz, mbali, geuge, tub, toba, tubi, tubuni, watubu","badili, badil, geuz, mbali, geuge, tub, toba, tubi, tubuni, watubu","badili, badil, geuz, mbali, geuge, tub, toba, tubi, tubuni, watubu","badili, badil, geuz, mbali, geuge, tub, toba, tubi, tubuni, watubu",,,,"badili, badil, geuz, mbali, geuge",,,,,"badili, badil, geuz, mbali, geuge",,"badili, badil, geuz, mbali, geuge","badili, badil, geuz, mbali, geuge",,,,
hbo:8141,"miaka, mwaka, pit, kwako, umri",,,,,,,,,,,,,,,,,,,,,
hbo:8142,"ngiz, lal, sinzi, ngizi, nzia",,,,,,,,,,,,,,,,,,,,,
hbo:8143,pemb,,,,,,,,,,,,,,,,,,,,,
hbo:8144,"nyekundu, mwekundu, kund, jekundu",,,,,,,,,,,,,,,,,,,,,
hbo:8145,"pili, sehemu, maradufu, nakala, mwingine",,,,,,,,,,,,,,,,,,,,,
hbo:8146,"chuki, chukia, chuk, pend, chukiz",,,,,,,,,,,,,,,,,,,,,
hbo:8147,"mwone, wawili, mbili, miwili, mawili, viwili",,,,,,,,,,,,,,,,,,,,,
hbo:8148,"tukan, tusi, dhara",,,,,,,,,,,,,,,,,,,,,
hbo:8149,seniri,,,,,,,,,,,,,,,,,,,,,
hbo:8150,,"uno, mikali, chongo, yang, watunga",,,,"uno, mikali, chongo, yang, watunga",,,,,,,,,,,,,,,,
hbo:8150a,,,,"uno, mikali, chongo, yang, watunga",,,,,,,,,,,,,,,,,,
hbo:8151,,,,"mshipi, fung, tamba, fungw, fungi",,,,,,,,,,,,,,,,,,
hbo:8152,shinari,,,,,,,,,,,,,,,,,,,,,
hbo:8154,,"nyang'any, nyar, tek, tekw, chuku",,,,,,,,,,,,,,,,,,,,
hbo:8155,,"nyang'any, nyar, tek, tekw, chuku","nyang'any, nyar, tek, tekw, chuku",,,,,,,,,,,,,,,,,,,
hbo:8156,,"shik, ambata, ishi, anda, pasu",,"shik, ambata, ishi, anda, pasu",,,,,,,,,,,,,,,,,,
hbo:8157,"pasu, ufa, yaliyo, ukaaye, ufich",,,,,,,,,,,,,,,,,,,,,
hbo:8158,,,,"chimb, chon, waashi, chong, wachonga",,,,,,,,,,,,,,,,,,
hbo:8159,,"dakika, angali, amka, macho, ghafla",,,,"dakika, angali, amka, macho, ghafla","dakika, angali, amka, macho, ghafla",,,,,,,,,,,,,,,
hbo:8161,mngurumo,,,,,,,,,,,,,,,,,,,,,
hbo:8162,"fumw, usivae, anga",,,,,,,,,,,,,,,,,,,,,
hbo:8163,"nywele, nywe, sing, malaika, manyoya, mbuz, beber, majini, pahali",,,,,,,,,,,,,,,,,,,,,
hbo:8163a,"nywele, nywe, sing, malaika, manyoya, mbuz, beber, majini, pahali",,,,,,,,,,,,,,,,,,,,,
hbo:8163b,"nywele, nywe, sing, malaika, manyoya, mbuz, beber, majini, pahali",,,,,,,,,,,,,,,,,,,,,
hbo:8165,"seiri, uli, kuuana, mtapita, mhori",,,,,,,,,,,,,,,,,,,,,
hbo:8166,"mbuz, beber, mwit",,,,,,,,,,,,,,,,,,,,,
hbo:8168,"konz, ninajis",,,,,,,,,,,,,,,,,,,,,
hbo:8169,shaalbimu,,,,,,,,,,,,,,,,,,,,,
hbo:8169a,shaalbimu,,,,,,,,,,,,,,,,,,,,,
hbo:8170,mshaalboni,,,,,,,,,,,,,,,,,,,,,
hbo:8171,shaalimu,,,,,,,,,,,,,,,,,,,,,
hbo:8172,,,"tegeme, wapumzika, kond, nasibu, misitu",,,,,,,,,,,,,,,,,,,
hbo:8173,,"hubuni, nizuli, uyafumbe, waufunga, mstaajabu, pend, pendez, furahi, furaha, tak",,,,"hubuni, nizuli, uyafumbe, waufunga, mstaajabu, pend, pendez, furahi, furaha, tak","hubuni, nizuli, uyafumbe, waufunga, mstaajabu, pend, pendez, furahi, furaha, tak",,,,,,,,,,,,,,,
hbo:8173a,,,,"hubuni, nizuli, uyafumbe, waufunga, mstaajabu, pend, pendez, furahi, furaha, tak","hubuni, nizuli, uyafumbe, waufunga, mstaajabu, pend, pendez, furahi, furaha, tak","hubuni, nizuli, uyafumbe, waufunga, mstaajabu, pend, pendez, furahi, furaha, tak",,,,,,,,,,,,,,,,
hbo:8174,shaafu,,,,,,,,,,,,,,,,,,,,,
hbo:8175,,"kubwa, staajabuni, waamini, utisho, tufani, dhoruba, atok, wakijilaza, ukanifariji, kuju, naju, yaju, waju, mwon",,,,,,,,,,,,,,,,,,,,
hbo:8178,"kubwa, staajabuni, waamini, utisho, tufani, dhoruba, atok, wakijilaza, ukanifariji",,,,,,,,,,,,,,,,,,,,,
hbo:8178a,"kubwa, staajabuni, waamini, utisho, tufani, dhoruba, atok, wakijilaza, ukanifariji",,,,,,,,,,,,,,,,,,,,,
hbo:8179,"lango, lang, langon, bawab, ila",,,,,,,,,,,,,,,,,,,,,
hbo:8181,"nywele, nywe, sing, malaika, manyoya",,,,,,,,,,,,,,,,,,,,,
hbo:8182,mbov,,,,,,,,,,,,,,,,,,,,,
hbo:8183,"tufani, dhoruba, atok, wakijilaza, ukanifariji",,,,,,,,,,,,,,,,,,,,,
hbo:8184,shayiri,,,,,,,,,,,,,,,,,,,,,
hbo:8185,"nywele, nywe, sing, malaika, manyoya",,,,,,,,,,,,,,,,,,,,,
hbo:8186a,"ukiwa, ajab, anga, kitu, tupw",,,,,,,,,,,,,,,,,,,,,
hbo:8187,shearia,,,,,,,,,,,,,,,,,,,,,
hbo:8188,seorimu,,,,,,,,,,,,,,,,,,,,,
hbo:8189,"shaarimu, majeruhi",,,,,,,,,,,,,,,,,,,,,
hbo:8190,shaashgazi,,,,,,,,,,,,,,,,,,,,,
hbo:8191,"pend, pendez, furahi, furaha, tak",,,,,,,,,,,,,,,,,,,,,
hbo:8193,"kinywa, midomo, nywan, vinywa, makali",,,,,,,,,,,,,,,,,,,,,
hbo:8195,shefo,,,,,,,,,,,,,,,,,,,,,
hbo:8196,"hukumu, adil, kesi, tekele, mada",,,,,,,,,,,,,,,,,,,,,
hbo:8197,shufamu,,,,,,,,,,,,,,,,,,,,,
hbo:8197a,shufamu,,,,,,,,,,,,,,,,,,,,,
hbo:8198,"mjakazi, jakaz, wajakazi, wanaume, kium",,,,,,,,,,,,,,,,,,,,,
hbo:8199,,"hukum, waamuzi, mwamuzi, amu, hukumu","hukum, waamuzi, mwamuzi, amu, hukumu",,,,,,,,,,,"hukum, waamuzi, mwamuzi, amu, hukumu","hukum, waamuzi, mwamuzi, amu, hukumu",,,,,,,
hbo:8201,"hukumu, adil, kesi, tekele, mada",,,,,,,,,,,,,,,,,,,,,
hbo:8202,shafati,,,,,,,,,,,,,,,,,,,,,
hbo:8203,shefatia,,,,,,,,,,,,,,,,,,,,,
hbo:8203a,shefatia,,,,,,,,,,,,,,,,,,,,,
hbo:8204,shiftani,,,,,,,,,,,,,,,,,,,,,
hbo:8205,"vya, lel, peup, jionesheni, hutwetea",,,,,,,,,,,,,,,,,,,,,
hbo:8206,shupimu,,,,,,,,,,,,,,,,,,,,,
hbo:8207,"aumaye, bafe",,,,,,,,,,,,,,,,,,,,,
hbo:8208,alika,,,,,,,,,,,,,,,,,,,,,
hbo:8210,,"mwag, mwagi, mimi, umwa, wag","mwag, mwagi, mimi, umwa, wag",,"mwag, mwagi, mimi, umwa, wag","mwag, mwagi, mimi, umwa, wag",,,,,,,,,,,,,,,,
hbo:8211,waga,,,,,,,,,,,,,,,,,,,,,
hbo:8212,jeruhi,,,,,,,,,,,,,,,,,,,,,
hbo:8213,"shush, angush, dhili, unyenyekevu, anyenyekeaye","shush, angush, dhili, unyenyekevu, anyenyekeaye",,,,,"shush, angush, dhili, unyenyekevu, anyenyekeaye",,,,,,,,,,,"chini, shush, ingi, mnyenyekevu, duni",,,,
hbo:8217,"chini, shush, ingi, mnyenyekevu, duni",,,,,,,,,,,,,,,,,,,,,
hbo:8218,"aibu, haya, fedheha, aibish, hayar",,,,,,,,,,,,,,,,,,,,,
hbo:8219,"bond, bonden, shefela, barar, and",,,,,,,,,,,,,,,,,,,,,
hbo:8220,"wavivu, ratib, bila, haizai, lisilo",,,,,,,,,,,,,,,,,,,,,
hbo:8221,shefamu,,,,,,,,,,,,,,,,,,,,,
hbo:8222,"midomo, timutimu, kufu, ukavae",,,,,,,,,,,,,,,,,,,,,
hbo:8223,shafamu,,,,,,,,,,,,,,,,,,,,,
hbo:8224,sifmothi,,,,,,,,,,,,,,,,,,,,,
hbo:8225,mshifmi,,,,,,,,,,,,,,,,,,,,,
hbo:8226,,"hazina, akib, ghal, fich, weke",,,,,,,,,,,,,,,,,,,,
hbo:8227,"wibari, wang, shafani",,,,,,,,,,,,,,,,,,,,,
hbo:8227a,"wibari, wang, shafani",,,,,,,,,,,,,,,,,,,,,
hbo:8228,"wing, tele, nyingi, wengi, shib",,,,,,,,,,,,,,,,,,,,,
hbo:8229,"wing, tele, nyingi, wengi, shib",,,,,,,,,,,,,,,,,,,,,
hbo:8230,shifi,,,,,,,,,,,,,,,,,,,,,
hbo:8232,,"ng'arish, chubuk, pikw, isugueni, zivaeni",,,,,,,,,,,,,"kubal, kubali, shitak, pendez, kibali",,,,,,,
hbo:8233,"uzur, mzur, utukufu, fahari, tuku",,,,,,,,,,,,,,,,,,,,,
hbo:8234,sheferi,,,,,,,,,,,,,,,,,,,,,
hbo:8236,shifra,,,,,,,,,,,,,,,,,,,,,
hbo:8238,"alfajiri, asubuhi, amba, pambazuk, anz",,,,,,,,,,,,,,,,,,,,,
hbo:8239,,"choo, sichw, kich, kuchwa, uliy",,,,,,,,,,,,,,,,,,,,
hbo:8241,"furi, furika, oshw, jaza, meng",,,,,,,,,,,,,,,,,,,,,
hbo:8242,"guni, msib, zivi",,,,,,,,,,,,,,,,,,,,,
hbo:8243,"miguu, mguu, paja, vikali, kimbia",,,,,,,,,,,,,,,,,,,,,
hbo:8245,,"mlinzi, lind, walinzi, shik, angali",,,,,,,,,,,,,,,,,,,,
hbo:8246,"mloz, mabivu, hoho",,,,,,,,,,,,,,,,,,,,,
hbo:8247,"mloz, mabivu, hoho",,,,,,,,,,,,,,,,,,,,,
hbo:8248,,,,,"maji, majini, nywe, nyw, kuw",,"maji, majini, nywe, nyw, kuw",,,,,,,,,,,,,,,
hbo:8250,"nywaj, nyw, ili, vinywe, dumi",,,,,,,,,,,,,,,,,,,,,
hbo:8251,"chukiz, chukiza, maov, mliona, ajil",,,,,,,,,,,,,,,,,,,,,
hbo:8252,,"tuli, utulivu, stareh, amani, tuliz",,,,,"tuli, utulivu, stareh, amani, tuliz",,,,,,,,,,,,,,,
hbo:8253,"tuli, utulivu, stareh, amani, tuliz",,,,,,,,,,,,,,,,,,,,,
hbo:8254,,"uzan, pimw, pimi, pim, lip","uzan, pimw, pimi, pim, lip",,,,,,,,,,,,,,,,,,,
hbo:8255,shekeli,,,,,,,,,,,,,,,,,,,,,
hbo:8256,"mikuyu, finy",,,,,,,,,,,,,,,,,,,,,
hbo:8257,,"meza, kupw, kuzama, shush, lil","meza, kupw, kuzama, shush, lil",,,,"meza, kupw, kuzama, shush, lil",,,,,,,,,,,,,,,
hbo:8258,"tund, shim, mvungu, uvungu, chimbuli",,,,,,,,,,,,,,,,,,,,,
hbo:8259,,,"tazama, angali, tazam, lien, kuon",,,,"tazama, angali, tazam, lien, kuon",,,,,,,,,,,,,,,
hbo:8261,"pandi, daraj, kimi",,,,,,,,,,,,,,,,,,,,,
hbo:8262,,,,"haramu, hapuuzi, zifan, tamba",,,,,,,,,,,,,,,,,,
hbo:8263,"ukiwa, uharibifu, anga, chukiz, ajab",,,,,,,,,,,,,,,,,,,,,
hbo:8264,,"nguvu, yeny, ruka, wak, yanasonganasongana",,,,"nguvu, yeny, ruka, wak, yanasonganasongana",,,,,,,,,,,,,,,,
hbo:8266,,"hila, majuto, msiibe, lako, yokutende",,"hila, majuto, msiibe, lako, yokutende",,,,,,,,,,,,,,,,,,
hbo:8267,"uongo, hila, anga, dangany, danganya",,,,,,,,,,,,,,,,,,,,,
hbo:8268,"birik, shinikiz",,,,,,,,,,,,,,,,,,,,,
hbo:8269,"wakuu, kamand, mkuu, wal, tawal",,,,,,,,,,,,,,,,,,,,,
hbo:8270,"mifupani, ugo",,,,,,,,,,,,,,,,,,,,,
hbo:8271,,"huru, uhur, paw, bure, muungwana, mabaki, sali, wengine, bak, baki",,"huru, uhur, paw, bure, muungwana, mabaki, sali, wengine, bak, baki",,,,,,,,"fungu, funguliw, lege, fumuli, mfungueni",,,"fungu, funguliw, lege, fumuli, mfungueni",,"fungu, funguliw, lege, fumuli, mfungueni",,,,,
hbo:8272,shareza,,,,,,,,,,,,,,,,,,,,,
hbo:8273,"tekete, joto, kaush, pozu, ruhusiw",,,,,,,,,,,,,,,,,,,,,
hbo:8274,sherebia,,,,,,,,,,,,,,,,,,,,,
hbo:8275,"mnyoshe, niingie",,,,,,,,,,,,,,,,,,,,,
hbo:8276,,,,,"tiki, yamepanda, amezikomesha","tiki, yamepanda, amezikomesha",,,,,,,,,,,,,,,,
hbo:8277,,"okok, oko, kimbi, pon, okole",,,,,,,,,,,,,,,,,,,,
hbo:8278,"fumw, kusuka",,,,,,,,,,,,,,,,,,,,,
hbo:8279,"kalamu, patasi, ujipatie",,,,,,,,,,,,,,,,,,,,,
hbo:8280,,"chw, shinda, zichunguzwe, hizo",,,,,,,,,,,,,,,,,,,,
hbo:8282,"mabibi, falm, avy, walezi, wastahiki",,,,,,,,,,,,,,,,,,,,,
hbo:8283,"sara, muhula",,,,,,,,,,,,,,,,,,,,,
hbo:8284,"ngom, jumb, boma, bom, ngomeni",,,,,,,,,,,,,,,,,,,,,
hbo:8285,"kuk, vipini, hazama",,,,,,,,,,,,,,,,,,,,,
hbo:8286,serugi,,,,,,,,,,,,,,,,,,,,,
hbo:8287,sharuheni,,,,,,,,,,,,,,,,,,,,,
hbo:8288,gidamu,,,,,,,,,,,,,,,,,,,,,
hbo:8289,"sharoni, lasharoni",,,,,,,,,,,,,,,,,,,,,
hbo:8290,"sharoni, lasharoni",,,,,,,,,,,,,,,,,,,,,
hbo:8294,sera,,,,,,,,,,,,,,,,,,,,,
hbo:8295,,"tojo, wasinyoe","tojo, wasinyoe",,,,,,,,,,,,,,,,,,,
hbo:8296,"sululu, chan, mpelekee, jibini",,,,,,,,,,,,,,,,,,,,,
hbo:8296a,"sululu, chan, mpelekee, jibini",,,,,,,,,,,,,,,,,,,,,
hbo:8297,"sarai, nisizae",,,,,,,,,,,,,,,,,,,,,
hbo:8298,sharai,,,,,,,,,,,,,,,,,,,,,
hbo:8299,"taw, teul, unamea",,,,,,,,,,,,,,,,,,,,,
hbo:8300,"okok, mmoja, sali, mabaki, pon",,,,,,,,,,,,,,,,,,,,,
hbo:8301,saridi,,,,,,,,,,,,,,,,,,,,,
hbo:8303,"sirioni, huiita, airusharusha",,,,,,,,,,,,,,,,,,,,,
hbo:8304,"seraya, shausha",,,,,,,,,,,,,,,,,,,,,
hbo:8305,baft,,,,,,,,,,,,,,,,,,,,,
hbo:8306,zimo,,,,,,,,,,,,,,,,,,,,,
hbo:8307,"ushupavu, ukaidi, mbichi, waenende, hamtapatwa",,,,,,,,,,,,,,,,,,,,,
hbo:8308,,,,"poto, sokot, uchungu, ukaidi, tosh",,,,,,,,,,,,,,,,,,
hbo:8311,,"nyoshe, zid, niziitapo, nyembamba, zije",,,,"nyoshe, zid, niziitapo, nyembamba, zije",,,,,,,,,,,,,,,,
hbo:8313,,"wak, tekete, chom, ondo, teketez","wak, tekete, chom, ondo, teketez",,"wak, tekete, chom, ondo, teketez",,,,,,,,,,,,,,,,,
hbo:8314,"nyok, joka, yang, maserafi",,,,,,,,,,,,,,,,,,,,,
hbo:8316,"moto, motoni, tekete, teketez, kisha",,,,,,,,,,,,,,,,,,,,,
hbo:8317,,"baach, baav, enda, inzi, chenye",,,,,,,,,,,,,,,,,,,,
hbo:8318,"baach, baav, enda, inzi, chenye",,,,,,,,,,,,,,,,,,,,,
hbo:8319,,"zome, mchongezi, pigi, ng'o, nung'uni",,,,,,,,,,,,,,,,,,,,
hbo:8321,"mzabibu, mizabibu, matunda, mzabibumwitu, youp",,,,,,,,,,,,,,,,,,,,,
hbo:8321a,"mzabibu, mizabibu, matunda, mzabibumwitu, youp",,,,,,,,,,,,,,,,,,,,,
hbo:8322,"zome, yotukan, muonavyo",,,,,,,,,,,,,,,,,,,,,
hbo:8323,,"wakuu, kamand, mkuu, wal, tawal, nguvu, jeshi, uwez, shik, hodari, kata, tawa, ilik, mfalme",,,,"wakuu, kamand, mkuu, wal, tawal, nguvu, jeshi, uwez, shik, hodari, kata, tawa, ilik, mfalme",,,,,,,,,,,,,,,,
hbo:8327,,,,"ng'o, ng'ole, mizizi, yang'o, wang'o",,,"ng'o, ng'ole, mizizi, yang'o, wang'o",,,,,,"ng'o, ng'ole, mizizi, yang'o, wang'o","ng'o, ng'ole, mizizi, yang'o, wang'o",,,,,,,,
hbo:8328,shereshi,,,,,,,,,,,,,,,,,,,,,
hbo:8330,"shin, mizizi, sik, umzunguke, poza",,,,,,,,,,,,,,,,,,,,,
hbo:8334,,,,"tumiki, kuhan, hudumi, hudum, ibad",,,,,,,,,,,,,,,,,,
hbo:8335,"tumiki, kuhan, hudumi, hudum, ibad",,,,,,,,,,,,,,,,,,,,,
hbo:8337,"sita, sitini, ofa",,,,,,,,,,,,,,,,,,,,,
hbo:8338,,,,"mkuu, wakuu, ongoz, risasi, let",,,,,,,,,,,,,,,,,,
hbo:8339,sheshbaza,,,,,,,,,,,,,,,,,,,,,
hbo:8341,,,,mtatoa,,,,,,,,,,,,,,,,,,
hbo:8342,"furah, furahi, furaha, furahini, salamu",,,,,,,,,,,,,,,,,,,,,
hbo:8343,shashai,,,,,,,,,,,,,,,,,,,,,
hbo:8344,sheshai,,,,,,,,,,,,,,,,,,,,,
hbo:8345,"sita, sitini",,,,,,,,,,,,,,,,,,,,,
hbo:8347,sheshaki,,,,,,,,,,,,,,,,,,,,,
hbo:8348,sheshani,,,,,,,,,,,,,,,,,,,,,
hbo:8349,"ghashaki, shashaki",,,,,,,,,,,,,,,,,,,,,
hbo:8350,"nyekundu, mwekundu, kund, jekundu",,,,,,,,,,,,,,,,,,,,,
hbo:8352,"sethi, ghasia",,,,,,,,,,,,,,,,,,,,,
hbo:8354,,"nyw, nywe, nywa, unyw, hanywi","nyw, nywe, nywa, unyw, hanywi",,,,,,,,,,,,"nywaj, nyw, ili, vinywe, dumi",,,,,,,
hbo:8357,"matakoni, matako, iaibishwe",,,,,,,,,,,,,,,,,,,,,
hbo:8359,"sokot, taraza, fuma, fum, fumw",,,,,,,,,,,,,,,,,,,,,
hbo:8360,"nywaj, nyw, ili, vinywe, dumi",,,,,,,,,,,,,,,,,,,,,
hbo:8361,"sitini, ofa",,,,,,,,,,,,,,,,,,,,,
hbo:8362,,"pand, pazuri, tato, uenezao, watastawi",,,,,,,,,,,,,,,,,,,,
hbo:8364,washuthela,,,,,,,,,,,,,,,,,,,,,
hbo:8365,"fumbu, funu, fung, fungu, funguliw",,,,,,,,,,,,,,,,,,,,,
hbo:8366a,,,,,,,"amka, pambazuk, umwa, mwachi",,,,,,,,,,,,,,,
hbo:8367,,"nyamaz, nyamaza, tuli, kimy, kos",,,,,,,,,,,,,,,,,,,,
hbo:8369,shethari,,,,,,,,,,,,,,,,,,,,,
hbo:8370,shethar-bozenai,,,,,,,,,,,,,,,,,,,,,
hbo:8372,"vyumba, chumba, umba, safish, hich",,,,,,,,,,,,,,,,,,,,,
hbo:8373,,"tama, shauku, fukuz, sana, man",,,,,,,,,,,,,,,,,,,,
hbo:8375,"tama, shauku, fukuz, sana, man",,,,,,,,,,,,,,,,,,,,,
hbo:8376,,,,"marko, alam, jiandiki, kunaku, sahihi",,,,,,,,,,,,,,,,,,
hbo:8377,wavuni,,,,,,,,,,,,,,,,,,,,,
hbo:8378,"tama, pendeza, pend, tamani, man, ipanu, la, livy",,,,,,,,,,,,,,,,,,,,,
hbo:8380,pach,,,,,,,,,,,,,,,,,,,,,
hbo:8381,"laan, laani, amtukanaye, apiz, zilaa",,,,,,,,,,,,,,,,,,,,,
hbo:8382,,,,,,,"mbili, pach, maradufu, kunj, uongezwe",,,,,,,,,,,,,,,
hbo:8384,"mtin, tini, mitini",,,,,,,,,,,,,,,,,,,,,
hbo:8385,"izoele, nafasi, kisa, tumikianeni, tupewe, cheo",,,,,,,,,,,,,,,,,,,,,
hbo:8385a,"izoele, nafasi, kisa, tumikianeni, tupewe, cheo",,,,,,,,,,,,,,,,,,,,,
hbo:8386,"ombole, bole, lili, tang, mlili",,,,,,,,,,,,,,,,,,,,,
hbo:8387,taanath-shilo,,,,,,,,,,,,,,,,,,,,,
hbo:8388,,"mpaka, mipaka, paka, upande, ukingo, bikari, rand",,"mpaka, mipaka, paka, upande, ukingo, bikari, rand","mpaka, mipaka, paka, upande, ukingo, bikari, rand",,,,,,,,,,,,,,,,,
hbo:8389,"onekan, uso, maon, mfano, sura",,,,,,,,,,,,,,,,,,,,,
hbo:8390,tarea,,,,,,,,,,,,,,,,,,,,,
hbo:8391,"mteashuri, patuku",,,,,,,,,,,,,,,,,,,,,
hbo:8392,"sanduku, safina, kash, liinueni",,,,,,,,,,,,,,,,,,,,,
hbo:8393,"mavuno, maza, matunda, akib, faid",,,,,,,,,,,,,,,,,,,,,
hbo:8394,"ufahamu, faham, akil, elew, busara",,,,,,,,,,,,,,,,,,,,,
hbo:8395,"harib, anga, haribik, nyar, haribi",,,,,,,,,,,,,,,,,,,,,
hbo:8396,tabori,,,,,,,,,,,,,,,,,,,,,
hbo:8397,"poto, sokot, uchungu, ukaidi, tosh",,,,,,,,,,,,,,,,,,,,,
hbo:8398,"mweng, dunia, mwengu, duniani, ipend",,,,,,,,,,,,,,,,,,,,,
hbo:8399,"ukiwa, uharibifu, anga, chukiz, ajab",,,,,,,,,,,,,,,,,,,,,
hbo:8400,"lem, kasoro, aibu, meshikaman, hawawi",,,,,,,,,,,,,,,,,,,,,
hbo:8401,"jan, kav, chakula, dhahiri, nafaka",,,,,,,,,,,,,,,,,,,,,
hbo:8402,tibni,,,,,,,,,,,,,,,,,,,,,
hbo:8403,"mfano, swir, mla, nesha",,,,,,,,,,,,,,,,,,,,,
hbo:8404,"tabera, thebesi",,,,,,,,,,,,,,,,,,,,,
hbo:8405,"tabera, thebesi",,,,,,,,,,,,,,,,,,,,,
hbo:8406,,,"safi, taka, usaf, chaguli, kat",,,,,,,,,,,,"vunj, vunjik, pasu, vunja, meg",,,,,,,
hbo:8407,"tiglath-pileseri, asimtie",,,,,,,,,,,,,,,,,,,,,
hbo:8408,onitende,,,,,,,,,,,,,,,,,,,,,
hbo:8409,"shinda, ugomvi, fitina, shutuma, neno",,,,,,,,,,,,,,,,,,,,,
hbo:8410,mtidhari,,,,,,,,,,,,,,,,,,,,,
hbo:8412,tadmori,,,,,,,,,,,,,,,,,,,,,
hbo:8413,tidali,,,,,,,,,,,,,,,,,,,,,
hbo:8414,"ubatili, bure, uongo, kitu, vyofa",,,,,,,,,,,,,,,,,,,,,
hbo:8415,"lind, kuzimu, viku, bahari, lindin",,,,,,,,,,,,,,,,,,,,,
hbo:8416,"sifa, baraka, tuku, shukrani, ahimidiwe",,,,,,,,,,,,,,,,,,,,,
hbo:8419,"poto, sokot, uchungu, ukaidi, tosh",,,,,,,,,,,,,,,,,,,,,
hbo:8420,"marko, alam, jiandiki, kunaku, sahihi",,,,,,,,,,,,,,,,,,,,,
hbo:8421,,,,,,,,,,,,,,,"rud, rudi, rudish, reje, tena",,,"rud, rudi, rudish, reje, tena",,,,
hbo:8422,tubali,,,,,,,,,,,,,,,,,,,,,
hbo:8423,tubal-kaini,,,,,,,,,,,,,,,,,,,,,
hbo:8424,"huzuni, ili, chukulia, vumili, stahimil",,,,,,,,,,,,,,,,,,,,,
hbo:8425,"togarma, togama",,,,,,,,,,,,,,,,,,,,,
hbo:8426,"shukrani, shukur, kusifu, jiteng, yenituku",,,,,,,,,,,,,,,,,,,,,
hbo:8430,tohu,,,,,,,,,,,,,,,,,,,,,
hbo:8431,"tumain, tumai, raji, tara, taraji",,,,,,,,,,,,,,,,,,,,,
hbo:8432,"katikati, kati, katika, ndani, miongoni",,,,,,,,,,,,,,,,,,,,,
hbo:8433,"keme, maonyo, lawama, hoja, ony",,,,,,,,,,,,,,,,,,,,,
hbo:8433a,"keme, maonyo, lawama, hoja, ony",,,,,,,,,,,,,,,,,,,,,
hbo:8434,toladi,,,,,,,,,,,,,,,,,,,,,
hbo:8435,"zaz, ratib",,,,,,,,,,,,,,,,,,,,,
hbo:8437,"maumivu, mateso, tuimbieni, mlivyo, aumapo",,,,,,,,,,,,,,,,,,,,,
hbo:8438,"nyuz, mabu, funz, buu, nyekundu",,,,,,,,,,,,,,,,,,,,,
hbo:8438b,"nyuz, mabu, funz, buu, nyekundu",,,,,,,,,,,,,,,,,,,,,
hbo:8439,tola,,,,,,,,,,,,,,,,,,,,,
hbo:8440,watola,,,,,,,,,,,,,,,,,,,,,
hbo:8441,"chukiz, chukiza, maov, mliona, ajil",,,,,,,,,,,,,,,,,,,,,
hbo:8442,"anga, upotevu, kosa, acha, unitakase",,,,,,,,,,,,,,,,,,,,,
hbo:8443,"kichwa, vichwa, chwan, wakuu, mkuu",,,,,,,,,,,,,,,,,,,,,
hbo:8444,"toke, ulikuwa, kwendelea, ufye, linda",,,,,,,,,,,,,,,,,,,,,
hbo:8446,,"pelele, wapelelezi, singizi, waipeleleze, ipelele, zimo",,,,,"pelele, wapelelezi, singizi, waipeleleze, ipelele, zimo",,,,,,,,,,,,,,,
hbo:8447,"shad, rish, aingie, mpaka, mipaka, paka, upande, ukingo",,,,,,,,,,,,,,,,,,,,,
hbo:8449,"kind, hua, njiw, mwig",,,,,,,,,,,,,,,,,,,,,
hbo:8451,"sheria, torati, amri, rud, fundish, desturi, zoe",,,,,,,,,,,,,,,,,,,,,
hbo:8453,"mgen, wageni, kuka, akaaye, ugenini, mtishbi",,,,,,,,,,,,,,,,,,,,,
hbo:8454,"hekima, akil, stad, mwenye, busara, tufani, dhoruba, atok, wakijilaza, ukanifariji",,,,,,,,,,,,,,,,,,,,,
hbo:8455,rung,,,,,,,,,,,,,,,,,,,,,
hbo:8456,,,,,,,"pig, pigw, shindw, piga, jikwa",,,,,,,,,,,,,,,
hbo:8457,"kahab, uzinzi, hab, uasherati, zin",,,,,,,,,,,,,,,,,,,,,
hbo:8458,"shaur, ushauri, washauri, mshauri, kusud",,,,,,,,,,,,,,,,,,,,,
hbo:8459,tohu,,,,,,,,,,,,,,,,,,,,,
hbo:8460,"chini, badala, pake, kwa, pa",,,,,,,,,,,,,,,,,,,,,
hbo:8461,hamkuu,,,,,,,,,,,,,,,,,,,,,
hbo:8462,"mwanzo, kwanza, wekw, enzi, wal",,,,,,,,,,,,,,,,,,,,,
hbo:8463,"komesh, kabisa, kiku, boleze, wamo",,,,,,,,,,,,,,,,,,,,,
hbo:8464,mbun,,,,,,,,,,,,,,,,,,,,,
hbo:8465,"tela, tahani, waberedi",,,,,,,,,,,,,,,,,,,,,
hbo:8467,"dua, omb, kusihi, itete, rumiw",,,,,,,,,,,,,,,,,,,,,
hbo:8469,"dua, omb, kusihi, itete, rumiw",,,,,,,,,,,,,,,,,,,,,
hbo:8470,watahathi,,,,,,,,,,,,,,,,,,,,,
hbo:8471,tapanesi,,,,,,,,,,,,,,,,,,,,,
hbo:8472,tapanesi,,,,,,,,,,,,,,,,,,,,,
hbo:8473,"kifuko, diri, fuan, utep, utie",,,,,,,,,,,,,,,,,,,,,
hbo:8475,tarea,,,,,,,,,,,,,,,,,,,,,
hbo:8476,"wanyama, mnyama, pomboo, mifugo, fugw",,,,,,,,,,,,,,,,,,,,,
hbo:8477,tahashi,,,,,,,,,,,,,,,,,,,,,
hbo:8478,"chini, badala, pake, kwa, pa",,,,,,,,,,,,,,,,,,,,,
hbo:8481,"chini, shush, ingi, mnyenyekevu, duni",,,,,,,,,,,,,,,,,,,,,
hbo:8482,"chini, shush, ingi, mnyenyekevu, duni",,,,,,,,,,,,,,,,,,,,,
hbo:8483,wahiti,,,,,,,,,,,,,,,,,,,,,
hbo:8484,"katikati, kati, katika, ndani, miongoni, haser-hatikoni",,,,,,,,,,,,,,,,,,,,,
hbo:8485,"tema, waleteeni",,,,,,,,,,,,,,,,,,,,,
hbo:8486,"kusini, kusi, skaz, huvuma, umiliki",,,,,,,,,,,,,,,,,,,,,
hbo:8487,temani,,,,,,,,,,,,,,,,,,,,,
hbo:8488,temeni,,,,,,,,,,,,,,,,,,,,,
hbo:8489,"mtemani, watemani",,,,,,,,,,,,,,,,,,,,,
hbo:8490,"minara, afukizwa",,,,,,,,,,,,,,,,,,,,,
hbo:8491,muzi,,,,,,,,,,,,,,,,,,,,,
hbo:8492,"diva, mvinyo, zur, niiache, mpunguki",,,,,,,,,,,,,,,,,,,,,
hbo:8493,tiria,,,,,,,,,,,,,,,,,,,,,
hbo:8494,tirasi,,,,,,,,,,,,,,,,,,,,,
hbo:8495,"mbuz, beber, mwit",,,,,,,,,,,,,,,,,,,,,
hbo:8496,"onew, one, dhulum, waon, wone, uongo, hila, anga, dangany, danganya",,,,,,,,,,,,,,,,,,,,,
hbo:8497,,,,,"fuat, fuata, nifuate, unifuate, hali",,,,,,,,,,,,,,,,,
hbo:8500,taus,,,,,,,,,,,,,,,,,,,,,
hbo:8502,"kamili, kamil, timi, ilif, wazima",,,,,,,,,,,,,,,,,,,,,
hbo:8503,"upeo, huyatafutatafuta, upep, duar",,,,,,,,,,,,,,,,,,,,,
hbo:8504,"bulu, wat",,,,,,,,,,,,,,,,,,,,,
hbo:8505,,"pim, pimi, nyingine, sawa, pima","pim, pimi, nyingine, sawa, pima","pim, pimi, nyingine, sawa, pima","pim, pimi, nyingine, sawa, pima",,,,,,,,,,,,,,,,,
hbo:8506,"waid, tofal",,,,,,,,,,,,,,,,,,,,,
hbo:8508,"waipime, tuto, umejaa",,,,,,,,,,,,,,,,,,,,,
hbo:8509,"joho, vazi, mavazi, wakiwa, loku",,,,,,,,,,,,,,,,,,,,,
hbo:8510,"gof, bom, boma, lim, husu",,,,,,,,,,,,,,,,,,,,,
hbo:8511,,"tundi, tundik, tungik, watundikwe, tung",,,,,,,,,,,,,,,,,,,,
hbo:8512,tel-abibu,,,,,,,,,,,,,,,,,,,,,
hbo:8513,"ugum, shid, matatizo, uchovu, wazijua, hai, mgonjwa, ugu, wagonjwa, zimi",,,,,,,,,,,,,,,,,,,,,
hbo:8514,"joto, kavu, ukosefu, ukam, nikaita",,,,,,,,,,,,,,,,,,,,,
hbo:8515,telasari,,,,,,,,,,,,,,,,,,,,,
hbo:8516,"mavazi, vazi, nguo, joho, yeva",,,,,,,,,,,,,,,,,,,,,
hbo:8517,"theluji, hawahofii",,,,,,,,,,,,,,,,,,,,,
hbo:8518,,"tundi, tundik, tungik, watundikwe, tung","tundi, tundik, tungik, watundikwe, tung","tundi, tundik, tungik, watundikwe, tung",,,,,,,,,,,,,,,,,,
hbo:8519,"manung'uniko, nung'uni, nung'uniki, linung'uniki, yoninung'uniki",,,,,,,,,,,,,,,,,,,,,
hbo:8520,reshefu,,,,,,,,,,,,,,,,,,,,,
hbo:8521,"kerubu, tel-harsha",,,,,,,,,,,,,,,,,,,,,
hbo:8522,"podo, aliyelijaza, wanaposema",,,,,,,,,,,,,,,,,,,,,
hbo:8523,"tatu, watatu, mitatu, matatu, theluthi",,,,,,,,,,,,,,,,,,,,,
hbo:8525,"shamb, shamban, konden, lim, nchi",,,,,,,,,,,,,,,,,,,,,
hbo:8526,talmai,,,,,,,,,,,,,,,,,,,,,
hbo:8527,"pigi, huduma, kwa, mdog, zao",,,,,,,,,,,,,,,,,,,,,
hbo:8528,tel-mela,,,,,,,,,,,,,,,,,,,,,
hbo:8529,,,,,"nyekundu, mwekundu, kund, jekundu",,,,,,,,,,,,,,,,,
hbo:8531,"tatu, watatu, mitatu, matatu, theluthi",,,,,,,,,,,,,,,,,,,,,
hbo:8532,"tatu, watatu, mitatu, matatu, theluthi",,,,,,,,,,,,,,,,,,,,,
hbo:8533,"thelathini, nne",,,,,,,,,,,,,,,,,,,,,
hbo:8534,"nywele, nywe, sing, malaika, manyoya",,,,,,,,,,,,,,,,,,,,,
hbo:8535,"ish, lip, kamili, maliz, anga",,,,,,,,,,,,,,,,,,,,,
hbo:8536,"huko, hapo, humo, ndik, pale",,,,,,,,,,,,,,,,,,,,,
hbo:8537,"kamili, unyofu, uelekevu, kamil, mnyofu",,,,,,,,,,,,,,,,,,,,,
hbo:8538,"kamili, unyofu, uelekevu, kamil, mnyofu",,,,,,,,,,,,,,,,,,,,,
hbo:8539,,"shanga, shtu, staajab, lisha, staajabu",,,,"shanga, shtu, staajab, lisha, staajabu",,,,,,,,,,,,,,,,
hbo:8541,bumbuazi,,,,,,,,,,,,,,,,,,,,,
hbo:8542,tamuzi,,,,,,,,,,,,,,,,,,,,,
hbo:8543,"hapo, jana, napo, amwuaye, mwepesi",,,,,,,,,,,,,,,,,,,,,
hbo:8544,"kama, mfano, fanan, umbo, fananish",,,,,,,,,,,,,,,,,,,,,
hbo:8545,"badil, ujir, atoe, badilisha, atatoa",,,,,,,,,,,,,,,,,,,,,
hbo:8546,"maut, wafu, kufa, kuf, kifo",,,,,,,,,,,,,,,,,,,,,
hbo:8547,"tema, barkosi, wana, sisera, wazawa",,,,,,,,,,,,,,,,,,,,,
hbo:8548,"daim, zot, zote, dum, sadaka",,,,,,,,,,,,,,,,,,,,,
hbo:8549,"kamili, dosari, ilif, kamil, mzim",,,,,,,,,,,,,,,,,,,,,
hbo:8550,"thumimu, uliyemjaribu",,,,,,,,,,,,,,,,,,,,,
hbo:8551,,"shik, kamat, ishi, pat, shika","shik, kamat, ishi, pat, shika",,,,,,,,,,,,,,,,,,,
hbo:8552,,"ish, timi, maliz, anga, zima",,,,"ish, timi, maliz, anga, zima","ish, timi, maliz, anga, zima",,,,,,,,,,,,,,,
hbo:8553,"timna, akat, nimemuona",,,,,,,,,,,,,,,,,,,,,
hbo:8554,mtimna,,,,,,,,,,,,,,,,,,,,,
hbo:8555,timna,,,,,,,,,,,,,,,,,,,,,
hbo:8556,"timnath-heresi, timnath-sera",,,,,,,,,,,,,,,,,,,,,
hbo:8556a,"timnath-heresi, timnath-sera",,,,,,,,,,,,,,,,,,,,,
hbo:8557,"yeyu, yeyush, towek, ajitahidiye, haruk",,,,,,,,,,,,,,,,,,,,,
hbo:8558,"tend, bond, vivi",,,,,,,,,,,,,,,,,,,,,
hbo:8559,"tamari, mwanda",,,,,,,,,,,,,,,,,,,,,
hbo:8559a,"tamari, mwanda",,,,,,,,,,,,,,,,,,,,,
hbo:8560,"tend, bond, vivi",,,,,,,,,,,,,,,,,,,,,
hbo:8560a,"tend, bond, vivi",,,,,,,,,,,,,,,,,,,,,
hbo:8561,"tend, bond, vivi",,,,,,,,,,,,,,,,,,,,,
hbo:8562,vifa,,,,,,,,,,,,,,,,,,,,,
hbo:8563,"uchungu, chung, kali, majonzi, pote",,,,,,,,,,,,,,,,,,,,,
hbo:8565,"joka, louto",,,,,,,,,,,,,,,,,,,,,
hbo:8567,,"hesab, simuli, hesabi, ambi, anga, ajiri, ajir, mshahara, mwajiriwa, mwajir, wap, pew, wek, akampa, wati",,"hesab, simuli, hesabi, ambi, anga, ajiri, ajir, mshahara, mwajiriwa, mwajir, wap, pew, wek, akampa, wati",,,"hesab, simuli, hesabi, ambi, anga, ajiri, ajir, mshahara, mwajiriwa, mwajir, wap, pew, wek, akampa, wati",,,,,,,,,,,,,,,
hbo:8569,"eleke, upande, kabil, hakupo, lak",,,,,,,,,,,,,,,,,,,,,
hbo:8570,"matunda, uzao, maza, tund, kuza",,,,,,,,,,,,,,,,,,,,,
hbo:8571,"siki, sikion, sikiliz, yapokee, hili",,,,,,,,,,,,,,,,,,,,,
hbo:8572,"ngiz, lal, sinzi, ngizi, nzia",,,,,,,,,,,,,,,,,,,,,
hbo:8573,"tikis, tikisi, tiki, tetemek, kama",,,,,,,,,,,,,,,,,,,,,
hbo:8574,"tanuri, waokaji, tokos, mwokaji, kos",,,,,,,,,,,,,,,,,,,,,
hbo:8576,"tanhumethi, mnetofa",,,,,,,,,,,,,,,,,,,,,
hbo:8577,"mbweha, mbwamwitu, mwenzao, nyok, joka, yang",,,,,,,,,,,,,,,,,,,,,
hbo:8579,"wawili, mbili, miwili, mawili, viwili",,,,,,,,,,,,,,,,,,,,,
hbo:8580,mumb,,,,,,,,,,,,,,,,,,,,,
hbo:8580a,mumb,,,,,,,,,,,,,,,,,,,,,
hbo:8581,,,"chuki, chukiz, chukia, akauchukia, sumbu","chuki, chukiz, chukia, akauchukia, sumbu",,,"chuki, chukiz, chukia, akauchukia, sumbu",,,,,,,,,,,,,,,
hbo:8582,,"pote, kose, anga, kosa, wakose","pote, kose, anga, kosa, wakose",,,,"pote, kose, anga, kosa, wakose",,,,,,,,,,,,,,,
hbo:8583,"tou, ponge, yorabu",,,,,,,,,,,,,,,,,,,,,
hbo:8584,"shuhudi, shahid, ushuhuda, shuhuda, ushahidi",,,,,,,,,,,,,,,,,,,,,
hbo:8585,"mfereji, mich, tamba, sand, fung",,,,,,,,,,,,,,,,,,,,,
hbo:8585a,"mfereji, mich, tamba, sand, fung",,,,,,,,,,,,,,,,,,,,,
hbo:8587,"azijuaye, churuzi, ujue",,,,,,,,,,,,,,,,,,,,,
hbo:8588,"hayampasi, neeme, utoa, panueni, zoja",,,,,,,,,,,,,,,,,,,,,
hbo:8589,"fung, saum, funga, hawafungi, wakiwa",,,,,,,,,,,,,,,,,,,,,
hbo:8590,taanaki,,,,,,,,,,,,,,,,,,,,,
hbo:8591,,,,"dhihak, dhara, chek, mzah, dhihaka",,"dhihak, dhara, chek, mzah, dhihaka",,,,,,,,,,,,,,,,
hbo:8593,"upanga, pang, wemb, mkuk, alan",,,,,,,,,,,,,,,,,,,,,
hbo:8594,"kimbili, salama, ngom, nguvu, raha",,,,,,,,,,,,,,,,,,,,,
hbo:8595,liw,,,,,,,,,,,,,,,,,,,,,
hbo:8596,"matari, tari, nihada",,,,,,,,,,,,,,,,,,,,,
hbo:8597,"uzur, mzur, utukufu, fahari, tuku",,,,,,,,,,,,,,,,,,,,,
hbo:8598,"mapera, mper, aigusa, mtofaa, akimtegemea",,,,,,,,,,,,,,,,,,,,,
hbo:8599,tapua,,,,,,,,,,,,,,,,,,,,,
hbo:8599a,tapua,,,,,,,,,,,,,,,,,,,,,
hbo:8602,"umba, ladh, itiw, mabashiri, meup, nyeupe, mweupe, weup, cheupe",,,,,,,,,,,,,,,,,,,,,
hbo:8602a,"umba, ladh, itiw, mabashiri, meup, nyeupe, mweupe, weup, cheupe",,,,,,,,,,,,,,,,,,,,,
hbo:8603,tofeli,,,,,,,,,,,,,,,,,,,,,
hbo:8604,"umba, ujinga, hauzingatii, hununa",,,,,,,,,,,,,,,,,,,,,
hbo:8606,"hofu, tish, utisho, uharibifu, shid",,,,,,,,,,,,,,,,,,,,,
hbo:8607,tifsa,,,,,,,,,,,,,,,,,,,,,
hbo:8608,,"mara, pig, wakati, pigw, pond",,"mara, pig, wakati, pigw, pond",,,,,,,,,,,,,,,,,,
hbo:8609,,"shon, zibwa",,"shon, zibwa",,,,,,,,,,,,,,,,,,
hbo:8610,,"mateka, twa, uhamisho, hamish, wafungwa","mateka, twa, uhamisho, hamish, wafungwa","mateka, twa, uhamisho, hamish, wafungwa",,,,,,,,,,,,,,,,,,
hbo:8612,tofethi,,,,,,,,,,,,,,,,,,,,,
hbo:8613,tofethi,,,,,,,,,,,,,,,,,,,,,
hbo:8614,"ofis, wakuu, mkuu, watumishi, hakim",,,,,,,,,,,,,,,,,,,,,
hbo:8615,"kamb, mikufu, and, fung, pwan, tumain, tumai, raji, tara, taraji",,,,,,,,,,,,,,,,,,,,,
hbo:8615a,"kamb, mikufu, and, fung, pwan, tumain, tumai, raji, tara, taraji",,,,,,,,,,,,,,,,,,,,,
hbo:8617,"mahali, tak, vyake, pale, pake",,,,,,,,,,,,,,,,,,,,,
hbo:8620,"tekoa, watekoi",,,,,,,,,,,,,,,,,,,,,
hbo:8621,"tekoa, watekoi",,,,,,,,,,,,,,,,,,,,,
hbo:8622,"mwisho, powadi, kisichofikiwa",,,,,,,,,,,,,,,,,,,,,
hbo:8624,"shuja, nguvu, hodari, uwez, wenye",,,,,,,,,,,,,,,,,,,,,
hbo:8625,,,,,,,,,,,,,,,,"uzan, pimw, pimi, pim, lip, shekeli",,,,,,
hbo:8625a,"uzan, pimw, pimi, pim, lip, shekeli",,,,,,,,,,,,,,,,,,,,,
hbo:8626,,"aliaye, nyok, awe, unyofu, ele",,"aliaye, nyok, awe, unyofu, ele",,,,"thibiti, imar, ishara, dhahiri, onesh",,,,,,,,,,,,,,
hbo:8628,"sauti, pig, mshindo, kelel, ngurumo","sauti, pig, mshindo, kelel, ngurumo","sauti, pig, mshindo, kelel, ngurumo",,,,,,,,,,,,,,,,,,,
hbo:8629,"sauti, pig, mshindo, kelel, ngurumo",,,,,,,,,,,,,,,,,,,,,
hbo:8631,,"shind, ngeze, zaidi, vun, humshinda",,,,,,,,,,,,,"nguvu, hodari, wez, wenye, shind",,"nguvu, hodari, wez, wenye, shind",,,,,
hbo:8633,"nguvu, uwez, miujiza, ukuu, mamlaka",,,,,,,,,,,,,,,,,,,,,
hbo:8634,tarala,,,,,,,,,,,,,,,,,,,,,
hbo:8635,"ziad, ongez, izid, ngeze, liwe",,,,,,,,,,,,,,,,,,,,,
hbo:8636,"ziad, ongez, izid, ngeze, liwe",,,,,,,,,,,,,,,,,,,,,
hbo:8638,,,,,mwandiki,,,,,,,,,,,,,,,,,
hbo:8639,"ngiz, lal, sinzi, ngizi, nzia",,,,,,,,,,,,,,,,,,,,,
hbo:8640,tirhaka,,,,,,,,,,,,,,,,,,,,,
hbo:8641,"nuli, tole, sadaka, mtampa, mianzi",,,,,,,,,,,,,,,,,,,,,
hbo:8642,"nuli, tole, sadaka, mtampa, mianzi",,,,,,,,,,,,,,,,,,,,,
hbo:8643,"kelel, mali, shangwe, sauti, gutu",,,,,,,,,,,,,,,,,,,,,
hbo:8644,"pony, pon, nyw, afya, mepo",,,,,,,,,,,,,,,,,,,,,
hbo:8645,"miberoshi, misonobari, mberoshi, msonobari",,,,,,,,,,,,,,,,,,,,,
hbo:8646,tera,,,,,,,,,,,,,,,,,,,,,
hbo:8646a,tera,,,,,,,,,,,,,,,,,,,,,
hbo:8647,tirhana,,,,,,,,,,,,,,,,,,,,,
hbo:8648,"wawili, mbili, miwili, mawili, viwili",,,,,,,,,,,,,,,,,,,,,
hbo:8649b,"hila, hian, anga, sali, enda, uongo, dangany, danganya",,,,,,,,,,,,,,,,,,,,,
hbo:8650,ngot,,,,,,,,,,,,,,,,,,,,,
hbo:8651,"lang, ila, miim, mwim, lango",,,,,,,,,,,,,,,,,,,,,
hbo:8652,"lang, ila, miim, mwim, lango",,,,,,,,,,,,,,,,,,,,,
hbo:8653,"umelinywea, yumbi, yumb, linywe",,,,,,,,,,,,,,,,,,,,,
hbo:8654,watirathi,,,,,,,,,,,,,,,,,,,,,
hbo:8655,"nyag, terafi, viib",,,,,,,,,,,,,,,,,,,,,
hbo:8656,tirza,,,,,,,,,,,,,,,,,,,,,
hbo:8656a,tirza,,,,,,,,,,,,,,,,,,,,,
hbo:8657,tereshi,,,,,,,,,,,,,,,,,,,,,
hbo:8658,"zabarajadi, yasp, almasi",,,,,,,,,,,,,,,,,,,,,
hbo:8659,"tarshishi, naul",,,,,,,,,,,,,,,,,,,,,
hbo:8659a,"tarshishi, naul",,,,,,,,,,,,,,,,,,,,,
hbo:8660,"wal, hesab, tirshatha, mkoa, wakuu",,,,,,,,,,,,,,,,,,,,,
hbo:8661,"amur, agiz, amri, agiza, amriw",,,,,,,,,,,,,,,,,,,,,
hbo:8662,tartaki,,,,,,,,,,,,,,,,,,,,,
hbo:8663,"kelel, mali, shangwe, sauti, gutu",,,,,,,,,,,,,,,,,,,,,
hbo:8664,mtishbi,,,,,,,,,,,,,,,,,,,,,
hbo:8665,urembo,,,,,,,,,,,,,,,,,,,,,
hbo:8666,"geuk, zunguk, geuki, geuz, tazam",,,,,,,,,,,,,,,,,,,,,
hbo:8667,"kimbili, salama, ngom, nguvu, raha",,,,,,,,,,,,,,,,,,,,,
hbo:8668,"wokovu, shind, haufai, endele, wakiwa",,,,,,,,,,,,,,,,,,,,,
hbo:8669,"tama, pendeza, pend, tamani, man",,,,,,,,,,,,,,,,,,,,,
hbo:8670,"karama, zawadi, paw, sadaka, kuto",,,,,,,,,,,,,,,,,,,,,
hbo:8671,tisa,,,,,,,,,,,,,,,,,,,,,
hbo:8672,"tisa, tisini",,,,,,,,,,,,,,,,,,,,,
hbo:8674,tatenai,,,,,,,,,,,,,,,,,,,,,
