# Verb argument-slot filler profiles, recovered from BHSA syntax (via Context-Fabric
# annotation, cached in resources/occurrences/hbo.db + hbo_syntax.db -- no corpus mount
# needed). slot in {Subj, Objc, Cmpl, PreC}. count: occurrences across the OT.
# Raw material for the text-anchored yardstick -- see
# internal-docs/text-anchored-semantics-plan.md. Not SDBH-derived.
verb_strong	slot	filler_strong	count
H1961	Subj	H1697	163
H0559	Subj	H4428	149
H0935	Cmpl	H1004	149
H0559	Subj	H0430	147
H5414	Cmpl	H3027	132
H6213	Objc	H3605	125
H0559	Subj	H6635	115
H8085	Cmpl	H6963	114
H1129	Objc	H1004	110
H7121	Objc	H8034	108
H8085	Objc	H1697	107
H1961	Subj	H3605	97
H1961	Subj	H1121	91
H0935	Subj	H3605	85
H3205	Objc	H1121	85
H0935	Cmpl	H0776	84
H1980	Cmpl	H1870	83
H5414	Objc	H0776	78
H0935	Subj	H1121	76
H0935	Cmpl	H4428	74
H0559	Cmpl	H4428	72
H1961	PreC	H1121	72
H1980	Cmpl	H0310	72
H5414	Cmpl	H1121	72
H1696	Cmpl	H1121	71
H5975	Cmpl	H6440	70
H8085	Objc	H6963	69
H5414	Objc	H3605	67
H0398	Objc	H3899	64
H0559	Cmpl	H1121	64
H3947	Objc	H1121	64
H0559	Cmpl	H5971	62
H1696	Objc	H1697	60
H3947	Cmpl	H3027	60
H3947	Objc	H3605	60
H3947	Objc	H0802	59
H7971	Objc	H3027	58
H3772	Objc	H1285	57
H7971	Objc	H4397	57
H8104	Objc	H4687	57
H6213	Objc	H1697	56
H6213	Objc	H2091	54
H7971	Cmpl	H4428	54
H0935	Subj	H4428	53
H2734	Subj	H0639	53
H8313	Cmpl	H0784	53
H0559	Cmpl	H3605	52
H3423	Objc	H0776	52
H6213	Subj	H1121	52
H0935	Cmpl	H5892	51
H1961	PreC	H8141	51
H6213	Objc	H4941	51
H1961	PreC	H0776	50
H1961	PreC	H5971	50
H5375	Objc	H5869	50
H5414	Subj	H0430	50
H5927	Objc	H5930	50
H7971	Subj	H4428	50
H5307	Cmpl	H6440	49
H1961	PreC	H3605	48
H5337	Cmpl	H3027	48
H1961	PreC	H0430	46
H5414	Cmpl	H6440	46
H5647	Objc	H0430	46
H6213	Cmpl	H3605	46
H0559	Subj	H0376	45
H3427	Cmpl	H0776	45
H7200	Objc	H3605	45
H5927	Subj	H4428	44
H0559	Subj	H1121	43
H1961	PreC	H0376	43
H1961	PreC	H3967	43
H4672	Objc	H2580	43
H5414	Objc	H3701	43
H0935	Subj	H0376	42
H3318	Cmpl	H0776	42
H5414	Cmpl	H4428	42
H1961	PreC	H5650	41
H1961	Subj	H0376	41
H5221	Objc	H3605	41
H7901	Cmpl	H0001	41
H4672	Cmpl	H5869	40
H7121	Cmpl	H8034	40
H7291	Cmpl	H0310	40
H1129	Objc	H4196	39
H1980	Cmpl	H0776	39
H3947	Objc	H1323	39
H8354	Objc	H4325	39
H1961	Subj	H0430	38
H1961	Subj	H3027	38
H3947	Objc	H8147	38
H5414	Cmpl	H3605	38
H1961	Cmpl	H1121	37
H2388	Subj	H1121	37
H8085	Subj	H3605	37
H0935	Cmpl	H6440	36
H1961	PreC	H0505	36
H1961	PreC	H6440	36
H5927	Cmpl	H2022	36
H0398	Objc	H3605	35
H0559	Subj	H3605	35
H1961	PreC	H6944	35
H5414	Objc	H5892	35
H6213	Subj	H0430	35
H7650	Cmpl	H0001	35
H0559	Subj	H5971	34
H1961	PreC	H0996	34
H3318	Cmpl	H6440	34
H3526	Objc	H0899	34
H5927	Cmpl	H0776	34
H6213	Subj	H0001	34
H7725	Cmpl	H0776	34
H1961	PreC	H1004	33
H1980	Cmpl	H6440	33
H6213	Subj	H4428	33
H8104	Objc	H4931	33
H0935	Cmpl	H0168	32
H1980	Cmpl	H0430	32
H3318	Subj	H1121	32
H5414	Cmpl	H0776	32
H8104	Objc	H3605	32
H0398	Objc	H1320	31
H1961	PreC	H0259	31
H1961	PreC	H0802	31
H1980	Cmpl	H1004	31
H5674	Cmpl	H0776	31
H7200	Subj	H5869	31
H7364	Cmpl	H4325	31
H8085	Subj	H4428	31
H0559	Cmpl	H0376	30
H1961	Subj	H0776	30
H4191	Subj	H1121	30
H5046	Objc	H1697	30
H5186	Objc	H3027	30
H6213	Objc	H1419	30
H6213	Objc	H6086	30
H6680	Objc	H1121	30
H7121	Subj	H8034	30
H7971	Objc	H1121	30
H8104	Objc	H2708	30
H1961	Subj	H1366	29
H1961	Subj	H3117	29
H3205	Objc	H1323	29
H3947	Objc	H0376	29
H5127	Cmpl	H6440	29
H5414	Cmpl	H0001	29
H5414	Cmpl	H1004	29
H5414	Objc	H1323	29
H6213	Objc	H2617	29
H1540	Objc	H6172	28
H1696	Cmpl	H3605	28
H1696	Objc	H3605	28
H1961	PreC	H2568	28
H3318	Subj	H4428	28
H3947	Cmpl	H1121	28
H3947	Objc	H0259	28
H4191	Subj	H0376	28
H6213	Cmpl	H4428	28
H8085	Cmpl	H0430	28
H8210	Objc	H1818	28
H8354	Objc	H3196	28
H0559	Cmpl	H5650	27
H0559	Subj	H0802	27
H0935	Cmpl	H4264	27
H0935	Objc	H3605	27
H1961	Cmpl	H3605	27
H1961	Subj	H5892	27
H2076	Objc	H2077	27
H5046	Objc	H3605	27
H5375	Objc	H5771	27
H5641	Objc	H6440	27
H6213	Objc	H8147	27
H6999	Cmpl	H4196	27
H7971	Objc	H0376	27
H1696	Subj	H0430	26
H1961	PreC	H5769	26
H3372	Objc	H0430	26
H5186	Objc	H0241	26
H5414	Objc	H5159	26
H6965	Objc	H1697	26
H7200	Objc	H1121	26
H0935	Subj	H0430	25
H0935	Subj	H5971	25
H1961	Subj	H1004	25
H1980	Cmpl	H3605	25
H3318	Subj	H3605	25
H3772	Cmpl	H5971	25
H5375	Objc	H6440	25
H5414	Objc	H0505	25
H5927	Cmpl	H1004	25
H5927	Subj	H3605	25
H6213	Objc	H5930	25
H6965	Subj	H1121	25
H6965	Subj	H3605	25
H7200	Objc	H6440	25
H7725	Cmpl	H1870	25
H7725	Objc	H7622	25
H8085	Objc	H3605	25
H8104	Objc	H4941	25
H8628	Cmpl	H7782	25
H0622	Objc	H3605	24
H1696	Cmpl	H5971	24
H1961	PreC	H0001	24
H1961	PreC	H3548	24
H1961	Subj	H4428	24
H1980	Subj	H0376	24
H1980	Subj	H1121	24
H2930	Subj	H3605	24
H3318	Cmpl	H1004	24
H3427	Cmpl	H3678	24
H3947	Subj	H3548	24
H5414	Objc	H6963	24
H5564	Objc	H3027	24
H8085	Subj	H1121	24
H0398	Objc	H6529	23
H0559	Cmpl	H5288	23
H1961	Cmpl	H0776	23
H1961	Cmpl	H0996	23
H1961	PreC	H4428	23
H1961	Subj	H6944	23
H3947	Objc	H1241	23
H4191	Subj	H3605	23
H5414	Cmpl	H3233	23
H5414	Objc	H1121	23
H5414	Objc	H3820	23
H5674	Cmpl	H6440	23
H6213	Objc	H7848	23
H7121	Cmpl	H1121	23
H7121	Cmpl	H3605	23
H7200	Objc	H0776	23
H7200	Subj	H0430	23
H7725	Objc	H1697	23
H7971	Objc	H5971	23
H0559	Cmpl	H1004	22
H0935	Cmpl	H0430	22
H0935	Cmpl	H8179	22
H1961	PreC	H5892	22
H1961	PreC	H7651	22
H3045	Subj	H3605	22
H3318	Cmpl	H2351	22
H3427	Cmpl	H5892	22
H5307	Cmpl	H0776	22
H5375	Objc	H3027	22
H5414	Objc	H2091	22
H5414	Objc	H4428	22
H5414	Subj	H4428	22
H6213	Objc	H0259	22
H6213	Objc	H4639	22
H6213	Objc	H5178	22
H6605	Objc	H6310	22
H6680	Subj	H4428	22
H7126	Objc	H1121	22
H7725	Cmpl	H0310	22
H7760	Objc	H6440	22
H8199	Cmpl	H0996	22
H0559	Cmpl	H0001	21
H0559	Cmpl	H3820	21
H0559	Subj	H6547	21
H0914	Cmpl	H0996	21
H1129	Objc	H5892	21
H1696	Cmpl	H4428	21
H1961	Subj	H4421	21
H3045	Objc	H3605	21
H3190	Cmpl	H5869	21
H3947	Subj	H1121	21
H5221	Objc	H0376	21
H5307	Subj	H3605	21
H5375	Objc	H7218	21
H5414	Cmpl	H0376	21
H5414	Objc	H1004	21
H5414	Objc	H3899	21
H5414	Objc	H8147	21
H5927	Cmpl	H4196	21
H7167	Objc	H0899	21
H7200	Subj	H3548	21
H7200	Subj	H3605	21
H7971	Objc	H3605	21
H0559	Subj	H0001	20
H0935	Cmpl	H3548	20
H0935	Cmpl	H4150	20
H0935	Subj	H8121	20
H3423	Cmpl	H6440	20
H3722	Subj	H3548	20
H3789	Objc	H1697	20
H3947	Objc	H3701	20
H5414	Cmpl	H3878	20
H5414	Objc	H5971	20
H6213	Objc	H6666	20
H6213	Objc	H7451	20
H6565	Objc	H1285	20
H7126	Objc	H7133	20
H7760	Objc	H8034	20
H7971	Cmpl	H3605	20
H0935	Cmpl	H0001	19
H0935	Cmpl	H1121	19
H0935	Cmpl	H3605	19
H0935	Objc	H1121	19
H1696	Cmpl	H5650	19
H1961	Cmpl	H1004	19
H1961	PreC	H8432	19
H1961	Subj	H1323	19
H1961	Subj	H8034	19
H3372	Cmpl	H6440	19
H3427	Cmpl	H1004	19
H3947	Objc	H3967	19
H5414	Cmpl	H5971	19
H5608	Objc	H3605	19
H5647	Objc	H5656	19
H5927	Subj	H1121	19
H6213	Cmpl	H1121	19
H6213	Objc	H2896	19
H6213	Objc	H4687	19
H6213	Objc	H4960	19
H6213	Subj	H3605	19
H6823	Objc	H2091	19
H7126	Cmpl	H6440	19
H7725	Subj	H3605	19
H7760	Cmpl	H6310	19
H7971	Cmpl	H1121	19
H8104	Objc	H2706	19
H0559	Cmpl	H0802	18
H0559	Cmpl	H3548	18
H0559	Subj	H5650	18
H0935	Subj	H5650	18
H0970	Cmpl	H3605	18
H1961	Cmpl	H6440	18
H1961	Subj	H0505	18
H1961	Subj	H0802	18
H1961	Subj	H5971	18
H1961	Subj	H8444	18
H1980	Cmpl	H0001	18
H1980	Cmpl	H4428	18
H2236	Objc	H1818	18
H3318	Cmpl	H5892	18
H3318	Subj	H5971	18
H3427	Subj	H1121	18
H3947	Cmpl	H0776	18
H3947	Cmpl	H1818	18
H3947	Objc	H2091	18
H5046	Cmpl	H4428	18
H5221	Objc	H6430	18
H5414	Cmpl	H0802	18
H5414	Cmpl	H5650	18
H5564	Cmpl	H7218	18
H6908	Objc	H3605	18
H6965	Subj	H0376	18
H7725	Subj	H0639	18
H8085	Cmpl	H1697	18
H0559	Cmpl	H0251	17
H0935	Cmpl	H5971	17
H0970	Subj	H0430	17
H1961	Subj	H0259	17
H1961	Subj	H1419	17
H1961	Subj	H7307	17
H1980	Cmpl	H0312	17
H1980	Subj	H3605	17
H2076	Cmpl	H0430	17
H2236	Cmpl	H4196	17
H3205	Subj	H1121	17
H3318	Objc	H3605	17
H3381	Cmpl	H2022	17
H3847	Objc	H0899	17
H5375	Objc	H6963	17
H5414	Cmpl	H2233	17
H5647	Objc	H0312	17
H5927	Subj	H0376	17
H5975	Cmpl	H1004	17
H6213	Objc	H4399	17
H6213	Objc	H6453	17
H7200	Subj	H1121	17
H7725	Cmpl	H1004	17
H7725	Objc	H3027	17
H7760	Cmpl	H0996	17
H7971	Objc	H5650	17
H8085	Subj	H5971	17
H8085	Subj	H6963	17
H8313	Objc	H1004	17
H0559	Subj	H4397	16
H0935	Cmpl	H0376	16
H0935	Subj	H0251	16
H1696	Cmpl	H0241	16
H1961	Cmpl	H0430	16
H1961	PreC	H3220	16
H1961	PreC	H6242	16
H1961	PreC	H8147	16
H1961	PreC	H8337	16
H1980	Cmpl	H2708	16
H2470	Objc	H6440	16
H3318	Cmpl	H4264	16
H3318	Subj	H0376	16
H3772	Subj	H5315	16
H5193	Objc	H3754	16
H5265	Subj	H1121	16
H5414	Cmpl	H3548	16
H5414	Cmpl	H4196	16
H5414	Cmpl	H7218	16
H5414	Objc	H0259	16
H5674	Subj	H3605	16
H5927	Cmpl	H5892	16
H6213	Cmpl	H0430	16
H6213	Objc	H2568	16
H6213	Objc	H4196	16
H6213	Objc	H5869	16
H6213	Objc	H8441	16
H6213	Objc	H8504	16
H6485	Objc	H1121	16
H6680	Subj	H0430	16
H6908	Subj	H3605	16
H6912	Cmpl	H0001	16
H6965	Subj	H4428	16
H7121	Objc	H4725	16
H7200	Objc	H5971	16
H7489	Cmpl	H5869	16
H0398	Objc	H4682	15
H0398	Subj	H0784	15
H0398	Subj	H3605	15
H0559	Cmpl	H0113	15
H0559	Cmpl	H4397	15
H0935	Subj	H3548	15
H1961	PreC	H1616	15
H1961	PreC	H8048	15
H1961	PreC	H8077	15
H1961	Subj	H8141	15
H1980	Cmpl	H1121	15
H2347	Subj	H5869	15
H2763	Objc	H3605	15
H3789	Cmpl	H5612	15
H3947	Objc	H0068	15
H3947	Objc	H0776	15
H3947	Objc	H2568	15
H3947	Objc	H6629	15
H5062	Cmpl	H6440	15
H5130	Objc	H8573	15
H5221	Objc	H1121	15
H5337	Objc	H5315	15
H5414	Objc	H3967	15
H5414	Objc	H4325	15
H5493	Objc	H3605	15
H5927	Subj	H5971	15
H6213	Cmpl	H1004	15
H6213	Objc	H1004	15
H6213	Objc	H3627	15
H6213	Subj	H0376	15
H6213	Subj	H3548	15
H7121	Cmpl	H0430	15
H7121	Objc	H3605	15
H7126	Subj	H1121	15
H7200	Objc	H0430	15
H7200	Subj	H0376	15
H7725	Cmpl	H4725	15
H7725	Cmpl	H7451	15
H7760	Objc	H1697	15
H8085	Objc	H8605	15
H0559	Cmpl	H0430	14
H0559	Subj	H3548	14
H0559	Subj	H8269	14
H0622	Subj	H3605	14
H0748	Objc	H3117	14
H0935	Cmpl	H0802	14
H0935	Cmpl	H2315	14
H0935	Cmpl	H4057	14
H0935	Cmpl	H4725	14
H0935	Subj	H0802	14
H0935	Subj	H3117	14
H1696	Cmpl	H1004	14
H1696	Cmpl	H3820	14
H1696	Objc	H2896	14
H1875	Cmpl	H0430	14
H1961	PreC	H7218	14
H3318	Cmpl	H4421	14
H3722	Cmpl	H1157	14
H3920	Objc	H5892	14
H3947	Cmpl	H0802	14
H3947	Objc	H8081	14
H5258	Objc	H5262	14
H5375	Objc	H0727	14
H5375	Objc	H3605	14
H5414	Cmpl	H0430	14
H5414	Cmpl	H0931	14
H5462	Objc	H1817	14
H5800	Objc	H0430	14
H5927	Cmpl	H7218	14
H5975	Cmpl	H4428	14
H5975	Cmpl	H8179	14
H6030	Subj	H0376	14
H6030	Subj	H1121	14
H6213	Cmpl	H5971	14
H6213	Objc	H0776	14
H6213	Objc	H2889	14
H6213	Objc	H5656	14
H6213	Objc	H8337	14
H6491	Objc	H5869	14
H7121	Objc	H1697	14
H7760	Cmpl	H1004	14
H7760	Cmpl	H6440	14
H7971	Cmpl	H6440	14
H8085	Subj	H0430	14
H8552	Subj	H3605	14
H0559	Cmpl	H5030	13
H0559	Cmpl	H6547	13
H0935	Objc	H7462	13
H1933	PreC	H2372	13
H1961	PreC	H0310	13
H1961	PreC	H1471	13
H1961	PreC	H8255	13
H1961	PreC	H8549	13
H1961	Subj	H3820	13
H1961	Subj	H7965	13
H1961	Subj	H8147	13
H1980	Cmpl	H4725	13
H2142	Objc	H1285	13
H2142	Objc	H3117	13
H2490	Objc	H6944	13
H3318	Cmpl	H6310	13
H3318	Cmpl	H7704	13
H3318	Objc	H1121	13
H3423	Objc	H3427	13
H3474	Cmpl	H5869	13
H5087	Objc	H5088	13
H5307	Subj	H2491	13
H5375	Objc	H1121	13
H5414	Objc	H0802	13
H5414	Objc	H3603	13
H5414	Objc	H4054	13
H5414	Subj	H0776	13
H5422	Objc	H4196	13
H5927	Cmpl	H3605	13
H5927	Objc	H0727	13
H6213	Objc	H0713	13
H6213	Objc	H7462	13
H6912	Cmpl	H5892	13
H6950	Objc	H3605	13
H6965	Subj	H5971	13
H7121	Subj	H4428	13
H7126	Objc	H6499	13
H7200	Objc	H2896	13
H7200	Objc	H6040	13
H7493	Subj	H0776	13
H7725	Cmpl	H0430	13
H7725	Cmpl	H7218	13
H7725	Objc	H3605	13
H7725	Subj	H4428	13
H7760	Objc	H3820	13
H7812	Cmpl	H4428	13
H7971	Subj	H1121	13
H8056	Subj	H3605	13
H8104	Objc	H5715	13
H0398	Objc	H0776	12
H0622	Cmpl	H5971	12
H0935	Cmpl	H2022	12
H0935	Cmpl	H7350	12
H0935	Subj	H4397	12
H0970	Cmpl	H7626	12
H1245	Objc	H5315	12
H1288	Objc	H0430	12
H1696	Cmpl	H0001	12
H1696	Subj	H6310	12
H1875	Objc	H0430	12
H1961	PreC	H3824	12
H1961	PreC	H8672	12
H1961	Subj	H1471	12
H1961	Subj	H4325	12
H1961	Subj	H5650	12
H1961	Subj	H6629	12
H1961	Subj	H7227	12
H1980	Subj	H5971	12
H2181	Cmpl	H0310	12
H2421	Subj	H4428	12
H2490	Objc	H8034	12
H3318	Cmpl	H1121	12
H3318	Cmpl	H4428	12
H3318	Cmpl	H8432	12
H3318	Subj	H1486	12
H3381	Cmpl	H1004	12
H3665	Cmpl	H6440	12
H3772	Cmpl	H7130	12
H3789	Objc	H3605	12
H3947	Objc	H0251	12
H3947	Objc	H1004	12
H3947	Objc	H5971	12
H3947	Objc	H6499	12
H3947	Subj	H4428	12
H5162	Cmpl	H7462	12
H5221	Objc	H0776	12
H5375	Objc	H4912	12
H5414	Cmpl	H0996	12
H5414	Objc	H2568	12
H5414	Objc	H6440	12
H5414	Subj	H0376	12
H5414	Subj	H3548	12
H5462	Cmpl	H1157	12
H5800	Objc	H0001	12
H5927	Cmpl	H8064	12
H5975	Cmpl	H2022	12
H5975	Cmpl	H6607	12
H6030	Subj	H3605	12
H6213	Cmpl	H0776	12
H6213	Cmpl	H5650	12
H6213	Objc	H0430	12
H6213	Objc	H2282	12
H6213	Objc	H2885	12
H6213	Objc	H4541	12
H6213	Objc	H8064	12
H6213	Objc	H8144	12
H6213	Objc	H8438	12
H6566	Objc	H3709	12
H6965	Objc	H1285	12
H7200	Cmpl	H6440	12
H7200	Objc	H0376	12
H7200	Objc	H1419	12
H7200	Subj	H5971	12
H7364	Objc	H7272	12
H7604	Objc	H8300	12
H7725	Subj	H1121	12
H7760	Objc	H3027	12
H7760	Objc	H8269	12
H8104	Objc	H1870	12
H8210	Objc	H2534	12
H0398	Objc	H1818	11
H0398	Subj	H1121	11
H0559	Cmpl	H8269	11
H0935	Cmpl	H6547	11
H0935	Cmpl	H6607	11
H0935	Cmpl	H6944	11
H0935	Cmpl	H6951	11
H0935	Subj	H8147	11
H1129	Subj	H1121	11
H1540	Objc	H0241	11
H1696	Subj	H4428	11
H1961	Cmpl	H5971	11
H1961	PreC	H0702	11
H1961	PreC	H1419	11
H1961	PreC	H2781	11
H1961	PreC	H3117	11
H1961	PreC	H5713	11
H1961	PreC	H6918	11
H1961	Subj	H4744	11
H1961	Subj	H7458	11
H1980	Cmpl	H7628	11
H1980	Subj	H4428	11
H2026	Objc	H3605	11
H2142	Objc	H3605	11
H2388	Objc	H1004	11
H2388	Objc	H3027	11
H2492	Objc	H2472	11
H3045	Subj	H0001	11
H3045	Subj	H0376	11
H3205	Objc	H0001	11
H3318	Cmpl	H3605	11
H3318	Objc	H4428	11
H3318	Objc	H5971	11
H3318	Subj	H0784	11
H3423	Objc	H1471	11
H3427	Cmpl	H6440	11
H3772	Subj	H0376	11
H3898	Cmpl	H1121	11
H3947	Cmpl	H1323	11
H3947	Objc	H0352	11
H3947	Objc	H0899	11
H3947	Objc	H4148	11
H3947	Objc	H4428	11
H3947	Objc	H6235	11
H4784	Objc	H6310	11
H4886	Cmpl	H4428	11
H5221	Objc	H4428	11
H5221	Objc	H5892	11
H5307	Cmpl	H3027	11
H5307	Objc	H1486	11
H5375	Objc	H3639	11
H5381	Subj	H3027	11
H5414	Cmpl	H0251	11
H5414	Cmpl	H3820	11
H5414	Objc	H1870	11
H5414	Objc	H3027	11
H5414	Objc	H3754	11
H5414	Objc	H7704	11
H5414	Objc	H8269	11
H5414	Subj	H1121	11
H5647	Objc	H4428	11
H5927	Cmpl	H0430	11
H5927	Objc	H4503	11
H6186	Objc	H4421	11
H6213	Cmpl	H0376	11
H6213	Cmpl	H4908	11
H6213	Objc	H0905	11
H6213	Objc	H3615	11
H6213	Objc	H6944	11
H6213	Objc	H7175	11
H6213	Objc	H8002	11
H6213	Subj	H5650	11
H6485	Cmpl	H3605	11
H6680	Objc	H5971	11
H6965	Cmpl	H6440	11
H7126	Objc	H0352	11
H7126	Objc	H0801	11
H7126	Objc	H4503	11
H7200	Objc	H4639	11
H7364	Objc	H1320	11
H7378	Objc	H7379	11
H7725	Cmpl	H1121	11
H7725	Objc	H4428	11
H7725	Objc	H5971	11
H7760	Cmpl	H3605	11
H7760	Cmpl	H7218	11
H7812	Cmpl	H6440	11
H7911	Objc	H0430	11
H7971	Cmpl	H0776	11
H8104	Objc	H0430	11
H8199	Objc	H5971	11
H8313	Objc	H3605	11
H0157	Objc	H0430	10
H0398	Objc	H0759	10
H0559	Cmpl	H2205	10
H0559	Cmpl	H3824	10
H0559	Subj	H2205	10
H0559	Subj	H5030	10
H0631	Cmpl	H5315	10
H0935	Cmpl	H6828	10
H0935	Objc	H0727	10
H0935	Subj	H1697	10
H0935	Subj	H8269	10
H1129	Objc	H0430	10
H1129	Objc	H2346	10
H1288	Objc	H1004	10
H1288	Objc	H5971	10
H1644	Cmpl	H6440	10
H1696	Objc	H4941	10
H1961	PreC	H2428	10
H1961	PreC	H3559	10
H1961	Subj	H1818	10
H1961	Subj	H2233	10
H1961	Subj	H3427	10
H1961	Subj	H4557	10
H1961	Subj	H5159	10
H1961	Subj	H6485	10
H1961	Subj	H6664	10
H1961	Subj	H7110	10
H1961	Subj	H8269	10
H1980	Cmpl	H5892	10
H2026	Objc	H1121	10
H2076	Objc	H8002	10
H2224	Subj	H8121	10
H2803	Objc	H4284	10
H3034	Objc	H8034	10
H3045	Subj	H5971	10
H3318	Cmpl	H4725	10
H3341	Cmpl	H0784	10
H3427	Cmpl	H7130	10
H3680	Objc	H0776	10
H3772	Cmpl	H0776	10
H3947	Objc	H2460	10
H3947	Objc	H3627	10
H3947	Objc	H4294	10
H3947	Objc	H4503	10
H3947	Objc	H6086	10
H3947	Objc	H7218	10
H4135	Subj	H3605	10
H4672	Subj	H3027	10
H5060	Cmpl	H3605	10
H5221	Cmpl	H2719	10
H5221	Objc	H0505	10
H5414	Cmpl	H8064	10
H5414	Cmpl	H8147	10
H5414	Objc	H3519	10
H5414	Objc	H4306	10
H5414	Objc	H7307	10
H5414	Objc	H8641	10
H5437	Objc	H5892	10
H5437	Objc	H6440	10
H5674	Cmpl	H3605	10
H5674	Objc	H1121	10
H5782	Objc	H7307	10
H6213	Cmpl	H0001	10
H6213	Cmpl	H1471	10
H6213	Cmpl	H5978	10
H6213	Objc	H1121	10
H6213	Objc	H3532	10
H6213	Objc	H3742	10
H6213	Objc	H8034	10
H6419	Cmpl	H1157	10
H6475	Objc	H6310	10
H6680	Objc	H5650	10
H6999	Objc	H2460	10
H7121	Cmpl	H0376	10
H7121	Cmpl	H4725	10
H7121	Objc	H1121	10
H7121	Objc	H5892	10
H7126	Objc	H0259	10
H7126	Objc	H5930	10
H7185	Objc	H6203	10
H7200	Objc	H4428	10
H7311	Objc	H6963	10
H7725	Objc	H6440	10
H7725	Subj	H5971	10
H7760	Cmpl	H0776	10
H7760	Objc	H2940	10
H7760	Objc	H3605	10
H7760	Subj	H2940	10
H7812	Cmpl	H0430	10
H7812	Cmpl	H0776	10
H7891	Objc	H7892	10
H7896	Objc	H3820	10
H7971	Objc	H5030	10
H8104	Objc	H8451	10
H8252	Subj	H0776	10
H0006	Objc	H3605	9
H0215	Objc	H6440	9
H0559	Subj	H6430	9
H0935	Cmpl	H0251	9
H0935	Cmpl	H0310	9
H0935	Cmpl	H4720	9
H0935	Objc	H6086	9
H0935	Objc	H6944	9
H0935	Subj	H5030	9
H0935	Subj	H7227	9
H1129	Objc	H1116	9
H1197	Objc	H7451	9
H1540	Objc	H0001	9
H1961	Cmpl	H5030	9
H1961	PreC	H1288	9
H1961	PreC	H4057	9
H1961	PreC	H6213	9
H1961	PreC	H6240	9
H1961	PreC	H6629	9
H1961	PreC	H7097	9
H1961	Subj	H0068	9
H1961	Subj	H0702	9
H1961	Subj	H1060	9
H1961	Subj	H5288	9
H1961	Subj	H5869	9
H1961	Subj	H6240	9
H1980	Cmpl	H1471	9
H1980	Cmpl	H4057	9
H1980	Cmpl	H8451	9
H1980	Subj	H0001	9
H1984	Objc	H8034	9
H2076	Objc	H6629	9
H2296	Objc	H8242	9
H2388	Cmpl	H3027	9
H2388	Subj	H8269	9
H3001	Subj	H3605	9
H3045	Objc	H1697	9
H3045	Objc	H1870	9
H3190	Subj	H1697	9
H3205	Subj	H0802	9
H3254	Objc	H2549	9
H3318	Cmpl	H0310	9
H3423	Cmpl	H1121	9
H3427	Cmpl	H8478	9
H3427	Subj	H5971	9
H3467	Cmpl	H3027	9
H3772	Cmpl	H1004	9
H3772	Cmpl	H6440	9
H3772	Subj	H3605	9
H3789	Objc	H5612	9
H3947	Cmpl	H3605	9
H3947	Objc	H3899	9
H3947	Objc	H5612	9
H4058	Objc	H0505	9
H4422	Objc	H5315	9
H5066	Subj	H1121	9
H5130	Cmpl	H6440	9
H5157	Objc	H0776	9
H5221	Subj	H1121	9
H5307	Cmpl	H8432	9
H5307	Subj	H1697	9
H5337	Objc	H5971	9
H5375	Cmpl	H6440	9
H5375	Objc	H2399	9
H5375	Objc	H8034	9
H5375	Subj	H1121	9
H5414	Cmpl	H0241	9
H5414	Cmpl	H1323	9
H5414	Cmpl	H5315	9
H5414	Cmpl	H7161	9
H5414	Objc	H1320	9
H5414	Objc	H2022	9
H5414	Objc	H2451	9
H5414	Objc	H3627	9
H5414	Objc	H6242	9
H5414	Subj	H3605	9
H5493	Cmpl	H0310	9
H5493	Cmpl	H3605	9
H5647	Objc	H1167	9
H5927	Cmpl	H3820	9
H5927	Subj	H6430	9
H6030	Subj	H4428	9
H6030	Subj	H5971	9
H6031	Objc	H5315	9
H6213	Objc	H0352	9
H6213	Objc	H2706	9
H6213	Objc	H3924	9
H6213	Objc	H5039	9
H6213	Objc	H6499	9
H6213	Objc	H7806	9
H6213	Objc	H8201	9
H6213	Subj	H0120	9
H6213	Subj	H4399	9
H6419	Cmpl	H0430	9
H6581	Cmpl	H5785	9
H6584	Objc	H0899	9
H6605	Objc	H1817	9
H6680	Subj	H5650	9
H6999	Subj	H3548	9
H7069	Objc	H7704	9
H7121	Cmpl	H3548	9
H7121	Cmpl	H4428	9
H7200	Objc	H5061	9
H7200	Subj	H4428	9
H7503	Subj	H3027	9
H7665	Objc	H4676	9
H7760	Cmpl	H8478	9
H7760	Subj	H4428	9
H7819	Objc	H5930	9
H7931	Objc	H8034	9
H7971	Objc	H0784	9
H7971	Objc	H5612	9
H7999	Objc	H5088	9
H8085	Objc	H5971	9
H8085	Objc	H8088	9
H8085	Subj	H8269	9
H8104	Objc	H1697	9
H8210	Objc	H5550	9
H8518	Cmpl	H6086	9
H8628	Objc	H7782	9
H0183	Subj	H5315	8
H0398	Cmpl	H6944	8
H0398	Objc	H2568	8
H0398	Objc	H6944	8
H0398	Subj	H2719	8
H0398	Subj	H5971	8
H0559	Subj	H1350	8
H0559	Subj	H5288	8
H0622	Subj	H5971	8
H0935	Cmpl	H4421	8
H0935	Cmpl	H8392	8
H0935	Objc	H0430	8
H0935	Objc	H4643	8
H0935	Objc	H7133	8
H0935	Objc	H8641	8
H0935	Subj	H1471	8
H0935	Subj	H2205	8
H0935	Subj	H6256	8
H0935	Subj	H7462	8
H0962	Objc	H3605	8
H1129	Cmpl	H8034	8
H1197	Cmpl	H7130	8
H1696	Cmpl	H0430	8
H1696	Cmpl	H8034	8
H1961	Cmpl	H0001	8
H1961	Cmpl	H0376	8
H1961	Cmpl	H1471	8
H1961	Cmpl	H4428	8
H1961	Cmpl	H5869	8
H1961	Cmpl	H8141	8
H1961	PreC	H0226	8
H1961	PreC	H0784	8
H1961	PreC	H1366	8
H1961	PreC	H2416	8
H1961	PreC	H3372	8
H1961	PreC	H5707	8
H1961	PreC	H7223	8
H1961	PreC	H7704	8
H1961	PreC	H8083	8
H1961	Subj	H0216	8
H1961	Subj	H1241	8
H1961	Subj	H1242	8
H1961	Subj	H1653	8
H1961	Subj	H3548	8
H1961	Subj	H3899	8
H1961	Subj	H3967	8
H1961	Subj	H4294	8
H1961	Subj	H4735	8
H1961	Subj	H5030	8
H1961	Subj	H5038	8
H1961	Subj	H5315	8
H1961	Subj	H6187	8
H1961	Subj	H7651	8
H1980	Cmpl	H2022	8
H1980	Cmpl	H5971	8
H1980	Subj	H8147	8
H2026	Objc	H0376	8
H2181	Cmpl	H0430	8
H2280	Objc	H2543	8
H2287	Objc	H2282	8
H2388	Objc	H3820	8
H2398	Cmpl	H0430	8
H2421	Subj	H5315	8
H2654	Subj	H4428	8
H2865	Cmpl	H6440	8
H3045	Objc	H3824	8
H3045	Subj	H1471	8
H3318	Cmpl	H6547	8
H3318	Subj	H0802	8
H3341	Objc	H0784	8
H3381	Cmpl	H8064	8
H3381	Subj	H1121	8
H3381	Subj	H4428	8
H3423	Objc	H0567	8
H3427	Subj	H3605	8
H3680	Objc	H6440	8
H3772	Objc	H3605	8
H3920	Objc	H1323	8
H3947	Objc	H2543	8
H3947	Objc	H5650	8
H3947	Objc	H7651	8
H3947	Subj	H0376	8
H4058	Objc	H8179	8
H4191	Objc	H1121	8
H4191	Subj	H4428	8
H4191	Subj	H5650	8
H4422	Cmpl	H3027	8
H4672	Objc	H0376	8
H4672	Subj	H0376	8
H5060	Cmpl	H2930	8
H5127	Subj	H3605	8
H5186	Cmpl	H0310	8
H5186	Objc	H0168	8
H5221	Objc	H1060	8
H5221	Objc	H1419	8
H5221	Objc	H4347	8
H5265	Subj	H4264	8
H5337	Subj	H0430	8
H5375	Objc	H0802	8
H5375	Objc	H5251	8
H5375	Subj	H3605	8
H5414	Cmpl	H0341	8
H5414	Cmpl	H0727	8
H5414	Cmpl	H2416	8
H5414	Cmpl	H3709	8
H5414	Cmpl	H4399	8
H5414	Cmpl	H6547	8
H5414	Cmpl	H7272	8
H5414	Cmpl	H8432	8
H5414	Cmpl	H8478	8
H5414	Cmpl	H8571	8
H5414	Objc	H0341	8
H5414	Objc	H0376	8
H5414	Objc	H2233	8
H5414	Objc	H2416	8
H5414	Objc	H2580	8
H5414	Objc	H2981	8
H5414	Objc	H4467	8
H5414	Objc	H5315	8
H5414	Objc	H6944	8
H5414	Subj	H0001	8
H5493	Cmpl	H1870	8
H5493	Cmpl	H7451	8
H5493	Objc	H1116	8
H5493	Subj	H1116	8
H5647	Objc	H0168	8
H5647	Objc	H4150	8
H5674	Cmpl	H8432	8
H5674	Subj	H0376	8
H5927	Cmpl	H0310	8
H5927	Cmpl	H6440	8
H5927	Objc	H8002	8
H5927	Subj	H3548	8
H5927	Subj	H7837	8
H5975	Objc	H1817	8
H5975	Objc	H3548	8
H5975	Subj	H0376	8
H5975	Subj	H3605	8
H5975	Subj	H4428	8
H6213	Cmpl	H0259	8
H6213	Objc	H2213	8
H6213	Objc	H2428	8
H6213	Objc	H4421	8
H6213	Objc	H4503	8
H6213	Objc	H5766	8
H6213	Objc	H6235	8
H6213	Objc	H6459	8
H6213	Objc	H7651	8
H6213	Objc	H8081	8
H6213	Objc	H8451	8
H6213	Subj	H3027	8
H6299	Objc	H1060	8
H6485	Objc	H3605	8
H6581	Subj	H5061	8
H6680	Objc	H0001	8
H6680	Objc	H3548	8
H6680	Subj	H3548	8
H6743	Subj	H7307	8
H6912	Cmpl	H6913	8
H6965	Objc	H1121	8
H7121	Cmpl	H0259	8
H7121	Cmpl	H5650	8
H7126	Cmpl	H3605	8
H7126	Objc	H1241	8
H7126	Objc	H2460	8
H7126	Objc	H3605	8
H7126	Objc	H7651	8
H7126	Objc	H8549	8
H7200	Cmpl	H3605	8
H7200	Objc	H0251	8
H7200	Objc	H1004	8
H7200	Objc	H6172	8
H7200	Subj	H0001	8
H7200	Subj	H3519	8
H7666	Objc	H0400	8
H7725	Cmpl	H0001	8
H7725	Cmpl	H3605	8
H7725	Cmpl	H5892	8
H7971	Objc	H2568	8
H7971	Objc	H8269	8
H7993	Objc	H3605	8
H8074	Subj	H3605	8
H8085	Cmpl	H5030	8
H8085	Objc	H7782	8
H8085	Subj	H0376	8
H8104	Objc	H1004	8
H8104	Objc	H1285	8
H8104	Objc	H7676	8
H8210	Cmpl	H4196	8
H8446	Objc	H0776	8
H0006	Cmpl	H0776	7
H0398	Objc	H2460	7
H0559	Cmpl	H3627	7
H0559	Cmpl	H7854	7
H0559	Subj	H0113	7
H0559	Subj	H0517	7
H0559	Subj	H6918	7
H0622	Cmpl	H5892	7
H0622	Subj	H1121	7
H0935	Cmpl	H0127	7
H0935	Cmpl	H1964	7
H0935	Cmpl	H3117	7
H0935	Cmpl	H3220	7
H0935	Cmpl	H8432	7
H0935	Objc	H0817	7
H0935	Objc	H1697	7
H0935	Objc	H4503	7
H0935	Objc	H8147	7
H0935	Subj	H0727	7
H0935	Subj	H1320	7
H0935	Subj	H2428	7
H0935	Subj	H5288	7
H0935	Subj	H7093	7
H0962	Objc	H0929	7
H0962	Objc	H7998	7
H1129	Cmpl	H0430	7
H1245	Objc	H6440	7
H1288	Objc	H3605	7
H1288	Subj	H3605	7
H1361	Subj	H3820	7
H1481	Cmpl	H0776	7
H1548	Objc	H7218	7
H1696	Cmpl	H6547	7
H1696	Subj	H0376	7
H1961	Cmpl	H0259	7
H1961	Cmpl	H6310	7
H1961	Cmpl	H8432	7
H1961	PreC	H0120	7
H1961	PreC	H0957	7
H1961	PreC	H2708	7
H1961	PreC	H2896	7
H1961	PreC	H5869	7
H1961	PreC	H7227	7
H1961	PreC	H7307	7
H1961	Subj	H1486	7
H1961	Subj	H2568	7
H1961	Subj	H3627	7
H1961	Subj	H3701	7
H1961	Subj	H3824	7
H1961	Subj	H4046	7
H1961	Subj	H4940	7
H1961	Subj	H5769	7
H1961	Subj	H6343	7
H1961	Subj	H6635	7
H1961	Subj	H8337	7
H1961	Subj	H8641	7
H1980	Cmpl	H0168	7
H1980	Cmpl	H0376	7
H1980	Cmpl	H3820	7
H1980	Cmpl	H4421	7
H1980	Subj	H1004	7
H1980	Subj	H5650	7
H2026	Cmpl	H2719	7
H2026	Objc	H0251	7
H2076	Objc	H1241	7
H2142	Objc	H8034	7
H2232	Objc	H2233	7
H2266	Objc	H3407	7
H2388	Objc	H4060	7
H2388	Objc	H8145	7
H2388	Subj	H0376	7
H2388	Subj	H3027	7
H2388	Subj	H6418	7
H2490	Objc	H7676	7
H2505	Objc	H0776	7
H2505	Objc	H7998	7
H2583	Subj	H1121	7
H2881	Cmpl	H1818	7
H3045	Subj	H0776	7
H3190	Subj	H3820	7
H3205	Subj	H1323	7
H3254	Subj	H1121	7
H3289	Subj	H4428	7
H3318	Cmpl	H0168	7
H3318	Objc	H3627	7
H3318	Subj	H1697	7
H3320	Cmpl	H6440	7
H3332	Cmpl	H7218	7
H3381	Subj	H0784	7
H3381	Subj	H3605	7
H3427	Cmpl	H4057	7
H3427	Cmpl	H4428	7
H3427	Cmpl	H5971	7
H3427	Objc	H0802	7
H3427	Subj	H0001	7
H3680	Objc	H3605	7
H3772	Cmpl	H0001	7
H3772	Objc	H0120	7
H3772	Objc	H0929	7
H3789	Objc	H8451	7
H3898	Cmpl	H4428	7
H3947	Objc	H0231	7
H3947	Objc	H0505	7
H3947	Objc	H0730	7
H3947	Objc	H2719	7
H3947	Objc	H4289	7
H3947	Objc	H4325	7
H3947	Objc	H5315	7
H3947	Objc	H7810	7
H3947	Objc	H8269	7
H3947	Objc	H8337	7
H3947	Objc	H8549	7
H3947	Subj	H0430	7
H3947	Subj	H0802	7
H3947	Subj	H2876	7
H3947	Subj	H5971	7
H3947	Subj	H7227	7
H4191	Subj	H3206	7
H4191	Subj	H8147	7
H4672	Cmpl	H3027	7
H5046	Cmpl	H5971	7
H5221	Cmpl	H6310	7
H5221	Subj	H0376	7
H5265	Cmpl	H4057	7
H5307	Subj	H0505	7
H5307	Subj	H6343	7
H5375	Cmpl	H1121	7
H5375	Objc	H0430	7
H5375	Objc	H5315	7
H5375	Objc	H7016	7
H5414	Cmpl	H4294	7
H5414	Cmpl	H6310	7
H5414	Objc	H0068	7
H5414	Objc	H0272	7
H5414	Objc	H0784	7
H5414	Objc	H1241	7
H5414	Objc	H2428	7
H5414	Objc	H4159	7
H5414	Objc	H4294	7
H5414	Objc	H5688	7
H5414	Objc	H5769	7
H5414	Objc	H6235	7
H5414	Objc	H7218	7
H5545	Cmpl	H5971	7
H5564	Subj	H1121	7
H5608	Objc	H7651	7
H5674	Cmpl	H0784	7
H5674	Cmpl	H1121	7
H5674	Cmpl	H5892	7
H5674	Objc	H1285	7
H5674	Subj	H1121	7
H5674	Subj	H5971	7
H5674	Subj	H7307	7
H5927	Cmpl	H4428	7
H5927	Objc	H5369	7
H5927	Subj	H1366	7
H5975	Cmpl	H1870	7
H5975	Cmpl	H3548	7
H5975	Subj	H1121	7
H6030	Objc	H1697	7
H6113	Subj	H4046	7
H6213	Cmpl	H0168	7
H6213	Cmpl	H1697	7
H6213	Cmpl	H6547	7
H6213	Cmpl	H8441	7
H6213	Objc	H0120	7
H6213	Objc	H0374	7
H6213	Objc	H0571	7
H6213	Objc	H2077	7
H6213	Objc	H2803	7
H6213	Objc	H3595	7
H6213	Objc	H3701	7
H6213	Objc	H5521	7
H6213	Objc	H5695	7
H6213	Objc	H5982	7
H6213	Objc	H6529	7
H6213	Subj	H1323	7
H6485	Objc	H5771	7
H6485	Objc	H5971	7
H6485	Subj	H0376	7
H6485	Subj	H4428	7
H6566	Objc	H3671	7
H6566	Objc	H7568	7
H6680	Objc	H3605	7
H6912	Objc	H4191	7
H6942	Objc	H3605	7
H6942	Subj	H1121	7
H6999	Cmpl	H0312	7
H6999	Cmpl	H0430	7
H7121	Cmpl	H5612	7
H7121	Cmpl	H5971	7
H7121	Subj	H0430	7
H7121	Subj	H6547	7
H7126	Cmpl	H4196	7
H7126	Objc	H3532	7
H7126	Objc	H8141	7
H7194	Subj	H1121	7
H7200	Objc	H0216	7
H7200	Objc	H0802	7
H7200	Objc	H1870	7
H7200	Objc	H4397	7
H7235	Objc	H2233	7
H7311	Cmpl	H5971	7
H7311	Objc	H7161	7
H7311	Objc	H8641	7
H7324	Objc	H2719	7
H7579	Objc	H4325	7
H7646	Objc	H3899	7
H7650	Cmpl	H0430	7
H7725	Cmpl	H0376	7
H7725	Cmpl	H4264	7
H7760	Cmpl	H1121	7
H7760	Cmpl	H3820	7
H7760	Cmpl	H8048	7
H7760	Objc	H0226	7
H7760	Objc	H2091	7
H7812	Objc	H6592	7
H7819	Objc	H1121	7
H7843	Objc	H0776	7
H7901	Cmpl	H0802	7
H7931	Cmpl	H8432	7
H7971	Cmpl	H4057	7
H7971	Objc	H1698	7
H7971	Objc	H4294	7
H8045	Cmpl	H6440	7
H8056	Subj	H5971	7
H8085	Cmpl	H4687	7
H8085	Objc	H0430	7
H8085	Objc	H8467	7
H8085	Subj	H5650	7
H8104	Subj	H1121	7
H8248	Objc	H6629	7
H8354	Objc	H1818	7
H8354	Objc	H7941	7
H0006	Objc	H6963	6
H0006	Subj	H7563	6
H0006	Subj	H8615	6
H0398	Cmpl	H3605	6
H0398	Objc	H1121	6
H0398	Objc	H3499	6
H0398	Objc	H5038	6
H0398	Objc	H6212	6
H0398	Subj	H3611	6
H0559	Cmpl	H0517	6
H0559	Cmpl	H5713	6
H0559	Subj	H0251	6
H0559	Subj	H0259	6
H0622	Objc	H5971	6
H0748	Subj	H3117	6
H0914	Cmpl	H6944	6
H0935	Cmpl	H0214	6
H0935	Cmpl	H1870	6
H0935	Cmpl	H2691	6
H0935	Cmpl	H3293	6
H0935	Cmpl	H4941	6
H0935	Cmpl	H4960	6
H0935	Cmpl	H7704	6
H0935	Cmpl	H8478	6
H0935	Objc	H0376	6
H0935	Objc	H2077	6
H0935	Objc	H2719	6
H0935	Objc	H3627	6
H0935	Objc	H3701	6
H0935	Subj	H1419	6
H0935	Subj	H2719	6
H0935	Subj	H3519	6
H0935	Subj	H4325	6
H0935	Subj	H6430	6
H0935	Subj	H7307	6
H0954	Subj	H3605	6
H0982	Cmpl	H0430	6
H1104	Objc	H3605	6
H1129	Objc	H8034	6
H1129	Subj	H1004	6
H1254	Subj	H0430	6
H1272	Cmpl	H6440	6
H1288	Subj	H0430	6
H1540	Subj	H4428	6
H1692	Cmpl	H0310	6
H1696	Cmpl	H5713	6
H1696	Objc	H7723	6
H1696	Objc	H8267	6
H1696	Subj	H4397	6
H1933	PreC	H6638	6
H1961	Cmpl	H0113	6
H1961	Cmpl	H4294	6
H1961	Cmpl	H8147	6
H1961	PreC	H0216	6
H1961	PreC	H0251	6
H1961	PreC	H0490	6
H1961	PreC	H1368	6
H1961	PreC	H1697	6
H1961	PreC	H2233	6
H1961	PreC	H2930	6
H1961	PreC	H3027	6
H1961	PreC	H3303	6
H1961	PreC	H4170	6
H1961	PreC	H4522	6
H1961	PreC	H4735	6
H1961	PreC	H5030	6
H1961	PreC	H5057	6
H1961	PreC	H5288	6
H1961	PreC	H5975	6
H1961	PreC	H6310	6
H1961	PreC	H6605	6
H1961	PreC	H6828	6
H1961	PreC	H7451	6
H1961	PreC	H7998	6
H1961	PreC	H8004	6
H1961	PreC	H8034	6
H1961	PreC	H8269	6
H1961	PreC	H8334	6
H1961	Subj	H0001	6
H1961	Subj	H0120	6
H1961	Subj	H0374	6
H1961	Subj	H0905	6
H1961	Subj	H2091	6
H1961	Subj	H2145	6
H1961	Subj	H2399	6
H1961	Subj	H3220	6
H1961	Subj	H3971	6
H1961	Subj	H4196	6
H1961	Subj	H4264	6
H1961	Subj	H5061	6
H1961	Subj	H6153	6
H1961	Subj	H6242	6
H1961	Subj	H6430	6
H1961	Subj	H6440	6
H1961	Subj	H7379	6
H1961	Subj	H7676	6
H1961	Subj	H7704	6
H1980	Cmpl	H0517	6
H1980	Cmpl	H1473	6
H2026	Objc	H4428	6
H2026	Objc	H7651	6
H2142	Objc	H0430	6
H2142	Objc	H5771	6
H2167	Objc	H8034	6
H2372	Objc	H7723	6
H2388	Objc	H6547	6
H2421	Objc	H3605	6
H2421	Objc	H5315	6
H2421	Subj	H1121	6
H2778	Objc	H0430	6
H2778	Objc	H2416	6
H3045	Cmpl	H4428	6
H3045	Objc	H0376	6
H3045	Objc	H1121	6
H3045	Objc	H8034	6
H3051	Objc	H3519	6
H3176	Cmpl	H1697	6
H3190	Cmpl	H1121	6
H3318	Cmpl	H8179	6
H3318	Objc	H1004	6
H3318	Objc	H6106	6
H3318	Subj	H1366	6
H3318	Subj	H3548	6
H3318	Subj	H5650	6
H3318	Subj	H8147	6
H3318	Subj	H8269	6
H3332	Objc	H8081	6
H3372	Cmpl	H0430	6
H3381	Subj	H1366	6
H3423	Objc	H3605	6
H3427	Cmpl	H1323	6
H3427	Objc	H5237	6
H3427	Subj	H0376	6
H3427	Subj	H0802	6
H3467	Cmpl	H3605	6
H3467	Objc	H5971	6
H3513	Objc	H3820	6
H3559	Objc	H3824	6
H3707	Objc	H0430	6
H3722	Cmpl	H5315	6
H3772	Cmpl	H0996	6
H3772	Cmpl	H1121	6
H3898	Cmpl	H6430	6
H3920	Objc	H3605	6
H3947	Cmpl	H1004	6
H3947	Objc	H3206	6
H3947	Objc	H3878	6
H3947	Objc	H5795	6
H3947	Objc	H5930	6
H3947	Objc	H8144	6
H3947	Objc	H8198	6
H3947	Objc	H8438	6
H3947	Subj	H4294	6
H4135	Subj	H2145	6
H4191	Subj	H0001	6
H4376	Cmpl	H3027	6
H4549	Subj	H3824	6
H4672	Objc	H2896	6
H5046	Cmpl	H0001	6
H5046	Cmpl	H0376	6
H5046	Cmpl	H1004	6
H5066	Subj	H3605	6
H5066	Subj	H5971	6
H5127	Cmpl	H5892	6
H5127	Subj	H0376	6
H5137	Cmpl	H0899	6
H5157	Subj	H1121	6
H5186	Cmpl	H0776	6
H5186	Objc	H4941	6
H5186	Objc	H8064	6
H5221	Cmpl	H6430	6
H5307	Cmpl	H5971	6
H5307	Cmpl	H8478	6
H5307	Subj	H1121	6
H5337	Cmpl	H3605	6
H5375	Cmpl	H4428	6
H5375	Cmpl	H5971	6
H5375	Objc	H1285	6
H5413	Subj	H2534	6
H5414	Cmpl	H0120	6
H5414	Cmpl	H0214	6
H5414	Cmpl	H0259	6
H5414	Cmpl	H0702	6
H5414	Cmpl	H2677	6
H5414	Cmpl	H2891	6
H5414	Cmpl	H5159	6
H5414	Cmpl	H7626	6
H5414	Cmpl	H8269	6
H5414	Objc	H1270	6
H5414	Objc	H1543	6
H5414	Objc	H2487	6
H5414	Objc	H2719	6
H5414	Objc	H3871	6
H5414	Objc	H4725	6
H5414	Objc	H5612	6
H5414	Objc	H5650	6
H5414	Objc	H5715	6
H5414	Objc	H6529	6
H5414	Objc	H8077	6
H5414	Objc	H8198	6
H5414	Subj	H5892	6
H5422	Objc	H1004	6
H5423	Objc	H4149	6
H5493	Cmpl	H1004	6
H5493	Cmpl	H1121	6
H5493	Cmpl	H3225	6
H5493	Cmpl	H6440	6
H5493	Cmpl	H8040	6
H5493	Objc	H0430	6
H5493	Objc	H5236	6
H5545	Cmpl	H5771	6
H5647	Objc	H1121	6
H5647	Subj	H1471	6
H5647	Subj	H4428	6
H5674	Objc	H5158	6
H5674	Objc	H6963	6
H5927	Cmpl	H0001	6
H5927	Objc	H0430	6
H5927	Subj	H6051	6
H5927	Subj	H6227	6
H5953	Cmpl	H6924	6
H5975	Cmpl	H0168	6
H5975	Cmpl	H3605	6
H5975	Cmpl	H5892	6
H5975	Subj	H5971	6
H6113	Objc	H3581	6
H6213	Cmpl	H0113	6
H6213	Cmpl	H0567	6
H6213	Objc	H0899	6
H6213	Objc	H1116	6
H6213	Objc	H3117	6
H6213	Objc	H3477	6
H6213	Objc	H8057	6
H6327	Cmpl	H1471	6
H6419	Cmpl	H4725	6
H6485	Cmpl	H1004	6
H6743	Objc	H1870	6
H6823	Cmpl	H2091	6
H6908	Cmpl	H0776	6
H6908	Cmpl	H3605	6
H6908	Subj	H0376	6
H6942	Objc	H7676	6
H6942	Subj	H3548	6
H6950	Objc	H5713	6
H6950	Objc	H8269	6
H6965	Cmpl	H0251	6
H6965	Cmpl	H0310	6
H6965	Objc	H0068	6
H6965	Objc	H3605	6
H6965	Objc	H4908	6
H6965	Subj	H3548	6
H6999	Objc	H3605	6
H6999	Objc	H7004	6
H7121	Cmpl	H2205	6
H7121	Cmpl	H5288	6
H7126	Cmpl	H0168	6
H7126	Cmpl	H1121	6
H7126	Objc	H8147	6
H7200	Cmpl	H0430	6
H7200	Objc	H3027	6
H7200	Objc	H3519	6
H7200	Objc	H5892	6
H7200	Objc	H5999	6
H7200	Subj	H8269	6
H7264	Subj	H0776	6
H7270	Objc	H0776	6
H7275	Cmpl	H0068	6
H7311	Objc	H3027	6
H7411	Cmpl	H5135	6
H7617	Objc	H0505	6
H7650	Cmpl	H8034	6
H7665	Objc	H5923	6
H7725	Cmpl	H0639	6
H7725	Cmpl	H2740	6
H7725	Cmpl	H4428	6
H7725	Objc	H0639	6
H7725	Objc	H1121	6
H7725	Objc	H1576	6
H7725	Objc	H3701	6
H7725	Objc	H5315	6
H7725	Objc	H7462	6
H7725	Subj	H4397	6
H7760	Cmpl	H0430	6
H7760	Cmpl	H1870	6
H7760	Cmpl	H3027	6
H7760	Cmpl	H3709	6
H7760	Cmpl	H4428	6
H7760	Cmpl	H5971	6
H7760	Objc	H0068	6
H7760	Objc	H0776	6
H7760	Objc	H3824	6
H7760	Objc	H5869	6
H7812	Cmpl	H6635	6
H7812	Subj	H3605	6
H7819	Objc	H6453	6
H7891	Objc	H2319	6
H7971	Cmpl	H0310	6
H7971	Cmpl	H5892	6
H7971	Objc	H2428	6
H7971	Objc	H3548	6
H7971	Objc	H5288	6
H7971	Subj	H0376	6
H7971	Subj	H0430	6
H7993	Cmpl	H6440	6
H8045	Objc	H3605	6
H8056	Subj	H3820	6
H8085	Cmpl	H0001	6
H8085	Cmpl	H5650	6
H8085	Cmpl	H8605	6
H8085	Objc	H1121	6
H8085	Objc	H4405	6
H8085	Objc	H6818	6
H8085	Objc	H8052	6
H8210	Cmpl	H3247	6
H8210	Cmpl	H6440	6
H8210	Objc	H3605	6
H8210	Objc	H5355	6
H8259	Cmpl	H1157	6
H8313	Objc	H5785	6
H8313	Objc	H5892	6
H8610	Objc	H4428	6
H0157	Subj	H5315	5
H0215	Subj	H1242	5
H0398	Cmpl	H0784	5
H0398	Cmpl	H6086	5
H0398	Objc	H1706	5
H0398	Objc	H6086	5
H0398	Objc	H6629	5
H0398	Subj	H1320	5
H0398	Subj	H3548	5
H0539	Cmpl	H1697	5
H0539	Subj	H1697	5
H0559	Cmpl	H2022	5
H0559	Cmpl	H3427	5
H0559	Cmpl	H5375	5
H0559	Cmpl	H5892	5
H0559	Objc	H2493	5
H0559	Subj	H0341	5
H0559	Subj	H1004	5
H0559	Subj	H3427	5
H0559	Subj	H5291	5
H0622	Objc	H2205	5
H0622	Subj	H6430	5
H0935	Cmpl	H0113	5
H0935	Cmpl	H0259	5
H0935	Cmpl	H0517	5
H0935	Cmpl	H1167	5
H0935	Cmpl	H1285	5
H0935	Cmpl	H4014	5
H0935	Cmpl	H5030	5
H0935	Cmpl	H5676	5
H0935	Cmpl	H7130	5
H0935	Objc	H0001	5
H0935	Objc	H1061	5
H0935	Objc	H1419	5
H0935	Objc	H2091	5
H0935	Objc	H3899	5
H0935	Objc	H5929	5
H0935	Objc	H5930	5
H0935	Objc	H7225	5
H0935	Objc	H8141	5
H0935	Subj	H0001	5
H0935	Subj	H0113	5
H0935	Subj	H0259	5
H0935	Subj	H0776	5
H0935	Subj	H3878	5
H0935	Subj	H5387	5
H0935	Subj	H5713	5
H0935	Subj	H6189	5
H0935	Subj	H7045	5
H0962	Objc	H0957	5
H0962	Objc	H5892	5
H1129	Objc	H0424	5
H1129	Objc	H1785	5
H1129	Objc	H4026	5
H1197	Subj	H0784	5
H1245	Cmpl	H3027	5
H1245	Objc	H0430	5
H1254	Objc	H0120	5
H1288	Objc	H1121	5
H1288	Objc	H4428	5
H1288	Objc	H8034	5
H1478	Subj	H3605	5
H1481	Subj	H1616	5
H1540	Cmpl	H0127	5
H1540	Objc	H0269	5
H1540	Subj	H7227	5
H1556	Objc	H0068	5
H1602	Subj	H5315	5
H1696	Cmpl	H1471	5
H1696	Cmpl	H3027	5
H1696	Objc	H3577	5
H1696	Objc	H7462	5
H1696	Objc	H7892	5
H1696	Subj	H0001	5
H1696	Subj	H0113	5
H1696	Subj	H1121	5
H1696	Subj	H5030	5
H1846	Subj	H5369	5
H1869	Objc	H7198	5
H1875	Cmpl	H1167	5
H1961	Cmpl	H0226	5
H1961	Cmpl	H0251	5
H1961	Cmpl	H0929	5
H1961	Cmpl	H0957	5
H1961	Cmpl	H4940	5
H1961	Cmpl	H5104	5
H1961	Cmpl	H5650	5
H1961	Cmpl	H6240	5
H1961	PreC	H0168	5
H1961	PreC	H0214	5
H1961	PreC	H0314	5
H1961	PreC	H0929	5
H1961	PreC	H1323	5
H1961	PreC	H1828	5
H1961	PreC	H2764	5
H1961	PreC	H3427	5
H1961	PreC	H3444	5
H1961	PreC	H3490	5
H1961	PreC	H4264	5
H1961	PreC	H4294	5
H1961	PreC	H4325	5
H1961	PreC	H4417	5
H1961	PreC	H4557	5
H1961	PreC	H4720	5
H1961	PreC	H5045	5
H1961	PreC	H5079	5
H1961	PreC	H5159	5
H1961	PreC	H5315	5
H1961	PreC	H5355	5
H1961	PreC	H5439	5
H1961	PreC	H5771	5
H1961	PreC	H7045	5
H1961	PreC	H7814	5
H1961	PreC	H8064	5
H1961	PreC	H8478	5
H1961	Subj	H0312	5
H1961	Subj	H1259	5
H1961	Subj	H1285	5
H1961	Subj	H1353	5
H1961	Subj	H1581	5
H1961	Subj	H2022	5
H1961	Subj	H2416	5
H1961	Subj	H2506	5
H1961	Subj	H2543	5
H1961	Subj	H2719	5
H1961	Subj	H2919	5
H1961	Subj	H3519	5
H1961	Subj	H3742	5
H1961	Subj	H3878	5
H1961	Subj	H4306	5
H1961	Subj	H4720	5
H1961	Subj	H4941	5
H1961	Subj	H6666	5
H1961	Subj	H6946	5
H1961	Subj	H6963	5
H1961	Subj	H7451	5
H1980	Cmpl	H0251	5
H1980	Cmpl	H0259	5
H1980	Cmpl	H2822	5
H1980	Cmpl	H4325	5
H1980	Subj	H4397	5
H2026	Objc	H0505	5
H2026	Objc	H5030	5
H2076	Objc	H0505	5
H2076	Objc	H7794	5
H2076	Objc	H8426	5
H2142	Objc	H2617	5
H2167	Cmpl	H0430	5
H2199	Cmpl	H0430	5
H2199	Subj	H1121	5
H2342	Cmpl	H6440	5
H2363	Cmpl	H5833	5
H2388	Objc	H0919	5
H2388	Objc	H8179	5
H2388	Subj	H2677	5
H2388	Subj	H7458	5
H2398	Subj	H0376	5
H2505	Cmpl	H3605	5
H2583	Cmpl	H4057	5
H2583	Cmpl	H4908	5
H2620	Cmpl	H3671	5
H2654	Cmpl	H3366	5
H2803	Objc	H7462	5
H2859	Cmpl	H4428	5
H2864	Cmpl	H7023	5
H2891	Subj	H3548	5
H2930	Cmpl	H3605	5
H2930	Subj	H3548	5
H3034	Objc	H1121	5
H3045	Objc	H0430	5
H3045	Objc	H2451	5
H3045	Objc	H4941	5
H3190	Objc	H1870	5
H3190	Objc	H4611	5
H3205	Cmpl	H1121	5
H3318	Cmpl	H0341	5
H3318	Cmpl	H1870	5
H3318	Cmpl	H3104	5
H3318	Cmpl	H4057	5
H3318	Cmpl	H5971	5
H3318	Cmpl	H6607	5
H3318	Cmpl	H6635	5
H3318	Cmpl	H6828	5
H3318	Objc	H0376	5
H3318	Objc	H5892	5
H3318	Subj	H4941	5
H3318	Subj	H5892	5
H3332	Objc	H0702	5
H3372	Objc	H8034	5
H3372	Subj	H3605	5
H3381	Cmpl	H4264	5
H3381	Objc	H7872	5
H3381	Subj	H0001	5
H3381	Subj	H5869	5
H3423	Objc	H1323	5
H3423	Objc	H5892	5
H3427	Cmpl	H0127	5
H3427	Cmpl	H0168	5
H3427	Cmpl	H0996	5
H3427	Cmpl	H2691	5
H3427	Cmpl	H5521	5
H3427	Subj	H0430	5
H3427	Subj	H4428	5
H3427	Subj	H5892	5
H3474	Subj	H1697	5
H3513	Objc	H5923	5
H3513	Subj	H3027	5
H3533	Cmpl	H6440	5
H3559	Cmpl	H1004	5
H3559	Cmpl	H6440	5
H3559	Objc	H3678	5
H3680	Objc	H3805	5
H3722	Cmpl	H1004	5
H3722	Cmpl	H3605	5
H3722	Cmpl	H5971	5
H3766	Cmpl	H1290	5
H3766	Subj	H3605	5
H3772	Cmpl	H3605	5
H3772	Objc	H0730	5
H3772	Objc	H0842	5
H3772	Objc	H6086	5
H3772	Subj	H8147	5
H3885	Subj	H3605	5
H3920	Objc	H0505	5
H3920	Objc	H4428	5
H3947	Cmpl	H5971	5
H3947	Objc	H0113	5
H3947	Objc	H0214	5
H3947	Objc	H0312	5
H3947	Objc	H0430	5
H3947	Objc	H0727	5
H3947	Objc	H1818	5
H3947	Objc	H2896	5
H3947	Objc	H3196	5
H3947	Objc	H3532	5
H3947	Objc	H4040	5
H3947	Objc	H5178	5
H3947	Objc	H6106	5
H3947	Objc	H6240	5
H3947	Objc	H7399	5
H3947	Objc	H8636	5
H3947	Objc	H8641	5
H3947	Objc	H8655	5
H3947	Subj	H0727	5
H3947	Subj	H3605	5
H4058	Objc	H0753	5
H4058	Objc	H7341	5
H4229	Cmpl	H6440	5
H4672	Cmpl	H1004	5
H4672	Cmpl	H3605	5
H4672	Objc	H1121	5
H4672	Objc	H4325	5
H4910	Subj	H1121	5
H5060	Cmpl	H5038	5
H5060	Subj	H3027	5
H5066	Cmpl	H4421	5
H5127	Cmpl	H6430	5
H5127	Subj	H5971	5
H5127	Subj	H7523	5
H5128	Objc	H7218	5
H5130	Objc	H3027	5
H5157	Objc	H1121	5
H5186	Cmpl	H3220	5
H5186	Objc	H3820	5
H5186	Objc	H3824	5
H5186	Objc	H6965	5
H5221	Objc	H0120	5
H5221	Objc	H1004	5
H5253	Cmpl	H0268	5
H5265	Cmpl	H2022	5
H5307	Cmpl	H3605	5
H5307	Cmpl	H7272	5
H5307	Subj	H0376	5
H5307	Subj	H2346	5
H5307	Subj	H5971	5
H5312	Cmpl	H1964	5
H5337	Cmpl	H3709	5
H5337	Cmpl	H4194	5
H5361	Subj	H5315	5
H5375	Cmpl	H0776	5
H5375	Cmpl	H1471	5
H5375	Cmpl	H7723	5
H5375	Cmpl	H8064	5
H5375	Objc	H1004	5
H5375	Objc	H2781	5
H5375	Objc	H3627	5
H5375	Objc	H5971	5
H5375	Subj	H0376	5
H5375	Subj	H3548	5
H5375	Subj	H5971	5
H5375	Subj	H7307	5
H5414	Cmpl	H0068	5
H5414	Cmpl	H0784	5
H5414	Cmpl	H0929	5
H5414	Cmpl	H3778	5
H5414	Cmpl	H5869	5
H5414	Cmpl	H5892	5
H5414	Cmpl	H6213	5
H5414	Cmpl	H7130	5
H5414	Objc	H0214	5
H5414	Objc	H0226	5
H5414	Objc	H0400	5
H5414	Objc	H0899	5
H5414	Objc	H1293	5
H5414	Objc	H1471	5
H5414	Objc	H2851	5
H5414	Objc	H2896	5
H5414	Objc	H3425	5
H5414	Objc	H3548	5
H5414	Objc	H3563	5
H5414	Objc	H4264	5
H5414	Objc	H4733	5
H5414	Objc	H4941	5
H5414	Objc	H4979	5
H5414	Objc	H5439	5
H5414	Objc	H5483	5
H5414	Objc	H5797	5
H5414	Objc	H7004	5
H5414	Objc	H7939	5
H5414	Objc	H8081	5
H5414	Objc	H8255	5
H5437	Cmpl	H1004	5
H5437	Subj	H1366	5
H5493	Cmpl	H5892	5
H5493	Objc	H4196	5
H5493	Objc	H7218	5
H5564	Cmpl	H6499	5
H5608	Cmpl	H1121	5
H5674	Cmpl	H1366	5
H5674	Cmpl	H3220	5
H5674	Cmpl	H7130	5
H5674	Objc	H3605	5
H5674	Subj	H2502	5
H5782	Objc	H4428	5
H5800	Objc	H0776	5
H5927	Cmpl	H0259	5
H5927	Cmpl	H1121	5
H5927	Cmpl	H3027	5
H5927	Cmpl	H4725	5
H5927	Cmpl	H5971	5
H5927	Objc	H6499	5
H5927	Subj	H0430	5
H5927	Subj	H2205	5
H5927	Subj	H4421	5
H5975	Cmpl	H7218	5
H5975	Cmpl	H7350	5
H5975	Cmpl	H8478	5
H5975	Objc	H1280	5
H5975	Objc	H3878	5
H5975	Objc	H4514	5
H5975	Subj	H3548	5
H5975	Subj	H8147	5
H6186	Subj	H3548	5
H6213	Cmpl	H0251	5
H6213	Cmpl	H0802	5
H6213	Cmpl	H1419	5
H6213	Cmpl	H4399	5
H6213	Cmpl	H6440	5
H6213	Cmpl	H8147	5
H6213	Objc	H0226	5
H6213	Objc	H0641	5
H6213	Objc	H0702	5
H6213	Objc	H0727	5
H6213	Objc	H0842	5
H6213	Objc	H1241	5
H6213	Objc	H2154	5
H6213	Objc	H2656	5
H6213	Objc	H3220	5
H6213	Objc	H3407	5
H6213	Objc	H3548	5
H6213	Objc	H3967	5
H6213	Objc	H4303	5
H6213	Objc	H4501	5
H6213	Objc	H4749	5
H6213	Objc	H5795	5
H6213	Objc	H8145	5
H6213	Objc	H8544	5
H6213	Objc	H8549	5
H6213	Subj	H5971	5
H6299	Objc	H5315	5
H6315	Objc	H3577	5
H6327	Cmpl	H0776	5
H6437	Cmpl	H0310	5
H6437	Cmpl	H1870	5
H6437	Objc	H1870	5
H6437	Subj	H7218	5
H6476	Objc	H7440	5
H6566	Cmpl	H6440	5
H6566	Objc	H0899	5
H6605	Subj	H0776	5
H6680	Objc	H8269	5
H6823	Objc	H1004	5
H6908	Subj	H1121	5
H6908	Subj	H4428	5
H6912	Cmpl	H7704	5
H6942	Objc	H1004	5
H6942	Objc	H1121	5
H6942	Subj	H3605	5
H6942	Subj	H4428	5
H6950	Objc	H1121	5
H6950	Subj	H3605	5
H6950	Subj	H5713	5
H6965	Cmpl	H0996	5
H6965	Objc	H4196	5
H6965	Objc	H5982	5
H6965	Subj	H0430	5
H6965	Subj	H3878	5
H6965	Subj	H5088	5
H6999	Objc	H5930	5
H7121	Cmpl	H0241	5
H7121	Cmpl	H1004	5
H7121	Cmpl	H4196	5
H7121	Objc	H1865	5
H7121	Objc	H3792	5
H7121	Objc	H5612	5
H7126	Cmpl	H0430	5
H7126	Cmpl	H4150	5
H7126	Subj	H0376	5
H7126	Subj	H3117	5
H7126	Subj	H5387	5
H7200	Cmpl	H7462	5
H7200	Objc	H0001	5
H7200	Objc	H1323	5
H7200	Objc	H2451	5
H7200	Objc	H7462	5
H7200	Subj	H0776	5
H7200	Subj	H6547	5
H7235	Subj	H3117	5
H7275	Subj	H3605	5
H7291	Cmpl	H1121	5
H7311	Cmpl	H8064	5
H7311	Objc	H0505	5
H7311	Subj	H7161	5
H7321	Subj	H3605	5
H7321	Subj	H5971	5
H7364	Objc	H3767	5
H7364	Objc	H7130	5
H7401	Subj	H3824	5
H7411	Cmpl	H3344	5
H7489	Subj	H1697	5
H7604	Subj	H0376	5
H7617	Objc	H3605	5
H7617	Objc	H7628	5
H7646	Subj	H5315	5
H7650	Subj	H4428	5
H7665	Objc	H5178	5
H7725	Cmpl	H5971	5
H7725	Cmpl	H6440	5
H7725	Objc	H0817	5
H7725	Subj	H2740	5
H7725	Subj	H7563	5
H7760	Cmpl	H0639	5
H7760	Objc	H0905	5
H7760	Objc	H1870	5
H7760	Objc	H3678	5
H7760	Objc	H3899	5
H7760	Objc	H4428	5
H7760	Objc	H5315	5
H7760	Objc	H7004	5
H7819	Objc	H6499	5
H7843	Objc	H3605	5
H7901	Subj	H0376	5
H7911	Objc	H7462	5
H7911	Objc	H8451	5
H7911	Subj	H3605	5
H7971	Cmpl	H0784	5
H7971	Cmpl	H1004	5
H7971	Cmpl	H3548	5
H7971	Cmpl	H5971	5
H7971	Objc	H0259	5
H7971	Objc	H0505	5
H7971	Objc	H1697	5
H7971	Objc	H2416	5
H7971	Objc	H7451	5
H7971	Objc	H7458	5
H7971	Subj	H6547	5
H7971	Subj	H7227	5
H7993	Cmpl	H0310	5
H8025	Objc	H2719	5
H8056	Subj	H1121	5
H8056	Subj	H3878	5
H8056	Subj	H5650	5
H8085	Cmpl	H4428	5
H8085	Cmpl	H5971	5
H8085	Objc	H0001	5
H8085	Objc	H1419	5
H8085	Objc	H4148	5
H8085	Objc	H7227	5
H8085	Objc	H8451	5
H8085	Subj	H0241	5
H8085	Subj	H3548	5
H8085	Subj	H3669	5
H8085	Subj	H6430	5
H8085	Subj	H6547	5
H8104	Objc	H0168	5
H8104	Objc	H0734	5
H8104	Objc	H5315	5
H8199	Objc	H3605	5
H8199	Objc	H4941	5
H8210	Cmpl	H0776	5
H8210	Subj	H1818	5
H8248	Objc	H0001	5
H8248	Objc	H3196	5
H8259	Cmpl	H2474	5
H8313	Objc	H1320	5
H0006	Subj	H3605	4
H0006	Subj	H4498	4
H0157	Objc	H0802	4
H0398	Cmpl	H1320	4
H0398	Cmpl	H2022	4
H0398	Cmpl	H3899	4
H0398	Objc	H0120	4
H0398	Objc	H0376	4
H0398	Objc	H1241	4
H0398	Objc	H2077	4
H0398	Objc	H2898	4
H0398	Objc	H2966	4
H0398	Objc	H5439	4
H0398	Objc	H5775	4
H0398	Objc	H5930	4
H0398	Objc	H5971	4
H0398	Subj	H0376	4
H0398	Subj	H2114	4
H0398	Subj	H5775	4
H0539	Cmpl	H0430	4
H0559	Cmpl	H0776	4
H0559	Cmpl	H1323	4
H0559	Cmpl	H1471	4
H0559	Cmpl	H3499	4
H0559	Cmpl	H3618	4
H0559	Cmpl	H3878	4
H0559	Cmpl	H6440	4
H0559	Cmpl	H6951	4
H0559	Cmpl	H7227	4
H0559	Objc	H1697	4
H0559	Subj	H1471	4
H0559	Subj	H3335	4
H0559	Subj	H5631	4
H0559	Subj	H5713	4
H0559	Subj	H5892	4
H0559	Subj	H7227	4
H0622	Objc	H0376	4
H0914	Cmpl	H5971	4
H0935	Cmpl	H0361	4
H0935	Cmpl	H0784	4
H0935	Cmpl	H1637	4
H0935	Cmpl	H2885	4
H0935	Cmpl	H4325	4
H0935	Cmpl	H6532	4
H0935	Cmpl	H6697	4
H0935	Cmpl	H7093	4
H0935	Cmpl	H7097	4
H0935	Objc	H0068	4
H0935	Objc	H0127	4
H0935	Objc	H1004	4
H0935	Objc	H1241	4
H0935	Objc	H1285	4
H0935	Objc	H3027	4
H0935	Objc	H3117	4
H0935	Objc	H3532	4
H0935	Objc	H5612	4
H0935	Objc	H5650	4
H0935	Objc	H6629	4
H0935	Objc	H7451	4
H0935	Objc	H7651	4
H0935	Subj	H1004	4
H0935	Subj	H1293	4
H0935	Subj	H3701	4
H0935	Subj	H5608	4
H0935	Subj	H5892	4
H0935	Subj	H6412	4
H0935	Subj	H6486	4
H0935	Subj	H6951	4
H0935	Subj	H8052	4
H0970	Objc	H0259	4
H0970	Objc	H0376	4
H0982	Cmpl	H8267	4
H1058	Objc	H1065	4
H1058	Objc	H1419	4
H1058	Subj	H3605	4
H1129	Cmpl	H8251	4
H1129	Objc	H1496	4
H1129	Objc	H3605	4
H1129	Objc	H5945	4
H1129	Objc	H8179	4
H1129	Subj	H4428	4
H1197	Objc	H0784	4
H1245	Objc	H0376	4
H1245	Objc	H1818	4
H1272	Cmpl	H4428	4
H1288	Cmpl	H8034	4
H1288	Objc	H0113	4
H1288	Subj	H1471	4
H1396	Subj	H4325	4
H1494	Objc	H6629	4
H1540	Objc	H3499	4
H1540	Objc	H3605	4
H1540	Objc	H5971	4
H1540	Subj	H2876	4
H1540	Subj	H6172	4
H1548	Objc	H8181	4
H1556	Cmpl	H6310	4
H1598	Cmpl	H5892	4
H1692	Cmpl	H2441	4
H1696	Cmpl	H1697	4
H1696	Cmpl	H5030	4
H1696	Cmpl	H6440	4
H1696	Objc	H0571	4
H1696	Objc	H5627	4
H1696	Objc	H7965	4
H1696	Subj	H8193	4
H1846	Subj	H7563	4
H1875	Cmpl	H2070	4
H1875	Cmpl	H3027	4
H1875	Objc	H1697	4
H1933	Cmpl	H2375	4
H1933	PreC	H3045	4
H1961	Cmpl	H0120	4
H1961	Cmpl	H1616	4
H1961	Cmpl	H3027	4
H1961	Cmpl	H3548	4
H1961	Cmpl	H5769	4
H1961	Cmpl	H5892	4
H1961	Cmpl	H7218	4
H1961	Cmpl	H8048	4
H1961	Cmpl	H8077	4
H1961	PreC	H0113	4
H1961	PreC	H0127	4
H1961	PreC	H0249	4
H1961	PreC	H0402	4
H1961	PreC	H0539	4
H1961	PreC	H0571	4
H1961	PreC	H1320	4
H1961	PreC	H1588	4
H1961	PreC	H1612	4
H1961	PreC	H2146	4
H1961	PreC	H2320	4
H1961	PreC	H2450	4
H1961	PreC	H2677	4
H1961	PreC	H3519	4
H1961	PreC	H3878	4
H1961	PreC	H4196	4
H1961	PreC	H4383	4
H1961	PreC	H4421	4
H1961	PreC	H4467	4
H1961	PreC	H4592	4
H1961	PreC	H4733	4
H1961	PreC	H4784	4
H1961	PreC	H4908	4
H1961	PreC	H4912	4
H1961	PreC	H4940	4
H1961	PreC	H4941	4
H1961	PreC	H5104	4
H1961	PreC	H5375	4
H1961	PreC	H5387	4
H1961	PreC	H5459	4
H1961	PreC	H5647	4
H1961	PreC	H5978	4
H1961	PreC	H6086	4
H1961	PreC	H6430	4
H1961	PreC	H6547	4
H1961	PreC	H6635	4
H1961	PreC	H6662	4
H1961	PreC	H7251	4
H1961	PreC	H7965	4
H1961	PreC	H8179	4
H1961	PreC	H8217	4
H1961	PreC	H8597	4
H1961	Subj	H0113	4
H1961	Subj	H0134	4
H1961	Subj	H0319	4
H1961	Subj	H0341	4
H1961	Subj	H0571	4
H1961	Subj	H0934	4
H1961	Subj	H1368	4
H1961	Subj	H1870	4
H1961	Subj	H2205	4
H1961	Subj	H2896	4
H1961	Subj	H3730	4
H1961	Subj	H3754	4
H1961	Subj	H3837	4
H1961	Subj	H3999	4
H1961	Subj	H4191	4
H1961	Subj	H4503	4
H1961	Subj	H4639	4
H1961	Subj	H4948	4
H1961	Subj	H5045	4
H1961	Subj	H5483	4
H1961	Subj	H6051	4
H1961	Subj	H6310	4
H1961	Subj	H6412	4
H1961	Subj	H6413	4
H1961	Subj	H6571	4
H1961	Subj	H6818	4
H1961	Subj	H7070	4
H1961	Subj	H7611	4
H1961	Subj	H7939	4
H1961	Subj	H8057	4
H1961	Subj	H8300	4
H1961	Subj	H8451	4
H1961	Subj	H8597	4
H1980	Cmpl	H0216	4
H1980	Cmpl	H1167	4
H1980	Cmpl	H1419	4
H1980	Cmpl	H2706	4
H1980	Cmpl	H5869	4
H1980	Cmpl	H6160	4
H1980	Cmpl	H7704	4
H1980	Cmpl	H8432	4
H1980	Objc	H1870	4
H1980	Subj	H2205	4
H1980	Subj	H5030	4
H1984	Objc	H0430	4
H1984	Subj	H3605	4
H1993	Subj	H1530	4
H2015	Cmpl	H1818	4
H2015	Objc	H3027	4
H2015	Subj	H8181	4
H2026	Objc	H0970	4
H2029	Subj	H0802	4
H2076	Objc	H4806	4
H2076	Objc	H6242	4
H2076	Objc	H7651	4
H2094	Objc	H7563	4
H2142	Cmpl	H0430	4
H2142	Cmpl	H5650	4
H2142	Cmpl	H8034	4
H2142	Objc	H1697	4
H2142	Objc	H1870	4
H2142	Objc	H5769	4
H2142	Objc	H7223	4
H2142	Subj	H0430	4
H2142	Subj	H3605	4
H2167	Cmpl	H8034	4
H2219	Cmpl	H0776	4
H2232	Objc	H7704	4
H2236	Subj	H1121	4
H2236	Subj	H3548	4
H2266	Objc	H2568	4
H2330	Objc	H2420	4
H2372	Objc	H0376	4
H2372	Subj	H5869	4
H2388	Cmpl	H0430	4
H2388	Cmpl	H5892	4
H2388	Objc	H4428	4
H2388	Subj	H3605	4
H2388	Subj	H3820	4
H2388	Subj	H4428	4
H2388	Subj	H6547	4
H2398	Objc	H3605	4
H2398	Subj	H0001	4
H2421	Cmpl	H2483	4
H2421	Subj	H3605	4
H2470	Objc	H0430	4
H2490	Objc	H0430	4
H2490	Objc	H4720	4
H2498	Subj	H5731	4
H2498	Subj	H7651	4
H2610	Objc	H0776	4
H2658	Objc	H0875	4
H2717	Objc	H3605	4
H2734	Cmpl	H5971	4
H2763	Objc	H5315	4
H2763	Objc	H5892	4
H2881	Cmpl	H4325	4
H2881	Objc	H0676	4
H2881	Subj	H3548	4
H2891	Objc	H1004	4
H2930	Objc	H4720	4
H3034	Cmpl	H6944	4
H3034	Cmpl	H8034	4
H3034	Objc	H0120	4
H3034	Objc	H2617	4
H3045	Cmpl	H3605	4
H3045	Objc	H0001	4
H3045	Objc	H0802	4
H3045	Objc	H5315	4
H3045	Objc	H5650	4
H3045	Objc	H6256	4
H3045	Objc	H7451	4
H3045	Subj	H5650	4
H3176	Cmpl	H0430	4
H3190	Cmpl	H4428	4
H3190	Cmpl	H6440	4
H3201	Subj	H0376	4
H3201	Subj	H1121	4
H3205	Objc	H1060	4
H3205	Objc	H8145	4
H3205	Objc	H8147	4
H3205	Subj	H8198	4
H3254	Objc	H3948	4
H3254	Objc	H8141	4
H3256	Subj	H0001	4
H3318	Cmpl	H0990	4
H3318	Cmpl	H2691	4
H3318	Cmpl	H4150	4
H3318	Cmpl	H4294	4
H3318	Cmpl	H4325	4
H3318	Cmpl	H4940	4
H3318	Cmpl	H5045	4
H3318	Cmpl	H5553	4
H3318	Cmpl	H6944	4
H3318	Objc	H0001	4
H3318	Objc	H0802	4
H3318	Subj	H0001	4
H3318	Subj	H2534	4
H3318	Subj	H4325	4
H3318	Subj	H4397	4
H3318	Subj	H6430	4
H3332	Objc	H0134	4
H3332	Objc	H2885	4
H3372	Cmpl	H1697	4
H3372	Objc	H0312	4
H3372	Subj	H0376	4
H3372	Subj	H5971	4
H3381	Cmpl	H0776	4
H3381	Cmpl	H4428	4
H3381	Cmpl	H6430	4
H3381	Objc	H1832	4
H3381	Subj	H5650	4
H3423	Objc	H3669	4
H3423	Objc	H4428	4
H3423	Subj	H1121	4
H3423	Subj	H2233	4
H3427	Cmpl	H0001	4
H3427	Cmpl	H0430	4
H3427	Cmpl	H0875	4
H3427	Cmpl	H2022	4
H3427	Cmpl	H3605	4
H3427	Cmpl	H4186	4
H3427	Cmpl	H4679	4
H3427	Cmpl	H8432	4
H3427	Subj	H0727	4
H3427	Subj	H5650	4
H3467	Cmpl	H0341	4
H3467	Subj	H2220	4
H3513	Cmpl	H3605	4
H3533	Subj	H0776	4
H3559	Cmpl	H0430	4
H3559	Objc	H3820	4
H3559	Objc	H4438	4
H3559	Objc	H4467	4
H3559	Objc	H7651	4
H3559	Subj	H3605	4
H3559	Subj	H3678	4
H3582	Objc	H1697	4
H3680	Objc	H1543	4
H3680	Objc	H5869	4
H3680	Objc	H6172	4
H3680	Objc	H8147	4
H3680	Subj	H6051	4
H3722	Cmpl	H1121	4
H3722	Subj	H5771	4
H3772	Cmpl	H0430	4
H3772	Objc	H1471	4
H3772	Objc	H7218	4
H3772	Subj	H0430	4
H3772	Subj	H4325	4
H3772	Subj	H7563	4
H3789	Cmpl	H3871	4
H3789	Objc	H8034	4
H3847	Objc	H0312	4
H3847	Objc	H0905	4
H3847	Objc	H1121	4
H3898	Cmpl	H0341	4
H3898	Cmpl	H1004	4
H3920	Objc	H0376	4
H3920	Subj	H1121	4
H3925	Objc	H1870	4
H3925	Objc	H2706	4
H3947	Cmpl	H4428	4
H3947	Cmpl	H5650	4
H3947	Cmpl	H5892	4
H3947	Cmpl	H6430	4
H3947	Cmpl	H6440	4
H3947	Cmpl	H6499	4
H3947	Cmpl	H6529	4
H3947	Cmpl	H7218	4
H3947	Objc	H0001	4
H3947	Objc	H0120	4
H3947	Objc	H0168	4
H3947	Objc	H0517	4
H3947	Objc	H0929	4
H3947	Objc	H1293	4
H3947	Objc	H1419	4
H3947	Objc	H2132	4
H3947	Objc	H3508	4
H3947	Objc	H3515	4
H3947	Objc	H3548	4
H3947	Objc	H3563	4
H3947	Objc	H3603	4
H3947	Objc	H3629	4
H3947	Objc	H4731	4
H3947	Objc	H4735	4
H3947	Objc	H4888	4
H3947	Objc	H4932	4
H3947	Objc	H5159	4
H3947	Objc	H5695	4
H3947	Objc	H5892	4
H3947	Objc	H6944	4
H3947	Objc	H8145	4
H3947	Objc	H8163	4
H3947	Objc	H8449	4
H3947	Subj	H0001	4
H3952	Subj	H3611	4
H4058	Objc	H0352	4
H4058	Objc	H0361	4
H4127	Subj	H3605	4
H4134	Subj	H0251	4
H4135	Subj	H1004	4
H4185	Cmpl	H6310	4
H4191	Objc	H0376	4
H4191	Subj	H0802	4
H4191	Subj	H2114	4
H4191	Subj	H7523	4
H4229	Cmpl	H8064	4
H4229	Cmpl	H8478	4
H4229	Objc	H8034	4
H4422	Subj	H0905	4
H4672	Cmpl	H5892	4
H4672	Objc	H5291	4
H4672	Objc	H5612	4
H4672	Subj	H1697	4
H4775	Cmpl	H4428	4
H4886	Objc	H3605	4
H5027	Cmpl	H0310	4
H5027	Cmpl	H0776	4
H5027	Cmpl	H8064	4
H5034	Subj	H5929	4
H5046	Cmpl	H0517	4
H5046	Objc	H1870	4
H5060	Cmpl	H0120	4
H5062	Cmpl	H0341	4
H5066	Cmpl	H6440	4
H5066	Cmpl	H6944	4
H5066	Subj	H5030	4
H5068	Subj	H8269	4
H5074	Cmpl	H6440	4
H5127	Cmpl	H0168	4
H5127	Cmpl	H0259	4
H5137	Cmpl	H1121	4
H5137	Cmpl	H1818	4
H5137	Cmpl	H6440	4
H5157	Cmpl	H0776	4
H5157	Cmpl	H1121	4
H5157	Objc	H5159	4
H5186	Cmpl	H0430	4
H5186	Cmpl	H1870	4
H5186	Cmpl	H3225	4
H5186	Cmpl	H8040	4
H5186	Cmpl	H8064	4
H5221	Cmpl	H3709	4
H5221	Cmpl	H3895	4
H5221	Cmpl	H5971	4
H5221	Objc	H0929	4
H5221	Objc	H2568	4
H5221	Objc	H3427	4
H5221	Objc	H3709	4
H5221	Objc	H3967	4
H5221	Objc	H4325	4
H5221	Objc	H5971	4
H5221	Objc	H7453	4
H5221	Objc	H8147	4
H5221	Subj	H4428	4
H5265	Subj	H1714	4
H5265	Subj	H5971	4
H5307	Cmpl	H2719	4
H5307	Subj	H0776	4
H5307	Subj	H0970	4
H5307	Subj	H5038	4
H5307	Subj	H7227	4
H5307	Subj	H8639	4
H5327	Subj	H0376	4
H5337	Cmpl	H0341	4
H5337	Cmpl	H6310	4
H5337	Subj	H1471	4
H5341	Objc	H4687	4
H5358	Cmpl	H0341	4
H5358	Objc	H5359	4
H5375	Cmpl	H1004	4
H5375	Cmpl	H3605	4
H5375	Cmpl	H3802	4
H5375	Cmpl	H5771	4
H5375	Cmpl	H6588	4
H5375	Cmpl	H8432	4
H5375	Objc	H0001	4
H5375	Objc	H0068	4
H5375	Objc	H1471	4
H5375	Objc	H2091	4
H5375	Objc	H3671	4
H5375	Objc	H4854	4
H5375	Objc	H6240	4
H5375	Objc	H8605	4
H5375	Subj	H4428	4
H5414	Cmpl	H0168	4
H5414	Cmpl	H0310	4
H5414	Cmpl	H0312	4
H5414	Cmpl	H0957	4
H5414	Cmpl	H1245	4
H5414	Cmpl	H1471	4
H5414	Cmpl	H1818	4
H5414	Cmpl	H2719	4
H5414	Cmpl	H2833	4
H5414	Cmpl	H3627	4
H5414	Cmpl	H3802	4
H5414	Cmpl	H4132	4
H5414	Cmpl	H4150	4
H5414	Cmpl	H5288	4
H5414	Cmpl	H5775	4
H5414	Cmpl	H6963	4
H5414	Cmpl	H7453	4
H5414	Cmpl	H8077	4
H5414	Objc	H0251	4
H5414	Objc	H0430	4
H5414	Objc	H0567	4
H5414	Objc	H0571	4
H5414	Objc	H0702	4
H5414	Objc	H0730	4
H5414	Objc	H1419	4
H5414	Objc	H1653	4
H5414	Objc	H1715	4
H5414	Objc	H1818	4
H5414	Objc	H2319	4
H5414	Objc	H2461	4
H5414	Objc	H2506	4
H5414	Objc	H2677	4
H5414	Objc	H2691	4
H5414	Objc	H2885	4
H5414	Objc	H3117	4
H5414	Objc	H3427	4
H5414	Objc	H3669	4
H5414	Objc	H3727	4
H5414	Objc	H3734	4
H5414	Objc	H3828	4
H5414	Objc	H3878	4
H5414	Objc	H3966	4
H5414	Objc	H4196	4
H5414	Objc	H4438	4
H5414	Objc	H4487	4
H5414	Objc	H6086	4
H5414	Objc	H6203	4
H5414	Objc	H6239	4
H5414	Objc	H6310	4
H5414	Objc	H7227	4
H5414	Objc	H7381	4
H5414	Objc	H7596	4
H5414	Objc	H7903	4
H5414	Objc	H7965	4
H5414	Objc	H8337	4
H5414	Subj	H1882	4
H5414	Subj	H5650	4
H5414	Subj	H8064	4
H5422	Objc	H1167	4
H5422	Objc	H2346	4
H5437	Cmpl	H3220	4
H5437	Cmpl	H4294	4
H5437	Objc	H0727	4
H5437	Subj	H0376	4
H5462	Cmpl	H3027	4
H5493	Cmpl	H5650	4
H5493	Cmpl	H5971	4
H5493	Objc	H2921	4
H5545	Cmpl	H5650	4
H5564	Cmpl	H0352	4
H5608	Objc	H0376	4
H5608	Objc	H1697	4
H5608	Objc	H3117	4
H5608	Objc	H4639	4
H5619	Cmpl	H0068	4
H5640	Objc	H4325	4
H5641	Cmpl	H5869	4
H5641	Cmpl	H6440	4
H5647	Objc	H0127	4
H5647	Subj	H3605	4
H5674	Cmpl	H2022	4
H5674	Cmpl	H3802	4
H5674	Cmpl	H4264	4
H5674	Cmpl	H4428	4
H5674	Cmpl	H5971	4
H5674	Cmpl	H6828	4
H5674	Objc	H4428	4
H5674	Objc	H5771	4
H5674	Objc	H6310	4
H5674	Subj	H3117	4
H5674	Subj	H4325	4
H5674	Subj	H5650	4
H5782	Objc	H3605	4
H5786	Objc	H5869	4
H5800	Cmpl	H3027	4
H5800	Objc	H0899	4
H5800	Objc	H1285	4
H5800	Objc	H2205	4
H5800	Objc	H5892	4
H5800	Objc	H6098	4
H5844	Cmpl	H8222	4
H5848	Subj	H7307	4
H5927	Cmpl	H1116	4
H5927	Cmpl	H1870	4
H5927	Cmpl	H4908	4
H5927	Cmpl	H5045	4
H5927	Objc	H0352	4
H5927	Objc	H1121	4
H5927	Objc	H3605	4
H5927	Objc	H6106	4
H5927	Subj	H0505	4
H5927	Subj	H1486	4
H5927	Subj	H3878	4
H5927	Subj	H5633	4
H5927	Subj	H5892	4
H5927	Subj	H6547	4
H5975	Cmpl	H0681	4
H5975	Cmpl	H0776	4
H5975	Cmpl	H2691	4
H5975	Cmpl	H3027	4
H5975	Cmpl	H4196	4
H5975	Cmpl	H5977	4
H6030	Subj	H0259	4
H6030	Subj	H0802	4
H6030	Subj	H7854	4
H6186	Objc	H7979	4
H6213	Cmpl	H4941	4
H6213	Cmpl	H5892	4
H6213	Cmpl	H8034	4
H6213	Cmpl	H8269	4
H6213	Objc	H1420	4
H6213	Objc	H2719	4
H6213	Objc	H3257	4
H6213	Objc	H3801	4
H6213	Objc	H3972	4
H6213	Objc	H4219	4
H6213	Objc	H4428	4
H6213	Objc	H4682	4
H6213	Objc	H4908	4
H6213	Objc	H5518	4
H6213	Objc	H6241	4
H6213	Objc	H6754	4
H6213	Objc	H7161	4
H6213	Objc	H7165	4
H6213	Objc	H7979	4
H6213	Objc	H8668	4
H6213	Subj	H2748	4
H6213	Subj	H3427	4
H6213	Subj	H6453	4
H6213	Subj	H6635	4
H6213	Subj	H8269	4
H6213	Subj	H8441	4
H6231	Objc	H1616	4
H6299	Cmpl	H3605	4
H6299	Objc	H3605	4
H6327	Cmpl	H3605	4
H6327	Subj	H3605	4
H6395	Cmpl	H0996	4
H6419	Cmpl	H5971	4
H6437	Objc	H6203	4
H6458	Objc	H0068	4
H6458	Objc	H3871	4
H6458	Objc	H8147	4
H6485	Cmpl	H0776	4
H6485	Cmpl	H4428	4
H6485	Subj	H0430	4
H6485	Subj	H3878	4
H6504	Cmpl	H0996	4
H6555	Cmpl	H8179	4
H6555	Objc	H2346	4
H6565	Objc	H6098	4
H6566	Objc	H3027	4
H6581	Subj	H5424	4
H6605	Objc	H8179	4
H6663	Objc	H6662	4
H6663	Subj	H0376	4
H6680	Objc	H5288	4
H6680	Subj	H6547	4
H6693	Subj	H0341	4
H6817	Subj	H1121	4
H6908	Objc	H5971	4
H6912	Objc	H0001	4
H6942	Objc	H3117	4
H6942	Objc	H3627	4
H6942	Objc	H5971	4
H6950	Cmpl	H4428	4
H6950	Subj	H3064	4
H6965	Cmpl	H0001	4
H6965	Cmpl	H1004	4
H6965	Cmpl	H7272	4
H6965	Cmpl	H8478	4
H6965	Objc	H8034	4
H6965	Subj	H1697	4
H6965	Subj	H2428	4
H6965	Subj	H2555	4
H6965	Subj	H5650	4
H6965	Subj	H5707	4
H6965	Subj	H8269	4
H6999	Cmpl	H8064	4
H6999	Objc	H4503	4
H7043	Cmpl	H0776	4
H7043	Cmpl	H5923	4
H7043	Objc	H0001	4
H7069	Objc	H0127	4
H7069	Objc	H2451	4
H7107	Cmpl	H8269	4
H7114	Objc	H7105	4
H7114	Subj	H5315	4
H7121	Cmpl	H0310	4
H7121	Cmpl	H5892	4
H7121	Objc	H0001	4
H7121	Objc	H0776	4
H7121	Objc	H3548	4
H7121	Subj	H1121	4
H7126	Cmpl	H1004	4
H7126	Cmpl	H6607	4
H7126	Objc	H3967	4
H7126	Objc	H5207	4
H7126	Objc	H6240	4
H7126	Objc	H7381	4
H7126	Subj	H3548	4
H7126	Subj	H3605	4
H7126	Subj	H4940	4
H7167	Objc	H4467	4
H7194	Objc	H7195	4
H7194	Subj	H5650	4
H7200	Cmpl	H5869	4
H7200	Objc	H1818	4
H7200	Objc	H2416	4
H7200	Objc	H2719	4
H7200	Objc	H3444	4
H7200	Objc	H3701	4
H7200	Objc	H4725	4
H7200	Objc	H4759	4
H7200	Objc	H5869	4
H7200	Objc	H7393	4
H7200	Objc	H8121	4
H7200	Objc	H8441	4
H7200	Subj	H7393	4
H7235	Objc	H8457	4
H7235	Subj	H1121	4
H7287	Cmpl	H3220	4
H7291	Objc	H0341	4
H7311	Objc	H2460	4
H7311	Objc	H3605	4
H7311	Subj	H3824	4
H7311	Subj	H8269	4
H7321	Objc	H1419	4
H7321	Objc	H8643	4
H7323	Cmpl	H0310	4
H7324	Cmpl	H0310	4
H7337	Objc	H1366	4
H7364	Objc	H3027	4
H7411	Cmpl	H0745	4
H7411	Cmpl	H1356	4
H7503	Objc	H3027	4
H7521	Objc	H7676	4
H7617	Objc	H0802	4
H7617	Subj	H1121	4
H7646	Objc	H5315	4
H7650	Subj	H1121	4
H7665	Objc	H2220	4
H7665	Objc	H3605	4
H7665	Objc	H4294	4
H7665	Objc	H4428	4
H7665	Objc	H6106	4
H7665	Objc	H7198	4
H7673	Objc	H3605	4
H7673	Objc	H6963	4
H7725	Cmpl	H0272	4
H7725	Cmpl	H3820	4
H7725	Cmpl	H4138	4
H7725	Cmpl	H6083	4
H7725	Cmpl	H6430	4
H7725	Cmpl	H7704	4
H7725	Objc	H0376	4
H7725	Objc	H0430	4
H7725	Objc	H1004	4
H7725	Objc	H2534	4
H7725	Objc	H2781	4
H7725	Objc	H3967	4
H7725	Subj	H0251	4
H7725	Subj	H0430	4
H7725	Subj	H4325	4
H7725	Subj	H6662	4
H7760	Cmpl	H0168	4
H7760	Cmpl	H0376	4
H7760	Cmpl	H2022	4
H7760	Cmpl	H3220	4
H7760	Cmpl	H4908	4
H7760	Cmpl	H4975	4
H7760	Cmpl	H5892	4
H7760	Cmpl	H8147	4
H7760	Objc	H0505	4
H7760	Objc	H1004	4
H7760	Objc	H2233	4
H7760	Objc	H3627	4
H7760	Objc	H3701	4
H7760	Objc	H3967	4
H7760	Objc	H4057	4
H7760	Objc	H4196	4
H7760	Objc	H4725	4
H7760	Objc	H4941	4
H7760	Objc	H5333	4
H7760	Objc	H7218	4
H7760	Objc	H7272	4
H7760	Objc	H8242	4
H7812	Cmpl	H3605	4
H7812	Cmpl	H8064	4
H7819	Objc	H0352	4
H7843	Objc	H5892	4
H7896	Cmpl	H0996	4
H7896	Objc	H3027	4
H7901	Cmpl	H0776	4
H7911	Objc	H1285	4
H7931	Cmpl	H0168	4
H7931	Cmpl	H0776	4
H7931	Objc	H0776	4
H7931	Subj	H6051	4
H7971	Cmpl	H2205	4
H7971	Cmpl	H2351	4
H7971	Cmpl	H4264	4
H7971	Cmpl	H4791	4
H7971	Cmpl	H5030	4
H7971	Cmpl	H7704	4
H7971	Objc	H1416	4
H7971	Objc	H2719	4
H7971	Objc	H4428	4
H7971	Objc	H4503	4
H7971	Objc	H7227	4
H7993	Cmpl	H0776	4
H7993	Cmpl	H0953	4
H7993	Cmpl	H2351	4
H7993	Cmpl	H6913	4
H7993	Objc	H0068	4
H8056	Cmpl	H0430	4
H8056	Cmpl	H3605	4
H8056	Subj	H1323	4
H8056	Subj	H1616	4
H8056	Subj	H6662	4
H8074	Objc	H5116	4
H8085	Cmpl	H1121	4
H8085	Cmpl	H3605	4
H8085	Objc	H0561	4
H8085	Objc	H2201	4
H8085	Objc	H2451	4
H8085	Objc	H4428	4
H8085	Objc	H4941	4
H8085	Objc	H7462	4
H8085	Objc	H8469	4
H8085	Objc	H8519	4
H8085	Subj	H0001	4
H8085	Subj	H0776	4
H8085	Subj	H1697	4
H8085	Subj	H2428	4
H8104	Cmpl	H0001	4
H8104	Cmpl	H5650	4
H8104	Objc	H2617	4
H8130	Objc	H3605	4
H8130	Objc	H8267	4
H8199	Cmpl	H7716	4
H8199	Objc	H3490	4
H8199	Subj	H0430	4
H8210	Objc	H2195	4
H8210	Objc	H7307	4
H8248	Objc	H3605	4
H8259	Cmpl	H8064	4
H8313	Objc	H4428	4
H8354	Objc	H3563	4
H8354	Subj	H1121	4
H8388	Subj	H1366	4
H8518	Objc	H3605	4
H8518	Objc	H3627	4
H8552	Cmpl	H0776	4
H8552	Subj	H0376	4
H8552	Subj	H1471	4
H8552	Subj	H8141	4
H8610	Objc	H1121	4
H0006	Cmpl	H2445	3
H0006	Objc	H0376	3
H0006	Objc	H5315	3
H0006	Subj	H0001	3
H0006	Subj	H1004	3
H0056	Subj	H3605	3
H0056	Subj	H5971	3
H0157	Objc	H8451	3
H0157	Subj	H4428	3
H0183	Objc	H8378	3
H0238	Objc	H6963	3
H0238	Objc	H8605	3
H0398	Cmpl	H1588	3
H0398	Cmpl	H1818	3
H0398	Cmpl	H6718	3
H0398	Objc	H0127	3
H0398	Objc	H0929	3
H0398	Objc	H1277	3
H0398	Objc	H1323	3
H0398	Objc	H1612	3
H0398	Objc	H2506	3
H0398	Objc	H2529	3
H0398	Objc	H3465	3
H0398	Objc	H5315	3
H0398	Objc	H6595	3
H0398	Subj	H0001	3
H0398	Subj	H0745	3
H0398	Subj	H0776	3
H0398	Subj	H1004	3
H0398	Subj	H1323	3
H0398	Subj	H8064	3
H0553	Objc	H3824	3
H0559	Cmpl	H0127	3
H0559	Cmpl	H0413	3
H0559	Cmpl	H0650	3
H0559	Cmpl	H1167	3
H0559	Cmpl	H1389	3
H0559	Cmpl	H1397	3
H0559	Cmpl	H1516	3
H0559	Cmpl	H3571	3
H0559	Cmpl	H4436	3
H0559	Cmpl	H5315	3
H0559	Cmpl	H5608	3
H0559	Cmpl	H5631	3
H0559	Cmpl	H6924	3
H0559	Cmpl	H8199	3
H0559	Objc	H6592	3
H0559	Subj	H0120	3
H0559	Subj	H0776	3
H0559	Subj	H1419	3
H0559	Subj	H3220	3
H0559	Subj	H3571	3
H0559	Subj	H5680	3
H0559	Subj	H6086	3
H0559	Subj	H6953	3
H0559	Subj	H8334	3
H0622	Cmpl	H0776	3
H0622	Objc	H1004	3
H0622	Objc	H1121	3
H0622	Objc	H1471	3
H0622	Objc	H5315	3
H0622	Objc	H7307	3
H0622	Objc	H8393	3
H0622	Subj	H0376	3
H0622	Subj	H1471	3
H0644	Objc	H3899	3
H0693	Cmpl	H1818	3
H0779	Objc	H5971	3
H0834	Cmpl	H1870	3
H0914	Cmpl	H0776	3
H0914	Cmpl	H1121	3
H0914	Cmpl	H2889	3
H0914	Cmpl	H2930	3
H0914	Cmpl	H8432	3
H0914	Objc	H5892	3
H0935	Cmpl	H0120	3
H0935	Cmpl	H0567	3
H0935	Cmpl	H0702	3
H0935	Cmpl	H0875	3
H0935	Cmpl	H0996	3
H0935	Cmpl	H1323	3
H0935	Cmpl	H1389	3
H0935	Cmpl	H1419	3
H0935	Cmpl	H1818	3
H0935	Cmpl	H2181	3
H0935	Cmpl	H3671	3
H0935	Cmpl	H3709	3
H0935	Cmpl	H3759	3
H0935	Cmpl	H3957	3
H0935	Cmpl	H4191	3
H0935	Cmpl	H4196	3
H0935	Cmpl	H4631	3
H0935	Cmpl	H4692	3
H0935	Cmpl	H4801	3
H0935	Cmpl	H5158	3
H0935	Cmpl	H5315	3
H0935	Cmpl	H5650	3
H0935	Cmpl	H5656	3
H0935	Cmpl	H6370	3
H0935	Cmpl	H6629	3
H0935	Cmpl	H6913	3
H0935	Cmpl	H7453	3
H0935	Cmpl	H8269	3
H0935	Objc	H0251	3
H0935	Objc	H0352	3
H0935	Objc	H0905	3
H0935	Objc	H1323	3
H0935	Objc	H2233	3
H0935	Objc	H3123	3
H0935	Objc	H3324	3
H0935	Objc	H4428	3
H0935	Objc	H5071	3
H0935	Objc	H5795	3
H0935	Objc	H6486	3
H0935	Objc	H6529	3
H0935	Objc	H6677	3
H0935	Objc	H6951	3
H0935	Objc	H7218	3
H0935	Objc	H7998	3
H0935	Objc	H8184	3
H0935	Objc	H8449	3
H0935	Objc	H8492	3
H0935	Objc	H8549	3
H0935	Subj	H0226	3
H0935	Subj	H0269	3
H0935	Subj	H0343	3
H0935	Subj	H0779	3
H0935	Subj	H1755	3
H0935	Subj	H2233	3
H0935	Subj	H2896	3
H0935	Subj	H3820	3
H0935	Subj	H5612	3
H0935	Subj	H6571	3
H0935	Subj	H6869	3
H0935	Subj	H7458	3
H0935	Subj	H8605	3
H0959	Objc	H0423	3
H0970	Cmpl	H1121	3
H0970	Cmpl	H5971	3
H0970	Objc	H0505	3
H1058	Subj	H5971	3
H1129	Objc	H0730	3
H1129	Objc	H1964	3
H1129	Objc	H2691	3
H1129	Objc	H4407	3
H1129	Objc	H4692	3
H1129	Objc	H4720	3
H1129	Objc	H7651	3
H1129	Objc	H8481	3
H1129	Subj	H7151	3
H1158	Cmpl	H0424	3
H1197	Cmpl	H0776	3
H1197	Subj	H1513	3
H1234	Subj	H5892	3
H1245	Cmpl	H3605	3
H1245	Objc	H2896	3
H1245	Objc	H5291	3
H1288	Cmpl	H2233	3
H1288	Objc	H6951	3
H1288	Subj	H0776	3
H1310	Objc	H1320	3
H1310	Objc	H1423	3
H1431	Cmpl	H3605	3
H1431	Cmpl	H5869	3
H1431	Cmpl	H6635	3
H1431	Objc	H1121	3
H1431	Subj	H3206	3
H1431	Subj	H4428	3
H1431	Subj	H5288	3
H1438	Objc	H0842	3
H1438	Objc	H3605	3
H1481	Cmpl	H6440	3
H1481	Subj	H0120	3
H1481	Subj	H1121	3
H1497	Objc	H1500	3
H1540	Objc	H0251	3
H1540	Objc	H0517	3
H1540	Objc	H0802	3
H1540	Subj	H0776	3
H1540	Subj	H3519	3
H1548	Objc	H2206	3
H1548	Objc	H3605	3
H1556	Cmpl	H0875	3
H1639	Cmpl	H5159	3
H1644	Objc	H0567	3
H1644	Objc	H1471	3
H1692	Objc	H3605	3
H1692	Subj	H3956	3
H1692	Subj	H5315	3
H1696	Cmpl	H0113	3
H1696	Cmpl	H0251	3
H1696	Cmpl	H0259	3
H1696	Cmpl	H0376	3
H1696	Cmpl	H0413	3
H1696	Cmpl	H0802	3
H1696	Cmpl	H2205	3
H1696	Cmpl	H3427	3
H1696	Cmpl	H4725	3
H1696	Cmpl	H5892	3
H1696	Cmpl	H7218	3
H1696	Cmpl	H8269	3
H1696	Subj	H0251	3
H1696	Subj	H0413	3
H1696	Subj	H3820	3
H1696	Subj	H5650	3
H1854	Cmpl	H6083	3
H1869	Subj	H7272	3
H1875	Objc	H0001	3
H1875	Objc	H2896	3
H1875	Objc	H6629	3
H1875	Objc	H7965	3
H1897	Subj	H3820	3
H1897	Subj	H3956	3
H1933	Cmpl	H4428	3
H1933	PreC	H3051	3
H1933	PreC	H4437	3
H1933	PreC	H5647	3
H1933	Subj	H0424	3
H1933	Subj	H4437	3
H1961	Cmpl	H0127	3
H1961	Cmpl	H0310	3
H1961	Cmpl	H0402	3
H1961	Cmpl	H0727	3
H1961	Cmpl	H1320	3
H1961	Cmpl	H1366	3
H1961	Cmpl	H1419	3
H1961	Cmpl	H2022	3
H1961	Cmpl	H3117	3
H1961	Cmpl	H3220	3
H1961	Cmpl	H4325	3
H1961	Cmpl	H4467	3
H1961	Cmpl	H4522	3
H1961	Cmpl	H4908	3
H1961	Cmpl	H5079	3
H1961	Cmpl	H5315	3
H1961	Cmpl	H5775	3
H1961	Cmpl	H6430	3
H1961	Cmpl	H6547	3
H1961	Cmpl	H6629	3
H1961	Cmpl	H7227	3
H1961	Cmpl	H8064	3
H1961	Cmpl	H8478	3
H1961	Cmpl	H8577	3
H1961	Objc	H3117	3
H1961	PreC	H0157	3
H1961	PreC	H0341	3
H1961	PreC	H0352	3
H1961	PreC	H0374	3
H1961	PreC	H0423	3
H1961	PreC	H0441	3
H1961	PreC	H0517	3
H1961	PreC	H1241	3
H1961	PreC	H1492	3
H1961	PreC	H1870	3
H1961	PreC	H1980	3
H1961	PreC	H2389	3
H1961	PreC	H3293	3
H1961	PreC	H3417	3
H1961	PreC	H3627	3
H1961	PreC	H3701	3
H1961	PreC	H3820	3
H1961	PreC	H3837	3
H1961	PreC	H3899	3
H1961	PreC	H3978	3
H1961	PreC	H4159	3
H1961	PreC	H4583	3
H1961	PreC	H4758	3
H1961	PreC	H4823	3
H1961	PreC	H4869	3
H1961	PreC	H4923	3
H1961	PreC	H4929	3
H1961	PreC	H5139	3
H1961	PreC	H5178	3
H1961	PreC	H5462	3
H1961	PreC	H5560	3
H1961	PreC	H5775	3
H1961	PreC	H5945	3
H1961	PreC	H6010	3
H1961	PreC	H6160	3
H1961	PreC	H6235	3
H1961	PreC	H6256	3
H1961	PreC	H6341	3
H1961	PreC	H6499	3
H1961	PreC	H6566	3
H1961	PreC	H6879	3
H1961	PreC	H7130	3
H1961	PreC	H7230	3
H1961	PreC	H7854	3
H1961	PreC	H7916	3
H1961	PreC	H7993	3
H1961	PreC	H8535	3
H1961	PreC	H8641	3
H1961	Subj	H0127	3
H1961	Subj	H0168	3
H1961	Subj	H0241	3
H1961	Subj	H0251	3
H1961	Subj	H0520	3
H1961	Subj	H0784	3
H1961	Subj	H0899	3
H1961	Subj	H1995	3
H1961	Subj	H2320	3
H1961	Subj	H2428	3
H1961	Subj	H2491	3
H1961	Subj	H2764	3
H1961	Subj	H2822	3
H1961	Subj	H3206	3
H1961	Subj	H3581	3
H1961	Subj	H3678	3
H1961	Subj	H3915	3
H1961	Subj	H4194	3
H1961	Subj	H4347	3
H1961	Subj	H4399	3
H1961	Subj	H4467	3
H1961	Subj	H4605	3
H1961	Subj	H4725	3
H1961	Subj	H4908	3
H1961	Subj	H5063	3
H1961	Subj	H5504	3
H1961	Subj	H5713	3
H1961	Subj	H5771	3
H1961	Subj	H5797	3
H1961	Subj	H5930	3
H1961	Subj	H6086	3
H1961	Subj	H6135	3
H1961	Subj	H6213	3
H1961	Subj	H6239	3
H1961	Subj	H7151	3
H1961	Subj	H7161	3
H1961	Subj	H7218	3
H1961	Subj	H7225	3
H1961	Subj	H7272	3
H1961	Subj	H7462	3
H1961	Subj	H7677	3
H1961	Subj	H7822	3
H1961	Subj	H7892	3
H1961	Subj	H8083	3
H1961	Subj	H8198	3
H1961	Subj	H8330	3
H1961	Subj	H8545	3
H1980	Cmpl	H0113	3
H1980	Cmpl	H0734	3
H1980	Cmpl	H0802	3
H1980	Cmpl	H2416	3
H1980	Cmpl	H3220	3
H1980	Cmpl	H3427	3
H1980	Cmpl	H4138	3
H1980	Cmpl	H4156	3
H1980	Cmpl	H5048	3
H1980	Cmpl	H6307	3
H1980	Cmpl	H6430	3
H1980	Cmpl	H7451	3
H1980	Objc	H4428	3
H1980	Subj	H0251	3
H1980	Subj	H0430	3
H1980	Subj	H0802	3
H1980	Subj	H3427	3
H1980	Subj	H5288	3
H1984	Cmpl	H0430	3
H1984	Objc	H1697	3
H2000	Objc	H3605	3
H2013	Cmpl	H6440	3
H2015	Objc	H3605	3
H2015	Objc	H5892	3
H2015	Subj	H0376	3
H2015	Subj	H0430	3
H2015	Subj	H3605	3
H2026	Objc	H0802	3
H2026	Objc	H0929	3
H2026	Objc	H1060	3
H2026	Objc	H2145	3
H2026	Objc	H3548	3
H2026	Objc	H3967	3
H2026	Objc	H5971	3
H2026	Objc	H6662	3
H2026	Subj	H1121	3
H2029	Objc	H5999	3
H2040	Objc	H4196	3
H2076	Objc	H3967	3
H2094	Cmpl	H1870	3
H2100	Subj	H4325	3
H2142	Objc	H2416	3
H2142	Objc	H2781	3
H2142	Subj	H1121	3
H2142	Subj	H6666	3
H2151	Subj	H2022	3
H2199	Objc	H1419	3
H2199	Subj	H3605	3
H2219	Cmpl	H3605	3
H2219	Cmpl	H7307	3
H2219	Objc	H3605	3
H2280	Cmpl	H7665	3
H2287	Objc	H5521	3
H2296	Objc	H2719	3
H2296	Objc	H4975	3
H2308	Subj	H6963	3
H2342	Cmpl	H7218	3
H2372	Objc	H2493	3
H2372	Objc	H4236	3
H2388	Cmpl	H0376	3
H2388	Objc	H2220	3
H2388	Subj	H1697	3
H2388	Subj	H3548	3
H2388	Subj	H5971	3
H2398	Cmpl	H3605	3
H2398	Subj	H0259	3
H2398	Subj	H1121	3
H2398	Subj	H4428	3
H2421	Objc	H0802	3
H2421	Objc	H2233	3
H2421	Subj	H0120	3
H2490	Objc	H1285	3
H2490	Subj	H1121	3
H2498	Objc	H8071	3
H2505	Cmpl	H5971	3
H2505	Objc	H0259	3
H2530	Objc	H7453	3
H2550	Cmpl	H1121	3
H2583	Cmpl	H2022	3
H2583	Cmpl	H5439	3
H2603	Cmpl	H6440	3
H2610	Subj	H0776	3
H2620	Cmpl	H6738	3
H2637	Objc	H3605	3
H2637	Subj	H8081	3
H2654	Cmpl	H4194	3
H2654	Objc	H1870	3
H2654	Objc	H2077	3
H2658	Objc	H0776	3
H2672	Objc	H0953	3
H2673	Cmpl	H8147	3
H2717	Objc	H0776	3
H2717	Subj	H5892	3
H2729	Subj	H3605	3
H2729	Subj	H5971	3
H2763	Objc	H0802	3
H2778	Objc	H4634	3
H2786	Objc	H8127	3
H2803	Cmpl	H0776	3
H2803	Cmpl	H3064	3
H2803	Objc	H0376	3
H2803	Objc	H8141	3
H2821	Subj	H0216	3
H2856	Cmpl	H2885	3
H2856	Cmpl	H4428	3
H2891	Cmpl	H3605	3
H2891	Objc	H0776	3
H2891	Objc	H3605	3
H2904	Cmpl	H0776	3
H2930	Objc	H0802	3
H2930	Objc	H6944	3
H2930	Objc	H7453	3
H2934	Objc	H6341	3
H3001	Objc	H4325	3
H3001	Subj	H2682	3
H3032	Objc	H1486	3
H3034	Objc	H3605	3
H3034	Objc	H5771	3
H3045	Cmpl	H5971	3
H3045	Objc	H0776	3
H3045	Objc	H0998	3
H3045	Objc	H1369	3
H3045	Objc	H1847	3
H3045	Objc	H4284	3
H3045	Objc	H4405	3
H3045	Objc	H4557	3
H3045	Objc	H4639	3
H3045	Objc	H4725	3
H3045	Objc	H5656	3
H3045	Objc	H5949	3
H3045	Objc	H6592	3
H3045	Objc	H6699	3
H3045	Objc	H7965	3
H3045	Subj	H0120	3
H3045	Subj	H0430	3
H3045	Subj	H1697	3
H3045	Subj	H1755	3
H3045	Subj	H5288	3
H3051	Cmpl	H3027	3
H3051	Objc	H5797	3
H3051	Objc	H8034	3
H3051	Subj	H4437	3
H3051	Subj	H7985	3
H3179	Subj	H6629	3
H3190	Cmpl	H0310	3
H3190	Cmpl	H5650	3
H3201	Subj	H0776	3
H3201	Subj	H3548	3
H3205	Cmpl	H0251	3
H3205	Objc	H8337	3
H3205	Subj	H0376	3
H3205	Subj	H3605	3
H3205	Subj	H6370	3
H3205	Subj	H6629	3
H3205	Subj	H8147	3
H3243	Objc	H1121	3
H3254	Cmpl	H3117	3
H3254	Cmpl	H5923	3
H3254	Objc	H3117	3
H3254	Objc	H6471	3
H3254	Subj	H0430	3
H3254	Subj	H1004	3
H3254	Subj	H6413	3
H3256	Objc	H1121	3
H3318	Cmpl	H0001	3
H3318	Cmpl	H0214	3
H3318	Cmpl	H0875	3
H3318	Cmpl	H1167	3
H3318	Cmpl	H1473	3
H3318	Cmpl	H2022	3
H3318	Cmpl	H3220	3
H3318	Cmpl	H5158	3
H3318	Cmpl	H5650	3
H3318	Cmpl	H7130	3
H3318	Cmpl	H7358	3
H3318	Cmpl	H8478	3
H3318	Cmpl	H8593	3
H3318	Objc	H3701	3
H3318	Objc	H4325	3
H3318	Objc	H5315	3
H3318	Objc	H6499	3
H3318	Objc	H7307	3
H3318	Subj	H0251	3
H3318	Subj	H0259	3
H3318	Subj	H1004	3
H3318	Subj	H1323	3
H3318	Subj	H2233	3
H3318	Subj	H2428	3
H3318	Subj	H4330	3
H3318	Subj	H5288	3
H3318	Subj	H5713	3
H3318	Subj	H7223	3
H3318	Subj	H7227	3
H3318	Subj	H7307	3
H3318	Subj	H7902	3
H3318	Subj	H8034	3
H3318	Subj	H8451	3
H3320	Cmpl	H8432	3
H3320	Subj	H0376	3
H3332	Objc	H2091	3
H3332	Objc	H4325	3
H3341	Objc	H5892	3
H3341	Subj	H8179	3
H3364	Cmpl	H8142	3
H3372	Cmpl	H4428	3
H3372	Subj	H0776	3
H3372	Subj	H1121	3
H3381	Cmpl	H0310	3
H3381	Cmpl	H5158	3
H3381	Objc	H4325	3
H3381	Subj	H0251	3
H3381	Subj	H1347	3
H3381	Subj	H5971	3
H3384	Cmpl	H0996	3
H3384	Objc	H2671	3
H3423	Objc	H2022	3
H3423	Objc	H2896	3
H3427	Cmpl	H0567	3
H3427	Cmpl	H3669	3
H3427	Cmpl	H4296	3
H3427	Cmpl	H5081	3
H3427	Cmpl	H5978	3
H3427	Cmpl	H7339	3
H3427	Cmpl	H8179	3
H3427	Objc	H1121	3
H3427	Subj	H2945	3
H3427	Subj	H3548	3
H3427	Subj	H3669	3
H3427	Subj	H3878	3
H3427	Subj	H5411	3
H3427	Subj	H8269	3
H3447	Objc	H2091	3
H3447	Objc	H8275	3
H3447	Subj	H4428	3
H3467	Cmpl	H6430	3
H3467	Objc	H1121	3
H3467	Subj	H3027	3
H3474	Cmpl	H3605	3
H3474	Objc	H1870	3
H3474	Objc	H3605	3
H3498	Subj	H0259	3
H3498	Subj	H0376	3
H3513	Cmpl	H5971	3
H3513	Objc	H0001	3
H3513	Subj	H0001	3
H3513	Subj	H4421	3
H3513	Subj	H6547	3
H3526	Subj	H3605	3
H3557	Objc	H1323	3
H3557	Objc	H3605	3
H3557	Objc	H4428	3
H3559	Cmpl	H0001	3
H3559	Cmpl	H5971	3
H3559	Objc	H0068	3
H3559	Objc	H0505	3
H3559	Objc	H6086	3
H3559	Subj	H5656	3
H3559	Subj	H8398	3
H3665	Cmpl	H1121	3
H3680	Cmpl	H4372	3
H3680	Cmpl	H5785	3
H3680	Cmpl	H8477	3
H3680	Objc	H2555	3
H3680	Subj	H2022	3
H3722	Objc	H4196	3
H3772	Cmpl	H0127	3
H3772	Cmpl	H2022	3
H3772	Cmpl	H3427	3
H3772	Cmpl	H4428	3
H3772	Cmpl	H8432	3
H3772	Objc	H0341	3
H3772	Objc	H5769	3
H3772	Objc	H8034	3
H3789	Cmpl	H5971	3
H3789	Objc	H7651	3
H3847	Objc	H0710	3
H3847	Objc	H1322	3
H3847	Objc	H3801	3
H3847	Objc	H4598	3
H3847	Objc	H5797	3
H3847	Objc	H6944	3
H3847	Subj	H3548	3
H3847	Subj	H7307	3
H3857	Subj	H3852	3
H3885	Cmpl	H8432	3
H3885	Subj	H1121	3
H3885	Subj	H5713	3
H3897	Objc	H6083	3
H3898	Cmpl	H0251	3
H3898	Objc	H4421	3
H3898	Subj	H1121	3
H3920	Objc	H1366	3
H3920	Objc	H4325	3
H3920	Subj	H5892	3
H3925	Objc	H1121	3
H3925	Objc	H4941	3
H3925	Objc	H5971	3
H3947	Cmpl	H0001	3
H3947	Cmpl	H0168	3
H3947	Cmpl	H0251	3
H3947	Cmpl	H0352	3
H3947	Cmpl	H0376	3
H3947	Cmpl	H0676	3
H3947	Cmpl	H1060	3
H3947	Cmpl	H2233	3
H3947	Cmpl	H2764	3
H3947	Cmpl	H2889	3
H3947	Cmpl	H3899	3
H3947	Cmpl	H4276	3
H3947	Cmpl	H4725	3
H3947	Cmpl	H8081	3
H3947	Cmpl	H8432	3
H3947	Objc	H0155	3
H3947	Objc	H0232	3
H3947	Objc	H0269	3
H3947	Objc	H0641	3
H3947	Objc	H0784	3
H3947	Objc	H1285	3
H3947	Objc	H1314	3
H3947	Objc	H1423	3
H3947	Objc	H1581	3
H3947	Objc	H1697	3
H3947	Objc	H1715	3
H3947	Objc	H2134	3
H3947	Objc	H2205	3
H3947	Objc	H2319	3
H3947	Objc	H2373	3
H3947	Objc	H2671	3
H3947	Objc	H2850	3
H3947	Objc	H3123	3
H3947	Objc	H3535	3
H3947	Objc	H3709	3
H3947	Objc	H3724	3
H3947	Objc	H3871	3
H3947	Objc	H3979	3
H3947	Objc	H4219	3
H3947	Objc	H4682	3
H3947	Objc	H4736	3
H3947	Objc	H5030	3
H3947	Objc	H5392	3
H3947	Objc	H5483	3
H3947	Objc	H5518	3
H3947	Objc	H5592	3
H3947	Objc	H5608	3
H3947	Objc	H5697	3
H3947	Objc	H6370	3
H3947	Objc	H6378	3
H3947	Objc	H6459	3
H3947	Objc	H6720	3
H3947	Objc	H6833	3
H3947	Objc	H7393	3
H3947	Objc	H7611	3
H3947	Objc	H7785	3
H3947	Objc	H7794	3
H3947	Objc	H8027	3
H3947	Objc	H8141	3
H3947	Objc	H8597	3
H3947	Subj	H0517	3
H3947	Subj	H0776	3
H3947	Subj	H1323	3
H3947	Subj	H2677	3
H3947	Subj	H6430	3
H3947	Subj	H8269	3
H3952	Objc	H1818	3
H3988	Cmpl	H4941	3
H4058	Objc	H1004	3
H4058	Objc	H6440	3
H4058	Objc	H7307	3
H4127	Subj	H0776	3
H4127	Subj	H3427	3
H4131	Subj	H7272	3
H4135	Objc	H1121	3
H4135	Objc	H3824	3
H4135	Subj	H1121	3
H4135	Subj	H3211	3
H4135	Subj	H3701	3
H4135	Subj	H4736	3
H4171	Objc	H3519	3
H4185	Cmpl	H2233	3
H4191	Objc	H5971	3
H4191	Subj	H0251	3
H4191	Subj	H1004	3
H4191	Subj	H2850	3
H4191	Subj	H5030	3
H4191	Subj	H5315	3
H4191	Subj	H5971	3
H4229	Objc	H3605	3
H4272	Objc	H7218	3
H4291	Cmpl	H8065	3
H4305	Cmpl	H0776	3
H4305	Objc	H0784	3
H4305	Objc	H1614	3
H4376	Objc	H1121	3
H4376	Objc	H7704	3
H4422	Cmpl	H0776	3
H4422	Subj	H0376	3
H4422	Subj	H1121	3
H4422	Subj	H4428	3
H4487	Subj	H0430	3
H4513	Objc	H2896	3
H4549	Subj	H2022	3
H4591	Cmpl	H4592	3
H4672	Cmpl	H0113	3
H4672	Cmpl	H4057	3
H4672	Cmpl	H5971	3
H4672	Cmpl	H7704	3
H4672	Objc	H0802	3
H4672	Objc	H1697	3
H4672	Objc	H2416	3
H4672	Objc	H2656	3
H4672	Objc	H3027	3
H4672	Objc	H3972	3
H4672	Objc	H4428	3
H4672	Objc	H4494	3
H4672	Objc	H5771	3
H4672	Objc	H8451	3
H4672	Subj	H0120	3
H4672	Subj	H1121	3
H4672	Subj	H1375	3
H4672	Subj	H1590	3
H4672	Subj	H5650	3
H4672	Subj	H7462	3
H4743	Cmpl	H5771	3
H4784	Objc	H0430	3
H4886	Objc	H1121	3
H4911	Objc	H4912	3
H5003	Objc	H0802	3
H5027	Subj	H5869	3
H5046	Cmpl	H0113	3
H5046	Cmpl	H0120	3
H5046	Cmpl	H1121	3
H5046	Cmpl	H3548	3
H5046	Cmpl	H6547	3
H5046	Objc	H0430	3
H5046	Objc	H1004	3
H5046	Objc	H2420	3
H5046	Objc	H3820	3
H5046	Objc	H5971	3
H5046	Objc	H6588	3
H5046	Objc	H6664	3
H5060	Cmpl	H1320	3
H5060	Cmpl	H2932	3
H5060	Cmpl	H6106	3
H5062	Subj	H5971	3
H5062	Subj	H7272	3
H5066	Cmpl	H0001	3
H5066	Cmpl	H1121	3
H5066	Cmpl	H3605	3
H5066	Cmpl	H4428	3
H5066	Objc	H0641	3
H5066	Subj	H3548	3
H5074	Subj	H3605	3
H5074	Subj	H8142	3
H5087	Cmpl	H0430	3
H5090	Objc	H4735	3
H5127	Cmpl	H4057	3
H5128	Cmpl	H6086	3
H5130	Subj	H3548	3
H5137	Cmpl	H3727	3
H5148	Objc	H5971	3
H5157	Objc	H5971	3
H5157	Subj	H0001	3
H5162	Cmpl	H5650	3
H5162	Objc	H5971	3
H5186	Cmpl	H0561	3
H5186	Cmpl	H3591	3
H5186	Cmpl	H4325	3
H5186	Objc	H0034	3
H5186	Objc	H2617	3
H5186	Objc	H4294	3
H5193	Objc	H3605	3
H5193	Objc	H6086	3
H5203	Objc	H5971	3
H5221	Cmpl	H0376	3
H5221	Cmpl	H0505	3
H5221	Cmpl	H7023	3
H5221	Objc	H0738	3
H5221	Objc	H2428	3
H5221	Objc	H4264	3
H5221	Objc	H4713	3
H5221	Objc	H5315	3
H5221	Objc	H5483	3
H5221	Objc	H5650	3
H5221	Objc	H7227	3
H5221	Subj	H3605	3
H5221	Subj	H5971	3
H5221	Subj	H6430	3
H5253	Objc	H1366	3
H5254	Objc	H0413	3
H5258	Cmpl	H0312	3
H5258	Cmpl	H0430	3
H5265	Objc	H0068	3
H5307	Cmpl	H0120	3
H5307	Cmpl	H0376	3
H5307	Cmpl	H0639	3
H5307	Cmpl	H3778	3
H5307	Cmpl	H4428	3
H5307	Cmpl	H5159	3
H5307	Cmpl	H6677	3
H5307	Objc	H3605	3
H5307	Subj	H0259	3
H5307	Subj	H0367	3
H5307	Subj	H1368	3
H5307	Subj	H1486	3
H5307	Subj	H2896	3
H5307	Subj	H4628	3
H5307	Subj	H7218	3
H5307	Subj	H7563	3
H5307	Subj	H8185	3
H5307	Subj	H8467	3
H5324	Objc	H4676	3
H5337	Cmpl	H4428	3
H5337	Objc	H0776	3
H5337	Objc	H1121	3
H5337	Objc	H1323	3
H5337	Subj	H1121	3
H5344	Cmpl	H8034	3
H5352	Subj	H3605	3
H5358	Cmpl	H1471	3
H5358	Objc	H1818	3
H5358	Objc	H5650	3
H5358	Subj	H5315	3
H5365	Objc	H5869	3
H5375	Cmpl	H0001	3
H5375	Cmpl	H1157	3
H5375	Cmpl	H4791	3
H5375	Cmpl	H6828	3
H5375	Objc	H0376	3
H5375	Objc	H3709	3
H5375	Objc	H4428	3
H5375	Objc	H4557	3
H5375	Objc	H4908	3
H5375	Objc	H5713	3
H5375	Objc	H6086	3
H5375	Objc	H6529	3
H5375	Objc	H6944	3
H5375	Objc	H7979	3
H5375	Objc	H8147	3
H5375	Objc	H8269	3
H5375	Subj	H0001	3
H5375	Subj	H0212	3
H5375	Subj	H2022	3
H5375	Subj	H3742	3
H5375	Subj	H5104	3
H5391	Objc	H5392	3
H5394	Objc	H1471	3
H5414	Cmpl	H0113	3
H5414	Cmpl	H2022	3
H5414	Cmpl	H2491	3
H5414	Cmpl	H3225	3
H5414	Cmpl	H3678	3
H5414	Cmpl	H3701	3
H5414	Cmpl	H3967	3
H5414	Cmpl	H4135	3
H5414	Cmpl	H4181	3
H5414	Cmpl	H4201	3
H5414	Cmpl	H4436	3
H5414	Cmpl	H4865	3
H5414	Cmpl	H4908	3
H5414	Cmpl	H5030	3
H5414	Cmpl	H5608	3
H5414	Cmpl	H5930	3
H5414	Cmpl	H5982	3
H5414	Cmpl	H6086	3
H5414	Cmpl	H6677	3
H5414	Cmpl	H6828	3
H5414	Cmpl	H8034	3
H5414	Cmpl	H8081	3
H5414	Cmpl	H8179	3
H5414	Cmpl	H8256	3
H5414	Objc	H0001	3
H5414	Objc	H0269	3
H5414	Objc	H1285	3
H5414	Objc	H1706	3
H5414	Objc	H1882	3
H5414	Objc	H2100	3
H5414	Objc	H2406	3
H5414	Objc	H2450	3
H5414	Objc	H2706	3
H5414	Objc	H2781	3
H5414	Objc	H3220	3
H5414	Objc	H3374	3
H5414	Objc	H3499	3
H5414	Objc	H3801	3
H5414	Objc	H3978	3
H5414	Objc	H4043	3
H5414	Objc	H4383	3
H5414	Objc	H4393	3
H5414	Objc	H4503	3
H5414	Objc	H4554	3
H5414	Objc	H4557	3
H5414	Objc	H4643	3
H5414	Objc	H5145	3
H5414	Objc	H5178	3
H5414	Objc	H5216	3
H5414	Objc	H5233	3
H5414	Objc	H5360	3
H5414	Objc	H5699	3
H5414	Objc	H5771	3
H5414	Objc	H5869	3
H5414	Objc	H6195	3
H5414	Objc	H6297	3
H5414	Objc	H6343	3
H5414	Objc	H6430	3
H5414	Objc	H6629	3
H5414	Objc	H6643	3
H5414	Objc	H6720	3
H5414	Objc	H7225	3
H5414	Objc	H7230	3
H5414	Objc	H7611	3
H5414	Objc	H7626	3
H5414	Objc	H8034	3
H5414	Objc	H8064	3
H5414	Objc	H8071	3
H5414	Objc	H8184	3
H5414	Objc	H8451	3
H5414	Objc	H8668	3
H5414	Subj	H1612	3
H5414	Subj	H6086	3
H5414	Subj	H8269	3
H5422	Objc	H1116	3
H5422	Objc	H3605	3
H5422	Objc	H4026	3
H5422	Subj	H3605	3
H5437	Cmpl	H0310	3
H5437	Cmpl	H0312	3
H5437	Objc	H0430	3
H5437	Objc	H0776	3
H5437	Objc	H8034	3
H5437	Subj	H0520	3
H5437	Subj	H3605	3
H5462	Objc	H5061	3
H5462	Subj	H3548	3
H5480	Objc	H8081	3
H5493	Cmpl	H0168	3
H5493	Cmpl	H0776	3
H5493	Cmpl	H1697	3
H5493	Cmpl	H4687	3
H5493	Cmpl	H6310	3
H5493	Cmpl	H7130	3
H5493	Cmpl	H8432	3
H5493	Objc	H1167	3
H5493	Objc	H2885	3
H5493	Objc	H4941	3
H5493	Objc	H5348	3
H5526	Cmpl	H0727	3
H5545	Cmpl	H3605	3
H5557	Objc	H1697	3
H5594	Subj	H3605	3
H5608	Cmpl	H0251	3
H5608	Objc	H2472	3
H5608	Objc	H3519	3
H5608	Objc	H8034	3
H5608	Objc	H8416	3
H5608	Subj	H0001	3
H5619	Subj	H7794	3
H5640	Objc	H3605	3
H5640	Objc	H4599	3
H5647	Objc	H4908	3
H5647	Objc	H5971	3
H5647	Subj	H0001	3
H5647	Subj	H1121	3
H5647	Subj	H7227	3
H5674	Cmpl	H0251	3
H5674	Cmpl	H4325	3
H5674	Cmpl	H4673	3
H5674	Cmpl	H4725	3
H5674	Cmpl	H5650	3
H5674	Cmpl	H6160	3
H5674	Cmpl	H7218	3
H5674	Objc	H1323	3
H5674	Subj	H1366	3
H5674	Subj	H4428	3
H5674	Subj	H7068	3
H5674	Subj	H8147	3
H5749	Objc	H0776	3
H5749	Objc	H5707	3
H5749	Objc	H8064	3
H5782	Cmpl	H0776	3
H5782	Cmpl	H3411	3
H5782	Cmpl	H3967	3
H5782	Objc	H0160	3
H5782	Objc	H1121	3
H5782	Objc	H2595	3
H5782	Subj	H1419	3
H5800	Objc	H1004	3
H5800	Objc	H2617	3
H5800	Objc	H4687	3
H5800	Objc	H8451	3
H5800	Subj	H1121	3
H5810	Subj	H3027	3
H5826	Cmpl	H4428	3
H5927	Cmpl	H0639	3
H5927	Cmpl	H0953	3
H5927	Cmpl	H1389	3
H5927	Cmpl	H4791	3
H5927	Cmpl	H6010	3
H5927	Cmpl	H6430	3
H5927	Cmpl	H6828	3
H5927	Cmpl	H8179	3
H5927	Objc	H1285	3
H5927	Objc	H6083	3
H5927	Subj	H0724	3
H5927	Subj	H0802	3
H5927	Subj	H1004	3
H5927	Subj	H1471	3
H5927	Subj	H2428	3
H5927	Subj	H2534	3
H5927	Subj	H4177	3
H5956	Cmpl	H5869	3
H5956	Objc	H5869	3
H5975	Cmpl	H0430	3
H5975	Cmpl	H0996	3
H5975	Cmpl	H1121	3
H5975	Cmpl	H1366	3
H5975	Cmpl	H2351	3
H5975	Cmpl	H3651	3
H5975	Cmpl	H5048	3
H5975	Cmpl	H5713	3
H5975	Objc	H3605	3
H5975	Subj	H4325	3
H5975	Subj	H7227	3
H6030	Cmpl	H6440	3
H6030	Objc	H0376	3
H6030	Objc	H4397	3
H6030	Objc	H4428	3
H6030	Subj	H3548	3
H6030	Subj	H4397	3
H6030	Subj	H7747	3
H6030	Subj	H8489	3
H6113	Cmpl	H5971	3
H6148	Objc	H2114	3
H6186	Cmpl	H6440	3
H6186	Objc	H6086	3
H6206	Cmpl	H6440	3
H6213	Cmpl	H0413	3
H6213	Cmpl	H3220	3
H6213	Cmpl	H3407	3
H6213	Cmpl	H3411	3
H6213	Cmpl	H4196	3
H6213	Cmpl	H4306	3
H6213	Cmpl	H6499	3
H6213	Cmpl	H6607	3
H6213	Cmpl	H8193	3
H6213	Objc	H0060	3
H6213	Objc	H0134	3
H6213	Objc	H0591	3
H6213	Objc	H0707	3
H6213	Objc	H0801	3
H6213	Objc	H1270	3
H6213	Objc	H1280	3
H6213	Objc	H1300	3
H6213	Objc	H1717	3
H6213	Objc	H2319	3
H6213	Objc	H2691	3
H6213	Objc	H2833	3
H6213	Objc	H3372	3
H6213	Objc	H3974	3
H6213	Objc	H4345	3
H6213	Objc	H4350	3
H6213	Objc	H4598	3
H6213	Objc	H5071	3
H6213	Objc	H5088	3
H6213	Objc	H5207	3
H6213	Objc	H5360	3
H6213	Objc	H5560	3
H6213	Objc	H5688	3
H6213	Objc	H5692	3
H6213	Objc	H5785	3
H6213	Objc	H5971	3
H6213	Objc	H6382	3
H6213	Objc	H6532	3
H6213	Objc	H6994	3
H6213	Objc	H6996	3
H6213	Objc	H7004	3
H6213	Objc	H7381	3
H6213	Objc	H7416	3
H6213	Objc	H7522	3
H6213	Objc	H7891	3
H6213	Objc	H7965	3
H6213	Objc	H8127	3
H6213	Objc	H8141	3
H6213	Objc	H8333	3
H6213	Subj	H0776	3
H6213	Subj	H3820	3
H6213	Subj	H5713	3
H6213	Subj	H6430	3
H6213	Subj	H7068	3
H6293	Cmpl	H3548	3
H6299	Cmpl	H6869	3
H6327	Cmpl	H5971	3
H6327	Cmpl	H6440	3
H6327	Subj	H5971	3
H6342	Objc	H6343	3
H6419	Subj	H5650	3
H6437	Cmpl	H8605	3
H6437	Subj	H0259	3
H6437	Subj	H1242	3
H6437	Subj	H3605	3
H6470	Subj	H7307	3
H6473	Objc	H6310	3
H6485	Cmpl	H3027	3
H6485	Cmpl	H8269	3
H6485	Objc	H0376	3
H6485	Objc	H0776	3
H6485	Objc	H0802	3
H6485	Subj	H5387	3
H6491	Subj	H5869	3
H6524	Subj	H6662	3
H6536	Objc	H6541	3
H6544	Objc	H7218	3
H6555	Objc	H6556	3
H6566	Objc	H8504	3
H6581	Cmpl	H1004	3
H6584	Cmpl	H5045	3
H6584	Cmpl	H5892	3
H6584	Objc	H3801	3
H6605	Objc	H1004	3
H6605	Objc	H3027	3
H6605	Objc	H6603	3
H6605	Objc	H8064	3
H6605	Objc	H8193	3
H6605	Objc	H8242	3
H6605	Subj	H8179	3
H6679	Objc	H5315	3
H6679	Objc	H6718	3
H6680	Cmpl	H1004	3
H6680	Cmpl	H3027	3
H6680	Cmpl	H5971	3
H6680	Objc	H0727	3
H6680	Objc	H1285	3
H6680	Objc	H1293	3
H6680	Objc	H4428	3
H6680	Objc	H5375	3
H6680	Objc	H8199	3
H6743	Cmpl	H3605	3
H6743	Subj	H0430	3
H6779	Objc	H6666	3
H6817	Subj	H0376	3
H6817	Subj	H0802	3
H6817	Subj	H5971	3
H6823	Objc	H2889	3
H6823	Objc	H5178	3
H6887	Cmpl	H8179	3
H6908	Objc	H0376	3
H6908	Objc	H4264	3
H6908	Objc	H5030	3
H6908	Subj	H6430	3
H6908	Subj	H7227	3
H6912	Cmpl	H0776	3
H6912	Cmpl	H1588	3
H6912	Cmpl	H4631	3
H6912	Cmpl	H6440	3
H6912	Cmpl	H6900	3
H6912	Cmpl	H8478	3
H6912	Objc	H0802	3
H6912	Objc	H6106	3
H6942	Objc	H2022	3
H6942	Objc	H4196	3
H6942	Objc	H4421	3
H6942	Objc	H7704	3
H6949	Subj	H8127	3
H6950	Objc	H2205	3
H6950	Objc	H6951	3
H6950	Objc	H7626	3
H6958	Subj	H0776	3
H6960	Cmpl	H0216	3
H6965	Cmpl	H0341	3
H6965	Cmpl	H4725	3
H6965	Cmpl	H7130	3
H6965	Objc	H1419	3
H6965	Objc	H2233	3
H6965	Objc	H3678	3
H6965	Objc	H4428	3
H6965	Objc	H5030	3
H6965	Objc	H6332	3
H6965	Subj	H0251	3
H6965	Subj	H7563	3
H6965	Subj	H7704	3
H6999	Cmpl	H1167	3
H6999	Cmpl	H4446	3
H6999	Cmpl	H6440	3
H6999	Objc	H0801	3
H6999	Objc	H5561	3
H7043	Cmpl	H0430	3
H7043	Objc	H0517	3
H7069	Cmpl	H1121	3
H7069	Objc	H0068	3
H7069	Objc	H0998	3
H7069	Objc	H3605	3
H7069	Objc	H4274	3
H7069	Objc	H5650	3
H7069	Objc	H6086	3
H7092	Objc	H6310	3
H7107	Cmpl	H3605	3
H7107	Cmpl	H5713	3
H7114	Subj	H3027	3
H7121	Cmpl	H0776	3
H7121	Cmpl	H1419	3
H7121	Cmpl	H2077	3
H7121	Cmpl	H2450	3
H7121	Cmpl	H5030	3
H7121	Cmpl	H5631	3
H7121	Cmpl	H6440	3
H7121	Cmpl	H7218	3
H7121	Cmpl	H8269	3
H7121	Cmpl	H8451	3
H7121	Objc	H0413	3
H7121	Objc	H0430	3
H7121	Objc	H0802	3
H7121	Objc	H0875	3
H7121	Objc	H1368	3
H7121	Objc	H7965	3
H7121	Subj	H0001	3
H7121	Subj	H0120	3
H7121	Subj	H3605	3
H7121	Subj	H4397	3
H7121	Subj	H5030	3
H7126	Cmpl	H0802	3
H7126	Objc	H0251	3
H7126	Objc	H1818	3
H7126	Objc	H5560	3
H7126	Objc	H7626	3
H7126	Objc	H8163	3
H7126	Subj	H0001	3
H7126	Subj	H1004	3
H7136	Subj	H0430	3
H7160	Subj	H5785	3
H7160	Subj	H6440	3
H7167	Objc	H8071	3
H7194	Objc	H8144	3
H7194	Subj	H3605	3
H7200	Cmpl	H0776	3
H7200	Cmpl	H2377	3
H7200	Cmpl	H2896	3
H7200	Objc	H0120	3
H7200	Objc	H0517	3
H7200	Objc	H1697	3
H7200	Objc	H2450	3
H7200	Objc	H2543	3
H7200	Objc	H3906	3
H7200	Objc	H4196	3
H7200	Objc	H4758	3
H7200	Objc	H5360	3
H7200	Objc	H5650	3
H7200	Objc	H6430	3
H7200	Objc	H7451	3
H7200	Objc	H7563	3
H7200	Objc	H7965	3
H7200	Objc	H8269	3
H7200	Subj	H0120	3
H7200	Subj	H1320	3
H7200	Subj	H1471	3
H7200	Subj	H4397	3
H7200	Subj	H4758	3
H7200	Subj	H6662	3
H7200	Subj	H7218	3
H7235	Cmpl	H7227	3
H7235	Objc	H0120	3
H7235	Objc	H1121	3
H7235	Objc	H3605	3
H7235	Subj	H3605	3
H7275	Objc	H0068	3
H7275	Subj	H5713	3
H7287	Cmpl	H3605	3
H7291	Subj	H0376	3
H7291	Subj	H2428	3
H7291	Subj	H3778	3
H7311	Cmpl	H0776	3
H7311	Objc	H0430	3
H7311	Objc	H6499	3
H7311	Objc	H6629	3
H7311	Subj	H3027	3
H7311	Subj	H4428	3
H7321	Cmpl	H0430	3
H7323	Cmpl	H4634	3
H7337	Objc	H6310	3
H7355	Objc	H1004	3
H7378	Cmpl	H5978	3
H7392	Cmpl	H5483	3
H7392	Cmpl	H6506	3
H7489	Subj	H5869	3
H7493	Subj	H3605	3
H7493	Subj	H8064	3
H7495	Objc	H5971	3
H7495	Objc	H7668	3
H7503	Subj	H3605	3
H7579	Cmpl	H1581	3
H7604	Cmpl	H0776	3
H7604	Objc	H3605	3
H7604	Subj	H0259	3
H7604	Subj	H2876	3
H7604	Subj	H7227	3
H7604	Subj	H8147	3
H7617	Objc	H3967	3
H7617	Subj	H0802	3
H7646	Subj	H5869	3
H7665	Cmpl	H6677	3
H7665	Objc	H1817	3
H7665	Objc	H3899	3
H7665	Objc	H4133	3
H7665	Objc	H6086	3
H7665	Objc	H7563	3
H7665	Subj	H2220	3
H7665	Subj	H3605	3
H7673	Objc	H7676	3
H7673	Subj	H4885	3
H7725	Cmpl	H0127	3
H7725	Cmpl	H0251	3
H7725	Cmpl	H0268	3
H7725	Cmpl	H3824	3
H7725	Cmpl	H4611	3
H7725	Cmpl	H5771	3
H7725	Cmpl	H6666	3
H7725	Cmpl	H6862	3
H7725	Cmpl	H6928	3
H7725	Cmpl	H8179	3
H7725	Objc	H0001	3
H7725	Objc	H0113	3
H7725	Objc	H0505	3
H7725	Objc	H0727	3
H7725	Objc	H0802	3
H7725	Objc	H4503	3
H7725	Objc	H5080	3
H7725	Objc	H5650	3
H7725	Objc	H5892	3
H7725	Objc	H7704	3
H7725	Subj	H0376	3
H7725	Subj	H1320	3
H7725	Subj	H1323	3
H7725	Subj	H1366	3
H7725	Subj	H3027	3
H7725	Subj	H3548	3
H7725	Subj	H7307	3
H7725	Subj	H7605	3
H7751	Cmpl	H0776	3
H7760	Cmpl	H0068	3
H7760	Cmpl	H0251	3
H7760	Cmpl	H0339	3
H7760	Cmpl	H0572	3
H7760	Cmpl	H0727	3
H7760	Cmpl	H3409	3
H7760	Cmpl	H3627	3
H7760	Cmpl	H3802	3
H7760	Cmpl	H3824	3
H7760	Cmpl	H4150	3
H7760	Cmpl	H4325	3
H7760	Cmpl	H5650	3
H7760	Cmpl	H6677	3
H7760	Cmpl	H8077	3
H7760	Cmpl	H8432	3
H7760	Objc	H0259	3
H7760	Objc	H0376	3
H7760	Objc	H0693	3
H7760	Objc	H0727	3
H7760	Objc	H0784	3
H7760	Objc	H1121	3
H7760	Objc	H3220	3
H7760	Objc	H3519	3
H7760	Objc	H3733	3
H7760	Objc	H4539	3
H7760	Objc	H5104	3
H7760	Objc	H5771	3
H7760	Objc	H5892	3
H7760	Objc	H5971	3
H7760	Objc	H6310	3
H7760	Objc	H6459	3
H7760	Objc	H6486	3
H7760	Objc	H6607	3
H7760	Objc	H8147	3
H7812	Cmpl	H0312	3
H7812	Cmpl	H3027	3
H7812	Cmpl	H4196	3
H7812	Cmpl	H4639	3
H7812	Cmpl	H6944	3
H7812	Cmpl	H7272	3
H7812	Subj	H0776	3
H7817	Subj	H0120	3
H7819	Objc	H0817	3
H7819	Objc	H1241	3
H7819	Objc	H2077	3
H7819	Objc	H3532	3
H7819	Subj	H4428	3
H7843	Objc	H0376	3
H7843	Objc	H0505	3
H7843	Objc	H5971	3
H7843	Subj	H5971	3
H7896	Cmpl	H7218	3
H7896	Objc	H2822	3
H7901	Cmpl	H2436	3
H7901	Cmpl	H6083	3
H7901	Cmpl	H6189	3
H7901	Objc	H2233	3
H7901	Objc	H7902	3
H7901	Subj	H4428	3
H7911	Objc	H0001	3
H7911	Objc	H0413	3
H7911	Objc	H1697	3
H7911	Objc	H3605	3
H7911	Objc	H8034	3
H7911	Subj	H2451	3
H7911	Subj	H7924	3
H7921	Subj	H2719	3
H7925	Cmpl	H1242	3
H7925	Subj	H0376	3
H7931	Cmpl	H8478	3
H7931	Subj	H3605	3
H7936	Objc	H0505	3
H7936	Objc	H4428	3
H7971	Cmpl	H0251	3
H7971	Cmpl	H0961	3
H7971	Cmpl	H3064	3
H7971	Cmpl	H4082	3
H7971	Cmpl	H4899	3
H7971	Cmpl	H5650	3
H7971	Cmpl	H6430	3
H7971	Cmpl	H7453	3
H7971	Cmpl	H7626	3
H7971	Cmpl	H8269	3
H7971	Cmpl	H8432	3
H7971	Objc	H0251	3
H7971	Objc	H0312	3
H7971	Objc	H0571	3
H7971	Objc	H0639	3
H7971	Objc	H0730	3
H7971	Objc	H1423	3
H7971	Objc	H2091	3
H7971	Objc	H2671	3
H7971	Objc	H2740	3
H7971	Objc	H3123	3
H7971	Objc	H3701	3
H7971	Objc	H5608	3
H7971	Objc	H5680	3
H7971	Objc	H5892	3
H7971	Objc	H6086	3
H7971	Objc	H6235	3
H7971	Objc	H6880	3
H7971	Subj	H3605	3
H7971	Subj	H4397	3
H7993	Cmpl	H1121	3
H7993	Cmpl	H1458	3
H7993	Cmpl	H5158	3
H7993	Cmpl	H5892	3
H7993	Cmpl	H8432	3
H7993	Objc	H6083	3
H7999	Objc	H1576	3
H7999	Objc	H8147	3
H8045	Objc	H1471	3
H8056	Objc	H0001	3
H8056	Objc	H0341	3
H8056	Objc	H3820	3
H8056	Subj	H0519	3
H8056	Subj	H0776	3
H8056	Subj	H2450	3
H8056	Subj	H4428	3
H8085	Cmpl	H0241	3
H8085	Cmpl	H2472	3
H8085	Cmpl	H6310	3
H8085	Objc	H1285	3
H8085	Objc	H1606	3
H8085	Objc	H2169	3
H8085	Objc	H2177	3
H8085	Objc	H2472	3
H8085	Objc	H2781	3
H8085	Objc	H4687	3
H8085	Objc	H4953	3
H8085	Objc	H5612	3
H8085	Objc	H6098	3
H8085	Objc	H7031	3
H8085	Objc	H7161	3
H8085	Objc	H7451	3
H8085	Subj	H0251	3
H8085	Subj	H0341	3
H8085	Subj	H0413	3
H8085	Subj	H1004	3
H8085	Subj	H1471	3
H8085	Subj	H2201	3
H8085	Subj	H3427	3
H8085	Subj	H5984	3
H8104	Cmpl	H3605	3
H8104	Cmpl	H5315	3
H8104	Objc	H0565	3
H8104	Objc	H4150	3
H8104	Objc	H4682	3
H8104	Objc	H6310	3
H8104	Objc	H6944	3
H8104	Objc	H7272	3
H8104	Subj	H0001	3
H8130	Objc	H7451	3
H8172	Cmpl	H0430	3
H8199	Objc	H0776	3
H8199	Objc	H6664	3
H8199	Objc	H8398	3
H8210	Cmpl	H2351	3
H8210	Cmpl	H3605	3
H8210	Cmpl	H5930	3
H8210	Objc	H0639	3
H8248	Objc	H1581	3
H8248	Objc	H4325	3
H8259	Cmpl	H6440	3
H8313	Objc	H0430	3
H8313	Objc	H1121	3
H8313	Objc	H1419	3
H8313	Objc	H4040	3
H8313	Objc	H4818	3
H8313	Objc	H6106	3
H8313	Objc	H6499	3
H8313	Objc	H6569	3
H8313	Subj	H4428	3
H8354	Cmpl	H3196	3
H8354	Cmpl	H5158	3
H8354	Objc	H7272	3
H8354	Subj	H3605	3
H8354	Subj	H4428	3
H8518	Objc	H1121	3
H8552	Subj	H4421	3
H8582	Cmpl	H4057	3
H8628	Objc	H3709	3
H8628	Objc	H8643	3
H8628	Subj	H3548	3
H0006	Cmpl	H2896	2
H0006	Cmpl	H3548	2
H0006	Cmpl	H6440	2
H0006	Objc	H0802	2
H0006	Objc	H2568	2
H0006	Objc	H2945	2
H0006	Objc	H3064	2
H0006	Objc	H3967	2
H0006	Objc	H5971	2
H0006	Objc	H8034	2
H0006	Subj	H0341	2
H0006	Subj	H1471	2
H0006	Subj	H2143	2
H0006	Subj	H3820	2
H0006	Subj	H4428	2
H0006	Subj	H7611	2
H0006	Subj	H8451	2
H0014	Subj	H0376	2
H0014	Subj	H0802	2
H0014	Subj	H3627	2
H0014	Subj	H4428	2
H0014	Subj	H5375	2
H0056	Cmpl	H1121	2
H0056	Subj	H0776	2
H0157	Objc	H1121	2
H0157	Objc	H1323	2
H0157	Subj	H0001	2
H0183	Cmpl	H4303	2
H0215	Cmpl	H0776	2
H0215	Cmpl	H5650	2
H0215	Cmpl	H6440	2
H0215	Objc	H3915	2
H0215	Objc	H5869	2
H0215	Objc	H8398	2
H0215	Subj	H1300	2
H0215	Subj	H3394	2
H0215	Subj	H5869	2
H0235	Cmpl	H1004	2
H0238	Objc	H0565	2
H0238	Objc	H8451	2
H0247	Objc	H2503	2
H0270	Cmpl	H8432	2
H0270	Objc	H7776	2
H0270	Subj	H3027	2
H0398	Cmpl	H0776	2
H0398	Cmpl	H1121	2
H0398	Cmpl	H2077	2
H0398	Cmpl	H6529	2
H0398	Cmpl	H7068	2
H0398	Cmpl	H8393	2
H0398	Objc	H0001	2
H0398	Objc	H0047	2
H0398	Objc	H0352	2
H0398	Objc	H0905	2
H0398	Objc	H0990	2
H0398	Objc	H1060	2
H0398	Objc	H1155	2
H0398	Objc	H1471	2
H0398	Objc	H1715	2
H0398	Objc	H2889	2
H0398	Objc	H2896	2
H0398	Objc	H2930	2
H0398	Objc	H2932	2
H0398	Objc	H3001	2
H0398	Objc	H3018	2
H0398	Objc	H3324	2
H0398	Objc	H3581	2
H0398	Objc	H3892	2
H0398	Objc	H3967	2
H0398	Objc	H4057	2
H0398	Objc	H4478	2
H0398	Objc	H4643	2
H0398	Objc	H5115	2
H0398	Objc	H5599	2
H0398	Objc	H6025	2
H0398	Objc	H6041	2
H0398	Objc	H6083	2
H0398	Objc	H6509	2
H0398	Objc	H6627	2
H0398	Objc	H7223	2
H0398	Objc	H7651	2
H0398	Objc	H7704	2
H0398	Objc	H7898	2
H0398	Objc	H8069	2
H0398	Objc	H8147	2
H0398	Objc	H8384	2
H0398	Objc	H8401	2
H0398	Objc	H8492	2
H0398	Objc	H8641	2
H0398	Subj	H0312	2
H0398	Subj	H0697	2
H0398	Subj	H1501	2
H0398	Subj	H2145	2
H0398	Subj	H2625	2
H0398	Subj	H2889	2
H0398	Subj	H3218	2
H0398	Subj	H5288	2
H0398	Subj	H6509	2
H0398	Subj	H7451	2
H0398	Subj	H7704	2
H0398	Subj	H7916	2
H0398	Subj	H8147	2
H0398	Subj	H8179	2
H0398	Subj	H8269	2
H0398	Subj	H8453	2
H0413	Cmpl	H3550	2
H0535	Subj	H0776	2
H0539	Cmpl	H0226	2
H0539	Cmpl	H2416	2
H0539	Cmpl	H5650	2
H0553	Objc	H1290	2
H0553	Objc	H3581	2
H0553	Subj	H4428	2
H0559	Cmpl	H0120	2
H0559	Cmpl	H0241	2
H0559	Cmpl	H0905	2
H0559	Cmpl	H2428	2
H0559	Cmpl	H2715	2
H0559	Cmpl	H2859	2
H0559	Cmpl	H3335	2
H0559	Cmpl	H4421	2
H0559	Cmpl	H4805	2
H0559	Cmpl	H5057	2
H0559	Cmpl	H5161	2
H0559	Cmpl	H5175	2
H0559	Cmpl	H5387	2
H0559	Cmpl	H5461	2
H0559	Cmpl	H5869	2
H0559	Cmpl	H6346	2
H0559	Cmpl	H6430	2
H0559	Cmpl	H6635	2
H0559	Cmpl	H6810	2
H0559	Cmpl	H7323	2
H0559	Cmpl	H7395	2
H0559	Cmpl	H7451	2
H0559	Cmpl	H7453	2
H0559	Cmpl	H7563	2
H0559	Cmpl	H7991	2
H0559	Cmpl	H8147	2
H0559	Objc	H7195	2
H0559	Subj	H0990	2
H0559	Subj	H1067	2
H0559	Subj	H1323	2
H0559	Subj	H1730	2
H0559	Subj	H2450	2
H0559	Subj	H2545	2
H0559	Subj	H2859	2
H0559	Subj	H3205	2
H0559	Subj	H3878	2
H0559	Subj	H4125	2
H0559	Subj	H5036	2
H0559	Subj	H5315	2
H0559	Subj	H5375	2
H0559	Subj	H5387	2
H0559	Subj	H6102	2
H0559	Subj	H6862	2
H0559	Subj	H6951	2
H0559	Subj	H7218	2
H0559	Subj	H7891	2
H0559	Subj	H8104	2
H0559	Subj	H8198	2
H0559	Subj	H8621	2
H0559	Subj	H8660	2
H0602	Subj	H2491	2
H0622	Cmpl	H1004	2
H0622	Cmpl	H2205	2
H0622	Cmpl	H3605	2
H0622	Cmpl	H3759	2
H0622	Cmpl	H4421	2
H0622	Cmpl	H6883	2
H0622	Cmpl	H6913	2
H0622	Objc	H0001	2
H0622	Objc	H0251	2
H0622	Objc	H0776	2
H0622	Objc	H2781	2
H0622	Objc	H3196	2
H0622	Objc	H3878	2
H0622	Objc	H5051	2
H0622	Objc	H5409	2
H0622	Objc	H5633	2
H0622	Objc	H6430	2
H0622	Objc	H6571	2
H0622	Objc	H7019	2
H0622	Objc	H7393	2
H0622	Objc	H7651	2
H0622	Objc	H8269	2
H0622	Subj	H1523	2
H0622	Subj	H3556	2
H0622	Subj	H3878	2
H0622	Subj	H5592	2
H0622	Subj	H5739	2
H0622	Subj	H7218	2
H0622	Subj	H7227	2
H0622	Subj	H8057	2
H0622	Subj	H8104	2
H0631	Objc	H4421	2
H0631	Objc	H7393	2
H0644	Cmpl	H8574	2
H0644	Objc	H4682	2
H0656	Subj	H3701	2
H0680	Cmpl	H7307	2
H0693	Cmpl	H7704	2
H0748	Cmpl	H4908	2
H0748	Objc	H0639	2
H0748	Objc	H0905	2
H0748	Subj	H6051	2
H0781	Objc	H0802	2
H0816	Cmpl	H0259	2
H0816	Subj	H3605	2
H0857	Cmpl	H3984	2
H0857	Cmpl	H6924	2
H0914	Cmpl	H0216	2
H0914	Cmpl	H2416	2
H0914	Cmpl	H2455	2
H0914	Cmpl	H2822	2
H0914	Cmpl	H4325	2
H0914	Cmpl	H5713	2
H0914	Objc	H0376	2
H0914	Objc	H3878	2
H0914	Subj	H0430	2
H0914	Subj	H3548	2
H0914	Subj	H6635	2
H0926	Cmpl	H6440	2
H0926	Subj	H0376	2
H0926	Subj	H3605	2
H0935	Cmpl	H0727	2
H0935	Cmpl	H0759	2
H0935	Cmpl	H0953	2
H0935	Cmpl	H0982	2
H0935	Cmpl	H1057	2
H0935	Cmpl	H1366	2
H0935	Cmpl	H1471	2
H0935	Cmpl	H1473	2
H0935	Cmpl	H1588	2
H0935	Cmpl	H1688	2
H0935	Cmpl	H2077	2
H0935	Cmpl	H2205	2
H0935	Cmpl	H2545	2
H0935	Cmpl	H2677	2
H0935	Cmpl	H2896	2
H0935	Cmpl	H3427	2
H0935	Cmpl	H3742	2
H0935	Cmpl	H3754	2
H0935	Cmpl	H3820	2
H0935	Cmpl	H3878	2
H0935	Cmpl	H3899	2
H0935	Cmpl	H4135	2
H0935	Cmpl	H4186	2
H0935	Cmpl	H4217	2
H0935	Cmpl	H4411	2
H0935	Cmpl	H4438	2
H0935	Cmpl	H4496	2
H0935	Cmpl	H4908	2
H0935	Cmpl	H5045	2
H0935	Cmpl	H5048	2
H0935	Cmpl	H5159	2
H0935	Cmpl	H5713	2
H0935	Cmpl	H5715	2
H0935	Cmpl	H5716	2
H0935	Cmpl	H5833	2
H0935	Cmpl	H5923	2
H0935	Cmpl	H6310	2
H0935	Cmpl	H6529	2
H0935	Cmpl	H6763	2
H0935	Cmpl	H7626	2
H0935	Cmpl	H8064	2
H0935	Cmpl	H8147	2
H0935	Cmpl	H8252	2
H0935	Objc	H0259	2
H0935	Objc	H0343	2
H0935	Objc	H0374	2
H0935	Objc	H0484	2
H0935	Objc	H0730	2
H0935	Objc	H0801	2
H0935	Objc	H0802	2
H0935	Objc	H1471	2
H0935	Objc	H1715	2
H0935	Objc	H2401	2
H0935	Objc	H3368	2
H0935	Objc	H3548	2
H0935	Objc	H4436	2
H0935	Objc	H4864	2
H0935	Objc	H5088	2
H0935	Objc	H5483	2
H0935	Objc	H6224	2
H0935	Objc	H6235	2
H0935	Objc	H6499	2
H0935	Objc	H6994	2
H0935	Objc	H7045	2
H0935	Objc	H7165	2
H0935	Objc	H8337	2
H0935	Objc	H8426	2
H0935	Objc	H8451	2
H0935	Objc	H8573	2
H0935	Subj	H0423	2
H0935	Subj	H0433	2
H0935	Subj	H0490	2
H0935	Subj	H0590	2
H0935	Subj	H0639	2
H0935	Subj	H1219	2
H0935	Subj	H1285	2
H0935	Subj	H1416	2
H0935	Subj	H1590	2
H0935	Subj	H1730	2
H0935	Subj	H1818	2
H0935	Subj	H1943	2
H0935	Subj	H2130	2
H0935	Subj	H2142	2
H0935	Subj	H2450	2
H0935	Subj	H2451	2
H0935	Subj	H2876	2
H0935	Subj	H2930	2
H0935	Subj	H3205	2
H0935	Subj	H3372	2
H0935	Subj	H3427	2
H0935	Subj	H3627	2
H0935	Subj	H4125	2
H0935	Subj	H4410	2
H0935	Subj	H5045	2
H0935	Subj	H5158	2
H0935	Subj	H5315	2
H0935	Subj	H5483	2
H0935	Subj	H5631	2
H0935	Subj	H5984	2
H0935	Subj	H6086	2
H0935	Subj	H6157	2
H0935	Subj	H6224	2
H0935	Subj	H6343	2
H0935	Subj	H6440	2
H0935	Subj	H6547	2
H0935	Subj	H6629	2
H0935	Subj	H6635	2
H0935	Subj	H6662	2
H0935	Subj	H6818	2
H0935	Subj	H7389	2
H0935	Subj	H7393	2
H0935	Subj	H7463	2
H0935	Subj	H7563	2
H0935	Subj	H7775	2
H0935	Subj	H7854	2
H0935	Subj	H7992	2
H0935	Subj	H8141	2
H0947	Objc	H6862	2
H0954	Subj	H5971	2
H0954	Subj	H6960	2
H0958	Objc	H0776	2
H0958	Subj	H5104	2
H0959	Cmpl	H5869	2
H0959	Objc	H1697	2
H0962	Objc	H7227	2
H0962	Subj	H6635	2
H0970	Cmpl	H0259	2
H0970	Cmpl	H0310	2
H0970	Cmpl	H1004	2
H0970	Cmpl	H1870	2
H0970	Cmpl	H2233	2
H0970	Cmpl	H2896	2
H0970	Cmpl	H5892	2
H0970	Objc	H1870	2
H0970	Objc	H2428	2
H0970	Objc	H6499	2
H0974	Objc	H3820	2
H0974	Objc	H4405	2
H0974	Subj	H0241	2
H0981	Cmpl	H8193	2
H0982	Cmpl	H0120	2
H0982	Cmpl	H1697	2
H0982	Cmpl	H2617	2
H0982	Cmpl	H4938	2
H0982	Cmpl	H5081	2
H0982	Cmpl	H6233	2
H0982	Cmpl	H7070	2
H0982	Cmpl	H7230	2
H0982	Cmpl	H7533	2
H0982	Cmpl	H8034	2
H0982	Subj	H1167	2
H0982	Subj	H3820	2
H1058	Cmpl	H1331	2
H1058	Subj	H0490	2
H1058	Subj	H1004	2
H1058	Subj	H1121	2
H1086	Subj	H3605	2
H1086	Subj	H8008	2
H1101	Objc	H8193	2
H1104	Objc	H7641	2
H1104	Objc	H7651	2
H1104	Subj	H1851	2
H1104	Subj	H7563	2
H1104	Subj	H7641	2
H1129	Cmpl	H0730	2
H1129	Cmpl	H1004	2
H1129	Cmpl	H1121	2
H1129	Cmpl	H2346	2
H1129	Cmpl	H3605	2
H1129	Cmpl	H6763	2
H1129	Cmpl	H6944	2
H1129	Objc	H0068	2
H1129	Objc	H0539	2
H1129	Objc	H1167	2
H1129	Objc	H2083	2
H1129	Objc	H2319	2
H1129	Objc	H2905	2
H1129	Objc	H4428	2
H1129	Objc	H4438	2
H1129	Objc	H4543	2
H1129	Objc	H5769	2
H1129	Objc	H6629	2
H1129	Subj	H2677	2
H1129	Subj	H3064	2
H1129	Subj	H5892	2
H1129	Subj	H7626	2
H1158	Cmpl	H0606	2
H1158	Cmpl	H3605	2
H1158	Cmpl	H4428	2
H1197	Cmpl	H0784	2
H1197	Cmpl	H1004	2
H1197	Objc	H1818	2
H1197	Objc	H3754	2
H1197	Objc	H5355	2
H1197	Subj	H2534	2
H1216	Subj	H7272	2
H1219	Objc	H3754	2
H1219	Objc	H5139	2
H1234	Cmpl	H4264	2
H1234	Cmpl	H6430	2
H1234	Objc	H2029	2
H1234	Objc	H3220	2
H1234	Objc	H3605	2
H1234	Objc	H6086	2
H1234	Objc	H6697	2
H1234	Subj	H3605	2
H1234	Subj	H4325	2
H1234	Subj	H8415	2
H1245	Cmpl	H4428	2
H1245	Objc	H0006	2
H1245	Objc	H0400	2
H1245	Objc	H1330	2
H1245	Objc	H1697	2
H1245	Objc	H1847	2
H1245	Objc	H2451	2
H1245	Objc	H3792	2
H1245	Objc	H5650	2
H1245	Objc	H6635	2
H1245	Objc	H7965	2
H1245	Subj	H4428	2
H1245	Subj	H6184	2
H1254	Objc	H3605	2
H1262	Objc	H3899	2
H1272	Cmpl	H0251	2
H1272	Cmpl	H0776	2
H1272	Cmpl	H7097	2
H1272	Subj	H0376	2
H1272	Subj	H3605	2
H1288	Cmpl	H3605	2
H1288	Objc	H0127	2
H1288	Objc	H1419	2
H1288	Objc	H3027	2
H1288	Objc	H3117	2
H1288	Objc	H4639	2
H1288	Objc	H5159	2
H1288	Objc	H5650	2
H1288	Objc	H6529	2
H1288	Objc	H6547	2
H1288	Objc	H6662	2
H1288	Subj	H0127	2
H1288	Subj	H4940	2
H1310	Cmpl	H0517	2
H1310	Cmpl	H2461	2
H1350	Objc	H7704	2
H1361	Cmpl	H3605	2
H1361	Objc	H8217	2
H1361	Subj	H6967	2
H1361	Subj	H8064	2
H1396	Objc	H2428	2
H1396	Subj	H0376	2
H1396	Subj	H2617	2
H1413	Objc	H0363	2
H1431	Cmpl	H8064	2
H1431	Objc	H3678	2
H1431	Subj	H0376	2
H1431	Subj	H1121	2
H1431	Subj	H5315	2
H1431	Subj	H8034	2
H1431	Subj	H8597	2
H1438	Objc	H1270	2
H1438	Objc	H1280	2
H1438	Objc	H2220	2
H1438	Objc	H2553	2
H1438	Objc	H7161	2
H1438	Subj	H7161	2
H1442	Subj	H4428	2
H1442	Subj	H5288	2
H1478	Subj	H0120	2
H1478	Subj	H1320	2
H1481	Cmpl	H0168	2
H1481	Cmpl	H6430	2
H1497	Cmpl	H3027	2
H1497	Cmpl	H4713	2
H1497	Objc	H2595	2
H1540	Cmpl	H3499	2
H1540	Cmpl	H4725	2
H1540	Cmpl	H5650	2
H1540	Cmpl	H5869	2
H1540	Cmpl	H5971	2
H1540	Objc	H1818	2
H1540	Objc	H2796	2
H1540	Objc	H3671	2
H1540	Objc	H4525	2
H1540	Objc	H5307	2
H1540	Objc	H5475	2
H1540	Objc	H5650	2
H1540	Objc	H5771	2
H1540	Objc	H5869	2
H1540	Objc	H7379	2
H1540	Objc	H7462	2
H1540	Objc	H8269	2
H1540	Subj	H1004	2
H1540	Subj	H1697	2
H1540	Subj	H5971	2
H1540	Subj	H7328	2
H1540	Subj	H8398	2
H1556	Objc	H1419	2
H1589	Cmpl	H1004	2
H1589	Cmpl	H1121	2
H1589	Cmpl	H4428	2
H1589	Cmpl	H8432	2
H1589	Objc	H3820	2
H1589	Subj	H5971	2
H1598	Subj	H6635	2
H1624	Cmpl	H7462	2
H1624	Objc	H4421	2
H1624	Subj	H0376	2
H1639	Cmpl	H0001	2
H1639	Subj	H5159	2
H1644	Objc	H2340	2
H1644	Objc	H2850	2
H1644	Objc	H3669	2
H1644	Objc	H5971	2
H1692	Cmpl	H1121	2
H1692	Cmpl	H1320	2
H1692	Cmpl	H5159	2
H1692	Cmpl	H5291	2
H1692	Cmpl	H7193	2
H1692	Objc	H1004	2
H1692	Objc	H1121	2
H1692	Objc	H1710	2
H1692	Objc	H2975	2
H1692	Subj	H1121	2
H1692	Subj	H6106	2
H1692	Subj	H6430	2
H1696	Cmpl	H0776	2
H1696	Cmpl	H2623	2
H1696	Cmpl	H3548	2
H1696	Cmpl	H3878	2
H1696	Cmpl	H4467	2
H1696	Cmpl	H6310	2
H1696	Cmpl	H6951	2
H1696	Cmpl	H7453	2
H1696	Cmpl	H8199	2
H1696	Cmpl	H8664	2
H1696	Objc	H0205	2
H1696	Objc	H0259	2
H1696	Objc	H1364	2
H1696	Objc	H1419	2
H1696	Objc	H3559	2
H1696	Objc	H3651	2
H1696	Objc	H3972	2
H1696	Objc	H4820	2
H1696	Objc	H5930	2
H1696	Objc	H6233	2
H1696	Objc	H6664	2
H1696	Objc	H7186	2
H1696	Subj	H3206	2
H1696	Subj	H3548	2
H1696	Subj	H3956	2
H1696	Subj	H5036	2
H1696	Subj	H5971	2
H1696	Subj	H6547	2
H1696	Subj	H6635	2
H1740	Objc	H5930	2
H1801	Objc	H7793	2
H1814	Cmpl	H0310	2
H1819	Cmpl	H6643	2
H1826	Subj	H0376	2
H1826	Subj	H3605	2
H1869	Cmpl	H1116	2
H1869	Objc	H2671	2
H1869	Subj	H3709	2
H1875	Cmpl	H0001	2
H1875	Cmpl	H0178	2
H1875	Cmpl	H1697	2
H1875	Cmpl	H3049	2
H1875	Cmpl	H3878	2
H1875	Objc	H1818	2
H1875	Objc	H3605	2
H1875	Objc	H5797	2
H1878	Subj	H5315	2
H1897	Cmpl	H3605	2
H1897	Cmpl	H6467	2
H1897	Subj	H6662	2
H1920	Cmpl	H6440	2
H1921	Objc	H6440	2
H1933	Cmpl	H3605	2
H1933	Cmpl	H4437	2
H1933	Objc	H1882	2
H1933	PreC	H8624	2
H1933	Subj	H1247	2
H1933	Subj	H4428	2
H1933	Subj	H7243	2
H1961	Cmpl	H0168	2
H1961	Cmpl	H0249	2
H1961	Cmpl	H0352	2
H1961	Cmpl	H1870	2
H1961	Cmpl	H2146	2
H1961	Cmpl	H2233	2
H1961	Cmpl	H2346	2
H1961	Cmpl	H2416	2
H1961	Cmpl	H2721	2
H1961	Cmpl	H2903	2
H1961	Cmpl	H3427	2
H1961	Cmpl	H3820	2
H1961	Cmpl	H3967	2
H1961	Cmpl	H3978	2
H1961	Cmpl	H4057	2
H1961	Cmpl	H4150	2
H1961	Cmpl	H4170	2
H1961	Cmpl	H4701	2
H1961	Cmpl	H4725	2
H1961	Cmpl	H4818	2
H1961	Cmpl	H4933	2
H1961	Cmpl	H5048	2
H1961	Cmpl	H5159	2
H1961	Cmpl	H5647	2
H1961	Cmpl	H5707	2
H1961	Cmpl	H5713	2
H1961	Cmpl	H5785	2
H1961	Cmpl	H6288	2
H1961	Cmpl	H7563	2
H1961	Cmpl	H7822	2
H1961	Cmpl	H7934	2
H1961	Cmpl	H8453	2
H1961	Cmpl	H8467	2
H1961	Cmpl	H8605	2
H1961	Cmpl	H8664	2
H1961	Objc	H0430	2
H1961	Objc	H4503	2
H1961	Objc	H4941	2
H1961	Objc	H6240	2
H1961	Objc	H6666	2
H1961	PreC	H0006	2
H1961	PreC	H0060	2
H1961	PreC	H0068	2
H1961	PreC	H0125	2
H1961	PreC	H0212	2
H1961	PreC	H0232	2
H1961	PreC	H0268	2
H1961	PreC	H0269	2
H1961	PreC	H0270	2
H1961	PreC	H0272	2
H1961	PreC	H0312	2
H1961	PreC	H0369	2
H1961	PreC	H0530	2
H1961	PreC	H0657	2
H1961	PreC	H0899	2
H1961	PreC	H0914	2
H1961	PreC	H1091	2
H1961	PreC	H1197	2
H1961	PreC	H1242	2
H1961	PreC	H1285	2
H1961	PreC	H1293	2
H1961	PreC	H1350	2
H1961	PreC	H1397	2
H1961	PreC	H1406	2
H1961	PreC	H1481	2
H1961	PreC	H1516	2
H1961	PreC	H1755	2
H1961	PreC	H1818	2
H1961	PreC	H1877	2
H1961	PreC	H1878	2
H1961	PreC	H2022	2
H1961	PreC	H2026	2
H1961	PreC	H2091	2
H1961	PreC	H2100	2
H1961	PreC	H2114	2
H1961	PreC	H2181	2
H1961	PreC	H2220	2
H1961	PreC	H2344	2
H1961	PreC	H2346	2
H1961	PreC	H2368	2
H1961	PreC	H2563	2
H1961	PreC	H2682	2
H1961	PreC	H2706	2
H1961	PreC	H2822	2
H1961	PreC	H2889	2
H1961	PreC	H3104	2
H1961	PreC	H3123	2
H1961	PreC	H3196	2
H1961	PreC	H3225	2
H1961	PreC	H3424	2
H1961	PreC	H3498	2
H1961	PreC	H3515	2
H1961	PreC	H3532	2
H1961	PreC	H3637	2
H1961	PreC	H3658	2
H1961	PreC	H3671	2
H1961	PreC	H3678	2
H1961	PreC	H3709	2
H1961	PreC	H3734	2
H1961	PreC	H3871	2
H1961	PreC	H3956	2
H1961	PreC	H3957	2
H1961	PreC	H3966	2
H1961	PreC	H3980	2
H1961	PreC	H4009	2
H1961	PreC	H4150	2
H1961	PreC	H4268	2
H1961	PreC	H4288	2
H1961	PreC	H4334	2
H1961	PreC	H4393	2
H1961	PreC	H4496	2
H1961	PreC	H4503	2
H1961	PreC	H4581	2
H1961	PreC	H4631	2
H1961	PreC	H4639	2
H1961	PreC	H4725	2
H1961	PreC	H4854	2
H1961	PreC	H4888	2
H1961	PreC	H4910	2
H1961	PreC	H4931	2
H1961	PreC	H4933	2
H1961	PreC	H4937	2
H1961	PreC	H4945	2
H1961	PreC	H4975	2
H1961	PreC	H5036	2
H1961	PreC	H5074	2
H1961	PreC	H5110	2
H1961	PreC	H5116	2
H1961	PreC	H5128	2
H1961	PreC	H5251	2
H1961	PreC	H5350	2
H1961	PreC	H5483	2
H1961	PreC	H5518	2
H1961	PreC	H5532	2
H1961	PreC	H5628	2
H1961	PreC	H5631	2
H1961	PreC	H5676	2
H1961	PreC	H5800	2
H1961	PreC	H5826	2
H1961	PreC	H5833	2
H1961	PreC	H5856	2
H1961	PreC	H5927	2
H1961	PreC	H5956	2
H1961	PreC	H6051	2
H1961	PreC	H6083	2
H1961	PreC	H6099	2
H1961	PreC	H6189	2
H1961	PreC	H6212	2
H1961	PreC	H6231	2
H1961	PreC	H6241	2
H1961	PreC	H6264	2
H1961	PreC	H6346	2
H1961	PreC	H6413	2
H1961	PreC	H6486	2
H1961	PreC	H6496	2
H1961	PreC	H6643	2
H1961	PreC	H6654	2
H1961	PreC	H6697	2
H1961	PreC	H6776	2
H1961	PreC	H6887	2
H1961	PreC	H7101	2
H1961	PreC	H7138	2
H1961	PreC	H7179	2
H1961	PreC	H7183	2
H1961	PreC	H7270	2
H1961	PreC	H7302	2
H1961	PreC	H7453	2
H1961	PreC	H7488	2
H1961	PreC	H7522	2
H1961	PreC	H7611	2
H1961	PreC	H7626	2
H1961	PreC	H7723	2
H1961	PreC	H7776	2
H1961	PreC	H7898	2
H1961	PreC	H7939	2
H1961	PreC	H8056	2
H1961	PreC	H8069	2
H1961	PreC	H8081	2
H1961	PreC	H8104	2
H1961	PreC	H8148	2
H1961	PreC	H8267	2
H1961	PreC	H8316	2
H1961	PreC	H8342	2
H1961	PreC	H8389	2
H1961	PreC	H8416	2
H1961	PreC	H8451	2
H1961	PreC	H8510	2
H1961	PreC	H8565	2
H1961	Subj	H0034	2
H1961	Subj	H0125	2
H1961	Subj	H0212	2
H1961	Subj	H0490	2
H1961	Subj	H0517	2
H1961	Subj	H0611	2
H1961	Subj	H0723	2
H1961	Subj	H0727	2
H1961	Subj	H0929	2
H1961	Subj	H0996	2
H1961	Subj	H1061	2
H1961	Subj	H1116	2
H1961	Subj	H1293	2
H1961	Subj	H1320	2
H1961	Subj	H1347	2
H1961	Subj	H1375	2
H1961	Subj	H1397	2
H1961	Subj	H1416	2
H1961	Subj	H1538	2
H1961	Subj	H1612	2
H1961	Subj	H1616	2
H1961	Subj	H1969	2
H1961	Subj	H2114	2
H1961	Subj	H2146	2
H1961	Subj	H2256	2
H1961	Subj	H2450	2
H1961	Subj	H2479	2
H1961	Subj	H2513	2
H1961	Subj	H2617	2
H1961	Subj	H2677	2
H1961	Subj	H2706	2
H1961	Subj	H2721	2
H1961	Subj	H2885	2
H1961	Subj	H2945	2
H1961	Subj	H3064	2
H1961	Subj	H3318	2
H1961	Subj	H3374	2
H1961	Subj	H3409	2
H1961	Subj	H3444	2
H1961	Subj	H3550	2
H1961	Subj	H3669	2
H1961	Subj	H3671	2
H1961	Subj	H3715	2
H1961	Subj	H3864	2
H1961	Subj	H3976	2
H1961	Subj	H4054	2
H1961	Subj	H4103	2
H1961	Subj	H4150	2
H1961	Subj	H4186	2
H1961	Subj	H4275	2
H1961	Subj	H4348	2
H1961	Subj	H4370	2
H1961	Subj	H4410	2
H1961	Subj	H4465	2
H1961	Subj	H4546	2
H1961	Subj	H4581	2
H1961	Subj	H4726	2
H1961	Subj	H4733	2
H1961	Subj	H4784	2
H1961	Subj	H4854	2
H1961	Subj	H4888	2
H1961	Subj	H4960	2
H1961	Subj	H5080	2
H1961	Subj	H5116	2
H1961	Subj	H5178	2
H1961	Subj	H5387	2
H1961	Subj	H5429	2
H1961	Subj	H5518	2
H1961	Subj	H5560	2
H1961	Subj	H5637	2
H1961	Subj	H6224	2
H1961	Subj	H6256	2
H1961	Subj	H6285	2
H1961	Subj	H6525	2
H1961	Subj	H6529	2
H1961	Subj	H6593	2
H1961	Subj	H6643	2
H1961	Subj	H6662	2
H1961	Subj	H6921	2
H1961	Subj	H6951	2
H1961	Subj	H6953	2
H1961	Subj	H6996	2
H1961	Subj	H7175	2
H1961	Subj	H7223	2
H1961	Subj	H7230	2
H1961	Subj	H7393	2
H1961	Subj	H7399	2
H1961	Subj	H7564	2
H1961	Subj	H7605	2
H1961	Subj	H7613	2
H1961	Subj	H7621	2
H1961	Subj	H7626	2
H1961	Subj	H7668	2
H1961	Subj	H7857	2
H1961	Subj	H7902	2
H1961	Subj	H7921	2
H1961	Subj	H8004	2
H1961	Subj	H8052	2
H1961	Subj	H8121	2
H1961	Subj	H8179	2
H1961	Subj	H8283	2
H1961	Subj	H8393	2
H1961	Subj	H8441	2
H1961	Subj	H8467	2
H1961	Subj	H8549	2
H1961	Subj	H8643	2
H1961	Subj	H8668	2
H1980	Cmpl	H0157	2
H1980	Cmpl	H0272	2
H1980	Cmpl	H0571	2
H1980	Cmpl	H0681	2
H1980	Cmpl	H0702	2
H1980	Cmpl	H0784	2
H1980	Cmpl	H1389	2
H1980	Cmpl	H1406	2
H1980	Cmpl	H1429	2
H1980	Cmpl	H1516	2
H1980	Cmpl	H1893	2
H1980	Cmpl	H2428	2
H1980	Cmpl	H2896	2
H1980	Cmpl	H3225	2
H1980	Cmpl	H4941	2
H1980	Cmpl	H5030	2
H1980	Cmpl	H5031	2
H1980	Cmpl	H5158	2
H1980	Cmpl	H6098	2
H1980	Cmpl	H6547	2
H1980	Cmpl	H6757	2
H1980	Cmpl	H6924	2
H1980	Cmpl	H7130	2
H1980	Cmpl	H7253	2
H1980	Cmpl	H8034	2
H1980	Cmpl	H8269	2
H1980	Objc	H0734	2
H1980	Objc	H3117	2
H1980	Objc	H4325	2
H1980	Subj	H0212	2
H1980	Subj	H0784	2
H1980	Subj	H1290	2
H1980	Subj	H1323	2
H1980	Subj	H1366	2
H1980	Subj	H1419	2
H1980	Subj	H1471	2
H1980	Subj	H2568	2
H1980	Subj	H2677	2
H1980	Subj	H3548	2
H1980	Subj	H3820	2
H1980	Subj	H3878	2
H1980	Subj	H3967	2
H1980	Subj	H5315	2
H1980	Subj	H6430	2
H1980	Subj	H6664	2
H1980	Subj	H7227	2
H1984	Cmpl	H6239	2
H1984	Cmpl	H6944	2
H1984	Cmpl	H8034	2
H1993	Subj	H3820	2
H1993	Subj	H6963	2
H2000	Objc	H4264	2
H2015	Cmpl	H0060	2
H2015	Cmpl	H0341	2
H2015	Cmpl	H1293	2
H2015	Cmpl	H3837	2
H2015	Cmpl	H5971	2
H2015	Cmpl	H6440	2
H2015	Objc	H0430	2
H2015	Objc	H3220	2
H2015	Objc	H3820	2
H2015	Objc	H7045	2
H2015	Subj	H3820	2
H2015	Subj	H5061	2
H2015	Subj	H6735	2
H2026	Objc	H0702	2
H2026	Objc	H1004	2
H2026	Objc	H1167	2
H2026	Objc	H1323	2
H2026	Objc	H1471	2
H2026	Objc	H2568	2
H2026	Objc	H2945	2
H2026	Objc	H5355	2
H2026	Objc	H7393	2
H2026	Subj	H3064	2
H2040	Objc	H4014	2
H2040	Objc	H5892	2
H2076	Cmpl	H0001	2
H2076	Cmpl	H7700	2
H2076	Objc	H1116	2
H2076	Objc	H1419	2
H2076	Objc	H3117	2
H2076	Objc	H3548	2
H2076	Objc	H6453	2
H2076	Objc	H6499	2
H2076	Objc	H6664	2
H2076	Objc	H8147	2
H2118	Cmpl	H0641	2
H2118	Subj	H2833	2
H2142	Cmpl	H1755	2
H2142	Cmpl	H3550	2
H2142	Objc	H0319	2
H2142	Objc	H0996	2
H2142	Objc	H4941	2
H2142	Objc	H5650	2
H2142	Subj	H4428	2
H2142	Subj	H8034	2
H2167	Objc	H0430	2
H2168	Objc	H3754	2
H2181	Cmpl	H0776	2
H2181	Cmpl	H1121	2
H2181	Objc	H3427	2
H2181	Subj	H0776	2
H2181	Subj	H1323	2
H2186	Objc	H5315	2
H2199	Cmpl	H0310	2
H2199	Objc	H3605	2
H2199	Objc	H6963	2
H2199	Objc	H7393	2
H2199	Subj	H5971	2
H2204	Subj	H4428	2
H2219	Objc	H6569	2
H2219	Objc	H7992	2
H2224	Subj	H0216	2
H2232	Objc	H0127	2
H2232	Objc	H1004	2
H2236	Objc	H3605	2
H2236	Subj	H4325	2
H2236	Subj	H5079	2
H2244	Cmpl	H4631	2
H2244	Objc	H4397	2
H2254	Objc	H0490	2
H2266	Objc	H0168	2
H2266	Objc	H0905	2
H2280	Objc	H4021	2
H2296	Cmpl	H0073	2
H2296	Cmpl	H4055	2
H2296	Objc	H0073	2
H2308	Subj	H0734	2
H2308	Subj	H1259	2
H2342	Cmpl	H3384	2
H2342	Cmpl	H7563	2
H2342	Objc	H4057	2
H2342	Subj	H0776	2
H2342	Subj	H6963	2
H2372	Objc	H0430	2
H2372	Objc	H3577	2
H2372	Subj	H1121	2
H2372	Subj	H3605	2
H2372	Subj	H4428	2
H2372	Subj	H5030	2
H2388	Cmpl	H0312	2
H2388	Cmpl	H0899	2
H2388	Cmpl	H1157	2
H2388	Cmpl	H3671	2
H2388	Cmpl	H4196	2
H2388	Cmpl	H5971	2
H2388	Cmpl	H6370	2
H2388	Cmpl	H6440	2
H2388	Cmpl	H7161	2
H2388	Objc	H0430	2
H2388	Objc	H2470	2
H2388	Objc	H3591	2
H2388	Objc	H4438	2
H2388	Objc	H7198	2
H2388	Objc	H7504	2
H2388	Subj	H4467	2
H2388	Subj	H6884	2
H2388	Subj	H8621	2
H2398	Cmpl	H0001	2
H2398	Cmpl	H1818	2
H2398	Cmpl	H2416	2
H2398	Cmpl	H4196	2
H2398	Cmpl	H4325	2
H2398	Cmpl	H5650	2
H2398	Cmpl	H6833	2
H2398	Cmpl	H6944	2
H2398	Cmpl	H7453	2
H2398	Objc	H1004	2
H2398	Objc	H1419	2
H2398	Objc	H2401	2
H2398	Objc	H3627	2
H2398	Objc	H4196	2
H2398	Objc	H5971	2
H2398	Subj	H5315	2
H2398	Subj	H5971	2
H2414	Objc	H6041	2
H2421	Cmpl	H0001	2
H2421	Cmpl	H0127	2
H2421	Cmpl	H6440	2
H2421	Objc	H0001	2
H2421	Objc	H0376	2
H2421	Objc	H1121	2
H2421	Objc	H3206	2
H2421	Subj	H3824	2
H2421	Subj	H4191	2
H2421	Subj	H7563	2
H2470	Subj	H1121	2
H2470	Subj	H7227	2
H2490	Cmpl	H0776	2
H2490	Cmpl	H5971	2
H2490	Objc	H1121	2
H2490	Objc	H8269	2
H2490	Subj	H3548	2
H2490	Subj	H5063	2
H2498	Objc	H3581	2
H2498	Objc	H4909	2
H2502	Cmpl	H7272	2
H2502	Objc	H0068	2
H2502	Objc	H5275	2
H2502	Objc	H5315	2
H2502	Subj	H3039	2
H2505	Cmpl	H0251	2
H2505	Cmpl	H0376	2
H2505	Cmpl	H2677	2
H2505	Cmpl	H7626	2
H2505	Objc	H1004	2
H2505	Objc	H5159	2
H2505	Objc	H7704	2
H2505	Subj	H0776	2
H2505	Subj	H7998	2
H2530	Objc	H0802	2
H2550	Cmpl	H0970	2
H2550	Cmpl	H1241	2
H2550	Cmpl	H4315	2
H2550	Cmpl	H5971	2
H2550	Cmpl	H6629	2
H2550	Subj	H5971	2
H2583	Cmpl	H0996	2
H2583	Cmpl	H3220	2
H2583	Cmpl	H3409	2
H2583	Cmpl	H5048	2
H2583	Cmpl	H5158	2
H2583	Cmpl	H5227	2
H2583	Cmpl	H5676	2
H2583	Cmpl	H5892	2
H2583	Cmpl	H6010	2
H2583	Cmpl	H6160	2
H2583	Cmpl	H6440	2
H2583	Cmpl	H6828	2
H2583	Cmpl	H7097	2
H2583	Subj	H4940	2
H2583	Subj	H6430	2
H2596	Objc	H1004	2
H2596	Subj	H3605	2
H2596	Subj	H4428	2
H2603	Subj	H0430	2
H2620	Cmpl	H8478	2
H2637	Objc	H3899	2
H2637	Subj	H6835	2
H2654	Cmpl	H7563	2
H2654	Objc	H1847	2
H2658	Objc	H0312	2
H2658	Objc	H4325	2
H2658	Subj	H5650	2
H2664	Objc	H1004	2
H2664	Subj	H4428	2
H2673	Cmpl	H0996	2
H2713	Subj	H4948	2
H2713	Subj	H5178	2
H2717	Objc	H2975	2
H2717	Objc	H3220	2
H2717	Subj	H4428	2
H2717	Subj	H5104	2
H2729	Objc	H2731	2
H2729	Objc	H3605	2
H2729	Subj	H3820	2
H2734	Cmpl	H5869	2
H2734	Cmpl	H7453	2
H2734	Cmpl	H7489	2
H2734	Subj	H0430	2
H2763	Cmpl	H0120	2
H2763	Cmpl	H2719	2
H2763	Cmpl	H6310	2
H2763	Objc	H2945	2
H2763	Objc	H4962	2
H2778	Objc	H6213	2
H2778	Subj	H0341	2
H2782	Objc	H3956	2
H2790	Subj	H0376	2
H2803	Cmpl	H3293	2
H2803	Cmpl	H3824	2
H2803	Objc	H1870	2
H2803	Objc	H3701	2
H2803	Objc	H5771	2
H2803	Objc	H7451	2
H2803	Subj	H3548	2
H2803	Subj	H3759	2
H2820	Objc	H1121	2
H2820	Objc	H3173	2
H2820	Objc	H5315	2
H2820	Objc	H5650	2
H2821	Subj	H3556	2
H2821	Subj	H5869	2
H2821	Subj	H8121	2
H2881	Cmpl	H6833	2
H2891	Cmpl	H2932	2
H2891	Objc	H3627	2
H2891	Objc	H5061	2
H2891	Subj	H3878	2
H2902	Objc	H1004	2
H2902	Objc	H8602	2
H2904	Cmpl	H3220	2
H2904	Objc	H2595	2
H2930	Cmpl	H0001	2
H2930	Cmpl	H0517	2
H2930	Objc	H0269	2
H2930	Objc	H0776	2
H2930	Objc	H1004	2
H2930	Objc	H1116	2
H2930	Objc	H8034	2
H2930	Subj	H0776	2
H2930	Subj	H3627	2
H2930	Subj	H4428	2
H2930	Subj	H4904	2
H2934	Cmpl	H6747	2
H2934	Objc	H3027	2
H2934	Subj	H6102	2
H2963	Objc	H2964	2
H2963	Subj	H0639	2
H2974	Subj	H3669	2
H3001	Objc	H3605	2
H3001	Objc	H5104	2
H3001	Subj	H4325	2
H3001	Subj	H6884	2
H3001	Subj	H7307	2
H3001	Subj	H7704	2
H3001	Subj	H8330	2
H3021	Cmpl	H0585	2
H3021	Cmpl	H1767	2
H3021	Subj	H5971	2
H3025	Cmpl	H6440	2
H3034	Cmpl	H0113	2
H3034	Cmpl	H0430	2
H3034	Cmpl	H2143	2
H3045	Cmpl	H0996	2
H3045	Cmpl	H1121	2
H3045	Objc	H0120	2
H3045	Objc	H2708	2
H3045	Objc	H2896	2
H3045	Objc	H3336	2
H3045	Objc	H3519	2
H3045	Objc	H3972	2
H3045	Objc	H4126	2
H3045	Objc	H4161	2
H3045	Objc	H5612	2
H3045	Objc	H5771	2
H3045	Objc	H5971	2
H3045	Objc	H6944	2
H3045	Objc	H8451	2
H3045	Subj	H0113	2
H3045	Subj	H0205	2
H3045	Subj	H0413	2
H3045	Subj	H1121	2
H3045	Subj	H1320	2
H3045	Subj	H3427	2
H3045	Subj	H3820	2
H3045	Subj	H4467	2
H3051	Cmpl	H5945	2
H3051	Cmpl	H6922	2
H3051	Objc	H0376	2
H3051	Objc	H3368	2
H3051	Objc	H4437	2
H3051	Objc	H5833	2
H3051	Objc	H6098	2
H3051	Objc	H6862	2
H3051	Subj	H0424	2
H3051	Subj	H8065	2
H3190	Cmpl	H3605	2
H3190	Cmpl	H6547	2
H3190	Subj	H0430	2
H3190	Subj	H8056	2
H3198	Cmpl	H1697	2
H3198	Objc	H4428	2
H3201	Objc	H1697	2
H3201	Subj	H0430	2
H3201	Subj	H1471	2
H3201	Subj	H2091	2
H3201	Subj	H3605	2
H3201	Subj	H3701	2
H3201	Subj	H7965	2
H3205	Cmpl	H0802	2
H3205	Cmpl	H1290	2
H3205	Cmpl	H8141	2
H3205	Objc	H0205	2
H3205	Objc	H0269	2
H3205	Objc	H5348	2
H3205	Objc	H5387	2
H3205	Objc	H6124	2
H3205	Objc	H6240	2
H3205	Objc	H6242	2
H3205	Objc	H7992	2
H3205	Objc	H8083	2
H3205	Subj	H0251	2
H3205	Subj	H0269	2
H3205	Subj	H3548	2
H3238	Objc	H0034	2
H3238	Objc	H0376	2
H3238	Objc	H0490	2
H3238	Objc	H1616	2
H3238	Objc	H3490	2
H3238	Objc	H6041	2
H3254	Cmpl	H0819	2
H3254	Cmpl	H1471	2
H3254	Cmpl	H1697	2
H3254	Cmpl	H3605	2
H3254	Cmpl	H4294	2
H3254	Cmpl	H5159	2
H3254	Cmpl	H5971	2
H3254	Cmpl	H8052	2
H3254	Objc	H2451	2
H3254	Objc	H2568	2
H3254	Objc	H3701	2
H3254	Objc	H3967	2
H3254	Objc	H4347	2
H3254	Objc	H6187	2
H3254	Objc	H6240	2
H3254	Objc	H7227	2
H3254	Objc	H8330	2
H3254	Subj	H4397	2
H3254	Subj	H5930	2
H3254	Subj	H6430	2
H3254	Subj	H7604	2
H3256	Cmpl	H6137	2
H3259	Subj	H3605	2
H3259	Subj	H4428	2
H3289	Cmpl	H2205	2
H3289	Cmpl	H3206	2
H3289	Cmpl	H8269	2
H3289	Subj	H3605	2
H3289	Subj	H6635	2
H3289	Subj	H6951	2
H3318	Cmpl	H0251	2
H3318	Cmpl	H0259	2
H3318	Cmpl	H0517	2
H3318	Cmpl	H0996	2
H3318	Cmpl	H1237	2
H3318	Cmpl	H1270	2
H3318	Cmpl	H1471	2
H3318	Cmpl	H1516	2
H3318	Cmpl	H1817	2
H3318	Cmpl	H2205	2
H3318	Cmpl	H2435	2
H3318	Cmpl	H2889	2
H3318	Cmpl	H3564	2
H3318	Cmpl	H3820	2
H3318	Cmpl	H4525	2
H3318	Cmpl	H4631	2
H3318	Cmpl	H4720	2
H3318	Cmpl	H6430	2
H3318	Cmpl	H6467	2
H3318	Cmpl	H6869	2
H3318	Cmpl	H7462	2
H3318	Cmpl	H8269	2
H3318	Cmpl	H8392	2
H3318	Objc	H0214	2
H3318	Objc	H1681	2
H3318	Objc	H2091	2
H3318	Objc	H2233	2
H3318	Objc	H2416	2
H3318	Objc	H2428	2
H3318	Objc	H2568	2
H3318	Objc	H2719	2
H3318	Objc	H3899	2
H3318	Objc	H4405	2
H3318	Objc	H4941	2
H3318	Objc	H5291	2
H3318	Objc	H6635	2
H3318	Objc	H7043	2
H3318	Objc	H7227	2
H3318	Objc	H7451	2
H3318	Objc	H7998	2
H3318	Objc	H8034	2
H3318	Objc	H8269	2
H3318	Subj	H0430	2
H3318	Subj	H0517	2
H3318	Subj	H0639	2
H3318	Subj	H0776	2
H3318	Subj	H1368	2
H3318	Subj	H2142	2
H3318	Subj	H2416	2
H3318	Subj	H2458	2
H3318	Subj	H2677	2
H3318	Subj	H3427	2
H3318	Subj	H4082	2
H3318	Subj	H5065	2
H3318	Subj	H5315	2
H3318	Subj	H5608	2
H3318	Subj	H5631	2
H3318	Subj	H6965	2
H3318	Subj	H7323	2
H3318	Subj	H7611	2
H3318	Subj	H7854	2
H3318	Subj	H8121	2
H3320	Cmpl	H0168	2
H3320	Cmpl	H0430	2
H3320	Cmpl	H1870	2
H3320	Cmpl	H2513	2
H3320	Cmpl	H3605	2
H3320	Cmpl	H4150	2
H3320	Cmpl	H5048	2
H3320	Cmpl	H5930	2
H3320	Cmpl	H5971	2
H3320	Subj	H3605	2
H3322	Cmpl	H0168	2
H3322	Cmpl	H8432	2
H3332	Cmpl	H3247	2
H3332	Cmpl	H3548	2
H3332	Cmpl	H3709	2
H3332	Cmpl	H4196	2
H3332	Cmpl	H8042	2
H3332	Cmpl	H8081	2
H3332	Objc	H1818	2
H3335	Objc	H3605	2
H3335	Subj	H0430	2
H3341	Cmpl	H2346	2
H3341	Cmpl	H3293	2
H3341	Objc	H2513	2
H3341	Subj	H5650	2
H3344	Subj	H0784	2
H3364	Subj	H6547	2
H3372	Cmpl	H3778	2
H3372	Cmpl	H6343	2
H3372	Cmpl	H8052	2
H3372	Objc	H0001	2
H3372	Objc	H0376	2
H3372	Objc	H1419	2
H3372	Objc	H3374	2
H3372	Objc	H4720	2
H3372	Objc	H5971	2
H3372	Objc	H7451	2
H3372	Subj	H1471	2
H3372	Subj	H3205	2
H3381	Cmpl	H0376	2
H3381	Cmpl	H1121	2
H3381	Cmpl	H1366	2
H3381	Cmpl	H1637	2
H3381	Cmpl	H2875	2
H3381	Cmpl	H3027	2
H3381	Cmpl	H3220	2
H3381	Cmpl	H3411	2
H3381	Cmpl	H4057	2
H3381	Cmpl	H4325	2
H3381	Cmpl	H4421	2
H3381	Cmpl	H5045	2
H3381	Cmpl	H5553	2
H3381	Cmpl	H5869	2
H3381	Cmpl	H5971	2
H3381	Cmpl	H6160	2
H3381	Cmpl	H7097	2
H3381	Cmpl	H8179	2
H3381	Cmpl	H8482	2
H3381	Objc	H0001	2
H3381	Objc	H0990	2
H3381	Objc	H1653	2
H3381	Objc	H2315	2
H3381	Objc	H3537	2
H3381	Objc	H4428	2
H3381	Objc	H4592	2
H3381	Objc	H5797	2
H3381	Objc	H5971	2
H3381	Objc	H6389	2
H3381	Subj	H3293	2
H3381	Subj	H3519	2
H3381	Subj	H3878	2
H3381	Subj	H5288	2
H3381	Subj	H5797	2
H3381	Subj	H7218	2
H3384	Cmpl	H1870	2
H3384	Cmpl	H2346	2
H3384	Cmpl	H3117	2
H3384	Cmpl	H3477	2
H3384	Subj	H3548	2
H3417	Cmpl	H6440	2
H3423	Cmpl	H5971	2
H3423	Objc	H0127	2
H3423	Objc	H1004	2
H3423	Objc	H1121	2
H3423	Objc	H1419	2
H3423	Objc	H2983	2
H3423	Objc	H3754	2
H3423	Objc	H6086	2
H3423	Objc	H6099	2
H3423	Objc	H7704	2
H3423	Objc	H8179	2
H3423	Subj	H0430	2
H3423	Subj	H1004	2
H3427	Cmpl	H0113	2
H3427	Cmpl	H0376	2
H3427	Cmpl	H1818	2
H3427	Cmpl	H2669	2
H3427	Cmpl	H2893	2
H3427	Cmpl	H3220	2
H3427	Cmpl	H3225	2
H3427	Cmpl	H4438	2
H3427	Cmpl	H4467	2
H3427	Cmpl	H5048	2
H3427	Cmpl	H5104	2
H3427	Cmpl	H5553	2
H3427	Cmpl	H5676	2
H3427	Cmpl	H5769	2
H3427	Cmpl	H6430	2
H3427	Cmpl	H6607	2
H3427	Cmpl	H6738	2
H3427	Cmpl	H6944	2
H3427	Cmpl	H7218	2
H3427	Cmpl	H7704	2
H3427	Objc	H0001	2
H3427	Objc	H0251	2
H3427	Objc	H5892	2
H3427	Subj	H0251	2
H3427	Subj	H1004	2
H3427	Subj	H1323	2
H3427	Subj	H2205	2
H3427	Subj	H2983	2
H3427	Subj	H4735	2
H3427	Subj	H7243	2
H3427	Subj	H7778	2
H3427	Subj	H7891	2
H3427	Subj	H8147	2
H3456	Subj	H0776	2
H3462	Objc	H5769	2
H3462	Objc	H8142	2
H3467	Cmpl	H1121	2
H3467	Objc	H3427	2
H3467	Objc	H6041	2
H3467	Objc	H8668	2
H3467	Subj	H3225	2
H3474	Cmpl	H1870	2
H3488	Subj	H1777	2
H3498	Cmpl	H0310	2
H3498	Cmpl	H0776	2
H3498	Cmpl	H1121	2
H3498	Objc	H3967	2
H3498	Objc	H7393	2
H3498	Subj	H1697	2
H3498	Subj	H3605	2
H3498	Subj	H5397	2
H3513	Cmpl	H0433	2
H3513	Cmpl	H2428	2
H3513	Cmpl	H6547	2
H3513	Objc	H0241	2
H3513	Objc	H0517	2
H3513	Subj	H1121	2
H3513	Subj	H5656	2
H3518	Objc	H5369	2
H3518	Subj	H0784	2
H3518	Subj	H5369	2
H3526	Cmpl	H4325	2
H3526	Objc	H8071	2
H3557	Objc	H0001	2
H3557	Objc	H0505	2
H3557	Objc	H1004	2
H3557	Objc	H1697	2
H3557	Objc	H2460	2
H3557	Objc	H2945	2
H3557	Objc	H4503	2
H3557	Objc	H5930	2
H3557	Subj	H5324	2
H3559	Cmpl	H8394	2
H3559	Objc	H0352	2
H3559	Objc	H1870	2
H3559	Objc	H2091	2
H3559	Objc	H3603	2
H3559	Objc	H3605	2
H3559	Objc	H3627	2
H3559	Objc	H3899	2
H3559	Objc	H4186	2
H3559	Objc	H6440	2
H3559	Objc	H6499	2
H3559	Objc	H6806	2
H3559	Subj	H0251	2
H3559	Subj	H1870	2
H3559	Subj	H3027	2
H3559	Subj	H3878	2
H3559	Subj	H4284	2
H3559	Subj	H4438	2
H3582	Objc	H3605	2
H3584	Subj	H0341	2
H3584	Subj	H1121	2
H3584	Subj	H5236	2
H3637	Subj	H2654	2
H3637	Subj	H3605	2
H3637	Subj	H7462	2
H3665	Cmpl	H0430	2
H3665	Objc	H0341	2
H3665	Subj	H1121	2
H3680	Cmpl	H0899	2
H3680	Cmpl	H8242	2
H3680	Objc	H0168	2
H3680	Objc	H1320	2
H3680	Objc	H1818	2
H3680	Objc	H3627	2
H3680	Objc	H5715	2
H3680	Objc	H5903	2
H3680	Objc	H6944	2
H3680	Objc	H7218	2
H3680	Objc	H7272	2
H3680	Objc	H8242	2
H3680	Subj	H3639	2
H3680	Subj	H6310	2
H3680	Subj	H6883	2
H3680	Subj	H7563	2
H3707	Cmpl	H1893	2
H3722	Cmpl	H0352	2
H3722	Cmpl	H0817	2
H3722	Cmpl	H4503	2
H3722	Cmpl	H6951	2
H3722	Objc	H0168	2
H3722	Objc	H4150	2
H3722	Objc	H5771	2
H3722	Objc	H6944	2
H3738	Objc	H0953	2
H3738	Objc	H7746	2
H3738	Objc	H7882	2
H3766	Cmpl	H0996	2
H3766	Cmpl	H7272	2
H3766	Cmpl	H8478	2
H3766	Objc	H6965	2
H3772	Cmpl	H3878	2
H3772	Cmpl	H4725	2
H3772	Cmpl	H5892	2
H3772	Cmpl	H6310	2
H3772	Objc	H0376	2
H3772	Objc	H1004	2
H3772	Objc	H1121	2
H3772	Objc	H1265	2
H3772	Objc	H2143	2
H3772	Objc	H2617	2
H3772	Objc	H3427	2
H3772	Objc	H3671	2
H3772	Objc	H4005	2
H3772	Objc	H4063	2
H3772	Objc	H4656	2
H3772	Objc	H6662	2
H3772	Objc	H6967	2
H3772	Objc	H7563	2
H3772	Objc	H7605	2
H3772	Objc	H7965	2
H3772	Subj	H1121	2
H3772	Subj	H4428	2
H3772	Subj	H5971	2
H3772	Subj	H8615	2
H3782	Cmpl	H5771	2
H3782	Subj	H3581	2
H3782	Subj	H7227	2
H3789	Cmpl	H0068	2
H3789	Cmpl	H3064	2
H3789	Cmpl	H3605	2
H3789	Cmpl	H4082	2
H3789	Cmpl	H4294	2
H3789	Cmpl	H4428	2
H3789	Cmpl	H6346	2
H3789	Cmpl	H8269	2
H3789	Objc	H0376	2
H3789	Objc	H0776	2
H3789	Objc	H3748	2
H3789	Objc	H4932	2
H3789	Objc	H6235	2
H3789	Objc	H7223	2
H3789	Objc	H7892	2
H3789	Subj	H3605	2
H3807	Cmpl	H0853	2
H3807	Objc	H2719	2
H3832	Subj	H0191	2
H3832	Subj	H8193	2
H3835	Objc	H3843	2
H3847	Objc	H0641	2
H3847	Objc	H1926	2
H3847	Objc	H3548	2
H3847	Objc	H3605	2
H3847	Objc	H3639	2
H3847	Objc	H4055	2
H3847	Objc	H6593	2
H3847	Objc	H6664	2
H3847	Objc	H6785	2
H3847	Objc	H8071	2
H3847	Objc	H8242	2
H3847	Subj	H4428	2
H3856	Subj	H0776	2
H3857	Objc	H2022	2
H3867	Objc	H3701	2
H3867	Subj	H7227	2
H3885	Cmpl	H1004	2
H3885	Cmpl	H4057	2
H3885	Cmpl	H5971	2
H3885	Cmpl	H7339	2
H3885	Subj	H0376	2
H3885	Subj	H2282	2
H3885	Subj	H5971	2
H3898	Cmpl	H0113	2
H3898	Cmpl	H1419	2
H3898	Cmpl	H3669	2
H3898	Cmpl	H3778	2
H3898	Cmpl	H6994	2
H3898	Objc	H3899	2
H3898	Subj	H0430	2
H3898	Subj	H6430	2
H3905	Cmpl	H7023	2
H3905	Objc	H1121	2
H3905	Subj	H4428	2
H3920	Cmpl	H6341	2
H3920	Objc	H3967	2
H3920	Objc	H4410	2
H3920	Objc	H4569	2
H3920	Objc	H6242	2
H3920	Objc	H6571	2
H3920	Objc	H7273	2
H3920	Objc	H7651	2
H3920	Objc	H8147	2
H3920	Subj	H7626	2
H3925	Objc	H1847	2
H3925	Objc	H4421	2
H3925	Objc	H6664	2
H3947	Cmpl	H0567	2
H3947	Cmpl	H0817	2
H3947	Cmpl	H0929	2
H3947	Cmpl	H0996	2
H3947	Cmpl	H1471	2
H3947	Cmpl	H1569	2
H3947	Cmpl	H1715	2
H3947	Cmpl	H3669	2
H3947	Cmpl	H3709	2
H3947	Cmpl	H3754	2
H3947	Cmpl	H4150	2
H3947	Cmpl	H4196	2
H3947	Cmpl	H4397	2
H3947	Cmpl	H4421	2
H3947	Cmpl	H4888	2
H3947	Cmpl	H5104	2
H3947	Cmpl	H5315	2
H3947	Cmpl	H5676	2
H3947	Cmpl	H6083	2
H3947	Cmpl	H7097	2
H3947	Cmpl	H8478	2
H3947	Cmpl	H8492	2
H3947	Objc	H0270	2
H3947	Objc	H0451	2
H3947	Objc	H0490	2
H3947	Objc	H0561	2
H3947	Objc	H0702	2
H3947	Objc	H0970	2
H3947	Objc	H1087	2
H3947	Objc	H1320	2
H3947	Objc	H1330	2
H3947	Objc	H1472	2
H3947	Objc	H1540	2
H3947	Objc	H1926	2
H3947	Objc	H2022	2
H3947	Objc	H2183	2
H3947	Objc	H2233	2
H3947	Objc	H2416	2
H3947	Objc	H2450	2
H3947	Objc	H2461	2
H3947	Objc	H2471	2
H3947	Objc	H2488	2
H3947	Objc	H2595	2
H3947	Objc	H2856	2
H3947	Objc	H3225	2
H3947	Objc	H3257	2
H3947	Objc	H3489	2
H3947	Objc	H3536	2
H3947	Objc	H3658	2
H3947	Objc	H3754	2
H3947	Objc	H3795	2
H3947	Objc	H3830	2
H3947	Objc	H3849	2
H3947	Objc	H3972	2
H3947	Objc	H4043	2
H3947	Objc	H4393	2
H3947	Objc	H4541	2
H3947	Objc	H4592	2
H3947	Objc	H4687	2
H3947	Objc	H4910	2
H3947	Objc	H4997	2
H3947	Objc	H5145	2
H3947	Objc	H5288	2
H3947	Objc	H5387	2
H3947	Objc	H5560	2
H3947	Objc	H5561	2
H3947	Objc	H5631	2
H3947	Objc	H5699	2
H3947	Objc	H6160	2
H3947	Objc	H6368	2
H3947	Objc	H6440	2
H3947	Objc	H6509	2
H3947	Objc	H6595	2
H3947	Objc	H6635	2
H3947	Objc	H6776	2
H3947	Objc	H6835	2
H3947	Objc	H7039	2
H3947	Objc	H7058	2
H3947	Objc	H7075	2
H3947	Objc	H7161	2
H3947	Objc	H7198	2
H3947	Objc	H7200	2
H3947	Objc	H7323	2
H3947	Objc	H7626	2
H3947	Objc	H7982	2
H3947	Objc	H8104	2
H3947	Objc	H8219	2
H3947	Objc	H8242	2
H3947	Objc	H8255	2
H3947	Objc	H8451	2
H3947	Objc	H8504	2
H3947	Subj	H0241	2
H3947	Subj	H0269	2
H3947	Subj	H1004	2
H3947	Subj	H1425	2
H3947	Subj	H2205	2
H3947	Subj	H2428	2
H3947	Subj	H2859	2
H3947	Subj	H5503	2
H3947	Subj	H5650	2
H3947	Subj	H5892	2
H3947	Subj	H7206	2
H3947	Subj	H8147	2
H3950	Objc	H3951	2
H3950	Objc	H6016	2
H3950	Objc	H7105	2
H3985	Subj	H0001	2
H3985	Subj	H5315	2
H3988	Cmpl	H2233	2
H3988	Cmpl	H3605	2
H3988	Cmpl	H7451	2
H3988	Objc	H0457	2
H3988	Objc	H1697	2
H3988	Objc	H4148	2
H3988	Objc	H4941	2
H3988	Objc	H5650	2
H3988	Objc	H5892	2
H4058	Objc	H1147	2
H4058	Objc	H1864	2
H4058	Objc	H2568	2
H4058	Objc	H2691	2
H4058	Objc	H6010	2
H4058	Objc	H6285	2
H4058	Objc	H6607	2
H4058	Objc	H6921	2
H4127	Cmpl	H6440	2
H4127	Subj	H1389	2
H4131	Subj	H0776	2
H4135	Objc	H6190	2
H4135	Subj	H1320	2
H4135	Subj	H5236	2
H4135	Subj	H6190	2
H4185	Subj	H2022	2
H4191	Cmpl	H1698	2
H4191	Cmpl	H2719	2
H4191	Objc	H0802	2
H4191	Objc	H3605	2
H4191	Objc	H4428	2
H4191	Objc	H7523	2
H4191	Objc	H7563	2
H4191	Subj	H0259	2
H4191	Subj	H0505	2
H4191	Subj	H1323	2
H4191	Subj	H1397	2
H4191	Subj	H1710	2
H4191	Subj	H2450	2
H4191	Subj	H5003	2
H4191	Subj	H5288	2
H4191	Subj	H7131	2
H4191	Subj	H7563	2
H4229	Cmpl	H0127	2
H4229	Objc	H2143	2
H4229	Objc	H3351	2
H4229	Objc	H6588	2
H4229	Subj	H8034	2
H4291	Cmpl	H4428	2
H4305	Cmpl	H0259	2
H4305	Cmpl	H5892	2
H4376	Cmpl	H1121	2
H4376	Cmpl	H1616	2
H4376	Cmpl	H8269	2
H4376	Objc	H1062	2
H4376	Objc	H1323	2
H4376	Subj	H0376	2
H4376	Subj	H5680	2
H4422	Cmpl	H2022	2
H4422	Subj	H1368	2
H4422	Subj	H3605	2
H4422	Subj	H6662	2
H4454	Objc	H7218	2
H4487	Cmpl	H4082	2
H4487	Cmpl	H5673	2
H4487	Objc	H2428	2
H4487	Objc	H6083	2
H4487	Subj	H4428	2
H4513	Objc	H7272	2
H4549	Subj	H0251	2
H4549	Subj	H3605	2
H4549	Subj	H3820	2
H4560	Subj	H0505	2
H4571	Subj	H7166	2
H4591	Objc	H5159	2
H4672	Cmpl	H0120	2
H4672	Cmpl	H0214	2
H4672	Cmpl	H0572	2
H4672	Cmpl	H0776	2
H4672	Cmpl	H1121	2
H4672	Cmpl	H1366	2
H4672	Cmpl	H5650	2
H4672	Cmpl	H6310	2
H4672	Cmpl	H6440	2
H4672	Objc	H0251	2
H4672	Objc	H0430	2
H4672	Objc	H0702	2
H4672	Objc	H1330	2
H4672	Objc	H1331	2
H4672	Objc	H1767	2
H4672	Objc	H1818	2
H4672	Objc	H1847	2
H4672	Objc	H2450	2
H4672	Objc	H2451	2
H4672	Objc	H2568	2
H4672	Objc	H2671	2
H4672	Objc	H3605	2
H4672	Objc	H3967	2
H4672	Objc	H4496	2
H4672	Objc	H4639	2
H4672	Objc	H4829	2
H4672	Objc	H5650	2
H4672	Objc	H5892	2
H4672	Objc	H7462	2
H4672	Subj	H0430	2
H4672	Subj	H0505	2
H4672	Subj	H1818	2
H4672	Subj	H2428	2
H4672	Subj	H2451	2
H4672	Subj	H2568	2
H4672	Subj	H2719	2
H4672	Subj	H2896	2
H4672	Subj	H3548	2
H4672	Subj	H3605	2
H4672	Subj	H3967	2
H4672	Subj	H4428	2
H4672	Subj	H5030	2
H4672	Subj	H5785	2
H4672	Subj	H5930	2
H4672	Subj	H5971	2
H4672	Subj	H6235	2
H4672	Subj	H8337	2
H4680	Cmpl	H4196	2
H4784	Objc	H5945	2
H4803	Subj	H7218	2
H4886	Objc	H3595	2
H4886	Objc	H3627	2
H4886	Objc	H3651	2
H4886	Objc	H4196	2
H4886	Objc	H4908	2
H4886	Objc	H6944	2
H4886	Subj	H3548	2
H4886	Subj	H5030	2
H4900	Cmpl	H7198	2
H4900	Objc	H1995	2
H4900	Subj	H0376	2
H4900	Subj	H3605	2
H4910	Cmpl	H3605	2
H4910	Subj	H0376	2
H4910	Subj	H5650	2
H4959	Objc	H2822	2
H4959	Objc	H3605	2
H4985	Subj	H4325	2
H5003	Objc	H7453	2
H5006	Objc	H6918	2
H5006	Objc	H8034	2
H5006	Subj	H0376	2
H5027	Objc	H5999	2
H5034	Subj	H1121	2
H5034	Subj	H5236	2
H5034	Subj	H6731	2
H5042	Subj	H6310	2
H5046	Cmpl	H0251	2
H5046	Cmpl	H0430	2
H5046	Cmpl	H5650	2
H5046	Cmpl	H6440	2
H5046	Cmpl	H8147	2
H5046	Objc	H0571	2
H5046	Objc	H1419	2
H5046	Objc	H3519	2
H5046	Objc	H4941	2
H5046	Objc	H5360	2
H5046	Objc	H6467	2
H5046	Objc	H6666	2
H5046	Objc	H7227	2
H5046	Objc	H8034	2
H5046	Objc	H8416	2
H5046	Subj	H0802	2
H5046	Subj	H2677	2
H5046	Subj	H5288	2
H5046	Subj	H5608	2
H5046	Subj	H5650	2
H5046	Subj	H8064	2
H5050	Objc	H2822	2
H5050	Subj	H0216	2
H5055	Subj	H7794	2
H5059	Cmpl	H3027	2
H5060	Cmpl	H0776	2
H5060	Cmpl	H0929	2
H5060	Cmpl	H1818	2
H5060	Cmpl	H2022	2
H5060	Cmpl	H3409	2
H5060	Cmpl	H3709	2
H5060	Cmpl	H3820	2
H5060	Cmpl	H4899	2
H5060	Cmpl	H6310	2
H5060	Cmpl	H6944	2
H5060	Cmpl	H8179	2
H5060	Cmpl	H8318	2
H5060	Objc	H2930	2
H5060	Subj	H0376	2
H5060	Subj	H1697	2
H5060	Subj	H2100	2
H5060	Subj	H2320	2
H5060	Subj	H4428	2
H5060	Subj	H5291	2
H5060	Subj	H7637	2
H5062	Cmpl	H5650	2
H5062	Objc	H3605	2
H5062	Objc	H5971	2
H5062	Subj	H0376	2
H5065	Subj	H5971	2
H5066	Cmpl	H0376	2
H5066	Cmpl	H5971	2
H5066	Cmpl	H7218	2
H5066	Objc	H0430	2
H5066	Objc	H8002	2
H5066	Subj	H0376	2
H5066	Subj	H3206	2
H5066	Subj	H6430	2
H5066	Subj	H8269	2
H5068	Subj	H0001	2
H5068	Subj	H4428	2
H5068	Subj	H5971	2
H5074	Cmpl	H2719	2
H5074	Subj	H4428	2
H5090	Objc	H3605	2
H5090	Objc	H5971	2
H5106	Objc	H1121	2
H5106	Objc	H3820	2
H5106	Subj	H0001	2
H5127	Cmpl	H1870	2
H5127	Cmpl	H2022	2
H5127	Cmpl	H2351	2
H5127	Cmpl	H5553	2
H5127	Subj	H0585	2
H5127	Subj	H3015	2
H5127	Subj	H4428	2
H5127	Subj	H5221	2
H5127	Subj	H5315	2
H5127	Subj	H6738	2
H5127	Subj	H7684	2
H5127	Subj	H8130	2
H5128	Cmpl	H3220	2
H5128	Subj	H1323	2
H5128	Subj	H3824	2
H5130	Objc	H1270	2
H5137	Cmpl	H0168	2
H5137	Cmpl	H4196	2
H5137	Cmpl	H7023	2
H5137	Cmpl	H8081	2
H5140	Objc	H4325	2
H5140	Subj	H4325	2
H5140	Subj	H7834	2
H5157	Cmpl	H0310	2
H5157	Subj	H3548	2
H5157	Subj	H7218	2
H5162	Cmpl	H3605	2
H5162	Objc	H0057	2
H5162	Objc	H3605	2
H5162	Subj	H0430	2
H5162	Subj	H3605	2
H5172	Subj	H0376	2
H5186	Cmpl	H0098	2
H5186	Cmpl	H0734	2
H5186	Cmpl	H2975	2
H5186	Cmpl	H3427	2
H5186	Cmpl	H3605	2
H5186	Cmpl	H5104	2
H5186	Cmpl	H5715	2
H5186	Cmpl	H6310	2
H5186	Cmpl	H6440	2
H5186	Cmpl	H8394	2
H5186	Objc	H6662	2
H5186	Subj	H0802	2
H5186	Subj	H0804	2
H5193	Objc	H1593	2
H5197	Objc	H5317	2
H5197	Objc	H6071	2
H5197	Subj	H2022	2
H5197	Subj	H8064	2
H5197	Subj	H8193	2
H5203	Cmpl	H6010	2
H5203	Cmpl	H8104	2
H5203	Objc	H0517	2
H5203	Objc	H5159	2
H5203	Objc	H6629	2
H5203	Objc	H8451	2
H5221	Cmpl	H0996	2
H5221	Cmpl	H2914	2
H5221	Cmpl	H3027	2
H5221	Cmpl	H3220	2
H5221	Cmpl	H3605	2
H5221	Cmpl	H5575	2
H5221	Objc	H0168	2
H5221	Objc	H0519	2
H5221	Objc	H1366	2
H5221	Objc	H1471	2
H5221	Objc	H1663	2
H5221	Objc	H2491	2
H5221	Objc	H3548	2
H5221	Objc	H3669	2
H5221	Objc	H3778	2
H5221	Objc	H5288	2
H5221	Objc	H5333	2
H5221	Objc	H5869	2
H5221	Objc	H6083	2
H5221	Objc	H6242	2
H5221	Objc	H7393	2
H5221	Objc	H7704	2
H5221	Objc	H8083	2
H5221	Objc	H8269	2
H5221	Objc	H8337	2
H5221	Subj	H0761	2
H5221	Subj	H0776	2
H5221	Subj	H1259	2
H5221	Subj	H2843	2
H5221	Subj	H3820	2
H5221	Subj	H5650	2
H5221	Subj	H5892	2
H5253	Objc	H5769	2
H5253	Subj	H3605	2
H5254	Objc	H3605	2
H5254	Subj	H0430	2
H5258	Objc	H6459	2
H5265	Cmpl	H3220	2
H5265	Cmpl	H4550	2
H5265	Cmpl	H5488	2
H5265	Cmpl	H6440	2
H5265	Objc	H3489	2
H5265	Subj	H3605	2
H5265	Subj	H4908	2
H5265	Subj	H5375	2
H5307	Cmpl	H0001	2
H5307	Cmpl	H0251	2
H5307	Cmpl	H0996	2
H5307	Cmpl	H1121	2
H5307	Cmpl	H1157	2
H5307	Cmpl	H1870	2
H5307	Cmpl	H2022	2
H5307	Cmpl	H6310	2
H5307	Cmpl	H6354	2
H5307	Cmpl	H7339	2
H5307	Cmpl	H7462	2
H5307	Cmpl	H7704	2
H5307	Cmpl	H8064	2
H5307	Cmpl	H8179	2
H5307	Objc	H1697	2
H5307	Objc	H2491	2
H5307	Objc	H2896	2
H5307	Objc	H6086	2
H5307	Objc	H6332	2
H5307	Objc	H6440	2
H5307	Objc	H8127	2
H5307	Objc	H8639	2
H5307	Subj	H0102	2
H5307	Subj	H0120	2
H5307	Subj	H0341	2
H5307	Subj	H0430	2
H5307	Subj	H0784	2
H5307	Subj	H1323	2
H5307	Subj	H1419	2
H5307	Subj	H2205	2
H5307	Subj	H2256	2
H5307	Subj	H3427	2
H5307	Subj	H4428	2
H5307	Subj	H6086	2
H5307	Subj	H6297	2
H5307	Subj	H6440	2
H5307	Subj	H7651	2
H5307	Subj	H8147	2
H5307	Subj	H8269	2
H5307	Subj	H8532	2
H5310	Objc	H7392	2
H5324	Cmpl	H3605	2
H5324	Cmpl	H7218	2
H5324	Objc	H0068	2
H5324	Objc	H1367	2
H5324	Objc	H1817	2
H5324	Objc	H4678	2
H5327	Subj	H3481	2
H5337	Cmpl	H0001	2
H5337	Cmpl	H6430	2
H5337	Objc	H0034	2
H5337	Objc	H1497	2
H5337	Objc	H8147	2
H5337	Subj	H6666	2
H5340	Subj	H7416	2
H5341	Objc	H1847	2
H5341	Objc	H1870	2
H5341	Objc	H8451	2
H5341	Subj	H5869	2
H5352	Subj	H5707	2
H5352	Subj	H8267	2
H5358	Objc	H5360	2
H5362	Objc	H7218	2
H5375	Cmpl	H0727	2
H5375	Cmpl	H0996	2
H5375	Cmpl	H1870	2
H5375	Cmpl	H2022	2
H5375	Cmpl	H3820	2
H5375	Cmpl	H4725	2
H5375	Cmpl	H5439	2
H5375	Cmpl	H5650	2
H5375	Cmpl	H5869	2
H5375	Cmpl	H5980	2
H5375	Cmpl	H6086	2
H5375	Cmpl	H7350	2
H5375	Cmpl	H8205	2
H5375	Objc	H0168	2
H5375	Objc	H0251	2
H5375	Objc	H0697	2
H5375	Objc	H1320	2
H5375	Objc	H1480	2
H5375	Objc	H2428	2
H5375	Objc	H2580	2
H5375	Objc	H2617	2
H5375	Objc	H2719	2
H5375	Objc	H3104	2
H5375	Objc	H3407	2
H5375	Objc	H3701	2
H5375	Objc	H4150	2
H5375	Objc	H4372	2
H5375	Objc	H4503	2
H5375	Objc	H4605	2
H5375	Objc	H4864	2
H5375	Objc	H5092	2
H5375	Objc	H5178	2
H5375	Objc	H6588	2
H5375	Objc	H7440	2
H5375	Objc	H7563	2
H5375	Objc	H7651	2
H5375	Objc	H7782	2
H5375	Objc	H7998	2
H5375	Subj	H0776	2
H5375	Subj	H0802	2
H5375	Subj	H1323	2
H5375	Subj	H1471	2
H5375	Subj	H3878	2
H5375	Subj	H4438	2
H5375	Subj	H5713	2
H5375	Subj	H6086	2
H5375	Subj	H6547	2
H5375	Subj	H7651	2
H5381	Cmpl	H8147	2
H5381	Objc	H0001	2
H5381	Objc	H2416	2
H5381	Objc	H3117	2
H5381	Objc	H8057	2
H5381	Objc	H8342	2
H5383	Cmpl	H7453	2
H5383	Objc	H0423	2
H5391	Cmpl	H0251	2
H5391	Subj	H5175	2
H5394	Cmpl	H6440	2
H5394	Cmpl	H7272	2
H5394	Objc	H5275	2
H5401	Cmpl	H1121	2
H5401	Cmpl	H1323	2
H5401	Cmpl	H6310	2
H5401	Subj	H4428	2
H5413	Cmpl	H8432	2
H5413	Objc	H3701	2
H5413	Subj	H0639	2
H5414	Cmpl	H0127	2
H5414	Cmpl	H0272	2
H5414	Cmpl	H0517	2
H5414	Cmpl	H0567	2
H5414	Cmpl	H0641	2
H5414	Cmpl	H0905	2
H5414	Cmpl	H0953	2
H5414	Cmpl	H1270	2
H5414	Cmpl	H1320	2
H5414	Cmpl	H1425	2
H5414	Cmpl	H1581	2
H5414	Cmpl	H1697	2
H5414	Cmpl	H2091	2
H5414	Cmpl	H2114	2
H5414	Cmpl	H2181	2
H5414	Cmpl	H2189	2
H5414	Cmpl	H2346	2
H5414	Cmpl	H2428	2
H5414	Cmpl	H2450	2
H5414	Cmpl	H2543	2
H5414	Cmpl	H2796	2
H5414	Cmpl	H2876	2
H5414	Cmpl	H2885	2
H5414	Cmpl	H3064	2
H5414	Cmpl	H3372	2
H5414	Cmpl	H3895	2
H5414	Cmpl	H4082	2
H5414	Cmpl	H4115	2
H5414	Cmpl	H4701	2
H5414	Cmpl	H4725	2
H5414	Cmpl	H4929	2
H5414	Cmpl	H4931	2
H5414	Cmpl	H5045	2
H5414	Cmpl	H5158	2
H5414	Cmpl	H5221	2
H5414	Cmpl	H5291	2
H5414	Cmpl	H5470	2
H5414	Cmpl	H5553	2
H5414	Cmpl	H5656	2
H5414	Cmpl	H5715	2
H5414	Cmpl	H5997	2
H5414	Cmpl	H6083	2
H5414	Cmpl	H6285	2
H5414	Cmpl	H6430	2
H5414	Cmpl	H6442	2
H5414	Cmpl	H6607	2
H5414	Cmpl	H6629	2
H5414	Cmpl	H6635	2
H5414	Cmpl	H6706	2
H5414	Cmpl	H6924	2
H5414	Cmpl	H7045	2
H5414	Cmpl	H7098	2
H5414	Cmpl	H7206	2
H5414	Cmpl	H7227	2
H5414	Cmpl	H7456	2
H5414	Cmpl	H7563	2
H5414	Cmpl	H7628	2
H5414	Cmpl	H7651	2
H5414	Cmpl	H7998	2
H5414	Cmpl	H8104	2
H5414	Cmpl	H8163	2
H5414	Objc	H0107	2
H5414	Objc	H0113	2
H5414	Objc	H0120	2
H5414	Objc	H0127	2
H5414	Objc	H0218	2
H5414	Objc	H0727	2
H5414	Objc	H0753	2
H5414	Objc	H0801	2
H5414	Objc	H0929	2
H5414	Objc	H0935	2
H5414	Objc	H0998	2
H5414	Objc	H1060	2
H5414	Objc	H1259	2
H5414	Objc	H1314	2
H5414	Objc	H1486	2
H5414	Objc	H1697	2
H5414	Objc	H1698	2
H5414	Objc	H2077	2
H5414	Objc	H2166	2
H5414	Objc	H2256	2
H5414	Objc	H2397	2
H5414	Objc	H2532	2
H5414	Objc	H2543	2
H5414	Objc	H2595	2
H5414	Objc	H2656	2
H5414	Objc	H2822	2
H5414	Objc	H2964	2
H5414	Objc	H3196	2
H5414	Objc	H3205	2
H5414	Objc	H3206	2
H5414	Objc	H3318	2
H5414	Objc	H3324	2
H5414	Objc	H3366	2
H5414	Objc	H3368	2
H5414	Objc	H3467	2
H5414	Objc	H3678	2
H5414	Objc	H3724	2
H5414	Objc	H3802	2
H5414	Objc	H3824	2
H5414	Objc	H3830	2
H5414	Objc	H3895	2
H5414	Objc	H3971	2
H5414	Objc	H4030	2
H5414	Objc	H4033	2
H5414	Objc	H4093	2
H5414	Objc	H4194	2
H5414	Objc	H4219	2
H5414	Objc	H4241	2
H5414	Objc	H4301	2
H5414	Objc	H4421	2
H5414	Objc	H4488	2
H5414	Objc	H4539	2
H5414	Objc	H4574	2
H5414	Objc	H4628	2
H5414	Objc	H4662	2
H5414	Objc	H4687	2
H5414	Objc	H4864	2
H5414	Objc	H4908	2
H5414	Objc	H4923	2
H5414	Objc	H4931	2
H5414	Objc	H5038	2
H5414	Objc	H5141	2
H5414	Objc	H5355	2
H5414	Objc	H5387	2
H5414	Objc	H5466	2
H5414	Objc	H5637	2
H5414	Objc	H5656	2
H5414	Objc	H5923	2
H5414	Objc	H5930	2
H5414	Objc	H5942	2
H5414	Objc	H6187	2
H5414	Objc	H6212	2
H5414	Objc	H6240	2
H5414	Objc	H6302	2
H5414	Objc	H6499	2
H5414	Objc	H6522	2
H5414	Objc	H6616	2
H5414	Objc	H6781	2
H5414	Objc	H6788	2
H5414	Objc	H6913	2
H5414	Objc	H7098	2
H5414	Objc	H7235	2
H5414	Objc	H7272	2
H5414	Objc	H7392	2
H5414	Objc	H7451	2
H5414	Objc	H7523	2
H5414	Objc	H7676	2
H5414	Objc	H7979	2
H5414	Objc	H7982	2
H5414	Objc	H8057	2
H5414	Objc	H8083	2
H5414	Objc	H8085	2
H5414	Objc	H8142	2
H5414	Objc	H8179	2
H5414	Objc	H8251	2
H5414	Objc	H8267	2
H5414	Objc	H8378	2
H5414	Objc	H8401	2
H5414	Objc	H8426	2
H5414	Objc	H8441	2
H5414	Objc	H8482	2
H5414	Objc	H8492	2
H5414	Objc	H8504	2
H5414	Objc	H8550	2
H5414	Objc	H8615	2
H5414	Subj	H0127	2
H5414	Subj	H0737	2
H5414	Subj	H1004	2
H5414	Subj	H4436	2
H5414	Subj	H5387	2
H5414	Subj	H5945	2
H5414	Subj	H6662	2
H5414	Subj	H7704	2
H5414	Subj	H8548	2
H5422	Subj	H2428	2
H5422	Subj	H3778	2
H5423	Cmpl	H5892	2
H5423	Subj	H3605	2
H5428	Cmpl	H0127	2
H5437	Cmpl	H0268	2
H5437	Cmpl	H0681	2
H5437	Cmpl	H2022	2
H5437	Cmpl	H3605	2
H5437	Cmpl	H5045	2
H5437	Cmpl	H5892	2
H5437	Cmpl	H7023	2
H5437	Cmpl	H7783	2
H5437	Objc	H1004	2
H5437	Objc	H2022	2
H5437	Objc	H3820	2
H5437	Objc	H4428	2
H5437	Subj	H0212	2
H5437	Subj	H0430	2
H5437	Subj	H1121	2
H5437	Subj	H4428	2
H5437	Subj	H5159	2
H5437	Subj	H5288	2
H5437	Subj	H5892	2
H5437	Subj	H5971	2
H5437	Subj	H6965	2
H5445	Objc	H5771	2
H5462	Cmpl	H1121	2
H5462	Cmpl	H2351	2
H5462	Cmpl	H4264	2
H5462	Objc	H0376	2
H5462	Objc	H1004	2
H5462	Objc	H5424	2
H5462	Objc	H5892	2
H5462	Objc	H8179	2
H5462	Subj	H8179	2
H5493	Cmpl	H0001	2
H5493	Cmpl	H1320	2
H5493	Cmpl	H2077	2
H5493	Cmpl	H3027	2
H5493	Cmpl	H4170	2
H5493	Cmpl	H4194	2
H5493	Cmpl	H4941	2
H5493	Cmpl	H5869	2
H5493	Cmpl	H6547	2
H5493	Cmpl	H7218	2
H5493	Cmpl	H7926	2
H5493	Cmpl	H8002	2
H5493	Objc	H0068	2
H5493	Objc	H0727	2
H5493	Objc	H0899	2
H5493	Objc	H1697	2
H5493	Objc	H1818	2
H5493	Objc	H1870	2
H5493	Objc	H2345	2
H5493	Objc	H2460	2
H5493	Objc	H2617	2
H5493	Objc	H2781	2
H5493	Objc	H3775	2
H5493	Objc	H3820	2
H5493	Objc	H5795	2
H5493	Objc	H5971	2
H5493	Objc	H6253	2
H5493	Objc	H7272	2
H5493	Objc	H7716	2
H5493	Objc	H8251	2
H5493	Objc	H8441	2
H5493	Subj	H2460	2
H5493	Subj	H3581	2
H5493	Subj	H3824	2
H5493	Subj	H4428	2
H5493	Subj	H5448	2
H5493	Subj	H6051	2
H5493	Subj	H6157	2
H5493	Subj	H7068	2
H5493	Subj	H7307	2
H5493	Subj	H7626	2
H5532	Subj	H1397	2
H5545	Cmpl	H1697	2
H5557	Objc	H6662	2
H5559	Cmpl	H1356	2
H5564	Cmpl	H7133	2
H5564	Cmpl	H8163	2
H5564	Subj	H0376	2
H5582	Objc	H3820	2
H5582	Objc	H3824	2
H5606	Cmpl	H3409	2
H5606	Objc	H3709	2
H5608	Cmpl	H1755	2
H5608	Objc	H0505	2
H5608	Objc	H4941	2
H5608	Objc	H6806	2
H5608	Objc	H7620	2
H5641	Cmpl	H7704	2
H5641	Objc	H1697	2
H5641	Subj	H1870	2
H5647	Cmpl	H3064	2
H5647	Objc	H0001	2
H5647	Objc	H0068	2
H5647	Objc	H0251	2
H5647	Objc	H0842	2
H5647	Objc	H1916	2
H5647	Objc	H5236	2
H5647	Objc	H6086	2
H5647	Objc	H6091	2
H5647	Objc	H6253	2
H5647	Subj	H1004	2
H5647	Subj	H1247	2
H5647	Subj	H1419	2
H5647	Subj	H3878	2
H5647	Subj	H5971	2
H5666	Cmpl	H0001	2
H5666	Cmpl	H4975	2
H5666	Subj	H6995	2
H5674	Cmpl	H0310	2
H5674	Cmpl	H0875	2
H5674	Cmpl	H0996	2
H5674	Cmpl	H1004	2
H5674	Cmpl	H1320	2
H5674	Cmpl	H1870	2
H5674	Cmpl	H3794	2
H5674	Cmpl	H4217	2
H5674	Cmpl	H5315	2
H5674	Cmpl	H6430	2
H5674	Cmpl	H7097	2
H5674	Cmpl	H7626	2
H5674	Cmpl	H7704	2
H5674	Cmpl	H8179	2
H5674	Cmpl	H8478	2
H5674	Objc	H0776	2
H5674	Objc	H1004	2
H5674	Objc	H1366	2
H5674	Objc	H1530	2
H5674	Objc	H1697	2
H5674	Objc	H4325	2
H5674	Objc	H5104	2
H5674	Objc	H5159	2
H5674	Objc	H5650	2
H5674	Objc	H6363	2
H5674	Objc	H7307	2
H5674	Objc	H7358	2
H5674	Objc	H7451	2
H5674	Objc	H7462	2
H5674	Objc	H7782	2
H5674	Objc	H8451	2
H5674	Subj	H0120	2
H5674	Subj	H1471	2
H5674	Subj	H1530	2
H5674	Subj	H2114	2
H5674	Subj	H2416	2
H5674	Subj	H2677	2
H5674	Subj	H2719	2
H5674	Subj	H4421	2
H5674	Subj	H4867	2
H5674	Subj	H6240	2
H5674	Subj	H6635	2
H5674	Subj	H7272	2
H5674	Subj	H7704	2
H5749	Cmpl	H0996	2
H5774	Cmpl	H8064	2
H5774	Subj	H5971	2
H5782	Cmpl	H2491	2
H5782	Cmpl	H8142	2
H5782	Subj	H0430	2
H5782	Subj	H1471	2
H5786	Subj	H7810	2
H5800	Cmpl	H0681	2
H5800	Cmpl	H0776	2
H5800	Cmpl	H1616	2
H5800	Cmpl	H6041	2
H5800	Cmpl	H6440	2
H5800	Objc	H0517	2
H5800	Objc	H1241	2
H5800	Objc	H2416	2
H5800	Objc	H3605	2
H5800	Objc	H4325	2
H5800	Objc	H4726	2
H5800	Objc	H5971	2
H5800	Objc	H7453	2
H5800	Subj	H0776	2
H5800	Subj	H4428	2
H5800	Subj	H5892	2
H5810	Subj	H0376	2
H5848	Subj	H5315	2
H5927	Cmpl	H0241	2
H5927	Cmpl	H0386	2
H5927	Cmpl	H0875	2
H5927	Cmpl	H1219	2
H5927	Cmpl	H1347	2
H5927	Cmpl	H1406	2
H5927	Cmpl	H2346	2
H5927	Cmpl	H2983	2
H5927	Cmpl	H3220	2
H5927	Cmpl	H3326	2
H5927	Cmpl	H3411	2
H5927	Cmpl	H3427	2
H5927	Cmpl	H3669	2
H5927	Cmpl	H3802	2
H5927	Cmpl	H3824	2
H5927	Cmpl	H4026	2
H5927	Cmpl	H4043	2
H5927	Cmpl	H4421	2
H5927	Cmpl	H4609	2
H5927	Cmpl	H4818	2
H5927	Cmpl	H5116	2
H5927	Cmpl	H5439	2
H5927	Cmpl	H5650	2
H5927	Cmpl	H6793	2
H5927	Cmpl	H7097	2
H5927	Cmpl	H7367	2
H5927	Cmpl	H8193	2
H5927	Cmpl	H8432	2
H5927	Cmpl	H8559	2
H5927	Objc	H0168	2
H5927	Objc	H0505	2
H5927	Objc	H2091	2
H5927	Objc	H3627	2
H5927	Objc	H3967	2
H5927	Objc	H4150	2
H5927	Objc	H4643	2
H5927	Objc	H5387	2
H5927	Objc	H5971	2
H5927	Objc	H6854	2
H5927	Objc	H6944	2
H5927	Objc	H6951	2
H5927	Subj	H0639	2
H5927	Subj	H0776	2
H5927	Subj	H0889	2
H5927	Subj	H1323	2
H5927	Subj	H1697	2
H5927	Subj	H2091	2
H5927	Subj	H2568	2
H5927	Subj	H3220	2
H5927	Subj	H3519	2
H5927	Subj	H4397	2
H5927	Subj	H4735	2
H5927	Subj	H5650	2
H5927	Subj	H5923	2
H5927	Subj	H6854	2
H5927	Subj	H6975	2
H5927	Subj	H7600	2
H5927	Subj	H7626	2
H5927	Subj	H7651	2
H5927	Subj	H7775	2
H5927	Subj	H8069	2
H5953	Cmpl	H1004	2
H5953	Cmpl	H4428	2
H5956	Cmpl	H0376	2
H5956	Subj	H1697	2
H5975	Cmpl	H0001	2
H5975	Cmpl	H1285	2
H5975	Cmpl	H1295	2
H5975	Cmpl	H3225	2
H5975	Cmpl	H3802	2
H5975	Cmpl	H5315	2
H5975	Cmpl	H5475	2
H5975	Cmpl	H5656	2
H5975	Cmpl	H5869	2
H5975	Cmpl	H5945	2
H5975	Cmpl	H5971	2
H5975	Cmpl	H5982	2
H5975	Cmpl	H6951	2
H5975	Cmpl	H7704	2
H5975	Cmpl	H8269	2
H5975	Cmpl	H8585	2
H5975	Objc	H0802	2
H5975	Objc	H1121	2
H5975	Objc	H1995	2
H5975	Objc	H4256	2
H5975	Objc	H4931	2
H5975	Objc	H5971	2
H5975	Subj	H0702	2
H5975	Subj	H0934	2
H5975	Subj	H1004	2
H5975	Subj	H2220	2
H5975	Subj	H3220	2
H5975	Subj	H3394	2
H5975	Subj	H3878	2
H5975	Subj	H7272	2
H5975	Subj	H7854	2
H5975	Subj	H8121	2
H5975	Subj	H8269	2
H6006	Objc	H3515	2
H6006	Objc	H5923	2
H6006	Subj	H0001	2
H6030	Cmpl	H7453	2
H6030	Objc	H0001	2
H6030	Objc	H0430	2
H6030	Objc	H1959	2
H6030	Objc	H3605	2
H6030	Objc	H3686	2
H6030	Objc	H5707	2
H6030	Objc	H6547	2
H6030	Objc	H8267	2
H6030	Subj	H1347	2
H6030	Subj	H2450	2
H6030	Subj	H3878	2
H6030	Subj	H4436	2
H6030	Subj	H5284	2
H6030	Subj	H5288	2
H6030	Subj	H5650	2
H6030	Subj	H6951	2
H6030	Subj	H7991	2
H6031	Cmpl	H6440	2
H6031	Objc	H0269	2
H6031	Objc	H0802	2
H6031	Objc	H1323	2
H6064	Objc	H3603	2
H6064	Objc	H3701	2
H6064	Objc	H3967	2
H6113	Cmpl	H4405	2
H6113	Objc	H8064	2
H6113	Subj	H8064	2
H6131	Objc	H3605	2
H6131	Objc	H5483	2
H6131	Objc	H7393	2
H6148	Cmpl	H0113	2
H6148	Cmpl	H4428	2
H6168	Objc	H5315	2
H6186	Cmpl	H0996	2
H6186	Cmpl	H6086	2
H6186	Objc	H4941	2
H6186	Objc	H5369	2
H6186	Objc	H6187	2
H6186	Subj	H1121	2
H6186	Subj	H6430	2
H6206	Objc	H0776	2
H6213	Cmpl	H0120	2
H6213	Cmpl	H0341	2
H6213	Cmpl	H0352	2
H6213	Cmpl	H0639	2
H6213	Cmpl	H0713	2
H6213	Cmpl	H0727	2
H6213	Cmpl	H0842	2
H6213	Cmpl	H1241	2
H6213	Cmpl	H1905	2
H6213	Cmpl	H2428	2
H6213	Cmpl	H2534	2
H6213	Cmpl	H2833	2
H6213	Cmpl	H3498	2
H6213	Cmpl	H3532	2
H6213	Cmpl	H3878	2
H6213	Cmpl	H4082	2
H6213	Cmpl	H4150	2
H6213	Cmpl	H4191	2
H6213	Cmpl	H4526	2
H6213	Cmpl	H4725	2
H6213	Cmpl	H4742	2
H6213	Cmpl	H5207	2
H6213	Cmpl	H5315	2
H6213	Cmpl	H5930	2
H6213	Cmpl	H6310	2
H6213	Cmpl	H6629	2
H6213	Cmpl	H7020	2
H6213	Cmpl	H7175	2
H6213	Cmpl	H7381	2
H6213	Cmpl	H7453	2
H6213	Cmpl	H7522	2
H6213	Cmpl	H7757	2
H6213	Cmpl	H7794	2
H6213	Cmpl	H8081	2
H6213	Cmpl	H8145	2
H6213	Cmpl	H8432	2
H6213	Cmpl	H8451	2
H6213	Cmpl	H8504	2
H6213	Objc	H0068	2
H6213	Objc	H0073	2
H6213	Objc	H0119	2
H6213	Objc	H0178	2
H6213	Objc	H0361	2
H6213	Objc	H0376	2
H6213	Objc	H0457	2
H6213	Objc	H0484	2
H6213	Objc	H0505	2
H6213	Objc	H0639	2
H6213	Objc	H0996	2
H6213	Objc	H1279	2
H6213	Objc	H1285	2
H6213	Objc	H1293	2
H6213	Objc	H1295	2
H6213	Objc	H1323	2
H6213	Objc	H1331	2
H6213	Objc	H1356	2
H6213	Objc	H1383	2
H6213	Objc	H1423	2
H6213	Objc	H1473	2
H6213	Objc	H1593	2
H6213	Objc	H1777	2
H6213	Objc	H1817	2
H6213	Objc	H1818	2
H6213	Objc	H1870	2
H6213	Objc	H2145	2
H6213	Objc	H2406	2
H6213	Objc	H2416	2
H6213	Objc	H2460	2
H6213	Objc	H2598	2
H6213	Objc	H2708	2
H6213	Objc	H2740	2
H6213	Objc	H2796	2
H6213	Objc	H2948	2
H6213	Objc	H3027	2
H6213	Objc	H3049	2
H6213	Objc	H3366	2
H6213	Objc	H3444	2
H6213	Objc	H3519	2
H6213	Objc	H3561	2
H6213	Objc	H3603	2
H6213	Objc	H3671	2
H6213	Objc	H3678	2
H6213	Objc	H3709	2
H6213	Objc	H3727	2
H6213	Objc	H3899	2
H6213	Objc	H4043	2
H6213	Objc	H4133	2
H6213	Objc	H4207	2
H6213	Objc	H4372	2
H6213	Objc	H4475	2
H6213	Objc	H4518	2
H6213	Objc	H4526	2
H6213	Objc	H4539	2
H6213	Objc	H4553	2
H6213	Objc	H4656	2
H6213	Objc	H4725	2
H6213	Objc	H4865	2
H6213	Objc	H4888	2
H6213	Objc	H5007	2
H6213	Objc	H5262	2
H6213	Objc	H5369	2
H6213	Objc	H5650	2
H6213	Objc	H5769	2
H6213	Objc	H5835	2
H6213	Objc	H6025	2
H6213	Objc	H6098	2
H6213	Objc	H6607	2
H6213	Objc	H6731	2
H6213	Objc	H6763	2
H6213	Objc	H6793	2
H6213	Objc	H6864	2
H6213	Objc	H7058	2
H6213	Objc	H7086	2
H6213	Objc	H7105	2
H6213	Objc	H7184	2
H6213	Objc	H7393	2
H6213	Objc	H7411	2
H6213	Objc	H7545	2
H6213	Objc	H7551	2
H6213	Objc	H7568	2
H6213	Objc	H7620	2
H6213	Objc	H7676	2
H6213	Objc	H7705	2
H6213	Objc	H8106	2
H6213	Objc	H8163	2
H6213	Objc	H8267	2
H6213	Objc	H8392	2
H6213	Objc	H8393	2
H6213	Objc	H8585	2
H6213	Subj	H0517	2
H6213	Subj	H0519	2
H6213	Subj	H0567	2
H6213	Subj	H0676	2
H6213	Subj	H0802	2
H6213	Subj	H0929	2
H6213	Subj	H1004	2
H6213	Subj	H1368	2
H6213	Subj	H1473	2
H6213	Subj	H1616	2
H6213	Subj	H1697	2
H6213	Subj	H2450	2
H6213	Subj	H2460	2
H6213	Subj	H3627	2
H6213	Subj	H3701	2
H6213	Subj	H3878	2
H6213	Subj	H5387	2
H6213	Subj	H5869	2
H6213	Subj	H6547	2
H6231	Objc	H0490	2
H6231	Objc	H3490	2
H6231	Objc	H6041	2
H6231	Objc	H6233	2
H6237	Objc	H2233	2
H6237	Objc	H3605	2
H6237	Objc	H8393	2
H6244	Subj	H5869	2
H6275	Cmpl	H4725	2
H6275	Subj	H6697	2
H6279	Cmpl	H0776	2
H6286	Objc	H1004	2
H6293	Objc	H0341	2
H6298	Subj	H7326	2
H6299	Cmpl	H7716	2
H6299	Objc	H0120	2
H6299	Objc	H1121	2
H6299	Objc	H2543	2
H6299	Objc	H6363	2
H6315	Subj	H3117	2
H6315	Subj	H5707	2
H6315	Subj	H8267	2
H6327	Cmpl	H2351	2
H6327	Subj	H0341	2
H6327	Subj	H2428	2
H6327	Subj	H6629	2
H6395	Cmpl	H4735	2
H6419	Cmpl	H1004	2
H6419	Cmpl	H6440	2
H6419	Objc	H8605	2
H6428	Cmpl	H0665	2
H6437	Cmpl	H0178	2
H6437	Cmpl	H0312	2
H6437	Cmpl	H0430	2
H6437	Cmpl	H4057	2
H6437	Cmpl	H4503	2
H6437	Cmpl	H5650	2
H6437	Cmpl	H6440	2
H6437	Cmpl	H8467	2
H6437	Objc	H1004	2
H6437	Subj	H0376	2
H6437	Subj	H3117	2
H6437	Subj	H3548	2
H6437	Subj	H6153	2
H6458	Subj	H1129	2
H6475	Subj	H0341	2
H6475	Subj	H3605	2
H6485	Cmpl	H0376	2
H6485	Cmpl	H1121	2
H6485	Cmpl	H1471	2
H6485	Cmpl	H3882	2
H6485	Cmpl	H5175	2
H6485	Cmpl	H5650	2
H6485	Cmpl	H6456	2
H6485	Cmpl	H6635	2
H6485	Cmpl	H7323	2
H6485	Cmpl	H8432	2
H6485	Objc	H1004	2
H6485	Objc	H1060	2
H6485	Objc	H1870	2
H6485	Objc	H3627	2
H6485	Objc	H3878	2
H6485	Objc	H4940	2
H6485	Objc	H6496	2
H6485	Objc	H8269	2
H6485	Subj	H1121	2
H6485	Subj	H2876	2
H6485	Subj	H3605	2
H6485	Subj	H3972	2
H6485	Subj	H4725	2
H6485	Subj	H6240	2
H6504	Subj	H1471	2
H6504	Subj	H3605	2
H6524	Subj	H1612	2
H6524	Subj	H4294	2
H6533	Objc	H0899	2
H6555	Cmpl	H0776	2
H6555	Cmpl	H2346	2
H6555	Cmpl	H3605	2
H6555	Objc	H0341	2
H6555	Objc	H1447	2
H6555	Subj	H0430	2
H6561	Objc	H2091	2
H6561	Objc	H5141	2
H6565	Cmpl	H0996	2
H6565	Objc	H4687	2
H6565	Subj	H1004	2
H6566	Cmpl	H1004	2
H6566	Cmpl	H3605	2
H6566	Cmpl	H8064	2
H6566	Objc	H8071	2
H6581	Cmpl	H0899	2
H6581	Cmpl	H3605	2
H6581	Cmpl	H6154	2
H6581	Cmpl	H8359	2
H6581	Subj	H4556	2
H6584	Cmpl	H6010	2
H6584	Objc	H2491	2
H6584	Objc	H5930	2
H6584	Subj	H6430	2
H6584	Subj	H7218	2
H6601	Subj	H0376	2
H6601	Subj	H3820	2
H6605	Cmpl	H1730	2
H6605	Objc	H0214	2
H6605	Objc	H0241	2
H6605	Objc	H1121	2
H6605	Objc	H2474	2
H6605	Objc	H3605	2
H6605	Objc	H3742	2
H6605	Objc	H4428	2
H6605	Objc	H7358	2
H6605	Subj	H0699	2
H6605	Subj	H6310	2
H6605	Subj	H8064	2
H6680	Cmpl	H0505	2
H6680	Cmpl	H1121	2
H6680	Cmpl	H1755	2
H6680	Cmpl	H3605	2
H6680	Cmpl	H3878	2
H6680	Cmpl	H5030	2
H6680	Objc	H1697	2
H6680	Objc	H4397	2
H6680	Objc	H5608	2
H6680	Objc	H5715	2
H6680	Objc	H7393	2
H6680	Objc	H7860	2
H6680	Objc	H8451	2
H6680	Subj	H0001	2
H6680	Subj	H0113	2
H6696	Objc	H3701	2
H6743	Cmpl	H4437	2
H6743	Subj	H1870	2
H6743	Subj	H3605	2
H6770	Subj	H5315	2
H6779	Cmpl	H0127	2
H6779	Objc	H7161	2
H6779	Subj	H2206	2
H6779	Subj	H8181	2
H6789	Objc	H3605	2
H6795	Cmpl	H2543	2
H6817	Cmpl	H4428	2
H6817	Cmpl	H6547	2
H6817	Subj	H3605	2
H6823	Cmpl	H2889	2
H6823	Cmpl	H5178	2
H6823	Objc	H1280	2
H6823	Objc	H1406	2
H6823	Objc	H3605	2
H6823	Objc	H4196	2
H6823	Objc	H5439	2
H6823	Objc	H7023	2
H6823	Objc	H7161	2
H6823	Objc	H7172	2
H6823	Objc	H7175	2
H6823	Objc	H7218	2
H6845	Objc	H4687	2
H6884	Objc	H3701	2
H6887	Cmpl	H3605	2
H6887	Subj	H0341	2
H6887	Subj	H6806	2
H6895	Objc	H0341	2
H6901	Objc	H4437	2
H6901	Subj	H3064	2
H6901	Subj	H3548	2
H6901	Subj	H3878	2
H6908	Cmpl	H1002	2
H6908	Cmpl	H2022	2
H6908	Cmpl	H5971	2
H6908	Objc	H0400	2
H6908	Objc	H1471	2
H6908	Objc	H2896	2
H6908	Objc	H3878	2
H6908	Objc	H5080	2
H6908	Objc	H6289	2
H6908	Objc	H7611	2
H6908	Objc	H8141	2
H6908	Subj	H5971	2
H6908	Subj	H6440	2
H6912	Cmpl	H1004	2
H6912	Cmpl	H1121	2
H6912	Subj	H1121	2
H6912	Subj	H3605	2
H6919	Objc	H0784	2
H6919	Subj	H0784	2
H6942	Cmpl	H3605	2
H6942	Cmpl	H8034	2
H6942	Cmpl	H8269	2
H6942	Objc	H0899	2
H6942	Objc	H1060	2
H6942	Objc	H1471	2
H6942	Objc	H2691	2
H6942	Objc	H6944	2
H6942	Objc	H8034	2
H6942	Objc	H8141	2
H6942	Objc	H8432	2
H6942	Subj	H0001	2
H6942	Subj	H0376	2
H6942	Subj	H0899	2
H6949	Subj	H1121	2
H6950	Cmpl	H0168	2
H6950	Cmpl	H4150	2
H6950	Cmpl	H6607	2
H6950	Objc	H0001	2
H6950	Objc	H1004	2
H6950	Objc	H4294	2
H6950	Objc	H5387	2
H6950	Objc	H5971	2
H6950	Objc	H7218	2
H6950	Subj	H0376	2
H6950	Subj	H1121	2
H6950	Subj	H5971	2
H6960	Cmpl	H4941	2
H6960	Cmpl	H7965	2
H6960	Subj	H0339	2
H6965	Cmpl	H0376	2
H6965	Cmpl	H0776	2
H6965	Cmpl	H0875	2
H6965	Cmpl	H1285	2
H6965	Cmpl	H1964	2
H6965	Cmpl	H2022	2
H6965	Cmpl	H3605	2
H6965	Cmpl	H3678	2
H6965	Cmpl	H4191	2
H6965	Cmpl	H5159	2
H6965	Cmpl	H5707	2
H6965	Cmpl	H5971	2
H6965	Cmpl	H6310	2
H6965	Cmpl	H7489	2
H6965	Cmpl	H8432	2
H6965	Objc	H0776	2
H6965	Objc	H1167	2
H6965	Objc	H1530	2
H6965	Objc	H1755	2
H6965	Objc	H2896	2
H6965	Objc	H3548	2
H6965	Objc	H4191	2
H6965	Objc	H4676	2
H6965	Objc	H5088	2
H6965	Objc	H6240	2
H6965	Objc	H7621	2
H6965	Objc	H7854	2
H6965	Objc	H8104	2
H6965	Objc	H8147	2
H6965	Objc	H8199	2
H6965	Objc	H8451	2
H6965	Subj	H0120	2
H6965	Subj	H0259	2
H6965	Subj	H0727	2
H6965	Subj	H0802	2
H6965	Subj	H1004	2
H6965	Subj	H1247	2
H6965	Subj	H1419	2
H6965	Subj	H2205	2
H6965	Subj	H4421	2
H6965	Subj	H4467	2
H6965	Subj	H4631	2
H6965	Subj	H5030	2
H6965	Subj	H5288	2
H6965	Subj	H5797	2
H6965	Subj	H5869	2
H6965	Subj	H7218	2
H6973	Cmpl	H1121	2
H6973	Cmpl	H6440	2
H6999	Cmpl	H1406	2
H6999	Cmpl	H5207	2
H6999	Cmpl	H7381	2
H6999	Objc	H0234	2
H6999	Objc	H0352	2
H6999	Objc	H1242	2
H6999	Objc	H6153	2
H7019	Subj	H0430	2
H7043	Cmpl	H0001	2
H7043	Cmpl	H3515	2
H7043	Cmpl	H5656	2
H7043	Cmpl	H7186	2
H7043	Objc	H0430	2
H7043	Objc	H4428	2
H7043	Subj	H3117	2
H7043	Subj	H4325	2
H7043	Subj	H5483	2
H7061	Objc	H0234	2
H7061	Objc	H4393	2
H7061	Objc	H7062	2
H7061	Subj	H3548	2
H7069	Cmpl	H3027	2
H7069	Cmpl	H3701	2
H7069	Cmpl	H5997	2
H7069	Cmpl	H6547	2
H7069	Objc	H0232	2
H7069	Objc	H0802	2
H7069	Objc	H1637	2
H7069	Objc	H4125	2
H7069	Subj	H7704	2
H7092	Subj	H5930	2
H7107	Subj	H0430	2
H7107	Subj	H4428	2
H7107	Subj	H6547	2
H7107	Subj	H8269	2
H7112	Objc	H3027	2
H7112	Objc	H3627	2
H7112	Objc	H7272	2
H7114	Objc	H3117	2
H7114	Objc	H5599	2
H7114	Subj	H7307	2
H7121	Cmpl	H0251	2
H7121	Cmpl	H0998	2
H7121	Cmpl	H2022	2
H7121	Cmpl	H3784	2
H7121	Cmpl	H3820	2
H7121	Cmpl	H3878	2
H7121	Cmpl	H6635	2
H7121	Cmpl	H6924	2
H7121	Cmpl	H6963	2
H7121	Cmpl	H7626	2
H7121	Cmpl	H7778	2
H7121	Cmpl	H7860	2
H7121	Cmpl	H8064	2
H7121	Cmpl	H8199	2
H7121	Objc	H0251	2
H7121	Objc	H0517	2
H7121	Objc	H1004	2
H7121	Objc	H1167	2
H7121	Objc	H1285	2
H7121	Objc	H1293	2
H7121	Objc	H2332	2
H7121	Objc	H3026	2
H7121	Objc	H3117	2
H7121	Objc	H4150	2
H7121	Objc	H4294	2
H7121	Objc	H4428	2
H7121	Objc	H4744	2
H7121	Objc	H5030	2
H7121	Objc	H5971	2
H7121	Objc	H6010	2
H7121	Objc	H6116	2
H7121	Objc	H7522	2
H7121	Objc	H8451	2
H7121	Subj	H0376	2
H7121	Subj	H1004	2
H7121	Subj	H2233	2
H7121	Subj	H5237	2
H7121	Subj	H5406	2
H7121	Subj	H5608	2
H7121	Subj	H5892	2
H7121	Subj	H5971	2
H7121	Subj	H7668	2
H7126	Cmpl	H0259	2
H7126	Cmpl	H0929	2
H7126	Cmpl	H0996	2
H7126	Cmpl	H3548	2
H7126	Cmpl	H4908	2
H7126	Cmpl	H4940	2
H7126	Cmpl	H5079	2
H7126	Cmpl	H5892	2
H7126	Cmpl	H6944	2
H7126	Cmpl	H7133	2
H7126	Cmpl	H7626	2
H7126	Objc	H0430	2
H7126	Objc	H0451	2
H7126	Objc	H0702	2
H7126	Objc	H2077	2
H7126	Objc	H3196	2
H7126	Objc	H3701	2
H7126	Objc	H3878	2
H7126	Objc	H3899	2
H7126	Objc	H4294	2
H7126	Objc	H4682	2
H7126	Objc	H4940	2
H7126	Objc	H5262	2
H7126	Objc	H5795	2
H7126	Objc	H6241	2
H7126	Objc	H8002	2
H7126	Objc	H8255	2
H7126	Subj	H2114	2
H7126	Subj	H4428	2
H7126	Subj	H7218	2
H7126	Subj	H8141	2
H7126	Subj	H8269	2
H7136	Cmpl	H6440	2
H7136	Objc	H3605	2
H7136	Subj	H4745	2
H7167	Cmpl	H1004	2
H7167	Objc	H4598	2
H7167	Subj	H1121	2
H7167	Subj	H4196	2
H7167	Subj	H4428	2
H7185	Objc	H5923	2
H7185	Subj	H0001	2
H7194	Cmpl	H2474	2
H7194	Cmpl	H3027	2
H7194	Objc	H8615	2
H7200	Cmpl	H0113	2
H7200	Cmpl	H0216	2
H7200	Cmpl	H0802	2
H7200	Cmpl	H1004	2
H7200	Cmpl	H1121	2
H7200	Cmpl	H2472	2
H7200	Cmpl	H2898	2
H7200	Cmpl	H3117	2
H7200	Cmpl	H3548	2
H7200	Cmpl	H5030	2
H7200	Cmpl	H5158	2
H7200	Cmpl	H5999	2
H7200	Cmpl	H6040	2
H7200	Cmpl	H6862	2
H7200	Cmpl	H7451	2
H7200	Cmpl	H8064	2
H7200	Objc	H0068	2
H7200	Objc	H0113	2
H7200	Objc	H0168	2
H7200	Objc	H0259	2
H7200	Objc	H0745	2
H7200	Objc	H0784	2
H7200	Objc	H1343	2
H7200	Objc	H1433	2
H7200	Objc	H1832	2
H7200	Objc	H1995	2
H7200	Objc	H2022	2
H7200	Objc	H2091	2
H7200	Objc	H2220	2
H7200	Objc	H2233	2
H7200	Objc	H2389	2
H7200	Objc	H2428	2
H7200	Objc	H3477	2
H7200	Objc	H3556	2
H7200	Objc	H4325	2
H7200	Objc	H4421	2
H7200	Objc	H4713	2
H7200	Objc	H4941	2
H7200	Objc	H5288	2
H7200	Objc	H5303	2
H7200	Objc	H5315	2
H7200	Objc	H5424	2
H7200	Objc	H5949	2
H7200	Objc	H6045	2
H7200	Objc	H6086	2
H7200	Objc	H6629	2
H7200	Objc	H6635	2
H7200	Objc	H6664	2
H7200	Objc	H7097	2
H7200	Objc	H7227	2
H7200	Objc	H7716	2
H7200	Objc	H7794	2
H7200	Objc	H7845	2
H7200	Objc	H8064	2
H7200	Objc	H8251	2
H7200	Subj	H0251	2
H7200	Subj	H0269	2
H7200	Subj	H0517	2
H7200	Subj	H0650	2
H7200	Subj	H0657	2
H7200	Subj	H0802	2
H7200	Subj	H0905	2
H7200	Subj	H3220	2
H7200	Subj	H3627	2
H7200	Subj	H4436	2
H7200	Subj	H4713	2
H7200	Subj	H5375	2
H7200	Subj	H5650	2
H7200	Subj	H6175	2
H7200	Subj	H6430	2
H7200	Subj	H7603	2
H7235	Objc	H0802	2
H7235	Objc	H2491	2
H7235	Objc	H3701	2
H7235	Objc	H5159	2
H7235	Objc	H5483	2
H7235	Objc	H6086	2
H7235	Objc	H7704	2
H7235	Subj	H1870	2
H7235	Subj	H2416	2
H7235	Subj	H5971	2
H7235	Subj	H6662	2
H7257	Cmpl	H8432	2
H7257	Subj	H3605	2
H7264	Subj	H2022	2
H7287	Cmpl	H0776	2
H7287	Cmpl	H1710	2
H7287	Cmpl	H5775	2
H7287	Cmpl	H8064	2
H7291	Cmpl	H4428	2
H7291	Objc	H0505	2
H7291	Objc	H5315	2
H7291	Objc	H6430	2
H7291	Objc	H6664	2
H7291	Subj	H0259	2
H7291	Subj	H0341	2
H7291	Subj	H1350	2
H7291	Subj	H1818	2
H7291	Subj	H3967	2
H7306	Objc	H7381	2
H7311	Cmpl	H0830	2
H7311	Cmpl	H3878	2
H7311	Cmpl	H4428	2
H7311	Objc	H0034	2
H7311	Objc	H2568	2
H7311	Objc	H3225	2
H7311	Objc	H4643	2
H7311	Objc	H5251	2
H7311	Objc	H6862	2
H7311	Objc	H6944	2
H7311	Subj	H0430	2
H7311	Subj	H5869	2
H7321	Subj	H0376	2
H7323	Cmpl	H0376	2
H7323	Cmpl	H0430	2
H7323	Cmpl	H6440	2
H7323	Cmpl	H7451	2
H7323	Objc	H1416	2
H7323	Subj	H5288	2
H7323	Subj	H7272	2
H7324	Cmpl	H3627	2
H7337	Objc	H5315	2
H7337	Objc	H6806	2
H7337	Subj	H0430	2
H7355	Objc	H0990	2
H7355	Objc	H1121	2
H7364	Objc	H3709	2
H7364	Subj	H1121	2
H7368	Subj	H4725	2
H7368	Subj	H6098	2
H7368	Subj	H7563	2
H7376	Subj	H5921	2
H7378	Cmpl	H1121	2
H7378	Cmpl	H2715	2
H7378	Cmpl	H3402	2
H7378	Cmpl	H5461	2
H7378	Subj	H0376	2
H7378	Subj	H5971	2
H7392	Cmpl	H1581	2
H7392	Cmpl	H2319	2
H7392	Cmpl	H3742	2
H7392	Cmpl	H4428	2
H7392	Cmpl	H5699	2
H7392	Objc	H0430	2
H7392	Objc	H0727	2
H7392	Objc	H3027	2
H7405	Cmpl	H0641	2
H7405	Cmpl	H2885	2
H7405	Objc	H2833	2
H7411	Cmpl	H3220	2
H7411	Objc	H5483	2
H7411	Objc	H7392	2
H7411	Subj	H3605	2
H7430	Cmpl	H0127	2
H7442	Objc	H6666	2
H7442	Subj	H2623	2
H7442	Subj	H3293	2
H7442	Subj	H3605	2
H7442	Subj	H3956	2
H7442	Subj	H6086	2
H7489	Cmpl	H0251	2
H7489	Cmpl	H1121	2
H7489	Cmpl	H2436	2
H7489	Cmpl	H5030	2
H7489	Cmpl	H5971	2
H7489	Objc	H3605	2
H7489	Subj	H3824	2
H7493	Objc	H1471	2
H7493	Subj	H2022	2
H7495	Cmpl	H4347	2
H7495	Objc	H4878	2
H7495	Subj	H5061	2
H7503	Objc	H3671	2
H7521	Objc	H5771	2
H7521	Subj	H0776	2
H7561	Cmpl	H0430	2
H7561	Objc	H7563	2
H7579	Cmpl	H0953	2
H7580	Subj	H0745	2
H7602	Objc	H7307	2
H7604	Cmpl	H1803	2
H7604	Cmpl	H3499	2
H7604	Cmpl	H5892	2
H7604	Cmpl	H7628	2
H7604	Objc	H0376	2
H7604	Objc	H0505	2
H7604	Objc	H5397	2
H7604	Objc	H5955	2
H7604	Objc	H5971	2
H7604	Subj	H1121	2
H7604	Subj	H4428	2
H7617	Objc	H1323	2
H7617	Objc	H1419	2
H7617	Objc	H1581	2
H7617	Objc	H2428	2
H7617	Objc	H2568	2
H7617	Objc	H2945	2
H7617	Objc	H5971	2
H7617	Objc	H6629	2
H7646	Cmpl	H1320	2
H7646	Cmpl	H2896	2
H7646	Cmpl	H3899	2
H7646	Objc	H3117	2
H7646	Objc	H3605	2
H7650	Cmpl	H0355	2
H7650	Cmpl	H0376	2
H7650	Cmpl	H0519	2
H7650	Cmpl	H5315	2
H7650	Cmpl	H6944	2
H7650	Cmpl	H7704	2
H7650	Objc	H1121	2
H7650	Objc	H5971	2
H7650	Subj	H0001	2
H7650	Subj	H0376	2
H7650	Subj	H3548	2
H7650	Subj	H5387	2
H7650	Subj	H5713	2
H7650	Subj	H6635	2
H7650	Subj	H8147	2
H7662	Cmpl	H0772	2
H7662	Objc	H6135	2
H7662	Objc	H8330	2
H7665	Objc	H1280	2
H7665	Objc	H2719	2
H7665	Objc	H3220	2
H7665	Objc	H3820	2
H7665	Objc	H4196	2
H7665	Objc	H4350	2
H7665	Objc	H4421	2
H7665	Objc	H5982	2
H7665	Objc	H6456	2
H7665	Objc	H6547	2
H7665	Objc	H6754	2
H7665	Subj	H0591	2
H7665	Subj	H2789	2
H7665	Subj	H3627	2
H7665	Subj	H3778	2
H7665	Subj	H5971	2
H7666	Objc	H1247	2
H7666	Objc	H4592	2
H7673	Cmpl	H0776	2
H7673	Cmpl	H3605	2
H7673	Objc	H0776	2
H7673	Objc	H1347	2
H7673	Objc	H1995	2
H7673	Objc	H2154	2
H7673	Objc	H2416	2
H7673	Objc	H7451	2
H7673	Subj	H0776	2
H7673	Subj	H1347	2
H7673	Subj	H2233	2
H7673	Subj	H5797	2
H7686	Cmpl	H3605	2
H7725	Cmpl	H0168	2
H7725	Cmpl	H0341	2
H7725	Cmpl	H0413	2
H7725	Cmpl	H0517	2
H7725	Cmpl	H0868	2
H7725	Cmpl	H0953	2
H7725	Cmpl	H1366	2
H7725	Cmpl	H2436	2
H7725	Cmpl	H3027	2
H7725	Cmpl	H3220	2
H7725	Cmpl	H4217	2
H7725	Cmpl	H4609	2
H7725	Cmpl	H5116	2
H7725	Cmpl	H5715	2
H7725	Cmpl	H6235	2
H7725	Cmpl	H6310	2
H7725	Cmpl	H6588	2
H7725	Cmpl	H6664	2
H7725	Cmpl	H7130	2
H7725	Cmpl	H7223	2
H7725	Cmpl	H7462	2
H7725	Cmpl	H7563	2
H7725	Cmpl	H7564	2
H7725	Cmpl	H7971	2
H7725	Cmpl	H8121	2
H7725	Objc	H0251	2
H7725	Objc	H0259	2
H7725	Objc	H0561	2
H7725	Objc	H1323	2
H7725	Objc	H1353	2
H7725	Objc	H1818	2
H7725	Objc	H1870	2
H7725	Objc	H2258	2
H7725	Objc	H2719	2
H7725	Objc	H3225	2
H7725	Objc	H3627	2
H7725	Objc	H4609	2
H7725	Objc	H4899	2
H7725	Objc	H5359	2
H7725	Objc	H6235	2
H7725	Objc	H6346	2
H7725	Objc	H6666	2
H7725	Objc	H6996	2
H7725	Objc	H7272	2
H7725	Objc	H7307	2
H7725	Objc	H7399	2
H7725	Subj	H0269	2
H7725	Subj	H0341	2
H7725	Subj	H2534	2
H7725	Subj	H2719	2
H7725	Subj	H3206	2
H7725	Subj	H5315	2
H7725	Subj	H5387	2
H7725	Subj	H5650	2
H7725	Subj	H5713	2
H7725	Subj	H5892	2
H7725	Subj	H6299	2
H7725	Subj	H6430	2
H7725	Subj	H7227	2
H7725	Subj	H7291	2
H7725	Subj	H7523	2
H7725	Subj	H8147	2
H7751	Cmpl	H3605	2
H7760	Cmpl	H0001	2
H7760	Cmpl	H0098	2
H7760	Cmpl	H0120	2
H7760	Cmpl	H0641	2
H7760	Cmpl	H1270	2
H7760	Cmpl	H1323	2
H7760	Cmpl	H1419	2
H7760	Cmpl	H1697	2
H7760	Cmpl	H2351	2
H7760	Cmpl	H2833	2
H7760	Cmpl	H3548	2
H7760	Cmpl	H3608	2
H7760	Cmpl	H4057	2
H7760	Cmpl	H4196	2
H7760	Cmpl	H4720	2
H7760	Cmpl	H5048	2
H7760	Cmpl	H5227	2
H7760	Cmpl	H5288	2
H7760	Cmpl	H5315	2
H7760	Cmpl	H5739	2
H7760	Cmpl	H5769	2
H7760	Cmpl	H5856	2
H7760	Cmpl	H5869	2
H7760	Cmpl	H6086	2
H7760	Cmpl	H6547	2
H7760	Cmpl	H6607	2
H7760	Cmpl	H6654	2
H7760	Cmpl	H7098	2
H7760	Cmpl	H7926	2
H7760	Cmpl	H8179	2
H7760	Cmpl	H8322	2
H7760	Objc	H0120	2
H7760	Objc	H0168	2
H7760	Objc	H0430	2
H7760	Objc	H1320	2
H7760	Objc	H1366	2
H7760	Objc	H1375	2
H7760	Objc	H1818	2
H7760	Objc	H2022	2
H7760	Objc	H2146	2
H7760	Objc	H2397	2
H7760	Objc	H2568	2
H7760	Objc	H2706	2
H7760	Objc	H2889	2
H7760	Objc	H3206	2
H7760	Objc	H3603	2
H7760	Objc	H3689	2
H7760	Objc	H3709	2
H7760	Objc	H4264	2
H7760	Objc	H4383	2
H7760	Objc	H4417	2
H7760	Objc	H4501	2
H7760	Objc	H4522	2
H7760	Objc	H4583	2
H7760	Objc	H4676	2
H7760	Objc	H4701	2
H7760	Objc	H4938	2
H7760	Objc	H5949	2
H7760	Objc	H6797	2
H7760	Objc	H7611	2
H7760	Objc	H7965	2
H7760	Objc	H7979	2
H7760	Objc	H8077	2
H7760	Objc	H8081	2
H7760	Objc	H8251	2
H7760	Objc	H8398	2
H7760	Objc	H8416	2
H7760	Subj	H0113	2
H7760	Subj	H0433	2
H7812	Cmpl	H0413	2
H7812	Cmpl	H1121	2
H7812	Cmpl	H1916	2
H7812	Cmpl	H1964	2
H7812	Cmpl	H5971	2
H7812	Cmpl	H8121	2
H7812	Subj	H1121	2
H7812	Subj	H1471	2
H7812	Subj	H4428	2
H7819	Cmpl	H4725	2
H7819	Objc	H0259	2
H7819	Objc	H3605	2
H7819	Objc	H5795	2
H7819	Objc	H6629	2
H7819	Objc	H6833	2
H7819	Objc	H7794	2
H7819	Objc	H8163	2
H7843	Cmpl	H0776	2
H7843	Objc	H1121	2
H7843	Objc	H1320	2
H7843	Objc	H1347	2
H7843	Objc	H2346	2
H7843	Objc	H4014	2
H7843	Objc	H5159	2
H7843	Objc	H6086	2
H7843	Objc	H6242	2
H7843	Objc	H7227	2
H7843	Subj	H0001	2
H7843	Subj	H0776	2
H7843	Subj	H3605	2
H7847	Cmpl	H0376	2
H7847	Cmpl	H8478	2
H7847	Subj	H0802	2
H7857	Cmpl	H4325	2
H7857	Objc	H0776	2
H7878	Cmpl	H2706	2
H7878	Cmpl	H3605	2
H7891	Cmpl	H0430	2
H7891	Objc	H2617	2
H7891	Subj	H1121	2
H7896	Cmpl	H2233	2
H7896	Cmpl	H3220	2
H7896	Cmpl	H4057	2
H7896	Cmpl	H5048	2
H7896	Cmpl	H5869	2
H7896	Cmpl	H8048	2
H7896	Cmpl	H8478	2
H7896	Objc	H0776	2
H7901	Cmpl	H2145	2
H7901	Cmpl	H2491	2
H7901	Cmpl	H2719	2
H7901	Cmpl	H4428	2
H7901	Cmpl	H4725	2
H7901	Cmpl	H4904	2
H7901	Cmpl	H6654	2
H7901	Cmpl	H8432	2
H7901	Objc	H0802	2
H7901	Objc	H4904	2
H7901	Subj	H0802	2
H7901	Subj	H3605	2
H7901	Subj	H6189	2
H7911	Objc	H0802	2
H7911	Objc	H4639	2
H7911	Objc	H5971	2
H7911	Objc	H6035	2
H7911	Objc	H6213	2
H7911	Subj	H0413	2
H7911	Subj	H3492	2
H7918	Subj	H2534	2
H7918	Subj	H4428	2
H7925	Subj	H5971	2
H7931	Cmpl	H2022	2
H7931	Cmpl	H3220	2
H7931	Cmpl	H4057	2
H7931	Cmpl	H4725	2
H7931	Cmpl	H6205	2
H7931	Objc	H4791	2
H7931	Subj	H3519	2
H7931	Subj	H5315	2
H7931	Subj	H5650	2
H7931	Subj	H5775	2
H7931	Subj	H8064	2
H7936	Objc	H7393	2
H7971	Cmpl	H0168	2
H7971	Cmpl	H0339	2
H7971	Cmpl	H0376	2
H7971	Cmpl	H0430	2
H7971	Cmpl	H0567	2
H7971	Cmpl	H0727	2
H7971	Cmpl	H0730	2
H7971	Cmpl	H0996	2
H7971	Cmpl	H1366	2
H7971	Cmpl	H1471	2
H7971	Cmpl	H1473	2
H7971	Cmpl	H2022	2
H7971	Cmpl	H2346	2
H7971	Cmpl	H2715	2
H7971	Cmpl	H3027	2
H7971	Cmpl	H3427	2
H7971	Cmpl	H4325	2
H7971	Cmpl	H4725	2
H7971	Cmpl	H6635	2
H7971	Cmpl	H6924	2
H7971	Cmpl	H7350	2
H7971	Cmpl	H7651	2
H7971	Objc	H0001	2
H7971	Objc	H0430	2
H7971	Objc	H0591	2
H7971	Objc	H0727	2
H7971	Objc	H0738	2
H7971	Objc	H0802	2
H7971	Objc	H1368	2
H7971	Objc	H2205	2
H7971	Objc	H2450	2
H7971	Objc	H2796	2
H7971	Objc	H3045	2
H7971	Objc	H3603	2
H7971	Objc	H3994	2
H7971	Objc	H4487	2
H7971	Objc	H5162	2
H7971	Objc	H5483	2
H7971	Objc	H5795	2
H7971	Objc	H6635	2
H7971	Objc	H6833	2
H7971	Objc	H7097	2
H7971	Objc	H7270	2
H7971	Objc	H7307	2
H7971	Objc	H7810	2
H7971	Objc	H7992	2
H7971	Objc	H8147	2
H7971	Objc	H8403	2
H7971	Subj	H0113	2
H7971	Subj	H2876	2
H7971	Subj	H5713	2
H7971	Subj	H6635	2
H7993	Cmpl	H0784	2
H7993	Cmpl	H4688	2
H7993	Cmpl	H4725	2
H7993	Cmpl	H5971	2
H7993	Cmpl	H6547	2
H7993	Cmpl	H8064	2
H7993	Cmpl	H8179	2
H7993	Objc	H0376	2
H7993	Objc	H0457	2
H7993	Objc	H1004	2
H7993	Objc	H1486	2
H7993	Objc	H3627	2
H7993	Objc	H3701	2
H7993	Objc	H4417	2
H7993	Objc	H5275	2
H7993	Objc	H6400	2
H7993	Objc	H7393	2
H7993	Objc	H8251	2
H7993	Subj	H0802	2
H7999	Cmpl	H1121	2
H7999	Cmpl	H2896	2
H7999	Cmpl	H8478	2
H7999	Objc	H3605	2
H7999	Objc	H4315	2
H7999	Objc	H6467	2
H7999	Objc	H7462	2
H7999	Subj	H3605	2
H7999	Subj	H4399	2
H8025	Objc	H5275	2
H8045	Cmpl	H0127	2
H8045	Objc	H1004	2
H8045	Objc	H1116	2
H8045	Objc	H1121	2
H8045	Objc	H5971	2
H8045	Subj	H1004	2
H8056	Cmpl	H2896	2
H8056	Cmpl	H3027	2
H8056	Cmpl	H3444	2
H8056	Cmpl	H4639	2
H8056	Cmpl	H4916	2
H8056	Cmpl	H6440	2
H8056	Objc	H1419	2
H8056	Objc	H8057	2
H8056	Subj	H0001	2
H8056	Subj	H0376	2
H8056	Subj	H0490	2
H8056	Subj	H1004	2
H8056	Subj	H3490	2
H8056	Subj	H6951	2
H8056	Subj	H8064	2
H8058	Subj	H1241	2
H8074	Objc	H0776	2
H8074	Subj	H0776	2
H8085	Cmpl	H0251	2
H8085	Cmpl	H0996	2
H8085	Cmpl	H2451	2
H8085	Cmpl	H6049	2
H8085	Cmpl	H7440	2
H8085	Cmpl	H7891	2
H8085	Cmpl	H8199	2
H8085	Cmpl	H8469	2
H8085	Objc	H0120	2
H8085	Objc	H0259	2
H8085	Objc	H0376	2
H8085	Objc	H0423	2
H8085	Objc	H0519	2
H8085	Objc	H0565	2
H8085	Objc	H0802	2
H8085	Objc	H1347	2
H8085	Objc	H1681	2
H8085	Objc	H2450	2
H8085	Objc	H2706	2
H8085	Objc	H2896	2
H8085	Objc	H3639	2
H8085	Objc	H5009	2
H8085	Objc	H5065	2
H8085	Objc	H5650	2
H8085	Objc	H6310	2
H8085	Objc	H6662	2
H8085	Objc	H7775	2
H8085	Objc	H8089	2
H8085	Objc	H8416	2
H8085	Objc	H8643	2
H8085	Subj	H0113	2
H8085	Subj	H0567	2
H8085	Subj	H1419	2
H8085	Subj	H2555	2
H8085	Subj	H2772	2
H8085	Subj	H5030	2
H8085	Subj	H5713	2
H8085	Subj	H5892	2
H8085	Subj	H6163	2
H8085	Subj	H7453	2
H8104	Cmpl	H0113	2
H8104	Cmpl	H4428	2
H8104	Cmpl	H5771	2
H8104	Cmpl	H7307	2
H8104	Objc	H1121	2
H8104	Objc	H2282	2
H8104	Objc	H2623	2
H8104	Objc	H3117	2
H8104	Objc	H3550	2
H8104	Objc	H4196	2
H8104	Objc	H5656	2
H8104	Objc	H6607	2
H8130	Objc	H0157	2
H8130	Objc	H0734	2
H8130	Objc	H1847	2
H8130	Objc	H4148	2
H8130	Subj	H0376	2
H8130	Subj	H5315	2
H8138	Objc	H0899	2
H8138	Objc	H3608	2
H8138	Subj	H2122	2
H8150	Objc	H3956	2
H8155	Subj	H1004	2
H8159	Cmpl	H4503	2
H8199	Cmpl	H0376	2
H8199	Cmpl	H1121	2
H8199	Objc	H0571	2
H8199	Objc	H1697	2
H8199	Objc	H1800	2
H8199	Objc	H5650	2
H8199	Objc	H6994	2
H8210	Cmpl	H1004	2
H8210	Cmpl	H1471	2
H8210	Cmpl	H5892	2
H8210	Objc	H2740	2
H8210	Objc	H5315	2
H8210	Objc	H7880	2
H8210	Objc	H8457	2
H8210	Subj	H1880	2
H8210	Subj	H5315	2
H8248	Objc	H0517	2
H8248	Objc	H0802	2
H8248	Objc	H1471	2
H8252	Cmpl	H4421	2
H8252	Subj	H5892	2
H8259	Cmpl	H0120	2
H8259	Cmpl	H1121	2
H8259	Cmpl	H6944	2
H8259	Subj	H1323	2
H8262	Cmpl	H3605	2
H8262	Objc	H5315	2
H8313	Objc	H0001	2
H8313	Objc	H0120	2
H8313	Objc	H0842	2
H8313	Objc	H1323	2
H8313	Objc	H2677	2
H8313	Objc	H6456	2
H8334	Cmpl	H6944	2
H8334	Cmpl	H8034	2
H8354	Objc	H0875	2
H8354	Objc	H0953	2
H8354	Objc	H2558	2
H8354	Objc	H6025	2
H8354	Objc	H6260	2
H8354	Subj	H1471	2
H8354	Subj	H3904	2
H8354	Subj	H4735	2
H8354	Subj	H5971	2
H8367	Subj	H3220	2
H8421	Subj	H4486	2
H8446	Cmpl	H0310	2
H8518	Objc	H6235	2
H8551	Objc	H3519	2
H8552	Subj	H1697	2
H8552	Subj	H1755	2
H8552	Subj	H3701	2
H8552	Subj	H5971	2
H8567	Objc	H6666	2
H8582	Objc	H5971	2
H8582	Subj	H1121	2
H8610	Objc	H5030	2
H8610	Subj	H3605	2
H8610	Subj	H4428	2
H8628	Cmpl	H2022	2
H8628	Cmpl	H2689	2
H8628	Objc	H0168	2
H8628	Subj	H3605	2
H0006	Cmpl	H0120	1
H0006	Cmpl	H0433	1
H0006	Cmpl	H0772	1
H0006	Cmpl	H1471	1
H0006	Cmpl	H3605	1
H0006	Cmpl	H4194	1
H0006	Cmpl	H4725	1
H0006	Cmpl	H5397	1
H0006	Cmpl	H5971	1
H0006	Cmpl	H6951	1
H0006	Cmpl	H7031	1
H0006	Cmpl	H7130	1
H0006	Cmpl	H7563	1
H0006	Cmpl	H8064	1
H0006	Cmpl	H8065	1
H0006	Cmpl	H8432	1
H0006	Cmpl	H8460	1
H0006	Cmpl	H8478	1
H0006	Objc	H0216	1
H0006	Objc	H0929	1
H0006	Objc	H1116	1
H0006	Objc	H1167	1
H0006	Objc	H1419	1
H0006	Objc	H1696	1
H0006	Objc	H2143	1
H0006	Objc	H2205	1
H0006	Objc	H2233	1
H0006	Objc	H2270	1
H0006	Objc	H2348	1
H0006	Objc	H2428	1
H0006	Objc	H2450	1
H0006	Objc	H2860	1
H0006	Objc	H2896	1
H0006	Objc	H3220	1
H0006	Objc	H3577	1
H0006	Objc	H3618	1
H0006	Objc	H3820	1
H0006	Objc	H4082	1
H0006	Objc	H4428	1
H0006	Objc	H4467	1
H0006	Objc	H4541	1
H0006	Objc	H4725	1
H0006	Objc	H4818	1
H0006	Objc	H4906	1
H0006	Objc	H5288	1
H0006	Objc	H5369	1
H0006	Objc	H5647	1
H0006	Objc	H5892	1
H0006	Objc	H6529	1
H0006	Objc	H6754	1
H0006	Objc	H6887	1
H0006	Objc	H7347	1
H0006	Objc	H7563	1
H0006	Objc	H7611	1
H0006	Objc	H8057	1
H0006	Objc	H8269	1
H0006	Objc	H8300	1
H0006	Objc	H8342	1
H0006	Objc	H8615	1
H0006	Subj	H0160	1
H0006	Subj	H0259	1
H0006	Subj	H0376	1
H0006	Subj	H0424	1
H0006	Subj	H0530	1
H0006	Subj	H0776	1
H0006	Subj	H1121	1
H0006	Subj	H1198	1
H0006	Subj	H1653	1
H0006	Subj	H1870	1
H0006	Subj	H2377	1
H0006	Subj	H2398	1
H0006	Subj	H2450	1
H0006	Subj	H2451	1
H0006	Subj	H2610	1
H0006	Subj	H2623	1
H0006	Subj	H3117	1
H0006	Subj	H3289	1
H0006	Subj	H3502	1
H0006	Subj	H3577	1
H0006	Subj	H3625	1
H0006	Subj	H3627	1
H0006	Subj	H3686	1
H0006	Subj	H3915	1
H0006	Subj	H4421	1
H0006	Subj	H4467	1
H0006	Subj	H4979	1
H0006	Subj	H5030	1
H0006	Subj	H5332	1
H0006	Subj	H5641	1
H0006	Subj	H5707	1
H0006	Subj	H5971	1
H0006	Subj	H6010	1
H0006	Subj	H6041	1
H0006	Subj	H6098	1
H0006	Subj	H6239	1
H0006	Subj	H6430	1
H0006	Subj	H6662	1
H0006	Subj	H7068	1
H0006	Subj	H7105	1
H0006	Subj	H7369	1
H0006	Subj	H7379	1
H0006	Subj	H7604	1
H0006	Subj	H7704	1
H0006	Subj	H8034	1
H0006	Subj	H8127	1
H0006	Subj	H8135	1
H0006	Subj	H8269	1
H0006	Subj	H8378	1
H0006	Subj	H8431	1
H0014	Cmpl	H6098	1
H0014	Subj	H0430	1
H0014	Subj	H1004	1
H0014	Subj	H1121	1
H0014	Subj	H5650	1
H0014	Subj	H7214	1
H0055	Objc	H1348	1
H0055	Objc	H6227	1
H0056	Objc	H2346	1
H0056	Objc	H2426	1
H0056	Subj	H0001	1
H0056	Subj	H0127	1
H0056	Subj	H3548	1
H0056	Subj	H4376	1
H0056	Subj	H4428	1
H0056	Subj	H5315	1
H0056	Subj	H6607	1
H0056	Subj	H8334	1
H0056	Subj	H8492	1
H0103	Objc	H3978	1
H0109	Objc	H5315	1
H0119	Objc	H6106	1
H0157	Cmpl	H7453	1
H0157	Objc	H0001	1
H0157	Objc	H0113	1
H0157	Objc	H0571	1
H0157	Objc	H0868	1
H0157	Objc	H1004	1
H0157	Objc	H1106	1
H0157	Objc	H1616	1
H0157	Objc	H1697	1
H0157	Objc	H2114	1
H0157	Objc	H2850	1
H0157	Objc	H2896	1
H0157	Objc	H3519	1
H0157	Objc	H3605	1
H0157	Objc	H4125	1
H0157	Objc	H4194	1
H0157	Objc	H4583	1
H0157	Objc	H4687	1
H0157	Objc	H4725	1
H0157	Objc	H4904	1
H0157	Objc	H4908	1
H0157	Objc	H4941	1
H0157	Objc	H5237	1
H0157	Objc	H5291	1
H0157	Objc	H5715	1
H0157	Objc	H5984	1
H0157	Objc	H6547	1
H0157	Objc	H6664	1
H0157	Objc	H6666	1
H0157	Objc	H6722	1
H0157	Objc	H7045	1
H0157	Objc	H7227	1
H0157	Objc	H7385	1
H0157	Objc	H7451	1
H0157	Objc	H7621	1
H0157	Objc	H7965	1
H0157	Objc	H8034	1
H0157	Objc	H8130	1
H0157	Objc	H8142	1
H0157	Objc	H8267	1
H0157	Subj	H0430	1
H0157	Subj	H1323	1
H0157	Subj	H3605	1
H0157	Subj	H4043	1
H0157	Subj	H5797	1
H0157	Subj	H5971	1
H0157	Subj	H8130	1
H0167	Subj	H6163	1
H0183	Cmpl	H1366	1
H0183	Objc	H0519	1
H0183	Objc	H1004	1
H0183	Objc	H2543	1
H0183	Objc	H3117	1
H0183	Objc	H3308	1
H0183	Objc	H3605	1
H0183	Objc	H5650	1
H0183	Objc	H7451	1
H0183	Objc	H7453	1
H0183	Objc	H7704	1
H0183	Objc	H7794	1
H0183	Subj	H0628	1
H0183	Subj	H4428	1
H0183	Subj	H7563	1
H0213	Cmpl	H0310	1
H0213	Subj	H2022	1
H0213	Subj	H4397	1
H0215	Cmpl	H3519	1
H0215	Cmpl	H4135	1
H0215	Cmpl	H4501	1
H0215	Cmpl	H4720	1
H0215	Cmpl	H5676	1
H0215	Cmpl	H8074	1
H0215	Objc	H0216	1
H0215	Objc	H1870	1
H0215	Objc	H4196	1
H0215	Objc	H5369	1
H0215	Objc	H5410	1
H0215	Subj	H0120	1
H0215	Subj	H0430	1
H0215	Subj	H0776	1
H0215	Subj	H1697	1
H0215	Subj	H2451	1
H0215	Subj	H3915	1
H0215	Subj	H5369	1
H0215	Subj	H6608	1
H0215	Subj	H7651	1
H0225	Subj	H0376	1
H0225	Subj	H3548	1
H0235	Cmpl	H0424	1
H0235	Cmpl	H0745	1
H0235	Cmpl	H1356	1
H0235	Cmpl	H1964	1
H0235	Cmpl	H3220	1
H0235	Cmpl	H3627	1
H0235	Cmpl	H4082	1
H0235	Cmpl	H7227	1
H0235	Subj	H3027	1
H0235	Subj	H3899	1
H0235	Subj	H4325	1
H0235	Subj	H4428	1
H0238	Cmpl	H0561	1
H0238	Cmpl	H4405	1
H0238	Cmpl	H4687	1
H0238	Cmpl	H6310	1
H0238	Cmpl	H6963	1
H0238	Cmpl	H8394	1
H0238	Cmpl	H8469	1
H0238	Objc	H0430	1
H0238	Objc	H0561	1
H0238	Objc	H1697	1
H0238	Objc	H3605	1
H0238	Objc	H4820	1
H0238	Objc	H7775	1
H0238	Objc	H8193	1
H0238	Objc	H8469	1
H0247	Objc	H2428	1
H0247	Objc	H4975	1
H0247	Subj	H3782	1
H0270	Cmpl	H0730	1
H0270	Cmpl	H0776	1
H0270	Cmpl	H0804	1
H0270	Cmpl	H1004	1
H0270	Cmpl	H1817	1
H0270	Cmpl	H2180	1
H0270	Cmpl	H2206	1
H0270	Cmpl	H3027	1
H0270	Cmpl	H3225	1
H0270	Cmpl	H3671	1
H0270	Cmpl	H4196	1
H0270	Cmpl	H4201	1
H0270	Cmpl	H4941	1
H0270	Cmpl	H5442	1
H0270	Cmpl	H5531	1
H0270	Cmpl	H5578	1
H0270	Cmpl	H5892	1
H0270	Cmpl	H6086	1
H0270	Cmpl	H6119	1
H0270	Cmpl	H6203	1
H0270	Cmpl	H6370	1
H0270	Cmpl	H7023	1
H0270	Cmpl	H7161	1
H0270	Cmpl	H8147	1
H0270	Cmpl	H8179	1
H0270	Objc	H0259	1
H0270	Objc	H0727	1
H0270	Objc	H1004	1
H0270	Objc	H1320	1
H0270	Objc	H1870	1
H0270	Objc	H2610	1
H0270	Objc	H2964	1
H0270	Objc	H3427	1
H0270	Objc	H5288	1
H0270	Objc	H5869	1
H0270	Objc	H6996	1
H0270	Objc	H8109	1
H0270	Objc	H8178	1
H0270	Subj	H2427	1
H0270	Subj	H3225	1
H0270	Subj	H6341	1
H0270	Subj	H6427	1
H0270	Subj	H6430	1
H0270	Subj	H6662	1
H0270	Subj	H6735	1
H0270	Subj	H6935	1
H0270	Subj	H7272	1
H0309	Cmpl	H4150	1
H0309	Cmpl	H8130	1
H0309	Objc	H1831	1
H0309	Objc	H4395	1
H0309	Subj	H4818	1
H0309	Subj	H5288	1
H0309	Subj	H6471	1
H0309	Subj	H8668	1
H0331	Objc	H0241	1
H0398	Cmpl	H0001	1
H0398	Cmpl	H0024	1
H0398	Cmpl	H0259	1
H0398	Cmpl	H0341	1
H0398	Cmpl	H0730	1
H0398	Cmpl	H1004	1
H0398	Cmpl	H1870	1
H0398	Cmpl	H2320	1
H0398	Cmpl	H2896	1
H0398	Cmpl	H2945	1
H0398	Cmpl	H4150	1
H0398	Cmpl	H4264	1
H0398	Cmpl	H4428	1
H0398	Cmpl	H5315	1
H0398	Cmpl	H5669	1
H0398	Cmpl	H5680	1
H0398	Cmpl	H5971	1
H0398	Cmpl	H6440	1
H0398	Cmpl	H6595	1
H0398	Cmpl	H7097	1
H0398	Cmpl	H7704	1
H0398	Cmpl	H7998	1
H0398	Cmpl	H8002	1
H0398	Cmpl	H8641	1
H0398	Objc	H0034	1
H0398	Objc	H0068	1
H0398	Objc	H0168	1
H0398	Objc	H0341	1
H0398	Objc	H0430	1
H0398	Objc	H0665	1
H0398	Objc	H0697	1
H0398	Objc	H0730	1
H0398	Objc	H0772	1
H0398	Objc	H0801	1
H0398	Objc	H0970	1
H0398	Objc	H1004	1
H0398	Objc	H1098	1
H0398	Objc	H1167	1
H0398	Objc	H1280	1
H0398	Objc	H1368	1
H0398	Objc	H1501	1
H0398	Objc	H1517	1
H0398	Objc	H1626	1
H0398	Objc	H1767	1
H0398	Objc	H2132	1
H0398	Objc	H2373	1
H0398	Objc	H2428	1
H0398	Objc	H2532	1
H0398	Objc	H2548	1
H0398	Objc	H2557	1
H0398	Objc	H2682	1
H0398	Objc	H2706	1
H0398	Objc	H2964	1
H0398	Objc	H2981	1
H0398	Objc	H3027	1
H0398	Objc	H3218	1
H0398	Objc	H3238	1
H0398	Objc	H3293	1
H0398	Objc	H3303	1
H0398	Objc	H3462	1
H0398	Objc	H3585	1
H0398	Objc	H3701	1
H0398	Objc	H3715	1
H0398	Objc	H3759	1
H0398	Objc	H3775	1
H0398	Objc	H4022	1
H0398	Objc	H4040	1
H0398	Objc	H4150	1
H0398	Objc	H4191	1
H0398	Objc	H4220	1
H0398	Objc	H4393	1
H0398	Objc	H4407	1
H0398	Objc	H4611	1
H0398	Objc	H4758	1
H0398	Objc	H5030	1
H0398	Objc	H5071	1
H0398	Objc	H5088	1
H0398	Objc	H5159	1
H0398	Objc	H5384	1
H0398	Objc	H5560	1
H0398	Objc	H5704	1
H0398	Objc	H5785	1
H0398	Objc	H5795	1
H0398	Objc	H5892	1
H0398	Objc	H5921	1
H0398	Objc	H5927	1
H0398	Objc	H6040	1
H0398	Objc	H6104	1
H0398	Objc	H6285	1
H0398	Objc	H6346	1
H0398	Objc	H6413	1
H0398	Objc	H6453	1
H0398	Objc	H6536	1
H0398	Objc	H6541	1
H0398	Objc	H6833	1
H0398	Objc	H6862	1
H0398	Objc	H6936	1
H0398	Objc	H7033	1
H0398	Objc	H7039	1
H0398	Objc	H7098	1
H0398	Objc	H7105	1
H0398	Objc	H7171	1
H0398	Objc	H7179	1
H0398	Objc	H7227	1
H0398	Objc	H7235	1
H0398	Objc	H7588	1
H0398	Objc	H7607	1
H0398	Objc	H7668	1
H0398	Objc	H7690	1
H0398	Objc	H7785	1
H0398	Objc	H7794	1
H0398	Objc	H7810	1
H0398	Objc	H7998	1
H0398	Objc	H8002	1
H0398	Objc	H8081	1
H0398	Objc	H8199	1
H0398	Objc	H8269	1
H0398	Objc	H8318	1
H0398	Objc	H8393	1
H0398	Objc	H8415	1
H0398	Objc	H8441	1
H0398	Objc	H8548	1
H0398	Objc	H8570	1
H0398	Objc	H8573	1
H0398	Subj	H0034	1
H0398	Subj	H0113	1
H0398	Subj	H0157	1
H0398	Subj	H0251	1
H0398	Subj	H0319	1
H0398	Subj	H0341	1
H0398	Subj	H0354	1
H0398	Subj	H0423	1
H0398	Subj	H0505	1
H0398	Subj	H0802	1
H0398	Subj	H0930	1
H0398	Subj	H1060	1
H0398	Subj	H1322	1
H0398	Subj	H1419	1
H0398	Subj	H1430	1
H0398	Subj	H1481	1
H0398	Subj	H1616	1
H0398	Subj	H1851	1
H0398	Subj	H2077	1
H0398	Subj	H2233	1
H0398	Subj	H2416	1
H0398	Subj	H2428	1
H0398	Subj	H2557	1
H0398	Subj	H2677	1
H0398	Subj	H3064	1
H0398	Subj	H3490	1
H0398	Subj	H3956	1
H0398	Subj	H4194	1
H0398	Subj	H4758	1
H0398	Subj	H5236	1
H0398	Subj	H5315	1
H0398	Subj	H5341	1
H0398	Subj	H5650	1
H0398	Subj	H5895	1
H0398	Subj	H6035	1
H0398	Subj	H6189	1
H0398	Subj	H6310	1
H0398	Subj	H6643	1
H0398	Subj	H7054	1
H0398	Subj	H7121	1
H0398	Subj	H7171	1
H0398	Subj	H7456	1
H0398	Subj	H7535	1
H0398	Subj	H8002	1
H0398	Subj	H8384	1
H0398	Subj	H8426	1
H0398	Subj	H8602	1
H0413	Cmpl	H1818	1
H0413	Cmpl	H3196	1
H0413	Cmpl	H4428	1
H0413	Cmpl	H4960	1
H0413	Cmpl	H6598	1
H0413	Objc	H3605	1
H0413	Objc	H4403	1
H0413	Subj	H3709	1
H0535	Subj	H1121	1
H0535	Subj	H1612	1
H0535	Subj	H3205	1
H0535	Subj	H3324	1
H0535	Subj	H3605	1
H0535	Subj	H4791	1
H0535	Subj	H5971	1
H0535	Subj	H6525	1
H0535	Subj	H7227	1
H0535	Subj	H7651	1
H0535	Subj	H7709	1
H0535	Subj	H8179	1
H0535	Subj	H8384	1
H0539	Cmpl	H0314	1
H0539	Cmpl	H0413	1
H0539	Cmpl	H0424	1
H0539	Cmpl	H1285	1
H0539	Cmpl	H3605	1
H0539	Cmpl	H4687	1
H0539	Cmpl	H5030	1
H0539	Cmpl	H6918	1
H0539	Cmpl	H6963	1
H0539	Cmpl	H7453	1
H0539	Cmpl	H7723	1
H0539	Cmpl	H8052	1
H0539	Cmpl	H8147	1
H0539	Subj	H0376	1
H0539	Subj	H0776	1
H0539	Subj	H1004	1
H0539	Subj	H1121	1
H0539	Subj	H1323	1
H0539	Subj	H3427	1
H0539	Subj	H3605	1
H0539	Subj	H4428	1
H0539	Subj	H4467	1
H0539	Subj	H5715	1
H0539	Subj	H5971	1
H0539	Subj	H7307	1
H0539	Subj	H8398	1
H0553	Cmpl	H1121	1
H0553	Objc	H1121	1
H0553	Objc	H2220	1
H0553	Objc	H3766	1
H0553	Objc	H3782	1
H0553	Subj	H1121	1
H0553	Subj	H2389	1
H0553	Subj	H3816	1
H0553	Subj	H3820	1
H0553	Subj	H3824	1
H0559	Cmpl	H0259	1
H0559	Cmpl	H0329	1
H0559	Cmpl	H0339	1
H0559	Cmpl	H0424	1
H0559	Cmpl	H0433	1
H0559	Cmpl	H0505	1
H0559	Cmpl	H0631	1
H0559	Cmpl	H1060	1
H0559	Cmpl	H1087	1
H0559	Cmpl	H1350	1
H0559	Cmpl	H1377	1
H0559	Cmpl	H1404	1
H0559	Cmpl	H1419	1
H0559	Cmpl	H1425	1
H0559	Cmpl	H1473	1
H0559	Cmpl	H1612	1
H0559	Cmpl	H1663	1
H0559	Cmpl	H1709	1
H0559	Cmpl	H1730	1
H0559	Cmpl	H1755	1
H0559	Cmpl	H1995	1
H0559	Cmpl	H2076	1
H0559	Cmpl	H2132	1
H0559	Cmpl	H2233	1
H0559	Cmpl	H2340	1
H0559	Cmpl	H2416	1
H0559	Cmpl	H2450	1
H0559	Cmpl	H2451	1
H0559	Cmpl	H2677	1
H0559	Cmpl	H2748	1
H0559	Cmpl	H2850	1
H0559	Cmpl	H2860	1
H0559	Cmpl	H2876	1
H0559	Cmpl	H3027	1
H0559	Cmpl	H3045	1
H0559	Cmpl	H3064	1
H0559	Cmpl	H3205	1
H0559	Cmpl	H3220	1
H0559	Cmpl	H3293	1
H0559	Cmpl	H3596	1
H0559	Cmpl	H3671	1
H0559	Cmpl	H3800	1
H0559	Cmpl	H3967	1
H0559	Cmpl	H4084	1
H0559	Cmpl	H4350	1
H0559	Cmpl	H4453	1
H0559	Cmpl	H4639	1
H0559	Cmpl	H4899	1
H0559	Cmpl	H4910	1
H0559	Cmpl	H5045	1
H0559	Cmpl	H5612	1
H0559	Cmpl	H5647	1
H0559	Cmpl	H5680	1
H0559	Cmpl	H5958	1
H0559	Cmpl	H5975	1
H0559	Cmpl	H5982	1
H0559	Cmpl	H6086	1
H0559	Cmpl	H6106	1
H0559	Cmpl	H6213	1
H0559	Cmpl	H6256	1
H0559	Cmpl	H6828	1
H0559	Cmpl	H6833	1
H0559	Cmpl	H7017	1
H0559	Cmpl	H7101	1
H0559	Cmpl	H7114	1
H0559	Cmpl	H7203	1
H0559	Cmpl	H7206	1
H0559	Cmpl	H7218	1
H0559	Cmpl	H7307	1
H0559	Cmpl	H7611	1
H0559	Cmpl	H7626	1
H0559	Cmpl	H7651	1
H0559	Cmpl	H7704	1
H0559	Cmpl	H7814	1
H0559	Cmpl	H7843	1
H0559	Cmpl	H7934	1
H0559	Cmpl	H7950	1
H0559	Cmpl	H8334	1
H0559	Cmpl	H8384	1
H0559	Cmpl	H8441	1
H0559	Cmpl	H8489	1
H0559	Cmpl	H8581	1
H0559	Objc	H0530	1
H0559	Objc	H0561	1
H0559	Objc	H1419	1
H0559	Objc	H2375	1
H0559	Objc	H3372	1
H0559	Objc	H3519	1
H0559	Objc	H3577	1
H0559	Objc	H3605	1
H0559	Objc	H4405	1
H0559	Objc	H4438	1
H0559	Objc	H4503	1
H0559	Objc	H4738	1
H0559	Objc	H5650	1
H0559	Objc	H5800	1
H0559	Objc	H5807	1
H0559	Objc	H5930	1
H0559	Objc	H6440	1
H0559	Objc	H6662	1
H0559	Objc	H6963	1
H0559	Objc	H7218	1
H0559	Objc	H7451	1
H0559	Objc	H7960	1
H0559	Objc	H8077	1
H0559	Objc	H8668	1
H0559	Subj	H0011	1
H0559	Subj	H0157	1
H0559	Subj	H0168	1
H0559	Subj	H0269	1
H0559	Subj	H0312	1
H0559	Subj	H0314	1
H0559	Subj	H0329	1
H0559	Subj	H0339	1
H0559	Subj	H0413	1
H0559	Subj	H0441	1
H0559	Subj	H0702	1
H0559	Subj	H1100	1
H0559	Subj	H1254	1
H0559	Subj	H1516	1
H0559	Subj	H1612	1
H0559	Subj	H1755	1
H0559	Subj	H2086	1
H0559	Subj	H2132	1
H0559	Subj	H2523	1
H0559	Subj	H2563	1
H0559	Subj	H2748	1
H0559	Subj	H3336	1
H0559	Subj	H3372	1
H0559	Subj	H3627	1
H0559	Subj	H3715	1
H0559	Subj	H3820	1
H0559	Subj	H3824	1
H0559	Subj	H4194	1
H0559	Subj	H4376	1
H0559	Subj	H4581	1
H0559	Subj	H4639	1
H0559	Subj	H4725	1
H0559	Subj	H4805	1
H0559	Subj	H4911	1
H0559	Subj	H4912	1
H0559	Subj	H4962	1
H0559	Subj	H5175	1
H0559	Subj	H5236	1
H0559	Subj	H5237	1
H0559	Subj	H5503	1
H0559	Subj	H5608	1
H0559	Subj	H5674	1
H0559	Subj	H5984	1
H0559	Subj	H6106	1
H0559	Subj	H6213	1
H0559	Subj	H6412	1
H0559	Subj	H6440	1
H0559	Subj	H6935	1
H0559	Subj	H7069	1
H0559	Subj	H7074	1
H0559	Subj	H7200	1
H0559	Subj	H7311	1
H0559	Subj	H7355	1
H0559	Subj	H7605	1
H0559	Subj	H7923	1
H0559	Subj	H7934	1
H0559	Subj	H8034	1
H0559	Subj	H8283	1
H0559	Subj	H8384	1
H0559	Subj	H8415	1
H0559	Subj	H8453	1
H0559	Subj	H8664	1
H0579	Cmpl	H3027	1
H0579	Cmpl	H6662	1
H0579	Subj	H0205	1
H0579	Subj	H0430	1
H0579	Subj	H3605	1
H0579	Subj	H7462	1
H0584	Subj	H0929	1
H0584	Subj	H1121	1
H0584	Subj	H3605	1
H0584	Subj	H3820	1
H0584	Subj	H5971	1
H0584	Subj	H8056	1
H0596	Subj	H0120	1
H0596	Subj	H2416	1
H0599	Cmpl	H1697	1
H0622	Cmpl	H0001	1
H0622	Cmpl	H0430	1
H0622	Cmpl	H0953	1
H0622	Cmpl	H2022	1
H0622	Cmpl	H2077	1
H0622	Cmpl	H2416	1
H0622	Cmpl	H2651	1
H0622	Cmpl	H3027	1
H0622	Cmpl	H4264	1
H0622	Cmpl	H4296	1
H0622	Cmpl	H4929	1
H0622	Cmpl	H5608	1
H0622	Cmpl	H6016	1
H0622	Cmpl	H7339	1
H0622	Cmpl	H7611	1
H0622	Cmpl	H8242	1
H0622	Cmpl	H8432	1
H0622	Cmpl	H8593	1
H0622	Objc	H0430	1
H0622	Objc	H0505	1
H0622	Objc	H0517	1
H0622	Objc	H0665	1
H0622	Objc	H0970	1
H0622	Objc	H1000	1
H0622	Objc	H1637	1
H0622	Objc	H1709	1
H0622	Objc	H1715	1
H0622	Objc	H1995	1
H0622	Objc	H2416	1
H0622	Objc	H2428	1
H0622	Objc	H2563	1
H0622	Objc	H2623	1
H0622	Objc	H2896	1
H0622	Objc	H3027	1
H0622	Objc	H3220	1
H0622	Objc	H3243	1
H0622	Objc	H3324	1
H0622	Objc	H3363	1
H0622	Objc	H3409	1
H0622	Objc	H3427	1
H0622	Objc	H3499	1
H0622	Objc	H3548	1
H0622	Objc	H3627	1
H0622	Objc	H3666	1
H0622	Objc	H3701	1
H0622	Objc	H3802	1
H0622	Objc	H4264	1
H0622	Objc	H4592	1
H0622	Objc	H4725	1
H0622	Objc	H5080	1
H0622	Objc	H5397	1
H0622	Objc	H5678	1
H0622	Objc	H5768	1
H0622	Objc	H5800	1
H0622	Objc	H5892	1
H0622	Objc	H6106	1
H0622	Objc	H6235	1
H0622	Objc	H6509	1
H0622	Objc	H6879	1
H0622	Objc	H7054	1
H0622	Objc	H7105	1
H0622	Objc	H7227	1
H0622	Objc	H7272	1
H0622	Objc	H7626	1
H0622	Objc	H7628	1
H0622	Objc	H7699	1
H0622	Objc	H7704	1
H0622	Objc	H7958	1
H0622	Objc	H7965	1
H0622	Objc	H8081	1
H0622	Objc	H8492	1
H0622	Subj	H0001	1
H0622	Subj	H0251	1
H0622	Subj	H0430	1
H0622	Subj	H0776	1
H0622	Subj	H0875	1
H0622	Subj	H1004	1
H0622	Subj	H1167	1
H0622	Subj	H1709	1
H0622	Subj	H1755	1
H0622	Subj	H2022	1
H0622	Subj	H2205	1
H0622	Subj	H2428	1
H0622	Subj	H2889	1
H0622	Subj	H3220	1
H0622	Subj	H3394	1
H0622	Subj	H3548	1
H0622	Subj	H3816	1
H0622	Subj	H4407	1
H0622	Subj	H4591	1
H0622	Subj	H4735	1
H0622	Subj	H5081	1
H0622	Subj	H5222	1
H0622	Subj	H5439	1
H0622	Subj	H5633	1
H0622	Subj	H6212	1
H0622	Subj	H6662	1
H0622	Subj	H6924	1
H0622	Subj	H7626	1
H0622	Subj	H7891	1
H0622	Subj	H7998	1
H0631	Cmpl	H1004	1
H0631	Cmpl	H4196	1
H0631	Cmpl	H4929	1
H0631	Cmpl	H4975	1
H0631	Cmpl	H5699	1
H0631	Cmpl	H7161	1
H0631	Objc	H0232	1
H0631	Objc	H2282	1
H0631	Objc	H4428	1
H0631	Objc	H4818	1
H0631	Objc	H5483	1
H0631	Objc	H6509	1
H0631	Objc	H8269	1
H0631	Subj	H0251	1
H0631	Subj	H0259	1
H0631	Subj	H3605	1
H0631	Subj	H4672	1
H0640	Cmpl	H0641	1
H0640	Cmpl	H2805	1
H0644	Cmpl	H0259	1
H0644	Objc	H1217	1
H0644	Objc	H2471	1
H0644	Objc	H4503	1
H0644	Objc	H5692	1
H0644	Objc	H6240	1
H0644	Objc	H8147	1
H0644	Subj	H0802	1
H0644	Subj	H6235	1
H0656	Subj	H2617	1
H0656	Subj	H4671	1
H0656	Subj	H6184	1
H0661	Subj	H7462	1
H0662	Cmpl	H3605	1
H0662	Subj	H1995	1
H0680	Cmpl	H8481	1
H0680	Cmpl	H8484	1
H0680	Objc	H1293	1
H0680	Objc	H3605	1
H0693	Cmpl	H0681	1
H0693	Cmpl	H3605	1
H0693	Cmpl	H3754	1
H0693	Cmpl	H4565	1
H0693	Cmpl	H5116	1
H0693	Cmpl	H5158	1
H0693	Cmpl	H5315	1
H0693	Cmpl	H6438	1
H0693	Cmpl	H6607	1
H0693	Cmpl	H6662	1
H0693	Cmpl	H7453	1
H0693	Objc	H1818	1
H0693	Subj	H3605	1
H0707	Cmpl	H4545	1
H0707	Objc	H4253	1
H0707	Objc	H5908	1
H0707	Objc	H6979	1
H0707	Objc	H7218	1
H0707	Objc	H7651	1
H0717	Objc	H4753	1
H0732	Cmpl	H0205	1
H0732	Cmpl	H2274	1
H0748	Cmpl	H1697	1
H0748	Objc	H3956	1
H0748	Objc	H4340	1
H0748	Objc	H4467	1
H0748	Objc	H5315	1
H0748	Objc	H6738	1
H0748	Subj	H0120	1
H0748	Subj	H1121	1
H0748	Subj	H1215	1
H0748	Subj	H3651	1
H0748	Subj	H6288	1
H0748	Subj	H7922	1
H0748	Subj	H8130	1
H0779	Objc	H1293	1
H0779	Objc	H3427	1
H0779	Objc	H5387	1
H0779	Objc	H7043	1
H0781	Cmpl	H3967	1
H0781	Cmpl	H6190	1
H0781	Cmpl	H6430	1
H0816	Cmpl	H1167	1
H0816	Cmpl	H1818	1
H0816	Subj	H0398	1
H0816	Subj	H4196	1
H0816	Subj	H5315	1
H0816	Subj	H5739	1
H0816	Subj	H5971	1
H0816	Subj	H6629	1
H0816	Subj	H6662	1
H0816	Subj	H8130	1
H0834	Cmpl	H0998	1
H0834	Cmpl	H7451	1
H0834	Objc	H2541	1
H0834	Objc	H3820	1
H0836	Subj	H1471	1
H0836	Subj	H3605	1
H0853	Cmpl	H5971	1
H0853	Objc	H5315	1
H0853	Subj	H0341	1
H0853	Subj	H4194	1
H0853	Subj	H5030	1
H0853	Subj	H8269	1
H0853	Subj	H8606	1
H0857	Cmpl	H1004	1
H0857	Cmpl	H1722	1
H0857	Cmpl	H2598	1
H0857	Cmpl	H3701	1
H0857	Cmpl	H4428	1
H0857	Cmpl	H6754	1
H0857	Cmpl	H6944	1
H0857	Cmpl	H7233	1
H0857	Objc	H1397	1
H0857	Objc	H1722	1
H0857	Objc	H3984	1
H0857	Objc	H4325	1
H0857	Subj	H0001	1
H0857	Subj	H0068	1
H0857	Subj	H0343	1
H0857	Subj	H1242	1
H0857	Subj	H1397	1
H0857	Subj	H2091	1
H0857	Subj	H2298	1
H0857	Subj	H3064	1
H0857	Subj	H3117	1
H0857	Subj	H3674	1
H0857	Subj	H4428	1
H0857	Subj	H4557	1
H0857	Subj	H5104	1
H0857	Subj	H5676	1
H0857	Subj	H5971	1
H0857	Subj	H6267	1
H0857	Subj	H6346	1
H0857	Subj	H7218	1
H0857	Subj	H8141	1
H0874	Cmpl	H3871	1
H0874	Objc	H8451	1
H0887	Cmpl	H0001	1
H0887	Cmpl	H5971	1
H0887	Cmpl	H6430	1
H0887	Objc	H7381	1
H0887	Subj	H0776	1
H0887	Subj	H1710	1
H0887	Subj	H2070	1
H0887	Subj	H4194	1
H0887	Subj	H4428	1
H0887	Subj	H7563	1
H0908	Cmpl	H3820	1
H0914	Cmpl	H0802	1
H0914	Cmpl	H0929	1
H0914	Cmpl	H1473	1
H0914	Cmpl	H3117	1
H0914	Cmpl	H3548	1
H0914	Cmpl	H3605	1
H0914	Cmpl	H3915	1
H0914	Cmpl	H4057	1
H0914	Cmpl	H4679	1
H0914	Cmpl	H5236	1
H0914	Cmpl	H5237	1
H0914	Cmpl	H5656	1
H0914	Cmpl	H6951	1
H0914	Cmpl	H8269	1
H0914	Objc	H0001	1
H0914	Objc	H3605	1
H0914	Objc	H6154	1
H0914	Objc	H6240	1
H0914	Objc	H7218	1
H0914	Objc	H7626	1
H0914	Objc	H8147	1
H0914	Objc	H8548	1
H0914	Subj	H0376	1
H0914	Subj	H1368	1
H0914	Subj	H2233	1
H0914	Subj	H2428	1
H0914	Subj	H3878	1
H0914	Subj	H4421	1
H0914	Subj	H5971	1
H0914	Subj	H6532	1
H0914	Subj	H8269	1
H0921	Objc	H0003	1
H0926	Cmpl	H6310	1
H0926	Objc	H4487	1
H0926	Objc	H8562	1
H0926	Subj	H0339	1
H0926	Subj	H0341	1
H0926	Subj	H0441	1
H0926	Subj	H0776	1
H0926	Subj	H3027	1
H0926	Subj	H4421	1
H0926	Subj	H5315	1
H0926	Subj	H5971	1
H0926	Subj	H6106	1
H0935	Cmpl	H0068	1
H0935	Cmpl	H0241	1
H0935	Cmpl	H0269	1
H0935	Cmpl	H0312	1
H0935	Cmpl	H0329	1
H0935	Cmpl	H0341	1
H0935	Cmpl	H0352	1
H0935	Cmpl	H0413	1
H0935	Cmpl	H0423	1
H0935	Cmpl	H0424	1
H0935	Cmpl	H0436	1
H0935	Cmpl	H0505	1
H0935	Cmpl	H0519	1
H0935	Cmpl	H0657	1
H0935	Cmpl	H0681	1
H0935	Cmpl	H0695	1
H0935	Cmpl	H0734	1
H0935	Cmpl	H0761	1
H0935	Cmpl	H0817	1
H0935	Cmpl	H0899	1
H0935	Cmpl	H0970	1
H0935	Cmpl	H0983	1
H0935	Cmpl	H1060	1
H0935	Cmpl	H1116	1
H0935	Cmpl	H1157	1
H0935	Cmpl	H1219	1
H0935	Cmpl	H1270	1
H0935	Cmpl	H1280	1
H0935	Cmpl	H1356	1
H0935	Cmpl	H1368	1
H0935	Cmpl	H1416	1
H0935	Cmpl	H1448	1
H0935	Cmpl	H1516	1
H0935	Cmpl	H1534	1
H0935	Cmpl	H1552	1
H0935	Cmpl	H1590	1
H0935	Cmpl	H1595	1
H0935	Cmpl	H1706	1
H0935	Cmpl	H1709	1
H0935	Cmpl	H1755	1
H0935	Cmpl	H1767	1
H0935	Cmpl	H1817	1
H0935	Cmpl	H1893	1
H0935	Cmpl	H1995	1
H0935	Cmpl	H2100	1
H0935	Cmpl	H2154	1
H0935	Cmpl	H2233	1
H0935	Cmpl	H2340	1
H0935	Cmpl	H2351	1
H0935	Cmpl	H2428	1
H0935	Cmpl	H2435	1
H0935	Cmpl	H2460	1
H0935	Cmpl	H2461	1
H0935	Cmpl	H2474	1
H0935	Cmpl	H2491	1
H0935	Cmpl	H2534	1
H0935	Cmpl	H2588	1
H0935	Cmpl	H2875	1
H0935	Cmpl	H2916	1
H0935	Cmpl	H3282	1
H0935	Cmpl	H3342	1
H0935	Cmpl	H3372	1
H0935	Cmpl	H3392	1
H0935	Cmpl	H3411	1
H0935	Cmpl	H3490	1
H0935	Cmpl	H3627	1
H0935	Cmpl	H3629	1
H0935	Cmpl	H3669	1
H0935	Cmpl	H3727	1
H0935	Cmpl	H3778	1
H0935	Cmpl	H3794	1
H0935	Cmpl	H3824	1
H0935	Cmpl	H3851	1
H0935	Cmpl	H3924	1
H0935	Cmpl	H3966	1
H0935	Cmpl	H3967	1
H0935	Cmpl	H3996	1
H0935	Cmpl	H4026	1
H0935	Cmpl	H4082	1
H0935	Cmpl	H4148	1
H0935	Cmpl	H4247	1
H0935	Cmpl	H4296	1
H0935	Cmpl	H4334	1
H0935	Cmpl	H4399	1
H0935	Cmpl	H4410	1
H0935	Cmpl	H4467	1
H0935	Cmpl	H4557	1
H0935	Cmpl	H4562	1
H0935	Cmpl	H4570	1
H0935	Cmpl	H4581	1
H0935	Cmpl	H4583	1
H0935	Cmpl	H4585	1
H0935	Cmpl	H4679	1
H0935	Cmpl	H4708	1
H0935	Cmpl	H4791	1
H0935	Cmpl	H4798	1
H0935	Cmpl	H4863	1
H0935	Cmpl	H4904	1
H0935	Cmpl	H4924	1
H0935	Cmpl	H4940	1
H0935	Cmpl	H5033	1
H0935	Cmpl	H5081	1
H0935	Cmpl	H5104	1
H0935	Cmpl	H5139	1
H0935	Cmpl	H5227	1
H0935	Cmpl	H5288	1
H0935	Cmpl	H5366	1
H0935	Cmpl	H5439	1
H0935	Cmpl	H5475	1
H0935	Cmpl	H5483	1
H0935	Cmpl	H5532	1
H0935	Cmpl	H5553	1
H0935	Cmpl	H5585	1
H0935	Cmpl	H5645	1
H0935	Cmpl	H5869	1
H0935	Cmpl	H5977	1
H0935	Cmpl	H6045	1
H0935	Cmpl	H6051	1
H0935	Cmpl	H6083	1
H0935	Cmpl	H6106	1
H0935	Cmpl	H6160	1
H0935	Cmpl	H6195	1
H0935	Cmpl	H6223	1
H0935	Cmpl	H6242	1
H0935	Cmpl	H6256	1
H0935	Cmpl	H6346	1
H0935	Cmpl	H6442	1
H0935	Cmpl	H6499	1
H0935	Cmpl	H6643	1
H0935	Cmpl	H6666	1
H0935	Cmpl	H6718	1
H0935	Cmpl	H6738	1
H0935	Cmpl	H6862	1
H0935	Cmpl	H6877	1
H0935	Cmpl	H6898	1
H0935	Cmpl	H6921	1
H0935	Cmpl	H6935	1
H0935	Cmpl	H6936	1
H0935	Cmpl	H6982	1
H0935	Cmpl	H7054	1
H0935	Cmpl	H7098	1
H0935	Cmpl	H7138	1
H0935	Cmpl	H7161	1
H0935	Cmpl	H7218	1
H0935	Cmpl	H7230	1
H0935	Cmpl	H7307	1
H0935	Cmpl	H7379	1
H0935	Cmpl	H7451	1
H0935	Cmpl	H7563	1
H0935	Cmpl	H7604	1
H0935	Cmpl	H7939	1
H0935	Cmpl	H7950	1
H0935	Cmpl	H7979	1
H0935	Cmpl	H8002	1
H0935	Cmpl	H8124	1
H0935	Cmpl	H8141	1
H0935	Cmpl	H8198	1
H0935	Cmpl	H8199	1
H0935	Cmpl	H8205	1
H0935	Cmpl	H8219	1
H0935	Cmpl	H8482	1
H0935	Cmpl	H8499	1
H0935	Cmpl	H8574	1
H0935	Cmpl	H8633	1
H0935	Objc	H0134	1
H0935	Objc	H0157	1
H0935	Objc	H0168	1
H0935	Objc	H0505	1
H0935	Objc	H0639	1
H0935	Objc	H0641	1
H0935	Objc	H0702	1
H0935	Objc	H0713	1
H0935	Objc	H0776	1
H0935	Objc	H0827	1
H0935	Objc	H0868	1
H0935	Objc	H1060	1
H0935	Objc	H1279	1
H0935	Objc	H1280	1
H0935	Objc	H1416	1
H0935	Objc	H1497	1
H0935	Objc	H1681	1
H0935	Objc	H1800	1
H0935	Objc	H1818	1
H0935	Objc	H1918	1
H0935	Objc	H2132	1
H0935	Objc	H2145	1
H0935	Objc	H2146	1
H0935	Objc	H2181	1
H0935	Objc	H2373	1
H0935	Objc	H2397	1
H0935	Objc	H2428	1
H0935	Objc	H2451	1
H0935	Objc	H2461	1
H0935	Objc	H2470	1
H0935	Objc	H2532	1
H0935	Objc	H2740	1
H0935	Objc	H2757	1
H0935	Objc	H2833	1
H0935	Objc	H2885	1
H0935	Objc	H2896	1
H0935	Objc	H2966	1
H0935	Objc	H3196	1
H0935	Objc	H3220	1
H0935	Objc	H3423	1
H0935	Objc	H3558	1
H0935	Objc	H3611	1
H0935	Objc	H3759	1
H0935	Objc	H3820	1
H0935	Objc	H3824	1
H0935	Objc	H3830	1
H0935	Objc	H3878	1
H0935	Objc	H3966	1
H0935	Objc	H4005	1
H0935	Objc	H4057	1
H0935	Objc	H4242	1
H0935	Objc	H4261	1
H0935	Objc	H4299	1
H0935	Objc	H4325	1
H0935	Objc	H4394	1
H0935	Objc	H4438	1
H0935	Objc	H4455	1
H0935	Objc	H4501	1
H0935	Objc	H4592	1
H0935	Objc	H4639	1
H0935	Objc	H4735	1
H0935	Objc	H4788	1
H0935	Objc	H4816	1
H0935	Objc	H4854	1
H0935	Objc	H4908	1
H0935	Objc	H5061	1
H0935	Objc	H5141	1
H0935	Objc	H5257	1
H0935	Objc	H5288	1
H0935	Objc	H5347	1
H0935	Objc	H5461	1
H0935	Objc	H5560	1
H0935	Objc	H5680	1
H0935	Objc	H5687	1
H0935	Objc	H5699	1
H0935	Objc	H5715	1
H0935	Objc	H5769	1
H0935	Objc	H5971	1
H0935	Objc	H5982	1
H0935	Objc	H6016	1
H0935	Objc	H6041	1
H0935	Objc	H6098	1
H0935	Objc	H6172	1
H0935	Objc	H6182	1
H0935	Objc	H6190	1
H0935	Objc	H6240	1
H0935	Objc	H6242	1
H0935	Objc	H6455	1
H0935	Objc	H6632	1
H0935	Objc	H6635	1
H0935	Objc	H6664	1
H0935	Objc	H6672	1
H0935	Objc	H6718	1
H0935	Objc	H6818	1
H0935	Objc	H6842	1
H0935	Objc	H7058	1
H0935	Objc	H7105	1
H0935	Objc	H7175	1
H0935	Objc	H7186	1
H0935	Objc	H7227	1
H0935	Objc	H7235	1
H0935	Objc	H7307	1
H0935	Objc	H7409	1
H0935	Objc	H7459	1
H0935	Objc	H7605	1
H0935	Objc	H7628	1
H0935	Objc	H7633	1
H0935	Objc	H7668	1
H0935	Objc	H7716	1
H0935	Objc	H7718	1
H0935	Objc	H7723	1
H0935	Objc	H7785	1
H0935	Objc	H7922	1
H0935	Objc	H7958	1
H0935	Objc	H7979	1
H0935	Objc	H7992	1
H0935	Objc	H8081	1
H0935	Objc	H8121	1
H0935	Objc	H8144	1
H0935	Objc	H8163	1
H0935	Objc	H8166	1
H0935	Objc	H8179	1
H0935	Objc	H8269	1
H0935	Objc	H8334	1
H0935	Objc	H8378	1
H0935	Objc	H8401	1
H0935	Objc	H8438	1
H0935	Objc	H8441	1
H0935	Objc	H8504	1
H0935	Objc	H8559	1
H0935	Subj	H0006	1
H0935	Subj	H0117	1
H0935	Subj	H0120	1
H0935	Subj	H0216	1
H0935	Subj	H0341	1
H0935	Subj	H0484	1
H0935	Subj	H0489	1
H0935	Subj	H0505	1
H0935	Subj	H0517	1
H0935	Subj	H0585	1
H0935	Subj	H0591	1
H0935	Subj	H0604	1
H0935	Subj	H0615	1
H0935	Subj	H0652	1
H0935	Subj	H0697	1
H0935	Subj	H0738	1
H0935	Subj	H0757	1
H0935	Subj	H0817	1
H0935	Subj	H0905	1
H0935	Subj	H0938	1
H0935	Subj	H1002	1
H0935	Subj	H1067	1
H0935	Subj	H1100	1
H0935	Subj	H1167	1
H0935	Subj	H1241	1
H0935	Subj	H1265	1
H0935	Subj	H1323	1
H0935	Subj	H1350	1
H0935	Subj	H1407	1
H0935	Subj	H1616	1
H0935	Subj	H1677	1
H0935	Subj	H1698	1
H0935	Subj	H1795	1
H0935	Subj	H1832	1
H0935	Subj	H1982	1
H0935	Subj	H1995	1
H0935	Subj	H2026	1
H0935	Subj	H2076	1
H0935	Subj	H2114	1
H0935	Subj	H2181	1
H0935	Subj	H2416	1
H0935	Subj	H2472	1
H0935	Subj	H2487	1
H0935	Subj	H2527	1
H0935	Subj	H2532	1
H0935	Subj	H2555	1
H0935	Subj	H2568	1
H0935	Subj	H2610	1
H0935	Subj	H2740	1
H0935	Subj	H2859	1
H0935	Subj	H2993	1
H0935	Subj	H3027	1
H0935	Subj	H3045	1
H0935	Subj	H3064	1
H0935	Subj	H3123	1
H0935	Subj	H3196	1
H0935	Subj	H3374	1
H0935	Subj	H3490	1
H0935	Subj	H3515	1
H0935	Subj	H3571	1
H0935	Subj	H3686	1
H0935	Subj	H3772	1
H0935	Subj	H3778	1
H0935	Subj	H3794	1
H0935	Subj	H3828	1
H0935	Subj	H3967	1
H0935	Subj	H4150	1
H0935	Subj	H4159	1
H0935	Subj	H4385	1
H0935	Subj	H4390	1
H0935	Subj	H4421	1
H0935	Subj	H4436	1
H0935	Subj	H4464	1
H0935	Subj	H4557	1
H0935	Subj	H4854	1
H0935	Subj	H4899	1
H0935	Subj	H4941	1
H0935	Subj	H5038	1
H0935	Subj	H5046	1
H0935	Subj	H5080	1
H0935	Subj	H5081	1
H0935	Subj	H5159	1
H0935	Subj	H5236	1
H0935	Subj	H5237	1
H0935	Subj	H5291	1
H0935	Subj	H5325	1
H0935	Subj	H5375	1
H0935	Subj	H5383	1
H0935	Subj	H5404	1
H0935	Subj	H5492	1
H0935	Subj	H5550	1
H0935	Subj	H5647	1
H0935	Subj	H5680	1
H0935	Subj	H5699	1
H0935	Subj	H5739	1
H0935	Subj	H5787	1
H0935	Subj	H5828	1
H0935	Subj	H6098	1
H0935	Subj	H6099	1
H0935	Subj	H6227	1
H0935	Subj	H6235	1
H0935	Subj	H6292	1
H0935	Subj	H6370	1
H0935	Subj	H6455	1
H0935	Subj	H6496	1
H0935	Subj	H6505	1
H0935	Subj	H6530	1
H0935	Subj	H6716	1
H0935	Subj	H6722	1
H0935	Subj	H6737	1
H0935	Subj	H6776	1
H0935	Subj	H6828	1
H0935	Subj	H6843	1
H0935	Subj	H6862	1
H0935	Subj	H6876	1
H0935	Subj	H6879	1
H0935	Subj	H6918	1
H0935	Subj	H6921	1
H0935	Subj	H6994	1
H0935	Subj	H7036	1
H0935	Subj	H7089	1
H0935	Subj	H7105	1
H0935	Subj	H7110	1
H0935	Subj	H7144	1
H0935	Subj	H7171	1
H0935	Subj	H7203	1
H0935	Subj	H7218	1
H0935	Subj	H7223	1
H0935	Subj	H7267	1
H0935	Subj	H7270	1
H0935	Subj	H7272	1
H0935	Subj	H7323	1
H0935	Subj	H7350	1
H0935	Subj	H7379	1
H0935	Subj	H7445	1
H0935	Subj	H7451	1
H0935	Subj	H7453	1
H0935	Subj	H7461	1
H0935	Subj	H7538	1
H0935	Subj	H7554	1
H0935	Subj	H7588	1
H0935	Subj	H7596	1
H0935	Subj	H7611	1
H0935	Subj	H7626	1
H0935	Subj	H7651	1
H0935	Subj	H7668	1
H0935	Subj	H7696	1
H0935	Subj	H7701	1
H0935	Subj	H7860	1
H0935	Subj	H7966	1
H0935	Subj	H8034	1
H0935	Subj	H8193	1
H0935	Subj	H8196	1
H0935	Subj	H8198	1
H0935	Subj	H8212	1
H0935	Subj	H8391	1
H0935	Subj	H8393	1
H0935	Subj	H8410	1
H0935	Subj	H8467	1
H0935	Subj	H8661	1
H0943	Subj	H1241	1
H0943	Subj	H5739	1
H0943	Subj	H5892	1
H0947	Objc	H2513	1
H0947	Objc	H4720	1
H0947	Objc	H5317	1
H0947	Objc	H5971	1
H0947	Subj	H5315	1
H0947	Subj	H6862	1
H0947	Subj	H7649	1
H0954	Cmpl	H2077	1
H0954	Cmpl	H3605	1
H0954	Cmpl	H4009	1
H0954	Cmpl	H5949	1
H0954	Cmpl	H6098	1
H0954	Cmpl	H8393	1
H0954	Objc	H1322	1
H0954	Objc	H6041	1
H0954	Objc	H6098	1
H0954	Objc	H8130	1
H0954	Subj	H0406	1
H0954	Subj	H0517	1
H0954	Subj	H0776	1
H0954	Subj	H1004	1
H0954	Subj	H2086	1
H0954	Subj	H2270	1
H0954	Subj	H2374	1
H0954	Subj	H2535	1
H0954	Subj	H4726	1
H0954	Subj	H5030	1
H0954	Subj	H5647	1
H0954	Subj	H5800	1
H0954	Subj	H6459	1
H0954	Subj	H7291	1
H0954	Subj	H7393	1
H0954	Subj	H7563	1
H0959	Objc	H0615	1
H0959	Objc	H1062	1
H0959	Objc	H3820	1
H0959	Objc	H5315	1
H0959	Objc	H6754	1
H0959	Objc	H6944	1
H0959	Objc	H7665	1
H0959	Objc	H8034	1
H0959	Objc	H8605	1
H0959	Subj	H1167	1
H0962	Objc	H0802	1
H0962	Objc	H0961	1
H0962	Objc	H1121	1
H0962	Objc	H2091	1
H0962	Objc	H2428	1
H0962	Objc	H2945	1
H0962	Objc	H3018	1
H0962	Objc	H3490	1
H0962	Objc	H3701	1
H0962	Objc	H4264	1
H0962	Objc	H4735	1
H0962	Objc	H6924	1
H0962	Objc	H7404	1
H0962	Subj	H0376	1
H0962	Subj	H0759	1
H0962	Subj	H1121	1
H0962	Subj	H2114	1
H0962	Subj	H5971	1
H0962	Subj	H6455	1
H0967	Objc	H0961	1
H0967	Objc	H5971	1
H0967	Objc	H7399	1
H0967	Objc	H7998	1
H0970	Cmpl	H0001	1
H0970	Cmpl	H0376	1
H0970	Cmpl	H2077	1
H0970	Cmpl	H2416	1
H0970	Cmpl	H3548	1
H0970	Cmpl	H4725	1
H0970	Cmpl	H5057	1
H0970	Cmpl	H5158	1
H0970	Cmpl	H5159	1
H0970	Cmpl	H5650	1
H0970	Cmpl	H6040	1
H0970	Cmpl	H7604	1
H0970	Cmpl	H7611	1
H0970	Cmpl	H8179	1
H0970	Objc	H0068	1
H0970	Objc	H0430	1
H0970	Objc	H0530	1
H0970	Objc	H1347	1
H0970	Objc	H1368	1
H0970	Objc	H1697	1
H0970	Objc	H2022	1
H0970	Objc	H2319	1
H0970	Objc	H2512	1
H0970	Objc	H2568	1
H0970	Objc	H3374	1
H0970	Objc	H3603	1
H0970	Objc	H3605	1
H0970	Objc	H3956	1
H0970	Objc	H4267	1
H0970	Objc	H4941	1
H0970	Objc	H5159	1
H0970	Objc	H6086	1
H0970	Objc	H6175	1
H0970	Objc	H6240	1
H0970	Objc	H7626	1
H0970	Objc	H8147	1
H0970	Subj	H0113	1
H0970	Subj	H0376	1
H0970	Subj	H3605	1
H0970	Subj	H4194	1
H0970	Subj	H4428	1
H0970	Subj	H5315	1
H0970	Subj	H5971	1
H0974	Objc	H0120	1
H0974	Objc	H0430	1
H0974	Objc	H1121	1
H0974	Objc	H1870	1
H0974	Objc	H2091	1
H0974	Objc	H6662	1
H0974	Subj	H1697	1
H0981	Cmpl	H7621	1
H0981	Subj	H0120	1
H0982	Cmpl	H0251	1
H0982	Cmpl	H0441	1
H0982	Cmpl	H0693	1
H0982	Cmpl	H1368	1
H0982	Cmpl	H1870	1
H0982	Cmpl	H3308	1
H0982	Cmpl	H3444	1
H0982	Cmpl	H3605	1
H0982	Cmpl	H6239	1
H0982	Cmpl	H6666	1
H0982	Cmpl	H6944	1
H0982	Cmpl	H7198	1
H0982	Cmpl	H7393	1
H0982	Cmpl	H7462	1
H0982	Cmpl	H8414	1
H0982	Objc	H3336	1
H0982	Objc	H5971	1
H0982	Subj	H0001	1
H0982	Subj	H0490	1
H0982	Subj	H3045	1
H0982	Subj	H3335	1
H0982	Subj	H6662	1
H0982	Subj	H8034	1
H1058	Cmpl	H0241	1
H1058	Cmpl	H1980	1
H1058	Cmpl	H3117	1
H1058	Cmpl	H4191	1
H1058	Cmpl	H6440	1
H1058	Cmpl	H6677	1
H1058	Cmpl	H6913	1
H1058	Cmpl	H7186	1
H1058	Objc	H0001	1
H1058	Objc	H0517	1
H1058	Objc	H1059	1
H1058	Objc	H1323	1
H1058	Objc	H1612	1
H1058	Objc	H2491	1
H1058	Objc	H3966	1
H1058	Objc	H5971	1
H1058	Objc	H8316	1
H1058	Subj	H0001	1
H1058	Subj	H0251	1
H1058	Subj	H0376	1
H1058	Subj	H0430	1
H1058	Subj	H0802	1
H1058	Subj	H3548	1
H1058	Subj	H4397	1
H1058	Subj	H4428	1
H1058	Subj	H5315	1
H1058	Subj	H5650	1
H1058	Subj	H7464	1
H1058	Subj	H7965	1
H1058	Subj	H8334	1
H1058	Subj	H8525	1
H1086	Cmpl	H5945	1
H1086	Cmpl	H6922	1
H1086	Cmpl	H7272	1
H1086	Objc	H1320	1
H1086	Objc	H3027	1
H1086	Objc	H4639	1
H1086	Objc	H5785	1
H1086	Subj	H0776	1
H1086	Subj	H0972	1
H1086	Subj	H5275	1
H1086	Subj	H6106	1
H1086	Subj	H8071	1
H1101	Cmpl	H2543	1
H1101	Cmpl	H5971	1
H1101	Cmpl	H7488	1
H1101	Cmpl	H8081	1
H1101	Objc	H0776	1
H1101	Objc	H3605	1
H1101	Subj	H3605	1
H1104	Objc	H0120	1
H1104	Objc	H0205	1
H1104	Objc	H0759	1
H1104	Objc	H1004	1
H1104	Objc	H1277	1
H1104	Objc	H2428	1
H1104	Objc	H2896	1
H1104	Objc	H4194	1
H1104	Objc	H4294	1
H1104	Objc	H4390	1
H1104	Objc	H4541	1
H1104	Objc	H5115	1
H1104	Objc	H5159	1
H1104	Objc	H5971	1
H1104	Objc	H6440	1
H1104	Objc	H6944	1
H1104	Objc	H7399	1
H1104	Subj	H4294	1
H1104	Subj	H6310	1
H1129	Cmpl	H0802	1
H1129	Cmpl	H1688	1
H1129	Cmpl	H1964	1
H1129	Cmpl	H2022	1
H1129	Cmpl	H2077	1
H1129	Cmpl	H2451	1
H1129	Cmpl	H2945	1
H1129	Cmpl	H4503	1
H1129	Cmpl	H4720	1
H1129	Cmpl	H4735	1
H1129	Cmpl	H5930	1
H1129	Cmpl	H6547	1
H1129	Cmpl	H6635	1
H1129	Cmpl	H6722	1
H1129	Cmpl	H8064	1
H1129	Cmpl	H8441	1
H1129	Objc	H0251	1
H1129	Objc	H0520	1
H1129	Objc	H0727	1
H1129	Objc	H0842	1
H1129	Objc	H0870	1
H1129	Objc	H1002	1
H1129	Objc	H1265	1
H1129	Objc	H1280	1
H1129	Objc	H1285	1
H1129	Objc	H1323	1
H1129	Objc	H1355	1
H1129	Objc	H1419	1
H1129	Objc	H1447	1
H1129	Objc	H1448	1
H1129	Objc	H1709	1
H1129	Objc	H1817	1
H1129	Objc	H1916	1
H1129	Objc	H2022	1
H1129	Objc	H2435	1
H1129	Objc	H2837	1
H1129	Objc	H2896	1
H1129	Objc	H2918	1
H1129	Objc	H3293	1
H1129	Objc	H3411	1
H1129	Objc	H3678	1
H1129	Objc	H3701	1
H1129	Objc	H3871	1
H1129	Objc	H4060	1
H1129	Objc	H4496	1
H1129	Objc	H4676	1
H1129	Objc	H4694	1
H1129	Objc	H5439	1
H1129	Objc	H5944	1
H1129	Objc	H6242	1
H1129	Objc	H6442	1
H1129	Objc	H6555	1
H1129	Objc	H6635	1
H1129	Objc	H6725	1
H1129	Objc	H6763	1
H1129	Objc	H7023	1
H1129	Objc	H7272	1
H1129	Objc	H7306	1
H1129	Objc	H7411	1
H1129	Objc	H8004	1
H1129	Objc	H8064	1
H1129	Objc	H8074	1
H1129	Objc	H8147	1
H1129	Subj	H0120	1
H1129	Subj	H0376	1
H1129	Subj	H0424	1
H1129	Subj	H0430	1
H1129	Subj	H0802	1
H1129	Subj	H2346	1
H1129	Subj	H2450	1
H1129	Subj	H2454	1
H1129	Subj	H2617	1
H1129	Subj	H2743	1
H1129	Subj	H3548	1
H1129	Subj	H5236	1
H1129	Subj	H6213	1
H1129	Subj	H6346	1
H1129	Subj	H7339	1
H1129	Subj	H7564	1
H1129	Subj	H7891	1
H1129	Subj	H8034	1
H1129	Subj	H8147	1
H1149	Subj	H4428	1
H1158	Cmpl	H6924	1
H1158	Cmpl	H8065	1
H1158	Objc	H1159	1
H1158	Objc	H2270	1
H1158	Objc	H3330	1
H1158	Objc	H4325	1
H1158	Subj	H0784	1
H1158	Subj	H1907	1
H1163	Cmpl	H2077	1
H1163	Cmpl	H4503	1
H1197	Cmpl	H0218	1
H1197	Cmpl	H0310	1
H1197	Cmpl	H0312	1
H1197	Cmpl	H0430	1
H1197	Cmpl	H1430	1
H1197	Cmpl	H2132	1
H1197	Cmpl	H2351	1
H1197	Cmpl	H3754	1
H1197	Cmpl	H3940	1
H1197	Cmpl	H4196	1
H1197	Cmpl	H5288	1
H1197	Cmpl	H5713	1
H1197	Cmpl	H5892	1
H1197	Cmpl	H6227	1
H1197	Cmpl	H6629	1
H1197	Cmpl	H7054	1
H1197	Cmpl	H7704	1
H1197	Objc	H0178	1
H1197	Objc	H0842	1
H1197	Objc	H1121	1
H1197	Objc	H1558	1
H1197	Objc	H3049	1
H1197	Objc	H3293	1
H1197	Objc	H3499	1
H1197	Objc	H3605	1
H1197	Objc	H6086	1
H1197	Objc	H6944	1
H1197	Objc	H6946	1
H1197	Objc	H7393	1
H1197	Objc	H7462	1
H1197	Objc	H7704	1
H1197	Objc	H7992	1
H1197	Objc	H8251	1
H1197	Objc	H8655	1
H1197	Subj	H0376	1
H1197	Subj	H0639	1
H1197	Subj	H3548	1
H1197	Subj	H3852	1
H1197	Subj	H5572	1
H1197	Subj	H7068	1
H1197	Subj	H7564	1
H1197	Subj	H8147	1
H1204	Cmpl	H2719	1
H1204	Cmpl	H4397	1
H1204	Cmpl	H6440	1
H1204	Subj	H7613	1
H1219	Objc	H2346	1
H1219	Objc	H4791	1
H1219	Objc	H5797	1
H1219	Objc	H6025	1
H1219	Subj	H3605	1
H1219	Subj	H4209	1
H1234	Cmpl	H1847	1
H1234	Cmpl	H3220	1
H1234	Cmpl	H4217	1
H1234	Cmpl	H4428	1
H1234	Cmpl	H6440	1
H1234	Cmpl	H6963	1
H1234	Objc	H0702	1
H1234	Objc	H0776	1
H1234	Objc	H1000	1
H1234	Objc	H2975	1
H1234	Objc	H3206	1
H1234	Objc	H3802	1
H1234	Objc	H4388	1
H1234	Objc	H4599	1
H1234	Objc	H5104	1
H1234	Objc	H5158	1
H1234	Objc	H5699	1
H1234	Objc	H5930	1
H1234	Objc	H7307	1
H1234	Objc	H8147	1
H1234	Subj	H0127	1
H1234	Subj	H0216	1
H1234	Subj	H0430	1
H1234	Subj	H0776	1
H1234	Subj	H1368	1
H1234	Subj	H2022	1
H1234	Subj	H2029	1
H1234	Subj	H2132	1
H1234	Subj	H4599	1
H1234	Subj	H6010	1
H1234	Subj	H6051	1
H1234	Subj	H7227	1
H1234	Subj	H7307	1
H1238	Objc	H0776	1
H1238	Objc	H6098	1
H1238	Subj	H0776	1
H1238	Subj	H7307	1
H1239	Cmpl	H0996	1
H1239	Cmpl	H1004	1
H1239	Cmpl	H1595	1
H1239	Cmpl	H1964	1
H1239	Cmpl	H2896	1
H1239	Cmpl	H4428	1
H1239	Cmpl	H6669	1
H1239	Cmpl	H7451	1
H1239	Cmpl	H8181	1
H1239	Objc	H6629	1
H1239	Subj	H3548	1
H1245	Cmpl	H0113	1
H1245	Cmpl	H0341	1
H1245	Cmpl	H0413	1
H1245	Cmpl	H0430	1
H1245	Cmpl	H1121	1
H1245	Cmpl	H1366	1
H1245	Cmpl	H1870	1
H1245	Cmpl	H3049	1
H1245	Cmpl	H3278	1
H1245	Cmpl	H4057	1
H1245	Cmpl	H4725	1
H1245	Cmpl	H4904	1
H1245	Cmpl	H5030	1
H1245	Cmpl	H5315	1
H1245	Cmpl	H5631	1
H1245	Cmpl	H5771	1
H1245	Cmpl	H5971	1
H1245	Cmpl	H6440	1
H1245	Cmpl	H6629	1
H1245	Cmpl	H6697	1
H1245	Cmpl	H7339	1
H1245	Cmpl	H8269	1
H1245	Cmpl	H8378	1
H1245	Objc	H0113	1
H1245	Objc	H0160	1
H1245	Objc	H0178	1
H1245	Objc	H0259	1
H1245	Objc	H0802	1
H1245	Objc	H0998	1
H1245	Objc	H1173	1
H1245	Objc	H1419	1
H1245	Objc	H1870	1
H1245	Objc	H2377	1
H1245	Objc	H2450	1
H1245	Objc	H2796	1
H1245	Objc	H3303	1
H1245	Objc	H3477	1
H1245	Objc	H3550	1
H1245	Objc	H3577	1
H1245	Objc	H3824	1
H1245	Objc	H3878	1
H1245	Objc	H3899	1
H1245	Objc	H4428	1
H1245	Objc	H4494	1
H1245	Objc	H4581	1
H1245	Objc	H4758	1
H1245	Objc	H4805	1
H1245	Objc	H4829	1
H1245	Objc	H5162	1
H1245	Objc	H5288	1
H1245	Objc	H6038	1
H1245	Objc	H6346	1
H1245	Objc	H6550	1
H1245	Objc	H6664	1
H1245	Objc	H7227	1
H1245	Objc	H7291	1
H1245	Objc	H7522	1
H1245	Objc	H8034	1
H1245	Objc	H8451	1
H1245	Objc	H8469	1
H1245	Objc	H8605	1
H1245	Subj	H0113	1
H1245	Subj	H0241	1
H1245	Subj	H0430	1
H1245	Subj	H1697	1
H1245	Subj	H2450	1
H1245	Subj	H3477	1
H1245	Subj	H3820	1
H1245	Subj	H5315	1
H1245	Subj	H5713	1
H1245	Subj	H5771	1
H1245	Subj	H6504	1
H1245	Subj	H6953	1
H1245	Subj	H7291	1
H1245	Subj	H7451	1
H1254	Cmpl	H1870	1
H1254	Cmpl	H5892	1
H1254	Cmpl	H7218	1
H1254	Objc	H0776	1
H1254	Objc	H1121	1
H1254	Objc	H1278	1
H1254	Objc	H1419	1
H1254	Objc	H2145	1
H1254	Objc	H2319	1
H1254	Objc	H2796	1
H1254	Objc	H2889	1
H1254	Objc	H3027	1
H1254	Objc	H3820	1
H1254	Objc	H4889	1
H1254	Objc	H5315	1
H1254	Objc	H5347	1
H1254	Objc	H6051	1
H1254	Objc	H8064	1
H1254	Objc	H8577	1
H1262	Cmpl	H3027	1
H1262	Objc	H0376	1
H1272	Cmpl	H0113	1
H1272	Cmpl	H0310	1
H1272	Cmpl	H1121	1
H1272	Cmpl	H1270	1
H1272	Cmpl	H4217	1
H1272	Cmpl	H4628	1
H1272	Cmpl	H4725	1
H1272	Cmpl	H6547	1
H1272	Cmpl	H7704	1
H1272	Objc	H0517	1
H1272	Objc	H3427	1
H1272	Objc	H3605	1
H1272	Objc	H6010	1
H1272	Subj	H0001	1
H1272	Subj	H0886	1
H1272	Subj	H1121	1
H1272	Subj	H3878	1
H1272	Subj	H4421	1
H1272	Subj	H5650	1
H1272	Subj	H5971	1
H1272	Subj	H7891	1
H1272	Subj	H8147	1
H1288	Cmpl	H0001	1
H1288	Cmpl	H0376	1
H1288	Cmpl	H0424	1
H1288	Cmpl	H0430	1
H1288	Cmpl	H1290	1
H1288	Cmpl	H1293	1
H1288	Cmpl	H3824	1
H1288	Cmpl	H5942	1
H1288	Cmpl	H6440	1
H1288	Cmpl	H7965	1
H1288	Cmpl	H8065	1
H1288	Objc	H0319	1
H1288	Objc	H0505	1
H1288	Objc	H0517	1
H1288	Objc	H0776	1
H1288	Objc	H0802	1
H1288	Objc	H0990	1
H1288	Objc	H1581	1
H1288	Objc	H1706	1
H1288	Objc	H1715	1
H1288	Objc	H2077	1
H1288	Objc	H2100	1
H1288	Objc	H2428	1
H1288	Objc	H2461	1
H1288	Objc	H3324	1
H1288	Objc	H3372	1
H1288	Objc	H3519	1
H1288	Objc	H3899	1
H1288	Objc	H4325	1
H1288	Objc	H4713	1
H1288	Objc	H5116	1
H1288	Objc	H5288	1
H1288	Objc	H5315	1
H1288	Objc	H6251	1
H1288	Objc	H6629	1
H1288	Objc	H6718	1
H1288	Objc	H6780	1
H1288	Objc	H6944	1
H1288	Objc	H6996	1
H1288	Objc	H7130	1
H1288	Objc	H7637	1
H1288	Objc	H7676	1
H1288	Objc	H7698	1
H1288	Objc	H8492	1
H1288	Subj	H0319	1
H1288	Subj	H0376	1
H1288	Subj	H0413	1
H1288	Subj	H0802	1
H1288	Subj	H1004	1
H1288	Subj	H1121	1
H1288	Subj	H1320	1
H1288	Subj	H1397	1
H1288	Subj	H1755	1
H1288	Subj	H3477	1
H1288	Subj	H4397	1
H1288	Subj	H5650	1
H1288	Subj	H5971	1
H1288	Subj	H6951	1
H1288	Subj	H7017	1
H1305	Objc	H2671	1
H1305	Objc	H3605	1
H1310	Cmpl	H1121	1
H1310	Cmpl	H1731	1
H1310	Cmpl	H5030	1
H1310	Cmpl	H5518	1
H1310	Cmpl	H6517	1
H1310	Cmpl	H6747	1
H1310	Objc	H0817	1
H1310	Objc	H1121	1
H1310	Objc	H2077	1
H1310	Objc	H3206	1
H1310	Objc	H5138	1
H1310	Objc	H5971	1
H1310	Objc	H6025	1
H1310	Objc	H6453	1
H1310	Objc	H6944	1
H1310	Subj	H0802	1
H1310	Subj	H0811	1
H1310	Subj	H1004	1
H1310	Subj	H3027	1
H1310	Subj	H3548	1
H1310	Subj	H6106	1
H1310	Subj	H7105	1
H1310	Subj	H7362	1
H1310	Subj	H8334	1
H1334	Cmpl	H8432	1
H1334	Objc	H6833	1
H1342	Subj	H1573	1
H1342	Subj	H4325	1
H1350	Cmpl	H1419	1
H1350	Cmpl	H2220	1
H1350	Cmpl	H2555	1
H1350	Cmpl	H3878	1
H1350	Cmpl	H4643	1
H1350	Cmpl	H5186	1
H1350	Cmpl	H8201	1
H1350	Cmpl	H8496	1
H1350	Objc	H0251	1
H1350	Objc	H1004	1
H1350	Objc	H1121	1
H1350	Objc	H1353	1
H1350	Objc	H2022	1
H1350	Objc	H2416	1
H1350	Objc	H4465	1
H1350	Objc	H5159	1
H1350	Objc	H5315	1
H1350	Objc	H5650	1
H1350	Objc	H5971	1
H1350	Objc	H7626	1
H1350	Subj	H0376	1
H1350	Subj	H6942	1
H1361	Cmpl	H0776	1
H1361	Cmpl	H1870	1
H1361	Cmpl	H2022	1
H1361	Cmpl	H4605	1
H1361	Cmpl	H5971	1
H1361	Cmpl	H6086	1
H1361	Cmpl	H6944	1
H1361	Cmpl	H6967	1
H1361	Cmpl	H7704	1
H1361	Objc	H6086	1
H1361	Objc	H7064	1
H1361	Subj	H0376	1
H1361	Subj	H1121	1
H1361	Subj	H1323	1
H1361	Subj	H1870	1
H1361	Subj	H3605	1
H1361	Subj	H3824	1
H1361	Subj	H4325	1
H1361	Subj	H5404	1
H1361	Subj	H6086	1
H1361	Subj	H6635	1
H1361	Subj	H7565	1
H1379	Cmpl	H5159	1
H1379	Cmpl	H6285	1
H1379	Cmpl	H6924	1
H1379	Objc	H2022	1
H1379	Objc	H5971	1
H1379	Subj	H7223	1
H1396	Cmpl	H0251	1
H1396	Cmpl	H0530	1
H1396	Cmpl	H1293	1
H1396	Cmpl	H2029	1
H1396	Cmpl	H3372	1
H1396	Cmpl	H3581	1
H1396	Cmpl	H7227	1
H1396	Objc	H1004	1
H1396	Objc	H1285	1
H1396	Subj	H0001	1
H1396	Subj	H0341	1
H1396	Subj	H1293	1
H1396	Subj	H1697	1
H1396	Subj	H5771	1
H1413	Cmpl	H1004	1
H1413	Cmpl	H2181	1
H1413	Cmpl	H2719	1
H1413	Cmpl	H5315	1
H1413	Cmpl	H6662	1
H1413	Cmpl	H7420	1
H1431	Cmpl	H0413	1
H1431	Cmpl	H1366	1
H1431	Cmpl	H3824	1
H1431	Cmpl	H4217	1
H1431	Cmpl	H5045	1
H1431	Cmpl	H5130	1
H1431	Cmpl	H5971	1
H1431	Cmpl	H6643	1
H1431	Cmpl	H8034	1
H1431	Cmpl	H8269	1
H1431	Cmpl	H8597	1
H1431	Objc	H0091	1
H1431	Objc	H0565	1
H1431	Objc	H0970	1
H1431	Objc	H2617	1
H1431	Objc	H4071	1
H1431	Objc	H4639	1
H1431	Objc	H6119	1
H1431	Objc	H6310	1
H1431	Objc	H8034	1
H1431	Objc	H8057	1
H1431	Objc	H8255	1
H1431	Objc	H8451	1
H1431	Objc	H8454	1
H1431	Subj	H0251	1
H1431	Subj	H0341	1
H1431	Subj	H0430	1
H1431	Subj	H0802	1
H1431	Subj	H0819	1
H1431	Subj	H1004	1
H1431	Subj	H1323	1
H1431	Subj	H1653	1
H1431	Subj	H3427	1
H1431	Subj	H3511	1
H1431	Subj	H3581	1
H1431	Subj	H4553	1
H1431	Subj	H4639	1
H1431	Subj	H4883	1
H1431	Subj	H5771	1
H1431	Subj	H5795	1
H1431	Subj	H5971	1
H1431	Subj	H6545	1
H1431	Subj	H6818	1
H1431	Subj	H6842	1
H1431	Subj	H6994	1
H1431	Subj	H7218	1
H1431	Subj	H7965	1
H1431	Subj	H8130	1
H1431	Subj	H8181	1
H1438	Cmpl	H0776	1
H1438	Objc	H0001	1
H1438	Objc	H0430	1
H1438	Objc	H1004	1
H1438	Objc	H4731	1
H1438	Objc	H6456	1
H1438	Objc	H7563	1
H1438	Objc	H8145	1
H1438	Subj	H0259	1
H1438	Subj	H2553	1
H1438	Subj	H4196	1
H1438	Subj	H7626	1
H1438	Subj	H8256	1
H1442	Subj	H0001	1
H1457	Cmpl	H0776	1
H1464	Objc	H6119	1
H1468	Cmpl	H3220	1
H1468	Objc	H7958	1
H1478	Cmpl	H5771	1
H1478	Subj	H0251	1
H1478	Subj	H0929	1
H1478	Subj	H2205	1
H1478	Subj	H2416	1
H1478	Subj	H3548	1
H1478	Subj	H5775	1
H1478	Subj	H8318	1
H1479	Objc	H1817	1
H1481	Cmpl	H0591	1
H1481	Cmpl	H1715	1
H1481	Cmpl	H2719	1
H1481	Cmpl	H3532	1
H1481	Cmpl	H5697	1
H1481	Cmpl	H5971	1
H1481	Cmpl	H7613	1
H1481	Cmpl	H7704	1
H1481	Cmpl	H8432	1
H1481	Cmpl	H8492	1
H1481	Objc	H0341	1
H1481	Objc	H0398	1
H1481	Objc	H0784	1
H1481	Objc	H3707	1
H1481	Objc	H4168	1
H1481	Objc	H5769	1
H1481	Subj	H0352	1
H1481	Subj	H2061	1
H1481	Subj	H3427	1
H1481	Subj	H3605	1
H1481	Subj	H5080	1
H1481	Subj	H7934	1
H1481	Subj	H8398	1
H1494	Objc	H1060	1
H1494	Objc	H5145	1
H1494	Objc	H7218	1
H1497	Cmpl	H7701	1
H1497	Objc	H0251	1
H1497	Objc	H1004	1
H1497	Objc	H1323	1
H1497	Objc	H1498	1
H1497	Objc	H1499	1
H1497	Objc	H1800	1
H1497	Objc	H3490	1
H1497	Objc	H3605	1
H1497	Objc	H4325	1
H1497	Objc	H4941	1
H1497	Objc	H5739	1
H1497	Objc	H5971	1
H1497	Objc	H6041	1
H1497	Objc	H7950	1
H1497	Subj	H2527	1
H1497	Subj	H5650	1
H1497	Subj	H6723	1
H1497	Subj	H8142	1
H1518	Cmpl	H5104	1
H1518	Cmpl	H6310	1
H1540	Cmpl	H0001	1
H1540	Cmpl	H0312	1
H1540	Cmpl	H0519	1
H1540	Cmpl	H1004	1
H1540	Cmpl	H1471	1
H1540	Cmpl	H1803	1
H1540	Cmpl	H4148	1
H1540	Cmpl	H4673	1
H1540	Cmpl	H5030	1
H1540	Cmpl	H5307	1
H1540	Cmpl	H5771	1
H1540	Cmpl	H6430	1
H1540	Cmpl	H6440	1
H1540	Objc	H0312	1
H1540	Objc	H0376	1
H1540	Objc	H0571	1
H1540	Objc	H0702	1
H1540	Objc	H0938	1
H1540	Objc	H1121	1
H1540	Objc	H1323	1
H1540	Objc	H1368	1
H1540	Objc	H1730	1
H1540	Objc	H1995	1
H1540	Objc	H2428	1
H1540	Objc	H2568	1
H1540	Objc	H2719	1
H1540	Objc	H2781	1
H1540	Objc	H3064	1
H1540	Objc	H3247	1
H1540	Objc	H3618	1
H1540	Objc	H3830	1
H1540	Objc	H3967	1
H1540	Objc	H4428	1
H1540	Objc	H4539	1
H1540	Objc	H4565	1
H1540	Objc	H4726	1
H1540	Objc	H5040	1
H1540	Objc	H5074	1
H1540	Objc	H5315	1
H1540	Objc	H6283	1
H1540	Objc	H6440	1
H1540	Objc	H6666	1
H1540	Objc	H6777	1
H1540	Objc	H7328	1
H1540	Objc	H7611	1
H1540	Objc	H7651	1
H1540	Objc	H7757	1
H1540	Objc	H7785	1
H1540	Objc	H7965	1
H1540	Objc	H8457	1
H1540	Subj	H0259	1
H1540	Subj	H0376	1
H1540	Subj	H0430	1
H1540	Subj	H2154	1
H1540	Subj	H2183	1
H1540	Subj	H2220	1
H1540	Subj	H2682	1
H1540	Subj	H2981	1
H1540	Subj	H3247	1
H1540	Subj	H3358	1
H1540	Subj	H3605	1
H1540	Subj	H3820	1
H1540	Subj	H4194	1
H1540	Subj	H4885	1
H1540	Subj	H6588	1
H1540	Subj	H6635	1
H1540	Subj	H7386	1
H1540	Subj	H7462	1
H1540	Subj	H7757	1
H1540	Subj	H8064	1
H1540	Subj	H8147	1
H1540	Subj	H8179	1
H1540	Subj	H8457	1
H1548	Objc	H1355	1
H1548	Objc	H2677	1
H1548	Objc	H4253	1
H1548	Objc	H5145	1
H1548	Objc	H5424	1
H1548	Objc	H5869	1
H1548	Objc	H6285	1
H1548	Objc	H7272	1
H1548	Objc	H7651	1
H1548	Subj	H5139	1
H1556	Cmpl	H4631	1
H1556	Objc	H1870	1
H1556	Objc	H2781	1
H1556	Objc	H4639	1
H1556	Subj	H4941	1
H1556	Subj	H8064	1
H1566	Cmpl	H3605	1
H1566	Cmpl	H8454	1
H1566	Subj	H0191	1
H1566	Subj	H3605	1
H1570	Cmpl	H2022	1
H1580	Cmpl	H5650	1
H1580	Objc	H7451	1
H1580	Objc	H7462	1
H1580	Objc	H7999	1
H1580	Objc	H8247	1
H1580	Subj	H5288	1
H1589	Cmpl	H0113	1
H1589	Cmpl	H0376	1
H1589	Cmpl	H0776	1
H1589	Cmpl	H5680	1
H1589	Cmpl	H7339	1
H1589	Objc	H0376	1
H1589	Objc	H0430	1
H1589	Objc	H0761	1
H1589	Objc	H1767	1
H1589	Objc	H2091	1
H1589	Objc	H3701	1
H1589	Objc	H3824	1
H1589	Objc	H7716	1
H1589	Objc	H7794	1
H1589	Objc	H8655	1
H1589	Subj	H0376	1
H1589	Subj	H1697	1
H1598	Cmpl	H1157	1
H1598	Cmpl	H3427	1
H1602	Objc	H0376	1
H1602	Objc	H1121	1
H1602	Objc	H2708	1
H1602	Objc	H4941	1
H1602	Subj	H1368	1
H1602	Subj	H4043	1
H1605	Cmpl	H0398	1
H1605	Cmpl	H3220	1
H1605	Cmpl	H5488	1
H1605	Cmpl	H6069	1
H1605	Objc	H0779	1
H1605	Objc	H1471	1
H1605	Objc	H2086	1
H1605	Objc	H2416	1
H1605	Objc	H7070	1
H1605	Subj	H0001	1
H1624	Cmpl	H4421	1
H1624	Subj	H0639	1
H1624	Subj	H1121	1
H1624	Subj	H2534	1
H1624	Subj	H4428	1
H1624	Subj	H5045	1
H1624	Subj	H5315	1
H1624	Subj	H7342	1
H1624	Subj	H8104	1
H1624	Subj	H8451	1
H1629	Cmpl	H5048	1
H1629	Cmpl	H5869	1
H1633	Cmpl	H1242	1
H1633	Objc	H2789	1
H1633	Objc	H6106	1
H1638	Cmpl	H2687	1
H1638	Objc	H8127	1
H1638	Subj	H5315	1
H1639	Cmpl	H1486	1
H1639	Cmpl	H3843	1
H1639	Cmpl	H4294	1
H1639	Cmpl	H4940	1
H1639	Cmpl	H6187	1
H1639	Cmpl	H6662	1
H1639	Cmpl	H8432	1
H1639	Objc	H0413	1
H1639	Objc	H1697	1
H1639	Objc	H2451	1
H1639	Objc	H2706	1
H1639	Objc	H3682	1
H1639	Objc	H4325	1
H1639	Objc	H5869	1
H1639	Objc	H6440	1
H1639	Objc	H7607	1
H1639	Objc	H7881	1
H1639	Subj	H0001	1
H1639	Subj	H8034	1
H1641	Objc	H1626	1
H1644	Cmpl	H0127	1
H1644	Cmpl	H1004	1
H1644	Cmpl	H1460	1
H1644	Cmpl	H5971	1
H1644	Cmpl	H6547	1
H1644	Cmpl	H8588	1
H1644	Objc	H0120	1
H1644	Objc	H0251	1
H1644	Objc	H0341	1
H1644	Objc	H0519	1
H1644	Objc	H0802	1
H1644	Objc	H1121	1
H1644	Objc	H2916	1
H1644	Objc	H2983	1
H1644	Objc	H3605	1
H1644	Objc	H4428	1
H1644	Objc	H6522	1
H1644	Objc	H7516	1
H1644	Objc	H8147	1
H1644	Subj	H4325	1
H1659	Objc	H7023	1
H1669	Subj	H5869	1
H1675	Cmpl	H3671	1
H1675	Cmpl	H7307	1
H1675	Subj	H5404	1
H1692	Cmpl	H0001	1
H1692	Cmpl	H0376	1
H1692	Cmpl	H0430	1
H1692	Cmpl	H0776	1
H1692	Cmpl	H0802	1
H1692	Cmpl	H1323	1
H1692	Cmpl	H1471	1
H1692	Cmpl	H2233	1
H1692	Cmpl	H2719	1
H1692	Cmpl	H3027	1
H1692	Cmpl	H3499	1
H1692	Cmpl	H3709	1
H1692	Cmpl	H4294	1
H1692	Cmpl	H4428	1
H1692	Cmpl	H4975	1
H1692	Cmpl	H5288	1
H1692	Cmpl	H5715	1
H1692	Cmpl	H5785	1
H1692	Cmpl	H6083	1
H1692	Cmpl	H7604	1
H1692	Objc	H1698	1
H1692	Objc	H3956	1
H1692	Subj	H0232	1
H1692	Subj	H0376	1
H1692	Subj	H0990	1
H1692	Subj	H1320	1
H1692	Subj	H2764	1
H1692	Subj	H3027	1
H1692	Subj	H3243	1
H1692	Subj	H3971	1
H1692	Subj	H3972	1
H1692	Subj	H4294	1
H1692	Subj	H4651	1
H1692	Subj	H6883	1
H1692	Subj	H7263	1
H1692	Subj	H7458	1
H1696	Cmpl	H0120	1
H1696	Cmpl	H0231	1
H1696	Cmpl	H0312	1
H1696	Cmpl	H0341	1
H1696	Cmpl	H0505	1
H1696	Cmpl	H0517	1
H1696	Cmpl	H0730	1
H1696	Cmpl	H0784	1
H1696	Cmpl	H0929	1
H1696	Cmpl	H1167	1
H1696	Cmpl	H1323	1
H1696	Cmpl	H1348	1
H1696	Cmpl	H1473	1
H1696	Cmpl	H1709	1
H1696	Cmpl	H2077	1
H1696	Cmpl	H2374	1
H1696	Cmpl	H2450	1
H1696	Cmpl	H2568	1
H1696	Cmpl	H2860	1
H1696	Cmpl	H3158	1
H1696	Cmpl	H3498	1
H1696	Cmpl	H3686	1
H1696	Cmpl	H3707	1
H1696	Cmpl	H3778	1
H1696	Cmpl	H3824	1
H1696	Cmpl	H3947	1
H1696	Cmpl	H4294	1
H1696	Cmpl	H4397	1
H1696	Cmpl	H4940	1
H1696	Cmpl	H5288	1
H1696	Cmpl	H5291	1
H1696	Cmpl	H5387	1
H1696	Cmpl	H5411	1
H1696	Cmpl	H5553	1
H1696	Cmpl	H5678	1
H1696	Cmpl	H5715	1
H1696	Cmpl	H5775	1
H1696	Cmpl	H5930	1
H1696	Cmpl	H6086	1
H1696	Cmpl	H6635	1
H1696	Cmpl	H6862	1
H1696	Cmpl	H7068	1
H1696	Cmpl	H7230	1
H1696	Cmpl	H7307	1
H1696	Cmpl	H7431	1
H1696	Cmpl	H7451	1
H1696	Cmpl	H7611	1
H1696	Cmpl	H7626	1
H1696	Cmpl	H7880	1
H1696	Cmpl	H8198	1
H1696	Objc	H0430	1
H1696	Objc	H0505	1
H1696	Objc	H1369	1
H1696	Objc	H1942	1
H1696	Objc	H2454	1
H1696	Objc	H2472	1
H1696	Objc	H2509	1
H1696	Objc	H2706	1
H1696	Objc	H3956	1
H1696	Objc	H4150	1
H1696	Objc	H4410	1
H1696	Objc	H4687	1
H1696	Objc	H4912	1
H1696	Objc	H5016	1
H1696	Objc	H5039	1
H1696	Objc	H5057	1
H1696	Objc	H5999	1
H1696	Objc	H6277	1
H1696	Objc	H6703	1
H1696	Objc	H7390	1
H1696	Objc	H7423	1
H1696	Objc	H7451	1
H1696	Objc	H8416	1
H1696	Objc	H8419	1
H1696	Objc	H8442	1
H1696	Objc	H8469	1
H1696	Subj	H0034	1
H1696	Subj	H0259	1
H1696	Subj	H0352	1
H1696	Subj	H0433	1
H1696	Subj	H0517	1
H1696	Subj	H0519	1
H1696	Subj	H0776	1
H1696	Subj	H1368	1
H1696	Subj	H2298	1
H1696	Subj	H2377	1
H1696	Subj	H3117	1
H1696	Subj	H3158	1
H1696	Subj	H3372	1
H1696	Subj	H3427	1
H1696	Subj	H3778	1
H1696	Subj	H3878	1
H1696	Subj	H5291	1
H1696	Subj	H5387	1
H1696	Subj	H6697	1
H1696	Subj	H7307	1
H1696	Subj	H7326	1
H1696	Subj	H7860	1
H1696	Subj	H8085	1
H1696	Subj	H8198	1
H1696	Subj	H8248	1
H1696	Subj	H8269	1
H1696	Subj	H8655	1
H1711	Cmpl	H7230	1
H1716	Subj	H7124	1
H1740	Objc	H1818	1
H1740	Objc	H4639	1
H1743	Cmpl	H4085	1
H1750	Subj	H1670	1
H1758	Cmpl	H1303	1
H1758	Cmpl	H4057	1
H1758	Cmpl	H6975	1
H1758	Objc	H1320	1
H1758	Objc	H1471	1
H1758	Objc	H2022	1
H1758	Subj	H4963	1
H1758	Subj	H7100	1
H1760	Objc	H6471	1
H1760	Subj	H7563	1
H1765	Cmpl	H1004	1
H1777	Cmpl	H0120	1
H1777	Subj	H7307	1
H1801	Subj	H6455	1
H1802	Cmpl	H6455	1
H1802	Subj	H7785	1
H1804	Objc	H4325	1
H1809	Cmpl	H4791	1
H1809	Subj	H3519	1
H1809	Subj	H5869	1
H1814	Cmpl	H6430	1
H1814	Objc	H0784	1
H1814	Objc	H6041	1
H1819	Cmpl	H1893	1
H1819	Cmpl	H4057	1
H1819	Cmpl	H5315	1
H1819	Cmpl	H5589	1
H1819	Cmpl	H5945	1
H1819	Cmpl	H6893	1
H1819	Cmpl	H8559	1
H1819	Objc	H0413	1
H1819	Objc	H2617	1
H1819	Objc	H5116	1
H1819	Objc	H6026	1
H1819	Subj	H0120	1
H1819	Subj	H0430	1
H1819	Subj	H1265	1
H1819	Subj	H1588	1
H1819	Subj	H3605	1
H1819	Subj	H6086	1
H1819	Subj	H6967	1
H1826	Cmpl	H0430	1
H1826	Cmpl	H1419	1
H1826	Cmpl	H2220	1
H1826	Cmpl	H2822	1
H1826	Cmpl	H6098	1
H1826	Objc	H1323	1
H1826	Objc	H5315	1
H1826	Objc	H5869	1
H1826	Subj	H1323	1
H1826	Subj	H2205	1
H1826	Subj	H4421	1
H1826	Subj	H5115	1
H1826	Subj	H7563	1
H1826	Subj	H7965	1
H1826	Subj	H8121	1
H1846	Cmpl	H4725	1
H1846	Subj	H0216	1
H1854	Objc	H1634	1
H1854	Objc	H1722	1
H1854	Objc	H2635	1
H1854	Objc	H3605	1
H1854	Objc	H3701	1
H1854	Objc	H5175	1
H1854	Objc	H5971	1
H1854	Objc	H6523	1
H1854	Objc	H7227	1
H1854	Subj	H3899	1
H1856	Cmpl	H6896	1
H1856	Objc	H0376	1
H1856	Objc	H0802	1
H1856	Objc	H8147	1
H1856	Subj	H3605	1
H1856	Subj	H4672	1
H1869	Cmpl	H0759	1
H1869	Cmpl	H0776	1
H1869	Cmpl	H1366	1
H1869	Cmpl	H3220	1
H1869	Cmpl	H4670	1
H1869	Cmpl	H4941	1
H1869	Cmpl	H6620	1
H1869	Cmpl	H7826	1
H1869	Objc	H1661	1
H1869	Objc	H1697	1
H1869	Objc	H2132	1
H1869	Objc	H3196	1
H1869	Objc	H3342	1
H1869	Objc	H3956	1
H1869	Objc	H4751	1
H1869	Objc	H5483	1
H1869	Objc	H5797	1
H1869	Objc	H6035	1
H1869	Objc	H6333	1
H1869	Subj	H0205	1
H1869	Subj	H3548	1
H1869	Subj	H3556	1
H1869	Subj	H3605	1
H1869	Subj	H4962	1
H1869	Subj	H7563	1
H1875	Cmpl	H0120	1
H1875	Cmpl	H0251	1
H1875	Cmpl	H0310	1
H1875	Cmpl	H0376	1
H1875	Cmpl	H0413	1
H1875	Cmpl	H0457	1
H1875	Cmpl	H0802	1
H1875	Cmpl	H1004	1
H1875	Cmpl	H3387	1
H1875	Cmpl	H3548	1
H1875	Cmpl	H3605	1
H1875	Cmpl	H4725	1
H1875	Cmpl	H5315	1
H1875	Cmpl	H5612	1
H1875	Cmpl	H6195	1
H1875	Objc	H0120	1
H1875	Objc	H1121	1
H1875	Objc	H2706	1
H1875	Objc	H4159	1
H1875	Objc	H4687	1
H1875	Objc	H4864	1
H1875	Objc	H4941	1
H1875	Objc	H5315	1
H1875	Objc	H5892	1
H1875	Objc	H5971	1
H1875	Objc	H6593	1
H1875	Objc	H6635	1
H1875	Objc	H6785	1
H1875	Objc	H6944	1
H1875	Objc	H7225	1
H1875	Objc	H7562	1
H1875	Objc	H8163	1
H1875	Objc	H8451	1
H1875	Objc	H8641	1
H1875	Subj	H0251	1
H1875	Subj	H1471	1
H1875	Subj	H5971	1
H1875	Subj	H7563	1
H1875	Subj	H8199	1
H1878	Cmpl	H8081	1
H1878	Objc	H4196	1
H1878	Objc	H5930	1
H1878	Objc	H6106	1
H1878	Objc	H7218	1
H1878	Subj	H1293	1
H1878	Subj	H2743	1
H1878	Subj	H2896	1
H1878	Subj	H6083	1
H1878	Subj	H8052	1
H1897	Cmpl	H0376	1
H1897	Cmpl	H1627	1
H1897	Cmpl	H8451	1
H1897	Objc	H0367	1
H1897	Objc	H0571	1
H1897	Objc	H1697	1
H1897	Objc	H2451	1
H1897	Objc	H4820	1
H1897	Objc	H5930	1
H1897	Objc	H6664	1
H1897	Objc	H6666	1
H1897	Objc	H7385	1
H1897	Objc	H7423	1
H1897	Objc	H7701	1
H1897	Objc	H8267	1
H1897	Subj	H0745	1
H1897	Subj	H2441	1
H1897	Subj	H3715	1
H1897	Subj	H3816	1
H1897	Subj	H6310	1
H1911	Cmpl	H3975	1
H1911	Objc	H3027	1
H1911	Subj	H1580	1
H1915	Objc	H7563	1
H1920	Objc	H0341	1
H1920	Objc	H1942	1
H1920	Objc	H3605	1
H1920	Objc	H7563	1
H1920	Subj	H0430	1
H1921	Cmpl	H0424	1
H1921	Cmpl	H7379	1
H1921	Objc	H1419	1
H1921	Objc	H1800	1
H1921	Objc	H2205	1
H1921	Subj	H2205	1
H1921	Subj	H6440	1
H1933	Cmpl	H0251	1
H1933	Cmpl	H0424	1
H1933	Cmpl	H0606	1
H1933	Cmpl	H1252	1
H1933	Cmpl	H1397	1
H1933	Cmpl	H1964	1
H1933	Cmpl	H2233	1
H1933	Cmpl	H4904	1
H1933	Cmpl	H5632	1
H1933	Cmpl	H5971	1
H1933	Cmpl	H7161	1
H1933	Cmpl	H7218	1
H1933	Cmpl	H7962	1
H1933	Cmpl	H8065	1
H1933	Objc	H0424	1
H1933	Objc	H2375	1
H1933	Objc	H2940	1
H1933	Objc	H4428	1
H1933	Objc	H4904	1
H1933	Objc	H5930	1
H1933	Objc	H7218	1
H1933	PreC	H0144	1
H1933	PreC	H0310	1
H1933	PreC	H0857	1
H1933	PreC	H1129	1
H1933	PreC	H1158	1
H1933	PreC	H1247	1
H1933	PreC	H1288	1
H1933	PreC	H1376	1
H1933	PreC	H1692	1
H1933	PreC	H1980	1
H1933	PreC	H2421	1
H1933	PreC	H2905	1
H1933	PreC	H3064	1
H1933	PreC	H3605	1
H1933	PreC	H4428	1
H1933	PreC	H5643	1
H1933	PreC	H5787	1
H1933	PreC	H6148	1
H1933	PreC	H6523	1
H1933	PreC	H7007	1
H1933	PreC	H7126	1
H1933	PreC	H7227	1
H1933	PreC	H7243	1
H1933	PreC	H7311	1
H1933	PreC	H7352	1
H1933	PreC	H7712	1
H1933	PreC	H7887	1
H1933	PreC	H7989	1
H1933	PreC	H8138	1
H1933	PreC	H8406	1
H1933	PreC	H8532	1
H1933	Subj	H0068	1
H1933	Subj	H0520	1
H1933	Subj	H0561	1
H1933	Subj	H0606	1
H1933	Subj	H1777	1
H1933	Subj	H1798	1
H1933	Subj	H2563	1
H1933	Subj	H3605	1
H1933	Subj	H3961	1
H1933	Subj	H4070	1
H1933	Subj	H4417	1
H1933	Subj	H4887	1
H1933	Subj	H4979	1
H1933	Subj	H5326	1
H1933	Subj	H5632	1
H1933	Subj	H5869	1
H1933	Subj	H5933	1
H1933	Subj	H5971	1
H1933	Subj	H6523	1
H1933	Subj	H7110	1
H1933	Subj	H7117	1
H1933	Subj	H8034	1
H1933	Subj	H8065	1
H1933	Subj	H8449	1
H1933	Subj	H8624	1
H1949	Subj	H0776	1
H1949	Subj	H3605	1
H1949	Subj	H5892	1
H1949	Subj	H7151	1
H1961	Cmpl	H0080	1
H1961	Cmpl	H0205	1
H1961	Cmpl	H0216	1
H1961	Cmpl	H0319	1
H1961	Cmpl	H0341	1
H1961	Cmpl	H0369	1
H1961	Cmpl	H0413	1
H1961	Cmpl	H0423	1
H1961	Cmpl	H0505	1
H1961	Cmpl	H0517	1
H1961	Cmpl	H0519	1
H1961	Cmpl	H0641	1
H1961	Cmpl	H0693	1
H1961	Cmpl	H0702	1
H1961	Cmpl	H0853	1
H1961	Cmpl	H0899	1
H1961	Cmpl	H0905	1
H1961	Cmpl	H0938	1
H1961	Cmpl	H1267	1
H1961	Cmpl	H1285	1
H1961	Cmpl	H1530	1
H1961	Cmpl	H1697	1
H1961	Cmpl	H1730	1
H1961	Cmpl	H1800	1
H1961	Cmpl	H1818	1
H1961	Cmpl	H2076	1
H1961	Cmpl	H2077	1
H1961	Cmpl	H2156	1
H1961	Cmpl	H2344	1
H1961	Cmpl	H2351	1
H1961	Cmpl	H2543	1
H1961	Cmpl	H2555	1
H1961	Cmpl	H2691	1
H1961	Cmpl	H2706	1
H1961	Cmpl	H2708	1
H1961	Cmpl	H2748	1
H1961	Cmpl	H2781	1
H1961	Cmpl	H2805	1
H1961	Cmpl	H2850	1
H1961	Cmpl	H2885	1
H1961	Cmpl	H2896	1
H1961	Cmpl	H2932	1
H1961	Cmpl	H3064	1
H1961	Cmpl	H3158	1
H1961	Cmpl	H3225	1
H1961	Cmpl	H3318	1
H1961	Cmpl	H3409	1
H1961	Cmpl	H3411	1
H1961	Cmpl	H3519	1
H1961	Cmpl	H3550	1
H1961	Cmpl	H3603	1
H1961	Cmpl	H3651	1
H1961	Cmpl	H3689	1
H1961	Cmpl	H3727	1
H1961	Cmpl	H3784	1
H1961	Cmpl	H3824	1
H1961	Cmpl	H3878	1
H1961	Cmpl	H3915	1
H1961	Cmpl	H3933	1
H1961	Cmpl	H3974	1
H1961	Cmpl	H3996	1
H1961	Cmpl	H4026	1
H1961	Cmpl	H4135	1
H1961	Cmpl	H4159	1
H1961	Cmpl	H4181	1
H1961	Cmpl	H4183	1
H1961	Cmpl	H4264	1
H1961	Cmpl	H4281	1
H1961	Cmpl	H4327	1
H1961	Cmpl	H4397	1
H1961	Cmpl	H4487	1
H1961	Cmpl	H4526	1
H1961	Cmpl	H4583	1
H1961	Cmpl	H4605	1
H1961	Cmpl	H4628	1
H1961	Cmpl	H4666	1
H1961	Cmpl	H4696	1
H1961	Cmpl	H4740	1
H1961	Cmpl	H4791	1
H1961	Cmpl	H4823	1
H1961	Cmpl	H4854	1
H1961	Cmpl	H4975	1
H1961	Cmpl	H5003	1
H1961	Cmpl	H5061	1
H1961	Cmpl	H5158	1
H1961	Cmpl	H5175	1
H1961	Cmpl	H5291	1
H1961	Cmpl	H5349	1
H1961	Cmpl	H5439	1
H1961	Cmpl	H5459	1
H1961	Cmpl	H5509	1
H1961	Cmpl	H5771	1
H1961	Cmpl	H5787	1
H1961	Cmpl	H5833	1
H1961	Cmpl	H5844	1
H1961	Cmpl	H5980	1
H1961	Cmpl	H6086	1
H1961	Cmpl	H6106	1
H1961	Cmpl	H6212	1
H1961	Cmpl	H6242	1
H1961	Cmpl	H6249	1
H1961	Cmpl	H6438	1
H1961	Cmpl	H6621	1
H1961	Cmpl	H6654	1
H1961	Cmpl	H6862	1
H1961	Cmpl	H6872	1
H1961	Cmpl	H6883	1
H1961	Cmpl	H6900	1
H1961	Cmpl	H6963	1
H1961	Cmpl	H7045	1
H1961	Cmpl	H7053	1
H1961	Cmpl	H7093	1
H1961	Cmpl	H7130	1
H1961	Cmpl	H7134	1
H1961	Cmpl	H7140	1
H1961	Cmpl	H7200	1
H1961	Cmpl	H7451	1
H1961	Cmpl	H7453	1
H1961	Cmpl	H7611	1
H1961	Cmpl	H7621	1
H1961	Cmpl	H7626	1
H1961	Cmpl	H7650	1
H1961	Cmpl	H7651	1
H1961	Cmpl	H7704	1
H1961	Cmpl	H7716	1
H1961	Cmpl	H7814	1
H1961	Cmpl	H7916	1
H1961	Cmpl	H7965	1
H1961	Cmpl	H7979	1
H1961	Cmpl	H8034	1
H1961	Cmpl	H8099	1
H1961	Cmpl	H8121	1
H1961	Cmpl	H8198	1
H1961	Cmpl	H8199	1
H1961	Cmpl	H8255	1
H1961	Cmpl	H8267	1
H1961	Cmpl	H8270	1
H1961	Cmpl	H8322	1
H1961	Cmpl	H8469	1
H1961	Cmpl	H8473	1
H1961	Cmpl	H8548	1
H1961	Cmpl	H8565	1
H1961	Cmpl	H8672	1
H1961	Objc	H0127	1
H1961	Objc	H0702	1
H1961	Objc	H1323	1
H1961	Objc	H1697	1
H1961	Objc	H1715	1
H1961	Objc	H1730	1
H1961	Objc	H1818	1
H1961	Objc	H2320	1
H1961	Objc	H2568	1
H1961	Objc	H2580	1
H1961	Objc	H2672	1
H1961	Objc	H2796	1
H1961	Objc	H2859	1
H1961	Objc	H2896	1
H1961	Objc	H3324	1
H1961	Objc	H3490	1
H1961	Objc	H3548	1
H1961	Objc	H3605	1
H1961	Objc	H3627	1
H1961	Objc	H3671	1
H1961	Objc	H3701	1
H1961	Objc	H3828	1
H1961	Objc	H4643	1
H1961	Objc	H5063	1
H1961	Objc	H5332	1
H1961	Objc	H5509	1
H1961	Objc	H5930	1
H1961	Objc	H6456	1
H1961	Objc	H6629	1
H1961	Objc	H7998	1
H1961	Objc	H8147	1
H1961	Objc	H8492	1
H1961	PreC	H0056	1
H1961	PreC	H0080	1
H1961	PreC	H0092	1
H1961	PreC	H0098	1
H1961	PreC	H0117	1
H1961	PreC	H0155	1
H1961	PreC	H0178	1
H1961	PreC	H0234	1
H1961	PreC	H0339	1
H1961	PreC	H0398	1
H1961	PreC	H0400	1
H1961	PreC	H0413	1
H1961	PreC	H0424	1
H1961	PreC	H0436	1
H1961	PreC	H0520	1
H1961	PreC	H0533	1
H1961	PreC	H0534	1
H1961	PreC	H0559	1
H1961	PreC	H0567	1
H1961	PreC	H0591	1
H1961	PreC	H0639	1
H1961	PreC	H0653	1
H1961	PreC	H0665	1
H1961	PreC	H0707	1
H1961	PreC	H0713	1
H1961	PreC	H0716	1
H1961	PreC	H0730	1
H1961	PreC	H0745	1
H1961	PreC	H0752	1
H1961	PreC	H0811	1
H1961	PreC	H0819	1
H1961	PreC	H0905	1
H1961	PreC	H0922	1
H1961	PreC	H0926	1
H1961	PreC	H0934	1
H1961	PreC	H0938	1
H1961	PreC	H0939	1
H1961	PreC	H0947	1
H1961	PreC	H0954	1
H1961	PreC	H0962	1
H1961	PreC	H0983	1
H1961	PreC	H0985	1
H1961	PreC	H1002	1
H1961	PreC	H1060	1
H1961	PreC	H1063	1
H1961	PreC	H1157	1
H1961	PreC	H1221	1
H1961	PreC	H1244	1
H1961	PreC	H1245	1
H1961	PreC	H1247	1
H1961	PreC	H1300	1
H1961	PreC	H1314	1
H1961	PreC	H1322	1
H1961	PreC	H1389	1
H1961	PreC	H1404	1
H1961	PreC	H1422	1
H1961	PreC	H1448	1
H1961	PreC	H1497	1
H1961	PreC	H1565	1
H1961	PreC	H1581	1
H1961	PreC	H1590	1
H1961	PreC	H1626	1
H1961	PreC	H1637	1
H1961	PreC	H1644	1
H1961	PreC	H1706	1
H1961	PreC	H1709	1
H1961	PreC	H1724	1
H1961	PreC	H1739	1
H1961	PreC	H1749	1
H1961	PreC	H1767	1
H1961	PreC	H1781	1
H1961	PreC	H1790	1
H1961	PreC	H1839	1
H1961	PreC	H1851	1
H1961	PreC	H1860	1
H1961	PreC	H1875	1
H1961	PreC	H1882	1
H1961	PreC	H1995	1
H1961	PreC	H2113	1
H1961	PreC	H2143	1
H1961	PreC	H2145	1
H1961	PreC	H2151	1
H1961	PreC	H2158	1
H1961	PreC	H2180	1
H1961	PreC	H2189	1
H1961	PreC	H2201	1
H1961	PreC	H2203	1
H1961	PreC	H2205	1
H1961	PreC	H2214	1
H1961	PreC	H2230	1
H1961	PreC	H2244	1
H1961	PreC	H2256	1
H1961	PreC	H2266	1
H1961	PreC	H2280	1
H1961	PreC	H2283	1
H1961	PreC	H2284	1
H1961	PreC	H2332	1
H1961	PreC	H2374	1
H1961	PreC	H2377	1
H1961	PreC	H2388	1
H1961	PreC	H2400	1
H1961	PreC	H2401	1
H1961	PreC	H2404	1
H1961	PreC	H2426	1
H1961	PreC	H2451	1
H1961	PreC	H2472	1
H1961	PreC	H2485	1
H1961	PreC	H2492	1
H1961	PreC	H2506	1
H1961	PreC	H2534	1
H1961	PreC	H2535	1
H1961	PreC	H2637	1
H1961	PreC	H2648	1
H1961	PreC	H2656	1
H1961	PreC	H2691	1
H1961	PreC	H2717	1
H1961	PreC	H2719	1
H1961	PreC	H2730	1
H1961	PreC	H2731	1
H1961	PreC	H2790	1
H1961	PreC	H2793	1
H1961	PreC	H2796	1
H1961	PreC	H2856	1
H1961	PreC	H2860	1
H1961	PreC	H2891	1
H1961	PreC	H2912	1
H1961	PreC	H2932	1
H1961	PreC	H2934	1
H1961	PreC	H2940	1
H1961	PreC	H2960	1
H1961	PreC	H2962	1
H1961	PreC	H2983	1
H1961	PreC	H3001	1
H1961	PreC	H3039	1
H1961	PreC	H3064	1
H1961	PreC	H3158	1
H1961	PreC	H3289	1
H1961	PreC	H3318	1
H1961	PreC	H3332	1
H1961	PreC	H3368	1
H1961	PreC	H3384	1
H1961	PreC	H3422	1
H1961	PreC	H3467	1
H1961	PreC	H3477	1
H1961	PreC	H3510	1
H1961	PreC	H3556	1
H1961	PreC	H3563	1
H1961	PreC	H3603	1
H1961	PreC	H3607	1
H1961	PreC	H3651	1
H1961	PreC	H3707	1
H1961	PreC	H3727	1
H1961	PreC	H3738	1
H1961	PreC	H3759	1
H1961	PreC	H3782	1
H1961	PreC	H3898	1
H1961	PreC	H3915	1
H1961	PreC	H3925	1
H1961	PreC	H3931	1
H1961	PreC	H3933	1
H1961	PreC	H3950	1
H1961	PreC	H3955	1
H1961	PreC	H3992	1
H1961	PreC	H3999	1
H1961	PreC	H4026	1
H1961	PreC	H4040	1
H1961	PreC	H4054	1
H1961	PreC	H4060	1
H1961	PreC	H4109	1
H1961	PreC	H4114	1
H1961	PreC	H4135	1
H1961	PreC	H4148	1
H1961	PreC	H4152	1
H1961	PreC	H4194	1
H1961	PreC	H4217	1
H1961	PreC	H4219	1
H1961	PreC	H4224	1
H1961	PreC	H4285	1
H1961	PreC	H4295	1
H1961	PreC	H4390	1
H1961	PreC	H4396	1
H1961	PreC	H4397	1
H1961	PreC	H4405	1
H1961	PreC	H4438	1
H1961	PreC	H4468	1
H1961	PreC	H4475	1
H1961	PreC	H4487	1
H1961	PreC	H4497	1
H1961	PreC	H4521	1
H1961	PreC	H4550	1
H1961	PreC	H4596	1
H1961	PreC	H4605	1
H1961	PreC	H4618	1
H1961	PreC	H4654	1
H1961	PreC	H4671	1
H1961	PreC	H4682	1
H1961	PreC	H4687	1
H1961	PreC	H4692	1
H1961	PreC	H4696	1
H1961	PreC	H4698	1
H1961	PreC	H4705	1
H1961	PreC	H4713	1
H1961	PreC	H4716	1
H1961	PreC	H4744	1
H1961	PreC	H4751	1
H1961	PreC	H4775	1
H1961	PreC	H4786	1
H1961	PreC	H4805	1
H1961	PreC	H4808	1
H1961	PreC	H4828	1
H1961	PreC	H4889	1
H1961	PreC	H4894	1
H1961	PreC	H4904	1
H1961	PreC	H4916	1
H1961	PreC	H4924	1
H1961	PreC	H4932	1
H1961	PreC	H4959	1
H1961	PreC	H4997	1
H1961	PreC	H5048	1
H1961	PreC	H5058	1
H1961	PreC	H5060	1
H1961	PreC	H5066	1
H1961	PreC	H5115	1
H1961	PreC	H5158	1
H1961	PreC	H5169	1
H1961	PreC	H5175	1
H1961	PreC	H5197	1
H1961	PreC	H5227	1
H1961	PreC	H5237	1
H1961	PreC	H5287	1
H1961	PreC	H5296	1
H1961	PreC	H5307	1
H1961	PreC	H5328	1
H1961	PreC	H5333	1
H1961	PreC	H5337	1
H1961	PreC	H5347	1
H1961	PreC	H5348	1
H1961	PreC	H5349	1
H1961	PreC	H5397	1
H1961	PreC	H5414	1
H1961	PreC	H5435	1
H1961	PreC	H5470	1
H1961	PreC	H5475	1
H1961	PreC	H5478	1
H1961	PreC	H5503	1
H1961	PreC	H5509	1
H1961	PreC	H5530	1
H1961	PreC	H5544	1
H1961	PreC	H5612	1
H1961	PreC	H5637	1
H1961	PreC	H5643	1
H1961	PreC	H5674	1
H1961	PreC	H5692	1
H1961	PreC	H5704	1
H1961	PreC	H5739	1
H1961	PreC	H5748	1
H1961	PreC	H5797	1
H1961	PreC	H5828	1
H1961	PreC	H5916	1
H1961	PreC	H5930	1
H1961	PreC	H5939	1
H1961	PreC	H5980	1
H1961	PreC	H6058	1
H1961	PreC	H6124	1
H1961	PreC	H6135	1
H1961	PreC	H6144	1
H1961	PreC	H6153	1
H1961	PreC	H6174	1
H1961	PreC	H6175	1
H1961	PreC	H6185	1
H1961	PreC	H6199	1
H1961	PreC	H6223	1
H1961	PreC	H6260	1
H1961	PreC	H6285	1
H1961	PreC	H6292	1
H1961	PreC	H6327	1
H1961	PreC	H6330	1
H1961	PreC	H6370	1
H1961	PreC	H6438	1
H1961	PreC	H6487	1
H1961	PreC	H6501	1
H1961	PreC	H6509	1
H1961	PreC	H6530	1
H1961	PreC	H6533	1
H1961	PreC	H6544	1
H1961	PreC	H6556	1
H1961	PreC	H6571	1
H1961	PreC	H6593	1
H1961	PreC	H6603	1
H1961	PreC	H6607	1
H1961	PreC	H6684	1
H1961	PreC	H6711	1
H1961	PreC	H6712	1
H1961	PreC	H6718	1
H1961	PreC	H6723	1
H1961	PreC	H6734	1
H1961	PreC	H6738	1
H1961	PreC	H6743	1
H1961	PreC	H6763	1
H1961	PreC	H6785	1
H1961	PreC	H6796	1
H1961	PreC	H6833	1
H1961	PreC	H6843	1
H1961	PreC	H6913	1
H1961	PreC	H6936	1
H1961	PreC	H6951	1
H1961	PreC	H6956	1
H1961	PreC	H6967	1
H1961	PreC	H6975	1
H1961	PreC	H7008	1
H1961	PreC	H7016	1
H1961	PreC	H7019	1
H1961	PreC	H7031	1
H1961	PreC	H7047	1
H1961	PreC	H7054	1
H1961	PreC	H7058	1
H1961	PreC	H7064	1
H1961	PreC	H7074	1
H1961	PreC	H7107	1
H1961	PreC	H7121	1
H1961	PreC	H7172	1
H1961	PreC	H7186	1
H1961	PreC	H7199	1
H1961	PreC	H7200	1
H1961	PreC	H7233	1
H1961	PreC	H7235	1
H1961	PreC	H7272	1
H1961	PreC	H7290	1
H1961	PreC	H7341	1
H1961	PreC	H7350	1
H1961	PreC	H7379	1
H1961	PreC	H7386	1
H1961	PreC	H7390	1
H1961	PreC	H7392	1
H1961	PreC	H7393	1
H1961	PreC	H7399	1
H1961	PreC	H7456	1
H1961	PreC	H7458	1
H1961	PreC	H7521	1
H1961	PreC	H7533	1
H1961	PreC	H7549	1
H1961	PreC	H7563	1
H1961	PreC	H7579	1
H1961	PreC	H7605	1
H1961	PreC	H7616	1
H1961	PreC	H7617	1
H1961	PreC	H7637	1
H1961	PreC	H7677	1
H1961	PreC	H7696	1
H1961	PreC	H7709	1
H1961	PreC	H7716	1
H1961	PreC	H7725	1
H1961	PreC	H7751	1
H1961	PreC	H7760	1
H1961	PreC	H7794	1
H1961	PreC	H7832	1
H1961	PreC	H7850	1
H1961	PreC	H7857	1
H1961	PreC	H7874	1
H1961	PreC	H7891	1
H1961	PreC	H7901	1
H1961	PreC	H7909	1
H1961	PreC	H7910	1
H1961	PreC	H7921	1
H1961	PreC	H7926	1
H1961	PreC	H7936	1
H1961	PreC	H7971	1
H1961	PreC	H7979	1
H1961	PreC	H7992	1
H1961	PreC	H8052	1
H1961	PreC	H8057	1
H1961	PreC	H8074	1
H1961	PreC	H8082	1
H1961	PreC	H8085	1
H1961	PreC	H8142	1
H1961	PreC	H8144	1
H1961	PreC	H8146	1
H1961	PreC	H8163	1
H1961	PreC	H8184	1
H1961	PreC	H8193	1
H1961	PreC	H8198	1
H1961	PreC	H8251	1
H1961	PreC	H8252	1
H1961	PreC	H8263	1
H1961	PreC	H8401	1
H1961	PreC	H8414	1
H1961	PreC	H8444	1
H1961	PreC	H8453	1
H1961	PreC	H8487	1
H1961	PreC	H8504	1
H1961	PreC	H8506	1
H1961	PreC	H8511	1
H1961	PreC	H8582	1
H1961	PreC	H8591	1
H1961	PreC	H8596	1
H1961	PreC	H8610	1
H1961	PreC	H8612	1
H1961	PreC	H8628	1
H1961	PreC	H8642	1
H1961	PreC	H8668	1
H1961	Subj	H0102	1
H1961	Subj	H0117	1
H1961	Subj	H0178	1
H1961	Subj	H0205	1
H1961	Subj	H0226	1
H1961	Subj	H0269	1
H1961	Subj	H0272	1
H1961	Subj	H0314	1
H1961	Subj	H0342	1
H1961	Subj	H0352	1
H1961	Subj	H0361	1
H1961	Subj	H0400	1
H1961	Subj	H0413	1
H1961	Subj	H0423	1
H1961	Subj	H0441	1
H1961	Subj	H0539	1
H1961	Subj	H0561	1
H1961	Subj	H0591	1
H1961	Subj	H0592	1
H1961	Subj	H0622	1
H1961	Subj	H0653	1
H1961	Subj	H0697	1
H1961	Subj	H0745	1
H1961	Subj	H0779	1
H1961	Subj	H0834	1
H1961	Subj	H0868	1
H1961	Subj	H0875	1
H1961	Subj	H0953	1
H1961	Subj	H0957	1
H1961	Subj	H0961	1
H1961	Subj	H0970	1
H1961	Subj	H0975	1
H1961	Subj	H1100	1
H1961	Subj	H1155	1
H1961	Subj	H1226	1
H1961	Subj	H1247	1
H1961	Subj	H1330	1
H1961	Subj	H1350	1
H1961	Subj	H1369	1
H1961	Subj	H1494	1
H1961	Subj	H1569	1
H1961	Subj	H1580	1
H1961	Subj	H1649	1
H1961	Subj	H1698	1
H1961	Subj	H1706	1
H1961	Subj	H1710	1
H1961	Subj	H1832	1
H1961	Subj	H1839	1
H1961	Subj	H1877	1
H1961	Subj	H1902	1
H1961	Subj	H2086	1
H1961	Subj	H2108	1
H1961	Subj	H2132	1
H1961	Subj	H2154	1
H1961	Subj	H2181	1
H1961	Subj	H2266	1
H1961	Subj	H2373	1
H1961	Subj	H2377	1
H1961	Subj	H2380	1
H1961	Subj	H2471	1
H1961	Subj	H2472	1
H1961	Subj	H2483	1
H1961	Subj	H2509	1
H1961	Subj	H2535	1
H1961	Subj	H2549	1
H1961	Subj	H2564	1
H1961	Subj	H2634	1
H1961	Subj	H2691	1
H1961	Subj	H2708	1
H1961	Subj	H2720	1
H1961	Subj	H2731	1
H1961	Subj	H2844	1
H1961	Subj	H2847	1
H1961	Subj	H2918	1
H1961	Subj	H2940	1
H1961	Subj	H2964	1
H1961	Subj	H2989	1
H1961	Subj	H3045	1
H1961	Subj	H3049	1
H1961	Subj	H3104	1
H1961	Subj	H3225	1
H1961	Subj	H3293	1
H1961	Subj	H3366	1
H1961	Subj	H3368	1
H1961	Subj	H3407	1
H1961	Subj	H3418	1
H1961	Subj	H3489	1
H1961	Subj	H3499	1
H1961	Subj	H3511	1
H1961	Subj	H3531	1
H1961	Subj	H3571	1
H1961	Subj	H3599	1
H1961	Subj	H3603	1
H1961	Subj	H3658	1
H1961	Subj	H3802	1
H1961	Subj	H3842	1
H1961	Subj	H3843	1
H1961	Subj	H3966	1
H1961	Subj	H3974	1
H1961	Subj	H3998	1
H1961	Subj	H4009	1
H1961	Subj	H4026	1
H1961	Subj	H4057	1
H1961	Subj	H4060	1
H1961	Subj	H4082	1
H1961	Subj	H4138	1
H1961	Subj	H4145	1
H1961	Subj	H4161	1
H1961	Subj	H4172	1
H1961	Subj	H4183	1
H1961	Subj	H4195	1
H1961	Subj	H4217	1
H1961	Subj	H4241	1
H1961	Subj	H4261	1
H1961	Subj	H4279	1
H1961	Subj	H4298	1
H1961	Subj	H4371	1
H1961	Subj	H4374	1
H1961	Subj	H4397	1
H1961	Subj	H4419	1
H1961	Subj	H4455	1
H1961	Subj	H4456	1
H1961	Subj	H4478	1
H1961	Subj	H4488	1
H1961	Subj	H4494	1
H1961	Subj	H4496	1
H1961	Subj	H4522	1
H1961	Subj	H4547	1
H1961	Subj	H4569	1
H1961	Subj	H4599	1
H1961	Subj	H4696	1
H1961	Subj	H4716	1
H1961	Subj	H4723	1
H1961	Subj	H4738	1
H1961	Subj	H4751	1
H1961	Subj	H4758	1
H1961	Subj	H4794	1
H1961	Subj	H4808	1
H1961	Subj	H4817	1
H1961	Subj	H4818	1
H1961	Subj	H4904	1
H1961	Subj	H4909	1
H1961	Subj	H4910	1
H1961	Subj	H4932	1
H1961	Subj	H4951	1
H1961	Subj	H4962	1
H1961	Subj	H4971	1
H1961	Subj	H5034	1
H1961	Subj	H5051	1
H1961	Subj	H5057	1
H1961	Subj	H5079	1
H1961	Subj	H5133	1
H1961	Subj	H5141	1
H1961	Subj	H5165	1
H1961	Subj	H5175	1
H1961	Subj	H5216	1
H1961	Subj	H5252	1
H1961	Subj	H5262	1
H1961	Subj	H5278	1
H1961	Subj	H5291	1
H1961	Subj	H5303	1
H1961	Subj	H5316	1
H1961	Subj	H5375	1
H1961	Subj	H5391	1
H1961	Subj	H5404	1
H1961	Subj	H5411	1
H1961	Subj	H5438	1
H1961	Subj	H5461	1
H1961	Subj	H5520	1
H1961	Subj	H5521	1
H1961	Subj	H5591	1
H1961	Subj	H5597	1
H1961	Subj	H5643	1
H1961	Subj	H5656	1
H1961	Subj	H5657	1
H1961	Subj	H5678	1
H1961	Subj	H5680	1
H1961	Subj	H5688	1
H1961	Subj	H5695	1
H1961	Subj	H5707	1
H1961	Subj	H5730	1
H1961	Subj	H5763	1
H1961	Subj	H5787	1
H1961	Subj	H5848	1
H1961	Subj	H5850	1
H1961	Subj	H5929	1
H1961	Subj	H6049	1
H1961	Subj	H6083	1
H1961	Subj	H6091	1
H1961	Subj	H6098	1
H1961	Subj	H6116	1
H1961	Subj	H6121	1
H1961	Subj	H6157	1
H1961	Subj	H6189	1
H1961	Subj	H6196	1
H1961	Subj	H6287	1
H1961	Subj	H6354	1
H1961	Subj	H6363	1
H1961	Subj	H6370	1
H1961	Subj	H6389	1
H1961	Subj	H6442	1
H1961	Subj	H6451	1
H1961	Subj	H6453	1
H1961	Subj	H6455	1
H1961	Subj	H6477	1
H1961	Subj	H6505	1
H1961	Subj	H6547	1
H1961	Subj	H6610	1
H1961	Subj	H6669	1
H1961	Subj	H6733	1
H1961	Subj	H6738	1
H1961	Subj	H6776	1
H1961	Subj	H6780	1
H1961	Subj	H6788	1
H1961	Subj	H6862	1
H1961	Subj	H6869	1
H1961	Subj	H6883	1
H1961	Subj	H6900	1
H1961	Subj	H6916	1
H1961	Subj	H6979	1
H1961	Subj	H6994	1
H1961	Subj	H7081	1
H1961	Subj	H7097	1
H1961	Subj	H7133	1
H1961	Subj	H7195	1
H1961	Subj	H7198	1
H1961	Subj	H7243	1
H1961	Subj	H7291	1
H1961	Subj	H7309	1
H1961	Subj	H7323	1
H1961	Subj	H7358	1
H1961	Subj	H7386	1
H1961	Subj	H7400	1
H1961	Subj	H7411	1
H1961	Subj	H7415	1
H1961	Subj	H7416	1
H1961	Subj	H7423	1
H1961	Subj	H7431	1
H1961	Subj	H7494	1
H1961	Subj	H7500	1
H1961	Subj	H7549	1
H1961	Subj	H7553	1
H1961	Subj	H7563	1
H1961	Subj	H7568	1
H1961	Subj	H7601	1
H1961	Subj	H7604	1
H1961	Subj	H7617	1
H1961	Subj	H7637	1
H1961	Subj	H7641	1
H1961	Subj	H7658	1
H1961	Subj	H7699	1
H1961	Subj	H7710	1
H1961	Subj	H7716	1
H1961	Subj	H7723	1
H1961	Subj	H7778	1
H1961	Subj	H7785	1
H1961	Subj	H7794	1
H1961	Subj	H7880	1
H1961	Subj	H7962	1
H1961	Subj	H7979	1
H1961	Subj	H8048	1
H1961	Subj	H8064	1
H1961	Subj	H8081	1
H1961	Subj	H8089	1
H1961	Subj	H8142	1
H1961	Subj	H8181	1
H1961	Subj	H8193	1
H1961	Subj	H8217	1
H1961	Subj	H8252	1
H1961	Subj	H8255	1
H1961	Subj	H8273	1
H1961	Subj	H8342	1
H1961	Subj	H8371	1
H1961	Subj	H8386	1
H1961	Subj	H8395	1
H1961	Subj	H8401	1
H1961	Subj	H8435	1
H1961	Subj	H8548	1
H1961	Subj	H8573	1
H1961	Subj	H8605	1
H1961	Subj	H8615	1
H1961	Subj	H8617	1
H1980	Cmpl	H0060	1
H1980	Cmpl	H0068	1
H1980	Cmpl	H0268	1
H1980	Cmpl	H0269	1
H1980	Cmpl	H0413	1
H1980	Cmpl	H0591	1
H1980	Cmpl	H0652	1
H1980	Cmpl	H0653	1
H1980	Cmpl	H0738	1
H1980	Cmpl	H0761	1
H1980	Cmpl	H0870	1
H1980	Cmpl	H0875	1
H1980	Cmpl	H0970	1
H1980	Cmpl	H0996	1
H1980	Cmpl	H1116	1
H1980	Cmpl	H1338	1
H1980	Cmpl	H1486	1
H1980	Cmpl	H1512	1
H1980	Cmpl	H1513	1
H1980	Cmpl	H1964	1
H1980	Cmpl	H2205	1
H1980	Cmpl	H2346	1
H1980	Cmpl	H2450	1
H1980	Cmpl	H2461	1
H1980	Cmpl	H2714	1
H1980	Cmpl	H2825	1
H1980	Cmpl	H2850	1
H1980	Cmpl	H2983	1
H1980	Cmpl	H3004	1
H1980	Cmpl	H3027	1
H1980	Cmpl	H3374	1
H1980	Cmpl	H3444	1
H1980	Cmpl	H3477	1
H1980	Cmpl	H3531	1
H1980	Cmpl	H3627	1
H1980	Cmpl	H3669	1
H1980	Cmpl	H3686	1
H1980	Cmpl	H3828	1
H1980	Cmpl	H3899	1
H1980	Cmpl	H3957	1
H1980	Cmpl	H3993	1
H1980	Cmpl	H3996	1
H1980	Cmpl	H4186	1
H1980	Cmpl	H4196	1
H1980	Cmpl	H4264	1
H1980	Cmpl	H4284	1
H1980	Cmpl	H4397	1
H1980	Cmpl	H4417	1
H1980	Cmpl	H4546	1
H1980	Cmpl	H4599	1
H1980	Cmpl	H4609	1
H1980	Cmpl	H4634	1
H1980	Cmpl	H4687	1
H1980	Cmpl	H4708	1
H1980	Cmpl	H4753	1
H1980	Cmpl	H4758	1
H1980	Cmpl	H4803	1
H1980	Cmpl	H4846	1
H1980	Cmpl	H4899	1
H1980	Cmpl	H4900	1
H1980	Cmpl	H4940	1
H1980	Cmpl	H4960	1
H1980	Cmpl	H5045	1
H1980	Cmpl	H5104	1
H1980	Cmpl	H5244	1
H1980	Cmpl	H5291	1
H1980	Cmpl	H5315	1
H1980	Cmpl	H5414	1
H1980	Cmpl	H5439	1
H1980	Cmpl	H5450	1
H1980	Cmpl	H5488	1
H1980	Cmpl	H5650	1
H1980	Cmpl	H5713	1
H1980	Cmpl	H5715	1
H1980	Cmpl	H5787	1
H1980	Cmpl	H5984	1
H1980	Cmpl	H6010	1
H1980	Cmpl	H6235	1
H1980	Cmpl	H6310	1
H1980	Cmpl	H6593	1
H1980	Cmpl	H6629	1
H1980	Cmpl	H6654	1
H1980	Cmpl	H6666	1
H1980	Cmpl	H6673	1
H1980	Cmpl	H6722	1
H1980	Cmpl	H6723	1
H1980	Cmpl	H6754	1
H1980	Cmpl	H6785	1
H1980	Cmpl	H6869	1
H1980	Cmpl	H6918	1
H1980	Cmpl	H7093	1
H1980	Cmpl	H7203	1
H1980	Cmpl	H7223	1
H1980	Cmpl	H7227	1
H1980	Cmpl	H7291	1
H1980	Cmpl	H7307	1
H1980	Cmpl	H7339	1
H1980	Cmpl	H7342	1
H1980	Cmpl	H7453	1
H1980	Cmpl	H7562	1
H1980	Cmpl	H7563	1
H1980	Cmpl	H7701	1
H1980	Cmpl	H7723	1
H1980	Cmpl	H7965	1
H1980	Cmpl	H8040	1
H1980	Cmpl	H8081	1
H1980	Cmpl	H8179	1
H1980	Cmpl	H8193	1
H1980	Cmpl	H8205	1
H1980	Cmpl	H8250	1
H1980	Cmpl	H8251	1
H1980	Cmpl	H8267	1
H1980	Cmpl	H8415	1
H1980	Cmpl	H8537	1
H1980	Objc	H0120	1
H1980	Objc	H0259	1
H1980	Objc	H0352	1
H1980	Objc	H0517	1
H1980	Objc	H0567	1
H1980	Objc	H0776	1
H1980	Objc	H0802	1
H1980	Objc	H1419	1
H1980	Objc	H1473	1
H1980	Objc	H2022	1
H1980	Objc	H2329	1
H1980	Objc	H2781	1
H1980	Objc	H3206	1
H1980	Objc	H3220	1
H1980	Objc	H3372	1
H1980	Objc	H3548	1
H1980	Objc	H3605	1
H1980	Objc	H4057	1
H1980	Objc	H5104	1
H1980	Objc	H5410	1
H1980	Objc	H5631	1
H1980	Objc	H5787	1
H1980	Objc	H5971	1
H1980	Objc	H6128	1
H1980	Objc	H6963	1
H1980	Objc	H8064	1
H1980	Subj	H0157	1
H1980	Subj	H0259	1
H1980	Subj	H0590	1
H1980	Subj	H0591	1
H1980	Subj	H0650	1
H1980	Subj	H0745	1
H1980	Subj	H0886	1
H1980	Subj	H0970	1
H1980	Subj	H1300	1
H1980	Subj	H1330	1
H1980	Subj	H1350	1
H1980	Subj	H1389	1
H1980	Subj	H1698	1
H1980	Subj	H1730	1
H1980	Subj	H2416	1
H1980	Subj	H2428	1
H1980	Subj	H2671	1
H1980	Subj	H2719	1
H1980	Subj	H2796	1
H1980	Subj	H2940	1
H1980	Subj	H2945	1
H1980	Subj	H3027	1
H1980	Subj	H3127	1
H1980	Subj	H3742	1
H1980	Subj	H3778	1
H1980	Subj	H3833	1
H1980	Subj	H3940	1
H1980	Subj	H3956	1
H1980	Subj	H4325	1
H1980	Subj	H4437	1
H1980	Subj	H4735	1
H1980	Subj	H5068	1
H1980	Subj	H5284	1
H1980	Subj	H5410	1
H1980	Subj	H5483	1
H1980	Subj	H5768	1
H1980	Subj	H5775	1
H1980	Subj	H5892	1
H1980	Subj	H5959	1
H1980	Subj	H6031	1
H1980	Subj	H6086	1
H1980	Subj	H6440	1
H1980	Subj	H6662	1
H1980	Subj	H6735	1
H1980	Subj	H6738	1
H1980	Subj	H6951	1
H1980	Subj	H6963	1
H1980	Subj	H7323	1
H1980	Subj	H7392	1
H1980	Subj	H7464	1
H1980	Subj	H7563	1
H1980	Subj	H7626	1
H1980	Subj	H7747	1
H1980	Subj	H7752	1
H1980	Subj	H7776	1
H1980	Subj	H8034	1
H1980	Subj	H8064	1
H1980	Subj	H8198	1
H1980	Subj	H8269	1
H1980	Subj	H8337	1
H1980	Subj	H8392	1
H1980	Subj	H8489	1
H1984	Cmpl	H1369	1
H1984	Cmpl	H2451	1
H1984	Cmpl	H3117	1
H1984	Cmpl	H4279	1
H1984	Cmpl	H5315	1
H1984	Cmpl	H6010	1
H1984	Cmpl	H6547	1
H1984	Cmpl	H6918	1
H1984	Cmpl	H7230	1
H1984	Cmpl	H7462	1
H1984	Cmpl	H8378	1
H1984	Objc	H0413	1
H1984	Objc	H7563	1
H1984	Subj	H0034	1
H1984	Subj	H0376	1
H1984	Subj	H1254	1
H1984	Subj	H1330	1
H1984	Subj	H1368	1
H1984	Subj	H2233	1
H1984	Subj	H2450	1
H1984	Subj	H3477	1
H1984	Subj	H3820	1
H1984	Subj	H4191	1
H1984	Subj	H5315	1
H1984	Subj	H5397	1
H1984	Subj	H5800	1
H1984	Subj	H5971	1
H1984	Subj	H6041	1
H1984	Subj	H6223	1
H1984	Subj	H6310	1
H1984	Subj	H7563	1
H1984	Subj	H8451	1
H1986	Objc	H6603	1
H1986	Subj	H1167	1
H1986	Subj	H1471	1
H1986	Subj	H5483	1
H1986	Subj	H6119	1
H1993	Cmpl	H0376	1
H1993	Subj	H0341	1
H1993	Subj	H1471	1
H1993	Subj	H3220	1
H1993	Subj	H3605	1
H2000	Cmpl	H6440	1
H2000	Objc	H1537	1
H2000	Objc	H5699	1
H2000	Objc	H5971	1
H2000	Objc	H6571	1
H2000	Objc	H7393	1
H2013	Objc	H5971	1
H2015	Cmpl	H0312	1
H2015	Cmpl	H0376	1
H2015	Cmpl	H0393	1
H2015	Cmpl	H0639	1
H2015	Cmpl	H1870	1
H2015	Cmpl	H2114	1
H2015	Cmpl	H2203	1
H2015	Cmpl	H2534	1
H2015	Cmpl	H2725	1
H2015	Cmpl	H2822	1
H2015	Cmpl	H3004	1
H2015	Cmpl	H3015	1
H2015	Cmpl	H3420	1
H2015	Cmpl	H4421	1
H2015	Cmpl	H4818	1
H2015	Cmpl	H5175	1
H2015	Cmpl	H7019	1
H2015	Cmpl	H7179	1
H2015	Cmpl	H7218	1
H2015	Cmpl	H7291	1
H2015	Cmpl	H8057	1
H2015	Cmpl	H8342	1
H2015	Objc	H0060	1
H2015	Objc	H0127	1
H2015	Objc	H0312	1
H2015	Objc	H0776	1
H2015	Objc	H1612	1
H2015	Objc	H1697	1
H2015	Objc	H2022	1
H2015	Objc	H2282	1
H2015	Objc	H2389	1
H2015	Objc	H2416	1
H2015	Objc	H2975	1
H2015	Objc	H3427	1
H2015	Objc	H3603	1
H2015	Objc	H3678	1
H2015	Objc	H3966	1
H2015	Objc	H4325	1
H2015	Objc	H4467	1
H2015	Objc	H4553	1
H2015	Objc	H4818	1
H2015	Objc	H4904	1
H2015	Objc	H4941	1
H2015	Objc	H5140	1
H2015	Objc	H5237	1
H2015	Objc	H5493	1
H2015	Objc	H5785	1
H2015	Objc	H5869	1
H2015	Objc	H6203	1
H2015	Objc	H6635	1
H2015	Objc	H6780	1
H2015	Objc	H7307	1
H2015	Objc	H7392	1
H2015	Objc	H8181	1
H2015	Objc	H8193	1
H2015	Subj	H0068	1
H2015	Subj	H1091	1
H2015	Subj	H1121	1
H2015	Subj	H1995	1
H2015	Subj	H3220	1
H2015	Subj	H3571	1
H2015	Subj	H3824	1
H2015	Subj	H3899	1
H2015	Subj	H3955	1
H2015	Subj	H4325	1
H2015	Subj	H5158	1
H2015	Subj	H5159	1
H2015	Subj	H5288	1
H2015	Subj	H5650	1
H2015	Subj	H5971	1
H2015	Subj	H6440	1
H2015	Subj	H6547	1
H2015	Subj	H7050	1
H2015	Subj	H7198	1
H2015	Subj	H7411	1
H2015	Subj	H7563	1
H2015	Subj	H8121	1
H2026	Cmpl	H0191	1
H2026	Cmpl	H1002	1
H2026	Cmpl	H8130	1
H2026	Objc	H0001	1
H2026	Objc	H0117	1
H2026	Objc	H0120	1
H2026	Objc	H0319	1
H2026	Objc	H0490	1
H2026	Objc	H0776	1
H2026	Objc	H1241	1
H2026	Objc	H1330	1
H2026	Objc	H1612	1
H2026	Objc	H1616	1
H2026	Objc	H2027	1
H2026	Objc	H2205	1
H2026	Objc	H3064	1
H2026	Objc	H3427	1
H2026	Objc	H3669	1
H2026	Objc	H4261	1
H2026	Objc	H4713	1
H2026	Objc	H4932	1
H2026	Objc	H5057	1
H2026	Objc	H5650	1
H2026	Objc	H5869	1
H2026	Objc	H5892	1
H2026	Objc	H6099	1
H2026	Objc	H6235	1
H2026	Objc	H6242	1
H2026	Objc	H6571	1
H2026	Objc	H6887	1
H2026	Objc	H7223	1
H2026	Objc	H7273	1
H2026	Objc	H7611	1
H2026	Objc	H7704	1
H2026	Objc	H8269	1
H2026	Objc	H8577	1
H2026	Subj	H0251	1
H2026	Subj	H0376	1
H2026	Subj	H1323	1
H2026	Subj	H1368	1
H2026	Subj	H1416	1
H2026	Subj	H3548	1
H2026	Subj	H3707	1
H2026	Subj	H5030	1
H2026	Subj	H7069	1
H2026	Subj	H7563	1
H2029	Cmpl	H0001	1
H2029	Objc	H0001	1
H2029	Objc	H2842	1
H2029	Objc	H3605	1
H2029	Objc	H5971	1
H2029	Subj	H1323	1
H2029	Subj	H1397	1
H2029	Subj	H8147	1
H2040	Cmpl	H6310	1
H2040	Cmpl	H7563	1
H2040	Objc	H1167	1
H2040	Objc	H1323	1
H2040	Objc	H1355	1
H2040	Objc	H2346	1
H2040	Objc	H3605	1
H2040	Objc	H4026	1
H2040	Objc	H6965	1
H2040	Objc	H7023	1
H2040	Objc	H8127	1
H2040	Subj	H0068	1
H2040	Subj	H1447	1
H2040	Subj	H2022	1
H2040	Subj	H2346	1
H2040	Subj	H3548	1
H2040	Subj	H4460	1
H2040	Subj	H5971	1
H2040	Subj	H8352	1
H2048	Cmpl	H0376	1
H2048	Subj	H0001	1
H2050	Cmpl	H0376	1
H2076	Cmpl	H1167	1
H2076	Cmpl	H1241	1
H2076	Cmpl	H3605	1
H2076	Cmpl	H4725	1
H2076	Cmpl	H5695	1
H2076	Cmpl	H6091	1
H2076	Cmpl	H6440	1
H2076	Cmpl	H6456	1
H2076	Cmpl	H6629	1
H2076	Cmpl	H6635	1
H2076	Cmpl	H6946	1
H2076	Cmpl	H8163	1
H2076	Objc	H0352	1
H2076	Objc	H1121	1
H2076	Objc	H1277	1
H2076	Objc	H1320	1
H2076	Objc	H1323	1
H2076	Objc	H1818	1
H2076	Objc	H3605	1
H2076	Objc	H5088	1
H2076	Objc	H5930	1
H2076	Objc	H7230	1
H2076	Objc	H7716	1
H2076	Objc	H8441	1
H2076	Objc	H8643	1
H2076	Subj	H4428	1
H2094	Cmpl	H7563	1
H2094	Objc	H2706	1
H2094	Objc	H5971	1
H2094	Objc	H8451	1
H2094	Subj	H5971	1
H2100	Subj	H1818	1
H2100	Subj	H6010	1
H2102	Cmpl	H6918	1
H2102	Cmpl	H7453	1
H2102	Objc	H5138	1
H2102	Subj	H0001	1
H2102	Subj	H0376	1
H2115	Objc	H1492	1
H2135	Objc	H0734	1
H2135	Objc	H3820	1
H2135	Objc	H3824	1
H2135	Subj	H0802	1
H2135	Subj	H3205	1
H2135	Subj	H5288	1
H2141	Cmpl	H1252	1
H2141	Objc	H3709	1
H2141	Subj	H5139	1
H2141	Subj	H8064	1
H2142	Cmpl	H1004	1
H2142	Cmpl	H1121	1
H2142	Cmpl	H1285	1
H2142	Cmpl	H1364	1
H2142	Cmpl	H1389	1
H2142	Cmpl	H1471	1
H2142	Cmpl	H2617	1
H2142	Cmpl	H2896	1
H2142	Cmpl	H3045	1
H2142	Cmpl	H3605	1
H2142	Cmpl	H3878	1
H2142	Cmpl	H6086	1
H2142	Cmpl	H6440	1
H2142	Cmpl	H7488	1
H2142	Objc	H0020	1
H2142	Objc	H0117	1
H2142	Objc	H0160	1
H2142	Objc	H0251	1
H2142	Objc	H0312	1
H2142	Objc	H0376	1
H2142	Objc	H0491	1
H2142	Objc	H0519	1
H2142	Objc	H0530	1
H2142	Objc	H0776	1
H2142	Objc	H0842	1
H2142	Objc	H0929	1
H2142	Objc	H1211	1
H2142	Objc	H1254	1
H2142	Objc	H1419	1
H2142	Objc	H1710	1
H2142	Objc	H1730	1
H2142	Objc	H2472	1
H2142	Objc	H2682	1
H2142	Objc	H2706	1
H2142	Objc	H2822	1
H2142	Objc	H3027	1
H2142	Objc	H3372	1
H2142	Objc	H3939	1
H2142	Objc	H4196	1
H2142	Objc	H4421	1
H2142	Objc	H4503	1
H2142	Objc	H4542	1
H2142	Objc	H4581	1
H2142	Objc	H4611	1
H2142	Objc	H4687	1
H2142	Objc	H4788	1
H2142	Objc	H4854	1
H2142	Objc	H5058	1
H2142	Objc	H5315	1
H2142	Objc	H5713	1
H2142	Objc	H5949	1
H2142	Objc	H5971	1
H2142	Objc	H5999	1
H2142	Objc	H6031	1
H2142	Objc	H6040	1
H2142	Objc	H6382	1
H2142	Objc	H6588	1
H2142	Objc	H6666	1
H2142	Objc	H6697	1
H2142	Objc	H6924	1
H2142	Objc	H6944	1
H2142	Objc	H7180	1
H2142	Objc	H7218	1
H2142	Objc	H7230	1
H2142	Objc	H7451	1
H2142	Objc	H7462	1
H2142	Objc	H7676	1
H2142	Objc	H7762	1
H2142	Objc	H8451	1
H2142	Subj	H0001	1
H2142	Subj	H0120	1
H2142	Subj	H1378	1
H2142	Subj	H1916	1
H2142	Subj	H4735	1
H2142	Subj	H5771	1
H2142	Subj	H6412	1
H2142	Subj	H6588	1
H2142	Subj	H7216	1
H2142	Subj	H7223	1
H2142	Subj	H7272	1
H2142	Subj	H8248	1
H2142	Subj	H8269	1
H2161	Objc	H7704	1
H2161	Subj	H6635	1
H2167	Cmpl	H4428	1
H2167	Objc	H1369	1
H2167	Objc	H3519	1
H2167	Objc	H4905	1
H2167	Objc	H5945	1
H2179	Objc	H3605	1
H2181	Cmpl	H0312	1
H2181	Cmpl	H1167	1
H2181	Cmpl	H1320	1
H2181	Cmpl	H1323	1
H2181	Cmpl	H1432	1
H2181	Cmpl	H5236	1
H2181	Cmpl	H5971	1
H2181	Cmpl	H7934	1
H2181	Cmpl	H8034	1
H2181	Cmpl	H8478	1
H2181	Objc	H0776	1
H2181	Objc	H1121	1
H2181	Objc	H3605	1
H2181	Objc	H4467	1
H2181	Objc	H7227	1
H2181	Objc	H7453	1
H2181	Objc	H8457	1
H2181	Subj	H0517	1
H2181	Subj	H0802	1
H2181	Subj	H1004	1
H2181	Subj	H3605	1
H2181	Subj	H3618	1
H2181	Subj	H6370	1
H2186	Cmpl	H7965	1
H2186	Objc	H2896	1
H2186	Objc	H4196	1
H2186	Subj	H4428	1
H2186	Subj	H5104	1
H2186	Subj	H5695	1
H2193	Subj	H3117	1
H2194	Cmpl	H1285	1
H2194	Cmpl	H6944	1
H2194	Objc	H0341	1
H2196	Subj	H3820	1
H2199	Cmpl	H1157	1
H2199	Cmpl	H1419	1
H2199	Cmpl	H3605	1
H2199	Cmpl	H4428	1
H2199	Cmpl	H5158	1
H2199	Cmpl	H6963	1
H2199	Cmpl	H7230	1
H2199	Cmpl	H7668	1
H2199	Cmpl	H8064	1
H2199	Objc	H0376	1
H2199	Objc	H1270	1
H2199	Objc	H2201	1
H2199	Objc	H2555	1
H2199	Objc	H3967	1
H2199	Objc	H4751	1
H2199	Objc	H5971	1
H2199	Objc	H8672	1
H2199	Subj	H0001	1
H2199	Subj	H0068	1
H2199	Subj	H0120	1
H2199	Subj	H0127	1
H2199	Subj	H0376	1
H2199	Subj	H3820	1
H2199	Subj	H4428	1
H2199	Subj	H5892	1
H2199	Subj	H6139	1
H2204	Subj	H0001	1
H2204	Subj	H0113	1
H2204	Subj	H0376	1
H2204	Subj	H0517	1
H2204	Subj	H8330	1
H2212	Objc	H4306	1
H2219	Cmpl	H1471	1
H2219	Cmpl	H4196	1
H2219	Cmpl	H5116	1
H2219	Cmpl	H5439	1
H2219	Cmpl	H6440	1
H2219	Objc	H0102	1
H2219	Objc	H0784	1
H2219	Objc	H1847	1
H2219	Objc	H2282	1
H2219	Objc	H5828	1
H2219	Objc	H6106	1
H2219	Objc	H7611	1
H2219	Subj	H1614	1
H2219	Subj	H2450	1
H2219	Subj	H7563	1
H2219	Subj	H8193	1
H2224	Cmpl	H3372	1
H2224	Cmpl	H3477	1
H2224	Cmpl	H4325	1
H2224	Cmpl	H4696	1
H2224	Cmpl	H8034	1
H2224	Subj	H3519	1
H2224	Subj	H6666	1
H2224	Subj	H6883	1
H2232	Cmpl	H0776	1
H2232	Cmpl	H6666	1
H2232	Cmpl	H6975	1
H2232	Cmpl	H8034	1
H2232	Objc	H0120	1
H2232	Objc	H0776	1
H2232	Objc	H0929	1
H2232	Objc	H2406	1
H2232	Objc	H3754	1
H2232	Objc	H7307	1
H2232	Objc	H8066	1
H2232	Objc	H8141	1
H2232	Subj	H7307	1
H2232	Subj	H8104	1
H2236	Cmpl	H0168	1
H2236	Cmpl	H4150	1
H2236	Cmpl	H5892	1
H2236	Cmpl	H5971	1
H2236	Cmpl	H6440	1
H2236	Cmpl	H6607	1
H2236	Cmpl	H6913	1
H2236	Cmpl	H7218	1
H2236	Cmpl	H8064	1
H2236	Objc	H2077	1
H2236	Objc	H2677	1
H2236	Objc	H2889	1
H2236	Objc	H3646	1
H2236	Objc	H4325	1
H2236	Objc	H5930	1
H2236	Objc	H6083	1
H2236	Objc	H8002	1
H2236	Subj	H7872	1
H2237	Subj	H5288	1
H2244	Cmpl	H0430	1
H2244	Cmpl	H0953	1
H2244	Cmpl	H1004	1
H2244	Cmpl	H3608	1
H2244	Cmpl	H3956	1
H2244	Cmpl	H5553	1
H2244	Cmpl	H6440	1
H2244	Cmpl	H6877	1
H2244	Cmpl	H7218	1
H2244	Objc	H0376	1
H2244	Objc	H1121	1
H2244	Objc	H3967	1
H2244	Objc	H5057	1
H2244	Objc	H6963	1
H2244	Subj	H0120	1
H2244	Subj	H0776	1
H2244	Subj	H0802	1
H2244	Subj	H4325	1
H2244	Subj	H5971	1
H2244	Subj	H6041	1
H2251	Objc	H2132	1
H2251	Subj	H7100	1
H2254	Cmpl	H6041	1
H2254	Objc	H0251	1
H2254	Objc	H0424	1
H2254	Objc	H0899	1
H2254	Objc	H1004	1
H2254	Objc	H2258	1
H2254	Objc	H7347	1
H2254	Objc	H7393	1
H2254	Objc	H7453	1
H2254	Objc	H7794	1
H2254	Objc	H8008	1
H2263	Objc	H0830	1
H2263	Objc	H2436	1
H2263	Objc	H5237	1
H2263	Objc	H6697	1
H2266	Cmpl	H2416	1
H2266	Cmpl	H3605	1
H2266	Cmpl	H4428	1
H2266	Cmpl	H6010	1
H2266	Cmpl	H7098	1
H2266	Cmpl	H8147	1
H2266	Objc	H8337	1
H2266	Subj	H3605	1
H2266	Subj	H4428	1
H2280	Cmpl	H3820	1
H2280	Cmpl	H5030	1
H2280	Objc	H5104	1
H2280	Objc	H5971	1
H2280	Objc	H6287	1
H2280	Objc	H6440	1
H2280	Objc	H7668	1
H2280	Subj	H4941	1
H2280	Subj	H8130	1
H2287	Cmpl	H0430	1
H2296	Cmpl	H0641	1
H2296	Cmpl	H0905	1
H2296	Cmpl	H2503	1
H2296	Cmpl	H2805	1
H2296	Cmpl	H3154	1
H2296	Cmpl	H3409	1
H2296	Cmpl	H4526	1
H2296	Cmpl	H4975	1
H2296	Cmpl	H5797	1
H2296	Cmpl	H8242	1
H2296	Cmpl	H8478	1
H2296	Objc	H1121	1
H2296	Objc	H1523	1
H2296	Objc	H2534	1
H2296	Objc	H7611	1
H2296	Subj	H1389	1
H2302	Cmpl	H2896	1
H2302	Cmpl	H3605	1
H2308	Cmpl	H0120	1
H2308	Cmpl	H0430	1
H2308	Cmpl	H0776	1
H2308	Cmpl	H0998	1
H2308	Cmpl	H1697	1
H2308	Cmpl	H7130	1
H2308	Cmpl	H7230	1
H2308	Objc	H1880	1
H2308	Objc	H2896	1
H2308	Objc	H4987	1
H2308	Objc	H7267	1
H2308	Objc	H8492	1
H2308	Objc	H8570	1
H2308	Subj	H0001	1
H2308	Subj	H0034	1
H2308	Subj	H0802	1
H2308	Subj	H1368	1
H2308	Subj	H2310	1
H2308	Subj	H3127	1
H2308	Subj	H4306	1
H2308	Subj	H5030	1
H2308	Subj	H5947	1
H2308	Subj	H6520	1
H2308	Subj	H6588	1
H2308	Subj	H7138	1
H2308	Subj	H7456	1
H2308	Subj	H7563	1
H2308	Subj	H7588	1
H2330	Cmpl	H1121	1
H2330	Cmpl	H5971	1
H2342	Cmpl	H0001	1
H2342	Cmpl	H0113	1
H2342	Cmpl	H1004	1
H2342	Cmpl	H2896	1
H2342	Cmpl	H3605	1
H2342	Cmpl	H4246	1
H2342	Cmpl	H5892	1
H2342	Objc	H0355	1
H2342	Objc	H0776	1
H2342	Objc	H1653	1
H2342	Objc	H8398	1
H2342	Subj	H0355	1
H2342	Subj	H2022	1
H2342	Subj	H2719	1
H2342	Subj	H3027	1
H2342	Subj	H3427	1
H2342	Subj	H3820	1
H2342	Subj	H4436	1
H2342	Subj	H5971	1
H2342	Subj	H6828	1
H2342	Subj	H7307	1
H2347	Cmpl	H0034	1
H2347	Cmpl	H1121	1
H2347	Cmpl	H1419	1
H2347	Cmpl	H1800	1
H2347	Cmpl	H3627	1
H2347	Cmpl	H5892	1
H2347	Cmpl	H5971	1
H2347	Cmpl	H7021	1
H2363	Cmpl	H4820	1
H2363	Objc	H4639	1
H2363	Objc	H4655	1
H2363	Subj	H0693	1
H2363	Subj	H7272	1
H2372	Cmpl	H3605	1
H2372	Cmpl	H5278	1
H2372	Cmpl	H5971	1
H2372	Objc	H0068	1
H2372	Objc	H0433	1
H2372	Objc	H0571	1
H2372	Objc	H0676	1
H2372	Objc	H1004	1
H2372	Objc	H1215	1
H2372	Objc	H2428	1
H2372	Objc	H3027	1
H2372	Objc	H3117	1
H2372	Objc	H3308	1
H2372	Objc	H3372	1
H2372	Objc	H3477	1
H2372	Objc	H3605	1
H2372	Objc	H4106	1
H2372	Objc	H4150	1
H2372	Objc	H4428	1
H2372	Objc	H4659	1
H2372	Objc	H4854	1
H2372	Objc	H5228	1
H2372	Objc	H5359	1
H2372	Objc	H6440	1
H2372	Objc	H7081	1
H2372	Objc	H7151	1
H2372	Objc	H7272	1
H2372	Objc	H8121	1
H2372	Objc	H8130	1
H2372	Objc	H8267	1
H2372	Objc	H8602	1
H2372	Subj	H0120	1
H2372	Subj	H3045	1
H2372	Subj	H6440	1
H2388	Cmpl	H0259	1
H2388	Cmpl	H0424	1
H2388	Cmpl	H0802	1
H2388	Cmpl	H1004	1
H2388	Cmpl	H1121	1
H2388	Cmpl	H1323	1
H2388	Cmpl	H2206	1
H2388	Cmpl	H2346	1
H2388	Cmpl	H2428	1
H2388	Cmpl	H2896	1
H2388	Cmpl	H3064	1
H2388	Cmpl	H3117	1
H2388	Cmpl	H3225	1
H2388	Cmpl	H3605	1
H2388	Cmpl	H3824	1
H2388	Cmpl	H3940	1
H2388	Cmpl	H3967	1
H2388	Cmpl	H4148	1
H2388	Cmpl	H4421	1
H2388	Cmpl	H4438	1
H2388	Cmpl	H4467	1
H2388	Cmpl	H4598	1
H2388	Cmpl	H6430	1
H2388	Cmpl	H6666	1
H2388	Cmpl	H7272	1
H2388	Cmpl	H7489	1
H2388	Cmpl	H7633	1
H2388	Cmpl	H8147	1
H2388	Cmpl	H8269	1
H2388	Cmpl	H8451	1
H2388	Objc	H0034	1
H2388	Objc	H0639	1
H2388	Objc	H0830	1
H2388	Objc	H1280	1
H2388	Objc	H1516	1
H2388	Objc	H1697	1
H2388	Objc	H3465	1
H2388	Objc	H3489	1
H2388	Objc	H3651	1
H2388	Objc	H4014	1
H2388	Objc	H4043	1
H2388	Objc	H4404	1
H2388	Objc	H4407	1
H2388	Objc	H4467	1
H2388	Objc	H4694	1
H2388	Objc	H4929	1
H2388	Objc	H4975	1
H2388	Objc	H5869	1
H2388	Objc	H5892	1
H2388	Objc	H5971	1
H2388	Objc	H6041	1
H2388	Objc	H6440	1
H2388	Objc	H6793	1
H2388	Objc	H6884	1
H2388	Objc	H7451	1
H2388	Objc	H7489	1
H2388	Objc	H7563	1
H2388	Objc	H8650	1
H2388	Subj	H0001	1
H2388	Subj	H0251	1
H2388	Subj	H0430	1
H2388	Subj	H0802	1
H2388	Subj	H1323	1
H2388	Subj	H1471	1
H2388	Subj	H2796	1
H2388	Subj	H2859	1
H2388	Subj	H3045	1
H2388	Subj	H3427	1
H2388	Subj	H3603	1
H2388	Subj	H3678	1
H2388	Subj	H3878	1
H2388	Subj	H3956	1
H2388	Subj	H4217	1
H2388	Subj	H4421	1
H2388	Subj	H4824	1
H2388	Subj	H5045	1
H2388	Subj	H5104	1
H2388	Subj	H5291	1
H2388	Subj	H5439	1
H2388	Subj	H5676	1
H2388	Subj	H6235	1
H2388	Subj	H6346	1
H2388	Subj	H6782	1
H2388	Subj	H6885	1
H2388	Subj	H7218	1
H2388	Subj	H7374	1
H2388	Subj	H7546	1
H2388	Subj	H7617	1
H2388	Subj	H7651	1
H2388	Subj	H8104	1
H2388	Subj	H8179	1
H2388	Subj	H8345	1
H2398	Cmpl	H0113	1
H2398	Cmpl	H0231	1
H2398	Cmpl	H0376	1
H2398	Cmpl	H0730	1
H2398	Cmpl	H0905	1
H2398	Cmpl	H3206	1
H2398	Cmpl	H4428	1
H2398	Cmpl	H4687	1
H2398	Cmpl	H4723	1
H2398	Cmpl	H5079	1
H2398	Cmpl	H5116	1
H2398	Cmpl	H5315	1
H2398	Cmpl	H5355	1
H2398	Cmpl	H5971	1
H2398	Cmpl	H6086	1
H2398	Cmpl	H6664	1
H2398	Cmpl	H7668	1
H2398	Cmpl	H8144	1
H2398	Cmpl	H8438	1
H2398	Objc	H0776	1
H2398	Objc	H0899	1
H2398	Objc	H1320	1
H2398	Objc	H1818	1
H2398	Objc	H2399	1
H2398	Objc	H4639	1
H2398	Objc	H4720	1
H2398	Objc	H5785	1
H2398	Objc	H5795	1
H2398	Objc	H6086	1
H2398	Subj	H0644	1
H2398	Subj	H0776	1
H2398	Subj	H0802	1
H2398	Subj	H1004	1
H2398	Subj	H3548	1
H2398	Subj	H3878	1
H2398	Subj	H4899	1
H2398	Subj	H4945	1
H2398	Subj	H5237	1
H2398	Subj	H5387	1
H2398	Subj	H6662	1
H2398	Subj	H7223	1
H2398	Subj	H7628	1
H2404	Cmpl	H3293	1
H2404	Objc	H6086	1
H2414	Cmpl	H1323	1
H2414	Objc	H0802	1
H2421	Cmpl	H0251	1
H2421	Cmpl	H1419	1
H2421	Cmpl	H3605	1
H2421	Cmpl	H3899	1
H2421	Cmpl	H4161	1
H2421	Cmpl	H5048	1
H2421	Cmpl	H6083	1
H2421	Cmpl	H6195	1
H2421	Cmpl	H6310	1
H2421	Cmpl	H6413	1
H2421	Cmpl	H6666	1
H2421	Cmpl	H6738	1
H2421	Objc	H0068	1
H2421	Objc	H0251	1
H2421	Objc	H0269	1
H2421	Objc	H0517	1
H2421	Objc	H1004	1
H2421	Objc	H1167	1
H2421	Objc	H1241	1
H2421	Objc	H1323	1
H2421	Objc	H1715	1
H2421	Objc	H2181	1
H2421	Objc	H2945	1
H2421	Objc	H3784	1
H2421	Objc	H3820	1
H2421	Objc	H4191	1
H2421	Objc	H5347	1
H2421	Objc	H5397	1
H2421	Objc	H5483	1
H2421	Objc	H5697	1
H2421	Objc	H5892	1
H2421	Objc	H5971	1
H2421	Objc	H6505	1
H2421	Objc	H6629	1
H2421	Objc	H7227	1
H2421	Objc	H7307	1
H2421	Objc	H7563	1
H2421	Objc	H7605	1
H2421	Objc	H8147	1
H2421	Objc	H8217	1
H2421	Subj	H0001	1
H2421	Subj	H0113	1
H2421	Subj	H0251	1
H2421	Subj	H1004	1
H2421	Subj	H2181	1
H2421	Subj	H2233	1
H2421	Subj	H2416	1
H2421	Subj	H2451	1
H2421	Subj	H3206	1
H2421	Subj	H5038	1
H2421	Subj	H6106	1
H2421	Subj	H6662	1
H2421	Subj	H7307	1
H2449	Objc	H2205	1
H2449	Subj	H3605	1
H2449	Subj	H3820	1
H2449	Subj	H7227	1
H2456	Cmpl	H7272	1
H2470	Cmpl	H7668	1
H2470	Objc	H0413	1
H2470	Objc	H2483	1
H2470	Objc	H2534	1
H2470	Objc	H3196	1
H2470	Objc	H5081	1
H2470	Objc	H7272	1
H2470	Objc	H8269	1
H2470	Subj	H0376	1
H2470	Subj	H0430	1
H2470	Subj	H0802	1
H2470	Subj	H1004	1
H2470	Subj	H1173	1
H2470	Subj	H5971	1
H2470	Subj	H6223	1
H2490	Cmpl	H0376	1
H2490	Cmpl	H0430	1
H2490	Cmpl	H1004	1
H2490	Cmpl	H1419	1
H2490	Cmpl	H2205	1
H2490	Cmpl	H4428	1
H2490	Cmpl	H4687	1
H2490	Cmpl	H4720	1
H2490	Cmpl	H4854	1
H2490	Cmpl	H5656	1
H2490	Cmpl	H7440	1
H2490	Cmpl	H8269	1
H2490	Cmpl	H8416	1
H2490	Cmpl	H8432	1
H2490	Cmpl	H8451	1
H2490	Objc	H0001	1
H2490	Objc	H1323	1
H2490	Objc	H1347	1
H2490	Objc	H1697	1
H2490	Objc	H2233	1
H2490	Objc	H2708	1
H2490	Objc	H3314	1
H2490	Objc	H3605	1
H2490	Objc	H4467	1
H2490	Objc	H4581	1
H2490	Objc	H4592	1
H2490	Objc	H4908	1
H2490	Objc	H5145	1
H2490	Objc	H5159	1
H2490	Objc	H6195	1
H2490	Objc	H6643	1
H2490	Objc	H6845	1
H2490	Subj	H0120	1
H2490	Subj	H0251	1
H2490	Subj	H2689	1
H2490	Subj	H2770	1
H2490	Subj	H3605	1
H2490	Subj	H3878	1
H2490	Subj	H4720	1
H2490	Subj	H4864	1
H2490	Subj	H5869	1
H2490	Subj	H5930	1
H2490	Subj	H5971	1
H2490	Subj	H6555	1
H2490	Subj	H6944	1
H2490	Subj	H7054	1
H2490	Subj	H7218	1
H2490	Subj	H7307	1
H2490	Subj	H7458	1
H2490	Subj	H7605	1
H2490	Subj	H7651	1
H2490	Subj	H7892	1
H2490	Subj	H8141	1
H2490	Subj	H8181	1
H2492	Objc	H0312	1
H2492	Subj	H0644	1
H2492	Subj	H2205	1
H2492	Subj	H6770	1
H2492	Subj	H7456	1
H2492	Subj	H8147	1
H2492	Subj	H8248	1
H2498	Cmpl	H3027	1
H2498	Cmpl	H6440	1
H2498	Objc	H0730	1
H2498	Objc	H2706	1
H2498	Objc	H7541	1
H2498	Subj	H0457	1
H2498	Subj	H1653	1
H2498	Subj	H3816	1
H2498	Subj	H7198	1
H2498	Subj	H7307	1
H2502	Cmpl	H4194	1
H2502	Cmpl	H4421	1
H2502	Cmpl	H6440	1
H2502	Cmpl	H6635	1
H2502	Objc	H6041	1
H2502	Objc	H6106	1
H2502	Objc	H7699	1
H2502	Subj	H6662	1
H2502	Subj	H8565	1
H2505	Cmpl	H0802	1
H2505	Cmpl	H0998	1
H2505	Cmpl	H1004	1
H2505	Cmpl	H1121	1
H2505	Cmpl	H1343	1
H2505	Cmpl	H1995	1
H2505	Cmpl	H2256	1
H2505	Cmpl	H2506	1
H2505	Cmpl	H6099	1
H2505	Cmpl	H7651	1
H2505	Cmpl	H8064	1
H2505	Cmpl	H8432	1
H2505	Cmpl	H8478	1
H2505	Cmpl	H8672	1
H2505	Objc	H0127	1
H2505	Objc	H0341	1
H2505	Objc	H0809	1
H2505	Objc	H0829	1
H2505	Objc	H0899	1
H2505	Objc	H2256	1
H2505	Objc	H2471	1
H2505	Objc	H3701	1
H2505	Objc	H3899	1
H2505	Objc	H4428	1
H2505	Objc	H8269	1
H2505	Subj	H0127	1
H2505	Subj	H0216	1
H2505	Subj	H0430	1
H2505	Subj	H1004	1
H2505	Subj	H5116	1
H2505	Subj	H5159	1
H2505	Subj	H5355	1
H2505	Subj	H5650	1
H2505	Subj	H5704	1
H2505	Subj	H5971	1
H2522	Objc	H5971	1
H2530	Cmpl	H3824	1
H2530	Cmpl	H6738	1
H2530	Objc	H0519	1
H2530	Objc	H0776	1
H2530	Objc	H1004	1
H2530	Objc	H2091	1
H2530	Objc	H2543	1
H2530	Objc	H3308	1
H2530	Objc	H3605	1
H2530	Objc	H3701	1
H2530	Objc	H3944	1
H2530	Objc	H5650	1
H2530	Objc	H7451	1
H2530	Objc	H7704	1
H2530	Objc	H7794	1
H2530	Subj	H0376	1
H2530	Subj	H0430	1
H2530	Subj	H7563	1
H2550	Cmpl	H0776	1
H2550	Cmpl	H1330	1
H2550	Cmpl	H2205	1
H2550	Cmpl	H2671	1
H2550	Cmpl	H2896	1
H2550	Cmpl	H3427	1
H2550	Cmpl	H3486	1
H2550	Cmpl	H3605	1
H2550	Cmpl	H3733	1
H2550	Cmpl	H4583	1
H2550	Cmpl	H4932	1
H2550	Cmpl	H6944	1
H2550	Cmpl	H8034	1
H2550	Subj	H0376	1
H2550	Subj	H4428	1
H2559	Subj	H1730	1
H2583	Cmpl	H0168	1
H2583	Cmpl	H0310	1
H2583	Cmpl	H0424	1
H2583	Cmpl	H0776	1
H2583	Cmpl	H0875	1
H2583	Cmpl	H1004	1
H2583	Cmpl	H1219	1
H2583	Cmpl	H1389	1
H2583	Cmpl	H1516	1
H2583	Cmpl	H1714	1
H2583	Cmpl	H2351	1
H2583	Cmpl	H4150	1
H2583	Cmpl	H4217	1
H2583	Cmpl	H4264	1
H2583	Cmpl	H4325	1
H2583	Cmpl	H5488	1
H2583	Cmpl	H5715	1
H2583	Cmpl	H6926	1
H2583	Cmpl	H8487	1
H2583	Subj	H1649	1
H2583	Subj	H3117	1
H2583	Subj	H3878	1
H2583	Subj	H4264	1
H2583	Subj	H4908	1
H2590	Objc	H0001	1
H2590	Objc	H6291	1
H2590	Subj	H7495	1
H2590	Subj	H8384	1
H2596	Cmpl	H1870	1
H2596	Cmpl	H5288	1
H2596	Cmpl	H6310	1
H2596	Objc	H0430	1
H2596	Subj	H1121	1
H2596	Subj	H5971	1
H2603	Cmpl	H5869	1
H2603	Cmpl	H8199	1
H2603	Objc	H0205	1
H2603	Objc	H2205	1
H2603	Objc	H3605	1
H2603	Objc	H5288	1
H2603	Objc	H5650	1
H2603	Objc	H6083	1
H2603	Objc	H7611	1
H2603	Subj	H6635	1
H2603	Subj	H6963	1
H2603	Subj	H7453	1
H2603	Subj	H7563	1
H2610	Cmpl	H1818	1
H2610	Objc	H1285	1
H2610	Objc	H7561	1
H2610	Subj	H3548	1
H2610	Subj	H5030	1
H2620	Cmpl	H5643	1
H2620	Cmpl	H8034	1
H2620	Subj	H0120	1
H2620	Subj	H1121	1
H2620	Subj	H5315	1
H2620	Subj	H5971	1
H2620	Subj	H6041	1
H2629	Objc	H7794	1
H2637	Cmpl	H7218	1
H2637	Objc	H1697	1
H2637	Objc	H2568	1
H2637	Objc	H2896	1
H2637	Objc	H4325	1
H2637	Objc	H4945	1
H2637	Objc	H6770	1
H2637	Subj	H0990	1
H2637	Subj	H1875	1
H2637	Subj	H2568	1
H2637	Subj	H3820	1
H2637	Subj	H4197	1
H2637	Subj	H4325	1
H2637	Subj	H6662	1
H2637	Subj	H7563	1
H2637	Subj	H7998	1
H2644	Objc	H1697	1
H2644	Subj	H1121	1
H2654	Cmpl	H1293	1
H2654	Cmpl	H1323	1
H2654	Cmpl	H1369	1
H2654	Cmpl	H1697	1
H2654	Cmpl	H4191	1
H2654	Cmpl	H4687	1
H2654	Cmpl	H5483	1
H2654	Cmpl	H8251	1
H2654	Cmpl	H8394	1
H2654	Objc	H0430	1
H2654	Objc	H0571	1
H2654	Objc	H1818	1
H2654	Objc	H2617	1
H2654	Objc	H3532	1
H2654	Objc	H3632	1
H2654	Objc	H4503	1
H2654	Objc	H5930	1
H2654	Objc	H6260	1
H2654	Objc	H6499	1
H2654	Objc	H6664	1
H2654	Objc	H7128	1
H2654	Objc	H7132	1
H2654	Subj	H0376	1
H2654	Subj	H1121	1
H2654	Subj	H3686	1
H2654	Subj	H5315	1
H2658	Cmpl	H5158	1
H2658	Objc	H0400	1
H2658	Objc	H3605	1
H2658	Subj	H0001	1
H2658	Subj	H3605	1
H2664	Cmpl	H0505	1
H2664	Cmpl	H0666	1
H2664	Cmpl	H3605	1
H2664	Cmpl	H5369	1
H2664	Cmpl	H5869	1
H2664	Objc	H1870	1
H2664	Objc	H5650	1
H2664	Objc	H5930	1
H2664	Subj	H0120	1
H2664	Subj	H3830	1
H2664	Subj	H7307	1
H2672	Cmpl	H2022	1
H2672	Cmpl	H5030	1
H2672	Cmpl	H6697	1
H2672	Objc	H0068	1
H2672	Objc	H1496	1
H2672	Objc	H3342	1
H2672	Objc	H5178	1
H2672	Objc	H5982	1
H2672	Objc	H6913	1
H2672	Objc	H7227	1
H2672	Objc	H7651	1
H2672	Objc	H7665	1
H2673	Cmpl	H0376	1
H2673	Cmpl	H0702	1
H2673	Cmpl	H3605	1
H2673	Cmpl	H4264	1
H2673	Cmpl	H4421	1
H2673	Cmpl	H4467	1
H2673	Cmpl	H5713	1
H2673	Cmpl	H6677	1
H2673	Cmpl	H7307	1
H2673	Cmpl	H8064	1
H2673	Cmpl	H8198	1
H2673	Cmpl	H8610	1
H2673	Objc	H0376	1
H2673	Objc	H1241	1
H2673	Objc	H1581	1
H2673	Objc	H3117	1
H2673	Objc	H3206	1
H2673	Objc	H3701	1
H2673	Objc	H3967	1
H2673	Objc	H4191	1
H2673	Objc	H4455	1
H2673	Objc	H5971	1
H2673	Objc	H6629	1
H2673	Objc	H7218	1
H2673	Subj	H0376	1
H2673	Subj	H1818	1
H2673	Subj	H4820	1
H2686	Subj	H2320	1
H2686	Subj	H4557	1
H2710	Objc	H5892	1
H2710	Objc	H6664	1
H2710	Subj	H7336	1
H2713	Objc	H0001	1
H2713	Objc	H0776	1
H2713	Objc	H1697	1
H2713	Objc	H4405	1
H2713	Objc	H4469	1
H2713	Objc	H5892	1
H2713	Subj	H0430	1
H2713	Subj	H0776	1
H2713	Subj	H4146	1
H2717	Cmpl	H0776	1
H2717	Objc	H1389	1
H2717	Objc	H1471	1
H2717	Objc	H2022	1
H2717	Objc	H2351	1
H2717	Objc	H5104	1
H2717	Objc	H5892	1
H2717	Subj	H0127	1
H2717	Subj	H1471	1
H2717	Subj	H2975	1
H2717	Subj	H4325	1
H2717	Subj	H4599	1
H2717	Subj	H4720	1
H2717	Subj	H6440	1
H2717	Subj	H7151	1
H2727	Cmpl	H4526	1
H2729	Cmpl	H0310	1
H2729	Cmpl	H3220	1
H2729	Objc	H0983	1
H2729	Objc	H1419	1
H2729	Objc	H4264	1
H2729	Subj	H0339	1
H2729	Subj	H0376	1
H2729	Subj	H0776	1
H2729	Subj	H1121	1
H2729	Subj	H2022	1
H2729	Subj	H2205	1
H2729	Subj	H4673	1
H2729	Subj	H4889	1
H2729	Subj	H5892	1
H2729	Subj	H7098	1
H2734	Cmpl	H0113	1
H2734	Cmpl	H0376	1
H2734	Cmpl	H0776	1
H2734	Cmpl	H1121	1
H2734	Cmpl	H5104	1
H2734	Cmpl	H5650	1
H2734	Cmpl	H7021	1
H2734	Cmpl	H8147	1
H2734	Objc	H0639	1
H2734	Objc	H5483	1
H2734	Subj	H0113	1
H2734	Subj	H0776	1
H2734	Subj	H0940	1
H2734	Subj	H1121	1
H2734	Subj	H3427	1
H2734	Subj	H4940	1
H2763	Cmpl	H0272	1
H2763	Cmpl	H0310	1
H2763	Cmpl	H0929	1
H2763	Cmpl	H3605	1
H2763	Cmpl	H7704	1
H2763	Objc	H0929	1
H2763	Objc	H1215	1
H2763	Objc	H2145	1
H2763	Objc	H2400	1
H2763	Objc	H3148	1
H2763	Objc	H3220	1
H2763	Objc	H3427	1
H2763	Objc	H3956	1
H2763	Objc	H4428	1
H2763	Objc	H5397	1
H2763	Objc	H5971	1
H2763	Objc	H6635	1
H2763	Objc	H7227	1
H2763	Subj	H0001	1
H2763	Subj	H0376	1
H2763	Subj	H3605	1
H2763	Subj	H7399	1
H2778	Cmpl	H0430	1
H2778	Objc	H4899	1
H2778	Objc	H5315	1
H2778	Objc	H5971	1
H2778	Objc	H6119	1
H2778	Subj	H0776	1
H2778	Subj	H0929	1
H2778	Subj	H3605	1
H2778	Subj	H3824	1
H2778	Subj	H6862	1
H2782	Cmpl	H0376	1
H2782	Cmpl	H1121	1
H2782	Subj	H3611	1
H2790	Cmpl	H0160	1
H2790	Cmpl	H1832	1
H2790	Objc	H0905	1
H2790	Objc	H1369	1
H2790	Objc	H1697	1
H2790	Objc	H2433	1
H2790	Objc	H4962	1
H2790	Objc	H6187	1
H2790	Subj	H0001	1
H2790	Subj	H0241	1
H2790	Subj	H0905	1
H2790	Subj	H5971	1
H2790	Subj	H8394	1
H2803	Cmpl	H0376	1
H2803	Cmpl	H0430	1
H2803	Cmpl	H0657	1
H2803	Cmpl	H0929	1
H2803	Cmpl	H0953	1
H2803	Cmpl	H1471	1
H2803	Cmpl	H2114	1
H2803	Cmpl	H2563	1
H2803	Cmpl	H2789	1
H2803	Cmpl	H3381	1
H2803	Cmpl	H3427	1
H2803	Cmpl	H3669	1
H2803	Cmpl	H3778	1
H2803	Cmpl	H3878	1
H2803	Cmpl	H4014	1
H2803	Cmpl	H4941	1
H2803	Cmpl	H5971	1
H2803	Cmpl	H6666	1
H2803	Cmpl	H6862	1
H2803	Cmpl	H7069	1
H2803	Cmpl	H7179	1
H2803	Cmpl	H7282	1
H2803	Cmpl	H7704	1
H2803	Cmpl	H7872	1
H2803	Cmpl	H8401	1
H2803	Cmpl	H8414	1
H2803	Objc	H0205	1
H2803	Objc	H0251	1
H2803	Objc	H0776	1
H2803	Objc	H1270	1
H2803	Objc	H1697	1
H2803	Objc	H1942	1
H2803	Objc	H3027	1
H2803	Objc	H3104	1
H2803	Objc	H3117	1
H2803	Objc	H3605	1
H2803	Objc	H3627	1
H2803	Objc	H4209	1
H2803	Objc	H4373	1
H2803	Objc	H4465	1
H2803	Objc	H4639	1
H2803	Objc	H4820	1
H2803	Objc	H5769	1
H2803	Objc	H6187	1
H2803	Objc	H6924	1
H2803	Objc	H7892	1
H2803	Objc	H8415	1
H2803	Objc	H8419	1
H2803	Subj	H0091	1
H2803	Subj	H0113	1
H2803	Subj	H0120	1
H2803	Subj	H0191	1
H2803	Subj	H0591	1
H2803	Subj	H0796	1
H2803	Subj	H0832	1
H2803	Subj	H1004	1
H2803	Subj	H1121	1
H2803	Subj	H1663	1
H2803	Subj	H1818	1
H2803	Subj	H2568	1
H2803	Subj	H2691	1
H2803	Subj	H3064	1
H2803	Subj	H3605	1
H2803	Subj	H3701	1
H2803	Subj	H3820	1
H2803	Subj	H3824	1
H2803	Subj	H5483	1
H2803	Subj	H5633	1
H2803	Subj	H5757	1
H2803	Subj	H5841	1
H2803	Subj	H6139	1
H2803	Subj	H6430	1
H2803	Subj	H6541	1
H2803	Subj	H6887	1
H2803	Subj	H7045	1
H2803	Subj	H8455	1
H2803	Subj	H8641	1
H2814	Subj	H1530	1
H2820	Cmpl	H2086	1
H2820	Cmpl	H4194	1
H2820	Cmpl	H5771	1
H2820	Cmpl	H6440	1
H2820	Cmpl	H7462	1
H2820	Cmpl	H7845	1
H2820	Objc	H0761	1
H2820	Objc	H3972	1
H2820	Objc	H5971	1
H2820	Objc	H6310	1
H2820	Objc	H7272	1
H2820	Objc	H7536	1
H2820	Subj	H0113	1
H2820	Subj	H3117	1
H2820	Subj	H3511	1
H2820	Subj	H5205	1
H2820	Subj	H7451	1
H2820	Subj	H8193	1
H2821	Cmpl	H0776	1
H2821	Objc	H3117	1
H2821	Subj	H0776	1
H2821	Subj	H2822	1
H2821	Subj	H3394	1
H2821	Subj	H5399	1
H2821	Subj	H8389	1
H2836	Cmpl	H0001	1
H2836	Cmpl	H1097	1
H2836	Cmpl	H1323	1
H2836	Cmpl	H7845	1
H2836	Objc	H5315	1
H2836	Subj	H5315	1
H2852	Cmpl	H5892	1
H2852	Cmpl	H5971	1
H2852	Cmpl	H6944	1
H2852	Subj	H7620	1
H2852	Subj	H7651	1
H2856	Cmpl	H0120	1
H2856	Cmpl	H2368	1
H2856	Cmpl	H3027	1
H2856	Cmpl	H3605	1
H2856	Cmpl	H4148	1
H2856	Objc	H1157	1
H2856	Objc	H2377	1
H2856	Objc	H3556	1
H2856	Objc	H5030	1
H2856	Objc	H5612	1
H2856	Objc	H8451	1
H2856	Subj	H1320	1
H2859	Cmpl	H5971	1
H2859	Cmpl	H6547	1
H2859	Cmpl	H8441	1
H2864	Objc	H1004	1
H2864	Subj	H0376	1
H2865	Cmpl	H0226	1
H2865	Cmpl	H0341	1
H2865	Cmpl	H1245	1
H2865	Cmpl	H1422	1
H2865	Cmpl	H1995	1
H2865	Cmpl	H3605	1
H2865	Cmpl	H4428	1
H2865	Cmpl	H5251	1
H2865	Cmpl	H5315	1
H2865	Cmpl	H6963	1
H2865	Cmpl	H8034	1
H2865	Cmpl	H8064	1
H2865	Objc	H4294	1
H2865	Objc	H5448	1
H2865	Objc	H5923	1
H2865	Objc	H7626	1
H2865	Objc	H7926	1
H2865	Subj	H0127	1
H2865	Subj	H1368	1
H2865	Subj	H1471	1
H2865	Subj	H6666	1
H2865	Subj	H7198	1
H2865	Subj	H7378	1
H2865	Subj	H8269	1
H2868	Subj	H4428	1
H2881	Cmpl	H1706	1
H2881	Cmpl	H2416	1
H2881	Cmpl	H2558	1
H2881	Cmpl	H3295	1
H2881	Cmpl	H7097	1
H2881	Cmpl	H7819	1
H2881	Cmpl	H8081	1
H2881	Objc	H2416	1
H2881	Objc	H3233	1
H2881	Objc	H3801	1
H2881	Objc	H6595	1
H2881	Objc	H6833	1
H2881	Subj	H0376	1
H2881	Subj	H0727	1
H2881	Subj	H2889	1
H2881	Subj	H5375	1
H2881	Subj	H7272	1
H2883	Cmpl	H0776	1
H2883	Cmpl	H1206	1
H2883	Cmpl	H2916	1
H2883	Cmpl	H3121	1
H2883	Cmpl	H3220	1
H2883	Cmpl	H4688	1
H2883	Cmpl	H4696	1
H2883	Cmpl	H5488	1
H2883	Cmpl	H7845	1
H2883	Subj	H0068	1
H2883	Subj	H0134	1
H2883	Subj	H1471	1
H2883	Subj	H2022	1
H2883	Subj	H4005	1
H2883	Subj	H7272	1
H2883	Subj	H7991	1
H2883	Subj	H8179	1
H2891	Cmpl	H0842	1
H2891	Cmpl	H1116	1
H2891	Cmpl	H1818	1
H2891	Cmpl	H4541	1
H2891	Cmpl	H4726	1
H2891	Cmpl	H6213	1
H2891	Cmpl	H6456	1
H2891	Objc	H1121	1
H2891	Objc	H2346	1
H2891	Objc	H3957	1
H2891	Objc	H4196	1
H2891	Objc	H4635	1
H2891	Objc	H5930	1
H2891	Objc	H5971	1
H2891	Objc	H7979	1
H2891	Objc	H8179	1
H2891	Subj	H1397	1
H2891	Subj	H2100	1
H2891	Subj	H4768	1
H2891	Subj	H5971	1
H2891	Subj	H7227	1
H2901	Objc	H5795	1
H2901	Subj	H0802	1
H2901	Subj	H3605	1
H2902	Objc	H7023	1
H2902	Subj	H1004	1
H2902	Subj	H5030	1
H2904	Cmpl	H0312	1
H2904	Objc	H0517	1
H2904	Objc	H1419	1
H2904	Objc	H3627	1
H2904	Objc	H7307	1
H2904	Subj	H1486	1
H2904	Subj	H2233	1
H2907	Cmpl	H0400	1
H2912	Cmpl	H7347	1
H2912	Objc	H6041	1
H2912	Objc	H6440	1
H2912	Objc	H7058	1
H2912	Subj	H0802	1
H2930	Cmpl	H0251	1
H2930	Cmpl	H0269	1
H2930	Cmpl	H1121	1
H2930	Cmpl	H1323	1
H2930	Cmpl	H2932	1
H2930	Cmpl	H5315	1
H2930	Cmpl	H6588	1
H2930	Cmpl	H8251	1
H2930	Cmpl	H8318	1
H2930	Objc	H0127	1
H2930	Objc	H0642	1
H2930	Objc	H1323	1
H2930	Objc	H1964	1
H2930	Objc	H2091	1
H2930	Objc	H3618	1
H2930	Objc	H3701	1
H2930	Objc	H4264	1
H2930	Objc	H4541	1
H2930	Objc	H4908	1
H2930	Objc	H5145	1
H2930	Objc	H5315	1
H2930	Objc	H6456	1
H2930	Objc	H6826	1
H2930	Objc	H7218	1
H2930	Subj	H0376	1
H2930	Subj	H0398	1
H2930	Subj	H0802	1
H2930	Subj	H0899	1
H2930	Subj	H1004	1
H2930	Subj	H1471	1
H2930	Subj	H4817	1
H2930	Subj	H4945	1
H2930	Subj	H5145	1
H2930	Subj	H5315	1
H2930	Subj	H5785	1
H2930	Subj	H6086	1
H2930	Subj	H8242	1
H2934	Cmpl	H0424	1
H2934	Cmpl	H2243	1
H2934	Cmpl	H6083	1
H2934	Cmpl	H7272	1
H2934	Cmpl	H8478	1
H2934	Objc	H4170	1
H2934	Objc	H5771	1
H2934	Objc	H7568	1
H2934	Objc	H7845	1
H2934	Subj	H1343	1
H2937	Objc	H5971	1
H2943	Objc	H1165	1
H2950	Cmpl	H5771	1
H2950	Objc	H8267	1
H2950	Subj	H2086	1
H2954	Subj	H3820	1
H2963	Objc	H2220	1
H2963	Objc	H5315	1
H2963	Subj	H3605	1
H2968	Cmpl	H4687	1
H2974	Objc	H5971	1
H2974	Subj	H0433	1
H2974	Subj	H0567	1
H2974	Subj	H3878	1
H2976	Cmpl	H3605	1
H2976	Cmpl	H5999	1
H2976	Objc	H3820	1
H2980	Cmpl	H0822	1
H2980	Cmpl	H1157	1
H2980	Subj	H0517	1
H3001	Cmpl	H0120	1
H3001	Cmpl	H0776	1
H3001	Cmpl	H1121	1
H3001	Objc	H0098	1
H3001	Objc	H0386	1
H3001	Objc	H1323	1
H3001	Objc	H1634	1
H3001	Objc	H3127	1
H3001	Objc	H3220	1
H3001	Objc	H3892	1
H3001	Objc	H4726	1
H3001	Objc	H5483	1
H3001	Objc	H5488	1
H3001	Objc	H5650	1
H3001	Objc	H6086	1
H3001	Objc	H6091	1
H3001	Objc	H6212	1
H3001	Objc	H6440	1
H3001	Objc	H7392	1
H3001	Subj	H0406	1
H3001	Subj	H0430	1
H3001	Subj	H0650	1
H3001	Subj	H0776	1
H3001	Subj	H1004	1
H3001	Subj	H1612	1
H3001	Subj	H1715	1
H3001	Subj	H2029	1
H3001	Subj	H2220	1
H3001	Subj	H2450	1
H3001	Subj	H2513	1
H3001	Subj	H2965	1
H3001	Subj	H3027	1
H3001	Subj	H3548	1
H3001	Subj	H3581	1
H3001	Subj	H3820	1
H3001	Subj	H3899	1
H3001	Subj	H4007	1
H3001	Subj	H4057	1
H3001	Subj	H4218	1
H3001	Subj	H4294	1
H3001	Subj	H4428	1
H3001	Subj	H4688	1
H3001	Subj	H4869	1
H3001	Subj	H5030	1
H3001	Subj	H5115	1
H3001	Subj	H5158	1
H3001	Subj	H5218	1
H3001	Subj	H5797	1
H3001	Subj	H6086	1
H3001	Subj	H6106	1
H3001	Subj	H6212	1
H3001	Subj	H6718	1
H3001	Subj	H6780	1
H3001	Subj	H6921	1
H3001	Subj	H7105	1
H3001	Subj	H7218	1
H3001	Subj	H7416	1
H3001	Subj	H7957	1
H3001	Subj	H8269	1
H3001	Subj	H8342	1
H3001	Subj	H8492	1
H3001	Subj	H8559	1
H3001	Subj	H8599	1
H3021	Cmpl	H0784	1
H3021	Cmpl	H1697	1
H3021	Cmpl	H7385	1
H3021	Objc	H3605	1
H3021	Objc	H5971	1
H3021	Subj	H3027	1
H3025	Cmpl	H0639	1
H3025	Cmpl	H2534	1
H3025	Objc	H3605	1
H3032	Cmpl	H3513	1
H3032	Cmpl	H5971	1
H3034	Cmpl	H0001	1
H3034	Cmpl	H0413	1
H3034	Cmpl	H4941	1
H3034	Cmpl	H5771	1
H3034	Cmpl	H6588	1
H3034	Cmpl	H6664	1
H3034	Cmpl	H8064	1
H3034	Cmpl	H8605	1
H3034	Objc	H0001	1
H3034	Objc	H0068	1
H3034	Objc	H1419	1
H3034	Objc	H1471	1
H3034	Objc	H3372	1
H3034	Objc	H6382	1
H3034	Objc	H6588	1
H3034	Objc	H6635	1
H3034	Objc	H7161	1
H3034	Subj	H4830	1
H3034	Subj	H5971	1
H3034	Subj	H6629	1
H3034	Subj	H6662	1
H3034	Subj	H8064	1
H3045	Cmpl	H0120	1
H3045	Cmpl	H0127	1
H3045	Cmpl	H0200	1
H3045	Cmpl	H0251	1
H3045	Cmpl	H0376	1
H3045	Cmpl	H0492	1
H3045	Cmpl	H0571	1
H3045	Cmpl	H1471	1
H3045	Cmpl	H1697	1
H3045	Cmpl	H2270	1
H3045	Cmpl	H2896	1
H3045	Cmpl	H2930	1
H3045	Cmpl	H4657	1
H3045	Cmpl	H4725	1
H3045	Cmpl	H4869	1
H3045	Cmpl	H4940	1
H3045	Cmpl	H5645	1
H3045	Cmpl	H5715	1
H3045	Cmpl	H5869	1
H3045	Cmpl	H6423	1
H3045	Cmpl	H6580	1
H3045	Cmpl	H6662	1
H3045	Cmpl	H6862	1
H3045	Cmpl	H7227	1
H3045	Cmpl	H7451	1
H3045	Cmpl	H8432	1
H3045	Objc	H0216	1
H3045	Objc	H0319	1
H3045	Objc	H0413	1
H3045	Objc	H0490	1
H3045	Objc	H0530	1
H3045	Objc	H0990	1
H3045	Objc	H1004	1
H3045	Objc	H1322	1
H3045	Objc	H1364	1
H3045	Objc	H1419	1
H3045	Objc	H1420	1
H3045	Objc	H1616	1
H3045	Objc	H1926	1
H3045	Objc	H1947	1
H3045	Objc	H2022	1
H3045	Objc	H2087	1
H3045	Objc	H2108	1
H3045	Objc	H2145	1
H3045	Objc	H2472	1
H3045	Objc	H2706	1
H3045	Objc	H2781	1
H3045	Objc	H3027	1
H3045	Objc	H3117	1
H3045	Objc	H3205	1
H3045	Objc	H3278	1
H3045	Objc	H3444	1
H3045	Objc	H3639	1
H3045	Objc	H3956	1
H3045	Objc	H3996	1
H3045	Objc	H4148	1
H3045	Objc	H4150	1
H3045	Objc	H4194	1
H3045	Objc	H4421	1
H3045	Objc	H4438	1
H3045	Objc	H4467	1
H3045	Objc	H4805	1
H3045	Objc	H4904	1
H3045	Objc	H4962	1
H3045	Objc	H5288	1
H3045	Objc	H5360	1
H3045	Objc	H5410	1
H3045	Objc	H5553	1
H3045	Objc	H5678	1
H3045	Objc	H5715	1
H3045	Objc	H5775	1
H3045	Objc	H5797	1
H3045	Objc	H5978	1
H3045	Objc	H6098	1
H3045	Objc	H6187	1
H3045	Objc	H6203	1
H3045	Objc	H6440	1
H3045	Objc	H6588	1
H3045	Objc	H6629	1
H3045	Objc	H6666	1
H3045	Objc	H6900	1
H3045	Objc	H6918	1
H3045	Objc	H6994	1
H3045	Objc	H7069	1
H3045	Objc	H7186	1
H3045	Objc	H7455	1
H3045	Objc	H7462	1
H3045	Objc	H7522	1
H3045	Objc	H7562	1
H3045	Objc	H7653	1
H3045	Objc	H7676	1
H3045	Objc	H7723	1
H3045	Objc	H7837	1
H3045	Objc	H7880	1
H3045	Objc	H8064	1
H3045	Objc	H8141	1
H3045	Objc	H8193	1
H3045	Objc	H8441	1
H3045	Objc	H8454	1
H3045	Objc	H8499	1
H3045	Objc	H8513	1
H3045	Objc	H8538	1
H3045	Objc	H8569	1
H3045	Subj	H0314	1
H3045	Subj	H0424	1
H3045	Subj	H0433	1
H3045	Subj	H0517	1
H3045	Subj	H0875	1
H3045	Subj	H1004	1
H3045	Subj	H1198	1
H3045	Subj	H1818	1
H3045	Subj	H2145	1
H3045	Subj	H2233	1
H3045	Subj	H2416	1
H3045	Subj	H2450	1
H3045	Subj	H2624	1
H3045	Subj	H3027	1
H3045	Subj	H3581	1
H3045	Subj	H3707	1
H3045	Subj	H3824	1
H3045	Subj	H4639	1
H3045	Subj	H4687	1
H3045	Subj	H4725	1
H3045	Subj	H4904	1
H3045	Subj	H5030	1
H3045	Subj	H5360	1
H3045	Subj	H5461	1
H3045	Subj	H6041	1
H3045	Subj	H6086	1
H3045	Subj	H6119	1
H3045	Subj	H6382	1
H3045	Subj	H6629	1
H3045	Subj	H6662	1
H3045	Subj	H6951	1
H3045	Subj	H7227	1
H3045	Subj	H7230	1
H3045	Subj	H7307	1
H3045	Subj	H7611	1
H3045	Subj	H7647	1
H3045	Subj	H7704	1
H3045	Subj	H7794	1
H3045	Subj	H8064	1
H3045	Subj	H8104	1
H3045	Subj	H8121	1
H3045	Subj	H8141	1
H3045	Subj	H8193	1
H3045	Subj	H8582	1
H3051	Cmpl	H0001	1
H3051	Cmpl	H0321	1
H3051	Cmpl	H0430	1
H3051	Cmpl	H2389	1
H3051	Cmpl	H3778	1
H3051	Cmpl	H4135	1
H3051	Cmpl	H4421	1
H3051	Cmpl	H4428	1
H3051	Cmpl	H5971	1
H3051	Cmpl	H6440	1
H3051	Cmpl	H8034	1
H3051	Objc	H0424	1
H3051	Objc	H0784	1
H3051	Objc	H0802	1
H3051	Objc	H1004	1
H3051	Objc	H1121	1
H3051	Objc	H1252	1
H3051	Objc	H1293	1
H3051	Objc	H1369	1
H3051	Objc	H1433	1
H3051	Objc	H1653	1
H3051	Objc	H1697	1
H3051	Objc	H1926	1
H3051	Objc	H2450	1
H3051	Objc	H2451	1
H3051	Objc	H2634	1
H3051	Objc	H3045	1
H3051	Objc	H3824	1
H3051	Objc	H3899	1
H3051	Objc	H4304	1
H3051	Objc	H4735	1
H3051	Objc	H4979	1
H3051	Objc	H5023	1
H3051	Objc	H5775	1
H3051	Objc	H7036	1
H3051	Objc	H7227	1
H3051	Objc	H7238	1
H3051	Objc	H7626	1
H3051	Objc	H7690	1
H3051	Objc	H7939	1
H3051	Objc	H8065	1
H3051	Objc	H8549	1
H3051	Objc	H8633	1
H3051	Subj	H0606	1
H3051	Subj	H1777	1
H3051	Subj	H3368	1
H3051	Subj	H3605	1
H3051	Subj	H3824	1
H3051	Subj	H5942	1
H3051	Subj	H7238	1
H3051	Subj	H8460	1
H3161	Cmpl	H6951	1
H3161	Objc	H3824	1
H3161	Subj	H3519	1
H3176	Cmpl	H0120	1
H3176	Cmpl	H0216	1
H3176	Cmpl	H1121	1
H3176	Cmpl	H2220	1
H3176	Cmpl	H4150	1
H3176	Cmpl	H4941	1
H3176	Cmpl	H8451	1
H3176	Subj	H0339	1
H3179	Cmpl	H4731	1
H3179	Subj	H7194	1
H3190	Cmpl	H0001	1
H3190	Cmpl	H0113	1
H3190	Cmpl	H0251	1
H3190	Cmpl	H2896	1
H3190	Cmpl	H3205	1
H3190	Cmpl	H3477	1
H3190	Cmpl	H3820	1
H3190	Cmpl	H5971	1
H3190	Cmpl	H7455	1
H3190	Cmpl	H8269	1
H3190	Objc	H0314	1
H3190	Objc	H0490	1
H3190	Objc	H1004	1
H3190	Objc	H1456	1
H3190	Objc	H1847	1
H3190	Objc	H2617	1
H3190	Objc	H3605	1
H3190	Objc	H4676	1
H3190	Objc	H6440	1
H3190	Objc	H7218	1
H3190	Objc	H7462	1
H3190	Objc	H8034	1
H3190	Subj	H2450	1
H3190	Subj	H3548	1
H3190	Subj	H3824	1
H3190	Subj	H3956	1
H3190	Subj	H5291	1
H3190	Subj	H5650	1
H3198	Cmpl	H0113	1
H3198	Cmpl	H0182	1
H3198	Cmpl	H0413	1
H3198	Cmpl	H0433	1
H3198	Cmpl	H0776	1
H3198	Cmpl	H0875	1
H3198	Cmpl	H0996	1
H3198	Cmpl	H1121	1
H3198	Cmpl	H1397	1
H3198	Cmpl	H1471	1
H3198	Cmpl	H2450	1
H3198	Cmpl	H4325	1
H3198	Cmpl	H5650	1
H3198	Cmpl	H6035	1
H3198	Cmpl	H6099	1
H3198	Cmpl	H7350	1
H3198	Cmpl	H8147	1
H3198	Objc	H1870	1
H3198	Objc	H2781	1
H3198	Objc	H4405	1
H3198	Objc	H5997	1
H3198	Subj	H0376	1
H3201	Objc	H0205	1
H3201	Objc	H2983	1
H3201	Objc	H3427	1
H3201	Objc	H3605	1
H3201	Objc	H3899	1
H3201	Objc	H5356	1
H3201	Objc	H6116	1
H3201	Subj	H0113	1
H3201	Subj	H0120	1
H3201	Subj	H0251	1
H3201	Subj	H0413	1
H3201	Subj	H0433	1
H3201	Subj	H1167	1
H3201	Subj	H2642	1
H3201	Subj	H2748	1
H3201	Subj	H4033	1
H3201	Subj	H4196	1
H3201	Subj	H4325	1
H3201	Subj	H4405	1
H3201	Subj	H4428	1
H3201	Subj	H4467	1
H3201	Subj	H4713	1
H3201	Subj	H5178	1
H3201	Subj	H5228	1
H3201	Subj	H5288	1
H3201	Subj	H5650	1
H3201	Subj	H5971	1
H3201	Subj	H6662	1
H3201	Subj	H7223	1
H3201	Subj	H7227	1
H3205	Cmpl	H0001	1
H3205	Cmpl	H0113	1
H3205	Cmpl	H1004	1
H3205	Cmpl	H1538	1
H3205	Cmpl	H3967	1
H3205	Cmpl	H4259	1
H3205	Cmpl	H4557	1
H3205	Cmpl	H4605	1
H3205	Cmpl	H4940	1
H3205	Cmpl	H5999	1
H3205	Cmpl	H6242	1
H3205	Cmpl	H8034	1
H3205	Objc	H0096	1
H3205	Objc	H0251	1
H3205	Objc	H0326	1
H3205	Objc	H1004	1
H3205	Objc	H1516	1
H3205	Objc	H2114	1
H3205	Objc	H2145	1
H3205	Objc	H2549	1
H3205	Objc	H2796	1
H3205	Objc	H2919	1
H3205	Objc	H2921	1
H3205	Objc	H3967	1
H3205	Objc	H4940	1
H3205	Objc	H5347	1
H3205	Objc	H6530	1
H3205	Objc	H7179	1
H3205	Objc	H7307	1
H3205	Objc	H7651	1
H3205	Objc	H8267	1
H3205	Objc	H8345	1
H3205	Objc	H8488	1
H3205	Subj	H0001	1
H3205	Subj	H0113	1
H3205	Subj	H0120	1
H3205	Subj	H0157	1
H3205	Subj	H0259	1
H3205	Subj	H0365	1
H3205	Subj	H0702	1
H3205	Subj	H0761	1
H3205	Subj	H1004	1
H3205	Subj	H1067	1
H3205	Subj	H1471	1
H3205	Subj	H2022	1
H3205	Subj	H2145	1
H3205	Subj	H2416	1
H3205	Subj	H2706	1
H3205	Subj	H3064	1
H3205	Subj	H3117	1
H3205	Subj	H3206	1
H3205	Subj	H3618	1
H3205	Subj	H4474	1
H3205	Subj	H4713	1
H3205	Subj	H5895	1
H3205	Subj	H6135	1
H3205	Subj	H6501	1
H3205	Subj	H6547	1
H3205	Subj	H6810	1
H3205	Subj	H7326	1
H3205	Subj	H7651	1
H3205	Subj	H7704	1
H3205	Subj	H8130	1
H3205	Subj	H8141	1
H3205	Subj	H8337	1
H3205	Subj	H8672	1
H3235	Cmpl	H3519	1
H3235	Objc	H0430	1
H3235	Subj	H1471	1
H3238	Objc	H5971	1
H3238	Subj	H5387	1
H3243	Objc	H1471	1
H3243	Objc	H1481	1
H3243	Objc	H2461	1
H3243	Objc	H3206	1
H3243	Objc	H3220	1
H3243	Objc	H4428	1
H3243	Objc	H6620	1
H3243	Objc	H7218	1
H3243	Objc	H7701	1
H3243	Objc	H8228	1
H3251	Cmpl	H0120	1
H3251	Cmpl	H1320	1
H3254	Cmpl	H1121	1
H3254	Cmpl	H2077	1
H3254	Cmpl	H4428	1
H3254	Cmpl	H6187	1
H3254	Cmpl	H8130	1
H3254	Cmpl	H8141	1
H3254	Cmpl	H8416	1
H3254	Cmpl	H8457	1
H3254	Objc	H0120	1
H3254	Objc	H0312	1
H3254	Objc	H0505	1
H3254	Objc	H0555	1
H3254	Objc	H0753	1
H3254	Objc	H1121	1
H3254	Objc	H1847	1
H3254	Objc	H2416	1
H3254	Objc	H2896	1
H3254	Objc	H3015	1
H3254	Objc	H3027	1
H3254	Objc	H3605	1
H3254	Objc	H5627	1
H3254	Objc	H5892	1
H3254	Objc	H5930	1
H3254	Objc	H6089	1
H3254	Objc	H6588	1
H3254	Objc	H7453	1
H3254	Objc	H7458	1
H3254	Objc	H7462	1
H3254	Objc	H7965	1
H3254	Objc	H8057	1
H3254	Objc	H8393	1
H3254	Subj	H0001	1
H3254	Subj	H0376	1
H3254	Subj	H0639	1
H3254	Subj	H0776	1
H3254	Subj	H1100	1
H3254	Subj	H1330	1
H3254	Subj	H1416	1
H3254	Subj	H1697	1
H3254	Subj	H2416	1
H3254	Subj	H2889	1
H3254	Subj	H3027	1
H3254	Subj	H3374	1
H3254	Subj	H3492	1
H3254	Subj	H3605	1
H3254	Subj	H4421	1
H3254	Subj	H4428	1
H3254	Subj	H5159	1
H3254	Subj	H5288	1
H3254	Subj	H5971	1
H3254	Subj	H6035	1
H3254	Subj	H6547	1
H3254	Subj	H7227	1
H3254	Subj	H7238	1
H3254	Subj	H7605	1
H3254	Subj	H7860	1
H3254	Subj	H8141	1
H3254	Subj	H8193	1
H3256	Cmpl	H5771	1
H3256	Objc	H0376	1
H3256	Objc	H7227	1
H3256	Subj	H0376	1
H3256	Subj	H0802	1
H3256	Subj	H3605	1
H3256	Subj	H5650	1
H3259	Cmpl	H0168	1
H3259	Cmpl	H0430	1
H3259	Cmpl	H1004	1
H3259	Cmpl	H1121	1
H3259	Cmpl	H1964	1
H3259	Cmpl	H4150	1
H3259	Cmpl	H6607	1
H3259	Cmpl	H8432	1
H3259	Subj	H0505	1
H3259	Subj	H5387	1
H3259	Subj	H5713	1
H3259	Subj	H7218	1
H3261	Objc	H3577	1
H3261	Objc	H4268	1
H3261	Subj	H1259	1
H3289	Cmpl	H0505	1
H3289	Cmpl	H1004	1
H3289	Cmpl	H1368	1
H3289	Cmpl	H2451	1
H3289	Cmpl	H3605	1
H3289	Cmpl	H3967	1
H3289	Cmpl	H5057	1
H3289	Cmpl	H5650	1
H3289	Cmpl	H5971	1
H3289	Cmpl	H6845	1
H3289	Objc	H1121	1
H3289	Objc	H1322	1
H3289	Objc	H2154	1
H3289	Objc	H2205	1
H3289	Objc	H3820	1
H3289	Objc	H5082	1
H3289	Objc	H6098	1
H3289	Objc	H7462	1
H3289	Subj	H0430	1
H3289	Subj	H5081	1
H3289	Subj	H5315	1
H3289	Subj	H8104	1
H3289	Subj	H8269	1
H3290	Objc	H0251	1
H3290	Subj	H0251	1
H3290	Subj	H3605	1
H3313	Cmpl	H2022	1
H3313	Cmpl	H6098	1
H3313	Cmpl	H7563	1
H3313	Subj	H0216	1
H3313	Subj	H0430	1
H3313	Subj	H5105	1
H3313	Subj	H6051	1
H3318	Cmpl	H0113	1
H3318	Cmpl	H0216	1
H3318	Cmpl	H0329	1
H3318	Cmpl	H0398	1
H3318	Cmpl	H0424	1
H3318	Cmpl	H0430	1
H3318	Cmpl	H0631	1
H3318	Cmpl	H0639	1
H3318	Cmpl	H0784	1
H3318	Cmpl	H0802	1
H3318	Cmpl	H0905	1
H3318	Cmpl	H1290	1
H3318	Cmpl	H1320	1
H3318	Cmpl	H1323	1
H3318	Cmpl	H1330	1
H3318	Cmpl	H1368	1
H3318	Cmpl	H1389	1
H3318	Cmpl	H1465	1
H3318	Cmpl	H1503	1
H3318	Cmpl	H1593	1
H3318	Cmpl	H1612	1
H3318	Cmpl	H1637	1
H3318	Cmpl	H1880	1
H3318	Cmpl	H1964	1
H3318	Cmpl	H2026	1
H3318	Cmpl	H2151	1
H3318	Cmpl	H2315	1
H3318	Cmpl	H2319	1
H3318	Cmpl	H2428	1
H3318	Cmpl	H2502	1
H3318	Cmpl	H2503	1
H3318	Cmpl	H2850	1
H3318	Cmpl	H2930	1
H3318	Cmpl	H3027	1
H3318	Cmpl	H3196	1
H3318	Cmpl	H3293	1
H3318	Cmpl	H3754	1
H3318	Cmpl	H3778	1
H3318	Cmpl	H3802	1
H3318	Cmpl	H4033	1
H3318	Cmpl	H4115	1
H3318	Cmpl	H4161	1
H3318	Cmpl	H4196	1
H3318	Cmpl	H4217	1
H3318	Cmpl	H4407	1
H3318	Cmpl	H4528	1
H3318	Cmpl	H4569	1
H3318	Cmpl	H4599	1
H3318	Cmpl	H4670	1
H3318	Cmpl	H4800	1
H3318	Cmpl	H5030	1
H3318	Cmpl	H5048	1
H3318	Cmpl	H5175	1
H3318	Cmpl	H5227	1
H3318	Cmpl	H5291	1
H3318	Cmpl	H5450	1
H3318	Cmpl	H5647	1
H3318	Cmpl	H5656	1
H3318	Cmpl	H5794	1
H3318	Cmpl	H5945	1
H3318	Cmpl	H6083	1
H3318	Cmpl	H6119	1
H3318	Cmpl	H6160	1
H3318	Cmpl	H6556	1
H3318	Cmpl	H6574	1
H3318	Cmpl	H6629	1
H3318	Cmpl	H6884	1
H3318	Cmpl	H6913	1
H3318	Cmpl	H6921	1
H3318	Cmpl	H6956	1
H3318	Cmpl	H7114	1
H3318	Cmpl	H7151	1
H3318	Cmpl	H7350	1
H3318	Cmpl	H7563	1
H3318	Cmpl	H7568	1
H3318	Cmpl	H7713	1
H3318	Cmpl	H7832	1
H3318	Cmpl	H8040	1
H3318	Cmpl	H8141	1
H3318	Cmpl	H8211	1
H3318	Cmpl	H8330	1
H3318	Cmpl	H8484	1
H3318	Cmpl	H8487	1
H3318	Objc	H0068	1
H3318	Objc	H0251	1
H3318	Objc	H0517	1
H3318	Objc	H0617	1
H3318	Objc	H0776	1
H3318	Objc	H0784	1
H3318	Objc	H0842	1
H3318	Objc	H0899	1
H3318	Objc	H1106	1
H3318	Objc	H1167	1
H3318	Objc	H1323	1
H3318	Objc	H1331	1
H3318	Objc	H1366	1
H3318	Objc	H1697	1
H3318	Objc	H1818	1
H3318	Objc	H1877	1
H3318	Objc	H1880	1
H3318	Objc	H2195	1
H3318	Objc	H2529	1
H3318	Objc	H2860	1
H3318	Objc	H2932	1
H3318	Objc	H3196	1
H3318	Objc	H3368	1
H3318	Objc	H3427	1
H3318	Objc	H3465	1
H3318	Objc	H3548	1
H3318	Objc	H3651	1
H3318	Objc	H3830	1
H3318	Objc	H3967	1
H3318	Objc	H4043	1
H3318	Objc	H4294	1
H3318	Objc	H4403	1
H3318	Objc	H4503	1
H3318	Objc	H4643	1
H3318	Objc	H4676	1
H3318	Objc	H4733	1
H3318	Objc	H4818	1
H3318	Objc	H4854	1
H3318	Objc	H4940	1
H3318	Objc	H5030	1
H3318	Objc	H5079	1
H3318	Objc	H5140	1
H3318	Objc	H5483	1
H3318	Objc	H5667	1
H3318	Objc	H5787	1
H3318	Objc	H6086	1
H3318	Objc	H6212	1
H3318	Objc	H6485	1
H3318	Objc	H6525	1
H3318	Objc	H6571	1
H3318	Objc	H6607	1
H3318	Objc	H6664	1
H3318	Objc	H6666	1
H3318	Objc	H6757	1
H3318	Objc	H6780	1
H3318	Objc	H6793	1
H3318	Objc	H6951	1
H3318	Objc	H7222	1
H3318	Objc	H7272	1
H3318	Objc	H7379	1
H3318	Objc	H8141	1
H3318	Objc	H8147	1
H3318	Objc	H8163	1
H3318	Objc	H8393	1
H3318	Subj	H0113	1
H3318	Subj	H0120	1
H3318	Subj	H0127	1
H3318	Subj	H0205	1
H3318	Subj	H0272	1
H3318	Subj	H0327	1
H3318	Subj	H0554	1
H3318	Subj	H0567	1
H3318	Subj	H0848	1
H3318	Subj	H1100	1
H3318	Subj	H1143	1
H3318	Subj	H1167	1
H3318	Subj	H1261	1
H3318	Subj	H1377	1
H3318	Subj	H1677	1
H3318	Subj	H1899	1
H3318	Subj	H1926	1
H3318	Subj	H2040	1
H3318	Subj	H2205	1
H3318	Subj	H2344	1
H3318	Subj	H2374	1
H3318	Subj	H2415	1
H3318	Subj	H2461	1
H3318	Subj	H2549	1
H3318	Subj	H2595	1
H3318	Subj	H2613	1
H3318	Subj	H2671	1
H3318	Subj	H2717	1
H3318	Subj	H2719	1
H3318	Subj	H2796	1
H3318	Subj	H2860	1
H3318	Subj	H2896	1
H3318	Subj	H3027	1
H3318	Subj	H3117	1
H3318	Subj	H3127	1
H3318	Subj	H3196	1
H3318	Subj	H3206	1
H3318	Subj	H3372	1
H3318	Subj	H3481	1
H3318	Subj	H3519	1
H3318	Subj	H3556	1
H3318	Subj	H3571	1
H3318	Subj	H3627	1
H3318	Subj	H3686	1
H3318	Subj	H3774	1
H3318	Subj	H3820	1
H3318	Subj	H3837	1
H3318	Subj	H3851	1
H3318	Subj	H3899	1
H3318	Subj	H3978	1
H3318	Subj	H4060	1
H3318	Subj	H4264	1
H3318	Subj	H4436	1
H3318	Subj	H4438	1
H3318	Subj	H4465	1
H3318	Subj	H4525	1
H3318	Subj	H4599	1
H3318	Subj	H4673	1
H3318	Subj	H4818	1
H3318	Subj	H4864	1
H3318	Subj	H4889	1
H3318	Subj	H4910	1
H3318	Subj	H4966	1
H3318	Subj	H5030	1
H3318	Subj	H5387	1
H3318	Subj	H5397	1
H3318	Subj	H5695	1
H3318	Subj	H5775	1
H3318	Subj	H5869	1
H3318	Subj	H6227	1
H3318	Subj	H6277	1
H3318	Subj	H6412	1
H3318	Subj	H6432	1
H3318	Subj	H6547	1
H3318	Subj	H6635	1
H3318	Subj	H6662	1
H3318	Subj	H6664	1
H3318	Subj	H6843	1
H3318	Subj	H6848	1
H3318	Subj	H6963	1
H3318	Subj	H6996	1
H3318	Subj	H7093	1
H3318	Subj	H7110	1
H3318	Subj	H7140	1
H3318	Subj	H7161	1
H3318	Subj	H7243	1
H3318	Subj	H7392	1
H3318	Subj	H7409	1
H3318	Subj	H7431	1
H3318	Subj	H7462	1
H3318	Subj	H7523	1
H3318	Subj	H7562	1
H3318	Subj	H7565	1
H3318	Subj	H7579	1
H3318	Subj	H7613	1
H3318	Subj	H7637	1
H3318	Subj	H7832	1
H3318	Subj	H7860	1
H3318	Subj	H8141	1
H3318	Subj	H8145	1
H3318	Subj	H8199	1
H3318	Subj	H8334	1
H3318	Subj	H8345	1
H3318	Subj	H8426	1
H3320	Cmpl	H0113	1
H3320	Cmpl	H0205	1
H3320	Cmpl	H0776	1
H3320	Cmpl	H1121	1
H3320	Cmpl	H1366	1
H3320	Cmpl	H3553	1
H3320	Cmpl	H5869	1
H3320	Cmpl	H6547	1
H3320	Cmpl	H6951	1
H3320	Cmpl	H7243	1
H3320	Subj	H0269	1
H3320	Subj	H0776	1
H3320	Subj	H3548	1
H3320	Subj	H3878	1
H3320	Subj	H4397	1
H3320	Subj	H4428	1
H3320	Subj	H5971	1
H3320	Subj	H6438	1
H3320	Subj	H7626	1
H3322	Cmpl	H0681	1
H3322	Cmpl	H0776	1
H3322	Cmpl	H4725	1
H3322	Cmpl	H5971	1
H3322	Cmpl	H7298	1
H3322	Objc	H4731	1
H3322	Objc	H4941	1
H3322	Subj	H1241	1
H3322	Subj	H6629	1
H3331	Cmpl	H7227	1
H3331	Objc	H0665	1
H3331	Objc	H8242	1
H3331	Subj	H0665	1
H3331	Subj	H7415	1
H3331	Subj	H8242	1
H3332	Cmpl	H0376	1
H3332	Cmpl	H2233	1
H3332	Cmpl	H2436	1
H3332	Cmpl	H3027	1
H3332	Cmpl	H3605	1
H3332	Cmpl	H3627	1
H3332	Cmpl	H4165	1
H3332	Cmpl	H4888	1
H3332	Cmpl	H5930	1
H3332	Cmpl	H5971	1
H3332	Cmpl	H6086	1
H3332	Cmpl	H6770	1
H3332	Cmpl	H7393	1
H3332	Cmpl	H8193	1
H3332	Objc	H0430	1
H3332	Objc	H0727	1
H3332	Objc	H2568	1
H3332	Objc	H3701	1
H3332	Objc	H5178	1
H3332	Objc	H6532	1
H3332	Objc	H6944	1
H3332	Objc	H7307	1
H3332	Subj	H1818	1
H3332	Subj	H2580	1
H3332	Subj	H3247	1
H3332	Subj	H3548	1
H3332	Subj	H4347	1
H3332	Subj	H4888	1
H3332	Subj	H6083	1
H3332	Subj	H8081	1
H3335	Cmpl	H0127	1
H3335	Objc	H0120	1
H3335	Objc	H0127	1
H3335	Objc	H0413	1
H3335	Objc	H2416	1
H3335	Objc	H3006	1
H3335	Objc	H5178	1
H3335	Objc	H5775	1
H3335	Objc	H5982	1
H3335	Objc	H6083	1
H3335	Objc	H7704	1
H3335	Objc	H8064	1
H3335	Objc	H8147	1
H3335	Subj	H0413	1
H3335	Subj	H3027	1
H3341	Cmpl	H4725	1
H3341	Cmpl	H5442	1
H3341	Cmpl	H5892	1
H3341	Cmpl	H8179	1
H3341	Objc	H4908	1
H3341	Objc	H6877	1
H3341	Subj	H1323	1
H3341	Subj	H1364	1
H3341	Subj	H2534	1
H3341	Subj	H5892	1
H3363	Subj	H3409	1
H3363	Subj	H3709	1
H3363	Subj	H5315	1
H3364	Cmpl	H3196	1
H3369	Cmpl	H0561	1
H3369	Cmpl	H6310	1
H3372	Cmpl	H0226	1
H3372	Cmpl	H0376	1
H3372	Cmpl	H0776	1
H3372	Cmpl	H0784	1
H3372	Cmpl	H1004	1
H3372	Cmpl	H1364	1
H3372	Cmpl	H2416	1
H3372	Cmpl	H3915	1
H3372	Cmpl	H4941	1
H3372	Cmpl	H5315	1
H3372	Cmpl	H5650	1
H3372	Cmpl	H5971	1
H3372	Cmpl	H6430	1
H3372	Cmpl	H7233	1
H3372	Cmpl	H7451	1
H3372	Cmpl	H7701	1
H3372	Cmpl	H7950	1
H3372	Objc	H0517	1
H3372	Objc	H0567	1
H3372	Objc	H0776	1
H3372	Objc	H1004	1
H3372	Objc	H2719	1
H3372	Objc	H2781	1
H3372	Objc	H2867	1
H3372	Objc	H3513	1
H3372	Objc	H4172	1
H3372	Objc	H4428	1
H3372	Objc	H5892	1
H3372	Objc	H6467	1
H3372	Objc	H7621	1
H3372	Subj	H0120	1
H3372	Subj	H0269	1
H3372	Subj	H0657	1
H3372	Subj	H3427	1
H3372	Subj	H3820	1
H3372	Subj	H4419	1
H3372	Subj	H5650	1
H3372	Subj	H6430	1
H3372	Subj	H7117	1
H3381	Cmpl	H0068	1
H3381	Cmpl	H0093	1
H3381	Cmpl	H0251	1
H3381	Cmpl	H0386	1
H3381	Cmpl	H0591	1
H3381	Cmpl	H0802	1
H3381	Cmpl	H0953	1
H3381	Cmpl	H1116	1
H3381	Cmpl	H1157	1
H3381	Cmpl	H1237	1
H3381	Cmpl	H1241	1
H3381	Cmpl	H1314	1
H3381	Cmpl	H1488	1
H3381	Cmpl	H1516	1
H3381	Cmpl	H1588	1
H3381	Cmpl	H1593	1
H3381	Cmpl	H2206	1
H3381	Cmpl	H2474	1
H3381	Cmpl	H2491	1
H3381	Cmpl	H2543	1
H3381	Cmpl	H2983	1
H3381	Cmpl	H3158	1
H3381	Cmpl	H3311	1
H3381	Cmpl	H3519	1
H3381	Cmpl	H3678	1
H3381	Cmpl	H3754	1
H3381	Cmpl	H3802	1
H3381	Cmpl	H3957	1
H3381	Cmpl	H4631	1
H3381	Cmpl	H4688	1
H3381	Cmpl	H4725	1
H3381	Cmpl	H4818	1
H3381	Cmpl	H5178	1
H3381	Cmpl	H5585	1
H3381	Cmpl	H5600	1
H3381	Cmpl	H5608	1
H3381	Cmpl	H5892	1
H3381	Cmpl	H6003	1
H3381	Cmpl	H6010	1
H3381	Cmpl	H6051	1
H3381	Cmpl	H6086	1
H3381	Cmpl	H6170	1
H3381	Cmpl	H6297	1
H3381	Cmpl	H6440	1
H3381	Cmpl	H6697	1
H3381	Cmpl	H6738	1
H3381	Cmpl	H6936	1
H3381	Cmpl	H7095	1
H3381	Cmpl	H8415	1
H3381	Cmpl	H8432	1
H3381	Cmpl	H8481	1
H3381	Objc	H0251	1
H3381	Objc	H0312	1
H3381	Objc	H0712	1
H3381	Objc	H0727	1
H3381	Objc	H0992	1
H3381	Objc	H1706	1
H3381	Objc	H3220	1
H3381	Objc	H3427	1
H3381	Objc	H3605	1
H3381	Objc	H3701	1
H3381	Objc	H3910	1
H3381	Objc	H4009	1
H3381	Objc	H4456	1
H3381	Objc	H4503	1
H3381	Objc	H4539	1
H3381	Objc	H5038	1
H3381	Objc	H5219	1
H3381	Objc	H5332	1
H3381	Objc	H5650	1
H3381	Objc	H5697	1
H3381	Objc	H5716	1
H3381	Objc	H6532	1
H3381	Objc	H7218	1
H3381	Objc	H7388	1
H3381	Objc	H7845	1
H3381	Objc	H8247	1
H3381	Subj	H0376	1
H3381	Subj	H0430	1
H3381	Subj	H0505	1
H3381	Subj	H0517	1
H3381	Subj	H0641	1
H3381	Subj	H0776	1
H3381	Subj	H0970	1
H3381	Subj	H1004	1
H3381	Subj	H1210	1
H3381	Subj	H1219	1
H3381	Subj	H1237	1
H3381	Subj	H1259	1
H3381	Subj	H1323	1
H3381	Subj	H1330	1
H3381	Subj	H1364	1
H3381	Subj	H1569	1
H3381	Subj	H1653	1
H3381	Subj	H1730	1
H3381	Subj	H1926	1
H3381	Subj	H1995	1
H3381	Subj	H1998	1
H3381	Subj	H2205	1
H3381	Subj	H2346	1
H3381	Subj	H2555	1
H3381	Subj	H2710	1
H3381	Subj	H2919	1
H3381	Subj	H3220	1
H3381	Subj	H3548	1
H3381	Subj	H3669	1
H3381	Subj	H3774	1
H3381	Subj	H4005	1
H3381	Subj	H4478	1
H3381	Subj	H4676	1
H3381	Subj	H4880	1
H3381	Subj	H4908	1
H3381	Subj	H5030	1
H3381	Subj	H5387	1
H3381	Subj	H5483	1
H3381	Subj	H5861	1
H3381	Subj	H5892	1
H3381	Subj	H5938	1
H3381	Subj	H5982	1
H3381	Subj	H6003	1
H3381	Subj	H6051	1
H3381	Subj	H6235	1
H3381	Subj	H6430	1
H3381	Subj	H6432	1
H3381	Subj	H6547	1
H3381	Subj	H6635	1
H3381	Subj	H6994	1
H3381	Subj	H7214	1
H3381	Subj	H7392	1
H3381	Subj	H7451	1
H3381	Subj	H7588	1
H3381	Subj	H7950	1
H3381	Subj	H8597	1
H3381	Subj	H8610	1
H3384	Cmpl	H0068	1
H3384	Cmpl	H0413	1
H3384	Cmpl	H1419	1
H3384	Cmpl	H2455	1
H3384	Cmpl	H2671	1
H3384	Cmpl	H2889	1
H3384	Cmpl	H2896	1
H3384	Cmpl	H2930	1
H3384	Cmpl	H3027	1
H3384	Cmpl	H3220	1
H3384	Cmpl	H3820	1
H3384	Cmpl	H4428	1
H3384	Cmpl	H5650	1
H3384	Cmpl	H6440	1
H3384	Cmpl	H6654	1
H3384	Cmpl	H6944	1
H3384	Objc	H0068	1
H3384	Objc	H0776	1
H3384	Objc	H1121	1
H3384	Objc	H1486	1
H3384	Objc	H1844	1
H3384	Objc	H2400	1
H3384	Objc	H2428	1
H3384	Objc	H2677	1
H3384	Objc	H2706	1
H3384	Objc	H3605	1
H3384	Objc	H4818	1
H3384	Objc	H4941	1
H3384	Objc	H5971	1
H3384	Objc	H6438	1
H3384	Objc	H6547	1
H3384	Objc	H6664	1
H3384	Objc	H8535	1
H3384	Subj	H3878	1
H3399	Cmpl	H5048	1
H3399	Subj	H1870	1
H3415	Subj	H5315	1
H3417	Subj	H0001	1
H3423	Cmpl	H0776	1
H3423	Objc	H0272	1
H3423	Objc	H0341	1
H3423	Objc	H0376	1
H3423	Objc	H0430	1
H3423	Objc	H0953	1
H3423	Objc	H1366	1
H3423	Objc	H1404	1
H3423	Objc	H1622	1
H3423	Objc	H1651	1
H3423	Objc	H1706	1
H3423	Objc	H1864	1
H3423	Objc	H2100	1
H3423	Objc	H2132	1
H3423	Objc	H2340	1
H3423	Objc	H2461	1
H3423	Objc	H2672	1
H3423	Objc	H2850	1
H3423	Objc	H3158	1
H3423	Objc	H3211	1
H3423	Objc	H3220	1
H3423	Objc	H3816	1
H3423	Objc	H3978	1
H3423	Objc	H4057	1
H3423	Objc	H4180	1
H3423	Objc	H4602	1
H3423	Objc	H4908	1
H3423	Objc	H4932	1
H3423	Objc	H5045	1
H3423	Objc	H5115	1
H3423	Objc	H5999	1
H3423	Objc	H6010	1
H3423	Objc	H6522	1
H3423	Objc	H6529	1
H3423	Objc	H6944	1
H3423	Objc	H7611	1
H3423	Objc	H8130	1
H3423	Objc	H8147	1
H3423	Objc	H8559	1
H3423	Subj	H0001	1
H3423	Subj	H0519	1
H3423	Subj	H1288	1
H3423	Subj	H1546	1
H3423	Subj	H2151	1
H3423	Subj	H3605	1
H3423	Subj	H5045	1
H3423	Subj	H5435	1
H3423	Subj	H5971	1
H3423	Subj	H6035	1
H3423	Subj	H6662	1
H3423	Subj	H6767	1
H3423	Subj	H6944	1
H3427	Cmpl	H0068	1
H3427	Cmpl	H0259	1
H3427	Cmpl	H0386	1
H3427	Cmpl	H0424	1
H3427	Cmpl	H0436	1
H3427	Cmpl	H0665	1
H3427	Cmpl	H0681	1
H3427	Cmpl	H1121	1
H3427	Cmpl	H1290	1
H3427	Cmpl	H1295	1
H3427	Cmpl	H1471	1
H3427	Cmpl	H1473	1
H3427	Cmpl	H1516	1
H3427	Cmpl	H1628	1
H3427	Cmpl	H1663	1
H3427	Cmpl	H1870	1
H3427	Cmpl	H2319	1
H3427	Cmpl	H2340	1
H3427	Cmpl	H2348	1
H3427	Cmpl	H2351	1
H3427	Cmpl	H2545	1
H3427	Cmpl	H2822	1
H3427	Cmpl	H2850	1
H3427	Cmpl	H2896	1
H3427	Cmpl	H2983	1
H3427	Cmpl	H3027	1
H3427	Cmpl	H3520	1
H3427	Cmpl	H3603	1
H3427	Cmpl	H3627	1
H3427	Cmpl	H3759	1
H3427	Cmpl	H3899	1
H3427	Cmpl	H3993	1
H3427	Cmpl	H3999	1
H3427	Cmpl	H4009	1
H3427	Cmpl	H4014	1
H3427	Cmpl	H4033	1
H3427	Cmpl	H4054	1
H3427	Cmpl	H4135	1
H3427	Cmpl	H4264	1
H3427	Cmpl	H4315	1
H3427	Cmpl	H4410	1
H3427	Cmpl	H4496	1
H3427	Cmpl	H4631	1
H3427	Cmpl	H4733	1
H3427	Cmpl	H4791	1
H3427	Cmpl	H4908	1
H3427	Cmpl	H4941	1
H3427	Cmpl	H4942	1
H3427	Cmpl	H5116	1
H3427	Cmpl	H5158	1
H3427	Cmpl	H5410	1
H3427	Cmpl	H5475	1
H3427	Cmpl	H5585	1
H3427	Cmpl	H5603	1
H3427	Cmpl	H5643	1
H3427	Cmpl	H5869	1
H3427	Cmpl	H6083	1
H3427	Cmpl	H6522	1
H3427	Cmpl	H6654	1
H3427	Cmpl	H6772	1
H3427	Cmpl	H6924	1
H3427	Cmpl	H6926	1
H3427	Cmpl	H7023	1
H3427	Cmpl	H7176	1
H3427	Cmpl	H7600	1
H3427	Cmpl	H7832	1
H3427	Cmpl	H7965	1
H3427	Cmpl	H8444	1
H3427	Objc	H0376	1
H3427	Objc	H0776	1
H3427	Objc	H0796	1
H3427	Objc	H0910	1
H3427	Objc	H1004	1
H3427	Objc	H1100	1
H3427	Objc	H2918	1
H3427	Objc	H4125	1
H3427	Objc	H4428	1
H3427	Objc	H5971	1
H3427	Objc	H5984	1
H3427	Objc	H6519	1
H3427	Objc	H7456	1
H3427	Objc	H8074	1
H3427	Objc	H8147	1
H3427	Subj	H0120	1
H3427	Subj	H0249	1
H3427	Subj	H0312	1
H3427	Subj	H0368	1
H3427	Subj	H0759	1
H3427	Subj	H0843	1
H3427	Subj	H1471	1
H3427	Subj	H2040	1
H3427	Subj	H2100	1
H3427	Subj	H2220	1
H3427	Subj	H2416	1
H3427	Subj	H2677	1
H3427	Subj	H2720	1
H3427	Subj	H2752	1
H3427	Subj	H3158	1
H3427	Subj	H3284	1
H3427	Subj	H3477	1
H3427	Subj	H3678	1
H3427	Subj	H3761	1
H3427	Subj	H3967	1
H3427	Subj	H4464	1
H3427	Subj	H4941	1
H3427	Subj	H5291	1
H3427	Subj	H5375	1
H3427	Subj	H6223	1
H3427	Subj	H6440	1
H3427	Subj	H6666	1
H3427	Subj	H6716	1
H3427	Subj	H6876	1
H3427	Subj	H7198	1
H3427	Subj	H7227	1
H3427	Subj	H7626	1
H3427	Subj	H8074	1
H3455	Cmpl	H0727	1
H3456	Cmpl	H4393	1
H3456	Subj	H0127	1
H3456	Subj	H1116	1
H3456	Subj	H4393	1
H3462	Objc	H4194	1
H3462	Subj	H8104	1
H3467	Cmpl	H0034	1
H3467	Cmpl	H0519	1
H3467	Cmpl	H2719	1
H3467	Cmpl	H2932	1
H3467	Cmpl	H3709	1
H3467	Cmpl	H4043	1
H3467	Cmpl	H4186	1
H3467	Cmpl	H4428	1
H3467	Cmpl	H4592	1
H3467	Cmpl	H5315	1
H3467	Cmpl	H5828	1
H3467	Cmpl	H6310	1
H3467	Cmpl	H6629	1
H3467	Cmpl	H7227	1
H3467	Cmpl	H8199	1
H3467	Objc	H0034	1
H3467	Objc	H0120	1
H3467	Objc	H0168	1
H3467	Objc	H0776	1
H3467	Objc	H0929	1
H3467	Objc	H1004	1
H3467	Objc	H1419	1
H3467	Objc	H1793	1
H3467	Objc	H2220	1
H3467	Objc	H3605	1
H3467	Objc	H4899	1
H3467	Objc	H5315	1
H3467	Objc	H5650	1
H3467	Objc	H5769	1
H3467	Objc	H5797	1
H3467	Objc	H5869	1
H3467	Objc	H6035	1
H3467	Objc	H7307	1
H3467	Objc	H7611	1
H3467	Objc	H7807	1
H3467	Subj	H0113	1
H3467	Subj	H0430	1
H3467	Subj	H6944	1
H3474	Cmpl	H0430	1
H3474	Cmpl	H2205	1
H3474	Cmpl	H4428	1
H3474	Cmpl	H5048	1
H3474	Cmpl	H5971	1
H3474	Cmpl	H6951	1
H3474	Objc	H0430	1
H3474	Objc	H0734	1
H3474	Objc	H4546	1
H3474	Subj	H0376	1
H3474	Subj	H5315	1
H3474	Subj	H6509	1
H3474	Subj	H6666	1
H3474	Subj	H8394	1
H3474	Subj	H8549	1
H3488	Subj	H3117	1
H3488	Subj	H6267	1
H3498	Cmpl	H0376	1
H3498	Cmpl	H0517	1
H3498	Cmpl	H1004	1
H3498	Cmpl	H1320	1
H3498	Cmpl	H1698	1
H3498	Cmpl	H2719	1
H3498	Cmpl	H3605	1
H3498	Cmpl	H3899	1
H3498	Cmpl	H4394	1
H3498	Cmpl	H7458	1
H3498	Cmpl	H7648	1
H3498	Objc	H0376	1
H3498	Objc	H1121	1
H3498	Objc	H4557	1
H3498	Objc	H4592	1
H3498	Objc	H7611	1
H3498	Objc	H8300	1
H3498	Objc	H8546	1
H3498	Subj	H1121	1
H3498	Subj	H1259	1
H3498	Subj	H1323	1
H3498	Subj	H3418	1
H3498	Subj	H6235	1
H3498	Subj	H6413	1
H3498	Subj	H6556	1
H3498	Subj	H6635	1
H3498	Subj	H6994	1
H3498	Subj	H7626	1
H3498	Subj	H7651	1
H3498	Subj	H7992	1
H3498	Subj	H8549	1
H3510	Cmpl	H0068	1
H3510	Objc	H2513	1
H3510	Objc	H2896	1
H3510	Objc	H3605	1
H3510	Subj	H1320	1
H3510	Subj	H3820	1
H3512	Objc	H3820	1
H3512	Objc	H6662	1
H3512	Objc	H8267	1
H3513	Cmpl	H0376	1
H3513	Cmpl	H0585	1
H3513	Cmpl	H0796	1
H3513	Cmpl	H2205	1
H3513	Cmpl	H4581	1
H3513	Cmpl	H6440	1
H3513	Cmpl	H6571	1
H3513	Cmpl	H7225	1
H3513	Cmpl	H7393	1
H3513	Cmpl	H8034	1
H3513	Cmpl	H8393	1
H3513	Objc	H0376	1
H3513	Objc	H0430	1
H3513	Objc	H1121	1
H3513	Objc	H1471	1
H3513	Objc	H1551	1
H3513	Objc	H1870	1
H3513	Objc	H3220	1
H3513	Objc	H3372	1
H3513	Objc	H3824	1
H3513	Objc	H4725	1
H3513	Objc	H5178	1
H3513	Objc	H5650	1
H3513	Objc	H5676	1
H3513	Objc	H7272	1
H3513	Objc	H8034	1
H3513	Subj	H0113	1
H3513	Subj	H0241	1
H3513	Subj	H0314	1
H3513	Subj	H0405	1
H3513	Subj	H0430	1
H3513	Subj	H1004	1
H3513	Subj	H3820	1
H3513	Subj	H4428	1
H3513	Subj	H5650	1
H3513	Subj	H5869	1
H3513	Subj	H6346	1
H3513	Subj	H6588	1
H3513	Subj	H7223	1
H3513	Subj	H8104	1
H3518	Objc	H0160	1
H3518	Subj	H0430	1
H3518	Subj	H7957	1
H3526	Cmpl	H3196	1
H3526	Cmpl	H5427	1
H3526	Cmpl	H7462	1
H3526	Objc	H3820	1
H3526	Objc	H3830	1
H3526	Subj	H0376	1
H3526	Subj	H2891	1
H3526	Subj	H3548	1
H3526	Subj	H4325	1
H3526	Subj	H5079	1
H3526	Subj	H5137	1
H3533	Cmpl	H5650	1
H3533	Cmpl	H5971	1
H3533	Cmpl	H8198	1
H3533	Objc	H0068	1
H3533	Objc	H4436	1
H3533	Objc	H5771	1
H3533	Objc	H7050	1
H3547	Objc	H6287	1
H3547	Subj	H1121	1
H3554	Subj	H7272	1
H3557	Cmpl	H5978	1
H3557	Cmpl	H7871	1
H3557	Objc	H0251	1
H3557	Objc	H0376	1
H3557	Objc	H0702	1
H3557	Objc	H0776	1
H3557	Objc	H2195	1
H3557	Objc	H3899	1
H3557	Objc	H4245	1
H3557	Objc	H4325	1
H3557	Objc	H6083	1
H3557	Objc	H6310	1
H3557	Objc	H7872	1
H3557	Objc	H8002	1
H3557	Subj	H0259	1
H3557	Subj	H0376	1
H3557	Subj	H1471	1
H3557	Subj	H3595	1
H3557	Subj	H7307	1
H3559	Cmpl	H0251	1
H3559	Cmpl	H0565	1
H3559	Cmpl	H0727	1
H3559	Cmpl	H2714	1
H3559	Cmpl	H3027	1
H3559	Cmpl	H3499	1
H3559	Cmpl	H4350	1
H3559	Cmpl	H4692	1
H3559	Cmpl	H4941	1
H3559	Cmpl	H5048	1
H3559	Cmpl	H5869	1
H3559	Cmpl	H6041	1
H3559	Cmpl	H6098	1
H3559	Cmpl	H6471	1
H3559	Cmpl	H6664	1
H3559	Cmpl	H6944	1
H3559	Cmpl	H7562	1
H3559	Cmpl	H8064	1
H3559	Cmpl	H8193	1
H3559	Cmpl	H8432	1
H3559	Objc	H0530	1
H3559	Objc	H0693	1
H3559	Objc	H0776	1
H3559	Objc	H0804	1
H3559	Objc	H1004	1
H3559	Objc	H1270	1
H3559	Objc	H1688	1
H3559	Objc	H1715	1
H3559	Objc	H2077	1
H3559	Objc	H2233	1
H3559	Objc	H2671	1
H3559	Objc	H3027	1
H3559	Objc	H3553	1
H3559	Objc	H3701	1
H3559	Objc	H3957	1
H3559	Objc	H3967	1
H3559	Objc	H3974	1
H3559	Objc	H4043	1
H3559	Objc	H4194	1
H3559	Objc	H4196	1
H3559	Objc	H4293	1
H3559	Objc	H4403	1
H3559	Objc	H4503	1
H3559	Objc	H4639	1
H3559	Objc	H4725	1
H3559	Objc	H4820	1
H3559	Objc	H5892	1
H3559	Objc	H5971	1
H3559	Objc	H6459	1
H3559	Objc	H6471	1
H3559	Objc	H6662	1
H3559	Objc	H6718	1
H3559	Objc	H6720	1
H3559	Objc	H7050	1
H3559	Objc	H7151	1
H3559	Objc	H7198	1
H3559	Objc	H7230	1
H3559	Objc	H7420	1
H3559	Objc	H7568	1
H3559	Objc	H7607	1
H3559	Objc	H8064	1
H3559	Objc	H8121	1
H3559	Subj	H0001	1
H3559	Subj	H0120	1
H3559	Subj	H0376	1
H3559	Subj	H0430	1
H3559	Subj	H0571	1
H3559	Subj	H0990	1
H3559	Subj	H1004	1
H3559	Subj	H1397	1
H3559	Subj	H2233	1
H3559	Subj	H3820	1
H3559	Subj	H3956	1
H3559	Subj	H4467	1
H3559	Subj	H4703	1
H3559	Subj	H5526	1
H3559	Subj	H5713	1
H3559	Subj	H5892	1
H3559	Subj	H5971	1
H3559	Subj	H6951	1
H3559	Subj	H7699	1
H3559	Subj	H8193	1
H3559	Subj	H8201	1
H3559	Subj	H8605	1
H3576	Cmpl	H8198	1
H3576	Objc	H7307	1
H3576	Objc	H8267	1
H3576	Subj	H4325	1
H3576	Subj	H5707	1
H3576	Subj	H8431	1
H3582	Cmpl	H0001	1
H3582	Cmpl	H0113	1
H3582	Cmpl	H0259	1
H3582	Cmpl	H0776	1
H3582	Cmpl	H1121	1
H3582	Cmpl	H3392	1
H3582	Cmpl	H4428	1
H3582	Cmpl	H6951	1
H3582	Cmpl	H7227	1
H3582	Objc	H0561	1
H3582	Objc	H0571	1
H3582	Objc	H1368	1
H3582	Objc	H2428	1
H3582	Objc	H2617	1
H3582	Objc	H4264	1
H3582	Objc	H4428	1
H3582	Objc	H5057	1
H3582	Objc	H6918	1
H3582	Objc	H8269	1
H3582	Subj	H0819	1
H3582	Subj	H1697	1
H3582	Subj	H3477	1
H3582	Subj	H3605	1
H3582	Subj	H6108	1
H3582	Subj	H7009	1
H3583	Objc	H5869	1
H3584	Cmpl	H0413	1
H3584	Cmpl	H0430	1
H3584	Cmpl	H1498	1
H3584	Cmpl	H3027	1
H3584	Cmpl	H4605	1
H3584	Cmpl	H5997	1
H3584	Cmpl	H6487	1
H3584	Cmpl	H8667	1
H3584	Subj	H1320	1
H3584	Subj	H2132	1
H3584	Subj	H4639	1
H3584	Subj	H8130	1
H3584	Subj	H8492	1
H3607	Cmpl	H0734	1
H3607	Cmpl	H1004	1
H3607	Cmpl	H2919	1
H3607	Cmpl	H3605	1
H3607	Cmpl	H7451	1
H3607	Cmpl	H8064	1
H3607	Objc	H1121	1
H3607	Objc	H2981	1
H3607	Objc	H6913	1
H3607	Objc	H7272	1
H3607	Objc	H7307	1
H3607	Objc	H8193	1
H3607	Subj	H0776	1
H3607	Subj	H1653	1
H3607	Subj	H4325	1
H3607	Subj	H5971	1
H3607	Subj	H7227	1
H3607	Subj	H8064	1
H3637	Cmpl	H1870	1
H3637	Cmpl	H3605	1
H3637	Cmpl	H5771	1
H3637	Objc	H0001	1
H3637	Subj	H3548	1
H3637	Subj	H3878	1
H3637	Subj	H7453	1
H3642	Subj	H1320	1
H3648	Cmpl	H0251	1
H3648	Cmpl	H1121	1
H3648	Subj	H5785	1
H3664	Objc	H0068	1
H3664	Objc	H1616	1
H3664	Objc	H2091	1
H3664	Objc	H3064	1
H3664	Objc	H3548	1
H3664	Objc	H3605	1
H3664	Objc	H3701	1
H3664	Objc	H3878	1
H3664	Objc	H4082	1
H3664	Objc	H4428	1
H3664	Objc	H4521	1
H3664	Objc	H5080	1
H3664	Objc	H5459	1
H3664	Objc	H8451	1
H3665	Cmpl	H0001	1
H3665	Cmpl	H3027	1
H3665	Cmpl	H5030	1
H3665	Cmpl	H6310	1
H3665	Cmpl	H8478	1
H3665	Objc	H0776	1
H3665	Objc	H2721	1
H3665	Objc	H3427	1
H3665	Objc	H3605	1
H3665	Objc	H3669	1
H3665	Objc	H3820	1
H3665	Objc	H4428	1
H3665	Subj	H0001	1
H3665	Subj	H0376	1
H3665	Subj	H0430	1
H3665	Subj	H3824	1
H3665	Subj	H4428	1
H3665	Subj	H5971	1
H3665	Subj	H6189	1
H3665	Subj	H6430	1
H3665	Subj	H8269	1
H3673	Cmpl	H0148	1
H3673	Cmpl	H1411	1
H3673	Cmpl	H1884	1
H3673	Cmpl	H3605	1
H3673	Cmpl	H4082	1
H3673	Cmpl	H5461	1
H3673	Cmpl	H6346	1
H3673	Cmpl	H7985	1
H3673	Cmpl	H8614	1
H3680	Cmpl	H0727	1
H3680	Cmpl	H0905	1
H3680	Cmpl	H1397	1
H3680	Cmpl	H1530	1
H3680	Cmpl	H1995	1
H3680	Cmpl	H2026	1
H3680	Cmpl	H2460	1
H3680	Cmpl	H2822	1
H3680	Cmpl	H3220	1
H3680	Cmpl	H3605	1
H3680	Cmpl	H3709	1
H3680	Cmpl	H3820	1
H3680	Cmpl	H3830	1
H3680	Cmpl	H4605	1
H3680	Cmpl	H4860	1
H3680	Cmpl	H5713	1
H3680	Cmpl	H5771	1
H3680	Cmpl	H6440	1
H3680	Cmpl	H6588	1
H3680	Cmpl	H6757	1
H3680	Cmpl	H6809	1
H3680	Cmpl	H8432	1
H3680	Objc	H0001	1
H3680	Objc	H0216	1
H3680	Objc	H0341	1
H3680	Objc	H0652	1
H3680	Objc	H0727	1
H3680	Objc	H0853	1
H3680	Objc	H0899	1
H3680	Objc	H1465	1
H3680	Objc	H2022	1
H3680	Objc	H2374	1
H3680	Objc	H2428	1
H3680	Objc	H2738	1
H3680	Objc	H3220	1
H3680	Objc	H3727	1
H3680	Objc	H3974	1
H3680	Objc	H4150	1
H3680	Objc	H4196	1
H3680	Objc	H4264	1
H3680	Objc	H4289	1
H3680	Objc	H4501	1
H3680	Objc	H4908	1
H3680	Objc	H5061	1
H3680	Objc	H5369	1
H3680	Objc	H5771	1
H3680	Objc	H5785	1
H3680	Objc	H6083	1
H3680	Objc	H6547	1
H3680	Objc	H6571	1
H3680	Objc	H6588	1
H3680	Objc	H6666	1
H3680	Objc	H6738	1
H3680	Objc	H6862	1
H3680	Objc	H7393	1
H3680	Objc	H8064	1
H3680	Objc	H8081	1
H3680	Objc	H8199	1
H3680	Objc	H8330	1
H3680	Objc	H8415	1
H3680	Subj	H0120	1
H3680	Subj	H0160	1
H3680	Subj	H0776	1
H3680	Subj	H0929	1
H3680	Subj	H1364	1
H3680	Subj	H1832	1
H3680	Subj	H2822	1
H3680	Subj	H3220	1
H3680	Subj	H3605	1
H3680	Subj	H3742	1
H3680	Subj	H4325	1
H3680	Subj	H6427	1
H3680	Subj	H6440	1
H3680	Subj	H7004	1
H3680	Subj	H7415	1
H3680	Subj	H8034	1
H3680	Subj	H8135	1
H3697	Objc	H7218	1
H3699	Cmpl	H7716	1
H3700	Cmpl	H0001	1
H3700	Cmpl	H1004	1
H3700	Cmpl	H3027	1
H3700	Cmpl	H4639	1
H3707	Cmpl	H3027	1
H3707	Cmpl	H4611	1
H3707	Cmpl	H4639	1
H3707	Cmpl	H7203	1
H3707	Objc	H0001	1
H3707	Objc	H3820	1
H3707	Objc	H5971	1
H3707	Objc	H7227	1
H3717	Objc	H3407	1
H3717	Objc	H8345	1
H3717	Subj	H2719	1
H3721	Cmpl	H0430	1
H3721	Cmpl	H4791	1
H3721	Objc	H7218	1
H3721	Subj	H5315	1
H3722	Cmpl	H0430	1
H3722	Cmpl	H0571	1
H3722	Cmpl	H1818	1
H3722	Cmpl	H2077	1
H3722	Cmpl	H2617	1
H3722	Cmpl	H2891	1
H3722	Cmpl	H3548	1
H3722	Cmpl	H3724	1
H3722	Cmpl	H3878	1
H3722	Cmpl	H4196	1
H3722	Cmpl	H5713	1
H3722	Cmpl	H5771	1
H3722	Cmpl	H6440	1
H3722	Cmpl	H6944	1
H3722	Cmpl	H7161	1
H3722	Cmpl	H7684	1
H3722	Objc	H0127	1
H3722	Objc	H1004	1
H3722	Objc	H4720	1
H3722	Objc	H5971	1
H3722	Objc	H6440	1
H3722	Subj	H1004	1
H3722	Subj	H1285	1
H3722	Subj	H1818	1
H3722	Subj	H2896	1
H3722	Subj	H4194	1
H3729	Cmpl	H3830	1
H3729	Cmpl	H5622	1
H3729	Subj	H1397	1
H3738	Cmpl	H5315	1
H3738	Cmpl	H6440	1
H3738	Cmpl	H7563	1
H3738	Objc	H0241	1
H3738	Objc	H0875	1
H3738	Subj	H0376	1
H3738	Subj	H2086	1
H3738	Subj	H5650	1
H3738	Subj	H7307	1
H3738	Subj	H7845	1
H3739	Cmpl	H7453	1
H3739	Objc	H4325	1
H3739	Subj	H2271	1
H3766	Cmpl	H0617	1
H3766	Cmpl	H1167	1
H3766	Cmpl	H2875	1
H3766	Cmpl	H6440	1
H3766	Objc	H0970	1
H3766	Subj	H0312	1
H3766	Subj	H1290	1
H3766	Subj	H3499	1
H3766	Subj	H4428	1
H3766	Subj	H5971	1
H3766	Subj	H6716	1
H3772	Cmpl	H0168	1
H3772	Cmpl	H0251	1
H3772	Cmpl	H0376	1
H3772	Cmpl	H0727	1
H3772	Cmpl	H0929	1
H3772	Cmpl	H0972	1
H3772	Cmpl	H1285	1
H3772	Cmpl	H2351	1
H3772	Cmpl	H2416	1
H3772	Cmpl	H2677	1
H3772	Cmpl	H3027	1
H3772	Cmpl	H3548	1
H3772	Cmpl	H3999	1
H3772	Cmpl	H4194	1
H3772	Cmpl	H4196	1
H3772	Cmpl	H4325	1
H3772	Cmpl	H4667	1
H3772	Cmpl	H5713	1
H3772	Cmpl	H5775	1
H3772	Cmpl	H5869	1
H3772	Cmpl	H6951	1
H3772	Cmpl	H6993	1
H3772	Cmpl	H7431	1
H3772	Cmpl	H7458	1
H3772	Cmpl	H7704	1
H3772	Cmpl	H8064	1
H3772	Cmpl	H8179	1
H3772	Objc	H0100	1
H3772	Objc	H0178	1
H3772	Objc	H0205	1
H3772	Objc	H0259	1
H3772	Objc	H0539	1
H3772	Objc	H0776	1
H3772	Objc	H0802	1
H3772	Objc	H0811	1
H3772	Objc	H1167	1
H3772	Objc	H1347	1
H3772	Objc	H1995	1
H3772	Objc	H2145	1
H3772	Objc	H2156	1
H3772	Objc	H2180	1
H3772	Objc	H2232	1
H3772	Objc	H2233	1
H3772	Objc	H2319	1
H3772	Objc	H2509	1
H3772	Objc	H2553	1
H3772	Objc	H2964	1
H3772	Objc	H3049	1
H3772	Objc	H3243	1
H3772	Objc	H3293	1
H3772	Objc	H3712	1
H3772	Objc	H3774	1
H3772	Objc	H3785	1
H3772	Objc	H4004	1
H3772	Objc	H4428	1
H3772	Objc	H4541	1
H3772	Objc	H4598	1
H3772	Objc	H4676	1
H3772	Objc	H4940	1
H3772	Objc	H5030	1
H3772	Objc	H5209	1
H3772	Objc	H5220	1
H3772	Objc	H5315	1
H3772	Objc	H5483	1
H3772	Objc	H5674	1
H3772	Objc	H5768	1
H3772	Objc	H5782	1
H3772	Objc	H5826	1
H3772	Objc	H5892	1
H3772	Objc	H5921	1
H3772	Objc	H6025	1
H3772	Objc	H6030	1
H3772	Objc	H6091	1
H3772	Objc	H6098	1
H3772	Objc	H6190	1
H3772	Objc	H6412	1
H3772	Objc	H6430	1
H3772	Objc	H6456	1
H3772	Objc	H6459	1
H3772	Objc	H6854	1
H3772	Objc	H6956	1
H3772	Objc	H7227	1
H3772	Objc	H7393	1
H3772	Objc	H7626	1
H3772	Objc	H7725	1
H3772	Objc	H7754	1
H3772	Objc	H8193	1
H3772	Objc	H8199	1
H3772	Objc	H8300	1
H3772	Subj	H0205	1
H3772	Subj	H0319	1
H3772	Subj	H0341	1
H3772	Subj	H0400	1
H3772	Subj	H0776	1
H3772	Subj	H0842	1
H3772	Subj	H1004	1
H3772	Subj	H1320	1
H3772	Subj	H2022	1
H3772	Subj	H2100	1
H3772	Subj	H2233	1
H3772	Subj	H2404	1
H3772	Subj	H2637	1
H3772	Subj	H3499	1
H3772	Subj	H3701	1
H3772	Subj	H3899	1
H3772	Subj	H3956	1
H3772	Subj	H4191	1
H3772	Subj	H4421	1
H3772	Subj	H4503	1
H3772	Subj	H4854	1
H3772	Subj	H4899	1
H3772	Subj	H5187	1
H3772	Subj	H5262	1
H3772	Subj	H5650	1
H3772	Subj	H6086	1
H3772	Subj	H6310	1
H3772	Subj	H6879	1
H3772	Subj	H6887	1
H3772	Subj	H6951	1
H3772	Subj	H7043	1
H3772	Subj	H7198	1
H3772	Subj	H7489	1
H3772	Subj	H7579	1
H3772	Subj	H8034	1
H3772	Subj	H8270	1
H3772	Subj	H8419	1
H3782	Cmpl	H0268	1
H3782	Cmpl	H1472	1
H3782	Cmpl	H1979	1
H3782	Cmpl	H6086	1
H3782	Cmpl	H7462	1
H3782	Objc	H1471	1
H3782	Objc	H3581	1
H3782	Objc	H7227	1
H3782	Subj	H0001	1
H3782	Subj	H0571	1
H3782	Subj	H0970	1
H3782	Subj	H1121	1
H3782	Subj	H1290	1
H3782	Subj	H2087	1
H3782	Subj	H5030	1
H3782	Subj	H5288	1
H3782	Subj	H5449	1
H3782	Subj	H5826	1
H3782	Subj	H7291	1
H3782	Subj	H7453	1
H3782	Subj	H7563	1
H3782	Subj	H7934	1
H3787	Cmpl	H4428	1
H3787	Cmpl	H6440	1
H3787	Subj	H1697	1
H3789	Cmpl	H0259	1
H3789	Cmpl	H0430	1
H3789	Cmpl	H0520	1
H3789	Cmpl	H0776	1
H3789	Cmpl	H1004	1
H3789	Cmpl	H1697	1
H3789	Cmpl	H1882	1
H3789	Cmpl	H3117	1
H3789	Cmpl	H3427	1
H3789	Cmpl	H3792	1
H3789	Cmpl	H3961	1
H3789	Cmpl	H3967	1
H3789	Cmpl	H4040	1
H3789	Cmpl	H5159	1
H3789	Cmpl	H6242	1
H3789	Cmpl	H6310	1
H3789	Cmpl	H7651	1
H3789	Cmpl	H8451	1
H3789	Objc	H0107	1
H3789	Objc	H0314	1
H3789	Objc	H0423	1
H3789	Objc	H1285	1
H3789	Objc	H1397	1
H3789	Objc	H1847	1
H3789	Objc	H2205	1
H3789	Objc	H2298	1
H3789	Objc	H2368	1
H3789	Objc	H2377	1
H3789	Objc	H2493	1
H3789	Objc	H2506	1
H3789	Objc	H3027	1
H3789	Objc	H3117	1
H3789	Objc	H3499	1
H3789	Objc	H4156	1
H3789	Objc	H4161	1
H3789	Objc	H4385	1
H3789	Objc	H5971	1
H3789	Objc	H6603	1
H3789	Objc	H7230	1
H3789	Objc	H7462	1
H3789	Objc	H7856	1
H3789	Objc	H7991	1
H3789	Objc	H8269	1
H3789	Objc	H8633	1
H3789	Subj	H0376	1
H3789	Subj	H1121	1
H3789	Subj	H1167	1
H3789	Subj	H1323	1
H3789	Subj	H2146	1
H3789	Subj	H2940	1
H3789	Subj	H3064	1
H3789	Subj	H3548	1
H3789	Subj	H3674	1
H3789	Subj	H4405	1
H3789	Subj	H4428	1
H3789	Subj	H4436	1
H3789	Subj	H4948	1
H3789	Subj	H5030	1
H3789	Subj	H5493	1
H3789	Subj	H5608	1
H3789	Subj	H5612	1
H3789	Subj	H7379	1
H3789	Subj	H7605	1
H3803	Objc	H1847	1
H3803	Subj	H6175	1
H3803	Subj	H6662	1
H3806	Objc	H0191	1
H3807	Cmpl	H2719	1
H3807	Objc	H0776	1
H3807	Objc	H0853	1
H3807	Objc	H5175	1
H3807	Objc	H5178	1
H3807	Objc	H6456	1
H3807	Objc	H6862	1
H3807	Subj	H1368	1
H3807	Subj	H3605	1
H3807	Subj	H6456	1
H3807	Subj	H8179	1
H3832	Subj	H5971	1
H3847	Cmpl	H1320	1
H3847	Cmpl	H2513	1
H3847	Cmpl	H3027	1
H3847	Cmpl	H6677	1
H3847	Cmpl	H8077	1
H3847	Objc	H0060	1
H3847	Objc	H0155	1
H3847	Objc	H0251	1
H3847	Objc	H0341	1
H3847	Objc	H0376	1
H3847	Objc	H0491	1
H3847	Objc	H0665	1
H3847	Objc	H0802	1
H3847	Objc	H1348	1
H3847	Objc	H1423	1
H3847	Objc	H1487	1
H3847	Objc	H2731	1
H3847	Objc	H2833	1
H3847	Objc	H4370	1
H3847	Objc	H4438	1
H3847	Objc	H5359	1
H3847	Objc	H5785	1
H3847	Objc	H5795	1
H3847	Objc	H6083	1
H3847	Objc	H6629	1
H3847	Objc	H6666	1
H3847	Objc	H6677	1
H3847	Objc	H6940	1
H3847	Objc	H6996	1
H3847	Objc	H7045	1
H3847	Objc	H7218	1
H3847	Objc	H7415	1
H3847	Objc	H7484	1
H3847	Objc	H7991	1
H3847	Objc	H8064	1
H3847	Objc	H8144	1
H3847	Objc	H8162	1
H3847	Objc	H8181	1
H3847	Objc	H8337	1
H3847	Objc	H8516	1
H3847	Objc	H8597	1
H3847	Objc	H8668	1
H3847	Subj	H0430	1
H3847	Subj	H0606	1
H3847	Subj	H1320	1
H3847	Subj	H1323	1
H3847	Subj	H1330	1
H3847	Subj	H1397	1
H3847	Subj	H3605	1
H3847	Subj	H3733	1
H3847	Subj	H5124	1
H3847	Subj	H5387	1
H3847	Subj	H6662	1
H3847	Subj	H8130	1
H3857	Objc	H1513	1
H3857	Objc	H3605	1
H3857	Objc	H4146	1
H3857	Objc	H6086	1
H3857	Objc	H6862	1
H3857	Objc	H7563	1
H3857	Objc	H7704	1
H3857	Subj	H0935	1
H3857	Subj	H3117	1
H3857	Subj	H5315	1
H3867	Objc	H1285	1
H3867	Objc	H1471	1
H3867	Objc	H5769	1
H3867	Objc	H5971	1
H3867	Objc	H6041	1
H3867	Objc	H7227	1
H3867	Subj	H0376	1
H3867	Subj	H1471	1
H3867	Subj	H1616	1
H3885	Cmpl	H0430	1
H3885	Cmpl	H0996	1
H3885	Cmpl	H1242	1
H3885	Cmpl	H3724	1
H3885	Cmpl	H3730	1
H3885	Cmpl	H4264	1
H3885	Cmpl	H5387	1
H3885	Cmpl	H5439	1
H3885	Cmpl	H6160	1
H3885	Cmpl	H6738	1
H3885	Cmpl	H7105	1
H3885	Cmpl	H7130	1
H3885	Cmpl	H7699	1
H3885	Cmpl	H8242	1
H3885	Objc	H3605	1
H3885	Objc	H4411	1
H3885	Objc	H5713	1
H3885	Objc	H6174	1
H3885	Subj	H0120	1
H3885	Subj	H0205	1
H3885	Subj	H0241	1
H3885	Subj	H1065	1
H3885	Subj	H1616	1
H3885	Subj	H2077	1
H3885	Subj	H2460	1
H3885	Subj	H2919	1
H3885	Subj	H4284	1
H3885	Subj	H4376	1
H3885	Subj	H4465	1
H3885	Subj	H4879	1
H3885	Subj	H5038	1
H3885	Subj	H5288	1
H3885	Subj	H5315	1
H3885	Subj	H5797	1
H3885	Subj	H5869	1
H3885	Subj	H6453	1
H3885	Subj	H6468	1
H3885	Subj	H6664	1
H3885	Subj	H6893	1
H3885	Subj	H7088	1
H3885	Subj	H7649	1
H3885	Subj	H7916	1
H3887	Objc	H0191	1
H3887	Objc	H4941	1
H3887	Subj	H0817	1
H3887	Subj	H1100	1
H3887	Subj	H5707	1
H3888	Objc	H1217	1
H3888	Objc	H5429	1
H3888	Objc	H5560	1
H3888	Objc	H7058	1
H3897	Objc	H3418	1
H3897	Objc	H3605	1
H3897	Objc	H4325	1
H3897	Objc	H5439	1
H3897	Objc	H7272	1
H3897	Objc	H7704	1
H3897	Subj	H0341	1
H3897	Subj	H6951	1
H3897	Subj	H7794	1
H3898	Cmpl	H0001	1
H3898	Cmpl	H0430	1
H3898	Cmpl	H0776	1
H3898	Cmpl	H0802	1
H3898	Cmpl	H1237	1
H3898	Cmpl	H1323	1
H3898	Cmpl	H1471	1
H3898	Cmpl	H3605	1
H3898	Cmpl	H3899	1
H3898	Cmpl	H5892	1
H3898	Cmpl	H6828	1
H3898	Cmpl	H7223	1
H3898	Cmpl	H8269	1
H3898	Objc	H5869	1
H3898	Objc	H7451	1
H3898	Objc	H7562	1
H3898	Subj	H0001	1
H3898	Subj	H0567	1
H3898	Subj	H1167	1
H3898	Subj	H1622	1
H3898	Subj	H2340	1
H3898	Subj	H2850	1
H3898	Subj	H2983	1
H3898	Subj	H3556	1
H3898	Subj	H3669	1
H3898	Subj	H4428	1
H3898	Subj	H6522	1
H3905	Cmpl	H2022	1
H3905	Objc	H1616	1
H3905	Objc	H7272	1
H3905	Subj	H0567	1
H3905	Subj	H6722	1
H3913	Objc	H2719	1
H3913	Objc	H5869	1
H3913	Subj	H6862	1
H3920	Cmpl	H0561	1
H3920	Cmpl	H0802	1
H3920	Cmpl	H1942	1
H3920	Cmpl	H2022	1
H3920	Cmpl	H6310	1
H3920	Cmpl	H7568	1
H3920	Cmpl	H7825	1
H3920	Objc	H0127	1
H3920	Objc	H0776	1
H3920	Objc	H1219	1
H3920	Objc	H2227	1
H3920	Objc	H2332	1
H3920	Objc	H4014	1
H3920	Objc	H4694	1
H3920	Objc	H4940	1
H3920	Objc	H5288	1
H3920	Objc	H7227	1
H3920	Objc	H7393	1
H3920	Objc	H7776	1
H3920	Objc	H8082	1
H3920	Objc	H8269	1
H3920	Subj	H0001	1
H3920	Subj	H0376	1
H3920	Subj	H0639	1
H3920	Subj	H0693	1
H3920	Subj	H1368	1
H3920	Subj	H2398	1
H3920	Subj	H4294	1
H3920	Subj	H4309	1
H3920	Subj	H4428	1
H3920	Subj	H4899	1
H3920	Subj	H4940	1
H3920	Subj	H6440	1
H3920	Subj	H7151	1
H3920	Subj	H7272	1
H3920	Subj	H7307	1
H3920	Subj	H8415	1
H3925	Cmpl	H0413	1
H3925	Cmpl	H1471	1
H3925	Cmpl	H1870	1
H3925	Cmpl	H5971	1
H3925	Objc	H0441	1
H3925	Objc	H1323	1
H3925	Objc	H2451	1
H3925	Objc	H3948	1
H3925	Objc	H3956	1
H3925	Objc	H4639	1
H3925	Objc	H4687	1
H3925	Objc	H5092	1
H3925	Objc	H6035	1
H3925	Objc	H7198	1
H3925	Objc	H7462	1
H3925	Subj	H3427	1
H3925	Subj	H7279	1
H3925	Subj	H8398	1
H3943	Objc	H5982	1
H3943	Objc	H8147	1
H3943	Objc	H8432	1
H3943	Subj	H0734	1
H3943	Subj	H1870	1
H3947	Cmpl	H0068	1
H3947	Cmpl	H0120	1
H3947	Cmpl	H0127	1
H3947	Cmpl	H0269	1
H3947	Cmpl	H0505	1
H3947	Cmpl	H0644	1
H3947	Cmpl	H0681	1
H3947	Cmpl	H0730	1
H3947	Cmpl	H0899	1
H3947	Cmpl	H1167	1
H3947	Cmpl	H1241	1
H3947	Cmpl	H1285	1
H3947	Cmpl	H1368	1
H3947	Cmpl	H1473	1
H3947	Cmpl	H1534	1
H3947	Cmpl	H1706	1
H3947	Cmpl	H2077	1
H3947	Cmpl	H2132	1
H3947	Cmpl	H2173	1
H3947	Cmpl	H2346	1
H3947	Cmpl	H2392	1
H3947	Cmpl	H2416	1
H3947	Cmpl	H2436	1
H3947	Cmpl	H2543	1
H3947	Cmpl	H2691	1
H3947	Cmpl	H2789	1
H3947	Cmpl	H2879	1
H3947	Cmpl	H2891	1
H3947	Cmpl	H2930	1
H3947	Cmpl	H3196	1
H3947	Cmpl	H3225	1
H3947	Cmpl	H3324	1
H3947	Cmpl	H3409	1
H3947	Cmpl	H3532	1
H3947	Cmpl	H3548	1
H3947	Cmpl	H3627	1
H3947	Cmpl	H3742	1
H3947	Cmpl	H3824	1
H3947	Cmpl	H3849	1
H3947	Cmpl	H3878	1
H3947	Cmpl	H3967	1
H3947	Cmpl	H3978	1
H3947	Cmpl	H3996	1
H3947	Cmpl	H4217	1
H3947	Cmpl	H4294	1
H3947	Cmpl	H4378	1
H3947	Cmpl	H4394	1
H3947	Cmpl	H4410	1
H3947	Cmpl	H4438	1
H3947	Cmpl	H4682	1
H3947	Cmpl	H4940	1
H3947	Cmpl	H4941	1
H3947	Cmpl	H5030	1
H3947	Cmpl	H5158	1
H3947	Cmpl	H5159	1
H3947	Cmpl	H5288	1
H3947	Cmpl	H5355	1
H3947	Cmpl	H5483	1
H3947	Cmpl	H5536	1
H3947	Cmpl	H5713	1
H3947	Cmpl	H5768	1
H3947	Cmpl	H5771	1
H3947	Cmpl	H5775	1
H3947	Cmpl	H5795	1
H3947	Cmpl	H6086	1
H3947	Cmpl	H6115	1
H3947	Cmpl	H6189	1
H3947	Cmpl	H6310	1
H3947	Cmpl	H6547	1
H3947	Cmpl	H6629	1
H3947	Cmpl	H6677	1
H3947	Cmpl	H6718	1
H3947	Cmpl	H6788	1
H3947	Cmpl	H6913	1
H3947	Cmpl	H7130	1
H3947	Cmpl	H7225	1
H3947	Cmpl	H7311	1
H3947	Cmpl	H7523	1
H3947	Cmpl	H7546	1
H3947	Cmpl	H7604	1
H3947	Cmpl	H7626	1
H3947	Cmpl	H7628	1
H3947	Cmpl	H7992	1
H3947	Cmpl	H7998	1
H3947	Cmpl	H8002	1
H3947	Cmpl	H8147	1
H3947	Cmpl	H8163	1
H3947	Cmpl	H8269	1
H3947	Cmpl	H8316	1
H3947	Objc	H0092	1
H3947	Objc	H0117	1
H3947	Objc	H0122	1
H3947	Objc	H0196	1
H3947	Objc	H0374	1
H3947	Objc	H0400	1
H3947	Objc	H0520	1
H3947	Objc	H0665	1
H3947	Objc	H0685	1
H3947	Objc	H0713	1
H3947	Objc	H0817	1
H3947	Objc	H1060	1
H3947	Objc	H1062	1
H3947	Objc	H1167	1
H3947	Objc	H1215	1
H3947	Objc	H1217	1
H3947	Objc	H1228	1
H3947	Objc	H1234	1
H3947	Objc	H1247	1
H3947	Objc	H1270	1
H3947	Objc	H1303	1
H3947	Objc	H1310	1
H3947	Objc	H1311	1
H3947	Objc	H1317	1
H3947	Objc	H1331	1
H3947	Objc	H1366	1
H3947	Objc	H1469	1
H3947	Objc	H1471	1
H3947	Objc	H1481	1
H3947	Objc	H1513	1
H3947	Objc	H1549	1
H3947	Objc	H1573	1
H3947	Objc	H1644	1
H3947	Objc	H1651	1
H3947	Objc	H1690	1
H3947	Objc	H1706	1
H3947	Objc	H1733	1
H3947	Objc	H1736	1
H3947	Objc	H1764	1
H3947	Objc	H1847	1
H3947	Objc	H1865	1
H3947	Objc	H1870	1
H3947	Objc	H1995	1
H3947	Objc	H2077	1
H3947	Objc	H2114	1
H3947	Objc	H2145	1
H3947	Objc	H2181	1
H3947	Objc	H2220	1
H3947	Objc	H2256	1
H3947	Objc	H2298	1
H3947	Objc	H2332	1
H3947	Objc	H2406	1
H3947	Objc	H2464	1
H3947	Objc	H2487	1
H3947	Objc	H2491	1
H3947	Objc	H2506	1
H3947	Objc	H2529	1
H3947	Objc	H2532	1
H3947	Objc	H2534	1
H3947	Objc	H2573	1
H3947	Objc	H2633	1
H3947	Objc	H2651	1
H3947	Objc	H2677	1
H3947	Objc	H2706	1
H3947	Objc	H2764	1
H3947	Objc	H2781	1
H3947	Objc	H2789	1
H3947	Objc	H2878	1
H3947	Objc	H2889	1
H3947	Objc	H2924	1
H3947	Objc	H2935	1
H3947	Objc	H2940	1
H3947	Objc	H2945	1
H3947	Objc	H2994	1
H3947	Objc	H3018	1
H3947	Objc	H3045	1
H3947	Objc	H3173	1
H3947	Objc	H3207	1
H3947	Objc	H3211	1
H3947	Objc	H3366	1
H3947	Objc	H3571	1
H3947	Objc	H3618	1
H3947	Objc	H3712	1
H3947	Objc	H3718	1
H3947	Objc	H3725	1
H3947	Objc	H3801	1
H3947	Objc	H3820	1
H3947	Objc	H3828	1
H3947	Objc	H3839	1
H3947	Objc	H3843	1
H3947	Objc	H3870	1
H3947	Objc	H3892	1
H3947	Objc	H3940	1
H3947	Objc	H3956	1
H3947	Objc	H3966	1
H3947	Objc	H3974	1
H3947	Objc	H3976	1
H3947	Objc	H4005	1
H3947	Objc	H4057	1
H3947	Objc	H4133	1
H3947	Objc	H4150	1
H3947	Objc	H4170	1
H3947	Objc	H4227	1
H3947	Objc	H4276	1
H3947	Objc	H4345	1
H3947	Objc	H4394	1
H3947	Objc	H4410	1
H3947	Objc	H4417	1
H3947	Objc	H4421	1
H3947	Objc	H4455	1
H3947	Objc	H4467	1
H3947	Objc	H4501	1
H3947	Objc	H4518	1
H3947	Objc	H4557	1
H3947	Objc	H4602	1
H3947	Objc	H4639	1
H3947	Objc	H4643	1
H3947	Objc	H4668	1
H3947	Objc	H4713	1
H3947	Objc	H4723	1
H3947	Objc	H4753	1
H3947	Objc	H4828	1
H3947	Objc	H4836	1
H3947	Objc	H4864	1
H3947	Objc	H4904	1
H3947	Objc	H4938	1
H3947	Objc	H4940	1
H3947	Objc	H4948	1
H3947	Objc	H4958	1
H3947	Objc	H4964	1
H3947	Objc	H4979	1
H3947	Objc	H5045	1
H3947	Objc	H5059	1
H3947	Objc	H5141	1
H3947	Objc	H5158	1
H3947	Objc	H5198	1
H3947	Objc	H5278	1
H3947	Objc	H5350	1
H3947	Objc	H5359	1
H3947	Objc	H5360	1
H3947	Objc	H5429	1
H3947	Objc	H5536	1
H3947	Objc	H5687	1
H3947	Objc	H5688	1
H3947	Objc	H5742	1
H3947	Objc	H5763	1
H3947	Objc	H5979	1
H3947	Objc	H6025	1
H3947	Objc	H6057	1
H3947	Objc	H6083	1
H3947	Objc	H6161	1
H3947	Objc	H6162	1
H3947	Objc	H6196	1
H3947	Objc	H6213	1
H3947	Objc	H6241	1
H3947	Objc	H6242	1
H3947	Objc	H6306	1
H3947	Objc	H6310	1
H3947	Objc	H6430	1
H3947	Objc	H6438	1
H3947	Objc	H6486	1
H3947	Objc	H6529	1
H3947	Objc	H6547	1
H3947	Objc	H6722	1
H3947	Objc	H6746	1
H3947	Objc	H6763	1
H3947	Objc	H6788	1
H3947	Objc	H6803	1
H3947	Objc	H6809	1
H3947	Objc	H6828	1
H3947	Objc	H6864	1
H3947	Objc	H6872	1
H3947	Objc	H6887	1
H3947	Objc	H6918	1
H3947	Objc	H6975	1
H3947	Objc	H7068	1
H3947	Objc	H7070	1
H3947	Objc	H7076	1
H3947	Objc	H7134	1
H3947	Objc	H7225	1
H3947	Objc	H7227	1
H3947	Objc	H7233	1
H3947	Objc	H7307	1
H3947	Objc	H7326	1
H3947	Objc	H7347	1
H3947	Objc	H7390	1
H3947	Objc	H7395	1
H3947	Objc	H7420	1
H3947	Objc	H7458	1
H3947	Objc	H7459	1
H3947	Objc	H7550	1
H3947	Objc	H7553	1
H3947	Objc	H7704	1
H3947	Objc	H7716	1
H3947	Objc	H7718	1
H3947	Objc	H7720	1
H3947	Objc	H7782	1
H3947	Objc	H7827	1
H3947	Objc	H7992	1
H3947	Objc	H7998	1
H3947	Objc	H8071	1
H3947	Objc	H8102	1
H3947	Objc	H8181	1
H3947	Objc	H8184	1
H3947	Objc	H8335	1
H3947	Objc	H8384	1
H3947	Objc	H8392	1
H3947	Objc	H8401	1
H3947	Objc	H8559	1
H3947	Objc	H8573	1
H3947	Objc	H8596	1
H3947	Objc	H8605	1
H3947	Objc	H8645	1
H3947	Objc	H8653	1
H3947	Subj	H0113	1
H3947	Subj	H0251	1
H3947	Subj	H0312	1
H3947	Subj	H1167	1
H3947	Subj	H1270	1
H3947	Subj	H1368	1
H3947	Subj	H1893	1
H3947	Subj	H2184	1
H3947	Subj	H2450	1
H3947	Subj	H3196	1
H3947	Subj	H3205	1
H3947	Subj	H3820	1
H3947	Subj	H4325	1
H3947	Subj	H4455	1
H3947	Subj	H4592	1
H3947	Subj	H4899	1
H3947	Subj	H5030	1
H3947	Subj	H5031	1
H3947	Subj	H5291	1
H3947	Subj	H5387	1
H3947	Subj	H6086	1
H3947	Subj	H6635	1
H3947	Subj	H7045	1
H3947	Subj	H7563	1
H3947	Subj	H7626	1
H3947	Subj	H7628	1
H3947	Subj	H7934	1
H3947	Subj	H8492	1
H3950	Cmpl	H7641	1
H3950	Cmpl	H7668	1
H3950	Objc	H0068	1
H3950	Objc	H0259	1
H3950	Objc	H2671	1
H3950	Objc	H3605	1
H3950	Objc	H3701	1
H3950	Objc	H3754	1
H3950	Objc	H3899	1
H3950	Objc	H4932	1
H3950	Objc	H6528	1
H3950	Objc	H7704	1
H3950	Objc	H7799	1
H3950	Objc	H8147	1
H3950	Subj	H0376	1
H3950	Subj	H5288	1
H3950	Subj	H7386	1
H3952	Cmpl	H4325	1
H3952	Cmpl	H4725	1
H3985	Cmpl	H8451	1
H3985	Subj	H0376	1
H3985	Subj	H2993	1
H3985	Subj	H3027	1
H3985	Subj	H4436	1
H3985	Subj	H5971	1
H3988	Cmpl	H0168	1
H3988	Cmpl	H0776	1
H3988	Cmpl	H1697	1
H3988	Cmpl	H2532	1
H3988	Cmpl	H2708	1
H3988	Cmpl	H4009	1
H3988	Objc	H0001	1
H3988	Objc	H0430	1
H3988	Objc	H0519	1
H3988	Objc	H1004	1
H3988	Objc	H1285	1
H3988	Objc	H1847	1
H3988	Objc	H2091	1
H3988	Objc	H2233	1
H3988	Objc	H2282	1
H3988	Objc	H2416	1
H3988	Objc	H2706	1
H3988	Objc	H2708	1
H3988	Objc	H3018	1
H3988	Objc	H3701	1
H3988	Objc	H3709	1
H3988	Objc	H4325	1
H3988	Objc	H5715	1
H3988	Objc	H6635	1
H3988	Objc	H7451	1
H3988	Objc	H8451	1
H3988	Objc	H8535	1
H3988	Subj	H0413	1
H3988	Subj	H1129	1
H3988	Subj	H5760	1
H3988	Subj	H5971	1
H4042	Cmpl	H3027	1
H4042	Objc	H6862	1
H4058	Cmpl	H3206	1
H4058	Cmpl	H5892	1
H4058	Objc	H0520	1
H4058	Objc	H0776	1
H4058	Objc	H1508	1
H4058	Objc	H2256	1
H4058	Objc	H2351	1
H4058	Objc	H3967	1
H4058	Objc	H4325	1
H4058	Objc	H5592	1
H4058	Objc	H6235	1
H4058	Objc	H6242	1
H4058	Objc	H6442	1
H4058	Objc	H6468	1
H4058	Objc	H6828	1
H4058	Objc	H6924	1
H4058	Objc	H7023	1
H4058	Objc	H7070	1
H4058	Objc	H7223	1
H4058	Objc	H8147	1
H4058	Objc	H8184	1
H4058	Objc	H8337	1
H4058	Objc	H8481	1
H4058	Objc	H8508	1
H4058	Subj	H2344	1
H4058	Subj	H3220	1
H4058	Subj	H6153	1
H4058	Subj	H8064	1
H4127	Subj	H1964	1
H4127	Subj	H1995	1
H4127	Subj	H3820	1
H4127	Subj	H5315	1
H4131	Objc	H0205	1
H4131	Subj	H1285	1
H4131	Subj	H1389	1
H4131	Subj	H1513	1
H4131	Subj	H2022	1
H4131	Subj	H3027	1
H4131	Subj	H3605	1
H4131	Subj	H4146	1
H4131	Subj	H4467	1
H4131	Subj	H6471	1
H4131	Subj	H6662	1
H4131	Subj	H7965	1
H4131	Subj	H8330	1
H4134	Cmpl	H6187	1
H4135	Cmpl	H1389	1
H4135	Cmpl	H6190	1
H4135	Objc	H1320	1
H4135	Objc	H2233	1
H4135	Objc	H3117	1
H4135	Objc	H8083	1
H4135	Subj	H0376	1
H4135	Subj	H0430	1
H4135	Subj	H1755	1
H4135	Subj	H3318	1
H4135	Subj	H5892	1
H4135	Subj	H5971	1
H4135	Subj	H8179	1
H4171	Cmpl	H0929	1
H4171	Cmpl	H7036	1
H4171	Cmpl	H7794	1
H4171	Cmpl	H8403	1
H4171	Objc	H0929	1
H4171	Objc	H2506	1
H4171	Objc	H5971	1
H4171	Subj	H0776	1
H4171	Subj	H5971	1
H4171	Subj	H7381	1
H4185	Cmpl	H0168	1
H4185	Cmpl	H1004	1
H4185	Cmpl	H4264	1
H4185	Cmpl	H4725	1
H4185	Cmpl	H6440	1
H4185	Cmpl	H6828	1
H4185	Cmpl	H7130	1
H4185	Cmpl	H7339	1
H4185	Cmpl	H8432	1
H4185	Objc	H0776	1
H4185	Objc	H5771	1
H4185	Objc	H6677	1
H4185	Subj	H0727	1
H4185	Subj	H1121	1
H4185	Subj	H1285	1
H4185	Subj	H1697	1
H4185	Subj	H2617	1
H4185	Subj	H2677	1
H4185	Subj	H2706	1
H4185	Subj	H2964	1
H4185	Subj	H3489	1
H4185	Subj	H4820	1
H4185	Subj	H5288	1
H4185	Subj	H5612	1
H4185	Subj	H5982	1
H4185	Subj	H6051	1
H4185	Subj	H7307	1
H4185	Subj	H7462	1
H4185	Subj	H8334	1
H4185	Subj	H8451	1
H4185	Subj	H8496	1
H4191	Cmpl	H0068	1
H4191	Cmpl	H1259	1
H4191	Cmpl	H2491	1
H4191	Cmpl	H2637	1
H4191	Cmpl	H3027	1
H4191	Cmpl	H3820	1
H4191	Cmpl	H4421	1
H4191	Cmpl	H5766	1
H4191	Cmpl	H5771	1
H4191	Cmpl	H7358	1
H4191	Cmpl	H7563	1
H4191	Objc	H0251	1
H4191	Objc	H0517	1
H4191	Objc	H0990	1
H4191	Objc	H1581	1
H4191	Objc	H1710	1
H4191	Objc	H2543	1
H4191	Objc	H2568	1
H4191	Objc	H3243	1
H4191	Objc	H3548	1
H4191	Objc	H4194	1
H4191	Objc	H4261	1
H4191	Objc	H4735	1
H4191	Objc	H4899	1
H4191	Objc	H5221	1
H4191	Objc	H5288	1
H4191	Objc	H5315	1
H4191	Objc	H5650	1
H4191	Objc	H5892	1
H4191	Objc	H5921	1
H4191	Objc	H6189	1
H4191	Objc	H6601	1
H4191	Objc	H6635	1
H4191	Objc	H6662	1
H4191	Objc	H6951	1
H4191	Objc	H7716	1
H4191	Objc	H7794	1
H4191	Objc	H8083	1
H4191	Objc	H8147	1
H4191	Objc	H8269	1
H4191	Objc	H8330	1
H4191	Subj	H0113	1
H4191	Subj	H0127	1
H4191	Subj	H0191	1
H4191	Subj	H0314	1
H4191	Subj	H0776	1
H4191	Subj	H0959	1
H4191	Subj	H0970	1
H4191	Subj	H1060	1
H4191	Subj	H1165	1
H4191	Subj	H1167	1
H4191	Subj	H1350	1
H4191	Subj	H1368	1
H4191	Subj	H1419	1
H4191	Subj	H1503	1
H4191	Subj	H1569	1
H4191	Subj	H1590	1
H4191	Subj	H1616	1
H4191	Subj	H1697	1
H4191	Subj	H1755	1
H4191	Subj	H1818	1
H4191	Subj	H1870	1
H4191	Subj	H2075	1
H4191	Subj	H2400	1
H4191	Subj	H2451	1
H4191	Subj	H2472	1
H4191	Subj	H2492	1
H4191	Subj	H2526	1
H4191	Subj	H2677	1
H4191	Subj	H2945	1
H4191	Subj	H3243	1
H4191	Subj	H3427	1
H4191	Subj	H3627	1
H4191	Subj	H3820	1
H4191	Subj	H3967	1
H4191	Subj	H4026	1
H4191	Subj	H4421	1
H4191	Subj	H4735	1
H4191	Subj	H4768	1
H4191	Subj	H5221	1
H4191	Subj	H5341	1
H4191	Subj	H5375	1
H4191	Subj	H6553	1
H4191	Subj	H6629	1
H4191	Subj	H6635	1
H4191	Subj	H6854	1
H4191	Subj	H6996	1
H4191	Subj	H7068	1
H4191	Subj	H7227	1
H4191	Subj	H7350	1
H4191	Subj	H7462	1
H4191	Subj	H7604	1
H4191	Subj	H7651	1
H4191	Subj	H7992	1
H4191	Subj	H8269	1
H4191	Subj	H8337	1
H4191	Subj	H8438	1
H4229	Cmpl	H0776	1
H4229	Cmpl	H2416	1
H4229	Cmpl	H3220	1
H4229	Cmpl	H3605	1
H4229	Cmpl	H3802	1
H4229	Cmpl	H4325	1
H4229	Cmpl	H4751	1
H4229	Cmpl	H5612	1
H4229	Objc	H0120	1
H4229	Objc	H1832	1
H4229	Objc	H2617	1
H4229	Objc	H4428	1
H4229	Objc	H5771	1
H4229	Objc	H6310	1
H4229	Objc	H6747	1
H4229	Subj	H0517	1
H4229	Subj	H2781	1
H4229	Subj	H4639	1
H4229	Subj	H7626	1
H4272	Objc	H0341	1
H4272	Objc	H0776	1
H4272	Objc	H1121	1
H4272	Objc	H2671	1
H4272	Objc	H3605	1
H4272	Objc	H4428	1
H4272	Objc	H6285	1
H4272	Objc	H6965	1
H4272	Objc	H6979	1
H4272	Objc	H7227	1
H4272	Objc	H7272	1
H4272	Objc	H8130	1
H4272	Objc	H8352	1
H4272	Subj	H0430	1
H4272	Subj	H3225	1
H4277	Objc	H7218	1
H4291	Cmpl	H1356	1
H4291	Cmpl	H3117	1
H4291	Cmpl	H4756	1
H4291	Cmpl	H6267	1
H4291	Subj	H2166	1
H4291	Subj	H3605	1
H4305	Cmpl	H0102	1
H4305	Cmpl	H4057	1
H4305	Cmpl	H5971	1
H4305	Cmpl	H7227	1
H4305	Cmpl	H7563	1
H4305	Objc	H0068	1
H4305	Objc	H0417	1
H4305	Objc	H1259	1
H4305	Objc	H1653	1
H4305	Objc	H4306	1
H4305	Objc	H4478	1
H4305	Objc	H6341	1
H4305	Objc	H7607	1
H4305	Objc	H7857	1
H4305	Subj	H0259	1
H4305	Subj	H0430	1
H4305	Subj	H2513	1
H4355	Subj	H4746	1
H4376	Cmpl	H0272	1
H4376	Cmpl	H0312	1
H4376	Cmpl	H0341	1
H4376	Cmpl	H0376	1
H4376	Cmpl	H0802	1
H4376	Cmpl	H1591	1
H4376	Cmpl	H2876	1
H4376	Cmpl	H3125	1
H4376	Cmpl	H3196	1
H4376	Cmpl	H3459	1
H4376	Cmpl	H4428	1
H4376	Cmpl	H4940	1
H4376	Cmpl	H5237	1
H4376	Cmpl	H5631	1
H4376	Cmpl	H5650	1
H4376	Cmpl	H5997	1
H4376	Cmpl	H6133	1
H4376	Cmpl	H6187	1
H4376	Cmpl	H6430	1
H4376	Cmpl	H6547	1
H4376	Cmpl	H6635	1
H4376	Cmpl	H6783	1
H4376	Cmpl	H7451	1
H4376	Cmpl	H8198	1
H4376	Cmpl	H8453	1
H4376	Objc	H0127	1
H4376	Objc	H0251	1
H4376	Objc	H0776	1
H4376	Objc	H0998	1
H4376	Objc	H1004	1
H4376	Objc	H2346	1
H4376	Objc	H2416	1
H4376	Objc	H2451	1
H4376	Objc	H2513	1
H4376	Objc	H3207	1
H4376	Objc	H4148	1
H4376	Objc	H4186	1
H4376	Objc	H4465	1
H4376	Objc	H5892	1
H4376	Objc	H5971	1
H4376	Objc	H7794	1
H4376	Objc	H8081	1
H4376	Subj	H0251	1
H4376	Subj	H0776	1
H4376	Subj	H2764	1
H4376	Subj	H3605	1
H4376	Subj	H4054	1
H4376	Subj	H4092	1
H4376	Subj	H5892	1
H4376	Subj	H5971	1
H4376	Subj	H7704	1
H4422	Cmpl	H0376	1
H4422	Cmpl	H0639	1
H4422	Cmpl	H2740	1
H4422	Cmpl	H3369	1
H4422	Cmpl	H3778	1
H4422	Cmpl	H4264	1
H4422	Cmpl	H4631	1
H4422	Cmpl	H5315	1
H4422	Cmpl	H6341	1
H4422	Cmpl	H6430	1
H4422	Cmpl	H6440	1
H4422	Cmpl	H7272	1
H4422	Cmpl	H7825	1
H4422	Objc	H1121	1
H4422	Objc	H1167	1
H4422	Objc	H2145	1
H4422	Objc	H4854	1
H4422	Objc	H5355	1
H4422	Objc	H5892	1
H4422	Objc	H6041	1
H4422	Objc	H6106	1
H4422	Subj	H0251	1
H4422	Subj	H0259	1
H4422	Subj	H0430	1
H4422	Subj	H0784	1
H4422	Subj	H2233	1
H4422	Subj	H2428	1
H4422	Subj	H2896	1
H4422	Subj	H3590	1
H4422	Subj	H4455	1
H4422	Subj	H5315	1
H4422	Subj	H5483	1
H4422	Subj	H5892	1
H4422	Subj	H5971	1
H4422	Subj	H6184	1
H4422	Subj	H6412	1
H4422	Subj	H6440	1
H4422	Subj	H7031	1
H4422	Subj	H7392	1
H4422	Subj	H7562	1
H4422	Subj	H7628	1
H4448	Cmpl	H4428	1
H4448	Cmpl	H5942	1
H4448	Cmpl	H6654	1
H4448	Objc	H1369	1
H4448	Objc	H1847	1
H4448	Objc	H4405	1
H4448	Objc	H8193	1
H4452	Cmpl	H2441	1
H4452	Subj	H0565	1
H4454	Objc	H4135	1
H4454	Objc	H6203	1
H4487	Cmpl	H2719	1
H4487	Cmpl	H3196	1
H4487	Cmpl	H4428	1
H4487	Cmpl	H4960	1
H4487	Cmpl	H5971	1
H4487	Cmpl	H6598	1
H4487	Objc	H0571	1
H4487	Objc	H0776	1
H4487	Objc	H1419	1
H4487	Objc	H1709	1
H4487	Objc	H1781	1
H4487	Objc	H2617	1
H4487	Objc	H2759	1
H4487	Objc	H3117	1
H4487	Objc	H3701	1
H4487	Objc	H3915	1
H4487	Objc	H3978	1
H4487	Objc	H4437	1
H4487	Objc	H4557	1
H4487	Objc	H4960	1
H4487	Objc	H5999	1
H4487	Objc	H6921	1
H4487	Objc	H7021	1
H4487	Objc	H7255	1
H4487	Objc	H7307	1
H4487	Objc	H8199	1
H4487	Objc	H8438	1
H4487	Subj	H0424	1
H4487	Subj	H2233	1
H4487	Subj	H5631	1
H4487	Subj	H8269	1
H4513	Cmpl	H0430	1
H4513	Cmpl	H1004	1
H4513	Cmpl	H1065	1
H4513	Cmpl	H1167	1
H4513	Cmpl	H1800	1
H4513	Cmpl	H2656	1
H4513	Cmpl	H3182	1
H4513	Cmpl	H3605	1
H4513	Cmpl	H5288	1
H4513	Cmpl	H5410	1
H4513	Cmpl	H6310	1
H4513	Cmpl	H7456	1
H4513	Cmpl	H7563	1
H4513	Cmpl	H8057	1
H4513	Objc	H0782	1
H4513	Objc	H0990	1
H4513	Objc	H1653	1
H4513	Objc	H1697	1
H4513	Objc	H3820	1
H4513	Objc	H3899	1
H4513	Objc	H4148	1
H4513	Objc	H4478	1
H4513	Objc	H5104	1
H4513	Objc	H6529	1
H4513	Objc	H6963	1
H4513	Objc	H8193	1
H4513	Subj	H0216	1
H4513	Subj	H4503	1
H4513	Subj	H5262	1
H4513	Subj	H7241	1
H4529	Objc	H2530	1
H4529	Objc	H3820	1
H4529	Objc	H5971	1
H4529	Objc	H6210	1
H4529	Subj	H0251	1
H4549	Cmpl	H3027	1
H4549	Objc	H3824	1
H4549	Subj	H0376	1
H4549	Subj	H0612	1
H4549	Subj	H1749	1
H4549	Subj	H5971	1
H4560	Cmpl	H4294	1
H4560	Objc	H4605	1
H4560	Subj	H2502	1
H4560	Subj	H6240	1
H4560	Subj	H6635	1
H4560	Subj	H8147	1
H4571	Objc	H4975	1
H4571	Subj	H0804	1
H4591	Cmpl	H4276	1
H4591	Cmpl	H6440	1
H4591	Cmpl	H8255	1
H4591	Objc	H0929	1
H4591	Objc	H4736	1
H4591	Subj	H1004	1
H4591	Subj	H1121	1
H4591	Subj	H1368	1
H4591	Subj	H1800	1
H4591	Subj	H3605	1
H4591	Subj	H4557	1
H4591	Subj	H7198	1
H4591	Subj	H7605	1
H4591	Subj	H8513	1
H4600	Subj	H7699	1
H4672	Cmpl	H0127	1
H4672	Cmpl	H0259	1
H4672	Cmpl	H0310	1
H4672	Cmpl	H0341	1
H4672	Cmpl	H0376	1
H4672	Cmpl	H0430	1
H4672	Cmpl	H0457	1
H4672	Cmpl	H0811	1
H4672	Cmpl	H1323	1
H4672	Cmpl	H1353	1
H4672	Cmpl	H1590	1
H4672	Cmpl	H1767	1
H4672	Cmpl	H1870	1
H4672	Cmpl	H1964	1
H4672	Cmpl	H2351	1
H4672	Cmpl	H2428	1
H4672	Cmpl	H3427	1
H4672	Cmpl	H3627	1
H4672	Cmpl	H3671	1
H4672	Cmpl	H3709	1
H4672	Cmpl	H4325	1
H4672	Cmpl	H4428	1
H4672	Cmpl	H4467	1
H4672	Cmpl	H4733	1
H4672	Cmpl	H5158	1
H4672	Cmpl	H5315	1
H4672	Cmpl	H6547	1
H4672	Cmpl	H6900	1
H4672	Cmpl	H7130	1
H4672	Cmpl	H7227	1
H4672	Cmpl	H7272	1
H4672	Cmpl	H8179	1
H4672	Cmpl	H8193	1
H4672	Cmpl	H8432	1
H4672	Cmpl	H8503	1
H4672	Objc	H0001	1
H4672	Objc	H0009	1
H4672	Objc	H0120	1
H4672	Objc	H0259	1
H4672	Objc	H0312	1
H4672	Objc	H0341	1
H4672	Objc	H0433	1
H4672	Objc	H0505	1
H4672	Objc	H0591	1
H4672	Objc	H0781	1
H4672	Objc	H0875	1
H4672	Objc	H1004	1
H4672	Objc	H1219	1
H4672	Objc	H1237	1
H4672	Objc	H1612	1
H4672	Objc	H1706	1
H4672	Objc	H1730	1
H4672	Objc	H1736	1
H4672	Objc	H2377	1
H4672	Objc	H2420	1
H4672	Objc	H2543	1
H4672	Objc	H2682	1
H4672	Objc	H2714	1
H4672	Objc	H2961	1
H4672	Objc	H3015	1
H4672	Objc	H3188	1
H4672	Objc	H3222	1
H4672	Objc	H3303	1
H4672	Objc	H3368	1
H4672	Objc	H3519	1
H4672	Objc	H3524	1
H4672	Objc	H3724	1
H4672	Objc	H3820	1
H4672	Objc	H3824	1
H4672	Objc	H3895	1
H4672	Objc	H3956	1
H4672	Objc	H4186	1
H4672	Objc	H4209	1
H4672	Objc	H4542	1
H4672	Objc	H4617	1
H4672	Objc	H4713	1
H4672	Objc	H4725	1
H4672	Objc	H4771	1
H4672	Objc	H5038	1
H4672	Objc	H5048	1
H4672	Objc	H5061	1
H4672	Objc	H5410	1
H4672	Objc	H5828	1
H4672	Objc	H5930	1
H4672	Objc	H5971	1
H4672	Objc	H6172	1
H4672	Objc	H6607	1
H4672	Objc	H6662	1
H4672	Objc	H6666	1
H4672	Objc	H6869	1
H4672	Objc	H6913	1
H4672	Objc	H6975	1
H4672	Objc	H7036	1
H4672	Objc	H7195	1
H4672	Objc	H7218	1
H4672	Objc	H7227	1
H4672	Objc	H7453	1
H4672	Objc	H7704	1
H4672	Objc	H7716	1
H4672	Objc	H7922	1
H4672	Objc	H8082	1
H4672	Objc	H8130	1
H4672	Objc	H8147	1
H4672	Objc	H8179	1
H4672	Objc	H8269	1
H4672	Objc	H8569	1
H4672	Objc	H8655	1
H4672	Subj	H0001	1
H4672	Subj	H0034	1
H4672	Subj	H0119	1
H4672	Subj	H0352	1
H4672	Subj	H0702	1
H4672	Subj	H0713	1
H4672	Subj	H0802	1
H4672	Subj	H0919	1
H4672	Subj	H1004	1
H4672	Subj	H1331	1
H4672	Subj	H1350	1
H4672	Subj	H1368	1
H4672	Subj	H1591	1
H4672	Subj	H2022	1
H4672	Subj	H2173	1
H4672	Subj	H2491	1
H4672	Subj	H2543	1
H4672	Subj	H2595	1
H4672	Subj	H2617	1
H4672	Subj	H2789	1
H4672	Subj	H2796	1
H4672	Subj	H3123	1
H4672	Subj	H3198	1
H4672	Subj	H3225	1
H4672	Subj	H3701	1
H4672	Subj	H3820	1
H4672	Subj	H5288	1
H4672	Subj	H5291	1
H4672	Subj	H5315	1
H4672	Subj	H5355	1
H4672	Subj	H5656	1
H4672	Subj	H5795	1
H4672	Subj	H6086	1
H4672	Subj	H6141	1
H4672	Subj	H6242	1
H4672	Subj	H6529	1
H4672	Subj	H6588	1
H4672	Subj	H6666	1
H4672	Subj	H6833	1
H4672	Subj	H6869	1
H4672	Subj	H6872	1
H4672	Subj	H6963	1
H4672	Subj	H7195	1
H4672	Subj	H7227	1
H4672	Subj	H7253	1
H4672	Subj	H7291	1
H4672	Subj	H7563	1
H4672	Subj	H7603	1
H4672	Subj	H7716	1
H4672	Subj	H7794	1
H4672	Subj	H7848	1
H4672	Subj	H8057	1
H4672	Subj	H8144	1
H4672	Subj	H8198	1
H4672	Subj	H8255	1
H4672	Subj	H8300	1
H4672	Subj	H8330	1
H4672	Subj	H8342	1
H4672	Subj	H8426	1
H4672	Subj	H8438	1
H4672	Subj	H8477	1
H4672	Subj	H8492	1
H4672	Subj	H8504	1
H4680	Cmpl	H1492	1
H4680	Cmpl	H3247	1
H4680	Cmpl	H7023	1
H4680	Objc	H2919	1
H4680	Objc	H8106	1
H4680	Subj	H1818	1
H4680	Subj	H4325	1
H4680	Subj	H4390	1
H4743	Cmpl	H0001	1
H4743	Cmpl	H6310	1
H4743	Objc	H1320	1
H4743	Subj	H2250	1
H4743	Subj	H3605	1
H4743	Subj	H3956	1
H4743	Subj	H5869	1
H4743	Subj	H6635	1
H4743	Subj	H8064	1
H4775	Cmpl	H0113	1
H4784	Cmpl	H0430	1
H4784	Cmpl	H7564	1
H4784	Objc	H0413	1
H4784	Objc	H0561	1
H4784	Objc	H1697	1
H4784	Objc	H3519	1
H4784	Objc	H4941	1
H4784	Objc	H5869	1
H4784	Objc	H7307	1
H4784	Subj	H1004	1
H4784	Subj	H1121	1
H4799	Cmpl	H7822	1
H4803	Cmpl	H2206	1
H4803	Cmpl	H7218	1
H4803	Cmpl	H8181	1
H4803	Subj	H1610	1
H4834	Subj	H0561	1
H4834	Subj	H3476	1
H4886	Cmpl	H1004	1
H4886	Cmpl	H3605	1
H4886	Cmpl	H5030	1
H4886	Cmpl	H5057	1
H4886	Cmpl	H5387	1
H4886	Cmpl	H6944	1
H4886	Cmpl	H8081	1
H4886	Cmpl	H8350	1
H4886	Objc	H0001	1
H4886	Objc	H0168	1
H4886	Objc	H0727	1
H4886	Objc	H4043	1
H4886	Objc	H4150	1
H4886	Objc	H4428	1
H4886	Objc	H4676	1
H4886	Objc	H5715	1
H4886	Objc	H5930	1
H4886	Objc	H7225	1
H4886	Objc	H8081	1
H4886	Subj	H1004	1
H4900	Cmpl	H2022	1
H4900	Cmpl	H2256	1
H4900	Cmpl	H3045	1
H4900	Cmpl	H3104	1
H4900	Cmpl	H3581	1
H4900	Cmpl	H3887	1
H4900	Cmpl	H5158	1
H4900	Cmpl	H5923	1
H4900	Cmpl	H7161	1
H4900	Objc	H0047	1
H4900	Objc	H0639	1
H4900	Objc	H1320	1
H4900	Objc	H2617	1
H4900	Objc	H3027	1
H4900	Objc	H3605	1
H4900	Objc	H3882	1
H4900	Objc	H6635	1
H4900	Objc	H7393	1
H4900	Objc	H8269	1
H4900	Subj	H0120	1
H4900	Subj	H0693	1
H4900	Subj	H1697	1
H4900	Subj	H3104	1
H4900	Subj	H3117	1
H4910	Cmpl	H1121	1
H4910	Cmpl	H1471	1
H4910	Cmpl	H2091	1
H4910	Cmpl	H2532	1
H4910	Cmpl	H3117	1
H4910	Cmpl	H3678	1
H4910	Cmpl	H3701	1
H4910	Cmpl	H3915	1
H4910	Cmpl	H5237	1
H4910	Cmpl	H5971	1
H4910	Cmpl	H7227	1
H4910	Cmpl	H7326	1
H4910	Cmpl	H8269	1
H4910	Objc	H4474	1
H4910	Objc	H7227	1
H4910	Subj	H0259	1
H4910	Subj	H0802	1
H4910	Subj	H2743	1
H4910	Subj	H3027	1
H4910	Subj	H3605	1
H4910	Subj	H4428	1
H4910	Subj	H4438	1
H4910	Subj	H5794	1
H4910	Subj	H6223	1
H4910	Subj	H7563	1
H4910	Subj	H7651	1
H4910	Subj	H8130	1
H4911	Cmpl	H0665	1
H4911	Cmpl	H0953	1
H4911	Cmpl	H1004	1
H4911	Cmpl	H3381	1
H4911	Cmpl	H4805	1
H4911	Cmpl	H6083	1
H4911	Subj	H1471	1
H4911	Subj	H3605	1
H4911	Subj	H5971	1
H4959	Objc	H0168	1
H4959	Objc	H3627	1
H4959	Subj	H5787	1
H4985	Objc	H5475	1
H4985	Subj	H1589	1
H4985	Subj	H5158	1
H4985	Subj	H7263	1
H4985	Subj	H7462	1
H5003	Objc	H0068	1
H5003	Objc	H0376	1
H5003	Objc	H6086	1
H5003	Subj	H3618	1
H5003	Subj	H4878	1
H5006	Cmpl	H0639	1
H5006	Cmpl	H2195	1
H5006	Objc	H0001	1
H5006	Objc	H0341	1
H5006	Objc	H0430	1
H5006	Objc	H0565	1
H5006	Objc	H3548	1
H5006	Objc	H3605	1
H5006	Objc	H4148	1
H5006	Objc	H4428	1
H5006	Objc	H4503	1
H5006	Objc	H5945	1
H5006	Objc	H5971	1
H5006	Objc	H6098	1
H5006	Subj	H0191	1
H5006	Subj	H0341	1
H5006	Subj	H3820	1
H5006	Subj	H5036	1
H5006	Subj	H5971	1
H5006	Subj	H7563	1
H5008	Objc	H2491	1
H5008	Objc	H5009	1
H5008	Subj	H4962	1
H5010	Objc	H1285	1
H5010	Objc	H4720	1
H5010	Objc	H5650	1
H5027	Cmpl	H0001	1
H5027	Cmpl	H0430	1
H5027	Cmpl	H1004	1
H5027	Cmpl	H1285	1
H5027	Cmpl	H1364	1
H5027	Cmpl	H1964	1
H5027	Cmpl	H3293	1
H5027	Cmpl	H4589	1
H5027	Cmpl	H4758	1
H5027	Cmpl	H5175	1
H5027	Cmpl	H5178	1
H5027	Cmpl	H5227	1
H5027	Cmpl	H5999	1
H5027	Cmpl	H6213	1
H5027	Cmpl	H6697	1
H5027	Cmpl	H6944	1
H5027	Cmpl	H6967	1
H5027	Cmpl	H7793	1
H5027	Cmpl	H8478	1
H5027	Objc	H0120	1
H5027	Objc	H0205	1
H5027	Objc	H0734	1
H5027	Objc	H1870	1
H5027	Objc	H3220	1
H5027	Objc	H3225	1
H5027	Objc	H3427	1
H5027	Objc	H3707	1
H5027	Objc	H4583	1
H5027	Objc	H4806	1
H5027	Objc	H4899	1
H5027	Objc	H6440	1
H5027	Objc	H6467	1
H5027	Objc	H6862	1
H5027	Objc	H7012	1
H5027	Objc	H8002	1
H5027	Objc	H8064	1
H5027	Objc	H8451	1
H5027	Objc	H8544	1
H5027	Subj	H0376	1
H5027	Subj	H0734	1
H5027	Subj	H0802	1
H5027	Subj	H6430	1
H5034	Objc	H3444	1
H5034	Objc	H3519	1
H5034	Objc	H3678	1
H5034	Objc	H6697	1
H5034	Subj	H0776	1
H5034	Subj	H2022	1
H5034	Subj	H3605	1
H5034	Subj	H5307	1
H5034	Subj	H5971	1
H5034	Subj	H6635	1
H5034	Subj	H8398	1
H5042	Objc	H0200	1
H5042	Objc	H0562	1
H5042	Objc	H2143	1
H5042	Objc	H2420	1
H5042	Objc	H2898	1
H5042	Objc	H6924	1
H5042	Objc	H7227	1
H5042	Objc	H7307	1
H5042	Objc	H7462	1
H5042	Objc	H8081	1
H5042	Objc	H8416	1
H5042	Subj	H3117	1
H5042	Subj	H3686	1
H5042	Subj	H7563	1
H5042	Subj	H8193	1
H5046	Cmpl	H0182	1
H5046	Cmpl	H0339	1
H5046	Cmpl	H0802	1
H5046	Cmpl	H0875	1
H5046	Cmpl	H1471	1
H5046	Cmpl	H1697	1
H5046	Cmpl	H1755	1
H5046	Cmpl	H2506	1
H5046	Cmpl	H2545	1
H5046	Cmpl	H2715	1
H5046	Cmpl	H3064	1
H5046	Cmpl	H3499	1
H5046	Cmpl	H3605	1
H5046	Cmpl	H4399	1
H5046	Cmpl	H4436	1
H5046	Cmpl	H5461	1
H5046	Cmpl	H5592	1
H5046	Cmpl	H5631	1
H5046	Cmpl	H5680	1
H5046	Cmpl	H6213	1
H5046	Cmpl	H6310	1
H5046	Cmpl	H8104	1
H5046	Objc	H0001	1
H5046	Objc	H0113	1
H5046	Objc	H0226	1
H5046	Objc	H0857	1
H5046	Objc	H1219	1
H5046	Objc	H1285	1
H5046	Objc	H1369	1
H5046	Objc	H1964	1
H5046	Objc	H2220	1
H5046	Objc	H2233	1
H5046	Objc	H2451	1
H5046	Objc	H2472	1
H5046	Objc	H2617	1
H5046	Objc	H3027	1
H5046	Objc	H3476	1
H5046	Objc	H3581	1
H5046	Objc	H3701	1
H5046	Objc	H4138	1
H5046	Objc	H4405	1
H5046	Objc	H4410	1
H5046	Objc	H4421	1
H5046	Objc	H4428	1
H5046	Objc	H4639	1
H5046	Objc	H4759	1
H5046	Objc	H5771	1
H5046	Objc	H5949	1
H5046	Objc	H6235	1
H5046	Objc	H6575	1
H5046	Objc	H6869	1
H5046	Objc	H6994	1
H5046	Objc	H7223	1
H5046	Objc	H7453	1
H5046	Objc	H8441	1
H5046	Objc	H8587	1
H5046	Subj	H0259	1
H5046	Subj	H0430	1
H5046	Subj	H1121	1
H5046	Subj	H1167	1
H5046	Subj	H1419	1
H5046	Subj	H1697	1
H5046	Subj	H2380	1
H5046	Subj	H2450	1
H5046	Subj	H2451	1
H5046	Subj	H3605	1
H5046	Subj	H3671	1
H5046	Subj	H4731	1
H5046	Subj	H4768	1
H5046	Subj	H5030	1
H5046	Subj	H6310	1
H5046	Subj	H7186	1
H5046	Subj	H7453	1
H5050	Cmpl	H1870	1
H5050	Objc	H0216	1
H5050	Subj	H0430	1
H5050	Subj	H0784	1
H5050	Subj	H3394	1
H5050	Subj	H7632	1
H5055	Cmpl	H0657	1
H5055	Cmpl	H0776	1
H5055	Cmpl	H7161	1
H5055	Objc	H0376	1
H5055	Objc	H0519	1
H5055	Objc	H0802	1
H5055	Objc	H1121	1
H5055	Objc	H1323	1
H5055	Objc	H2470	1
H5055	Objc	H3605	1
H5055	Objc	H5650	1
H5055	Objc	H5971	1
H5055	Objc	H6862	1
H5055	Subj	H4428	1
H5055	Subj	H5045	1
H5059	Cmpl	H1004	1
H5059	Objc	H5058	1
H5060	Cmpl	H0505	1
H5060	Cmpl	H0702	1
H5060	Cmpl	H1004	1
H5060	Cmpl	H1517	1
H5060	Cmpl	H1697	1
H5060	Cmpl	H2416	1
H5060	Cmpl	H2491	1
H5060	Cmpl	H2568	1
H5060	Cmpl	H2719	1
H5060	Cmpl	H3117	1
H5060	Cmpl	H3196	1
H5060	Cmpl	H3220	1
H5060	Cmpl	H3830	1
H5060	Cmpl	H3899	1
H5060	Cmpl	H3967	1
H5060	Cmpl	H3978	1
H5060	Cmpl	H4191	1
H5060	Cmpl	H4194	1
H5060	Cmpl	H4201	1
H5060	Cmpl	H4428	1
H5060	Cmpl	H4438	1
H5060	Cmpl	H4682	1
H5060	Cmpl	H4904	1
H5060	Cmpl	H4947	1
H5060	Cmpl	H5138	1
H5060	Cmpl	H5315	1
H5060	Cmpl	H5384	1
H5060	Cmpl	H5645	1
H5060	Cmpl	H5971	1
H5060	Cmpl	H6083	1
H5060	Cmpl	H6438	1
H5060	Cmpl	H6440	1
H5060	Cmpl	H6794	1
H5060	Cmpl	H6913	1
H5060	Cmpl	H7023	1
H5060	Cmpl	H7097	1
H5060	Cmpl	H7218	1
H5060	Cmpl	H7272	1
H5060	Cmpl	H8064	1
H5060	Cmpl	H8081	1
H5060	Cmpl	H8147	1
H5060	Cmpl	H8193	1
H5060	Cmpl	H8263	1
H5060	Cmpl	H8275	1
H5060	Objc	H1004	1
H5060	Objc	H1419	1
H5060	Objc	H1767	1
H5060	Objc	H4428	1
H5060	Objc	H5061	1
H5060	Objc	H5315	1
H5060	Objc	H6547	1
H5060	Objc	H7716	1
H5060	Subj	H0259	1
H5060	Subj	H0430	1
H5060	Subj	H0433	1
H5060	Subj	H1323	1
H5060	Subj	H1516	1
H5060	Subj	H1730	1
H5060	Subj	H1818	1
H5060	Subj	H1882	1
H5060	Subj	H2022	1
H5060	Subj	H2158	1
H5060	Subj	H2416	1
H5060	Subj	H2719	1
H5060	Subj	H2930	1
H5060	Subj	H3117	1
H5060	Subj	H3605	1
H5060	Subj	H3671	1
H5060	Subj	H4397	1
H5060	Subj	H4941	1
H5060	Subj	H5631	1
H5060	Subj	H6256	1
H5060	Subj	H6921	1
H5060	Subj	H7218	1
H5060	Subj	H7307	1
H5060	Subj	H7451	1
H5060	Subj	H7462	1
H5060	Subj	H8141	1
H5062	Cmpl	H0068	1
H5062	Cmpl	H2022	1
H5062	Cmpl	H5399	1
H5062	Cmpl	H6430	1
H5062	Objc	H0802	1
H5062	Objc	H1471	1
H5062	Objc	H2029	1
H5062	Objc	H3206	1
H5062	Objc	H3571	1
H5062	Objc	H7453	1
H5062	Objc	H7794	1
H5062	Objc	H8130	1
H5062	Subj	H0430	1
H5062	Subj	H7794	1
H5064	Cmpl	H1516	1
H5064	Cmpl	H2719	1
H5064	Cmpl	H3027	1
H5064	Objc	H0068	1
H5064	Objc	H1121	1
H5064	Subj	H3027	1
H5064	Subj	H5869	1
H5065	Objc	H0251	1
H5065	Objc	H0776	1
H5065	Objc	H2091	1
H5065	Objc	H3605	1
H5065	Objc	H3701	1
H5065	Objc	H5237	1
H5065	Objc	H5971	1
H5065	Objc	H7453	1
H5065	Subj	H0376	1
H5066	Cmpl	H0251	1
H5066	Cmpl	H0802	1
H5066	Cmpl	H2346	1
H5066	Cmpl	H3548	1
H5066	Cmpl	H4026	1
H5066	Cmpl	H4196	1
H5066	Cmpl	H4294	1
H5066	Cmpl	H4941	1
H5066	Cmpl	H5178	1
H5066	Cmpl	H5650	1
H5066	Cmpl	H5892	1
H5066	Cmpl	H6205	1
H5066	Cmpl	H6430	1
H5066	Cmpl	H6607	1
H5066	Cmpl	H6951	1
H5066	Cmpl	H7114	1
H5066	Objc	H0727	1
H5066	Objc	H1241	1
H5066	Objc	H1706	1
H5066	Objc	H2077	1
H5066	Objc	H2470	1
H5066	Objc	H2529	1
H5066	Objc	H2555	1
H5066	Objc	H2719	1
H5066	Objc	H3627	1
H5066	Objc	H3899	1
H5066	Objc	H4428	1
H5066	Objc	H4503	1
H5066	Objc	H5787	1
H5066	Objc	H5930	1
H5066	Objc	H5971	1
H5066	Objc	H6455	1
H5066	Objc	H6499	1
H5066	Objc	H6629	1
H5066	Objc	H7674	1
H5066	Objc	H8163	1
H5066	Subj	H0001	1
H5066	Subj	H0259	1
H5066	Subj	H0430	1
H5066	Subj	H1419	1
H5066	Subj	H2233	1
H5066	Subj	H2428	1
H5066	Subj	H2994	1
H5066	Subj	H3878	1
H5066	Subj	H5650	1
H5066	Subj	H6994	1
H5066	Subj	H7218	1
H5066	Subj	H7272	1
H5066	Subj	H8198	1
H5068	Cmpl	H0424	1
H5068	Cmpl	H0430	1
H5068	Cmpl	H1004	1
H5068	Objc	H3605	1
H5068	Subj	H0505	1
H5068	Subj	H3548	1
H5068	Subj	H3820	1
H5068	Subj	H3967	1
H5068	Subj	H7218	1
H5068	Subj	H7307	1
H5068	Subj	H7626	1
H5074	Cmpl	H1869	1
H5074	Cmpl	H3514	1
H5074	Cmpl	H4421	1
H5074	Cmpl	H5203	1
H5074	Cmpl	H5869	1
H5074	Cmpl	H7198	1
H5074	Subj	H5775	1
H5074	Subj	H5971	1
H5074	Subj	H6635	1
H5074	Subj	H7101	1
H5074	Subj	H7200	1
H5074	Subj	H8064	1
H5080	Cmpl	H0310	1
H5080	Objc	H1121	1
H5080	Objc	H1631	1
H5080	Objc	H3427	1
H5080	Objc	H3548	1
H5080	Objc	H3878	1
H5080	Objc	H5892	1
H5080	Objc	H7462	1
H5080	Subj	H0738	1
H5080	Subj	H1631	1
H5080	Subj	H3027	1
H5080	Subj	H8454	1
H5086	Subj	H6227	1
H5087	Cmpl	H0046	1
H5087	Objc	H5139	1
H5087	Objc	H7133	1
H5087	Subj	H5650	1
H5090	Cmpl	H0776	1
H5090	Cmpl	H5797	1
H5090	Objc	H1323	1
H5090	Objc	H1546	1
H5090	Objc	H2205	1
H5090	Objc	H2428	1
H5090	Objc	H2543	1
H5090	Objc	H3490	1
H5090	Objc	H5288	1
H5090	Objc	H6629	1
H5090	Objc	H6635	1
H5090	Objc	H6921	1
H5090	Objc	H7075	1
H5090	Objc	H7307	1
H5090	Objc	H7399	1
H5090	Objc	H7628	1
H5090	Objc	H8487	1
H5090	Subj	H4428	1
H5091	Cmpl	H0310	1
H5091	Cmpl	H1995	1
H5091	Objc	H5092	1
H5091	Subj	H1004	1
H5091	Subj	H3605	1
H5095	Cmpl	H5116	1
H5095	Cmpl	H6944	1
H5095	Objc	H5763	1
H5101	Subj	H6501	1
H5106	Objc	H4284	1
H5106	Objc	H5971	1
H5106	Subj	H7218	1
H5110	Cmpl	H0127	1
H5110	Cmpl	H2022	1
H5110	Cmpl	H7218	1
H5110	Cmpl	H8432	1
H5110	Cmpl	H8460	1
H5110	Objc	H7272	1
H5110	Subj	H3605	1
H5110	Subj	H4325	1
H5110	Subj	H7070	1
H5120	Subj	H0776	1
H5123	Objc	H8142	1
H5123	Subj	H8104	1
H5127	Cmpl	H0251	1
H5127	Cmpl	H0376	1
H5127	Cmpl	H0738	1
H5127	Cmpl	H0776	1
H5127	Cmpl	H0802	1
H5127	Cmpl	H0953	1
H5127	Cmpl	H1004	1
H5127	Cmpl	H1516	1
H5127	Cmpl	H2719	1
H5127	Cmpl	H4421	1
H5127	Cmpl	H4634	1
H5127	Cmpl	H4733	1
H5127	Cmpl	H4801	1
H5127	Cmpl	H6828	1
H5127	Cmpl	H6963	1
H5127	Cmpl	H7017	1
H5127	Cmpl	H7494	1
H5127	Cmpl	H8432	1
H5127	Objc	H4498	1
H5127	Objc	H4735	1
H5127	Objc	H5650	1
H5127	Objc	H7233	1
H5127	Subj	H0120	1
H5127	Subj	H0533	1
H5127	Subj	H0802	1
H5127	Subj	H1097	1
H5127	Subj	H1121	1
H5127	Subj	H1167	1
H5127	Subj	H1368	1
H5127	Subj	H1389	1
H5127	Subj	H1847	1
H5127	Subj	H2568	1
H5127	Subj	H3498	1
H5127	Subj	H3571	1
H5127	Subj	H3820	1
H5127	Subj	H3893	1
H5127	Subj	H3967	1
H5127	Subj	H4264	1
H5127	Subj	H5892	1
H5127	Subj	H6430	1
H5127	Subj	H7031	1
H5127	Subj	H7307	1
H5127	Subj	H7563	1
H5127	Subj	H7604	1
H5127	Subj	H8147	1
H5127	Subj	H8337	1
H5128	Cmpl	H0259	1
H5128	Cmpl	H1323	1
H5128	Cmpl	H1471	1
H5128	Cmpl	H3531	1
H5128	Cmpl	H3605	1
H5128	Cmpl	H5892	1
H5128	Cmpl	H7218	1
H5128	Objc	H1004	1
H5128	Objc	H3027	1
H5128	Objc	H6106	1
H5128	Subj	H0376	1
H5128	Subj	H0457	1
H5128	Subj	H0520	1
H5128	Subj	H0776	1
H5128	Subj	H1121	1
H5128	Subj	H3293	1
H5128	Subj	H4570	1
H5128	Subj	H5592	1
H5128	Subj	H5892	1
H5128	Subj	H5971	1
H5128	Subj	H6086	1
H5128	Subj	H8147	1
H5130	Cmpl	H1323	1
H5130	Cmpl	H1389	1
H5130	Cmpl	H2022	1
H5130	Cmpl	H3490	1
H5130	Cmpl	H4725	1
H5130	Cmpl	H5104	1
H5130	Cmpl	H7054	1
H5130	Cmpl	H7453	1
H5130	Objc	H2091	1
H5130	Objc	H2373	1
H5130	Objc	H2719	1
H5130	Objc	H2770	1
H5130	Objc	H3225	1
H5130	Objc	H3878	1
H5130	Objc	H4503	1
H5130	Objc	H6016	1
H5130	Objc	H7785	1
H5130	Subj	H7626	1
H5137	Cmpl	H1004	1
H5137	Cmpl	H2930	1
H5137	Cmpl	H3605	1
H5137	Cmpl	H3627	1
H5137	Cmpl	H4150	1
H5137	Cmpl	H5227	1
H5137	Cmpl	H5315	1
H5137	Cmpl	H5483	1
H5137	Objc	H1471	1
H5137	Objc	H4325	1
H5137	Objc	H7227	1
H5137	Subj	H2889	1
H5137	Subj	H3548	1
H5137	Subj	H5332	1
H5140	Cmpl	H1805	1
H5140	Cmpl	H6697	1
H5140	Objc	H6664	1
H5140	Subj	H0565	1
H5140	Subj	H1314	1
H5144	Cmpl	H0310	1
H5144	Cmpl	H1121	1
H5144	Cmpl	H1322	1
H5144	Cmpl	H2932	1
H5144	Cmpl	H3196	1
H5144	Cmpl	H6944	1
H5144	Cmpl	H7941	1
H5144	Objc	H1121	1
H5144	Objc	H3117	1
H5144	Objc	H5145	1
H5157	Cmpl	H0001	1
H5157	Cmpl	H0272	1
H5157	Cmpl	H1004	1
H5157	Cmpl	H1471	1
H5157	Cmpl	H3392	1
H5157	Cmpl	H3605	1
H5157	Cmpl	H4294	1
H5157	Cmpl	H4940	1
H5157	Cmpl	H5159	1
H5157	Cmpl	H6240	1
H5157	Cmpl	H7626	1
H5157	Cmpl	H7723	1
H5157	Cmpl	H8147	1
H5157	Cmpl	H8432	1
H5157	Objc	H0001	1
H5157	Objc	H0157	1
H5157	Objc	H0200	1
H5157	Objc	H1471	1
H5157	Objc	H2896	1
H5157	Objc	H3426	1
H5157	Objc	H3519	1
H5157	Objc	H3605	1
H5157	Objc	H5715	1
H5157	Objc	H7307	1
H5157	Objc	H7611	1
H5157	Objc	H8074	1
H5157	Objc	H8267	1
H5157	Objc	H8432	1
H5157	Subj	H1323	1
H5157	Subj	H2450	1
H5157	Subj	H2896	1
H5157	Subj	H4294	1
H5157	Subj	H5945	1
H5157	Subj	H8549	1
H5162	Cmpl	H0251	1
H5162	Cmpl	H0310	1
H5162	Cmpl	H0517	1
H5162	Cmpl	H1121	1
H5162	Cmpl	H1995	1
H5162	Cmpl	H2896	1
H5162	Cmpl	H6862	1
H5162	Objc	H0802	1
H5162	Objc	H1893	1
H5162	Subj	H1121	1
H5162	Subj	H2896	1
H5162	Subj	H4005	1
H5162	Subj	H4325	1
H5162	Subj	H5971	1
H5162	Subj	H6086	1
H5162	Subj	H8354	1
H5170	Subj	H0517	1
H5170	Subj	H1121	1
H5186	Cmpl	H0312	1
H5186	Cmpl	H0376	1
H5186	Cmpl	H0413	1
H5186	Cmpl	H0436	1
H5186	Cmpl	H0899	1
H5186	Cmpl	H1215	1
H5186	Cmpl	H1697	1
H5186	Cmpl	H1777	1
H5186	Cmpl	H2254	1
H5186	Cmpl	H3754	1
H5186	Cmpl	H3925	1
H5186	Cmpl	H4294	1
H5186	Cmpl	H4609	1
H5186	Cmpl	H4723	1
H5186	Cmpl	H4912	1
H5186	Cmpl	H5726	1
H5186	Cmpl	H5892	1
H5186	Cmpl	H6235	1
H5186	Cmpl	H6828	1
H5186	Cmpl	H7227	1
H5186	Cmpl	H7440	1
H5186	Cmpl	H7451	1
H5186	Cmpl	H7704	1
H5186	Cmpl	H8451	1
H5186	Objc	H0068	1
H5186	Objc	H0376	1
H5186	Objc	H0734	1
H5186	Objc	H0922	1
H5186	Objc	H1004	1
H5186	Objc	H1397	1
H5186	Objc	H1616	1
H5186	Objc	H1800	1
H5186	Objc	H1870	1
H5186	Objc	H3225	1
H5186	Objc	H3407	1
H5186	Objc	H3490	1
H5186	Objc	H3537	1
H5186	Objc	H3605	1
H5186	Objc	H4908	1
H5186	Objc	H4949	1
H5186	Objc	H5650	1
H5186	Objc	H6035	1
H5186	Objc	H7462	1
H5186	Objc	H7926	1
H5186	Objc	H8414	1
H5186	Subj	H2796	1
H5186	Subj	H3027	1
H5186	Subj	H3117	1
H5186	Subj	H3820	1
H5186	Subj	H3824	1
H5186	Subj	H5771	1
H5186	Subj	H6086	1
H5186	Subj	H6153	1
H5186	Subj	H6738	1
H5186	Subj	H6965	1
H5186	Subj	H7272	1
H5193	Cmpl	H0996	1
H5193	Cmpl	H3220	1
H5193	Objc	H0168	1
H5193	Objc	H0643	1
H5193	Objc	H0767	1
H5193	Objc	H0815	1
H5193	Objc	H0842	1
H5193	Objc	H1588	1
H5193	Objc	H2531	1
H5193	Objc	H3978	1
H5193	Objc	H5194	1
H5193	Objc	H6529	1
H5193	Objc	H8064	1
H5193	Subj	H0430	1
H5193	Subj	H3225	1
H5197	Cmpl	H1004	1
H5197	Cmpl	H1864	1
H5197	Cmpl	H4720	1
H5197	Objc	H4325	1
H5197	Objc	H4753	1
H5197	Subj	H2114	1
H5197	Subj	H3027	1
H5197	Subj	H4405	1
H5197	Subj	H5645	1
H5201	Objc	H1121	1
H5201	Objc	H5971	1
H5203	Cmpl	H0127	1
H5203	Cmpl	H3027	1
H5203	Cmpl	H3627	1
H5203	Cmpl	H4057	1
H5203	Cmpl	H4264	1
H5203	Cmpl	H6440	1
H5203	Objc	H0168	1
H5203	Objc	H0433	1
H5203	Objc	H1004	1
H5203	Objc	H1697	1
H5203	Objc	H1755	1
H5203	Objc	H1818	1
H5203	Objc	H3027	1
H5203	Objc	H3605	1
H5203	Objc	H3627	1
H5203	Objc	H4592	1
H5203	Objc	H4855	1
H5203	Objc	H4908	1
H5203	Objc	H5678	1
H5203	Objc	H5892	1
H5203	Objc	H7379	1
H5203	Objc	H7611	1
H5203	Objc	H7637	1
H5203	Objc	H8141	1
H5203	Subj	H0001	1
H5203	Subj	H0759	1
H5203	Subj	H2256	1
H5203	Subj	H4421	1
H5209	Cmpl	H6440	1
H5209	Cmpl	H8121	1
H5209	Subj	H8034	1
H5221	Cmpl	H0341	1
H5221	Cmpl	H0776	1
H5221	Cmpl	H1004	1
H5221	Cmpl	H1215	1
H5221	Cmpl	H1694	1
H5221	Cmpl	H1698	1
H5221	Cmpl	H1731	1
H5221	Cmpl	H3420	1
H5221	Cmpl	H3595	1
H5221	Cmpl	H4264	1
H5221	Cmpl	H4634	1
H5221	Cmpl	H4696	1
H5221	Cmpl	H5713	1
H5221	Cmpl	H5788	1
H5221	Cmpl	H6010	1
H5221	Cmpl	H6256	1
H5221	Cmpl	H6440	1
H5221	Cmpl	H6517	1
H5221	Cmpl	H6697	1
H5221	Cmpl	H6936	1
H5221	Cmpl	H7019	1
H5221	Cmpl	H7037	1
H5221	Cmpl	H7218	1
H5221	Cmpl	H7272	1
H5221	Cmpl	H7451	1
H5221	Cmpl	H7711	1
H5221	Cmpl	H7822	1
H5221	Cmpl	H8040	1
H5221	Cmpl	H8541	1
H5221	Objc	H0012	1
H5221	Objc	H0113	1
H5221	Objc	H0251	1
H5221	Objc	H0341	1
H5221	Objc	H0352	1
H5221	Objc	H0520	1
H5221	Objc	H0567	1
H5221	Objc	H0702	1
H5221	Objc	H0794	1
H5221	Objc	H0802	1
H5221	Objc	H0905	1
H5221	Objc	H1530	1
H5221	Objc	H1612	1
H5221	Objc	H1677	1
H5221	Objc	H1818	1
H5221	Objc	H2022	1
H5221	Objc	H2027	1
H5221	Objc	H2145	1
H5221	Objc	H2416	1
H5221	Objc	H2426	1
H5221	Objc	H2595	1
H5221	Objc	H2719	1
H5221	Objc	H2764	1
H5221	Objc	H2779	1
H5221	Objc	H2850	1
H5221	Objc	H2945	1
H5221	Objc	H3045	1
H5221	Objc	H3064	1
H5221	Objc	H3211	1
H5221	Objc	H3686	1
H5221	Objc	H3730	1
H5221	Objc	H3895	1
H5221	Objc	H3966	1
H5221	Objc	H4004	1
H5221	Objc	H4014	1
H5221	Objc	H4060	1
H5221	Objc	H4421	1
H5221	Objc	H4543	1
H5221	Objc	H4586	1
H5221	Objc	H4735	1
H5221	Objc	H4758	1
H5221	Objc	H5030	1
H5221	Objc	H5045	1
H5221	Objc	H5081	1
H5221	Objc	H5257	1
H5221	Objc	H5355	1
H5221	Objc	H5387	1
H5221	Objc	H5439	1
H5221	Objc	H5553	1
H5221	Objc	H6003	1
H5221	Objc	H6212	1
H5221	Objc	H6413	1
H5221	Objc	H6522	1
H5221	Objc	H6547	1
H5221	Objc	H6635	1
H5221	Objc	H6697	1
H5221	Objc	H6862	1
H5221	Objc	H6994	1
H5221	Objc	H7021	1
H5221	Objc	H7198	1
H5221	Objc	H7611	1
H5221	Objc	H7628	1
H5221	Objc	H7651	1
H5221	Objc	H8199	1
H5221	Objc	H8219	1
H5221	Objc	H8330	1
H5221	Objc	H8384	1
H5221	Subj	H0707	1
H5221	Subj	H1004	1
H5221	Subj	H2406	1
H5221	Subj	H2428	1
H5221	Subj	H3064	1
H5221	Subj	H3627	1
H5221	Subj	H3698	1
H5221	Subj	H3902	1
H5221	Subj	H4672	1
H5221	Subj	H5375	1
H5221	Subj	H6547	1
H5221	Subj	H6594	1
H5221	Subj	H7860	1
H5221	Subj	H8082	1
H5221	Subj	H8121	1
H5221	Subj	H8184	1
H5230	Cmpl	H5650	1
H5253	Cmpl	H0310	1
H5253	Cmpl	H0430	1
H5253	Cmpl	H1368	1
H5253	Cmpl	H1818	1
H5253	Cmpl	H2460	1
H5253	Cmpl	H2491	1
H5253	Objc	H1367	1
H5253	Objc	H3639	1
H5253	Objc	H7453	1
H5253	Subj	H3820	1
H5253	Subj	H4941	1
H5253	Subj	H7198	1
H5253	Subj	H8130	1
H5254	Cmpl	H1492	1
H5254	Cmpl	H2420	1
H5254	Objc	H0430	1
H5254	Objc	H1697	1
H5254	Objc	H3709	1
H5254	Objc	H5650	1
H5254	Objc	H7272	1
H5255	Cmpl	H0127	1
H5255	Cmpl	H1004	1
H5255	Objc	H1004	1
H5255	Objc	H1343	1
H5255	Subj	H0636	1
H5258	Objc	H1818	1
H5258	Objc	H3196	1
H5258	Objc	H4428	1
H5258	Objc	H4541	1
H5258	Objc	H7307	1
H5258	Objc	H7941	1
H5258	Objc	H8639	1
H5258	Subj	H2796	1
H5265	Cmpl	H0168	1
H5265	Cmpl	H4725	1
H5265	Cmpl	H5045	1
H5265	Cmpl	H5104	1
H5265	Cmpl	H5739	1
H5265	Cmpl	H6924	1
H5265	Objc	H0708	1
H5265	Objc	H1419	1
H5265	Objc	H1496	1
H5265	Objc	H1612	1
H5265	Objc	H3368	1
H5265	Objc	H4390	1
H5265	Objc	H4545	1
H5265	Objc	H5971	1
H5265	Objc	H6921	1
H5265	Objc	H8615	1
H5265	Subj	H0168	1
H5265	Subj	H0376	1
H5265	Subj	H0430	1
H5265	Subj	H0727	1
H5265	Subj	H1471	1
H5265	Subj	H3499	1
H5265	Subj	H3967	1
H5265	Subj	H4150	1
H5265	Subj	H4397	1
H5265	Subj	H4720	1
H5265	Subj	H5713	1
H5265	Subj	H5982	1
H5265	Subj	H6051	1
H5265	Subj	H6956	1
H5265	Subj	H7307	1
H5265	Subj	H7843	1
H5265	Subj	H8337	1
H5276	Cmpl	H3198	1
H5276	Cmpl	H5315	1
H5276	Subj	H1847	1
H5276	Subj	H3899	1
H5276	Subj	H5643	1
H5287	Cmpl	H1004	1
H5287	Cmpl	H3018	1
H5287	Cmpl	H3220	1
H5287	Cmpl	H5488	1
H5287	Objc	H0376	1
H5287	Objc	H2428	1
H5287	Objc	H2684	1
H5287	Objc	H3605	1
H5287	Objc	H6547	1
H5287	Subj	H0430	1
H5287	Subj	H7563	1
H5301	Cmpl	H0639	1
H5301	Cmpl	H2026	1
H5301	Objc	H0784	1
H5301	Objc	H1167	1
H5301	Objc	H2416	1
H5301	Objc	H5315	1
H5301	Objc	H5397	1
H5301	Subj	H5315	1
H5307	Cmpl	H0113	1
H5307	Cmpl	H0127	1
H5307	Cmpl	H0268	1
H5307	Cmpl	H0398	1
H5307	Cmpl	H0505	1
H5307	Cmpl	H0600	1
H5307	Cmpl	H0727	1
H5307	Cmpl	H0784	1
H5307	Cmpl	H1004	1
H5307	Cmpl	H1210	1
H5307	Cmpl	H1471	1
H5307	Cmpl	H1581	1
H5307	Cmpl	H1616	1
H5307	Cmpl	H1864	1
H5307	Cmpl	H2026	1
H5307	Cmpl	H2221	1
H5307	Cmpl	H2233	1
H5307	Cmpl	H2491	1
H5307	Cmpl	H3220	1
H5307	Cmpl	H3225	1
H5307	Cmpl	H3344	1
H5307	Cmpl	H3490	1
H5307	Cmpl	H3571	1
H5307	Cmpl	H3678	1
H5307	Cmpl	H3820	1
H5307	Cmpl	H3830	1
H5307	Cmpl	H4217	1
H5307	Cmpl	H4264	1
H5307	Cmpl	H4325	1
H5307	Cmpl	H4364	1
H5307	Cmpl	H4421	1
H5307	Cmpl	H4611	1
H5307	Cmpl	H4818	1
H5307	Cmpl	H4904	1
H5307	Cmpl	H5135	1
H5307	Cmpl	H5273	1
H5307	Cmpl	H5288	1
H5307	Cmpl	H5633	1
H5307	Cmpl	H5650	1
H5307	Cmpl	H5869	1
H5307	Cmpl	H5930	1
H5307	Cmpl	H5944	1
H5307	Cmpl	H6086	1
H5307	Cmpl	H6189	1
H5307	Cmpl	H6242	1
H5307	Cmpl	H6341	1
H5307	Cmpl	H6654	1
H5307	Cmpl	H6862	1
H5307	Cmpl	H6924	1
H5307	Cmpl	H7019	1
H5307	Cmpl	H7133	1
H5307	Cmpl	H7186	1
H5307	Cmpl	H7451	1
H5307	Cmpl	H7453	1
H5307	Cmpl	H7564	1
H5307	Cmpl	H7626	1
H5307	Cmpl	H7639	1
H5307	Cmpl	H7651	1
H5307	Cmpl	H7816	1
H5307	Cmpl	H7926	1
H5307	Cmpl	H7974	1
H5307	Cmpl	H8065	1
H5307	Objc	H0034	1
H5307	Objc	H0216	1
H5307	Objc	H0519	1
H5307	Objc	H0928	1
H5307	Objc	H1471	1
H5307	Objc	H1995	1
H5307	Objc	H2233	1
H5307	Objc	H2346	1
H5307	Objc	H2671	1
H5307	Objc	H2719	1
H5307	Objc	H3409	1
H5307	Objc	H3556	1
H5307	Objc	H4931	1
H5307	Objc	H5650	1
H5307	Objc	H5892	1
H5307	Objc	H6041	1
H5307	Objc	H6635	1
H5307	Objc	H7227	1
H5307	Objc	H7604	1
H5307	Objc	H8467	1
H5307	Subj	H0001	1
H5307	Subj	H0168	1
H5307	Subj	H0319	1
H5307	Subj	H0606	1
H5307	Subj	H0702	1
H5307	Subj	H0730	1
H5307	Subj	H0919	1
H5307	Subj	H1004	1
H5307	Subj	H1270	1
H5307	Subj	H1285	1
H5307	Subj	H1330	1
H5307	Subj	H1397	1
H5307	Subj	H1818	1
H5307	Subj	H1870	1
H5307	Subj	H1943	1
H5307	Subj	H1959	1
H5307	Subj	H2194	1
H5307	Subj	H2220	1
H5307	Subj	H2259	1
H5307	Subj	H2388	1
H5307	Subj	H2428	1
H5307	Subj	H2543	1
H5307	Subj	H2719	1
H5307	Subj	H2731	1
H5307	Subj	H2778	1
H5307	Subj	H2781	1
H5307	Subj	H2919	1
H5307	Subj	H3027	1
H5307	Subj	H3064	1
H5307	Subj	H3117	1
H5307	Subj	H3409	1
H5307	Subj	H3512	1
H5307	Subj	H3548	1
H5307	Subj	H3802	1
H5307	Subj	H3820	1
H5307	Subj	H3843	1
H5307	Subj	H4015	1
H5307	Subj	H4026	1
H5307	Subj	H4095	1
H5307	Subj	H4194	1
H5307	Subj	H4264	1
H5307	Subj	H4397	1
H5307	Subj	H4419	1
H5307	Subj	H4557	1
H5307	Subj	H4605	1
H5307	Subj	H4962	1
H5307	Subj	H5564	1
H5307	Subj	H5595	1
H5307	Subj	H5650	1
H5307	Subj	H5826	1
H5307	Subj	H5892	1
H5307	Subj	H6103	1
H5307	Subj	H6148	1
H5307	Subj	H6154	1
H5307	Subj	H6240	1
H5307	Subj	H6242	1
H5307	Subj	H6430	1
H5307	Subj	H6485	1
H5307	Subj	H6547	1
H5307	Subj	H6662	1
H5307	Subj	H6833	1
H5307	Subj	H6872	1
H5307	Subj	H6951	1
H5307	Subj	H7023	1
H5307	Subj	H7031	1
H5307	Subj	H7138	1
H5307	Subj	H7223	1
H5307	Subj	H7235	1
H5307	Subj	H7273	1
H5307	Subj	H7307	1
H5307	Subj	H7392	1
H5307	Subj	H7605	1
H5307	Subj	H7794	1
H5307	Subj	H7992	1
H5307	Subj	H8083	1
H5307	Subj	H8141	1
H5307	Subj	H8398	1
H5310	Cmpl	H5553	1
H5310	Objc	H0376	1
H5310	Objc	H0406	1
H5310	Objc	H0802	1
H5310	Objc	H0970	1
H5310	Objc	H1330	1
H5310	Objc	H1471	1
H5310	Objc	H2205	1
H5310	Objc	H3027	1
H5310	Objc	H3537	1
H5310	Objc	H5288	1
H5310	Objc	H5461	1
H5310	Objc	H5483	1
H5310	Objc	H5739	1
H5310	Objc	H5768	1
H5310	Objc	H5971	1
H5310	Objc	H6346	1
H5310	Objc	H6776	1
H5310	Objc	H6944	1
H5310	Objc	H7393	1
H5310	Subj	H0776	1
H5310	Subj	H1471	1
H5310	Subj	H3605	1
H5310	Subj	H5971	1
H5312	Cmpl	H0424	1
H5312	Cmpl	H1004	1
H5312	Subj	H0001	1
H5312	Subj	H0606	1
H5312	Subj	H0676	1
H5312	Subj	H1882	1
H5312	Subj	H3027	1
H5312	Subj	H4428	1
H5314	Subj	H0519	1
H5314	Subj	H1121	1
H5314	Subj	H1616	1
H5324	Cmpl	H1364	1
H5324	Cmpl	H1389	1
H5324	Cmpl	H1870	1
H5324	Cmpl	H2022	1
H5324	Cmpl	H3225	1
H5324	Cmpl	H4725	1
H5324	Cmpl	H4791	1
H5324	Cmpl	H5104	1
H5324	Cmpl	H6086	1
H5324	Cmpl	H6697	1
H5324	Cmpl	H6810	1
H5324	Cmpl	H6900	1
H5324	Cmpl	H7488	1
H5324	Cmpl	H8193	1
H5324	Cmpl	H8478	1
H5324	Objc	H0490	1
H5324	Objc	H0776	1
H5324	Objc	H0842	1
H5324	Objc	H1366	1
H5324	Objc	H1419	1
H5324	Objc	H1530	1
H5324	Objc	H3027	1
H5324	Objc	H3535	1
H5324	Objc	H3605	1
H5324	Objc	H3966	1
H5324	Objc	H4196	1
H5324	Objc	H4325	1
H5324	Objc	H4889	1
H5324	Objc	H5971	1
H5324	Objc	H6629	1
H5324	Objc	H6725	1
H5324	Objc	H7651	1
H5324	Subj	H5140	1
H5327	Subj	H0251	1
H5327	Subj	H1121	1
H5327	Subj	H5892	1
H5327	Subj	H8147	1
H5337	Cmpl	H0113	1
H5337	Cmpl	H0376	1
H5337	Cmpl	H0738	1
H5337	Cmpl	H1121	1
H5337	Cmpl	H1350	1
H5337	Cmpl	H1818	1
H5337	Cmpl	H2719	1
H5337	Cmpl	H3852	1
H5337	Cmpl	H3905	1
H5337	Cmpl	H4325	1
H5337	Cmpl	H4467	1
H5337	Cmpl	H4725	1
H5337	Cmpl	H5221	1
H5337	Cmpl	H5439	1
H5337	Cmpl	H6231	1
H5337	Cmpl	H6440	1
H5337	Cmpl	H6547	1
H5337	Cmpl	H7451	1
H5337	Cmpl	H7462	1
H5337	Cmpl	H7489	1
H5337	Cmpl	H7563	1
H5337	Cmpl	H8130	1
H5337	Cmpl	H8154	1
H5337	Cmpl	H8193	1
H5337	Cmpl	H8267	1
H5337	Cmpl	H8478	1
H5337	Cmpl	H8482	1
H5337	Objc	H0001	1
H5337	Objc	H0241	1
H5337	Objc	H0376	1
H5337	Objc	H0519	1
H5337	Objc	H0571	1
H5337	Objc	H0802	1
H5337	Objc	H0915	1
H5337	Objc	H1004	1
H5337	Objc	H1366	1
H5337	Objc	H1697	1
H5337	Objc	H3605	1
H5337	Objc	H3767	1
H5337	Objc	H4735	1
H5337	Objc	H5716	1
H5337	Objc	H5869	1
H5337	Objc	H6593	1
H5337	Objc	H6629	1
H5337	Objc	H6785	1
H5337	Objc	H7523	1
H5337	Subj	H1368	1
H5337	Subj	H5315	1
H5337	Subj	H5713	1
H5340	Subj	H8247	1
H5341	Cmpl	H0341	1
H5341	Cmpl	H1800	1
H5341	Cmpl	H3605	1
H5341	Cmpl	H4929	1
H5341	Cmpl	H6343	1
H5341	Cmpl	H7451	1
H5341	Cmpl	H8193	1
H5341	Objc	H0001	1
H5341	Objc	H0430	1
H5341	Objc	H0734	1
H5341	Objc	H1285	1
H5341	Objc	H2416	1
H5341	Objc	H2706	1
H5341	Objc	H3336	1
H5341	Objc	H3820	1
H5341	Objc	H3956	1
H5341	Objc	H4209	1
H5341	Objc	H4428	1
H5341	Objc	H4694	1
H5341	Objc	H4941	1
H5341	Objc	H5564	1
H5341	Objc	H5715	1
H5341	Objc	H8454	1
H5341	Objc	H8537	1
H5341	Subj	H0571	1
H5341	Subj	H2617	1
H5341	Subj	H3820	1
H5341	Subj	H6666	1
H5341	Subj	H8193	1
H5344	Cmpl	H1817	1
H5344	Objc	H0639	1
H5344	Objc	H2715	1
H5344	Objc	H3895	1
H5344	Objc	H6518	1
H5344	Objc	H7218	1
H5344	Objc	H7939	1
H5344	Objc	H8034	1
H5344	Subj	H0802	1
H5344	Subj	H1121	1
H5344	Subj	H3481	1
H5344	Subj	H3605	1
H5352	Cmpl	H0423	1
H5352	Cmpl	H0779	1
H5352	Cmpl	H4325	1
H5352	Cmpl	H4751	1
H5352	Cmpl	H5771	1
H5352	Cmpl	H6430	1
H5352	Cmpl	H6588	1
H5352	Cmpl	H7227	1
H5352	Cmpl	H7621	1
H5352	Objc	H1818	1
H5352	Subj	H0343	1
H5352	Subj	H0376	1
H5352	Subj	H7451	1
H5352	Subj	H8056	1
H5358	Cmpl	H3027	1
H5358	Cmpl	H4084	1
H5358	Cmpl	H4428	1
H5358	Cmpl	H5869	1
H5358	Cmpl	H6430	1
H5358	Cmpl	H6862	1
H5358	Cmpl	H8147	1
H5358	Objc	H0259	1
H5358	Objc	H0341	1
H5358	Objc	H1121	1
H5358	Objc	H3605	1
H5358	Objc	H5030	1
H5358	Subj	H1471	1
H5358	Subj	H3605	1
H5361	Cmpl	H0269	1
H5362	Cmpl	H4428	1
H5362	Cmpl	H5892	1
H5362	Objc	H1366	1
H5362	Objc	H4428	1
H5362	Objc	H5892	1
H5362	Objc	H6285	1
H5362	Objc	H8513	1
H5362	Subj	H0376	1
H5362	Subj	H2201	1
H5362	Subj	H2282	1
H5362	Subj	H3117	1
H5362	Subj	H3605	1
H5362	Subj	H3878	1
H5362	Subj	H4421	1
H5362	Subj	H4960	1
H5365	Objc	H0376	1
H5365	Objc	H3225	1
H5365	Objc	H3605	1
H5365	Objc	H6106	1
H5367	Cmpl	H0310	1
H5367	Cmpl	H3605	1
H5367	Subj	H5383	1
H5375	Cmpl	H0113	1
H5375	Cmpl	H0251	1
H5375	Cmpl	H0413	1
H5375	Cmpl	H0430	1
H5375	Cmpl	H0433	1
H5375	Cmpl	H0519	1
H5375	Cmpl	H0730	1
H5375	Cmpl	H1265	1
H5375	Cmpl	H1509	1
H5375	Cmpl	H1581	1
H5375	Cmpl	H1705	1
H5375	Cmpl	H2091	1
H5375	Cmpl	H2205	1
H5375	Cmpl	H2233	1
H5375	Cmpl	H2342	1
H5375	Cmpl	H2346	1
H5375	Cmpl	H2351	1
H5375	Cmpl	H2474	1
H5375	Cmpl	H2543	1
H5375	Cmpl	H3220	1
H5375	Cmpl	H3548	1
H5375	Cmpl	H3608	1
H5375	Cmpl	H3671	1
H5375	Cmpl	H3971	1
H5375	Cmpl	H4217	1
H5375	Cmpl	H4264	1
H5375	Cmpl	H4295	1
H5375	Cmpl	H4605	1
H5375	Cmpl	H4673	1
H5375	Cmpl	H4687	1
H5375	Cmpl	H4854	1
H5375	Cmpl	H5404	1
H5375	Cmpl	H5483	1
H5375	Cmpl	H5678	1
H5375	Cmpl	H5699	1
H5375	Cmpl	H5739	1
H5375	Cmpl	H5892	1
H5375	Cmpl	H6242	1
H5375	Cmpl	H6310	1
H5375	Cmpl	H6430	1
H5375	Cmpl	H6547	1
H5375	Cmpl	H6791	1
H5375	Cmpl	H6887	1
H5375	Cmpl	H6944	1
H5375	Cmpl	H6951	1
H5375	Cmpl	H7138	1
H5375	Cmpl	H7272	1
H5375	Cmpl	H7611	1
H5375	Cmpl	H7704	1
H5375	Cmpl	H7834	1
H5375	Cmpl	H7880	1
H5375	Cmpl	H8034	1
H5375	Cmpl	H8127	1
H5375	Cmpl	H8141	1
H5375	Cmpl	H8193	1
H5375	Cmpl	H8487	1
H5375	Objc	H0120	1
H5375	Objc	H0216	1
H5375	Objc	H0259	1
H5375	Objc	H0367	1
H5375	Objc	H0374	1
H5375	Objc	H0641	1
H5375	Objc	H0644	1
H5375	Objc	H0702	1
H5375	Objc	H0819	1
H5375	Objc	H0827	1
H5375	Objc	H0899	1
H5375	Objc	H0929	1
H5375	Objc	H0945	1
H5375	Objc	H1065	1
H5375	Objc	H1217	1
H5375	Objc	H1293	1
H5375	Objc	H1323	1
H5375	Objc	H1538	1
H5375	Objc	H1581	1
H5375	Objc	H1796	1
H5375	Objc	H1800	1
H5375	Objc	H1843	1
H5375	Objc	H1942	1
H5375	Objc	H1995	1
H5375	Objc	H2145	1
H5375	Objc	H2154	1
H5375	Objc	H2173	1
H5375	Objc	H2184	1
H5375	Objc	H2197	1
H5375	Objc	H2256	1
H5375	Objc	H2483	1
H5375	Objc	H2506	1
H5375	Objc	H2543	1
H5375	Objc	H2563	1
H5375	Objc	H2911	1
H5375	Objc	H2945	1
H5375	Objc	H2960	1
H5375	Objc	H3196	1
H5375	Objc	H3243	1
H5375	Objc	H3444	1
H5375	Objc	H3548	1
H5375	Objc	H3550	1
H5375	Objc	H3556	1
H5375	Objc	H3563	1
H5375	Objc	H3724	1
H5375	Objc	H3824	1
H5375	Objc	H3828	1
H5375	Objc	H3966	1
H5375	Objc	H3972	1
H5375	Objc	H3984	1
H5375	Objc	H4125	1
H5375	Objc	H4294	1
H5375	Objc	H4421	1
H5375	Objc	H4455	1
H5375	Objc	H4467	1
H5375	Objc	H4539	1
H5375	Objc	H4643	1
H5375	Objc	H4720	1
H5375	Objc	H4940	1
H5375	Objc	H4941	1
H5375	Objc	H4979	1
H5375	Objc	H5038	1
H5375	Objc	H5088	1
H5375	Objc	H5237	1
H5375	Objc	H5288	1
H5375	Objc	H5656	1
H5375	Objc	H5923	1
H5375	Objc	H6016	1
H5375	Objc	H6057	1
H5375	Objc	H6083	1
H5375	Objc	H6242	1
H5375	Objc	H6607	1
H5375	Objc	H6635	1
H5375	Objc	H6754	1
H5375	Objc	H7198	1
H5375	Objc	H7227	1
H5375	Objc	H7235	1
H5375	Objc	H7272	1
H5375	Objc	H7289	1
H5375	Objc	H7379	1
H5375	Objc	H7628	1
H5375	Objc	H7668	1
H5375	Objc	H7716	1
H5375	Objc	H7723	1
H5375	Objc	H7837	1
H5375	Objc	H7965	1
H5375	Objc	H8083	1
H5375	Objc	H8088	1
H5375	Objc	H8141	1
H5375	Objc	H8248	1
H5375	Objc	H8384	1
H5375	Objc	H8392	1
H5375	Objc	H8441	1
H5375	Objc	H8457	1
H5375	Objc	H8477	1
H5375	Objc	H8522	1
H5375	Subj	H0113	1
H5375	Subj	H0430	1
H5375	Subj	H0539	1
H5375	Subj	H0970	1
H5375	Subj	H1004	1
H5375	Subj	H1516	1
H5375	Subj	H1530	1
H5375	Subj	H1612	1
H5375	Subj	H1995	1
H5375	Subj	H2132	1
H5375	Subj	H2346	1
H5375	Subj	H2416	1
H5375	Subj	H2691	1
H5375	Subj	H3820	1
H5375	Subj	H4057	1
H5375	Subj	H4904	1
H5375	Subj	H5030	1
H5375	Subj	H5288	1
H5375	Subj	H5315	1
H5375	Subj	H5387	1
H5375	Subj	H5650	1
H5375	Subj	H5892	1
H5375	Subj	H6530	1
H5375	Subj	H6921	1
H5375	Subj	H7218	1
H5375	Subj	H7416	1
H5375	Subj	H7456	1
H5375	Subj	H7979	1
H5375	Subj	H8104	1
H5375	Subj	H8130	1
H5375	Subj	H8163	1
H5375	Subj	H8384	1
H5380	Objc	H7307	1
H5380	Subj	H7307	1
H5381	Cmpl	H1121	1
H5381	Cmpl	H2893	1
H5381	Cmpl	H3123	1
H5381	Cmpl	H6160	1
H5381	Cmpl	H8449	1
H5381	Objc	H0734	1
H5381	Objc	H1210	1
H5381	Objc	H2233	1
H5381	Objc	H4033	1
H5381	Objc	H8141	1
H5381	Subj	H1210	1
H5381	Subj	H1616	1
H5381	Subj	H1786	1
H5381	Subj	H2428	1
H5381	Subj	H2719	1
H5381	Subj	H3605	1
H5381	Subj	H5087	1
H5381	Subj	H5483	1
H5381	Subj	H6547	1
H5381	Subj	H6571	1
H5381	Subj	H7393	1
H5381	Subj	H8453	1
H5383	Objc	H3972	1
H5383	Objc	H4859	1
H5391	Cmpl	H5237	1
H5391	Objc	H0376	1
H5391	Objc	H0400	1
H5391	Objc	H1697	1
H5391	Objc	H3605	1
H5391	Objc	H3701	1
H5391	Objc	H5971	1
H5391	Subj	H0319	1
H5394	Cmpl	H6086	1
H5394	Objc	H0567	1
H5394	Objc	H1622	1
H5394	Objc	H2340	1
H5394	Objc	H2850	1
H5394	Objc	H2983	1
H5394	Objc	H3064	1
H5394	Objc	H3669	1
H5394	Objc	H6522	1
H5394	Objc	H7227	1
H5394	Objc	H7651	1
H5394	Subj	H0430	1
H5394	Subj	H1270	1
H5394	Subj	H2132	1
H5401	Cmpl	H0001	1
H5401	Cmpl	H0251	1
H5401	Cmpl	H0517	1
H5401	Cmpl	H2545	1
H5401	Cmpl	H3605	1
H5401	Objc	H1247	1
H5401	Objc	H5695	1
H5401	Objc	H8193	1
H5401	Subj	H0120	1
H5401	Subj	H1697	1
H5401	Subj	H2076	1
H5401	Subj	H3027	1
H5401	Subj	H3605	1
H5401	Subj	H5228	1
H5401	Subj	H5971	1
H5401	Subj	H6664	1
H5401	Subj	H7725	1
H5401	Subj	H7965	1
H5405	Subj	H1369	1
H5405	Subj	H3220	1
H5405	Subj	H3956	1
H5405	Subj	H4325	1
H5413	Cmpl	H0776	1
H5413	Cmpl	H3427	1
H5413	Cmpl	H4725	1
H5413	Cmpl	H8064	1
H5413	Cmpl	H8074	1
H5413	Subj	H0423	1
H5413	Subj	H2782	1
H5413	Subj	H2932	1
H5413	Subj	H4306	1
H5413	Subj	H4325	1
H5413	Subj	H5650	1
H5413	Subj	H7581	1
H5413	Subj	H7621	1
H5414	Cmpl	H0006	1
H5414	Cmpl	H0034	1
H5414	Cmpl	H0134	1
H5414	Cmpl	H0157	1
H5414	Cmpl	H0160	1
H5414	Cmpl	H0400	1
H5414	Cmpl	H0402	1
H5414	Cmpl	H0423	1
H5414	Cmpl	H0490	1
H5414	Cmpl	H0519	1
H5414	Cmpl	H0572	1
H5414	Cmpl	H0612	1
H5414	Cmpl	H0639	1
H5414	Cmpl	H0681	1
H5414	Cmpl	H0713	1
H5414	Cmpl	H0899	1
H5414	Cmpl	H0913	1
H5414	Cmpl	H0948	1
H5414	Cmpl	H0961	1
H5414	Cmpl	H0983	1
H5414	Cmpl	H1002	1
H5414	Cmpl	H1067	1
H5414	Cmpl	H1100	1
H5414	Cmpl	H1129	1
H5414	Cmpl	H1167	1
H5414	Cmpl	H1241	1
H5414	Cmpl	H1314	1
H5414	Cmpl	H1322	1
H5414	Cmpl	H1350	1
H5414	Cmpl	H1366	1
H5414	Cmpl	H1416	1
H5414	Cmpl	H1419	1
H5414	Cmpl	H1530	1
H5414	Cmpl	H1595	1
H5414	Cmpl	H1616	1
H5414	Cmpl	H1706	1
H5414	Cmpl	H1736	1
H5414	Cmpl	H1800	1
H5414	Cmpl	H1817	1
H5414	Cmpl	H1870	1
H5414	Cmpl	H2026	1
H5414	Cmpl	H2077	1
H5414	Cmpl	H2145	1
H5414	Cmpl	H2205	1
H5414	Cmpl	H2232	1
H5414	Cmpl	H2290	1
H5414	Cmpl	H2315	1
H5414	Cmpl	H2345	1
H5414	Cmpl	H2389	1
H5414	Cmpl	H2398	1
H5414	Cmpl	H2404	1
H5414	Cmpl	H2406	1
H5414	Cmpl	H2420	1
H5414	Cmpl	H2436	1
H5414	Cmpl	H2617	1
H5414	Cmpl	H2625	1
H5414	Cmpl	H2651	1
H5414	Cmpl	H2672	1
H5414	Cmpl	H2691	1
H5414	Cmpl	H2706	1
H5414	Cmpl	H2721	1
H5414	Cmpl	H2724	1
H5414	Cmpl	H2764	1
H5414	Cmpl	H2781	1
H5414	Cmpl	H2896	1
H5414	Cmpl	H2919	1
H5414	Cmpl	H2930	1
H5414	Cmpl	H3039	1
H5414	Cmpl	H3045	1
H5414	Cmpl	H3196	1
H5414	Cmpl	H3287	1
H5414	Cmpl	H3368	1
H5414	Cmpl	H3409	1
H5414	Cmpl	H3411	1
H5414	Cmpl	H3427	1
H5414	Cmpl	H3490	1
H5414	Cmpl	H3499	1
H5414	Cmpl	H3539	1
H5414	Cmpl	H3608	1
H5414	Cmpl	H3669	1
H5414	Cmpl	H3671	1
H5414	Cmpl	H3686	1
H5414	Cmpl	H3749	1
H5414	Cmpl	H3772	1
H5414	Cmpl	H3824	1
H5414	Cmpl	H3899	1
H5414	Cmpl	H3978	1
H5414	Cmpl	H4014	1
H5414	Cmpl	H4057	1
H5414	Cmpl	H4191	1
H5414	Cmpl	H4194	1
H5414	Cmpl	H4259	1
H5414	Cmpl	H4296	1
H5414	Cmpl	H4325	1
H5414	Cmpl	H4372	1
H5414	Cmpl	H4417	1
H5414	Cmpl	H4467	1
H5414	Cmpl	H4522	1
H5414	Cmpl	H4583	1
H5414	Cmpl	H4605	1
H5414	Cmpl	H4635	1
H5414	Cmpl	H4639	1
H5414	Cmpl	H4687	1
H5414	Cmpl	H4735	1
H5414	Cmpl	H4791	1
H5414	Cmpl	H4837	1
H5414	Cmpl	H4924	1
H5414	Cmpl	H4933	1
H5414	Cmpl	H4941	1
H5414	Cmpl	H4947	1
H5414	Cmpl	H5046	1
H5414	Cmpl	H5104	1
H5414	Cmpl	H5116	1
H5414	Cmpl	H5139	1
H5414	Cmpl	H5178	1
H5414	Cmpl	H5227	1
H5414	Cmpl	H5275	1
H5414	Cmpl	H5306	1
H5414	Cmpl	H5392	1
H5414	Cmpl	H5409	1
H5414	Cmpl	H5439	1
H5414	Cmpl	H5483	1
H5414	Cmpl	H5536	1
H5414	Cmpl	H5561	1
H5414	Cmpl	H5612	1
H5414	Cmpl	H5631	1
H5414	Cmpl	H5676	1
H5414	Cmpl	H5699	1
H5414	Cmpl	H5771	1
H5414	Cmpl	H5777	1
H5414	Cmpl	H5785	1
H5414	Cmpl	H5787	1
H5414	Cmpl	H5797	1
H5414	Cmpl	H5835	1
H5414	Cmpl	H5923	1
H5414	Cmpl	H5978	1
H5414	Cmpl	H6001	1
H5414	Cmpl	H6035	1
H5414	Cmpl	H6051	1
H5414	Cmpl	H6124	1
H5414	Cmpl	H6182	1
H5414	Cmpl	H6297	1
H5414	Cmpl	H6346	1
H5414	Cmpl	H6370	1
H5414	Cmpl	H6413	1
H5414	Cmpl	H6436	1
H5414	Cmpl	H6438	1
H5414	Cmpl	H6471	1
H5414	Cmpl	H6529	1
H5414	Cmpl	H6662	1
H5414	Cmpl	H6729	1
H5414	Cmpl	H6734	1
H5414	Cmpl	H6763	1
H5414	Cmpl	H6864	1
H5414	Cmpl	H6996	1
H5414	Cmpl	H7004	1
H5414	Cmpl	H7165	1
H5414	Cmpl	H7216	1
H5414	Cmpl	H7225	1
H5414	Cmpl	H7458	1
H5414	Cmpl	H7468	1
H5414	Cmpl	H7549	1
H5414	Cmpl	H7553	1
H5414	Cmpl	H7562	1
H5414	Cmpl	H7607	1
H5414	Cmpl	H7617	1
H5414	Cmpl	H7621	1
H5414	Cmpl	H7704	1
H5414	Cmpl	H7848	1
H5414	Cmpl	H7907	1
H5414	Cmpl	H7926	1
H5414	Cmpl	H7941	1
H5414	Cmpl	H7979	1
H5414	Cmpl	H8002	1
H5414	Cmpl	H8048	1
H5414	Cmpl	H8069	1
H5414	Cmpl	H8121	1
H5414	Cmpl	H8130	1
H5414	Cmpl	H8182	1
H5414	Cmpl	H8322	1
H5414	Cmpl	H8333	1
H5414	Cmpl	H8384	1
H5414	Cmpl	H8394	1
H5414	Cmpl	H8416	1
H5414	Cmpl	H8477	1
H5414	Cmpl	H8504	1
H5414	Cmpl	H8565	1
H5414	Cmpl	H8597	1
H5414	Cmpl	H8672	1
H5414	Objc	H0019	1
H5414	Objc	H0080	1
H5414	Objc	H0134	1
H5414	Objc	H0216	1
H5414	Objc	H0241	1
H5414	Objc	H0319	1
H5414	Objc	H0361	1
H5414	Objc	H0423	1
H5414	Objc	H0424	1
H5414	Objc	H0519	1
H5414	Objc	H0562	1
H5414	Objc	H0615	1
H5414	Objc	H0639	1
H5414	Objc	H0641	1
H5414	Objc	H0644	1
H5414	Objc	H0693	1
H5414	Objc	H0737	1
H5414	Objc	H0868	1
H5414	Objc	H0959	1
H5414	Objc	H0962	1
H5414	Objc	H1093	1
H5414	Objc	H1100	1
H5414	Objc	H1242	1
H5414	Objc	H1246	1
H5414	Objc	H1280	1
H5414	Objc	H1335	1
H5414	Objc	H1353	1
H5414	Objc	H1366	1
H5414	Objc	H1367	1
H5414	Objc	H1368	1
H5414	Objc	H1369	1
H5414	Objc	H1375	1
H5414	Objc	H1377	1
H5414	Objc	H1389	1
H5414	Objc	H1416	1
H5414	Objc	H1447	1
H5414	Objc	H1460	1
H5414	Objc	H1488	1
H5414	Objc	H1516	1
H5414	Objc	H1517	1
H5414	Objc	H1530	1
H5414	Objc	H1581	1
H5414	Objc	H1597	1
H5414	Objc	H1622	1
H5414	Objc	H1637	1
H5414	Objc	H1671	1
H5414	Objc	H1690	1
H5414	Objc	H1730	1
H5414	Objc	H1785	1
H5414	Objc	H1824	1
H5414	Objc	H1847	1
H5414	Objc	H1848	1
H5414	Objc	H1918	1
H5414	Objc	H1926	1
H5414	Objc	H1982	1
H5414	Objc	H1995	1
H5414	Objc	H2134	1
H5414	Objc	H2146	1
H5414	Objc	H2154	1
H5414	Objc	H2220	1
H5414	Objc	H2290	1
H5414	Objc	H2315	1
H5414	Objc	H2441	1
H5414	Objc	H2513	1
H5414	Objc	H2549	1
H5414	Objc	H2594	1
H5414	Objc	H2623	1
H5414	Objc	H2633	1
H5414	Objc	H2668	1
H5414	Objc	H2708	1
H5414	Objc	H2717	1
H5414	Objc	H2850	1
H5414	Objc	H2889	1
H5414	Objc	H2898	1
H5414	Objc	H2919	1
H5414	Objc	H2975	1
H5414	Objc	H2983	1
H5414	Objc	H3010	1
H5414	Objc	H3018	1
H5414	Objc	H3033	1
H5414	Objc	H3064	1
H5414	Objc	H3138	1
H5414	Objc	H3158	1
H5414	Objc	H3225	1
H5414	Objc	H3243	1
H5414	Objc	H3257	1
H5414	Objc	H3372	1
H5414	Objc	H3409	1
H5414	Objc	H3477	1
H5414	Objc	H3489	1
H5414	Objc	H3537	1
H5414	Objc	H3550	1
H5414	Objc	H3581	1
H5414	Objc	H3595	1
H5414	Objc	H3631	1
H5414	Objc	H3640	1
H5414	Objc	H3681	1
H5414	Objc	H3707	1
H5414	Objc	H3709	1
H5414	Objc	H3742	1
H5414	Objc	H3748	1
H5414	Objc	H3792	1
H5414	Objc	H3793	1
H5414	Objc	H3804	1
H5414	Objc	H3843	1
H5414	Objc	H3880	1
H5414	Objc	H3906	1
H5414	Objc	H3925	1
H5414	Objc	H3948	1
H5414	Objc	H3956	1
H5414	Objc	H3972	1
H5414	Objc	H4044	1
H5414	Objc	H4057	1
H5414	Objc	H4060	1
H5414	Objc	H4109	1
H5414	Objc	H4132	1
H5414	Objc	H4170	1
H5414	Objc	H4172	1
H5414	Objc	H4202	1
H5414	Objc	H4207	1
H5414	Objc	H4239	1
H5414	Objc	H4242	1
H5414	Objc	H4261	1
H5414	Objc	H4276	1
H5414	Objc	H4289	1
H5414	Objc	H4303	1
H5414	Objc	H4315	1
H5414	Objc	H4334	1
H5414	Objc	H4347	1
H5414	Objc	H4350	1
H5414	Objc	H4371	1
H5414	Objc	H4377	1
H5414	Objc	H4410	1
H5414	Objc	H4456	1
H5414	Objc	H4475	1
H5414	Objc	H4478	1
H5414	Objc	H4496	1
H5414	Objc	H4518	1
H5414	Objc	H4521	1
H5414	Objc	H4533	1
H5414	Objc	H4565	1
H5414	Objc	H4631	1
H5414	Objc	H4668	1
H5414	Objc	H4682	1
H5414	Objc	H4692	1
H5414	Objc	H4696	1
H5414	Objc	H4720	1
H5414	Objc	H4736	1
H5414	Objc	H4862	1
H5414	Objc	H4889	1
H5414	Objc	H4904	1
H5414	Objc	H4906	1
H5414	Objc	H4948	1
H5414	Objc	H4991	1
H5414	Objc	H5057	1
H5414	Objc	H5061	1
H5414	Objc	H5078	1
H5414	Objc	H5084	1
H5414	Objc	H5138	1
H5414	Objc	H5207	1
H5414	Objc	H5221	1
H5414	Objc	H5236	1
H5414	Objc	H5237	1
H5414	Objc	H5251	1
H5414	Objc	H5262	1
H5414	Objc	H5288	1
H5414	Objc	H5291	1
H5414	Objc	H5333	1
H5414	Objc	H5356	1
H5414	Objc	H5631	1
H5414	Objc	H5674	1
H5414	Objc	H5695	1
H5414	Objc	H5704	1
H5414	Objc	H5707	1
H5414	Objc	H5742	1
H5414	Objc	H5775	1
H5414	Objc	H5785	1
H5414	Objc	H5944	1
H5414	Objc	H6016	1
H5414	Objc	H6041	1
H5414	Objc	H6045	1
H5414	Objc	H6057	1
H5414	Objc	H6083	1
H5414	Objc	H6094	1
H5414	Objc	H6153	1
H5414	Objc	H6162	1
H5414	Objc	H6182	1
H5414	Objc	H6287	1
H5414	Objc	H6306	1
H5414	Objc	H6314	1
H5414	Objc	H6341	1
H5414	Objc	H6400	1
H5414	Objc	H6412	1
H5414	Objc	H6413	1
H5414	Objc	H6442	1
H5414	Objc	H6467	1
H5414	Objc	H6468	1
H5414	Objc	H6472	1
H5414	Objc	H6505	1
H5414	Objc	H6532	1
H5414	Objc	H6547	1
H5414	Objc	H6571	1
H5414	Objc	H6588	1
H5414	Objc	H6610	1
H5414	Objc	H6662	1
H5414	Objc	H6664	1
H5414	Objc	H6677	1
H5414	Objc	H6731	1
H5414	Objc	H6784	1
H5414	Objc	H6810	1
H5414	Objc	H6862	1
H5414	Objc	H6883	1
H5414	Objc	H6887	1
H5414	Objc	H6896	1
H5414	Objc	H6926	1
H5414	Objc	H6952	1
H5414	Objc	H6959	1
H5414	Objc	H7023	1
H5414	Objc	H7068	1
H5414	Objc	H7085	1
H5414	Objc	H7086	1
H5414	Objc	H7117	1
H5414	Objc	H7121	1
H5414	Objc	H7133	1
H5414	Objc	H7140	1
H5414	Objc	H7184	1
H5414	Objc	H7186	1
H5414	Objc	H7198	1
H5414	Objc	H7233	1
H5414	Objc	H7241	1
H5414	Objc	H7268	1
H5414	Objc	H7341	1
H5414	Objc	H7358	1
H5414	Objc	H7386	1
H5414	Objc	H7389	1
H5414	Objc	H7399	1
H5414	Objc	H7458	1
H5414	Objc	H7563	1
H5414	Objc	H7607	1
H5414	Objc	H7651	1
H5414	Objc	H7674	1
H5414	Objc	H7699	1
H5414	Objc	H7716	1
H5414	Objc	H7782	1
H5414	Objc	H7785	1
H5414	Objc	H7794	1
H5414	Objc	H7848	1
H5414	Objc	H7860	1
H5414	Objc	H7892	1
H5414	Objc	H7921	1
H5414	Objc	H7922	1
H5414	Objc	H7926	1
H5414	Objc	H7941	1
H5414	Objc	H7992	1
H5414	Objc	H8004	1
H5414	Objc	H8074	1
H5414	Objc	H8104	1
H5414	Objc	H8127	1
H5414	Objc	H8141	1
H5414	Objc	H8199	1
H5414	Objc	H8217	1
H5414	Objc	H8242	1
H5414	Objc	H8253	1
H5414	Objc	H8296	1
H5414	Objc	H8333	1
H5414	Objc	H8334	1
H5414	Objc	H8393	1
H5414	Objc	H8394	1
H5414	Objc	H8403	1
H5414	Objc	H8432	1
H5414	Objc	H8449	1
H5414	Objc	H8457	1
H5414	Objc	H8477	1
H5414	Objc	H8478	1
H5414	Objc	H8506	1
H5414	Objc	H8562	1
H5414	Objc	H8596	1
H5414	Objc	H8604	1
H5414	Objc	H8672	1
H5414	Subj	H0113	1
H5414	Subj	H0120	1
H5414	Subj	H0157	1
H5414	Subj	H0413	1
H5414	Subj	H0433	1
H5414	Subj	H0802	1
H5414	Subj	H0868	1
H5414	Subj	H0935	1
H5414	Subj	H1062	1
H5414	Subj	H1368	1
H5414	Subj	H1471	1
H5414	Subj	H1736	1
H5414	Subj	H1905	1
H5414	Subj	H1926	1
H5414	Subj	H1995	1
H5414	Subj	H2388	1
H5414	Subj	H2416	1
H5414	Subj	H2719	1
H5414	Subj	H2731	1
H5414	Subj	H2851	1
H5414	Subj	H2876	1
H5414	Subj	H2896	1
H5414	Subj	H3205	1
H5414	Subj	H3519	1
H5414	Subj	H3715	1
H5414	Subj	H3878	1
H5414	Subj	H4325	1
H5414	Subj	H4521	1
H5414	Subj	H4605	1
H5414	Subj	H4611	1
H5414	Subj	H4854	1
H5414	Subj	H5057	1
H5414	Subj	H5159	1
H5414	Subj	H5315	1
H5414	Subj	H5373	1
H5414	Subj	H5458	1
H5414	Subj	H5470	1
H5414	Subj	H5529	1
H5414	Subj	H5592	1
H5414	Subj	H5612	1
H5414	Subj	H5971	1
H5414	Subj	H5984	1
H5414	Subj	H6242	1
H5414	Subj	H6505	1
H5414	Subj	H6547	1
H5414	Subj	H6635	1
H5414	Subj	H6776	1
H5414	Subj	H6913	1
H5414	Subj	H6963	1
H5414	Subj	H7117	1
H5414	Subj	H7218	1
H5414	Subj	H7227	1
H5414	Subj	H7563	1
H5414	Subj	H7588	1
H5414	Subj	H7611	1
H5414	Subj	H7626	1
H5414	Subj	H7651	1
H5414	Subj	H7834	1
H5414	Subj	H7922	1
H5414	Subj	H8104	1
H5414	Subj	H8141	1
H5414	Subj	H8330	1
H5414	Subj	H8384	1
H5414	Subj	H8394	1
H5414	Subj	H8401	1
H5414	Subj	H8415	1
H5414	Subj	H8660	1
H5420	Objc	H5410	1
H5421	Subj	H0745	1
H5421	Subj	H3715	1
H5421	Subj	H6963	1
H5421	Subj	H7581	1
H5421	Subj	H7826	1
H5421	Subj	H8127	1
H5422	Objc	H0068	1
H5422	Objc	H0842	1
H5422	Objc	H2532	1
H5422	Objc	H3715	1
H5422	Objc	H4676	1
H5422	Objc	H5439	1
H5422	Objc	H5892	1
H5422	Objc	H6083	1
H5422	Objc	H6086	1
H5422	Objc	H6946	1
H5422	Objc	H7411	1
H5422	Objc	H8179	1
H5422	Subj	H0001	1
H5422	Subj	H1167	1
H5422	Subj	H3600	1
H5422	Subj	H4196	1
H5422	Subj	H4428	1
H5422	Subj	H5892	1
H5422	Subj	H6697	1
H5422	Subj	H8574	1
H5423	Cmpl	H0168	1
H5423	Cmpl	H2724	1
H5423	Objc	H3499	1
H5423	Objc	H3605	1
H5423	Objc	H4133	1
H5423	Objc	H7699	1
H5423	Objc	H8330	1
H5423	Subj	H2154	1
H5423	Subj	H2256	1
H5423	Subj	H2339	1
H5423	Subj	H3548	1
H5423	Subj	H3709	1
H5423	Subj	H4009	1
H5423	Subj	H4340	1
H5423	Subj	H5275	1
H5423	Subj	H5296	1
H5423	Subj	H6616	1
H5423	Subj	H7272	1
H5423	Subj	H7451	1
H5423	Subj	H8027	1
H5423	Subj	H8288	1
H5425	Cmpl	H0776	1
H5425	Cmpl	H4725	1
H5425	Objc	H0092	1
H5425	Objc	H1471	1
H5425	Objc	H1870	1
H5425	Objc	H3027	1
H5425	Objc	H4133	1
H5425	Objc	H6074	1
H5428	Cmpl	H2896	1
H5428	Cmpl	H7130	1
H5428	Cmpl	H8432	1
H5428	Objc	H0842	1
H5428	Objc	H1004	1
H5428	Objc	H1471	1
H5428	Objc	H5892	1
H5428	Subj	H2114	1
H5428	Subj	H4325	1
H5428	Subj	H4438	1
H5428	Subj	H5140	1
H5428	Subj	H7119	1
H5435	Objc	H7941	1
H5437	Cmpl	H0001	1
H5437	Cmpl	H1121	1
H5437	Cmpl	H1870	1
H5437	Cmpl	H3646	1
H5437	Cmpl	H4057	1
H5437	Cmpl	H4135	1
H5437	Cmpl	H4217	1
H5437	Cmpl	H4546	1
H5437	Cmpl	H4908	1
H5437	Cmpl	H5048	1
H5437	Cmpl	H5158	1
H5437	Cmpl	H5315	1
H5437	Cmpl	H5488	1
H5437	Cmpl	H6285	1
H5437	Cmpl	H6440	1
H5437	Cmpl	H6828	1
H5437	Cmpl	H7307	1
H5437	Cmpl	H7339	1
H5437	Cmpl	H7704	1
H5437	Objc	H1280	1
H5437	Objc	H1397	1
H5437	Objc	H1697	1
H5437	Objc	H1817	1
H5437	Objc	H2346	1
H5437	Objc	H2435	1
H5437	Objc	H3605	1
H5437	Objc	H3993	1
H5437	Objc	H3996	1
H5437	Objc	H4026	1
H5437	Objc	H4196	1
H5437	Objc	H4410	1
H5437	Objc	H4438	1
H5437	Objc	H5869	1
H5437	Objc	H5971	1
H5437	Objc	H5982	1
H5437	Objc	H7676	1
H5437	Objc	H8145	1
H5437	Subj	H0485	1
H5437	Subj	H0727	1
H5437	Subj	H0776	1
H5437	Subj	H1004	1
H5437	Subj	H1100	1
H5437	Subj	H1817	1
H5437	Subj	H2205	1
H5437	Subj	H2339	1
H5437	Subj	H3225	1
H5437	Subj	H3563	1
H5437	Subj	H3627	1
H5437	Subj	H3820	1
H5437	Subj	H4410	1
H5437	Subj	H5347	1
H5437	Subj	H5375	1
H5437	Subj	H5594	1
H5437	Subj	H5699	1
H5437	Subj	H6235	1
H5437	Subj	H6240	1
H5437	Subj	H7051	1
H5437	Subj	H7097	1
H5437	Subj	H7227	1
H5437	Subj	H8147	1
H5445	Subj	H2284	1
H5462	Cmpl	H0113	1
H5462	Cmpl	H0310	1
H5462	Cmpl	H0341	1
H5462	Cmpl	H0376	1
H5462	Cmpl	H1004	1
H5462	Cmpl	H1259	1
H5462	Cmpl	H1698	1
H5462	Cmpl	H2719	1
H5462	Cmpl	H3851	1
H5462	Cmpl	H4525	1
H5462	Cmpl	H7358	1
H5462	Cmpl	H8147	1
H5462	Cmpl	H8432	1
H5462	Cmpl	H8478	1
H5462	Objc	H0001	1
H5462	Objc	H0341	1
H5462	Objc	H0361	1
H5462	Objc	H0745	1
H5462	Objc	H0759	1
H5462	Objc	H0990	1
H5462	Objc	H1165	1
H5462	Objc	H1320	1
H5462	Objc	H1964	1
H5462	Objc	H2346	1
H5462	Objc	H4393	1
H5462	Objc	H5650	1
H5462	Objc	H5944	1
H5462	Objc	H5971	1
H5462	Objc	H6433	1
H5462	Objc	H6556	1
H5462	Objc	H7358	1
H5462	Objc	H7523	1
H5462	Objc	H8300	1
H5462	Subj	H0430	1
H5462	Subj	H1004	1
H5462	Subj	H1167	1
H5462	Subj	H1817	1
H5462	Subj	H2460	1
H5462	Subj	H3605	1
H5462	Subj	H4057	1
H5462	Subj	H5045	1
H5462	Subj	H5892	1
H5462	Subj	H7783	1
H5480	Objc	H0341	1
H5493	Cmpl	H0127	1
H5493	Cmpl	H0214	1
H5493	Cmpl	H0376	1
H5493	Cmpl	H0430	1
H5493	Cmpl	H0561	1
H5493	Cmpl	H2706	1
H5493	Cmpl	H2822	1
H5493	Cmpl	H2983	1
H5493	Cmpl	H3548	1
H5493	Cmpl	H3820	1
H5493	Cmpl	H3824	1
H5493	Cmpl	H3878	1
H5493	Cmpl	H4295	1
H5493	Cmpl	H4428	1
H5493	Cmpl	H5048	1
H5493	Cmpl	H5237	1
H5493	Cmpl	H5447	1
H5493	Cmpl	H5656	1
H5493	Cmpl	H5944	1
H5493	Cmpl	H7563	1
H5493	Objc	H0047	1
H5493	Objc	H0120	1
H5493	Objc	H0178	1
H5493	Objc	H0212	1
H5493	Objc	H0241	1
H5493	Objc	H0491	1
H5493	Objc	H0639	1
H5493	Objc	H0666	1
H5493	Objc	H0842	1
H5493	Objc	H0913	1
H5493	Objc	H1004	1
H5493	Objc	H1121	1
H5493	Objc	H1346	1
H5493	Objc	H1367	1
H5493	Objc	H1995	1
H5493	Objc	H2183	1
H5493	Objc	H2483	1
H5493	Objc	H2553	1
H5493	Objc	H2555	1
H5493	Objc	H2708	1
H5493	Objc	H3049	1
H5493	Objc	H3196	1
H5493	Objc	H3595	1
H5493	Objc	H3707	1
H5493	Objc	H3709	1
H5493	Objc	H3824	1
H5493	Objc	H4133	1
H5493	Objc	H4194	1
H5493	Objc	H4245	1
H5493	Objc	H4372	1
H5493	Objc	H4428	1
H5493	Objc	H4533	1
H5493	Objc	H4598	1
H5493	Objc	H4611	1
H5493	Objc	H4639	1
H5493	Objc	H4676	1
H5493	Objc	H4701	1
H5493	Objc	H4760	1
H5493	Objc	H4818	1
H5493	Objc	H4881	1
H5493	Objc	H5061	1
H5493	Objc	H5175	1
H5493	Objc	H5566	1
H5493	Objc	H5914	1
H5493	Objc	H5930	1
H5493	Objc	H5947	1
H5493	Objc	H6124	1
H5493	Objc	H6143	1
H5493	Objc	H6190	1
H5493	Objc	H6310	1
H5493	Objc	H6440	1
H5493	Objc	H6662	1
H5493	Objc	H6666	1
H5493	Objc	H6809	1
H5493	Objc	H6854	1
H5493	Objc	H7455	1
H5493	Objc	H7626	1
H5493	Objc	H7628	1
H5493	Objc	H7636	1
H5493	Objc	H7701	1
H5493	Objc	H7720	1
H5493	Objc	H7892	1
H5493	Objc	H7926	1
H5493	Objc	H8034	1
H5493	Objc	H8071	1
H5493	Objc	H8242	1
H5493	Objc	H8267	1
H5493	Objc	H8392	1
H5493	Objc	H8495	1
H5493	Objc	H8538	1
H5493	Objc	H8548	1
H5493	Objc	H8597	1
H5493	Objc	H8605	1
H5493	Subj	H0200	1
H5493	Subj	H0376	1
H5493	Subj	H0413	1
H5493	Subj	H0430	1
H5493	Subj	H1121	1
H5493	Subj	H2617	1
H5493	Subj	H2719	1
H5493	Subj	H3027	1
H5493	Subj	H3605	1
H5493	Subj	H3775	1
H5493	Subj	H3820	1
H5493	Subj	H4194	1
H5493	Subj	H4751	1
H5493	Subj	H4798	1
H5493	Subj	H5061	1
H5493	Subj	H5435	1
H5493	Subj	H5628	1
H5493	Subj	H5771	1
H5493	Subj	H5923	1
H5493	Subj	H5982	1
H5493	Subj	H6141	1
H5493	Subj	H6547	1
H5493	Subj	H6738	1
H5493	Subj	H6854	1
H5493	Subj	H7017	1
H5493	Subj	H7451	1
H5493	Subj	H8548	1
H5498	Cmpl	H5158	1
H5500	Objc	H6083	1
H5502	Subj	H0047	1
H5503	Cmpl	H0776	1
H5503	Objc	H0776	1
H5503	Subj	H3548	1
H5503	Subj	H3820	1
H5503	Subj	H5030	1
H5526	Cmpl	H0084	1
H5526	Cmpl	H0639	1
H5526	Cmpl	H0905	1
H5526	Cmpl	H1157	1
H5526	Cmpl	H5715	1
H5526	Cmpl	H6051	1
H5526	Cmpl	H7218	1
H5526	Objc	H3220	1
H5526	Objc	H3709	1
H5526	Objc	H6532	1
H5526	Objc	H7272	1
H5526	Subj	H0433	1
H5526	Subj	H3742	1
H5528	Objc	H6098	1
H5532	Cmpl	H0413	1
H5532	Objc	H1870	1
H5532	Objc	H3605	1
H5534	Cmpl	H0113	1
H5534	Cmpl	H3027	1
H5534	Cmpl	H7186	1
H5534	Subj	H0699	1
H5534	Subj	H1696	1
H5534	Subj	H4599	1
H5534	Subj	H6310	1
H5534	Subj	H8064	1
H5534	Subj	H8267	1
H5534	Subj	H8415	1
H5545	Cmpl	H0259	1
H5545	Cmpl	H1121	1
H5545	Cmpl	H1616	1
H5545	Cmpl	H5713	1
H5549	Objc	H0343	1
H5549	Objc	H0734	1
H5549	Objc	H1870	1
H5549	Objc	H4546	1
H5557	Objc	H0386	1
H5557	Objc	H1870	1
H5557	Subj	H0120	1
H5557	Subj	H0200	1
H5557	Subj	H7564	1
H5559	Cmpl	H0996	1
H5559	Cmpl	H8064	1
H5559	Subj	H0317	1
H5559	Subj	H2191	1
H5559	Subj	H4904	1
H5559	Subj	H7161	1
H5564	Cmpl	H0430	1
H5564	Cmpl	H1697	1
H5564	Cmpl	H2416	1
H5564	Cmpl	H3878	1
H5564	Cmpl	H4428	1
H5564	Cmpl	H5930	1
H5564	Cmpl	H7023	1
H5564	Objc	H8147	1
H5564	Subj	H2205	1
H5564	Subj	H2534	1
H5564	Subj	H3605	1
H5564	Subj	H3878	1
H5564	Subj	H4428	1
H5564	Subj	H5713	1
H5564	Subj	H5971	1
H5564	Subj	H8085	1
H5582	Cmpl	H3899	1
H5582	Cmpl	H6595	1
H5582	Objc	H0376	1
H5582	Objc	H3678	1
H5594	Cmpl	H1167	1
H5594	Cmpl	H6440	1
H5594	Objc	H1419	1
H5594	Objc	H3515	1
H5594	Objc	H3966	1
H5594	Objc	H4553	1
H5594	Subj	H0776	1
H5595	Cmpl	H0639	1
H5595	Cmpl	H2740	1
H5595	Cmpl	H3027	1
H5595	Cmpl	H5771	1
H5595	Cmpl	H5892	1
H5595	Cmpl	H7563	1
H5595	Objc	H2206	1
H5595	Objc	H6662	1
H5595	Objc	H6770	1
H5595	Objc	H7462	1
H5595	Subj	H0929	1
H5595	Subj	H4428	1
H5595	Subj	H5775	1
H5595	Subj	H7302	1
H5596	Cmpl	H1004	1
H5596	Cmpl	H5159	1
H5603	Cmpl	H0730	1
H5603	Objc	H1004	1
H5603	Objc	H1356	1
H5603	Objc	H7713	1
H5605	Cmpl	H0430	1
H5605	Cmpl	H1004	1
H5606	Subj	H1870	1
H5606	Subj	H3605	1
H5606	Subj	H5674	1
H5608	Cmpl	H0001	1
H5608	Cmpl	H0157	1
H5608	Cmpl	H0241	1
H5608	Cmpl	H0314	1
H5608	Cmpl	H0802	1
H5608	Cmpl	H1471	1
H5608	Cmpl	H2491	1
H5608	Cmpl	H2706	1
H5608	Cmpl	H2859	1
H5608	Cmpl	H2893	1
H5608	Cmpl	H3117	1
H5608	Cmpl	H3605	1
H5608	Cmpl	H4283	1
H5608	Cmpl	H5971	1
H5608	Cmpl	H7676	1
H5608	Objc	H0430	1
H5608	Objc	H1004	1
H5608	Objc	H1121	1
H5608	Objc	H1419	1
H5608	Objc	H1616	1
H5608	Objc	H1870	1
H5608	Objc	H2568	1
H5608	Objc	H2706	1
H5608	Objc	H3392	1
H5608	Objc	H3556	1
H5608	Objc	H3878	1
H5608	Objc	H4026	1
H5608	Objc	H4399	1
H5608	Objc	H5449	1
H5608	Objc	H5971	1
H5608	Objc	H6239	1
H5608	Objc	H6310	1
H5608	Objc	H6467	1
H5608	Objc	H6666	1
H5608	Objc	H7230	1
H5608	Objc	H7676	1
H5608	Objc	H7834	1
H5608	Objc	H8083	1
H5608	Objc	H8141	1
H5608	Objc	H8441	1
H5608	Subj	H1709	1
H5608	Subj	H2617	1
H5608	Subj	H3220	1
H5608	Subj	H5030	1
H5608	Subj	H5650	1
H5608	Subj	H5971	1
H5608	Subj	H6310	1
H5608	Subj	H6547	1
H5608	Subj	H6635	1
H5608	Subj	H8064	1
H5608	Subj	H8248	1
H5608	Subj	H8269	1
H5619	Cmpl	H5980	1
H5619	Objc	H3605	1
H5619	Objc	H4428	1
H5619	Objc	H5650	1
H5628	Cmpl	H0268	1
H5628	Cmpl	H4908	1
H5628	Subj	H2677	1
H5628	Subj	H3407	1
H5640	Objc	H1697	1
H5640	Objc	H2377	1
H5640	Objc	H4161	1
H5640	Objc	H5158	1
H5640	Objc	H5869	1
H5640	Objc	H5945	1
H5641	Cmpl	H0639	1
H5641	Cmpl	H2399	1
H5641	Cmpl	H3117	1
H5641	Cmpl	H3639	1
H5641	Cmpl	H4565	1
H5641	Cmpl	H5048	1
H5641	Cmpl	H5158	1
H5641	Cmpl	H5650	1
H5641	Cmpl	H5775	1
H5641	Cmpl	H5892	1
H5641	Cmpl	H7536	1
H5641	Cmpl	H8064	1
H5641	Cmpl	H8267	1
H5641	Objc	H4687	1
H5641	Objc	H5080	1
H5641	Objc	H5999	1
H5641	Objc	H6098	1
H5641	Subj	H0001	1
H5641	Subj	H0120	1
H5641	Subj	H0205	1
H5641	Subj	H0376	1
H5641	Subj	H0585	1
H5641	Subj	H0998	1
H5641	Subj	H5164	1
H5647	Cmpl	H0001	1
H5647	Cmpl	H0312	1
H5647	Cmpl	H0430	1
H5647	Cmpl	H0505	1
H5647	Cmpl	H1060	1
H5647	Cmpl	H1167	1
H5647	Cmpl	H1419	1
H5647	Cmpl	H1722	1
H5647	Cmpl	H2077	1
H5647	Cmpl	H3605	1
H5647	Cmpl	H3824	1
H5647	Cmpl	H5656	1
H5647	Cmpl	H5680	1
H5647	Cmpl	H5930	1
H5647	Cmpl	H5978	1
H5647	Cmpl	H6253	1
H5647	Cmpl	H6440	1
H5647	Cmpl	H6924	1
H5647	Cmpl	H7453	1
H5647	Cmpl	H7704	1
H5647	Cmpl	H7794	1
H5647	Cmpl	H8002	1
H5647	Cmpl	H8057	1
H5647	Objc	H0120	1
H5647	Objc	H0341	1
H5647	Objc	H0376	1
H5647	Objc	H0424	1
H5647	Objc	H0778	1
H5647	Objc	H1004	1
H5647	Objc	H1471	1
H5647	Objc	H2114	1
H5647	Objc	H2248	1
H5647	Objc	H2428	1
H5647	Objc	H2598	1
H5647	Objc	H3027	1
H5647	Objc	H3605	1
H5647	Objc	H3778	1
H5647	Objc	H3899	1
H5647	Objc	H4639	1
H5647	Objc	H4854	1
H5647	Objc	H5122	1
H5647	Objc	H5650	1
H5647	Objc	H6430	1
H5647	Objc	H6754	1
H5647	Objc	H6810	1
H5647	Objc	H7227	1
H5647	Objc	H7960	1
H5647	Objc	H8065	1
H5647	Subj	H0376	1
H5647	Subj	H0424	1
H5647	Subj	H0520	1
H5647	Subj	H0776	1
H5647	Subj	H2114	1
H5647	Subj	H3548	1
H5647	Subj	H3674	1
H5647	Subj	H3961	1
H5647	Subj	H5104	1
H5647	Subj	H5650	1
H5647	Subj	H5676	1
H5647	Subj	H5942	1
H5647	Subj	H6346	1
H5647	Subj	H7607	1
H5647	Subj	H8074	1
H5670	Objc	H0734	1
H5670	Objc	H1471	1
H5670	Objc	H5667	1
H5670	Objc	H7227	1
H5674	Cmpl	H0113	1
H5674	Cmpl	H0272	1
H5674	Cmpl	H0339	1
H5674	Cmpl	H0376	1
H5674	Cmpl	H0436	1
H5674	Cmpl	H0727	1
H5674	Cmpl	H0757	1
H5674	Cmpl	H1295	1
H5674	Cmpl	H1323	1
H5674	Cmpl	H1335	1
H5674	Cmpl	H1368	1
H5674	Cmpl	H1471	1
H5674	Cmpl	H1506	1
H5674	Cmpl	H1661	1
H5674	Cmpl	H1688	1
H5674	Cmpl	H1731	1
H5674	Cmpl	H2091	1
H5674	Cmpl	H2206	1
H5674	Cmpl	H2428	1
H5674	Cmpl	H2724	1
H5674	Cmpl	H2898	1
H5674	Cmpl	H3004	1
H5674	Cmpl	H3027	1
H5674	Cmpl	H3064	1
H5674	Cmpl	H3228	1
H5674	Cmpl	H3754	1
H5674	Cmpl	H4057	1
H5674	Cmpl	H4135	1
H5674	Cmpl	H4404	1
H5674	Cmpl	H4421	1
H5674	Cmpl	H4438	1
H5674	Cmpl	H4467	1
H5674	Cmpl	H4487	1
H5674	Cmpl	H4569	1
H5674	Cmpl	H4899	1
H5674	Cmpl	H5045	1
H5674	Cmpl	H5048	1
H5674	Cmpl	H5051	1
H5674	Cmpl	H5104	1
H5674	Cmpl	H5159	1
H5674	Cmpl	H5676	1
H5674	Cmpl	H5869	1
H5674	Cmpl	H6102	1
H5674	Cmpl	H6189	1
H5674	Cmpl	H6256	1
H5674	Cmpl	H6588	1
H5674	Cmpl	H6629	1
H5674	Cmpl	H6677	1
H5674	Cmpl	H6924	1
H5674	Cmpl	H7101	1
H5674	Cmpl	H7272	1
H5674	Cmpl	H7569	1
H5674	Cmpl	H7845	1
H5674	Cmpl	H7974	1
H5674	Objc	H0001	1
H5674	Objc	H0091	1
H5674	Objc	H0155	1
H5674	Objc	H0341	1
H5674	Objc	H0430	1
H5674	Objc	H0734	1
H5674	Objc	H1320	1
H5674	Objc	H2416	1
H5674	Objc	H2781	1
H5674	Objc	H2898	1
H5674	Objc	H2932	1
H5674	Objc	H3220	1
H5674	Objc	H3571	1
H5674	Objc	H4150	1
H5674	Objc	H4284	1
H5674	Objc	H4324	1
H5674	Objc	H4467	1
H5674	Objc	H4569	1
H5674	Objc	H4676	1
H5674	Objc	H4687	1
H5674	Objc	H4708	1
H5674	Objc	H5030	1
H5674	Objc	H5676	1
H5674	Objc	H5869	1
H5674	Objc	H5971	1
H5674	Objc	H6456	1
H5674	Objc	H6944	1
H5674	Objc	H6946	1
H5674	Objc	H7218	1
H5674	Objc	H7225	1
H5674	Objc	H7651	1
H5674	Objc	H8179	1
H5674	Objc	H8251	1
H5674	Objc	H8593	1
H5674	Objc	H8643	1
H5674	Subj	H0060	1
H5674	Subj	H0113	1
H5674	Subj	H0259	1
H5674	Subj	H0430	1
H5674	Subj	H0505	1
H5674	Subj	H0702	1
H5674	Subj	H0727	1
H5674	Subj	H0929	1
H5674	Subj	H1068	1
H5674	Subj	H1350	1
H5674	Subj	H1663	1
H5674	Subj	H1698	1
H5674	Subj	H1818	1
H5674	Subj	H1942	1
H5674	Subj	H2121	1
H5674	Subj	H2195	1
H5674	Subj	H2230	1
H5674	Subj	H2320	1
H5674	Subj	H2740	1
H5674	Subj	H2945	1
H5674	Subj	H3018	1
H5674	Subj	H3444	1
H5674	Subj	H3519	1
H5674	Subj	H3548	1
H5674	Subj	H3563	1
H5674	Subj	H3709	1
H5674	Subj	H3824	1
H5674	Subj	H3967	1
H5674	Subj	H4060	1
H5674	Subj	H4084	1
H5674	Subj	H4503	1
H5674	Subj	H4906	1
H5674	Subj	H4941	1
H5674	Subj	H5065	1
H5674	Subj	H5158	1
H5674	Subj	H5288	1
H5674	Subj	H5492	1
H5674	Subj	H5504	1
H5674	Subj	H5553	1
H5674	Subj	H5638	1
H5674	Subj	H5645	1
H5674	Subj	H5679	1
H5674	Subj	H5680	1
H5674	Subj	H5771	1
H5674	Subj	H6310	1
H5674	Subj	H6332	1
H5674	Subj	H6505	1
H5674	Subj	H6629	1
H5674	Subj	H6672	1
H5674	Subj	H7105	1
H5674	Subj	H7227	1
H5674	Subj	H7440	1
H5674	Subj	H7462	1
H5674	Subj	H7626	1
H5674	Subj	H7794	1
H5674	Subj	H7860	1
H5674	Subj	H8337	1
H5674	Subj	H8593	1
H5674	Subj	H8605	1
H5701	Cmpl	H0034	1
H5701	Subj	H5315	1
H5743	Cmpl	H0639	1
H5743	Objc	H1323	1
H5749	Cmpl	H0001	1
H5749	Cmpl	H0802	1
H5749	Cmpl	H1004	1
H5749	Cmpl	H1167	1
H5749	Cmpl	H5971	1
H5749	Cmpl	H7307	1
H5749	Objc	H0490	1
H5749	Objc	H1121	1
H5749	Objc	H3490	1
H5749	Objc	H3548	1
H5749	Subj	H0376	1
H5749	Subj	H4397	1
H5756	Cmpl	H1942	1
H5756	Cmpl	H4581	1
H5756	Cmpl	H6547	1
H5756	Cmpl	H7130	1
H5756	Objc	H3605	1
H5756	Objc	H4735	1
H5756	Subj	H3427	1
H5774	Cmpl	H0776	1
H5774	Cmpl	H6430	1
H5774	Cmpl	H6440	1
H5774	Cmpl	H7549	1
H5774	Objc	H5869	1
H5774	Subj	H0259	1
H5774	Subj	H3519	1
H5774	Subj	H5315	1
H5774	Subj	H5775	1
H5774	Subj	H8314	1
H5779	Objc	H6098	1
H5781	Subj	H5699	1
H5782	Cmpl	H1121	1
H5782	Cmpl	H1397	1
H5782	Cmpl	H2610	1
H5782	Cmpl	H4217	1
H5782	Cmpl	H4428	1
H5782	Cmpl	H4583	1
H5782	Cmpl	H5045	1
H5782	Cmpl	H5997	1
H5782	Cmpl	H6440	1
H5782	Cmpl	H6828	1
H5782	Cmpl	H6944	1
H5782	Objc	H0241	1
H5782	Objc	H0776	1
H5782	Objc	H1368	1
H5782	Objc	H1369	1
H5782	Objc	H1419	1
H5782	Objc	H2201	1
H5782	Objc	H2534	1
H5782	Objc	H3548	1
H5782	Objc	H3581	1
H5782	Objc	H3824	1
H5782	Objc	H3882	1
H5782	Objc	H4438	1
H5782	Objc	H5971	1
H5782	Objc	H6163	1
H5782	Objc	H6260	1
H5782	Objc	H6346	1
H5782	Objc	H6430	1
H5782	Objc	H7064	1
H5782	Objc	H7068	1
H5782	Objc	H7611	1
H5782	Objc	H7668	1
H5782	Objc	H7837	1
H5782	Subj	H4428	1
H5782	Subj	H5355	1
H5782	Subj	H5591	1
H5782	Subj	H6635	1
H5782	Subj	H7227	1
H5782	Subj	H8135	1
H5786	Objc	H2450	1
H5786	Objc	H6493	1
H5800	Cmpl	H0113	1
H5800	Cmpl	H0251	1
H5800	Cmpl	H0312	1
H5800	Cmpl	H0727	1
H5800	Cmpl	H1285	1
H5800	Cmpl	H2416	1
H5800	Cmpl	H3605	1
H5800	Cmpl	H4191	1
H5800	Cmpl	H4264	1
H5800	Cmpl	H6951	1
H5800	Cmpl	H8269	1
H5800	Objc	H0168	1
H5800	Objc	H0251	1
H5800	Objc	H0272	1
H5800	Objc	H0376	1
H5800	Objc	H0571	1
H5800	Objc	H0802	1
H5800	Objc	H0961	1
H5800	Objc	H1000	1
H5800	Objc	H1800	1
H5800	Objc	H1870	1
H5800	Objc	H1875	1
H5800	Objc	H2428	1
H5800	Objc	H2534	1
H5800	Objc	H2543	1
H5800	Objc	H2623	1
H5800	Objc	H2708	1
H5800	Objc	H2945	1
H5800	Objc	H3018	1
H5800	Objc	H3374	1
H5800	Objc	H3490	1
H5800	Objc	H3519	1
H5800	Objc	H3878	1
H5800	Objc	H4054	1
H5800	Objc	H4138	1
H5800	Objc	H4735	1
H5800	Objc	H4855	1
H5800	Objc	H4941	1
H5800	Objc	H5159	1
H5800	Objc	H5315	1
H5800	Objc	H5483	1
H5800	Objc	H5520	1
H5800	Objc	H5650	1
H5800	Objc	H6057	1
H5800	Objc	H6091	1
H5800	Objc	H6235	1
H5800	Objc	H6370	1
H5800	Objc	H6440	1
H5800	Objc	H6629	1
H5800	Objc	H7633	1
H5800	Objc	H7880	1
H5800	Objc	H8330	1
H5800	Objc	H8457	1
H5800	Subj	H0001	1
H5800	Subj	H0127	1
H5800	Subj	H0376	1
H5800	Subj	H0430	1
H5800	Subj	H1004	1
H5800	Subj	H1995	1
H5800	Subj	H2502	1
H5800	Subj	H3878	1
H5800	Subj	H7563	1
H5800	Subj	H7950	1
H5800	Subj	H8416	1
H5810	Cmpl	H2450	1
H5810	Cmpl	H6440	1
H5810	Objc	H5869	1
H5810	Objc	H6440	1
H5810	Objc	H8415	1
H5810	Subj	H2451	1
H5810	Subj	H7563	1
H5826	Cmpl	H0310	1
H5826	Cmpl	H0341	1
H5826	Cmpl	H1121	1
H5826	Cmpl	H1416	1
H5826	Cmpl	H3581	1
H5826	Cmpl	H4889	1
H5826	Objc	H3878	1
H5826	Subj	H0430	1
H5826	Subj	H1121	1
H5844	Objc	H0776	1
H5844	Objc	H0899	1
H5844	Objc	H0955	1
H5844	Objc	H1293	1
H5844	Objc	H1322	1
H5844	Objc	H2781	1
H5844	Objc	H3639	1
H5844	Objc	H7068	1
H5844	Subj	H3605	1
H5848	Cmpl	H3225	1
H5848	Objc	H1247	1
H5848	Subj	H2555	1
H5848	Subj	H3243	1
H5848	Subj	H3820	1
H5848	Subj	H5921	1
H5848	Subj	H6010	1
H5848	Subj	H6440	1
H5848	Subj	H6629	1
H5848	Subj	H7896	1
H5849	Objc	H2896	1
H5849	Objc	H8141	1
H5849	Subj	H0517	1
H5916	Objc	H0776	1
H5916	Subj	H0001	1
H5916	Subj	H3511	1
H5921	Cmpl	H3605	1
H5921	Cmpl	H3820	1
H5921	Subj	H1323	1
H5921	Subj	H2623	1
H5921	Subj	H3605	1
H5921	Subj	H3629	1
H5921	Subj	H3820	1
H5921	Subj	H6189	1
H5921	Subj	H7563	1
H5921	Subj	H7704	1
H5927	Cmpl	H0068	1
H5927	Cmpl	H0127	1
H5927	Cmpl	H0168	1
H5927	Cmpl	H0251	1
H5927	Cmpl	H0376	1
H5927	Cmpl	H0567	1
H5927	Cmpl	H0650	1
H5927	Cmpl	H1364	1
H5927	Cmpl	H1366	1
H5927	Cmpl	H1419	1
H5927	Cmpl	H1471	1
H5927	Cmpl	H1486	1
H5927	Cmpl	H1494	1
H5927	Cmpl	H1516	1
H5927	Cmpl	H1530	1
H5927	Cmpl	H1681	1
H5927	Cmpl	H1697	1
H5927	Cmpl	H1706	1
H5927	Cmpl	H2100	1
H5927	Cmpl	H2205	1
H5927	Cmpl	H2340	1
H5927	Cmpl	H2461	1
H5927	Cmpl	H2474	1
H5927	Cmpl	H2850	1
H5927	Cmpl	H2964	1
H5927	Cmpl	H3117	1
H5927	Cmpl	H3293	1
H5927	Cmpl	H3548	1
H5927	Cmpl	H3710	1
H5927	Cmpl	H3742	1
H5927	Cmpl	H3851	1
H5927	Cmpl	H3956	1
H5927	Cmpl	H4057	1
H5927	Cmpl	H4135	1
H5927	Cmpl	H4264	1
H5927	Cmpl	H4501	1
H5927	Cmpl	H4546	1
H5927	Cmpl	H4557	1
H5927	Cmpl	H4670	1
H5927	Cmpl	H4740	1
H5927	Cmpl	H4904	1
H5927	Cmpl	H4940	1
H5927	Cmpl	H4975	1
H5927	Cmpl	H5104	1
H5927	Cmpl	H5158	1
H5927	Cmpl	H5178	1
H5927	Cmpl	H5207	1
H5927	Cmpl	H5612	1
H5927	Cmpl	H5645	1
H5927	Cmpl	H5715	1
H5927	Cmpl	H5930	1
H5927	Cmpl	H5944	1
H5927	Cmpl	H5945	1
H5927	Cmpl	H6040	1
H5927	Cmpl	H6160	1
H5927	Cmpl	H6210	1
H5927	Cmpl	H6519	1
H5927	Cmpl	H6522	1
H5927	Cmpl	H6556	1
H5927	Cmpl	H6629	1
H5927	Cmpl	H6677	1
H5927	Cmpl	H6697	1
H5927	Cmpl	H6913	1
H5927	Cmpl	H7130	1
H5927	Cmpl	H7272	1
H5927	Cmpl	H7381	1
H5927	Cmpl	H7453	1
H5927	Cmpl	H7626	1
H5927	Cmpl	H7845	1
H5927	Cmpl	H7910	1
H5927	Cmpl	H8057	1
H5927	Cmpl	H8284	1
H5927	Cmpl	H8414	1
H5927	Cmpl	H8478	1
H5927	Cmpl	H8484	1
H5927	Objc	H0001	1
H5927	Objc	H0083	1
H5927	Objc	H0259	1
H5927	Objc	H0376	1
H5927	Objc	H0639	1
H5927	Objc	H0724	1
H5927	Objc	H0759	1
H5927	Objc	H0889	1
H5927	Objc	H1320	1
H5927	Objc	H1323	1
H5927	Objc	H1368	1
H5927	Objc	H1471	1
H5927	Objc	H1481	1
H5927	Objc	H2022	1
H5927	Objc	H2077	1
H5927	Objc	H2114	1
H5927	Objc	H2416	1
H5927	Objc	H2460	1
H5927	Objc	H2534	1
H5927	Objc	H3499	1
H5927	Objc	H3701	1
H5927	Objc	H3742	1
H5927	Objc	H3892	1
H5927	Objc	H4220	1
H5927	Objc	H4264	1
H5927	Objc	H4428	1
H5927	Objc	H4522	1
H5927	Objc	H5030	1
H5927	Objc	H5045	1
H5927	Objc	H5315	1
H5927	Objc	H5483	1
H5927	Objc	H5892	1
H5927	Objc	H6509	1
H5927	Objc	H6547	1
H5927	Objc	H7004	1
H5927	Objc	H7227	1
H5927	Objc	H7651	1
H5927	Objc	H8064	1
H5927	Objc	H8242	1
H5927	Objc	H8269	1
H5927	Objc	H8333	1
H5927	Objc	H8337	1
H5927	Objc	H8415	1
H5927	Objc	H8548	1
H5927	Subj	H0108	1
H5927	Subj	H0113	1
H5927	Subj	H0567	1
H5927	Subj	H0697	1
H5927	Subj	H0702	1
H5927	Subj	H0727	1
H5927	Subj	H0745	1
H5927	Subj	H0784	1
H5927	Subj	H0899	1
H5927	Subj	H1065	1
H5927	Subj	H1116	1
H5927	Subj	H1241	1
H5927	Subj	H1265	1
H5927	Subj	H1285	1
H5927	Subj	H1320	1
H5927	Subj	H1368	1
H5927	Subj	H1419	1
H5927	Subj	H1430	1
H5927	Subj	H1473	1
H5927	Subj	H1616	1
H5927	Subj	H1863	1
H5927	Subj	H1918	1
H5927	Subj	H2022	1
H5927	Subj	H2130	1
H5927	Subj	H2380	1
H5927	Subj	H2450	1
H5927	Subj	H2859	1
H5927	Subj	H2919	1
H5927	Subj	H2994	1
H5927	Subj	H3027	1
H5927	Subj	H3158	1
H5927	Subj	H3467	1
H5927	Subj	H3515	1
H5927	Subj	H3610	1
H5927	Subj	H3632	1
H5927	Subj	H3761	1
H5927	Subj	H3772	1
H5927	Subj	H3778	1
H5927	Subj	H3851	1
H5927	Subj	H3954	1
H5927	Subj	H3966	1
H5927	Subj	H3967	1
H5927	Subj	H3978	1
H5927	Subj	H4194	1
H5927	Subj	H4207	1
H5927	Subj	H4264	1
H5927	Subj	H4294	1
H5927	Subj	H4399	1
H5927	Subj	H4488	1
H5927	Subj	H4557	1
H5927	Subj	H4758	1
H5927	Subj	H4910	1
H5927	Subj	H4940	1
H5927	Subj	H5288	1
H5927	Subj	H5322	1
H5927	Subj	H5375	1
H5927	Subj	H5411	1
H5927	Subj	H5608	1
H5927	Subj	H5726	1
H5927	Subj	H5984	1
H5927	Subj	H6086	1
H5927	Subj	H6089	1
H5927	Subj	H6154	1
H5927	Subj	H6212	1
H5927	Subj	H6235	1
H5927	Subj	H6327	1
H5927	Subj	H6341	1
H5927	Subj	H6499	1
H5927	Subj	H6525	1
H5927	Subj	H6555	1
H5927	Subj	H6571	1
H5927	Subj	H6629	1
H5927	Subj	H6635	1
H5927	Subj	H6682	1
H5927	Subj	H6709	1
H5927	Subj	H6785	1
H5927	Subj	H6924	1
H5927	Subj	H7008	1
H5927	Subj	H7017	1
H5927	Subj	H7227	1
H5927	Subj	H7307	1
H5927	Subj	H7393	1
H5927	Subj	H7453	1
H5927	Subj	H7462	1
H5927	Subj	H7776	1
H5927	Subj	H7778	1
H5927	Subj	H7863	1
H5927	Subj	H7891	1
H5927	Subj	H7898	1
H5927	Subj	H7902	1
H5927	Subj	H7958	1
H5927	Subj	H7992	1
H5927	Subj	H8145	1
H5927	Subj	H8147	1
H5927	Subj	H8162	1
H5927	Subj	H8269	1
H5927	Subj	H8337	1
H5927	Subj	H8481	1
H5953	Cmpl	H0825	1
H5953	Cmpl	H2445	1
H5953	Cmpl	H3605	1
H5953	Cmpl	H3778	1
H5953	Cmpl	H5315	1
H5953	Objc	H1761	1
H5953	Objc	H3754	1
H5953	Objc	H5949	1
H5953	Objc	H7611	1
H5953	Subj	H0825	1
H5953	Subj	H2445	1
H5953	Subj	H4436	1
H5953	Subj	H5869	1
H5956	Cmpl	H1320	1
H5956	Cmpl	H2416	1
H5956	Cmpl	H3605	1
H5956	Cmpl	H6951	1
H5956	Cmpl	H7309	1
H5956	Cmpl	H7676	1
H5956	Cmpl	H7775	1
H5956	Cmpl	H8467	1
H5956	Objc	H0241	1
H5956	Subj	H0776	1
H5956	Subj	H5869	1
H5956	Subj	H5971	1
H5956	Subj	H7950	1
H5965	Cmpl	H0159	1
H5965	Subj	H3671	1
H5968	Cmpl	H6772	1
H5968	Subj	H0970	1
H5968	Subj	H1121	1
H5968	Subj	H1330	1
H5968	Subj	H3303	1
H5970	Cmpl	H2898	1
H5970	Cmpl	H6662	1
H5970	Subj	H0157	1
H5970	Subj	H0341	1
H5970	Subj	H3605	1
H5970	Subj	H3820	1
H5970	Subj	H6662	1
H5970	Subj	H7151	1
H5970	Subj	H7704	1
H5970	Subj	H8034	1
H5975	Cmpl	H0034	1
H5975	Cmpl	H0113	1
H5975	Cmpl	H0212	1
H5975	Cmpl	H0259	1
H5975	Cmpl	H0310	1
H5975	Cmpl	H0341	1
H5975	Cmpl	H0517	1
H5975	Cmpl	H0727	1
H5975	Cmpl	H0929	1
H5975	Cmpl	H1219	1
H5975	Cmpl	H1389	1
H5975	Cmpl	H1471	1
H5975	Cmpl	H1486	1
H5975	Cmpl	H1697	1
H5975	Cmpl	H1818	1
H5975	Cmpl	H1964	1
H5975	Cmpl	H2083	1
H5975	Cmpl	H2132	1
H5975	Cmpl	H2268	1
H5975	Cmpl	H2319	1
H5975	Cmpl	H2400	1
H5975	Cmpl	H2416	1
H5975	Cmpl	H2426	1
H5975	Cmpl	H2677	1
H5975	Cmpl	H2719	1
H5975	Cmpl	H2724	1
H5975	Cmpl	H3064	1
H5975	Cmpl	H3233	1
H5975	Cmpl	H3427	1
H5975	Cmpl	H3526	1
H5975	Cmpl	H3603	1
H5975	Cmpl	H3742	1
H5975	Cmpl	H3754	1
H5975	Cmpl	H3778	1
H5975	Cmpl	H3785	1
H5975	Cmpl	H3878	1
H5975	Cmpl	H4026	1
H5975	Cmpl	H4150	1
H5975	Cmpl	H4191	1
H5975	Cmpl	H4256	1
H5975	Cmpl	H4264	1
H5975	Cmpl	H4334	1
H5975	Cmpl	H4546	1
H5975	Cmpl	H4605	1
H5975	Cmpl	H4631	1
H5975	Cmpl	H4725	1
H5975	Cmpl	H4800	1
H5975	Cmpl	H4801	1
H5975	Cmpl	H4931	1
H5975	Cmpl	H4934	1
H5975	Cmpl	H4971	1
H5975	Cmpl	H5045	1
H5975	Cmpl	H5061	1
H5975	Cmpl	H5178	1
H5975	Cmpl	H5227	1
H5975	Cmpl	H5387	1
H5975	Cmpl	H5439	1
H5975	Cmpl	H5930	1
H5975	Cmpl	H5978	1
H5975	Cmpl	H6086	1
H5975	Cmpl	H6242	1
H5975	Cmpl	H6430	1
H5975	Cmpl	H6442	1
H5975	Cmpl	H6509	1
H5975	Cmpl	H6547	1
H5975	Cmpl	H6563	1
H5975	Cmpl	H6643	1
H5975	Cmpl	H6738	1
H5975	Cmpl	H6862	1
H5975	Cmpl	H6918	1
H5975	Cmpl	H6935	1
H5975	Cmpl	H6944	1
H5975	Cmpl	H7230	1
H5975	Cmpl	H7272	1
H5975	Cmpl	H7379	1
H5975	Cmpl	H7451	1
H5975	Cmpl	H7453	1
H5975	Cmpl	H7892	1
H5975	Cmpl	H8002	1
H5975	Cmpl	H8042	1
H5975	Cmpl	H8064	1
H5975	Cmpl	H8141	1
H5975	Cmpl	H8147	1
H5975	Cmpl	H8193	1
H5975	Cmpl	H8199	1
H5975	Cmpl	H8205	1
H5975	Cmpl	H8432	1
H5975	Objc	H0001	1
H5975	Objc	H0251	1
H5975	Objc	H0312	1
H5975	Objc	H0376	1
H5975	Objc	H0430	1
H5975	Objc	H0776	1
H5975	Objc	H0842	1
H5975	Objc	H0929	1
H5975	Objc	H1004	1
H5975	Objc	H1116	1
H5975	Objc	H1419	1
H5975	Objc	H1697	1
H5975	Objc	H2377	1
H5975	Objc	H2672	1
H5975	Objc	H2891	1
H5975	Objc	H3427	1
H5975	Objc	H4687	1
H5975	Objc	H4929	1
H5975	Objc	H4940	1
H5975	Objc	H4975	1
H5975	Objc	H5030	1
H5975	Objc	H5288	1
H5975	Objc	H5797	1
H5975	Objc	H6440	1
H5975	Objc	H6456	1
H5975	Objc	H7218	1
H5975	Objc	H7227	1
H5975	Objc	H7272	1
H5975	Objc	H7307	1
H5975	Objc	H7778	1
H5975	Objc	H8147	1
H5975	Objc	H8199	1
H5975	Objc	H8426	1
H5975	Subj	H0157	1
H5975	Subj	H0251	1
H5975	Subj	H0341	1
H5975	Subj	H0727	1
H5975	Subj	H0802	1
H5975	Subj	H0842	1
H5975	Subj	H0959	1
H5975	Subj	H0972	1
H5975	Subj	H1285	1
H5975	Subj	H1368	1
H5975	Subj	H1419	1
H5975	Subj	H1697	1
H5975	Subj	H1728	1
H5975	Subj	H2020	1
H5975	Subj	H2114	1
H5975	Subj	H2233	1
H5975	Subj	H2259	1
H5975	Subj	H2416	1
H5975	Subj	H2451	1
H5975	Subj	H2891	1
H5975	Subj	H2940	1
H5975	Subj	H3498	1
H5975	Subj	H3581	1
H5975	Subj	H3820	1
H5975	Subj	H3967	1
H5975	Subj	H4397	1
H5975	Subj	H4419	1
H5975	Subj	H4421	1
H5975	Subj	H4438	1
H5975	Subj	H5045	1
H5975	Subj	H5061	1
H5975	Subj	H5288	1
H5975	Subj	H5342	1
H5975	Subj	H5375	1
H5975	Subj	H5424	1
H5975	Subj	H5608	1
H5975	Subj	H5794	1
H5975	Subj	H5982	1
H5975	Subj	H6051	1
H5975	Subj	H6098	1
H5975	Subj	H6430	1
H5975	Subj	H6440	1
H5975	Subj	H6501	1
H5975	Subj	H6662	1
H5975	Subj	H6666	1
H5975	Subj	H7138	1
H5975	Subj	H7198	1
H5975	Subj	H7218	1
H5975	Subj	H7305	1
H5975	Subj	H7323	1
H5975	Subj	H7453	1
H5975	Subj	H8034	1
H5975	Subj	H8081	1
H5975	Subj	H8163	1
H5975	Subj	H8330	1
H5975	Subj	H8354	1
H5975	Subj	H8426	1
H5975	Subj	H8610	1
H6004	Subj	H2091	1
H6026	Cmpl	H1880	1
H6026	Cmpl	H2123	1
H6026	Cmpl	H3519	1
H6026	Cmpl	H7230	1
H6026	Cmpl	H7965	1
H6026	Subj	H5315	1
H6030	Cmpl	H0241	1
H6030	Cmpl	H0251	1
H6030	Cmpl	H0376	1
H6030	Cmpl	H0776	1
H6030	Cmpl	H0784	1
H6030	Cmpl	H1121	1
H6030	Cmpl	H3427	1
H6030	Cmpl	H3605	1
H6030	Cmpl	H4246	1
H6030	Cmpl	H4428	1
H6030	Cmpl	H5315	1
H6030	Cmpl	H6924	1
H6030	Cmpl	H7379	1
H6030	Objc	H0251	1
H6030	Objc	H0565	1
H6030	Objc	H0776	1
H6030	Objc	H0886	1
H6030	Objc	H1121	1
H6030	Objc	H1471	1
H6030	Objc	H1715	1
H6030	Objc	H1847	1
H6030	Objc	H2506	1
H6030	Objc	H2778	1
H6030	Objc	H2896	1
H6030	Objc	H3324	1
H6030	Objc	H3548	1
H6030	Objc	H3627	1
H6030	Objc	H5375	1
H6030	Objc	H5627	1
H6030	Objc	H5650	1
H6030	Objc	H5794	1
H6030	Objc	H5971	1
H6030	Objc	H7186	1
H6030	Objc	H7307	1
H6030	Objc	H7723	1
H6030	Objc	H7965	1
H6030	Objc	H8064	1
H6030	Objc	H8492	1
H6030	Subj	H0001	1
H6030	Subj	H0251	1
H6030	Subj	H0339	1
H6030	Subj	H0430	1
H6030	Subj	H0776	1
H6030	Subj	H0940	1
H6030	Subj	H0980	1
H6030	Subj	H1100	1
H6030	Subj	H1419	1
H6030	Subj	H1697	1
H6030	Subj	H1730	1
H6030	Subj	H1971	1
H6030	Subj	H2568	1
H6030	Subj	H2677	1
H6030	Subj	H2850	1
H6030	Subj	H3701	1
H6030	Subj	H3778	1
H6030	Subj	H3956	1
H6030	Subj	H4675	1
H6030	Subj	H5707	1
H6030	Subj	H5771	1
H6030	Subj	H6223	1
H6030	Subj	H6310	1
H6030	Subj	H6440	1
H6030	Subj	H6666	1
H6030	Subj	H7230	1
H6030	Subj	H7451	1
H6030	Subj	H7453	1
H6030	Subj	H7523	1
H6030	Subj	H7626	1
H6030	Subj	H7832	1
H6030	Subj	H7892	1
H6030	Subj	H8193	1
H6030	Subj	H8283	1
H6030	Subj	H8334	1
H6031	Cmpl	H0430	1
H6031	Cmpl	H3027	1
H6031	Cmpl	H8478	1
H6031	Objc	H0001	1
H6031	Objc	H0490	1
H6031	Objc	H2158	1
H6031	Objc	H2233	1
H6031	Objc	H2930	1
H6031	Objc	H3490	1
H6031	Objc	H3581	1
H6031	Objc	H3605	1
H6031	Objc	H4941	1
H6031	Objc	H5079	1
H6031	Objc	H5159	1
H6031	Objc	H6184	1
H6031	Objc	H6370	1
H6031	Objc	H6666	1
H6031	Objc	H7230	1
H6031	Objc	H7272	1
H6031	Objc	H7453	1
H6031	Subj	H0001	1
H6031	Subj	H0120	1
H6031	Subj	H0191	1
H6031	Subj	H0376	1
H6059	Cmpl	H1637	1
H6059	Cmpl	H3342	1
H6059	Cmpl	H6629	1
H6064	Cmpl	H6662	1
H6064	Objc	H0776	1
H6064	Objc	H2091	1
H6072	Objc	H7563	1
H6087	Cmpl	H1121	1
H6087	Cmpl	H3820	1
H6087	Objc	H1697	1
H6087	Objc	H6944	1
H6087	Objc	H7307	1
H6087	Subj	H0376	1
H6087	Subj	H4428	1
H6105	Cmpl	H7218	1
H6105	Cmpl	H8185	1
H6105	Subj	H0490	1
H6105	Subj	H3581	1
H6105	Subj	H4878	1
H6105	Subj	H6789	1
H6105	Subj	H7218	1
H6113	Cmpl	H1004	1
H6113	Cmpl	H1121	1
H6113	Cmpl	H1157	1
H6113	Cmpl	H3605	1
H6113	Cmpl	H4325	1
H6113	Cmpl	H7358	1
H6113	Objc	H2220	1
H6113	Objc	H4467	1
H6113	Subj	H0376	1
H6113	Subj	H3581	1
H6113	Subj	H8269	1
H6123	Objc	H1121	1
H6131	Cmpl	H6924	1
H6131	Objc	H5193	1
H6131	Objc	H7794	1
H6131	Subj	H6933	1
H6131	Subj	H7161	1
H6131	Subj	H8532	1
H6148	Cmpl	H0001	1
H6148	Cmpl	H7453	1
H6148	Objc	H3820	1
H6148	Objc	H4628	1
H6148	Objc	H5288	1
H6148	Objc	H5650	1
H6148	Subj	H5650	1
H6150	Subj	H3605	1
H6150	Subj	H8057	1
H6165	Cmpl	H0650	1
H6165	Cmpl	H4325	1
H6165	Subj	H0929	1
H6165	Subj	H5315	1
H6165	Subj	H7704	1
H6168	Cmpl	H8268	1
H6168	Objc	H0727	1
H6168	Objc	H0731	1
H6168	Objc	H3247	1
H6168	Objc	H3537	1
H6168	Objc	H4043	1
H6168	Objc	H4726	1
H6168	Objc	H6596	1
H6168	Objc	H7607	1
H6168	Subj	H4791	1
H6168	Subj	H7307	1
H6186	Cmpl	H0784	1
H6186	Cmpl	H2889	1
H6186	Cmpl	H2896	1
H6186	Cmpl	H4501	1
H6186	Cmpl	H4899	1
H6186	Cmpl	H5869	1
H6186	Cmpl	H5892	1
H6186	Cmpl	H6607	1
H6186	Cmpl	H7451	1
H6186	Objc	H0776	1
H6186	Objc	H3899	1
H6186	Objc	H4043	1
H6186	Objc	H4196	1
H6186	Objc	H4405	1
H6186	Objc	H4634	1
H6186	Objc	H5409	1
H6186	Objc	H5930	1
H6186	Objc	H6309	1
H6186	Objc	H6793	1
H6186	Objc	H7218	1
H6186	Objc	H7651	1
H6186	Objc	H7770	1
H6186	Subj	H0376	1
H6188	Objc	H6190	1
H6188	Objc	H6529	1
H6192	Subj	H4325	1
H6201	Objc	H2919	1
H6201	Subj	H3948	1
H6201	Subj	H8064	1
H6202	Objc	H4196	1
H6202	Objc	H5697	1
H6206	Objc	H0430	1
H6206	Objc	H1995	1
H6206	Objc	H5086	1
H6206	Objc	H5929	1
H6209	Objc	H0759	1
H6209	Subj	H2346	1
H6209	Subj	H7342	1
H6213	Cmpl	H0009	1
H6213	Cmpl	H0068	1
H6213	Cmpl	H0269	1
H6213	Cmpl	H0312	1
H6213	Cmpl	H0457	1
H6213	Cmpl	H0519	1
H6213	Cmpl	H0641	1
H6213	Cmpl	H0702	1
H6213	Cmpl	H0732	1
H6213	Cmpl	H0801	1
H6213	Cmpl	H0948	1
H6213	Cmpl	H1167	1
H6213	Cmpl	H1270	1
H6213	Cmpl	H1323	1
H6213	Cmpl	H1406	1
H6213	Cmpl	H1569	1
H6213	Cmpl	H1612	1
H6213	Cmpl	H1616	1
H6213	Cmpl	H1709	1
H6213	Cmpl	H1755	1
H6213	Cmpl	H1818	1
H6213	Cmpl	H1964	1
H6213	Cmpl	H2091	1
H6213	Cmpl	H2132	1
H6213	Cmpl	H2154	1
H6213	Cmpl	H2181	1
H6213	Cmpl	H2279	1
H6213	Cmpl	H2543	1
H6213	Cmpl	H2545	1
H6213	Cmpl	H2708	1
H6213	Cmpl	H3064	1
H6213	Cmpl	H3196	1
H6213	Cmpl	H3425	1
H6213	Cmpl	H3427	1
H6213	Cmpl	H3603	1
H6213	Cmpl	H3608	1
H6213	Cmpl	H3671	1
H6213	Cmpl	H3682	1
H6213	Cmpl	H3689	1
H6213	Cmpl	H3701	1
H6213	Cmpl	H3725	1
H6213	Cmpl	H3727	1
H6213	Cmpl	H3754	1
H6213	Cmpl	H3758	1
H6213	Cmpl	H3805	1
H6213	Cmpl	H3899	1
H6213	Cmpl	H3909	1
H6213	Cmpl	H3967	1
H6213	Cmpl	H4060	1
H6213	Cmpl	H4421	1
H6213	Cmpl	H4436	1
H6213	Cmpl	H4446	1
H6213	Cmpl	H4467	1
H6213	Cmpl	H4539	1
H6213	Cmpl	H4598	1
H6213	Cmpl	H4735	1
H6213	Cmpl	H4828	1
H6213	Cmpl	H4884	1
H6213	Cmpl	H4899	1
H6213	Cmpl	H4929	1
H6213	Cmpl	H4948	1
H6213	Cmpl	H5030	1
H6213	Cmpl	H5158	1
H6213	Cmpl	H5178	1
H6213	Cmpl	H5237	1
H6213	Cmpl	H5288	1
H6213	Cmpl	H5291	1
H6213	Cmpl	H5360	1
H6213	Cmpl	H5483	1
H6213	Cmpl	H5488	1
H6213	Cmpl	H5713	1
H6213	Cmpl	H5795	1
H6213	Cmpl	H5869	1
H6213	Cmpl	H5980	1
H6213	Cmpl	H5982	1
H6213	Cmpl	H6086	1
H6213	Cmpl	H6091	1
H6213	Cmpl	H6099	1
H6213	Cmpl	H6285	1
H6213	Cmpl	H6459	1
H6213	Cmpl	H6635	1
H6213	Cmpl	H6763	1
H6213	Cmpl	H6828	1
H6213	Cmpl	H6944	1
H6213	Cmpl	H6996	1
H6213	Cmpl	H7062	1
H6213	Cmpl	H7068	1
H6213	Cmpl	H7130	1
H6213	Cmpl	H7291	1
H6213	Cmpl	H7307	1
H6213	Cmpl	H7393	1
H6213	Cmpl	H7451	1
H6213	Cmpl	H7462	1
H6213	Cmpl	H7562	1
H6213	Cmpl	H7568	1
H6213	Cmpl	H7626	1
H6213	Cmpl	H7716	1
H6213	Cmpl	H8064	1
H6213	Cmpl	H8071	1
H6213	Cmpl	H8130	1
H6213	Cmpl	H8144	1
H6213	Cmpl	H8392	1
H6213	Cmpl	H8414	1
H6213	Cmpl	H8438	1
H6213	Cmpl	H8641	1
H6213	Objc	H0001	1
H6213	Objc	H0034	1
H6213	Objc	H0113	1
H6213	Objc	H0127	1
H6213	Objc	H0168	1
H6213	Objc	H0200	1
H6213	Objc	H0205	1
H6213	Objc	H0214	1
H6213	Objc	H0269	1
H6213	Objc	H0312	1
H6213	Objc	H0331	1
H6213	Objc	H0339	1
H6213	Objc	H0341	1
H6213	Objc	H0400	1
H6213	Objc	H0483	1
H6213	Objc	H0519	1
H6213	Objc	H0520	1
H6213	Objc	H0539	1
H6213	Objc	H0590	1
H6213	Objc	H0668	1
H6213	Objc	H0802	1
H6213	Objc	H0804	1
H6213	Objc	H0926	1
H6213	Objc	H0929	1
H6213	Objc	H0948	1
H6213	Objc	H1061	1
H6213	Objc	H1246	1
H6213	Objc	H1320	1
H6213	Objc	H1348	1
H6213	Objc	H1364	1
H6213	Objc	H1434	1
H6213	Objc	H1471	1
H6213	Objc	H1530	1
H6213	Objc	H1613	1
H6213	Objc	H1688	1
H6213	Objc	H1969	1
H6213	Objc	H1974	1
H6213	Objc	H2010	1
H6213	Objc	H2053	1
H6213	Objc	H2143	1
H6213	Objc	H2212	1
H6213	Objc	H2290	1
H6213	Objc	H2351	1
H6213	Objc	H2374	1
H6213	Objc	H2399	1
H6213	Objc	H2461	1
H6213	Objc	H2474	1
H6213	Objc	H2555	1
H6213	Objc	H2595	1
H6213	Objc	H2612	1
H6213	Objc	H2670	1
H6213	Objc	H2689	1
H6213	Objc	H2905	1
H6213	Objc	H2914	1
H6213	Objc	H2921	1
H6213	Objc	H3004	1
H6213	Objc	H3123	1
H6213	Objc	H3173	1
H6213	Objc	H3196	1
H6213	Objc	H3332	1
H6213	Objc	H3394	1
H6213	Objc	H3427	1
H6213	Objc	H3499	1
H6213	Objc	H3556	1
H6213	Objc	H3632	1
H6213	Objc	H3651	1
H6213	Objc	H3658	1
H6213	Objc	H3758	1
H6213	Objc	H3789	1
H6213	Objc	H3794	1
H6213	Objc	H3802	1
H6213	Objc	H3805	1
H6213	Objc	H3820	1
H6213	Objc	H3843	1
H6213	Objc	H3915	1
H6213	Objc	H3957	1
H6213	Objc	H4020	1
H6213	Objc	H4021	1
H6213	Objc	H4072	1
H6213	Objc	H4149	1
H6213	Objc	H4150	1
H6213	Objc	H4159	1
H6213	Objc	H4191	1
H6213	Objc	H4201	1
H6213	Objc	H4229	1
H6213	Objc	H4284	1
H6213	Objc	H4289	1
H6213	Objc	H4325	1
H6213	Objc	H4370	1
H6213	Objc	H4410	1
H6213	Objc	H4492	1
H6213	Objc	H4546	1
H6213	Objc	H4552	1
H6213	Objc	H4624	1
H6213	Objc	H4631	1
H6213	Objc	H4679	1
H6213	Objc	H4701	1
H6213	Objc	H4720	1
H6213	Objc	H4724	1
H6213	Objc	H4729	1
H6213	Objc	H4818	1
H6213	Objc	H4820	1
H6213	Objc	H4842	1
H6213	Objc	H4880	1
H6213	Objc	H4948	1
H6213	Objc	H5048	1
H6213	Objc	H5145	1
H6213	Objc	H5175	1
H6213	Objc	H5228	1
H6213	Objc	H5315	1
H6213	Objc	H5347	1
H6213	Objc	H5359	1
H6213	Objc	H5393	1
H6213	Objc	H5439	1
H6213	Objc	H5449	1
H6213	Objc	H5466	1
H6213	Objc	H5483	1
H6213	Objc	H5566	1
H6213	Objc	H5608	1
H6213	Objc	H5612	1
H6213	Objc	H5631	1
H6213	Objc	H5633	1
H6213	Objc	H5699	1
H6213	Objc	H5828	1
H6213	Objc	H5842	1
H6213	Objc	H5850	1
H6213	Objc	H5892	1
H6213	Objc	H5909	1
H6213	Objc	H5944	1
H6213	Objc	H5975	1
H6213	Objc	H6041	1
H6213	Objc	H6057	1
H6213	Objc	H6091	1
H6213	Objc	H6116	1
H6213	Objc	H6240	1
H6213	Objc	H6242	1
H6213	Objc	H6249	1
H6213	Objc	H6371	1
H6213	Objc	H6415	1
H6213	Objc	H6430	1
H6213	Objc	H6440	1
H6213	Objc	H6446	1
H6213	Objc	H6472	1
H6213	Objc	H6508	1
H6213	Objc	H6556	1
H6213	Objc	H6571	1
H6213	Objc	H6629	1
H6213	Objc	H6635	1
H6213	Objc	H6664	1
H6213	Objc	H6672	1
H6213	Objc	H6712	1
H6213	Objc	H6720	1
H6213	Objc	H6734	1
H6213	Objc	H6826	1
H6213	Objc	H6856	1
H6213	Objc	H7023	1
H6213	Objc	H7064	1
H6213	Objc	H7133	1
H6213	Objc	H7243	1
H6213	Objc	H7272	1
H6213	Objc	H7307	1
H6213	Objc	H7350	1
H6213	Objc	H7453	1
H6213	Objc	H7549	1
H6213	Objc	H7562	1
H6213	Objc	H7569	1
H6213	Objc	H7611	1
H6213	Objc	H7639	1
H6213	Objc	H7709	1
H6213	Objc	H7718	1
H6213	Objc	H7974	1
H6213	Objc	H8059	1
H6213	Objc	H8077	1
H6213	Objc	H8196	1
H6213	Objc	H8199	1
H6213	Objc	H8222	1
H6213	Objc	H8251	1
H6213	Objc	H8269	1
H6213	Objc	H8278	1
H6213	Objc	H8314	1
H6213	Objc	H8316	1
H6213	Objc	H8345	1
H6213	Objc	H8397	1
H6213	Objc	H8403	1
H6213	Objc	H8442	1
H6213	Objc	H8449	1
H6213	Objc	H8454	1
H6213	Objc	H8484	1
H6213	Objc	H8588	1
H6213	Objc	H8597	1
H6213	Objc	H8650	1
H6213	Objc	H8655	1
H6213	Subj	H0100	1
H6213	Subj	H0113	1
H6213	Subj	H0249	1
H6213	Subj	H0259	1
H6213	Subj	H0269	1
H6213	Subj	H0639	1
H6213	Subj	H0970	1
H6213	Subj	H1320	1
H6213	Subj	H1330	1
H6213	Subj	H1576	1
H6213	Subj	H1682	1
H6213	Subj	H1870	1
H6213	Subj	H2091	1
H6213	Subj	H2180	1
H6213	Subj	H2205	1
H6213	Subj	H2233	1
H6213	Subj	H2509	1
H6213	Subj	H2543	1
H6213	Subj	H2563	1
H6213	Subj	H2689	1
H6213	Subj	H2715	1
H6213	Subj	H2782	1
H6213	Subj	H2966	1
H6213	Subj	H3117	1
H6213	Subj	H3409	1
H6213	Subj	H3477	1
H6213	Subj	H3581	1
H6213	Subj	H3712	1
H6213	Subj	H3754	1
H6213	Subj	H3967	1
H6213	Subj	H4125	1
H6213	Subj	H4219	1
H6213	Subj	H4294	1
H6213	Subj	H4436	1
H6213	Subj	H4501	1
H6213	Subj	H4503	1
H6213	Subj	H4611	1
H6213	Subj	H4639	1
H6213	Subj	H4878	1
H6213	Subj	H5030	1
H6213	Subj	H5038	1
H6213	Subj	H5288	1
H6213	Subj	H5341	1
H6213	Subj	H5592	1
H6213	Subj	H5680	1
H6213	Subj	H5757	1
H6213	Subj	H5785	1
H6213	Subj	H5795	1
H6213	Subj	H5892	1
H6213	Subj	H5930	1
H6213	Subj	H6098	1
H6213	Subj	H6108	1
H6213	Subj	H6175	1
H6213	Subj	H6235	1
H6213	Subj	H6310	1
H6213	Subj	H6370	1
H6213	Subj	H6776	1
H6213	Subj	H6780	1
H6213	Subj	H6833	1
H6213	Subj	H6951	1
H6213	Subj	H6996	1
H6213	Subj	H7070	1
H6213	Subj	H7116	1
H6213	Subj	H7218	1
H6213	Subj	H7227	1
H6213	Subj	H7451	1
H6213	Subj	H7462	1
H6213	Subj	H7522	1
H6213	Subj	H7563	1
H6213	Subj	H7611	1
H6213	Subj	H7794	1
H6213	Subj	H8064	1
H6213	Subj	H8147	1
H6213	Subj	H8163	1
H6213	Subj	H8199	1
H6231	Objc	H0034	1
H6231	Objc	H0251	1
H6231	Objc	H0376	1
H6231	Objc	H1004	1
H6231	Objc	H1397	1
H6231	Objc	H5159	1
H6231	Objc	H5997	1
H6231	Objc	H7453	1
H6231	Objc	H7916	1
H6231	Subj	H0776	1
H6231	Subj	H5104	1
H6231	Subj	H5971	1
H6237	Objc	H3754	1
H6237	Objc	H4643	1
H6237	Objc	H6629	1
H6237	Subj	H3878	1
H6238	Objc	H0776	1
H6238	Objc	H1419	1
H6238	Objc	H3605	1
H6238	Objc	H4428	1
H6238	Objc	H6239	1
H6238	Subj	H0157	1
H6238	Subj	H0376	1
H6238	Subj	H2743	1
H6238	Subj	H3027	1
H6238	Subj	H3196	1
H6238	Subj	H7243	1
H6238	Subj	H8081	1
H6244	Subj	H0990	1
H6244	Subj	H5315	1
H6244	Subj	H6106	1
H6257	Cmpl	H1530	1
H6272	Subj	H0776	1
H6275	Cmpl	H2022	1
H6275	Cmpl	H6924	1
H6275	Subj	H0376	1
H6275	Subj	H4405	1
H6275	Subj	H4428	1
H6279	Cmpl	H0430	1
H6279	Cmpl	H0433	1
H6279	Subj	H0430	1
H6286	Cmpl	H3444	1
H6286	Objc	H4720	1
H6286	Objc	H4725	1
H6286	Objc	H6035	1
H6286	Objc	H8597	1
H6286	Subj	H1631	1
H6293	Cmpl	H0376	1
H6293	Cmpl	H1121	1
H6293	Cmpl	H1516	1
H6293	Cmpl	H4428	1
H6293	Cmpl	H4725	1
H6293	Cmpl	H5158	1
H6293	Cmpl	H6635	1
H6293	Cmpl	H6828	1
H6293	Cmpl	H8147	1
H6293	Objc	H0120	1
H6293	Objc	H2256	1
H6293	Objc	H2543	1
H6293	Objc	H3605	1
H6293	Objc	H5030	1
H6293	Objc	H5771	1
H6293	Objc	H6213	1
H6293	Objc	H6664	1
H6293	Objc	H7794	1
H6293	Objc	H7797	1
H6293	Subj	H0376	1
H6293	Subj	H0430	1
H6293	Subj	H1366	1
H6293	Subj	H4397	1
H6293	Subj	H4751	1
H6293	Subj	H5315	1
H6293	Subj	H7291	1
H6298	Cmpl	H0376	1
H6298	Objc	H0339	1
H6298	Objc	H2822	1
H6298	Subj	H0376	1
H6298	Subj	H0571	1
H6298	Subj	H1677	1
H6298	Subj	H2617	1
H6298	Subj	H6223	1
H6298	Subj	H6716	1
H6298	Subj	H7909	1
H6298	Subj	H8496	1
H6299	Cmpl	H0430	1
H6299	Cmpl	H1433	1
H6299	Cmpl	H1471	1
H6299	Cmpl	H3027	1
H6299	Cmpl	H5771	1
H6299	Cmpl	H5971	1
H6299	Cmpl	H6187	1
H6299	Cmpl	H7128	1
H6299	Objc	H0251	1
H6299	Objc	H0929	1
H6299	Objc	H2930	1
H6299	Objc	H3775	1
H6299	Objc	H5795	1
H6299	Objc	H5971	1
H6299	Objc	H6302	1
H6299	Objc	H7794	1
H6299	Subj	H0376	1
H6299	Subj	H0430	1
H6299	Subj	H2764	1
H6299	Subj	H3605	1
H6299	Subj	H5971	1
H6313	Subj	H3820	1
H6313	Subj	H8451	1
H6315	Cmpl	H7093	1
H6315	Objc	H0530	1
H6315	Objc	H1588	1
H6315	Objc	H7151	1
H6315	Subj	H0376	1
H6315	Subj	H3944	1
H6327	Cmpl	H5892	1
H6327	Objc	H0216	1
H6327	Objc	H0639	1
H6327	Objc	H3427	1
H6327	Objc	H5678	1
H6327	Objc	H6051	1
H6327	Objc	H6629	1
H6327	Objc	H7100	1
H6327	Subj	H3669	1
H6327	Subj	H4599	1
H6327	Subj	H4830	1
H6327	Subj	H4940	1
H6327	Subj	H5892	1
H6327	Subj	H6921	1
H6335	Cmpl	H2022	1
H6335	Subj	H5971	1
H6335	Subj	H6571	1
H6339	Subj	H2220	1
H6339	Subj	H3027	1
H6340	Cmpl	H1471	1
H6340	Cmpl	H2114	1
H6340	Objc	H0341	1
H6340	Objc	H1870	1
H6340	Objc	H2583	1
H6340	Objc	H3713	1
H6340	Subj	H0430	1
H6340	Subj	H6106	1
H6342	Cmpl	H0430	1
H6342	Cmpl	H1697	1
H6342	Cmpl	H2898	1
H6342	Objc	H6106	1
H6342	Objc	H7230	1
H6342	Subj	H2400	1
H6342	Subj	H3605	1
H6342	Subj	H3820	1
H6351	Cmpl	H2715	1
H6351	Subj	H3605	1
H6395	Cmpl	H3605	1
H6395	Cmpl	H5971	1
H6395	Objc	H0776	1
H6395	Objc	H2623	1
H6395	Subj	H5971	1
H6419	Cmpl	H0269	1
H6419	Cmpl	H2896	1
H6419	Cmpl	H5288	1
H6419	Cmpl	H5650	1
H6419	Cmpl	H8064	1
H6419	Objc	H3605	1
H6419	Objc	H8467	1
H6419	Subj	H1121	1
H6419	Subj	H2623	1
H6419	Subj	H3605	1
H6419	Subj	H4428	1
H6419	Subj	H5030	1
H6426	Subj	H5982	1
H6428	Objc	H6083	1
H6437	Cmpl	H0168	1
H6437	Cmpl	H0205	1
H6437	Cmpl	H0341	1
H6437	Cmpl	H0457	1
H6437	Cmpl	H0776	1
H6437	Cmpl	H1121	1
H6437	Cmpl	H1366	1
H6437	Cmpl	H1995	1
H6437	Cmpl	H2180	1
H6437	Cmpl	H3049	1
H6437	Cmpl	H3225	1
H6437	Cmpl	H3577	1
H6437	Cmpl	H3605	1
H6437	Cmpl	H3611	1
H6437	Cmpl	H4150	1
H6437	Cmpl	H4191	1
H6437	Cmpl	H4605	1
H6437	Cmpl	H4639	1
H6437	Cmpl	H5971	1
H6437	Cmpl	H6199	1
H6437	Cmpl	H6828	1
H6437	Cmpl	H6918	1
H6437	Cmpl	H6924	1
H6437	Cmpl	H7190	1
H6437	Cmpl	H7293	1
H6437	Cmpl	H7562	1
H6437	Cmpl	H8040	1
H6437	Objc	H1581	1
H6437	Objc	H2180	1
H6437	Objc	H3754	1
H6437	Objc	H4725	1
H6437	Objc	H5971	1
H6437	Subj	H0001	1
H6437	Subj	H0341	1
H6437	Subj	H1730	1
H6437	Subj	H3824	1
H6437	Subj	H6547	1
H6448	Objc	H0759	1
H6452	Cmpl	H1004	1
H6452	Cmpl	H1121	1
H6452	Cmpl	H4196	1
H6452	Cmpl	H6607	1
H6458	Subj	H1382	1
H6461	Cmpl	H0120	1
H6461	Cmpl	H1121	1
H6473	Cmpl	H4456	1
H6473	Cmpl	H6310	1
H6475	Subj	H0127	1
H6475	Subj	H0776	1
H6475	Subj	H8193	1
H6476	Objc	H6106	1
H6476	Subj	H1389	1
H6476	Subj	H2022	1
H6478	Objc	H3837	1
H6478	Objc	H6479	1
H6483	Objc	H5553	1
H6483	Subj	H2022	1
H6483	Subj	H5704	1
H6484	Cmpl	H0376	1
H6484	Objc	H8655	1
H6484	Subj	H2859	1
H6485	Cmpl	H0001	1
H6485	Cmpl	H0214	1
H6485	Cmpl	H0398	1
H6485	Cmpl	H0784	1
H6485	Cmpl	H1282	1
H6485	Cmpl	H1323	1
H6485	Cmpl	H1419	1
H6485	Cmpl	H1423	1
H6485	Cmpl	H1433	1
H6485	Cmpl	H2233	1
H6485	Cmpl	H2346	1
H6485	Cmpl	H2691	1
H6485	Cmpl	H3627	1
H6485	Cmpl	H3824	1
H6485	Cmpl	H3851	1
H6485	Cmpl	H3905	1
H6485	Cmpl	H3957	1
H6485	Cmpl	H4082	1
H6485	Cmpl	H4135	1
H6485	Cmpl	H4196	1
H6485	Cmpl	H4438	1
H6485	Cmpl	H4643	1
H6485	Cmpl	H4791	1
H6485	Cmpl	H4854	1
H6485	Cmpl	H4908	1
H6485	Cmpl	H4931	1
H6485	Cmpl	H4940	1
H6485	Cmpl	H5393	1
H6485	Cmpl	H5447	1
H6485	Cmpl	H5492	1
H6485	Cmpl	H5608	1
H6485	Cmpl	H5713	1
H6485	Cmpl	H5715	1
H6485	Cmpl	H5795	1
H6485	Cmpl	H5869	1
H6485	Cmpl	H5892	1
H6485	Cmpl	H5971	1
H6485	Cmpl	H6129	1
H6485	Cmpl	H6190	1
H6485	Cmpl	H6260	1
H6485	Cmpl	H6310	1
H6485	Cmpl	H6529	1
H6485	Cmpl	H6963	1
H6485	Cmpl	H7218	1
H6485	Cmpl	H7225	1
H6485	Cmpl	H7311	1
H6485	Cmpl	H7482	1
H6485	Cmpl	H7494	1
H6485	Cmpl	H7965	1
H6485	Cmpl	H8179	1
H6485	Cmpl	H8597	1
H6485	Cmpl	H8641	1
H6485	Objc	H0001	1
H6485	Objc	H0251	1
H6485	Objc	H0369	1
H6485	Objc	H0702	1
H6485	Objc	H0779	1
H6485	Objc	H0928	1
H6485	Objc	H1167	1
H6485	Objc	H1471	1
H6485	Objc	H1612	1
H6485	Objc	H1803	1
H6485	Objc	H1818	1
H6485	Objc	H2145	1
H6485	Objc	H2154	1
H6485	Objc	H2320	1
H6485	Objc	H2945	1
H6485	Objc	H2951	1
H6485	Objc	H3117	1
H6485	Objc	H3427	1
H6485	Objc	H3582	1
H6485	Objc	H3972	1
H6485	Objc	H4040	1
H6485	Objc	H4082	1
H6485	Objc	H4294	1
H6485	Objc	H4605	1
H6485	Objc	H4854	1
H6485	Objc	H4931	1
H6485	Objc	H5116	1
H6485	Objc	H5288	1
H6485	Objc	H5739	1
H6485	Objc	H6588	1
H6485	Objc	H6635	1
H6485	Objc	H6920	1
H6485	Objc	H6956	1
H6485	Objc	H7307	1
H6485	Objc	H7462	1
H6485	Objc	H7468	1
H6485	Objc	H7563	1
H6485	Objc	H7829	1
H6485	Objc	H7991	1
H6485	Objc	H8104	1
H6485	Subj	H0001	1
H6485	Subj	H0120	1
H6485	Subj	H0259	1
H6485	Subj	H0639	1
H6485	Subj	H0970	1
H6485	Subj	H1320	1
H6485	Subj	H3967	1
H6485	Subj	H4186	1
H6485	Subj	H4294	1
H6485	Subj	H5656	1
H6485	Subj	H5713	1
H6485	Subj	H5971	1
H6485	Subj	H6486	1
H6485	Subj	H6635	1
H6485	Subj	H7227	1
H6485	Subj	H7307	1
H6485	Subj	H7451	1
H6485	Subj	H7626	1
H6485	Subj	H7651	1
H6485	Subj	H7778	1
H6485	Subj	H7891	1
H6485	Subj	H8147	1
H6485	Subj	H8269	1
H6485	Subj	H8672	1
H6491	Cmpl	H1004	1
H6491	Objc	H0241	1
H6491	Objc	H5288	1
H6491	Objc	H5787	1
H6491	Subj	H0430	1
H6491	Subj	H5288	1
H6491	Subj	H5787	1
H6491	Subj	H8147	1
H6504	Cmpl	H2181	1
H6504	Cmpl	H6099	1
H6504	Cmpl	H7453	1
H6504	Cmpl	H8147	1
H6504	Objc	H3775	1
H6504	Subj	H0205	1
H6504	Subj	H0339	1
H6504	Subj	H1121	1
H6504	Subj	H1800	1
H6504	Subj	H3816	1
H6504	Subj	H3833	1
H6504	Subj	H4194	1
H6504	Subj	H6106	1
H6504	Subj	H8147	1
H6509	Cmpl	H8330	1
H6509	Objc	H5971	1
H6509	Subj	H1121	1
H6509	Subj	H5342	1
H6524	Cmpl	H1004	1
H6524	Cmpl	H7704	1
H6524	Cmpl	H8525	1
H6524	Objc	H2233	1
H6524	Objc	H3001	1
H6524	Objc	H6086	1
H6524	Subj	H0168	1
H6524	Subj	H1004	1
H6524	Subj	H2087	1
H6524	Subj	H3477	1
H6524	Subj	H4941	1
H6524	Subj	H6106	1
H6524	Subj	H6883	1
H6524	Subj	H7563	1
H6524	Subj	H8384	1
H6536	Cmpl	H7456	1
H6536	Objc	H3899	1
H6536	Subj	H4437	1
H6544	Cmpl	H4639	1
H6544	Objc	H0802	1
H6544	Objc	H3605	1
H6544	Objc	H5971	1
H6544	Objc	H6098	1
H6544	Objc	H6545	1
H6544	Subj	H5971	1
H6555	Cmpl	H3220	1
H6555	Cmpl	H3225	1
H6555	Cmpl	H4694	1
H6555	Cmpl	H5045	1
H6555	Cmpl	H5892	1
H6555	Cmpl	H6438	1
H6555	Cmpl	H6440	1
H6555	Cmpl	H6828	1
H6555	Cmpl	H6924	1
H6555	Cmpl	H7230	1
H6555	Cmpl	H8040	1
H6555	Objc	H0068	1
H6555	Objc	H0430	1
H6555	Objc	H1004	1
H6555	Objc	H1448	1
H6555	Objc	H3605	1
H6555	Objc	H4639	1
H6555	Objc	H5158	1
H6555	Objc	H8492	1
H6555	Subj	H0001	1
H6555	Subj	H0376	1
H6555	Subj	H0802	1
H6555	Subj	H1004	1
H6555	Subj	H1121	1
H6555	Subj	H1697	1
H6555	Subj	H3342	1
H6555	Subj	H4046	1
H6555	Subj	H4735	1
H6555	Subj	H5650	1
H6561	Cmpl	H6666	1
H6561	Cmpl	H6677	1
H6561	Objc	H2399	1
H6561	Objc	H5923	1
H6561	Objc	H6529	1
H6561	Objc	H6541	1
H6561	Subj	H3605	1
H6561	Subj	H5971	1
H6565	Cmpl	H4428	1
H6565	Cmpl	H5650	1
H6565	Objc	H0263	1
H6565	Objc	H2896	1
H6565	Objc	H3117	1
H6565	Objc	H3220	1
H6565	Objc	H3374	1
H6565	Objc	H3707	1
H6565	Objc	H3915	1
H6565	Objc	H4008	1
H6565	Objc	H4284	1
H6565	Objc	H4428	1
H6565	Objc	H4941	1
H6565	Objc	H5088	1
H6565	Objc	H5769	1
H6565	Objc	H8193	1
H6565	Objc	H8451	1
H6565	Subj	H0035	1
H6565	Subj	H0376	1
H6565	Subj	H0430	1
H6565	Subj	H0776	1
H6565	Subj	H1285	1
H6566	Cmpl	H0413	1
H6566	Cmpl	H0430	1
H6566	Cmpl	H0519	1
H6566	Cmpl	H0875	1
H6566	Cmpl	H2091	1
H6566	Cmpl	H2114	1
H6566	Cmpl	H2205	1
H6566	Cmpl	H3027	1
H6566	Cmpl	H4196	1
H6566	Cmpl	H4261	1
H6566	Cmpl	H4908	1
H6566	Cmpl	H5637	1
H6566	Cmpl	H5892	1
H6566	Cmpl	H5971	1
H6566	Cmpl	H6041	1
H6566	Cmpl	H7272	1
H6566	Cmpl	H7307	1
H6566	Cmpl	H7979	1
H6566	Cmpl	H8487	1
H6566	Objc	H0168	1
H6566	Objc	H0200	1
H6566	Objc	H0216	1
H6566	Objc	H0713	1
H6566	Objc	H3632	1
H6566	Objc	H3681	1
H6566	Objc	H3742	1
H6566	Objc	H4428	1
H6566	Objc	H4539	1
H6566	Objc	H5251	1
H6566	Objc	H5785	1
H6566	Objc	H6051	1
H6566	Objc	H8144	1
H6566	Objc	H8438	1
H6566	Objc	H8477	1
H6566	Subj	H3686	1
H6566	Subj	H6862	1
H6566	Subj	H7604	1
H6581	Cmpl	H3627	1
H6581	Cmpl	H7023	1
H6584	Cmpl	H0776	1
H6584	Cmpl	H1511	1
H6584	Cmpl	H1581	1
H6584	Cmpl	H1651	1
H6584	Cmpl	H3605	1
H6584	Cmpl	H3774	1
H6584	Cmpl	H6003	1
H6584	Cmpl	H8219	1
H6584	Objc	H0145	1
H6584	Objc	H0905	1
H6584	Objc	H3218	1
H6584	Objc	H3519	1
H6584	Objc	H3605	1
H6584	Objc	H3627	1
H6584	Objc	H4598	1
H6584	Objc	H5785	1
H6584	Objc	H6174	1
H6584	Objc	H6446	1
H6584	Objc	H7553	1
H6584	Subj	H1416	1
H6584	Subj	H6003	1
H6584	Subj	H8147	1
H6589	Objc	H7272	1
H6601	Cmpl	H0639	1
H6601	Cmpl	H0753	1
H6601	Cmpl	H0802	1
H6601	Objc	H0376	1
H6601	Objc	H1330	1
H6601	Objc	H4428	1
H6601	Objc	H5030	1
H6601	Objc	H7453	1
H6601	Subj	H0430	1
H6601	Subj	H2555	1
H6601	Subj	H3824	1
H6601	Subj	H7101	1
H6605	Cmpl	H0034	1
H6605	Cmpl	H0251	1
H6605	Cmpl	H0341	1
H6605	Cmpl	H0483	1
H6605	Cmpl	H0734	1
H6605	Cmpl	H0776	1
H6605	Cmpl	H1004	1
H6605	Cmpl	H3027	1
H6605	Cmpl	H3427	1
H6605	Cmpl	H3605	1
H6605	Cmpl	H3871	1
H6605	Cmpl	H4526	1
H6605	Cmpl	H4912	1
H6605	Cmpl	H4975	1
H6605	Cmpl	H6041	1
H6605	Cmpl	H6412	1
H6605	Cmpl	H7023	1
H6605	Objc	H0068	1
H6605	Objc	H0572	1
H6605	Objc	H0615	1
H6605	Objc	H0699	1
H6605	Objc	H0738	1
H6605	Objc	H0953	1
H6605	Objc	H1247	1
H6605	Objc	H1581	1
H6605	Objc	H2368	1
H6605	Objc	H2420	1
H6605	Objc	H2461	1
H6605	Objc	H2719	1
H6605	Objc	H2896	1
H6605	Objc	H3499	1
H6605	Objc	H3686	1
H6605	Objc	H3965	1
H6605	Objc	H4148	1
H6605	Objc	H4631	1
H6605	Objc	H4820	1
H6605	Objc	H4975	1
H6605	Objc	H4997	1
H6605	Objc	H5104	1
H6605	Objc	H5612	1
H6605	Objc	H6664	1
H6605	Objc	H6677	1
H6605	Objc	H6697	1
H6605	Objc	H7562	1
H6605	Objc	H7563	1
H6605	Objc	H8034	1
H6605	Objc	H8147	1
H6605	Objc	H8392	1
H6605	Objc	H8546	1
H6605	Subj	H0232	1
H6605	Subj	H0241	1
H6605	Subj	H0259	1
H6605	Subj	H0376	1
H6605	Subj	H2503	1
H6605	Subj	H2795	1
H6605	Subj	H4791	1
H6605	Subj	H5104	1
H6605	Subj	H5563	1
H6605	Subj	H5612	1
H6605	Subj	H7462	1
H6605	Subj	H7563	1
H6617	Cmpl	H0269	1
H6617	Cmpl	H6141	1
H6617	Objc	H0430	1
H6617	Objc	H5319	1
H6622	Objc	H2472	1
H6626	Objc	H6595	1
H6638	Objc	H0990	1
H6638	Subj	H0990	1
H6642	Objc	H7039	1
H6658	Subj	H5892	1
H6663	Cmpl	H0413	1
H6663	Cmpl	H0433	1
H6663	Cmpl	H7227	1
H6663	Objc	H0269	1
H6663	Objc	H5315	1
H6663	Objc	H6041	1
H6663	Objc	H7326	1
H6663	Objc	H7563	1
H6663	Subj	H0802	1
H6663	Subj	H2416	1
H6663	Subj	H3205	1
H6663	Subj	H3605	1
H6663	Subj	H4878	1
H6663	Subj	H5650	1
H6663	Subj	H6944	1
H6663	Subj	H8193	1
H6670	Cmpl	H1347	1
H6670	Cmpl	H1471	1
H6670	Cmpl	H7218	1
H6670	Objc	H6440	1
H6670	Objc	H6963	1
H6670	Subj	H5892	1
H6679	Cmpl	H1004	1
H6679	Cmpl	H2764	1
H6679	Objc	H2416	1
H6679	Objc	H2964	1
H6679	Objc	H3368	1
H6679	Objc	H5775	1
H6679	Objc	H6806	1
H6679	Subj	H0376	1
H6679	Subj	H0802	1
H6680	Cmpl	H0113	1
H6680	Cmpl	H0120	1
H6680	Cmpl	H1323	1
H6680	Cmpl	H1697	1
H6680	Cmpl	H2284	1
H6680	Cmpl	H5645	1
H6680	Cmpl	H5650	1
H6680	Cmpl	H5869	1
H6680	Cmpl	H6942	1
H6680	Cmpl	H8269	1
H6680	Objc	H0113	1
H6680	Objc	H0251	1
H6680	Objc	H0310	1
H6680	Objc	H0376	1
H6680	Objc	H0490	1
H6680	Objc	H0530	1
H6680	Objc	H0618	1
H6680	Objc	H0802	1
H6680	Objc	H1002	1
H6680	Objc	H1004	1
H6680	Objc	H1242	1
H6680	Objc	H1419	1
H6680	Objc	H1980	1
H6680	Objc	H2617	1
H6680	Objc	H2706	1
H6680	Objc	H2719	1
H6680	Objc	H3027	1
H6680	Objc	H3444	1
H6680	Objc	H3571	1
H6680	Objc	H3878	1
H6680	Objc	H3967	1
H6680	Objc	H4294	1
H6680	Objc	H4605	1
H6680	Objc	H4687	1
H6680	Objc	H4916	1
H6680	Objc	H4932	1
H6680	Objc	H4941	1
H6680	Objc	H5030	1
H6680	Objc	H5057	1
H6680	Objc	H5065	1
H6680	Objc	H5175	1
H6680	Objc	H5439	1
H6680	Objc	H5592	1
H6680	Objc	H5797	1
H6680	Objc	H6158	1
H6680	Objc	H6635	1
H6680	Objc	H6664	1
H6680	Objc	H6862	1
H6680	Objc	H7218	1
H6680	Objc	H7223	1
H6680	Objc	H7495	1
H6680	Objc	H7834	1
H6680	Objc	H7992	1
H6680	Objc	H8104	1
H6680	Objc	H8145	1
H6680	Objc	H8147	1
H6680	Subj	H0251	1
H6680	Subj	H1121	1
H6680	Subj	H2205	1
H6680	Subj	H5030	1
H6684	Cmpl	H1004	1
H6684	Cmpl	H1121	1
H6684	Cmpl	H5971	1
H6684	Subj	H5291	1
H6687	Cmpl	H6440	1
H6687	Cmpl	H7218	1
H6687	Objc	H3220	1
H6687	Objc	H4325	1
H6687	Objc	H5488	1
H6687	Subj	H1270	1
H6687	Subj	H4325	1
H6692	Objc	H6731	1
H6692	Subj	H0205	1
H6692	Subj	H3605	1
H6692	Subj	H4294	1
H6692	Subj	H5145	1
H6693	Objc	H3908	1
H6693	Objc	H6389	1
H6693	Objc	H8081	1
H6693	Subj	H1245	1
H6693	Subj	H5315	1
H6693	Subj	H6697	1
H6696	Cmpl	H0376	1
H6696	Cmpl	H2754	1
H6696	Cmpl	H3027	1
H6696	Cmpl	H3671	1
H6696	Cmpl	H5892	1
H6696	Cmpl	H8147	1
H6696	Objc	H0730	1
H6696	Objc	H0899	1
H6696	Objc	H2487	1
H6696	Objc	H3603	1
H6696	Objc	H3871	1
H6696	Objc	H4674	1
H6696	Objc	H8147	1
H6711	Cmpl	H6440	1
H6711	Subj	H3605	1
H6743	Cmpl	H1004	1
H6743	Cmpl	H4399	1
H6743	Cmpl	H4410	1
H6743	Cmpl	H4639	1
H6743	Cmpl	H5650	1
H6743	Objc	H3605	1
H6743	Objc	H4820	1
H6743	Subj	H0376	1
H6743	Subj	H2656	1
H6743	Subj	H3627	1
H6743	Subj	H4428	1
H6743	Subj	H7451	1
H6743	Subj	H7563	1
H6749	Cmpl	H0117	1
H6749	Cmpl	H4325	1
H6770	Cmpl	H0413	1
H6770	Cmpl	H0430	1
H6770	Cmpl	H2416	1
H6770	Cmpl	H4325	1
H6770	Subj	H5971	1
H6775	Objc	H3956	1
H6775	Objc	H4820	1
H6779	Cmpl	H0776	1
H6779	Cmpl	H1471	1
H6779	Cmpl	H3605	1
H6779	Cmpl	H5048	1
H6779	Cmpl	H6083	1
H6779	Cmpl	H8478	1
H6779	Objc	H1863	1
H6779	Objc	H1877	1
H6779	Objc	H2221	1
H6779	Objc	H3605	1
H6779	Objc	H4161	1
H6779	Objc	H6086	1
H6779	Objc	H6780	1
H6779	Objc	H6975	1
H6779	Objc	H8416	1
H6779	Subj	H0312	1
H6779	Subj	H0430	1
H6779	Subj	H0571	1
H6779	Subj	H0724	1
H6779	Subj	H3605	1
H6779	Subj	H5999	1
H6779	Subj	H6212	1
H6779	Subj	H7704	1
H6779	Subj	H7838	1
H6789	Cmpl	H2822	1
H6789	Cmpl	H6440	1
H6789	Objc	H0341	1
H6789	Objc	H0776	1
H6789	Objc	H2416	1
H6789	Objc	H7563	1
H6795	Cmpl	H0776	1
H6801	Cmpl	H0905	1
H6801	Cmpl	H4701	1
H6805	Cmpl	H1004	1
H6805	Cmpl	H1870	1
H6805	Cmpl	H7793	1
H6805	Objc	H0776	1
H6805	Objc	H6806	1
H6805	Objc	H8337	1
H6805	Subj	H0727	1
H6805	Subj	H5375	1
H6817	Cmpl	H0001	1
H6817	Cmpl	H0310	1
H6817	Cmpl	H0430	1
H6817	Cmpl	H1004	1
H6817	Cmpl	H3899	1
H6817	Cmpl	H7704	1
H6817	Objc	H1419	1
H6817	Objc	H4751	1
H6817	Objc	H5971	1
H6817	Objc	H6818	1
H6817	Subj	H0259	1
H6817	Subj	H0691	1
H6817	Subj	H0781	1
H6817	Subj	H3820	1
H6817	Subj	H5030	1
H6817	Subj	H5291	1
H6821	Cmpl	H6106	1
H6821	Subj	H5785	1
H6823	Cmpl	H1265	1
H6823	Cmpl	H6763	1
H6823	Objc	H0068	1
H6823	Objc	H0730	1
H6823	Objc	H1817	1
H6823	Objc	H3368	1
H6823	Objc	H3742	1
H6823	Objc	H5458	1
H6823	Objc	H6086	1
H6823	Objc	H6844	1
H6823	Subj	H4428	1
H6845	Cmpl	H1121	1
H6845	Cmpl	H2706	1
H6845	Cmpl	H3372	1
H6845	Cmpl	H3477	1
H6845	Cmpl	H3820	1
H6845	Cmpl	H3824	1
H6845	Cmpl	H5048	1
H6845	Cmpl	H5315	1
H6845	Cmpl	H5355	1
H6845	Cmpl	H5869	1
H6845	Cmpl	H6184	1
H6845	Cmpl	H7922	1
H6845	Objc	H0205	1
H6845	Objc	H0561	1
H6845	Objc	H0565	1
H6845	Objc	H1847	1
H6845	Objc	H3820	1
H6845	Objc	H5771	1
H6845	Objc	H6310	1
H6845	Objc	H7307	1
H6845	Objc	H8454	1
H6845	Subj	H0433	1
H6845	Subj	H2450	1
H6845	Subj	H4557	1
H6845	Subj	H5869	1
H6845	Subj	H6256	1
H6845	Subj	H8141	1
H6850	Subj	H0565	1
H6852	Cmpl	H2022	1
H6866	Subj	H3605	1
H6866	Subj	H5045	1
H6866	Subj	H6440	1
H6866	Subj	H6828	1
H6884	Objc	H3629	1
H6884	Objc	H3820	1
H6884	Objc	H5509	1
H6884	Subj	H5777	1
H6884	Subj	H7227	1
H6887	Cmpl	H0120	1
H6887	Cmpl	H0776	1
H6887	Cmpl	H3427	1
H6887	Cmpl	H3671	1
H6887	Cmpl	H4773	1
H6887	Cmpl	H8071	1
H6887	Objc	H0068	1
H6887	Objc	H4325	1
H6887	Objc	H8584	1
H6887	Subj	H0205	1
H6887	Subj	H4541	1
H6887	Subj	H7307	1
H6895	Objc	H5116	1
H6895	Objc	H5971	1
H6901	Cmpl	H0430	1
H6901	Cmpl	H2233	1
H6901	Cmpl	H3605	1
H6901	Cmpl	H6924	1
H6901	Objc	H1818	1
H6901	Objc	H2091	1
H6901	Objc	H2896	1
H6901	Objc	H3368	1
H6901	Objc	H3627	1
H6901	Objc	H3701	1
H6901	Objc	H4148	1
H6901	Objc	H4948	1
H6901	Objc	H4979	1
H6901	Objc	H5023	1
H6901	Objc	H7451	1
H6901	Objc	H7690	1
H6901	Subj	H4074	1
H6901	Subj	H5945	1
H6901	Subj	H6922	1
H6906	Objc	H0430	1
H6906	Objc	H5315	1
H6906	Subj	H0120	1
H6908	Cmpl	H0113	1
H6908	Cmpl	H0310	1
H6908	Cmpl	H0341	1
H6908	Cmpl	H0639	1
H6908	Cmpl	H0702	1
H6908	Cmpl	H0802	1
H6908	Cmpl	H1004	1
H6908	Cmpl	H1471	1
H6908	Cmpl	H2534	1
H6908	Cmpl	H3671	1
H6908	Cmpl	H4428	1
H6908	Cmpl	H4725	1
H6908	Cmpl	H5439	1
H6908	Cmpl	H5892	1
H6908	Cmpl	H6635	1
H6908	Cmpl	H7339	1
H6908	Cmpl	H8432	1
H6908	Objc	H0205	1
H6908	Objc	H0702	1
H6908	Objc	H0935	1
H6908	Objc	H1295	1
H6908	Objc	H1330	1
H6908	Objc	H1481	1
H6908	Objc	H2205	1
H6908	Objc	H2428	1
H6908	Objc	H2715	1
H6908	Objc	H3548	1
H6908	Objc	H3701	1
H6908	Objc	H3956	1
H6908	Objc	H3967	1
H6908	Objc	H4325	1
H6908	Objc	H4428	1
H6908	Objc	H4467	1
H6908	Objc	H4758	1
H6908	Objc	H5291	1
H6908	Objc	H5461	1
H6908	Objc	H5483	1
H6908	Objc	H6327	1
H6908	Objc	H6629	1
H6908	Objc	H7218	1
H6908	Objc	H7393	1
H6908	Objc	H7651	1
H6908	Objc	H7998	1
H6908	Objc	H8147	1
H6908	Objc	H8481	1
H6908	Subj	H0567	1
H6908	Subj	H0802	1
H6908	Subj	H1100	1
H6908	Subj	H1167	1
H6908	Subj	H1330	1
H6908	Subj	H1471	1
H6908	Subj	H1772	1
H6908	Subj	H2022	1
H6908	Subj	H2205	1
H6908	Subj	H3206	1
H6908	Subj	H3427	1
H6908	Subj	H3966	1
H6908	Subj	H4026	1
H6908	Subj	H4689	1
H6908	Subj	H4751	1
H6908	Subj	H5291	1
H6908	Subj	H5315	1
H6908	Subj	H6629	1
H6908	Subj	H6951	1
H6908	Subj	H7386	1
H6912	Cmpl	H0815	1
H6912	Cmpl	H1366	1
H6912	Cmpl	H1389	1
H6912	Cmpl	H1516	1
H6912	Cmpl	H1870	1
H6912	Cmpl	H1995	1
H6912	Cmpl	H2022	1
H6912	Cmpl	H2513	1
H6912	Cmpl	H2850	1
H6912	Cmpl	H4005	1
H6912	Cmpl	H4057	1
H6912	Cmpl	H5159	1
H6912	Cmpl	H6003	1
H6912	Objc	H0183	1
H6912	Objc	H1121	1
H6912	Objc	H1995	1
H6912	Objc	H2491	1
H6912	Objc	H3605	1
H6912	Objc	H4428	1
H6912	Objc	H5971	1
H6912	Subj	H0157	1
H6912	Subj	H0776	1
H6912	Subj	H0802	1
H6912	Subj	H5971	1
H6912	Subj	H8300	1
H6915	Cmpl	H0776	1
H6915	Subj	H0376	1
H6915	Subj	H5971	1
H6919	Cmpl	H0639	1
H6919	Objc	H2003	1
H6942	Cmpl	H0272	1
H6942	Cmpl	H0430	1
H6942	Cmpl	H0505	1
H6942	Cmpl	H1121	1
H6942	Cmpl	H1471	1
H6942	Cmpl	H3519	1
H6942	Cmpl	H3627	1
H6942	Cmpl	H3967	1
H6942	Cmpl	H4421	1
H6942	Cmpl	H4979	1
H6942	Cmpl	H6635	1
H6942	Cmpl	H6944	1
H6942	Cmpl	H7138	1
H6942	Cmpl	H7704	1
H6942	Cmpl	H7998	1
H6942	Cmpl	H8432	1
H6942	Objc	H0001	1
H6942	Objc	H0168	1
H6942	Objc	H0376	1
H6942	Objc	H0430	1
H6942	Objc	H0776	1
H6942	Objc	H1167	1
H6942	Objc	H1419	1
H6942	Objc	H2145	1
H6942	Objc	H2373	1
H6942	Objc	H2568	1
H6942	Objc	H3701	1
H6942	Objc	H4150	1
H6942	Objc	H4428	1
H6942	Objc	H4475	1
H6942	Objc	H4736	1
H6942	Objc	H4889	1
H6942	Objc	H5461	1
H6942	Objc	H6116	1
H6942	Objc	H6346	1
H6942	Objc	H6918	1
H6942	Objc	H6951	1
H6942	Objc	H7121	1
H6942	Objc	H7218	1
H6942	Objc	H7785	1
H6942	Objc	H8573	1
H6942	Objc	H8641	1
H6942	Subj	H0251	1
H6942	Subj	H2282	1
H6942	Subj	H3878	1
H6942	Subj	H4395	1
H6942	Subj	H7203	1
H6942	Subj	H7218	1
H6942	Subj	H7230	1
H6949	Subj	H1270	1
H6950	Cmpl	H1293	1
H6950	Cmpl	H3605	1
H6950	Cmpl	H4082	1
H6950	Cmpl	H5553	1
H6950	Cmpl	H5892	1
H6950	Cmpl	H6010	1
H6950	Cmpl	H6440	1
H6950	Objc	H0376	1
H6950	Objc	H0505	1
H6950	Objc	H0802	1
H6950	Objc	H1616	1
H6950	Objc	H2945	1
H6950	Objc	H3967	1
H6950	Objc	H4256	1
H6950	Objc	H4428	1
H6950	Objc	H4735	1
H6950	Objc	H7399	1
H6950	Objc	H7860	1
H6950	Subj	H0251	1
H6950	Subj	H7605	1
H6958	Cmpl	H3004	1
H6958	Objc	H1471	1
H6958	Objc	H3427	1
H6960	Cmpl	H0259	1
H6960	Cmpl	H0376	1
H6960	Cmpl	H0430	1
H6960	Cmpl	H3444	1
H6960	Cmpl	H4725	1
H6960	Objc	H2896	1
H6960	Objc	H5315	1
H6960	Objc	H6467	1
H6960	Objc	H8034	1
H6960	Subj	H1471	1
H6960	Subj	H1979	1
H6960	Subj	H3605	1
H6960	Subj	H4325	1
H6960	Subj	H5315	1
H6960	Subj	H7563	1
H6960	Subj	H8064	1
H6960	Subj	H8478	1
H6962	Cmpl	H1755	1
H6962	Cmpl	H2416	1
H6962	Cmpl	H5771	1
H6962	Cmpl	H6440	1
H6962	Cmpl	H6965	1
H6962	Cmpl	H7462	1
H6962	Cmpl	H8441	1
H6962	Subj	H5315	1
H6965	Cmpl	H0205	1
H6965	Cmpl	H0361	1
H6965	Cmpl	H0430	1
H6965	Cmpl	H0639	1
H6965	Cmpl	H0681	1
H6965	Cmpl	H0693	1
H6965	Cmpl	H0727	1
H6965	Cmpl	H0772	1
H6965	Cmpl	H1055	1
H6965	Cmpl	H1121	1
H6965	Cmpl	H1167	1
H6965	Cmpl	H1320	1
H6965	Cmpl	H1593	1
H6965	Cmpl	H1755	1
H6965	Cmpl	H1827	1
H6965	Cmpl	H2233	1
H6965	Cmpl	H2298	1
H6965	Cmpl	H2740	1
H6965	Cmpl	H3027	1
H6965	Cmpl	H3196	1
H6965	Cmpl	H3548	1
H6965	Cmpl	H3878	1
H6965	Cmpl	H3967	1
H6965	Cmpl	H3993	1
H6965	Cmpl	H4196	1
H6965	Cmpl	H4294	1
H6965	Cmpl	H4421	1
H6965	Cmpl	H4437	1
H6965	Cmpl	H4467	1
H6965	Cmpl	H4496	1
H6965	Cmpl	H4608	1
H6965	Cmpl	H4631	1
H6965	Cmpl	H4673	1
H6965	Cmpl	H4904	1
H6965	Cmpl	H4960	1
H6965	Cmpl	H5030	1
H6965	Cmpl	H5045	1
H6965	Cmpl	H5082	1
H6965	Cmpl	H5375	1
H6965	Cmpl	H5553	1
H6965	Cmpl	H5650	1
H6965	Cmpl	H5713	1
H6965	Cmpl	H5769	1
H6965	Cmpl	H5833	1
H6965	Cmpl	H5921	1
H6965	Cmpl	H5977	1
H6965	Cmpl	H6243	1
H6965	Cmpl	H6390	1
H6965	Cmpl	H6672	1
H6965	Cmpl	H6924	1
H6965	Cmpl	H6944	1
H6965	Cmpl	H7453	1
H6965	Cmpl	H7462	1
H6965	Cmpl	H7562	1
H6965	Cmpl	H7872	1
H6965	Cmpl	H7979	1
H6965	Cmpl	H8034	1
H6965	Cmpl	H8142	1
H6965	Cmpl	H8147	1
H6965	Cmpl	H8198	1
H6965	Cmpl	H8589	1
H6965	Objc	H0001	1
H6965	Objc	H0107	1
H6965	Objc	H0120	1
H6965	Objc	H0168	1
H6965	Objc	H0251	1
H6965	Objc	H0259	1
H6965	Objc	H0334	1
H6965	Objc	H0376	1
H6965	Objc	H0539	1
H6965	Objc	H0565	1
H6965	Objc	H0606	1
H6965	Objc	H0657	1
H6965	Objc	H0969	1
H6965	Objc	H1471	1
H6965	Objc	H2034	1
H6965	Objc	H2201	1
H6965	Objc	H2270	1
H6965	Objc	H2691	1
H6965	Objc	H3027	1
H6965	Objc	H3117	1
H6965	Objc	H3225	1
H6965	Objc	H3228	1
H6965	Objc	H3233	1
H6965	Objc	H3467	1
H6965	Objc	H3782	1
H6965	Objc	H4146	1
H6965	Objc	H4150	1
H6965	Objc	H4302	1
H6965	Objc	H4437	1
H6965	Objc	H4438	1
H6965	Objc	H4467	1
H6965	Objc	H4687	1
H6965	Objc	H4694	1
H6965	Objc	H5257	1
H6965	Objc	H5521	1
H6965	Objc	H5650	1
H6965	Objc	H5715	1
H6965	Objc	H5769	1
H6965	Objc	H6459	1
H6965	Objc	H6662	1
H6965	Objc	H6780	1
H6965	Objc	H6793	1
H6965	Objc	H7010	1
H6965	Objc	H7223	1
H6965	Objc	H7272	1
H6965	Objc	H7626	1
H6965	Objc	H7651	1
H6965	Objc	H8042	1
H6965	Objc	H8074	1
H6965	Objc	H8083	1
H6965	Objc	H8145	1
H6965	Objc	H8217	1
H6965	Subj	H0001	1
H6965	Subj	H0113	1
H6965	Subj	H0216	1
H6965	Subj	H0312	1
H6965	Subj	H0317	1
H6965	Subj	H0321	1
H6965	Subj	H0343	1
H6965	Subj	H0413	1
H6965	Subj	H0424	1
H6965	Subj	H0485	1
H6965	Subj	H0693	1
H6965	Subj	H0772	1
H6965	Subj	H0776	1
H6965	Subj	H0842	1
H6965	Subj	H1060	1
H6965	Subj	H1167	1
H6965	Subj	H1323	1
H6965	Subj	H1569	1
H6965	Subj	H1755	1
H6965	Subj	H2086	1
H6965	Subj	H2114	1
H6965	Subj	H2319	1
H6965	Subj	H2380	1
H6965	Subj	H2465	1
H6965	Subj	H2472	1
H6965	Subj	H2492	1
H6965	Subj	H2553	1
H6965	Subj	H3064	1
H6965	Subj	H3307	1
H6965	Subj	H3453	1
H6965	Subj	H3585	1
H6965	Subj	H3618	1
H6965	Subj	H4161	1
H6965	Subj	H4284	1
H6965	Subj	H4405	1
H6965	Subj	H4436	1
H6965	Subj	H4437	1
H6965	Subj	H4592	1
H6965	Subj	H4908	1
H6965	Subj	H4940	1
H6965	Subj	H5291	1
H6965	Subj	H5315	1
H6965	Subj	H5391	1
H6965	Subj	H6086	1
H6965	Subj	H6098	1
H6965	Subj	H6235	1
H6965	Subj	H6240	1
H6965	Subj	H6370	1
H6965	Subj	H6430	1
H6965	Subj	H6526	1
H6965	Subj	H6547	1
H6965	Subj	H6635	1
H6965	Subj	H6810	1
H6965	Subj	H6869	1
H6965	Subj	H6956	1
H6965	Subj	H6994	1
H6965	Subj	H7121	1
H6965	Subj	H7145	1
H6965	Subj	H7307	1
H6965	Subj	H7458	1
H6965	Subj	H7523	1
H6965	Subj	H7588	1
H6965	Subj	H7626	1
H6965	Subj	H7651	1
H6965	Subj	H8065	1
H6965	Subj	H8141	1
H6965	Subj	H8193	1
H6965	Subj	H8267	1
H6965	Subj	H8334	1
H6973	Cmpl	H2416	1
H6973	Cmpl	H3899	1
H6973	Cmpl	H7052	1
H6973	Subj	H5315	1
H6983	Cmpl	H3198	1
H6998	Cmpl	H3127	1
H6998	Cmpl	H7218	1
H6998	Objc	H3242	1
H6998	Objc	H4425	1
H6998	Objc	H7218	1
H6998	Objc	H7390	1
H6999	Cmpl	H1419	1
H6999	Cmpl	H2351	1
H6999	Cmpl	H2557	1
H6999	Cmpl	H3605	1
H6999	Cmpl	H4365	1
H6999	Cmpl	H5892	1
H6999	Cmpl	H6456	1
H6999	Cmpl	H6635	1
H6999	Cmpl	H7004	1
H6999	Cmpl	H7723	1
H6999	Objc	H0776	1
H6999	Objc	H1643	1
H6999	Objc	H3508	1
H6999	Objc	H3515	1
H6999	Objc	H3629	1
H6999	Objc	H3828	1
H6999	Objc	H4428	1
H6999	Objc	H4635	1
H6999	Objc	H5262	1
H6999	Objc	H5409	1
H6999	Objc	H5971	1
H6999	Objc	H6309	1
H6999	Objc	H7218	1
H6999	Objc	H8002	1
H6999	Objc	H8081	1
H6999	Objc	H8426	1
H6999	Objc	H8548	1
H6999	Subj	H0001	1
H6999	Subj	H0776	1
H6999	Subj	H1121	1
H6999	Subj	H4428	1
H6999	Subj	H5971	1
H6999	Subj	H8269	1
H7019	Subj	H0127	1
H7019	Subj	H3462	1
H7019	Subj	H5288	1
H7019	Subj	H5861	1
H7019	Subj	H6083	1
H7019	Subj	H6635	1
H7019	Subj	H7227	1
H7034	Cmpl	H5869	1
H7034	Subj	H0251	1
H7034	Subj	H3519	1
H7043	Cmpl	H0127	1
H7043	Cmpl	H0708	1
H7043	Cmpl	H1004	1
H7043	Cmpl	H2671	1
H7043	Cmpl	H4428	1
H7043	Cmpl	H5869	1
H7043	Cmpl	H6440	1
H7043	Cmpl	H6738	1
H7043	Objc	H0113	1
H7043	Objc	H0127	1
H7043	Objc	H0312	1
H7043	Objc	H0776	1
H7043	Objc	H0959	1
H7043	Objc	H2795	1
H7043	Objc	H3027	1
H7043	Objc	H3117	1
H7043	Objc	H3513	1
H7043	Objc	H3605	1
H7043	Objc	H4899	1
H7043	Objc	H6223	1
H7043	Objc	H6440	1
H7043	Subj	H0776	1
H7043	Subj	H1389	1
H7043	Subj	H1404	1
H7043	Subj	H1755	1
H7043	Subj	H2398	1
H7043	Subj	H2513	1
H7043	Subj	H3605	1
H7043	Subj	H3611	1
H7043	Subj	H4191	1
H7043	Subj	H6430	1
H7043	Subj	H7223	1
H7043	Subj	H7291	1
H7060	Subj	H5488	1
H7060	Subj	H7070	1
H7061	Cmpl	H4503	1
H7061	Objc	H3605	1
H7061	Objc	H3828	1
H7061	Objc	H5560	1
H7061	Objc	H8081	1
H7069	Cmpl	H0001	1
H7069	Cmpl	H0272	1
H7069	Cmpl	H0802	1
H7069	Cmpl	H1730	1
H7069	Cmpl	H2850	1
H7069	Cmpl	H3899	1
H7069	Cmpl	H6913	1
H7069	Objc	H0251	1
H7069	Objc	H0376	1
H7069	Objc	H0519	1
H7069	Objc	H0561	1
H7069	Objc	H0571	1
H7069	Objc	H1228	1
H7069	Objc	H1241	1
H7069	Objc	H1798	1
H7069	Objc	H1800	1
H7069	Objc	H1847	1
H7069	Objc	H2022	1
H7069	Objc	H2513	1
H7069	Objc	H2789	1
H7069	Objc	H3064	1
H7069	Objc	H3548	1
H7069	Objc	H3629	1
H7069	Objc	H4191	1
H7069	Objc	H4503	1
H7069	Objc	H5262	1
H7069	Objc	H5315	1
H7069	Objc	H5680	1
H7069	Objc	H5971	1
H7069	Objc	H6593	1
H7069	Objc	H7070	1
H7069	Objc	H7605	1
H7069	Objc	H8198	1
H7069	Objc	H8449	1
H7069	Subj	H1004	1
H7069	Subj	H3225	1
H7069	Subj	H3754	1
H7069	Subj	H3820	1
H7077	Cmpl	H5589	1
H7077	Subj	H3605	1
H7077	Subj	H5775	1
H7077	Subj	H6833	1
H7077	Subj	H7091	1
H7077	Subj	H8064	1
H7082	Objc	H6529	1
H7087	Subj	H8415	1
H7088	Objc	H2416	1
H7092	Cmpl	H0034	1
H7092	Cmpl	H0251	1
H7092	Objc	H3027	1
H7092	Subj	H3605	1
H7092	Subj	H4428	1
H7096	Objc	H1004	1
H7096	Objc	H5971	1
H7096	Objc	H7227	1
H7106	Cmpl	H1004	1
H7106	Objc	H1004	1
H7107	Cmpl	H0001	1
H7107	Cmpl	H0505	1
H7107	Cmpl	H0644	1
H7107	Cmpl	H1121	1
H7107	Cmpl	H2428	1
H7107	Cmpl	H3498	1
H7107	Cmpl	H3967	1
H7107	Cmpl	H5631	1
H7107	Cmpl	H5650	1
H7107	Cmpl	H5971	1
H7107	Cmpl	H6485	1
H7107	Cmpl	H6963	1
H7107	Cmpl	H8147	1
H7107	Cmpl	H8248	1
H7107	Objc	H0430	1
H7107	Objc	H4592	1
H7107	Objc	H7110	1
H7107	Subj	H0001	1
H7107	Subj	H0376	1
H7107	Subj	H5592	1
H7107	Subj	H5631	1
H7107	Subj	H6430	1
H7107	Subj	H8104	1
H7107	Subj	H8147	1
H7112	Objc	H0430	1
H7112	Objc	H0547	1
H7112	Objc	H0931	1
H7112	Objc	H1004	1
H7112	Objc	H1817	1
H7112	Objc	H1964	1
H7112	Objc	H2091	1
H7112	Objc	H2595	1
H7112	Objc	H3605	1
H7112	Objc	H3709	1
H7112	Objc	H4350	1
H7112	Objc	H4526	1
H7112	Objc	H5688	1
H7112	Objc	H6057	1
H7112	Objc	H6616	1
H7112	Objc	H7563	1
H7112	Subj	H4428	1
H7114	Cmpl	H1870	1
H7114	Cmpl	H2617	1
H7114	Cmpl	H5999	1
H7114	Cmpl	H6304	1
H7114	Cmpl	H6310	1
H7114	Objc	H0205	1
H7114	Objc	H1098	1
H7114	Objc	H5492	1
H7114	Objc	H5930	1
H7114	Objc	H6975	1
H7114	Objc	H7641	1
H7114	Subj	H2220	1
H7114	Subj	H2232	1
H7114	Subj	H4702	1
H7114	Subj	H5930	1
H7114	Subj	H5971	1
H7114	Subj	H7563	1
H7114	Subj	H8141	1
H7121	Cmpl	H0060	1
H7121	Cmpl	H0113	1
H7121	Cmpl	H0120	1
H7121	Cmpl	H0127	1
H7121	Cmpl	H0157	1
H7121	Cmpl	H0216	1
H7121	Cmpl	H0269	1
H7121	Cmpl	H0413	1
H7121	Cmpl	H0612	1
H7121	Cmpl	H0757	1
H7121	Cmpl	H0802	1
H7121	Cmpl	H0825	1
H7121	Cmpl	H0875	1
H7121	Cmpl	H0929	1
H7121	Cmpl	H0953	1
H7121	Cmpl	H1116	1
H7121	Cmpl	H1167	1
H7121	Cmpl	H1425	1
H7121	Cmpl	H1610	1
H7121	Cmpl	H1616	1
H7121	Cmpl	H1715	1
H7121	Cmpl	H1730	1
H7121	Cmpl	H1870	1
H7121	Cmpl	H2351	1
H7121	Cmpl	H2416	1
H7121	Cmpl	H2428	1
H7121	Cmpl	H2677	1
H7121	Cmpl	H2748	1
H7121	Cmpl	H2822	1
H7121	Cmpl	H2945	1
H7121	Cmpl	H3004	1
H7121	Cmpl	H3117	1
H7121	Cmpl	H3205	1
H7121	Cmpl	H3427	1
H7121	Cmpl	H3627	1
H7121	Cmpl	H3674	1
H7121	Cmpl	H3778	1
H7121	Cmpl	H4040	1
H7121	Cmpl	H4294	1
H7121	Cmpl	H4325	1
H7121	Cmpl	H4634	1
H7121	Cmpl	H4678	1
H7121	Cmpl	H4723	1
H7121	Cmpl	H4791	1
H7121	Cmpl	H5036	1
H7121	Cmpl	H5048	1
H7121	Cmpl	H5291	1
H7121	Cmpl	H5375	1
H7121	Cmpl	H5608	1
H7121	Cmpl	H5633	1
H7121	Cmpl	H5674	1
H7121	Cmpl	H5713	1
H7121	Cmpl	H5769	1
H7121	Cmpl	H5775	1
H7121	Cmpl	H5921	1
H7121	Cmpl	H5945	1
H7121	Cmpl	H6240	1
H7121	Cmpl	H6430	1
H7121	Cmpl	H6828	1
H7121	Cmpl	H6951	1
H7121	Cmpl	H6994	1
H7121	Cmpl	H6996	1
H7121	Cmpl	H7176	1
H7121	Cmpl	H7206	1
H7121	Cmpl	H7458	1
H7121	Cmpl	H7549	1
H7121	Cmpl	H7617	1
H7121	Cmpl	H7676	1
H7121	Cmpl	H7704	1
H7121	Cmpl	H7845	1
H7121	Cmpl	H7965	1
H7121	Cmpl	H8147	1
H7121	Cmpl	H8482	1
H7121	Objc	H0120	1
H7121	Objc	H0168	1
H7121	Objc	H0200	1
H7121	Objc	H0259	1
H7121	Objc	H0312	1
H7121	Objc	H0368	1
H7121	Objc	H0376	1
H7121	Objc	H0406	1
H7121	Objc	H0433	1
H7121	Objc	H0439	1
H7121	Objc	H0571	1
H7121	Objc	H0639	1
H7121	Objc	H0702	1
H7121	Objc	H1060	1
H7121	Objc	H1116	1
H7121	Objc	H1346	1
H7121	Objc	H1366	1
H7121	Objc	H1404	1
H7121	Objc	H1419	1
H7121	Objc	H1471	1
H7121	Objc	H1516	1
H7121	Objc	H1817	1
H7121	Objc	H1995	1
H7121	Objc	H2132	1
H7121	Objc	H2346	1
H7121	Objc	H2416	1
H7121	Objc	H2450	1
H7121	Objc	H2555	1
H7121	Objc	H2617	1
H7121	Objc	H2719	1
H7121	Objc	H2721	1
H7121	Objc	H2748	1
H7121	Objc	H3206	1
H7121	Objc	H3220	1
H7121	Objc	H3233	1
H7121	Objc	H3243	1
H7121	Objc	H3289	1
H7121	Objc	H3303	1
H7121	Objc	H3444	1
H7121	Objc	H3678	1
H7121	Objc	H3701	1
H7121	Objc	H3895	1
H7121	Objc	H3915	1
H7121	Objc	H3988	1
H7121	Objc	H4033	1
H7121	Objc	H4093	1
H7121	Objc	H4209	1
H7121	Objc	H4256	1
H7121	Objc	H4390	1
H7121	Objc	H4410	1
H7121	Objc	H4467	1
H7121	Objc	H4478	1
H7121	Objc	H4751	1
H7121	Objc	H5071	1
H7121	Objc	H5080	1
H7121	Objc	H5158	1
H7121	Objc	H5288	1
H7121	Objc	H5315	1
H7121	Objc	H5439	1
H7121	Objc	H5553	1
H7121	Objc	H5647	1
H7121	Objc	H5650	1
H7121	Objc	H5668	1
H7121	Objc	H5680	1
H7121	Objc	H5704	1
H7121	Objc	H5869	1
H7121	Objc	H5947	1
H7121	Objc	H6027	1
H7121	Objc	H6028	1
H7121	Objc	H6332	1
H7121	Objc	H6382	1
H7121	Objc	H6529	1
H7121	Objc	H6635	1
H7121	Objc	H6918	1
H7121	Objc	H6944	1
H7121	Objc	H7045	1
H7121	Objc	H7150	1
H7121	Objc	H7390	1
H7121	Objc	H7411	1
H7121	Objc	H7458	1
H7121	Objc	H7488	1
H7121	Objc	H7564	1
H7121	Objc	H7701	1
H7121	Objc	H7778	1
H7121	Objc	H8059	1
H7121	Objc	H8064	1
H7121	Objc	H8141	1
H7121	Objc	H8145	1
H7121	Objc	H8269	1
H7121	Objc	H8389	1
H7121	Objc	H8605	1
H7121	Subj	H0517	1
H7121	Subj	H0567	1
H7121	Subj	H0776	1
H7121	Subj	H0802	1
H7121	Subj	H1516	1
H7121	Subj	H1534	1
H7121	Subj	H2205	1
H7121	Subj	H2319	1
H7121	Subj	H2450	1
H7121	Subj	H2451	1
H7121	Subj	H3027	1
H7121	Subj	H3548	1
H7121	Subj	H3686	1
H7121	Subj	H3820	1
H7121	Subj	H4125	1
H7121	Subj	H4393	1
H7121	Subj	H5341	1
H7121	Subj	H5984	1
H7121	Subj	H6041	1
H7121	Subj	H6310	1
H7121	Subj	H6430	1
H7121	Subj	H6573	1
H7121	Subj	H6635	1
H7121	Subj	H6722	1
H7121	Subj	H6963	1
H7121	Subj	H7203	1
H7121	Subj	H7223	1
H7121	Subj	H7489	1
H7121	Subj	H7934	1
H7126	Cmpl	H0251	1
H7126	Cmpl	H0696	1
H7126	Cmpl	H0776	1
H7126	Cmpl	H0817	1
H7126	Cmpl	H1241	1
H7126	Cmpl	H1320	1
H7126	Cmpl	H1397	1
H7126	Cmpl	H2077	1
H7126	Cmpl	H2298	1
H7126	Cmpl	H2471	1
H7126	Cmpl	H2557	1
H7126	Cmpl	H2932	1
H7126	Cmpl	H3123	1
H7126	Cmpl	H3344	1
H7126	Cmpl	H3627	1
H7126	Cmpl	H3899	1
H7126	Cmpl	H4135	1
H7126	Cmpl	H4264	1
H7126	Cmpl	H4399	1
H7126	Cmpl	H4428	1
H7126	Cmpl	H4503	1
H7126	Cmpl	H4725	1
H7126	Cmpl	H5031	1
H7126	Cmpl	H5071	1
H7126	Cmpl	H5088	1
H7126	Cmpl	H5135	1
H7126	Cmpl	H5207	1
H7126	Cmpl	H5262	1
H7126	Cmpl	H5315	1
H7126	Cmpl	H5387	1
H7126	Cmpl	H5713	1
H7126	Cmpl	H6086	1
H7126	Cmpl	H6629	1
H7126	Cmpl	H6965	1
H7126	Cmpl	H7381	1
H7126	Cmpl	H7607	1
H7126	Cmpl	H7704	1
H7126	Cmpl	H7845	1
H7126	Cmpl	H7979	1
H7126	Cmpl	H8002	1
H7126	Cmpl	H8432	1
H7126	Cmpl	H8449	1
H7126	Cmpl	H8651	1
H7126	Objc	H0001	1
H7126	Objc	H0024	1
H7126	Objc	H0561	1
H7126	Objc	H0784	1
H7126	Objc	H0814	1
H7126	Objc	H1004	1
H7126	Objc	H1061	1
H7126	Objc	H1323	1
H7126	Objc	H1643	1
H7126	Objc	H1697	1
H7126	Objc	H1798	1
H7126	Objc	H1969	1
H7126	Objc	H2114	1
H7126	Objc	H2227	1
H7126	Objc	H2319	1
H7126	Objc	H2416	1
H7126	Objc	H2471	1
H7126	Objc	H2529	1
H7126	Objc	H2568	1
H7126	Objc	H2598	1
H7126	Objc	H3117	1
H7126	Objc	H3759	1
H7126	Objc	H3772	1
H7126	Objc	H3807	1
H7126	Objc	H3820	1
H7126	Objc	H3849	1
H7126	Objc	H3989	1
H7126	Objc	H4084	1
H7126	Objc	H4196	1
H7126	Objc	H4219	1
H7126	Objc	H4289	1
H7126	Objc	H4394	1
H7126	Objc	H4417	1
H7126	Objc	H4600	1
H7126	Objc	H4941	1
H7126	Objc	H5423	1
H7126	Objc	H5971	1
H7126	Objc	H6595	1
H7126	Objc	H6629	1
H7126	Objc	H6666	1
H7126	Objc	H6842	1
H7126	Objc	H6944	1
H7126	Objc	H7086	1
H7126	Objc	H7246	1
H7126	Objc	H7379	1
H7126	Objc	H7550	1
H7126	Objc	H7704	1
H7126	Objc	H7992	1
H7126	Objc	H8081	1
H7126	Objc	H8145	1
H7126	Objc	H8337	1
H7126	Objc	H8449	1
H7126	Objc	H8574	1
H7126	Objc	H8641	1
H7126	Objc	H8672	1
H7126	Subj	H0060	1
H7126	Subj	H0259	1
H7126	Subj	H0505	1
H7126	Subj	H0802	1
H7126	Subj	H1167	1
H7126	Subj	H1323	1
H7126	Subj	H1397	1
H7126	Subj	H1755	1
H7126	Subj	H2029	1
H7126	Subj	H2154	1
H7126	Subj	H2233	1
H7126	Subj	H2259	1
H7126	Subj	H2763	1
H7126	Subj	H3778	1
H7126	Subj	H3967	1
H7126	Subj	H4421	1
H7126	Subj	H5061	1
H7126	Subj	H5315	1
H7126	Subj	H5713	1
H7126	Subj	H5787	1
H7126	Subj	H5971	1
H7126	Subj	H6106	1
H7126	Subj	H6455	1
H7126	Subj	H6485	1
H7126	Subj	H6547	1
H7126	Subj	H6951	1
H7126	Subj	H7093	1
H7126	Subj	H7227	1
H7126	Subj	H7291	1
H7126	Subj	H7440	1
H7126	Subj	H7489	1
H7126	Subj	H7626	1
H7126	Subj	H7651	1
H7126	Subj	H8059	1
H7126	Subj	H8311	1
H7126	Subj	H8313	1
H7136	Cmpl	H5971	1
H7136	Objc	H1002	1
H7136	Objc	H1004	1
H7136	Objc	H5892	1
H7136	Objc	H8179	1
H7136	Subj	H0259	1
H7136	Subj	H5680	1
H7136	Subj	H6256	1
H7136	Subj	H6294	1
H7144	Cmpl	H7218	1
H7159	Objc	H5785	1
H7159	Subj	H5785	1
H7167	Cmpl	H0899	1
H7167	Cmpl	H2220	1
H7167	Cmpl	H3027	1
H7167	Cmpl	H5785	1
H7167	Cmpl	H6154	1
H7167	Cmpl	H8359	1
H7167	Objc	H2474	1
H7167	Objc	H3605	1
H7167	Objc	H3801	1
H7167	Objc	H3820	1
H7167	Objc	H3824	1
H7167	Objc	H4468	1
H7167	Objc	H5458	1
H7167	Objc	H5869	1
H7167	Objc	H6446	1
H7167	Objc	H8064	1
H7167	Subj	H3605	1
H7167	Subj	H5650	1
H7185	Cmpl	H0430	1
H7185	Cmpl	H5869	1
H7185	Objc	H3820	1
H7185	Objc	H3824	1
H7185	Objc	H6547	1
H7185	Objc	H7307	1
H7185	Subj	H0376	1
H7185	Subj	H0430	1
H7185	Subj	H1697	1
H7185	Subj	H3027	1
H7185	Subj	H6547	1
H7188	Objc	H1121	1
H7188	Objc	H3820	1
H7194	Cmpl	H0113	1
H7194	Cmpl	H1121	1
H7194	Cmpl	H5315	1
H7194	Objc	H0068	1
H7194	Objc	H2339	1
H7194	Objc	H3598	1
H7194	Objc	H5688	1
H7194	Objc	H7214	1
H7194	Subj	H1004	1
H7194	Subj	H2346	1
H7194	Subj	H4276	1
H7194	Subj	H5315	1
H7194	Subj	H7393	1
H7194	Subj	H7991	1
H7194	Subj	H8269	1
H7197	Objc	H7179	1
H7197	Objc	H8401	1
H7200	Cmpl	H0001	1
H7200	Cmpl	H0003	1
H7200	Cmpl	H0070	1
H7200	Cmpl	H0251	1
H7200	Cmpl	H0341	1
H7200	Cmpl	H0376	1
H7200	Cmpl	H0505	1
H7200	Cmpl	H0519	1
H7200	Cmpl	H0702	1
H7200	Cmpl	H0727	1
H7200	Cmpl	H0972	1
H7200	Cmpl	H0996	1
H7200	Cmpl	H1323	1
H7200	Cmpl	H1406	1
H7200	Cmpl	H1706	1
H7200	Cmpl	H2083	1
H7200	Cmpl	H2529	1
H7200	Cmpl	H3027	1
H7200	Cmpl	H3206	1
H7200	Cmpl	H3515	1
H7200	Cmpl	H3671	1
H7200	Cmpl	H3742	1
H7200	Cmpl	H3820	1
H7200	Cmpl	H3824	1
H7200	Cmpl	H4082	1
H7200	Cmpl	H4138	1
H7200	Cmpl	H4194	1
H7200	Cmpl	H4428	1
H7200	Cmpl	H4658	1
H7200	Cmpl	H4725	1
H7200	Cmpl	H5104	1
H7200	Cmpl	H5450	1
H7200	Cmpl	H5483	1
H7200	Cmpl	H5650	1
H7200	Cmpl	H5713	1
H7200	Cmpl	H5971	1
H7200	Cmpl	H6297	1
H7200	Cmpl	H6390	1
H7200	Cmpl	H6662	1
H7200	Cmpl	H6666	1
H7200	Cmpl	H6918	1
H7200	Cmpl	H6944	1
H7200	Cmpl	H7068	1
H7200	Cmpl	H7307	1
H7200	Cmpl	H7563	1
H7200	Cmpl	H7633	1
H7200	Cmpl	H7837	1
H7200	Cmpl	H7998	1
H7200	Cmpl	H8057	1
H7200	Cmpl	H8130	1
H7200	Cmpl	H8502	1
H7200	Cmpl	H8597	1
H7200	Objc	H0006	1
H7200	Objc	H0060	1
H7200	Objc	H0127	1
H7200	Objc	H0155	1
H7200	Objc	H0191	1
H7200	Objc	H0205	1
H7200	Objc	H0214	1
H7200	Objc	H0218	1
H7200	Objc	H0226	1
H7200	Objc	H0268	1
H7200	Objc	H0269	1
H7200	Objc	H0312	1
H7200	Objc	H0319	1
H7200	Objc	H0341	1
H7200	Objc	H0352	1
H7200	Objc	H0657	1
H7200	Objc	H0676	1
H7200	Objc	H0727	1
H7200	Objc	H0732	1
H7200	Objc	H0875	1
H7200	Objc	H0913	1
H7200	Objc	H1097	1
H7200	Objc	H1233	1
H7200	Objc	H1241	1
H7200	Objc	H1259	1
H7200	Objc	H1320	1
H7200	Objc	H1348	1
H7200	Objc	H1363	1
H7200	Objc	H1364	1
H7200	Objc	H1368	1
H7200	Objc	H1389	1
H7200	Objc	H1397	1
H7200	Objc	H1416	1
H7200	Objc	H1471	1
H7200	Objc	H1499	1
H7200	Objc	H1516	1
H7200	Objc	H1564	1
H7200	Objc	H1581	1
H7200	Objc	H1590	1
H7200	Objc	H1653	1
H7200	Objc	H1847	1
H7200	Objc	H1893	1
H7200	Objc	H1926	1
H7200	Objc	H1947	1
H7200	Objc	H1979	1
H7200	Objc	H2114	1
H7200	Objc	H2181	1
H7200	Objc	H2483	1
H7200	Objc	H2555	1
H7200	Objc	H2781	1
H7200	Objc	H2822	1
H7200	Objc	H2830	1
H7200	Objc	H3015	1
H7200	Objc	H3018	1
H7200	Objc	H3064	1
H7200	Objc	H3196	1
H7200	Objc	H3206	1
H7200	Objc	H3211	1
H7200	Objc	H3267	1
H7200	Objc	H3303	1
H7200	Objc	H3308	1
H7200	Objc	H3366	1
H7200	Objc	H3394	1
H7200	Objc	H3589	1
H7200	Objc	H3603	1
H7200	Objc	H3669	1
H7200	Objc	H3671	1
H7200	Objc	H3709	1
H7200	Objc	H3778	1
H7200	Objc	H3788	1
H7200	Objc	H3820	1
H7200	Objc	H3830	1
H7200	Objc	H3862	1
H7200	Objc	H3899	1
H7200	Objc	H3902	1
H7200	Objc	H3956	1
H7200	Objc	H3967	1
H7200	Objc	H4026	1
H7200	Objc	H4103	1
H7200	Objc	H4138	1
H7200	Objc	H4148	1
H7200	Objc	H4159	1
H7200	Objc	H4194	1
H7200	Objc	H4246	1
H7200	Objc	H4264	1
H7200	Objc	H4347	1
H7200	Objc	H4399	1
H7200	Objc	H4436	1
H7200	Objc	H4496	1
H7200	Objc	H4598	1
H7200	Objc	H4626	1
H7200	Objc	H4658	1
H7200	Objc	H4659	1
H7200	Objc	H4688	1
H7200	Objc	H4801	1
H7200	Objc	H5030	1
H7200	Objc	H5038	1
H7200	Objc	H5116	1
H7200	Objc	H5141	1
H7200	Objc	H5184	1
H7200	Objc	H5186	1
H7200	Objc	H5251	1
H7200	Objc	H5483	1
H7200	Objc	H5531	1
H7200	Objc	H5687	1
H7200	Objc	H5695	1
H7200	Objc	H5699	1
H7200	Objc	H5792	1
H7200	Objc	H5797	1
H7200	Objc	H5833	1
H7200	Objc	H5927	1
H7200	Objc	H5930	1
H7200	Objc	H5982	1
H7200	Objc	H6051	1
H7200	Objc	H6106	1
H7200	Objc	H6174	1
H7200	Objc	H6195	1
H7200	Objc	H6233	1
H7200	Objc	H6467	1
H7200	Objc	H6547	1
H7200	Objc	H6571	1
H7200	Objc	H6754	1
H7200	Objc	H6757	1
H7200	Objc	H6776	1
H7200	Objc	H6781	1
H7200	Objc	H6806	1
H7200	Objc	H6869	1
H7200	Objc	H6872	1
H7200	Objc	H6913	1
H7200	Objc	H7017	1
H7200	Objc	H7093	1
H7200	Objc	H7186	1
H7200	Objc	H7218	1
H7200	Objc	H7223	1
H7200	Objc	H7225	1
H7200	Objc	H7307	1
H7200	Objc	H7311	1
H7200	Objc	H7326	1
H7200	Objc	H7339	1
H7200	Objc	H7364	1
H7200	Objc	H7379	1
H7200	Objc	H7458	1
H7200	Objc	H7600	1
H7200	Objc	H7696	1
H7200	Objc	H7723	1
H7200	Objc	H8011	1
H7200	Objc	H8029	1
H7200	Objc	H8074	1
H7200	Objc	H8130	1
H7200	Objc	H8179	1
H7200	Objc	H8217	1
H7200	Objc	H8229	1
H7200	Objc	H8255	1
H7200	Objc	H8389	1
H7200	Objc	H8392	1
H7200	Objc	H8403	1
H7200	Objc	H8454	1
H7200	Objc	H8478	1
H7200	Objc	H8544	1
H7200	Objc	H8604	1
H7200	Subj	H0113	1
H7200	Subj	H0259	1
H7200	Subj	H0339	1
H7200	Subj	H0341	1
H7200	Subj	H0413	1
H7200	Subj	H0519	1
H7200	Subj	H0644	1
H7200	Subj	H0901	1
H7200	Subj	H0970	1
H7200	Subj	H1389	1
H7200	Subj	H1755	1
H7200	Subj	H1877	1
H7200	Subj	H2022	1
H7200	Subj	H2340	1
H7200	Subj	H2377	1
H7200	Subj	H2416	1
H7200	Subj	H2545	1
H7200	Subj	H2557	1
H7200	Subj	H2568	1
H7200	Subj	H2781	1
H7200	Subj	H2859	1
H7200	Subj	H3004	1
H7200	Subj	H3027	1
H7200	Subj	H3206	1
H7200	Subj	H3427	1
H7200	Subj	H3477	1
H7200	Subj	H3669	1
H7200	Subj	H3820	1
H7200	Subj	H4325	1
H7200	Subj	H4605	1
H7200	Subj	H5288	1
H7200	Subj	H5339	1
H7200	Subj	H5387	1
H7200	Subj	H5633	1
H7200	Subj	H5713	1
H7200	Subj	H5787	1
H7200	Subj	H6035	1
H7200	Subj	H6242	1
H7200	Subj	H6440	1
H7200	Subj	H6467	1
H7200	Subj	H7036	1
H7200	Subj	H7198	1
H7200	Subj	H7227	1
H7200	Subj	H7451	1
H7200	Subj	H7563	1
H7200	Subj	H7860	1
H7200	Subj	H8034	1
H7200	Subj	H8104	1
H7200	Subj	H8130	1
H7200	Subj	H8141	1
H7200	Subj	H8403	1
H7234	Objc	H6210	1
H7235	Cmpl	H0369	1
H7235	Cmpl	H0376	1
H7235	Cmpl	H0413	1
H7235	Cmpl	H1121	1
H7235	Cmpl	H3605	1
H7235	Cmpl	H4196	1
H7235	Cmpl	H4605	1
H7235	Cmpl	H4864	1
H7235	Cmpl	H6240	1
H7235	Cmpl	H7218	1
H7235	Cmpl	H7723	1
H7235	Cmpl	H8147	1
H7235	Cmpl	H8432	1
H7235	Objc	H0226	1
H7235	Objc	H0561	1
H7235	Objc	H0592	1
H7235	Objc	H0819	1
H7235	Objc	H0929	1
H7235	Objc	H1004	1
H7235	Objc	H1219	1
H7235	Objc	H1287	1
H7235	Objc	H1366	1
H7235	Objc	H1420	1
H7235	Objc	H1471	1
H7235	Objc	H1481	1
H7235	Objc	H1593	1
H7235	Objc	H1697	1
H7235	Objc	H1706	1
H7235	Objc	H1715	1
H7235	Objc	H2032	1
H7235	Objc	H2091	1
H7235	Objc	H2377	1
H7235	Objc	H2428	1
H7235	Objc	H3117	1
H7235	Objc	H3324	1
H7235	Objc	H3519	1
H7235	Objc	H3577	1
H7235	Objc	H3707	1
H7235	Objc	H3754	1
H7235	Objc	H3782	1
H7235	Objc	H3878	1
H7235	Objc	H4100	1
H7235	Objc	H4119	1
H7235	Objc	H4159	1
H7235	Objc	H4196	1
H7235	Objc	H4736	1
H7235	Objc	H4854	1
H7235	Objc	H4976	1
H7235	Objc	H5650	1
H7235	Objc	H5892	1
H7235	Objc	H6093	1
H7235	Objc	H6482	1
H7235	Objc	H6529	1
H7235	Objc	H6635	1
H7235	Objc	H7225	1
H7235	Objc	H7701	1
H7235	Objc	H7810	1
H7235	Objc	H8386	1
H7235	Objc	H8393	1
H7235	Objc	H8441	1
H7235	Objc	H8469	1
H7235	Objc	H8492	1
H7235	Objc	H8570	1
H7235	Objc	H8605	1
H7235	Subj	H0120	1
H7235	Subj	H0363	1
H7235	Subj	H0430	1
H7235	Subj	H0433	1
H7235	Subj	H0490	1
H7235	Subj	H0929	1
H7235	Subj	H1004	1
H7235	Subj	H1241	1
H7235	Subj	H1697	1
H7235	Subj	H1847	1
H7235	Subj	H2091	1
H7235	Subj	H2451	1
H7235	Subj	H2896	1
H7235	Subj	H3293	1
H7235	Subj	H3519	1
H7235	Subj	H3548	1
H7235	Subj	H3701	1
H7235	Subj	H4159	1
H7235	Subj	H4325	1
H7235	Subj	H4347	1
H7235	Subj	H4383	1
H7235	Subj	H4399	1
H7235	Subj	H4428	1
H7235	Subj	H4735	1
H7235	Subj	H4864	1
H7235	Subj	H4940	1
H7235	Subj	H5530	1
H7235	Subj	H5634	1
H7235	Subj	H5771	1
H7235	Subj	H5775	1
H7235	Subj	H6083	1
H7235	Subj	H6223	1
H7235	Subj	H6430	1
H7235	Subj	H6588	1
H7235	Subj	H6629	1
H7235	Subj	H7227	1
H7235	Subj	H7238	1
H7235	Subj	H7563	1
H7235	Subj	H7704	1
H7235	Subj	H8141	1
H7235	Subj	H8181	1
H7235	Subj	H8269	1
H7250	Objc	H0929	1
H7257	Cmpl	H1004	1
H7257	Cmpl	H1423	1
H7257	Cmpl	H2896	1
H7257	Cmpl	H3715	1
H7257	Cmpl	H4585	1
H7257	Cmpl	H5116	1
H7257	Cmpl	H8478	1
H7257	Subj	H0034	1
H7257	Subj	H0423	1
H7257	Subj	H1471	1
H7257	Subj	H2416	1
H7257	Subj	H3206	1
H7257	Subj	H5246	1
H7257	Subj	H5739	1
H7257	Subj	H6716	1
H7264	Cmpl	H0424	1
H7264	Cmpl	H1870	1
H7264	Cmpl	H3427	1
H7264	Cmpl	H4526	1
H7264	Cmpl	H8065	1
H7264	Objc	H4467	1
H7264	Objc	H8064	1
H7264	Subj	H0001	1
H7264	Subj	H0990	1
H7264	Subj	H1471	1
H7264	Subj	H3407	1
H7264	Subj	H3427	1
H7264	Subj	H3605	1
H7264	Subj	H4146	1
H7264	Subj	H4428	1
H7264	Subj	H5971	1
H7264	Subj	H8064	1
H7264	Subj	H8415	1
H7264	Subj	H8478	1
H7270	Cmpl	H0113	1
H7270	Cmpl	H3956	1
H7270	Cmpl	H4428	1
H7270	Cmpl	H5650	1
H7275	Subj	H1121	1
H7275	Subj	H6951	1
H7280	Cmpl	H0216	1
H7280	Cmpl	H5971	1
H7280	Objc	H0776	1
H7280	Objc	H3220	1
H7280	Objc	H4941	1
H7280	Subj	H3917	1
H7280	Subj	H5785	1
H7286	Cmpl	H3742	1
H7286	Objc	H1471	1
H7286	Objc	H2091	1
H7286	Subj	H3117	1
H7287	Cmpl	H0341	1
H7287	Cmpl	H0657	1
H7287	Cmpl	H0745	1
H7287	Cmpl	H0929	1
H7287	Cmpl	H1368	1
H7287	Cmpl	H1471	1
H7287	Cmpl	H1472	1
H7287	Cmpl	H2394	1
H7287	Cmpl	H2416	1
H7287	Cmpl	H3027	1
H7287	Cmpl	H5065	1
H7287	Cmpl	H5104	1
H7287	Cmpl	H6531	1
H7287	Cmpl	H7130	1
H7287	Cmpl	H7431	1
H7287	Objc	H1706	1
H7287	Objc	H4428	1
H7287	Objc	H5971	1
H7287	Subj	H3477	1
H7287	Subj	H3548	1
H7287	Subj	H8130	1
H7287	Subj	H8300	1
H7290	Cmpl	H6440	1
H7291	Cmpl	H0001	1
H7291	Cmpl	H0341	1
H7291	Cmpl	H0376	1
H7291	Cmpl	H1416	1
H7291	Cmpl	H2022	1
H7291	Cmpl	H2822	1
H7291	Cmpl	H4057	1
H7291	Cmpl	H4264	1
H7291	Cmpl	H7393	1
H7291	Cmpl	H7523	1
H7291	Objc	H0034	1
H7291	Objc	H0157	1
H7291	Objc	H0376	1
H7291	Objc	H2400	1
H7291	Objc	H3001	1
H7291	Objc	H3512	1
H7291	Objc	H3824	1
H7291	Objc	H3967	1
H7291	Objc	H6041	1
H7291	Objc	H7124	1
H7291	Objc	H7179	1
H7291	Objc	H7233	1
H7291	Objc	H7941	1
H7291	Subj	H0251	1
H7291	Subj	H0702	1
H7291	Subj	H2568	1
H7291	Subj	H5082	1
H7291	Subj	H5086	1
H7291	Subj	H5929	1
H7291	Subj	H6963	1
H7291	Subj	H7462	1
H7300	Cmpl	H7880	1
H7306	Cmpl	H5207	1
H7306	Cmpl	H6116	1
H7306	Cmpl	H7381	1
H7306	Objc	H0899	1
H7306	Objc	H4421	1
H7306	Objc	H5207	1
H7306	Objc	H7482	1
H7306	Objc	H8269	1
H7306	Objc	H8643	1
H7306	Subj	H4503	1
H7311	Cmpl	H0251	1
H7311	Cmpl	H0341	1
H7311	Cmpl	H0352	1
H7311	Cmpl	H0376	1
H7311	Cmpl	H0413	1
H7311	Cmpl	H0996	1
H7311	Cmpl	H1004	1
H7311	Cmpl	H1293	1
H7311	Cmpl	H1870	1
H7311	Cmpl	H2077	1
H7311	Cmpl	H3477	1
H7311	Cmpl	H3548	1
H7311	Cmpl	H3605	1
H7311	Cmpl	H3742	1
H7311	Cmpl	H4294	1
H7311	Cmpl	H4394	1
H7311	Cmpl	H4421	1
H7311	Cmpl	H4503	1
H7311	Cmpl	H4670	1
H7311	Cmpl	H4756	1
H7311	Cmpl	H4791	1
H7311	Cmpl	H4979	1
H7311	Cmpl	H5332	1
H7311	Cmpl	H5439	1
H7311	Cmpl	H5645	1
H7311	Cmpl	H5945	1
H7311	Cmpl	H6666	1
H7311	Cmpl	H6862	1
H7311	Cmpl	H7069	1
H7311	Cmpl	H7794	1
H7311	Cmpl	H8002	1
H7311	Cmpl	H8057	1
H7311	Cmpl	H8065	1
H7311	Cmpl	H8316	1
H7311	Objc	H0155	1
H7311	Objc	H0234	1
H7311	Objc	H0776	1
H7311	Objc	H0970	1
H7311	Objc	H1004	1
H7311	Objc	H1121	1
H7311	Objc	H1241	1
H7311	Objc	H1330	1
H7311	Objc	H1471	1
H7311	Objc	H1530	1
H7311	Objc	H1646	1
H7311	Objc	H1880	1
H7311	Objc	H2471	1
H7311	Objc	H3532	1
H7311	Objc	H3678	1
H7311	Objc	H3967	1
H7311	Objc	H4289	1
H7311	Objc	H4294	1
H7311	Objc	H4371	1
H7311	Objc	H4383	1
H7311	Objc	H4899	1
H7311	Objc	H5795	1
H7311	Objc	H5850	1
H7311	Objc	H6182	1
H7311	Objc	H6235	1
H7311	Objc	H6440	1
H7311	Objc	H6471	1
H7311	Objc	H7064	1
H7311	Objc	H7218	1
H7311	Objc	H7225	1
H7311	Objc	H7272	1
H7311	Objc	H7651	1
H7311	Objc	H7785	1
H7311	Objc	H8034	1
H7311	Objc	H8040	1
H7311	Objc	H8438	1
H7311	Subj	H0251	1
H7311	Subj	H0341	1
H7311	Subj	H0376	1
H7311	Subj	H1121	1
H7311	Subj	H2876	1
H7311	Subj	H3225	1
H7311	Subj	H3289	1
H7311	Subj	H3519	1
H7311	Subj	H3548	1
H7311	Subj	H3605	1
H7311	Subj	H3820	1
H7311	Subj	H3878	1
H7311	Subj	H4294	1
H7311	Subj	H4546	1
H7311	Subj	H5637	1
H7311	Subj	H6662	1
H7311	Subj	H6666	1
H7311	Subj	H6697	1
H7311	Subj	H7176	1
H7311	Subj	H7218	1
H7311	Subj	H8548	1
H7321	Cmpl	H2689	1
H7321	Cmpl	H4421	1
H7321	Cmpl	H4428	1
H7321	Cmpl	H6440	1
H7321	Cmpl	H6697	1
H7321	Objc	H7453	1
H7321	Subj	H0341	1
H7321	Subj	H0430	1
H7321	Subj	H1121	1
H7321	Subj	H2502	1
H7321	Subj	H6430	1
H7323	Cmpl	H0168	1
H7323	Cmpl	H0251	1
H7323	Cmpl	H0875	1
H7323	Cmpl	H1241	1
H7323	Cmpl	H1870	1
H7323	Cmpl	H2346	1
H7323	Cmpl	H2351	1
H7323	Cmpl	H3571	1
H7323	Cmpl	H3603	1
H7323	Cmpl	H4264	1
H7323	Cmpl	H4818	1
H7323	Cmpl	H5553	1
H7323	Cmpl	H5869	1
H7323	Cmpl	H5892	1
H7323	Cmpl	H6951	1
H7323	Cmpl	H7462	1
H7323	Cmpl	H8432	1
H7323	Objc	H0734	1
H7323	Objc	H1870	1
H7323	Objc	H3027	1
H7323	Objc	H4687	1
H7323	Subj	H0376	1
H7323	Subj	H1471	1
H7323	Subj	H1543	1
H7323	Subj	H1697	1
H7323	Subj	H2091	1
H7323	Subj	H3605	1
H7323	Subj	H4264	1
H7323	Subj	H5291	1
H7323	Subj	H5483	1
H7323	Subj	H5650	1
H7323	Subj	H6662	1
H7324	Cmpl	H0776	1
H7324	Objc	H1004	1
H7324	Objc	H1097	1
H7324	Objc	H1293	1
H7324	Objc	H1653	1
H7324	Objc	H1767	1
H7324	Objc	H2593	1
H7324	Objc	H2595	1
H7324	Objc	H2764	1
H7324	Objc	H3211	1
H7324	Objc	H3627	1
H7324	Objc	H3967	1
H7324	Objc	H5315	1
H7324	Objc	H6240	1
H7324	Objc	H7456	1
H7324	Objc	H8083	1
H7325	Subj	H1320	1
H7326	Subj	H3715	1
H7335	Subj	H5869	1
H7337	Cmpl	H0341	1
H7337	Objc	H0168	1
H7337	Objc	H3820	1
H7337	Objc	H3824	1
H7337	Objc	H4725	1
H7337	Objc	H4904	1
H7337	Objc	H6869	1
H7337	Objc	H7144	1
H7337	Subj	H0120	1
H7337	Subj	H3824	1
H7337	Subj	H4976	1
H7337	Subj	H6310	1
H7355	Cmpl	H1121	1
H7355	Cmpl	H3372	1
H7355	Objc	H0490	1
H7355	Objc	H3490	1
H7355	Objc	H3605	1
H7355	Objc	H4908	1
H7355	Objc	H5892	1
H7355	Objc	H6041	1
H7355	Objc	H6529	1
H7355	Subj	H0001	1
H7355	Subj	H3490	1
H7363	Cmpl	H1469	1
H7363	Subj	H3605	1
H7363	Subj	H6106	1
H7364	Cmpl	H1818	1
H7364	Cmpl	H2416	1
H7364	Cmpl	H2529	1
H7364	Cmpl	H5356	1
H7364	Cmpl	H6627	1
H7364	Cmpl	H7563	1
H7364	Cmpl	H7950	1
H7364	Objc	H0113	1
H7364	Objc	H0376	1
H7364	Objc	H1323	1
H7364	Objc	H1978	1
H7364	Objc	H2181	1
H7364	Objc	H3605	1
H7364	Objc	H4325	1
H7364	Objc	H5650	1
H7364	Objc	H6440	1
H7364	Objc	H6471	1
H7364	Objc	H6627	1
H7364	Subj	H2205	1
H7364	Subj	H3605	1
H7364	Subj	H5892	1
H7368	Cmpl	H0127	1
H7368	Cmpl	H0168	1
H7368	Cmpl	H1004	1
H7368	Cmpl	H1697	1
H7368	Cmpl	H4628	1
H7368	Cmpl	H4720	1
H7368	Cmpl	H5892	1
H7368	Cmpl	H6233	1
H7368	Cmpl	H8267	1
H7368	Cmpl	H8451	1
H7368	Objc	H0120	1
H7368	Objc	H0157	1
H7368	Objc	H0251	1
H7368	Objc	H0776	1
H7368	Objc	H1697	1
H7368	Objc	H1870	1
H7368	Objc	H2184	1
H7368	Objc	H3045	1
H7368	Objc	H3577	1
H7368	Objc	H3605	1
H7368	Objc	H3709	1
H7368	Objc	H3891	1
H7368	Objc	H4428	1
H7368	Objc	H5930	1
H7368	Objc	H6297	1
H7368	Objc	H6588	1
H7368	Objc	H7099	1
H7368	Objc	H7453	1
H7368	Objc	H7723	1
H7368	Objc	H8193	1
H7368	Subj	H1104	1
H7368	Subj	H1121	1
H7368	Subj	H2706	1
H7368	Subj	H3820	1
H7368	Subj	H4217	1
H7368	Subj	H4828	1
H7368	Subj	H4941	1
H7368	Subj	H5162	1
H7368	Subj	H5315	1
H7368	Subj	H8104	1
H7370	Objc	H1697	1
H7370	Objc	H2896	1
H7370	Subj	H3820	1
H7375	Subj	H1320	1
H7376	Cmpl	H1121	1
H7376	Cmpl	H2351	1
H7376	Cmpl	H3605	1
H7376	Cmpl	H7218	1
H7376	Objc	H5288	1
H7376	Objc	H5921	1
H7376	Subj	H0517	1
H7376	Subj	H5768	1
H7376	Subj	H7198	1
H7378	Cmpl	H0120	1
H7378	Cmpl	H0413	1
H7378	Cmpl	H0517	1
H7378	Cmpl	H0784	1
H7378	Cmpl	H1167	1
H7378	Cmpl	H1471	1
H7378	Cmpl	H2022	1
H7378	Cmpl	H2623	1
H7378	Cmpl	H3027	1
H7378	Cmpl	H7453	1
H7378	Objc	H0490	1
H7378	Objc	H2781	1
H7378	Objc	H5315	1
H7378	Objc	H5971	1
H7378	Subj	H1121	1
H7378	Subj	H1167	1
H7378	Subj	H3027	1
H7392	Cmpl	H0571	1
H7392	Cmpl	H1004	1
H7392	Cmpl	H1697	1
H7392	Cmpl	H2543	1
H7392	Cmpl	H4818	1
H7392	Cmpl	H4932	1
H7392	Cmpl	H6037	1
H7392	Cmpl	H6664	1
H7392	Cmpl	H7198	1
H7392	Cmpl	H7218	1
H7392	Cmpl	H7393	1
H7392	Objc	H0376	1
H7392	Objc	H1121	1
H7392	Subj	H2100	1
H7392	Subj	H4428	1
H7392	Subj	H5650	1
H7401	Objc	H3820	1
H7401	Subj	H0413	1
H7401	Subj	H1697	1
H7411	Objc	H1247	1
H7411	Objc	H1397	1
H7411	Objc	H5389	1
H7411	Objc	H7453	1
H7411	Objc	H8532	1
H7411	Subj	H0606	1
H7411	Subj	H3764	1
H7426	Cmpl	H0776	1
H7426	Cmpl	H5713	1
H7426	Cmpl	H8432	1
H7426	Subj	H3742	1
H7429	Cmpl	H0776	1
H7429	Cmpl	H2563	1
H7429	Cmpl	H7272	1
H7429	Objc	H2351	1
H7429	Objc	H2416	1
H7429	Objc	H2691	1
H7429	Objc	H2916	1
H7429	Objc	H3499	1
H7429	Objc	H3605	1
H7429	Objc	H3715	1
H7429	Objc	H4829	1
H7429	Objc	H8577	1
H7429	Subj	H1348	1
H7429	Subj	H5971	1
H7429	Subj	H7910	1
H7430	Subj	H2416	1
H7430	Subj	H3293	1
H7430	Subj	H3605	1
H7442	Cmpl	H0413	1
H7442	Cmpl	H0430	1
H7442	Cmpl	H2416	1
H7442	Cmpl	H3027	1
H7442	Cmpl	H3444	1
H7442	Cmpl	H3671	1
H7442	Cmpl	H3754	1
H7442	Cmpl	H4639	1
H7442	Cmpl	H5797	1
H7442	Cmpl	H6738	1
H7442	Cmpl	H8034	1
H7442	Objc	H0490	1
H7442	Objc	H1242	1
H7442	Objc	H2506	1
H7442	Objc	H2617	1
H7442	Objc	H3820	1
H7442	Objc	H4161	1
H7442	Objc	H5971	1
H7442	Objc	H6153	1
H7442	Objc	H8057	1
H7442	Subj	H0483	1
H7442	Subj	H0776	1
H7442	Subj	H1242	1
H7442	Subj	H1320	1
H7442	Subj	H2022	1
H7442	Subj	H2454	1
H7442	Subj	H3427	1
H7442	Subj	H3556	1
H7442	Subj	H3816	1
H7442	Subj	H3820	1
H7442	Subj	H5553	1
H7442	Subj	H5650	1
H7442	Subj	H6662	1
H7442	Subj	H8064	1
H7442	Subj	H8193	1
H7450	Objc	H5560	1
H7456	Cmpl	H3899	1
H7456	Objc	H5315	1
H7456	Objc	H6662	1
H7456	Subj	H0776	1
H7456	Subj	H3605	1
H7456	Subj	H5315	1
H7456	Subj	H7423	1
H7462	Cmpl	H0639	1
H7462	Cmpl	H1167	1
H7489	Cmpl	H0001	1
H7489	Cmpl	H0034	1
H7489	Cmpl	H0113	1
H7489	Cmpl	H0376	1
H7489	Cmpl	H0430	1
H7489	Cmpl	H0490	1
H7489	Cmpl	H0802	1
H7489	Cmpl	H1323	1
H7489	Cmpl	H3499	1
H7489	Cmpl	H5650	1
H7489	Cmpl	H5978	1
H7489	Objc	H0259	1
H7489	Objc	H1419	1
H7489	Objc	H3816	1
H7489	Objc	H4611	1
H7489	Objc	H7462	1
H7489	Subj	H0168	1
H7489	Subj	H0341	1
H7489	Subj	H0376	1
H7489	Subj	H1121	1
H7489	Subj	H3925	1
H7489	Subj	H4713	1
H7489	Subj	H6440	1
H7489	Subj	H7451	1
H7489	Subj	H8300	1
H7491	Cmpl	H0120	1
H7491	Cmpl	H4605	1
H7491	Objc	H1880	1
H7491	Objc	H2919	1
H7491	Subj	H4057	1
H7491	Subj	H4570	1
H7491	Subj	H5115	1
H7491	Subj	H7834	1
H7492	Objc	H0341	1
H7493	Cmpl	H4725	1
H7493	Cmpl	H6440	1
H7493	Cmpl	H7110	1
H7493	Objc	H0776	1
H7493	Objc	H3605	1
H7493	Subj	H0120	1
H7493	Subj	H0339	1
H7493	Subj	H1709	1
H7493	Subj	H2346	1
H7493	Subj	H2416	1
H7493	Subj	H3220	1
H7493	Subj	H4146	1
H7493	Subj	H5592	1
H7493	Subj	H5775	1
H7493	Subj	H7431	1
H7493	Subj	H7704	1
H7495	Cmpl	H4325	1
H7495	Cmpl	H6879	1
H7495	Objc	H0519	1
H7495	Objc	H0776	1
H7495	Objc	H0802	1
H7495	Objc	H1323	1
H7495	Objc	H2470	1
H7495	Objc	H4196	1
H7495	Objc	H4273	1
H7495	Objc	H4347	1
H7495	Objc	H5315	1
H7495	Objc	H7665	1
H7495	Subj	H0430	1
H7495	Subj	H3027	1
H7495	Subj	H4325	1
H7495	Subj	H5424	1
H7495	Subj	H6883	1
H7502	Cmpl	H2916	1
H7502	Objc	H2743	1
H7502	Objc	H3326	1
H7503	Cmpl	H0639	1
H7503	Cmpl	H4399	1
H7503	Cmpl	H5650	1
H7503	Objc	H0650	1
H7503	Objc	H4206	1
H7503	Objc	H4639	1
H7503	Subj	H3117	1
H7503	Subj	H4325	1
H7503	Subj	H7307	1
H7520	Objc	H2022	1
H7521	Cmpl	H0113	1
H7521	Cmpl	H0352	1
H7521	Cmpl	H0376	1
H7521	Cmpl	H0505	1
H7521	Cmpl	H0801	1
H7521	Cmpl	H5088	1
H7521	Cmpl	H5158	1
H7521	Cmpl	H6310	1
H7521	Cmpl	H7133	1
H7521	Cmpl	H7233	1
H7521	Cmpl	H7785	1
H7521	Cmpl	H8081	1
H7521	Objc	H0068	1
H7521	Objc	H0376	1
H7521	Objc	H0776	1
H7521	Objc	H1800	1
H7521	Objc	H1870	1
H7521	Objc	H3027	1
H7521	Objc	H3117	1
H7521	Objc	H3577	1
H7521	Objc	H4503	1
H7521	Objc	H4639	1
H7521	Objc	H5071	1
H7521	Objc	H5930	1
H7521	Objc	H6310	1
H7521	Objc	H6467	1
H7521	Subj	H0310	1
H7521	Subj	H0430	1
H7521	Subj	H1121	1
H7521	Subj	H5315	1
H7521	Subj	H5650	1
H7521	Subj	H5771	1
H7523	Objc	H3490	1
H7523	Objc	H7453	1
H7523	Subj	H1350	1
H7523	Subj	H1818	1
H7523	Subj	H3605	1
H7527	Cmpl	H4836	1
H7527	Objc	H0241	1
H7527	Subj	H0113	1
H7533	Cmpl	H5971	1
H7533	Cmpl	H7130	1
H7533	Objc	H1121	1
H7533	Objc	H1538	1
H7533	Objc	H3882	1
H7533	Objc	H7218	1
H7533	Subj	H1121	1
H7533	Subj	H1534	1
H7540	Cmpl	H2022	1
H7540	Cmpl	H7218	1
H7540	Subj	H2022	1
H7540	Subj	H3206	1
H7540	Subj	H8163	1
H7554	Cmpl	H7272	1
H7554	Cmpl	H7834	1
H7554	Objc	H2091	1
H7554	Objc	H6341	1
H7556	Cmpl	H2889	1
H7556	Subj	H2100	1
H7561	Cmpl	H3605	1
H7561	Objc	H0376	1
H7561	Objc	H1818	1
H7561	Objc	H3524	1
H7561	Objc	H3605	1
H7561	Objc	H3956	1
H7561	Objc	H4209	1
H7561	Objc	H5355	1
H7561	Objc	H6662	1
H7561	Subj	H0413	1
H7561	Subj	H0430	1
H7561	Subj	H7563	1
H7567	Objc	H4014	1
H7567	Objc	H5892	1
H7576	Subj	H1419	1
H7576	Subj	H2256	1
H7576	Subj	H3605	1
H7576	Subj	H3701	1
H7579	Cmpl	H3444	1
H7579	Cmpl	H3605	1
H7579	Cmpl	H4599	1
H7579	Objc	H4692	1
H7579	Subj	H5288	1
H7580	Cmpl	H5116	1
H7580	Subj	H3715	1
H7580	Subj	H6887	1
H7580	Subj	H6963	1
H7599	Cmpl	H6343	1
H7599	Cmpl	H7462	1
H7599	Subj	H0615	1
H7602	Cmpl	H0185	1
H7602	Cmpl	H5315	1
H7602	Objc	H2428	1
H7602	Objc	H3915	1
H7602	Objc	H6738	1
H7602	Subj	H6782	1
H7604	Cmpl	H0310	1
H7604	Cmpl	H0339	1
H7604	Cmpl	H0430	1
H7604	Cmpl	H1004	1
H7604	Cmpl	H1800	1
H7604	Cmpl	H3220	1
H7604	Cmpl	H3605	1
H7604	Cmpl	H3755	1
H7604	Cmpl	H4264	1
H7604	Cmpl	H4428	1
H7604	Cmpl	H5971	1
H7604	Cmpl	H7130	1
H7604	Objc	H0068	1
H7604	Objc	H0430	1
H7604	Objc	H1293	1
H7604	Objc	H1715	1
H7604	Objc	H1800	1
H7604	Objc	H3324	1
H7604	Objc	H3967	1
H7604	Objc	H4241	1
H7604	Objc	H4503	1
H7604	Objc	H5262	1
H7604	Objc	H6041	1
H7604	Objc	H6235	1
H7604	Objc	H6251	1
H7604	Objc	H6412	1
H7604	Objc	H6413	1
H7604	Objc	H6629	1
H7604	Objc	H7651	1
H7604	Objc	H7698	1
H7604	Objc	H8492	1
H7604	Subj	H0505	1
H7604	Subj	H0697	1
H7604	Subj	H0776	1
H7604	Subj	H0802	1
H7604	Subj	H1259	1
H7604	Subj	H1856	1
H7604	Subj	H3581	1
H7604	Subj	H4213	1
H7604	Subj	H4592	1
H7604	Subj	H4605	1
H7604	Subj	H5397	1
H7604	Subj	H5892	1
H7604	Subj	H5955	1
H7604	Subj	H6235	1
H7604	Subj	H6541	1
H7604	Subj	H6996	1
H7604	Subj	H7591	1
H7604	Subj	H7626	1
H7604	Subj	H8048	1
H7617	Cmpl	H0251	1
H7617	Cmpl	H0776	1
H7617	Cmpl	H2719	1
H7617	Cmpl	H7198	1
H7617	Objc	H0120	1
H7617	Objc	H1121	1
H7617	Objc	H2416	1
H7617	Objc	H2543	1
H7617	Objc	H4428	1
H7617	Objc	H4735	1
H7617	Objc	H5291	1
H7617	Objc	H5315	1
H7617	Objc	H6235	1
H7617	Objc	H6994	1
H7617	Objc	H6996	1
H7617	Objc	H7230	1
H7617	Objc	H7399	1
H7617	Objc	H7611	1
H7617	Objc	H7633	1
H7617	Subj	H0251	1
H7617	Subj	H1323	1
H7617	Subj	H2114	1
H7617	Subj	H3158	1
H7617	Subj	H3761	1
H7617	Subj	H5739	1
H7617	Subj	H8147	1
H7646	Cmpl	H0376	1
H7646	Cmpl	H1870	1
H7646	Cmpl	H2781	1
H7646	Cmpl	H4156	1
H7646	Cmpl	H6310	1
H7646	Cmpl	H6529	1
H7646	Cmpl	H7036	1
H7646	Cmpl	H7462	1
H7646	Cmpl	H7979	1
H7646	Objc	H0034	1
H7646	Objc	H0352	1
H7646	Objc	H0376	1
H7646	Objc	H0776	1
H7646	Objc	H0938	1
H7646	Objc	H1368	1
H7646	Objc	H2416	1
H7646	Objc	H2460	1
H7646	Objc	H2896	1
H7646	Objc	H2898	1
H7646	Objc	H3581	1
H7646	Objc	H3701	1
H7646	Objc	H3933	1
H7646	Objc	H4325	1
H7646	Objc	H4421	1
H7646	Objc	H4806	1
H7646	Objc	H5483	1
H7646	Objc	H5930	1
H7646	Objc	H5971	1
H7646	Objc	H6031	1
H7646	Objc	H6239	1
H7646	Objc	H7227	1
H7646	Objc	H7389	1
H7646	Objc	H7393	1
H7646	Objc	H7600	1
H7646	Objc	H8193	1
H7646	Objc	H8393	1
H7646	Objc	H8544	1
H7646	Subj	H0009	1
H7646	Subj	H0120	1
H7646	Subj	H0127	1
H7646	Subj	H0776	1
H7646	Subj	H0990	1
H7646	Subj	H1121	1
H7646	Subj	H2114	1
H7646	Subj	H3605	1
H7646	Subj	H3820	1
H7646	Subj	H5253	1
H7646	Subj	H5647	1
H7646	Subj	H5971	1
H7646	Subj	H6086	1
H7646	Subj	H7291	1
H7646	Subj	H7386	1
H7650	Cmpl	H0259	1
H7650	Cmpl	H0423	1
H7650	Cmpl	H1004	1
H7650	Cmpl	H1167	1
H7650	Cmpl	H1347	1
H7650	Cmpl	H1419	1
H7650	Cmpl	H1697	1
H7650	Cmpl	H2220	1
H7650	Cmpl	H2416	1
H7650	Cmpl	H3225	1
H7650	Cmpl	H3605	1
H7650	Cmpl	H4820	1
H7650	Cmpl	H5650	1
H7650	Cmpl	H5769	1
H7650	Cmpl	H5797	1
H7650	Cmpl	H6343	1
H7650	Cmpl	H7621	1
H7650	Cmpl	H8267	1
H7650	Objc	H0259	1
H7650	Objc	H0802	1
H7650	Objc	H1471	1
H7650	Objc	H3548	1
H7650	Objc	H3605	1
H7650	Objc	H3878	1
H7650	Objc	H4467	1
H7650	Objc	H7621	1
H7650	Objc	H8269	1
H7650	Subj	H3605	1
H7650	Subj	H3956	1
H7660	Objc	H3801	1
H7660	Objc	H8337	1
H7662	Cmpl	H0321	1
H7662	Cmpl	H0363	1
H7662	Cmpl	H0424	1
H7662	Cmpl	H1004	1
H7662	Cmpl	H5673	1
H7662	Cmpl	H5971	1
H7662	Cmpl	H6135	1
H7662	Cmpl	H8330	1
H7662	Subj	H4437	1
H7665	Cmpl	H0657	1
H7665	Cmpl	H0776	1
H7665	Cmpl	H1471	1
H7665	Cmpl	H3027	1
H7665	Cmpl	H3605	1
H7665	Cmpl	H4325	1
H7665	Cmpl	H5030	1
H7665	Cmpl	H5923	1
H7665	Cmpl	H6189	1
H7665	Cmpl	H7070	1
H7665	Cmpl	H8432	1
H7665	Objc	H0430	1
H7665	Objc	H0591	1
H7665	Objc	H0730	1
H7665	Objc	H0842	1
H7665	Objc	H0970	1
H7665	Objc	H1004	1
H7665	Objc	H1228	1
H7665	Objc	H1347	1
H7665	Objc	H1366	1
H7665	Objc	H1419	1
H7665	Objc	H1634	1
H7665	Objc	H2181	1
H7665	Objc	H2389	1
H7665	Objc	H2543	1
H7665	Objc	H2706	1
H7665	Objc	H3537	1
H7665	Objc	H3627	1
H7665	Objc	H4043	1
H7665	Objc	H4132	1
H7665	Objc	H4541	1
H7665	Objc	H4910	1
H7665	Objc	H5154	1
H7665	Objc	H5767	1
H7665	Objc	H5797	1
H7665	Objc	H5892	1
H7665	Objc	H5971	1
H7665	Objc	H6772	1
H7665	Objc	H7070	1
H7665	Objc	H7161	1
H7665	Objc	H7218	1
H7665	Objc	H7533	1
H7665	Objc	H7565	1
H7665	Objc	H7626	1
H7665	Objc	H7668	1
H7665	Objc	H7704	1
H7665	Objc	H8121	1
H7665	Objc	H8127	1
H7665	Objc	H8147	1
H7665	Objc	H8577	1
H7665	Subj	H0157	1
H7665	Subj	H0259	1
H7665	Subj	H0376	1
H7665	Subj	H0776	1
H7665	Subj	H1280	1
H7665	Subj	H1323	1
H7665	Subj	H1330	1
H7665	Subj	H1419	1
H7665	Subj	H1817	1
H7665	Subj	H2553	1
H7665	Subj	H2781	1
H7665	Subj	H3537	1
H7665	Subj	H3820	1
H7665	Subj	H3956	1
H7665	Subj	H4294	1
H7665	Subj	H4438	1
H7665	Subj	H4665	1
H7665	Subj	H4731	1
H7665	Subj	H5030	1
H7665	Subj	H5797	1
H7665	Subj	H5826	1
H7665	Subj	H5930	1
H7665	Subj	H6288	1
H7665	Subj	H6360	1
H7665	Subj	H6501	1
H7665	Subj	H7151	1
H7665	Subj	H7161	1
H7665	Subj	H7198	1
H7665	Subj	H7311	1
H7665	Subj	H7390	1
H7665	Subj	H7563	1
H7665	Subj	H7626	1
H7665	Subj	H8414	1
H7665	Subj	H8597	1
H7666	Objc	H2461	1
H7666	Objc	H3196	1
H7666	Objc	H4651	1
H7666	Objc	H7668	1
H7673	Cmpl	H0376	1
H7673	Cmpl	H1004	1
H7673	Cmpl	H2351	1
H7673	Cmpl	H2889	1
H7673	Cmpl	H3117	1
H7673	Cmpl	H3342	1
H7673	Cmpl	H4503	1
H7673	Cmpl	H5450	1
H7673	Cmpl	H5892	1
H7673	Cmpl	H6440	1
H7673	Cmpl	H7637	1
H7673	Cmpl	H7676	1
H7673	Cmpl	H8179	1
H7673	Objc	H0120	1
H7673	Objc	H0341	1
H7673	Objc	H0430	1
H7673	Objc	H0457	1
H7673	Objc	H0585	1
H7673	Objc	H0929	1
H7673	Objc	H1004	1
H7673	Objc	H1121	1
H7673	Objc	H1285	1
H7673	Objc	H1350	1
H7673	Objc	H1959	1
H7673	Objc	H2077	1
H7673	Objc	H2086	1
H7673	Objc	H2143	1
H7673	Objc	H2282	1
H7673	Objc	H2320	1
H7673	Objc	H2781	1
H7673	Objc	H2860	1
H7673	Objc	H3196	1
H7673	Objc	H3618	1
H7673	Objc	H4080	1
H7673	Objc	H4150	1
H7673	Objc	H4399	1
H7673	Objc	H4417	1
H7673	Objc	H4468	1
H7673	Objc	H4503	1
H7673	Objc	H4885	1
H7673	Objc	H4912	1
H7673	Objc	H5358	1
H7673	Objc	H5483	1
H7673	Objc	H5794	1
H7673	Objc	H6041	1
H7673	Objc	H6918	1
H7673	Objc	H7563	1
H7673	Objc	H7603	1
H7673	Objc	H7892	1
H7673	Objc	H8057	1
H7673	Objc	H8342	1
H7673	Subj	H0376	1
H7673	Subj	H0734	1
H7673	Subj	H1121	1
H7673	Subj	H1486	1
H7673	Subj	H1777	1
H7673	Subj	H2205	1
H7673	Subj	H2527	1
H7673	Subj	H2779	1
H7673	Subj	H3117	1
H7673	Subj	H3658	1
H7673	Subj	H3820	1
H7673	Subj	H3915	1
H7673	Subj	H4014	1
H7673	Subj	H4062	1
H7673	Subj	H4399	1
H7673	Subj	H4478	1
H7673	Subj	H5065	1
H7673	Subj	H5674	1
H7673	Subj	H5971	1
H7673	Subj	H7019	1
H7673	Subj	H7036	1
H7673	Subj	H7101	1
H7673	Subj	H7105	1
H7673	Subj	H7120	1
H7673	Subj	H8596	1
H7682	Cmpl	H6040	1
H7682	Objc	H0034	1
H7682	Objc	H6862	1
H7682	Subj	H0413	1
H7686	Cmpl	H0160	1
H7686	Cmpl	H0561	1
H7686	Cmpl	H1389	1
H7686	Cmpl	H1847	1
H7686	Cmpl	H2022	1
H7686	Cmpl	H2114	1
H7686	Cmpl	H7311	1
H7686	Subj	H3548	1
H7686	Subj	H3605	1
H7686	Subj	H5030	1
H7686	Subj	H5713	1
H7686	Subj	H6629	1
H7688	Cmpl	H0776	1
H7688	Cmpl	H3427	1
H7688	Cmpl	H3605	1
H7688	Subj	H7200	1
H7725	Cmpl	H0113	1
H7725	Cmpl	H0120	1
H7725	Cmpl	H0205	1
H7725	Cmpl	H0386	1
H7725	Cmpl	H0505	1
H7725	Cmpl	H0875	1
H7725	Cmpl	H1055	1
H7725	Cmpl	H1167	1
H7725	Cmpl	H1225	1
H7725	Cmpl	H1322	1
H7725	Cmpl	H1343	1
H7725	Cmpl	H1368	1
H7725	Cmpl	H1404	1
H7725	Cmpl	H1419	1
H7725	Cmpl	H1471	1
H7725	Cmpl	H1593	1
H7725	Cmpl	H1697	1
H7725	Cmpl	H1793	1
H7725	Cmpl	H1995	1
H7725	Cmpl	H2022	1
H7725	Cmpl	H2181	1
H7725	Cmpl	H2233	1
H7725	Cmpl	H2346	1
H7725	Cmpl	H2435	1
H7725	Cmpl	H2719	1
H7725	Cmpl	H2822	1
H7725	Cmpl	H2859	1
H7725	Cmpl	H2994	1
H7725	Cmpl	H3004	1
H7725	Cmpl	H3117	1
H7725	Cmpl	H3196	1
H7725	Cmpl	H3425	1
H7725	Cmpl	H3427	1
H7725	Cmpl	H3651	1
H7725	Cmpl	H3690	1
H7725	Cmpl	H3701	1
H7725	Cmpl	H3759	1
H7725	Cmpl	H4014	1
H7725	Cmpl	H4057	1
H7725	Cmpl	H4351	1
H7725	Cmpl	H4421	1
H7725	Cmpl	H4465	1
H7725	Cmpl	H4494	1
H7725	Cmpl	H4581	1
H7725	Cmpl	H4688	1
H7725	Cmpl	H4720	1
H7725	Cmpl	H4733	1
H7725	Cmpl	H4736	1
H7725	Cmpl	H4940	1
H7725	Cmpl	H4945	1
H7725	Cmpl	H4960	1
H7725	Cmpl	H5084	1
H7725	Cmpl	H5104	1
H7725	Cmpl	H5159	1
H7725	Cmpl	H5288	1
H7725	Cmpl	H5387	1
H7725	Cmpl	H5552	1
H7725	Cmpl	H5656	1
H7725	Cmpl	H5766	1
H7725	Cmpl	H6041	1
H7725	Cmpl	H6118	1
H7725	Cmpl	H6413	1
H7725	Cmpl	H6456	1
H7725	Cmpl	H6547	1
H7725	Cmpl	H6571	1
H7725	Cmpl	H6635	1
H7725	Cmpl	H6924	1
H7725	Cmpl	H6944	1
H7725	Cmpl	H7233	1
H7725	Cmpl	H7393	1
H7725	Cmpl	H7455	1
H7725	Cmpl	H7562	1
H7725	Cmpl	H7676	1
H7725	Cmpl	H7845	1
H7725	Cmpl	H7934	1
H7725	Cmpl	H8392	1
H7725	Cmpl	H8441	1
H7725	Cmpl	H8593	1
H7725	Objc	H0009	1
H7725	Objc	H0068	1
H7725	Objc	H0091	1
H7725	Objc	H0120	1
H7725	Objc	H0205	1
H7725	Objc	H0212	1
H7725	Objc	H0352	1
H7725	Objc	H0530	1
H7725	Objc	H0571	1
H7725	Objc	H0776	1
H7725	Objc	H1347	1
H7725	Objc	H1366	1
H7725	Objc	H1473	1
H7725	Objc	H1500	1
H7725	Objc	H1715	1
H7725	Objc	H2132	1
H7725	Objc	H2233	1
H7725	Objc	H2740	1
H7725	Objc	H2778	1
H7725	Objc	H2896	1
H7725	Objc	H3117	1
H7725	Objc	H3220	1
H7725	Objc	H3324	1
H7725	Objc	H3733	1
H7725	Objc	H3754	1
H7725	Objc	H3820	1
H7725	Objc	H3828	1
H7725	Objc	H3899	1
H7725	Objc	H4064	1
H7725	Objc	H4284	1
H7725	Objc	H4294	1
H7725	Objc	H4325	1
H7725	Objc	H4410	1
H7725	Objc	H4467	1
H7725	Objc	H4468	1
H7725	Objc	H4533	1
H7725	Objc	H4611	1
H7725	Objc	H4932	1
H7725	Objc	H5288	1
H7725	Objc	H5612	1
H7725	Objc	H5667	1
H7725	Objc	H5713	1
H7725	Objc	H5736	1
H7725	Objc	H6233	1
H7725	Objc	H6487	1
H7725	Objc	H6696	1
H7725	Objc	H6738	1
H7725	Objc	H6785	1
H7725	Objc	H7161	1
H7725	Objc	H7227	1
H7725	Objc	H7451	1
H7725	Objc	H7633	1
H7725	Objc	H7871	1
H7725	Objc	H7971	1
H7725	Objc	H8127	1
H7725	Objc	H8198	1
H7725	Objc	H8199	1
H7725	Objc	H8248	1
H7725	Objc	H8269	1
H7725	Objc	H8342	1
H7725	Objc	H8393	1
H7725	Objc	H8408	1
H7725	Objc	H8492	1
H7725	Subj	H0113	1
H7725	Subj	H0120	1
H7725	Subj	H0339	1
H7725	Subj	H0433	1
H7725	Subj	H0505	1
H7725	Subj	H0657	1
H7725	Subj	H0776	1
H7725	Subj	H0802	1
H7725	Subj	H0901	1
H7725	Subj	H0935	1
H7725	Subj	H1004	1
H7725	Subj	H1419	1
H7725	Subj	H1471	1
H7725	Subj	H1576	1
H7725	Subj	H1681	1
H7725	Subj	H1755	1
H7725	Subj	H1790	1
H7725	Subj	H1818	1
H7725	Subj	H2377	1
H7725	Subj	H2400	1
H7725	Subj	H2416	1
H7725	Subj	H2428	1
H7725	Subj	H2450	1
H7725	Subj	H2994	1
H7725	Subj	H3064	1
H7725	Subj	H3220	1
H7725	Subj	H3372	1
H7725	Subj	H3499	1
H7725	Subj	H3701	1
H7725	Subj	H3778	1
H7725	Subj	H3820	1
H7725	Subj	H4264	1
H7725	Subj	H4284	1
H7725	Subj	H4376	1
H7725	Subj	H4467	1
H7725	Subj	H4617	1
H7725	Subj	H4941	1
H7725	Subj	H5061	1
H7725	Subj	H5645	1
H7725	Subj	H5869	1
H7725	Subj	H5999	1
H7725	Subj	H6083	1
H7725	Subj	H6242	1
H7725	Subj	H6412	1
H7725	Subj	H6547	1
H7725	Subj	H6738	1
H7725	Subj	H6828	1
H7725	Subj	H6951	1
H7725	Subj	H7243	1
H7725	Subj	H7390	1
H7725	Subj	H7451	1
H7725	Subj	H7704	1
H7725	Subj	H8121	1
H7725	Subj	H8605	1
H7742	Cmpl	H7704	1
H7751	Cmpl	H0875	1
H7751	Cmpl	H1448	1
H7751	Cmpl	H2351	1
H7751	Cmpl	H4217	1
H7751	Cmpl	H6828	1
H7751	Cmpl	H7626	1
H7751	Subj	H5971	1
H7751	Subj	H7227	1
H7760	Cmpl	H0057	1
H7760	Cmpl	H0113	1
H7760	Cmpl	H0216	1
H7760	Cmpl	H0241	1
H7760	Cmpl	H0259	1
H7760	Cmpl	H0310	1
H7760	Cmpl	H0355	1
H7760	Cmpl	H0369	1
H7760	Cmpl	H0408	1
H7760	Cmpl	H0517	1
H7760	Cmpl	H0679	1
H7760	Cmpl	H0712	1
H7760	Cmpl	H0953	1
H7760	Cmpl	H1100	1
H7760	Cmpl	H1167	1
H7760	Cmpl	H1219	1
H7760	Cmpl	H1285	1
H7760	Cmpl	H1290	1
H7760	Cmpl	H1320	1
H7760	Cmpl	H1322	1
H7760	Cmpl	H1356	1
H7760	Cmpl	H1489	1
H7760	Cmpl	H1530	1
H7760	Cmpl	H1634	1
H7760	Cmpl	H1731	1
H7760	Cmpl	H2180	1
H7760	Cmpl	H2298	1
H7760	Cmpl	H2344	1
H7760	Cmpl	H2373	1
H7760	Cmpl	H2460	1
H7760	Cmpl	H2496	1
H7760	Cmpl	H2543	1
H7760	Cmpl	H2706	1
H7760	Cmpl	H2719	1
H7760	Cmpl	H2724	1
H7760	Cmpl	H2731	1
H7760	Cmpl	H2757	1
H7760	Cmpl	H2764	1
H7760	Cmpl	H2848	1
H7760	Cmpl	H2889	1
H7760	Cmpl	H2935	1
H7760	Cmpl	H3117	1
H7760	Cmpl	H3219	1
H7760	Cmpl	H3225	1
H7760	Cmpl	H3427	1
H7760	Cmpl	H3678	1
H7760	Cmpl	H3754	1
H7760	Cmpl	H3878	1
H7760	Cmpl	H3930	1
H7760	Cmpl	H3996	1
H7760	Cmpl	H4037	1
H7760	Cmpl	H4050	1
H7760	Cmpl	H4135	1
H7760	Cmpl	H4161	1
H7760	Cmpl	H4264	1
H7760	Cmpl	H4296	1
H7760	Cmpl	H4302	1
H7760	Cmpl	H4397	1
H7760	Cmpl	H4405	1
H7760	Cmpl	H4522	1
H7760	Cmpl	H4605	1
H7760	Cmpl	H4609	1
H7760	Cmpl	H4631	1
H7760	Cmpl	H4671	1
H7760	Cmpl	H4701	1
H7760	Cmpl	H4713	1
H7760	Cmpl	H4791	1
H7760	Cmpl	H4818	1
H7760	Cmpl	H4841	1
H7760	Cmpl	H4931	1
H7760	Cmpl	H4940	1
H7760	Cmpl	H4997	1
H7760	Cmpl	H5251	1
H7760	Cmpl	H5387	1
H7760	Cmpl	H5410	1
H7760	Cmpl	H5465	1
H7760	Cmpl	H5488	1
H7760	Cmpl	H5536	1
H7760	Cmpl	H5553	1
H7760	Cmpl	H5699	1
H7760	Cmpl	H5704	1
H7760	Cmpl	H6083	1
H7760	Cmpl	H6253	1
H7760	Cmpl	H6433	1
H7760	Cmpl	H6471	1
H7760	Cmpl	H6517	1
H7760	Cmpl	H6532	1
H7760	Cmpl	H6571	1
H7760	Cmpl	H6616	1
H7760	Cmpl	H6629	1
H7760	Cmpl	H6635	1
H7760	Cmpl	H6877	1
H7760	Cmpl	H6924	1
H7760	Cmpl	H6965	1
H7760	Cmpl	H6994	1
H7760	Cmpl	H7101	1
H7760	Cmpl	H7130	1
H7760	Cmpl	H7223	1
H7760	Cmpl	H7272	1
H7760	Cmpl	H7453	1
H7760	Cmpl	H7462	1
H7760	Cmpl	H7596	1
H7760	Cmpl	H7611	1
H7760	Cmpl	H7704	1
H7760	Cmpl	H7785	1
H7760	Cmpl	H7822	1
H7760	Cmpl	H7965	1
H7760	Cmpl	H7979	1
H7760	Cmpl	H8104	1
H7760	Cmpl	H8121	1
H7760	Cmpl	H8193	1
H7760	Cmpl	H8198	1
H7760	Cmpl	H8269	1
H7760	Cmpl	H8441	1
H7760	Cmpl	H8487	1
H7760	Cmpl	H8504	1
H7760	Objc	H0100	1
H7760	Objc	H0441	1
H7760	Objc	H0483	1
H7760	Objc	H0561	1
H7760	Objc	H0639	1
H7760	Objc	H0696	1
H7760	Objc	H0712	1
H7760	Objc	H0802	1
H7760	Objc	H0817	1
H7760	Objc	H0842	1
H7760	Objc	H1078	1
H7760	Objc	H1219	1
H7760	Objc	H1265	1
H7760	Objc	H1270	1
H7760	Objc	H1280	1
H7760	Objc	H1285	1
H7760	Objc	H1389	1
H7760	Objc	H1419	1
H7760	Objc	H1420	1
H7760	Objc	H1460	1
H7760	Objc	H1612	1
H7760	Objc	H1700	1
H7760	Objc	H1817	1
H7760	Objc	H1832	1
H7760	Objc	H2220	1
H7760	Objc	H2344	1
H7760	Objc	H2351	1
H7760	Objc	H2406	1
H7760	Objc	H2428	1
H7760	Objc	H2460	1
H7760	Objc	H2527	1
H7760	Objc	H2532	1
H7760	Objc	H2691	1
H7760	Objc	H2708	1
H7760	Objc	H2719	1
H7760	Objc	H2795	1
H7760	Objc	H2822	1
H7760	Objc	H2833	1
H7760	Objc	H2837	1
H7760	Objc	H2914	1
H7760	Objc	H2945	1
H7760	Objc	H3117	1
H7760	Objc	H3225	1
H7760	Objc	H3372	1
H7760	Objc	H3520	1
H7760	Objc	H3539	1
H7760	Objc	H3577	1
H7760	Objc	H3595	1
H7760	Objc	H3669	1
H7760	Objc	H3682	1
H7760	Objc	H3804	1
H7760	Objc	H3828	1
H7760	Objc	H3843	1
H7760	Objc	H3871	1
H7760	Objc	H3915	1
H7760	Objc	H3940	1
H7760	Objc	H3990	1
H7760	Objc	H4009	1
H7760	Objc	H4014	1
H7760	Objc	H4043	1
H7760	Objc	H4150	1
H7760	Objc	H4157	1
H7760	Objc	H4159	1
H7760	Objc	H4245	1
H7760	Objc	H4261	1
H7760	Objc	H4268	1
H7760	Objc	H4285	1
H7760	Objc	H4288	1
H7760	Objc	H4296	1
H7760	Objc	H4325	1
H7760	Objc	H4372	1
H7760	Objc	H4405	1
H7760	Objc	H4421	1
H7760	Objc	H4438	1
H7760	Objc	H4461	1
H7760	Objc	H4581	1
H7760	Objc	H4614	1
H7760	Objc	H4635	1
H7760	Objc	H4692	1
H7760	Objc	H4718	1
H7760	Objc	H4731	1
H7760	Objc	H4735	1
H7760	Objc	H4839	1
H7760	Objc	H4854	1
H7760	Objc	H4896	1
H7760	Objc	H4904	1
H7760	Objc	H4929	1
H7760	Objc	H4940	1
H7760	Objc	H4971	1
H7760	Objc	H5122	1
H7760	Objc	H5141	1
H7760	Objc	H5145	1
H7760	Objc	H5154	1
H7760	Objc	H5159	1
H7760	Objc	H5178	1
H7760	Objc	H5207	1
H7760	Objc	H5275	1
H7760	Objc	H5392	1
H7760	Objc	H5399	1
H7760	Objc	H5566	1
H7760	Objc	H5643	1
H7760	Objc	H5715	1
H7760	Objc	H5750	1
H7760	Objc	H5769	1
H7760	Objc	H5787	1
H7760	Objc	H5795	1
H7760	Objc	H5909	1
H7760	Objc	H5930	1
H7760	Objc	H5945	1
H7760	Objc	H6083	1
H7760	Objc	H6086	1
H7760	Objc	H6091	1
H7760	Objc	H6160	1
H7760	Objc	H6235	1
H7760	Objc	H6304	1
H7760	Objc	H6346	1
H7760	Objc	H6493	1
H7760	Objc	H6532	1
H7760	Objc	H6541	1
H7760	Objc	H6595	1
H7760	Objc	H6731	1
H7760	Objc	H6754	1
H7760	Objc	H6793	1
H7760	Objc	H6913	1
H7760	Objc	H6944	1
H7760	Objc	H6959	1
H7760	Objc	H6988	1
H7760	Objc	H7064	1
H7760	Objc	H7078	1
H7760	Objc	H7144	1
H7760	Objc	H7151	1
H7760	Objc	H7161	1
H7760	Objc	H7175	1
H7760	Objc	H7242	1
H7760	Objc	H7305	1
H7760	Objc	H7381	1
H7760	Objc	H7462	1
H7760	Objc	H7795	1
H7760	Objc	H7915	1
H7760	Objc	H7922	1
H7760	Objc	H8048	1
H7760	Objc	H8064	1
H7760	Objc	H8069	1
H7760	Objc	H8071	1
H7760	Objc	H8083	1
H7760	Objc	H8121	1
H7760	Objc	H8198	1
H7760	Objc	H8199	1
H7760	Objc	H8217	1
H7760	Objc	H8391	1
H7760	Objc	H8392	1
H7760	Objc	H8410	1
H7760	Objc	H8451	1
H7760	Objc	H8565	1
H7760	Objc	H8604	1
H7760	Subj	H0001	1
H7760	Subj	H0430	1
H7760	Subj	H1004	1
H7760	Subj	H1167	1
H7760	Subj	H1397	1
H7760	Subj	H2610	1
H7760	Subj	H3548	1
H7760	Subj	H3605	1
H7760	Subj	H3778	1
H7760	Subj	H3820	1
H7760	Subj	H3899	1
H7760	Subj	H5065	1
H7760	Subj	H5315	1
H7760	Subj	H5631	1
H7760	Subj	H5650	1
H7760	Subj	H5971	1
H7760	Subj	H6547	1
H7760	Subj	H8269	1
H7797	Cmpl	H0001	1
H7797	Cmpl	H1870	1
H7797	Cmpl	H3444	1
H7797	Cmpl	H3581	1
H7797	Cmpl	H5715	1
H7797	Cmpl	H5971	1
H7797	Objc	H4885	1
H7797	Subj	H0430	1
H7797	Subj	H3820	1
H7812	Cmpl	H0259	1
H7812	Cmpl	H0485	1
H7812	Cmpl	H0639	1
H7812	Cmpl	H2022	1
H7812	Cmpl	H3394	1
H7812	Cmpl	H3709	1
H7812	Cmpl	H4296	1
H7812	Cmpl	H4541	1
H7812	Cmpl	H4904	1
H7812	Cmpl	H5236	1
H7812	Cmpl	H6722	1
H7812	Cmpl	H7218	1
H7812	Objc	H0280	1
H7812	Objc	H2493	1
H7812	Objc	H4405	1
H7812	Subj	H0001	1
H7812	Subj	H0339	1
H7812	Subj	H0517	1
H7812	Subj	H1878	1
H7812	Subj	H3571	1
H7812	Subj	H3816	1
H7812	Subj	H4940	1
H7812	Subj	H5006	1
H7812	Subj	H5971	1
H7817	Cmpl	H2896	1
H7817	Cmpl	H6440	1
H7817	Cmpl	H8478	1
H7817	Objc	H2346	1
H7817	Objc	H3427	1
H7817	Objc	H4014	1
H7817	Objc	H4791	1
H7817	Objc	H4869	1
H7817	Subj	H0376	1
H7817	Subj	H0565	1
H7817	Subj	H1323	1
H7817	Subj	H1365	1
H7817	Subj	H1389	1
H7817	Subj	H3605	1
H7817	Subj	H5315	1
H7817	Subj	H5769	1
H7817	Subj	H5826	1
H7817	Subj	H7311	1
H7817	Subj	H7451	1
H7817	Subj	H7892	1
H7818	Cmpl	H3563	1
H7818	Cmpl	H6547	1
H7819	Cmpl	H2557	1
H7819	Cmpl	H5971	1
H7819	Cmpl	H6440	1
H7819	Cmpl	H6944	1
H7819	Objc	H0376	1
H7819	Objc	H1818	1
H7819	Objc	H2715	1
H7819	Objc	H3775	1
H7819	Objc	H5695	1
H7819	Objc	H7651	1
H7819	Objc	H8002	1
H7819	Objc	H8269	1
H7819	Subj	H3605	1
H7819	Subj	H5713	1
H7819	Subj	H5930	1
H7819	Subj	H6951	1
H7832	Cmpl	H0314	1
H7832	Cmpl	H0343	1
H7832	Cmpl	H1995	1
H7832	Cmpl	H3117	1
H7832	Cmpl	H3591	1
H7832	Cmpl	H3605	1
H7832	Cmpl	H3720	1
H7832	Cmpl	H4014	1
H7832	Cmpl	H4868	1
H7832	Cmpl	H5483	1
H7832	Cmpl	H6343	1
H7832	Cmpl	H6440	1
H7832	Cmpl	H7151	1
H7832	Cmpl	H7392	1
H7832	Cmpl	H7494	1
H7832	Cmpl	H7701	1
H7832	Subj	H2416	1
H7832	Subj	H3605	1
H7832	Subj	H7704	1
H7833	Objc	H0068	1
H7833	Subj	H4325	1
H7843	Cmpl	H3605	1
H7843	Cmpl	H5892	1
H7843	Cmpl	H5971	1
H7843	Cmpl	H6157	1
H7843	Cmpl	H6440	1
H7843	Cmpl	H7962	1
H7843	Objc	H0113	1
H7843	Objc	H0127	1
H7843	Objc	H0759	1
H7843	Objc	H1004	1
H7843	Objc	H1323	1
H7843	Objc	H1697	1
H7843	Objc	H1870	1
H7843	Objc	H2156	1
H7843	Objc	H2206	1
H7843	Objc	H2451	1
H7843	Objc	H2568	1
H7843	Objc	H2981	1
H7843	Objc	H3603	1
H7843	Objc	H3754	1
H7843	Objc	H3899	1
H7843	Objc	H3967	1
H7843	Objc	H4150	1
H7843	Objc	H4428	1
H7843	Objc	H4467	1
H7843	Objc	H4899	1
H7843	Objc	H5273	1
H7843	Objc	H5691	1
H7843	Objc	H6099	1
H7843	Objc	H6240	1
H7843	Objc	H6285	1
H7843	Objc	H6529	1
H7843	Objc	H6918	1
H7843	Objc	H6944	1
H7843	Objc	H7453	1
H7843	Objc	H8083	1
H7843	Objc	H8147	1
H7843	Objc	H8269	1
H7843	Subj	H0232	1
H7843	Subj	H0430	1
H7843	Subj	H1121	1
H7843	Subj	H1320	1
H7843	Subj	H2610	1
H7843	Subj	H3627	1
H7843	Subj	H4428	1
H7843	Subj	H5057	1
H7843	Subj	H5949	1
H7843	Subj	H7227	1
H7847	Cmpl	H1870	1
H7847	Objc	H2932	1
H7847	Subj	H3820	1
H7849	Objc	H3709	1
H7857	Cmpl	H6440	1
H7857	Objc	H1818	1
H7857	Objc	H3027	1
H7857	Objc	H3427	1
H7857	Objc	H4393	1
H7857	Objc	H5643	1
H7857	Objc	H5892	1
H7857	Objc	H6083	1
H7857	Objc	H7393	1
H7857	Subj	H2220	1
H7857	Subj	H2428	1
H7857	Subj	H3605	1
H7857	Subj	H3627	1
H7857	Subj	H4325	1
H7857	Subj	H5158	1
H7857	Subj	H5599	1
H7857	Subj	H6086	1
H7857	Subj	H7858	1
H7876	Objc	H6697	1
H7878	Cmpl	H0565	1
H7878	Cmpl	H0776	1
H7878	Cmpl	H3027	1
H7878	Cmpl	H4639	1
H7878	Cmpl	H4751	1
H7878	Cmpl	H5315	1
H7878	Cmpl	H5949	1
H7878	Objc	H1697	1
H7878	Objc	H1755	1
H7878	Objc	H1926	1
H7878	Objc	H3519	1
H7878	Subj	H3427	1
H7878	Subj	H5650	1
H7878	Subj	H8179	1
H7891	Cmpl	H7892	1
H7891	Objc	H1730	1
H7891	Objc	H3754	1
H7891	Objc	H4941	1
H7891	Objc	H5797	1
H7891	Objc	H8416	1
H7891	Subj	H0376	1
H7891	Subj	H6963	1
H7891	Subj	H7892	1
H7896	Cmpl	H0398	1
H7896	Cmpl	H0802	1
H7896	Cmpl	H0990	1
H7896	Cmpl	H1347	1
H7896	Cmpl	H1530	1
H7896	Cmpl	H1697	1
H7896	Cmpl	H1847	1
H7896	Cmpl	H2426	1
H7896	Cmpl	H3611	1
H7896	Cmpl	H3678	1
H7896	Cmpl	H3915	1
H7896	Cmpl	H4546	1
H7896	Cmpl	H5104	1
H7896	Cmpl	H5315	1
H7896	Cmpl	H5488	1
H7896	Cmpl	H5739	1
H7896	Cmpl	H6083	1
H7896	Cmpl	H6205	1
H7896	Cmpl	H6310	1
H7896	Cmpl	H6430	1
H7896	Cmpl	H6529	1
H7896	Cmpl	H6629	1
H7896	Cmpl	H7130	1
H7896	Cmpl	H7272	1
H7896	Cmpl	H7979	1
H7896	Cmpl	H8064	1
H7896	Cmpl	H8147	1
H7896	Objc	H0312	1
H7896	Objc	H0341	1
H7896	Objc	H0342	1
H7896	Objc	H0667	1
H7896	Objc	H1100	1
H7896	Objc	H1221	1
H7896	Objc	H1366	1
H7896	Objc	H1697	1
H7896	Objc	H1916	1
H7896	Objc	H2233	1
H7896	Objc	H2346	1
H7896	Objc	H2426	1
H7896	Objc	H2428	1
H7896	Objc	H2451	1
H7896	Objc	H2706	1
H7896	Objc	H3225	1
H7896	Objc	H3254	1
H7896	Objc	H3444	1
H7896	Objc	H3605	1
H7896	Objc	H3709	1
H7896	Objc	H4170	1
H7896	Objc	H4268	1
H7896	Objc	H4820	1
H7896	Objc	H4960	1
H7896	Objc	H5439	1
H7896	Objc	H5521	1
H7896	Objc	H5643	1
H7896	Objc	H5650	1
H7896	Objc	H5739	1
H7896	Objc	H5771	1
H7896	Objc	H5869	1
H7896	Objc	H6098	1
H7896	Objc	H6310	1
H7896	Objc	H6337	1
H7896	Objc	H6440	1
H7896	Objc	H6738	1
H7896	Objc	H7105	1
H7896	Objc	H7272	1
H7896	Objc	H8398	1
H7896	Subj	H0001	1
H7896	Subj	H0430	1
H7896	Subj	H0802	1
H7896	Subj	H1167	1
H7896	Subj	H3724	1
H7896	Subj	H6571	1
H7901	Cmpl	H0681	1
H7901	Cmpl	H0996	1
H7901	Cmpl	H1004	1
H7901	Cmpl	H1322	1
H7901	Cmpl	H1323	1
H7901	Cmpl	H1368	1
H7901	Cmpl	H1733	1
H7901	Cmpl	H1739	1
H7901	Cmpl	H2930	1
H7901	Cmpl	H3206	1
H7901	Cmpl	H3233	1
H7901	Cmpl	H3519	1
H7901	Cmpl	H3618	1
H7901	Cmpl	H4296	1
H7901	Cmpl	H6195	1
H7901	Cmpl	H6370	1
H7901	Cmpl	H6607	1
H7901	Cmpl	H7097	1
H7901	Cmpl	H8042	1
H7901	Cmpl	H8242	1
H7901	Objc	H1121	1
H7901	Objc	H4191	1
H7901	Subj	H0113	1
H7901	Subj	H0259	1
H7901	Subj	H1121	1
H7901	Subj	H1995	1
H7901	Subj	H2100	1
H7901	Subj	H2205	1
H7901	Subj	H3820	1
H7901	Subj	H5288	1
H7901	Subj	H5971	1
H7901	Subj	H6207	1
H7901	Subj	H6223	1
H7901	Subj	H6547	1
H7901	Subj	H6635	1
H7901	Subj	H8147	1
H7901	Subj	H8269	1
H7911	Cmpl	H0424	1
H7911	Cmpl	H1882	1
H7911	Cmpl	H2233	1
H7911	Cmpl	H4437	1
H7911	Cmpl	H6310	1
H7911	Cmpl	H6654	1
H7911	Cmpl	H6924	1
H7911	Objc	H0519	1
H7911	Objc	H1004	1
H7911	Objc	H1121	1
H7911	Objc	H1247	1
H7911	Objc	H1322	1
H7911	Objc	H1397	1
H7911	Objc	H1576	1
H7911	Objc	H2298	1
H7911	Objc	H2706	1
H7911	Objc	H2710	1
H7911	Objc	H3467	1
H7911	Objc	H3906	1
H7911	Objc	H4040	1
H7911	Objc	H4150	1
H7911	Objc	H4428	1
H7911	Objc	H4611	1
H7911	Objc	H4687	1
H7911	Objc	H5716	1
H7911	Objc	H5763	1
H7911	Objc	H5930	1
H7911	Objc	H5949	1
H7911	Objc	H5999	1
H7911	Objc	H6016	1
H7911	Objc	H6040	1
H7911	Objc	H6041	1
H7911	Objc	H6818	1
H7911	Objc	H6887	1
H7911	Objc	H6963	1
H7911	Objc	H7258	1
H7911	Objc	H7389	1
H7911	Objc	H7676	1
H7911	Objc	H7880	1
H7911	Subj	H0001	1
H7911	Subj	H0034	1
H7911	Subj	H0424	1
H7911	Subj	H0802	1
H7911	Subj	H0870	1
H7911	Subj	H1330	1
H7911	Subj	H2136	1
H7911	Subj	H2143	1
H7911	Subj	H3225	1
H7911	Subj	H3639	1
H7911	Subj	H4486	1
H7911	Subj	H5769	1
H7911	Subj	H5971	1
H7911	Subj	H6862	1
H7911	Subj	H6869	1
H7911	Subj	H7223	1
H7911	Subj	H7307	1
H7911	Subj	H7647	1
H7911	Subj	H7843	1
H7911	Subj	H7960	1
H7918	Objc	H1121	1
H7918	Objc	H8519	1
H7918	Subj	H3353	1
H7918	Subj	H4325	1
H7919	Objc	H3027	1
H7921	Objc	H0802	1
H7921	Objc	H0970	1
H7921	Objc	H1330	1
H7921	Objc	H1471	1
H7921	Objc	H1612	1
H7921	Objc	H7704	1
H7921	Objc	H8147	1
H7921	Subj	H0517	1
H7921	Subj	H5795	1
H7921	Subj	H7354	1
H7925	Cmpl	H1870	1
H7925	Cmpl	H3754	1
H7925	Subj	H0430	1
H7925	Subj	H0796	1
H7925	Subj	H3605	1
H7925	Subj	H4428	1
H7925	Subj	H5892	1
H7925	Subj	H8334	1
H7931	Cmpl	H0120	1
H7931	Cmpl	H0251	1
H7931	Cmpl	H0319	1
H7931	Cmpl	H1004	1
H7931	Cmpl	H1121	1
H7931	Cmpl	H1416	1
H7931	Cmpl	H1588	1
H7931	Cmpl	H1746	1
H7931	Cmpl	H2348	1
H7931	Cmpl	H3605	1
H7931	Cmpl	H4585	1
H7931	Cmpl	H4658	1
H7931	Cmpl	H4664	1
H7931	Cmpl	H4908	1
H7931	Cmpl	H5553	1
H7931	Cmpl	H5676	1
H7931	Cmpl	H6057	1
H7931	Cmpl	H6083	1
H7931	Cmpl	H6195	1
H7931	Cmpl	H6440	1
H7931	Cmpl	H6707	1
H7931	Cmpl	H6738	1
H7931	Cmpl	H6924	1
H7931	Cmpl	H6944	1
H7931	Cmpl	H7704	1
H7931	Objc	H0168	1
H7931	Objc	H2691	1
H7931	Objc	H2719	1
H7931	Objc	H3519	1
H7931	Objc	H3582	1
H7931	Objc	H3605	1
H7931	Objc	H3742	1
H7931	Objc	H3858	1
H7931	Objc	H4057	1
H7931	Objc	H4150	1
H7931	Objc	H4420	1
H7931	Objc	H5553	1
H7931	Objc	H5775	1
H7931	Objc	H5892	1
H7931	Objc	H5930	1
H7931	Objc	H6918	1
H7931	Objc	H7626	1
H7931	Objc	H8064	1
H7931	Subj	H0117	1
H7931	Subj	H0157	1
H7931	Subj	H0216	1
H7931	Subj	H1121	1
H7931	Subj	H1320	1
H7931	Subj	H1323	1
H7931	Subj	H2451	1
H7931	Subj	H3039	1
H7931	Subj	H3244	1
H7931	Subj	H3284	1
H7931	Subj	H3477	1
H7931	Subj	H3671	1
H7931	Subj	H4908	1
H7931	Subj	H4941	1
H7931	Subj	H5637	1
H7931	Subj	H5971	1
H7931	Subj	H6053	1
H7931	Subj	H6158	1
H7931	Subj	H6833	1
H7931	Subj	H7272	1
H7931	Subj	H8034	1
H7931	Subj	H8065	1
H7936	Cmpl	H3603	1
H7936	Cmpl	H3701	1
H7936	Cmpl	H3899	1
H7936	Cmpl	H3967	1
H7936	Cmpl	H5104	1
H7936	Objc	H0376	1
H7936	Objc	H1121	1
H7936	Objc	H1368	1
H7936	Objc	H2428	1
H7936	Objc	H2850	1
H7936	Objc	H3967	1
H7936	Objc	H5104	1
H7936	Objc	H5971	1
H7936	Objc	H6242	1
H7936	Objc	H6348	1
H7936	Objc	H6571	1
H7936	Objc	H6884	1
H7936	Objc	H7273	1
H7936	Objc	H7386	1
H7936	Objc	H8147	1
H7936	Subj	H4428	1
H7936	Subj	H7649	1
H7937	Cmpl	H1818	1
H7937	Objc	H1368	1
H7937	Objc	H1818	1
H7937	Objc	H2450	1
H7937	Objc	H2671	1
H7937	Objc	H5461	1
H7937	Objc	H6346	1
H7937	Objc	H8269	1
H7971	Cmpl	H0001	1
H7971	Cmpl	H0034	1
H7971	Cmpl	H0113	1
H7971	Cmpl	H0341	1
H7971	Cmpl	H0590	1
H7971	Cmpl	H0639	1
H7971	Cmpl	H0678	1
H7971	Cmpl	H0802	1
H7971	Cmpl	H0905	1
H7971	Cmpl	H0953	1
H7971	Cmpl	H0983	1
H7971	Cmpl	H1167	1
H7971	Cmpl	H1245	1
H7971	Cmpl	H1323	1
H7971	Cmpl	H1697	1
H7971	Cmpl	H2018	1
H7971	Cmpl	H2091	1
H7971	Cmpl	H2145	1
H7971	Cmpl	H2256	1
H7971	Cmpl	H2428	1
H7971	Cmpl	H2450	1
H7971	Cmpl	H2526	1
H7971	Cmpl	H2677	1
H7971	Cmpl	H3106	1
H7971	Cmpl	H3220	1
H7971	Cmpl	H3489	1
H7971	Cmpl	H3499	1
H7971	Cmpl	H3601	1
H7971	Cmpl	H3627	1
H7971	Cmpl	H3701	1
H7971	Cmpl	H3778	1
H7971	Cmpl	H3967	1
H7971	Cmpl	H4196	1
H7971	Cmpl	H4438	1
H7971	Cmpl	H4900	1
H7971	Cmpl	H4940	1
H7971	Cmpl	H5159	1
H7971	Cmpl	H5288	1
H7971	Cmpl	H5315	1
H7971	Cmpl	H5347	1
H7971	Cmpl	H5439	1
H7971	Cmpl	H5856	1
H7971	Cmpl	H5930	1
H7971	Cmpl	H6010	1
H7971	Cmpl	H6086	1
H7971	Cmpl	H6242	1
H7971	Cmpl	H6307	1
H7971	Cmpl	H6547	1
H7971	Cmpl	H6629	1
H7971	Cmpl	H6719	1
H7971	Cmpl	H6944	1
H7971	Cmpl	H7054	1
H7971	Cmpl	H7198	1
H7971	Cmpl	H7218	1
H7971	Cmpl	H7227	1
H7971	Cmpl	H7462	1
H7971	Cmpl	H7568	1
H7971	Cmpl	H7965	1
H7971	Cmpl	H7998	1
H7971	Cmpl	H8064	1
H7971	Cmpl	H8392	1
H7971	Objc	H0068	1
H7971	Objc	H0107	1
H7971	Objc	H0120	1
H7971	Objc	H0216	1
H7971	Objc	H0226	1
H7971	Objc	H0269	1
H7971	Objc	H0341	1
H7971	Objc	H0367	1
H7971	Objc	H0484	1
H7971	Objc	H0490	1
H7971	Objc	H0517	1
H7971	Objc	H0519	1
H7971	Objc	H0615	1
H7971	Objc	H0676	1
H7971	Objc	H0702	1
H7971	Objc	H0776	1
H7971	Objc	H0899	1
H7971	Objc	H0929	1
H7971	Objc	H1004	1
H7971	Objc	H1165	1
H7971	Objc	H1265	1
H7971	Objc	H1300	1
H7971	Objc	H1526	1
H7971	Objc	H1546	1
H7971	Objc	H1818	1
H7971	Objc	H1823	1
H7971	Objc	H2100	1
H7971	Objc	H2114	1
H7971	Objc	H2142	1
H7971	Objc	H2195	1
H7971	Objc	H2406	1
H7971	Objc	H2543	1
H7971	Objc	H2617	1
H7971	Objc	H2670	1
H7971	Objc	H2764	1
H7971	Objc	H2822	1
H7971	Objc	H2850	1
H7971	Objc	H2859	1
H7971	Objc	H2945	1
H7971	Objc	H3196	1
H7971	Objc	H3220	1
H7971	Objc	H3225	1
H7971	Objc	H3243	1
H7971	Objc	H3289	1
H7971	Objc	H3467	1
H7971	Objc	H3499	1
H7971	Objc	H3513	1
H7971	Objc	H3515	1
H7971	Objc	H3733	1
H7971	Objc	H3774	1
H7971	Objc	H3778	1
H7971	Objc	H3801	1
H7971	Objc	H3899	1
H7971	Objc	H3967	1
H7971	Objc	H4014	1
H7971	Objc	H4038	1
H7971	Objc	H4045	1
H7971	Objc	H4080	1
H7971	Objc	H4103	1
H7971	Objc	H4159	1
H7971	Objc	H4196	1
H7971	Objc	H4639	1
H7971	Objc	H4687	1
H7971	Objc	H4720	1
H7971	Objc	H4917	1
H7971	Objc	H4938	1
H7971	Objc	H4940	1
H7971	Objc	H5175	1
H7971	Objc	H5291	1
H7971	Objc	H5315	1
H7971	Objc	H5375	1
H7971	Objc	H5631	1
H7971	Objc	H5678	1
H7971	Objc	H5760	1
H7971	Objc	H5797	1
H7971	Objc	H5828	1
H7971	Objc	H6157	1
H7971	Objc	H6158	1
H7971	Objc	H6240	1
H7971	Objc	H6242	1
H7971	Objc	H6288	1
H7971	Objc	H6304	1
H7971	Objc	H6310	1
H7971	Objc	H6412	1
H7971	Objc	H6432	1
H7971	Objc	H6446	1
H7971	Objc	H6501	1
H7971	Objc	H6545	1
H7971	Objc	H6571	1
H7971	Objc	H6720	1
H7971	Objc	H6735	1
H7971	Objc	H6808	1
H7971	Objc	H6810	1
H7971	Objc	H6869	1
H7971	Objc	H6879	1
H7971	Objc	H7023	1
H7971	Objc	H7105	1
H7971	Objc	H7272	1
H7971	Objc	H7378	1
H7971	Objc	H7392	1
H7971	Objc	H7393	1
H7971	Objc	H7449	1
H7971	Objc	H7466	1
H7971	Objc	H7533	1
H7971	Objc	H7704	1
H7971	Objc	H7965	1
H7971	Objc	H7998	1
H7971	Objc	H8040	1
H7971	Objc	H8081	1
H7971	Objc	H8127	1
H7971	Objc	H8145	1
H7971	Objc	H8163	1
H7971	Objc	H8184	1
H7971	Objc	H8201	1
H7971	Objc	H8314	1
H7971	Objc	H8330	1
H7971	Objc	H8585	1
H7971	Objc	H8661	1
H7971	Subj	H0001	1
H7971	Subj	H0117	1
H7971	Subj	H0394	1
H7971	Subj	H0424	1
H7971	Subj	H0517	1
H7971	Subj	H0671	1
H7971	Subj	H1730	1
H7971	Subj	H2205	1
H7971	Subj	H2543	1
H7971	Subj	H3027	1
H7971	Subj	H3548	1
H7971	Subj	H3674	1
H7971	Subj	H3742	1
H7971	Subj	H5030	1
H7971	Subj	H5104	1
H7971	Subj	H5612	1
H7971	Subj	H5631	1
H7971	Subj	H5650	1
H7971	Subj	H5676	1
H7971	Subj	H5892	1
H7971	Subj	H5971	1
H7971	Subj	H6346	1
H7971	Subj	H6446	1
H7971	Subj	H6662	1
H7971	Subj	H6735	1
H7971	Subj	H7523	1
H7971	Subj	H7626	1
H7971	Subj	H8269	1
H7971	Subj	H8419	1
H7993	Cmpl	H0259	1
H7993	Cmpl	H0374	1
H7993	Cmpl	H0681	1
H7993	Cmpl	H0727	1
H7993	Cmpl	H1419	1
H7993	Cmpl	H1460	1
H7993	Cmpl	H2346	1
H7993	Cmpl	H2930	1
H7993	Cmpl	H3027	1
H7993	Cmpl	H3220	1
H7993	Cmpl	H3605	1
H7993	Cmpl	H3611	1
H7993	Cmpl	H3957	1
H7993	Cmpl	H4196	1
H7993	Cmpl	H4325	1
H7993	Cmpl	H4428	1
H7993	Cmpl	H5048	1
H7993	Cmpl	H5518	1
H7993	Cmpl	H5650	1
H7993	Cmpl	H6310	1
H7993	Cmpl	H6354	1
H7993	Cmpl	H6509	1
H7993	Cmpl	H6607	1
H7993	Cmpl	H6924	1
H7993	Cmpl	H7218	1
H7993	Cmpl	H7358	1
H7993	Cmpl	H7704	1
H7993	Cmpl	H7880	1
H7993	Cmpl	H8127	1
H7993	Cmpl	H8316	1
H7993	Cmpl	H8478	1
H7993	Objc	H0155	1
H7993	Objc	H0251	1
H7993	Objc	H0899	1
H7993	Objc	H1419	1
H7993	Objc	H1697	1
H7993	Objc	H2091	1
H7993	Objc	H2233	1
H7993	Objc	H2399	1
H7993	Objc	H2964	1
H7993	Objc	H3053	1
H7993	Objc	H3206	1
H7993	Objc	H3871	1
H7993	Objc	H3895	1
H7993	Objc	H4294	1
H7993	Objc	H5038	1
H7993	Objc	H5141	1
H7993	Objc	H5315	1
H7993	Objc	H5328	1
H7993	Objc	H5688	1
H7993	Objc	H5777	1
H7993	Objc	H5869	1
H7993	Objc	H6297	1
H7993	Objc	H6588	1
H7993	Objc	H7291	1
H7993	Objc	H7998	1
H7993	Objc	H8451	1
H7993	Objc	H8597	1
H7993	Subj	H0120	1
H7993	Subj	H0259	1
H7993	Subj	H0571	1
H7993	Subj	H2491	1
H7993	Subj	H3548	1
H7993	Subj	H4349	1
H7993	Subj	H4720	1
H7993	Subj	H4908	1
H7993	Subj	H7323	1
H7993	Subj	H7991	1
H7999	Cmpl	H0057	1
H7999	Cmpl	H0339	1
H7999	Cmpl	H0376	1
H7999	Cmpl	H0430	1
H7999	Cmpl	H1167	1
H7999	Cmpl	H3427	1
H7999	Cmpl	H3605	1
H7999	Cmpl	H4428	1
H7999	Cmpl	H5945	1
H7999	Cmpl	H6213	1
H7999	Cmpl	H7218	1
H7999	Cmpl	H7453	1
H7999	Cmpl	H7462	1
H7999	Cmpl	H8130	1
H7999	Objc	H0120	1
H7999	Objc	H0341	1
H7999	Objc	H1004	1
H7999	Objc	H1241	1
H7999	Objc	H1500	1
H7999	Objc	H2568	1
H7999	Objc	H2656	1
H7999	Objc	H2706	1
H7999	Objc	H2966	1
H7999	Objc	H3535	1
H7999	Objc	H3701	1
H7999	Objc	H3754	1
H7999	Objc	H3984	1
H7999	Objc	H4397	1
H7999	Objc	H4932	1
H7999	Objc	H5115	1
H7999	Objc	H5386	1
H7999	Objc	H5771	1
H7999	Objc	H6098	1
H7999	Objc	H6499	1
H7999	Objc	H6662	1
H7999	Objc	H6664	1
H7999	Objc	H7451	1
H7999	Objc	H7704	1
H7999	Objc	H7794	1
H7999	Objc	H8141	1
H7999	Objc	H8426	1
H7999	Subj	H0060	1
H7999	Subj	H0413	1
H7999	Subj	H0430	1
H7999	Subj	H0953	1
H7999	Subj	H1167	1
H7999	Subj	H1578	1
H7999	Subj	H2346	1
H7999	Subj	H2416	1
H7999	Subj	H2896	1
H7999	Subj	H3117	1
H7999	Subj	H3427	1
H7999	Subj	H5088	1
H7999	Subj	H6662	1
H7999	Subj	H7462	1
H7999	Subj	H7704	1
H8025	Cmpl	H0990	1
H8025	Subj	H0376	1
H8025	Subj	H5288	1
H8027	Objc	H0776	1
H8027	Objc	H1366	1
H8041	Cmpl	H3605	1
H8045	Cmpl	H0001	1
H8045	Cmpl	H0430	1
H8045	Cmpl	H1004	1
H8045	Cmpl	H1121	1
H8045	Cmpl	H5159	1
H8045	Cmpl	H7130	1
H8045	Objc	H0567	1
H8045	Objc	H0776	1
H8045	Objc	H1167	1
H8045	Objc	H2389	1
H8045	Objc	H2392	1
H8045	Objc	H2400	1
H8045	Objc	H2752	1
H8045	Objc	H2764	1
H8045	Objc	H3064	1
H8045	Objc	H3423	1
H8045	Objc	H3427	1
H8045	Objc	H4467	1
H8045	Objc	H4605	1
H8045	Objc	H5892	1
H8045	Objc	H6529	1
H8045	Objc	H7563	1
H8045	Objc	H8034	1
H8045	Objc	H8082	1
H8045	Objc	H8330	1
H8045	Objc	H8478	1
H8045	Subj	H0205	1
H8045	Subj	H0430	1
H8045	Subj	H0802	1
H8045	Subj	H1116	1
H8045	Subj	H1995	1
H8045	Subj	H3605	1
H8045	Subj	H4334	1
H8045	Subj	H7563	1
H8045	Subj	H8034	1
H8056	Cmpl	H0802	1
H8056	Cmpl	H0970	1
H8056	Cmpl	H1121	1
H8056	Cmpl	H1471	1
H8056	Cmpl	H2282	1
H8056	Cmpl	H2617	1
H8056	Cmpl	H3208	1
H8056	Cmpl	H5797	1
H8056	Cmpl	H5999	1
H8056	Cmpl	H6213	1
H8056	Cmpl	H6365	1
H8056	Cmpl	H6762	1
H8056	Cmpl	H7021	1
H8056	Cmpl	H7462	1
H8056	Cmpl	H7621	1
H8056	Cmpl	H8057	1
H8056	Cmpl	H8130	1
H8056	Objc	H0376	1
H8056	Objc	H0430	1
H8056	Objc	H0802	1
H8056	Objc	H2416	1
H8056	Objc	H3605	1
H8056	Objc	H3824	1
H8056	Objc	H4428	1
H8056	Objc	H4908	1
H8056	Objc	H5315	1
H8056	Objc	H5650	1
H8056	Objc	H5892	1
H8056	Objc	H5945	1
H8056	Objc	H6918	1
H8056	Subj	H0120	1
H8056	Subj	H0216	1
H8056	Subj	H0314	1
H8056	Subj	H0339	1
H8056	Subj	H0517	1
H8056	Subj	H0802	1
H8056	Subj	H1245	1
H8056	Subj	H1265	1
H8056	Subj	H1330	1
H8056	Subj	H2022	1
H8056	Subj	H2623	1
H8056	Subj	H2654	1
H8056	Subj	H3196	1
H8056	Subj	H3205	1
H8056	Subj	H3206	1
H8056	Subj	H3548	1
H8056	Subj	H3974	1
H8056	Subj	H5036	1
H8056	Subj	H5869	1
H8056	Subj	H6389	1
H8056	Subj	H6430	1
H8056	Subj	H6664	1
H8056	Subj	H7004	1
H8056	Subj	H7069	1
H8056	Subj	H7227	1
H8056	Subj	H8081	1
H8056	Subj	H8269	1
H8058	Objc	H3027	1
H8058	Objc	H4874	1
H8058	Subj	H1167	1
H8058	Subj	H3027	1
H8058	Subj	H3605	1
H8058	Subj	H8199	1
H8074	Cmpl	H0310	1
H8074	Cmpl	H2114	1
H8074	Cmpl	H2351	1
H8074	Cmpl	H3027	1
H8074	Cmpl	H3117	1
H8074	Cmpl	H4758	1
H8074	Objc	H1612	1
H8074	Objc	H3477	1
H8074	Objc	H3605	1
H8074	Objc	H4393	1
H8074	Objc	H4720	1
H8074	Objc	H5713	1
H8074	Objc	H5971	1
H8074	Objc	H7227	1
H8074	Objc	H8384	1
H8074	Subj	H0214	1
H8074	Subj	H0314	1
H8074	Subj	H0339	1
H8074	Subj	H0341	1
H8074	Subj	H1004	1
H8074	Subj	H1116	1
H8074	Subj	H1870	1
H8074	Subj	H2022	1
H8074	Subj	H3045	1
H8074	Subj	H3427	1
H8074	Subj	H3548	1
H8074	Subj	H3820	1
H8074	Subj	H4196	1
H8074	Subj	H4546	1
H8074	Subj	H5971	1
H8074	Subj	H6438	1
H8074	Subj	H7227	1
H8080	Objc	H3820	1
H8080	Objc	H5971	1
H8085	Cmpl	H0226	1
H8085	Cmpl	H0341	1
H8085	Cmpl	H0376	1
H8085	Cmpl	H0517	1
H8085	Cmpl	H0759	1
H8085	Cmpl	H0776	1
H8085	Cmpl	H0784	1
H8085	Cmpl	H0802	1
H8085	Cmpl	H1004	1
H8085	Cmpl	H1471	1
H8085	Cmpl	H2266	1
H8085	Cmpl	H2268	1
H8085	Cmpl	H2492	1
H8085	Cmpl	H2706	1
H8085	Cmpl	H2859	1
H8085	Cmpl	H3402	1
H8085	Cmpl	H3427	1
H8085	Cmpl	H3499	1
H8085	Cmpl	H3548	1
H8085	Cmpl	H3786	1
H8085	Cmpl	H4421	1
H8085	Cmpl	H4725	1
H8085	Cmpl	H4941	1
H8085	Cmpl	H5088	1
H8085	Cmpl	H5288	1
H8085	Cmpl	H5612	1
H8085	Cmpl	H6040	1
H8085	Cmpl	H6098	1
H8085	Cmpl	H6163	1
H8085	Cmpl	H6635	1
H8085	Cmpl	H7097	1
H8085	Cmpl	H7223	1
H8085	Cmpl	H7267	1
H8085	Cmpl	H8064	1
H8085	Cmpl	H8198	1
H8085	Cmpl	H8432	1
H8085	Cmpl	H8451	1
H8085	Cmpl	H8467	1
H8085	Objc	H0269	1
H8085	Objc	H0310	1
H8085	Objc	H0604	1
H8085	Objc	H0615	1
H8085	Objc	H0905	1
H8085	Objc	H1065	1
H8085	Objc	H1346	1
H8085	Objc	H1471	1
H8085	Objc	H1696	1
H8085	Objc	H1777	1
H8085	Objc	H1818	1
H8085	Objc	H2158	1
H8085	Objc	H2173	1
H8085	Objc	H2220	1
H8085	Objc	H2389	1
H8085	Objc	H2416	1
H8085	Objc	H2428	1
H8085	Objc	H2470	1
H8085	Objc	H2731	1
H8085	Objc	H2782	1
H8085	Objc	H3027	1
H8085	Objc	H3615	1
H8085	Objc	H3671	1
H8085	Objc	H3956	1
H8085	Objc	H4264	1
H8085	Objc	H4284	1
H8085	Objc	H4294	1
H8085	Objc	H4421	1
H8085	Objc	H4436	1
H8085	Objc	H4467	1
H8085	Objc	H4557	1
H8085	Objc	H4735	1
H8085	Objc	H5007	1
H8085	Objc	H5016	1
H8085	Objc	H5030	1
H8085	Objc	H5088	1
H8085	Objc	H5186	1
H8085	Objc	H5288	1
H8085	Objc	H5483	1
H8085	Objc	H5678	1
H8085	Objc	H6035	1
H8085	Objc	H6041	1
H8085	Objc	H6430	1
H8085	Objc	H6635	1
H8085	Objc	H6643	1
H8085	Objc	H6664	1
H8085	Objc	H6862	1
H8085	Objc	H6918	1
H8085	Objc	H7036	1
H8085	Objc	H7272	1
H8085	Objc	H7323	1
H8085	Objc	H7379	1
H8085	Objc	H7393	1
H8085	Objc	H7440	1
H8085	Objc	H7494	1
H8085	Objc	H7668	1
H8085	Objc	H7723	1
H8085	Objc	H8034	1
H8085	Objc	H8102	1
H8085	Objc	H8193	1
H8085	Objc	H8378	1
H8085	Objc	H8663	1
H8085	Subj	H0505	1
H8085	Subj	H0796	1
H8085	Subj	H0802	1
H8085	Subj	H1065	1
H8085	Subj	H1167	1
H8085	Subj	H1270	1
H8085	Subj	H1368	1
H8085	Subj	H1389	1
H8085	Subj	H1631	1
H8085	Subj	H1882	1
H8085	Subj	H2340	1
H8085	Subj	H2450	1
H8085	Subj	H2795	1
H8085	Subj	H2850	1
H8085	Subj	H2859	1
H8085	Subj	H2983	1
H8085	Subj	H3064	1
H8085	Subj	H3318	1
H8085	Subj	H3571	1
H8085	Subj	H3627	1
H8085	Subj	H3658	1
H8085	Subj	H3671	1
H8085	Subj	H3742	1
H8085	Subj	H3778	1
H8085	Subj	H4026	1
H8085	Subj	H4393	1
H8085	Subj	H4397	1
H8085	Subj	H4436	1
H8085	Subj	H4718	1
H8085	Subj	H5092	1
H8085	Subj	H5387	1
H8085	Subj	H5483	1
H8085	Subj	H5631	1
H8085	Subj	H5680	1
H8085	Subj	H5739	1
H8085	Subj	H6035	1
H8085	Subj	H6496	1
H8085	Subj	H6522	1
H8085	Subj	H6810	1
H8085	Subj	H6862	1
H8085	Subj	H7121	1
H8085	Subj	H7218	1
H8085	Subj	H7326	1
H8085	Subj	H7604	1
H8085	Subj	H7611	1
H8085	Subj	H7701	1
H8085	Subj	H7891	1
H8085	Subj	H8057	1
H8085	Subj	H8179	1
H8085	Subj	H8198	1
H8085	Subj	H8322	1
H8085	Subj	H8449	1
H8104	Cmpl	H0802	1
H8104	Cmpl	H1697	1
H8104	Cmpl	H2436	1
H8104	Cmpl	H2719	1
H8104	Cmpl	H2764	1
H8104	Cmpl	H3336	1
H8104	Cmpl	H3824	1
H8104	Cmpl	H3921	1
H8104	Cmpl	H4256	1
H8104	Cmpl	H4284	1
H8104	Cmpl	H4899	1
H8104	Cmpl	H5061	1
H8104	Cmpl	H5288	1
H8104	Cmpl	H5892	1
H8104	Cmpl	H5971	1
H8104	Cmpl	H6310	1
H8104	Cmpl	H6440	1
H8104	Cmpl	H6883	1
H8104	Cmpl	H7451	1
H8104	Cmpl	H7901	1
H8104	Objc	H0024	1
H8104	Objc	H0251	1
H8104	Objc	H0376	1
H8104	Objc	H0561	1
H8104	Objc	H0727	1
H8104	Objc	H0801	1
H8104	Objc	H1419	1
H8104	Objc	H1847	1
H8104	Objc	H2320	1
H8104	Objc	H2416	1
H8104	Objc	H2691	1
H8104	Objc	H2893	1
H8104	Objc	H3627	1
H8104	Objc	H3899	1
H8104	Objc	H4161	1
H8104	Objc	H4201	1
H8104	Objc	H4209	1
H8104	Objc	H4269	1
H8104	Objc	H4428	1
H8104	Objc	H4639	1
H8104	Objc	H4720	1
H8104	Objc	H4908	1
H8104	Objc	H5207	1
H8104	Objc	H5399	1
H8104	Objc	H5713	1
H8104	Objc	H5769	1
H8104	Objc	H5771	1
H8104	Objc	H5892	1
H8104	Objc	H6086	1
H8104	Objc	H6119	1
H8104	Objc	H6256	1
H8104	Objc	H6530	1
H8104	Objc	H6532	1
H8104	Objc	H6662	1
H8104	Objc	H6664	1
H8104	Objc	H6699	1
H8104	Objc	H7105	1
H8104	Objc	H7133	1
H8104	Objc	H7307	1
H8104	Objc	H7381	1
H8104	Objc	H7620	1
H8104	Objc	H7621	1
H8104	Objc	H8193	1
H8104	Objc	H8535	1
H8104	Subj	H0310	1
H8104	Subj	H0430	1
H8104	Subj	H1755	1
H8104	Subj	H2233	1
H8104	Subj	H3548	1
H8104	Subj	H3605	1
H8104	Subj	H3878	1
H8104	Subj	H4209	1
H8104	Subj	H5003	1
H8104	Subj	H5288	1
H8104	Subj	H5315	1
H8104	Subj	H5693	1
H8104	Subj	H5869	1
H8104	Subj	H5971	1
H8104	Subj	H6486	1
H8104	Subj	H8193	1
H8104	Subj	H8449	1
H8130	Objc	H0205	1
H8130	Objc	H0251	1
H8130	Objc	H0759	1
H8130	Objc	H1344	1
H8130	Objc	H1347	1
H8130	Objc	H1697	1
H8130	Objc	H1790	1
H8130	Objc	H1818	1
H8130	Objc	H1870	1
H8130	Objc	H2320	1
H8130	Objc	H2416	1
H8130	Objc	H2555	1
H8130	Objc	H4150	1
H8130	Objc	H5588	1
H8130	Objc	H5971	1
H8130	Objc	H5999	1
H8130	Objc	H6310	1
H8130	Objc	H6951	1
H8130	Objc	H7489	1
H8130	Objc	H7562	1
H8130	Objc	H7563	1
H8130	Objc	H8419	1
H8130	Objc	H8535	1
H8130	Subj	H0430	1
H8130	Subj	H1818	1
H8130	Subj	H3686	1
H8130	Subj	H3956	1
H8130	Subj	H4209	1
H8130	Subj	H6662	1
H8130	Subj	H7326	1
H8130	Subj	H8267	1
H8138	Cmpl	H0606	1
H8138	Cmpl	H6547	1
H8138	Objc	H1121	1
H8138	Objc	H1777	1
H8138	Objc	H1870	1
H8138	Objc	H1882	1
H8138	Objc	H2166	1
H8138	Objc	H3605	1
H8138	Objc	H3824	1
H8138	Objc	H4161	1
H8138	Objc	H4405	1
H8138	Objc	H4428	1
H8138	Objc	H6040	1
H8138	Objc	H8193	1
H8138	Subj	H0600	1
H8138	Subj	H2472	1
H8138	Subj	H3225	1
H8138	Subj	H5622	1
H8138	Subj	H5731	1
H8138	Subj	H5797	1
H8138	Subj	H5945	1
H8138	Subj	H6440	1
H8138	Subj	H6640	1
H8138	Subj	H6754	1
H8150	Objc	H1300	1
H8150	Objc	H2719	1
H8151	Objc	H4975	1
H8154	Objc	H0214	1
H8154	Objc	H2532	1
H8154	Objc	H3605	1
H8154	Objc	H3627	1
H8154	Subj	H8130	1
H8155	Objc	H4264	1
H8159	Cmpl	H1697	1
H8159	Cmpl	H2706	1
H8159	Cmpl	H3027	1
H8159	Cmpl	H4196	1
H8159	Cmpl	H4639	1
H8159	Cmpl	H6213	1
H8159	Cmpl	H6918	1
H8159	Cmpl	H8267	1
H8159	Subj	H0120	1
H8159	Subj	H5869	1
H8159	Subj	H7200	1
H8172	Cmpl	H0001	1
H8172	Cmpl	H0998	1
H8172	Cmpl	H1004	1
H8172	Cmpl	H1366	1
H8172	Cmpl	H5221	1
H8172	Cmpl	H5483	1
H8172	Cmpl	H6918	1
H8173	Cmpl	H2708	1
H8173	Cmpl	H4687	1
H8173	Objc	H5315	1
H8173	Objc	H5869	1
H8173	Objc	H8451	1
H8173	Subj	H3243	1
H8199	Cmpl	H0001	1
H8199	Cmpl	H0251	1
H8199	Cmpl	H0430	1
H8199	Cmpl	H1004	1
H8199	Cmpl	H1277	1
H8199	Cmpl	H1350	1
H8199	Cmpl	H1616	1
H8199	Cmpl	H1818	1
H8199	Cmpl	H3754	1
H8199	Cmpl	H4941	1
H8199	Cmpl	H5221	1
H8199	Cmpl	H5971	1
H8199	Cmpl	H7130	1
H8199	Cmpl	H7227	1
H8199	Cmpl	H7330	1
H8199	Cmpl	H7453	1
H8199	Objc	H0034	1
H8199	Objc	H1121	1
H8199	Objc	H1419	1
H8199	Objc	H1471	1
H8199	Objc	H1790	1
H8199	Objc	H1818	1
H8199	Objc	H2022	1
H8199	Objc	H3515	1
H8199	Objc	H4725	1
H8199	Objc	H5766	1
H8199	Objc	H5892	1
H8199	Objc	H5997	1
H8199	Objc	H6041	1
H8199	Objc	H6662	1
H8199	Objc	H6666	1
H8199	Objc	H7311	1
H8199	Objc	H7563	1
H8199	Objc	H7965	1
H8199	Subj	H0001	1
H8199	Subj	H0776	1
H8199	Subj	H1121	1
H8199	Subj	H1471	1
H8199	Subj	H2075	1
H8199	Subj	H2220	1
H8199	Subj	H4428	1
H8199	Subj	H5713	1
H8199	Subj	H6553	1
H8199	Subj	H7218	1
H8210	Cmpl	H0168	1
H8210	Cmpl	H0430	1
H8210	Cmpl	H0970	1
H8210	Cmpl	H1320	1
H8210	Cmpl	H1323	1
H8210	Cmpl	H1818	1
H8210	Cmpl	H2930	1
H8210	Cmpl	H3427	1
H8210	Cmpl	H4581	1
H8210	Cmpl	H4725	1
H8210	Cmpl	H5227	1
H8210	Cmpl	H5475	1
H8210	Cmpl	H5650	1
H8210	Cmpl	H5674	1
H8210	Cmpl	H5768	1
H8210	Cmpl	H7218	1
H8210	Cmpl	H8198	1
H8210	Objc	H1121	1
H8210	Objc	H1323	1
H8210	Objc	H2580	1
H8210	Objc	H3820	1
H8210	Objc	H3824	1
H8210	Objc	H4421	1
H8210	Objc	H4839	1
H8210	Objc	H4845	1
H8210	Objc	H5262	1
H8210	Objc	H5678	1
H8210	Objc	H5807	1
H8210	Objc	H6083	1
H8210	Objc	H6499	1
H8210	Objc	H7227	1
H8210	Objc	H7462	1
H8210	Objc	H8469	1
H8210	Subj	H0068	1
H8210	Subj	H0804	1
H8210	Subj	H2077	1
H8210	Subj	H3027	1
H8210	Subj	H3515	1
H8210	Subj	H5178	1
H8210	Subj	H5355	1
H8210	Subj	H6944	1
H8248	Cmpl	H0875	1
H8248	Cmpl	H2091	1
H8248	Cmpl	H3627	1
H8248	Cmpl	H7272	1
H8248	Objc	H0127	1
H8248	Objc	H0251	1
H8248	Objc	H0776	1
H8248	Objc	H0779	1
H8248	Objc	H0972	1
H8248	Objc	H1121	1
H8248	Objc	H1165	1
H8248	Objc	H1588	1
H8248	Objc	H2416	1
H8248	Objc	H3293	1
H8248	Objc	H3563	1
H8248	Objc	H4751	1
H8248	Objc	H5139	1
H8248	Objc	H5158	1
H8248	Objc	H5288	1
H8248	Objc	H5713	1
H8248	Objc	H5739	1
H8248	Objc	H5889	1
H8248	Objc	H5971	1
H8248	Objc	H6086	1
H8248	Objc	H6440	1
H8248	Objc	H6779	1
H8248	Objc	H6822	1
H8248	Objc	H7704	1
H8248	Subj	H4221	1
H8248	Subj	H6106	1
H8252	Cmpl	H3117	1
H8252	Cmpl	H7451	1
H8252	Objc	H7379	1
H8252	Subj	H0376	1
H8252	Subj	H0639	1
H8252	Subj	H0750	1
H8252	Subj	H3605	1
H8252	Subj	H4438	1
H8252	Subj	H4467	1
H8257	Objc	H3956	1
H8257	Objc	H4325	1
H8257	Subj	H0784	1
H8259	Cmpl	H0776	1
H8259	Cmpl	H0822	1
H8259	Cmpl	H3603	1
H8259	Cmpl	H3605	1
H8259	Cmpl	H4264	1
H8259	Cmpl	H4583	1
H8259	Cmpl	H4791	1
H8259	Subj	H0430	1
H8259	Subj	H4428	1
H8259	Subj	H5631	1
H8259	Subj	H6430	1
H8259	Subj	H6664	1
H8259	Subj	H7462	1
H8259	Subj	H8147	1
H8262	Cmpl	H0929	1
H8262	Cmpl	H5775	1
H8262	Cmpl	H8318	1
H8262	Objc	H5038	1
H8262	Objc	H5775	1
H8262	Objc	H6039	1
H8262	Objc	H6041	1
H8264	Cmpl	H5892	1
H8264	Cmpl	H7339	1
H8266	Cmpl	H0530	1
H8266	Cmpl	H1285	1
H8266	Cmpl	H5209	1
H8266	Cmpl	H5220	1
H8266	Subj	H5332	1
H8276	Subj	H1517	1
H8276	Subj	H6343	1
H8277	Subj	H8300	1
H8295	Cmpl	H1320	1
H8295	Objc	H8296	1
H8295	Subj	H3605	1
H8295	Subj	H6006	1
H8313	Cmpl	H0430	1
H8313	Cmpl	H5869	1
H8313	Cmpl	H8316	1
H8313	Objc	H0098	1
H8313	Objc	H0413	1
H8313	Objc	H0759	1
H8313	Objc	H0899	1
H8313	Objc	H0905	1
H8313	Objc	H1116	1
H8313	Objc	H1167	1
H8313	Objc	H1697	1
H8313	Objc	H1818	1
H8313	Objc	H2918	1
H8313	Objc	H3498	1
H8313	Objc	H3548	1
H8313	Objc	H3627	1
H8313	Objc	H4150	1
H8313	Objc	H4186	1
H8313	Objc	H5699	1
H8313	Objc	H5930	1
H8313	Objc	H5971	1
H8313	Objc	H6154	1
H8313	Objc	H6509	1
H8313	Objc	H6593	1
H8313	Objc	H6785	1
H8313	Objc	H7223	1
H8313	Objc	H7998	1
H8313	Objc	H8121	1
H8313	Objc	H8316	1
H8313	Objc	H8359	1
H8313	Subj	H0868	1
H8313	Subj	H0899	1
H8313	Subj	H3605	1
H8313	Subj	H3778	1
H8313	Subj	H5892	1
H8334	Cmpl	H0430	1
H8334	Cmpl	H0727	1
H8334	Cmpl	H1004	1
H8334	Cmpl	H6440	1
H8334	Objc	H0068	1
H8334	Objc	H0251	1
H8334	Objc	H0430	1
H8334	Objc	H6086	1
H8341	Cmpl	H2563	1
H8341	Cmpl	H8184	1
H8341	Objc	H0374	1
H8341	Objc	H6260	1
H8354	Cmpl	H1870	1
H8354	Cmpl	H2077	1
H8354	Cmpl	H2534	1
H8354	Cmpl	H3563	1
H8354	Cmpl	H4306	1
H8354	Cmpl	H4325	1
H8354	Cmpl	H8064	1
H8354	Objc	H0269	1
H8354	Objc	H0352	1
H8354	Objc	H0376	1
H8354	Objc	H0776	1
H8354	Objc	H2114	1
H8354	Objc	H2461	1
H8354	Objc	H2491	1
H8354	Objc	H2534	1
H8354	Objc	H2555	1
H8354	Objc	H2561	1
H8354	Objc	H2563	1
H8354	Objc	H3605	1
H8354	Objc	H3733	1
H8354	Objc	H3933	1
H8354	Objc	H4833	1
H8354	Objc	H4950	1
H8354	Objc	H4952	1
H8354	Objc	H5104	1
H8354	Objc	H5257	1
H8354	Objc	H5387	1
H8354	Objc	H6013	1
H8354	Objc	H6499	1
H8354	Objc	H6907	1
H8354	Objc	H7342	1
H8354	Objc	H8492	1
H8354	Objc	H8653	1
H8354	Subj	H0113	1
H8354	Subj	H0376	1
H8354	Subj	H0776	1
H8354	Subj	H0802	1
H8354	Subj	H0929	1
H8354	Subj	H1165	1
H8354	Subj	H1323	1
H8354	Subj	H3287	1
H8354	Subj	H3548	1
H8354	Subj	H5139	1
H8354	Subj	H5236	1
H8354	Subj	H5650	1
H8354	Subj	H5713	1
H8354	Subj	H7563	1
H8365	Objc	H8605	1
H8376	Objc	H2022	1
H8388	Cmpl	H2022	1
H8388	Cmpl	H4325	1
H8388	Cmpl	H4599	1
H8388	Cmpl	H6828	1
H8388	Cmpl	H7218	1
H8421	Cmpl	H2875	1
H8421	Cmpl	H4428	1
H8421	Cmpl	H7230	1
H8421	Objc	H0424	1
H8421	Objc	H1004	1
H8421	Objc	H1722	1
H8421	Objc	H2940	1
H8421	Objc	H3701	1
H8421	Objc	H3984	1
H8421	Objc	H5406	1
H8421	Objc	H5844	1
H8421	Subj	H1926	1
H8421	Subj	H2122	1
H8446	Cmpl	H3605	1
H8446	Cmpl	H3820	1
H8446	Cmpl	H3824	1
H8446	Cmpl	H4057	1
H8446	Cmpl	H5869	1
H8446	Objc	H2022	1
H8446	Objc	H4496	1
H8446	Objc	H4725	1
H8446	Objc	H4828	1
H8446	Objc	H4829	1
H8446	Subj	H1004	1
H8446	Subj	H6662	1
H8497	Cmpl	H7272	1
H8518	Cmpl	H2346	1
H8518	Cmpl	H3027	1
H8518	Cmpl	H5439	1
H8518	Cmpl	H6160	1
H8518	Cmpl	H8432	1
H8518	Objc	H0001	1
H8518	Objc	H0101	1
H8518	Objc	H0644	1
H8518	Objc	H1004	1
H8518	Objc	H3519	1
H8518	Objc	H3553	1
H8518	Objc	H3658	1
H8518	Objc	H4043	1
H8518	Objc	H4428	1
H8518	Objc	H6996	1
H8518	Objc	H7982	1
H8518	Objc	H8269	1
H8518	Subj	H8147	1
H8518	Subj	H8269	1
H8539	Cmpl	H2656	1
H8539	Subj	H0376	1
H8539	Subj	H5030	1
H8551	Cmpl	H2256	1
H8551	Cmpl	H3027	1
H8551	Cmpl	H4570	1
H8551	Cmpl	H7810	1
H8551	Objc	H0001	1
H8551	Objc	H0804	1
H8551	Objc	H1697	1
H8551	Objc	H3027	1
H8551	Objc	H6239	1
H8551	Objc	H6418	1
H8551	Subj	H0802	1
H8551	Subj	H1777	1
H8551	Subj	H2580	1
H8551	Subj	H3225	1
H8551	Subj	H3709	1
H8551	Subj	H3820	1
H8551	Subj	H4941	1
H8551	Subj	H6184	1
H8551	Subj	H6806	1
H8551	Subj	H7307	1
H8551	Subj	H8217	1
H8552	Cmpl	H1091	1
H8552	Cmpl	H1397	1
H8552	Cmpl	H4264	1
H8552	Cmpl	H5892	1
H8552	Cmpl	H7130	1
H8552	Cmpl	H8549	1
H8552	Objc	H1320	1
H8552	Objc	H1870	1
H8552	Objc	H2664	1
H8552	Objc	H2665	1
H8552	Objc	H2932	1
H8552	Objc	H3701	1
H8552	Subj	H0060	1
H8552	Subj	H1004	1
H8552	Subj	H1065	1
H8552	Subj	H1121	1
H8552	Subj	H2400	1
H8552	Subj	H2458	1
H8552	Subj	H3117	1
H8552	Subj	H3581	1
H8552	Subj	H3899	1
H8552	Subj	H4040	1
H8552	Subj	H4428	1
H8552	Subj	H4465	1
H8552	Subj	H5030	1
H8552	Subj	H5288	1
H8552	Subj	H5771	1
H8552	Subj	H5982	1
H8552	Subj	H6240	1
H8552	Subj	H6249	1
H8552	Subj	H6297	1
H8552	Subj	H6525	1
H8552	Subj	H6529	1
H8552	Subj	H7429	1
H8567	Cmpl	H1323	1
H8567	Cmpl	H1569	1
H8567	Cmpl	H8064	1
H8567	Objc	H0158	1
H8567	Objc	H6520	1
H8581	Objc	H0376	1
H8581	Objc	H0400	1
H8581	Objc	H1818	1
H8581	Objc	H3308	1
H8581	Objc	H3605	1
H8581	Objc	H4713	1
H8581	Objc	H4820	1
H8581	Objc	H5159	1
H8581	Objc	H5766	1
H8581	Objc	H5949	1
H8581	Subj	H1697	1
H8581	Subj	H4428	1
H8581	Subj	H5315	1
H8582	Cmpl	H0001	1
H8582	Cmpl	H0310	1
H8582	Cmpl	H0875	1
H8582	Cmpl	H1004	1
H8582	Cmpl	H5315	1
H8582	Cmpl	H5410	1
H8582	Cmpl	H6350	1
H8582	Cmpl	H8267	1
H8582	Objc	H3427	1
H8582	Subj	H0191	1
H8582	Subj	H0430	1
H8582	Subj	H1004	1
H8582	Subj	H1696	1
H8582	Subj	H1870	1
H8582	Subj	H1980	1
H8582	Subj	H2183	1
H8582	Subj	H3577	1
H8582	Subj	H3605	1
H8582	Subj	H3824	1
H8582	Subj	H3878	1
H8582	Subj	H6438	1
H8582	Subj	H7307	1
H8582	Subj	H7451	1
H8582	Subj	H7626	1
H8582	Subj	H7910	1
H8609	Cmpl	H1539	1
H8609	Objc	H5929	1
H8609	Objc	H8242	1
H8609	Objc	H8384	1
H8610	Cmpl	H0001	1
H8610	Cmpl	H0251	1
H8610	Cmpl	H1004	1
H8610	Cmpl	H2319	1
H8610	Cmpl	H2719	1
H8610	Cmpl	H3027	1
H8610	Cmpl	H3709	1
H8610	Cmpl	H3871	1
H8610	Cmpl	H4421	1
H8610	Cmpl	H4428	1
H8610	Cmpl	H7845	1
H8610	Cmpl	H8008	1
H8610	Cmpl	H8147	1
H8610	Objc	H0430	1
H8610	Objc	H1004	1
H8610	Objc	H1167	1
H8610	Objc	H8034	1
H8610	Objc	H8079	1
H8610	Subj	H0001	1
H8610	Subj	H0376	1
H8610	Subj	H0517	1
H8610	Subj	H0776	1
H8610	Subj	H3548	1
H8610	Subj	H4569	1
H8610	Subj	H4679	1
H8610	Subj	H5030	1
H8610	Subj	H5971	1
H8610	Subj	H8416	1
H8628	Cmpl	H0259	1
H8628	Cmpl	H1419	1
H8628	Cmpl	H2114	1
H8628	Cmpl	H2346	1
H8628	Cmpl	H3027	1
H8628	Cmpl	H3489	1
H8628	Cmpl	H7541	1
H8628	Objc	H1472	1
H8628	Objc	H1538	1
H8628	Objc	H3489	1
H8628	Objc	H8145	1
H8628	Subj	H1121	1
H8628	Subj	H3967	1
H8628	Subj	H7218	1
H8628	Subj	H7782	1
H8628	Subj	H8085	1
H8628	Subj	H8088	1
