# OT-in-NT quotations via LXX Strong's overlap (IDF-weighted); shoresh lxx.build_quotations
# ot_ref is KJV-standard (normalized from LXX via the V1 lxx versification scheme); vrs=lxx? marks a residual merge-Psalm verse not in the single-verse scheme
nt_ref	ot_ref	confidence	vrs	n_shared	score	shared_strongs
MAT 1:1	GEN 25:19	high	kjv	3	0.494	G0011,1078,5207
MAT 1:2	1CH 1:34	high	kjv	4	0.762	G0011,1080,2384,2464
MAT 1:2	LEV 26:42	high	kjv	3	0.6	G0011,2384,2464
MAT 1:2	EXO 4:5	high	kjv	3	0.575	G0011,2384,2464
MAT 1:3	1CH 2:4	high	kjv	4	0.617	G2196,2283,2455,5329
MAT 1:3	1CH 4:1	high	kjv	3	0.601	G2074,2455,5329
MAT 1:3	RUT 4:18	high	kjv	3	0.569	G1080,2074,5329
MAT 1:4	1CH 2:11	high	kjv	3	0.797	G1080,3476,4533
MAT 1:4	1CH 2:10	high	kjv	4	0.75	G0284,0689,1080,3476
MAT 1:4	RUT 4:20	high	kjv	3	0.676	G0284,1080,3476
MAT 1:6	RUT 4:22	high	kjv	3	0.861	G1080,1138,2421
MAT 1:7	1CH 3:10	high	kjv	3	0.68	G0007,4497,4672
MAT 1:7	2SA 14:27	high	kjv	3	0.531	G0007,4497,4672
MAT 1:9	MIC 1:1	high	kjv	3	0.595	G0881,1478,2488
MAT 1:9	HOS 1:1	high	kjv	3	0.574	G0881,1478,2488
MAT 1:9	ISA 1:1	high	kjv	3	0.474	G0881,1478,2488
MAT 1:17	2KI 24:16	med	kjv	3	0.301	G0897,3350,3956
MAT 1:18	DEU 22:27	med	kjv	3	0.32	G1510,2147,3423
MAT 1:18	JOB 32:18	med	kjv	3	0.309	G1064,1510,4151
MAT 1:20	DAN 10:12	med	kjv	4	0.323	G2962,3004,3361,5399
MAT 1:20	GEN 50:19	med	kjv	4	0.313	G1510,2501,3004,5399
MAT 1:21	GEN 38:5	high	kjv	4	0.568	G2564,3686,5088,5207
MAT 1:21	GEN 38:4	high	kjv	4	0.546	G2564,3686,5088,5207
MAT 1:21	JDG 18:29	high	kjv	3	0.527	G2564,3686,5088
MAT 1:22	HAG 1:3	med	kjv	4	0.329	G1096,2962,3004,4396
MAT 1:23	ISA 7:14	high	kjv	8	0.764	G1064,1694,2192,2564,3686,3933,5088,5207
MAT 1:23	GEN 16:11	med	kjv	6	0.394	G1064,2192,2564,3686,5088,5207
MAT 1:23	1CH 7:23	med	kjv	5	0.379	G1064,2564,3686,5088,5207
MAT 1:24	JER 1:12	med	kjv	3	0.37	G1453,2962,4160
MAT 1:25	GEN 38:5	high	kjv	4	0.653	G2564,3686,5088,5207
MAT 1:25	GEN 38:4	high	kjv	4	0.627	G2564,3686,5088,5207
MAT 1:25	JDG 18:29	high	kjv	3	0.605	G2564,3686,5088
MAT 2:1	DAN 2:2	med	kjv	3	0.368	G0935,3097,3854
MAT 2:1	DAN 1:1	med	kjv	4	0.366	G0935,2414,2449,3854
MAT 2:1	1SA 27:6	med	kjv	3	0.325	G0935,2250,2449
MAT 2:2	ISA 47:13	med	kjv	3	0.344	G0792,2064,3708
MAT 2:2	GEN 37:9	med	kjv	4	0.33	G0792,3004,3708,4352
MAT 2:2	DEU 4:19	med	kjv	3	0.307	G0792,3708,4352
MAT 2:6	1CH 11:2	med	kjv	5	0.415	G1510,2233,2474,2992,4165
MAT 2:6	2SA 5:2	med	kjv	5	0.415	G1510,2233,2474,2992,4165
MAT 2:8	JDG 17:9	med	kjv	5	0.396	G0965,2064,2147,3004,4198
MAT 2:8	JDG 17:8	med	kjv	4	0.331	G0965,2064,2147,4198
MAT 2:8	RUT 2:4	med	kjv	3	0.318	G0965,2064,3004
MAT 2:9	JOS 8:11	med	kjv	3	0.353	G0395,2064,4198
MAT 2:9	ISA 47:13	med	kjv	3	0.306	G0792,2064,3708
MAT 2:10	JON 4:6	med	kjv	3	0.439	G3173,5463,5479
MAT 2:11	GEN 43:25	med	kjv	4	0.347	G1435,3614,4352,4374
MAT 2:13	JER 1:12	med	kjv	4	0.312	G1453,2962,3004,3708
MAT 2:13	2CH 22:10	med	kjv	4	0.311	G0622,1453,3384,3708
MAT 2:15	JOS 1:1	med	kjv	4	0.364	G2962,3004,5054,5207
MAT 2:18	JER 31:15	high	kjv	8	0.808	G0191,1510,2309,2805,3602,4471,4478,5456
MAT 2:18	JDG 21:2	med	kjv	3	0.34	G2799,2805,5456
MAT 2:18	2SA 13:36	med	kjv	3	0.334	G2799,2805,5456
MAT 2:19	GEN 50:26	med	kjv	3	0.367	G0125,2501,5053
MAT 2:20	2CH 22:10	med	kjv	3	0.449	G1453,2348,3384
MAT 2:20	EXO 2:8	med	kjv	4	0.375	G3004,3384,3813,4198
MAT 2:20	1MA 6:56	med	kjv	3	0.357	G2212,3880,4198
MAT 2:23	JER 13:13	med	kjv	4	0.345	G2730,3004,4137,4396
MAT 3:3	ISA 40:3	high	kjv	9	0.702	G0994,2048,2090,2117,2962,3598,4160,5147,5456
MAT 3:3	EZK 33:17	med	kjv	4	0.335	G2117,2962,3004,3598
MAT 3:3	2CH 32:20	med	kjv	3	0.329	G0994,2268,4396
MAT 3:4	2KI 1:8	high	kjv	4	0.507	G1193,1510,2223,3751
MAT 3:5	GEN 13:11	med	kjv	3	0.376	G2446,3956,4066
MAT 3:5	EZR 1:3	med	kjv	3	0.359	G2414,2449,3956
MAT 3:9	DAN 10:12	med	kjv	3	0.346	G2316,3004,3361
MAT 3:14	PSA 16:2	med	kjv	3	0.435	G2192,3004,5532
MAT 3:14	SIR 15:12	med	kjv	3	0.351	G2192,3004,5532
MAT 3:14	DAN 3:16	med	kjv	3	0.314	G2192,3004,5532
MAT 3:15	ISA 14:10	med	kjv	3	0.38	G0611,3004,3956
MAT 3:15	JOS 7:20	med	kjv	3	0.362	G0611,2424,3004
MAT 3:15	JOS 1:16	med	kjv	4	0.337	G0611,2424,3004,3956
MAT 3:16	GEN 8:8	med	kjv	3	0.319	G3708,4058,5204
MAT 3:17	GEN 22:16	med	kjv	3	0.42	G0027,3004,5207
MAT 3:17	JDG 20:13	med	kjv	3	0.35	G2106,5207,5456
MAT 4:2	EST 4:16	med	kjv	3	0.355	G2250,3522,3571
MAT 4:3	DEU 5:27	high	kjv	3	0.466	G2316,3004,4334
MAT 4:3	JOS 4:21	med	kjv	4	0.386	G1510,3004,3037,5207
MAT 4:3	DEU 2:37	med	kjv	3	0.373	G2316,4334,5207
MAT 4:4	DEU 8:3	high	kjv	9	0.555	G0444,0740,1607,2198,2316,3441,3956,4487,4750
MAT 4:4	ISA 14:10	med	kjv	3	0.387	G0611,3004,3956
MAT 4:4	1SA 2:23	med	kjv	4	0.355	G3004,3956,4487,4750
MAT 4:6	PSA 91:12	high	kjv	4	0.66	G3037,4228,4350,5495
MAT 4:6	JOB 38:6	med	kjv	3	0.394	G0906,1510,3037
MAT 4:6	EZK 37:20	med	kjv	3	0.361	G1125,1510,5495
MAT 4:7	DEU 6:16	high	kjv	3	0.533	G1598,2316,2962
MAT 4:7	JER 31:33	med	kjv	4	0.327	G1125,2316,2962,5346
MAT 4:8	PSA 113:4	med	kjv	3	0.337	G1391,3956,5308
MAT 4:9	JDT 6:18	high	kjv	3	0.657	G3004,4098,4352
MAT 4:9	2SA 14:4	high	kjv	3	0.574	G3004,4098,4352
MAT 4:9	SIR 50:17	high	kjv	3	0.536	G3956,4098,4352
MAT 4:10	JOS 24:21	high	kjv	4	0.492	G2424,2962,3000,3004
MAT 4:10	JOS 24:24	med	kjv	4	0.416	G2424,2962,3000,3004
MAT 4:10	DEU 6:13	med	kjv	4	0.353	G2316,2962,3000,3441
MAT 4:13	JDT 1:10	med	kjv	3	0.391	G2064,2730,3725
MAT 4:14	ISA 39:3	med	kjv	3	0.387	G2268,3004,4396
MAT 4:14	2KI 20:14	med	kjv	3	0.372	G2268,3004,4396
MAT 4:15	ISA 9:2	high	kjv	8	0.665	G1056,1093,1484,2194,2281,2446,3508,3598
MAT 4:16	ISA 9:3	high	kjv	7	0.507	G2288,2992,3173,3708,4639,5457,5561
MAT 4:16	JOB 28:3	high	kjv	3	0.479	G2288,4639,4653
MAT 4:16	PSA 107:10	med	kjv	3	0.356	G2288,2521,4639
MAT 4:17	1ES 2:2	med	kjv	3	0.358	G0932,2784,3004
MAT 4:18	1MA 5:55	med	kjv	4	0.342	G0080,1056,1510,4613
MAT 4:18	1MA 5:17	med	kjv	4	0.325	G0080,1056,3004,4613
MAT 4:23	2CH 21:19	med	kjv	3	0.327	G2992,3119,3554
MAT 4:23	DEU 7:15	med	kjv	3	0.321	G3119,3554,3956
MAT 4:25	1MA 11:20	med	kjv	3	0.39	G2414,2449,4183
MAT 4:25	ISA 9:2	med	kjv	3	0.308	G1056,2446,2449
MAT 4:25	2CH 17:13	med	kjv	3	0.302	G2414,2449,4183
MAT 5:1	1KI 20:13	high	kjv	3	0.527	G3708,3793,4334
MAT 5:2	EZK 16:63	high	kjv	3	0.464	G0455,3004,4750
MAT 5:2	EXO 4:15	med	kjv	3	0.446	G0455,3004,4750
MAT 5:5	PSA 37:11	high	kjv	3	0.712	G1093,2816,4239
MAT 5:8	PSS 17:44	high	kjv	3	0.457	G2316,3107,3708
MAT 5:15	LEV 24:4	high	kjv	3	0.649	G2545,3087,3088
MAT 5:16	ISA 9:3	med	kjv	3	0.445	G2989,3708,5457
MAT 5:18	GEN 41:53	med	kjv	3	0.318	G1093,1096,3928
MAT 5:18	DEU 10:14	med	kjv	3	0.305	G1093,3772,3956
MAT 5:18	ISA 24:5	med	kjv	3	0.303	G1093,3551,3928
MAT 5:19	DEU 5:31	med	kjv	3	0.323	G1321,1785,4160
MAT 5:19	LEV 4:22	med	kjv	3	0.311	G1520,1785,4160
MAT 5:19	DEU 6:1	med	kjv	3	0.308	G1321,1785,4160
MAT 5:20	DAN 10:12	med	kjv	3	0.401	G1525,3004,3361
MAT 5:21	NUM 35:27	med	kjv	3	0.443	G1510,1777,5407
MAT 5:21	NUM 35:31	med	kjv	3	0.355	G1510,1777,5407
MAT 5:21	NUM 35:12	med	kjv	3	0.336	G1510,2920,5407
MAT 5:22	GEN 45:24	med	kjv	3	0.324	G0080,3004,3710
MAT 5:23	NUM 7:11	high	kjv	3	0.582	G1435,2379,4374
MAT 5:23	NUM 7:10	high	kjv	3	0.569	G1435,2379,4374
MAT 5:23	GEN 43:25	high	kjv	3	0.46	G1435,2192,4374
MAT 5:24	NUM 7:11	med	kjv	3	0.392	G1435,2379,4374
MAT 5:24	NUM 7:10	med	kjv	3	0.384	G1435,2379,4374
MAT 5:28	4MA 2:5	high	kjv	3	0.491	G1135,1937,3004
MAT 5:28	EZK 13:3	med	kjv	3	0.4	G0991,2588,3004
MAT 5:31	DEU 24:1	med	kjv	3	0.364	G0647,1135,1325
MAT 5:31	DEU 23:25	med	kjv	3	0.333	G0647,1135,1325
MAT 5:32	1ES 9:36	med	kjv	3	0.306	G0630,1135,3956
MAT 5:34	BEL 1:24	high	kjv	3	0.471	G1510,3004,3361
MAT 5:34	DAN 10:12	high	kjv	3	0.452	G2316,3004,3361
MAT 5:34	1KI 1:30	med	kjv	4	0.358	G2316,2362,3004,3660
MAT 5:35	PSA 99:5	high	kjv	3	0.639	G1510,4228,5286
MAT 5:35	LAM 2:1	high	kjv	3	0.582	G1093,4228,5286
MAT 5:35	ISA 66:1	high	kjv	3	0.542	G1093,4228,5286
MAT 5:37	ECC 6:11	high	kjv	3	0.569	G1510,3056,4053
MAT 5:37	1MA 9:22	high	kjv	3	0.553	G1510,3056,4053
MAT 5:42	1KI 10:13	med	kjv	4	0.367	G0154,0654,1325,2309
MAT 5:45	GEN 2:5	med	kjv	3	0.401	G0393,1026,1096
MAT 5:45	SIR 26:16	med	kjv	3	0.377	G0018,0393,2246
MAT 5:45	EZK 22:24	med	kjv	3	0.366	G1026,1096,5207
MAT 5:46	ISA 62:11	med	kjv	3	0.43	G2192,3408,4160
MAT 5:48	1KI 15:3	high	kjv	3	0.507	G1510,3962,5046
MAT 5:48	1KI 11:10	med	kjv	3	0.406	G1510,3962,5046
MAT 5:48	1KI 11:4	med	kjv	3	0.378	G1510,3962,5046
MAT 6:3	GEN 24:49	med	kjv	3	0.384	G0710,1188,4160
MAT 6:3	JOB 23:9	med	kjv	3	0.38	G0710,1188,4160
MAT 6:3	DEU 5:32	med	kjv	3	0.371	G0710,1188,4160
MAT 6:4	DEU 24:11	med	kjv	3	0.371	G0591,1510,1654
MAT 6:6	JDG 3:24	med	kjv	3	0.421	G1525,2374,5009
MAT 6:6	EZK 46:12	med	kjv	3	0.321	G0991,2374,2808
MAT 6:9	PSS 8:22	med	kjv	3	0.418	G0037,3686,3962
MAT 6:10	1CH 29:30	med	kjv	3	0.418	G0932,1093,1096
MAT 6:14	EZK 20:27	med	kjv	3	0.378	G0444,3900,3962
MAT 6:15	EZK 20:27	med	kjv	3	0.362	G0444,3900,3962
MAT 6:22	EXO 38:16	med	kjv	3	0.324	G1510,3088,3650
MAT 6:23	DAN 2:22	high	kjv	3	0.529	G4652,4655,5457
MAT 6:23	JER 13:16	med	kjv	3	0.412	G4652,4655,5457
MAT 6:23	AMO 5:18	med	kjv	3	0.408	G1510,4655,5457
MAT 6:24	DEU 21:15	med	kjv	4	0.358	G0025,1417,1520,3404
MAT 6:24	ISA 56:6	med	kjv	4	0.348	G0025,0472,1398,2962
MAT 6:24	GEN 29:30	med	kjv	3	0.343	G0025,1398,2087
MAT 6:25	BEL 1:24	med	kjv	4	0.398	G1510,3004,3361,4095
MAT 6:25	ZEP 1:8	med	kjv	3	0.335	G1510,1742,1746
MAT 6:29	PSA 45:13	high	kjv	3	0.573	G1391,3956,4016
MAT 6:29	1CH 29:25	med	kjv	3	0.427	G1391,3956,4672
MAT 6:30	GEN 2:5	med	kjv	4	0.386	G0068,1510,2316,5528
MAT 6:31	BEL 1:24	high	kjv	3	0.503	G3004,3361,4095
MAT 7:3	GEN 45:12	med	kjv	3	0.313	G0080,0991,3788
MAT 7:7	SNG 5:6	med	kjv	3	0.342	G0455,2147,2212
MAT 7:8	SNG 5:6	med	kjv	3	0.337	G0455,2147,2212
MAT 7:11	NUM 3:9	med	kjv	3	0.342	G1325,1390,1510
MAT 7:11	NUM 14:23	med	kjv	6	0.337	G0018,1325,1492,1510,3962,5043
MAT 7:11	ECC 3:13	med	kjv	3	0.33	G0018,1390,1510
MAT 7:12	1KI 20:35	high	kjv	3	0.596	G0444,2309,4396
MAT 7:12	4MA 18:10	high	kjv	3	0.516	G1510,3551,4396
MAT 7:12	EST 6:6	high	kjv	3	0.511	G0444,2309,4160
MAT 7:13	EZK 46:8	med	kjv	3	0.32	G1525,3598,4439
MAT 7:17	1KI 16:30	med	kjv	3	0.424	G3956,4160,4190
MAT 7:17	2KI 24:19	med	kjv	3	0.424	G3956,4160,4190
MAT 7:17	1KI 16:25	med	kjv	3	0.38	G3956,4160,4190
MAT 7:18	EZK 17:8	med	kjv	3	0.381	G2570,2590,5342
MAT 7:21	1MA 3:60	high	kjv	3	0.72	G2307,3772,4160
MAT 7:21	PSA 16:3	high	kjv	3	0.533	G2307,2962,3956
MAT 7:21	4MA 18:16	high	kjv	4	0.494	G2307,3004,3956,4160
MAT 7:22	PSA 96:5	med	kjv	3	0.362	G1140,2962,4160
MAT 7:22	EZK 30:2	med	kjv	3	0.303	G2250,2962,4395
MAT 7:23	PSA 14:4	med	kjv	3	0.34	G0458,1097,2038
MAT 8:3	SIR 15:16	high	kjv	3	0.459	G1614,2309,5495
MAT 8:3	2KI 6:7	med	kjv	3	0.389	G1614,3004,5495
MAT 8:4	EXO 16:19	med	kjv	3	0.349	G3004,3367,3475
MAT 8:4	NUM 7:11	med	kjv	4	0.347	G1435,3004,3475,4374
MAT 8:4	LEV 22:25	med	kjv	3	0.332	G1166,1435,4374
MAT 8:6	4MA 16:15	med	kjv	3	0.389	G0928,3004,3816
MAT 8:6	1SA 14:42	med	kjv	3	0.376	G0906,2962,3004
MAT 8:8	1MA 2:33	med	kjv	3	0.312	G2425,3004,3056
MAT 8:9	TOB 11:5	med	kjv	4	0.343	G0444,2064,3004,4198
MAT 8:9	1MA 1:13	med	kjv	3	0.341	G1849,4160,4198
MAT 8:9	2KI 6:3	med	kjv	3	0.336	G1401,3004,4198
MAT 8:11	LEV 26:42	med	kjv	3	0.374	G0011,2384,2464
MAT 8:11	GEN 32:9	med	kjv	4	0.359	G0011,2384,2464,3004
MAT 8:11	EXO 4:5	med	kjv	3	0.358	G0011,2384,2464
MAT 8:16	PRO 29:26	med	kjv	3	0.36	G1096,2323,4183
MAT 8:16	PRO 19:6	med	kjv	4	0.35	G1096,2323,3956,4183
MAT 8:16	JDT 13:1	med	kjv	4	0.336	G1096,3798,3956,4183
MAT 8:20	NEH 4:3	med	kjv	3	0.33	G0258,2192,3004
MAT 8:20	1KI 20:10	med	kjv	3	0.301	G0258,3004,5207
MAT 8:21	GEN 15:15	med	kjv	3	0.406	G0565,2290,3962
MAT 8:21	TOB 14:12	med	kjv	3	0.34	G0565,2290,3962
MAT 8:22	GEN 23:8	med	kjv	3	0.399	G2290,3004,3498
MAT 8:22	TOB 2:8	med	kjv	3	0.397	G2290,3004,3498
MAT 8:22	GEN 23:13	med	kjv	3	0.375	G2290,3004,3498
MAT 8:24	ISA 48:18	med	kjv	3	0.34	G1096,2281,2949
MAT 8:25	JER 1:12	high	kjv	3	0.489	G1453,2962,3004
MAT 8:25	JON 1:6	med	kjv	3	0.425	G0622,3004,4334
MAT 8:25	DEU 5:27	med	kjv	3	0.398	G2962,3004,4334
MAT 8:27	SUS 1:54	med	kjv	3	0.376	G1510,3004,4217
MAT 8:27	ISA 65:24	med	kjv	3	0.369	G1510,3004,5219
MAT 8:29	JER 11:12	med	kjv	3	0.374	G2316,2540,2896
MAT 8:29	2SA 19:3	med	kjv	3	0.361	G2896,3004,5207
MAT 8:30	GEN 29:7	med	kjv	3	0.377	G1006,1510,4183
MAT 8:33	1KI 12:16	med	kjv	3	0.398	G0565,1006,3956
MAT 8:33	JOS 8:5	med	kjv	3	0.346	G3956,4172,5343
MAT 9:5	1MA 3:18	med	kjv	3	0.41	G1510,2123,3004
MAT 9:5	PRO 6:22	med	kjv	3	0.358	G1453,1510,4043
MAT 9:6	SIR 10:4	med	kjv	3	0.339	G1093,1453,1849
MAT 9:8	1MA 10:8	med	kjv	3	0.406	G1325,1849,5399
MAT 9:8	1KI 20:13	med	kjv	3	0.349	G1325,3708,3793
MAT 9:9	NUM 22:20	med	kjv	4	0.39	G0190,0444,0450,3004
MAT 9:9	JOS 7:10	med	kjv	3	0.345	G0450,2424,3004
MAT 9:12	PSA 16:2	high	kjv	3	0.527	G2192,3004,5532
MAT 9:12	SIR 15:12	med	kjv	3	0.425	G2192,3004,5532
MAT 9:13	HOS 6:5	med	kjv	3	0.374	G1656,2309,2378
MAT 9:15	NEH 1:4	med	kjv	4	0.345	G1510,2250,3522,3996
MAT 9:17	JOS 9:13	med	kjv	4	0.445	G0779,2537,3631,4486
MAT 9:17	JOS 9:4	med	kjv	3	0.371	G0779,3631,3820
MAT 9:18	1KI 22:14	med	kjv	3	0.363	G2198,2980,3004
MAT 9:18	DEU 5:27	med	kjv	3	0.361	G2980,3004,4334
MAT 9:18	2CH 18:13	med	kjv	3	0.338	G2198,2980,3004
MAT 9:23	1MA 1:29	med	kjv	3	0.336	G0758,2064,3793
MAT 9:27	EXO 32:17	med	kjv	3	0.316	G2424,2896,3004
MAT 9:28	JER 25:8	med	kjv	3	0.388	G2962,3004,4100
MAT 9:28	JOS 4:15	med	kjv	3	0.366	G2424,2962,3004
MAT 9:28	DEU 5:27	med	kjv	4	0.34	G2962,3004,4160,4334
MAT 9:30	TOB 11:6	med	kjv	3	0.304	G0455,3004,3788
MAT 9:35	DEU 7:15	med	kjv	3	0.324	G3119,3554,3956
MAT 9:36	2CH 18:16	med	kjv	5	0.34	G1510,2192,3708,4166,4263
MAT 9:36	EZK 34:5	med	kjv	3	0.301	G1510,4166,4263
MAT 10:1	DEU 7:15	med	kjv	3	0.396	G3119,3554,3956
MAT 10:2	1KI 14:6	med	kjv	3	0.393	G0652,1510,3004
MAT 10:2	1MA 13:53	med	kjv	3	0.348	G1510,2491,4613
MAT 10:2	1MA 16:2	med	kjv	4	0.327	G0080,2491,3004,4613
MAT 10:5	2KI 17:29	med	kjv	3	0.41	G1484,4172,4541
MAT 10:5	DAN 10:12	med	kjv	3	0.355	G1525,3004,3361
MAT 10:5	JOS 7:2	med	kjv	3	0.305	G0649,2424,3004
MAT 10:6	EZK 36:37	med	kjv	3	0.434	G2474,3624,4263
MAT 10:7	1ES 2:2	med	kjv	3	0.44	G0932,2784,3004
MAT 10:7	TOB 11:1	med	kjv	3	0.362	G1448,3004,4198
MAT 10:9	DAN 2:45	med	kjv	3	0.372	G0696,5475,5557
MAT 10:13	2KI 9:19	med	kjv	3	0.316	G1515,1994,2064
MAT 10:15	GEN 14:2	high	kjv	3	0.628	G1116,1510,4670
MAT 10:15	AMO 4:11	high	kjv	3	0.591	G1116,3004,4670
MAT 10:15	GEN 18:20	high	kjv	3	0.588	G1116,3004,4670
MAT 10:21	EXO 21:15	med	kjv	3	0.354	G2288,2289,3962
MAT 10:23	1MA 15:11	med	kjv	3	0.431	G1377,2064,5343
MAT 10:23	ISA 30:16	med	kjv	3	0.386	G1377,3004,5343
MAT 10:23	JOS 9:17	med	kjv	4	0.346	G2064,2474,4172,5207
MAT 10:25	1KI 21:28	med	kjv	3	0.305	G1096,1401,2962
MAT 10:26	LJE 1:22	med	kjv	3	0.338	G1097,1510,5399
MAT 10:26	LJE 1:64	med	kjv	3	0.338	G1097,1510,5399
MAT 10:26	WIS 7:21	med	kjv	3	0.308	G1097,1510,2927
MAT 10:27	JOB 33:8	med	kjv	3	0.344	G0191,3004,3775
MAT 10:27	JER 28:7	med	kjv	3	0.323	G0191,3004,3775
MAT 10:28	4MA 10:4	med	kjv	3	0.332	G1410,4983,5590
MAT 10:30	ISA 7:20	high	kjv	3	0.472	G1510,2359,2776
MAT 10:35	MIC 7:6	high	kjv	5	0.684	G2364,3384,3565,3962,3994
MAT 10:35	RUT 2:11	med	kjv	3	0.412	G3384,3962,3994
MAT 10:35	TOB 11:16	med	kjv	5	0.379	G2064,2364,3384,3565,3962
MAT 10:37	GEN 27:14	high	kjv	3	0.576	G3384,3962,5368
MAT 10:37	LEV 21:2	med	kjv	4	0.397	G2364,3384,3962,5207
MAT 10:37	JER 16:3	med	kjv	4	0.383	G2364,3384,3962,5207
MAT 10:38	1CH 21:24	med	kjv	3	0.357	G0514,1510,2983
MAT 11:4	1SA 20:10	med	kjv	3	0.435	G0518,0611,3004
MAT 11:4	JOS 1:16	med	kjv	4	0.411	G0611,2424,3004,4198
MAT 11:4	JOS 7:20	med	kjv	3	0.379	G0611,2424,3004
MAT 11:5	ISA 42:18	high	kjv	4	0.553	G0191,0308,2974,5185
MAT 11:5	ISA 35:5	med	kjv	3	0.385	G0191,2974,5185
MAT 11:5	ISA 29:18	med	kjv	3	0.315	G0191,2974,5185
MAT 11:10	2KI 14:8	high	kjv	4	0.544	G0032,0649,3708,4383
MAT 11:10	EXO 23:20	med	kjv	4	0.428	G0032,0649,3598,4383
MAT 11:10	JDG 6:22	med	kjv	4	0.389	G0032,1510,3708,4383
MAT 11:11	JOB 25:4	high	kjv	3	0.527	G1084,1135,1510
MAT 11:11	JOB 15:14	med	kjv	3	0.432	G1084,1135,1510
MAT 11:11	JOB 11:2	med	kjv	4	0.41	G1084,1135,1510,3004
MAT 11:13	2CH 18:11	med	kjv	3	0.414	G3956,4395,4396
MAT 11:15	PSA 115:6	high	kjv	3	1.0	G0191,2192,3775
MAT 11:18	1ES 9:51	med	kjv	3	0.36	G2068,2192,4095
MAT 11:22	JER 47:4	high	kjv	3	0.491	G2250,4605,5184
MAT 11:22	JDT 2:28	high	kjv	3	0.452	G1510,4605,5184
MAT 11:23	PSA 139:8	high	kjv	3	0.458	G0086,2597,3772
MAT 11:24	EZK 16:56	med	kjv	3	0.43	G1510,2250,4670
MAT 11:24	GEN 14:22	med	kjv	3	0.42	G1093,3004,4670
MAT 11:25	JOB 15:18	high	kjv	4	0.476	G2928,3004,3962,4680
MAT 11:25	JOB 34:34	med	kjv	3	0.365	G3004,4680,4908
MAT 11:25	ISA 29:14	med	kjv	3	0.344	G2928,4680,4908
MAT 12:2	1MA 2:34	high	kjv	3	0.533	G3004,4160,4521
MAT 12:3	JER 11:6	med	kjv	3	0.421	G0314,3004,4160
MAT 12:3	1SA 17:29	med	kjv	3	0.419	G1138,3004,4160
MAT 12:4	DAN 10:12	med	kjv	3	0.428	G1525,2316,3361
MAT 12:4	1SA 21:5	med	kjv	4	0.419	G0740,1510,2409,4286
MAT 12:4	2CH 4:19	med	kjv	3	0.368	G0740,3624,4286
MAT 12:5	EZK 20:24	med	kjv	3	0.34	G0953,1510,4521
MAT 12:5	2KI 22:8	med	kjv	3	0.335	G0314,2409,3551
MAT 12:7	HOS 6:5	med	kjv	3	0.35	G1656,2309,2378
MAT 12:8	EXO 16:25	high	kjv	3	0.553	G1510,2962,4521
MAT 12:8	LEV 19:30	high	kjv	3	0.549	G1510,2962,4521
MAT 12:8	LEV 26:2	high	kjv	3	0.549	G1510,2962,4521
MAT 12:11	ISA 24:18	med	kjv	3	0.339	G0999,1510,1706
MAT 12:13	2KI 6:7	med	kjv	3	0.385	G1614,3004,5495
MAT 12:13	1KI 20:37	med	kjv	3	0.36	G0243,0444,3004
MAT 12:15	PRO 19:6	med	kjv	3	0.357	G2323,3956,4183
MAT 12:17	ISA 39:3	med	kjv	3	0.387	G2268,3004,4396
MAT 12:17	2KI 20:14	med	kjv	3	0.372	G2268,3004,4396
MAT 12:18	PSS 9:9	med	kjv	3	0.336	G0140,1484,5087
MAT 12:18	ISA 42:1	med	kjv	5	0.314	G1484,2920,3816,4151,5590
MAT 12:19	1SA 12:15	high	kjv	3	0.547	G0191,2051,5456
MAT 12:19	EZR 3:13	high	kjv	3	0.534	G0191,2905,5456
MAT 12:19	1SA 12:14	med	kjv	3	0.445	G0191,2051,5456
MAT 12:20	ISA 42:3	high	kjv	5	0.642	G2563,2920,3043,4570,4937
MAT 12:22	EXO 4:11	high	kjv	3	0.647	G0991,2974,5185
MAT 12:23	2SA 15:22	med	kjv	3	0.406	G3004,3793,3956
MAT 12:23	1KI 9:8	med	kjv	4	0.388	G1510,1839,3004,3956
MAT 12:23	1SA 21:1	med	kjv	3	0.385	G1138,1839,3004
MAT 12:25	ISA 24:10	high	kjv	4	0.45	G2049,3614,3956,4172
MAT 12:25	DEU 3:10	med	kjv	3	0.429	G0932,3956,4172
MAT 12:25	1MA 15:4	med	kjv	3	0.368	G0932,2049,4172
MAT 12:31	PSA 85:2	med	kjv	3	0.368	G0266,0863,3956
MAT 12:31	ISA 33:24	med	kjv	3	0.33	G0266,0863,3004
MAT 12:33	EZK 17:8	med	kjv	3	0.364	G2570,2590,4160
MAT 12:34	ECC 2:15	med	kjv	3	0.447	G2588,2980,4051
MAT 12:34	EXO 4:16	med	kjv	3	0.305	G1510,2980,4750
MAT 12:35	NEH 2:10	med	kjv	3	0.362	G0018,0444,4190
MAT 12:36	2KI 1:7	med	kjv	4	0.408	G2920,2980,3004,3056
MAT 12:36	EXO 20:1	med	kjv	4	0.37	G2980,3004,3056,3956
MAT 12:36	1KI 2:14	med	kjv	3	0.362	G2980,3004,3056
MAT 12:38	2CH 34:15	med	kjv	3	0.333	G0611,1122,3004
MAT 12:39	2CH 18:6	med	kjv	3	0.36	G1934,3004,4396
MAT 12:39	DAN 10:12	med	kjv	3	0.305	G1325,3004,3361
MAT 12:40	JON 1:17	high	kjv	7	0.765	G1510,2250,2495,2785,2836,3571,5140
MAT 12:40	JON 2:1	high	kjv	3	0.707	G2495,2785,2836
MAT 12:40	JON 3:3	med	kjv	4	0.369	G1510,2250,2495,5140
MAT 12:42	2CH 9:3	high	kjv	4	0.458	G0938,3708,4672,4678
MAT 12:42	JER 48:21	med	kjv	3	0.331	G1093,2064,2920
MAT 12:42	1KI 10:4	med	kjv	3	0.326	G0938,3708,4672
MAT 12:43	ISA 41:12	med	kjv	3	0.426	G0444,2147,2212
MAT 12:43	PSA 103:16	med	kjv	3	0.375	G1330,4151,5117
MAT 12:43	PSA 37:36	med	kjv	3	0.366	G2147,2212,5117
MAT 12:45	JOB 23:8	med	kjv	4	0.449	G1510,2078,4198,4413
MAT 12:45	DAN 11:29	med	kjv	4	0.434	G1510,1525,2078,4413
MAT 12:45	DEU 17:7	med	kjv	4	0.374	G1510,2078,4190,4413
MAT 12:47	1MA 13:28	high	kjv	3	0.461	G0080,2476,3384
MAT 12:47	JDG 9:1	med	kjv	4	0.379	G0080,2980,3004,3384
MAT 12:48	JER 23:35	high	kjv	3	0.577	G0080,0611,3004
MAT 12:48	4MA 16:5	high	kjv	3	0.542	G1510,3004,3384
MAT 12:48	1KI 3:27	high	kjv	3	0.505	G0611,3004,3384
MAT 12:49	2KI 6:7	high	kjv	3	0.508	G1614,3004,5495
MAT 12:49	EZK 2:9	high	kjv	3	0.459	G1614,3708,5495
MAT 12:49	JER 1:9	med	kjv	3	0.424	G1614,3004,5495
MAT 12:50	1MA 3:60	high	kjv	4	0.679	G1510,2307,3772,4160
MAT 12:50	GEN 20:12	high	kjv	4	0.6	G0079,1510,3384,3962
MAT 12:50	JOB 17:14	high	kjv	4	0.526	G0079,1510,3384,3962
MAT 13:1	LEV 14:38	med	kjv	3	0.358	G1831,2250,3614
MAT 13:2	EZK 27:29	med	kjv	3	0.318	G2476,3956,4143
MAT 13:3	NUM 24:23	med	kjv	3	0.425	G3004,3708,3850
MAT 13:3	ECC 1:17	med	kjv	3	0.423	G3708,3850,4183
MAT 13:3	JER 38:8	med	kjv	3	0.423	G1831,2980,3004
MAT 13:4	1KI 18:7	med	kjv	3	0.324	G2064,3598,4098
MAT 13:8	PSA 67:6	high	kjv	3	0.484	G1093,1325,2590
MAT 13:8	PSA 85:12	med	kjv	3	0.407	G1093,1325,2590
MAT 13:8	NEH 9:36	med	kjv	3	0.382	G1093,1325,2590
MAT 13:9	PSA 115:6	high	kjv	3	1.0	G0191,2192,3775
MAT 13:10	DEU 5:27	high	kjv	3	0.57	G2980,3004,4334
MAT 13:10	EZK 12:23	high	kjv	3	0.458	G2980,3004,3850
MAT 13:10	2SA 23:3	med	kjv	3	0.428	G2980,3004,3850
MAT 13:11	ZEC 4:5	med	kjv	3	0.391	G0611,1097,3004
MAT 13:11	1ES 6:12	med	kjv	3	0.342	G0611,3004,3772
MAT 13:12	1MA 3:30	high	kjv	3	0.527	G1325,2192,4052
MAT 13:12	NUM 7:9	med	kjv	3	0.44	G0142,1325,2192
MAT 13:13	ISA 6:9	high	kjv	3	0.553	G0191,0991,4920
MAT 13:14	ISA 6:9	high	kjv	6	0.545	G0189,0191,0991,3004,3708,4920
MAT 13:14	JOB 42:5	med	kjv	3	0.312	G0189,0191,3708
MAT 13:14	2KI 20:16	med	kjv	3	0.302	G0191,2268,3004
MAT 13:15	ISA 6:10	high	kjv	9	0.696	G0191,1994,2390,2588,2992,3708,3775,3788,3975
MAT 13:15	ISA 33:15	med	kjv	5	0.431	G0191,2576,3708,3775,3788
MAT 13:15	JOB 13:1	med	kjv	4	0.428	G0191,3708,3775,3788
MAT 13:16	JER 5:21	high	kjv	4	0.65	G0191,0991,3775,3788
MAT 13:16	DEU 29:3	high	kjv	4	0.646	G0191,0991,3775,3788
MAT 13:16	JOB 13:1	high	kjv	3	0.611	G0191,3775,3788
MAT 13:17	2SA 14:24	med	kjv	3	0.384	G0991,3004,3708
MAT 13:17	ISA 6:9	med	kjv	4	0.367	G0191,0991,3004,3708
MAT 13:19	PSA 50:22	med	kjv	3	0.384	G0726,1510,4920
MAT 13:23	DEU 29:8	med	kjv	3	0.357	G3056,4160,4920
MAT 13:23	JER 22:29	med	kjv	3	0.339	G0191,1093,3056
MAT 13:23	HOS 2:23	med	kjv	3	0.324	G1093,1510,4687
MAT 13:24	JER 31:27	med	kjv	3	0.307	G0444,4687,4690
MAT 13:25	JER 31:27	med	kjv	3	0.329	G0444,2064,4687
MAT 13:26	GEN 1:11	high	kjv	4	0.522	G0985,2590,4160,5528
MAT 13:26	GEN 1:12	med	kjv	3	0.301	G2590,4160,5528
MAT 13:27	JER 31:27	med	kjv	3	0.335	G2962,4687,4690
MAT 13:27	1KI 20:28	med	kjv	4	0.326	G2962,3004,4334,4674
MAT 13:27	GEN 47:23	med	kjv	3	0.318	G3004,4687,4690
MAT 13:28	EST 6:6	med	kjv	4	0.374	G0444,2309,3004,4160
MAT 13:28	EST 6:7	med	kjv	3	0.341	G0444,2309,3004
MAT 13:31	EZK 20:49	med	kjv	3	0.352	G1510,3004,3850
MAT 13:32	PSA 104:12	med	kjv	3	0.347	G2681,3772,4071
MAT 13:32	DEU 25:13	med	kjv	3	0.33	G1510,3173,3398
MAT 13:32	EZK 31:6	med	kjv	4	0.327	G2798,3772,3956,4071
MAT 13:34	EZK 12:23	med	kjv	3	0.359	G2980,3850,3956
MAT 13:35	PSA 78:2	med	kjv	3	0.314	G0455,3850,4750
MAT 13:36	1KI 20:13	med	kjv	3	0.344	G3004,3793,4334
MAT 13:36	JER 32:15	med	kjv	3	0.321	G0068,3004,3614
MAT 13:37	JER 31:27	high	kjv	3	0.484	G0444,4687,4690
MAT 13:37	DEU 1:14	high	kjv	3	0.483	G0611,2570,3004
MAT 13:37	GEN 47:23	med	kjv	3	0.409	G3004,4687,4690
MAT 13:38	NUM 13:19	med	kjv	3	0.425	G1510,2570,4190
MAT 13:38	JOB 5:25	med	kjv	3	0.405	G0068,1510,4690
MAT 13:38	2KI 11:1	med	kjv	3	0.352	G0932,4690,5207
MAT 13:39	EXO 23:16	med	kjv	3	0.39	G2326,4687,4930
MAT 13:40	LEV 20:14	med	kjv	3	0.395	G1510,2618,4442
MAT 13:41	EXO 16:17	med	kjv	3	0.445	G4160,4816,5207
MAT 13:41	JOB 8:4	med	kjv	3	0.353	G0458,0649,5207
MAT 13:41	2KI 14:8	med	kjv	3	0.331	G0032,0649,5207
MAT 13:42	4MA 16:21	med	kjv	3	0.37	G0906,2575,4442
MAT 13:43	PSA 115:6	high	kjv	3	0.523	G0191,2192,3775
MAT 13:44	ISA 24:2	med	kjv	3	0.322	G0059,1510,4453
MAT 13:47	EZK 26:5	high	kjv	3	0.495	G1510,2281,4522
MAT 13:47	SIR 13:16	med	kjv	4	0.419	G1085,3664,3956,4863
MAT 13:49	ISA 52:11	med	kjv	3	0.353	G0873,1831,3319
MAT 13:49	ISA 30:4	med	kjv	3	0.342	G0032,1510,4190
MAT 13:50	4MA 16:21	med	kjv	3	0.37	G0906,2575,4442
MAT 13:55	GEN 44:14	med	kjv	4	0.374	G0080,1510,2455,2501
MAT 13:55	1MA 9:19	med	kjv	3	0.35	G0080,2455,4613
MAT 13:57	BEL 1:24	med	kjv	3	0.326	G1510,3004,3361
MAT 14:2	1MA 13:53	med	kjv	3	0.333	G1411,1510,2491
MAT 14:6	2SA 6:16	med	kjv	3	0.44	G1096,2364,3738
MAT 14:6	1CH 15:29	med	kjv	3	0.371	G1096,2364,3738
MAT 14:15	GEN 44:25	med	kjv	3	0.364	G0059,1033,3004
MAT 14:16	PSA 16:2	high	kjv	3	0.629	G2192,3004,5532
MAT 14:16	SIR 15:12	high	kjv	3	0.507	G2192,3004,5532
MAT 14:21	2KI 6:28	med	kjv	3	0.389	G1135,1510,2068
MAT 14:24	2MA 11:5	med	kjv	3	0.339	G0568,1510,4712
MAT 14:25	JOB 38:16	med	kjv	3	0.424	G2064,2281,4043
MAT 14:26	ISA 8:12	med	kjv	4	0.324	G1510,3004,5015,5401
MAT 14:27	DAN 10:12	med	kjv	3	0.442	G3004,3361,5399
MAT 14:27	BEL 1:24	med	kjv	3	0.408	G1510,3004,3361
MAT 14:27	JOS 20:1	med	kjv	3	0.39	G2424,2980,3004
MAT 14:29	PSA 107:23	med	kjv	3	0.398	G2597,4143,5204
MAT 14:29	JOS 11:7	med	kjv	3	0.312	G2064,2424,5204
MAT 14:30	HAB 1:2	med	kjv	3	0.345	G2896,2962,4982
MAT 14:31	EXO 4:4	high	kjv	4	0.682	G1614,1949,3004,5495
MAT 14:31	2SA 15:5	high	kjv	3	0.549	G1614,1949,5495
MAT 14:31	NUM 14:30	high	kjv	3	0.53	G1614,2424,5495
MAT 14:33	JDT 6:18	med	kjv	3	0.381	G2316,3004,4352
MAT 14:35	2CH 16:4	med	kjv	3	0.384	G0649,3956,4066
MAT 14:35	3MA 7:4	med	kjv	3	0.322	G2192,3956,4374
MAT 15:1	JOS 1:10	high	kjv	3	0.633	G1122,2424,3004
MAT 15:1	JOS 14:6	med	kjv	3	0.429	G2424,3004,4334
MAT 15:3	2KI 18:36	high	kjv	3	0.457	G0611,1785,3004
MAT 15:3	4MA 16:24	med	kjv	3	0.362	G1785,2316,3845
MAT 15:4	EXO 21:17	high	kjv	5	0.871	G2288,2551,3384,3962,5053
MAT 15:4	EXO 22:28	high	kjv	3	0.546	G2316,2551,3004
MAT 15:4	LEV 21:11	med	kjv	3	0.403	G3384,3962,5053
MAT 15:8	ISA 29:13	high	kjv	5	0.552	G0568,2588,2992,5091,5491
MAT 15:9	ISA 29:13	high	kjv	5	0.761	G0444,1319,1321,1778,4576
MAT 15:10	ISA 6:9	med	kjv	3	0.342	G0191,3004,4920
MAT 15:12	JOB 32:10	high	kjv	3	0.479	G0191,1492,3004
MAT 15:12	DEU 5:27	med	kjv	3	0.43	G0191,3004,4334
MAT 15:13	ISA 14:10	med	kjv	3	0.311	G0611,3004,3956
MAT 15:15	1SA 10:12	med	kjv	3	0.382	G0611,3004,3850
MAT 15:19	HOS 4:2	high	kjv	3	0.552	G2829,3430,5408
MAT 15:20	GEN 16:12	high	kjv	3	0.577	G0444,1510,5495
MAT 15:20	LEV 21:19	high	kjv	3	0.485	G0444,1510,5495
MAT 15:22	PSA 86:3	high	kjv	3	0.496	G1653,2896,2962
MAT 15:22	1SA 25:44	med	kjv	4	0.433	G1135,1138,2364,5207
MAT 15:22	GEN 38:2	med	kjv	3	0.397	G2364,3708,5478
MAT 15:23	JER 36:17	med	kjv	3	0.424	G2065,3004,3056
MAT 15:24	NUM 17:27	med	kjv	3	0.306	G0622,2474,3004
MAT 15:26	DEU 1:14	high	kjv	3	0.452	G0611,2570,3004
MAT 15:26	SNG 2:10	med	kjv	3	0.37	G0611,2570,3004
MAT 15:26	1SA 14:42	med	kjv	3	0.368	G0906,1510,3004
MAT 15:27	2SA 9:11	high	kjv	4	0.554	G2068,2962,3004,5132
MAT 15:27	EZK 39:20	high	kjv	3	0.453	G2962,3004,5132
MAT 15:27	2SA 9:7	med	kjv	3	0.449	G2068,3004,5132
MAT 15:28	JOS 7:20	med	kjv	3	0.33	G0611,2424,3004
MAT 15:28	2CH 31:15	med	kjv	3	0.321	G2424,3173,4102
MAT 15:28	JER 15:18	med	kjv	3	0.311	G1096,2390,4102
MAT 15:29	EXO 24:13	med	kjv	3	0.315	G0305,2424,3735
MAT 15:29	EXO 24:15	med	kjv	3	0.305	G0305,2424,3735
MAT 15:29	JDG 11:16	med	kjv	3	0.304	G0305,2064,2281
MAT 15:30	JOB 29:15	high	kjv	3	0.54	G4228,5185,5560
MAT 15:30	LEV 21:18	high	kjv	3	0.489	G4334,5185,5560
MAT 15:30	ISA 43:8	med	kjv	3	0.442	G2192,2974,5185
MAT 15:31	EXO 4:11	high	kjv	4	0.482	G0991,2316,2974,5185
MAT 15:31	LEV 19:14	med	kjv	3	0.372	G2316,2974,5185
MAT 15:31	DEU 15:21	med	kjv	3	0.37	G2316,5185,5560
MAT 15:34	NUM 27:18	med	kjv	3	0.361	G2192,2424,3004
MAT 15:38	2KI 6:28	med	kjv	3	0.369	G1135,1510,2068
MAT 16:5	ISA 36:17	med	kjv	3	0.424	G0740,2064,2983
MAT 16:13	JOS 4:21	med	kjv	4	0.42	G1510,2065,3004,5207
MAT 16:13	JDG 4:20	med	kjv	4	0.368	G1510,2064,2065,3004
MAT 16:13	JER 23:33	med	kjv	3	0.342	G1510,2065,3004
MAT 16:16	2SA 19:20	med	kjv	4	0.408	G0611,3004,5207,5547
MAT 16:16	2SA 1:16	med	kjv	3	0.355	G0611,3004,5547
MAT 16:16	1SA 26:16	med	kjv	4	0.335	G1510,2198,5207,5547
MAT 16:17	LEV 17:14	med	kjv	4	0.351	G0129,1510,3004,4561
MAT 16:17	JOS 7:20	med	kjv	3	0.34	G0611,2424,3004
MAT 16:17	LEV 17:11	med	kjv	3	0.335	G0129,1510,4561
MAT 16:19	JDG 3:25	med	kjv	3	0.327	G1093,1510,2807
MAT 16:19	ISA 22:22	med	kjv	3	0.308	G1325,1510,2807
MAT 16:19	PSA 115:16	med	kjv	3	0.303	G1093,1325,3772
MAT 16:21	NEH 12:26	med	kjv	3	0.356	G1122,2250,2424
MAT 16:22	BEL 1:24	med	kjv	3	0.323	G1510,3004,3361
MAT 16:22	NUM 14:20	med	kjv	4	0.305	G1510,2436,2962,3004
MAT 16:22	DAN 10:12	med	kjv	3	0.301	G2962,3004,3361
MAT 16:27	TOB 11:5	med	kjv	4	0.346	G0444,2064,3962,5207
MAT 16:27	JOB 34:11	med	kjv	3	0.34	G0444,0591,1538
MAT 16:28	BEL 1:24	med	kjv	3	0.397	G1510,3004,3361
MAT 16:28	JON 3:7	med	kjv	3	0.303	G0444,1089,3004
MAT 17:1	1MA 9:38	med	kjv	3	0.373	G0080,2491,3735
MAT 17:1	GEN 31:23	med	kjv	4	0.327	G0080,2250,3735,3880
MAT 17:2	WIS 5:6	high	kjv	3	0.529	G2246,2989,5457
MAT 17:3	EXO 34:35	high	kjv	3	0.476	G3475,3708,4814
MAT 17:4	DEU 1:14	med	kjv	4	0.329	G0611,2570,3004,4160
MAT 17:4	JOS 7:20	med	kjv	5	0.32	G0611,2424,2962,3004,4160
MAT 17:6	NUM 16:4	high	kjv	3	0.724	G0191,4098,4383
MAT 17:6	TOB 12:16	high	kjv	3	0.632	G4098,4383,5399
MAT 17:6	DAN 10:9	high	kjv	3	0.493	G0191,4098,4383
MAT 17:7	DAN 10:12	high	kjv	3	0.468	G3004,3361,5399
MAT 17:7	JOS 14:6	med	kjv	3	0.305	G2424,3004,4334
MAT 17:9	PSA 88:4	med	kjv	3	0.38	G0444,2597,3498
MAT 17:9	JOS 6:10	med	kjv	4	0.32	G1781,2424,3004,3367
MAT 17:9	JOS 4:17	med	kjv	3	0.307	G1781,2424,3004
MAT 17:10	1SA 10:22	med	kjv	3	0.344	G1905,2064,3004
MAT 17:11	ISA 14:10	high	kjv	3	0.507	G0611,3004,3956
MAT 17:11	TOB 5:1	med	kjv	3	0.343	G0611,3004,3956
MAT 17:12	1MA 13:14	med	kjv	3	0.329	G1921,3004,3195
MAT 17:12	EST 6:6	med	kjv	4	0.319	G0444,2309,3004,4160
MAT 17:15	2MA 11:10	med	kjv	3	0.422	G1653,2192,2962
MAT 17:15	1KI 18:38	med	kjv	4	0.366	G2962,4098,4442,5204
MAT 17:17	1KI 18:17	med	kjv	3	0.359	G1294,1510,3004
MAT 17:17	JOS 7:20	med	kjv	3	0.302	G0611,2424,3004
MAT 17:19	JOS 14:6	med	kjv	3	0.361	G2424,3004,4334
MAT 17:20	JOB 10:13	med	kjv	3	0.403	G0101,2192,3762
MAT 17:22	JOS 2:24	med	kjv	4	0.428	G2424,3004,3860,5495
MAT 17:22	JOS 10:8	med	kjv	4	0.338	G2424,3004,3860,5495
MAT 17:24	1ES 8:65	high	kjv	3	0.458	G3004,4334,5055
MAT 17:25	JOB 20:7	med	kjv	3	0.396	G1380,3004,5056
MAT 17:25	1MA 15:33	med	kjv	5	0.345	G0245,1093,2983,3004,4613
MAT 18:1	JOS 14:6	med	kjv	3	0.363	G2424,3004,4334
MAT 18:1	1ES 8:62	med	kjv	3	0.36	G1510,2424,5610
MAT 18:1	JOS 11:6	med	kjv	3	0.346	G2424,3004,5610
MAT 18:3	DAN 10:12	med	kjv	3	0.433	G1525,3004,3361
MAT 18:3	1KI 2:15	med	kjv	4	0.396	G0932,1096,3004,4762
MAT 18:4	SIR 3:18	med	kjv	3	0.433	G1510,3173,5013
MAT 18:5	1SA 1:2	med	kjv	3	0.438	G1520,3686,3813
MAT 18:8	JOB 29:15	med	kjv	3	0.36	G1510,4228,5560
MAT 18:8	2SA 9:13	med	kjv	3	0.313	G1510,4228,5560
MAT 18:10	2SA 14:24	med	kjv	4	0.412	G0991,3004,3708,4383
MAT 18:10	JDG 13:20	med	kjv	4	0.395	G0032,0991,3772,4383
MAT 18:10	2KI 14:8	med	kjv	4	0.365	G0032,3004,3708,4383
MAT 18:12	PSA 119:176	med	kjv	3	0.404	G2212,4105,4263
MAT 18:12	ISA 53:6	med	kjv	3	0.403	G0444,4105,4263
MAT 18:12	GEN 37:15	med	kjv	3	0.403	G0444,2212,4105
MAT 18:13	GEN 37:15	med	kjv	3	0.336	G2147,3004,4105
MAT 18:14	1MA 3:60	high	kjv	3	0.651	G1510,2307,3772
MAT 18:14	GEN 42:32	med	kjv	4	0.357	G1510,1520,3398,3962
MAT 18:16	DEU 17:6	med	kjv	3	0.369	G1520,3144,5140
MAT 18:16	DEU 19:15	med	kjv	7	0.336	G1520,2476,3144,3956,4487,4750,5140
MAT 18:16	DAN 6:20	med	kjv	3	0.309	G2476,3880,4750
MAT 18:18	EXO 3:5	med	kjv	4	0.419	G1093,1510,3004,3089
MAT 18:18	DEU 10:14	med	kjv	3	0.411	G1093,1510,3772
MAT 18:19	ECC 3:1	med	kjv	3	0.36	G3772,3956,4229
MAT 18:19	DEU 10:14	med	kjv	3	0.302	G1093,3772,3956
MAT 18:21	LEV 19:22	med	kjv	3	0.432	G0264,0863,2962
MAT 18:21	SIR 5:4	med	kjv	3	0.329	G0264,2962,3004
MAT 18:21	TOB 11:1	med	kjv	3	0.314	G0080,0863,3004
MAT 18:23	EST 5:3	high	kjv	3	0.459	G0932,0935,2309
MAT 18:23	EST 6:7	med	kjv	3	0.406	G0444,0935,2309
MAT 18:23	EST 6:6	med	kjv	3	0.392	G0444,0935,2309
MAT 18:25	ISA 13:16	med	kjv	3	0.357	G1135,2192,5043
MAT 18:26	2SA 9:6	med	kjv	4	0.428	G1401,3004,4098,4352
MAT 18:26	JDT 6:18	med	kjv	3	0.394	G3004,4098,4352
MAT 18:26	2SA 14:22	med	kjv	4	0.373	G1401,3004,4098,4352
MAT 18:32	PSA 90:13	high	kjv	3	0.498	G1401,2962,3870
MAT 18:32	PSA 135:14	high	kjv	3	0.453	G1401,2962,3870
MAT 18:32	1KI 16:30	med	kjv	3	0.356	G2962,3956,4190
MAT 18:34	JDG 2:14	high	kjv	4	0.493	G0591,2962,3710,3860
MAT 18:35	TOB 11:1	med	kjv	3	0.316	G0080,0863,3962
MAT 19:1	JOS 19:33	med	kjv	3	0.307	G1096,2446,3725
MAT 19:3	1ES 9:36	high	kjv	3	0.459	G0630,1135,3956
MAT 19:3	3MA 7:7	med	kjv	3	0.403	G0156,0630,3956
MAT 19:3	DEU 5:27	med	kjv	3	0.356	G3004,3956,4334
MAT 19:4	GEN 1:27	high	kjv	3	0.504	G0730,2338,4160
MAT 19:4	1ES 6:12	med	kjv	3	0.415	G0611,2936,3004
MAT 19:4	GEN 5:2	med	kjv	3	0.413	G0730,2338,4160
MAT 19:5	GEN 2:24	high	kjv	8	0.661	G0444,1135,1510,1520,2641,3384,3962,4561
MAT 19:5	4MA 16:5	high	kjv	4	0.489	G1135,1510,3004,3384
MAT 19:5	EZK 23:2	high	kjv	5	0.471	G0444,1135,1510,1520,3384
MAT 19:7	ISA 50:1	high	kjv	3	0.496	G0647,0975,3004
MAT 19:7	DEU 24:1	high	kjv	3	0.471	G0647,0975,1325
MAT 19:7	DEU 23:25	med	kjv	3	0.431	G0647,0975,1325
MAT 19:11	EXO 20:1	med	kjv	3	0.327	G3004,3056,3956
MAT 19:12	GEN 13:6	med	kjv	3	0.447	G1410,1510,5562
MAT 19:12	2KI 20:18	med	kjv	3	0.384	G1080,1510,2135
MAT 19:12	2KI 24:12	med	kjv	3	0.344	G0932,2135,3384
MAT 19:13	LEV 7:30	med	kjv	3	0.432	G2007,4374,5495
MAT 19:13	NUM 5:25	med	kjv	3	0.373	G2007,4374,5495
MAT 19:14	BEL 1:24	med	kjv	3	0.373	G1510,3004,3361
MAT 19:14	NUM 11:28	med	kjv	3	0.329	G2424,2967,3004
MAT 19:16	JOB 10:22	med	kjv	3	0.305	G0166,2222,3708
MAT 19:16	ECC 3:12	med	kjv	3	0.301	G0018,2222,4160
MAT 19:17	PSA 34:12	med	kjv	4	0.443	G0018,1510,2222,2309
MAT 19:17	2SA 15:26	med	kjv	4	0.416	G0018,1510,2309,3004
MAT 19:17	JOS 4:21	med	kjv	3	0.364	G1510,2065,3004
MAT 19:19	EXO 20:12	med	kjv	3	0.372	G3384,3962,5091
MAT 19:19	1ES 4:25	med	kjv	3	0.355	G0025,3384,3962
MAT 19:19	DEU 5:16	med	kjv	3	0.351	G3384,3962,5091
MAT 19:20	1ES 3:4	med	kjv	3	0.311	G3004,3495,5442
MAT 19:21	PSA 73:25	med	kjv	3	0.339	G2309,3772,5225
MAT 19:22	NEH 5:6	med	kjv	3	0.427	G0191,3056,3076
MAT 19:22	1MA 10:22	med	kjv	3	0.413	G0191,3056,3076
MAT 19:22	2SA 13:21	med	kjv	4	0.314	G0191,1510,3056,3076
MAT 19:23	2SA 12:1	med	kjv	3	0.383	G1525,3004,4145
MAT 19:24	1MA 3:18	med	kjv	4	0.371	G1510,2123,2316,3004
MAT 19:26	SIR 42:12	high	kjv	3	0.516	G0444,1689,3956
MAT 19:26	ISA 17:7	med	kjv	3	0.42	G0444,1510,1689
MAT 19:26	SIR 51:7	med	kjv	3	0.416	G0444,1510,1689
MAT 19:27	ISA 14:10	med	kjv	3	0.36	G0611,3004,3956
MAT 19:28	SIR 40:3	med	kjv	3	0.381	G1391,2362,2521
MAT 19:28	GEN 49:16	med	kjv	3	0.372	G2474,2919,5443
MAT 19:28	PSA 9:4	med	kjv	3	0.37	G2362,2523,2919
MAT 19:29	GEN 20:12	med	kjv	3	0.388	G0079,3384,3962
MAT 19:29	PRO 4:13	med	kjv	3	0.364	G0863,1699,2222
MAT 19:29	JOB 17:14	med	kjv	3	0.34	G0079,3384,3962
MAT 19:30	JOB 8:7	high	kjv	3	0.713	G1510,2078,4413
MAT 19:30	JOB 23:8	high	kjv	3	0.713	G1510,2078,4413
MAT 19:30	DAN 11:29	high	kjv	3	0.656	G1510,2078,4413
MAT 20:4	JOB 35:7	med	kjv	3	0.343	G1325,1342,1510
MAT 20:6	1KI 20:37	med	kjv	3	0.32	G0243,2147,3004
MAT 20:13	1KI 2:22	med	kjv	3	0.328	G0611,2083,3004
MAT 20:15	2SA 15:26	high	kjv	5	0.733	G0018,1510,2309,3788,4160
MAT 20:15	2KI 17:2	high	kjv	4	0.515	G1510,3788,4160,4190
MAT 20:15	2KI 23:32	high	kjv	3	0.487	G3788,4160,4190
MAT 20:16	JOB 8:7	high	kjv	3	0.791	G1510,2078,4413
MAT 20:16	JOB 23:8	high	kjv	3	0.791	G1510,2078,4413
MAT 20:16	DAN 11:29	high	kjv	3	0.728	G1510,2078,4413
MAT 20:17	1ES 4:43	med	kjv	3	0.323	G2414,3004,3880
MAT 20:17	2KI 3:8	med	kjv	3	0.321	G0305,3004,3598
MAT 20:20	1KI 2:13	med	kjv	3	0.377	G3384,4352,5207
MAT 20:20	1KI 2:22	med	kjv	3	0.341	G0154,3384,5207
MAT 20:21	ZEC 4:3	high	kjv	3	0.557	G1188,1520,2176
MAT 20:21	2CH 3:17	med	kjv	3	0.428	G1188,1520,2176
MAT 20:21	EXO 14:29	med	kjv	3	0.428	G1188,2176,5207
MAT 20:22	JER 49:12	high	kjv	3	0.482	G3004,4095,4221
MAT 20:22	JER 25:28	med	kjv	3	0.379	G3004,4095,4221
MAT 20:22	JER 35:5	med	kjv	3	0.336	G3004,4095,4221
MAT 20:23	JER 49:12	high	kjv	4	0.484	G1510,3004,4095,4221
MAT 20:23	JER 25:28	med	kjv	4	0.38	G1510,3004,4095,4221
MAT 20:23	JER 35:5	med	kjv	4	0.358	G1325,3004,4095,4221
MAT 20:28	EXO 21:30	high	kjv	3	0.662	G1325,3083,5590
MAT 20:28	EXO 30:12	high	kjv	4	0.51	G1325,3083,5207,5590
MAT 20:28	NUM 3:48	high	kjv	3	0.499	G1325,3083,5207
MAT 20:30	PSA 86:3	med	kjv	3	0.418	G1653,2896,2962
MAT 20:30	EXO 32:17	med	kjv	4	0.369	G0191,2424,2896,3004
MAT 20:30	PSA 129:8	med	kjv	3	0.331	G2962,3004,3855
MAT 20:31	PSA 86:3	med	kjv	3	0.443	G1653,2896,2962
MAT 20:31	2SA 19:3	med	kjv	4	0.342	G2896,3004,3173,5207
MAT 20:31	ZEC 3:2	med	kjv	3	0.32	G2008,2962,3004
MAT 20:32	1ES 9:10	med	kjv	3	0.441	G3004,4160,5455
MAT 20:32	ECC 8:3	med	kjv	3	0.423	G2309,2476,4160
MAT 20:32	2SA 15:26	med	kjv	3	0.388	G2309,3004,4160
MAT 20:33	TOB 11:6	high	kjv	3	0.679	G0455,3004,3788
MAT 20:33	2CH 6:40	high	kjv	3	0.579	G0455,2962,3788
MAT 20:33	2KI 6:20	high	kjv	4	0.471	G0455,2962,3004,3788
MAT 21:1	JOS 11:21	med	kjv	3	0.349	G2064,2424,3735
MAT 21:2	1KI 2:40	med	kjv	3	0.329	G0071,3688,4198
MAT 21:3	2MA 2:15	high	kjv	3	0.584	G0649,2192,5532
MAT 21:3	PSA 16:2	high	kjv	4	0.478	G2192,2962,3004,5532
MAT 21:3	SIR 15:12	med	kjv	3	0.373	G2192,3004,5532
MAT 21:4	HAG 1:3	med	kjv	3	0.332	G1096,3004,4396
MAT 21:4	JER 13:13	med	kjv	3	0.306	G3004,4137,4396
MAT 21:5	ZEC 9:9	high	kjv	8	0.739	G0935,1910,2064,2364,4239,4454,4622,5268
MAT 21:5	1KI 13:13	high	kjv	4	0.479	G1910,3004,3688,5207
MAT 21:5	JDG 10:4	med	kjv	3	0.398	G1910,4454,5207
MAT 21:6	JOS 11:15	high	kjv	3	0.498	G2424,4160,4929
MAT 21:7	GEN 44:13	med	kjv	3	0.4	G2007,2440,3688
MAT 21:9	PSA 118:26	med	kjv	4	0.362	G2064,2127,2962,3686
MAT 21:9	PSA 82:6	med	kjv	3	0.315	G3004,5207,5310
MAT 21:9	PSA 103:1	med	kjv	4	0.305	G1138,2127,2962,3686
MAT 21:10	2SA 16:15	high	kjv	3	0.473	G1525,2414,3956
MAT 21:10	PSS 17:14	med	kjv	3	0.404	G2414,3956,4172
MAT 21:11	1KI 20:13	med	kjv	3	0.413	G3004,3793,4396
MAT 21:13	JER 7:11	high	kjv	4	0.652	G3004,3027,3624,4693
MAT 21:14	LEV 21:18	high	kjv	3	0.655	G4334,5185,5560
MAT 21:15	2CH 34:20	med	kjv	4	0.359	G1122,3004,3816,5207
MAT 21:15	JDG 18:24	med	kjv	3	0.319	G2896,3004,4160
MAT 21:16	PSA 8:2	high	kjv	5	0.772	G0136,2337,2675,3516,4750
MAT 21:16	1SA 22:19	med	kjv	3	0.377	G2337,3516,4750
MAT 21:20	JOB 41:10	high	kjv	3	0.606	G2296,3004,3708
MAT 21:20	JDT 10:7	med	kjv	3	0.346	G2296,3004,3708
MAT 21:20	ISA 14:16	med	kjv	3	0.345	G2296,3004,3708
MAT 21:23	1ES 9:49	high	kjv	3	0.457	G0749,1321,3004
MAT 21:23	1MA 10:32	med	kjv	3	0.395	G0749,1325,1849
MAT 21:23	2MA 14:13	med	kjv	3	0.371	G0749,1325,2411
MAT 21:24	JER 36:17	med	kjv	3	0.367	G2065,3004,3056
MAT 21:24	JOS 7:20	med	kjv	4	0.354	G0611,2424,3004,4160
MAT 21:24	JOS 1:16	med	kjv	4	0.311	G0611,2424,3004,4160
MAT 21:26	1MA 9:36	high	kjv	3	0.478	G2192,2491,3956
MAT 21:26	1KI 20:13	med	kjv	3	0.376	G3004,3793,4396
MAT 21:27	JOS 7:20	high	kjv	4	0.466	G0611,2424,3004,4160
MAT 21:27	JOS 1:16	med	kjv	4	0.409	G0611,2424,3004,4160
MAT 21:28	DAN 6:7	med	kjv	3	0.363	G0444,3004,4334
MAT 21:29	JDG 19:28	high	kjv	3	0.528	G0565,0611,3004
MAT 21:29	GEN 23:5	high	kjv	3	0.509	G0611,2962,3004
MAT 21:29	ZEC 6:4	high	kjv	3	0.484	G0611,2962,3004
MAT 21:31	4MA 18:16	med	kjv	3	0.346	G2307,3004,4160
MAT 21:32	EXO 13:17	med	kjv	3	0.324	G3338,3598,3708
MAT 21:33	ISA 5:2	high	kjv	5	0.463	G3736,4060,4444,5418,5452
MAT 21:33	GEN 9:20	med	kjv	4	0.43	G0290,0444,1092,5452
MAT 21:36	1KI 20:9	high	kjv	4	0.497	G0649,1401,4160,4413
MAT 21:36	1MA 11:27	high	kjv	3	0.454	G0243,4160,4413
MAT 21:38	JDG 18:7	med	kjv	4	0.316	G1510,2192,2818,3708
MAT 21:41	LEV 26:4	med	kjv	3	0.317	G0591,2540,2590
MAT 21:41	1KI 21:6	med	kjv	3	0.304	G0243,0290,3004
MAT 21:42	PSA 118:22	high	kjv	6	0.717	G0593,1096,1137,2776,3037,3618
MAT 21:42	PSA 118:23	med	kjv	5	0.447	G1096,1510,2298,2962,3788
MAT 21:42	JOS 3:5	med	kjv	4	0.33	G2298,2424,2962,3004
MAT 21:43	PSA 67:6	high	kjv	3	0.499	G1325,2316,2590
MAT 21:43	PSA 115:2	med	kjv	3	0.404	G1484,2316,3004
MAT 21:43	1SA 14:7	med	kjv	3	0.375	G0142,3004,4160
MAT 21:45	DAN 12:8	med	kjv	3	0.404	G0191,3004,3850
MAT 22:1	1SA 10:12	high	kjv	3	0.619	G0611,3004,3850
MAT 22:1	JOS 7:20	high	kjv	3	0.537	G0611,2424,3004
MAT 22:1	JOS 1:16	high	kjv	3	0.472	G0611,2424,3004
MAT 22:2	EST 2:18	med	kjv	4	0.412	G0932,0935,1062,4160
MAT 22:2	EZK 31:2	med	kjv	4	0.403	G0444,0935,3666,5207
MAT 22:3	2SA 14:29	med	kjv	3	0.429	G0649,2064,2309
MAT 22:3	1SA 3:10	med	kjv	3	0.355	G1401,2064,2564
MAT 22:4	BEL 1:37	med	kjv	3	0.396	G0649,0712,3004
MAT 22:8	4MA 17:8	med	kjv	3	0.335	G0514,1510,3004
MAT 22:11	ZEP 1:8	med	kjv	3	0.351	G0935,1742,1746
MAT 22:12	DAN 10:12	med	kjv	3	0.335	G1525,3004,3361
MAT 22:13	EXO 21:24	med	kjv	3	0.371	G3599,4228,5495
MAT 22:13	EST 6:5	med	kjv	3	0.321	G0935,1249,3004
MAT 22:13	EST 6:3	med	kjv	3	0.304	G0935,1249,3004
MAT 22:14	SIR 20:12	med	kjv	3	0.416	G1510,3641,4183
MAT 22:16	WIS 12:13	med	kjv	3	0.325	G1510,2316,3199
MAT 22:16	PRO 22:21	med	kjv	3	0.312	G0225,0227,1321
MAT 22:23	BEL 1:24	med	kjv	3	0.396	G1510,3004,3361
MAT 22:23	DAN 10:12	med	kjv	3	0.387	G2250,3004,3361
MAT 22:23	ZEC 4:4	med	kjv	3	0.309	G1510,1905,3004
MAT 22:24	GEN 38:8	high	kjv	6	0.522	G0080,0450,1135,1918,3004,4690
MAT 22:24	1CH 2:30	med	kjv	3	0.359	G0599,2192,5043
MAT 22:24	1CH 2:32	med	kjv	3	0.359	G0599,2192,5043
MAT 22:27	SIR 25:24	med	kjv	3	0.345	G0599,1135,3956
MAT 22:29	DAN 10:12	med	kjv	3	0.369	G2316,3004,3361
MAT 22:29	JOS 7:20	med	kjv	4	0.351	G0611,2316,2424,3004
MAT 22:32	EXO 4:5	high	kjv	4	0.591	G0011,2316,2384,2464
MAT 22:32	LEV 26:42	high	kjv	3	0.58	G0011,2384,2464
MAT 22:32	EXO 6:3	high	kjv	5	0.577	G0011,1510,2316,2384,2464
MAT 22:37	DEU 6:5	high	kjv	6	0.659	G0025,2316,2588,2962,3650,5590
MAT 22:37	DEU 30:6	high	kjv	6	0.588	G0025,2316,2588,2962,3650,5590
MAT 22:37	JOS 22:5	high	kjv	6	0.5	G0025,1271,2316,2962,3650,5590
MAT 22:38	DAN 10:4	med	kjv	3	0.391	G1510,3173,4413
MAT 22:42	1SA 24:6	high	kjv	4	0.473	G1138,1510,3004,5547
MAT 22:42	1SA 26:9	high	kjv	3	0.461	G1138,3004,5547
MAT 22:42	2SA 1:16	med	kjv	3	0.437	G1138,3004,5547
MAT 22:43	HOS 2:16	high	kjv	3	0.476	G2564,2962,3004
MAT 22:43	1KI 1:28	high	kjv	3	0.457	G1138,2564,3004
MAT 22:43	1SA 3:4	med	kjv	3	0.423	G2564,2962,3004
MAT 22:44	PSA 110:1	high	kjv	7	0.692	G1188,2190,2521,2962,3004,4228,5087
MAT 22:44	PSA 38:16	high	kjv	3	0.453	G2190,3004,4228
MAT 22:44	2CH 18:18	med	kjv	4	0.363	G1188,2521,2962,3004
MAT 22:45	HOS 2:16	high	kjv	3	0.565	G1510,2564,2962
MAT 22:46	1SA 14:37	med	kjv	3	0.421	G0611,1905,2250
MAT 22:46	DAN 2:10	med	kjv	4	0.381	G0611,1410,1905,3762
MAT 22:46	1CH 10:13	med	kjv	3	0.334	G0611,1905,3056
MAT 23:3	1ES 4:11	med	kjv	3	0.347	G2041,4160,5083
MAT 23:5	2MA 3:36	med	kjv	3	0.436	G2041,2300,3956
MAT 23:5	NUM 15:39	med	kjv	3	0.314	G2899,3956,4160
MAT 23:15	NUM 15:29	med	kjv	4	0.351	G1520,4160,4339,5207
MAT 23:15	PSA 95:5	med	kjv	3	0.35	G2281,3584,4160
MAT 23:22	PSA 47:8	high	kjv	3	0.577	G2316,2362,2521
MAT 23:22	2CH 18:18	high	kjv	3	0.469	G2362,2521,3772
MAT 23:22	1KI 22:19	high	kjv	4	0.461	G2316,2362,2521,3772
MAT 23:30	SIR 6:10	med	kjv	3	0.437	G1510,2250,2844
MAT 23:30	PRO 28:24	med	kjv	3	0.426	G1510,2844,3962
MAT 23:30	ZEC 1:5	med	kjv	3	0.364	G1510,3962,4396
MAT 23:31	2CH 28:10	high	kjv	3	0.459	G1510,3140,5207
MAT 23:35	ISA 8:2	med	kjv	3	0.396	G0914,2197,5207
MAT 23:35	2SA 20:14	med	kjv	3	0.371	G0006,2064,3956
MAT 23:35	ZEC 1:1	med	kjv	3	0.35	G0914,2197,5207
MAT 23:37	1KI 18:20	med	kjv	3	0.402	G0649,1996,4396
MAT 23:39	PSA 118:26	high	kjv	4	0.508	G2064,2127,2962,3686
MAT 23:39	DAN 10:12	high	kjv	3	0.471	G2962,3004,3361
MAT 23:39	1SA 23:21	med	kjv	3	0.403	G2127,2962,3004
MAT 24:2	ISA 14:10	med	kjv	3	0.346	G0611,3004,3956
MAT 24:3	1KI 20:28	med	kjv	4	0.302	G3004,3735,4334,4674
MAT 24:4	JOS 7:20	high	kjv	3	0.487	G0611,2424,3004
MAT 24:4	JOS 1:16	med	kjv	3	0.428	G0611,2424,3004
MAT 24:5	1SA 24:6	med	kjv	3	0.359	G1510,3004,5547
MAT 24:6	JOB 42:5	med	kjv	3	0.323	G0189,0191,3708
MAT 24:9	2CH 15:6	med	kjv	3	0.353	G1484,2347,3956
MAT 24:14	1ES 2:2	med	kjv	3	0.36	G0932,2784,3650
MAT 24:14	ISA 14:26	med	kjv	4	0.344	G1484,3625,3650,3956
MAT 24:15	DAN 11:31	med	kjv	4	0.365	G0040,0946,2050,2476
MAT 24:19	JDG 13:7	med	kjv	3	0.367	G1064,2192,2250
MAT 24:23	1SA 16:6	high	kjv	3	0.459	G3004,3708,5547
MAT 24:23	EXO 4:1	med	kjv	3	0.31	G3004,3708,4100
MAT 24:24	DEU 6:22	med	kjv	4	0.433	G1325,3173,4592,5059
MAT 24:24	DEU 29:2	med	kjv	3	0.39	G3173,4592,5059
MAT 24:24	NEH 9:10	med	kjv	3	0.341	G1325,4592,5059
MAT 24:26	JDG 3:24	med	kjv	4	0.429	G1831,3004,3708,5009
MAT 24:26	BEL 1:24	med	kjv	3	0.387	G1510,3004,3361
MAT 24:27	ISA 45:6	med	kjv	3	0.389	G0395,1424,1510
MAT 24:27	ISA 43:5	med	kjv	3	0.339	G0395,1424,1510
MAT 24:29	ISA 13:10	high	kjv	6	0.622	G0792,1325,2246,3772,4582,4654
MAT 24:29	JOL 3:15	high	kjv	4	0.599	G0792,2246,4582,5338
MAT 24:29	ECC 12:2	high	kjv	4	0.556	G0792,2246,4582,4654
MAT 24:30	PSA 68:34	med	kjv	3	0.439	G1391,1411,3507
MAT 24:30	NUM 10:27	med	kjv	3	0.391	G1411,5207,5443
MAT 24:30	ZEC 12:12	med	kjv	3	0.383	G1093,2875,5443
MAT 24:31	JER 49:35	med	kjv	4	0.431	G0206,0417,3772,5064
MAT 24:31	ZEC 6:5	med	kjv	4	0.419	G0032,0417,3772,5064
MAT 24:31	ZEC 2:6	med	kjv	3	0.415	G0417,3772,5064
MAT 24:32	GEN 3:7	med	kjv	3	0.432	G1097,4808,5444
MAT 24:33	BEL 1:35	high	kjv	3	0.47	G1097,1510,3708
MAT 24:33	1SA 23:23	med	kjv	4	0.446	G1097,1510,3708,3956
MAT 24:33	1KI 8:60	med	kjv	3	0.429	G1097,1510,3956
MAT 24:37	GEN 9:19	med	kjv	3	0.378	G1510,3575,5207
MAT 24:38	GEN 7:7	high	kjv	4	0.657	G1525,2627,2787,3575
MAT 24:38	4MA 15:31	high	kjv	3	0.49	G2627,2787,3575
MAT 24:38	GEN 7:6	high	kjv	3	0.461	G1510,2627,3575
MAT 24:40	1ES 4:7	med	kjv	3	0.424	G0863,1510,1520
MAT 24:44	PRO 14:12	med	kjv	3	0.39	G0444,1380,2064
MAT 24:46	PSS 18:6	high	kjv	4	0.53	G2064,2962,3107,4160
MAT 24:46	1SA 29:8	high	kjv	5	0.509	G1401,2064,2147,2962,4160
MAT 24:46	NEH 2:19	med	kjv	3	0.441	G1401,2064,4160
MAT 24:47	GEN 39:5	high	kjv	3	0.508	G2525,3956,5225
MAT 24:48	GEN 32:4	med	kjv	3	0.397	G2962,3004,5549
MAT 24:50	EZK 39:8	high	kjv	4	0.457	G1097,2240,2250,2962
MAT 24:50	1SA 28:2	med	kjv	3	0.353	G1097,1401,2250
MAT 25:4	NUM 4:9	med	kjv	3	0.323	G0030,1637,2983
MAT 25:6	1SA 9:14	med	kjv	3	0.412	G0529,1831,3319
MAT 25:6	1MA 9:39	med	kjv	3	0.365	G1831,3566,3708
MAT 25:6	1SA 4:1	med	kjv	3	0.358	G0529,1096,1831
MAT 25:12	1SA 29:9	high	kjv	3	0.551	G0611,1492,3004
MAT 25:15	2CH 25:9	high	kjv	3	0.47	G1325,1411,5007
MAT 25:15	DEU 16:17	med	kjv	3	0.398	G1325,1411,1538
MAT 25:18	GEN 42:33	med	kjv	5	0.339	G0565,1093,1520,2962,2983
MAT 25:19	JER 17:15	high	kjv	3	0.481	G2064,2962,3056
MAT 25:19	PSA 119:41	med	kjv	3	0.395	G2064,2962,3056
MAT 25:19	1MA 7:11	med	kjv	3	0.395	G2064,3056,4183
MAT 25:20	1ES 4:52	high	kjv	3	0.47	G0243,4374,5007
MAT 25:20	1KI 3:24	med	kjv	3	0.359	G2983,3004,4374
MAT 25:20	EXO 8:6	med	kjv	3	0.353	G0243,2962,3004
MAT 25:21	1CH 17:26	med	kjv	4	0.35	G0018,1401,1510,2962
MAT 25:21	SIR 20:12	med	kjv	3	0.311	G1510,3641,4183
MAT 25:21	SIR 30:16	med	kjv	3	0.31	G0018,1510,5479
MAT 25:22	EXO 8:6	med	kjv	3	0.398	G0243,2962,3004
MAT 25:22	DEU 5:27	med	kjv	3	0.361	G2962,3004,4334
MAT 25:22	NUM 23:13	med	kjv	3	0.322	G0243,3004,3708
MAT 25:23	1CH 17:26	med	kjv	4	0.35	G0018,1401,1510,2962
MAT 25:23	SIR 20:12	med	kjv	3	0.311	G1510,3641,4183
MAT 25:23	SIR 30:16	med	kjv	3	0.31	G0018,1510,5479
MAT 25:24	DAN 6:7	med	kjv	3	0.351	G0444,3004,4334
MAT 25:24	EZK 28:25	med	kjv	4	0.35	G1287,2962,3004,4863
MAT 25:24	JER 9:23	med	kjv	4	0.347	G0444,1510,2325,4863
MAT 25:26	EZK 28:25	med	kjv	4	0.361	G1287,2962,3004,4863
MAT 25:26	DEU 30:3	med	kjv	3	0.338	G1287,2962,4863
MAT 25:26	RUT 2:6	med	kjv	3	0.323	G0611,2325,3004
MAT 25:28	NUM 7:9	high	kjv	3	0.503	G0142,1325,2192
MAT 25:29	1MA 3:30	med	kjv	3	0.39	G1325,2192,4052
MAT 25:29	NUM 7:9	med	kjv	3	0.325	G0142,1325,2192
MAT 25:31	PRO 20:8	high	kjv	3	0.469	G2362,2523,3956
MAT 25:31	1CH 28:5	med	kjv	4	0.429	G2362,2523,3956,5207
MAT 25:31	PSA 132:12	med	kjv	3	0.398	G2362,2523,5207
MAT 25:32	LEV 20:26	med	kjv	3	0.447	G0873,1484,3956
MAT 25:32	GEN 29:8	med	kjv	4	0.406	G3956,4166,4263,4863
MAT 25:33	2KI 11:11	high	kjv	3	0.458	G1188,2176,2476
MAT 25:33	1KI 22:19	med	kjv	3	0.387	G1188,2176,2476
MAT 25:33	2CH 3:17	med	kjv	3	0.384	G1188,2176,2476
MAT 25:35	JOB 22:7	high	kjv	3	0.727	G1372,3983,4222
MAT 25:35	PRO 25:21	high	kjv	3	0.614	G1372,3983,4222
MAT 25:35	PRO 28:15	med	kjv	3	0.348	G1372,1510,3983
MAT 25:37	JOB 22:7	high	kjv	3	0.688	G1372,3983,4222
MAT 25:37	PRO 25:21	high	kjv	3	0.581	G1372,3983,4222
MAT 25:37	ISA 65:13	med	kjv	4	0.406	G1372,2962,3004,3983
MAT 25:38	ISA 58:7	med	kjv	3	0.385	G1131,3708,4016
MAT 25:40	JER 23:35	med	kjv	3	0.352	G0080,0611,3004
MAT 25:40	1SA 26:22	med	kjv	4	0.312	G0611,0935,1520,3004
MAT 25:40	JDG 18:14	med	kjv	4	0.31	G0080,0611,3004,4160
MAT 25:42	JOB 22:7	high	kjv	3	0.915	G1372,3983,4222
MAT 25:42	PRO 25:21	high	kjv	3	0.773	G1372,3983,4222
MAT 25:44	ISA 65:13	med	kjv	4	0.352	G1372,2962,3004,3983
MAT 25:45	TOB 5:1	high	kjv	3	0.593	G0611,3004,4160
MAT 25:45	1SA 26:22	high	kjv	3	0.528	G0611,1520,3004
MAT 25:45	DEU 1:14	high	kjv	3	0.516	G0611,3004,4160
MAT 26:1	EZK 6:1	med	kjv	3	0.444	G1096,3004,3056
MAT 26:1	EZK 7:1	med	kjv	3	0.444	G1096,3004,3056
MAT 26:2	NUM 9:10	med	kjv	4	0.341	G0444,1096,3957,5207
MAT 26:2	2KI 23:22	med	kjv	3	0.332	G1096,2250,3957
MAT 26:3	1MA 10:69	med	kjv	3	0.406	G0749,3004,4863
MAT 26:9	PRO 28:27	med	kjv	3	0.38	G1325,4183,4434
MAT 26:10	SIR 39:16	med	kjv	3	0.341	G2041,2570,3004
MAT 26:13	1ES 2:2	med	kjv	3	0.325	G2784,3004,3650
MAT 26:14	2KI 6:3	med	kjv	3	0.438	G1520,3004,4198
MAT 26:15	1ES 8:61	med	kjv	3	0.438	G0694,2476,3860
MAT 26:15	JOB 28:15	med	kjv	3	0.406	G0694,1325,2476
MAT 26:15	GEN 39:8	med	kjv	3	0.373	G1325,2309,3004
MAT 26:17	EZK 45:21	high	kjv	3	0.456	G0106,3957,4413
MAT 26:19	1ES 1:6	high	kjv	3	0.456	G2090,3957,4160
MAT 26:22	JON 4:4	high	kjv	3	0.511	G2962,3004,3076
MAT 26:23	1SA 14:37	high	kjv	3	0.452	G0611,3860,5495
MAT 26:23	1SA 14:12	med	kjv	4	0.411	G0611,3004,3860,5495
MAT 26:23	1SA 23:4	med	kjv	4	0.395	G0611,3004,3860,5495
MAT 26:25	1MA 13:8	high	kjv	4	0.487	G0611,1510,2455,3004
MAT 26:25	1SA 14:12	high	kjv	3	0.462	G0611,3004,3860
MAT 26:25	ZEC 6:4	high	kjv	3	0.45	G0611,1510,3004
MAT 26:26	1KI 13:15	med	kjv	3	0.438	G0740,2068,3004
MAT 26:26	JOS 14:13	med	kjv	3	0.373	G1325,2127,2424
MAT 26:26	1KI 13:22	med	kjv	4	0.329	G0740,2068,3004,4983
MAT 26:27	JER 49:12	high	kjv	3	0.569	G3004,4095,4221
MAT 26:27	JER 25:28	med	kjv	3	0.447	G3004,4095,4221
MAT 26:27	JER 35:5	med	kjv	4	0.437	G1325,3004,4095,4221
MAT 26:28	LAM 4:13	med	kjv	3	0.435	G0129,0266,1632
MAT 26:28	2KI 21:16	med	kjv	4	0.404	G0129,0266,1632,4183
MAT 26:29	BEL 1:24	high	kjv	3	0.455	G3004,3361,4095
MAT 26:29	DAN 10:12	med	kjv	3	0.369	G2250,3004,3361
MAT 26:30	NEH 8:15	med	kjv	3	0.375	G1636,1831,3735
MAT 26:31	JER 23:1	med	kjv	3	0.376	G1287,4166,4263
MAT 26:33	ISA 14:10	med	kjv	3	0.381	G0611,3004,3956
MAT 26:38	PSA 42:5	high	kjv	3	0.466	G1510,4036,5590
MAT 26:38	PSA 42:11	high	kjv	3	0.466	G1510,4036,5590
MAT 26:38	PSA 43:5	high	kjv	3	0.466	G1510,4036,5590
MAT 26:39	JER 49:12	med	kjv	3	0.313	G1510,3004,4221
MAT 26:40	1ES 9:11	med	kjv	3	0.328	G1520,2480,5610
MAT 26:42	BEL 1:24	med	kjv	3	0.425	G3004,3361,4095
MAT 26:44	GEN 42:33	med	kjv	3	0.383	G0565,0863,3004
MAT 26:48	1SA 14:10	high	kjv	3	0.524	G3004,3860,4592
MAT 26:49	JOS 14:6	med	kjv	3	0.361	G2424,3004,4334
MAT 26:51	EXO 33:23	med	kjv	3	0.328	G0851,3708,5495
MAT 26:52	JOS 10:38	high	kjv	3	0.57	G0654,2424,3956
MAT 26:52	EXO 17:13	high	kjv	3	0.456	G2424,3162,3956
MAT 26:52	1KI 3:24	med	kjv	3	0.425	G2983,3004,3162
MAT 26:53	1CH 19:2	med	kjv	3	0.397	G0032,3870,3962
MAT 26:57	JOS 24:1	med	kjv	4	0.42	G1122,2424,4245,4863
MAT 26:57	NUM 11:16	med	kjv	3	0.332	G1122,4245,4863
MAT 26:61	1ES 5:64	med	kjv	3	0.366	G2316,3485,3618
MAT 26:61	1KI 6:36	med	kjv	3	0.35	G3485,3618,5140
MAT 26:61	JER 31:38	med	kjv	3	0.328	G2250,3618,5346
MAT 26:62	1ES 5:40	med	kjv	3	0.33	G0450,0749,3004
MAT 26:63	GEN 24:3	med	kjv	3	0.404	G1844,2316,5207
MAT 26:63	NUM 14:38	med	kjv	3	0.304	G2198,2424,5207
MAT 26:64	2CH 18:18	high	kjv	6	0.488	G1188,1411,2521,3004,3708,3772
MAT 26:64	JOB 22:14	med	kjv	3	0.42	G3507,3708,3772
MAT 26:64	1KI 13:14	med	kjv	4	0.397	G0444,2064,2521,3004
MAT 26:66	LEV 20:9	high	kjv	4	0.543	G1510,1777,2288,3004
MAT 26:66	GEN 26:11	high	kjv	4	0.503	G1510,1777,2288,3004
MAT 26:66	LEV 20:16	high	kjv	3	0.451	G1510,1777,2288
MAT 26:71	EXO 8:6	med	kjv	3	0.413	G0243,1510,3004
MAT 26:71	2KI 10:9	med	kjv	4	0.403	G1510,1831,3004,4440
MAT 27:1	2SA 3:37	med	kjv	4	0.343	G1096,2289,2992,3956
MAT 27:1	1MA 14:30	med	kjv	3	0.323	G0749,1096,2992
MAT 27:1	JDG 2:7	med	kjv	4	0.322	G2424,2992,3956,4245
MAT 27:4	JER 2:35	high	kjv	3	0.533	G0121,0264,3004
MAT 27:4	2SA 3:28	high	kjv	3	0.506	G0121,0129,3004
MAT 27:4	1SA 19:5	high	kjv	4	0.49	G0121,0129,0264,3708
MAT 27:6	LEV 27:3	med	kjv	3	0.37	G0694,1510,5092
MAT 27:6	LEV 27:19	med	kjv	3	0.345	G0694,1510,5092
MAT 27:6	LEV 27:15	med	kjv	3	0.345	G0694,1510,5092
MAT 27:11	2MA 3:37	high	kjv	4	0.469	G0935,1510,1905,5346
MAT 27:16	2MA 15:36	med	kjv	3	0.36	G1978,2192,3004
MAT 27:19	TOB 8:12	med	kjv	4	0.329	G0649,1135,3004,3367
MAT 27:22	1SA 24:6	med	kjv	3	0.314	G3004,4160,5547
MAT 27:23	JDG 18:24	med	kjv	3	0.41	G2896,3004,4160
MAT 27:23	JER 11:11	med	kjv	3	0.352	G2556,2896,3004
MAT 27:24	JER 2:34	med	kjv	3	0.355	G0121,0129,5495
MAT 27:24	DEU 27:25	med	kjv	5	0.302	G0121,0129,1096,2983,3004
MAT 27:25	ISA 14:10	high	kjv	3	0.609	G0611,3004,3956
MAT 27:25	DEU 21:7	high	kjv	3	0.501	G0129,0611,3004
MAT 27:25	GEN 31:43	med	kjv	4	0.415	G0611,3004,3956,5043
MAT 27:31	1MA 10:62	med	kjv	3	0.376	G1562,1746,2440
MAT 27:31	NUM 20:28	med	kjv	3	0.345	G1562,1746,2440
MAT 27:35	PSA 22:18	high	kjv	4	0.688	G0906,1266,2440,2819
MAT 27:37	1ES 2:19	high	kjv	5	0.461	G0156,0935,1125,1510,2453
MAT 27:37	ZEC 6:11	med	kjv	3	0.359	G2007,2424,2776
MAT 27:38	ZEC 4:3	high	kjv	3	0.463	G1188,1520,2176
MAT 27:39	LAM 2:15	high	kjv	3	0.505	G2776,2795,3899
MAT 27:40	ISA 43:11	med	kjv	3	0.403	G1510,2316,4982
MAT 27:40	1ES 5:64	med	kjv	3	0.375	G2316,3485,3618
MAT 27:40	1KI 6:36	med	kjv	3	0.358	G3485,3618,5140
MAT 27:41	NUM 11:16	med	kjv	3	0.308	G1122,3004,4245
MAT 27:42	ISA 45:22	med	kjv	3	0.33	G0243,1510,4982
MAT 27:42	2CH 32:15	med	kjv	3	0.306	G1410,4100,4982
MAT 27:43	DEU 32:37	med	kjv	4	0.419	G1510,2316,3004,3982
MAT 27:43	WIS 16:8	med	kjv	3	0.407	G1510,3982,4506
MAT 27:43	ISA 36:7	med	kjv	3	0.402	G2316,3004,3982
MAT 27:46	ISA 36:13	med	kjv	4	0.383	G0310,3004,3173,5456
MAT 27:46	BEL 1:41	med	kjv	5	0.357	G0310,1510,2316,3004,3173
MAT 27:47	1CH 15:16	med	kjv	3	0.348	G2476,3004,5455
MAT 27:50	EXO 32:17	high	kjv	3	0.531	G2424,2896,5456
MAT 27:50	2SA 19:3	high	kjv	3	0.525	G2896,3173,5456
MAT 27:50	JER 48:3	med	kjv	3	0.449	G2896,3173,5456
MAT 27:51	ISA 14:16	med	kjv	3	0.314	G1093,3708,4579
MAT 27:54	AMO 1:1	med	kjv	3	0.342	G1096,3708,4578
MAT 27:54	LJE 1:14	med	kjv	3	0.336	G1510,2316,5399
MAT 27:56	JDG 1:22	med	kjv	3	0.442	G1510,2501,5207
MAT 27:60	ISA 22:16	high	kjv	3	0.605	G2998,3419,4073
MAT 27:62	1MA 10:69	med	kjv	3	0.377	G0749,1510,4863
MAT 28:1	1SA 14:5	med	kjv	3	0.329	G0243,1520,2064
MAT 28:5	DAN 10:12	med	kjv	3	0.371	G3004,3361,5399
MAT 28:5	TOB 5:4	med	kjv	3	0.348	G0032,1492,2212
MAT 28:5	ZEC 6:4	med	kjv	3	0.33	G0032,0611,3004
MAT 28:6	JER 1:12	high	kjv	3	0.559	G1453,3004,3708
MAT 28:6	JOS 4:6	med	kjv	3	0.385	G1510,2749,3004
MAT 28:6	1SA 5:3	med	kjv	3	0.306	G1453,3708,5117
MAT 28:7	JER 1:12	med	kjv	3	0.391	G1453,3004,3708
MAT 28:7	1KI 9:12	med	kjv	3	0.312	G1056,3708,4198
MAT 28:8	JON 1:10	med	kjv	3	0.307	G0518,3173,5401
MAT 28:10	DAN 10:12	med	kjv	3	0.363	G3004,3361,5399
MAT 28:11	1MA 14:17	med	kjv	3	0.404	G0749,1096,4172
MAT 28:11	1KI 16:18	med	kjv	4	0.371	G1096,3708,4172,4198
MAT 28:13	GEN 30:15	med	kjv	3	0.387	G2837,3004,3571
MAT 28:14	JER 41:11	med	kjv	3	0.362	G0191,2232,4160
MAT 28:15	PRO 7:20	med	kjv	3	0.431	G0694,2250,2983
MAT 28:18	JOS 20:1	high	kjv	3	0.503	G2424,2980,3004
MAT 28:18	DEU 5:27	high	kjv	4	0.484	G2980,3004,3956,4334
MAT 28:18	JOS 14:6	med	kjv	4	0.444	G2424,2980,3004,4334
MAT 28:20	JER 5:18	med	kjv	3	0.447	G1510,2250,4930
MAT 28:20	JER 4:27	med	kjv	3	0.362	G1510,3956,4930
MRK 1:2	2KI 14:8	high	kjv	4	0.452	G0032,0649,3708,4383
MRK 1:2	EXO 23:20	med	kjv	4	0.356	G0032,0649,3598,4383
MRK 1:3	ISA 40:3	high	kjv	9	0.987	G0994,2048,2090,2117,2962,3598,4160,5147,5456
MRK 1:3	PSA 29:8	high	kjv	3	0.455	G2048,2962,5456
MRK 1:3	EZK 33:17	med	kjv	3	0.444	G2117,2962,3598
MRK 1:6	2KI 1:8	high	kjv	4	0.547	G1193,1510,2223,3751
MRK 1:6	EZK 9:3	med	kjv	4	0.342	G1510,1746,2223,3751
MRK 1:6	EZK 9:11	med	kjv	3	0.327	G1746,2223,3751
MRK 1:7	ISA 5:27	med	kjv	3	0.438	G2438,3089,5266
MRK 1:7	JOS 5:15	med	kjv	4	0.39	G1510,3004,3089,5266
MRK 1:7	EXO 3:5	med	kjv	4	0.381	G1510,3004,3089,5266
MRK 1:9	2KI 15:29	med	kjv	3	0.427	G1056,2064,2250
MRK 1:10	GEN 8:8	med	kjv	3	0.371	G3708,4058,5204
MRK 1:10	ECC 3:21	med	kjv	3	0.336	G0305,2597,4151
MRK 1:10	PSA 139:8	med	kjv	3	0.314	G0305,2597,3772
MRK 1:11	2CH 10:7	med	kjv	3	0.37	G1096,1510,2106
MRK 1:15	PRO 30:1	med	kjv	4	0.358	G2316,3004,3340,4100
MRK 1:15	JER 23:23	med	kjv	3	0.333	G1448,2316,3004
MRK 1:16	1MA 5:55	med	kjv	4	0.42	G0080,1056,1510,4613
MRK 1:16	1MA 5:17	med	kjv	3	0.388	G0080,1056,4613
MRK 1:16	EZK 47:10	med	kjv	3	0.343	G0231,1510,2281
MRK 1:21	2KI 11:9	med	kjv	3	0.365	G1525,1531,4521
MRK 1:23	NUM 27:16	med	kjv	3	0.378	G0444,4151,4864
MRK 1:23	LEV 11:36	med	kjv	3	0.332	G0169,1510,4864
MRK 1:23	NUM 19:20	med	kjv	4	0.325	G0169,0444,1510,4864
MRK 1:24	ZEC 4:13	high	kjv	3	0.502	G1492,1510,3004
MRK 1:24	LEV 20:7	med	kjv	3	0.444	G0040,1510,2316
MRK 1:24	JOB 20:7	med	kjv	4	0.439	G0622,1492,1510,3004
MRK 1:26	1ES 9:10	med	kjv	3	0.443	G3173,5455,5456
MRK 1:32	JDG 19:14	high	kjv	3	0.477	G1416,2192,2246
MRK 1:32	JDT 13:1	med	kjv	3	0.339	G1096,3798,3956
MRK 1:35	NUM 24:25	med	kjv	3	0.305	G0450,0565,5117
MRK 1:37	GEN 37:15	high	kjv	3	0.561	G2147,2212,3004
MRK 1:37	1KI 1:3	high	kjv	3	0.555	G2147,2212,3956
MRK 1:40	GEN 37:35	med	kjv	4	0.341	G2064,2309,3004,3870
MRK 1:41	SIR 15:16	high	kjv	3	0.554	G1614,2309,5495
MRK 1:41	2KI 6:7	high	kjv	3	0.469	G1614,3004,5495
MRK 1:41	JER 1:9	med	kjv	3	0.392	G1614,3004,5495
MRK 1:44	EXO 16:19	med	kjv	3	0.347	G3004,3367,3475
MRK 1:45	DEU 11:5	high	kjv	3	0.483	G2048,2064,5117
MRK 1:45	TOB 5:5	med	kjv	3	0.403	G1410,1510,5117
MRK 1:45	GEN 13:3	med	kjv	4	0.38	G1510,2048,2064,5117
MRK 2:1	NEH 6:11	high	kjv	3	0.526	G1510,1525,3624
MRK 2:1	2KI 11:13	high	kjv	3	0.521	G0191,1525,3624
MRK 2:5	PSA 25:18	med	kjv	3	0.388	G0266,0863,3708
MRK 2:5	4MA 15:24	med	kjv	3	0.387	G3708,4102,5043
MRK 2:7	DAN 3:96	med	kjv	3	0.391	G0987,1410,2316
MRK 2:8	PSA 51:10	med	kjv	3	0.349	G2117,2588,4151
MRK 2:9	1MA 3:18	med	kjv	3	0.39	G1510,2123,3004
MRK 2:9	PRO 6:22	med	kjv	3	0.341	G1453,1510,4043
MRK 2:10	PSS 17:27	med	kjv	4	0.37	G0444,0863,1492,5207
MRK 2:12	JER 1:12	med	kjv	3	0.439	G1453,3004,3708
MRK 2:12	LEV 9:24	med	kjv	4	0.327	G1831,1839,3708,3956
MRK 2:14	NUM 22:20	med	kjv	3	0.378	G0190,0450,3004
MRK 2:16	EXO 5:19	med	kjv	3	0.366	G1122,3004,3708
MRK 2:17	SIR 15:12	high	kjv	4	0.481	G0268,2192,3004,5532
MRK 2:17	PSA 16:2	med	kjv	3	0.419	G2192,3004,5532
MRK 2:22	JOS 9:13	med	kjv	4	0.44	G0779,2537,3631,4486
MRK 2:22	JOS 9:4	med	kjv	3	0.366	G0779,3631,3820
MRK 2:24	1MA 2:34	high	kjv	3	0.533	G3004,4160,4521
MRK 2:25	PSA 16:2	high	kjv	3	0.54	G2192,3004,5532
MRK 2:25	SIR 15:12	med	kjv	3	0.435	G2192,3004,5532
MRK 2:25	DAN 3:16	med	kjv	3	0.389	G2192,3004,5532
MRK 2:26	DAN 10:12	med	kjv	4	0.402	G1325,1525,2316,3361
MRK 2:26	1SA 21:5	med	kjv	5	0.399	G0740,1325,1510,2409,4286
MRK 2:26	2CH 4:19	med	kjv	3	0.324	G0740,3624,4286
MRK 2:27	1MA 2:41	high	kjv	3	0.465	G0444,3004,4521
MRK 2:27	EZK 36:13	high	kjv	3	0.463	G0444,1096,3004
MRK 2:27	1KI 12:22	high	kjv	3	0.459	G0444,1096,3004
MRK 2:28	EXO 16:25	high	kjv	3	0.553	G1510,2962,4521
MRK 2:28	LEV 19:30	high	kjv	3	0.549	G1510,2962,4521
MRK 2:28	LEV 26:2	high	kjv	3	0.549	G1510,2962,4521
MRK 3:1	1KI 13:4	med	kjv	3	0.339	G0444,3583,5495
MRK 3:3	EXO 14:16	med	kjv	3	0.382	G3319,3584,5495
MRK 3:3	EZK 37:11	med	kjv	3	0.364	G0444,3004,3584
MRK 3:4	1KI 16:33	med	kjv	3	0.398	G2554,4160,5590
MRK 3:5	2KI 6:7	med	kjv	3	0.301	G1614,3004,5495
MRK 3:8	JER 27:3	high	kjv	5	0.634	G2064,2401,2414,4605,5184
MRK 3:8	1MA 9:43	med	kjv	4	0.371	G0191,2064,2446,4183
MRK 3:8	1MA 6:31	med	kjv	3	0.361	G2401,4160,4183
MRK 3:11	BAR 3:1	med	kjv	3	0.362	G2316,2896,4151
MRK 3:11	EZK 4:13	med	kjv	4	0.335	G0169,2316,3004,5207
MRK 3:17	NUM 6:24	med	kjv	3	0.362	G2007,3686,5207
MRK 3:22	JER 36:12	med	kjv	3	0.424	G0758,1122,2597
MRK 3:22	TOB 6:16	med	kjv	3	0.311	G1140,2192,3004
MRK 3:27	GEN 39:11	med	kjv	3	0.321	G1525,3614,3762
MRK 3:29	LEV 25:12	med	kjv	3	0.319	G0040,0859,1510
MRK 3:30	GEN 41:38	high	kjv	3	0.453	G2192,3004,4151
MRK 3:30	NUM 27:18	med	kjv	3	0.402	G2192,3004,4151
MRK 3:31	1CH 4:9	med	kjv	3	0.332	G0080,2564,3384
MRK 3:31	EXO 2:8	med	kjv	3	0.323	G2064,2564,3384
MRK 3:32	HOS 2:1	med	kjv	3	0.401	G0079,0080,3004
MRK 3:32	EZK 44:25	med	kjv	3	0.38	G0079,0080,3384
MRK 3:32	NUM 6:7	med	kjv	3	0.379	G0079,0080,3384
MRK 3:33	JER 23:35	high	kjv	3	0.577	G0080,0611,3004
MRK 3:33	4MA 16:5	high	kjv	3	0.542	G1510,3004,3384
MRK 3:33	1KI 3:27	high	kjv	3	0.505	G0611,3004,3384
MRK 3:34	JDG 18:8	med	kjv	3	0.359	G0080,2521,3004
MRK 3:34	PSA 50:20	med	kjv	3	0.349	G0080,2521,3384
MRK 3:35	1MA 3:60	high	kjv	3	0.561	G1510,2307,4160
MRK 3:35	GEN 20:12	high	kjv	3	0.549	G0079,1510,3384
MRK 3:35	JOB 17:14	high	kjv	3	0.481	G0079,1510,3384
MRK 4:1	EZK 27:29	med	kjv	4	0.418	G1093,2281,3956,4143
MRK 4:1	ISA 2:16	med	kjv	3	0.317	G2281,3956,4143
MRK 4:2	JOB 37:19	high	kjv	3	0.496	G1321,3004,4183
MRK 4:4	1KI 18:7	med	kjv	3	0.316	G2064,3598,4098
MRK 4:8	PSA 67:6	med	kjv	3	0.372	G1093,1325,2590
MRK 4:8	NEH 10:35	med	kjv	3	0.371	G1093,2590,5342
MRK 4:8	EZK 17:8	med	kjv	3	0.361	G2570,2590,5342
MRK 4:9	PSA 115:6	high	kjv	3	0.974	G0191,2192,3775
MRK 4:9	JOB 33:8	high	kjv	3	0.711	G0191,3004,3775
MRK 4:9	JER 28:7	high	kjv	3	0.668	G0191,3004,3775
MRK 4:11	EZK 18:3	high	kjv	3	0.502	G1096,3004,3850
MRK 4:11	EZK 16:44	high	kjv	3	0.476	G3004,3850,3956
MRK 4:11	JER 24:9	med	kjv	4	0.408	G0932,1325,3850,3956
MRK 4:12	ISA 6:9	high	kjv	4	0.472	G0191,0991,3708,4920
MRK 4:13	EZK 16:44	high	kjv	3	0.617	G3004,3850,3956
MRK 4:15	JER 17:15	med	kjv	3	0.384	G1510,2064,3056
MRK 4:15	EZK 33:20	med	kjv	3	0.378	G1510,2117,3598
MRK 4:20	JER 22:29	med	kjv	3	0.314	G0191,1093,3056
MRK 4:21	2KI 4:10	high	kjv	3	0.521	G2825,3087,5087
MRK 4:21	ZEC 4:2	high	kjv	3	0.505	G3004,3087,3088
MRK 4:21	NUM 8:2	high	kjv	3	0.452	G3004,3087,3088
MRK 4:23	PSA 115:6	high	kjv	3	1.0	G0191,2192,3775
MRK 4:24	1CH 21:3	med	kjv	3	0.33	G0991,3004,4369
MRK 4:25	NUM 7:9	high	kjv	3	0.674	G0142,1325,2192
MRK 4:25	DAN 7:4	med	kjv	3	0.421	G0142,1325,2192
MRK 4:26	LEV 26:20	med	kjv	3	0.397	G1093,1510,4703
MRK 4:26	1SA 14:42	med	kjv	3	0.366	G0906,1510,3004
MRK 4:26	LEV 27:16	med	kjv	3	0.33	G0444,1510,4703
MRK 4:30	NUM 24:23	high	kjv	4	0.519	G2316,3004,3850,5087
MRK 4:31	GEN 47:23	med	kjv	4	0.365	G1093,3956,4687,4690
MRK 4:31	HOS 2:23	med	kjv	3	0.351	G1093,1510,4687
MRK 4:31	GEN 47:19	med	kjv	4	0.325	G1093,1510,4687,4690
MRK 4:32	EZK 31:6	high	kjv	5	0.48	G2798,3772,3956,4071,4639
MRK 4:32	PSA 104:12	med	kjv	3	0.362	G2681,3772,4071
MRK 4:33	DAN 12:8	high	kjv	3	0.468	G0191,3056,3850
MRK 4:33	EZK 12:23	high	kjv	3	0.465	G2980,3056,3850
MRK 4:33	JER 44:16	high	kjv	3	0.462	G0191,2980,3056
MRK 4:34	EZK 12:23	med	kjv	3	0.448	G2980,3850,3956
MRK 4:35	JOS 3:2	med	kjv	3	0.32	G1096,1330,2250
MRK 4:41	ISA 65:24	high	kjv	3	0.472	G1510,3004,5219
MRK 4:41	JON 1:10	med	kjv	5	0.401	G1510,3004,3173,5399,5401
MRK 4:41	1MA 10:8	med	kjv	3	0.359	G3173,5399,5401
MRK 5:5	PSA 22:2	med	kjv	3	0.373	G2250,2896,3571
MRK 5:7	2SA 19:3	med	kjv	5	0.384	G2896,3004,3173,5207,5456
MRK 5:7	EXO 32:17	med	kjv	4	0.366	G2424,2896,3004,5456
MRK 5:7	PSA 57:2	med	kjv	3	0.355	G2316,2896,5310
MRK 5:8	1KI 22:21	med	kjv	3	0.43	G1831,3004,4151
MRK 5:8	2CH 18:20	med	kjv	3	0.43	G1831,3004,4151
MRK 5:9	ZEC 4:4	high	kjv	3	0.588	G1510,1905,3004
MRK 5:9	1KI 22:7	high	kjv	3	0.487	G1510,1905,3004
MRK 5:9	ISA 65:1	high	kjv	4	0.472	G1510,1905,3004,3686
MRK 5:10	1MA 9:35	med	kjv	3	0.301	G0649,3870,4183
MRK 5:11	EZK 34:14	med	kjv	3	0.36	G1006,1510,3735
MRK 5:14	1SA 19:3	med	kjv	4	0.41	G0068,0518,1510,3708
MRK 5:14	1CH 19:15	med	kjv	4	0.355	G2064,3708,4172,5343
MRK 5:14	EZK 34:8	med	kjv	3	0.35	G1006,1096,1510
MRK 5:19	LEV 5:26	med	kjv	3	0.313	G0863,2962,4160
MRK 5:20	JOS 10:29	high	kjv	3	0.563	G0565,2424,3956
MRK 5:20	JOS 10:31	high	kjv	3	0.563	G0565,2424,3956
MRK 5:20	JOS 10:34	high	kjv	3	0.563	G0565,2424,3956
MRK 5:21	DEU 30:13	high	kjv	3	0.572	G1276,1510,2281
MRK 5:21	PSA 107:23	med	kjv	3	0.393	G2281,4143,4183
MRK 5:21	JER 31:8	med	kjv	3	0.334	G3793,4183,4863
MRK 5:23	4MA 10:1	med	kjv	3	0.376	G3870,4183,4982
MRK 5:23	1CH 7:22	med	kjv	3	0.374	G2064,3870,4183
MRK 5:23	JDG 2:18	med	kjv	3	0.358	G3870,4982,5495
MRK 5:25	LEV 15:25	high	kjv	4	0.629	G0129,1135,1510,4511
MRK 5:25	LEV 15:19	high	kjv	4	0.574	G0129,1135,1510,4511
MRK 5:25	LEV 20:18	high	kjv	3	0.509	G0129,1135,4511
MRK 5:30	NUM 20:20	med	kjv	3	0.321	G1831,3004,3793
MRK 5:30	ZEC 1:3	med	kjv	3	0.316	G1411,1994,3004
MRK 5:33	1ES 4:36	med	kjv	3	0.383	G0225,3956,5141
MRK 5:33	RUT 3:11	med	kjv	5	0.349	G1135,1492,3004,3956,5399
MRK 5:33	NEH 9:33	med	kjv	3	0.344	G0225,2064,3956
MRK 5:36	EST 3:3	high	kjv	3	0.477	G2980,3004,3878
MRK 5:36	JER 25:8	med	kjv	3	0.422	G3004,3056,4100
MRK 5:36	DAN 10:12	med	kjv	3	0.415	G3004,3361,5399
MRK 5:39	GEN 44:22	med	kjv	3	0.327	G0599,3004,3813
MRK 5:40	TOB 5:18	med	kjv	4	0.337	G1510,1531,3384,3813
MRK 5:40	GEN 44:30	med	kjv	4	0.329	G1510,1531,3813,3962
MRK 5:41	GEN 21:18	med	kjv	3	0.365	G2902,3813,5495
MRK 5:42	2KI 4:13	med	kjv	3	0.36	G1510,1611,1839
MRK 5:42	GEN 27:33	med	kjv	4	0.347	G1510,1611,1839,3173
MRK 5:42	ZEC 14:13	med	kjv	3	0.33	G1510,1611,3173
MRK 5:43	NAM 1:12	high	kjv	3	0.482	G1291,3004,4183
MRK 5:43	TOB 8:12	med	kjv	3	0.396	G1097,3004,3367
MRK 6:2	JOB 33:33	high	kjv	3	0.506	G0191,1321,4678
MRK 6:2	JOB 37:19	med	kjv	3	0.43	G1321,3004,4183
MRK 6:2	1MA 9:43	med	kjv	4	0.41	G0191,1411,4183,4521
MRK 6:3	EXO 6:20	med	kjv	3	0.353	G0079,0080,3137
MRK 6:4	BEL 1:24	med	kjv	3	0.339	G1510,3004,3361
MRK 6:10	DEU 15:16	high	kjv	3	0.532	G1831,3004,3614
MRK 6:10	JDG 19:23	med	kjv	4	0.43	G1525,1831,3004,3614
MRK 6:13	2SA 14:2	med	kjv	3	0.302	G0218,1637,4183
MRK 6:15	EXO 8:6	med	kjv	3	0.401	G0243,1510,3004
MRK 6:18	1KI 2:21	high	kjv	3	0.468	G0080,1135,3004
MRK 6:23	JOS 13:31	high	kjv	3	0.469	G0932,1325,2255
MRK 6:23	DEU 3:13	med	kjv	3	0.349	G0932,1325,2255
MRK 6:24	1KI 2:20	med	kjv	3	0.306	G0154,3004,3384
MRK 6:26	DAN 2:12	med	kjv	3	0.374	G0935,1096,4036
MRK 6:26	2KI 3:5	med	kjv	3	0.352	G0114,0935,1096
MRK 6:31	DEU 11:5	med	kjv	3	0.407	G2048,2064,5117
MRK 6:31	GEN 13:3	med	kjv	4	0.32	G1510,2048,2064,5117
MRK 6:31	JOB 10:20	med	kjv	3	0.311	G0373,1510,3641
MRK 6:33	JDT 15:12	med	kjv	3	0.342	G3708,3956,4936
MRK 6:34	NUM 27:17	med	kjv	4	0.338	G1510,1831,4166,4263
MRK 6:34	2CH 18:16	med	kjv	5	0.325	G1510,2192,3708,4166,4263
MRK 6:35	EXO 9:18	med	kjv	3	0.393	G1096,4183,5610
MRK 6:39	GEN 2:5	med	kjv	3	0.342	G3956,5515,5528
MRK 6:39	GEN 1:30	med	kjv	3	0.318	G3956,5515,5528
MRK 6:41	1SA 21:5	med	kjv	4	0.311	G0740,1325,2983,3908
MRK 6:47	EZK 27:29	med	kjv	3	0.439	G1093,2281,4143
MRK 6:47	JDT 13:1	med	kjv	3	0.341	G1096,1510,3798
MRK 6:47	EZK 27:9	med	kjv	4	0.301	G1096,1510,2281,4143
MRK 6:50	DAN 10:12	med	kjv	3	0.423	G3004,3361,5399
MRK 6:50	BEL 1:24	med	kjv	3	0.39	G1510,3004,3361
MRK 6:50	GEN 35:17	med	kjv	3	0.362	G1510,2293,3004
MRK 6:56	JOS 19:6	med	kjv	3	0.441	G0068,2968,4172
MRK 6:56	JOS 21:12	med	kjv	3	0.311	G0068,2968,4172
MRK 7:1	NEH 4:8	med	kjv	3	0.443	G2064,2414,4863
MRK 7:2	EXO 16:15	med	kjv	4	0.413	G0740,1510,2068,3708
MRK 7:2	EXO 2:20	med	kjv	3	0.368	G0740,1510,2068
MRK 7:4	BEL 1:24	med	kjv	3	0.333	G1510,2068,3361
MRK 7:6	NUM 22:17	med	kjv	3	0.339	G2992,3004,5091
MRK 7:6	ISA 29:13	med	kjv	6	0.319	G0568,2588,2992,3004,5091,5491
MRK 7:7	ISA 29:13	high	kjv	5	0.761	G0444,1319,1321,1778,4576
MRK 7:10	EXO 21:17	high	kjv	5	0.853	G2288,2551,3384,3962,5053
MRK 7:10	LEV 21:11	med	kjv	3	0.395	G3384,3962,5053
MRK 7:10	EZK 22:7	med	kjv	3	0.395	G2551,3384,3962
MRK 7:11	JER 7:4	med	kjv	3	0.392	G1510,3004,5623
MRK 7:11	4MA 16:5	med	kjv	3	0.388	G1510,3004,3384
MRK 7:12	1ES 4:21	high	kjv	3	0.566	G0863,3384,3962
MRK 7:12	JDG 14:6	med	kjv	4	0.395	G3384,3762,3962,4160
MRK 7:12	1SA 22:3	med	kjv	3	0.375	G3384,3962,4160
MRK 7:13	EZR 7:26	med	kjv	3	0.365	G2316,3862,4160
MRK 7:14	2SA 15:22	med	kjv	3	0.342	G3004,3793,3956
MRK 7:15	JOS 6:1	high	kjv	3	0.582	G1531,1607,3762
MRK 7:15	DEU 31:2	high	kjv	4	0.523	G1410,1510,1531,1607
MRK 7:15	SIR 17:30	high	kjv	3	0.503	G0444,1410,1510
MRK 7:18	SIR 17:30	med	kjv	4	0.436	G0444,1410,1510,3956
MRK 7:19	SIR 36:18	high	kjv	3	0.517	G1033,2836,3956
MRK 7:19	PSA 41:6	high	kjv	3	0.45	G1531,1607,2588
MRK 7:19	1SA 18:16	med	kjv	3	0.391	G1531,1607,3956
MRK 7:21	EZK 43:7	med	kjv	3	0.302	G0444,4202,5408
MRK 7:24	1SA 21:1	med	kjv	3	0.377	G0450,0565,1525
MRK 7:24	GEN 39:8	med	kjv	3	0.361	G1097,2309,3762
MRK 7:24	GEN 39:11	med	kjv	3	0.324	G1525,3614,3762
MRK 7:25	EZK 2:2	med	kjv	4	0.371	G0191,2064,4151,4228
MRK 7:25	JDT 14:7	med	kjv	3	0.351	G0191,4228,4363
MRK 7:25	EZK 3:24	med	kjv	3	0.343	G2064,4151,4228
MRK 7:26	TOB 6:16	med	kjv	4	0.342	G1085,1135,1140,1510
MRK 7:26	GEN 34:16	med	kjv	4	0.329	G1085,1135,1510,2364
MRK 7:27	1SA 14:42	med	kjv	3	0.306	G0906,1510,3004
MRK 7:28	2SA 9:11	high	kjv	4	0.46	G2068,2962,3004,5132
MRK 7:28	1KI 3:27	high	kjv	3	0.454	G0611,3004,3813
MRK 7:28	EXO 21:5	med	kjv	4	0.44	G0611,2962,3004,3813
MRK 7:30	2SA 12:15	med	kjv	3	0.321	G0565,3624,3813
MRK 7:31	JER 25:22	high	kjv	3	0.687	G2281,4605,5184
MRK 7:31	ZEC 9:2	high	kjv	3	0.586	G3725,4605,5184
MRK 7:31	1MA 5:15	high	kjv	3	0.583	G1056,4605,5184
MRK 7:34	2MA 7:28	med	kjv	3	0.375	G0308,1510,3772
MRK 7:34	GEN 15:5	med	kjv	4	0.343	G0308,1510,3004,3772
MRK 7:35	JOB 33:2	med	kjv	3	0.393	G0455,1100,2980
MRK 7:36	1MA 10:63	med	kjv	3	0.356	G2784,3004,3367
MRK 7:37	PSA 38:13	high	kjv	3	0.594	G0191,0216,2974
MRK 8:1	BEL 1:24	med	kjv	3	0.412	G1510,3004,3361
MRK 8:1	DAN 10:12	med	kjv	3	0.403	G2250,3004,3361
MRK 8:1	1SA 26:14	med	kjv	3	0.331	G1510,3004,4341
MRK 8:5	GEN 44:19	high	kjv	3	0.646	G2065,2192,3004
MRK 8:5	GEN 43:26	high	kjv	3	0.484	G2065,2192,3004
MRK 8:5	1SA 22:13	med	kjv	3	0.443	G0740,2065,3004
MRK 8:12	GEN 9:12	med	kjv	4	0.331	G1074,1325,3004,4592
MRK 8:12	EXO 31:13	med	kjv	3	0.301	G1074,3004,4592
MRK 8:15	2SA 14:24	med	kjv	3	0.382	G0991,3004,3708
MRK 8:17	2SA 12:19	med	kjv	3	0.361	G3004,3539,4920
MRK 8:17	ISA 44:18	med	kjv	3	0.311	G1097,2588,3539
MRK 8:18	PSA 115:6	high	kjv	3	0.602	G0191,2192,3775
MRK 8:18	JER 5:21	high	kjv	4	0.578	G0191,0991,3775,3788
MRK 8:18	DEU 29:3	high	kjv	4	0.575	G0191,0991,3775,3788
MRK 8:24	2MA 7:28	med	kjv	3	0.36	G0308,0444,3708
MRK 8:24	ZEC 5:5	med	kjv	3	0.355	G0308,3004,3708
MRK 8:24	EZK 8:5	med	kjv	3	0.349	G0308,0444,3004
MRK 8:25	LEV 8:27	high	kjv	3	0.527	G0537,2007,5495
MRK 8:26	NEH 6:2	high	kjv	3	0.515	G0649,2968,3004
MRK 8:29	2SA 19:20	med	kjv	3	0.407	G0611,3004,5547
MRK 8:29	2SA 14:18	med	kjv	3	0.399	G0611,1905,3004
MRK 8:29	2SA 1:16	med	kjv	3	0.376	G0611,3004,5547
MRK 8:31	JOS 3:2	med	kjv	3	0.302	G1122,2250,5140
MRK 8:38	PRO 5:7	med	kjv	3	0.32	G1699,3056,5207
MRK 9:1	BEL 1:24	med	kjv	3	0.392	G1510,3004,3361
MRK 9:1	DAN 10:12	med	kjv	3	0.375	G2316,3004,3361
MRK 9:1	2SA 3:35	med	kjv	5	0.307	G1089,1510,2064,2316,3004
MRK 9:3	LEV 13:19	high	kjv	3	0.56	G1096,3021,3022
MRK 9:4	EXO 34:35	med	kjv	3	0.444	G3475,3708,4814
MRK 9:5	DEU 1:14	med	kjv	4	0.345	G0611,2570,3004,4160
MRK 9:5	JOS 7:20	med	kjv	4	0.323	G0611,2424,3004,4160
MRK 9:5	GEN 40:18	med	kjv	4	0.314	G0611,1510,3004,5140
MRK 9:7	EZK 33:32	med	kjv	3	0.323	G0191,1096,5456
MRK 9:8	EXO 2:12	high	kjv	3	0.595	G3708,3762,4017
MRK 9:9	GEN 23:3	med	kjv	3	0.343	G0450,3498,5207
MRK 9:9	PSA 88:4	med	kjv	3	0.336	G0444,2597,3498
MRK 9:9	GEN 43:12	med	kjv	3	0.318	G0444,0450,2597
MRK 9:10	JDG 19:28	med	kjv	3	0.43	G0450,1510,3498
MRK 9:10	2MA 12:44	med	kjv	3	0.397	G0450,1510,3498
MRK 9:11	1SA 10:22	med	kjv	3	0.344	G1905,2064,3004
MRK 9:13	2SA 15:26	med	kjv	3	0.365	G2309,3004,4160
MRK 9:13	EST 6:6	med	kjv	3	0.339	G2309,3004,4160
MRK 9:14	2KI 12:10	med	kjv	3	0.358	G1122,3708,4183
MRK 9:21	ZEC 4:4	med	kjv	3	0.393	G1510,1905,3004
MRK 9:21	1ES 8:73	med	kjv	3	0.392	G1510,3962,5550
MRK 9:21	1SA 28:16	med	kjv	3	0.376	G1096,1905,3004
MRK 9:22	JOB 4:20	high	kjv	3	0.583	G0622,0997,1410
MRK 9:23	JOS 10:7	high	kjv	3	0.505	G1415,2424,3956
MRK 9:23	NUM 13:30	med	kjv	3	0.429	G1410,1415,3004
MRK 9:23	JOS 6:2	med	kjv	3	0.411	G1415,2424,3004
MRK 9:26	JER 11:11	med	kjv	3	0.315	G1831,2896,3004
MRK 9:27	GEN 21:18	high	kjv	3	0.451	G0450,2902,5495
MRK 9:28	JOB 24:12	med	kjv	3	0.439	G1544,2398,3624
MRK 9:28	JER 36:5	med	kjv	3	0.338	G1410,1525,3624
MRK 9:31	4MA 18:18	med	kjv	3	0.384	G0615,1321,3004
MRK 9:31	EZK 23:9	med	kjv	3	0.379	G3860,5207,5495
MRK 9:31	JDG 7:9	med	kjv	4	0.374	G0450,3004,3860,5495
MRK 9:33	GEN 38:21	med	kjv	3	0.404	G1096,1905,3598
MRK 9:35	2SA 13:16	med	kjv	4	0.391	G2078,2309,3004,4413
MRK 9:35	JOB 8:7	med	kjv	3	0.384	G1510,2078,4413
MRK 9:35	JOB 23:8	med	kjv	3	0.384	G1510,2078,4413
MRK 9:37	1SA 1:2	med	kjv	3	0.408	G1520,3686,3813
MRK 9:39	BEL 1:24	med	kjv	3	0.327	G1510,3004,3361
MRK 9:41	BEL 1:24	med	kjv	3	0.351	G1510,3004,3361
MRK 9:41	JER 49:12	med	kjv	3	0.308	G1510,3004,4221
MRK 9:43	2KI 8:14	med	kjv	3	0.34	G0565,1525,2222
MRK 9:45	JOB 29:15	med	kjv	3	0.373	G1510,4228,5560
MRK 9:45	2SA 9:13	med	kjv	3	0.324	G1510,4228,5560
MRK 9:48	ISA 66:24	high	kjv	4	0.645	G4442,4570,4663,5053
MRK 10:3	TOB 5:1	high	kjv	3	0.735	G0611,1781,3004
MRK 10:3	DEU 27:11	high	kjv	3	0.651	G1781,3004,3475
MRK 10:3	NUM 9:8	high	kjv	3	0.578	G1781,3004,3475
MRK 10:4	DEU 24:1	high	kjv	3	0.461	G0647,0975,1125
MRK 10:4	ISA 50:1	med	kjv	3	0.432	G0647,0975,3004
MRK 10:4	DEU 23:25	med	kjv	3	0.421	G0647,0975,1125
MRK 10:6	GEN 1:27	high	kjv	3	0.571	G0730,2338,4160
MRK 10:6	GEN 5:2	high	kjv	3	0.468	G0730,2338,4160
MRK 10:7	GEN 2:24	high	kjv	4	0.579	G0444,2641,3384,3962
MRK 10:7	TOB 1:8	high	kjv	3	0.482	G2641,3384,3962
MRK 10:7	1ES 4:25	high	kjv	3	0.466	G0444,3384,3962
MRK 10:8	GEN 2:24	high	kjv	3	0.464	G1510,1520,4561
MRK 10:14	BEL 1:24	med	kjv	3	0.327	G1510,3004,3361
MRK 10:14	DAN 10:12	med	kjv	3	0.313	G2316,3004,3361
MRK 10:15	DAN 10:12	high	kjv	4	0.477	G1525,2316,3004,3361
MRK 10:18	DAN 10:12	med	kjv	3	0.449	G2316,3004,3361
MRK 10:18	JOS 10:8	med	kjv	3	0.315	G2424,3004,3762
MRK 10:24	JOS 7:20	med	kjv	4	0.323	G0611,2316,2424,3004
MRK 10:25	1MA 3:18	med	kjv	3	0.314	G1510,2123,2316
MRK 10:27	SIR 42:12	high	kjv	3	0.52	G0444,1689,3956
MRK 10:27	JOS 10:7	med	kjv	3	0.404	G1415,2424,3956
MRK 10:29	GEN 20:12	med	kjv	4	0.38	G0079,1510,3384,3962
MRK 10:29	JOB 17:14	med	kjv	4	0.333	G0079,1510,3384,3962
MRK 10:29	EZK 16:45	med	kjv	5	0.32	G0080,1510,3384,3962,5043
MRK 10:31	JOB 8:7	high	kjv	3	0.713	G1510,2078,4413
MRK 10:31	JOB 23:8	high	kjv	3	0.713	G1510,2078,4413
MRK 10:31	DAN 11:29	high	kjv	3	0.656	G1510,2078,4413
MRK 10:36	2SA 15:26	high	kjv	3	0.719	G2309,3004,4160
MRK 10:36	EST 6:6	high	kjv	3	0.668	G2309,3004,4160
MRK 10:37	ISA 30:21	high	kjv	3	0.451	G0710,1188,3004
MRK 10:38	JER 49:12	high	kjv	3	0.47	G3004,4095,4221
MRK 10:38	JER 25:28	med	kjv	3	0.369	G3004,4095,4221
MRK 10:38	JER 35:5	med	kjv	3	0.327	G3004,4095,4221
MRK 10:39	JER 49:12	high	kjv	3	0.534	G3004,4095,4221
MRK 10:39	JER 25:28	med	kjv	3	0.42	G3004,4095,4221
MRK 10:39	JER 35:5	med	kjv	3	0.372	G3004,4095,4221
MRK 10:42	JOB 20:7	med	kjv	3	0.379	G1380,1492,3004
MRK 10:44	2KI 8:19	med	kjv	3	0.432	G1401,2309,3956
MRK 10:44	1KI 20:9	med	kjv	3	0.404	G1401,3956,4413
MRK 10:45	EXO 21:30	high	kjv	3	0.662	G1325,3083,5590
MRK 10:45	EXO 30:12	high	kjv	4	0.51	G1325,3083,5207,5590
MRK 10:45	NUM 3:48	high	kjv	3	0.499	G1325,3083,5207
MRK 10:46	2KI 2:4	med	kjv	3	0.3	G2064,2410,2521
MRK 10:47	EXO 32:17	high	kjv	4	0.555	G0191,2424,2896,3004
MRK 10:51	JOS 7:20	med	kjv	4	0.423	G0611,2424,3004,4160
MRK 10:51	JOS 1:16	med	kjv	4	0.372	G0611,2424,3004,4160
MRK 10:52	EZK 33:17	med	kjv	3	0.34	G2117,3004,3598
MRK 11:1	ZEC 14:4	med	kjv	3	0.365	G1636,2414,3735
MRK 11:1	NEH 8:15	med	kjv	3	0.362	G1636,2414,3735
MRK 11:2	TOB 12:5	med	kjv	3	0.34	G3004,5217,5342
MRK 11:3	2MA 2:15	high	kjv	3	0.797	G0649,2192,5532
MRK 11:3	PSA 16:2	high	kjv	4	0.652	G2192,2962,3004,5532
MRK 11:3	SIR 15:12	high	kjv	3	0.509	G2192,3004,5532
MRK 11:5	JOS 5:15	med	kjv	3	0.396	G2476,3004,3089
MRK 11:5	EXO 3:5	med	kjv	3	0.387	G2476,3004,3089
MRK 11:7	JOS 7:6	med	kjv	3	0.356	G1911,2424,2440
MRK 11:9	PSA 118:26	med	kjv	4	0.434	G2064,2127,2962,3686
MRK 11:9	PSA 113:2	med	kjv	3	0.324	G2127,2962,3686
MRK 11:11	2SA 16:15	med	kjv	3	0.336	G1525,2414,3956
MRK 11:13	JER 8:13	med	kjv	3	0.407	G1510,4810,5444
MRK 11:13	GEN 3:7	med	kjv	3	0.406	G1510,4808,5444
MRK 11:15	1MA 12:36	med	kjv	3	0.34	G0059,2414,4453
MRK 11:15	1MA 13:49	med	kjv	3	0.314	G0059,2414,4453
MRK 11:17	JER 7:11	high	kjv	4	0.584	G3004,3027,3624,4693
MRK 11:17	2SA 1:18	med	kjv	3	0.319	G1125,1321,3004
MRK 11:19	3MA 4:12	high	kjv	3	0.487	G1096,1607,4172
MRK 11:22	4MA 16:22	high	kjv	3	0.744	G2192,2316,4102
MRK 11:22	JOS 7:20	high	kjv	4	0.538	G0611,2316,2424,3004
MRK 11:22	JOS 1:16	med	kjv	3	0.43	G0611,2424,3004
MRK 11:23	BEL 1:24	med	kjv	3	0.351	G1510,3004,3361
MRK 11:24	1SA 12:19	med	kjv	4	0.445	G0154,3004,3956,4336
MRK 11:24	1MA 3:44	med	kjv	3	0.394	G0154,1510,4336
MRK 11:28	1MA 1:13	high	kjv	3	0.641	G1325,1849,4160
MRK 11:28	1MA 10:6	high	kjv	3	0.472	G1325,1849,3004
MRK 11:29	JOS 7:20	med	kjv	4	0.354	G0611,2424,3004,4160
MRK 11:29	2SA 14:18	med	kjv	3	0.351	G0611,1905,3004
MRK 11:29	JOS 1:16	med	kjv	4	0.312	G0611,2424,3004,4160
MRK 11:30	1ES 6:12	med	kjv	3	0.385	G0611,1510,3772
MRK 11:32	1KI 20:13	med	kjv	3	0.341	G3004,3793,4396
MRK 11:33	JOS 7:20	high	kjv	4	0.534	G0611,2424,3004,4160
MRK 11:33	JOS 1:16	high	kjv	4	0.469	G0611,2424,3004,4160
MRK 12:1	ISA 5:2	high	kjv	5	0.466	G3736,4060,4444,5418,5452
MRK 12:1	GEN 9:20	med	kjv	4	0.433	G0290,0444,1092,5452
MRK 12:1	ECC 2:4	med	kjv	3	0.3	G0290,3618,5452
MRK 12:2	1SA 8:14	med	kjv	3	0.354	G0290,1401,2983
MRK 12:7	2SA 14:7	med	kjv	3	0.31	G0615,2818,3004
MRK 12:9	1KI 21:6	med	kjv	3	0.425	G0243,0290,1325
MRK 12:10	PSA 118:22	high	kjv	6	0.829	G0593,1096,1137,2776,3037,3618
MRK 12:11	PSA 118:23	high	kjv	5	1.0	G1096,1510,2298,2962,3788
MRK 12:11	JDG 13:18	high	kjv	3	0.519	G1510,2298,2962
MRK 12:12	1KI 19:3	med	kjv	3	0.387	G0565,0863,5399
MRK 12:12	SIR 6:27	med	kjv	3	0.377	G0863,1097,2212
MRK 12:12	ISA 41:13	med	kjv	3	0.371	G2902,3004,5399
MRK 12:14	DAN 10:12	med	kjv	5	0.308	G1325,2316,3004,3361,4383
MRK 12:18	BEL 1:24	med	kjv	3	0.419	G1510,3004,3361
MRK 12:18	ZEC 4:4	med	kjv	3	0.326	G1510,1905,3004
MRK 12:20	DEU 25:5	med	kjv	6	0.427	G0080,0599,1135,1510,2983,4690
MRK 12:20	GEN 38:9	med	kjv	4	0.392	G0080,1135,1510,4690
MRK 12:20	GEN 42:33	med	kjv	4	0.367	G0080,0863,1510,2983
MRK 12:22	2KI 11:1	med	kjv	3	0.369	G0599,3956,4690
MRK 12:22	2SA 15:16	med	kjv	3	0.361	G0863,1135,3956
MRK 12:22	SIR 25:24	med	kjv	3	0.349	G0599,1135,3956
MRK 12:23	2MA 7:14	med	kjv	3	0.439	G0386,0450,1510
MRK 12:25	DEU 28:26	med	kjv	3	0.366	G1510,3498,3772
MRK 12:25	ISA 37:36	med	kjv	3	0.357	G0032,0450,3498
MRK 12:25	JDG 19:28	med	kjv	3	0.315	G0450,1510,3498
MRK 12:26	EXO 3:4	med	kjv	3	0.407	G0942,3004,3475
MRK 12:26	EXO 3:6	med	kjv	6	0.389	G0011,2316,2384,2464,3004,3475
MRK 12:26	GEN 23:3	med	kjv	3	0.378	G0011,3004,3498
MRK 12:27	DEU 14:1	med	kjv	3	0.418	G1510,2316,3498
MRK 12:27	SIR 17:28	med	kjv	3	0.409	G1510,2198,3498
MRK 12:27	ISA 8:19	med	kjv	3	0.383	G2198,2316,3498
MRK 12:28	DEU 5:27	med	kjv	3	0.303	G0191,3956,4334
MRK 12:29	DEU 6:4	high	kjv	6	0.604	G0191,1510,1520,2316,2474,2962
MRK 12:29	JOS 7:20	high	kjv	5	0.588	G0611,2316,2424,2474,2962
MRK 12:29	JOS 3:9	high	kjv	5	0.451	G0191,2316,2424,2474,2962
MRK 12:30	DEU 6:5	high	kjv	6	0.694	G0025,2316,2588,2962,3650,5590
MRK 12:30	DEU 30:6	high	kjv	6	0.62	G0025,2316,2588,2962,3650,5590
MRK 12:30	PSA 18:1	high	kjv	3	0.563	G0025,2479,2962
MRK 12:31	BEL 1:41	med	kjv	3	0.319	G0243,1510,3173
MRK 12:33	DEU 6:5	med	kjv	3	0.35	G0025,2588,3650
MRK 12:33	PSA 20:3	med	kjv	3	0.327	G2378,3646,3956
MRK 12:33	PSA 119:97	med	kjv	3	0.324	G0025,1510,3650
MRK 12:34	2SA 14:18	med	kjv	3	0.385	G0611,1905,3004
MRK 12:34	JOS 7:20	med	kjv	4	0.384	G0611,2316,2424,3004
MRK 12:34	1SA 14:37	med	kjv	3	0.384	G0611,1905,2316
MRK 12:35	NEH 12:26	high	kjv	3	0.47	G1122,2424,5207
MRK 12:35	JOS 1:10	med	kjv	3	0.446	G1122,2424,3004
MRK 12:35	2SA 1:16	med	kjv	4	0.431	G0611,1138,3004,5547
MRK 12:36	PSA 110:1	high	kjv	8	0.644	G1138,1188,2190,2521,2962,3004,4228,5087
MRK 12:36	PSA 38:16	med	kjv	3	0.383	G2190,3004,4228
MRK 12:36	EZK 37:14	med	kjv	4	0.325	G2962,3004,4151,5087
MRK 12:37	2CH 20:15	high	kjv	6	0.505	G0191,1510,2962,3004,3793,4183
MRK 12:37	1ES 5:62	med	kjv	3	0.438	G0191,1510,3793
MRK 12:37	EZK 23:46	med	kjv	3	0.419	G2962,3004,3793
MRK 12:42	ISA 10:2	med	kjv	3	0.313	G1510,4434,5503
MRK 13:1	SUS 1:54	med	kjv	3	0.329	G3004,3708,4217
MRK 13:4	ISA 48:6	med	kjv	3	0.417	G3004,3195,3956
MRK 13:4	1SA 10:7	med	kjv	3	0.36	G1510,3956,4592
MRK 13:7	JER 49:14	med	kjv	3	0.303	G0189,0191,4171
MRK 13:9	LEV 9:5	med	kjv	3	0.326	G2476,3142,4864
MRK 13:10	JOL 3:9	med	kjv	3	0.355	G1484,2784,3956
MRK 13:12	EXO 21:15	med	kjv	3	0.354	G2288,2289,3962
MRK 13:14	DAN 11:31	med	kjv	3	0.384	G0946,2050,2476
MRK 13:17	JDG 13:7	med	kjv	3	0.367	G1064,2192,2250
MRK 13:19	DAN 10:12	med	kjv	3	0.323	G2250,2316,3361
MRK 13:20	DAN 10:12	med	kjv	3	0.337	G2250,2962,3361
MRK 13:21	1SA 16:6	high	kjv	3	0.459	G3004,3708,5547
MRK 13:21	EXO 4:1	med	kjv	3	0.31	G3004,3708,4100
MRK 13:22	JER 32:20	med	kjv	3	0.397	G4160,4592,5059
MRK 13:22	DEU 11:3	med	kjv	3	0.366	G4160,4592,5059
MRK 13:22	DEU 34:11	med	kjv	3	0.329	G4160,4592,5059
MRK 13:24	ISA 13:10	high	kjv	4	0.539	G1325,2246,4582,4654
MRK 13:24	JOL 3:15	high	kjv	3	0.528	G2246,4582,5338
MRK 13:24	ECC 12:2	high	kjv	3	0.512	G2246,4582,4654
MRK 13:25	GEN 15:5	med	kjv	3	0.386	G0792,1510,3772
MRK 13:26	PSA 68:34	high	kjv	3	0.664	G1391,1411,3507
MRK 13:26	PSA 63:2	high	kjv	3	0.541	G1391,1411,3708
MRK 13:26	1MA 7:11	high	kjv	4	0.49	G1411,2064,3708,4183
MRK 13:27	ZEC 2:6	high	kjv	4	0.481	G0417,1093,3772,5064
MRK 13:27	ZEC 6:5	high	kjv	5	0.479	G0032,0417,1093,3772,5064
MRK 13:27	JER 49:35	high	kjv	4	0.466	G0206,0417,3772,5064
MRK 13:28	GEN 3:7	med	kjv	4	0.44	G1097,1510,4808,5444
MRK 13:29	BEL 1:35	high	kjv	3	0.453	G1097,1510,3708
MRK 13:29	PSA 74:9	med	kjv	3	0.394	G1097,1510,3708
MRK 13:29	1SA 23:23	med	kjv	3	0.386	G1097,1510,3708
MRK 13:34	BAR 2:9	med	kjv	3	0.435	G1127,1781,2041
MRK 13:34	1ES 7:9	med	kjv	3	0.329	G1538,2041,2377
MRK 14:1	1ES 1:17	med	kjv	3	0.395	G0106,2250,3957
MRK 14:1	EZK 45:21	med	kjv	4	0.349	G0106,1510,2250,3957
MRK 14:2	BEL 1:24	med	kjv	3	0.439	G1510,3004,3361
MRK 14:6	SIR 39:16	med	kjv	3	0.338	G2041,2570,3004
MRK 14:7	4MA 10:4	high	kjv	3	0.508	G1410,2192,2309
MRK 14:9	1ES 2:2	med	kjv	3	0.325	G2784,3004,3650
MRK 14:12	EZK 45:21	high	kjv	4	0.478	G0106,2250,3957,4413
MRK 14:12	1ES 1:6	high	kjv	3	0.451	G2090,2380,3957
MRK 14:12	1ES 1:17	med	kjv	3	0.442	G0106,2250,3957
MRK 14:18	JOS 2:24	med	kjv	3	0.397	G2424,3004,3860
MRK 14:18	JOS 10:8	med	kjv	3	0.313	G2424,3004,3860
MRK 14:18	JOS 6:2	med	kjv	3	0.301	G2424,3004,3860
MRK 14:22	1KI 13:15	high	kjv	3	0.463	G0740,2068,3004
MRK 14:22	1KI 13:22	med	kjv	4	0.348	G0740,2068,3004,4983
MRK 14:22	EXO 16:15	med	kjv	5	0.323	G0740,1325,1510,2068,3004
MRK 14:23	JER 35:5	med	kjv	3	0.425	G1325,4095,4221
MRK 14:23	ISA 51:22	med	kjv	3	0.42	G2983,4095,4221
MRK 14:23	GEN 40:11	med	kjv	3	0.412	G1325,2983,4221
MRK 14:24	DEU 21:7	high	kjv	3	0.533	G0129,1632,3004
MRK 14:24	1CH 22:8	high	kjv	4	0.503	G0129,1632,3004,4183
MRK 14:24	PSA 79:3	high	kjv	3	0.481	G0129,1510,1632
MRK 14:25	BEL 1:24	high	kjv	3	0.46	G3004,3361,4095
MRK 14:25	DAN 10:12	med	kjv	4	0.39	G2250,2316,3004,3361
MRK 14:26	NEH 8:15	med	kjv	3	0.375	G1636,1831,3735
MRK 14:27	JER 23:1	high	kjv	3	0.462	G1287,4166,4263
MRK 14:27	JOS 10:42	med	kjv	3	0.339	G2424,3956,3960
MRK 14:27	ZEC 13:7	med	kjv	4	0.308	G3004,3960,4166,4263
MRK 14:34	PSA 42:5	high	kjv	3	0.466	G1510,4036,5590
MRK 14:34	PSA 42:11	high	kjv	3	0.466	G1510,4036,5590
MRK 14:34	PSA 43:5	high	kjv	3	0.466	G1510,4036,5590
MRK 14:37	1ES 9:11	med	kjv	3	0.311	G1520,2480,5610
MRK 14:40	1SA 29:9	med	kjv	3	0.407	G0611,1492,3788
MRK 14:40	1SA 20:3	med	kjv	4	0.394	G0611,1492,2147,3788
MRK 14:41	EZK 8:6	med	kjv	5	0.37	G0444,0568,3004,3708,5207
MRK 14:48	JOS 7:20	med	kjv	3	0.355	G0611,2424,3004
MRK 14:53	JOS 24:1	med	kjv	4	0.349	G1122,2424,3956,4245
MRK 14:55	JER 29:13	med	kjv	3	0.36	G2147,2212,3650
MRK 14:58	1KI 6:36	med	kjv	3	0.317	G3485,3618,5140
MRK 14:58	ZEC 8:9	med	kjv	5	0.307	G0191,2250,3004,3485,3618
MRK 14:60	1SA 23:4	med	kjv	4	0.36	G0450,0611,1905,3004
MRK 14:60	2SA 14:18	med	kjv	3	0.351	G0611,1905,3004
MRK 14:60	JOS 7:20	med	kjv	3	0.319	G0611,2424,3004
MRK 14:61	ISA 36:21	med	kjv	3	0.419	G0611,3762,4623
MRK 14:61	2SA 19:20	med	kjv	4	0.378	G0611,3004,5207,5547
MRK 14:61	2SA 14:18	med	kjv	3	0.35	G0611,1905,3004
MRK 14:62	2CH 18:18	high	kjv	6	0.484	G1188,1411,2521,3004,3708,3772
MRK 14:62	JOB 22:14	med	kjv	3	0.417	G3507,3708,3772
MRK 14:62	1KI 13:14	med	kjv	5	0.414	G0444,1510,2064,2521,3004
MRK 14:63	LJE 1:30	high	kjv	3	0.452	G1284,2192,5509
MRK 14:63	PSA 16:2	med	kjv	3	0.374	G2192,3004,5532
MRK 14:63	SIR 15:12	med	kjv	3	0.301	G2192,3004,5532
MRK 14:64	SUS 1:53	high	kjv	4	0.469	G0191,1777,2288,2632
MRK 14:64	EZK 35:12	med	kjv	3	0.408	G0191,0988,1510
MRK 14:64	LEV 20:9	med	kjv	3	0.371	G1510,1777,2288
MRK 14:69	1KI 18:15	high	kjv	3	0.562	G3004,3708,3936
MRK 14:69	EXO 18:14	high	kjv	3	0.462	G3004,3708,3936
MRK 14:69	JDT 12:13	med	kjv	3	0.4	G3004,3814,3936
MRK 15:2	2SA 14:18	high	kjv	4	0.631	G0611,0935,1905,3004
MRK 15:2	1SA 17:56	high	kjv	3	0.513	G0935,1905,3004
MRK 15:2	EZK 20:3	high	kjv	3	0.51	G0611,1905,3004
MRK 15:4	2SA 14:18	med	kjv	3	0.433	G0611,1905,3004
MRK 15:4	EZK 20:3	med	kjv	3	0.384	G0611,1905,3004
MRK 15:4	DAN 6:5	med	kjv	3	0.375	G2723,3004,3762
MRK 15:9	EST 6:7	med	kjv	3	0.368	G0935,2309,3004
MRK 15:12	TOB 5:1	high	kjv	3	0.502	G0611,3004,4160
MRK 15:12	2KI 18:36	high	kjv	3	0.499	G0611,0935,3004
MRK 15:12	DEU 1:14	med	kjv	3	0.437	G0611,3004,4160
MRK 15:14	JDG 18:24	high	kjv	3	0.453	G2896,3004,4160
MRK 15:14	JER 11:11	med	kjv	3	0.389	G2556,2896,3004
MRK 15:18	1MA 11:30	high	kjv	3	0.501	G0935,2453,5463
MRK 15:18	1MA 10:25	high	kjv	3	0.479	G0935,2453,5463
MRK 15:18	2MA 11:27	med	kjv	3	0.413	G0935,2453,5463
MRK 15:20	1MA 10:62	high	kjv	4	0.592	G1562,1746,2440,4209
MRK 15:20	NUM 20:28	med	kjv	3	0.388	G1562,1746,2440
MRK 15:23	NEH 2:1	high	kjv	3	0.587	G1325,2983,3631
MRK 15:23	1SA 25:11	high	kjv	3	0.454	G1325,2983,3631
MRK 15:24	PSA 22:18	high	kjv	4	0.656	G0906,1266,2440,2819
MRK 15:26	1ES 2:19	med	kjv	4	0.383	G0156,0935,1510,2453
MRK 15:27	ZEC 4:3	high	kjv	3	0.463	G1188,1520,2176
MRK 15:29	LAM 2:15	med	kjv	4	0.401	G2776,2795,3004,3899
MRK 15:34	NEH 9:4	med	kjv	5	0.374	G0994,2316,2424,3173,5456
MRK 15:35	1KI 18:15	med	kjv	3	0.381	G3004,3708,3936
MRK 15:37	NEH 9:4	high	kjv	3	0.506	G2424,3173,5456
MRK 15:39	SIR 37:9	high	kjv	3	0.476	G1727,3004,3708
MRK 15:39	1KI 18:15	high	kjv	3	0.465	G3004,3708,3936
MRK 15:39	JOB 36:25	med	kjv	3	0.402	G0444,1510,3708
MRK 15:40	4MA 16:5	high	kjv	3	0.468	G1135,1510,3384
MRK 15:40	1CH 2:26	med	kjv	3	0.344	G1135,1510,3384
MRK 15:42	JDT 13:1	med	kjv	3	0.304	G1096,1510,3798
MRK 15:46	ISA 22:16	high	kjv	4	0.472	G1510,2998,3419,4073
MRK 16:5	1MA 14:9	med	kjv	3	0.304	G2521,3495,4749
MRK 16:6	BEL 1:24	med	kjv	3	0.302	G1510,3004,3361
MRK 16:10	NEH 1:4	high	kjv	3	0.467	G1096,2799,3996
MRK 16:10	JDG 14:17	med	kjv	3	0.431	G0518,1096,2799
MRK 16:15	2SA 18:22	med	kjv	3	0.357	G2098,3004,4198
MRK 16:19	JOS 20:1	high	kjv	3	0.489	G2424,2962,2980
MRK 16:19	JER 23:37	med	kjv	3	0.359	G2316,2962,2980
MRK 16:19	2KI 2:11	med	kjv	3	0.33	G0353,2980,3772
LUK 1:2	JER 26:1	med	kjv	3	0.367	G0746,1096,3056
LUK 1:5	1SA 27:6	med	kjv	4	0.409	G0935,1096,2250,2449
LUK 1:5	2CH 13:10	med	kjv	3	0.393	G0002,2183,2409
LUK 1:5	2SA 14:27	med	kjv	5	0.378	G0007,1096,1135,2364,3686
LUK 1:6	2KI 17:19	high	kjv	5	0.495	G1345,1785,2316,2962,4198
LUK 1:6	DEU 10:13	high	kjv	5	0.465	G1345,1510,1785,2316,2962
LUK 1:6	JOB 15:14	med	kjv	3	0.449	G0273,1342,1510
LUK 1:7	GEN 24:1	med	kjv	3	0.416	G1510,2250,4260
LUK 1:7	EXO 23:26	med	kjv	3	0.409	G1510,2250,4723
LUK 1:10	1ES 9:11	med	kjv	3	0.369	G1510,4128,5610
LUK 1:11	1CH 21:18	high	kjv	4	0.458	G0032,2379,2476,2962
LUK 1:11	2KI 11:11	med	kjv	3	0.38	G1188,2379,2476
LUK 1:11	2CH 23:10	med	kjv	3	0.366	G1188,2379,2476
LUK 1:12	DAN 4:5	high	kjv	3	0.497	G1968,3708,5401
LUK 1:13	DAN 10:12	med	kjv	4	0.428	G1522,3004,3361,5399
LUK 1:13	1MA 2:2	med	kjv	3	0.403	G2491,2564,5207
LUK 1:13	PSA 145:19	med	kjv	3	0.337	G1162,1522,5399
LUK 1:14	JON 4:6	med	kjv	3	0.354	G1510,5463,5479
LUK 1:15	ISA 24:9	med	kjv	3	0.41	G3631,4095,4608
LUK 1:15	DEU 29:5	med	kjv	4	0.41	G2962,3631,4095,4608
LUK 1:15	BEL 1:24	med	kjv	3	0.354	G1510,3361,4095
LUK 1:16	2CH 15:4	high	kjv	4	0.643	G1994,2316,2474,2962
LUK 1:16	JER 27:4	high	kjv	3	0.474	G2316,2474,2962
LUK 1:16	HOS 14:1	high	kjv	4	0.454	G1994,2316,2474,2962
LUK 1:17	JER 5:23	med	kjv	3	0.347	G0545,2588,2992
LUK 1:18	1SA 2:32	high	kjv	3	0.473	G1510,2250,4246
LUK 1:18	GEN 24:1	med	kjv	3	0.391	G1510,2250,4260
LUK 1:18	JDG 13:21	med	kjv	3	0.38	G0032,1097,1135
LUK 1:19	ZEC 6:4	high	kjv	5	0.478	G0032,0611,1510,2980,3004
LUK 1:19	ZEC 4:5	med	kjv	5	0.432	G0032,0611,1510,2980,3004
LUK 1:19	ZEC 6:5	med	kjv	6	0.404	G0032,0611,1510,2980,3004,3936
LUK 1:20	ECC 1:8	med	kjv	5	0.38	G1410,2980,3056,3708,4137
LUK 1:20	1KI 1:14	med	kjv	3	0.363	G2980,3056,4137
LUK 1:20	AMO 5:13	med	kjv	3	0.358	G1510,2540,4623
LUK 1:23	2CH 31:16	med	kjv	3	0.42	G2250,3009,3624
LUK 1:23	1KI 8:10	med	kjv	3	0.39	G1096,3624,4130
LUK 1:24	JDG 13:3	med	kjv	3	0.412	G1135,3004,4815
LUK 1:24	GEN 29:14	med	kjv	3	0.392	G2250,3004,3376
LUK 1:25	ZEC 9:1	med	kjv	3	0.382	G0444,1896,2962
LUK 1:25	ISA 25:8	med	kjv	3	0.361	G0851,2962,3681
LUK 1:27	DEU 22:23	high	kjv	3	0.542	G0435,3423,3933
LUK 1:28	ISA 48:22	med	kjv	3	0.393	G2962,3004,5463
LUK 1:28	ISA 57:21	med	kjv	3	0.38	G2962,3004,5463
LUK 1:30	DAN 10:12	high	kjv	4	0.456	G2316,3004,3361,5399
LUK 1:30	GEN 6:8	med	kjv	3	0.336	G2147,2316,5485
LUK 1:30	SIR 1:13	med	kjv	3	0.333	G2147,5399,5485
LUK 1:31	GEN 38:4	high	kjv	5	0.749	G2564,3686,4815,5088,5207
LUK 1:31	HOS 1:8	high	kjv	3	0.613	G4815,5088,5207
LUK 1:31	1CH 7:23	high	kjv	5	0.584	G1064,2564,3686,5088,5207
LUK 1:32	1KI 5:5	high	kjv	7	0.543	G1138,1325,2316,2362,2962,3962,5207
LUK 1:32	PSA 82:6	high	kjv	4	0.529	G1510,2316,5207,5310
LUK 1:32	2SA 22:14	med	kjv	3	0.411	G1325,2962,5310
LUK 1:33	AMO 9:8	high	kjv	4	0.54	G0932,2384,3624,5056
LUK 1:33	ECC 4:14	med	kjv	3	0.441	G0932,0936,3624
LUK 1:34	ZEC 4:5	high	kjv	4	0.472	G0032,1097,1510,3004
LUK 1:34	HAG 1:13	med	kjv	3	0.447	G0032,1510,3004
LUK 1:34	JDG 8:1	med	kjv	3	0.401	G0435,3004,3137
LUK 1:35	PSA 82:6	med	kjv	4	0.358	G2316,3004,5207,5310
LUK 1:35	ZEC 6:4	med	kjv	3	0.351	G0032,0611,3004
LUK 1:35	ZEC 4:5	med	kjv	3	0.317	G0032,0611,3004
LUK 1:36	JDG 13:3	high	kjv	4	0.476	G3708,4723,4815,5207
LUK 1:36	GEN 30:19	med	kjv	3	0.426	G1623,4815,5207
LUK 1:36	GEN 38:4	med	kjv	3	0.332	G2564,4815,5207
LUK 1:37	GEN 18:14	high	kjv	3	0.605	G0101,2316,4487
LUK 1:37	DEU 17:8	high	kjv	3	0.512	G0101,2316,4487
LUK 1:38	2SA 14:15	high	kjv	5	0.515	G1399,2962,3004,3708,4487
LUK 1:38	EXO 4:19	med	kjv	4	0.447	G0565,2962,3004,3137
LUK 1:38	2SA 14:12	med	kjv	3	0.407	G1399,2962,3004
LUK 1:39	JER 33:13	med	kjv	3	0.342	G2455,3714,4172
LUK 1:39	1KI 11:18	med	kjv	3	0.33	G0450,3137,4172
LUK 1:42	NEH 5:1	med	kjv	3	0.406	G1135,2906,3173
LUK 1:42	GEN 30:2	med	kjv	3	0.379	G2590,2836,3004
LUK 1:42	JON 2:2	med	kjv	3	0.33	G2836,2906,3004
LUK 1:45	EXO 29:26	med	kjv	3	0.404	G1510,2962,5050
LUK 1:45	4MA 7:22	med	kjv	3	0.345	G1510,3107,4100
LUK 1:46	EZK 24:9	high	kjv	3	0.624	G2962,3004,3170
LUK 1:46	EXO 4:19	high	kjv	4	0.497	G2962,3004,3137,5590
LUK 1:46	PSA 104:1	med	kjv	3	0.449	G2962,3170,5590
LUK 1:47	HAB 3:18	high	kjv	3	0.747	G0021,2316,4990
LUK 1:47	PSA 95:1	high	kjv	3	0.525	G0021,2316,4990
LUK 1:48	1SA 1:11	med	kjv	3	0.319	G1399,1914,5014
LUK 1:49	1CH 11:24	high	kjv	3	0.628	G1415,3686,4160
LUK 1:49	2SA 23:22	high	kjv	3	0.628	G1415,3686,4160
LUK 1:49	1CH 17:8	med	kjv	3	0.429	G3173,3686,4160
LUK 1:51	PSA 89:10	high	kjv	3	0.604	G1023,1287,5244
LUK 1:51	DEU 8:17	med	kjv	3	0.37	G2588,2904,4160
LUK 1:53	PSA 107:9	high	kjv	4	0.614	G0018,1705,2756,3983
LUK 1:54	PSS 16:3	high	kjv	3	0.513	G0482,1656,2474
LUK 1:55	2CH 20:7	high	kjv	3	0.582	G0011,0165,4690
LUK 1:55	GEN 28:4	high	kjv	3	0.54	G0011,3962,4690
LUK 1:55	PSS 9:9	high	kjv	3	0.496	G0011,0165,4690
LUK 1:56	JDT 8:4	med	kjv	3	0.335	G3376,3624,5140
LUK 1:58	GEN 21:6	med	kjv	3	0.431	G0191,2962,4796
LUK 1:58	2SA 7:22	med	kjv	3	0.31	G0191,2962,3170
LUK 1:59	GEN 21:4	high	kjv	3	0.478	G2250,3590,4059
LUK 1:59	LEV 12:3	high	kjv	3	0.474	G2250,3590,4059
LUK 1:59	LEV 9:1	med	kjv	4	0.389	G1096,2250,2564,3590
LUK 1:60	1KI 1:28	med	kjv	3	0.416	G0611,2564,3004
LUK 1:61	HOS 1:9	high	kjv	4	0.532	G1510,2564,3004,3686
LUK 1:61	1SA 18:18	high	kjv	3	0.481	G1510,3004,4772
LUK 1:61	GEN 35:10	med	kjv	4	0.433	G1510,2564,3004,3686
LUK 1:64	JOB 33:2	high	kjv	4	0.881	G0455,1100,2980,4750
LUK 1:64	PSA 109:2	high	kjv	4	0.638	G0455,1100,2980,4750
LUK 1:64	SIR 51:25	high	kjv	3	0.52	G0455,2980,4750
LUK 1:65	JDT 4:7	med	kjv	3	0.406	G2449,3714,3956
LUK 1:65	JDT 15:2	med	kjv	3	0.389	G3714,3956,5401
LUK 1:65	1ES 9:3	med	kjv	4	0.351	G1096,2449,3650,3956
LUK 1:66	JOB 11:13	high	kjv	3	0.486	G2588,5087,5495
LUK 1:66	MAL 1:1	high	kjv	4	0.469	G2588,2962,5087,5495
LUK 1:66	2CH 20:13	med	kjv	3	0.431	G2962,3813,3956
LUK 1:68	PSA 106:48	med	kjv	5	0.402	G2128,2316,2474,2962,2992
LUK 1:68	EXO 3:16	med	kjv	4	0.388	G1980,2316,2474,2962
LUK 1:68	PSA 41:13	med	kjv	4	0.378	G2128,2316,2474,2962
LUK 1:70	PSA 145:21	high	kjv	4	0.524	G0040,0165,2980,4750
LUK 1:70	DEU 18:18	high	kjv	3	0.501	G2980,4396,4750
LUK 1:70	2CH 18:22	high	kjv	3	0.484	G2980,4396,4750
LUK 1:71	PSA 21:8	high	kjv	4	0.617	G2190,3404,3956,5495
LUK 1:71	SIR 25:14	high	kjv	3	0.563	G2190,3404,3956
LUK 1:71	PSA 106:10	high	kjv	3	0.555	G2190,3404,5495
LUK 1:72	PSA 106:45	high	kjv	3	0.711	G1242,1656,3403
LUK 1:72	PSA 103:18	high	kjv	3	0.53	G1242,3403,4160
LUK 1:72	2CH 24:22	high	kjv	4	0.505	G1656,3403,3962,4160
LUK 1:73	GEN 26:3	high	kjv	5	0.711	G0011,1325,3660,3727,3962
LUK 1:73	MIC 7:20	high	kjv	4	0.56	G0011,1325,3660,3962
LUK 1:73	JER 11:5	high	kjv	4	0.534	G1325,3660,3727,3962
LUK 1:74	JOB 6:23	high	kjv	3	0.546	G2190,4506,5495
LUK 1:74	PSA 31:15	med	kjv	3	0.428	G2190,4506,5495
LUK 1:74	PSA 17:13	med	kjv	3	0.422	G2190,4506,5495
LUK 1:76	2SA 12:25	med	kjv	3	0.342	G2564,2962,4396
LUK 1:79	PSA 107:10	high	kjv	4	0.504	G2288,2521,4639,4655
LUK 1:79	PSA 107:14	med	kjv	3	0.405	G2288,4639,4655
LUK 1:79	JOB 3:5	med	kjv	3	0.381	G2288,4639,4655
LUK 1:80	GEN 21:20	high	kjv	4	0.522	G0837,1510,2048,3813
LUK 1:80	GEN 21:8	med	kjv	3	0.328	G0837,2250,3813
LUK 2:3	MIC 4:5	med	kjv	3	0.339	G1538,3956,4198
LUK 2:4	JDG 1:22	med	kjv	3	0.392	G0305,1510,2501
LUK 2:4	1MA 5:23	med	kjv	3	0.354	G1056,1510,2449
LUK 2:4	EZR 1:3	med	kjv	4	0.349	G0305,1510,2449,3624
LUK 2:6	GEN 35:17	med	kjv	3	0.425	G1096,1510,5088
LUK 2:7	2SA 3:2	med	kjv	4	0.359	G1510,4416,5088,5207
LUK 2:7	1CH 3:1	med	kjv	4	0.312	G1510,4416,5088,5207
LUK 2:7	1CH 2:27	med	kjv	3	0.306	G1510,4416,5207
LUK 2:8	NUM 18:5	med	kjv	3	0.31	G1510,5438,5442
LUK 2:9	ISA 33:7	med	kjv	3	0.441	G0032,5399,5401
LUK 2:9	JON 1:10	med	kjv	4	0.408	G2962,3173,5399,5401
LUK 2:9	JON 1:16	med	kjv	4	0.402	G2962,3173,5399,5401
LUK 2:10	DAN 10:12	med	kjv	3	0.411	G3004,3361,5399
LUK 2:10	BEL 1:24	med	kjv	3	0.379	G1510,3004,3361
LUK 2:10	HAG 1:13	med	kjv	4	0.354	G0032,1510,2992,3004
LUK 2:11	PSA 28:8	med	kjv	3	0.433	G1510,2962,5547
LUK 2:11	1SA 24:6	med	kjv	4	0.403	G1138,1510,2962,5547
LUK 2:11	1SA 26:9	med	kjv	3	0.393	G1138,2962,5547
LUK 2:13	JOB 38:7	med	kjv	3	0.355	G0032,0134,1096
LUK 2:13	3MA 6:18	med	kjv	3	0.334	G0032,2316,3770
LUK 2:14	PSA 97:9	med	kjv	3	0.357	G1093,2316,5310
LUK 2:15	JER 11:18	med	kjv	3	0.398	G1107,2962,3708
LUK 2:15	ISA 16:13	med	kjv	3	0.339	G2962,2980,4487
LUK 2:15	1KI 1:27	med	kjv	4	0.324	G1096,1107,2962,4487
LUK 2:18	1SA 25:7	med	kjv	3	0.383	G0191,3956,4166
LUK 2:20	PSA 87:3	med	kjv	3	0.441	G1392,2316,2980
LUK 2:21	GEN 38:4	med	kjv	3	0.435	G2564,3686,4815
LUK 2:21	JOS 5:3	med	kjv	3	0.374	G2424,2564,4059
LUK 2:21	2KI 14:7	med	kjv	4	0.335	G2250,2564,3686,4815
LUK 2:22	NUM 14:13	med	kjv	3	0.328	G0321,2962,3475
LUK 2:23	NUM 8:16	high	kjv	3	0.499	G1272,3388,3956
LUK 2:23	NUM 3:12	med	kjv	3	0.446	G1272,3388,3956
LUK 2:23	LEV 6:22	med	kjv	4	0.423	G0040,0730,2962,3956
LUK 2:24	LEV 1:14	med	kjv	3	0.424	G2962,4058,5167
LUK 2:24	LEV 5:11	med	kjv	3	0.409	G2201,4058,5167
LUK 2:24	LEV 15:14	med	kjv	4	0.37	G1325,2962,4058,5167
LUK 2:25	1MA 12:9	med	kjv	3	0.362	G0040,1510,3874
LUK 2:26	1SA 16:6	med	kjv	3	0.369	G2962,3708,5547
LUK 2:26	PSA 28:8	med	kjv	3	0.307	G1510,2962,5547
LUK 2:28	2SA 24:23	med	kjv	3	0.332	G2127,2316,3004
LUK 2:31	2CH 29:36	high	kjv	3	0.511	G2090,2992,3956
LUK 2:32	BAR 5:9	med	kjv	3	0.323	G1391,2474,5457
LUK 2:32	PRO 14:28	med	kjv	3	0.321	G1391,1484,2992
LUK 2:32	PSA 96:3	med	kjv	3	0.304	G1391,1484,2992
LUK 2:33	GEN 20:12	med	kjv	3	0.402	G1510,3384,3962
LUK 2:34	JOS 4:6	med	kjv	3	0.309	G2749,3004,4592
LUK 2:35	2CH 15:12	med	kjv	3	0.344	G1330,2588,5590
LUK 2:40	GEN 21:20	high	kjv	4	0.513	G0837,1510,2316,3813
LUK 2:40	GEN 1:22	med	kjv	3	0.398	G0837,2316,4137
LUK 2:40	GEN 9:1	med	kjv	3	0.367	G0837,2316,4137
LUK 2:44	JOB 3:4	med	kjv	3	0.347	G0327,1510,2064
LUK 2:47	1SA 17:11	med	kjv	3	0.403	G0191,1839,3956
LUK 2:48	4MA 8:4	med	kjv	3	0.383	G1605,3384,3708
LUK 2:48	EZK 16:45	med	kjv	3	0.3	G3384,3962,5043
LUK 2:49	ZEC 4:13	high	kjv	3	0.656	G1492,1510,3004
LUK 2:49	TOB 5:4	high	kjv	3	0.581	G1492,1510,2212
LUK 2:49	EXO 8:6	high	kjv	3	0.455	G1492,1510,3004
LUK 2:52	GEN 43:13	med	kjv	3	0.34	G0444,2316,5485
LUK 3:3	PRO 14:15	med	kjv	3	0.347	G2064,3341,3956
LUK 3:4	ISA 40:3	high	kjv	9	0.733	G0994,2048,2090,2117,2962,3598,4160,5147,5456
LUK 3:4	ISA 38:4	med	kjv	3	0.388	G2268,2962,3056
LUK 3:4	2CH 32:20	med	kjv	3	0.344	G0994,2268,4396
LUK 3:5	ISA 40:4	high	kjv	12	1.0	G1015,1510,2117,3006,3598,3735,3956,4137,4646,5013,5138,5327
LUK 3:5	BAR 5:7	med	kjv	5	0.402	G3735,3956,4137,5013,5327
LUK 3:5	PSS 11:4	med	kjv	3	0.325	G1015,3735,5013
LUK 3:6	ISA 40:5	high	kjv	4	0.572	G2316,3708,3956,4561
LUK 3:6	JER 32:27	high	kjv	3	0.476	G2316,3956,4561
LUK 3:6	GEN 6:12	high	kjv	4	0.457	G2316,3708,3956,4561
LUK 3:15	PSA 28:8	med	kjv	3	0.36	G1510,2992,5547
LUK 3:16	JOS 5:15	med	kjv	5	0.381	G0040,1510,3004,3089,5266
LUK 3:16	ISA 5:27	med	kjv	3	0.377	G2438,3089,5266
LUK 3:16	EXO 3:5	med	kjv	5	0.372	G0040,1510,3004,3089,5266
LUK 3:19	1KI 16:30	high	kjv	3	0.535	G3956,4160,4190
LUK 3:19	2KI 24:19	high	kjv	3	0.535	G3956,4160,4190
LUK 3:19	DEU 19:19	high	kjv	3	0.508	G0080,4160,4190
LUK 3:23	JDG 1:22	med	kjv	3	0.404	G1510,2501,5207
LUK 3:33	1CH 4:1	high	kjv	3	0.726	G2074,2455,5329
LUK 3:33	1CH 2:10	high	kjv	3	0.514	G0284,0689,2455
LUK 3:34	JOS 24:2	high	kjv	3	0.555	G0011,2291,3493
LUK 3:34	LEV 26:42	high	kjv	3	0.482	G0011,2384,2464
LUK 3:34	EXO 4:5	high	kjv	3	0.462	G0011,2384,2464
LUK 3:37	GEN 4:18	high	kjv	3	0.817	G1802,3103,3121
LUK 3:38	1CH 1:1	high	kjv	3	0.987	G0076,1800,4589
LUK 3:38	GEN 4:26	high	kjv	3	0.62	G1800,2316,4589
LUK 4:1	EZK 36:38	med	kjv	3	0.339	G0040,2048,4134
LUK 4:3	JOB 1:6	high	kjv	3	0.509	G1096,1228,2316
LUK 4:3	JOB 2:1	high	kjv	3	0.484	G1096,1228,2316
LUK 4:3	JOB 1:12	high	kjv	3	0.47	G1228,1510,3004
LUK 4:4	NUM 14:38	high	kjv	3	0.488	G0444,2198,2424
LUK 4:4	DEU 8:3	med	kjv	4	0.338	G0444,0740,2198,3441
LUK 4:6	JOB 2:6	high	kjv	3	0.467	G1228,3004,3860
LUK 4:6	JOB 1:12	med	kjv	3	0.384	G1228,1325,3004
LUK 4:6	1MA 10:6	med	kjv	4	0.355	G1325,1849,3004,3860
LUK 4:7	2SA 16:4	high	kjv	3	0.551	G1510,3956,4352
LUK 4:8	JOS 24:21	high	kjv	4	0.576	G2424,2962,3000,3004
LUK 4:8	JOS 24:24	high	kjv	4	0.487	G2424,2962,3000,3004
LUK 4:8	JOS 24:16	high	kjv	5	0.459	G0611,2316,2962,3000,3004
LUK 4:9	1MA 13:52	med	kjv	3	0.377	G0071,2411,2476
LUK 4:9	1SA 14:42	med	kjv	4	0.36	G0906,1510,3004,5207
LUK 4:9	RUT 3:9	med	kjv	3	0.342	G1510,3004,4419
LUK 4:10	PSA 91:11	high	kjv	3	0.824	G0032,1314,1781
LUK 4:11	PSA 91:12	high	kjv	4	0.906	G3037,4228,4350,5495
LUK 4:12	DEU 6:16	med	kjv	3	0.445	G1598,2316,2962
LUK 4:12	JOS 7:20	med	kjv	5	0.373	G0611,2316,2424,2962,3004
LUK 4:12	JOS 4:15	med	kjv	3	0.337	G2424,2962,3004
LUK 4:15	LEV 10:3	med	kjv	3	0.415	G1392,3956,4864
LUK 4:17	2CH 32:32	med	kjv	4	0.402	G0975,1125,2268,4396
LUK 4:17	NEH 8:5	med	kjv	3	0.391	G0455,0975,1510
LUK 4:18	ISA 61:1	high	kjv	11	0.897	G0164,0309,0649,0859,2097,2784,2962,4151,4434,5185,5548
LUK 4:19	ISA 61:2	high	kjv	3	0.453	G1184,1763,2962
LUK 4:22	2CH 28:10	med	kjv	4	0.365	G1510,3004,3140,5207
LUK 4:22	DEU 31:19	med	kjv	3	0.347	G3140,4750,5207
LUK 4:22	GEN 43:2	med	kjv	3	0.347	G1510,3004,3140
LUK 4:23	EZK 18:3	med	kjv	3	0.324	G1096,3004,3850
LUK 4:25	MAL 4:6	med	kjv	3	0.334	G2243,2250,3173
LUK 4:25	1MA 9:24	med	kjv	4	0.314	G1096,2250,3042,3173
LUK 4:25	JDT 8:4	med	kjv	4	0.309	G1510,2094,3376,5140
LUK 4:26	1KI 17:9	high	kjv	3	0.491	G1135,4558,5503
LUK 4:26	1KI 17:10	med	kjv	3	0.311	G1135,4558,5503
LUK 4:27	2KI 5:20	med	kjv	3	0.414	G1666,3497,4948
LUK 4:27	2KI 5:8	med	kjv	5	0.394	G1510,1666,2474,3497,4396
LUK 4:27	2KI 5:14	med	kjv	3	0.33	G1666,2511,3497
LUK 4:28	JER 6:11	med	kjv	3	0.416	G2372,4130,4864
LUK 4:31	JOS 20:7	med	kjv	3	0.307	G1056,1510,4172
LUK 4:33	EZK 9:1	med	kjv	4	0.412	G0349,2192,3173,5456
LUK 4:33	1MA 2:27	med	kjv	3	0.385	G0349,3173,5456
LUK 4:33	1SA 4:5	med	kjv	3	0.373	G0349,3173,5456
LUK 4:34	LEV 20:7	high	kjv	3	0.451	G0040,1510,2316
LUK 4:34	JOB 20:7	med	kjv	3	0.417	G0622,1492,1510
LUK 4:36	ZEC 7:4	med	kjv	4	0.321	G1096,1411,3004,3056
LUK 4:40	1KI 22:36	med	kjv	3	0.411	G1416,1538,2246
LUK 4:40	JDG 19:14	med	kjv	3	0.353	G1416,2192,2246
LUK 4:40	LEV 8:27	med	kjv	3	0.3	G0537,2007,5495
LUK 4:42	DEU 11:5	med	kjv	3	0.365	G2048,2064,5117
LUK 4:42	GEN 13:3	med	kjv	4	0.337	G2048,2064,4198,5117
LUK 4:43	2SA 18:26	med	kjv	3	0.43	G2087,2097,3004
LUK 5:1	NEH 4:4	med	kjv	3	0.315	G0191,1096,2316
LUK 5:6	EZK 47:10	med	kjv	3	0.327	G2486,4128,4183
LUK 5:10	1MA 13:53	med	kjv	4	0.306	G1510,2491,4613,5207
LUK 5:10	DAN 10:12	med	kjv	3	0.305	G3004,3361,5399
LUK 5:11	EZK 27:29	med	kjv	3	0.378	G1093,3956,4143
LUK 5:12	JOS 7:10	med	kjv	5	0.408	G2424,2962,3004,4098,4383
LUK 5:12	LEV 14:7	med	kjv	3	0.399	G1510,2511,3014
LUK 5:12	LEV 13:42	med	kjv	3	0.334	G1096,1510,3014
LUK 5:13	SIR 15:16	med	kjv	3	0.424	G1614,2309,5495
LUK 5:13	2KI 6:7	med	kjv	3	0.36	G1614,3004,5495
LUK 5:14	EXO 16:19	med	kjv	3	0.356	G3004,3367,3475
LUK 5:17	2KI 15:29	med	kjv	4	0.429	G1056,2064,2250,3956
LUK 5:17	JOS 15:46	med	kjv	3	0.395	G1510,2968,3956
LUK 5:17	1MA 7:46	med	kjv	4	0.359	G1520,2449,2968,3956
LUK 5:18	GEN 19:11	med	kjv	4	0.428	G0435,1510,2212,3886
LUK 5:18	2CH 31:6	med	kjv	3	0.357	G1533,5087,5342
LUK 5:18	ISA 41:12	med	kjv	3	0.326	G0444,1510,2212
LUK 5:20	PSA 25:18	med	kjv	3	0.446	G0266,0863,3708
LUK 5:20	ISA 33:24	med	kjv	3	0.4	G0266,0863,3004
LUK 5:21	1ES 4:7	med	kjv	4	0.328	G0863,1510,3004,3441
LUK 5:21	BEL 1:24	med	kjv	3	0.318	G1510,3004,3361
LUK 5:21	EZK 35:12	med	kjv	3	0.315	G0988,1510,3004
LUK 5:22	JOS 7:20	med	kjv	3	0.359	G0611,2424,3004
LUK 5:23	1MA 3:18	med	kjv	3	0.41	G1510,2123,3004
LUK 5:23	PRO 6:22	med	kjv	3	0.358	G1453,1510,4043
LUK 5:24	SIR 10:4	med	kjv	3	0.376	G1093,1453,1849
LUK 5:24	1SA 14:3	med	kjv	4	0.365	G0142,1492,4198,5207
LUK 5:25	JDG 20:8	med	kjv	3	0.311	G0450,0565,3624
LUK 5:25	1KI 14:28	med	kjv	3	0.3	G0142,2316,3624
LUK 5:26	WIS 5:2	med	kjv	3	0.443	G3708,3861,5401
LUK 5:27	1KI 2:36	med	kjv	3	0.321	G1831,2521,3004
LUK 5:29	1ES 3:1	med	kjv	3	0.406	G1403,3173,4160
LUK 5:29	GEN 21:8	med	kjv	3	0.332	G1403,3173,4160
LUK 5:29	EST 5:4	med	kjv	3	0.304	G1403,1510,4160
LUK 5:31	PSA 16:2	high	kjv	3	0.459	G2192,3004,5532
LUK 5:31	DAN 3:16	high	kjv	4	0.454	G0611,2192,3004,5532
LUK 5:31	TOB 10:6	med	kjv	3	0.411	G2192,3004,5198
LUK 5:33	EST 4:16	med	kjv	3	0.335	G2068,3522,4095
LUK 5:33	2SA 12:21	med	kjv	5	0.321	G2068,3004,3522,4095,4160
LUK 5:37	JOS 9:4	med	kjv	3	0.419	G0779,3631,3820
LUK 5:37	JOS 9:13	med	kjv	3	0.385	G0779,3631,4486
LUK 5:38	JOS 9:13	high	kjv	3	0.527	G0779,2537,3631
LUK 5:39	GEN 39:8	med	kjv	4	0.365	G1510,2309,3004,3762
LUK 5:39	JOB 31:31	med	kjv	3	0.322	G1510,3004,5543
LUK 5:39	GEN 19:31	med	kjv	4	0.318	G1510,3004,3501,3762
LUK 6:2	1MA 2:34	high	kjv	3	0.594	G3004,4160,4521
LUK 6:3	JOS 7:20	high	kjv	4	0.467	G0611,2424,3004,4160
LUK 6:3	HAB 2:2	med	kjv	3	0.43	G0314,0611,3004
LUK 6:3	JOS 1:16	med	kjv	4	0.411	G0611,2424,3004,4160
LUK 6:4	1SA 21:5	high	kjv	5	0.472	G0740,1325,2409,2983,4286
LUK 6:4	DAN 10:12	med	kjv	4	0.443	G1325,1525,2316,3361
LUK 6:4	2CH 4:19	med	kjv	3	0.357	G0740,3624,4286
LUK 6:5	EXO 16:25	high	kjv	4	0.582	G1510,2962,3004,4521
LUK 6:5	LEV 19:30	high	kjv	3	0.534	G1510,2962,4521
LUK 6:5	LEV 26:2	high	kjv	3	0.534	G1510,2962,4521
LUK 6:6	GEN 1:9	med	kjv	3	0.407	G1096,3584,4864
LUK 6:6	EXO 14:22	med	kjv	3	0.379	G1188,1525,3584
LUK 6:6	PSA 95:5	med	kjv	3	0.34	G1510,3584,5495
LUK 6:9	1CH 21:17	med	kjv	3	0.424	G0015,2554,3004
LUK 6:9	1SA 23:2	med	kjv	3	0.329	G1905,3004,4982
LUK 6:10	1MA 6:25	high	kjv	3	0.479	G1614,3956,5495
LUK 6:10	2KI 6:7	med	kjv	3	0.437	G1614,3004,5495
LUK 6:12	DAN 9:20	med	kjv	4	0.405	G2316,3735,4335,4336
LUK 6:12	1KI 8:29	med	kjv	4	0.36	G1510,2250,4335,4336
LUK 6:12	1KI 8:28	med	kjv	3	0.353	G2316,4335,4336
LUK 6:14	1MA 16:2	med	kjv	3	0.335	G0080,2491,4613
LUK 6:17	JDT 2:28	med	kjv	4	0.424	G3882,3956,4605,5184
LUK 6:17	JOS 9:1	med	kjv	3	0.392	G3882,3956,3977
LUK 6:17	2CH 1:15	med	kjv	3	0.329	G2449,3977,4128
LUK 6:18	EXO 15:26	med	kjv	3	0.324	G0191,2390,3554
LUK 6:20	AMO 6:2	med	kjv	3	0.423	G0932,1510,5212
LUK 6:20	EZK 18:6	med	kjv	3	0.302	G1510,1869,3788
LUK 6:22	SIR 7:26	high	kjv	3	0.45	G1510,1544,3404
LUK 6:22	NEH 6:13	med	kjv	3	0.369	G3679,3686,4190
LUK 6:22	SIR 8:5	med	kjv	3	0.33	G0444,1510,3679
LUK 6:26	JER 26:16	med	kjv	4	0.42	G0444,3004,3956,5578
LUK 6:26	JER 26:11	med	kjv	4	0.377	G0444,3004,3956,5578
LUK 6:26	JER 6:13	med	kjv	3	0.359	G3956,4160,5578
LUK 6:31	EST 6:6	high	kjv	3	0.729	G0444,2309,4160
LUK 6:33	NUM 10:32	high	kjv	3	0.649	G0015,1510,4160
LUK 6:33	SIR 12:1	med	kjv	3	0.392	G1510,4160,5485
LUK 6:33	1CH 21:17	med	kjv	3	0.381	G0015,1510,4160
LUK 6:34	EXO 30:34	med	kjv	3	0.312	G1510,2470,2983
LUK 6:39	ISA 47:11	med	kjv	3	0.442	G0999,1410,1706
LUK 6:41	GEN 45:12	med	kjv	3	0.311	G0080,0991,3788
LUK 6:43	NUM 13:20	med	kjv	3	0.407	G1186,1510,2590
LUK 6:43	EZK 17:8	med	kjv	4	0.401	G1510,2570,2590,4160
LUK 6:44	NUM 13:20	med	kjv	3	0.307	G1186,2590,4718
LUK 6:45	ECC 2:15	med	kjv	3	0.4	G2588,2980,4051
LUK 6:46	HOS 2:16	high	kjv	3	0.664	G2564,2962,3004
LUK 6:46	1SA 3:4	high	kjv	3	0.59	G2564,2962,3004
LUK 6:46	GEN 12:18	high	kjv	3	0.524	G2564,3004,4160
LUK 6:47	EZK 5:9	high	kjv	3	0.599	G3664,3956,4160
LUK 6:47	1CH 17:20	high	kjv	4	0.514	G0191,1510,3664,3956
LUK 6:47	ISA 62:7	high	kjv	3	0.502	G1510,3664,4160
LUK 6:49	ISA 25:2	med	kjv	3	0.316	G2310,3618,4098
LUK 6:49	ISA 62:7	med	kjv	4	0.307	G1093,1510,3664,4160
LUK 7:1	1KI 13:33	med	kjv	3	0.353	G2992,4137,4487
LUK 7:2	NEH 5:5	med	kjv	3	0.301	G1401,1510,1784
LUK 7:3	NEH 2:19	med	kjv	3	0.344	G0191,1401,2064
LUK 7:4	JOS 9:8	med	kjv	4	0.413	G1510,2424,3004,3854
LUK 7:4	4MA 17:8	med	kjv	3	0.326	G0514,1510,3004
LUK 7:6	DAN 10:12	med	kjv	4	0.308	G1525,2962,3004,3361
LUK 7:7	JER 17:15	med	kjv	3	0.416	G2064,3004,3056
LUK 7:7	NUM 22:16	med	kjv	3	0.352	G0515,2064,3004
LUK 7:8	TOB 11:5	med	kjv	4	0.317	G0444,2064,3004,4198
LUK 7:8	1MA 1:13	med	kjv	3	0.316	G1849,4160,4198
LUK 7:8	2KI 6:3	med	kjv	3	0.311	G1401,3004,4198
LUK 7:11	2SA 15:12	med	kjv	5	0.368	G1096,2564,4172,4183,4198
LUK 7:11	JDG 1:26	med	kjv	3	0.33	G2564,4172,4198
LUK 7:13	DAN 10:12	high	kjv	3	0.494	G2962,3004,3361
LUK 7:16	EXO 3:16	med	kjv	3	0.353	G1980,2316,3004
LUK 7:17	JER 7:1	high	kjv	3	0.501	G2449,3056,3956
LUK 7:19	EXO 8:6	med	kjv	4	0.392	G0243,1510,2962,3004
LUK 7:20	1MA 16:19	med	kjv	3	0.368	G0649,2491,3854
LUK 7:20	2SA 14:29	med	kjv	3	0.341	G0649,2064,3854
LUK 7:20	EXO 8:6	med	kjv	3	0.322	G0243,1510,3004
LUK 7:22	ISA 42:18	high	kjv	5	0.524	G0191,0308,2974,3708,5185
LUK 7:22	ISA 35:5	med	kjv	3	0.345	G0191,2974,5185
LUK 7:22	EXO 4:11	med	kjv	3	0.31	G2974,3004,5185
LUK 7:24	1MA 9:36	med	kjv	3	0.402	G0565,1831,2491
LUK 7:27	2KI 14:8	high	kjv	4	0.544	G0032,0649,3708,4383
LUK 7:27	EXO 23:20	med	kjv	4	0.428	G0032,0649,3598,4383
LUK 7:27	JDG 6:22	med	kjv	4	0.389	G0032,1510,3708,4383
LUK 7:28	JOB 25:4	high	kjv	3	0.556	G1084,1135,1510
LUK 7:28	JOB 15:14	high	kjv	3	0.456	G1084,1135,1510
LUK 7:28	JOB 11:2	med	kjv	4	0.433	G1084,1135,1510,3004
LUK 7:32	TOB 10:4	med	kjv	3	0.303	G2354,3004,3813
LUK 7:33	BEL 1:24	high	kjv	4	0.473	G2068,3004,3361,4095
LUK 7:33	PRO 9:5	med	kjv	5	0.382	G0740,2064,2068,3631,4095
LUK 7:33	DEU 29:5	med	kjv	4	0.363	G0740,2068,3631,4095
LUK 7:34	EXO 24:11	med	kjv	3	0.337	G2068,3708,4095
LUK 7:36	JDG 18:15	med	kjv	3	0.414	G1525,2065,3624
LUK 7:39	SUS 1:54	med	kjv	4	0.447	G1510,3004,3708,4217
LUK 7:39	PSA 74:9	med	kjv	4	0.37	G1097,1510,3708,4396
LUK 7:39	1KI 14:2	med	kjv	4	0.319	G1097,1135,3004,4396
LUK 7:40	JOS 7:20	med	kjv	3	0.329	G0611,2424,3004
LUK 7:47	ECC 5:12	med	kjv	3	0.402	G0863,3641,4183
LUK 7:48	ISA 33:24	high	kjv	3	0.588	G0266,0863,3004
LUK 7:49	ISA 33:24	med	kjv	3	0.33	G0266,0863,3004
LUK 7:49	NUM 15:25	med	kjv	3	0.321	G0266,0863,1510
LUK 7:50	GEN 24:39	high	kjv	3	0.478	G1135,3004,4198
LUK 7:50	2SA 15:9	high	kjv	3	0.458	G1515,3004,4198
LUK 7:50	JDG 18:6	med	kjv	3	0.44	G1515,3004,4198
LUK 8:1	JOS 13:30	med	kjv	4	0.402	G0932,1096,2968,4172
LUK 8:1	PSS 11:1	med	kjv	3	0.383	G2097,2316,2784
LUK 8:2	TOB 6:8	med	kjv	4	0.385	G1135,1140,4151,4190
LUK 8:5	1KI 16:4	med	kjv	3	0.369	G2719,3772,4071
LUK 8:5	GEN 40:17	med	kjv	3	0.348	G2719,3772,4071
LUK 8:5	1KI 14:11	med	kjv	3	0.334	G2719,3772,4071
LUK 8:8	PSA 115:6	med	kjv	3	0.383	G0191,2192,3775
LUK 8:10	ISA 6:9	med	kjv	4	0.353	G0191,0991,3004,4920
LUK 8:10	DAN 10:12	med	kjv	4	0.343	G1325,2316,3004,3361
LUK 8:12	PSA 106:12	med	kjv	3	0.347	G2064,3056,4100
LUK 8:15	2SA 15:3	med	kjv	4	0.357	G0018,0191,1510,3056
LUK 8:15	JER 22:29	med	kjv	3	0.312	G0191,1093,3056
LUK 8:16	EXO 35:14	high	kjv	3	0.52	G3087,4632,5457
LUK 8:16	2KI 4:10	high	kjv	4	0.454	G1531,2825,3087,5087
LUK 8:16	ZEC 4:2	high	kjv	3	0.453	G0991,3087,3088
LUK 8:17	WIS 7:21	med	kjv	3	0.3	G1097,1510,2927
LUK 8:18	JOB 31:35	med	kjv	3	0.358	G0191,1325,2192
LUK 8:18	NUM 7:9	med	kjv	3	0.316	G0142,1325,2192
LUK 8:20	JDG 14:2	high	kjv	3	0.471	G0518,3384,3708
LUK 8:20	1MA 13:28	med	kjv	3	0.424	G0080,2476,3384
LUK 8:20	1SA 19:3	med	kjv	3	0.403	G0518,2476,3708
LUK 8:21	SIR 11:8	high	kjv	3	0.597	G0191,0611,3056
LUK 8:21	EXO 19:8	high	kjv	6	0.569	G0191,0611,2316,3004,3056,4160
LUK 8:21	JER 23:35	high	kjv	3	0.468	G0080,0611,3004
LUK 8:25	ISA 65:24	med	kjv	3	0.382	G1510,3004,5219
LUK 8:28	SIR 50:16	med	kjv	5	0.396	G0349,3173,5207,5310,5456
LUK 8:28	1MA 2:27	med	kjv	4	0.333	G0349,3004,3173,5456
LUK 8:28	PSA 82:6	med	kjv	4	0.324	G2316,3004,5207,5310
LUK 8:30	JOS 6:27	med	kjv	3	0.427	G1510,2424,3686
LUK 8:30	ZEC 4:4	med	kjv	3	0.38	G1510,1905,3004
LUK 8:34	1SA 19:3	med	kjv	3	0.409	G0068,0518,3708
LUK 8:35	1KI 13:14	med	kjv	4	0.447	G0444,2064,2147,2521
LUK 8:35	BEL 1:40	med	kjv	3	0.312	G1831,2521,3708
LUK 8:35	GEN 44:28	med	kjv	3	0.311	G1096,1831,3708
LUK 8:39	JOS 2:23	med	kjv	3	0.447	G1334,2424,5290
LUK 8:39	PSA 66:16	med	kjv	3	0.322	G1334,2316,4160
LUK 8:40	JOS 2:23	med	kjv	3	0.302	G2424,3956,5290
LUK 8:43	LEV 15:25	med	kjv	4	0.448	G0129,1135,1510,4511
LUK 8:43	LEV 15:19	med	kjv	4	0.409	G0129,1135,1510,4511
LUK 8:43	LEV 20:18	med	kjv	3	0.363	G0129,1135,4511
LUK 8:47	JER 4:24	med	kjv	3	0.33	G3708,3956,5141
LUK 8:48	2SA 15:9	high	kjv	3	0.45	G1515,3004,4198
LUK 8:48	JDG 18:6	med	kjv	3	0.432	G1515,3004,4198
LUK 8:52	JER 34:5	med	kjv	4	0.397	G0599,2799,2875,3004
LUK 8:52	JER 22:18	med	kjv	3	0.36	G2799,2875,3004
LUK 8:52	1MA 9:20	med	kjv	4	0.325	G2799,2875,3004,3956
LUK 8:55	1KI 11:18	high	kjv	3	0.45	G0450,1299,1325
LUK 8:55	ECC 12:7	med	kjv	3	0.432	G1325,1994,4151
LUK 8:55	HOS 5:4	med	kjv	3	0.375	G1325,1994,4151
LUK 9:2	TOB 12:14	med	kjv	3	0.441	G0649,2316,2390
LUK 9:2	ISA 61:1	med	kjv	3	0.401	G0649,2390,2784
LUK 9:4	JDG 19:23	med	kjv	3	0.414	G1525,1831,3614
LUK 9:8	SIR 48:1	high	kjv	3	0.48	G0450,2243,4396
LUK 9:9	1MA 13:53	med	kjv	3	0.326	G1510,2491,3708
LUK 9:13	GEN 44:25	high	kjv	3	0.581	G0059,1033,3004
LUK 9:13	GEN 42:7	med	kjv	3	0.414	G0059,1033,3004
LUK 9:13	LJE 1:24	med	kjv	3	0.39	G0059,1510,3956
LUK 9:16	1SA 21:5	med	kjv	4	0.314	G0740,1325,2983,3908
LUK 9:18	ISA 10:8	med	kjv	3	0.332	G1510,3004,3441
LUK 9:18	ZEC 4:4	med	kjv	3	0.329	G1510,1905,3004
LUK 9:18	1SA 28:16	med	kjv	3	0.314	G1096,1905,3004
LUK 9:19	SIR 48:1	med	kjv	3	0.439	G0450,2243,4396
LUK 9:20	2SA 19:20	med	kjv	3	0.443	G0611,3004,5547
LUK 9:20	2SA 1:16	med	kjv	3	0.41	G0611,3004,5547
LUK 9:23	NUM 22:20	med	kjv	3	0.324	G0190,2064,3004
LUK 9:24	AMO 2:14	med	kjv	3	0.412	G0622,4982,5590
LUK 9:26	PRO 5:7	med	kjv	3	0.399	G1699,3056,5207
LUK 9:26	TOB 11:5	med	kjv	4	0.34	G0444,2064,3962,5207
LUK 9:26	PRO 8:4	med	kjv	3	0.328	G0444,1699,5207
LUK 9:27	BEL 1:24	med	kjv	3	0.415	G1510,3004,3361
LUK 9:27	DAN 10:12	med	kjv	3	0.398	G2316,3004,3361
LUK 9:27	TOB 7:12	med	kjv	5	0.312	G1089,1510,2316,2476,3004
LUK 9:28	1MA 9:38	med	kjv	3	0.422	G0305,2491,3735
LUK 9:28	GEN 31:23	med	kjv	3	0.301	G2250,3735,3880
LUK 9:30	EXO 34:35	high	kjv	3	0.461	G3475,3708,4814
LUK 9:31	JER 29:10	med	kjv	3	0.399	G3004,3195,4137
LUK 9:34	EXO 40:35	high	kjv	3	0.635	G1525,1982,3507
LUK 9:34	2SA 6:9	med	kjv	3	0.321	G1525,3004,5399
LUK 9:35	EZK 33:32	high	kjv	3	0.454	G0191,1096,5456
LUK 9:35	EXO 18:24	med	kjv	3	0.427	G0191,3004,5456
LUK 9:35	EZK 1:20	med	kjv	3	0.425	G1510,1586,3507
LUK 9:36	JOS 10:17	med	kjv	3	0.335	G0518,2147,2424
LUK 9:38	PSA 25:16	high	kjv	3	0.461	G1510,1914,3439
LUK 9:38	2SA 2:20	med	kjv	3	0.353	G1510,1914,3004
LUK 9:38	2SA 1:7	med	kjv	3	0.324	G1914,3004,3708
LUK 9:39	DAN 8:7	med	kjv	3	0.359	G3708,4682,4937
LUK 9:41	1KI 18:17	med	kjv	3	0.352	G1294,1510,3004
LUK 9:41	JOS 3:9	med	kjv	4	0.341	G2424,3004,4317,5207
LUK 9:43	1ES 4:40	med	kjv	3	0.392	G2316,3168,3956
LUK 9:43	JER 33:9	med	kjv	3	0.341	G3168,3956,4160
LUK 9:44	EZK 3:10	med	kjv	4	0.425	G0444,3056,3775,5207
LUK 9:44	EZK 23:9	med	kjv	3	0.391	G3860,5207,5495
LUK 9:44	1KI 16:1	med	kjv	3	0.34	G3056,5207,5495
LUK 9:45	DAN 10:12	med	kjv	3	0.39	G3361,4487,5399
LUK 9:48	DEU 25:13	high	kjv	3	0.497	G1510,3173,3398
LUK 9:48	JOB 3:19	med	kjv	3	0.357	G1510,3173,3398
LUK 9:48	1MA 2:51	med	kjv	3	0.354	G1209,3173,3686
LUK 9:50	BEL 1:24	high	kjv	3	0.478	G1510,3004,3361
LUK 9:50	NUM 11:28	med	kjv	3	0.421	G2424,2967,3004
LUK 9:51	AMO 9:4	high	kjv	3	0.49	G4198,4383,4741
LUK 9:51	JDG 19:5	high	kjv	4	0.465	G1096,2250,4198,4741
LUK 9:52	EXO 23:20	med	kjv	4	0.426	G0032,0649,2090,4383
LUK 9:52	2KI 14:8	med	kjv	3	0.365	G0032,0649,4383
LUK 9:54	2MA 2:10	high	kjv	5	0.468	G0355,2597,2962,3772,4442
LUK 9:54	LAM 3:50	med	kjv	3	0.363	G2962,3708,3772
LUK 9:57	2CH 10:5	med	kjv	3	0.394	G0565,3004,4198
LUK 9:58	NEH 4:3	med	kjv	3	0.33	G0258,2192,3004
LUK 9:58	1KI 20:10	med	kjv	3	0.301	G0258,3004,5207
LUK 9:59	GEN 15:15	med	kjv	3	0.347	G0565,2290,3962
LUK 9:60	GEN 23:8	med	kjv	3	0.36	G2290,3004,3498
LUK 9:60	TOB 2:8	med	kjv	3	0.358	G2290,3004,3498
LUK 9:60	GEN 23:13	med	kjv	3	0.338	G2290,3004,3498
LUK 9:61	JER 20:2	med	kjv	3	0.429	G0657,2962,3624
LUK 9:61	EZK 29:16	med	kjv	3	0.322	G0190,2962,3624
LUK 10:1	1MA 12:2	med	kjv	3	0.412	G0649,2087,5117
LUK 10:1	2MA 3:18	med	kjv	3	0.411	G2064,3195,5117
LUK 10:5	2KI 9:11	high	kjv	3	0.461	G1515,1525,3004
LUK 10:5	2SA 3:24	med	kjv	3	0.448	G1515,1525,3004
LUK 10:5	2SA 19:29	med	kjv	3	0.436	G1515,3004,3624
LUK 10:7	BEL 1:24	med	kjv	3	0.402	G2068,3361,4095
LUK 10:9	JER 23:23	med	kjv	3	0.443	G1448,2316,3004
LUK 10:10	DAN 10:12	med	kjv	3	0.449	G1525,3004,3361
LUK 10:12	GEN 18:26	high	kjv	3	0.529	G3004,4172,4670
LUK 10:12	EZK 16:56	high	kjv	3	0.486	G1510,2250,4670
LUK 10:14	JDT 2:28	high	kjv	3	0.47	G1510,4605,5184
LUK 10:15	PSA 139:8	high	kjv	3	0.66	G0086,2597,3772
LUK 10:21	JOB 34:34	med	kjv	3	0.308	G3004,4680,4908
LUK 10:23	1CH 21:3	med	kjv	3	0.301	G0991,3004,3788
LUK 10:24	2SA 14:24	high	kjv	4	0.48	G0935,0991,3004,3708
LUK 10:24	1KI 20:35	med	kjv	3	0.447	G2309,3004,4396
LUK 10:24	1KI 20:8	med	kjv	3	0.437	G0191,2309,3004
LUK 10:26	HAB 2:2	high	kjv	3	0.567	G0314,1125,3004
LUK 10:26	2CH 34:24	high	kjv	3	0.513	G0314,1125,3004
LUK 10:26	2KI 22:8	high	kjv	3	0.496	G0314,3004,3551
LUK 10:27	DEU 6:5	high	kjv	6	0.508	G0025,2316,2588,2962,3650,5590
LUK 10:27	DEU 30:6	high	kjv	6	0.453	G0025,2316,2588,2962,3650,5590
LUK 10:27	PSA 18:1	med	kjv	4	0.438	G0025,2479,2962,3004
LUK 10:28	TOB 5:1	med	kjv	3	0.318	G0611,3004,4160
LUK 10:28	2SA 15:21	med	kjv	3	0.3	G0611,2198,3004
LUK 10:29	JOB 33:32	high	kjv	3	0.483	G1344,1510,2309
LUK 10:29	EZK 21:8	med	kjv	3	0.331	G1344,1510,3004
LUK 10:35	PRO 3:28	med	kjv	3	0.395	G1325,1880,3004
LUK 10:37	JOS 1:16	high	kjv	4	0.496	G2424,3004,4160,4198
LUK 10:38	NUM 32:42	med	kjv	3	0.41	G2968,3686,4198
LUK 10:39	GEN 26:9	med	kjv	3	0.402	G0079,1510,2564
LUK 10:40	GEN 30:8	med	kjv	3	0.323	G0079,3004,4878
LUK 10:42	SIR 11:23	high	kjv	3	0.491	G0018,1510,5532
LUK 10:42	PSA 16:2	med	kjv	3	0.431	G0018,1510,5532
LUK 11:1	JER 14:11	med	kjv	3	0.347	G2962,3004,4336
LUK 11:1	GEN 18:33	med	kjv	3	0.34	G2962,3973,5117
LUK 11:2	PSS 8:22	med	kjv	3	0.381	G0037,3686,3962
LUK 11:4	DEU 15:2	med	kjv	3	0.323	G0863,3784,3956
LUK 11:9	SNG 5:6	med	kjv	3	0.339	G0455,2147,2212
LUK 11:9	2CH 1:7	med	kjv	3	0.324	G0154,1325,3004
LUK 11:10	SNG 5:6	med	kjv	3	0.337	G0455,2147,2212
LUK 11:13	1SA 16:16	med	kjv	4	0.336	G0018,1492,4151,4190
LUK 11:13	2CH 31:14	med	kjv	3	0.319	G0040,1325,1390
LUK 11:17	2SA 6:19	med	kjv	3	0.326	G1266,3624,3956
LUK 11:21	JER 35:4	med	kjv	3	0.316	G0833,1510,5442
LUK 11:24	ISA 41:12	med	kjv	3	0.332	G0444,2147,2212
LUK 11:24	GEN 8:9	med	kjv	3	0.308	G0372,2147,5290
LUK 11:26	JOB 23:8	high	kjv	3	0.458	G2078,4198,4413
LUK 11:26	DAN 11:29	med	kjv	3	0.444	G1525,2078,4413
LUK 11:26	DEU 17:7	med	kjv	3	0.383	G2078,4190,4413
LUK 11:27	LAM 2:20	med	kjv	4	0.379	G1135,2337,2836,3149
LUK 11:28	PRO 8:32	high	kjv	3	0.786	G0191,3107,5442
LUK 11:28	ECC 12:13	med	kjv	4	0.432	G0191,2316,3056,5442
LUK 11:29	BEL 1:24	med	kjv	3	0.36	G1510,3004,3361
LUK 11:29	DAN 10:12	med	kjv	3	0.355	G1325,3004,3361
LUK 11:30	EXO 31:13	med	kjv	4	0.389	G1074,1510,4592,5207
LUK 11:30	PSA 90:1	med	kjv	3	0.384	G0444,1074,1096
LUK 11:30	GEN 9:12	med	kjv	3	0.355	G1074,1510,4592
LUK 11:31	2CH 9:3	high	kjv	4	0.452	G0938,3708,4672,4678
LUK 11:31	JER 48:21	med	kjv	3	0.327	G1093,2064,2920
LUK 11:31	1KI 10:4	med	kjv	3	0.323	G0938,3708,4672
LUK 11:33	ZEC 4:2	high	kjv	3	0.512	G0991,3087,3088
LUK 11:33	2KI 4:10	med	kjv	3	0.35	G1531,3087,5087
LUK 11:35	AMO 5:18	high	kjv	3	0.508	G1510,4655,5457
LUK 11:36	NUM 8:2	med	kjv	3	0.339	G3088,3313,5461
LUK 11:37	1KI 13:7	high	kjv	3	0.535	G0709,1525,2980
LUK 11:41	JOB 34:13	high	kjv	3	0.586	G1510,1751,3956
LUK 11:41	4MA 1:25	med	kjv	3	0.433	G1510,1751,3956
LUK 11:41	PRO 14:23	med	kjv	3	0.406	G1510,1751,3956
LUK 11:45	2SA 19:42	med	kjv	3	0.303	G0611,3004,5195
LUK 11:50	LAM 4:13	med	kjv	3	0.337	G0129,1632,4396
LUK 12:1	ZEC 12:3	med	kjv	3	0.312	G1510,1996,2662
LUK 12:1	BEL 1:30	med	kjv	3	0.311	G1996,3004,3793
LUK 12:2	WIS 7:21	med	kjv	3	0.375	G1097,1510,2927
LUK 12:4	DAN 10:12	med	kjv	3	0.41	G3004,3361,5399
LUK 12:5	DAN 5:16	med	kjv	3	0.345	G1849,2192,5263
LUK 12:6	PSA 42:9	med	kjv	3	0.354	G1510,1950,2316
LUK 12:8	WIS 18:13	med	kjv	4	0.409	G2316,3670,3956,5207
LUK 12:14	2CH 19:6	high	kjv	3	0.514	G0444,2923,3004
LUK 12:14	2SA 15:4	high	kjv	3	0.511	G2525,2923,3004
LUK 12:16	EZK 17:2	high	kjv	3	0.479	G0444,3004,3850
LUK 12:16	EZK 12:22	med	kjv	3	0.443	G0444,3004,3850
LUK 12:16	EZK 18:2	med	kjv	3	0.406	G0444,3004,3850
LUK 12:18	2CH 2:6	med	kjv	3	0.335	G3173,3618,3956
LUK 12:20	WIS 15:8	med	kjv	3	0.345	G0523,2316,5590
LUK 12:28	GEN 2:5	med	kjv	4	0.407	G0068,1510,2316,5528
LUK 12:32	DAN 10:12	med	kjv	3	0.441	G1325,3361,5399
LUK 12:35	EXO 12:11	high	kjv	3	0.477	G1510,3751,4024
LUK 12:38	JER 33:1	med	kjv	3	0.37	G1208,1510,5438
LUK 12:40	PRO 14:12	med	kjv	3	0.39	G0444,1380,2064
LUK 12:41	EZK 20:49	high	kjv	3	0.559	G2962,3004,3850
LUK 12:41	EZK 16:44	high	kjv	3	0.475	G3004,3850,3956
LUK 12:41	EZK 18:3	high	kjv	3	0.45	G2962,3004,3850
LUK 12:42	1KI 18:3	med	kjv	3	0.387	G1510,2962,3623
LUK 12:43	PSS 18:6	high	kjv	4	0.53	G2064,2962,3107,4160
LUK 12:43	1SA 29:8	high	kjv	5	0.509	G1401,2064,2147,2962,4160
LUK 12:43	NEH 2:19	med	kjv	3	0.441	G1401,2064,4160
LUK 12:44	GEN 39:5	high	kjv	3	0.508	G2525,3956,5225
LUK 12:45	2SA 11:13	med	kjv	5	0.411	G1401,2068,2962,3182,4095
LUK 12:45	GEN 32:4	med	kjv	4	0.317	G2962,3004,3816,5549
LUK 12:46	1SA 28:2	med	kjv	4	0.318	G1097,1401,2250,5087
LUK 12:47	2SA 5:12	med	kjv	3	0.304	G1097,2090,2962
LUK 12:47	1SA 28:2	med	kjv	3	0.302	G1097,1401,4160
LUK 12:51	EZK 48:29	high	kjv	3	0.503	G1093,1267,3004
LUK 12:51	2SA 19:29	med	kjv	3	0.414	G1515,3004,3854
LUK 12:51	NUM 25:12	med	kjv	3	0.324	G1325,1515,3004
LUK 12:52	GEN 10:25	med	kjv	3	0.404	G1266,1417,1520
LUK 12:52	DEU 17:6	med	kjv	3	0.328	G1417,1520,5140
LUK 12:52	1CH 1:19	med	kjv	3	0.324	G1266,1417,1520
LUK 12:53	MIC 7:6	high	kjv	6	0.637	G2364,3384,3565,3962,3994,5207
LUK 12:53	RUT 2:11	med	kjv	3	0.374	G3384,3962,3994
LUK 12:56	JOB 28:24	med	kjv	3	0.301	G1093,1492,3772
LUK 13:2	ISA 14:10	med	kjv	3	0.433	G0611,3004,3956
LUK 13:2	EXO 25:2	med	kjv	3	0.334	G1380,3004,3956
LUK 13:4	2MA 10:22	med	kjv	3	0.304	G0615,1096,4444
LUK 13:6	PRO 27:18	high	kjv	3	0.528	G2590,4808,5452
LUK 13:6	PSA 107:37	med	kjv	3	0.448	G0290,2590,5452
LUK 13:6	DEU 28:30	med	kjv	3	0.383	G0290,2192,5452
LUK 13:11	JOB 10:15	med	kjv	3	0.316	G0352,1410,1510
LUK 13:14	BEL 1:24	med	kjv	3	0.309	G1510,3004,3361
LUK 13:14	DAN 10:12	med	kjv	3	0.302	G2250,3004,3361
LUK 13:15	ISA 1:3	med	kjv	4	0.416	G1016,2962,3688,5336
LUK 13:15	JOB 6:5	med	kjv	3	0.332	G1016,3688,5336
LUK 13:16	GEN 42:27	med	kjv	4	0.402	G1199,1510,3089,3708
LUK 13:16	JOB 39:5	med	kjv	3	0.395	G1199,1510,3089
LUK 13:17	1KI 11:25	high	kjv	3	0.451	G0480,1096,3956
LUK 13:18	EZK 31:8	high	kjv	3	0.55	G2316,3664,3666
LUK 13:18	PSA 86:8	high	kjv	3	0.527	G1510,2316,3664
LUK 13:19	PSA 104:12	med	kjv	3	0.316	G2681,3772,4071
LUK 13:23	1MA 9:9	high	kjv	3	0.577	G3004,3641,4982
LUK 13:23	1MA 3:18	high	kjv	3	0.468	G3004,3641,4982
LUK 13:23	1SA 14:6	high	kjv	4	0.464	G2962,3004,3641,4982
LUK 13:25	JDG 19:22	med	kjv	4	0.319	G2374,2925,2962,3004
LUK 13:25	SNG 5:2	med	kjv	3	0.315	G0455,2374,2925
LUK 13:27	JOB 21:14	med	kjv	3	0.312	G0868,1492,3004
LUK 13:27	ZEC 4:13	med	kjv	3	0.31	G1492,1510,3004
LUK 13:28	EXO 4:5	med	kjv	5	0.412	G0011,2316,2384,2464,3708
LUK 13:28	EXO 6:3	med	kjv	6	0.4	G0011,1510,2316,2384,2464,3708
LUK 13:28	GEN 21:10	med	kjv	3	0.379	G0011,1544,2464
LUK 13:29	2CH 4:4	high	kjv	4	0.475	G0395,1005,1424,3558
LUK 13:29	PSA 107:3	med	kjv	3	0.445	G0395,1005,1424
LUK 13:29	1CH 26:17	med	kjv	3	0.416	G0395,1005,3558
LUK 13:30	JOB 8:7	high	kjv	3	0.731	G1510,2078,4413
LUK 13:30	JOB 23:8	high	kjv	3	0.731	G1510,2078,4413
LUK 13:30	DAN 11:29	high	kjv	3	0.672	G1510,2078,4413
LUK 13:31	1KI 18:14	high	kjv	3	0.498	G0615,3004,4198
LUK 13:34	1KI 18:20	med	kjv	3	0.374	G0649,1996,4396
LUK 13:35	PSA 118:26	high	kjv	5	0.502	G2064,2127,2962,3624,3686
LUK 13:35	DAN 10:12	med	kjv	3	0.395	G2962,3004,3361
LUK 13:35	1SA 23:21	med	kjv	3	0.339	G2127,2962,3004
LUK 14:2	JOB 36:25	high	kjv	3	0.938	G0444,1510,3708
LUK 14:3	JOS 7:20	med	kjv	3	0.332	G0611,2424,3004
LUK 14:11	ISA 2:17	high	kjv	3	0.602	G3956,5013,5312
LUK 14:11	JER 31:35	high	kjv	3	0.512	G3956,5013,5312
LUK 14:16	EZK 8:15	med	kjv	3	0.35	G0444,3004,3173
LUK 14:17	1MA 7:29	med	kjv	3	0.316	G1510,2064,2092
LUK 14:17	1SA 3:10	med	kjv	4	0.307	G1401,2064,2564,3004
LUK 14:18	GEN 44:28	med	kjv	4	0.329	G1520,1831,3004,3708
LUK 14:18	1SA 19:3	med	kjv	4	0.328	G0068,1831,2192,3708
LUK 14:18	GEN 44:19	med	kjv	3	0.328	G2065,2192,3004
LUK 14:19	1SA 20:28	med	kjv	3	0.34	G3004,3868,4198
LUK 14:19	1KI 19:21	med	kjv	3	0.32	G1016,2201,4198
LUK 14:19	GEN 44:19	med	kjv	3	0.309	G2065,2192,3004
LUK 14:21	DEU 15:21	med	kjv	3	0.31	G2962,5185,5560
LUK 14:21	2SA 5:6	med	kjv	3	0.301	G3004,5185,5560
LUK 14:22	JER 2:14	med	kjv	3	0.352	G1096,1401,1510
LUK 14:22	1MA 5:49	med	kjv	3	0.352	G1510,2004,5117
LUK 14:24	GEN 25:30	med	kjv	3	0.362	G1089,2564,3004
LUK 14:24	TOB 7:12	med	kjv	3	0.346	G1089,3004,3762
LUK 14:24	HOS 2:16	med	kjv	3	0.338	G0435,2564,3004
LUK 14:26	GEN 20:12	high	kjv	5	0.497	G0079,1135,1510,3384,3962
LUK 14:26	1CH 4:19	med	kjv	3	0.417	G0079,1135,3962
LUK 14:26	EZK 44:25	med	kjv	5	0.387	G0079,0080,3384,3962,5590
LUK 14:30	JER 48:14	med	kjv	3	0.428	G0444,2480,3004
LUK 14:31	2CH 17:18	med	kjv	3	0.322	G1415,4171,5505
LUK 14:31	NEH 6:7	med	kjv	3	0.31	G0935,1011,2523
LUK 14:32	1CH 18:10	med	kjv	4	0.35	G0649,1510,1515,2065
LUK 14:32	1SA 25:5	med	kjv	3	0.317	G0649,1515,2065
LUK 14:33	GEN 36:7	med	kjv	3	0.38	G1410,1510,5225
LUK 14:33	GEN 13:6	med	kjv	3	0.377	G1410,1510,5225
LUK 14:33	SIR 17:30	med	kjv	3	0.371	G1410,1510,3956
LUK 14:35	PSA 115:6	high	kjv	3	0.454	G0191,2192,3775
LUK 14:35	JER 25:19	med	kjv	3	0.372	G1093,1510,2874
LUK 15:1	AMO 9:10	high	kjv	3	0.55	G0268,1448,3956
LUK 15:1	DEU 4:7	med	kjv	3	0.418	G1448,1510,3956
LUK 15:4	ISA 24:12	high	kjv	3	0.485	G0622,2048,2641
LUK 15:4	GEN 18:31	med	kjv	3	0.443	G0622,2147,2192
LUK 15:4	NUM 26:65	med	kjv	3	0.4	G1520,2048,2641
LUK 15:6	JER 6:21	med	kjv	3	0.301	G0622,1069,3004
LUK 15:6	1MA 10:16	med	kjv	3	0.3	G2147,3004,5384
LUK 15:7	SIR 15:12	med	kjv	4	0.446	G0268,2192,3004,5532
LUK 15:7	AMO 7:3	med	kjv	3	0.426	G1510,3004,3340
LUK 15:7	PSA 16:2	med	kjv	4	0.405	G1510,2192,3004,5532
LUK 15:8	ISA 13:16	med	kjv	3	0.381	G1135,2192,3614
LUK 15:8	GEN 18:31	med	kjv	3	0.333	G0622,2147,2192
LUK 15:8	2SA 17:20	med	kjv	4	0.303	G1135,2147,2212,3614
LUK 15:10	AMO 7:6	high	kjv	3	0.595	G1096,3004,3340
LUK 15:11	NUM 27:18	high	kjv	4	0.485	G0444,2192,3004,5207
LUK 15:11	GEN 41:38	high	kjv	3	0.48	G0444,2192,3004
LUK 15:11	EZK 8:15	high	kjv	3	0.464	G0444,3004,5207
LUK 15:13	DEU 30:3	med	kjv	3	0.344	G1287,3956,4863
LUK 15:13	DAN 9:7	med	kjv	4	0.312	G1287,2250,3956,5561
LUK 15:13	EZK 11:16	med	kjv	3	0.311	G1287,3956,5561
LUK 15:14	1MA 9:24	high	kjv	3	0.477	G1096,3042,5561
LUK 15:17	AMO 8:11	med	kjv	3	0.336	G0740,2064,3042
LUK 15:20	TOB 11:12	high	kjv	3	0.471	G1968,3708,5137
LUK 15:20	GEN 46:29	med	kjv	4	0.314	G1968,3708,3962,5137
LUK 15:21	JOB 33:27	high	kjv	3	0.622	G0264,0514,3004
LUK 15:21	JOB 11:6	med	kjv	3	0.448	G0264,0514,1510
LUK 15:21	SIR 5:4	med	kjv	3	0.43	G0264,1510,3004
LUK 15:22	LEV 6:4	med	kjv	3	0.353	G1627,1746,4749
LUK 15:22	GEN 41:42	med	kjv	4	0.346	G1146,1746,4749,5495
LUK 15:22	RUT 4:8	med	kjv	3	0.339	G1325,3004,5266
LUK 15:23	2CH 15:11	med	kjv	3	0.391	G2380,3448,5342
LUK 15:24	SIR 17:28	med	kjv	3	0.436	G0622,1510,3498
LUK 15:24	DEU 14:1	med	kjv	3	0.416	G1510,3498,5207
LUK 15:24	1SA 31:8	med	kjv	3	0.412	G2147,3498,5207
LUK 15:25	ISA 5:8	med	kjv	3	0.352	G0068,1448,3614
LUK 15:27	TOB 7:4	med	kjv	3	0.415	G0080,3004,5198
LUK 15:27	TOB 7:5	med	kjv	3	0.393	G3004,3962,5198
LUK 15:28	GEN 37:35	med	kjv	3	0.376	G2309,3870,3962
LUK 15:29	2KI 18:36	med	kjv	3	0.384	G0611,1785,3004
LUK 15:30	JER 46:21	med	kjv	3	0.395	G2064,3448,4618
LUK 15:31	1KI 20:4	high	kjv	5	0.683	G1510,1699,3004,3956,4674
LUK 15:31	1KI 20:3	high	kjv	3	0.564	G1510,1699,5043
LUK 15:31	PRO 23:16	high	kjv	3	0.558	G1510,1699,4674
LUK 15:32	SIR 17:28	med	kjv	4	0.443	G0622,1510,2198,3498
LUK 15:32	ZEC 10:7	med	kjv	3	0.388	G1510,2165,5463
LUK 16:5	2KI 5:3	med	kjv	3	0.319	G2962,3004,3784
LUK 16:8	PSA 49:19	med	kjv	3	0.425	G0165,1074,5457
LUK 16:8	1KI 18:3	med	kjv	3	0.395	G1510,2962,3623
LUK 16:8	1KI 4:6	med	kjv	3	0.351	G1510,3623,5207
LUK 16:9	1MA 2:51	med	kjv	3	0.402	G0166,1209,4160
LUK 16:9	JER 7:28	med	kjv	3	0.364	G1209,1587,3004
LUK 16:13	DEU 21:15	med	kjv	4	0.336	G0025,1417,1520,3404
LUK 16:13	ISA 56:6	med	kjv	4	0.326	G0025,0472,1398,2962
LUK 16:13	GEN 29:30	med	kjv	3	0.321	G0025,1398,2087
LUK 16:15	PSA 73:13	high	kjv	3	0.456	G1344,2588,3004
LUK 16:15	DEU 18:12	med	kjv	3	0.416	G0946,1510,2316
LUK 16:15	PSS 2:15	med	kjv	3	0.391	G1344,2316,2588
LUK 16:16	GEN 33:11	med	kjv	3	0.33	G0971,2316,3956
LUK 16:17	1MA 3:18	high	kjv	3	0.502	G1510,2123,3772
LUK 16:17	PSA 139:8	med	kjv	3	0.314	G1510,3772,3928
LUK 16:17	LEV 7:17	med	kjv	3	0.304	G1510,1520,3551
LUK 16:18	LEV 20:10	high	kjv	3	0.459	G0435,1135,3431
LUK 16:18	1ES 9:36	med	kjv	3	0.36	G0630,1135,3956
LUK 16:23	JOB 19:27	med	kjv	3	0.326	G2859,3708,3788
LUK 16:23	GEN 22:4	med	kjv	3	0.308	G0011,3708,3788
LUK 16:23	4MA 15:19	med	kjv	3	0.302	G0931,3708,3788
LUK 16:25	SIR 11:25	med	kjv	3	0.36	G0018,2556,3403
LUK 16:26	2SA 18:17	med	kjv	3	0.333	G3173,3956,5490
LUK 16:27	GEN 44:19	high	kjv	3	0.486	G2065,3004,3962
LUK 16:27	EXO 3:13	med	kjv	3	0.445	G2065,3004,3962
LUK 16:27	NEH 2:5	med	kjv	3	0.391	G3004,3962,3992
LUK 16:29	GEN 23:8	high	kjv	4	0.481	G0011,0191,2192,3004
LUK 16:29	EXO 18:24	med	kjv	3	0.415	G0191,3004,3475
LUK 16:30	GEN 23:3	high	kjv	3	0.588	G0011,3004,3498
LUK 16:30	GEN 23:8	med	kjv	3	0.436	G0011,3004,3498
LUK 16:30	ZEC 8:14	med	kjv	3	0.401	G3004,3340,3962
LUK 16:31	GEN 23:3	high	kjv	3	0.531	G0450,3004,3498
LUK 16:31	DEU 18:15	high	kjv	3	0.526	G0191,0450,4396
LUK 16:31	DEU 34:10	high	kjv	3	0.495	G0450,3475,4396
LUK 17:1	BEL 1:24	high	kjv	3	0.486	G1510,3004,3361
LUK 17:1	1SA 18:21	med	kjv	3	0.412	G1510,3004,4625
LUK 17:1	JDG 2:3	med	kjv	3	0.341	G1510,3004,4625
LUK 17:10	2SA 6:22	med	kjv	3	0.438	G0888,1510,3004
LUK 17:13	JOS 24:24	med	kjv	3	0.341	G2424,3004,5456
LUK 17:15	EXO 32:31	med	kjv	3	0.387	G2316,3173,5290
LUK 17:17	JOS 7:20	high	kjv	3	0.576	G0611,2424,3004
LUK 17:17	JOS 1:16	high	kjv	3	0.506	G0611,2424,3004
LUK 17:18	DAN 10:12	med	kjv	3	0.404	G1325,2316,3361
LUK 17:18	1ES 8:4	med	kjv	3	0.305	G1325,1391,2147
LUK 17:19	2SA 15:9	med	kjv	3	0.428	G0450,3004,4198
LUK 17:20	EZK 20:3	high	kjv	4	0.597	G0611,1905,2064,3004
LUK 17:20	2SA 14:18	high	kjv	3	0.566	G0611,1905,3004
LUK 17:20	1SA 14:37	high	kjv	3	0.564	G0611,1905,2316
LUK 17:22	EZK 8:15	med	kjv	4	0.427	G0444,3004,3708,5207
LUK 17:26	GEN 9:29	high	kjv	3	0.597	G1096,2250,3575
LUK 17:26	GEN 9:19	high	kjv	3	0.532	G1510,3575,5207
LUK 17:27	GEN 7:7	high	kjv	4	0.602	G1525,2627,2787,3575
LUK 17:27	4MA 15:31	med	kjv	3	0.449	G2627,2787,3575
LUK 17:27	GEN 7:1	med	kjv	4	0.391	G1525,2787,3575,3956
LUK 17:28	DEU 2:6	med	kjv	3	0.385	G0059,2068,4095
LUK 17:28	JER 29:5	med	kjv	3	0.348	G2068,3618,5452
LUK 17:28	ISA 55:1	med	kjv	3	0.346	G0059,2068,4095
LUK 17:29	GEN 19:24	high	kjv	4	0.594	G1026,3772,4442,4670
LUK 17:29	GEN 14:16	med	kjv	3	0.438	G3091,3956,4670
LUK 17:29	EXO 9:23	med	kjv	4	0.412	G1026,3772,3956,4442
LUK 17:30	1SA 2:27	high	kjv	3	0.499	G0444,0601,1510
LUK 17:30	LEV 18:10	high	kjv	3	0.463	G0601,1510,5207
LUK 17:30	LEV 18:15	high	kjv	3	0.45	G0601,1510,5207
LUK 17:31	1SA 31:6	med	kjv	3	0.321	G0142,2250,4632
LUK 17:34	1ES 4:7	med	kjv	4	0.358	G0863,1510,1520,3004
LUK 17:34	JER 49:1	med	kjv	3	0.332	G1510,3004,3880
LUK 17:35	1ES 4:7	med	kjv	3	0.326	G0863,1510,1520
LUK 18:2	DAN 10:12	high	kjv	4	0.472	G2316,3004,3361,5399
LUK 18:2	BEL 1:24	med	kjv	3	0.417	G1510,3004,3361
LUK 18:2	LJE 1:14	med	kjv	3	0.341	G1510,2316,5399
LUK 18:3	JER 51:36	high	kjv	3	0.473	G0476,1556,3004
LUK 18:3	JER 51:52	med	kjv	3	0.413	G1556,2064,3004
LUK 18:3	2SA 14:5	med	kjv	3	0.356	G1510,3004,5503
LUK 18:4	EST 6:7	med	kjv	3	0.4	G0444,2309,3004
LUK 18:4	EST 6:6	med	kjv	3	0.387	G0444,2309,3004
LUK 18:6	AMO 2:3	high	kjv	3	0.564	G2923,2962,3004
LUK 18:6	PSS 4:24	high	kjv	3	0.517	G0093,2923,2962
LUK 18:6	JER 2:22	high	kjv	3	0.452	G0093,2962,3004
LUK 18:7	JDG 6:40	med	kjv	3	0.327	G2316,3571,4160
LUK 18:8	ISA 5:19	med	kjv	4	0.384	G2064,3004,4160,5034
LUK 18:8	EZK 30:14	med	kjv	3	0.377	G1093,1557,4160
LUK 18:8	2CH 18:8	med	kjv	3	0.341	G3004,5034,5207
LUK 18:9	EZK 20:49	high	kjv	3	0.529	G1510,3004,3850
LUK 18:9	EZK 16:44	med	kjv	3	0.44	G1510,3004,3850
LUK 18:9	DEU 32:37	med	kjv	3	0.407	G1510,3004,3982
LUK 18:11	ISA 44:17	med	kjv	3	0.303	G2316,3062,4336
LUK 18:12	JDT 8:6	med	kjv	3	0.371	G3522,3956,4521
LUK 18:13	PSA 115:3	med	kjv	3	0.342	G2309,2316,3772
LUK 18:13	2SA 15:26	med	kjv	3	0.306	G2309,3004,3788
LUK 18:14	ISA 2:17	med	kjv	3	0.396	G3956,5013,5312
LUK 18:16	BEL 1:24	med	kjv	3	0.349	G1510,3004,3361
LUK 18:16	DAN 10:12	med	kjv	3	0.334	G2316,3004,3361
LUK 18:16	NUM 11:28	med	kjv	3	0.307	G2424,2967,3004
LUK 18:17	DAN 10:12	high	kjv	4	0.477	G1525,2316,3004,3361
LUK 18:19	DAN 10:12	med	kjv	3	0.449	G2316,3004,3361
LUK 18:19	JOS 10:8	med	kjv	3	0.315	G2424,3004,3762
LUK 18:21	MAL 2:15	high	kjv	3	0.452	G3004,3503,5442
LUK 18:24	DEU 3:21	med	kjv	5	0.371	G0932,2316,2424,3004,3708
LUK 18:24	JDG 7:17	med	kjv	3	0.341	G1531,3004,3708
LUK 18:25	1MA 3:18	med	kjv	3	0.362	G1510,2123,2316
LUK 18:26	1MA 9:9	high	kjv	3	0.468	G1410,3004,4982
LUK 18:29	ISA 13:16	high	kjv	3	0.459	G1135,3614,5043
LUK 18:29	WIS 4:6	med	kjv	3	0.354	G1118,1510,5043
LUK 18:29	GEN 39:9	med	kjv	5	0.33	G1135,1510,2316,3614,3762
LUK 18:30	PSS 3:12	med	kjv	3	0.32	G0165,0166,2222
LUK 18:30	EZK 26:20	med	kjv	3	0.302	G0165,0166,2222
LUK 18:31	JER 49:1	med	kjv	3	0.34	G3004,3880,5207
LUK 18:33	1MA 9:44	high	kjv	3	0.476	G0450,2250,5154
LUK 18:33	EXO 5:14	med	kjv	3	0.426	G2250,3146,5154
LUK 18:34	1SA 20:39	high	kjv	3	0.505	G1097,3762,4487
LUK 18:34	GEN 30:34	med	kjv	3	0.428	G1510,3004,4487
LUK 18:34	DEU 18:21	med	kjv	3	0.399	G1097,3004,4487
LUK 18:35	DEU 27:18	med	kjv	3	0.353	G1096,3598,5185
LUK 18:36	1ES 5:62	med	kjv	3	0.329	G0191,1510,3793
LUK 18:38	NEH 9:4	high	kjv	3	0.499	G0994,2424,5207
LUK 18:38	JDG 18:23	med	kjv	3	0.447	G0994,3004,5207
LUK 18:38	EXO 14:15	med	kjv	3	0.439	G0994,3004,5207
LUK 18:41	2SA 15:26	high	kjv	3	0.468	G2309,3004,4160
LUK 18:41	EST 6:6	med	kjv	3	0.435	G2309,3004,4160
LUK 18:41	EZK 18:32	med	kjv	3	0.429	G2309,2962,3004
LUK 18:43	2MA 7:28	med	kjv	4	0.317	G0308,2316,3708,3956
LUK 19:2	HOS 1:9	med	kjv	3	0.352	G1510,2564,3686
LUK 19:2	HOS 2:16	med	kjv	3	0.325	G0435,1510,2564
LUK 19:5	GEN 45:9	med	kjv	4	0.403	G2597,3004,3306,4692
LUK 19:7	1KI 19:9	med	kjv	3	0.403	G1525,2647,3004
LUK 19:7	NUM 14:2	med	kjv	3	0.387	G1234,3004,3956
LUK 19:7	2CH 18:24	med	kjv	3	0.362	G1525,3004,3708
LUK 19:9	EZR 2:36	high	kjv	3	0.501	G2424,3624,5207
LUK 19:9	NEH 7:39	high	kjv	3	0.501	G2424,3624,5207
LUK 19:9	GEN 28:21	high	kjv	3	0.452	G1510,3624,4991
LUK 19:10	JER 41:15	med	kjv	3	0.425	G0444,4982,5207
LUK 19:10	1MA 16:22	med	kjv	3	0.405	G0622,2064,2212
LUK 19:10	TOB 11:5	med	kjv	3	0.392	G0444,2064,5207
LUK 19:11	EZK 20:49	med	kjv	3	0.42	G1510,3004,3850
LUK 19:11	EZK 16:44	med	kjv	3	0.35	G1510,3004,3850
LUK 19:11	ISA 48:6	med	kjv	3	0.315	G0191,3004,3195
LUK 19:13	1SA 3:10	med	kjv	4	0.309	G1401,2064,2564,3004
LUK 19:15	PRO 3:28	med	kjv	3	0.386	G1325,1880,3004
LUK 19:15	TOB 5:2	med	kjv	3	0.365	G0694,1097,2983
LUK 19:15	1KI 11:13	med	kjv	4	0.304	G0932,1325,1401,2983
LUK 19:16	2SA 19:29	med	kjv	3	0.321	G2962,3004,3854
LUK 19:17	1CH 17:26	med	kjv	3	0.421	G0018,1401,1510
LUK 19:17	JER 2:14	med	kjv	3	0.407	G1096,1401,1510
LUK 19:17	1SA 22:14	med	kjv	3	0.378	G1401,3004,4103
LUK 19:18	BEL 1:27	med	kjv	3	0.337	G3004,3414,4160
LUK 19:23	LEV 25:37	high	kjv	3	0.573	G0694,1325,5110
LUK 19:23	EZK 18:8	med	kjv	3	0.428	G0694,1325,5110
LUK 19:23	PSA 15:5	med	kjv	3	0.425	G0694,1325,5110
LUK 19:24	NUM 7:9	med	kjv	3	0.383	G0142,1325,2192
LUK 19:26	DAN 10:12	high	kjv	3	0.503	G1325,3004,3361
LUK 19:26	NUM 7:9	med	kjv	3	0.388	G0142,1325,2192
LUK 19:28	JER 51:50	high	kjv	3	0.616	G0305,2414,4198
LUK 19:28	2SA 19:33	high	kjv	3	0.527	G0305,2414,3004
LUK 19:28	1CH 11:4	high	kjv	3	0.479	G2414,3004,4198
LUK 19:31	PSA 16:2	med	kjv	3	0.422	G2192,2962,5532
LUK 19:31	GEN 44:19	med	kjv	3	0.357	G2065,2192,2962
LUK 19:32	1SA 20:21	high	kjv	3	0.568	G0649,2147,3004
LUK 19:32	1KI 20:36	high	kjv	3	0.519	G0565,2147,3004
LUK 19:34	PSA 16:2	high	kjv	4	0.878	G2192,2962,3004,5532
LUK 19:34	SIR 15:12	high	kjv	3	0.685	G2192,3004,5532
LUK 19:34	DAN 3:16	high	kjv	3	0.612	G2192,3004,5532
LUK 19:37	1ES 9:10	med	kjv	4	0.387	G0537,3173,4128,5456
LUK 19:37	PSA 148:2	med	kjv	3	0.318	G0134,1411,3956
LUK 19:38	SIR 43:12	high	kjv	3	0.634	G1391,3772,5310
LUK 19:38	PSS 5:19	high	kjv	4	0.568	G0935,1391,2127,2962
LUK 19:38	GEN 14:19	high	kjv	4	0.532	G2127,3004,3772,5310
LUK 19:42	1KI 22:25	med	kjv	3	0.349	G2250,2928,3004
LUK 19:44	JER 6:15	med	kjv	3	0.328	G1097,1984,2540
LUK 19:46	JER 7:11	high	kjv	4	0.678	G3004,3027,3624,4693
LUK 19:46	PSA 142:title	high	kjv	3	0.527	G1510,4335,4693
LUK 19:46	EZK 22:9	med	kjv	3	0.348	G1510,3027,4160
LUK 19:48	1CH 10:11	med	kjv	3	0.346	G0191,0537,4160
LUK 20:1	NEH 8:13	med	kjv	4	0.323	G1122,2186,2250,2992
LUK 20:1	1MA 16:24	med	kjv	3	0.312	G0749,1096,2250
LUK 20:2	1MA 1:13	high	kjv	3	0.625	G1325,1849,4160
LUK 20:2	1MA 10:6	high	kjv	4	0.487	G1325,1510,1849,3004
LUK 20:3	JER 36:17	high	kjv	3	0.684	G2065,3004,3056
LUK 20:3	2KI 18:36	high	kjv	3	0.523	G0611,3004,3056
LUK 20:6	DEU 32:37	med	kjv	3	0.406	G1510,3004,3982
LUK 20:6	PRO 30:2	med	kjv	3	0.355	G0444,0537,1510
LUK 20:9	GEN 9:20	high	kjv	4	0.55	G0290,0444,1092,5452
LUK 20:9	DEU 20:6	med	kjv	3	0.319	G0290,0444,5452
LUK 20:10	NEH 9:36	med	kjv	3	0.349	G1325,1401,2590
LUK 20:10	MIC 1:14	med	kjv	3	0.342	G1325,1821,2756
LUK 20:10	LEV 26:20	med	kjv	3	0.325	G1325,2590,2756
LUK 20:11	GEN 8:12	med	kjv	3	0.319	G1821,2087,4369
LUK 20:13	GEN 22:16	med	kjv	5	0.402	G0027,2962,3004,4160,5207
LUK 20:14	GEN 49:15	med	kjv	3	0.306	G1092,1096,3708
LUK 20:16	DAN 10:12	med	kjv	3	0.362	G1325,3004,3361
LUK 20:16	1KI 21:6	med	kjv	4	0.349	G0243,0290,1325,3004
LUK 20:17	PSA 118:22	high	kjv	6	0.832	G0593,1096,1137,2776,3037,3618
LUK 20:17	JER 51:26	med	kjv	4	0.341	G1137,1510,3004,3037
LUK 20:18	AMO 9:9	med	kjv	3	0.427	G3039,3956,4098
LUK 20:19	1KI 20:6	med	kjv	3	0.404	G1911,5495,5610
LUK 20:19	GEN 22:12	med	kjv	5	0.312	G1097,1911,3004,5399,5495
LUK 20:28	LEV 20:21	med	kjv	6	0.428	G0080,0599,0815,1135,1510,2983
LUK 20:28	SIR 16:3	med	kjv	3	0.329	G0599,0815,2192
LUK 20:29	LEV 20:21	high	kjv	6	0.658	G0080,0599,0815,1135,1510,2983
LUK 20:36	ISA 44:8	med	kjv	3	0.391	G1510,2089,2316
LUK 20:37	EXO 3:4	med	kjv	4	0.423	G0942,2962,3004,3475
LUK 20:37	EXO 3:6	med	kjv	6	0.395	G0011,2316,2384,2464,3004,3475
LUK 20:37	GEN 32:9	med	kjv	6	0.39	G0011,2316,2384,2464,2962,3004
LUK 20:38	SIR 7:33	high	kjv	3	0.623	G2198,3498,3956
LUK 20:38	DEU 4:4	high	kjv	3	0.6	G2198,2316,3956
LUK 20:38	DEU 14:1	high	kjv	3	0.537	G1510,2316,3498
LUK 20:39	2CH 34:15	med	kjv	3	0.318	G0611,1122,3004
LUK 20:41	1SA 24:6	high	kjv	4	0.598	G1138,1510,3004,5547
LUK 20:41	1SA 26:9	high	kjv	3	0.583	G1138,3004,5547
LUK 20:41	2SA 1:16	high	kjv	3	0.553	G1138,3004,5547
LUK 20:42	PSA 110:1	high	kjv	6	0.543	G1138,1188,2521,2962,3004,5568
LUK 20:42	PSA 99:1	high	kjv	4	0.455	G1138,2521,2962,5568
LUK 20:43	PSA 110:1	high	kjv	4	0.752	G2190,4228,5087,5286
LUK 20:44	HOS 2:16	high	kjv	3	0.565	G1510,2564,2962
LUK 20:45	JER 28:7	high	kjv	4	0.626	G0191,2992,3004,3956
LUK 20:45	DEU 5:28	high	kjv	4	0.623	G0191,2992,3004,3956
LUK 20:45	1SA 2:23	high	kjv	4	0.612	G0191,2992,3004,3956
LUK 21:5	2MA 9:16	high	kjv	4	0.62	G0334,2411,2570,2885
LUK 21:7	JDT 10:12	med	kjv	4	0.383	G1510,1905,3004,3195
LUK 21:7	ZEC 4:4	med	kjv	3	0.319	G1510,1905,3004
LUK 21:7	ISA 48:6	med	kjv	3	0.311	G1096,3004,3195
LUK 21:8	BEL 1:24	med	kjv	3	0.388	G1510,3004,3361
LUK 21:8	JER 23:23	med	kjv	3	0.333	G1448,1510,3004
LUK 21:11	EZK 3:12	med	kjv	3	0.364	G3173,4578,5117
LUK 21:11	EZK 38:19	med	kjv	3	0.328	G1510,3173,4578
LUK 21:21	EZK 21:15	med	kjv	4	0.309	G1525,2449,3319,5561
LUK 21:23	NUM 11:12	med	kjv	4	0.446	G1064,1093,2337,2992
LUK 21:23	2SA 11:5	med	kjv	3	0.349	G1064,1510,2192
LUK 21:24	SIR 28:18	med	kjv	3	0.397	G3162,4098,4750
LUK 21:24	TOB 1:10	med	kjv	3	0.378	G0163,1484,3956
LUK 21:24	1MA 5:13	med	kjv	3	0.309	G0163,1510,3956
LUK 21:25	PSA 148:3	med	kjv	3	0.412	G0798,2246,4582
LUK 21:25	LJE 1:59	med	kjv	4	0.358	G0798,1510,2246,4582
LUK 21:25	LJE 1:66	med	kjv	4	0.324	G1484,2246,4582,4592
LUK 21:27	PSA 68:34	high	kjv	3	0.664	G1391,1411,3507
LUK 21:27	PSA 63:2	high	kjv	3	0.541	G1391,1411,3708
LUK 21:27	1MA 7:11	high	kjv	4	0.49	G1411,2064,3708,4183
LUK 21:29	EZK 16:44	high	kjv	3	0.456	G3004,3850,3956
LUK 21:29	NUM 24:23	med	kjv	3	0.393	G3004,3708,3850
LUK 21:29	NUM 24:20	med	kjv	3	0.341	G3004,3708,3850
LUK 21:31	BEL 1:35	high	kjv	4	0.536	G1097,1510,2316,3708
LUK 21:31	ISA 37:20	high	kjv	4	0.522	G0932,1097,1510,2316
LUK 21:31	2KI 19:19	high	kjv	3	0.494	G0932,1097,2316
LUK 21:37	RUT 3:13	med	kjv	3	0.345	G0835,1510,3571
LUK 21:37	NEH 4:22	med	kjv	4	0.338	G0835,1510,2250,3571
LUK 22:1	1ES 1:17	high	kjv	3	0.696	G0106,1859,3957
LUK 22:1	EZK 45:21	high	kjv	3	0.597	G0106,1859,3957
LUK 22:3	HOS 1:10	med	kjv	3	0.42	G0706,1510,2564
LUK 22:7	1ES 1:17	high	kjv	3	0.578	G0106,2250,3957
LUK 22:7	EZK 45:21	high	kjv	3	0.495	G0106,2250,3957
LUK 22:7	1ES 1:1	med	kjv	3	0.437	G2250,2380,3957
LUK 22:8	JOB 38:35	med	kjv	3	0.327	G0649,3004,4198
LUK 22:15	DEU 12:20	med	kjv	3	0.437	G1937,1939,3004
LUK 22:15	NUM 11:4	med	kjv	3	0.392	G1937,1939,3004
LUK 22:16	DAN 10:12	high	kjv	3	0.481	G2316,3004,3361
LUK 22:17	JER 25:28	high	kjv	3	0.471	G1209,3004,4221
LUK 22:18	BEL 1:24	med	kjv	3	0.409	G3004,3361,4095
LUK 22:18	DAN 10:12	med	kjv	3	0.324	G2316,3004,3361
LUK 22:19	LEV 24:7	med	kjv	3	0.339	G0364,0740,1510
LUK 22:20	DEU 21:7	med	kjv	3	0.319	G0129,1632,3004
LUK 22:25	ECC 8:4	high	kjv	3	0.541	G0935,1850,3004
LUK 22:25	1ES 4:3	high	kjv	3	0.475	G0935,2961,3004
LUK 22:25	3MA 3:19	med	kjv	3	0.311	G0935,1484,2110
LUK 22:29	2CH 7:18	high	kjv	3	0.577	G0932,1303,3962
LUK 22:30	GEN 49:16	med	kjv	3	0.415	G2474,2919,5443
LUK 22:30	2KI 18:27	med	kjv	3	0.396	G2068,2521,4095
LUK 22:30	ISA 36:12	med	kjv	3	0.394	G2068,2521,4095
LUK 22:33	JOB 35:10	high	kjv	3	0.516	G1510,3004,5438
LUK 22:33	1KI 18:8	med	kjv	3	0.387	G2962,3004,4198
LUK 22:33	JOS 8:4	med	kjv	3	0.372	G1510,2092,3004
LUK 22:38	HAB 2:13	med	kjv	3	0.411	G1510,2425,2962
LUK 22:38	GEN 33:15	med	kjv	3	0.405	G2425,2962,3004
LUK 22:38	JER 31:2	med	kjv	3	0.399	G2962,3004,3162
LUK 22:40	DAN 10:12	med	kjv	3	0.438	G1525,3004,3361
LUK 22:40	EXO 17:7	med	kjv	3	0.314	G3004,3986,5117
LUK 22:42	JER 25:28	med	kjv	3	0.342	G1014,3004,4221
LUK 22:43	DEU 32:43	med	kjv	3	0.446	G0032,1765,3772
LUK 22:45	RUT 3:14	med	kjv	3	0.377	G0450,2064,2837
LUK 22:46	DAN 10:12	med	kjv	3	0.403	G1525,3004,3361
LUK 22:47	GEN 27:26	med	kjv	3	0.349	G1448,3004,5368
LUK 22:47	JOS 20:1	med	kjv	3	0.313	G2424,2980,3004
LUK 22:48	JOS 2:24	med	kjv	3	0.415	G2424,3004,3860
LUK 22:48	NUM 14:38	med	kjv	3	0.34	G0444,2424,5207
LUK 22:48	JOS 10:8	med	kjv	3	0.328	G2424,3004,3860
LUK 22:49	DEU 20:13	high	kjv	3	0.509	G2962,3162,3960
LUK 22:49	JER 31:2	high	kjv	3	0.467	G2962,3004,3162
LUK 22:49	NUM 21:24	med	kjv	3	0.436	G1510,3162,3960
LUK 22:50	JDT 6:3	med	kjv	3	0.345	G1401,1520,3960
LUK 22:51	JOS 7:20	med	kjv	3	0.368	G0611,2424,3004
LUK 22:51	JOS 1:16	med	kjv	3	0.323	G0611,2424,3004
LUK 22:52	JOS 9:8	med	kjv	3	0.302	G2424,3004,3854
LUK 22:53	EXO 10:22	med	kjv	4	0.329	G1614,2250,4655,5495
LUK 22:57	RUT 3:11	med	kjv	3	0.315	G1135,1492,3004
LUK 22:59	EXO 8:6	med	kjv	3	0.357	G0243,1510,3004
LUK 22:59	1KI 19:2	med	kjv	4	0.305	G1510,1520,3004,5610
LUK 22:64	ZEC 4:4	med	kjv	3	0.338	G1510,1905,3004
LUK 22:65	SIR 32:9	high	kjv	3	0.509	G2087,3004,4183
LUK 22:66	1MA 16:24	med	kjv	3	0.356	G0749,1096,2250
LUK 22:66	1MA 14:30	med	kjv	3	0.318	G0749,1096,2992
LUK 22:67	BEL 1:24	high	kjv	3	0.467	G1510,3004,3361
LUK 22:69	2CH 18:18	med	kjv	3	0.328	G1188,1411,2521
LUK 22:69	1KI 13:14	med	kjv	4	0.323	G0444,1510,2316,2521
LUK 22:70	PSA 36:1	high	kjv	3	0.573	G1510,2316,5346
LUK 22:70	JOB 24:25	high	kjv	3	0.497	G1510,3004,5346
LUK 22:71	PSA 16:2	med	kjv	3	0.422	G2192,3004,5532
LUK 22:71	SIR 15:12	med	kjv	3	0.34	G2192,3004,5532
LUK 22:71	DAN 3:16	med	kjv	3	0.304	G2192,3004,5532
LUK 23:2	1KI 18:17	med	kjv	3	0.35	G1294,1510,3004
LUK 23:2	1MA 7:6	med	kjv	3	0.328	G0935,2723,3004
LUK 23:3	GEN 24:47	high	kjv	4	0.456	G1510,2065,3004,5346
LUK 23:3	JOS 4:21	high	kjv	3	0.454	G1510,2065,3004
LUK 23:3	ISA 41:28	med	kjv	3	0.442	G0611,1510,2065
LUK 23:6	DEU 4:32	high	kjv	3	0.475	G0191,0444,1905
LUK 23:8	JOS 24:31	med	kjv	3	0.31	G2424,3708,5550
LUK 23:8	PSA 74:9	med	kjv	3	0.307	G1510,3708,4592
LUK 23:9	1CH 10:13	med	kjv	3	0.397	G0611,1905,3056
LUK 23:12	SIR 6:9	med	kjv	3	0.36	G1510,2189,5384
LUK 23:14	1SA 20:12	med	kjv	3	0.348	G0350,3004,3708
LUK 23:14	1MA 7:6	med	kjv	3	0.315	G2723,2992,3004
LUK 23:14	DAN 6:5	med	kjv	4	0.307	G2147,2723,3004,3762
LUK 23:15	JOB 34:21	high	kjv	3	0.476	G1510,3762,4238
LUK 23:15	SUS 1:22	med	kjv	3	0.419	G1510,2288,4238
LUK 23:29	PSS 18:6	med	kjv	4	0.3	G2064,2250,3107,3708
LUK 23:30	JDT 16:3	high	kjv	3	0.535	G1015,2572,3735
LUK 23:30	HOS 10:8	high	kjv	5	0.485	G1015,2572,3004,3735,4098
LUK 23:30	MIC 6:1	med	kjv	3	0.441	G1015,3004,3735
LUK 23:34	PSA 22:18	high	kjv	4	0.686	G0906,1266,2440,2819
LUK 23:34	EZK 48:29	med	kjv	3	0.331	G0906,2819,3004
LUK 23:35	PSA 28:8	med	kjv	3	0.329	G1510,2992,5547
LUK 23:35	ISA 45:22	med	kjv	4	0.328	G0243,1510,2316,4982
LUK 23:35	ISA 43:11	med	kjv	3	0.306	G1510,2316,4982
LUK 23:37	EST 4:13	high	kjv	3	0.604	G2453,3004,4982
LUK 23:38	NEH 6:6	high	kjv	3	0.467	G0935,1510,2453
LUK 23:40	EXO 20:3	med	kjv	3	0.404	G1510,2087,2316
LUK 23:40	LJE 1:14	med	kjv	3	0.362	G1510,2316,5399
LUK 23:40	2KI 17:37	med	kjv	4	0.359	G2087,2316,2917,5399
LUK 23:41	2MA 14:23	med	kjv	3	0.443	G0824,3762,4238
LUK 23:43	GEN 3:3	high	kjv	3	0.528	G1510,3004,3857
LUK 23:46	PSA 31:5	high	kjv	3	0.517	G3908,4151,5495
LUK 23:46	1ES 9:10	high	kjv	4	0.498	G3004,3173,5455,5456
LUK 23:46	1ES 4:41	med	kjv	3	0.384	G3004,3173,5455
LUK 23:47	EST 6:7	med	kjv	3	0.416	G0444,1392,3004
LUK 23:47	EST 6:6	med	kjv	3	0.401	G0444,1392,3004
LUK 23:47	ISA 49:3	med	kjv	3	0.387	G1392,1510,3004
LUK 24:5	ISA 8:19	med	kjv	5	0.369	G1093,2198,2212,3004,3498
LUK 24:5	LJE 1:26	med	kjv	3	0.309	G1093,2827,3498
LUK 24:7	1MA 9:44	med	kjv	4	0.378	G0450,2250,3004,5154
LUK 24:7	EZK 23:9	med	kjv	3	0.316	G3860,5207,5495
LUK 24:7	JDG 7:9	med	kjv	4	0.312	G0450,3004,3860,5495
LUK 24:10	1KI 14:6	high	kjv	3	0.525	G0652,1510,3004
LUK 24:13	2MA 11:5	high	kjv	3	0.468	G0568,1510,4712
LUK 24:13	NUM 32:42	med	kjv	3	0.41	G2968,3686,4198
LUK 24:18	ZEC 4:5	med	kjv	3	0.378	G0611,1097,3004
LUK 24:18	ZEC 14:9	med	kjv	3	0.367	G1520,2250,3686
LUK 24:19	JOS 10:7	high	kjv	4	0.535	G1415,2424,2992,3956
LUK 24:19	HAG 1:3	high	kjv	4	0.505	G1096,3004,3056,4396
LUK 24:19	2CH 17:13	med	kjv	4	0.422	G0435,1096,1415,2041
LUK 24:21	PSA 34:22	high	kjv	3	0.496	G1679,3084,3956
LUK 24:21	2MA 2:16	med	kjv	3	0.432	G0071,2250,3195
LUK 24:21	PSA 130:8	med	kjv	3	0.388	G2474,3084,3956
LUK 24:23	BEL 1:24	med	kjv	3	0.422	G2198,3004,3361
LUK 24:24	1KI 20:36	med	kjv	3	0.353	G0565,2147,3004
LUK 24:25	2KI 21:10	med	kjv	3	0.354	G2980,3004,4396
LUK 24:29	2KI 2:17	med	kjv	3	0.372	G2250,3004,3849
LUK 24:29	JER 6:4	med	kjv	3	0.311	G2073,2250,2827
LUK 24:31	2KI 6:20	high	kjv	3	0.504	G1096,1272,3788
LUK 24:32	EZK 24:27	med	kjv	3	0.395	G1272,1510,2980
LUK 24:32	2CH 21:12	med	kjv	3	0.344	G1124,3004,3598
LUK 24:32	LAM 2:16	med	kjv	3	0.331	G1272,3004,3598
LUK 24:34	JER 1:12	high	kjv	4	0.681	G1453,2962,3004,3708
LUK 24:36	1KI 22:28	high	kjv	3	0.605	G1515,2980,3004
LUK 24:36	2CH 18:27	high	kjv	3	0.51	G1515,2980,3004
LUK 24:36	EZK 3:24	high	kjv	4	0.487	G2476,2980,3004,3319
LUK 24:38	PSA 109:22	med	kjv	3	0.402	G1510,2588,5015
LUK 24:39	PSA 115:7	med	kjv	4	0.434	G2192,4228,5495,5584
LUK 24:39	GEN 29:14	med	kjv	3	0.401	G1510,3747,4561
LUK 24:39	JOB 2:5	med	kjv	3	0.356	G3747,4561,5495
LUK 24:40	EZK 25:6	high	kjv	3	0.541	G3004,4228,5495
LUK 24:44	1KI 1:14	med	kjv	3	0.375	G2980,3056,4137
LUK 24:44	BAR 2:28	med	kjv	5	0.356	G1125,2980,3004,3475,3551
LUK 24:44	DEU 31:24	med	kjv	5	0.334	G1125,3056,3475,3551,3956
LUK 24:46	1MA 9:44	med	kjv	3	0.37	G0450,2250,5154
LUK 24:46	1SA 2:35	med	kjv	3	0.327	G0450,2250,5547
LUK 24:47	JOL 3:9	med	kjv	3	0.306	G1484,2784,3956
LUK 24:50	PSA 134:2	high	kjv	3	0.673	G1869,2127,5495
LUK 24:50	NEH 8:6	high	kjv	3	0.464	G1869,2127,5495
LUK 24:51	1SA 13:10	med	kjv	3	0.333	G0399,1096,2127
LUK 24:53	2SA 24:23	high	kjv	3	0.514	G2127,2316,3956
LUK 24:53	DEU 1:11	med	kjv	3	0.406	G1510,2127,2316
JHN 1:1	JER 49:38	high	kjv	3	0.459	G0746,1510,3056
JHN 1:3	ECC 3:20	high	kjv	3	0.503	G1096,1520,3956
JHN 1:7	SUS 1:41	high	kjv	3	0.467	G3140,3956,4100
JHN 1:9	HOS 10:12	med	kjv	3	0.362	G2064,5457,5461
JHN 1:12	1CH 22:7	med	kjv	4	0.354	G1096,2316,3686,5043
JHN 1:15	GEN 43:2	med	kjv	3	0.36	G1510,3004,3140
JHN 1:15	2CH 28:10	med	kjv	3	0.356	G1510,3004,3140
JHN 1:17	PSA 84:11	med	kjv	3	0.385	G0225,1325,5485
JHN 1:17	JOS 1:1	med	kjv	3	0.334	G1096,2424,3475
JHN 1:19	JER 23:33	med	kjv	3	0.366	G1510,2065,2409
JHN 1:19	1MA 2:1	med	kjv	3	0.347	G2409,2414,2491
JHN 1:21	JER 23:33	high	kjv	4	0.546	G1510,2065,3004,4396
JHN 1:21	JOS 4:21	med	kjv	3	0.414	G1510,2065,3004
JHN 1:21	ISA 41:28	med	kjv	3	0.403	G0611,1510,2065
JHN 1:22	JOB 32:4	high	kjv	3	0.475	G0612,1325,1510
JHN 1:23	2CH 32:20	med	kjv	3	0.4	G0994,2268,4396
JHN 1:23	PSA 29:8	med	kjv	3	0.393	G2048,2962,5456
JHN 1:23	ISA 38:4	med	kjv	3	0.391	G2268,2962,3004
JHN 1:25	JER 23:33	med	kjv	4	0.429	G1510,2065,3004,4396
JHN 1:25	JOS 4:21	med	kjv	3	0.326	G1510,2065,3004
JHN 1:27	ISA 5:27	high	kjv	3	0.548	G2438,3089,5266
JHN 1:27	JOS 5:15	high	kjv	3	0.473	G1510,3089,5266
JHN 1:27	EXO 3:5	high	kjv	3	0.463	G1510,3089,5266
JHN 1:29	2SA 14:24	med	kjv	3	0.335	G0991,3004,3708
JHN 1:29	ISA 49:18	med	kjv	4	0.321	G0142,2889,3004,3708
JHN 1:30	JER 17:15	med	kjv	3	0.422	G1510,2064,3004
JHN 1:30	1SA 14:14	med	kjv	3	0.413	G0435,1096,4413
JHN 1:30	ECC 1:11	med	kjv	3	0.412	G1096,1510,4413
JHN 1:32	TOB 2:2	med	kjv	3	0.371	G2300,3004,3306
JHN 1:32	1MA 2:37	med	kjv	3	0.313	G3004,3140,3772
JHN 1:33	WIS 9:17	med	kjv	3	0.391	G0040,3992,4151
JHN 1:33	ECC 3:21	med	kjv	3	0.347	G1492,2597,4151
JHN 1:33	ZEC 4:13	med	kjv	3	0.305	G1492,1510,3004
JHN 1:34	GEN 43:2	high	kjv	3	0.632	G1510,3140,3708
JHN 1:34	2CH 28:10	high	kjv	4	0.62	G1510,2316,3140,5207
JHN 1:38	TOB 2:2	med	kjv	3	0.309	G2300,3004,3306
JHN 1:39	DAN 8:19	med	kjv	4	0.441	G1510,3004,3306,5610
JHN 1:40	1MA 13:53	med	kjv	3	0.383	G1510,2491,4613
JHN 1:40	1MA 16:2	med	kjv	3	0.35	G0080,2491,4613
JHN 1:42	1MA 2:2	med	kjv	3	0.385	G2491,2564,5207
JHN 1:42	1MA 13:53	med	kjv	4	0.339	G1510,2491,4613,5207
JHN 1:42	1MA 16:2	med	kjv	5	0.33	G2491,2564,3004,4613,5207
JHN 1:45	JDT 8:1	high	kjv	3	0.467	G2501,3482,5207
JHN 1:45	BAR 2:28	med	kjv	5	0.328	G1125,3004,3475,3551,5207
JHN 1:45	DEU 32:44	med	kjv	5	0.323	G1125,2424,3475,3551,5207
JHN 1:47	GEN 27:35	med	kjv	3	0.353	G1388,2064,3004
JHN 1:49	JDT 8:1	high	kjv	3	0.584	G2474,3482,5207
JHN 1:50	EXO 4:1	high	kjv	4	0.496	G0611,3004,3708,4100
JHN 1:50	JOS 7:20	med	kjv	3	0.409	G0611,2424,3004
JHN 1:50	JOS 1:16	med	kjv	3	0.36	G0611,2424,3004
JHN 1:51	JOB 7:9	med	kjv	4	0.443	G0305,0444,2597,3772
JHN 1:51	GEN 28:12	med	kjv	5	0.424	G0032,0305,2316,2597,3772
JHN 1:51	PSA 139:8	med	kjv	3	0.419	G0305,2597,3772
JHN 2:4	GEN 18:10	high	kjv	4	0.52	G1135,2240,3004,5610
JHN 2:4	JOS 11:6	med	kjv	3	0.418	G2424,3004,5610
JHN 2:5	EST 6:3	high	kjv	3	0.631	G1249,3004,4160
JHN 2:7	GEN 24:17	med	kjv	3	0.348	G3004,5201,5204
JHN 2:10	1SA 1:14	med	kjv	3	0.437	G3004,3184,3631
JHN 2:11	NUM 14:11	med	kjv	3	0.357	G4100,4160,4592
JHN 2:12	GEN 24:55	high	kjv	4	0.561	G0080,2250,3306,3384
JHN 2:12	TOB 2:2	med	kjv	3	0.368	G0080,3306,4183
JHN 2:12	TOB 1:16	med	kjv	3	0.352	G0080,2250,4183
JHN 2:13	1ES 1:19	med	kjv	3	0.443	G2414,2453,3957
JHN 2:15	LEV 7:33	med	kjv	3	0.313	G1016,3956,4263
JHN 2:17	PSA 69:9	high	kjv	3	0.511	G2205,2719,3624
JHN 2:18	GEN 41:28	med	kjv	3	0.392	G1166,3004,4160
JHN 2:18	TOB 5:1	med	kjv	3	0.365	G0611,3004,4160
JHN 2:19	GEN 40:18	med	kjv	4	0.429	G0611,2250,3004,5140
JHN 2:19	JOS 5:15	med	kjv	3	0.382	G2424,3004,3089
JHN 2:19	JOS 7:20	med	kjv	3	0.366	G0611,2424,3004
JHN 2:20	1KI 6:36	med	kjv	3	0.373	G3485,3618,5140
JHN 2:22	JER 25:8	high	kjv	3	0.469	G3004,3056,4100
JHN 2:22	SIR 48:5	med	kjv	3	0.449	G1453,3056,3498
JHN 2:22	JER 1:12	med	kjv	3	0.431	G1453,3004,3056
JHN 2:23	NUM 14:11	med	kjv	3	0.396	G4100,4160,4592
JHN 2:25	PSA 16:2	high	kjv	3	0.563	G1510,2192,5532
JHN 2:25	GEN 43:2	high	kjv	3	0.473	G0444,1510,3140
JHN 3:1	EST 2:5	med	kjv	4	0.446	G0444,1510,2453,3686
JHN 3:1	PSA 146:3	med	kjv	3	0.373	G0444,0758,1510
JHN 3:2	BEL 1:24	med	kjv	3	0.333	G1510,3004,3361
JHN 3:2	DAN 10:12	med	kjv	3	0.32	G2316,3004,3361
JHN 3:2	JOB 42:2	med	kjv	3	0.309	G1410,1492,3762
JHN 3:3	DAN 10:12	med	kjv	3	0.398	G2316,3004,3361
JHN 3:3	JOS 7:20	med	kjv	4	0.378	G0611,2316,2424,3004
JHN 3:4	PSA 22:10	med	kjv	3	0.376	G1510,2836,3384
JHN 3:4	SIR 17:30	med	kjv	3	0.368	G0444,1410,1510
JHN 3:5	DAN 10:12	med	kjv	4	0.42	G1525,2316,3004,3361
JHN 3:5	JOS 7:20	med	kjv	4	0.347	G0611,2316,2424,3004
JHN 3:8	LJE 1:60	med	kjv	4	0.432	G1510,3956,4151,4154
JHN 3:9	GEN 45:3	high	kjv	3	0.531	G0611,1410,3004
JHN 3:10	JOS 7:20	med	kjv	4	0.432	G0611,2424,2474,3004
JHN 3:10	ZEC 4:5	med	kjv	4	0.367	G0611,1097,1510,3004
JHN 3:10	JOS 1:16	med	kjv	3	0.338	G0611,2424,3004
JHN 3:11	GEN 31:48	high	kjv	3	0.565	G3004,3140,3141
JHN 3:11	GEN 43:2	med	kjv	3	0.426	G3004,3140,3708
JHN 3:13	JOB 7:9	med	kjv	4	0.38	G0305,0444,2597,3772
JHN 3:13	PSA 139:8	med	kjv	3	0.36	G0305,2597,3772
JHN 3:13	ECC 3:21	med	kjv	4	0.342	G0305,0444,2597,5207
JHN 3:14	NUM 21:8	med	kjv	3	0.431	G0444,3475,3789
JHN 3:14	NUM 21:9	med	kjv	3	0.388	G0444,3475,3789
JHN 3:14	EXO 18:5	med	kjv	3	0.372	G2048,3475,5207
JHN 3:16	4MA 15:3	med	kjv	4	0.349	G0025,0166,2222,2316
JHN 3:16	DAN 10:12	med	kjv	3	0.327	G1325,2316,3361
JHN 3:17	PSA 54:1	high	kjv	3	0.545	G2316,2919,4982
JHN 3:19	JOB 9:32	high	kjv	4	0.485	G0444,1510,2064,2920
JHN 3:19	JOB 37:15	high	kjv	3	0.477	G2041,4655,5457
JHN 3:19	AMO 5:18	med	kjv	3	0.414	G1510,4655,5457
JHN 3:21	NEH 9:33	med	kjv	3	0.366	G0225,2064,4160
JHN 3:21	DEU 5:13	med	kjv	3	0.361	G2038,2041,4160
JHN 3:21	EXO 20:9	med	kjv	3	0.361	G2038,2041,4160
JHN 3:26	GEN 43:2	med	kjv	4	0.374	G1510,3004,3140,3708
JHN 3:26	2CH 28:10	med	kjv	3	0.322	G1510,3004,3140
JHN 3:26	1MA 13:53	med	kjv	4	0.311	G1510,2491,3708,3956
JHN 3:27	BEL 1:24	med	kjv	3	0.381	G1510,3004,3361
JHN 3:27	DAN 10:12	med	kjv	3	0.375	G1325,3004,3361
JHN 3:27	SIR 17:30	med	kjv	3	0.327	G0444,1410,1510
JHN 3:28	GEN 43:2	high	kjv	3	0.466	G1510,3004,3140
JHN 3:28	2CH 28:10	high	kjv	3	0.46	G1510,3004,3140
JHN 3:29	JER 16:9	high	kjv	4	0.523	G3565,3566,5456,5479
JHN 3:29	JER 7:34	high	kjv	5	0.48	G1510,3565,3566,5456,5463
JHN 3:29	JER 25:10	high	kjv	4	0.453	G3565,3566,5456,5479
JHN 3:31	DEU 10:14	high	kjv	4	0.656	G1093,1510,3772,3956
JHN 3:31	BAR 2:7	high	kjv	3	0.534	G2064,2980,3956
JHN 3:31	DEU 32:1	med	kjv	3	0.433	G1093,2980,3772
JHN 3:33	GEN 41:32	med	kjv	3	0.372	G0227,1510,2316
JHN 3:34	DEU 25:15	med	kjv	3	0.365	G1325,2316,3358
JHN 3:34	EZK 37:14	med	kjv	3	0.364	G1325,2980,4151
JHN 3:35	LEV 19:18	high	kjv	3	0.679	G0025,5207,5495
JHN 3:35	BAR 3:37	high	kjv	3	0.472	G0025,1325,3956
JHN 3:36	PRO 24:21	med	kjv	3	0.395	G0544,2316,5207
JHN 3:36	DEU 9:23	med	kjv	3	0.368	G0544,2316,4100
JHN 3:36	JOB 10:22	med	kjv	3	0.327	G0166,2222,3708
JHN 4:5	GEN 48:9	med	kjv	5	0.378	G1325,2384,2501,3004,5207
JHN 4:5	PSA 77:15	med	kjv	3	0.372	G2384,2501,5207
JHN 4:5	GEN 48:2	med	kjv	5	0.343	G2064,2384,2501,3004,5207
JHN 4:7	JOS 11:7	med	kjv	3	0.356	G2064,2424,5204
JHN 4:7	LAM 5:4	med	kjv	3	0.319	G2064,4095,5204
JHN 4:7	NUM 21:16	med	kjv	4	0.304	G1325,3004,4095,5204
JHN 4:10	NUM 33:14	med	kjv	3	0.382	G1510,4095,5204
JHN 4:10	JOS 7:20	med	kjv	4	0.364	G0611,2316,2424,3004
JHN 4:10	1SA 1:17	med	kjv	5	0.36	G0154,0611,1325,2316,3004
JHN 4:11	SNG 4:15	med	kjv	3	0.433	G2198,5204,5421
JHN 4:11	NUM 21:16	med	kjv	4	0.431	G2962,3004,5204,5421
JHN 4:11	GEN 26:19	med	kjv	3	0.4	G2198,5204,5421
JHN 4:12	NUM 21:16	high	kjv	3	0.564	G1325,4095,5421
JHN 4:12	GEN 46:5	med	kjv	4	0.431	G2384,3962,5207,5421
JHN 4:12	JER 41:9	med	kjv	3	0.392	G1510,3173,5421
JHN 4:13	SIR 26:12	high	kjv	4	0.498	G1372,3956,4095,5204
JHN 4:13	ISA 14:10	high	kjv	3	0.464	G0611,3004,3956
JHN 4:13	ISA 48:21	med	kjv	3	0.449	G1372,4095,5204
JHN 4:14	ISA 41:18	med	kjv	3	0.344	G1372,4077,5204
JHN 4:14	ISA 35:6	med	kjv	3	0.317	G0242,1372,5204
JHN 4:15	DAN 10:12	med	kjv	4	0.375	G1325,2962,3004,3361
JHN 4:17	JOS 7:20	med	kjv	3	0.383	G0611,2424,3004
JHN 4:17	JOS 7:2	med	kjv	3	0.358	G0435,2424,3004
JHN 4:17	JOS 1:16	med	kjv	3	0.337	G0611,2424,3004
JHN 4:19	HAG 1:3	med	kjv	3	0.398	G2962,3004,4396
JHN 4:20	2CH 3:1	med	kjv	4	0.438	G2414,3735,3962,5117
JHN 4:20	ZEC 14:17	med	kjv	3	0.394	G1510,2414,4352
JHN 4:21	DEU 1:20	med	kjv	3	0.333	G2064,3004,3735
JHN 4:21	JOS 11:21	med	kjv	3	0.32	G2064,2424,3735
JHN 4:23	TOB 3:5	med	kjv	4	0.373	G0225,0228,1510,3962
JHN 4:24	PSA 31:5	high	kjv	3	0.568	G0225,2316,4151
JHN 4:24	GEN 24:48	med	kjv	3	0.415	G0225,2316,4352
JHN 4:25	JER 36:16	med	kjv	3	0.395	G0312,0537,3004
JHN 4:25	JDG 13:10	med	kjv	4	0.39	G0312,1135,2064,3004
JHN 4:25	JER 16:10	med	kjv	3	0.369	G0312,0537,3004
JHN 4:26	JOS 20:1	high	kjv	3	0.938	G2424,2980,3004
JHN 4:26	JOS 7:2	high	kjv	3	0.63	G1510,2424,3004
JHN 4:27	GEN 19:21	med	kjv	3	0.417	G2296,2980,3004
JHN 4:27	1SA 28:7	med	kjv	3	0.408	G1135,2212,3004
JHN 4:27	1MA 4:5	med	kjv	4	0.407	G2064,2212,3004,3762
JHN 4:28	GEN 42:33	med	kjv	4	0.421	G0444,0565,0863,3004
JHN 4:28	GEN 24:43	med	kjv	4	0.375	G0444,3004,4172,5201
JHN 4:29	1SA 16:6	high	kjv	3	0.709	G3004,3708,5547
JHN 4:29	JOB 36:25	high	kjv	4	0.575	G0444,1510,3708,3956
JHN 4:29	1SA 26:16	high	kjv	4	0.524	G1510,3708,4160,5547
JHN 4:30	1CH 19:9	high	kjv	3	0.56	G1831,2064,4172
JHN 4:34	1MA 3:60	med	kjv	3	0.38	G1510,2307,4160
JHN 4:34	4MA 18:16	med	kjv	4	0.326	G1510,2307,3004,4160
JHN 4:34	NEH 6:3	med	kjv	4	0.326	G2041,3004,4160,5048
JHN 4:36	PRO 11:21	med	kjv	3	0.382	G2983,3408,4687
JHN 4:36	LEV 25:3	med	kjv	3	0.38	G2590,4687,4863
JHN 4:36	HOS 10:12	med	kjv	3	0.317	G2222,2590,4687
JHN 4:37	2SA 7:28	med	kjv	3	0.411	G0228,1510,3056
JHN 4:39	2KI 17:29	high	kjv	3	0.464	G4160,4172,4541
JHN 4:39	JER 25:8	med	kjv	3	0.449	G3004,3056,4100
JHN 4:39	SUS 1:41	med	kjv	3	0.435	G3140,3956,4100
JHN 4:42	ISA 45:15	high	kjv	3	0.488	G1492,1510,4990
JHN 4:42	PSA 19:3	med	kjv	3	0.434	G0191,1510,2981
JHN 4:42	DAN 10:9	med	kjv	3	0.386	G0191,1510,2981
JHN 4:45	2KI 15:29	high	kjv	3	0.508	G1056,2064,3956
JHN 4:46	DAN 8:27	med	kjv	3	0.321	G0770,0937,1510
JHN 4:48	DEU 29:2	med	kjv	3	0.414	G3708,4592,5059
JHN 4:48	NUM 14:11	med	kjv	3	0.376	G3004,4100,4592
JHN 4:49	GEN 44:22	high	kjv	4	0.463	G0599,2962,3004,3813
JHN 4:49	2KI 1:4	med	kjv	4	0.344	G0599,2597,2962,3004
JHN 4:50	NUM 14:38	high	kjv	5	0.725	G0444,2198,2424,4198,5207
JHN 4:50	JER 25:8	high	kjv	3	0.64	G3004,3056,4100
JHN 4:53	JER 40:14	med	kjv	4	0.393	G1097,3004,4100,5207
JHN 4:53	NUM 14:38	med	kjv	3	0.375	G2198,2424,5207
JHN 4:53	2KI 4:16	med	kjv	4	0.348	G2198,3004,5207,5610
JHN 5:1	2MA 12:31	med	kjv	3	0.382	G1510,1859,2414
JHN 5:1	2MA 6:6	med	kjv	3	0.366	G1510,1859,2453
JHN 5:2	EZK 42:6	med	kjv	3	0.397	G1510,2192,4745
JHN 5:4	EZK 30:16	med	kjv	3	0.388	G5015,5016,5204
JHN 5:9	JER 17:21	med	kjv	3	0.355	G0142,2250,4521
JHN 5:9	NEH 13:19	med	kjv	4	0.353	G0142,1096,2250,4521
JHN 5:10	EST 6:10	high	kjv	3	0.574	G2323,2453,3004
JHN 5:10	JER 17:21	med	kjv	3	0.393	G0142,3004,4521
JHN 5:12	JOS 4:21	high	kjv	3	0.471	G1510,2065,3004
JHN 5:12	JER 23:33	med	kjv	3	0.421	G1510,2065,3004
JHN 5:12	GEN 37:15	med	kjv	3	0.419	G0444,2065,3004
JHN 5:14	SIR 5:4	med	kjv	3	0.331	G0264,1096,3004
JHN 5:14	JOS 7:20	med	kjv	3	0.315	G0264,2424,3004
JHN 5:15	ISA 38:21	med	kjv	3	0.375	G1510,3004,5199
JHN 5:19	JOS 7:20	med	kjv	4	0.371	G0611,2424,3004,4160
JHN 5:19	TOB 5:1	med	kjv	4	0.342	G0611,3004,3962,4160
JHN 5:19	JOS 1:16	med	kjv	4	0.326	G0611,2424,3004,4160
JHN 5:20	GEN 27:14	med	kjv	3	0.426	G3962,4160,5368
JHN 5:20	DEU 11:7	med	kjv	4	0.36	G2041,3173,3956,4160
JHN 5:20	GEN 37:4	med	kjv	4	0.342	G3956,3962,5207,5368
JHN 5:22	DEU 11:32	high	kjv	3	0.458	G1325,2920,3956
JHN 5:24	JER 25:8	med	kjv	3	0.389	G3004,3056,4100
JHN 5:24	PSA 106:12	med	kjv	3	0.336	G2064,3056,4100
JHN 5:25	SUS 1:51	med	kjv	3	0.354	G1510,3004,3568
JHN 5:25	1SA 19:6	med	kjv	4	0.312	G0191,2198,3004,5456
JHN 5:25	2KI 4:16	med	kjv	4	0.305	G2198,3004,5207,5610
JHN 5:26	SIR 23:4	high	kjv	3	0.648	G1325,2222,3962
JHN 5:26	PRO 27:27	high	kjv	3	0.467	G2192,2222,5207
JHN 5:27	JOB 9:32	high	kjv	3	0.54	G0444,1510,2920
JHN 5:27	DEU 11:32	high	kjv	3	0.5	G1325,2920,4160
JHN 5:27	1MA 1:13	high	kjv	3	0.495	G1325,1849,4160
JHN 5:29	2MA 12:43	med	kjv	3	0.366	G0386,4160,4238
JHN 5:30	PRO 5:7	med	kjv	3	0.377	G0191,1699,4160
JHN 5:30	1MA 3:60	med	kjv	3	0.372	G1510,2307,4160
JHN 5:30	GEN 18:25	med	kjv	5	0.363	G1342,1510,2919,2920,4160
JHN 5:32	EXO 8:6	high	kjv	3	0.471	G0243,1492,1510
JHN 5:35	LEV 24:2	med	kjv	3	0.44	G2545,3088,5457
JHN 5:35	EXO 27:20	med	kjv	3	0.393	G2545,3088,5457
JHN 5:36	NEH 6:3	med	kjv	5	0.395	G0649,2041,3173,4160,5048
JHN 5:39	PRO 26:12	med	kjv	3	0.315	G1380,1510,2192
JHN 5:44	1CH 21:30	med	kjv	3	0.355	G1410,2212,2316
JHN 6:4	EZK 45:21	high	kjv	3	0.478	G1510,1859,3957
JHN 6:4	2MA 6:6	med	kjv	3	0.379	G1510,1859,2453
JHN 6:6	ISA 48:6	high	kjv	3	0.531	G3004,3195,4160
JHN 6:7	2SA 16:1	med	kjv	3	0.34	G0740,1024,1250
JHN 6:13	1SA 30:12	med	kjv	3	0.34	G0740,0977,2801
JHN 6:14	PSA 74:9	high	kjv	4	0.631	G1510,3708,4396,4592
JHN 6:14	JOB 36:25	med	kjv	3	0.387	G0444,1510,3708
JHN 6:14	NUM 21:8	med	kjv	6	0.364	G0444,1510,3004,3708,4160,4592
JHN 6:15	ISA 48:6	med	kjv	3	0.35	G1097,3195,4160
JHN 6:20	DAN 10:12	high	kjv	3	0.624	G3004,3361,5399
JHN 6:20	BEL 1:24	high	kjv	3	0.576	G1510,3004,3361
JHN 6:20	HOS 10:3	med	kjv	3	0.361	G1510,3004,5399
JHN 6:22	EZK 27:29	med	kjv	3	0.363	G2281,2476,4143
JHN 6:23	AMO 4:6	med	kjv	3	0.314	G0740,2962,5117
JHN 6:26	JOS 7:20	med	kjv	3	0.37	G0611,2424,3004
JHN 6:27	DAN 10:12	med	kjv	3	0.327	G1325,2316,3361
JHN 6:27	SIR 23:4	med	kjv	4	0.3	G1325,2222,2316,3962
JHN 6:28	DEU 5:13	high	kjv	3	0.69	G2038,2041,4160
JHN 6:28	EXO 20:9	high	kjv	3	0.69	G2038,2041,4160
JHN 6:28	EXO 36:4	high	kjv	3	0.562	G2038,2041,4160
JHN 6:29	JOS 7:2	high	kjv	4	0.543	G0649,1510,2424,3004
JHN 6:29	JOS 1:16	high	kjv	4	0.53	G0611,0649,2424,3004
JHN 6:29	EXO 4:1	high	kjv	4	0.524	G0611,2316,3004,4100
JHN 6:30	NUM 14:11	high	kjv	4	0.582	G3004,4100,4160,4592
JHN 6:30	EXO 4:1	med	kjv	3	0.392	G3004,3708,4100
JHN 6:31	PSA 78:24	high	kjv	4	0.629	G0740,1325,3131,3772
JHN 6:31	DEU 8:16	med	kjv	3	0.406	G2048,3131,3962
JHN 6:31	DEU 8:3	med	kjv	3	0.401	G0740,3131,3962
JHN 6:32	EXO 17:14	med	kjv	5	0.38	G1325,2424,3004,3475,3772
JHN 6:33	ISA 24:21	high	kjv	3	0.481	G2316,2889,3772
JHN 6:33	SIR 23:4	med	kjv	3	0.38	G1325,2222,2316
JHN 6:33	DEU 10:14	med	kjv	3	0.346	G1510,2316,3772
JHN 6:34	JDG 8:6	high	kjv	3	0.651	G0740,1325,3004
JHN 6:34	AMO 4:6	high	kjv	4	0.532	G0740,1325,2962,3004
JHN 6:34	EXO 16:15	high	kjv	4	0.511	G0740,1325,2962,3004
JHN 6:35	BEL 1:24	med	kjv	3	0.359	G1510,3004,3361
JHN 6:35	ISA 65:13	med	kjv	3	0.35	G1372,3004,3983
JHN 6:36	EXO 4:1	high	kjv	3	0.607	G3004,3708,4100
JHN 6:37	2CH 11:16	med	kjv	4	0.357	G1325,1544,2064,3962
JHN 6:38	1MA 3:60	high	kjv	3	0.598	G2307,3772,4160
JHN 6:39	DAN 10:12	med	kjv	3	0.386	G1325,2250,3361
JHN 6:39	1KI 5:10	med	kjv	4	0.383	G1325,1510,2307,3956
JHN 6:40	4MA 18:16	med	kjv	4	0.435	G1510,2222,2307,3956
JHN 6:40	SIR 42:22	med	kjv	3	0.362	G1510,2334,3956
JHN 6:40	1KI 5:10	med	kjv	3	0.339	G1510,2307,3956
JHN 6:41	PSA 139:8	med	kjv	3	0.301	G1510,2597,3772
JHN 6:42	GEN 42:23	med	kjv	3	0.353	G1492,1510,2501
JHN 6:42	SUS 1:51	med	kjv	3	0.351	G1510,3004,3568
JHN 6:42	ZEC 4:13	med	kjv	3	0.317	G1492,1510,3004
JHN 6:43	JOS 7:20	med	kjv	3	0.362	G0611,2424,3004
JHN 6:45	ISA 54:13	high	kjv	3	0.511	G1318,2316,3956
JHN 6:45	PSS 17:32	med	kjv	4	0.435	G1318,1510,2316,3956
JHN 6:45	DEU 18:15	med	kjv	3	0.307	G0191,2316,4396
JHN 6:49	DEU 8:16	high	kjv	3	0.494	G2048,3131,3962
JHN 6:51	PSA 21:4	med	kjv	3	0.355	G0165,1325,2222
JHN 6:51	PSA 133:3	med	kjv	3	0.35	G0165,2222,2597
JHN 6:51	PRO 4:22	med	kjv	3	0.338	G1510,2222,4561
JHN 6:53	BEL 1:24	high	kjv	3	0.483	G3004,3361,4095
JHN 6:53	LEV 17:14	med	kjv	4	0.352	G0129,3004,4561,5207
JHN 6:53	EZK 16:6	med	kjv	3	0.318	G0129,2222,3004
JHN 6:54	EZK 16:60	med	kjv	3	0.39	G0166,0450,2250
JHN 6:54	2MA 7:9	med	kjv	4	0.378	G0166,0450,2078,2222
JHN 6:54	PSS 3:12	med	kjv	3	0.335	G0166,0450,2222
JHN 6:55	LEV 17:11	med	kjv	3	0.319	G0129,1510,4561
JHN 6:55	LEV 17:14	med	kjv	3	0.315	G0129,1510,4561
JHN 6:57	GEN 43:7	high	kjv	3	0.557	G0649,2198,3962
JHN 6:58	ZEC 1:5	high	kjv	4	0.51	G0165,1510,2198,3962
JHN 6:58	GEN 42:2	med	kjv	4	0.384	G0599,1510,2198,2597
JHN 6:58	DEU 32:40	med	kjv	3	0.377	G0165,2198,3772
JHN 6:60	DEU 7:17	med	kjv	3	0.4	G1410,3004,4183
JHN 6:60	2SA 15:3	med	kjv	4	0.393	G0191,1510,3004,3056
JHN 6:60	ISA 8:12	med	kjv	3	0.389	G1510,3004,4642
JHN 6:63	GEN 7:15	med	kjv	4	0.344	G1510,2222,4151,4561
JHN 6:63	PSA 78:39	med	kjv	3	0.312	G1510,4151,4561
JHN 6:64	ISA 23:7	med	kjv	3	0.359	G0746,1510,3860
JHN 6:65	BEL 1:24	med	kjv	3	0.372	G1510,3004,3361
JHN 6:65	DAN 10:12	med	kjv	3	0.366	G1325,3004,3361
JHN 6:69	LEV 20:7	high	kjv	3	0.529	G0040,1510,2316
JHN 6:69	ISA 43:10	high	kjv	4	0.452	G1097,1510,2316,4100
JHN 6:71	1MA 13:14	high	kjv	3	0.505	G3004,3195,4613
JHN 7:2	1ES 5:50	high	kjv	3	0.648	G1510,1859,4634
JHN 7:2	ZEC 14:19	high	kjv	3	0.605	G1510,1859,4634
JHN 7:2	ZEC 14:18	high	kjv	3	0.517	G1510,1859,4634
JHN 7:6	DEU 32:35	med	kjv	3	0.416	G2092,2540,3918
JHN 7:6	JDT 9:6	med	kjv	3	0.316	G2092,3004,3918
JHN 7:7	JOB 34:17	med	kjv	3	0.309	G1510,3404,4190
JHN 7:11	2MA 6:6	med	kjv	3	0.42	G1510,1859,2453
JHN 7:11	1MA 10:34	med	kjv	3	0.376	G1510,1859,2453
JHN 7:11	LEV 23:2	med	kjv	3	0.338	G1510,1859,3004
JHN 7:12	EXO 8:6	med	kjv	3	0.34	G0243,1510,3004
JHN 7:16	1KI 20:4	med	kjv	4	0.365	G0611,1510,1699,3004
JHN 7:16	JOS 7:20	med	kjv	3	0.33	G0611,2424,3004
JHN 7:16	GEN 31:31	med	kjv	3	0.321	G0611,1699,3004
JHN 7:17	1MA 3:60	med	kjv	3	0.422	G1510,2307,4160
JHN 7:17	4MA 18:16	med	kjv	3	0.342	G1510,2307,4160
JHN 7:17	PSA 115:3	med	kjv	3	0.332	G2309,2316,4160
JHN 7:19	EZR 7:10	med	kjv	4	0.439	G1325,2212,3551,4160
JHN 7:19	1MA 11:10	med	kjv	3	0.419	G0615,1325,2212
JHN 7:19	ISA 40:23	med	kjv	3	0.404	G1325,3762,4160
JHN 7:20	TOB 3:8	med	kjv	3	0.376	G0615,1140,2192
JHN 7:21	JOS 7:20	high	kjv	4	0.507	G0611,2424,3004,4160
JHN 7:21	ISA 14:10	high	kjv	3	0.48	G0611,3004,3956
JHN 7:21	JOS 1:16	high	kjv	5	0.471	G0611,2424,3004,3956,4160
JHN 7:22	GEN 17:13	high	kjv	3	0.599	G1510,4059,4061
JHN 7:22	EXO 16:25	med	kjv	3	0.366	G1510,3475,4521
JHN 7:22	GEN 34:22	med	kjv	3	0.342	G0444,1510,4059
JHN 7:24	GEN 18:25	med	kjv	3	0.382	G1342,2919,2920
JHN 7:24	DEU 16:18	med	kjv	3	0.368	G1342,2919,2920
JHN 7:26	1SA 16:6	high	kjv	3	0.459	G3004,3708,5547
JHN 7:26	1SA 12:5	med	kjv	3	0.377	G3004,3762,5547
JHN 7:28	EXO 32:17	med	kjv	3	0.327	G2424,2896,3004
JHN 7:28	ZEC 4:13	med	kjv	3	0.312	G1492,1510,3004
JHN 7:30	1KI 20:6	high	kjv	3	0.561	G1911,5495,5610
JHN 7:30	1MA 4:5	med	kjv	3	0.365	G2064,2212,3762
JHN 7:30	EST 6:2	med	kjv	3	0.346	G1911,2212,5495
JHN 7:31	NUM 14:11	high	kjv	4	0.459	G3004,4100,4160,4592
JHN 7:34	ISA 41:12	high	kjv	3	0.661	G1510,2147,2212
JHN 7:34	1MA 6:3	high	kjv	3	0.582	G1410,2064,2212
JHN 7:34	PSA 37:36	high	kjv	3	0.507	G1510,2147,2212
JHN 7:36	1MA 6:3	high	kjv	4	0.639	G1410,2064,2212,3056
JHN 7:36	ISA 41:12	high	kjv	3	0.607	G1510,2147,2212
JHN 7:36	JER 17:15	high	kjv	4	0.552	G1510,2064,3004,3056
JHN 7:37	EXO 32:17	med	kjv	3	0.342	G2424,2896,3004
JHN 7:37	2SA 19:3	med	kjv	3	0.328	G2896,3004,3173
JHN 7:37	EZK 23:34	med	kjv	3	0.32	G1859,3004,4095
JHN 7:38	PSA 105:41	high	kjv	3	0.46	G4215,4482,5204
JHN 7:38	PRO 31:2	med	kjv	3	0.436	G2836,3004,4482
JHN 7:39	NUM 27:18	med	kjv	4	0.362	G2424,2983,3004,4151
JHN 7:39	ISA 49:3	med	kjv	3	0.349	G1392,1510,3004
JHN 7:40	1KI 20:13	high	kjv	3	0.516	G3004,3793,4396
JHN 7:40	HAG 1:3	high	kjv	3	0.504	G3004,3056,4396
JHN 7:40	BAR 1:21	high	kjv	3	0.497	G0191,3056,4396
JHN 7:41	EXO 8:6	med	kjv	3	0.403	G0243,1510,3004
JHN 7:42	JOS 15:59	med	kjv	3	0.425	G0965,1510,2968
JHN 7:42	2SA 22:51	med	kjv	3	0.378	G1138,4690,5547
JHN 7:42	PSA 18:50	med	kjv	3	0.378	G1138,4690,5547
JHN 7:44	GEN 39:8	high	kjv	3	0.57	G2309,3762,5495
JHN 7:50	GEN 38:28	high	kjv	3	0.489	G1520,3004,4386
JHN 7:50	ECC 7:10	high	kjv	3	0.473	G1510,3004,4386
JHN 7:51	ECC 6:10	med	kjv	3	0.309	G0444,1097,2919
JHN 7:51	EZK 35:11	med	kjv	3	0.303	G1097,2919,4160
JHN 7:52	JER 1:12	high	kjv	3	0.505	G1453,3004,3708
JHN 7:52	AMO 7:14	med	kjv	4	0.398	G0611,1510,3004,4396
JHN 7:53	1CH 16:43	high	kjv	3	0.636	G1538,3624,4198
JHN 7:53	RUT 1:8	high	kjv	3	0.487	G1538,3624,4198
JHN 8:2	JER 40:6	med	kjv	3	0.348	G2064,2523,2992
JHN 8:3	HOS 2:2	med	kjv	3	0.437	G1135,3319,3430
JHN 8:3	NUM 11:16	med	kjv	3	0.309	G0071,1122,2476
JHN 8:5	DEU 27:11	high	kjv	3	0.491	G1781,3004,3475
JHN 8:5	NUM 15:35	high	kjv	3	0.474	G3004,3036,3475
JHN 8:5	BAR 2:28	high	kjv	4	0.464	G1781,3004,3475,3551
JHN 8:6	1MA 7:6	med	kjv	3	0.362	G1093,2723,3004
JHN 8:6	1KI 1:31	med	kjv	3	0.329	G1093,2955,3004
JHN 8:7	JOS 4:21	med	kjv	3	0.371	G2065,3004,3037
JHN 8:11	JOS 7:20	med	kjv	4	0.427	G0264,2424,2962,3004
JHN 8:11	JOS 4:15	med	kjv	3	0.417	G2424,2962,3004
JHN 8:11	SIR 5:4	med	kjv	3	0.363	G0264,2962,3004
JHN 8:13	GEN 31:48	high	kjv	3	0.56	G3004,3140,3141
JHN 8:13	GEN 43:2	med	kjv	3	0.383	G1510,3004,3140
JHN 8:13	2CH 28:10	med	kjv	3	0.378	G1510,3004,3140
JHN 8:14	GEN 31:48	med	kjv	3	0.406	G3004,3140,3141
JHN 8:16	TOB 3:2	med	kjv	4	0.43	G0228,1510,2919,2920
JHN 8:16	DAN 3:27	med	kjv	3	0.387	G0228,1510,2920
JHN 8:16	TOB 3:5	med	kjv	3	0.379	G0228,1510,2920
JHN 8:17	PSS 10:4	med	kjv	3	0.361	G0444,3141,3551
JHN 8:19	JOS 7:20	high	kjv	3	0.561	G0611,2424,3004
JHN 8:19	ZEC 4:13	high	kjv	3	0.551	G1492,1510,3004
JHN 8:19	TOB 5:1	high	kjv	3	0.499	G0611,3004,3962
JHN 8:21	1MA 6:3	med	kjv	3	0.377	G1410,2064,2212
JHN 8:21	GEN 44:22	med	kjv	3	0.3	G0599,1410,3004
JHN 8:24	BEL 1:24	high	kjv	3	0.481	G1510,3004,3361
JHN 8:25	JOS 20:1	high	kjv	3	0.739	G2424,2980,3004
JHN 8:25	JOS 7:2	high	kjv	3	0.496	G1510,2424,3004
JHN 8:26	ISA 41:26	med	kjv	3	0.317	G0191,0227,1510
JHN 8:27	GEN 44:27	high	kjv	3	0.531	G1097,3004,3962
JHN 8:27	1SA 22:3	high	kjv	3	0.505	G1097,3004,3962
JHN 8:27	TOB 11:1	high	kjv	3	0.501	G1097,3004,3962
JHN 8:28	JOS 3:7	high	kjv	6	0.495	G1097,1510,2424,3004,5207,5312
JHN 8:28	JOS 20:1	high	kjv	3	0.461	G2424,2980,3004
JHN 8:28	JDG 3:2	med	kjv	3	0.394	G1097,1321,5207
JHN 8:29	1ES 4:7	high	kjv	3	0.477	G0863,1510,3441
JHN 8:29	JDT 12:14	med	kjv	3	0.356	G0701,1510,4160
JHN 8:31	JER 25:8	high	kjv	3	0.527	G3004,3056,4100
JHN 8:31	PRO 30:1	med	kjv	4	0.405	G1699,3004,3056,4100
JHN 8:33	GEN 23:14	high	kjv	3	0.529	G0011,0611,3004
JHN 8:33	GEN 23:5	high	kjv	3	0.5	G0011,0611,3004
JHN 8:33	EXO 21:5	med	kjv	3	0.43	G0611,1658,3004
JHN 8:34	JOS 7:20	high	kjv	4	0.579	G0611,2424,3004,4160
JHN 8:34	ISA 14:10	high	kjv	3	0.547	G0611,3004,3956
JHN 8:34	JOS 1:16	high	kjv	5	0.537	G0611,2424,3004,3956,4160
JHN 8:37	GEN 35:12	med	kjv	3	0.35	G0011,1510,4690
JHN 8:37	JER 26:21	med	kjv	3	0.34	G0615,2212,3056
JHN 8:38	GEN 27:6	high	kjv	4	0.483	G0191,2980,3708,3962
JHN 8:38	DEU 5:27	high	kjv	3	0.477	G0191,2980,4160
JHN 8:38	SIR 3:1	high	kjv	3	0.475	G0191,3962,4160
JHN 8:39	GEN 23:14	high	kjv	3	0.627	G0011,0611,3004
JHN 8:39	GEN 23:5	high	kjv	3	0.592	G0011,0611,3004
JHN 8:39	4MA 17:6	high	kjv	3	0.543	G0011,1510,3962
JHN 8:40	JER 26:21	med	kjv	3	0.332	G0191,0615,2212
JHN 8:42	JOS 7:2	high	kjv	4	0.521	G0649,1510,2424,3004
JHN 8:42	DEU 15:16	high	kjv	4	0.457	G0025,1510,1831,3004
JHN 8:42	2SA 14:32	med	kjv	5	0.402	G0649,1510,2064,2240,3004
JHN 8:43	PSA 19:3	high	kjv	3	0.64	G0191,2981,3056
JHN 8:43	PRO 5:7	high	kjv	3	0.577	G0191,1699,3056
JHN 8:43	1MA 6:3	med	kjv	3	0.356	G1097,1410,3056
JHN 8:46	1CH 12:17	med	kjv	3	0.385	G0225,1651,3004
JHN 8:47	1KI 13:26	high	kjv	4	0.668	G0191,1510,2316,4487
JHN 8:47	NEH 2:19	high	kjv	3	0.592	G0191,1510,4487
JHN 8:47	JER 7:23	high	kjv	4	0.575	G0191,1510,2316,4487
JHN 8:51	PRO 31:2	med	kjv	3	0.321	G1699,3004,5083
JHN 8:53	4MA 17:6	high	kjv	3	0.64	G0011,1510,3962
JHN 8:53	ZEC 1:5	med	kjv	3	0.431	G1510,3962,4396
JHN 8:53	SIR 44:19	med	kjv	3	0.405	G0011,3173,3962
JHN 8:54	SIR 3:10	high	kjv	4	0.519	G1391,1392,1510,3962
JHN 8:54	JOS 7:20	high	kjv	4	0.481	G0611,2316,2424,3004
JHN 8:54	MAL 1:6	med	kjv	5	0.423	G1391,1392,1510,3004,3962
JHN 8:56	GEN 26:5	med	kjv	3	0.397	G0011,1699,3962
JHN 8:58	GEN 24:34	high	kjv	3	0.568	G0011,1510,3004
JHN 8:58	JOS 7:2	high	kjv	3	0.507	G1510,2424,3004
JHN 9:3	JOS 7:20	high	kjv	4	0.503	G0264,0611,2316,2424
JHN 9:4	DEU 5:13	med	kjv	3	0.403	G2038,2041,2250
JHN 9:4	EXO 20:9	med	kjv	3	0.403	G2038,2041,2250
JHN 9:4	JOB 2:13	med	kjv	4	0.336	G1510,2250,3571,3762
JHN 9:6	MIC 7:10	med	kjv	3	0.315	G3004,3788,4081
JHN 9:10	TOB 11:6	high	kjv	3	0.694	G0455,3004,3788
JHN 9:10	2KI 6:20	high	kjv	3	0.46	G0455,3004,3788
JHN 9:10	2CH 6:20	med	kjv	3	0.441	G0455,3004,3788
JHN 9:11	EZK 8:5	med	kjv	4	0.306	G0308,0444,3004,3788
JHN 9:12	ZEC 4:13	high	kjv	3	0.964	G1492,1510,3004
JHN 9:12	EXO 8:6	high	kjv	3	0.668	G1492,1510,3004
JHN 9:12	SUS 1:38	high	kjv	3	0.62	G1492,1510,3004
JHN 9:14	NEH 13:19	med	kjv	3	0.368	G0455,2250,4521
JHN 9:14	JER 18:6	med	kjv	3	0.352	G1510,4081,4160
JHN 9:15	ZEC 5:5	med	kjv	3	0.375	G0308,3004,3788
JHN 9:15	EZK 8:5	med	kjv	3	0.366	G0308,3004,3788
JHN 9:16	EZK 20:20	med	kjv	4	0.421	G1510,2316,4521,4592
JHN 9:16	EZK 20:12	med	kjv	3	0.387	G1510,4521,4592
JHN 9:16	SIR 17:30	med	kjv	3	0.364	G0444,1410,1510
JHN 9:17	ISA 35:5	high	kjv	3	0.618	G0455,3788,5185
JHN 9:17	JOB 29:15	high	kjv	3	0.507	G1510,3788,5185
JHN 9:17	ISA 42:7	high	kjv	3	0.506	G0455,3788,5185
JHN 9:19	EXO 4:11	high	kjv	3	0.475	G0991,3004,5185
JHN 9:19	JOS 4:21	high	kjv	4	0.461	G1510,2065,3004,5207
JHN 9:20	WIS 4:6	med	kjv	3	0.392	G1080,1118,1510
JHN 9:20	ZEC 4:13	med	kjv	3	0.367	G1492,1510,3004
JHN 9:21	DEU 29:3	med	kjv	3	0.32	G0991,1492,3788
JHN 9:22	1SA 16:6	med	kjv	3	0.355	G1096,3004,5547
JHN 9:24	SIR 9:11	med	kjv	4	0.359	G0268,1391,1492,1510
JHN 9:24	EXO 4:11	med	kjv	5	0.358	G0444,1325,2316,3004,5185
JHN 9:24	ZEC 4:13	med	kjv	3	0.339	G1492,1510,3004
JHN 9:26	TOB 11:6	high	kjv	3	0.656	G0455,3004,3788
JHN 9:26	EZK 16:63	med	kjv	3	0.435	G0455,3004,4160
JHN 9:26	2KI 6:20	med	kjv	3	0.435	G0455,3004,3788
JHN 9:27	1KI 20:8	high	kjv	3	0.566	G0191,2309,3004
JHN 9:27	ISA 28:12	med	kjv	3	0.438	G0191,2309,3004
JHN 9:28	NUM 20:3	high	kjv	3	0.73	G3004,3058,3475
JHN 9:28	EXO 17:2	high	kjv	3	0.674	G3004,3058,3475
JHN 9:29	EXO 6:2	high	kjv	3	0.683	G2316,2980,3475
JHN 9:30	PSA 118:23	high	kjv	3	0.603	G1510,2298,3788
JHN 9:30	ZEC 4:13	med	kjv	3	0.416	G1492,1510,3004
JHN 9:30	1SA 29:9	med	kjv	4	0.413	G0611,1492,3004,3788
JHN 9:31	1MA 3:60	high	kjv	3	0.456	G1510,2307,4160
JHN 9:31	1KI 5:8	med	kjv	3	0.391	G0191,2307,4160
JHN 9:31	4MA 18:16	med	kjv	3	0.369	G1510,2307,4160
JHN 9:32	ISA 35:5	high	kjv	4	0.629	G0191,0455,3788,5185
JHN 9:32	ISA 42:7	high	kjv	3	0.459	G0455,3788,5185
JHN 9:33	DEU 16:5	med	kjv	3	0.336	G1410,2316,3762
JHN 9:35	NUM 14:38	med	kjv	3	0.378	G0444,2424,5207
JHN 9:35	GEN 37:17	med	kjv	4	0.368	G0191,0444,2147,3004
JHN 9:35	JOS 3:9	med	kjv	4	0.357	G0191,2424,3004,5207
JHN 9:36	JER 25:8	high	kjv	3	0.691	G2962,3004,4100
JHN 9:36	EXO 4:1	high	kjv	3	0.662	G0611,3004,4100
JHN 9:36	TOB 2:14	high	kjv	5	0.485	G0611,1510,2962,3004,4100
JHN 9:37	JOS 20:1	high	kjv	3	0.842	G2424,2980,3004
JHN 9:37	JOS 7:2	high	kjv	3	0.565	G1510,2424,3004
JHN 9:39	EXO 4:11	med	kjv	3	0.354	G0991,3004,5185
JHN 9:40	LEV 19:14	high	kjv	3	0.468	G1510,3004,5185
JHN 9:41	SUS 1:51	med	kjv	4	0.422	G0991,1510,3004,3568
JHN 9:41	EXO 4:11	med	kjv	3	0.35	G0991,3004,5185
JHN 10:1	LJE 1:56	med	kjv	3	0.419	G1510,2812,3027
JHN 10:1	OBA 1:5	med	kjv	3	0.419	G1525,2812,3027
JHN 10:1	HOS 7:1	med	kjv	3	0.399	G1525,2812,3027
JHN 10:2	NUM 27:17	high	kjv	4	0.564	G1510,1525,4166,4263
JHN 10:2	EZK 34:5	high	kjv	3	0.479	G1510,4166,4263
JHN 10:2	EZK 34:8	med	kjv	3	0.424	G1510,4166,4263
JHN 10:3	4MA 15:21	med	kjv	3	0.385	G0191,5455,5456
JHN 10:6	JOS 20:1	high	kjv	3	0.526	G2424,2980,3004
JHN 10:7	JOS 7:2	high	kjv	3	0.456	G1510,2424,3004
JHN 10:7	DEU 31:14	med	kjv	3	0.438	G2374,2424,3004
JHN 10:8	LJE 1:56	high	kjv	3	0.575	G1510,2812,3027
JHN 10:9	NAM 2:11	med	kjv	3	0.362	G1510,1525,3542
JHN 10:9	TOB 8:13	med	kjv	3	0.353	G1525,2147,2374
JHN 10:11	ISA 63:11	high	kjv	4	0.491	G1510,4166,4263,5087
JHN 10:11	EZK 34:5	high	kjv	3	0.451	G1510,4166,4263
JHN 10:11	NUM 27:17	med	kjv	3	0.428	G1510,4166,4263
JHN 10:14	SNG 1:8	med	kjv	3	0.438	G1097,2570,4166
JHN 10:14	PRO 22:17	med	kjv	4	0.393	G1097,1510,1699,2570
JHN 10:14	GEN 3:5	med	kjv	3	0.351	G1097,1510,2570
JHN 10:15	SNG 6:12	med	kjv	3	0.449	G1097,5087,5590
JHN 10:16	JER 25:22	med	kjv	3	0.323	G4166,4263,5456
JHN 10:16	GEN 46:32	med	kjv	3	0.315	G0071,1510,4166
JHN 10:16	EZK 34:5	med	kjv	4	0.305	G1096,1510,4166,4263
JHN 10:18	1MA 10:35	med	kjv	3	0.406	G1849,2192,3762
JHN 10:20	TOB 6:16	med	kjv	4	0.366	G0191,1140,2192,3004
JHN 10:21	ISA 35:5	high	kjv	3	0.451	G0455,3788,5185
JHN 10:21	JOB 29:15	med	kjv	3	0.37	G1510,3788,5185
JHN 10:21	ISA 42:7	med	kjv	3	0.369	G0455,3788,5185
JHN 10:25	JOS 7:20	med	kjv	4	0.416	G0611,2424,3004,4160
JHN 10:25	EXO 4:1	med	kjv	3	0.392	G0611,3004,4100
JHN 10:25	TOB 5:1	med	kjv	4	0.384	G0611,3004,3962,4160
JHN 10:28	PSA 21:4	med	kjv	3	0.314	G0165,1325,2222
JHN 10:29	2CH 32:14	med	kjv	4	0.397	G1410,3956,3962,5495
JHN 10:29	DEU 16:5	med	kjv	3	0.376	G1325,1410,3762
JHN 10:29	SIR 17:30	med	kjv	3	0.368	G1410,1510,3956
JHN 10:33	DEU 1:14	med	kjv	3	0.346	G0611,2570,4160
JHN 10:33	SIR 39:16	med	kjv	3	0.309	G1510,2041,2570
JHN 10:34	JOS 7:20	high	kjv	4	0.574	G0611,2316,2424,3004
JHN 10:34	JOS 24:26	high	kjv	4	0.524	G1125,2316,2424,3551
JHN 10:34	JOS 1:16	high	kjv	3	0.459	G0611,2424,3004
JHN 10:35	1CH 15:15	med	kjv	3	0.408	G1124,2316,3056
JHN 10:35	EZK 6:1	med	kjv	3	0.37	G1096,3004,3056
JHN 10:35	EZK 7:1	med	kjv	3	0.37	G1096,3004,3056
JHN 10:36	ISA 52:5	med	kjv	3	0.4	G0987,1510,3004
JHN 10:36	DAN 3:96	med	kjv	3	0.387	G0987,1510,2316
JHN 10:36	EXO 3:14	med	kjv	5	0.319	G0649,1510,2316,3004,5207
JHN 10:38	NUM 16:28	med	kjv	3	0.322	G1097,2041,4160
JHN 10:38	JER 48:30	med	kjv	3	0.311	G1097,2041,4160
JHN 10:41	GEN 41:32	med	kjv	3	0.361	G0227,1510,4160
JHN 10:41	JOB 42:7	med	kjv	4	0.354	G0227,3004,3762,3956
JHN 10:41	SIR 42:24	med	kjv	3	0.329	G3762,3956,4160
JHN 11:4	JER 6:21	med	kjv	3	0.38	G0769,3004,5207
JHN 11:4	SIR 3:10	med	kjv	3	0.369	G1391,1392,1510
JHN 11:6	ZEC 12:8	med	kjv	3	0.405	G0770,1510,2250
JHN 11:6	NUM 30:8	med	kjv	3	0.365	G0191,2250,3306
JHN 11:11	JDG 16:14	med	kjv	3	0.429	G1852,2837,3004
JHN 11:18	2MA 11:5	med	kjv	3	0.392	G1510,2414,4712
JHN 11:21	JOS 4:15	high	kjv	3	0.681	G2424,2962,3004
JHN 11:21	JOS 20:1	high	kjv	3	0.577	G2424,2962,3004
JHN 11:21	NUM 26:65	high	kjv	4	0.515	G0599,2424,2962,3004
JHN 11:22	2CH 1:7	med	kjv	3	0.356	G0154,1325,2316
JHN 11:22	JOS 19:50	med	kjv	3	0.313	G0154,1325,2316
JHN 11:23	JOS 7:10	high	kjv	3	0.666	G0450,2424,3004
JHN 11:24	DAN 11:20	high	kjv	4	0.56	G0386,0450,2078,2250
JHN 11:25	2MA 7:14	med	kjv	3	0.369	G0386,1510,2222
JHN 11:25	EZK 18:28	med	kjv	3	0.366	G0599,2198,2222
JHN 11:25	2KI 8:10	med	kjv	4	0.349	G0599,2198,2222,3004
JHN 11:26	4MA 7:19	med	kjv	3	0.345	G0599,2198,4100
JHN 11:27	JER 25:8	high	kjv	3	0.468	G2962,3004,4100
JHN 11:27	1SA 16:6	med	kjv	3	0.448	G2962,3004,5547
JHN 11:27	PSA 28:8	med	kjv	3	0.425	G1510,2962,5547
JHN 11:28	EXO 4:19	med	kjv	3	0.332	G0565,3004,3137
JHN 11:29	1MA 11:22	med	kjv	3	0.426	G0191,2064,5035
JHN 11:32	JOS 7:10	med	kjv	4	0.413	G2424,2962,3004,4098
JHN 11:32	JOS 4:15	med	kjv	3	0.402	G2424,2962,3004
JHN 11:32	JOS 20:1	med	kjv	3	0.34	G2424,2962,3004
JHN 11:34	1SA 12:12	high	kjv	4	0.516	G2064,2962,3004,3708
JHN 11:34	JER 17:15	high	kjv	3	0.47	G2064,2962,3004
JHN 11:34	GEN 42:12	med	kjv	3	0.426	G2064,3004,3708
JHN 11:37	ISA 35:5	med	kjv	3	0.445	G0455,3788,5185
JHN 11:37	ISA 42:7	med	kjv	3	0.364	G0455,3788,5185
JHN 11:37	TOB 11:6	med	kjv	3	0.308	G0455,3004,3788
JHN 11:38	GEN 23:9	med	kjv	3	0.375	G1510,3419,4693
JHN 11:38	JOS 10:18	med	kjv	3	0.372	G2424,3037,4693
JHN 11:39	JOS 4:15	med	kjv	3	0.443	G2424,2962,3004
JHN 11:39	GEN 12:19	med	kjv	3	0.408	G0079,1510,3004
JHN 11:39	JDG 2:8	med	kjv	3	0.403	G2424,2962,5053
JHN 11:40	EXO 4:1	high	kjv	4	0.477	G2316,3004,3708,4100
JHN 11:40	JOS 7:19	high	kjv	4	0.455	G1391,2316,2424,3004
JHN 11:40	EXO 4:5	med	kjv	3	0.44	G2316,3708,4100
JHN 11:42	JOB 32:10	med	kjv	3	0.426	G0191,1492,3004
JHN 11:42	JER 40:14	med	kjv	3	0.358	G0649,3004,4100
JHN 11:43	EZR 3:13	high	kjv	3	0.539	G2905,3173,5456
JHN 11:44	SIR 28:2	med	kjv	3	0.336	G0863,1210,3089
JHN 11:45	JDT 15:8	med	kjv	3	0.368	G2064,2300,4160
JHN 11:47	1MA 10:69	med	kjv	3	0.334	G0749,3004,4863
JHN 11:49	ZEC 4:13	med	kjv	3	0.434	G1492,1510,3004
JHN 11:49	3MA 1:11	med	kjv	3	0.361	G0749,1763,3004
JHN 11:49	DEU 24:3	med	kjv	4	0.348	G1510,1520,1763,3762
JHN 11:50	NUM 14:15	med	kjv	4	0.304	G0444,1484,1520,2992
JHN 11:51	JER 28:16	med	kjv	3	0.359	G0599,1763,3004
JHN 11:51	3MA 1:11	med	kjv	4	0.341	G0749,1484,1763,3004
JHN 11:51	JER 11:21	med	kjv	3	0.332	G0599,3004,4395
JHN 11:52	EZK 28:25	high	kjv	3	0.642	G1287,1484,4863
JHN 11:52	DEU 30:3	high	kjv	3	0.628	G1287,1484,4863
JHN 11:52	EZK 29:13	high	kjv	3	0.561	G1287,1484,4863
JHN 11:55	1ES 1:19	med	kjv	3	0.361	G2414,2453,3957
JHN 11:55	2MA 1:1	med	kjv	3	0.323	G2414,2453,5561
JHN 11:57	2MA 3:7	med	kjv	3	0.409	G1325,1785,3377
JHN 11:57	2MA 14:13	med	kjv	3	0.399	G0749,1325,1785
JHN 12:1	ISA 26:19	med	kjv	3	0.355	G1453,1510,3498
JHN 12:9	DAN 11:25	med	kjv	3	0.356	G1453,3793,4183
JHN 12:9	1KI 20:13	med	kjv	3	0.335	G1097,3708,3793
JHN 12:9	ISA 26:19	med	kjv	3	0.309	G1453,1510,3498
JHN 12:12	JER 31:8	high	kjv	3	0.49	G1859,3793,4183
JHN 12:12	2CH 20:15	med	kjv	4	0.422	G0191,2414,3793,4183
JHN 12:12	1MA 1:29	med	kjv	3	0.38	G2064,2414,3793
JHN 12:14	EZR 10:18	high	kjv	3	0.487	G2147,2424,2523
JHN 12:14	ISA 30:8	high	kjv	3	0.482	G1125,1510,2523
JHN 12:15	ZEC 9:9	med	kjv	5	0.351	G0935,2064,2364,4454,4622
JHN 12:16	1MA 10:65	high	kjv	3	0.491	G1125,1392,4413
JHN 12:16	1MA 12:22	med	kjv	3	0.433	G1097,1125,4160
JHN 12:17	ISA 26:19	high	kjv	4	0.476	G1453,1510,3419,3498
JHN 12:17	GEN 23:6	med	kjv	3	0.366	G1510,3419,3498
JHN 12:20	ZEC 14:16	med	kjv	4	0.36	G0305,1510,1859,4352
JHN 12:21	JOS 4:15	med	kjv	3	0.336	G2424,2962,3004
JHN 12:23	JOS 7:20	med	kjv	3	0.431	G0611,2424,3004
JHN 12:23	EST 6:7	med	kjv	3	0.408	G0444,1392,3004
JHN 12:23	EST 6:6	med	kjv	3	0.394	G0444,1392,3004
JHN 12:25	2MA 7:9	med	kjv	3	0.325	G0166,2222,2889
JHN 12:28	JDG 13:17	high	kjv	3	0.556	G1392,2064,3686
JHN 12:28	DAN 3:26	high	kjv	3	0.497	G1392,3686,3962
JHN 12:28	MAL 1:6	med	kjv	3	0.412	G1392,3686,3962
JHN 12:29	ZEC 2:3	med	kjv	3	0.33	G0032,2476,2980
JHN 12:29	JOB 1:18	med	kjv	4	0.319	G0032,0243,2980,3004
JHN 12:29	1SA 22:12	med	kjv	3	0.315	G0191,2980,3004
JHN 12:30	JOS 7:20	high	kjv	3	0.603	G0611,2424,3004
JHN 12:30	DEU 27:14	high	kjv	3	0.536	G0611,3004,5456
JHN 12:30	JOS 1:16	high	kjv	3	0.53	G0611,2424,3004
JHN 12:32	PSA 57:5	med	kjv	3	0.448	G1093,3956,5312
JHN 12:32	PSA 57:11	med	kjv	3	0.448	G1093,3956,5312
JHN 12:33	4MA 17:1	med	kjv	3	0.449	G2288,3004,3195
JHN 12:33	JDG 13:22	med	kjv	3	0.42	G0599,2288,3004
JHN 12:33	EZK 18:32	med	kjv	3	0.409	G0599,2288,3004
JHN 12:34	2SA 19:20	med	kjv	4	0.4	G0611,3004,5207,5547
JHN 12:34	2SA 1:16	med	kjv	3	0.348	G0611,3004,5547
JHN 12:34	PSA 112:9	med	kjv	3	0.323	G0165,3306,5312
JHN 12:37	NUM 14:11	high	kjv	3	0.707	G4100,4160,4592
JHN 12:38	ISA 53:1	high	kjv	5	0.748	G0189,0601,1023,2962,4100
JHN 12:38	ISA 38:4	high	kjv	4	0.463	G2268,2962,3004,3056
JHN 12:38	JER 25:8	med	kjv	4	0.446	G2962,3004,3056,4100
JHN 12:41	ISA 39:4	high	kjv	3	0.533	G2268,3004,3708
JHN 12:41	2KI 20:19	high	kjv	3	0.519	G2268,2980,3004
JHN 12:41	2KI 20:14	high	kjv	3	0.492	G2268,2980,3004
JHN 12:43	PSA 84:11	high	kjv	3	0.488	G0025,1391,2316
JHN 12:44	EXO 32:17	med	kjv	3	0.43	G2424,2896,3004
JHN 12:47	NEH 2:19	med	kjv	3	0.303	G0191,2064,4487
JHN 12:48	DAN 10:12	med	kjv	3	0.431	G2250,3361,4487
JHN 12:49	JER 35:18	med	kjv	3	0.402	G1785,3004,3962
JHN 12:49	NEH 2:5	med	kjv	3	0.399	G3004,3962,3992
JHN 13:1	1ES 4:25	med	kjv	3	0.316	G0025,2398,3962
JHN 13:3	GEN 31:6	med	kjv	3	0.306	G1492,3956,3962
JHN 13:4	1SA 19:13	med	kjv	3	0.329	G2440,2983,5087
JHN 13:7	JOS 7:20	high	kjv	4	0.599	G0611,2424,3004,4160
JHN 13:7	JOS 1:16	high	kjv	4	0.527	G0611,2424,3004,4160
JHN 13:7	ZEC 4:5	high	kjv	3	0.482	G0611,1097,3004
JHN 13:9	DAN 10:12	med	kjv	3	0.349	G2962,3004,3361
JHN 13:10	PSA 16:2	med	kjv	4	0.412	G1510,2192,3004,5532
JHN 13:10	BEL 1:24	med	kjv	3	0.358	G1510,3004,3361
JHN 13:10	SIR 11:23	med	kjv	3	0.345	G1510,3004,5532
JHN 13:11	ZEC 4:13	high	kjv	3	0.557	G1492,1510,3004
JHN 13:11	GEN 44:10	high	kjv	3	0.455	G1510,2513,3004
JHN 13:11	TOB 3:14	med	kjv	3	0.43	G1510,2513,3956
JHN 13:12	SIR 32:2	high	kjv	3	0.527	G0377,2983,4160
JHN 13:16	1KI 14:6	high	kjv	3	0.52	G0652,1510,3004
JHN 13:21	JOS 2:24	med	kjv	3	0.409	G2424,3004,3860
JHN 13:25	JOS 4:15	med	kjv	3	0.394	G2424,2962,3004
JHN 13:25	EXO 28:30	med	kjv	3	0.358	G1510,2962,4738
JHN 13:26	1MA 15:33	med	kjv	3	0.364	G0611,2983,4613
JHN 13:28	GEN 39:8	med	kjv	3	0.312	G1097,3004,3762
JHN 13:29	PSA 16:2	med	kjv	3	0.368	G2192,3004,5532
JHN 13:31	EST 6:7	med	kjv	3	0.347	G0444,1392,3004
JHN 13:31	EST 6:6	med	kjv	3	0.336	G0444,1392,3004
JHN 13:31	NUM 14:38	med	kjv	3	0.315	G0444,2424,5207
JHN 13:35	ECC 9:6	med	kjv	3	0.381	G0026,1510,3956
JHN 14:2	BEL 1:24	med	kjv	3	0.354	G1510,3004,3361
JHN 14:2	1CH 15:1	med	kjv	3	0.321	G2090,3614,5117
JHN 14:2	GEN 24:31	med	kjv	4	0.301	G2090,3004,3614,5117
JHN 14:3	1SA 23:22	med	kjv	4	0.449	G1510,2090,4198,5117
JHN 14:3	GEN 22:3	med	kjv	4	0.419	G2064,3880,4198,5117
JHN 14:3	GEN 13:3	med	kjv	4	0.402	G1510,2064,4198,5117
JHN 14:5	ZEC 4:13	med	kjv	3	0.44	G1492,2962,3004
JHN 14:5	JOB 21:14	med	kjv	4	0.367	G1492,2962,3004,3598
JHN 14:6	BEL 1:24	med	kjv	3	0.411	G1510,3004,3361
JHN 14:6	PSA 119:151	med	kjv	3	0.407	G0225,1510,3598
JHN 14:6	2CH 32:1	med	kjv	3	0.305	G0225,2064,3004
JHN 14:8	NUM 22:34	med	kjv	3	0.326	G0714,2962,3004
JHN 14:8	GEN 12:1	med	kjv	4	0.32	G1166,2962,3004,3962
JHN 14:9	1MA 7:3	med	kjv	3	0.372	G1097,1166,3004
JHN 14:9	JOS 24:31	med	kjv	3	0.361	G2424,3708,5550
JHN 14:9	1ES 8:73	med	kjv	3	0.354	G1510,3962,5550
JHN 14:10	GEN 42:20	med	kjv	3	0.414	G4100,4160,4487
JHN 14:10	GEN 30:34	med	kjv	3	0.409	G1510,3004,4487
JHN 14:10	GEN 44:7	med	kjv	4	0.392	G2980,3004,4160,4487
JHN 14:12	DEU 11:7	med	kjv	3	0.443	G2041,3173,4160
JHN 14:12	1MA 7:7	med	kjv	3	0.409	G4100,4160,4198
JHN 14:12	EXO 14:31	med	kjv	3	0.396	G3173,4100,4160
JHN 14:13	DAN 3:26	high	kjv	3	0.492	G1392,3686,3962
JHN 14:13	PSA 86:9	med	kjv	3	0.446	G1392,3686,4160
JHN 14:13	MAL 1:6	med	kjv	4	0.441	G1392,3686,3962,5207
JHN 14:17	TOB 5:2	med	kjv	3	0.396	G1097,1410,2983
JHN 14:22	ISA 48:6	med	kjv	3	0.365	G1096,3004,3195
JHN 14:23	JOS 7:20	med	kjv	4	0.352	G0611,2424,3004,4160
JHN 14:23	TOB 5:1	med	kjv	4	0.324	G0611,3004,3962,4160
JHN 14:23	JOS 1:16	med	kjv	4	0.31	G0611,2424,3004,4160
JHN 14:24	PRO 5:7	med	kjv	3	0.413	G0191,1699,3056
JHN 14:26	WIS 9:17	med	kjv	3	0.352	G0040,3992,4151
JHN 14:28	TOB 11:5	med	kjv	4	0.358	G2064,3004,3962,4198
JHN 14:28	ISA 48:22	med	kjv	3	0.354	G1510,3004,5463
JHN 14:28	ISA 57:21	med	kjv	3	0.342	G1510,3004,5463
JHN 14:31	TOB 5:1	med	kjv	3	0.332	G1781,3962,4160
JHN 15:1	TOB 3:5	med	kjv	3	0.355	G0228,1510,3962
JHN 15:3	1SA 20:26	high	kjv	3	0.528	G1510,2513,2980
JHN 15:4	EZK 17:8	med	kjv	3	0.348	G0288,2590,5342
JHN 15:4	HAG 2:18	med	kjv	3	0.319	G0288,2590,5342
JHN 15:5	EZK 15:2	high	kjv	3	0.531	G0288,1510,2814
JHN 15:5	EZK 17:8	high	kjv	6	0.469	G0288,1510,2590,4160,4183,5342
JHN 15:5	EZK 17:7	med	kjv	3	0.383	G0288,2814,4183
JHN 15:8	GEN 4:3	med	kjv	3	0.4	G1096,2590,5342
JHN 15:8	EZK 17:8	med	kjv	3	0.359	G2590,4183,5342
JHN 15:11	1KI 20:4	med	kjv	3	0.391	G1510,1699,2980
JHN 15:12	PSA 119:98	high	kjv	3	0.544	G1510,1699,1785
JHN 15:15	JOB 32:10	med	kjv	3	0.38	G0191,1492,3004
JHN 15:15	2SA 7:21	med	kjv	4	0.369	G1107,1401,3956,4160
JHN 15:15	4MA 12:8	med	kjv	3	0.331	G3004,3956,5384
JHN 15:16	1KI 11:36	med	kjv	4	0.312	G1325,1586,3686,5087
JHN 15:16	DEU 26:2	med	kjv	4	0.308	G1325,1586,2590,3686
JHN 15:25	DEU 31:24	med	kjv	3	0.4	G1125,3056,3551
JHN 15:25	2CH 35:26	med	kjv	3	0.389	G1125,3056,3551
JHN 16:3	1SA 22:3	high	kjv	3	0.527	G1097,3962,4160
JHN 16:3	2CH 32:13	high	kjv	3	0.469	G1097,3962,4160
JHN 16:4	DAN 9:21	med	kjv	3	0.328	G0746,2980,5610
JHN 16:8	WIS 9:3	med	kjv	3	0.432	G1343,2889,2920
JHN 16:11	WIS 9:3	high	kjv	3	0.547	G2889,2919,2920
JHN 16:12	JDG 16:30	med	kjv	3	0.319	G0941,3004,4183
JHN 16:13	NEH 9:33	med	kjv	3	0.414	G0225,2064,3956
JHN 16:13	JER 38:25	med	kjv	4	0.394	G0191,0312,2064,2980
JHN 16:14	DAN 2:6	med	kjv	3	0.392	G0312,1392,2983
JHN 16:15	EZK 37:18	high	kjv	3	0.454	G0312,1510,3004
JHN 16:15	EZK 24:19	med	kjv	3	0.447	G0312,1510,3004
JHN 16:15	EZK 18:4	med	kjv	4	0.428	G1510,1699,3956,3962
JHN 16:18	ZEC 4:13	high	kjv	3	0.621	G1492,1510,3004
JHN 16:18	ISA 33:19	high	kjv	3	0.5	G1492,1510,3398
JHN 16:18	1KI 3:7	med	kjv	3	0.439	G1492,1510,3398
JHN 16:19	GEN 37:15	med	kjv	3	0.398	G2065,2212,3004
JHN 16:20	JOL 1:5	med	kjv	3	0.362	G2354,2799,5479
JHN 16:20	TOB 3:1	med	kjv	3	0.36	G2799,3004,3076
JHN 16:21	PRO 14:13	med	kjv	3	0.393	G2064,3077,5479
JHN 16:23	EXO 3:13	high	kjv	4	0.493	G2065,3004,3686,3962
JHN 16:23	PSA 21:4	high	kjv	3	0.46	G0154,1325,2250
JHN 16:23	GEN 44:19	med	kjv	3	0.436	G2065,3004,3962
JHN 16:26	EXO 3:13	high	kjv	4	0.558	G2065,3004,3686,3962
JHN 16:26	GEN 44:19	high	kjv	3	0.494	G2065,3004,3962
JHN 16:26	GEN 32:29	high	kjv	3	0.478	G2065,3004,3686
JHN 16:27	EXO 4:5	med	kjv	3	0.41	G2316,3962,4100
JHN 16:28	TOB 11:1	high	kjv	3	0.46	G0863,3962,4198
JHN 16:28	TOB 11:5	med	kjv	3	0.442	G2064,3962,4198
JHN 16:28	JDG 2:22	med	kjv	3	0.388	G0863,3962,4198
JHN 16:30	EXO 3:13	med	kjv	3	0.31	G1831,2065,2316
JHN 16:32	1ES 4:7	med	kjv	3	0.397	G0863,1510,3441
JHN 17:1	JOS 20:1	med	kjv	3	0.421	G2424,2980,3004
JHN 17:1	JDG 13:17	med	kjv	3	0.321	G1392,2064,3004
JHN 17:2	DAN 7:12	high	kjv	3	0.474	G1325,1849,2222
JHN 17:2	PRO 4:22	med	kjv	3	0.415	G2222,3956,4561
JHN 17:2	DAN 7:14	med	kjv	4	0.414	G0166,1325,1849,3956
JHN 17:3	1KI 17:24	med	kjv	3	0.379	G0228,1097,2316
JHN 17:3	JOS 7:2	med	kjv	3	0.373	G0649,1510,2424
JHN 17:3	2SA 7:28	med	kjv	3	0.327	G0228,1510,2316
JHN 17:4	NEH 6:3	high	kjv	3	0.473	G2041,4160,5048
JHN 17:5	SIR 3:10	med	kjv	4	0.409	G1391,1392,1510,3962
JHN 17:5	MAL 1:6	med	kjv	4	0.318	G1391,1392,1510,3962
JHN 17:8	JER 40:14	high	kjv	3	0.579	G0649,1097,4100
JHN 17:8	DEU 9:23	med	kjv	3	0.375	G1325,4100,4487
JHN 17:10	1KI 20:4	high	kjv	4	0.639	G1510,1699,3956,4674
JHN 17:10	PRO 23:16	high	kjv	3	0.543	G1510,1699,4674
JHN 17:10	EXO 8:19	high	kjv	3	0.461	G1510,1699,4674
JHN 17:11	ZEC 14:9	med	kjv	3	0.312	G1510,1520,3686
JHN 17:12	PRO 19:16	med	kjv	3	0.335	G0622,5083,5442
JHN 17:21	1MA 7:7	med	kjv	3	0.375	G0649,3956,4100
JHN 18:5	JOS 2:24	high	kjv	3	0.533	G2424,3004,3860
JHN 18:5	JOS 7:20	high	kjv	3	0.508	G0611,2424,3004
JHN 18:5	JOS 1:16	med	kjv	3	0.446	G0611,2424,3004
JHN 18:7	JDG 1:1	high	kjv	3	0.473	G1905,2424,3004
JHN 18:7	ISA 65:1	high	kjv	3	0.472	G1905,2212,3004
JHN 18:8	JOS 7:20	med	kjv	3	0.374	G0611,2424,3004
JHN 18:8	JOS 1:16	med	kjv	3	0.329	G0611,2424,3004
JHN 18:9	GEN 29:21	med	kjv	3	0.446	G1325,3004,4137
JHN 18:9	EXO 32:29	med	kjv	3	0.371	G1325,3004,4137
JHN 18:11	JER 49:12	med	kjv	3	0.396	G3004,4095,4221
JHN 18:11	JER 25:28	med	kjv	3	0.311	G3004,4095,4221
JHN 18:11	JER 35:5	med	kjv	4	0.304	G1325,3004,4095,4221
JHN 18:13	GEN 38:25	med	kjv	3	0.424	G0071,1510,3995
JHN 18:14	EXO 18:19	med	kjv	3	0.397	G1510,2992,4823
JHN 18:20	WIS 7:21	med	kjv	3	0.321	G1321,2927,3956
JHN 18:21	JOB 42:4	high	kjv	3	0.638	G0191,2065,2980
JHN 18:21	JOB 32:10	high	kjv	3	0.617	G0191,1492,3004
JHN 18:21	JER 18:13	high	kjv	3	0.501	G0191,2065,3004
JHN 18:22	NUM 11:28	med	kjv	4	0.34	G0611,2424,3004,3936
JHN 18:28	JER 2:7	med	kjv	3	0.312	G0071,1525,3392
JHN 18:30	BEL 1:24	high	kjv	3	0.476	G1510,3004,3361
JHN 18:30	TOB 5:1	med	kjv	3	0.304	G0611,3004,4160
JHN 18:31	EST 9:15	med	kjv	3	0.422	G0615,2453,3762
JHN 18:31	2MA 11:31	med	kjv	3	0.368	G2453,3551,3762
JHN 18:32	1MA 2:55	med	kjv	3	0.435	G2424,3056,4137
JHN 18:32	NUM 26:65	med	kjv	4	0.398	G0599,2288,2424,3004
JHN 18:32	JER 29:10	med	kjv	4	0.386	G3004,3056,3195,4137
JHN 18:33	TOB 5:9	med	kjv	4	0.409	G1510,1525,3004,5455
JHN 18:34	JOS 7:20	high	kjv	3	0.571	G0611,2424,3004
JHN 18:34	JOS 1:16	high	kjv	3	0.502	G0611,2424,3004
JHN 18:34	NUM 11:28	med	kjv	3	0.409	G0611,2424,3004
JHN 18:35	1KI 20:4	med	kjv	3	0.4	G0611,1510,4674
JHN 18:35	1MA 12:6	med	kjv	3	0.395	G0749,1484,2453
JHN 18:35	1MA 13:36	med	kjv	3	0.392	G0749,1484,2453
JHN 18:36	WIS 6:4	med	kjv	3	0.317	G0932,1510,5257
JHN 18:37	JOS 24:24	med	kjv	4	0.345	G0191,2424,3004,5456
JHN 18:37	ISA 14:10	med	kjv	3	0.342	G0611,3004,3956
JHN 18:37	2CH 32:1	med	kjv	4	0.334	G0225,0935,2064,3004
JHN 18:38	2MA 12:40	med	kjv	3	0.444	G0156,2147,2453
JHN 18:38	1ES 2:19	med	kjv	4	0.425	G0156,1510,2147,2453
JHN 18:38	JER 41:3	med	kjv	3	0.38	G1510,2147,2453
JHN 18:39	4MA 6:13	high	kjv	3	0.506	G0935,1510,4914
JHN 18:40	BEL 1:24	med	kjv	3	0.377	G1510,3004,3361
JHN 19:2	ZEC 3:4	med	kjv	4	0.381	G2007,2440,2776,4016
JHN 19:3	1MA 11:30	med	kjv	3	0.412	G0935,2453,5463
JHN 19:3	1MA 10:25	med	kjv	3	0.394	G0935,2453,5463
JHN 19:3	2MA 11:27	med	kjv	3	0.339	G0935,2453,5463
JHN 19:4	1ES 2:19	med	kjv	3	0.377	G0156,1097,2147
JHN 19:4	GEN 44:28	med	kjv	3	0.314	G1831,3004,3708
JHN 19:5	EST 8:15	med	kjv	4	0.353	G1831,3708,4210,4735
JHN 19:7	1SA 20:32	high	kjv	3	0.51	G0599,0611,4160
JHN 19:7	4MA 15:9	med	kjv	3	0.417	G2192,3551,5207
JHN 19:7	3MA 7:10	med	kjv	4	0.394	G2316,2453,3551,3784
JHN 19:8	ECC 12:13	high	kjv	3	0.564	G0191,3056,5399
JHN 19:9	JOB 32:4	high	kjv	3	0.502	G0612,1325,1510
JHN 19:10	EST 7:9	med	kjv	3	0.418	G2980,3004,4717
JHN 19:11	JOS 10:8	med	kjv	3	0.355	G2424,3762,3860
JHN 19:11	1MA 10:35	med	kjv	3	0.31	G1849,2192,3762
JHN 19:11	1MA 10:6	med	kjv	4	0.307	G1325,1510,1849,3860
JHN 19:12	4MA 12:8	med	kjv	4	0.357	G0935,3004,3956,5384
JHN 19:12	JOB 23:13	med	kjv	3	0.338	G0483,1510,4160
JHN 19:12	JOB 32:1	med	kjv	3	0.337	G0483,1510,5384
JHN 19:13	JER 42:13	med	kjv	3	0.3	G0191,2523,3004
JHN 19:14	NUM 9:2	high	kjv	3	0.529	G3004,3957,5610
JHN 19:15	BEL 1:24	med	kjv	3	0.317	G0935,3004,3361
JHN 19:15	EST 7:9	med	kjv	3	0.3	G0935,3004,4717
JHN 19:19	NEH 6:6	high	kjv	4	0.457	G0935,1125,1510,2453
JHN 19:19	EST 9:20	med	kjv	3	0.445	G1125,1510,2453
JHN 19:19	1MA 8:31	med	kjv	3	0.415	G0935,1125,2453
JHN 19:20	2CH 34:24	med	kjv	3	0.358	G0314,1125,5117
JHN 19:21	BEL 1:24	high	kjv	4	0.473	G0935,1510,3004,3361
JHN 19:21	1MA 13:42	med	kjv	3	0.38	G0749,1125,2453
JHN 19:21	2MA 3:32	med	kjv	3	0.365	G0749,0935,2453
JHN 19:23	EXO 39:27	med	kjv	3	0.355	G4160,5307,5509
JHN 19:23	EXO 39:22	med	kjv	3	0.325	G3650,4160,5307
JHN 19:24	PSA 22:18	high	kjv	5	0.574	G0906,1266,2440,2441,2819
JHN 19:26	4MA 16:5	high	kjv	3	0.512	G1135,3004,3384
JHN 19:26	1KI 18:15	high	kjv	3	0.45	G3004,3708,3936
JHN 19:26	1ES 4:25	med	kjv	3	0.444	G0025,1135,3384
JHN 19:27	JDG 14:2	med	kjv	4	0.369	G2983,3004,3384,3708
JHN 19:30	JOS 2:24	med	kjv	3	0.329	G2424,3004,3860
JHN 19:35	GEN 31:48	med	kjv	3	0.442	G3004,3140,3141
JHN 19:35	SUS 1:41	med	kjv	3	0.386	G1510,3140,4100
JHN 19:35	GEN 43:2	med	kjv	4	0.346	G1510,3004,3140,3708
JHN 19:38	EST 9:14	med	kjv	3	0.444	G2010,2453,4983
JHN 19:41	GEN 23:6	med	kjv	3	0.314	G1510,3419,3762
JHN 20:2	EXO 8:6	med	kjv	4	0.37	G0243,1492,2962,3004
JHN 20:13	ZEC 4:13	high	kjv	3	0.47	G1492,2962,3004
JHN 20:13	1SA 24:16	med	kjv	3	0.42	G0142,2799,3004
JHN 20:13	2SA 12:22	med	kjv	4	0.39	G1492,2799,2962,3004
JHN 20:14	1KI 2:15	high	kjv	4	0.47	G1492,1510,3004,4762
JHN 20:14	ZEC 4:13	med	kjv	3	0.414	G1492,1510,3004
JHN 20:15	1SA 30:4	med	kjv	3	0.333	G0142,1510,2799
JHN 20:15	JOS 4:15	med	kjv	3	0.333	G2424,2962,3004
JHN 20:17	DAN 10:12	high	kjv	3	0.451	G2316,3004,3361
JHN 20:17	2SA 13:26	med	kjv	3	0.361	G0080,3004,4198
JHN 20:17	1MA 2:20	med	kjv	3	0.344	G0080,3962,4198
JHN 20:18	2KI 6:13	high	kjv	3	0.463	G0518,3004,3708
JHN 20:18	NUM 12:4	med	kjv	3	0.428	G2962,3004,3137
JHN 20:18	EXO 4:19	med	kjv	3	0.411	G2962,3004,3137
JHN 20:19	EZK 46:12	med	kjv	4	0.317	G2250,2374,2808,4521
JHN 20:20	ISA 48:22	med	kjv	3	0.425	G2962,3004,5463
JHN 20:20	ISA 57:21	med	kjv	3	0.41	G2962,3004,5463
JHN 20:20	AMO 7:7	med	kjv	3	0.382	G1166,2962,5495
JHN 20:21	JOS 7:2	high	kjv	3	0.504	G0649,2424,3004
JHN 20:21	NEH 2:5	med	kjv	3	0.368	G3004,3962,3992
JHN 20:22	EZK 37:9	high	kjv	3	0.564	G1720,3004,4151
JHN 20:24	JOS 8:29	med	kjv	3	0.401	G1324,1510,2424
JHN 20:26	DEU 31:14	med	kjv	5	0.396	G2250,2374,2424,2476,3004
JHN 20:26	JDG 4:20	med	kjv	5	0.378	G1510,2064,2374,2476,3004
JHN 20:26	EZK 46:12	med	kjv	3	0.343	G2250,2374,2808
JHN 20:28	JOB 40:6	high	kjv	4	0.674	G0611,2316,2962,3004
JHN 20:28	GEN 23:5	high	kjv	3	0.645	G0611,2962,3004
JHN 20:28	ZEC 6:4	high	kjv	3	0.613	G0611,2962,3004
JHN 20:30	JOS 24:26	med	kjv	3	0.434	G0975,1125,2424
JHN 20:30	JOS 18:9	med	kjv	3	0.425	G0975,1125,2424
JHN 20:30	1KI 15:31	med	kjv	4	0.413	G0975,1125,1510,4160
JHN 20:31	JOS 6:27	med	kjv	3	0.399	G1510,2424,3686
JHN 20:31	DEU 28:66	med	kjv	3	0.338	G1510,2222,4100
JHN 21:2	1MA 5:55	med	kjv	3	0.347	G1056,1510,4613
JHN 21:2	1MA 5:17	med	kjv	3	0.329	G1056,3004,4613
JHN 21:5	JOS 7:20	high	kjv	3	0.523	G0611,2424,3004
JHN 21:5	1KI 3:27	high	kjv	3	0.485	G0611,3004,3813
JHN 21:5	JOS 1:16	high	kjv	3	0.46	G0611,2424,3004
JHN 21:12	JDT 8:13	med	kjv	3	0.401	G1833,2962,3762
JHN 21:12	ZEC 4:13	med	kjv	4	0.319	G1492,1510,2962,3004
JHN 21:12	JOS 4:15	med	kjv	3	0.311	G2424,2962,3004
JHN 21:13	ISA 36:17	med	kjv	3	0.426	G0740,2064,2983
JHN 21:16	ZEC 11:4	med	kjv	4	0.34	G2962,3004,4165,4263
JHN 21:17	EZK 34:15	med	kjv	5	0.395	G1006,1097,2962,3004,4263
JHN 21:17	1MA 13:53	med	kjv	3	0.308	G2491,3956,4613
JHN 21:17	EZK 34:2	med	kjv	4	0.3	G1006,2962,3004,4263
JHN 21:18	1SA 17:39	med	kjv	3	0.344	G2224,3004,4043
JHN 21:18	SIR 15:16	med	kjv	3	0.313	G1614,2309,5495
JHN 21:18	TOB 14:3	med	kjv	3	0.303	G1095,1510,3004
JHN 21:19	NUM 22:20	med	kjv	3	0.328	G0190,2316,3004
JHN 21:21	JOS 4:15	high	kjv	3	0.464	G2424,2962,3004
JHN 21:21	JOS 20:1	med	kjv	3	0.393	G2424,2962,3004
JHN 21:22	NUM 22:20	med	kjv	3	0.369	G0190,2064,3004
JHN 21:23	JER 38:21	high	kjv	3	0.463	G1831,2309,3056
JHN 21:23	EZK 18:32	high	kjv	3	0.456	G0599,2309,3004
JHN 21:23	JER 17:15	med	kjv	3	0.372	G2064,3004,3056
JHN 21:25	GEN 13:6	med	kjv	3	0.38	G1510,4183,5562
JHN 21:25	1KI 7:38	med	kjv	3	0.319	G1520,4160,5562
JHN 21:25	JOS 24:26	med	kjv	3	0.317	G0975,1125,2424
ACT 1:1	DEU 32:44	high	kjv	4	0.454	G1321,2424,3056,3956
ACT 1:1	DEU 20:18	med	kjv	3	0.408	G1321,3956,4160
ACT 1:1	NUM 28:18	med	kjv	3	0.384	G3956,4160,4413
ACT 1:3	1KI 18:15	med	kjv	3	0.386	G2198,3004,3936
ACT 1:5	JDT 12:7	med	kjv	3	0.331	G0907,2250,5204
ACT 1:6	JER 23:33	med	kjv	3	0.379	G2065,2962,3004
ACT 1:6	JER 18:13	med	kjv	4	0.376	G2065,2474,2962,3004
ACT 1:6	JER 31:1	med	kjv	4	0.357	G2474,2962,3004,5550
ACT 1:7	DAN 7:12	high	kjv	3	0.519	G1849,2540,5550
ACT 1:7	1ES 8:73	med	kjv	3	0.37	G1510,3962,5550
ACT 1:8	DEU 17:7	med	kjv	3	0.373	G1510,2078,3144
ACT 1:8	JDT 8:21	med	kjv	4	0.314	G0040,2449,2983,3956
ACT 1:8	ECC 4:16	med	kjv	4	0.308	G1510,2078,3956,4151
ACT 1:10	2MA 11:8	med	kjv	3	0.407	G1510,2066,3022
ACT 1:11	EZK 2:2	med	kjv	3	0.31	G0353,2064,2476
ACT 1:11	JOS 7:2	med	kjv	3	0.308	G0435,2424,3004
ACT 1:13	1MA 16:1	med	kjv	3	0.377	G0305,2491,4613
ACT 1:14	4MA 16:5	med	kjv	3	0.357	G1135,1510,3384
ACT 1:16	1MA 2:55	med	kjv	3	0.3	G1096,2424,4137
ACT 1:19	EST 9:26	med	kjv	3	0.387	G1096,1258,2564
ACT 1:20	PSA 109:8	med	kjv	4	0.396	G1096,1984,2087,2983
ACT 1:20	PSA 69:25	med	kjv	4	0.309	G1096,1510,1886,2730
ACT 1:21	WIS 7:2	med	kjv	3	0.436	G0435,4905,5550
ACT 1:21	1MA 15:10	med	kjv	3	0.381	G1831,3956,4905
ACT 1:21	JOS 24:31	med	kjv	4	0.381	G2424,2962,3956,5550
ACT 1:24	1ES 2:3	med	kjv	3	0.424	G0322,2962,3004
ACT 1:24	JER 14:11	med	kjv	3	0.407	G2962,3004,4336
ACT 1:24	ISA 37:15	med	kjv	3	0.391	G2962,3004,4336
ACT 2:2	1KI 15:29	med	kjv	4	0.346	G1096,3624,3650,4157
ACT 2:4	2SA 23:2	high	kjv	3	0.478	G1100,2980,4151
ACT 2:4	ISA 28:11	med	kjv	3	0.436	G1100,2087,2980
ACT 2:4	PRO 15:4	med	kjv	3	0.349	G1100,4130,4151
ACT 2:6	GEN 11:7	high	kjv	4	0.461	G0191,1538,4797,5456
ACT 2:7	JOB 41:10	high	kjv	3	0.703	G2296,3004,3708
ACT 2:7	JER 4:9	high	kjv	4	0.598	G1510,1839,2296,3004
ACT 2:7	GEN 19:21	med	kjv	3	0.448	G2296,2980,3004
ACT 2:12	EXO 8:6	high	kjv	3	0.468	G0243,1510,3004
ACT 2:12	2SA 15:26	med	kjv	3	0.393	G1510,2309,3004
ACT 2:12	1KI 9:8	med	kjv	4	0.382	G1510,1839,3004,3956
ACT 2:14	PSA 140:6	med	kjv	3	0.307	G1510,1801,5456
ACT 2:17	JOL 2:28	high	kjv	14	0.939	G1510,1632,1797,1798,2364,3495,3706,3708,3956,4151,4245,4395,4561,5207
ACT 2:17	GEN 37:6	high	kjv	3	0.482	G1797,1798,3004
ACT 2:17	JER 23:25	high	kjv	4	0.452	G1797,1798,3004,4395
ACT 2:18	JOL 2:29	high	kjv	5	0.888	G1399,1401,1632,2250,4151
ACT 2:19	JOL 2:30	high	kjv	8	0.784	G0129,0822,1093,1325,2586,3772,4442,5059
ACT 2:19	SIR 22:24	high	kjv	4	0.487	G0129,0822,2586,4442
ACT 2:19	PSA 105:27	med	kjv	3	0.403	G1093,4592,5059
ACT 2:20	JOL 2:31	high	kjv	10	1.0	G0129,2016,2064,2246,2250,2962,3173,3344,4582,4655
ACT 2:20	PSA 121:6	high	kjv	3	0.477	G2246,2250,4582
ACT 2:20	MAL 4:6	med	kjv	5	0.419	G2016,2064,2250,2962,3173
ACT 2:21	LAM 3:55	high	kjv	3	0.777	G1941,2962,3686
ACT 2:21	2SA 22:4	high	kjv	3	0.729	G1941,2962,4982
ACT 2:21	JER 14:9	high	kjv	5	0.669	G1510,1941,2962,3686,4982
ACT 2:22	PSA 105:27	high	kjv	3	0.451	G3056,4592,5059
ACT 2:22	DEU 11:3	med	kjv	4	0.428	G3319,4160,4592,5059
ACT 2:22	DEU 13:3	med	kjv	4	0.394	G1492,2316,4592,5059
ACT 2:24	3MA 6:29	med	kjv	3	0.392	G2288,2316,3089
ACT 2:25	PSA 16:8	high	kjv	5	0.76	G1188,1510,2962,4308,4531
ACT 2:25	BEL 1:24	med	kjv	3	0.384	G1510,3004,3361
ACT 2:25	DAN 10:12	med	kjv	3	0.358	G2962,3004,3361
ACT 2:26	PSA 16:9	high	kjv	7	0.804	G0021,1100,1680,2165,2588,2681,4561
ACT 2:26	PSA 5:11	med	kjv	3	0.391	G0021,2165,2681
ACT 2:27	PSA 16:10	high	kjv	7	1.0	G0086,1312,1325,1459,3708,3741,5590
ACT 2:27	JOB 33:28	med	kjv	3	0.446	G1312,3708,5590
ACT 2:27	PSA 89:48	med	kjv	3	0.347	G0086,3708,5590
ACT 2:28	PSA 16:11	high	kjv	6	0.856	G1107,2167,2222,3598,4137,4383
ACT 2:28	JER 21:8	med	kjv	3	0.407	G2222,3598,4383
ACT 2:29	JOB 14:10	med	kjv	3	0.328	G0435,1510,5053
ACT 2:30	PSA 132:11	med	kjv	3	0.357	G2362,2590,3660
ACT 2:30	1KI 1:13	med	kjv	3	0.34	G2362,2523,3660
ACT 2:31	PSA 16:10	high	kjv	4	0.482	G0086,1312,1459,3708
ACT 2:32	JOS 6:27	med	kjv	3	0.431	G1510,2424,3956
ACT 2:32	EXO 24:13	med	kjv	3	0.424	G0450,2316,2424
ACT 2:33	AMO 9:6	med	kjv	3	0.362	G1632,1860,2316
ACT 2:33	PSA 99:9	med	kjv	3	0.3	G0040,2316,5312
ACT 2:34	2CH 18:18	high	kjv	5	0.49	G1188,2521,2962,3004,3772
ACT 2:34	1KI 22:19	high	kjv	5	0.452	G1188,2521,2962,3004,3772
ACT 2:34	PSA 110:1	high	kjv	5	0.45	G1138,1188,2521,2962,3004
ACT 2:35	PSA 110:1	high	kjv	4	0.752	G2190,4228,5087,5286
ACT 2:36	EZK 39:22	med	kjv	5	0.372	G1097,2316,2474,2962,3624
ACT 2:36	EZK 34:30	med	kjv	5	0.357	G1097,2316,2474,2962,3624
ACT 2:36	JOS 10:42	med	kjv	5	0.329	G2316,2424,2474,2962,3956
ACT 2:37	1KI 14:6	med	kjv	3	0.426	G0191,0652,3004
ACT 2:37	GEN 34:7	med	kjv	4	0.347	G0191,0435,2660,4160
ACT 2:37	PSA 4:4	med	kjv	3	0.304	G2588,2660,3004
ACT 2:39	AMO 9:6	high	kjv	4	0.507	G1860,2316,2962,4341
ACT 2:39	DEU 20:15	med	kjv	5	0.346	G1510,2316,2962,3117,3956
ACT 2:40	2MA 2:3	med	kjv	3	0.364	G2087,3004,3870
ACT 2:40	DEU 32:46	med	kjv	3	0.349	G1263,3004,3056
ACT 2:41	1MA 9:71	med	kjv	3	0.395	G0588,2250,3056
ACT 2:43	DEU 11:3	med	kjv	3	0.403	G3956,4592,5059
ACT 2:43	PSA 135:9	med	kjv	3	0.372	G3956,4592,5059
ACT 2:43	DEU 34:11	med	kjv	3	0.363	G3956,4592,5059
ACT 2:47	BAR 3:6	high	kjv	3	0.48	G0134,2316,2962
ACT 2:47	PSA 18:3	med	kjv	3	0.422	G0134,2962,4982
ACT 2:47	GEN 47:25	med	kjv	3	0.376	G2962,4982,5485
ACT 3:7	ISA 48:13	high	kjv	3	0.481	G1188,4732,5495
ACT 3:9	1CH 16:36	high	kjv	4	0.48	G0134,2316,2992,3956
ACT 3:9	ECC 4:15	med	kjv	3	0.442	G3708,3956,4043
ACT 3:9	PSA 117:1	med	kjv	3	0.407	G0134,2992,3956
ACT 3:10	SNG 6:4	med	kjv	3	0.39	G1510,2285,5611
ACT 3:13	EXO 4:5	med	kjv	5	0.421	G0011,2316,2384,2464,3962
ACT 3:13	GEN 32:9	med	kjv	5	0.406	G0011,2316,2384,2464,3962
ACT 3:13	EXO 3:6	med	kjv	6	0.404	G0011,2316,2384,2464,3962,4383
ACT 3:15	ISA 26:19	med	kjv	3	0.307	G1453,1510,3498
ACT 3:18	ECC 6:7	med	kjv	3	0.367	G3956,4137,4750
ACT 3:18	1KI 8:15	med	kjv	3	0.345	G2316,4137,4750
ACT 3:18	2CH 6:4	med	kjv	3	0.345	G2316,4137,4750
ACT 3:20	EXO 4:13	med	kjv	3	0.385	G0649,2962,4400
ACT 3:21	EXO 4:16	med	kjv	3	0.385	G2316,2980,4750
ACT 3:21	PSA 145:21	med	kjv	5	0.374	G0040,0165,2980,3956,4750
ACT 3:21	ECC 3:1	med	kjv	3	0.372	G3772,3956,5550
ACT 3:22	DEU 18:15	high	kjv	6	0.834	G0080,0191,0450,2316,2962,4396
ACT 3:22	EXO 6:2	high	kjv	5	0.586	G2316,2962,2980,3004,3475
ACT 3:22	DEU 34:10	high	kjv	4	0.583	G0450,2962,3475,4396
ACT 3:24	1SA 3:20	med	kjv	3	0.394	G3956,4396,4545
ACT 3:24	1SA 7:15	med	kjv	3	0.377	G2250,3956,4545
ACT 3:24	1SA 8:21	med	kjv	3	0.338	G2980,3956,4545
ACT 3:25	GEN 18:18	high	kjv	5	0.534	G0011,1093,1510,1757,3956
ACT 3:25	DEU 5:2	high	kjv	3	0.478	G1242,1303,2316
ACT 3:25	DEU 5:3	high	kjv	4	0.461	G1242,1303,3956,3962
ACT 3:26	GEN 31:55	med	kjv	3	0.344	G0450,0654,2127
ACT 3:26	JER 35:15	med	kjv	5	0.325	G0649,0654,1538,2316,3816
ACT 4:1	NEH 8:13	med	kjv	3	0.313	G2186,2409,2992
ACT 4:4	SIR 19:15	med	kjv	3	0.346	G1096,3056,4100
ACT 4:4	1CH 23:3	med	kjv	4	0.314	G0435,0706,1096,5505
ACT 4:4	2SA 24:9	med	kjv	4	0.304	G0435,0706,1096,5505
ACT 4:5	NUM 11:16	high	kjv	3	0.486	G1122,4245,4863
ACT 4:5	JOS 24:1	high	kjv	3	0.475	G1122,4245,4863
ACT 4:5	NEH 8:13	med	kjv	3	0.448	G0758,1122,4863
ACT 4:10	JOS 10:21	med	kjv	5	0.386	G2424,2474,2992,3956,5199
ACT 4:10	SIR 17:28	med	kjv	3	0.385	G1510,3498,5199
ACT 4:10	PSA 76:1	med	kjv	4	0.336	G1110,2316,2474,3686
ACT 4:11	PSA 118:22	high	kjv	5	0.672	G1096,1137,2776,3037,3618
ACT 4:11	JER 51:26	med	kjv	3	0.426	G1137,1510,3037
ACT 4:11	EXO 26:24	med	kjv	3	0.412	G1137,1510,2776
ACT 4:12	JOB 18:19	med	kjv	3	0.396	G1510,3772,4982
ACT 4:12	ISA 45:22	med	kjv	3	0.395	G0243,1510,4982
ACT 4:12	PSA 115:16	med	kjv	3	0.372	G0444,1325,3772
ACT 4:16	2MA 15:35	med	kjv	3	0.383	G3956,4592,5318
ACT 4:16	PSS 14:8	med	kjv	4	0.373	G0444,1096,1110,3956
ACT 4:16	2MA 12:41	med	kjv	3	0.352	G3956,4160,5318
ACT 4:17	NUM 23:19	med	kjv	3	0.371	G0444,0546,2980
ACT 4:19	PSA 58:11	med	kjv	5	0.347	G1342,1510,2316,2919,3004
ACT 4:19	PSS 8:3	med	kjv	3	0.308	G2316,2919,3004
ACT 4:24	EXO 18:24	med	kjv	4	0.422	G0191,3004,4160,5456
ACT 4:24	PSA 69:34	med	kjv	4	0.413	G1093,2281,3772,3956
ACT 4:24	DEU 10:14	med	kjv	4	0.411	G1093,2316,3772,3956
ACT 4:25	PSA 2:1	high	kjv	5	0.815	G1484,2756,2992,3191,5433
ACT 4:25	2CH 6:15	med	kjv	5	0.308	G1138,3004,3816,3962,4750
ACT 4:26	PSA 2:2	high	kjv	7	1.0	G0758,0935,1093,2962,3936,4863,5547
ACT 4:26	PSA 48:4	high	kjv	3	0.501	G0935,1093,4863
ACT 4:27	JDG 20:11	med	kjv	3	0.348	G2474,4172,4863
ACT 4:27	EZK 28:25	med	kjv	4	0.316	G1484,2474,2992,4863
ACT 4:29	LEV 26:13	med	kjv	3	0.309	G1401,2962,3954
ACT 4:30	JER 32:20	high	kjv	3	0.496	G3686,4592,5059
ACT 4:30	NEH 9:10	high	kjv	4	0.483	G3686,3816,4592,5059
ACT 4:31	2SA 23:2	med	kjv	3	0.308	G2980,3056,4151
ACT 4:32	JER 40:14	med	kjv	3	0.324	G3004,4100,5590
ACT 5:2	1KI 14:6	high	kjv	3	0.459	G0652,1135,4228
ACT 5:5	JER 28:12	med	kjv	3	0.328	G0367,1096,3056
ACT 5:10	JER 50:30	med	kjv	3	0.329	G0435,3495,4098
ACT 5:11	EZR 10:12	high	kjv	3	0.455	G1577,3173,3956
ACT 5:11	DEU 18:16	med	kjv	4	0.442	G0191,1577,3173,3956
ACT 5:11	1KI 8:55	med	kjv	3	0.432	G1577,3173,3956
ACT 5:12	1KI 14:6	med	kjv	3	0.423	G0652,1096,1510
ACT 5:12	DEU 28:46	med	kjv	3	0.391	G1510,4592,5059
ACT 5:12	DEU 11:3	med	kjv	3	0.348	G3956,4592,5059
ACT 5:14	2CH 9:6	high	kjv	3	0.486	G4100,4128,4369
ACT 5:19	1CH 9:27	high	kjv	3	0.486	G0455,2374,5438
ACT 5:19	ISA 42:7	med	kjv	3	0.394	G0455,1806,5438
ACT 5:19	ISA 37:14	med	kjv	3	0.378	G0032,0455,2962
ACT 5:20	1KI 12:15	high	kjv	4	0.502	G2476,2980,2992,4487
ACT 5:20	NUM 14:39	med	kjv	4	0.356	G2980,2992,3956,4487
ACT 5:20	JER 7:23	med	kjv	4	0.346	G2992,3956,4198,4487
ACT 5:21	1ES 9:49	med	kjv	3	0.316	G0749,1321,3956
ACT 5:23	GEN 39:23	med	kjv	3	0.409	G1201,3762,3956
ACT 5:23	EZK 46:12	med	kjv	3	0.304	G0455,2374,2808
ACT 5:24	1MA 14:17	med	kjv	3	0.431	G0191,0749,1096
ACT 5:25	JDT 3:5	high	kjv	3	0.475	G0435,0518,3854
ACT 5:25	2SA 15:13	med	kjv	3	0.416	G0435,0518,3854
ACT 5:25	GEN 14:13	med	kjv	3	0.413	G0518,1510,3854
ACT 5:30	JOS 10:26	high	kjv	3	0.571	G2424,2910,3586
ACT 5:31	ISA 45:15	med	kjv	3	0.36	G2316,2474,4990
ACT 5:31	PSS 3:6	med	kjv	3	0.304	G0266,2316,4990
ACT 5:32	DAN 7:27	med	kjv	3	0.373	G0040,1325,3980
ACT 5:32	LEV 20:7	med	kjv	3	0.322	G0040,1510,2316
ACT 5:37	PSA 92:9	med	kjv	3	0.438	G0622,1287,3956
ACT 5:37	2CH 21:8	med	kjv	3	0.413	G0868,2250,2455
ACT 5:37	2KI 18:22	med	kjv	3	0.37	G0868,2455,3982
ACT 5:38	SUS 1:51	med	kjv	3	0.348	G1510,3004,3568
ACT 5:38	PSA 66:5	med	kjv	3	0.306	G0444,1012,2041
ACT 5:39	DEU 32:37	high	kjv	3	0.523	G1510,2316,3982
ACT 5:39	JDT 14:17	med	kjv	3	0.385	G1510,2147,2647
ACT 5:39	ISA 36:9	med	kjv	3	0.368	G1410,1510,3982
ACT 5:42	ISA 38:20	med	kjv	4	0.307	G2250,3624,3956,3973
ACT 6:2	1SA 26:14	med	kjv	3	0.354	G1510,3004,4341
ACT 6:2	JER 2:17	med	kjv	3	0.348	G2316,2641,3004
ACT 6:2	DEU 12:28	med	kjv	3	0.334	G0701,2316,3056
ACT 6:5	2CH 31:18	med	kjv	4	0.303	G0040,3956,4102,4128
ACT 6:5	SIR 45:4	med	kjv	3	0.301	G1586,3956,4102
ACT 6:7	GEN 28:3	med	kjv	3	0.404	G0837,2316,4129
ACT 6:7	GEN 35:11	med	kjv	3	0.353	G0837,2316,4129
ACT 6:8	JER 32:20	high	kjv	3	0.529	G4160,4592,5059
ACT 6:8	DEU 6:22	high	kjv	3	0.509	G3173,4592,5059
ACT 6:8	BAR 2:11	high	kjv	6	0.505	G1411,2992,3173,4160,4592,5059
ACT 6:11	EXO 6:2	med	kjv	4	0.36	G2316,2980,3004,3475
ACT 6:11	EXO 18:17	med	kjv	3	0.35	G3004,3475,4487
ACT 6:11	EXO 14:1	med	kjv	3	0.33	G2980,3004,3475
ACT 6:12	NUM 11:16	med	kjv	4	0.342	G0071,1122,2992,4245
ACT 6:12	NEH 8:13	med	kjv	3	0.31	G1122,2186,2992
ACT 6:13	1SA 20:23	high	kjv	3	0.467	G2980,3144,4487
ACT 6:13	PRO 21:28	med	kjv	3	0.405	G2980,3144,5571
ACT 6:13	GEN 18:33	med	kjv	3	0.373	G2980,3973,5117
ACT 6:14	JOS 2:24	med	kjv	3	0.34	G2424,3004,3860
ACT 7:2	GEN 27:43	high	kjv	4	0.605	G0080,0191,3318,5488
ACT 7:2	GEN 29:4	high	kjv	3	0.47	G0080,1510,5488
ACT 7:2	4MA 17:6	med	kjv	3	0.378	G0011,1510,3962
ACT 7:3	GEN 12:1	high	kjv	5	0.63	G1093,1166,1831,3004,4772
ACT 7:3	PSA 74:8	med	kjv	3	0.311	G1093,3004,4772
ACT 7:4	JER 22:12	high	kjv	3	0.451	G0599,1093,3351
ACT 7:4	GEN 11:31	med	kjv	4	0.32	G1093,2730,5466,5488
ACT 7:5	EZK 44:28	high	kjv	4	0.489	G1325,1510,2697,2817
ACT 7:5	DEU 2:5	med	kjv	3	0.427	G0968,1325,4228
ACT 7:5	EZK 46:16	med	kjv	4	0.378	G1325,1510,2697,2817
ACT 7:6	GEN 15:13	high	kjv	8	0.797	G1093,1402,1510,2094,2559,3941,4690,5071
ACT 7:6	EXO 18:3	med	kjv	4	0.43	G0245,1093,1510,3941
ACT 7:6	EXO 2:22	med	kjv	4	0.315	G0245,1093,1510,3941
ACT 7:7	GEN 15:14	high	kjv	4	0.706	G1398,1484,1831,2919
ACT 7:7	2KI 17:33	high	kjv	3	0.45	G1484,2316,3000
ACT 7:7	PSS 8:3	med	kjv	3	0.405	G2316,2919,3004
ACT 7:8	GEN 17:13	high	kjv	3	0.518	G1242,4059,4061
ACT 7:8	GEN 21:4	high	kjv	4	0.507	G2250,2464,3590,4059
ACT 7:8	4MA 16:25	med	kjv	3	0.445	G2384,2464,3966
ACT 7:9	GEN 37:36	high	kjv	3	0.51	G0125,0591,2501
ACT 7:9	GEN 45:4	high	kjv	4	0.471	G0125,0591,1510,2501
ACT 7:10	SIR 37:21	high	kjv	4	0.492	G1325,3956,4678,5485
ACT 7:10	GEN 41:41	med	kjv	4	0.419	G0125,2525,3956,5328
ACT 7:10	1SA 26:24	med	kjv	3	0.35	G1807,2347,3956
ACT 7:11	GEN 45:25	med	kjv	4	0.423	G0125,2064,3962,5477
ACT 7:11	GEN 42:5	med	kjv	3	0.399	G2064,3042,5477
ACT 7:11	GEN 47:13	med	kjv	3	0.363	G0125,3042,5477
ACT 7:12	GEN 42:1	high	kjv	3	0.468	G0125,1510,2384
ACT 7:12	GEN 42:2	med	kjv	4	0.441	G0125,0191,1510,4621
ACT 7:12	GEN 45:25	med	kjv	3	0.393	G0125,2384,3962
ACT 7:13	GEN 42:16	med	kjv	4	0.355	G0080,1096,5318,5328
ACT 7:14	1ES 1:48	high	kjv	3	0.525	G0649,3333,3962
ACT 7:14	EXO 1:5	med	kjv	4	0.345	G2384,2501,3956,5590
ACT 7:14	GEN 48:9	med	kjv	3	0.331	G2384,2501,3962
ACT 7:15	GEN 46:3	high	kjv	3	0.457	G0125,2597,3962
ACT 7:15	GEN 45:25	med	kjv	3	0.426	G0125,2384,3962
ACT 7:15	EXO 1:1	med	kjv	3	0.392	G0125,2384,3962
ACT 7:16	GEN 34:18	high	kjv	3	0.485	G1697,4966,5207
ACT 7:16	GEN 34:20	high	kjv	3	0.465	G1697,4966,5207
ACT 7:16	GEN 34:2	med	kjv	3	0.432	G1697,4966,5207
ACT 7:17	GEN 47:27	med	kjv	3	0.406	G0125,0837,4129
ACT 7:17	GEN 28:3	med	kjv	3	0.365	G0837,2316,4129
ACT 7:17	GEN 35:11	med	kjv	3	0.319	G0837,2316,4129
ACT 7:18	EXO 1:8	high	kjv	6	1.0	G0125,0450,0935,1492,2087,2501
ACT 7:20	EXO 2:2	med	kjv	3	0.442	G0791,3376,5140
ACT 7:20	4MA 10:2	med	kjv	3	0.371	G0397,1080,3962
ACT 7:20	JDT 11:23	med	kjv	4	0.337	G0791,1510,2316,3624
ACT 7:21	EXO 2:10	med	kjv	4	0.34	G0337,2364,5207,5328
ACT 7:21	EXO 2:5	med	kjv	3	0.323	G0337,2364,5328
ACT 7:22	EXO 8:22	med	kjv	3	0.396	G0124,1415,3475
ACT 7:22	SIR 23:15	med	kjv	3	0.381	G3056,3811,3956
ACT 7:22	SIR 1:1	med	kjv	3	0.331	G1510,3956,4678
ACT 7:23	EXO 3:16	med	kjv	3	0.394	G1980,2474,5207
ACT 7:24	NUM 33:4	med	kjv	4	0.364	G0124,1557,3960,4160
ACT 7:24	EXO 12:12	med	kjv	4	0.347	G0124,1557,3960,4160
ACT 7:25	1MA 5:62	med	kjv	3	0.391	G1325,4991,5495
ACT 7:26	EXO 8:18	high	kjv	3	0.481	G1510,1966,2250
ACT 7:26	GEN 26:20	med	kjv	3	0.329	G0091,1510,3164
ACT 7:26	2KI 3:23	med	kjv	3	0.329	G0435,3004,3164
ACT 7:27	EXO 2:14	med	kjv	4	0.338	G0758,1348,2525,3004
ACT 7:28	EXO 2:14	high	kjv	4	0.585	G0124,0337,2309,5158
ACT 7:29	GEN 25:3	high	kjv	3	0.452	G1080,1096,5207
ACT 7:29	NUM 35:15	med	kjv	3	0.438	G3941,5207,5343
ACT 7:30	EXO 3:2	high	kjv	5	0.628	G0032,0942,3708,4442,5395
ACT 7:30	EXO 19:2	high	kjv	3	0.503	G2048,3735,4614
ACT 7:30	PSA 83:14	med	kjv	3	0.416	G3735,4442,5395
ACT 7:31	DEU 28:67	med	kjv	3	0.345	G1096,3705,3708
ACT 7:32	EXO 4:5	med	kjv	5	0.441	G0011,2316,2384,2464,3962
ACT 7:32	EXO 3:6	med	kjv	6	0.436	G0011,2316,2384,2464,3475,3962
ACT 7:32	GEN 32:9	med	kjv	5	0.425	G0011,2316,2384,2464,3962
ACT 7:33	JOS 5:15	high	kjv	9	0.924	G0040,1510,2476,2962,3004,3089,4228,5117,5266
ACT 7:33	EXO 3:5	high	kjv	9	0.923	G0040,1093,1510,2476,3004,3089,4228,5117,5266
ACT 7:33	PSA 24:3	med	kjv	4	0.396	G0040,2476,2962,5117
ACT 7:34	EXO 3:7	med	kjv	5	0.327	G0125,0191,2561,2992,3708
ACT 7:35	EXO 3:4	med	kjv	4	0.406	G0942,3004,3475,3708
ACT 7:35	EXO 3:2	med	kjv	3	0.344	G0032,0942,3708
ACT 7:35	EXO 3:3	med	kjv	4	0.338	G0942,3004,3475,3708
ACT 7:36	NUM 33:11	high	kjv	3	0.624	G2048,2063,2281
ACT 7:36	JER 32:20	high	kjv	5	0.588	G0125,1093,4160,4592,5059
ACT 7:36	PSA 78:43	high	kjv	3	0.569	G0125,4592,5059
ACT 7:37	DEU 18:15	high	kjv	4	0.726	G0080,0450,2316,4396
ACT 7:37	DEU 34:10	high	kjv	4	0.678	G0450,2474,3475,4396
ACT 7:37	EXO 7:1	high	kjv	6	0.599	G0080,1510,2316,3004,3475,4396
ACT 7:38	EXO 19:2	high	kjv	3	0.517	G2048,3735,4614
ACT 7:38	NUM 3:14	high	kjv	3	0.467	G2048,2980,4614
ACT 7:38	LEV 25:1	high	kjv	3	0.452	G2980,3735,4614
ACT 7:39	PRO 4:3	high	kjv	3	0.541	G1096,3962,5255
ACT 7:40	EXO 32:23	high	kjv	9	0.89	G0125,1096,1492,1806,2316,3004,3475,4160,4313
ACT 7:40	EXO 32:1	high	kjv	11	0.697	G0002,0125,1093,1096,1492,1806,2316,3004,3475,4160,4313
ACT 7:40	EXO 6:26	high	kjv	7	0.633	G0002,0125,1093,1806,2316,3004,3475
ACT 7:41	PSA 115:4	med	kjv	3	0.444	G1497,2041,5495
ACT 7:41	PSA 135:15	med	kjv	3	0.444	G1497,2041,5495
ACT 7:41	JER 7:22	med	kjv	3	0.415	G0321,2250,2378
ACT 7:42	AMO 5:25	high	kjv	7	0.582	G2048,2094,2378,2474,3624,4374,4968
ACT 7:42	1ES 5:48	med	kjv	3	0.385	G0976,2316,4374
ACT 7:42	2CH 35:12	med	kjv	4	0.306	G0976,1125,3624,3860
ACT 7:43	AMO 5:26	high	kjv	8	0.879	G0353,0798,2316,3434,4160,4481,4633,5179
ACT 7:44	EXO 25:40	high	kjv	3	0.508	G3708,4160,5179
ACT 7:44	LEV 1:1	high	kjv	4	0.502	G2980,3142,3475,4633
ACT 7:44	2CH 1:3	med	kjv	6	0.374	G1510,2048,3142,3475,4160,4633
ACT 7:46	PSA 132:5	high	kjv	4	0.642	G2147,2316,2384,4638
ACT 7:46	GEN 6:8	med	kjv	3	0.422	G2147,2316,5485
ACT 7:47	1KI 7:38	high	kjv	3	0.869	G3618,3624,4672
ACT 7:47	1KI 6:14	high	kjv	3	0.81	G3618,3624,4672
ACT 7:47	2CH 2:2	high	kjv	3	0.751	G3618,3624,4672
ACT 7:49	ISA 66:1	high	kjv	11	1.0	G1093,2362,2663,2962,3004,3618,3624,3772,4228,5117,5286
ACT 7:49	LAM 2:1	high	kjv	5	0.518	G1093,2962,3772,4228,5286
ACT 7:49	PSA 99:5	high	kjv	3	0.485	G2962,4228,5286
ACT 7:50	JOB 12:9	high	kjv	3	0.709	G3956,4160,5495
ACT 7:51	EZK 44:9	med	kjv	3	0.306	G0040,0564,2588
ACT 7:52	2MA 10:22	med	kjv	3	0.397	G0615,1096,4273
ACT 7:55	HAG 2:3	med	kjv	3	0.336	G1391,3708,5225
ACT 7:55	PSA 63:2	med	kjv	3	0.32	G0040,1391,3708
ACT 7:56	DAN 8:15	med	kjv	3	0.337	G0444,2334,2476
ACT 7:56	PSA 33:13	med	kjv	4	0.335	G0444,3708,3772,5207
ACT 7:57	2SA 19:3	med	kjv	3	0.449	G2896,3173,5456
ACT 7:57	JER 48:3	med	kjv	3	0.385	G2896,3173,5456
ACT 7:59	JOS 7:25	high	kjv	4	0.471	G2424,2962,3004,3036
ACT 7:59	JOS 4:15	med	kjv	3	0.414	G2424,2962,3004
ACT 7:59	JOS 20:1	med	kjv	3	0.351	G2424,2962,3004
ACT 7:60	2SA 19:3	med	kjv	4	0.386	G2896,3004,3173,5456
ACT 7:60	DAN 10:12	med	kjv	3	0.341	G2962,3004,3361
ACT 7:60	JER 48:3	med	kjv	3	0.317	G2896,3173,5456
ACT 8:1	1KI 14:6	med	kjv	3	0.313	G0652,1096,1510
ACT 8:3	1SA 23:12	med	kjv	3	0.372	G0435,3860,4569
ACT 8:7	2KI 18:28	med	kjv	3	0.304	G0994,3173,5456
ACT 8:9	2CH 15:6	med	kjv	3	0.324	G1484,1839,4172
ACT 8:9	1MA 3:10	med	kjv	3	0.308	G1484,3173,4540
ACT 8:9	JDG 1:23	med	kjv	3	0.302	G1510,3686,4172
ACT 8:10	DEU 25:13	high	kjv	3	0.601	G1510,3173,3398
ACT 8:10	JER 42:8	high	kjv	5	0.529	G1411,2564,3173,3398,3956
ACT 8:10	JOB 3:19	med	kjv	3	0.431	G1510,3173,3398
ACT 8:16	JOS 6:27	med	kjv	4	0.394	G1510,2424,2962,3686
ACT 8:17	NUM 27:18	high	kjv	4	0.588	G2007,2983,4151,5495
ACT 8:17	EXO 29:15	high	kjv	3	0.483	G2007,2983,5495
ACT 8:17	EXO 29:19	high	kjv	3	0.458	G2007,2983,5495
ACT 8:19	NUM 27:18	high	kjv	5	0.481	G2007,2983,3004,4151,5495
ACT 8:19	EXO 29:15	med	kjv	3	0.378	G2007,2983,5495
ACT 8:19	EXO 29:19	med	kjv	3	0.358	G2007,2983,5495
ACT 8:20	SIR 20:23	med	kjv	3	0.325	G1431,1510,2932
ACT 8:20	1CH 21:24	med	kjv	4	0.322	G0694,1431,1510,3004
ACT 8:21	DEU 14:28	high	kjv	3	0.58	G1510,2819,3310
ACT 8:21	DEU 10:9	high	kjv	3	0.556	G1510,2819,3310
ACT 8:21	WIS 5:5	high	kjv	3	0.455	G1510,2316,2819
ACT 8:22	JOL 2:13	med	kjv	4	0.409	G2549,2588,2962,3340
ACT 8:22	JON 4:2	med	kjv	3	0.328	G2549,2962,3340
ACT 8:23	DEU 29:17	med	kjv	3	0.368	G1510,4088,5521
ACT 8:25	PSA 68:11	med	kjv	3	0.364	G2097,2962,4183
ACT 8:26	2KI 1:15	med	kjv	6	0.429	G0032,0450,2597,2962,2980,3004
ACT 8:26	JDG 13:11	med	kjv	6	0.396	G0032,0450,1510,2980,3004,4198
ACT 8:26	ZEP 2:4	med	kjv	3	0.354	G1048,1510,3314
ACT 8:27	EST 1:12	med	kjv	3	0.381	G0938,2064,2135
ACT 8:29	1KI 22:24	med	kjv	3	0.329	G3004,4151,4334
ACT 8:30	2KI 20:16	med	kjv	3	0.362	G0191,2268,3004
ACT 8:30	ISA 39:5	med	kjv	3	0.349	G0191,2268,3004
ACT 8:30	ISA 39:3	med	kjv	3	0.34	G2268,3004,4396
ACT 8:32	ISA 53:7	high	kjv	8	0.788	G0071,0286,0455,0880,2751,4263,4750,4967
ACT 8:33	ISA 53:8	high	kjv	7	0.841	G0142,1074,1093,1334,2222,2920,5014
ACT 8:34	1SA 17:30	med	kjv	3	0.35	G0611,2087,3004
ACT 8:34	AMO 7:14	med	kjv	3	0.342	G0611,3004,4396
ACT 8:34	JOS 24:16	med	kjv	3	0.333	G0611,2087,3004
ACT 8:39	HOS 6:1	med	kjv	3	0.353	G0726,2962,4198
ACT 9:4	DAN 10:9	high	kjv	4	0.518	G0191,1093,4098,5456
ACT 9:4	JER 42:13	high	kjv	4	0.49	G0191,1093,3004,5456
ACT 9:4	EXO 18:24	high	kjv	3	0.465	G0191,3004,5456
ACT 9:5	JOS 4:15	high	kjv	3	0.667	G2424,2962,3004
ACT 9:5	JOS 20:1	high	kjv	3	0.564	G2424,2962,3004
ACT 9:5	ISA 30:16	high	kjv	3	0.511	G1377,1510,3004
ACT 9:6	1SA 21:1	high	kjv	3	0.619	G0450,1525,4172
ACT 9:6	1KI 14:12	high	kjv	3	0.487	G0450,1525,4172
ACT 9:6	PSS 11:8	high	kjv	3	0.48	G0450,2980,4160
ACT 9:8	EZK 37:12	med	kjv	3	0.317	G0455,1093,1521
ACT 9:9	BEL 1:24	high	kjv	3	0.562	G1510,3361,4095
ACT 9:9	1CH 12:39	med	kjv	4	0.388	G1510,2250,4095,5140
ACT 9:9	NEH 2:11	med	kjv	3	0.313	G1510,2250,5140
ACT 9:10	GEN 46:2	med	kjv	3	0.388	G1510,3004,3705
ACT 9:10	ISA 30:10	med	kjv	3	0.38	G3004,3705,3708
ACT 9:10	AMO 5:27	med	kjv	4	0.373	G1154,2962,3004,3686
ACT 9:11	1MA 3:1	med	kjv	3	0.325	G0450,2455,2564
ACT 9:13	JOB 16:2	high	kjv	3	0.534	G0191,2556,4183
ACT 9:13	PRO 28:20	med	kjv	3	0.43	G0435,2556,4183
ACT 9:13	NEH 7:2	med	kjv	3	0.398	G0367,0435,4183
ACT 9:14	JOB 5:8	med	kjv	3	0.433	G1210,1941,3956
ACT 9:14	DEU 28:10	med	kjv	3	0.34	G1941,3686,3956
ACT 9:17	GEN 32:1	med	kjv	4	0.362	G0308,0565,3598,3708
ACT 9:17	NUM 27:18	med	kjv	6	0.355	G2007,2424,2962,3004,4151,5495
ACT 9:20	LEV 19:2	med	kjv	4	0.413	G1510,2316,4864,5207
ACT 9:20	JOS 9:27	med	kjv	3	0.381	G2316,2424,4864
ACT 9:21	JOB 5:8	med	kjv	3	0.326	G1210,1941,3956
ACT 9:21	JDT 15:1	med	kjv	3	0.308	G0191,1510,1839
ACT 9:28	EZK 20:29	med	kjv	3	0.398	G1510,1531,3686
ACT 9:28	JER 17:19	med	kjv	3	0.395	G1531,1607,2962
ACT 9:31	1MA 12:9	med	kjv	3	0.407	G0040,2192,3874
ACT 9:31	SIR 16:2	med	kjv	3	0.305	G2962,4129,5401
ACT 9:32	TOB 2:1	med	kjv	3	0.334	G0040,1096,2718
ACT 9:34	JOS 7:10	med	kjv	3	0.338	G0450,2424,3004
ACT 9:36	TOB 4:11	med	kjv	4	0.311	G0018,1510,1654,4160
ACT 9:36	SIR 16:14	med	kjv	3	0.307	G1654,2041,4160
ACT 9:37	2KI 4:11	med	kjv	3	0.433	G1096,2250,5253
ACT 9:40	1KI 8:54	med	kjv	3	0.302	G0450,1119,4336
ACT 9:42	TOB 2:14	med	kjv	3	0.383	G1110,2962,4100
ACT 9:43	1MA 13:11	high	kjv	3	0.701	G2425,2445,3306
ACT 10:1	JDG 1:26	med	kjv	3	0.312	G0435,2564,3686
ACT 10:2	TOB 1:16	high	kjv	3	0.549	G1654,4160,4183
ACT 10:2	SIR 43:33	high	kjv	3	0.477	G2152,3956,4160
ACT 10:2	TOB 4:8	med	kjv	3	0.436	G1654,4160,5399
ACT 10:3	2CH 18:24	med	kjv	4	0.425	G1525,2250,3004,3708
ACT 10:3	GEN 46:2	med	kjv	3	0.372	G2316,3004,3705
ACT 10:3	ISA 30:10	med	kjv	3	0.35	G3004,3705,3708
ACT 10:4	1MA 13:2	med	kjv	3	0.366	G0305,1510,1719
ACT 10:4	PSA 109:15	med	kjv	3	0.35	G1096,2962,3422
ACT 10:6	1MA 13:47	med	kjv	3	0.3	G1510,3614,4613
ACT 10:10	1SA 14:15	med	kjv	3	0.346	G1096,1611,2309
ACT 10:11	GEN 1:1	med	kjv	3	0.393	G0746,1093,3772
ACT 10:11	DAN 7:2	med	kjv	4	0.315	G2334,3173,3772,5064
ACT 10:12	JOB 35:11	high	kjv	4	0.767	G1093,3772,4071,5074
ACT 10:12	JOB 12:7	high	kjv	3	0.581	G3772,4071,5074
ACT 10:12	GEN 7:8	high	kjv	4	0.538	G1093,2062,3956,4071
ACT 10:14	BEL 1:7	med	kjv	3	0.336	G2962,3004,3365
ACT 10:19	ISA 30:10	med	kjv	3	0.304	G3004,3705,3708
ACT 10:22	JER 26:2	med	kjv	5	0.331	G2453,3004,3624,4487,5537
ACT 10:22	JER 30:2	med	kjv	3	0.304	G2316,3004,5537
ACT 10:24	LEV 18:14	med	kjv	3	0.3	G1510,1525,4773
ACT 10:25	2KI 4:37	high	kjv	4	0.484	G1525,4098,4228,4352
ACT 10:25	PSA 132:7	med	kjv	3	0.37	G1525,4228,4352
ACT 10:25	2SA 14:4	med	kjv	3	0.37	G1525,4098,4352
ACT 10:28	JOS 14:6	med	kjv	5	0.32	G0444,1987,2316,3004,4334
ACT 10:30	ZEC 7:1	med	kjv	3	0.316	G1510,1766,5067
ACT 10:31	PSS 6:5	med	kjv	3	0.417	G1522,2316,4335
ACT 10:31	PSA 54:2	med	kjv	3	0.408	G1522,2316,4335
ACT 10:34	PRO 31:8	med	kjv	3	0.323	G0455,2316,4750
ACT 10:34	EZK 16:63	med	kjv	4	0.309	G0455,1510,3004,4750
ACT 10:35	JOB 33:26	med	kjv	3	0.393	G1184,1343,1510
ACT 10:35	LEV 22:20	med	kjv	3	0.366	G1184,1510,3956
ACT 10:36	JOS 7:2	med	kjv	3	0.411	G0649,1510,2424
ACT 10:36	PSA 28:8	med	kjv	3	0.373	G1510,2962,5547
ACT 10:36	PSA 128:6	med	kjv	3	0.371	G1515,2474,5207
ACT 10:39	EZK 15:3	med	kjv	4	0.439	G2910,3586,3956,4160
ACT 10:39	EST 8:7	med	kjv	4	0.376	G2453,2910,3586,3956
ACT 10:40	ISA 2:2	med	kjv	3	0.384	G1717,2250,2316
ACT 10:40	GEN 31:5	med	kjv	3	0.353	G2250,2316,5154
ACT 10:40	GEN 1:13	med	kjv	4	0.345	G1096,2250,2316,5154
ACT 10:41	EXO 18:12	med	kjv	3	0.346	G2316,3956,4906
ACT 10:42	PSA 50:7	med	kjv	4	0.389	G1263,1510,2316,2992
ACT 10:42	DAN 3:4	med	kjv	3	0.358	G2784,2992,3853
ACT 10:43	SUS 1:41	high	kjv	3	0.468	G3140,3956,4100
ACT 10:44	1MA 13:7	med	kjv	3	0.333	G0191,3056,4151
ACT 10:46	2SA 7:22	med	kjv	3	0.387	G0191,2316,3170
ACT 10:46	JER 7:13	med	kjv	3	0.341	G0191,0611,2980
ACT 10:48	JDT 12:7	med	kjv	3	0.308	G0907,2250,4367
ACT 11:1	1KI 14:6	high	kjv	3	0.516	G0191,0652,1510
ACT 11:1	JER 7:1	high	kjv	3	0.456	G0191,2449,3056
ACT 11:1	JER 7:28	med	kjv	4	0.337	G0191,1209,1484,3056
ACT 11:6	JOB 35:11	high	kjv	4	0.569	G1093,3772,4071,5074
ACT 11:6	PSA 148:10	high	kjv	3	0.505	G2062,2342,4071
ACT 11:6	GEN 1:24	high	kjv	4	0.469	G1093,2062,2342,5074
ACT 11:7	EXO 18:24	med	kjv	3	0.334	G0191,3004,5456
ACT 11:7	MIC 6:1	med	kjv	4	0.318	G0191,0450,3004,5456
ACT 11:7	JOB 33:8	med	kjv	3	0.311	G0191,3004,5456
ACT 11:8	BEL 1:7	med	kjv	3	0.38	G2962,3004,3365
ACT 11:11	ZEC 1:10	med	kjv	3	0.377	G0435,1510,2186
ACT 11:11	EST 1:22	med	kjv	3	0.362	G0649,1510,3614
ACT 11:12	EZK 3:24	med	kjv	5	0.361	G1525,2064,3004,3624,4151
ACT 11:12	NEH 6:11	med	kjv	4	0.321	G0435,1525,3004,3624
ACT 11:12	EXO 32:26	med	kjv	3	0.318	G2064,3004,4905
ACT 11:13	2KI 6:13	med	kjv	4	0.335	G0518,0649,3004,3708
ACT 11:13	1MA 15:28	med	kjv	3	0.311	G0649,2445,3004
ACT 11:14	1KI 16:12	high	kjv	3	0.609	G2980,3624,4487
ACT 11:14	2KI 10:10	high	kjv	3	0.455	G2980,3624,4487
ACT 11:15	ISA 48:16	med	kjv	3	0.374	G0746,2980,4151
ACT 11:18	1MA 5:63	med	kjv	3	0.354	G0191,1392,1484
ACT 11:21	DEU 33:6	med	kjv	3	0.398	G0706,1510,4183
ACT 11:22	JER 28:7	high	kjv	3	0.47	G0191,3056,3775
ACT 11:22	1SA 8:21	med	kjv	3	0.374	G0191,3056,3775
ACT 11:22	EZK 3:10	med	kjv	3	0.373	G0191,3056,3775
ACT 11:24	JOB 32:18	med	kjv	3	0.365	G1510,4134,4151
ACT 11:24	RUT 1:21	med	kjv	3	0.33	G2425,2962,4134
ACT 11:28	DAN 3:45	med	kjv	3	0.347	G1510,3625,3650
ACT 11:28	2MA 2:22	med	kjv	4	0.344	G1096,3195,3625,3650
ACT 11:28	1MA 9:24	med	kjv	3	0.343	G1096,3042,3173
ACT 11:30	2KI 10:5	high	kjv	3	0.481	G0649,4160,4245
ACT 12:1	2CH 29:23	med	kjv	3	0.368	G0935,1577,5495
ACT 12:4	1MA 12:34	med	kjv	4	0.379	G1014,3860,5087,5442
ACT 12:5	JOB 35:10	med	kjv	3	0.359	G1510,2316,5438
ACT 12:8	ZEC 3:4	med	kjv	3	0.376	G0032,2440,4016
ACT 12:9	JOB 20:7	med	kjv	3	0.345	G1380,1492,1510
ACT 12:9	DEU 28:34	med	kjv	3	0.321	G0991,1510,3705
ACT 12:9	PRO 16:25	med	kjv	3	0.317	G0991,1380,1510
ACT 12:10	1CH 26:16	med	kjv	3	0.307	G1208,4439,5438
ACT 12:15	HAG 1:13	med	kjv	3	0.395	G0032,1510,3004
ACT 12:15	ZEC 6:4	med	kjv	3	0.303	G0032,1510,3004
ACT 12:20	1CH 22:4	med	kjv	3	0.394	G1510,4606,5183
ACT 13:2	LEV 20:26	med	kjv	3	0.384	G0040,0873,2962
ACT 13:2	EZK 45:4	med	kjv	4	0.36	G0040,0873,2962,3008
ACT 13:5	2MA 9:17	med	kjv	3	0.413	G2316,2453,2605
ACT 13:5	2MA 8:36	med	kjv	4	0.305	G2192,2316,2453,2605
ACT 13:7	2KI 22:18	high	kjv	4	0.502	G0191,1934,2316,3056
ACT 13:7	JOB 34:34	med	kjv	3	0.382	G0191,0435,4908
ACT 13:7	2SA 3:8	med	kjv	4	0.373	G1510,1934,3056,4569
ACT 13:10	2CH 25:2	med	kjv	3	0.408	G2117,2962,4134
ACT 13:10	EZK 33:17	med	kjv	5	0.396	G2117,2962,3004,3598,5207
ACT 13:10	JDG 5:6	med	kjv	3	0.354	G1294,3598,5207
ACT 13:11	SUS 1:51	med	kjv	3	0.316	G0991,1510,3568
ACT 13:12	PSA 27:13	med	kjv	3	0.322	G2962,3708,4100
ACT 13:14	EZR 8:32	med	kjv	3	0.337	G2064,2250,2523
ACT 13:14	1MA 9:43	med	kjv	3	0.318	G2064,2250,4521
ACT 13:15	JOB 21:2	high	kjv	3	0.505	G1510,3056,3874
ACT 13:15	NEH 8:8	med	kjv	3	0.415	G0320,2992,3551
ACT 13:15	BAR 1:21	med	kjv	3	0.325	G0649,3056,4396
ACT 13:16	2CH 10:15	med	kjv	5	0.303	G0191,0450,2316,3004,5495
ACT 13:17	JER 32:21	high	kjv	7	0.49	G0125,1023,1093,1806,2474,2992,5308
ACT 13:17	DEU 9:29	high	kjv	6	0.479	G0125,1023,1093,1806,2992,5308
ACT 13:17	EXO 32:11	high	kjv	7	0.465	G0125,1023,1093,1806,2316,2992,5308
ACT 13:19	PSA 82:8	high	kjv	3	0.498	G1093,1484,2624
ACT 13:19	JOS 14:1	high	kjv	3	0.468	G1093,2624,5477
ACT 13:19	DEU 19:1	med	kjv	3	0.434	G1093,1484,2624
ACT 13:20	2CH 18:5	med	kjv	3	0.311	G1325,4396,5071
ACT 13:21	1SA 9:1	high	kjv	4	0.607	G0435,0958,2797,5207
ACT 13:21	1SA 10:21	high	kjv	5	0.587	G0435,0958,2797,5207,5443
ACT 13:21	NUM 13:9	high	kjv	3	0.52	G0958,5207,5443
ACT 13:22	1SA 16:22	med	kjv	4	0.33	G1138,2147,2421,3004
ACT 13:22	JER 1:12	med	kjv	3	0.326	G1453,3004,4160
ACT 13:22	4MA 18:16	med	kjv	4	0.307	G2307,3004,3956,4160
ACT 13:23	ISA 45:15	med	kjv	3	0.445	G2316,2474,4990
ACT 13:25	JOS 5:15	med	kjv	5	0.433	G1510,3004,3089,4228,5266
ACT 13:25	EXO 3:5	med	kjv	5	0.423	G1510,3004,3089,4228,5266
ACT 13:26	1MA 12:21	med	kjv	3	0.435	G0011,0080,1085
ACT 13:27	JER 13:13	med	kjv	4	0.322	G2730,3956,4137,4396
ACT 13:27	JER 36:21	med	kjv	3	0.311	G0314,0758,3956
ACT 13:29	EZR 6:11	med	kjv	4	0.314	G2507,3586,3956,5087
ACT 13:33	JOS 6:12	med	kjv	3	0.348	G0450,1208,2424
ACT 13:34	PSA 16:10	med	kjv	3	0.359	G1312,1325,3741
ACT 13:35	PSA 16:10	high	kjv	4	0.688	G1312,1325,3708,3741
ACT 13:38	2MA 9:17	med	kjv	3	0.37	G1510,2605,3956
ACT 13:41	HAB 1:5	high	kjv	9	0.795	G0853,1555,2038,2041,2250,2296,2707,3708,4100
ACT 13:41	SIR 42:15	med	kjv	3	0.384	G1555,2041,3708
ACT 13:43	WIS 3:9	med	kjv	3	0.312	G3982,4357,5485
ACT 13:44	1MA 9:43	high	kjv	3	0.501	G0191,2064,4521
ACT 13:44	2CH 20:4	med	kjv	4	0.419	G2064,3956,4172,4863
ACT 13:44	JDG 20:11	med	kjv	3	0.413	G3956,4172,4863
ACT 13:47	ISA 49:6	high	kjv	6	0.47	G1093,1484,1510,2078,4991,5457
ACT 13:47	PSA 44:4	high	kjv	3	0.469	G1510,1781,4991
ACT 13:47	JER 6:22	med	kjv	4	0.345	G1093,1484,2078,2962
ACT 13:48	JER 25:8	med	kjv	3	0.446	G2962,3056,4100
ACT 13:48	1MA 5:63	med	kjv	3	0.34	G0191,1392,1484
ACT 13:48	ISA 48:22	med	kjv	3	0.332	G1510,2962,5463
ACT 13:49	ISA 37:18	med	kjv	3	0.364	G2962,3650,5561
ACT 14:2	1MA 11:30	med	kjv	3	0.304	G0080,1484,2453
ACT 14:3	PSA 105:27	med	kjv	3	0.397	G3056,4592,5059
ACT 14:3	DEU 6:22	med	kjv	4	0.317	G1325,2962,4592,5059
ACT 14:5	LEV 20:2	med	kjv	4	0.34	G0758,1096,1484,3036
ACT 14:9	PSA 115:5	med	kjv	3	0.318	G2192,2980,3708
ACT 14:9	PSA 135:16	med	kjv	3	0.318	G2192,2980,3708
ACT 14:11	PSA 28:1	high	kjv	3	0.552	G2316,2597,3666
ACT 14:11	2KI 9:32	med	kjv	4	0.368	G1869,2597,3004,3708
ACT 14:14	2CH 34:19	med	kjv	3	0.368	G0191,1284,2440
ACT 14:14	JER 36:24	med	kjv	3	0.344	G0191,1284,2440
ACT 14:14	2KI 22:11	med	kjv	3	0.332	G0191,1284,2440
ACT 14:15	1ES 4:2	med	kjv	5	0.398	G0435,0444,1093,2281,3956
ACT 14:15	4MA 12:13	med	kjv	3	0.373	G0444,1510,3663
ACT 14:15	2SA 18:20	med	kjv	3	0.334	G0435,2097,3004
ACT 14:20	1SA 21:1	high	kjv	3	0.497	G0450,1525,4172
ACT 14:20	SNG 3:2	med	kjv	3	0.421	G0450,2944,4172
ACT 14:20	JDG 9:35	med	kjv	3	0.409	G0450,1831,4172
ACT 14:22	PSA 77:2	med	kjv	4	0.332	G2316,2347,3870,5590
ACT 14:25	JER 22:1	high	kjv	3	0.708	G2597,2980,3056
ACT 14:26	WIS 8:4	med	kjv	3	0.376	G1510,2041,2316
ACT 15:7	JER 25:8	med	kjv	3	0.318	G3004,3056,4100
ACT 15:11	GEN 47:25	med	kjv	3	0.42	G2962,4982,5485
ACT 15:12	JER 32:20	med	kjv	3	0.44	G4160,4592,5059
ACT 15:12	1MA 3:26	med	kjv	3	0.431	G1484,1834,3956
ACT 15:12	DEU 11:3	med	kjv	4	0.422	G3956,4160,4592,5059
ACT 15:13	1ES 3:23	high	kjv	3	0.508	G0435,3004,4601
ACT 15:14	1MA 3:26	high	kjv	3	0.472	G1484,1834,3686
ACT 15:14	1CH 16:24	med	kjv	3	0.44	G1484,1834,2992
ACT 15:15	2CH 26:22	med	kjv	3	0.396	G1125,3056,4396
ACT 15:16	AMO 9:11	high	kjv	4	0.485	G0456,1138,4098,4633
ACT 15:17	AMO 9:12	high	kjv	10	0.983	G0444,1484,1567,1941,2645,2962,3004,3686,3956,4160
ACT 15:17	LAM 3:55	high	kjv	3	0.541	G1941,2962,3686
ACT 15:17	DEU 28:10	high	kjv	5	0.503	G1484,1941,2962,3686,3956
ACT 15:21	EXO 35:20	med	kjv	3	0.312	G3475,3956,4864
ACT 15:21	NUM 16:3	med	kjv	4	0.304	G2192,3475,3956,4864
ACT 15:21	NUM 15:33	med	kjv	4	0.301	G3475,3956,4521,4864
ACT 15:26	JOS 6:27	high	kjv	3	0.475	G2424,2962,3686
ACT 15:26	JOS 2:24	high	kjv	3	0.472	G2424,2962,3860
ACT 15:26	1SA 26:23	med	kjv	3	0.38	G2962,3860,5547
ACT 15:27	2SA 11:18	high	kjv	3	0.628	G0518,0649,3056
ACT 15:27	1MA 5:38	high	kjv	3	0.537	G0518,0649,2455
ACT 15:27	2CH 34:26	high	kjv	3	0.5	G0649,2455,3056
ACT 15:32	1CH 7:22	med	kjv	3	0.353	G0080,3870,4183
ACT 15:33	1MA 8:20	med	kjv	3	0.333	G0080,0649,1515
ACT 15:35	PSA 68:11	med	kjv	3	0.402	G2097,2962,4183
ACT 15:36	EXO 3:16	med	kjv	3	0.332	G1980,2962,3004
ACT 15:40	1KI 14:16	high	kjv	3	0.481	G2962,3860,5485
ACT 15:40	DEU 21:10	med	kjv	3	0.373	G1831,2962,3860
ACT 16:1	NEH 13:23	med	kjv	3	0.303	G1135,2453,3708
ACT 16:3	2MA 13:18	med	kjv	3	0.39	G2453,2983,5117
ACT 16:3	2MA 4:36	med	kjv	3	0.321	G1672,2453,5117
ACT 16:6	2SA 23:2	med	kjv	3	0.334	G2980,3056,4151
ACT 16:9	GEN 46:2	med	kjv	4	0.432	G1510,3004,3571,3705
ACT 16:9	1SA 14:8	med	kjv	3	0.396	G0435,1224,3004
ACT 16:9	2SA 15:33	med	kjv	3	0.321	G1224,1510,3004
ACT 16:10	1SA 23:15	med	kjv	3	0.321	G1831,2212,3708
ACT 16:12	JER 35:7	med	kjv	3	0.386	G1304,1510,2250
ACT 16:12	DEU 14:28	med	kjv	3	0.358	G1510,3310,4172
ACT 16:12	LEV 14:8	med	kjv	3	0.351	G1304,1510,2250
ACT 16:13	JOB 6:29	med	kjv	3	0.4	G1510,2523,4905
ACT 16:15	PSA 135:14	med	kjv	3	0.348	G2919,2962,3870
ACT 16:17	2MA 9:17	med	kjv	3	0.379	G1510,2316,2605
ACT 16:17	PSA 57:2	med	kjv	3	0.358	G2316,2896,5310
ACT 16:17	PSA 82:6	med	kjv	4	0.33	G1510,2316,3004,5310
ACT 16:18	JOS 11:18	med	kjv	4	0.312	G2250,2424,4160,4183
ACT 16:19	JER 31:3	med	kjv	3	0.339	G1670,2962,3708
ACT 16:21	2MA 8:36	med	kjv	3	0.383	G1510,2605,4514
ACT 16:28	1ES 9:10	high	kjv	5	0.656	G0537,3004,3173,5455,5456
ACT 16:28	JER 32:23	med	kjv	3	0.358	G0537,2556,5456
ACT 16:28	1ES 4:41	med	kjv	3	0.351	G3004,3173,5455
ACT 16:30	JER 39:18	med	kjv	3	0.441	G2962,4982,5346
ACT 16:30	JER 42:11	med	kjv	3	0.423	G2962,4982,5346
ACT 16:31	JER 25:8	high	kjv	3	0.586	G2962,3004,4100
ACT 16:31	JOS 4:15	high	kjv	3	0.553	G2424,2962,3004
ACT 16:31	JOS 20:1	high	kjv	3	0.468	G2424,2962,3004
ACT 16:32	EXO 20:1	high	kjv	3	0.618	G2980,3056,3956
ACT 16:32	EST 4:9	high	kjv	3	0.536	G2980,3056,3956
ACT 16:38	DEU 13:12	med	kjv	3	0.395	G0191,4487,5399
ACT 16:38	1MA 8:1	med	kjv	3	0.333	G0191,1510,4514
ACT 16:38	1SA 17:11	med	kjv	3	0.331	G0191,4487,5399
ACT 17:4	2CH 14:12	med	kjv	4	0.3	G3641,3982,4128,4183
ACT 17:5	1MA 14:22	med	kjv	3	0.321	G1218,2394,2453
ACT 17:12	SIR 26:24	med	kjv	3	0.379	G0435,1135,2158
ACT 17:13	2MA 9:17	med	kjv	3	0.428	G2316,2453,2605
ACT 17:14	GEN 45:24	med	kjv	3	0.381	G0080,1821,4198
ACT 17:19	ISA 48:6	med	kjv	3	0.316	G1097,2537,3004
ACT 17:20	JER 17:24	med	kjv	3	0.352	G0189,1510,1533
ACT 17:21	ISA 48:6	med	kjv	4	0.323	G0191,2537,3004,3956
ACT 17:24	GEN 2:1	high	kjv	4	0.456	G1093,2889,3772,3956
ACT 17:24	ISA 24:21	med	kjv	4	0.423	G1093,2316,2889,3772
ACT 17:24	PSA 73:25	med	kjv	3	0.393	G1093,3772,5225
ACT 17:25	GEN 7:22	med	kjv	3	0.366	G2222,3956,4157
ACT 17:26	GEN 47:11	med	kjv	3	0.348	G1093,2733,4367
ACT 17:26	DEU 2:22	med	kjv	4	0.343	G2730,2733,4160,4383
ACT 17:26	GEN 16:12	med	kjv	4	0.331	G0444,2730,3956,4383
ACT 17:27	PSA 37:10	med	kjv	3	0.433	G2147,2212,5225
ACT 17:27	JER 50:20	med	kjv	3	0.328	G2147,2212,5225
ACT 17:29	LJE 1:39	med	kjv	3	0.43	G2316,3543,5225
ACT 17:29	WIS 13:10	med	kjv	6	0.428	G0444,0696,2316,3037,5078,5557
ACT 17:29	LJE 1:44	med	kjv	4	0.359	G1510,2316,3543,5225
ACT 17:31	NUM 30:7	med	kjv	5	0.375	G0435,2250,2476,3724,3956
ACT 17:31	PSA 9:8	med	kjv	3	0.374	G1343,2919,3625
ACT 17:31	PSA 96:13	med	kjv	3	0.367	G1343,2919,3625
ACT 17:34	1CH 2:26	high	kjv	3	0.487	G1135,2087,3686
ACT 18:2	1MA 12:21	med	kjv	3	0.334	G1085,2147,2453
ACT 18:4	2MA 11:2	med	kjv	3	0.319	G1672,2453,3956
ACT 18:7	JON 1:9	med	kjv	3	0.327	G1510,2316,4576
ACT 18:7	JOS 4:24	med	kjv	3	0.326	G1510,2316,4576
ACT 18:7	WIS 7:27	med	kjv	3	0.317	G1510,2316,3327
ACT 18:9	GEN 46:2	med	kjv	3	0.444	G3004,3571,3705
ACT 18:9	DAN 10:12	med	kjv	4	0.442	G2962,3004,3361,5399
ACT 18:9	GEN 15:1	med	kjv	4	0.359	G2962,3004,3705,5399
ACT 18:10	NUM 11:11	med	kjv	3	0.415	G2007,2559,2992
ACT 18:11	1CH 13:14	med	kjv	3	0.413	G2316,2523,3376
ACT 18:13	JON 1:9	med	kjv	3	0.352	G2316,3004,4576
ACT 18:13	3MA 3:4	med	kjv	3	0.338	G2316,3551,4576
ACT 18:14	EXO 4:12	med	kjv	3	0.411	G0455,3195,4750
ACT 18:14	SIR 29:24	med	kjv	3	0.329	G0455,4190,4750
ACT 18:14	PRO 31:8	med	kjv	3	0.321	G0455,3056,4750
ACT 18:15	2CH 19:6	high	kjv	3	0.466	G2923,3056,3708
ACT 18:23	2MA 1:22	med	kjv	3	0.346	G1330,3956,5550
ACT 18:23	1CH 21:4	med	kjv	3	0.335	G1330,1831,3956
ACT 18:24	1MA 12:21	high	kjv	4	0.463	G1085,1124,1510,2453
ACT 18:25	EZK 11:5	med	kjv	3	0.314	G1987,2962,4151
ACT 18:28	1MA 12:21	med	kjv	3	0.331	G1124,1510,2453
ACT 19:1	1SA 9:4	high	kjv	3	0.494	G1330,1510,2147
ACT 19:1	2KI 7:5	med	kjv	3	0.357	G1510,2064,3313
ACT 19:4	PRO 14:15	high	kjv	3	0.453	G2064,3341,4100
ACT 19:4	WIS 12:19	med	kjv	3	0.323	G1510,2992,3341
ACT 19:5	JOS 6:27	high	kjv	3	0.47	G2424,2962,3686
ACT 19:5	JER 44:16	med	kjv	3	0.33	G0191,2962,3686
ACT 19:5	JOS 24:24	med	kjv	3	0.328	G0191,2424,2962
ACT 19:6	2SA 23:2	high	kjv	3	0.571	G1100,2980,4151
ACT 19:6	NUM 11:25	high	kjv	4	0.47	G2007,2980,4151,4395
ACT 19:6	1SA 19:23	med	kjv	3	0.446	G2064,4151,4395
ACT 19:10	2MA 4:36	med	kjv	3	0.357	G1672,2453,3056
ACT 19:10	3MA 3:14	med	kjv	3	0.341	G0773,1096,3056
ACT 19:10	2MA 11:2	med	kjv	3	0.333	G1672,2453,3956
ACT 19:13	1KI 22:16	med	kjv	4	0.321	G2962,3004,3686,3726
ACT 19:13	2CH 18:15	med	kjv	4	0.321	G2962,3004,3686,3726
ACT 19:13	AMO 6:11	med	kjv	4	0.315	G2962,3004,3686,3687
ACT 19:14	1MA 14:41	high	kjv	3	0.474	G0749,1510,2453
ACT 19:15	EZK 11:5	high	kjv	3	0.522	G1987,3004,4151
ACT 19:15	JOS 7:20	med	kjv	3	0.426	G0611,2424,3004
ACT 19:15	JOS 14:6	med	kjv	3	0.41	G1987,2424,3004
ACT 19:17	JOS 11:7	med	kjv	3	0.38	G1968,2424,3956
ACT 19:17	JOS 2:9	med	kjv	3	0.353	G1968,2962,5401
ACT 19:17	JOS 6:27	med	kjv	4	0.333	G2424,2962,3686,3956
ACT 19:21	1MA 8:19	med	kjv	3	0.437	G3004,4198,4516
ACT 19:21	EZK 16:6	med	kjv	3	0.322	G1330,3004,3708
ACT 19:21	PSA 104:20	med	kjv	3	0.317	G1096,1330,5087
ACT 19:26	DEU 32:37	med	kjv	4	0.34	G1510,2316,3004,3982
ACT 19:26	SIR 42:22	med	kjv	3	0.331	G1510,2334,3956
ACT 19:26	ISA 36:7	med	kjv	3	0.326	G2316,3004,3982
ACT 19:28	ISA 6:3	high	kjv	3	0.491	G2896,3004,4134
ACT 19:28	2SA 19:3	high	kjv	3	0.451	G2896,3004,3173
ACT 19:28	EXO 32:17	med	kjv	3	0.39	G0191,2896,3004
ACT 19:32	EXO 8:6	high	kjv	3	0.471	G0243,1492,1510
ACT 19:34	2SA 19:3	med	kjv	3	0.4	G2896,3173,5456
ACT 19:34	JER 48:3	med	kjv	3	0.342	G2896,3173,5456
ACT 19:34	DAN 6:21	med	kjv	3	0.332	G3173,5456,5613
ACT 19:35	1KI 20:13	med	kjv	3	0.311	G1097,3173,3793
ACT 20:2	1CH 7:22	med	kjv	3	0.312	G2064,3870,4183
ACT 20:10	BEL 1:24	med	kjv	3	0.33	G1510,3004,3361
ACT 20:19	SIR 2:1	med	kjv	3	0.39	G1398,2962,3986
ACT 20:21	ZEC 3:5	high	kjv	3	0.454	G1263,2424,2962
ACT 20:24	ZEC 3:5	med	kjv	3	0.329	G1263,2424,2962
ACT 20:26	TOB 3:14	med	kjv	3	0.301	G1510,2513,3956
ACT 20:27	2SA 15:31	med	kjv	3	0.339	G0312,1012,2316
ACT 20:28	1SA 25:16	med	kjv	3	0.332	G3956,4165,4168
ACT 20:28	1SA 15:15	med	kjv	3	0.32	G2316,4046,4168
ACT 20:31	PSA 42:3	high	kjv	4	0.456	G1144,1538,2250,3571
ACT 20:32	SIR 37:21	med	kjv	4	0.303	G1325,2962,3956,5485
ACT 20:33	ZEC 14:14	high	kjv	3	0.527	G0694,2441,5553
ACT 20:33	1MA 11:24	high	kjv	3	0.452	G0694,2441,5553
ACT 20:33	DEU 7:25	med	kjv	3	0.426	G0694,1937,5553
ACT 20:35	PSS 6:1	med	kjv	3	0.355	G2962,3107,3421
ACT 20:36	JER 42:20	med	kjv	3	0.415	G3004,3956,4336
ACT 20:37	GEN 46:29	high	kjv	3	0.502	G1968,2805,5137
ACT 21:4	DAN 10:12	med	kjv	3	0.309	G2250,3004,3361
ACT 21:8	ISA 8:17	med	kjv	3	0.333	G1510,3306,3624
ACT 21:8	2KI 7:9	med	kjv	4	0.328	G1510,1525,3306,3624
ACT 21:11	PSA 28:2	med	kjv	4	0.338	G0040,0142,1210,5495
ACT 21:11	2KI 1:8	med	kjv	4	0.33	G0435,1510,2223,3004
ACT 21:11	EZK 3:24	med	kjv	4	0.327	G2064,3004,4151,4228
ACT 21:13	1SA 20:32	high	kjv	3	0.519	G0599,0611,4160
ACT 21:13	JOS 7:20	med	kjv	4	0.434	G0611,2424,2962,4160
ACT 21:13	JOS 6:27	med	kjv	3	0.412	G2424,2962,3686
ACT 21:14	DAN 10:12	med	kjv	3	0.392	G2962,3004,3361
ACT 21:14	ISA 36:7	med	kjv	3	0.359	G2962,3004,3982
ACT 21:14	DEU 32:37	med	kjv	3	0.346	G2962,3004,3982
ACT 21:15	2SA 19:33	med	kjv	3	0.38	G0305,2250,2414
ACT 21:17	2MA 3:9	med	kjv	3	0.398	G0588,1096,2414
ACT 21:20	EXO 34:14	med	kjv	3	0.354	G1510,2207,2316
ACT 21:20	DEU 4:24	med	kjv	3	0.34	G1510,2207,2316
ACT 21:20	SIR 42:22	med	kjv	3	0.323	G1510,2334,3956
ACT 21:22	NEH 2:19	high	kjv	3	0.583	G0191,1510,2064
ACT 21:26	JOS 4:2	med	kjv	4	0.352	G0435,1520,1538,3880
ACT 21:27	2MA 3:3	med	kjv	3	0.323	G0773,1911,3956
ACT 21:29	4MA 4:7	med	kjv	3	0.361	G1510,2411,3543
ACT 21:37	ISA 48:6	med	kjv	3	0.384	G1097,3004,3195
ACT 21:38	EXO 6:7	med	kjv	3	0.359	G0124,1510,1806
ACT 21:39	JOB 32:14	med	kjv	3	0.404	G0444,2010,2980
ACT 21:39	EST 9:14	med	kjv	3	0.302	G2010,2453,4172
ACT 22:4	JOS 2:14	med	kjv	3	0.317	G0435,2288,3860
ACT 22:5	1MA 12:7	med	kjv	4	0.442	G0080,0749,1510,1992
ACT 22:5	GEN 43:2	med	kjv	3	0.312	G0080,1510,3140
ACT 22:7	EXO 18:24	med	kjv	3	0.375	G0191,3004,5456
ACT 22:7	DAN 10:9	med	kjv	3	0.372	G0191,4098,5456
ACT 22:8	JOS 7:20	high	kjv	4	0.577	G0611,2424,2962,3004
ACT 22:8	JOS 4:15	high	kjv	3	0.57	G2424,2962,3004
ACT 22:8	HAB 2:2	high	kjv	4	0.523	G0611,1377,2962,3004
ACT 22:9	DEU 5:28	med	kjv	3	0.41	G0191,2980,5456
ACT 22:9	JER 22:21	med	kjv	3	0.344	G0191,2980,5456
ACT 22:10	DEU 18:17	med	kjv	4	0.382	G2962,2980,3004,3956
ACT 22:10	HAG 1:5	med	kjv	3	0.374	G2962,3004,5021
ACT 22:10	JDG 13:11	med	kjv	4	0.372	G0450,2980,3004,4198
ACT 22:13	GEN 43:28	med	kjv	3	0.332	G0080,0308,3004
ACT 22:14	ISA 58:3	med	kjv	4	0.341	G1097,2307,3004,3708
ACT 22:14	1KI 5:8	med	kjv	3	0.339	G0191,2307,3004
ACT 22:15	JOB 36:25	high	kjv	4	0.571	G0444,1510,3708,3956
ACT 22:15	LEV 5:1	high	kjv	3	0.547	G0191,3144,3708
ACT 22:15	GEN 31:50	high	kjv	3	0.498	G1510,3144,3708
ACT 22:18	JOS 8:19	med	kjv	3	0.347	G1831,4692,5034
ACT 22:18	JOS 8:14	med	kjv	3	0.329	G1831,3708,4692
ACT 22:19	JER 25:8	med	kjv	3	0.385	G2962,3004,4100
ACT 22:19	NUM 20:12	med	kjv	4	0.333	G2962,3004,4100,4864
ACT 22:19	EZK 11:5	med	kjv	3	0.304	G1987,2962,3004
ACT 22:20	1KI 2:31	med	kjv	3	0.397	G0129,0337,1632
ACT 22:20	LEV 19:16	med	kjv	3	0.303	G0129,1510,2186
ACT 22:21	LEV 20:23	high	kjv	3	0.669	G1484,1821,4198
ACT 22:21	GEN 45:24	high	kjv	3	0.532	G1821,3004,4198
ACT 22:22	PSA 93:3	high	kjv	3	0.576	G0142,1869,5456
ACT 22:22	DEU 5:28	med	kjv	4	0.389	G0191,3004,3056,5456
ACT 22:22	JER 22:29	med	kjv	3	0.389	G0191,1093,3056
ACT 22:26	NUM 31:48	high	kjv	4	0.565	G1543,3004,4334,5506
ACT 22:26	EXO 18:25	med	kjv	3	0.423	G1543,4160,5506
ACT 22:26	2CH 1:2	med	kjv	3	0.409	G1543,3004,5506
ACT 22:27	NUM 31:48	med	kjv	3	0.442	G3004,4334,5506
ACT 22:27	1MA 8:1	med	kjv	3	0.413	G1510,4334,4514
ACT 22:29	NUM 14:9	med	kjv	3	0.309	G0868,1510,5399
ACT 23:5	1MA 12:7	med	kjv	3	0.313	G0080,0749,1510
ACT 23:8	BEL 1:24	med	kjv	3	0.354	G1510,3004,3361
ACT 23:9	EXO 11:6	med	kjv	3	0.304	G1096,2906,3173
ACT 23:10	JDG 7:10	med	kjv	3	0.327	G2597,3925,5399
ACT 23:11	JER 44:11	med	kjv	3	0.304	G2186,2962,3004
ACT 23:20	GEN 25:22	med	kjv	3	0.386	G3004,3195,4441
ACT 23:20	1SA 22:13	med	kjv	3	0.363	G2065,3004,4934
ACT 23:21	JOS 8:4	med	kjv	3	0.334	G1510,1748,2092
ACT 23:21	BEL 1:24	med	kjv	3	0.317	G1510,3361,4095
ACT 23:25	3MA 3:30	high	kjv	3	0.943	G1125,1992,5179
ACT 23:25	3MA 6:41	high	kjv	3	0.536	G1125,1992,2192
ACT 23:25	1MA 11:29	high	kjv	3	0.507	G1125,1992,2192
ACT 24:2	2MA 4:6	med	kjv	3	0.407	G1515,4307,5177
ACT 24:2	4MA 9:24	med	kjv	3	0.312	G1096,1484,4307
ACT 24:11	RUT 2:10	med	kjv	3	0.391	G1510,1921,4352
ACT 24:11	1SA 1:3	med	kjv	3	0.359	G0305,2250,4352
ACT 24:15	2MA 7:14	med	kjv	4	0.359	G0386,1510,1680,2316
ACT 24:15	JOB 5:16	med	kjv	3	0.345	G0094,1510,1680
ACT 24:17	TOB 1:3	med	kjv	3	0.373	G1484,1654,4160
ACT 24:19	2MA 10:24	med	kjv	3	0.399	G0773,2453,3918
ACT 24:20	1SA 26:18	high	kjv	3	0.49	G0092,2147,3004
ACT 24:24	JOS 9:8	med	kjv	3	0.312	G1510,2424,3854
ACT 25:1	NEH 2:11	high	kjv	3	0.56	G2250,2414,5140
ACT 25:1	EZR 8:32	high	kjv	3	0.476	G2250,2414,5140
ACT 25:1	2SA 19:33	med	kjv	3	0.397	G0305,2250,2414
ACT 25:2	1MA 13:42	med	kjv	3	0.4	G0749,2453,4413
ACT 25:6	JDT 10:2	med	kjv	3	0.386	G1304,2250,2597
ACT 25:15	1MA 13:36	med	kjv	3	0.364	G0749,2453,4245
ACT 25:15	2MA 3:32	med	kjv	3	0.324	G0749,1096,2453
ACT 25:20	GEN 24:5	med	kjv	3	0.349	G1014,3004,4198
ACT 25:24	BEL 1:24	med	kjv	3	0.332	G0935,2198,3361
ACT 25:26	2MA 11:10	med	kjv	3	0.412	G2192,2962,4254
ACT 26:3	1MA 10:89	med	kjv	3	0.398	G1485,1510,3956
ACT 26:10	1MA 10:32	med	kjv	3	0.316	G0749,1849,2414
ACT 26:13	ISA 60:3	high	kjv	4	0.757	G0935,2987,4198,5457
ACT 26:13	SIR 33:7	med	kjv	3	0.353	G2246,2250,5457
ACT 26:13	2CH 28:2	med	kjv	3	0.342	G0935,3598,4198
ACT 26:14	4MA 16:15	med	kjv	3	0.348	G1446,3004,5456
ACT 26:14	4MA 12:7	med	kjv	3	0.341	G1446,3004,5456
ACT 26:15	JOS 4:15	high	kjv	3	0.667	G2424,2962,3004
ACT 26:15	JOS 20:1	high	kjv	3	0.564	G2424,2962,3004
ACT 26:15	ISA 30:16	high	kjv	3	0.511	G1377,1510,3004
ACT 26:17	2CH 25:15	high	kjv	3	0.546	G0649,1807,2992
ACT 26:17	2CH 32:17	med	kjv	3	0.441	G1484,1807,2992
ACT 26:18	JOB 37:15	med	kjv	3	0.32	G2316,4655,5457
ACT 26:20	JER 18:8	med	kjv	4	0.356	G1484,1994,3340,3956
ACT 26:22	JDT 7:28	med	kjv	3	0.339	G2250,2316,3143
ACT 26:26	JOB 34:21	high	kjv	4	0.563	G1510,2990,3762,4238
ACT 26:29	NEH 4:4	med	kjv	3	0.394	G0191,1096,2316
ACT 26:31	JOB 34:21	med	kjv	3	0.39	G0444,3762,4238
ACT 26:31	NUM 16:24	med	kjv	3	0.35	G0402,2980,3004
ACT 26:31	JOB 33:27	med	kjv	3	0.341	G0444,0514,3004
ACT 26:32	JER 14:9	med	kjv	3	0.323	G0444,1410,1941
ACT 27:6	JON 1:3	med	kjv	3	0.388	G2147,4126,4143
ACT 27:8	GEN 28:19	med	kjv	4	0.398	G1510,2564,4172,5117
ACT 27:8	JER 19:6	med	kjv	3	0.352	G2064,2564,5117
ACT 27:8	NUM 13:19	med	kjv	3	0.345	G1510,2570,4172
ACT 27:10	WIS 14:1	med	kjv	3	0.42	G3195,4143,4144
ACT 27:20	1MA 6:57	med	kjv	3	0.31	G1945,2250,3641
ACT 27:23	JOB 1:6	high	kjv	3	0.46	G0032,2316,3936
ACT 27:23	JOB 2:1	med	kjv	3	0.437	G0032,2316,3936
ACT 27:23	EXO 12:31	med	kjv	3	0.407	G2316,3000,3571
ACT 27:24	DAN 10:12	med	kjv	4	0.405	G2316,3004,3361,5399
ACT 27:25	JOS 1:17	med	kjv	3	0.429	G1510,2316,5158
ACT 27:25	NUM 14:28	med	kjv	3	0.423	G1510,2980,5158
ACT 27:35	JDT 8:25	high	kjv	3	0.498	G2168,2316,3956
ACT 27:35	4MA 9:14	high	kjv	3	0.497	G2806,3004,3956
ACT 27:35	1KI 13:15	med	kjv	3	0.433	G0740,2068,3004
ACT 27:38	JON 1:5	med	kjv	3	0.381	G2281,2893,4143
ACT 27:44	EZK 27:29	med	kjv	3	0.354	G1093,3956,4143
ACT 28:6	2MA 12:44	med	kjv	3	0.317	G1510,3498,4328
ACT 28:10	SIR 38:1	high	kjv	3	0.59	G5091,5092,5532
ACT 28:14	1CH 7:22	med	kjv	4	0.326	G0080,2064,2250,3870
ACT 28:19	2MA 6:7	med	kjv	3	0.351	G0315,2192,2453
ACT 28:21	GEN 14:13	high	kjv	3	0.476	G0080,0518,3854
ACT 28:21	2SA 15:13	med	kjv	3	0.364	G0518,3004,3854
ACT 28:21	1MA 5:10	med	kjv	3	0.361	G0080,1121,3004
ACT 28:23	EST 8:13	med	kjv	3	0.324	G0932,1620,2250
ACT 28:23	EXO 18:20	med	kjv	3	0.315	G1263,2316,3551
ACT 28:25	1KI 16:12	med	kjv	3	0.322	G2980,4396,4487
ACT 28:25	2KI 20:4	med	kjv	4	0.315	G1510,2268,3004,4487
ACT 28:25	2KI 20:14	med	kjv	4	0.314	G2268,2980,3004,4396
ACT 28:26	ISA 6:9	high	kjv	8	0.788	G0189,0191,0991,2992,3004,3708,4198,4920
ACT 28:26	JOB 42:5	med	kjv	3	0.394	G0189,0191,3708
ACT 28:26	PSA 94:7	med	kjv	3	0.358	G3004,3708,4920
ACT 28:27	ISA 6:10	high	kjv	9	0.696	G0191,1994,2390,2588,2992,3708,3775,3788,3975
ACT 28:27	ISA 33:15	med	kjv	5	0.431	G0191,2576,3708,3775,3788
ACT 28:27	JOB 13:1	med	kjv	4	0.428	G0191,3708,3775,3788
ACT 28:28	BAR 4:4	med	kjv	3	0.427	G1110,1510,2316
ACT 28:28	EXO 33:16	med	kjv	3	0.375	G1110,1484,1510
ACT 28:31	1ES 2:2	med	kjv	3	0.316	G0932,2784,2962
ROM 1:3	2SA 17:27	high	kjv	3	0.462	G1096,1138,5207
ROM 1:3	1KI 2:33	med	kjv	3	0.377	G1096,1138,4690
ROM 1:7	LEV 23:7	med	kjv	4	0.368	G0040,1510,2822,3956
ROM 1:7	NUM 28:25	med	kjv	4	0.359	G0040,1510,2822,3956
ROM 1:7	LEV 23:35	med	kjv	3	0.358	G0040,2822,3956
ROM 1:8	JDT 8:25	med	kjv	3	0.396	G2168,2316,3956
ROM 1:8	2MA 9:17	med	kjv	3	0.367	G2316,2605,3956
ROM 1:9	DAN 6:21	med	kjv	3	0.321	G2316,3000,5613
ROM 1:9	2SA 18:22	med	kjv	3	0.312	G1510,2098,5207
ROM 1:10	DAN 11:36	high	kjv	3	0.465	G2137,2307,2316
ROM 1:10	GEN 24:42	med	kjv	3	0.415	G2064,2137,2316
ROM 1:17	HAB 2:4	med	kjv	3	0.424	G1342,2198,4102
ROM 1:18	EZK 21:19	high	kjv	4	0.494	G0093,0601,0763,3956
ROM 1:18	1ES 4:37	med	kjv	4	0.322	G0093,0225,0444,3956
ROM 1:19	LJE 1:68	med	kjv	3	0.38	G1510,2316,5318
ROM 1:19	BAR 4:4	med	kjv	3	0.341	G1110,1510,2316
ROM 1:22	ISA 19:11	med	kjv	3	0.446	G1510,3471,4680
ROM 1:23	PSA 106:20	med	kjv	3	0.367	G0236,1391,3667
ROM 1:23	GEN 1:26	med	kjv	5	0.309	G0444,1504,2062,2316,4071
ROM 1:25	TOB 8:5	med	kjv	5	0.402	G0165,1510,2128,2316,2937
ROM 1:25	TOB 8:15	med	kjv	5	0.393	G0165,1510,2128,2316,2937
ROM 1:25	PSA 41:13	med	kjv	3	0.378	G0165,2128,2316
ROM 1:32	JOB 34:27	med	kjv	3	0.368	G1345,1921,2316
ROM 1:32	SIR 36:4	med	kjv	3	0.361	G1510,1921,2316
ROM 1:32	JDT 14:5	med	kjv	3	0.317	G1921,2288,4160
ROM 2:1	3MA 2:3	med	kjv	4	0.362	G1510,2919,3956,4238
ROM 2:1	JOB 34:21	med	kjv	3	0.345	G0444,1510,4238
ROM 2:2	JOB 9:2	high	kjv	3	0.538	G0225,1492,1510
ROM 2:2	SUS 1:22	high	kjv	3	0.462	G1492,1510,4238
ROM 2:3	PSS 15:8	med	kjv	3	0.411	G1628,2917,4160
ROM 2:3	LEV 18:5	med	kjv	4	0.341	G0444,2316,2917,4160
ROM 2:6	PSA 62:12	high	kjv	3	0.857	G0591,1538,2041
ROM 2:6	PRO 24:12	high	kjv	3	0.543	G0591,1538,2041
ROM 2:7	4MA 17:12	high	kjv	3	0.504	G0861,2222,5281
ROM 2:9	DEU 28:55	med	kjv	3	0.341	G2347,3956,4730
ROM 2:9	DEU 28:57	med	kjv	3	0.327	G2347,3956,4730
ROM 2:10	2MA 11:2	med	kjv	3	0.337	G1672,2453,3956
ROM 2:10	2MA 1:1	med	kjv	3	0.314	G0018,1515,2453
ROM 2:19	ISA 50:10	med	kjv	4	0.42	G1510,3982,4655,5457
ROM 2:19	AMO 5:18	med	kjv	3	0.401	G1510,4655,5457
ROM 2:19	ISA 42:16	med	kjv	3	0.388	G4655,5185,5457
ROM 2:24	ISA 52:5	high	kjv	3	0.592	G0987,1484,3686
ROM 2:24	DAN 3:96	high	kjv	3	0.516	G0987,1484,2316
ROM 2:26	PSA 105:45	med	kjv	3	0.439	G1345,3551,5442
ROM 2:28	GEN 17:13	high	kjv	3	0.526	G1510,4061,4561
ROM 3:4	PSA 51:4	med	kjv	4	0.439	G1344,2919,3056,3528
ROM 3:4	PSA 116:11	med	kjv	3	0.386	G0444,3956,5583
ROM 3:4	1ES 3:12	med	kjv	3	0.313	G1125,3528,3956
ROM 3:8	BEL 1:24	med	kjv	3	0.369	G1510,3004,3361
ROM 3:8	ISA 52:5	med	kjv	3	0.316	G0987,1510,3004
ROM 3:9	2MA 11:2	med	kjv	3	0.39	G1672,2453,3956
ROM 3:11	1CH 15:13	high	kjv	3	0.562	G1510,1567,2316
ROM 3:12	PSA 53:3	high	kjv	6	0.794	G0889,1510,1520,1578,3956,4160
ROM 3:12	PSA 14:3	med	kjv	7	0.41	G0889,1510,1520,1578,3956,4160,5544
ROM 3:12	PSA 14:1	med	kjv	4	0.326	G1510,1520,4160,5544
ROM 3:13	PSA 5:9	high	kjv	5	0.664	G0455,1100,1387,2995,5028
ROM 3:13	PSA 14:3	high	kjv	8	0.594	G0455,0785,1100,1387,2447,2995,5028,5491
ROM 3:13	PSA 140:3	high	kjv	4	0.594	G0785,1100,2447,5491
ROM 3:14	PSA 10:8	high	kjv	4	0.747	G0685,1073,4088,4750
ROM 3:14	PSA 14:3	med	kjv	4	0.42	G0685,1073,4088,4750
ROM 3:15	PRO 1:16	med	kjv	3	0.437	G0129,1632,4228
ROM 3:16	ISA 59:7	high	kjv	3	0.513	G3598,4938,5004
ROM 3:18	PSA 36:1	high	kjv	4	0.667	G1510,2316,3788,5401
ROM 3:19	EXO 4:16	med	kjv	3	0.359	G2316,2980,4750
ROM 3:20	SIR 39:19	med	kjv	3	0.336	G2041,3956,4561
ROM 3:22	1SA 26:23	med	kjv	3	0.403	G1343,4102,5547
ROM 3:22	GEN 15:6	med	kjv	3	0.4	G1343,2316,4100
ROM 4:1	SIR 44:19	med	kjv	3	0.31	G0011,2147,3962
ROM 4:3	GEN 15:6	high	kjv	4	0.746	G1343,2316,3049,4100
ROM 4:3	EXO 4:5	med	kjv	3	0.44	G0011,2316,4100
ROM 4:3	1MA 2:52	med	kjv	3	0.439	G0011,1343,3049
ROM 4:5	GEN 15:6	high	kjv	3	0.512	G1343,3049,4100
ROM 4:6	GEN 15:6	high	kjv	3	0.598	G1343,2316,3049
ROM 4:7	PSA 32:1	high	kjv	5	0.892	G0266,0458,0863,1943,3107
ROM 4:7	PSA 85:2	high	kjv	3	0.519	G0266,0458,0863
ROM 4:7	PSA 32:5	med	kjv	3	0.395	G0266,0458,0863
ROM 4:8	PSA 32:2	high	kjv	5	0.558	G0266,0435,2962,3049,3107
ROM 4:8	SIR 14:1	med	kjv	3	0.34	G0266,0435,3107
ROM 4:8	PSA 112:1	med	kjv	3	0.322	G0435,2962,3107
ROM 4:9	EXO 4:25	med	kjv	3	0.429	G0203,3004,4061
ROM 4:9	1MA 2:52	med	kjv	3	0.352	G0011,1343,3049
ROM 4:9	1SA 18:25	med	kjv	3	0.315	G0203,3004,3049
ROM 4:11	GEN 15:6	high	kjv	3	0.47	G1343,3049,4100
ROM 4:11	EXO 4:25	med	kjv	3	0.374	G0203,2983,4061
ROM 4:11	GEN 17:11	med	kjv	3	0.335	G0203,1510,4592
ROM 4:13	GEN 35:12	med	kjv	3	0.301	G0011,1510,4690
ROM 4:16	4MA 17:6	med	kjv	3	0.361	G0011,1510,3962
ROM 4:16	GEN 35:12	med	kjv	3	0.307	G0011,1510,4690
ROM 4:17	GEN 17:5	med	kjv	6	0.378	G1484,1510,2564,3962,4183,5087
ROM 4:18	ISA 23:3	med	kjv	3	0.315	G1484,4183,4690
ROM 4:19	TOB 10:10	med	kjv	3	0.32	G4564,4983,5225
ROM 4:21	ECC 8:11	high	kjv	3	0.561	G1510,4135,4160
ROM 5:1	4MA 16:22	high	kjv	3	0.562	G2192,2316,4102
ROM 5:1	1SA 26:23	med	kjv	3	0.376	G2962,4102,5547
ROM 5:1	JER 28:9	med	kjv	3	0.353	G1515,2962,4102
ROM 5:2	4MA 16:22	high	kjv	3	0.547	G2192,2316,4102
ROM 5:2	PSA 62:7	med	kjv	3	0.398	G1391,1680,2316
ROM 5:2	2MA 9:20	med	kjv	4	0.325	G1680,2192,2316,5485
ROM 5:5	ECC 9:1	med	kjv	4	0.331	G0026,1325,2316,2588
ROM 5:5	EZK 28:6	med	kjv	3	0.314	G1325,2316,2588
ROM 5:6	JOB 9:29	med	kjv	3	0.402	G0599,0765,1510
ROM 5:8	ISA 44:8	med	kjv	3	0.342	G1510,2089,2316
ROM 5:10	ISA 43:11	med	kjv	3	0.39	G1510,2316,4982
ROM 5:10	PSA 68:20	med	kjv	3	0.34	G2288,2316,4982
ROM 5:11	PSS 17:1	med	kjv	3	0.325	G2316,2744,2962
ROM 5:12	NUM 15:27	med	kjv	3	0.426	G0264,0266,1520
ROM 5:13	LEV 7:17	med	kjv	3	0.367	G0266,1510,3551
ROM 5:15	SIR 29:7	med	kjv	3	0.345	G1431,4183,5485
ROM 5:15	ECC 3:19	med	kjv	3	0.323	G0444,1520,4052
ROM 5:17	PRO 12:28	med	kjv	3	0.362	G1343,2222,2288
ROM 5:17	SIR 29:7	med	kjv	3	0.318	G1431,4183,5485
ROM 5:19	PSA 37:16	med	kjv	3	0.359	G0268,1342,4183
ROM 5:19	3MA 3:5	med	kjv	3	0.31	G0444,1342,2525
ROM 5:21	PRO 12:28	high	kjv	3	0.479	G1343,2222,2288
ROM 5:21	TOB 12:9	med	kjv	4	0.387	G0266,1343,2222,2288
ROM 5:21	1KI 14:16	med	kjv	3	0.319	G0266,2962,5485
ROM 6:4	SIR 48:5	med	kjv	3	0.402	G1453,2288,3498
ROM 6:9	SIR 48:5	high	kjv	3	0.494	G1453,2288,3498
ROM 6:11	1SA 26:16	med	kjv	3	0.358	G1510,2198,5547
ROM 6:14	LEV 7:17	high	kjv	3	0.456	G0266,1510,3551
ROM 6:14	SIR 4:21	med	kjv	3	0.409	G0266,1510,5485
ROM 6:15	SIR 5:4	med	kjv	3	0.413	G0264,1096,1510
ROM 6:17	1KI 14:16	med	kjv	3	0.378	G0266,3860,5485
ROM 6:22	PRO 10:16	med	kjv	3	0.312	G0266,2222,2590
ROM 6:23	JER 21:8	med	kjv	3	0.304	G2222,2288,2962
ROM 7:2	NUM 5:29	high	kjv	3	0.487	G1135,3551,5220
ROM 7:3	BEL 1:24	med	kjv	3	0.364	G1510,2198,3361
ROM 7:3	EZK 23:45	med	kjv	3	0.336	G0435,1510,3428
ROM 7:7	4MA 2:5	med	kjv	3	0.372	G1937,3004,3551
ROM 7:7	4MA 2:6	med	kjv	4	0.31	G1937,1939,3004,3551
ROM 7:7	DEU 12:20	med	kjv	3	0.307	G1937,1939,3004
ROM 7:10	2KI 8:10	high	kjv	3	0.491	G0599,2222,2288
ROM 7:12	NEH 9:14	med	kjv	3	0.426	G0040,1785,3551
ROM 7:14	LEV 7:17	med	kjv	3	0.351	G0266,1510,3551
ROM 7:18	2SA 15:26	med	kjv	3	0.338	G0018,1510,2309
ROM 7:19	2SA 15:26	high	kjv	3	0.556	G0018,2309,4160
ROM 7:19	1MA 16:17	med	kjv	3	0.432	G0018,2556,4160
ROM 7:21	TOB 12:7	med	kjv	4	0.317	G2147,2556,2570,4160
ROM 7:23	LEV 7:17	med	kjv	3	0.3	G0266,1510,3551
ROM 7:24	JOB 33:17	med	kjv	3	0.431	G0444,4506,4983
ROM 7:24	PSA 89:48	med	kjv	3	0.396	G0444,2288,4506
ROM 7:25	1KI 14:16	med	kjv	3	0.31	G0266,2962,5485
ROM 8:5	PSA 78:39	high	kjv	3	0.469	G1510,4151,4561
ROM 8:5	EZK 37:6	med	kjv	3	0.374	G1510,4151,4561
ROM 8:6	GEN 7:15	med	kjv	3	0.362	G2222,4151,4561
ROM 8:7	4MA 2:13	med	kjv	3	0.361	G1410,2189,3551
ROM 8:9	PSA 78:39	med	kjv	3	0.401	G1510,4151,4561
ROM 8:9	NUM 27:16	med	kjv	3	0.384	G2316,4151,4561
ROM 8:9	PSS 18:7	med	kjv	3	0.374	G2316,4151,5547
ROM 8:10	PSS 18:7	med	kjv	3	0.406	G1343,4151,5547
ROM 8:12	GEN 37:27	high	kjv	3	0.582	G0080,1510,4561
ROM 8:13	EZK 37:6	med	kjv	3	0.325	G2198,4151,4561
ROM 8:14	EZK 11:24	high	kjv	3	0.45	G0071,2316,4151
ROM 8:14	DEU 32:12	med	kjv	3	0.436	G0071,1510,2316
ROM 8:24	PSS 15:1	high	kjv	3	0.487	G1679,1680,4982
ROM 8:27	WIS 8:21	med	kjv	4	0.373	G1492,1793,2316,2588
ROM 8:28	LEV 23:7	med	kjv	3	0.322	G1510,2822,3956
ROM 8:28	NUM 28:25	med	kjv	3	0.314	G1510,2822,3956
ROM 8:29	1CH 2:25	high	kjv	4	0.516	G0080,1510,4416,5207
ROM 8:29	1CH 2:42	high	kjv	3	0.456	G0080,4416,5207
ROM 8:29	1CH 2:27	med	kjv	3	0.446	G1510,4416,5207
ROM 8:36	PSA 44:22	high	kjv	6	0.939	G2250,2289,3049,3650,4263,4967
ROM 8:36	PSA 140:2	med	kjv	3	0.419	G2250,3049,3650
ROM 8:36	JER 25:20	med	kjv	3	0.346	G2250,4263,4967
ROM 9:2	PRO 15:13	high	kjv	3	0.582	G1510,2588,3077
ROM 9:3	LEV 18:14	med	kjv	3	0.333	G0080,1510,4773
ROM 9:5	PSA 41:13	high	kjv	3	0.566	G0165,2128,2316
ROM 9:5	DAN 3:26	high	kjv	5	0.555	G0165,1510,2128,2316,3962
ROM 9:5	PSA 106:48	high	kjv	4	0.546	G0165,2128,2316,3956
ROM 9:7	GEN 35:12	high	kjv	4	0.753	G0011,1510,2464,4690
ROM 9:7	GEN 22:7	high	kjv	4	0.56	G0011,1510,2464,5043
ROM 9:7	GEN 17:19	high	kjv	4	0.535	G0011,2464,2564,4690
ROM 9:8	JOB 5:25	med	kjv	3	0.358	G1510,4690,5043
ROM 9:8	HOS 9:12	med	kjv	3	0.356	G1510,4561,5043
ROM 9:9	GEN 24:36	med	kjv	3	0.375	G1510,4564,5207
ROM 9:9	GEN 18:10	med	kjv	4	0.365	G1510,2540,4564,5207
ROM 9:9	JER 17:15	med	kjv	3	0.365	G1510,2064,3056
ROM 9:10	GEN 27:5	med	kjv	3	0.433	G2464,3962,4479
ROM 9:12	JDG 2:7	med	kjv	3	0.349	G1398,2041,3173
ROM 9:13	MAL 1:2	high	kjv	3	0.69	G0025,2269,2384
ROM 9:13	GEN 25:28	med	kjv	3	0.43	G0025,2269,2384
ROM 9:15	EXO 33:19	high	kjv	3	0.604	G1653,3004,3627
ROM 9:17	EXO 9:16	high	kjv	5	0.621	G1093,1229,1731,3686,3956
ROM 9:20	JOB 40:24	med	kjv	3	0.388	G1510,4110,4160
ROM 9:20	ISA 29:16	med	kjv	3	0.369	G4110,4111,4160
ROM 9:20	HAB 2:18	med	kjv	3	0.325	G4110,4111,4160
ROM 9:21	JER 18:6	high	kjv	3	0.478	G2763,4081,4160
ROM 9:21	SIR 33:13	med	kjv	3	0.386	G2763,4081,4160
ROM 9:21	ISA 45:9	med	kjv	4	0.379	G2192,2763,4081,4160
ROM 9:25	HOS 1:9	med	kjv	3	0.41	G2564,2992,3004
ROM 9:26	HOS 1:10	med	kjv	7	0.401	G1510,2198,2316,2564,2992,5117,5207
ROM 9:26	GEN 28:19	med	kjv	4	0.325	G1510,2316,2564,5117
ROM 9:26	HOS 1:9	med	kjv	3	0.324	G1510,2564,2992
ROM 9:27	HOS 1:10	high	kjv	6	0.484	G0285,0706,1510,2281,2474,5207
ROM 9:27	GEN 41:49	med	kjv	4	0.359	G0285,0706,1510,2281
ROM 9:27	JDT 2:20	med	kjv	3	0.358	G0285,0706,1510
ROM 9:28	ISA 10:23	high	kjv	4	0.684	G2962,3056,4160,4932
ROM 9:28	ISA 10:22	high	kjv	3	0.644	G3056,4931,4932
ROM 9:28	ISA 28:22	high	kjv	5	0.593	G1093,2962,4160,4931,4932
ROM 9:29	ISA 1:9	high	kjv	8	0.737	G1096,1116,1459,2962,3666,4519,4670,4690
ROM 9:29	ISA 39:5	med	kjv	3	0.387	G2268,2962,4519
ROM 9:29	AMO 4:11	med	kjv	4	0.366	G1096,1116,2962,4670
ROM 9:31	2SA 20:13	high	kjv	3	0.617	G1377,2474,5348
ROM 9:33	ISA 8:14	med	kjv	3	0.373	G3037,4073,4348
ROM 9:33	ISA 28:16	med	kjv	4	0.318	G2617,3037,4100,4622
ROM 10:1	PSA 69:13	med	kjv	3	0.401	G2107,2316,4991
ROM 10:2	HOS 4:6	med	kjv	3	0.357	G1922,2192,2316
ROM 10:5	BAR 2:2	high	kjv	4	0.474	G1125,3475,3551,4160
ROM 10:5	BAR 2:28	high	kjv	3	0.456	G1125,3475,3551
ROM 10:5	DEU 31:24	med	kjv	3	0.429	G1125,3475,3551
ROM 10:6	1SA 26:23	med	kjv	3	0.379	G1343,4102,5547
ROM 10:6	BEL 1:24	med	kjv	3	0.369	G1510,3004,3361
ROM 10:8	DEU 30:14	high	kjv	4	0.533	G1510,2588,4487,4750
ROM 10:8	JOB 22:22	med	kjv	3	0.448	G2588,4487,4750
ROM 10:8	GEN 30:34	med	kjv	3	0.405	G1510,3004,4487
ROM 10:10	PSA 71:15	med	kjv	3	0.381	G1343,4750,4991
ROM 10:12	DAN 11:2	med	kjv	3	0.35	G1672,3956,4147
ROM 10:12	2MA 11:2	med	kjv	3	0.305	G1672,2453,3956
ROM 10:13	LAM 3:55	high	kjv	3	0.794	G1941,2962,3686
ROM 10:13	2SA 22:4	high	kjv	3	0.745	G1941,2962,4982
ROM 10:13	JER 14:9	high	kjv	4	0.654	G1941,2962,3686,4982
ROM 10:16	ISA 53:1	med	kjv	3	0.407	G0189,2962,4100
ROM 10:16	ISA 38:4	med	kjv	3	0.378	G2268,2962,3004
ROM 10:16	JER 25:8	med	kjv	3	0.347	G2962,3004,4100
ROM 10:18	PSA 19:4	high	kjv	7	0.968	G1093,1831,3625,3956,4009,4487,5353
ROM 10:18	ISA 34:1	med	kjv	3	0.353	G0191,1093,3625
ROM 10:18	PSA 67:7	med	kjv	3	0.346	G1093,3956,4009
ROM 10:19	DEU 32:21	high	kjv	4	0.72	G0801,1484,3863,3949
ROM 10:19	EZK 32:9	med	kjv	3	0.336	G1097,1484,3949
ROM 10:20	ISA 65:1	high	kjv	6	0.64	G1096,1717,1905,2147,2212,3004
ROM 10:20	ISA 38:4	med	kjv	3	0.395	G1096,2268,3004
ROM 10:21	ISA 65:2	high	kjv	7	0.821	G0483,0544,1600,2250,2992,3650,5495
ROM 10:21	LAM 3:3	med	kjv	3	0.359	G2250,3650,5495
ROM 10:21	ISA 8:11	med	kjv	4	0.337	G0544,2992,3004,5495
ROM 11:1	BEL 1:24	med	kjv	3	0.348	G1510,3004,3361
ROM 11:1	PSS 9:9	med	kjv	3	0.341	G0011,0683,4690
ROM 11:1	EZK 21:8	med	kjv	4	0.339	G0683,1510,3004,5443
ROM 11:3	1KI 19:10	high	kjv	9	0.774	G0615,2212,2379,2679,2962,3441,4396,5275,5590
ROM 11:3	1KI 19:14	high	kjv	8	0.59	G0615,2212,2379,2962,3441,4396,5275,5590
ROM 11:3	JER 5:10	high	kjv	3	0.489	G2679,2962,5275
ROM 11:4	1KI 19:18	med	kjv	4	0.448	G0435,0896,1119,2641
ROM 11:4	1CH 29:20	med	kjv	3	0.402	G1119,2578,3004
ROM 11:4	2KI 1:13	med	kjv	3	0.322	G1119,2578,3004
ROM 11:8	DEU 29:3	high	kjv	7	0.482	G0191,0991,1325,2250,2316,3775,3788
ROM 11:8	ISA 29:10	med	kjv	3	0.429	G2659,3788,4151
ROM 11:8	JER 5:21	med	kjv	4	0.394	G0191,0991,3775,3788
ROM 11:9	PSA 69:22	high	kjv	4	0.61	G1096,3803,4625,5132
ROM 11:9	WIS 14:11	med	kjv	3	0.322	G1096,3803,4625
ROM 11:10	PSA 69:23	high	kjv	4	0.743	G0991,3788,4654,4781
ROM 11:13	1KI 14:6	high	kjv	3	0.453	G0652,1510,3004
ROM 11:26	ISA 59:20	high	kjv	6	0.865	G0654,0763,2240,2384,4506,4622
ROM 11:26	EZK 14:6	med	kjv	4	0.439	G0654,0763,2474,3956
ROM 11:26	MIC 1:5	med	kjv	4	0.377	G0763,2384,2474,3956
ROM 11:27	SIR 47:11	high	kjv	3	0.595	G0266,0851,1242
ROM 11:33	PRO 30:3	med	kjv	3	0.323	G1108,2316,4678
ROM 11:34	ISA 40:13	high	kjv	5	1.0	G1096,1097,2962,3563,4825
ROM 11:36	PSA 72:19	high	kjv	3	0.533	G0165,1391,3956
ROM 11:36	ISA 60:21	high	kjv	3	0.518	G0165,1391,3956
ROM 12:1	WIS 4:10	med	kjv	3	0.394	G2101,2198,2316
ROM 12:3	DAN 10:12	med	kjv	4	0.309	G1325,2316,3004,3361
ROM 12:17	PRO 3:4	high	kjv	3	0.725	G0444,2570,4306
ROM 12:17	1ES 2:24	med	kjv	3	0.438	G0444,3367,4306
ROM 12:19	EZK 25:12	med	kjv	4	0.351	G1556,1557,2962,3004
ROM 12:19	SIR 5:3	med	kjv	3	0.349	G1556,2962,3004
ROM 12:19	DAN 10:12	med	kjv	4	0.345	G1325,2962,3004,3361
ROM 12:20	PRO 25:21	high	kjv	5	0.72	G1372,2190,3983,4222,5595
ROM 12:20	PRO 25:22	high	kjv	5	0.608	G0440,2776,4160,4442,4987
ROM 12:20	JOB 22:7	high	kjv	3	0.54	G1372,3983,4222
ROM 13:1	PSA 62:1	med	kjv	3	0.384	G2316,5293,5590
ROM 13:1	PSA 62:5	med	kjv	3	0.353	G2316,5293,5590
ROM 13:3	1MA 10:8	med	kjv	3	0.345	G1849,5399,5401
ROM 13:3	2SA 15:26	med	kjv	4	0.332	G0018,1510,2309,4160
ROM 13:6	EZR 7:24	med	kjv	4	0.356	G1510,2316,3011,5411
ROM 13:7	LEV 27:23	high	kjv	3	0.47	G0591,5056,5092
ROM 13:7	1MA 10:29	med	kjv	3	0.43	G3956,5092,5411
ROM 13:12	JOB 17:12	high	kjv	4	0.512	G2250,3571,4655,5457
ROM 13:12	GEN 1:5	med	kjv	4	0.432	G2250,3571,4655,5457
ROM 13:12	JOB 37:15	med	kjv	3	0.421	G2041,4655,5457
ROM 13:13	SIR 40:5	med	kjv	3	0.312	G2054,2205,2845
ROM 14:6	JDT 8:25	high	kjv	3	0.451	G2168,2316,2962
ROM 14:6	DAN 10:12	med	kjv	4	0.391	G2250,2316,2962,3361
ROM 14:7	ECC 9:5	high	kjv	3	0.486	G0599,2198,3762
ROM 14:8	PSA 118:17	high	kjv	3	0.604	G0599,2198,2962
ROM 14:8	1SA 19:6	high	kjv	3	0.593	G0599,2198,2962
ROM 14:8	GEN 45:28	high	kjv	3	0.562	G0599,1510,2198
ROM 14:9	ECC 9:5	med	kjv	3	0.362	G0599,2198,3498
ROM 14:10	DEU 18:7	med	kjv	4	0.356	G0080,2316,3936,3956
ROM 14:10	EXO 18:13	med	kjv	3	0.34	G2919,3936,3956
ROM 14:11	ISA 45:23	high	kjv	6	0.698	G1100,1119,1843,2316,2578,3956
ROM 14:11	1CH 29:20	high	kjv	6	0.536	G1119,2316,2578,2962,3004,3956
ROM 14:11	2KI 1:13	med	kjv	4	0.411	G1119,2316,2578,3004
ROM 14:12	JER 23:30	high	kjv	3	0.523	G1538,2316,3056
ROM 14:12	DEU 16:17	high	kjv	3	0.517	G1325,1538,2316
ROM 14:13	PSA 50:20	med	kjv	3	0.365	G0080,4625,5087
ROM 14:14	ISA 40:17	med	kjv	3	0.4	G1510,3049,3762
ROM 14:14	DEU 32:37	med	kjv	3	0.306	G1510,2962,3982
ROM 14:14	WIS 15:2	med	kjv	3	0.303	G1492,1510,3049
ROM 14:20	GEN 6:21	med	kjv	3	0.328	G1033,2068,3956
ROM 14:21	ISA 22:13	med	kjv	3	0.31	G2907,3631,4095
ROM 14:22	4MA 16:22	high	kjv	3	0.484	G2192,2316,4102
ROM 14:23	4MA 1:14	med	kjv	3	0.358	G1252,1510,3956
ROM 15:3	PSA 69:9	high	kjv	3	0.555	G1968,3679,3680
ROM 15:6	2SA 1:16	med	kjv	3	0.405	G2962,4750,5547
ROM 15:6	DAN 3:26	med	kjv	4	0.366	G1392,2316,2962,3962
ROM 15:9	2SA 22:50	high	kjv	4	0.737	G1484,1843,3686,5567
ROM 15:9	PSA 18:49	high	kjv	4	0.737	G1484,1843,3686,5567
ROM 15:9	PSA 57:9	high	kjv	3	0.658	G1484,1843,5567
ROM 15:10	1CH 16:31	high	kjv	3	0.52	G1484,2165,3004
ROM 15:10	JER 31:7	high	kjv	4	0.503	G1484,2165,2992,3004
ROM 15:11	PSA 117:1	high	kjv	6	1.0	G0134,1484,1867,2962,2992,3956
ROM 15:11	PSA 147:12	high	kjv	3	0.623	G0134,1867,2962
ROM 15:11	1CH 16:36	med	kjv	4	0.447	G0134,2962,2992,3956
ROM 15:12	ISA 11:10	high	kjv	7	0.734	G0450,0757,1484,1510,1679,2421,4491
ROM 15:12	PSA 31:14	med	kjv	3	0.369	G1510,1679,3004
ROM 15:12	PSA 91:2	med	kjv	3	0.369	G1510,1679,3004
ROM 15:13	ECC 3:19	med	kjv	3	0.351	G3956,4052,4151
ROM 15:16	LEV 21:12	med	kjv	4	0.317	G0037,0040,2316,5547
ROM 15:21	ISA 52:15	high	kjv	4	0.55	G0191,0312,3708,4920
ROM 15:21	ISA 6:9	high	kjv	3	0.454	G0191,3708,4920
ROM 15:33	ISA 26:12	high	kjv	3	0.682	G1515,2316,3956
ROM 16:4	SIR 51:26	med	kjv	3	0.447	G5137,5294,5590
ROM 16:7	1KI 14:6	med	kjv	3	0.371	G0652,1096,1510
ROM 16:18	JOB 36:5	med	kjv	3	0.347	G0172,2588,2962
ROM 16:20	JDG 2:23	med	kjv	3	0.408	G2424,2962,5034
ROM 16:20	JOS 8:18	med	kjv	3	0.303	G2424,2962,5034
ROM 16:27	SIR 49:12	med	kjv	3	0.375	G0165,1391,2424
1CO 1:2	LEV 21:12	med	kjv	5	0.437	G0037,0040,2316,2962,5547
1CO 1:2	LEV 23:7	med	kjv	4	0.408	G0040,1510,2822,3956
1CO 1:2	NUM 28:25	med	kjv	4	0.399	G0040,1510,2822,3956
1CO 1:3	2CH 6:42	med	kjv	3	0.346	G2316,2962,5547
1CO 1:9	2SA 23:1	med	kjv	5	0.377	G2316,2962,4103,5207,5547
1CO 1:10	EZR 5:9	med	kjv	3	0.374	G1106,2675,3004
1CO 1:10	EZR 5:3	med	kjv	3	0.33	G1106,2675,3004
1CO 1:10	BEL 1:24	med	kjv	3	0.321	G1510,3004,3361
1CO 1:12	1SA 24:6	high	kjv	3	0.466	G1510,3004,5547
1CO 1:18	ISA 43:11	med	kjv	3	0.411	G1510,2316,4982
1CO 1:18	PSA 54:1	med	kjv	3	0.364	G1411,2316,4982
1CO 1:19	ISA 29:14	high	kjv	5	0.617	G0622,4678,4680,4907,4908
1CO 1:19	DAN 2:21	med	kjv	3	0.402	G4678,4680,4907
1CO 1:19	OBA 1:8	med	kjv	3	0.4	G0622,4680,4907
1CO 1:24	PSS 18:7	med	kjv	3	0.313	G2316,4678,5547
1CO 1:25	NUM 13:18	high	kjv	3	0.519	G0772,1510,2478
1CO 1:25	JER 48:14	med	kjv	3	0.357	G0444,1510,2478
1CO 1:29	JER 32:27	med	kjv	3	0.312	G2316,3956,4561
1CO 1:30	PSS 18:7	med	kjv	4	0.351	G1343,2316,4678,5547
1CO 2:5	JOB 12:2	med	kjv	3	0.314	G0444,1510,4678
1CO 2:7	WIS 6:22	high	kjv	3	0.501	G0613,3466,4678
1CO 2:8	SIR 36:17	med	kjv	3	0.346	G0165,1097,2962
1CO 2:8	PSA 104:31	med	kjv	3	0.304	G0165,1391,2962
1CO 2:9	JOB 13:1	high	kjv	4	0.595	G0191,3708,3775,3788
1CO 2:9	BAR 2:31	high	kjv	4	0.467	G0191,2316,2588,3775
1CO 2:9	SIR 16:5	high	kjv	4	0.463	G0191,3708,3775,3788
1CO 2:11	ECC 3:21	med	kjv	3	0.345	G0444,1492,4151
1CO 2:11	WIS 15:16	med	kjv	4	0.323	G0444,2316,3762,4151
1CO 2:12	2MA 7:22	high	kjv	3	0.527	G1492,4151,5483
1CO 2:14	1SA 20:12	med	kjv	3	0.308	G0350,1510,2316
1CO 2:16	ISA 40:13	med	kjv	3	0.425	G1097,2962,3563
1CO 3:7	GEN 21:20	med	kjv	3	0.405	G0837,1510,2316
1CO 3:7	GEN 28:3	med	kjv	3	0.391	G0837,1510,2316
1CO 3:8	ECC 4:9	med	kjv	3	0.302	G1510,1520,3408
1CO 3:12	2CH 9:10	high	kjv	4	0.511	G3037,3586,5093,5553
1CO 3:12	1KI 7:9	med	kjv	3	0.449	G2310,3037,5093
1CO 3:12	1KI 10:11	med	kjv	4	0.446	G3037,3586,5093,5553
1CO 3:13	PRO 16:2	med	kjv	3	0.376	G2041,2250,5318
1CO 3:16	GEN 25:27	med	kjv	3	0.361	G1492,1510,3611
1CO 3:17	DAN 3:53	high	kjv	3	0.465	G0040,1510,3485
1CO 3:17	LEV 20:7	med	kjv	3	0.433	G0040,1510,2316
1CO 3:18	PRO 26:12	med	kjv	3	0.315	G1380,1510,4680
1CO 3:20	PSA 94:11	high	kjv	5	0.861	G1097,1261,1510,2962,3152
1CO 4:3	NUM 19:16	med	kjv	3	0.336	G0442,1510,2250
1CO 4:4	1SA 20:12	med	kjv	3	0.411	G0350,1510,2962
1CO 4:4	EZK 21:8	med	kjv	3	0.311	G1344,1510,2962
1CO 4:4	SIR 18:2	med	kjv	3	0.309	G1344,1510,2962
1CO 4:5	PSA 18:28	med	kjv	4	0.329	G2316,2962,4655,5461
1CO 4:19	ZEC 7:4	med	kjv	3	0.333	G1411,2962,3056
1CO 4:19	JER 17:15	med	kjv	3	0.327	G2064,2962,3056
1CO 4:19	JER 38:21	med	kjv	3	0.322	G2309,2962,3056
1CO 4:20	1MA 3:27	high	kjv	3	0.45	G0932,1411,3056
1CO 5:2	JOB 36:23	high	kjv	3	0.545	G1510,2041,4238
1CO 5:2	JOB 34:21	med	kjv	3	0.435	G1510,2041,4238
1CO 5:4	JOS 6:27	high	kjv	3	0.472	G2424,2962,3686
1CO 5:4	ISA 59:21	med	kjv	3	0.362	G1699,2962,4151
1CO 5:5	JER 48:8	med	kjv	3	0.439	G2962,3639,4982
1CO 5:5	EZK 14:16	med	kjv	3	0.428	G2962,3639,4982
1CO 5:5	NUM 27:16	med	kjv	3	0.36	G2962,4151,4561
1CO 5:7	EXO 13:7	med	kjv	3	0.362	G0106,1510,2219
1CO 6:5	1KI 3:9	med	kjv	3	0.352	G1252,1410,3319
1CO 6:11	LEV 21:12	med	kjv	4	0.354	G0037,2316,2962,5547
1CO 6:11	JOS 6:27	med	kjv	4	0.341	G1510,2424,2962,3686
1CO 6:11	PSA 28:8	med	kjv	3	0.303	G1510,2962,5547
1CO 6:13	EZK 23:35	med	kjv	3	0.349	G2962,4202,4983
1CO 6:14	SNG 2:7	high	kjv	3	0.555	G1411,1453,1825
1CO 6:14	SNG 3:5	high	kjv	3	0.555	G1411,1453,1825
1CO 6:14	SNG 8:4	high	kjv	3	0.555	G1411,1453,1825
1CO 6:16	JOB 41:24	med	kjv	3	0.437	G2853,4561,4983
1CO 6:16	SIR 19:2	med	kjv	3	0.372	G1510,2853,4204
1CO 6:17	JOB 41:17	high	kjv	3	0.829	G1520,2853,4151
1CO 6:18	EZK 16:15	med	kjv	4	0.405	G1510,3956,4202,4203
1CO 6:19	DAN 3:53	med	kjv	3	0.401	G0040,1510,3485
1CO 6:19	LEV 20:7	med	kjv	3	0.374	G0040,1510,2316
1CO 7:1	GEN 6:2	med	kjv	3	0.327	G0444,1135,2570
1CO 7:7	PSA 115:3	med	kjv	3	0.412	G2309,2316,3956
1CO 7:7	3MA 7:8	med	kjv	3	0.392	G1538,2398,3956
1CO 7:7	3MA 5:21	med	kjv	3	0.365	G1538,2398,3956
1CO 7:14	PRO 28:25	med	kjv	3	0.369	G0435,0571,1510
1CO 7:14	EXO 40:9	med	kjv	3	0.307	G0037,0040,1510
1CO 7:17	DAN 10:12	med	kjv	3	0.331	G2316,2962,3361
1CO 7:18	JOS 5:3	high	kjv	3	0.469	G0203,2564,4059
1CO 7:19	SIR 32:23	high	kjv	3	0.482	G1510,1785,5084
1CO 7:22	2CH 6:42	high	kjv	3	0.455	G1401,2962,5547
1CO 7:22	PSA 28:8	med	kjv	3	0.442	G1510,2962,5547
1CO 7:26	LJE 1:44	high	kjv	3	0.496	G1510,3543,5225
1CO 7:26	LJE 1:63	high	kjv	4	0.479	G0444,1510,3543,5225
1CO 7:26	4MA 5:16	med	kjv	3	0.363	G0318,1510,3543
1CO 7:39	DEU 21:14	med	kjv	3	0.304	G1510,1658,2309
1CO 7:40	ISA 30:18	med	kjv	4	0.317	G1510,2316,3107,3306
1CO 8:5	DEU 10:14	high	kjv	5	0.777	G1093,1510,2316,2962,3772
1CO 8:5	JER 10:11	high	kjv	4	0.578	G1093,2316,3004,3772
1CO 8:5	GEN 10:9	high	kjv	4	0.52	G1510,2316,2962,3004
1CO 8:6	2CH 6:42	med	kjv	3	0.404	G2316,2962,5547
1CO 8:6	JOS 6:27	med	kjv	3	0.404	G2424,2962,3956
1CO 9:4	1MA 11:58	high	kjv	3	0.532	G1849,2192,4095
1CO 9:7	PSA 107:37	med	kjv	3	0.328	G0290,2590,5452
1CO 9:8	EST 1:13	high	kjv	3	0.533	G2980,3004,3551
1CO 9:8	2SA 7:19	high	kjv	3	0.516	G0444,2980,3551
1CO 9:9	DEU 25:4	high	kjv	3	0.764	G0248,1016,5392
1CO 9:18	2SA 4:10	med	kjv	3	0.398	G1510,2097,2098
1CO 9:24	1SA 10:23	med	kjv	3	0.34	G2983,3956,5143
1CO 10:1	WIS 7:12	med	kjv	3	0.37	G0050,1510,3956
1CO 10:1	JOS 16:3	med	kjv	3	0.335	G1330,1510,2281
1CO 10:1	PSA 135:6	med	kjv	3	0.332	G2281,2309,3956
1CO 10:6	PRO 24:1	med	kjv	3	0.314	G1510,1937,2556
1CO 10:7	EXO 32:6	high	kjv	5	0.557	G0450,2523,2992,3815,4095
1CO 10:8	NUM 26:62	high	kjv	3	0.451	G1501,5140,5505
1CO 10:8	JDG 20:15	med	kjv	4	0.37	G1501,2250,5140,5505
1CO 10:8	NUM 3:43	med	kjv	3	0.351	G1501,5140,5505
1CO 10:16	JER 16:7	med	kjv	3	0.406	G0740,2806,4221
1CO 10:18	LEV 17:14	med	kjv	4	0.38	G1510,2068,2474,4561
1CO 10:18	LEV 17:11	med	kjv	3	0.364	G1510,2379,4561
1CO 10:20	BAR 4:7	high	kjv	3	0.556	G1140,2316,2380
1CO 10:20	DEU 32:17	med	kjv	3	0.402	G1140,2316,2380
1CO 10:21	JER 49:12	high	kjv	3	0.469	G2962,4095,4221
1CO 10:21	JER 25:28	med	kjv	3	0.368	G2962,4095,4221
1CO 10:21	ISA 51:17	med	kjv	3	0.315	G2962,4095,4221
1CO 10:26	EZK 30:12	high	kjv	3	0.603	G1093,2962,4138
1CO 10:26	PSA 24:1	high	kjv	3	0.556	G1093,2962,4138
1CO 10:28	BEL 1:24	med	kjv	4	0.366	G1510,2068,3004,3361
1CO 10:31	EXO 24:11	high	kjv	3	0.557	G2068,2316,4095
1CO 10:31	GEN 26:30	high	kjv	3	0.51	G2068,4095,4160
1CO 10:31	JDG 13:4	high	kjv	3	0.472	G2068,3956,4095
1CO 11:3	1SA 26:16	med	kjv	3	0.408	G1510,2776,5547
1CO 11:3	PSA 115:3	med	kjv	3	0.38	G2309,2316,3956
1CO 11:7	PSA 3:3	med	kjv	3	0.31	G1391,1510,2776
1CO 11:8	1KI 4:11	high	kjv	3	0.566	G0435,1135,1510
1CO 11:8	2SA 14:5	high	kjv	3	0.528	G0435,1135,1510
1CO 11:8	JDG 13:11	high	kjv	3	0.488	G0435,1135,1510
1CO 11:12	2KI 4:9	high	kjv	4	0.507	G0435,1135,2316,3956
1CO 11:22	BEL 1:24	high	kjv	4	0.453	G2068,3004,3361,4095
1CO 11:22	DAN 10:12	med	kjv	3	0.317	G2316,3004,3361
1CO 11:23	JOS 2:24	med	kjv	3	0.435	G2424,2962,3860
1CO 11:23	JDG 7:9	med	kjv	3	0.35	G2962,3571,3860
1CO 11:23	JOS 10:8	med	kjv	3	0.343	G2424,2962,3860
1CO 11:25	JER 49:12	med	kjv	4	0.413	G1510,3004,4095,4221
1CO 11:25	4MA 6:29	med	kjv	3	0.347	G0129,1699,4160
1CO 11:25	JER 25:28	med	kjv	4	0.324	G1510,3004,4095,4221
1CO 11:26	JER 49:12	high	kjv	3	0.484	G2962,4095,4221
1CO 11:26	1KI 13:19	med	kjv	3	0.395	G0740,2068,4095
1CO 11:26	JER 25:28	med	kjv	3	0.38	G2962,4095,4221
1CO 11:27	JER 49:12	high	kjv	4	0.524	G1510,2962,4095,4221
1CO 11:27	1KI 13:22	med	kjv	4	0.42	G0740,2068,4095,4983
1CO 11:27	1KI 13:19	med	kjv	3	0.412	G0740,2068,4095
1CO 11:28	1KI 13:19	high	kjv	3	0.472	G0740,2068,4095
1CO 11:28	2SA 12:3	med	kjv	4	0.421	G0740,2068,4095,4221
1CO 11:28	1KI 13:8	med	kjv	4	0.415	G0444,0740,2068,4095
1CO 11:29	BEL 1:24	high	kjv	3	0.545	G2068,3361,4095
1CO 11:29	1KI 13:22	med	kjv	3	0.308	G2068,4095,4983
1CO 11:32	SUS 1:53	med	kjv	3	0.304	G2632,2919,2962
1CO 12:2	DEU 28:37	med	kjv	3	0.3	G0520,1484,1510
1CO 12:3	JOS 20:1	med	kjv	4	0.353	G2424,2962,2980,3004
1CO 12:3	DAN 10:12	med	kjv	4	0.342	G2316,2962,3004,3361
1CO 12:3	JOS 7:13	med	kjv	5	0.33	G0331,1410,2316,2962,3004
1CO 12:6	ISA 41:4	med	kjv	3	0.362	G1510,1754,2316
1CO 12:6	WIS 16:17	med	kjv	3	0.3	G1510,1754,3956
1CO 12:8	PRO 2:6	high	kjv	3	0.568	G1108,1325,4678
1CO 12:8	ECC 1:17	high	kjv	3	0.536	G1108,4151,4678
1CO 12:8	ECC 2:26	high	kjv	4	0.478	G1108,1325,4151,4678
1CO 12:15	EZK 25:6	high	kjv	3	0.531	G3004,4228,5495
1CO 12:15	EXO 4:2	med	kjv	3	0.431	G1510,3004,5495
1CO 12:15	LEV 21:19	med	kjv	3	0.43	G1510,4228,5495
1CO 12:16	2CH 7:15	high	kjv	3	0.459	G1510,3775,3788
1CO 12:16	2CH 6:40	high	kjv	3	0.451	G1510,3775,3788
1CO 12:18	4MA 10:20	high	kjv	3	0.509	G2316,3196,4983
1CO 12:21	PSA 16:2	high	kjv	3	0.56	G2192,3004,5532
1CO 12:21	JOB 31:16	high	kjv	3	0.48	G2192,3788,5532
1CO 12:21	SIR 15:12	high	kjv	3	0.452	G2192,3004,5532
1CO 12:22	NUM 13:18	med	kjv	3	0.326	G0772,1510,4183
1CO 12:26	EZK 16:5	med	kjv	3	0.301	G1520,3956,3958
1CO 13:5	PSA 35:4	med	kjv	3	0.415	G2212,2556,3049
1CO 14:2	2SA 23:2	high	kjv	3	0.547	G1100,2980,4151
1CO 14:2	JOS 2:11	med	kjv	4	0.373	G0191,2316,3762,4151
1CO 14:2	WIS 15:16	med	kjv	4	0.346	G0444,2316,3762,4151
1CO 14:8	JER 50:42	med	kjv	3	0.35	G3903,4171,5456
1CO 14:8	1MA 5:31	med	kjv	3	0.325	G4171,4536,5456
1CO 14:9	2SA 23:2	med	kjv	3	0.318	G1100,2980,3056
1CO 14:18	JDT 8:25	high	kjv	3	0.656	G2168,2316,3956
1CO 14:19	2SA 23:2	med	kjv	3	0.338	G1100,2980,3056
1CO 14:21	ISA 28:11	high	kjv	4	0.604	G2087,2980,2992,5491
1CO 14:21	JOB 11:5	med	kjv	3	0.414	G2962,2980,5491
1CO 14:21	BAR 2:28	med	kjv	4	0.402	G1125,2980,3004,3551
1CO 14:25	DEU 29:28	high	kjv	3	0.55	G2316,2927,5318
1CO 14:25	2SA 14:33	med	kjv	4	0.405	G0518,4098,4352,4383
1CO 14:25	LJE 1:68	med	kjv	3	0.372	G1510,2316,5318
1CO 14:33	LEV 20:7	med	kjv	3	0.348	G0040,1510,2316
1CO 14:35	ZEC 4:4	med	kjv	3	0.343	G1510,1905,2980
1CO 14:35	2SA 14:18	med	kjv	3	0.322	G1135,1905,2980
1CO 14:37	SIR 36:4	high	kjv	3	0.461	G1510,1921,2962
1CO 14:37	GEN 38:15	med	kjv	3	0.427	G1380,1510,1921
1CO 14:37	MAL 2:4	med	kjv	4	0.395	G1510,1785,1921,2962
1CO 15:1	GEN 47:2	med	kjv	3	0.394	G0080,2476,3880
1CO 15:4	1CH 10:12	med	kjv	3	0.349	G1453,2250,2290
1CO 15:9	ECC 3:15	med	kjv	3	0.312	G1377,1510,2316
1CO 15:10	ISA 65:23	med	kjv	4	0.404	G1510,2316,2756,2872
1CO 15:10	ECC 1:10	med	kjv	3	0.383	G1096,1510,2756
1CO 15:10	SIR 41:27	med	kjv	3	0.338	G1510,3956,5485
1CO 15:12	MIC 3:5	med	kjv	3	0.319	G1453,2784,3004
1CO 15:13	ISA 26:19	med	kjv	3	0.327	G1453,1510,3498
1CO 15:19	DAN 10:11	med	kjv	3	0.438	G0444,1510,1652
1CO 15:19	DAN 10:19	med	kjv	3	0.397	G0444,1510,1652
1CO 15:22	GEN 5:5	med	kjv	3	0.418	G0076,0599,3956
1CO 15:24	1MA 10:6	med	kjv	3	0.351	G1411,1849,3860
1CO 15:25	JOB 33:11	high	kjv	3	0.477	G3956,4228,5087
1CO 15:25	PSA 110:1	med	kjv	3	0.408	G2190,4228,5087
1CO 15:27	PSA 8:6	high	kjv	3	0.557	G3956,4228,5293
1CO 15:28	1CH 29:24	high	kjv	3	0.602	G3956,5207,5293
1CO 15:31	NEH 12:7	med	kjv	3	0.313	G0080,2250,2424
1CO 15:39	SIR 40:8	med	kjv	4	0.418	G0444,2934,3956,4561
1CO 15:41	JOL 3:15	high	kjv	3	0.54	G0792,2246,4582
1CO 15:41	ECC 12:2	med	kjv	3	0.448	G0792,2246,4582
1CO 15:41	ISA 13:10	med	kjv	3	0.447	G0792,2246,4582
1CO 15:45	JOB 12:10	med	kjv	4	0.436	G0444,2198,4151,5590
1CO 15:45	2CH 16:11	med	kjv	3	0.394	G1125,2078,4413
1CO 15:45	2CH 35:27	med	kjv	3	0.394	G1125,2078,4413
1CO 15:47	PSA 115:16	high	kjv	3	0.523	G0444,1093,3772
1CO 15:47	JDT 2:1	high	kjv	3	0.458	G1093,1208,4413
1CO 15:50	PSS 4:6	med	kjv	3	0.316	G2316,4561,5356
1CO 15:51	TOB 12:11	med	kjv	3	0.349	G3004,3466,3956
1CO 15:51	DAN 2:27	med	kjv	3	0.328	G3004,3466,3708
1CO 15:57	2MA 10:38	med	kjv	3	0.38	G1325,2962,3534
1CO 15:57	SIR 37:21	med	kjv	3	0.368	G1325,2962,5485
1CO 15:58	WIS 3:11	med	kjv	3	0.326	G2041,2756,2873
1CO 15:58	ECC 1:10	med	kjv	3	0.313	G1096,1510,2756
1CO 15:58	SIR 15:13	med	kjv	3	0.305	G0027,1510,2962
1CO 16:7	PSA 22:8	med	kjv	3	0.367	G1679,2309,2962
1CO 16:9	SIR 31:12	med	kjv	3	0.422	G0455,3173,4183
1CO 16:12	1CH 7:22	med	kjv	4	0.375	G0080,2064,3870,4183
1CO 16:15	1MA 13:3	med	kjv	4	0.319	G0040,0080,1492,3870
1CO 16:15	EZK 48:12	med	kjv	3	0.304	G0040,0536,1510
2CO 1:1	PSA 16:3	med	kjv	3	0.379	G0040,2307,3956
2CO 1:2	2CH 6:42	med	kjv	3	0.346	G2316,2962,5547
2CO 1:3	PSA 41:13	med	kjv	3	0.338	G2128,2316,2962
2CO 1:3	DAN 3:26	med	kjv	4	0.334	G2128,2316,2962,3962
2CO 1:3	PSA 106:48	med	kjv	4	0.331	G2128,2316,2962,3956
2CO 1:4	PSA 77:2	med	kjv	3	0.386	G2316,2347,3870
2CO 1:4	PSA 25:22	med	kjv	3	0.352	G2316,2347,3956
2CO 1:9	SIR 48:5	high	kjv	3	0.47	G1453,2288,3498
2CO 1:9	DEU 32:37	med	kjv	3	0.357	G1510,2316,3982
2CO 1:14	SIR 36:4	med	kjv	3	0.449	G1510,1921,2962
2CO 1:14	SIR 9:16	med	kjv	3	0.442	G1510,2745,2962
2CO 1:14	DEU 26:19	med	kjv	3	0.43	G1510,2745,2962
2CO 1:17	JER 13:10	med	kjv	3	0.366	G1014,1510,5530
2CO 1:18	JER 42:5	high	kjv	3	0.524	G1510,3056,4103
2CO 2:3	PRO 14:13	med	kjv	3	0.416	G2064,3077,5479
2CO 2:3	ISA 66:10	med	kjv	3	0.359	G3956,5463,5479
2CO 2:9	DEU 20:11	high	kjv	3	0.534	G1510,3956,5255
2CO 2:12	ISA 45:1	med	kjv	4	0.385	G0455,2374,2962,5547
2CO 2:12	JOB 31:32	med	kjv	3	0.358	G0455,2064,2374
2CO 2:15	ISA 43:11	high	kjv	3	0.466	G1510,2316,4982
2CO 3:2	1MA 10:7	high	kjv	3	0.467	G0314,1992,3956
2CO 3:2	1ES 2:22	med	kjv	3	0.346	G0314,1510,1992
2CO 3:3	EZK 11:19	med	kjv	4	0.446	G2588,3035,4151,4560
2CO 3:3	EZK 36:26	med	kjv	4	0.443	G2588,3035,4151,4560
2CO 3:9	PRO 8:18	med	kjv	3	0.325	G1343,1391,4183
2CO 3:12	2MA 9:22	med	kjv	3	0.357	G1680,2192,4183
2CO 3:16	EXO 34:34	high	kjv	3	0.61	G2571,2962,4014
2CO 3:16	JER 4:1	med	kjv	3	0.416	G1994,2962,4014
2CO 3:18	PSA 18:15	med	kjv	3	0.388	G0343,2962,4151
2CO 4:3	NUM 16:33	med	kjv	3	0.353	G0622,1510,2572
2CO 4:5	2CH 6:42	high	kjv	3	0.452	G1401,2962,5547
2CO 4:6	ISA 9:3	med	kjv	3	0.43	G2989,4655,5457
2CO 4:6	PSA 139:11	med	kjv	3	0.394	G3004,4655,5462
2CO 4:6	JOB 17:12	med	kjv	3	0.357	G4383,4655,5457
2CO 4:7	LEV 11:33	med	kjv	3	0.347	G1510,3749,4632
2CO 4:11	2SA 15:21	med	kjv	3	0.302	G2198,2222,2288
2CO 4:14	NUM 11:28	med	kjv	3	0.403	G2424,2962,3936
2CO 4:15	1ES 8:4	med	kjv	3	0.357	G1391,3956,5485
2CO 5:5	PSS 17:37	med	kjv	3	0.382	G2316,2716,4151
2CO 5:11	PSA 38:15	med	kjv	3	0.352	G1679,2316,2962
2CO 5:11	PSA 31:14	med	kjv	3	0.327	G1679,2316,2962
2CO 5:11	PSA 91:2	med	kjv	3	0.327	G1679,2316,2962
2CO 5:12	DAN 10:12	med	kjv	3	0.341	G1325,3361,4383
2CO 5:17	1SA 16:6	med	kjv	3	0.439	G1096,3708,5547
2CO 5:21	DAN 8:12	med	kjv	4	0.385	G0266,1096,1343,4160
2CO 6:2	ISA 49:8	high	kjv	7	0.532	G0997,1184,1873,2250,2540,3004,4991
2CO 6:2	1CH 21:28	med	kjv	3	0.421	G1873,2540,3708
2CO 6:2	PSA 69:13	med	kjv	3	0.31	G1873,2540,4991
2CO 6:4	DEU 28:55	med	kjv	3	0.323	G2347,3956,4730
2CO 6:4	DEU 28:57	med	kjv	3	0.309	G2347,3956,4730
2CO 6:4	DEU 28:53	med	kjv	3	0.306	G2316,2347,4730
2CO 6:7	2CH 23:10	high	kjv	3	0.532	G0710,1188,3696
2CO 6:7	GEN 24:49	high	kjv	3	0.512	G0710,1188,1343
2CO 6:7	PSA 45:4	high	kjv	3	0.463	G0225,1188,1343
2CO 6:10	PRO 13:7	high	kjv	4	0.557	G2192,3367,4148,4183
2CO 6:11	1SA 2:1	high	kjv	3	0.483	G2588,4115,4750
2CO 6:16	LEV 26:12	high	kjv	4	0.626	G1510,1704,2316,2992
2CO 6:16	JDT 7:10	med	kjv	3	0.366	G1510,1774,2992
2CO 6:16	JER 49:1	med	kjv	4	0.364	G1510,1774,2992,3004
2CO 6:17	EZK 22:19	high	kjv	4	0.463	G1523,2962,3004,3319
2CO 6:17	ISA 52:11	med	kjv	5	0.442	G0169,0873,1831,2962,3319
2CO 6:17	DAN 10:12	med	kjv	3	0.365	G2962,3004,3361
2CO 6:18	AMO 9:15	high	kjv	3	0.552	G2962,3004,3841
2CO 6:18	ZEC 8:1	high	kjv	3	0.552	G2962,3004,3841
2CO 6:18	ZEC 8:18	high	kjv	3	0.552	G2962,3004,3841
2CO 7:3	ISA 41:26	med	kjv	3	0.346	G1510,3004,4302
2CO 7:5	DEU 28:55	med	kjv	4	0.317	G2346,3762,3956,4561
2CO 7:10	PSA 74:12	med	kjv	3	0.356	G2038,2316,4991
2CO 7:13	ISA 66:10	med	kjv	3	0.357	G3956,5463,5479
2CO 8:1	GEN 43:13	med	kjv	4	0.443	G0080,1325,2316,5485
2CO 8:1	GEN 34:11	med	kjv	3	0.396	G0080,1325,5485
2CO 8:5	PSA 38:15	high	kjv	3	0.658	G1679,2316,2962
2CO 8:5	PSA 31:14	high	kjv	3	0.613	G1679,2316,2962
2CO 8:5	PSA 91:2	high	kjv	3	0.613	G1679,2316,2962
2CO 8:7	PSA 33:4	med	kjv	3	0.305	G3056,3956,4102
2CO 8:9	PSA 34:10	med	kjv	3	0.438	G2962,4145,4433
2CO 8:9	SIR 12:1	med	kjv	3	0.303	G1097,1510,5485
2CO 8:15	EXO 16:18	high	kjv	3	0.52	G1641,4121,4183
2CO 8:16	EZK 28:6	med	kjv	3	0.316	G1325,2316,2588
2CO 8:19	SIR 45:23	high	kjv	3	0.483	G1391,2962,4288
2CO 8:19	SIR 50:13	med	kjv	3	0.312	G1391,1577,2962
2CO 8:21	PRO 3:4	high	kjv	4	1.0	G0444,2570,2962,4306
2CO 8:21	GEN 2:18	med	kjv	3	0.371	G0444,2570,2962
2CO 9:3	BEL 1:24	med	kjv	3	0.312	G1510,3004,3361
2CO 9:7	PRO 22:8	med	kjv	3	0.372	G1395,2316,2431
2CO 9:9	PSA 112:9	high	kjv	6	0.775	G0165,1325,1343,3306,3993,4650
2CO 9:9	PSA 111:3	high	kjv	3	0.561	G0165,1343,3306
2CO 9:9	PSA 112:3	high	kjv	3	0.459	G0165,1343,3306
2CO 9:10	ISA 55:10	med	kjv	4	0.333	G0740,1035,4687,4690
2CO 9:10	GEN 47:24	med	kjv	3	0.3	G1035,1081,4690
2CO 9:12	PSA 34:9	med	kjv	3	0.421	G0040,1510,5303
2CO 10:4	EXO 23:24	med	kjv	3	0.444	G2316,2506,2507
2CO 10:6	ZEP 1:9	med	kjv	3	0.353	G1556,3956,4137
2CO 10:7	NUM 21:19	high	kjv	3	0.459	G0991,1510,4383
2CO 10:11	WIS 9:6	high	kjv	3	0.501	G0548,1510,3049
2CO 10:11	NEH 6:19	med	kjv	3	0.348	G1510,1992,3056
2CO 10:18	ZEC 11:13	med	kjv	3	0.357	G1384,1510,2962
2CO 11:7	PSA 75:7	med	kjv	3	0.389	G2316,5013,5312
2CO 11:7	ISA 40:9	med	kjv	3	0.349	G2097,2316,5312
2CO 11:9	JDG 18:10	med	kjv	3	0.347	G2064,3956,5303
2CO 11:16	BEL 1:24	med	kjv	3	0.369	G1510,3004,3361
2CO 11:16	PRO 26:12	med	kjv	3	0.328	G0878,1380,1510
2CO 11:22	GEN 35:12	med	kjv	3	0.415	G0011,1510,4690
2CO 11:27	DEU 28:48	high	kjv	3	0.463	G1132,1373,3042
2CO 11:31	PSA 41:13	high	kjv	4	0.546	G0165,2128,2316,2962
2CO 11:31	PSA 89:52	high	kjv	3	0.544	G0165,2128,2962
2CO 11:31	DAN 3:26	high	kjv	6	0.533	G0165,1510,2128,2316,2962,3962
2CO 12:2	DAN 4:16	med	kjv	3	0.406	G2094,3772,4983
2CO 12:4	1KI 12:15	med	kjv	3	0.362	G0191,2980,4487
2CO 12:4	1KI 13:26	med	kjv	3	0.36	G0191,0444,4487
2CO 12:11	1KI 14:6	med	kjv	3	0.37	G0652,1096,1510
2CO 12:12	DEU 11:3	med	kjv	3	0.353	G3956,4592,5059
2CO 12:12	PSA 135:9	med	kjv	3	0.326	G3956,4592,5059
2CO 12:19	JER 12:1	med	kjv	3	0.371	G0626,2980,3956
2CO 12:21	DAN 10:12	med	kjv	3	0.344	G2316,3361,5013
2CO 13:1	DEU 19:15	high	kjv	6	0.476	G2476,3144,3956,4487,4750,5140
2CO 13:1	2SA 14:3	med	kjv	3	0.396	G2064,4487,4750
2CO 13:1	SIR 39:17	med	kjv	4	0.387	G2476,3956,4487,4750
2CO 13:11	EZR 4:16	med	kjv	3	0.327	G1510,1515,2675
GAL 1:3	2CH 6:42	med	kjv	3	0.346	G2316,2962,5547
GAL 1:4	1KI 15:26	med	kjv	3	0.352	G0266,3962,4190
GAL 1:4	JER 25:5	med	kjv	4	0.327	G0165,1325,3962,4190
GAL 1:9	ISA 41:26	med	kjv	3	0.316	G1510,3004,4302
GAL 1:10	ISA 44:8	med	kjv	3	0.356	G1510,2089,2316
GAL 1:10	DEU 32:37	med	kjv	3	0.332	G1510,2316,3982
GAL 1:10	2CH 6:42	med	kjv	3	0.329	G1401,2316,5547
GAL 1:11	2SA 4:10	high	kjv	3	0.558	G1510,2097,2098
GAL 1:15	ISA 49:1	med	kjv	3	0.344	G2564,2836,3384
GAL 1:16	LEV 17:14	med	kjv	3	0.421	G0129,4561,5207
GAL 1:21	JDT 1:12	high	kjv	3	0.496	G2064,2791,4947
GAL 1:22	JDT 3:9	med	kjv	3	0.403	G1510,2449,4383
GAL 2:6	PRO 27:14	high	kjv	3	0.618	G1308,1380,3762
GAL 2:7	JDT 14:10	med	kjv	3	0.351	G0203,3708,4100
GAL 2:11	JDT 11:18	med	kjv	3	0.393	G0436,1510,2064
GAL 2:14	EST 8:17	med	kjv	3	0.373	G1484,2450,2453
GAL 2:16	SIR 45:4	med	kjv	3	0.316	G3956,4102,4561
GAL 2:17	PSA 10:16	med	kjv	4	0.355	G0266,0268,2147,2212
GAL 2:17	PSS 15:11	med	kjv	3	0.304	G0266,0268,2147
GAL 2:20	1SA 26:23	med	kjv	3	0.388	G3860,4102,5547
GAL 2:21	PSS 18:7	med	kjv	3	0.346	G1343,2316,5547
GAL 3:6	GEN 15:6	high	kjv	4	0.884	G1343,2316,3049,4100
GAL 3:6	EXO 4:5	high	kjv	3	0.521	G0011,2316,4100
GAL 3:6	1MA 2:52	high	kjv	3	0.521	G0011,1343,3049
GAL 3:8	GEN 18:18	high	kjv	4	0.489	G0011,1484,1757,3956
GAL 3:8	GEN 22:18	med	kjv	3	0.321	G1484,1757,3956
GAL 3:8	GEN 26:4	med	kjv	3	0.311	G1484,1757,3956
GAL 3:10	DEU 27:26	high	kjv	5	0.633	G1696,1944,3551,3956,4160
GAL 3:10	DEU 29:26	high	kjv	5	0.514	G0975,1125,2671,3551,3956
GAL 3:10	DEU 31:24	med	kjv	4	0.374	G0975,1125,3551,3956
GAL 3:11	HAB 2:4	med	kjv	3	0.351	G1342,2198,4102
GAL 3:12	PSA 119:77	high	kjv	3	0.453	G1510,2198,3551
GAL 3:13	DEU 21:22	med	kjv	3	0.327	G1096,2910,3586
GAL 3:13	DEU 29:26	med	kjv	4	0.321	G1125,2671,3551,3956
GAL 3:13	EZK 15:3	med	kjv	3	0.309	G2910,3586,3956
GAL 3:16	GEN 35:12	med	kjv	3	0.306	G0011,1510,4690
GAL 3:21	DAN 10:12	med	kjv	3	0.349	G1325,2316,3361
GAL 3:28	LEV 27:7	med	kjv	3	0.378	G0730,1510,2338
GAL 3:28	LEV 27:6	med	kjv	3	0.356	G0730,1510,2338
GAL 3:28	LEV 27:5	med	kjv	3	0.356	G0730,1510,2338
GAL 3:29	GEN 35:12	med	kjv	3	0.344	G0011,1510,4690
GAL 4:3	WIS 7:17	med	kjv	3	0.424	G1510,2889,4747
GAL 4:6	BAR 3:1	med	kjv	3	0.339	G2316,2896,4151
GAL 4:6	ISA 65:14	med	kjv	3	0.308	G2588,2896,4151
GAL 4:7	PSS 8:11	high	kjv	3	0.691	G1510,2316,2818
GAL 4:7	1CH 17:26	med	kjv	3	0.358	G1401,1510,2316
GAL 4:10	2CH 8:13	med	kjv	4	0.347	G1763,2250,2540,3376
GAL 4:21	1KI 20:8	high	kjv	3	0.606	G0191,2309,3004
GAL 4:21	2SA 15:26	high	kjv	3	0.505	G1510,2309,3004
GAL 4:21	ISA 28:12	high	kjv	3	0.469	G0191,2309,3004
GAL 4:22	GEN 21:10	med	kjv	3	0.399	G0011,3814,5207
GAL 4:24	LEV 27:34	med	kjv	3	0.367	G1510,3735,4614
GAL 4:27	ISA 54:1	high	kjv	11	0.961	G0435,0994,2048,2165,2192,4183,4486,4723,5043,5088,5605
GAL 4:27	PSA 113:9	med	kjv	3	0.433	G2165,4723,5043
GAL 4:27	1SA 2:5	med	kjv	4	0.348	G4183,4723,5043,5088
GAL 4:28	GEN 22:7	med	kjv	3	0.363	G1510,2464,5043
GAL 4:28	GEN 27:37	med	kjv	3	0.334	G0080,2464,5043
GAL 4:30	GEN 21:10	high	kjv	5	0.481	G1544,2816,3004,3814,5207
GAL 4:30	JDG 11:2	med	kjv	4	0.305	G1544,2816,3004,5207
GAL 4:31	JER 34:16	high	kjv	3	0.521	G1510,1658,3814
GAL 5:2	1SA 16:6	high	kjv	3	0.473	G3004,3708,5547
GAL 5:2	1SA 12:5	med	kjv	3	0.389	G3004,3762,5547
GAL 5:3	PSA 119:97	med	kjv	3	0.351	G1510,3551,3650
GAL 5:3	GEN 34:22	med	kjv	4	0.348	G0444,1510,3956,4059
GAL 5:10	DEU 32:37	med	kjv	3	0.304	G1510,2962,3982
GAL 5:20	SIR 40:5	med	kjv	3	0.313	G2054,2205,2372
GAL 6:6	ECC 9:4	med	kjv	3	0.366	G0018,2841,3956
GAL 6:8	JON 2:6	high	kjv	3	0.566	G0166,2222,5356
GAL 6:8	PSS 4:6	med	kjv	3	0.416	G2222,4561,5356
GAL 6:8	GEN 7:15	med	kjv	3	0.327	G2222,4151,4561
GAL 6:10	SIR 22:23	med	kjv	3	0.319	G0018,2540,4102
GAL 6:11	EST 6:2	med	kjv	3	0.331	G1121,1125,5495
GAL 6:14	1SA 16:6	med	kjv	3	0.315	G1096,2962,5547
GAL 6:18	PSS 18:7	med	kjv	3	0.38	G2962,4151,5547
GAL 6:18	LAM 4:20	med	kjv	3	0.375	G2962,4151,5547
EPH 1:1	2SA 23:1	med	kjv	3	0.312	G2316,4103,5547
EPH 1:2	2CH 6:42	med	kjv	3	0.346	G2316,2962,5547
EPH 1:3	1CH 29:10	med	kjv	5	0.376	G2127,2128,2316,2962,3962
EPH 1:3	TOB 8:15	med	kjv	5	0.375	G2127,2128,2129,2316,3956
EPH 1:3	DAN 3:52	med	kjv	6	0.355	G2127,2128,2316,2962,3956,3962
EPH 1:6	PSA 84:11	med	kjv	3	0.36	G0025,1391,5485
EPH 1:10	PSA 96:11	med	kjv	3	0.376	G1093,3772,4138
EPH 1:10	PSA 89:11	med	kjv	3	0.37	G1093,3772,4138
EPH 1:13	1MA 13:7	med	kjv	3	0.317	G0191,3056,4151
EPH 1:15	2CH 31:18	med	kjv	3	0.381	G0040,3956,4102
EPH 1:16	JOB 14:13	med	kjv	3	0.381	G3417,3973,4160
EPH 1:16	ISA 32:10	med	kjv	3	0.377	G3417,3973,4160
EPH 1:17	PSS 18:7	med	kjv	5	0.357	G2316,2962,4151,4678,5547
EPH 1:17	PRO 2:5	med	kjv	3	0.356	G1922,2316,2962
EPH 1:17	HOS 4:1	med	kjv	3	0.31	G1922,2316,2962
EPH 1:18	PSA 19:8	med	kjv	3	0.304	G2588,3788,5461
EPH 1:19	DEU 8:17	med	kjv	3	0.405	G1411,2479,2904
EPH 1:22	PSA 8:6	high	kjv	3	0.576	G3956,4228,5293
EPH 2:3	1MA 3:60	med	kjv	3	0.346	G1510,2307,4160
EPH 2:3	1KI 5:10	med	kjv	3	0.304	G1510,2307,3956
EPH 2:4	2SA 12:2	high	kjv	3	0.458	G1510,4145,4183
EPH 2:4	RUT 3:10	med	kjv	3	0.365	G1656,2316,4145
EPH 2:5	GEN 47:25	med	kjv	3	0.361	G1510,4982,5485
EPH 2:8	PRO 15:27	high	kjv	3	0.493	G1435,4102,4982
EPH 2:8	ISA 43:11	high	kjv	3	0.478	G1510,2316,4982
EPH 2:8	GEN 47:25	med	kjv	3	0.443	G1510,4982,5485
EPH 2:10	ECC 12:14	med	kjv	3	0.328	G0018,2316,4161
EPH 2:10	PSA 64:9	med	kjv	3	0.303	G2041,2316,4161
EPH 2:11	EXO 4:25	med	kjv	3	0.404	G0203,3004,4061
EPH 2:15	JER 31:22	med	kjv	3	0.34	G0444,2537,2936
EPH 2:19	LEV 20:7	med	kjv	3	0.337	G0040,1510,2316
EPH 2:21	HAB 2:20	med	kjv	4	0.388	G0040,2962,3485,3956
EPH 3:2	GEN 43:13	med	kjv	3	0.317	G1325,2316,5485
EPH 3:9	SIR 18:1	med	kjv	3	0.378	G0165,2936,3956
EPH 3:11	2SA 22:51	med	kjv	3	0.39	G0165,4160,5547
EPH 3:11	PSA 18:50	med	kjv	3	0.39	G0165,4160,5547
EPH 3:14	1CH 29:20	high	kjv	3	0.717	G1119,2578,3962
EPH 3:15	DEU 10:14	med	kjv	3	0.412	G1093,3772,3956
EPH 3:16	1KI 3:13	med	kjv	3	0.397	G1325,1391,4149
EPH 3:16	PSA 68:34	med	kjv	3	0.383	G1325,1391,1411
EPH 3:18	1KI 6:2	med	kjv	3	0.38	G3372,4114,5311
EPH 3:18	2CH 3:4	med	kjv	3	0.38	G3372,4114,5311
EPH 3:18	EXO 25:10	med	kjv	3	0.377	G3372,4114,5311
EPH 3:19	PSA 73:11	med	kjv	3	0.332	G1097,1108,2316
EPH 3:21	DEU 23:4	high	kjv	3	0.519	G0165,1074,1577
EPH 3:21	SIR 49:12	med	kjv	3	0.372	G0165,1391,2424
EPH 4:6	WIS 9:1	med	kjv	3	0.433	G2316,3956,3962
EPH 4:7	1ES 3:5	high	kjv	4	0.457	G1325,1431,1520,1538
EPH 4:7	GEN 43:13	med	kjv	3	0.314	G1325,1520,5485
EPH 4:8	PSA 68:18	high	kjv	6	0.786	G0161,0162,0305,0444,1390,5311
EPH 4:8	EZK 12:3	med	kjv	3	0.408	G0161,0162,0444
EPH 4:9	DEU 28:43	med	kjv	3	0.351	G0305,1510,2597
EPH 4:10	PSA 139:8	high	kjv	4	0.537	G0305,1510,2597,3772
EPH 4:10	DEU 28:43	high	kjv	3	0.479	G0305,1510,2597
EPH 4:10	JOB 7:9	high	kjv	3	0.452	G0305,2597,3772
EPH 4:15	GEN 20:16	med	kjv	3	0.347	G0226,1510,3956
EPH 4:15	1SA 26:16	med	kjv	3	0.314	G1510,2776,5547
EPH 4:21	PSA 25:5	med	kjv	3	0.424	G0225,1321,1510
EPH 4:24	JER 31:22	med	kjv	3	0.393	G0444,2537,2936
EPH 4:28	PSA 16:2	high	kjv	3	0.474	G0018,2192,5532
EPH 4:29	2SA 15:3	med	kjv	3	0.307	G0018,0191,3056
EPH 4:30	1ES 9:52	med	kjv	3	0.347	G0040,2250,3076
EPH 4:30	DAN 10:12	med	kjv	3	0.337	G2250,2316,3361
EPH 4:31	DEU 29:23	med	kjv	3	0.303	G2372,3709,3956
EPH 5:2	NUM 29:11	med	kjv	3	0.445	G2175,2378,3744
EPH 5:2	NUM 29:6	med	kjv	3	0.39	G2175,2378,3744
EPH 5:2	JDT 16:16	med	kjv	3	0.374	G2175,2378,3744
EPH 5:8	AMO 5:18	med	kjv	4	0.395	G1510,2962,4655,5457
EPH 5:8	ISA 59:9	med	kjv	3	0.354	G4043,4655,5457
EPH 5:8	EZK 32:8	med	kjv	3	0.344	G2962,4655,5457
EPH 5:9	WIS 5:6	med	kjv	3	0.363	G0225,1343,5457
EPH 5:14	GEN 23:3	med	kjv	3	0.368	G0450,3004,3498
EPH 5:14	ISA 26:19	med	kjv	3	0.328	G0450,1453,3498
EPH 5:16	DAN 2:8	high	kjv	3	0.609	G1510,1805,2540
EPH 5:16	SIR 39:34	high	kjv	3	0.483	G1510,2540,4190
EPH 5:17	JER 9:25	med	kjv	3	0.368	G2307,2962,4920
EPH 5:19	PSA 67:title	high	kjv	3	0.631	G5215,5568,5603
EPH 5:19	PSA 144:9	high	kjv	3	0.605	G0103,5567,5603
EPH 5:19	PSA 76:title	high	kjv	3	0.575	G5215,5568,5603
EPH 5:20	JDT 8:25	high	kjv	5	0.63	G2168,2316,2962,3956,3962
EPH 5:20	JOS 6:27	med	kjv	4	0.432	G2424,2962,3686,3956
EPH 5:23	1SA 26:16	med	kjv	3	0.352	G1510,2776,5547
EPH 5:26	DEU 32:51	med	kjv	3	0.33	G0037,4487,5204
EPH 5:31	GEN 2:24	high	kjv	9	0.955	G0444,1135,1510,1520,2641,3384,3962,4347,4561
EPH 5:31	EZK 23:2	high	kjv	5	0.459	G0444,1135,1510,1520,3384
EPH 5:31	4MA 16:5	med	kjv	3	0.441	G1135,1510,3384
EPH 5:32	EZR 10:12	med	kjv	3	0.403	G1577,3004,3173
EPH 5:32	1KI 8:55	med	kjv	3	0.383	G1577,3004,3173
EPH 5:32	1SA 24:6	med	kjv	3	0.319	G1510,3004,5547
EPH 5:33	JOS 10:2	med	kjv	3	0.42	G0435,1520,5399
EPH 5:33	JOS 4:2	med	kjv	3	0.404	G0435,1520,1538
EPH 5:33	1KI 4:11	med	kjv	3	0.403	G0435,1135,1520
EPH 6:1	WIS 4:6	med	kjv	3	0.434	G1118,1510,5043
EPH 6:2	EXO 20:12	med	kjv	3	0.367	G3384,3962,5091
EPH 6:2	DEU 5:16	med	kjv	3	0.347	G3384,3962,5091
EPH 6:3	EXO 20:12	high	kjv	3	0.698	G1093,1096,3118
EPH 6:3	DEU 5:16	high	kjv	3	0.659	G1093,1096,3118
EPH 6:5	PSA 2:11	med	kjv	3	0.38	G2962,5156,5401
EPH 6:5	1CH 29:17	med	kjv	3	0.346	G0572,2588,2962
EPH 6:5	WIS 1:1	med	kjv	3	0.325	G0572,2588,2962
EPH 6:6	2CH 6:42	med	kjv	3	0.316	G1401,2316,5547
EPH 6:8	1CH 17:26	med	kjv	3	0.375	G0018,1401,2962
EPH 6:8	2SA 7:20	med	kjv	3	0.343	G1401,1492,2962
EPH 6:8	2SA 19:26	med	kjv	4	0.339	G0018,1401,2962,4160
EPH 6:9	ZEC 4:13	med	kjv	3	0.408	G1492,1510,2962
EPH 6:9	JOB 28:24	med	kjv	3	0.362	G1492,3772,4160
EPH 6:9	ISA 46:4	med	kjv	3	0.345	G0447,1510,4160
EPH 6:12	LEV 17:11	med	kjv	3	0.317	G0129,1510,4561
EPH 6:12	LEV 17:14	med	kjv	3	0.313	G0129,1510,4561
EPH 6:14	WIS 5:18	med	kjv	3	0.415	G1343,1746,2382
EPH 6:14	ISA 11:5	med	kjv	3	0.378	G0225,1343,3751
EPH 6:14	ISA 59:17	med	kjv	3	0.327	G1343,1746,2382
EPH 6:18	1KI 8:28	high	kjv	3	0.511	G1162,4335,4336
EPH 6:18	2CH 6:19	high	kjv	3	0.493	G1162,4335,4336
EPH 6:18	JER 11:14	high	kjv	4	0.489	G1162,2540,4335,4336
EPH 6:23	1SA 26:23	med	kjv	3	0.358	G2962,4102,5547
EPH 6:23	2CH 31:15	med	kjv	3	0.344	G0080,2424,4102
EPH 6:23	JER 28:9	med	kjv	3	0.336	G1515,2962,4102
PHP 1:1	JDG 9:28	med	kjv	3	0.304	G1401,1510,1985
PHP 1:2	2CH 6:42	med	kjv	3	0.346	G2316,2962,5547
PHP 1:3	JDT 8:25	high	kjv	3	0.609	G2168,2316,3956
PHP 1:3	DEU 7:18	med	kjv	3	0.425	G2316,3417,3956
PHP 1:14	ISA 36:7	med	kjv	3	0.415	G2316,2962,3982
PHP 1:14	DEU 32:37	med	kjv	3	0.4	G2316,2962,3982
PHP 1:14	SUS 1:35	med	kjv	3	0.37	G2316,2962,3982
PHP 1:23	EXO 26:3	med	kjv	3	0.403	G1510,2192,4912
PHP 1:30	2MA 14:18	med	kjv	3	0.391	G0073,0191,2192
PHP 2:9	PSA 97:9	high	kjv	3	0.483	G2316,3956,5251
PHP 2:9	DAN 3:52	med	kjv	4	0.423	G2316,3686,3956,5251
PHP 2:10	1CH 29:20	high	kjv	3	0.487	G1119,2578,3956
PHP 2:10	ISA 45:23	med	kjv	3	0.434	G1119,2578,3956
PHP 2:10	JOS 6:27	med	kjv	3	0.37	G2424,3686,3956
PHP 2:11	PSA 67:3	med	kjv	3	0.447	G1843,2316,3956
PHP 2:11	PSA 67:5	med	kjv	3	0.447	G1843,2316,3956
PHP 2:13	ISA 41:4	med	kjv	3	0.433	G1510,1754,2316
PHP 2:15	DEU 32:5	high	kjv	4	0.535	G1074,1294,4646,5043
PHP 2:16	DEU 32:47	med	kjv	3	0.32	G2222,2756,3056
PHP 2:27	EXO 22:20	med	kjv	3	0.435	G2288,2316,3441
PHP 2:29	ISA 55:12	med	kjv	3	0.36	G3956,4327,5479
PHP 2:30	JOB 33:22	med	kjv	3	0.328	G1448,2288,5590
PHP 3:3	GEN 17:13	med	kjv	3	0.407	G1510,4061,4561
PHP 3:3	DEU 32:37	med	kjv	3	0.314	G1510,2316,3982
PHP 3:5	JDG 21:15	med	kjv	3	0.351	G0958,2474,5443
PHP 3:9	4MA 16:22	high	kjv	3	0.462	G2192,2316,4102
PHP 3:9	1SA 26:23	med	kjv	3	0.377	G1343,4102,5547
PHP 3:12	LEV 4:5	high	kjv	3	0.484	G2983,5048,5547
PHP 3:19	PSS 2:5	med	kjv	3	0.37	G1391,2316,5056
PHP 3:21	WIS 18:22	med	kjv	3	0.351	G1753,4983,5293
PHP 4:5	PSA 86:5	high	kjv	3	0.65	G1933,2962,3956
PHP 4:5	JOB 12:9	med	kjv	3	0.326	G1097,2962,3956
PHP 4:5	PSA 144:3	med	kjv	3	0.317	G0444,1097,2962
PHP 4:6	PSA 61:1	med	kjv	3	0.314	G1162,2316,4335
PHP 4:6	PSA 55:1	med	kjv	3	0.302	G1162,2316,4335
PHP 4:9	JOB 5:27	high	kjv	3	0.513	G0191,1510,4238
PHP 4:9	ISA 32:4	med	kjv	3	0.361	G0191,1515,3129
PHP 4:11	SIR 11:24	high	kjv	3	0.665	G0842,1510,3004
PHP 4:11	SIR 5:1	high	kjv	3	0.547	G0842,1510,3004
PHP 4:12	TOB 4:16	med	kjv	3	0.349	G3956,3983,4052
PHP 4:18	NUM 29:11	med	kjv	4	0.417	G2175,2378,3744,3956
PHP 4:18	NUM 15:13	med	kjv	3	0.356	G2175,3744,3956
PHP 4:18	NUM 29:6	med	kjv	3	0.354	G2175,2378,3744
PHP 4:19	GEN 31:16	med	kjv	4	0.367	G1391,2316,3956,4149
PHP 4:20	DAN 3:52	high	kjv	4	0.517	G0165,1391,2316,3962
PHP 4:20	1ES 9:8	med	kjv	3	0.448	G1391,2316,3962
PHP 4:20	2CH 30:8	med	kjv	4	0.447	G0165,1391,2316,3962
PHP 4:23	PSS 18:7	med	kjv	3	0.401	G2962,4151,5547
PHP 4:23	LAM 4:20	med	kjv	3	0.395	G2962,4151,5547
COL 1:2	2SA 23:1	med	kjv	3	0.391	G2316,4103,5547
COL 1:2	LEV 21:12	med	kjv	3	0.365	G0040,2316,5547
COL 1:2	GEN 34:11	med	kjv	3	0.359	G0080,3962,5485
COL 1:3	JDT 8:25	high	kjv	4	0.583	G2168,2316,2962,3962
COL 1:4	2CH 31:18	med	kjv	3	0.323	G0040,3956,4102
COL 1:6	SIR 36:4	med	kjv	3	0.325	G1510,1921,2316
COL 1:9	2CH 9:12	med	kjv	3	0.314	G0154,2307,3956
COL 1:9	1KI 7:14	med	kjv	4	0.311	G1922,3956,4137,4907
COL 1:10	PRO 2:5	med	kjv	3	0.309	G1922,2316,2962
COL 1:15	GEN 1:2	med	kjv	3	0.378	G0517,1510,2316
COL 1:15	3MA 6:2	med	kjv	3	0.318	G2316,2937,3956
COL 1:16	GEN 1:1	med	kjv	3	0.343	G0746,1093,3772
COL 1:16	1ES 6:12	med	kjv	3	0.32	G1093,2936,3772
COL 1:16	GEN 14:19	med	kjv	3	0.307	G1093,2936,3772
COL 1:17	LEV 15:3	high	kjv	3	0.491	G1510,3956,4921
COL 1:19	PSA 98:7	high	kjv	3	0.547	G2730,3956,4138
COL 1:19	PSA 24:1	high	kjv	3	0.49	G2730,3956,4138
COL 1:19	JER 8:16	high	kjv	3	0.461	G2730,3956,4138
COL 1:20	DEU 10:14	med	kjv	3	0.34	G1093,3772,3956
COL 1:25	1MA 2:55	med	kjv	3	0.312	G1096,3056,4137
COL 1:25	JDG 17:5	med	kjv	3	0.301	G1096,2316,4137
COL 1:27	PSA 62:7	med	kjv	3	0.346	G1391,1680,2316
COL 1:27	GEN 31:16	med	kjv	4	0.315	G1391,1510,2316,4149
COL 1:28	WIS 9:6	med	kjv	3	0.307	G0444,4678,5046
COL 2:3	SIR 19:20	med	kjv	3	0.396	G1108,3956,4678
COL 2:3	ECC 1:17	med	kjv	3	0.391	G1108,1510,4678
COL 2:4	BEL 1:7	high	kjv	3	0.527	G3004,3367,3884
COL 2:9	PSA 98:7	high	kjv	3	0.668	G2730,3956,4138
COL 2:9	PSA 24:1	high	kjv	3	0.599	G2730,3956,4138
COL 2:9	JER 8:16	high	kjv	3	0.563	G2730,3956,4138
COL 2:11	GEN 17:13	high	kjv	3	0.668	G4059,4061,4561
COL 2:13	GEN 17:11	med	kjv	3	0.39	G0203,1510,4561
COL 2:13	GEN 17:25	med	kjv	3	0.389	G0203,1510,4561
COL 2:13	JDT 14:10	med	kjv	3	0.363	G0203,3956,4561
COL 2:16	1ES 5:51	med	kjv	3	0.366	G1859,3561,4521
COL 2:16	1CH 23:31	med	kjv	3	0.366	G1859,3561,4521
COL 2:16	EZK 45:17	med	kjv	3	0.356	G1859,3561,4521
COL 2:22	ISA 29:13	high	kjv	3	0.52	G0444,1319,1778
COL 3:8	JOB 37:2	med	kjv	3	0.353	G2372,3709,4750
COL 3:8	DEU 29:23	med	kjv	3	0.326	G2372,3709,3956
COL 3:13	2MA 3:33	med	kjv	3	0.386	G2192,2962,5483
COL 3:16	PSA 67:title	high	kjv	3	0.457	G5215,5568,5603
COL 3:16	PSA 76:title	med	kjv	3	0.417	G5215,5568,5603
COL 3:16	PSA 137:3	med	kjv	4	0.383	G0103,3056,5215,5603
COL 3:17	JDT 8:25	high	kjv	5	0.65	G2168,2316,2962,3956,3962
COL 3:17	JOS 6:27	med	kjv	4	0.445	G2424,2962,3686,3956
COL 3:17	LEV 23:28	med	kjv	5	0.379	G2041,2316,2962,3956,4160
COL 3:20	WIS 4:6	med	kjv	3	0.35	G1118,1510,5043
COL 3:22	DAN 10:12	med	kjv	3	0.351	G2962,3361,5399
COL 3:22	1CH 29:17	med	kjv	4	0.318	G0572,2588,2962,3956
COL 3:23	ISA 19:10	high	kjv	3	0.541	G2038,4160,5590
COL 4:1	JOB 31:6	med	kjv	3	0.363	G1342,1492,2962
COL 4:1	JOB 9:2	med	kjv	3	0.324	G1342,1492,2962
COL 4:3	ISA 45:1	med	kjv	4	0.368	G0455,2316,2374,5547
COL 4:3	DAN 9:20	med	kjv	4	0.341	G1210,2316,2980,4336
COL 4:3	1CH 17:25	med	kjv	3	0.331	G0455,2316,4336
COL 4:6	EXO 33:17	high	kjv	3	0.554	G1492,3056,5485
COL 4:6	1SA 20:3	med	kjv	3	0.414	G0611,1492,5485
COL 4:6	SIR 5:10	med	kjv	3	0.383	G1492,1520,3056
COL 4:9	SIR 15:13	med	kjv	3	0.411	G0027,1510,3956
COL 4:18	GEN 33:10	med	kjv	3	0.358	G1699,5485,5495
1TH 1:2	JDT 8:25	high	kjv	3	0.542	G2168,2316,3956
1TH 1:2	DEU 7:18	med	kjv	4	0.409	G2316,3417,3956,4160
1TH 1:3	PSA 71:5	med	kjv	3	0.389	G1680,2962,5281
1TH 1:3	JDT 13:19	med	kjv	3	0.347	G1680,2316,3421
1TH 1:4	1SA 14:3	med	kjv	3	0.318	G0080,1492,2316
1TH 1:5	ZEC 7:4	med	kjv	3	0.389	G1096,1411,3056
1TH 1:5	2SA 11:16	med	kjv	3	0.301	G1096,1411,1492
1TH 1:6	2CH 15:1	med	kjv	3	0.382	G1096,2962,4151
1TH 1:6	ZEC 1:6	med	kjv	4	0.348	G1209,2962,3056,4151
1TH 1:6	PRO 4:10	med	kjv	4	0.346	G1096,1209,3056,4183
1TH 1:7	SIR 19:15	med	kjv	3	0.371	G1096,3956,4100
1TH 1:8	4MA 16:22	med	kjv	3	0.425	G2192,2316,4102
1TH 1:8	PSA 16:2	med	kjv	3	0.366	G2192,2962,5532
1TH 1:8	DAN 10:12	med	kjv	3	0.321	G2316,2962,3361
1TH 1:9	TOB 14:6	med	kjv	3	0.351	G1497,1994,2316
1TH 1:9	2CH 24:18	med	kjv	3	0.338	G1398,1497,2316
1TH 1:9	MAL 3:18	med	kjv	3	0.318	G1398,1994,2316
1TH 2:4	PSA 139:23	med	kjv	3	0.372	G1381,2316,2588
1TH 2:7	1KI 14:6	med	kjv	3	0.36	G0652,1096,1510
1TH 2:10	ISA 43:10	high	kjv	4	0.481	G1096,2316,3144,4100
1TH 2:11	DEU 24:14	high	kjv	3	0.593	G1538,3962,5043
1TH 2:11	4MA 14:12	med	kjv	3	0.437	G1520,1538,5043
1TH 2:11	2CH 25:4	med	kjv	3	0.399	G1538,3962,5043
1TH 2:13	PRO 30:1	med	kjv	4	0.313	G1209,2316,3056,4100
1TH 2:14	2MA 14:14	med	kjv	4	0.402	G1510,2398,2449,2453
1TH 2:14	1ES 5:8	med	kjv	3	0.313	G2398,2424,2449
1TH 2:15	DEU 6:19	med	kjv	3	0.35	G1559,2962,3956
1TH 2:15	DAN 10:12	med	kjv	3	0.321	G2316,2962,3361
1TH 3:4	JOB 19:25	high	kjv	3	0.481	G1492,1510,3195
1TH 3:4	EXO 23:9	med	kjv	3	0.391	G1492,1510,2346
1TH 3:9	ISA 66:10	med	kjv	3	0.436	G3956,5463,5479
1TH 3:9	JON 4:6	med	kjv	3	0.331	G2316,5463,5479
1TH 3:10	PSA 74:16	med	kjv	3	0.43	G2250,2675,3571
1TH 3:11	PSS 6:2	high	kjv	4	0.61	G2316,2720,2962,3598
1TH 3:11	EZK 18:25	high	kjv	3	0.606	G2720,2962,3598
1TH 3:11	PSA 37:23	high	kjv	3	0.585	G2720,2962,3598
1TH 4:1	NUM 23:27	med	kjv	3	0.347	G0700,2316,3880
1TH 4:1	GEN 44:19	med	kjv	3	0.301	G0080,2065,2962
1TH 4:8	JDG 9:23	high	kjv	3	0.559	G0114,2316,4151
1TH 4:9	PSA 16:2	high	kjv	3	0.492	G1510,2192,5532
1TH 4:10	SIR 33:30	high	kjv	3	0.49	G3956,4052,4160
1TH 4:10	EZK 14:23	med	kjv	3	0.332	G3870,3956,4160
1TH 4:10	TOB 4:16	med	kjv	3	0.327	G3956,4052,4160
1TH 4:14	GEN 42:20	high	kjv	3	0.519	G0071,0599,4100
1TH 4:15	BEL 1:24	med	kjv	3	0.369	G2198,3004,3361
1TH 4:15	DAN 10:12	med	kjv	3	0.302	G2962,3004,3361
1TH 4:16	PSA 47:5	high	kjv	4	0.484	G2316,2962,4536,5456
1TH 4:16	2CH 15:14	med	kjv	3	0.394	G2962,4536,5456
1TH 4:16	PSA 115:17	med	kjv	3	0.381	G2597,2962,3498
1TH 5:1	1MA 13:15	med	kjv	3	0.395	G0080,2192,5532
1TH 5:2	JER 49:9	high	kjv	3	0.684	G2064,2812,3571
1TH 5:4	JOB 24:14	high	kjv	3	0.588	G1510,2812,4655
1TH 5:5	JOB 17:12	high	kjv	4	0.831	G2250,3571,4655,5457
1TH 5:5	GEN 1:5	high	kjv	4	0.701	G2250,3571,4655,5457
1TH 5:5	AMO 5:18	high	kjv	4	0.659	G1510,2250,4655,5457
1TH 5:8	1SA 17:5	high	kjv	3	0.499	G1746,2382,4030
1TH 5:8	EZK 38:4	high	kjv	3	0.482	G1746,2382,4030
1TH 5:8	JER 46:4	high	kjv	3	0.462	G1746,2382,4030
1TH 5:9	PSA 20:6	med	kjv	3	0.35	G2962,4991,5547
1TH 5:12	JOB 36:12	med	kjv	3	0.402	G1492,2962,3560
1TH 5:12	GEN 44:19	med	kjv	3	0.339	G0080,2065,2962
1TH 5:12	GEN 43:6	med	kjv	3	0.312	G0080,1492,2065
1TH 5:14	JOB 4:3	high	kjv	3	0.47	G0772,3560,3870
1TH 5:15	1MA 16:17	high	kjv	3	0.668	G0018,0591,2556
1TH 5:15	PRO 17:13	high	kjv	3	0.567	G0018,0591,2556
1TH 5:15	PSA 34:14	high	kjv	3	0.546	G0018,1377,2556
1TH 5:18	JDT 8:25	high	kjv	3	0.526	G2168,2316,3956
1TH 5:23	LEV 21:12	med	kjv	4	0.306	G0037,2316,2962,5547
1TH 5:27	1MA 10:7	high	kjv	3	0.567	G0314,1992,3956
1TH 5:27	1ES 4:61	med	kjv	3	0.385	G0080,1992,3956
2TH 1:2	2CH 6:42	med	kjv	3	0.346	G2316,2962,5547
2TH 1:3	JDT 8:25	med	kjv	3	0.377	G2168,2316,3956
2TH 1:8	ISA 66:15	med	kjv	4	0.358	G1557,2962,4442,5395
2TH 1:8	PSA 29:7	med	kjv	3	0.354	G2962,4442,5395
2TH 1:8	EZK 30:14	med	kjv	3	0.332	G1325,1557,4442
2TH 1:10	PSA 89:7	med	kjv	3	0.436	G0040,1740,3956
2TH 1:12	ISA 45:25	med	kjv	3	0.43	G1740,2316,2962
2TH 1:12	JOS 6:27	med	kjv	3	0.401	G2424,2962,3686
2TH 2:1	GEN 44:19	med	kjv	3	0.303	G0080,2065,2962
2TH 2:9	DEU 28:46	med	kjv	3	0.416	G1510,4592,5059
2TH 2:9	DEU 11:3	med	kjv	3	0.37	G3956,4592,5059
2TH 2:9	WIS 13:4	med	kjv	3	0.354	G1411,1510,1753
2TH 2:10	1ES 4:37	med	kjv	4	0.335	G0093,0225,0622,3956
2TH 2:10	ECC 9:6	med	kjv	3	0.334	G0026,0622,3956
2TH 2:13	JDT 8:25	med	kjv	3	0.343	G2168,2316,2962
2TH 2:13	SIR 25:12	med	kjv	3	0.323	G0746,2962,4102
2TH 2:14	HAG 2:8	med	kjv	3	0.331	G1391,2962,4047
2TH 2:16	PSA 84:11	med	kjv	6	0.396	G0018,0025,1325,2316,2962,5485
2TH 2:16	JOB 6:8	med	kjv	3	0.337	G1325,1680,2962
2TH 2:16	JER 31:3	med	kjv	3	0.305	G0025,0166,2962
2TH 2:17	PSA 45:1	med	kjv	4	0.368	G0018,2041,2588,3056
2TH 3:2	PSA 140:1	med	kjv	3	0.393	G0444,4190,4506
2TH 3:3	ISA 22:25	med	kjv	3	0.443	G2962,4103,4741
2TH 3:5	2CH 12:14	med	kjv	3	0.357	G2588,2720,2962
2TH 3:5	2CH 20:33	med	kjv	4	0.354	G2316,2588,2720,2962
2TH 3:5	PRO 21:2	med	kjv	3	0.336	G2588,2720,2962
2TH 3:8	PSA 55:10	med	kjv	3	0.351	G2250,2873,3571
2TH 3:8	MIC 2:1	med	kjv	3	0.35	G2038,2250,2873
2TH 3:12	EZK 24:22	med	kjv	3	0.365	G0740,2068,3870
2TH 3:12	PSA 14:4	med	kjv	4	0.304	G0740,2038,2068,2962
2TH 3:16	ISA 26:12	high	kjv	4	0.569	G1325,1515,2962,3956
2TH 3:16	2SA 17:3	high	kjv	3	0.486	G1515,3956,5158
2TH 3:16	1MA 6:58	high	kjv	3	0.483	G1325,1515,3956
2TH 3:17	EZK 37:20	high	kjv	3	0.486	G1125,1510,5495
2TH 3:17	1MA 11:29	med	kjv	3	0.439	G1125,1992,3956
2TH 3:18	SIR 37:21	med	kjv	3	0.426	G2962,3956,5485
1TI 1:7	BEL 1:24	high	kjv	3	0.471	G1510,3004,3361
1TI 1:7	ISA 47:7	med	kjv	3	0.317	G1510,3004,3539
1TI 1:7	2SA 15:26	med	kjv	3	0.307	G1510,2309,3004
1TI 1:11	4MA 7:22	med	kjv	3	0.31	G2316,3107,4100
1TI 1:14	1SA 26:23	med	kjv	3	0.303	G2962,4102,5547
1TI 1:15	1SA 2:35	med	kjv	3	0.344	G3956,4103,5547
1TI 1:15	2SA 23:1	med	kjv	3	0.328	G3056,4103,5547
1TI 1:16	LEV 6:15	med	kjv	3	0.371	G0166,0537,5547
1TI 2:1	2CH 6:35	med	kjv	3	0.373	G1162,4160,4335
1TI 2:1	1KI 8:45	med	kjv	3	0.356	G1162,4160,4335
1TI 2:1	1KI 8:38	med	kjv	4	0.337	G0444,1162,3956,4335
1TI 2:4	NEH 9:33	med	kjv	3	0.391	G0225,2064,3956
1TI 2:4	PSA 12:1	med	kjv	3	0.388	G0225,0444,4982
1TI 2:8	1SA 2:25	med	kjv	3	0.345	G0435,1014,4336
1TI 2:9	SIR 50:9	med	kjv	3	0.346	G2885,4185,5553
1TI 2:12	1CH 22:9	med	kjv	3	0.322	G0435,1510,2271
1TI 3:1	PSA 145:13	med	kjv	3	0.379	G2041,3056,4103
1TI 3:15	JOB 9:2	med	kjv	3	0.374	G0225,1492,1510
1TI 4:4	3MA 5:11	med	kjv	3	0.341	G2570,2938,3956
1TI 4:9	PSA 145:13	med	kjv	3	0.405	G3056,3956,4103
1TI 4:9	JER 42:5	med	kjv	3	0.404	G3056,3956,4103
1TI 4:10	PSA 31:14	med	kjv	3	0.361	G1510,1679,2316
1TI 4:10	PSA 91:2	med	kjv	3	0.361	G1510,1679,2316
1TI 4:10	ISA 45:15	med	kjv	3	0.361	G1510,2316,4990
1TI 5:1	GEN 19:31	med	kjv	3	0.362	G3501,3962,4245
1TI 5:1	GEN 44:20	med	kjv	4	0.36	G0080,3501,3962,4245
1TI 5:2	EZK 16:61	med	kjv	3	0.408	G0079,3501,4245
1TI 5:2	EZK 16:46	med	kjv	3	0.384	G0079,3501,4245
1TI 5:4	4MA 11:8	med	kjv	3	0.359	G1510,2151,2316
1TI 5:4	DEU 31:12	med	kjv	3	0.31	G1549,2316,3129
1TI 5:5	PSA 61:1	med	kjv	3	0.371	G1162,2316,4335
1TI 5:5	PSA 55:1	med	kjv	3	0.356	G1162,2316,4335
1TI 5:5	1KI 8:28	med	kjv	3	0.339	G1162,2316,4335
1TI 5:9	2SA 14:5	med	kjv	3	0.384	G0435,1135,5503
1TI 5:9	PSA 109:9	med	kjv	3	0.346	G1096,1135,5503
1TI 5:18	DEU 25:4	high	kjv	3	0.68	G0248,1016,5392
1TI 5:20	2KI 21:17	med	kjv	3	0.354	G0264,3062,3956
1TI 5:20	ISA 29:21	med	kjv	3	0.353	G0264,1651,3956
1TI 5:21	ZEC 3:5	high	kjv	3	0.617	G0032,1263,2424
1TI 5:21	DEU 32:46	med	kjv	3	0.381	G1263,4160,5442
1TI 5:21	1SA 26:16	med	kjv	3	0.322	G4160,5442,5547
1TI 5:24	JOB 9:32	med	kjv	3	0.324	G0444,1510,2920
1TI 5:25	TOB 12:11	med	kjv	3	0.348	G2041,2570,2928
1TI 5:25	TOB 12:7	med	kjv	3	0.322	G2041,2570,2928
1TI 6:5	4MA 5:18	med	kjv	4	0.355	G0225,1510,2150,3543
1TI 6:7	ISA 40:26	med	kjv	3	0.38	G1627,2889,3762
1TI 6:15	PRO 8:15	med	kjv	3	0.383	G0935,0936,1413
1TI 6:16	WIS 8:13	med	kjv	3	0.41	G0110,0166,2192
1TI 6:18	SIR 39:16	high	kjv	3	0.506	G1510,2041,2570
2TI 1:2	2CH 6:42	med	kjv	4	0.336	G1656,2316,2962,5547
2TI 1:13	TOB 10:6	med	kjv	3	0.428	G2192,3056,5198
2TI 1:13	TOB 5:21	med	kjv	3	0.408	G2192,3056,5198
2TI 1:18	PSA 85:7	high	kjv	3	0.471	G1325,1656,2962
2TI 1:18	SIR 18:28	high	kjv	3	0.454	G1097,1325,2147
2TI 1:18	EZK 39:22	med	kjv	3	0.425	G1097,2250,2962
2TI 2:2	ISA 8:2	med	kjv	3	0.389	G0444,3144,4103
2TI 2:2	JER 42:5	med	kjv	3	0.387	G1510,3144,4103
2TI 2:7	PRO 28:5	med	kjv	3	0.426	G2962,3539,3956
2TI 2:7	JER 10:21	med	kjv	3	0.422	G2962,3539,3956
2TI 2:8	2SA 22:51	med	kjv	3	0.316	G1138,4690,5547
2TI 2:8	PSA 18:50	med	kjv	3	0.316	G1138,4690,5547
2TI 2:14	PSA 50:7	med	kjv	3	0.354	G0191,1263,2316
2TI 2:15	ECC 8:2	med	kjv	3	0.317	G2316,3056,4704
2TI 2:19	JER 23:36	med	kjv	3	0.358	G1510,2962,3687
2TI 2:19	AMO 6:11	med	kjv	3	0.33	G2962,3686,3687
2TI 2:19	EXO 28:21	med	kjv	3	0.315	G1510,3686,4973
2TI 2:20	LEV 15:12	high	kjv	4	0.494	G1510,3585,3749,4632
2TI 2:20	LJE 1:29	high	kjv	3	0.459	G0693,3585,5552
2TI 2:20	1KI 15:15	med	kjv	3	0.406	G0693,4632,5552
2TI 2:21	JDG 7:4	med	kjv	3	0.319	G1510,1571,3956
2TI 2:24	2MA 12:36	high	kjv	3	0.498	G1510,2962,3164
2TI 2:24	JOS 9:18	high	kjv	3	0.453	G2962,3164,3956
2TI 2:25	HOS 4:1	high	kjv	3	0.478	G0225,1922,2316
2TI 3:17	WIS 8:4	high	kjv	3	0.669	G1510,2041,2316
2TI 3:17	LEV 23:28	high	kjv	4	0.572	G1510,2041,2316,3956
2TI 3:17	JER 16:20	high	kjv	3	0.503	G0444,1510,2316
2TI 4:3	2MA 1:10	med	kjv	3	0.348	G1320,1510,5198
2TI 4:8	2SA 22:25	med	kjv	3	0.32	G0591,1343,2962
2TI 4:8	PSA 11:7	med	kjv	4	0.311	G0025,1342,1343,2962
2TI 4:8	PRO 16:11	med	kjv	3	0.306	G1342,1343,2962
2TI 4:11	DEU 32:12	med	kjv	3	0.342	G0071,1510,3441
2TI 4:13	2KI 5:6	med	kjv	3	0.393	G0975,2064,5342
2TI 4:15	PRO 4:4	med	kjv	3	0.449	G2251,3056,5442
2TI 4:16	ISA 40:17	med	kjv	3	0.366	G3049,3762,3956
2TI 4:18	PSA 104:31	med	kjv	4	0.4	G0165,1391,2041,2962
2TI 4:18	PSA 6:4	med	kjv	3	0.34	G2962,4506,4982
2TI 4:18	PSA 7:1	med	kjv	4	0.328	G2962,3956,4506,4982
TIT 1:1	HOS 4:1	med	kjv	3	0.352	G0225,1922,2316
TIT 1:2	PSS 17:2	high	kjv	3	0.499	G1680,2222,5550
TIT 1:2	PRO 13:12	med	kjv	3	0.362	G1680,1861,2222
TIT 1:3	2CH 30:5	med	kjv	3	0.306	G2316,2782,3056
TIT 2:11	SIR 41:27	high	kjv	3	0.47	G0444,3956,5485
TIT 2:13	PSA 146:5	med	kjv	3	0.354	G1680,2316,3107
TIT 2:13	PSA 62:7	med	kjv	3	0.318	G1391,1680,2316
TIT 2:14	PSA 130:8	med	kjv	3	0.44	G0458,3084,3956
TIT 2:14	DEU 14:2	med	kjv	3	0.383	G2992,3956,4041
TIT 2:14	DEU 7:6	med	kjv	3	0.361	G2992,3956,4041
TIT 3:1	DAN 7:27	high	kjv	5	0.512	G0746,1849,3956,3980,5293
TIT 3:1	PSA 8:6	med	kjv	3	0.324	G2041,3956,5293
TIT 3:2	DAN 3:96	med	kjv	3	0.306	G0987,1510,3956
TIT 3:3	4MA 1:22	med	kjv	3	0.358	G1510,1939,2237
TIT 3:5	ISA 43:3	med	kjv	3	0.341	G0040,4160,4982
TIT 3:8	SIR 39:16	med	kjv	3	0.3	G1510,2041,2570
TIT 3:11	WIS 15:2	med	kjv	3	0.389	G0264,1492,1510
PHM 1:3	2CH 6:42	med	kjv	3	0.346	G2316,2962,5547
PHM 1:4	DEU 7:18	med	kjv	3	0.395	G2316,3417,4160
PHM 1:5	2CH 31:18	med	kjv	3	0.361	G0040,3956,4102
PHM 1:5	JOB 31:35	med	kjv	3	0.352	G0191,2192,2962
PHM 1:7	1MA 12:9	high	kjv	3	0.455	G0040,2192,3874
PHM 1:14	2SA 15:26	med	kjv	4	0.338	G0018,1510,2309,4160
PHM 1:25	PSS 18:7	med	kjv	3	0.401	G2962,4151,5547
PHM 1:25	LAM 4:20	med	kjv	3	0.395	G2962,4151,5547
HEB 1:1	DAN 9:6	high	kjv	3	0.508	G2980,3962,4396
HEB 1:2	SIR 7:36	med	kjv	3	0.412	G0165,2078,3956
HEB 1:2	JDG 18:31	med	kjv	4	0.361	G2250,3956,4160,5087
HEB 1:2	JOS 8:28	med	kjv	3	0.325	G0165,2250,5087
HEB 1:3	1CH 17:19	med	kjv	3	0.302	G3172,3956,4160
HEB 1:5	1CH 4:17	high	kjv	3	0.768	G1080,3962,5207
HEB 1:6	PSA 97:7	med	kjv	3	0.365	G0032,3956,4352
HEB 1:7	PSA 104:4	high	kjv	6	0.991	G0032,3011,4151,4160,4442,5395
HEB 1:7	EXO 3:2	med	kjv	3	0.401	G0032,4442,5395
HEB 1:7	DAN 3:49	med	kjv	3	0.377	G0032,4442,5395
HEB 1:8	PSA 45:6	high	kjv	6	0.987	G0165,0932,2118,2316,2362,4464
HEB 1:8	1MA 2:57	high	kjv	3	0.456	G0165,0932,2362
HEB 1:8	DAN 3:54	med	kjv	3	0.416	G0165,0932,2362
HEB 1:9	PSA 45:7	high	kjv	9	1.0	G0020,0025,0458,1343,1637,2316,3353,3404,5548
HEB 1:10	PSA 102:25	high	kjv	8	1.0	G0746,1093,1510,2041,2311,2962,3772,5495
HEB 1:10	PRO 8:23	high	kjv	3	0.694	G0746,1093,2311
HEB 1:10	GEN 1:1	high	kjv	3	0.56	G0746,1093,3772
HEB 1:11	PSA 102:26	high	kjv	5	0.659	G0622,1265,2440,3822,3956
HEB 1:11	SIR 14:17	high	kjv	3	0.473	G2440,3822,3956
HEB 1:11	ISA 50:9	med	kjv	3	0.406	G2440,3822,3956
HEB 1:12	PSA 102:26	high	kjv	4	0.727	G0236,1667,2440,4018
HEB 1:12	PSA 102:27	med	kjv	3	0.412	G1510,1587,2094
HEB 1:12	EXO 22:27	med	kjv	3	0.346	G1510,2440,4018
HEB 1:13	PSA 110:1	high	kjv	6	0.686	G1188,2190,2521,4228,5087,5286
HEB 1:14	1MA 11:58	med	kjv	3	0.416	G0649,1248,1510
HEB 2:2	JDG 2:4	med	kjv	5	0.329	G0032,1096,2980,3056,3956
HEB 2:2	EXO 20:1	med	kjv	3	0.304	G2980,3056,3956
HEB 2:6	EZK 16:2	high	kjv	3	0.457	G0444,1263,5207
HEB 2:6	EXO 3:16	med	kjv	3	0.402	G1980,3004,5207
HEB 2:6	EZK 20:4	med	kjv	3	0.398	G0444,1263,5207
HEB 2:7	PSA 8:5	high	kjv	5	1.0	G0032,1024,1391,4737,5092
HEB 2:8	PSA 8:6	med	kjv	3	0.427	G3956,4228,5293
HEB 2:9	PSA 8:5	high	kjv	5	0.737	G0032,1024,1391,4737,5092
HEB 2:10	EXO 29:35	med	kjv	3	0.314	G3956,5048,5207
HEB 2:12	PSA 22:22	high	kjv	5	0.775	G0080,1577,3319,3686,5214
HEB 2:13	DEU 32:37	high	kjv	3	0.608	G1510,2316,3982
HEB 2:13	GEN 44:34	high	kjv	3	0.46	G1510,3708,3813
HEB 2:13	ISA 32:3	med	kjv	3	0.448	G1325,1510,3982
HEB 2:15	LEV 20:9	med	kjv	3	0.416	G1510,1777,2288
HEB 2:15	GEN 26:11	med	kjv	4	0.401	G1510,1777,2288,3956
HEB 2:15	LEV 20:16	med	kjv	4	0.374	G1510,1777,2288,3956
HEB 2:17	PSA 79:9	med	kjv	3	0.308	G0266,2316,2433
HEB 2:17	4MA 16:19	med	kjv	3	0.308	G2316,3784,3956
HEB 3:2	NUM 12:7	high	kjv	5	0.805	G1510,3475,3624,3650,4103
HEB 3:2	ISA 22:23	med	kjv	3	0.411	G1510,3624,4103
HEB 3:2	1KI 11:38	med	kjv	4	0.376	G1510,3624,4103,4160
HEB 3:3	WIS 8:10	med	kjv	3	0.41	G1391,2192,5092
HEB 3:3	2MA 2:8	med	kjv	3	0.34	G0515,1391,3475
HEB 3:4	ISA 45:7	high	kjv	3	0.492	G2316,2680,3956
HEB 3:5	NUM 12:7	high	kjv	5	0.873	G2324,3475,3624,3650,4103
HEB 3:5	LEV 1:1	high	kjv	3	0.451	G2980,3142,3475
HEB 3:7	EXO 18:24	high	kjv	3	0.539	G0191,3004,5456
HEB 3:7	JOB 33:8	high	kjv	3	0.502	G0191,3004,5456
HEB 3:7	JER 30:5	high	kjv	3	0.487	G0191,3004,5456
HEB 3:8	PSA 95:8	high	kjv	6	0.809	G2048,2250,2588,3894,3986,4645
HEB 3:9	PSA 95:9	high	kjv	4	0.816	G1381,2041,3708,3962
HEB 3:10	PSA 95:10	high	kjv	8	0.917	G1074,1097,2094,2588,3004,3598,4105,4360
HEB 3:11	PSA 95:11	high	kjv	4	1.0	G1525,2663,3660,3709
HEB 3:12	2CH 29:6	med	kjv	3	0.302	G0868,2316,4190
HEB 3:15	PSA 95:8	high	kjv	5	0.682	G0191,2588,3894,4645,5456
HEB 3:16	NUM 33:1	med	kjv	3	0.411	G0125,1831,3475
HEB 3:16	NUM 26:4	med	kjv	3	0.399	G0125,1831,3475
HEB 3:17	NUM 14:32	high	kjv	3	0.738	G2048,2966,4098
HEB 3:17	NUM 14:33	high	kjv	3	0.458	G2048,2094,2966
HEB 3:17	NUM 14:29	med	kjv	3	0.449	G2048,2966,4098
HEB 3:18	PSA 95:11	high	kjv	3	0.598	G1525,2663,3660
HEB 4:2	2MA 15:39	med	kjv	4	0.345	G0189,1510,3056,4786
HEB 4:3	PSA 95:11	high	kjv	4	0.536	G1525,2663,3660,3709
HEB 4:4	GEN 2:2	high	kjv	6	0.524	G1442,2041,2250,2316,2664,3956
HEB 4:4	GEN 2:3	high	kjv	6	0.519	G1442,2041,2250,2316,2664,3956
HEB 4:4	EXO 20:11	med	kjv	4	0.381	G1442,2250,2664,3956
HEB 4:7	3MA 6:36	med	kjv	3	0.337	G2250,3724,4302
HEB 4:7	DAN 10:12	med	kjv	3	0.327	G2250,3004,3361
HEB 4:7	NUM 30:7	med	kjv	3	0.322	G0191,2250,3724
HEB 4:8	JOS 23:1	high	kjv	3	0.459	G2250,2424,2664
HEB 4:13	GEN 3:7	med	kjv	3	0.304	G1131,1510,3788
HEB 4:14	4MA 15:9	med	kjv	3	0.3	G2192,3173,5207
HEB 5:1	LEV 21:6	high	kjv	4	0.481	G1435,2316,2378,4374
HEB 5:1	LEV 9:15	med	kjv	4	0.446	G0266,1435,2983,4374
HEB 5:1	LEV 7:29	med	kjv	3	0.436	G1435,2378,4374
HEB 5:3	LEV 9:15	med	kjv	3	0.372	G0266,2992,4374
HEB 5:4	EXO 10:16	med	kjv	3	0.43	G0002,2316,2564
HEB 5:5	GEN 25:3	high	kjv	3	0.47	G1080,1096,5207
HEB 5:6	PSA 110:4	high	kjv	4	0.737	G0165,2409,3198,5010
HEB 5:7	PSA 145:19	med	kjv	3	0.301	G1162,1522,4982
HEB 5:11	NAM 1:12	med	kjv	3	0.422	G0189,3004,4183
HEB 5:11	EZK 6:1	med	kjv	3	0.347	G1096,3004,3056
HEB 5:11	EZK 7:1	med	kjv	3	0.347	G1096,3004,3056
HEB 5:12	1MA 13:15	med	kjv	3	0.312	G2192,3784,5532
HEB 5:13	NUM 14:23	med	kjv	3	0.305	G0552,1510,3956
HEB 6:5	TOB 7:12	med	kjv	3	0.367	G1089,2316,2570
HEB 6:5	ISA 40:8	med	kjv	3	0.333	G0165,2316,4487
HEB 6:10	LEV 19:12	med	kjv	4	0.365	G0040,0094,2316,3686
HEB 6:10	PSA 44:20	med	kjv	3	0.351	G1950,2316,3686
HEB 6:13	WIS 2:13	high	kjv	3	0.45	G1861,2192,2316
HEB 6:13	DEU 30:20	med	kjv	4	0.357	G0011,2192,2316,3660
HEB 6:13	DEU 6:10	med	kjv	4	0.356	G0011,2316,3173,3660
HEB 6:14	GEN 26:24	high	kjv	3	0.538	G2127,3004,4129
HEB 6:14	GEN 1:22	high	kjv	3	0.488	G2127,3004,4129
HEB 6:20	PSA 110:4	high	kjv	3	0.53	G0165,3198,5010
HEB 7:1	GEN 14:18	high	kjv	6	0.606	G0935,2316,2409,3198,4532,5310
HEB 7:2	EZR 4:7	med	kjv	3	0.395	G0935,1515,2059
HEB 7:5	NUM 18:1	med	kjv	3	0.322	G2405,2983,5207
HEB 7:5	NUM 3:17	med	kjv	3	0.32	G1510,3017,5207
HEB 7:5	2CH 6:9	med	kjv	3	0.314	G1831,3751,5207
HEB 7:7	DEU 21:5	high	kjv	3	0.504	G0485,2127,3956
HEB 7:8	JON 4:3	med	kjv	3	0.369	G0599,2198,2983
HEB 7:11	PSA 110:4	med	kjv	3	0.399	G2409,3198,5010
HEB 7:14	EXO 35:30	med	kjv	3	0.353	G2455,3475,5443
HEB 7:14	EXO 38:22	med	kjv	4	0.353	G2455,2962,3475,5443
HEB 7:14	EXO 14:1	med	kjv	3	0.332	G2962,2980,3475
HEB 7:15	GEN 14:18	med	kjv	3	0.313	G1510,2409,3198
HEB 7:17	PSA 110:4	high	kjv	4	0.684	G0165,2409,3198,5010
HEB 7:21	PSA 110:4	high	kjv	5	0.536	G0165,2409,2962,3338,3660
HEB 7:21	EZK 17:19	med	kjv	3	0.437	G2962,3004,3728
HEB 7:25	2CH 32:14	med	kjv	3	0.308	G1410,2316,4982
HEB 7:27	2MA 3:32	med	kjv	3	0.339	G0749,2192,2378
HEB 8:1	ZEC 6:13	med	kjv	3	0.344	G1188,2362,2523
HEB 8:2	NUM 24:6	med	kjv	3	0.385	G2962,4078,4633
HEB 8:2	1KI 17:24	med	kjv	3	0.361	G0228,0444,2962
HEB 8:3	LEV 21:6	med	kjv	3	0.401	G1435,2378,4374
HEB 8:3	LEV 7:29	med	kjv	3	0.387	G1435,2378,4374
HEB 8:3	LEV 7:19	med	kjv	3	0.386	G2378,3956,4374
HEB 8:4	LEV 27:11	high	kjv	3	0.589	G1435,2409,4374
HEB 8:4	LEV 21:8	high	kjv	3	0.578	G1435,1510,4374
HEB 8:4	LEV 7:19	high	kjv	3	0.531	G1510,2409,4374
HEB 8:5	EXO 25:40	high	kjv	5	0.482	G1166,3708,3735,4160,5179
HEB 8:5	EXO 25:9	med	kjv	5	0.306	G1166,3735,3956,4160,4633
HEB 8:7	PSA 37:36	med	kjv	3	0.359	G1510,2212,5117
HEB 8:8	JER 31:31	high	kjv	8	0.535	G1242,2064,2250,2455,2474,2537,2962,3624
HEB 8:8	JER 26:10	med	kjv	4	0.321	G2455,2537,2962,3624
HEB 8:9	JER 31:32	high	kjv	11	0.878	G0125,0272,1093,1242,1696,1806,1949,2250,2962,3962,5495
HEB 8:9	DEU 29:24	med	kjv	7	0.409	G0125,1093,1242,1806,2962,3004,3962
HEB 8:9	JER 4:17	med	kjv	3	0.403	G0272,2962,3004
HEB 8:10	JER 31:33	high	kjv	13	0.712	G1242,1271,1303,1325,1510,2250,2316,2474,2588,2962,2992,3551,3624
HEB 8:10	JOS 24:25	high	kjv	8	0.516	G1242,1303,1325,2250,2316,2474,2992,3551
HEB 8:10	DEU 5:2	high	kjv	4	0.498	G1242,1303,2316,2962
HEB 8:11	JER 31:34	high	kjv	10	0.611	G0080,1097,1321,1538,2962,3004,3173,3398,3956,4177
HEB 8:11	DAN 10:12	med	kjv	3	0.334	G2962,3004,3361
HEB 8:11	TOB 5:13	med	kjv	3	0.31	G0080,3004,3173
HEB 8:12	JER 31:34	med	kjv	5	0.364	G0093,0266,1510,2436,3403
HEB 8:12	JER 36:3	med	kjv	4	0.336	G0093,0266,1510,2436
HEB 8:12	JER 50:20	med	kjv	4	0.325	G0093,0266,1510,2436
HEB 9:2	EXO 39:36	high	kjv	3	0.485	G0740,4286,5132
HEB 9:2	EXO 40:4	high	kjv	3	0.484	G3087,4286,5132
HEB 9:2	2CH 4:19	high	kjv	3	0.464	G0740,4286,5132
HEB 9:5	SUS 1:51	med	kjv	3	0.382	G1510,3004,3568
HEB 9:7	3MA 1:11	med	kjv	3	0.355	G0749,1763,3441
HEB 9:11	WIS 2:6	med	kjv	3	0.329	G0018,1510,2937
HEB 9:12	EZK 39:18	med	kjv	3	0.408	G0129,3448,5131
HEB 9:13	PSA 50:13	med	kjv	3	0.39	G0129,5022,5131
HEB 9:13	ISA 1:11	med	kjv	3	0.311	G0129,5022,5131
HEB 9:17	DEU 5:3	high	kjv	3	0.521	G1242,1303,2198
HEB 9:19	LEV 14:52	high	kjv	4	0.457	G0129,2847,5204,5301
HEB 9:19	LEV 14:6	med	kjv	5	0.418	G0129,2847,2983,5204,5301
HEB 9:19	EZK 39:18	med	kjv	4	0.306	G0129,3448,3956,5131
HEB 9:20	DEU 31:25	high	kjv	3	0.48	G1242,1781,3004
HEB 9:20	EXO 24:8	high	kjv	3	0.475	G0129,1242,3004
HEB 9:20	2KI 23:21	med	kjv	4	0.449	G1242,1781,2316,3004
HEB 9:21	1CH 23:26	high	kjv	4	0.509	G3009,3956,4632,4633
HEB 9:21	NUM 18:31	med	kjv	3	0.339	G3009,3956,4633
HEB 9:21	NUM 4:33	med	kjv	3	0.332	G3009,3956,4633
HEB 9:22	LEV 12:7	med	kjv	3	0.391	G0129,2511,3551
HEB 9:24	PSA 84:9	med	kjv	3	0.301	G2316,4383,5547
HEB 9:25	3MA 1:11	med	kjv	3	0.366	G0749,1525,1763
HEB 9:25	EXO 30:10	med	kjv	3	0.313	G0040,0129,1763
HEB 10:1	3MA 7:4	med	kjv	3	0.355	G2192,4229,4374
HEB 10:1	LEV 7:21	med	kjv	3	0.331	G2378,3551,4374
HEB 10:4	PSA 50:13	high	kjv	3	0.579	G0129,5022,5131
HEB 10:4	ISA 1:11	high	kjv	3	0.463	G0129,5022,5131
HEB 10:4	DEU 32:14	med	kjv	3	0.397	G0129,5022,5131
HEB 10:5	PSA 40:6	high	kjv	5	0.764	G2309,2378,2675,4376,4983
HEB 10:7	PSA 40:7	high	kjv	5	0.822	G0975,1125,2240,2777,3004
HEB 10:7	EZK 2:9	high	kjv	3	0.572	G0975,2777,3708
HEB 10:7	JER 51:60	med	kjv	3	0.401	G0975,1125,2240
HEB 10:8	PSA 51:16	high	kjv	4	0.576	G2106,2309,2378,3646
HEB 10:8	PSA 40:6	high	kjv	5	0.525	G0266,2309,2378,3646,4376
HEB 10:8	SIR 34:19	high	kjv	4	0.519	G0266,2106,2378,4376
HEB 10:11	LEV 7:19	high	kjv	4	0.536	G2378,2409,3956,4374
HEB 10:11	NUM 30:15	high	kjv	3	0.466	G0266,2250,4014
HEB 10:11	LEV 2:8	high	kjv	3	0.463	G2378,2409,4374
HEB 10:12	NUM 29:16	high	kjv	3	0.611	G0266,1520,2378
HEB 10:12	NUM 29:19	high	kjv	3	0.611	G0266,1520,2378
HEB 10:12	NUM 29:22	high	kjv	3	0.611	G0266,1520,2378
HEB 10:13	PSA 110:1	high	kjv	4	0.621	G2190,4228,5087,5286
HEB 10:16	JER 31:33	high	kjv	8	0.625	G1242,1271,1303,1325,2250,2588,2962,3551
HEB 10:16	DEU 5:2	high	kjv	3	0.489	G1242,1303,2962
HEB 10:16	JOS 24:25	high	kjv	5	0.453	G1242,1303,1325,2250,3551
HEB 10:17	ISA 43:25	med	kjv	3	0.379	G0266,0458,3403
HEB 10:21	BAR 3:24	high	kjv	3	0.6	G2316,3173,3624
HEB 10:21	2CH 2:6	high	kjv	3	0.591	G2316,3173,3624
HEB 10:22	LEV 17:16	med	kjv	3	0.32	G3068,4983,5204
HEB 10:27	ISA 26:11	med	kjv	4	0.442	G2068,2205,4442,5227
HEB 10:28	DEU 17:6	high	kjv	4	0.627	G0599,1417,3144,5140
HEB 10:30	1KI 2:44	med	kjv	4	0.435	G0467,1492,2962,3004
HEB 10:30	JER 2:9	med	kjv	3	0.434	G2919,2962,3004
HEB 10:30	ZEC 4:13	med	kjv	3	0.427	G1492,2962,3004
HEB 10:37	HAB 2:3	med	kjv	3	0.315	G2064,2240,5549
HEB 10:38	HAB 2:4	high	kjv	6	1.0	G1342,2106,2198,4102,5288,5590
HEB 10:39	HAG 2:8	med	kjv	3	0.405	G1510,4047,5590
HEB 11:1	WIS 2:14	med	kjv	3	0.364	G0991,1510,1650
HEB 11:3	DAN 10:12	med	kjv	3	0.364	G2316,3361,4487
HEB 11:4	GEN 4:9	med	kjv	4	0.417	G0006,1510,2316,2535
HEB 11:4	GEN 4:8	med	kjv	3	0.399	G0006,1510,2535
HEB 11:4	GEN 4:2	med	kjv	3	0.35	G0006,1510,2535
HEB 11:5	GEN 5:24	high	kjv	5	0.611	G1802,2100,2147,2316,3346
HEB 11:5	SIR 44:16	med	kjv	3	0.404	G1802,2100,3346
HEB 11:5	GEN 5:22	med	kjv	3	0.314	G1802,2100,2316
HEB 11:8	GEN 22:14	med	kjv	3	0.303	G0011,2564,5117
HEB 11:9	GEN 35:27	med	kjv	4	0.421	G1093,2384,2464,3939
HEB 11:9	PSA 105:23	med	kjv	3	0.391	G1093,2384,3939
HEB 11:9	LEV 26:42	med	kjv	3	0.304	G1093,2384,2464
HEB 11:12	DAN 3:36	high	kjv	5	0.632	G0285,0798,2281,3772,5491
HEB 11:12	DEU 1:10	high	kjv	3	0.461	G0798,3772,4128
HEB 11:12	1KI 4:20	med	kjv	3	0.411	G0285,2281,4128
HEB 11:16	AMO 4:12	med	kjv	3	0.374	G1941,2090,2316
HEB 11:18	GEN 17:19	high	kjv	3	0.483	G2464,2564,4690
HEB 11:18	GEN 24:7	high	kjv	3	0.48	G2464,2980,4690
HEB 11:18	GEN 21:12	high	kjv	3	0.451	G2464,2564,4690
HEB 11:20	1CH 1:34	high	kjv	3	0.519	G2269,2384,2464
HEB 11:20	GEN 27:30	high	kjv	4	0.465	G2127,2269,2384,2464
HEB 11:20	GEN 28:6	med	kjv	4	0.443	G2127,2269,2384,2464
HEB 11:21	GEN 47:31	high	kjv	3	0.55	G0206,4352,4464
HEB 11:21	GEN 48:9	med	kjv	4	0.387	G2127,2384,2501,5207
HEB 11:21	GEN 48:3	med	kjv	3	0.371	G2127,2384,2501
HEB 11:22	NUM 36:5	med	kjv	4	0.356	G1781,2474,2501,5207
HEB 11:22	GEN 48:8	med	kjv	3	0.322	G2474,2501,5207
HEB 11:22	GEN 50:25	med	kjv	4	0.305	G2474,2501,3747,5207
HEB 11:23	EZK 18:14	med	kjv	4	0.322	G1080,3708,3962,5399
HEB 11:24	2CH 31:18	med	kjv	3	0.354	G2364,4102,5207
HEB 11:24	EXO 6:30	med	kjv	3	0.344	G3004,3475,5328
HEB 11:24	EXO 6:29	med	kjv	3	0.33	G3004,3475,5328
HEB 11:29	JOS 4:23	med	kjv	3	0.398	G1224,2063,2281
HEB 11:29	WIS 19:7	med	kjv	4	0.336	G1093,2063,2281,3584
HEB 11:29	JOS 24:6	med	kjv	3	0.336	G0124,2063,2281
HEB 11:30	PSA 55:10	med	kjv	3	0.397	G2250,2944,5038
HEB 11:30	ISA 27:3	med	kjv	3	0.369	G2250,4098,5038
HEB 11:32	1SA 12:11	med	kjv	3	0.419	G0913,2422,4545
HEB 11:32	1ES 1:18	med	kjv	3	0.312	G4396,4545,5550
HEB 11:38	GEN 23:9	med	kjv	3	0.321	G0514,1510,4693
HEB 12:2	4MA 17:10	med	kjv	3	0.348	G0872,2316,5278
HEB 12:5	PRO 3:11	high	kjv	6	0.7	G1590,1651,2962,3643,3809,5207
HEB 12:6	PRO 3:12	high	kjv	7	1.0	G0025,2962,3146,3811,3858,3956,5207
HEB 12:6	PRO 13:24	med	kjv	3	0.404	G0025,3811,5207
HEB 12:6	DEU 8:5	med	kjv	3	0.325	G2962,3811,5207
HEB 12:7	DEU 8:5	med	kjv	3	0.396	G2316,3811,5207
HEB 12:7	PRO 1:8	med	kjv	3	0.352	G3809,3962,5207
HEB 12:7	PRO 19:20	med	kjv	3	0.345	G3809,3962,5207
HEB 12:8	PSA 119:63	med	kjv	3	0.427	G1510,3353,3956
HEB 12:12	ISA 35:3	high	kjv	3	0.529	G1119,3886,5495
HEB 12:12	SIR 25:23	high	kjv	4	0.524	G1119,3886,3935,5495
HEB 12:13	PRO 4:26	high	kjv	4	0.466	G3717,4160,4228,5163
HEB 12:13	PRO 4:27	med	kjv	4	0.309	G3717,4160,4228,5163
HEB 12:15	DEU 29:17	med	kjv	4	0.354	G2316,4088,4491,5453
HEB 12:17	DEU 21:1	med	kjv	3	0.308	G1492,2147,2816
HEB 12:18	DEU 4:11	high	kjv	5	0.725	G1105,2366,2545,4334,4442
HEB 12:18	DEU 5:22	med	kjv	3	0.417	G1105,2366,4442
HEB 12:18	DEU 5:23	med	kjv	3	0.321	G2545,4334,4442
HEB 12:19	JER 4:21	med	kjv	3	0.349	G0191,4536,5456
HEB 12:19	DAN 3:10	med	kjv	4	0.33	G0191,2279,4536,5456
HEB 12:19	EZK 33:32	med	kjv	3	0.327	G0191,4487,5456
HEB 12:22	PSA 48:2	med	kjv	3	0.32	G3735,4172,4622
HEB 12:23	PSS 2:18	med	kjv	3	0.337	G1342,2316,2923
HEB 12:23	PSA 50:6	med	kjv	3	0.328	G2316,2923,3772
HEB 12:26	JOB 9:6	med	kjv	3	0.376	G3772,4531,4579
HEB 12:26	NAM 1:5	med	kjv	3	0.341	G1093,4531,4579
HEB 12:29	DEU 4:24	high	kjv	3	0.719	G2316,2654,4442
HEB 12:29	DEU 9:3	high	kjv	3	0.571	G2316,2654,4442
HEB 13:6	PSA 118:6	high	kjv	5	0.981	G0444,0998,2962,4160,5399
HEB 13:6	GEN 2:18	high	kjv	5	0.71	G0444,0998,2962,3004,4160
HEB 13:6	PSA 115:11	high	kjv	3	0.7	G0998,2962,5399
HEB 13:11	LEV 16:27	high	kjv	6	0.513	G0040,0129,0266,1533,2618,3925
HEB 13:11	LEV 6:23	high	kjv	5	0.492	G0040,0129,0266,1533,2618
HEB 13:11	LEV 16:28	med	kjv	3	0.354	G2618,3925,4983
HEB 13:15	PSA 116:17	med	kjv	3	0.409	G0133,2378,3686
HEB 13:15	SIR 39:15	med	kjv	3	0.358	G0133,3686,5491
HEB 13:18	WIS 13:7	med	kjv	3	0.343	G0390,2570,3982
HEB 13:20	ISA 63:11	med	kjv	3	0.361	G0166,4166,4263
HEB 13:20	EZK 37:26	med	kjv	3	0.337	G0166,1242,1515
HEB 13:20	2CH 18:16	med	kjv	4	0.319	G1515,2962,4166,4263
HEB 13:21	PSA 29:9	med	kjv	3	0.337	G1391,2675,3956
JAS 1:1	2CH 6:42	med	kjv	4	0.39	G1401,2316,2962,5547
JAS 1:1	DEU 30:4	med	kjv	3	0.376	G1290,2316,2962
JAS 1:1	ISA 57:21	med	kjv	3	0.35	G2316,2962,5463
JAS 1:5	DAN 10:12	med	kjv	3	0.372	G1325,2316,3361
JAS 1:11	ISA 40:7	high	kjv	4	0.575	G0438,1601,3583,5528
JAS 1:11	JOB 15:30	med	kjv	3	0.406	G0438,1601,3133
JAS 1:13	1SA 12:21	high	kjv	3	0.59	G1510,3367,3762
JAS 1:13	BEL 1:7	med	kjv	5	0.39	G1510,2316,3004,3367,3762
JAS 1:19	SIR 15:13	med	kjv	3	0.415	G0027,1510,3956
JAS 1:19	1MA 2:65	med	kjv	5	0.355	G0080,0191,1492,1510,3956
JAS 1:20	ZEP 2:3	high	kjv	3	0.558	G1343,2038,3709
JAS 1:27	LAM 5:3	med	kjv	3	0.326	G3737,3962,5503
JAS 2:1	1SA 26:23	med	kjv	3	0.332	G2962,4102,5547
JAS 2:1	2CH 31:15	med	kjv	3	0.318	G0080,2424,4102
JAS 2:3	PSA 110:1	med	kjv	3	0.317	G2521,3004,5286
JAS 2:5	EST 1:20	med	kjv	4	0.321	G0191,0932,4145,4434
JAS 2:10	TOB 14:9	med	kjv	3	0.354	G1096,3551,5083
JAS 2:19	PSA 96:5	med	kjv	3	0.396	G1140,2316,4160
JAS 2:19	BAR 4:7	med	kjv	3	0.337	G1140,2316,4160
JAS 2:20	WIS 14:5	high	kjv	5	0.477	G0444,0692,1510,2041,2309
JAS 2:20	EXO 5:9	med	kjv	3	0.353	G0444,2041,2756
JAS 2:21	1CH 1:28	high	kjv	3	0.585	G0011,2464,5207
JAS 2:21	GEN 25:19	high	kjv	3	0.455	G0011,2464,5207
JAS 2:21	GEN 25:5	high	kjv	3	0.454	G0011,2464,5207
JAS 2:23	GEN 15:6	high	kjv	4	0.616	G1343,2316,3049,4100
JAS 2:23	EXO 4:5	med	kjv	3	0.363	G0011,2316,4100
JAS 2:23	1MA 2:52	med	kjv	3	0.363	G0011,1343,3049
JAS 3:4	ISA 33:21	med	kjv	3	0.319	G1510,1643,4143
JAS 3:5	PSS 12:2	high	kjv	3	0.491	G0381,1100,4442
JAS 3:5	DEU 25:13	med	kjv	3	0.403	G1510,3173,3398
JAS 3:5	2MA 1:22	med	kjv	4	0.348	G0381,1510,3173,4442
JAS 3:7	PSA 148:10	high	kjv	4	0.514	G2062,2342,3956,4071
JAS 3:7	GEN 7:14	med	kjv	4	0.406	G2062,2342,3956,4071
JAS 3:7	GEN 7:21	med	kjv	4	0.389	G2062,2342,3956,4071
JAS 3:9	NUM 23:8	high	kjv	3	0.535	G2316,2672,2962
JAS 3:9	EZK 28:12	high	kjv	3	0.453	G0444,2962,3669
JAS 3:9	NUM 22:12	med	kjv	3	0.443	G2127,2316,2672
JAS 3:12	DEU 8:8	med	kjv	3	0.444	G0288,1636,4808
JAS 3:12	HAG 2:18	med	kjv	3	0.432	G0288,1636,4808
JAS 3:12	2KI 18:31	med	kjv	4	0.349	G0288,4160,4808,5204
JAS 3:13	DEU 4:6	med	kjv	3	0.428	G1990,4678,4680
JAS 3:13	DAN 1:4	med	kjv	3	0.315	G1990,4678,4680
JAS 3:18	HOS 10:12	high	kjv	3	0.474	G1343,2590,4687
JAS 3:18	PSA 107:37	high	kjv	3	0.472	G2590,4160,4687
JAS 4:6	PRO 3:34	high	kjv	5	0.945	G0498,1325,5011,5244,5485
JAS 4:10	ISA 2:17	high	kjv	3	0.597	G2962,5013,5312
JAS 4:10	ISA 2:11	high	kjv	3	0.51	G2962,5013,5312
JAS 4:10	JER 31:35	high	kjv	3	0.508	G2962,5013,5312
JAS 4:12	EZK 34:22	med	kjv	3	0.308	G1510,2919,4982
JAS 4:15	2SA 15:26	high	kjv	3	0.585	G2309,3004,4160
JAS 4:15	EST 6:6	high	kjv	3	0.544	G2309,3004,4160
JAS 4:15	EZK 18:23	high	kjv	4	0.542	G2198,2309,2962,3004
JAS 4:17	GEN 3:5	med	kjv	3	0.34	G1492,1510,2570
JAS 5:3	DAN 2:45	med	kjv	5	0.319	G0696,1510,2078,2250,5557
JAS 5:9	2CH 19:6	med	kjv	3	0.384	G2919,2923,3708
JAS 5:9	DAN 9:12	med	kjv	3	0.338	G2476,2919,2923
JAS 5:9	1SA 24:15	med	kjv	3	0.314	G2919,2923,3708
JAS 5:10	JER 15:15	med	kjv	3	0.339	G2962,2983,3115
JAS 5:11	JOB 29:11	med	kjv	3	0.358	G0191,3106,3708
JAS 5:11	JOB 32:4	med	kjv	3	0.344	G1510,2492,5278
JAS 5:11	PSA 144:15	med	kjv	3	0.322	G1510,2962,3106
JAS 5:12	DEU 11:21	med	kjv	3	0.326	G1093,3660,3772
JAS 5:12	GEN 26:3	med	kjv	5	0.319	G1093,1510,3660,3727,3956
JAS 5:12	1MA 7:18	med	kjv	5	0.314	G1510,2920,3660,3727,3956
JAS 5:15	JER 1:12	med	kjv	3	0.343	G1453,2962,4160
JAS 5:15	LEV 19:22	med	kjv	3	0.328	G0266,0863,2962
JAS 5:15	PRO 15:27	med	kjv	4	0.306	G0266,2962,4102,4982
JAS 5:16	WIS 16:17	med	kjv	3	0.351	G1342,1754,4183
JAS 5:16	DAN 9:20	med	kjv	3	0.334	G0266,1843,4336
JAS 5:18	JOB 5:10	high	kjv	4	0.477	G1093,1325,3772,5205
JAS 5:18	DEU 11:17	med	kjv	5	0.439	G1093,1325,2590,3772,5205
JAS 5:18	LEV 26:4	med	kjv	4	0.422	G1093,1325,2590,5205
JAS 5:20	PSA 6:4	med	kjv	3	0.303	G1994,4982,5590
1PE 1:3	2CH 6:42	med	kjv	4	0.323	G1656,2316,2962,5547
1PE 1:3	2MA 7:14	med	kjv	3	0.323	G0386,1680,2316
1PE 1:3	PSA 66:20	med	kjv	3	0.322	G1656,2128,2316
1PE 1:5	ISA 52:10	med	kjv	3	0.326	G0601,2316,4991
1PE 1:16	ISA 4:3	high	kjv	3	0.468	G0040,1125,1510
1PE 1:21	PSA 62:7	med	kjv	3	0.387	G1391,1680,2316
1PE 1:21	ISA 22:23	med	kjv	3	0.324	G1391,1510,4103
1PE 1:24	ISA 40:7	high	kjv	4	0.896	G0438,1601,3583,5528
1PE 1:24	ISA 40:6	high	kjv	5	0.644	G0438,1391,3956,4561,5528
1PE 1:24	ISA 28:1	med	kjv	3	0.423	G0438,1391,1601
1PE 1:25	ISA 40:8	high	kjv	3	0.708	G0165,3306,4487
1PE 1:25	PSA 68:11	high	kjv	3	0.619	G2097,2962,4487
1PE 1:25	PSA 102:12	med	kjv	3	0.44	G0165,2962,3306
1PE 2:3	PSA 34:8	high	kjv	3	0.736	G1089,2962,5543
1PE 2:4	ISA 13:12	high	kjv	3	0.464	G0444,1784,3037
1PE 2:4	ISA 28:16	med	kjv	3	0.318	G1588,1784,3037
1PE 2:5	DEU 27:6	med	kjv	4	0.317	G0399,2316,3037,3618
1PE 2:5	SIR 49:12	med	kjv	4	0.312	G0040,2424,3618,3624
1PE 2:6	ISA 28:16	high	kjv	7	0.64	G0204,1588,1784,2617,3037,4100,4622
1PE 2:7	PSA 118:22	high	kjv	6	0.745	G0593,1096,1137,2776,3037,3618
1PE 2:8	ISA 8:14	med	kjv	3	0.385	G3037,4073,4348
1PE 2:8	ISA 29:21	med	kjv	3	0.336	G3056,4348,5087
1PE 2:9	EXO 19:6	high	kjv	4	0.514	G0040,0934,1484,2406
1PE 2:9	EXO 23:22	med	kjv	5	0.333	G0040,0934,1484,2406,2992
1PE 2:10	HOS 2:23	med	kjv	3	0.354	G1653,2316,2992
1PE 2:17	LEV 19:32	med	kjv	3	0.413	G2316,5091,5399
1PE 2:17	PRO 25:2	med	kjv	3	0.346	G0935,2316,5091
1PE 2:20	1CH 21:17	med	kjv	3	0.317	G0015,0264,2316
1PE 2:22	PSA 32:2	high	kjv	3	0.608	G0266,1388,4750
1PE 2:22	ISA 53:9	high	kjv	4	0.512	G1388,2147,4160,4750
1PE 2:24	ISA 53:5	high	kjv	3	0.49	G0266,2390,3468
1PE 3:4	WIS 12:1	high	kjv	3	0.521	G0862,1510,4151
1PE 3:4	NUM 12:3	med	kjv	3	0.389	G0444,1510,4239
1PE 3:6	GEN 17:15	med	kjv	3	0.361	G0011,2564,4564
1PE 3:6	GEN 21:3	med	kjv	4	0.336	G0011,1096,2564,4564
1PE 3:6	DAN 10:12	med	kjv	3	0.309	G2962,3361,5399
1PE 3:9	NUM 23:11	med	kjv	3	0.305	G2127,2129,2564
1PE 3:10	PSA 34:13	high	kjv	6	0.669	G1100,1388,2556,2980,3973,5491
1PE 3:10	PSA 34:12	high	kjv	6	0.514	G0018,0025,2222,2250,2309,3708
1PE 3:10	SIR 37:18	med	kjv	4	0.368	G0018,1100,2222,2556
1PE 3:11	PSA 34:14	high	kjv	7	1.0	G0018,1377,1515,1578,2212,2556,4160
1PE 3:11	PSA 37:27	high	kjv	4	0.519	G0018,1578,2556,4160
1PE 3:11	PRO 11:27	med	kjv	3	0.391	G0018,2212,2556
1PE 3:12	PSA 34:15	high	kjv	5	0.857	G1162,1342,2962,3775,3788
1PE 3:12	2CH 6:40	high	kjv	4	0.612	G1162,2962,3775,3788
1PE 3:12	1KI 8:52	high	kjv	3	0.522	G1162,3775,3788
1PE 3:14	ISA 8:12	med	kjv	3	0.392	G5015,5399,5401
1PE 3:15	LEV 21:12	med	kjv	3	0.316	G0037,2962,5547
1PE 3:17	1CH 21:17	med	kjv	3	0.445	G0015,2316,2554
1PE 3:18	2KI 5:7	med	kjv	3	0.324	G2227,2289,2316
1PE 3:20	GEN 7:7	med	kjv	3	0.345	G2787,3575,5204
1PE 3:20	DEU 9:24	med	kjv	3	0.335	G0544,1510,2250
1PE 3:20	GEN 7:1	med	kjv	3	0.309	G2316,2787,3575
1PE 3:22	DAN 7:27	med	kjv	3	0.367	G1849,3772,5293
1PE 4:5	PSA 119:154	med	kjv	3	0.431	G2198,2919,3056
1PE 4:6	JOB 12:10	med	kjv	3	0.406	G0444,2198,4151
1PE 4:6	NUM 27:16	med	kjv	4	0.404	G0444,2316,4151,4561
1PE 4:6	EZK 37:9	med	kjv	4	0.393	G0444,2198,3498,4151
1PE 4:8	PSA 85:2	med	kjv	3	0.323	G0266,2572,3956
1PE 4:11	PRO 27:24	med	kjv	3	0.376	G0165,2479,2904
1PE 4:11	PSA 62:11	med	kjv	3	0.348	G2316,2904,2980
1PE 4:11	PSA 87:3	med	kjv	3	0.344	G1392,2316,2980
1PE 4:14	PSS 18:7	med	kjv	3	0.311	G2316,4151,5547
1PE 4:16	DAN 3:26	med	kjv	3	0.331	G1392,2316,3686
1PE 4:16	ISA 66:5	med	kjv	3	0.33	G0153,1392,3686
1PE 4:16	PSA 86:12	med	kjv	3	0.308	G1392,2316,3686
1PE 4:18	PRO 11:31	high	kjv	5	1.0	G0268,0765,1342,4982,5316
1PE 4:18	PSA 1:5	high	kjv	3	0.524	G0268,0765,1342
1PE 4:18	PRO 10:25	med	kjv	3	0.407	G0765,1342,4982
1PE 5:2	MIC 5:4	med	kjv	3	0.38	G2316,4165,4168
1PE 5:5	PRO 3:34	high	kjv	5	0.789	G0498,1325,5011,5244,5485
1PE 5:5	GEN 29:26	med	kjv	3	0.356	G1325,3501,4245
1PE 5:5	PSA 18:47	med	kjv	3	0.345	G1325,2316,5293
1PE 5:6	PSA 75:7	high	kjv	3	0.53	G2316,5013,5312
1PE 5:10	PSA 29:9	med	kjv	3	0.311	G1391,2675,3956
1PE 5:12	NEH 13:13	med	kjv	3	0.342	G0080,3049,4103
1PE 5:12	SIR 37:13	med	kjv	3	0.342	G1510,2476,4103
1PE 5:12	GEN 41:32	med	kjv	3	0.309	G0227,1510,2316
2PE 1:2	PRO 2:5	high	kjv	3	0.464	G1922,2316,2962
2PE 1:2	HOS 4:1	med	kjv	3	0.404	G1922,2316,2962
2PE 1:9	JOB 7:21	high	kjv	4	0.489	G0266,1510,2512,3024
2PE 1:13	JOB 35:2	med	kjv	3	0.352	G1342,1510,2233
2PE 1:14	SIR 18:26	med	kjv	3	0.37	G1510,2962,5031
2PE 1:14	PSA 28:8	med	kjv	3	0.324	G1510,2962,5547
2PE 1:14	ZEC 4:13	med	kjv	3	0.311	G1492,1510,2962
2PE 1:17	PSA 96:7	med	kjv	3	0.413	G1391,5092,5342
2PE 1:17	PSA 29:1	med	kjv	5	0.405	G1391,2316,5092,5207,5342
2PE 1:17	2MA 15:13	med	kjv	3	0.317	G1391,1510,3169
2PE 1:18	PSA 3:4	high	kjv	3	0.513	G0040,3735,5456
2PE 1:19	EXO 25:37	med	kjv	3	0.351	G3088,4160,5316
2PE 1:21	PSA 143:10	med	kjv	3	0.349	G2307,2316,4151
2PE 1:21	ISA 58:13	med	kjv	4	0.329	G0040,2307,2316,2980
2PE 2:4	2CH 36:15	med	kjv	3	0.327	G0032,2316,5339
2PE 2:4	1ES 1:48	med	kjv	3	0.314	G0032,2316,5339
2PE 2:4	GEN 20:6	med	kjv	3	0.31	G0264,2316,5339
2PE 2:8	EZK 18:20	med	kjv	3	0.335	G0459,1342,5590
2PE 2:8	JER 17:24	med	kjv	3	0.332	G0189,2041,2250
2PE 2:9	JOB 18:21	med	kjv	3	0.342	G0094,1492,2962
2PE 2:9	PSA 140:1	med	kjv	3	0.305	G0094,2962,4506
2PE 2:11	DAN 4:23	med	kjv	5	0.342	G0032,2479,2920,2962,3173
2PE 2:11	DEU 8:17	med	kjv	3	0.324	G1411,2479,3173
2PE 2:11	JDG 6:12	med	kjv	3	0.318	G0032,1411,2962
2PE 2:12	4MA 14:14	med	kjv	3	0.445	G0249,1080,2226
2PE 2:16	4MA 14:17	med	kjv	3	0.315	G2398,2967,5456
2PE 2:21	JOB 24:13	med	kjv	4	0.32	G1343,1510,1921,3598
2PE 2:22	1KI 21:19	med	kjv	3	0.39	G2965,3068,5300
2PE 2:22	1KI 22:38	med	kjv	3	0.366	G2965,3068,5300
2PE 3:2	NUM 15:40	med	kjv	3	0.389	G0040,1785,3403
2PE 3:5	PSA 115:3	high	kjv	4	0.507	G1093,2309,2316,3772
2PE 3:5	PSA 73:25	med	kjv	3	0.414	G1093,2309,3772
2PE 3:5	DEU 10:14	med	kjv	4	0.367	G1093,1510,2316,3772
2PE 3:6	JOB 14:19	high	kjv	3	0.629	G0622,2626,5204
2PE 3:8	DAN 10:12	med	kjv	3	0.365	G2250,2962,3361
2PE 3:8	JOS 23:10	med	kjv	3	0.306	G1520,2962,5507
2PE 3:9	SIR 35:19	high	kjv	3	0.527	G1019,2962,3114
2PE 3:13	ISA 65:17	med	kjv	3	0.368	G1093,2537,3772
2PE 3:13	ISA 66:22	med	kjv	3	0.36	G1093,2537,3772
2PE 3:13	PSA 85:11	med	kjv	3	0.316	G1093,1343,3772
1JN 1:1	ZEC 3:8	med	kjv	3	0.301	G1510,3788,5584
1JN 1:2	SUS 1:41	med	kjv	3	0.372	G0518,1510,3140
1JN 1:2	GEN 43:2	med	kjv	3	0.361	G1510,3140,3708
1JN 1:2	JOB 10:22	med	kjv	4	0.321	G0166,1510,2222,3708
1JN 1:3	1SA 19:3	med	kjv	4	0.323	G0518,2192,3708,3962
1JN 1:5	JER 4:23	med	kjv	3	0.333	G1510,3762,5457
1JN 1:5	NAM 3:19	med	kjv	3	0.321	G0031,0191,1510
1JN 1:7	LEV 16:30	med	kjv	3	0.393	G0266,2511,3956
1JN 1:8	SIR 15:12	high	kjv	3	0.458	G2192,3004,4105
1JN 1:8	TOB 3:5	med	kjv	3	0.362	G0225,0266,1510
1JN 1:9	4MA 6:34	high	kjv	3	0.45	G1342,1510,3670
1JN 1:9	LEV 16:30	med	kjv	3	0.432	G0266,2511,3956
1JN 1:9	JER 33:8	med	kjv	4	0.41	G0093,0266,2511,3956
1JN 1:10	SIR 5:4	med	kjv	3	0.423	G0264,1510,3004
1JN 1:10	ECC 7:20	med	kjv	3	0.315	G0264,1510,4160
1JN 2:4	BEL 1:24	med	kjv	3	0.366	G1510,3004,3361
1JN 2:5	NEH 6:16	med	kjv	3	0.323	G1097,2316,5048
1JN 2:10	PSA 119:165	high	kjv	3	0.548	G0025,1510,4625
1JN 2:10	2KI 7:9	med	kjv	3	0.349	G1510,3306,5457
1JN 2:12	EXO 32:32	high	kjv	3	0.606	G0266,0863,1125
1JN 2:14	PSA 51:4	med	kjv	3	0.331	G3056,3528,4190
1JN 2:14	ISA 10:19	med	kjv	3	0.318	G1125,1510,3813
1JN 2:16	SIR 39:19	med	kjv	4	0.314	G1510,3788,3956,4561
1JN 2:17	ISA 40:8	med	kjv	3	0.428	G0165,2316,3306
1JN 2:20	EXO 40:9	high	kjv	3	0.505	G0040,3956,5545
1JN 2:21	JOB 9:2	high	kjv	3	0.55	G0225,1492,1510
1JN 2:21	JDT 5:5	med	kjv	3	0.429	G0225,3956,5579
1JN 2:21	PSA 119:151	med	kjv	3	0.427	G0225,1510,3956
1JN 2:24	GEN 45:9	med	kjv	3	0.392	G3306,3962,5207
1JN 2:25	JOB 10:22	med	kjv	3	0.319	G0166,1510,2222
1JN 2:27	JOB 36:2	med	kjv	3	0.407	G1321,1510,3306
1JN 2:27	PSA 16:2	med	kjv	3	0.388	G1510,2192,5532
1JN 2:27	SIR 42:23	med	kjv	3	0.374	G3306,3956,5532
1JN 2:28	PRO 13:5	med	kjv	3	0.33	G0153,2192,3954
1JN 2:29	EZK 18:5	high	kjv	4	0.501	G1342,1343,1510,4160
1JN 2:29	JOB 9:2	high	kjv	3	0.483	G1342,1492,1510
1JN 3:1	SUS 1:54	med	kjv	3	0.377	G1510,3708,4217
1JN 3:3	2MA 15:7	med	kjv	3	0.356	G1510,1680,3956
1JN 3:4	PSA 51:3	high	kjv	3	0.794	G0266,0458,1510
1JN 3:4	PSA 103:10	high	kjv	3	0.706	G0266,0458,4160
1JN 3:4	JOB 13:23	high	kjv	3	0.694	G0266,0458,1510
1JN 3:7	ISA 41:29	high	kjv	3	0.576	G1510,4105,4160
1JN 3:7	EZK 18:5	high	kjv	4	0.487	G1342,1343,1510,4160
1JN 3:7	EZK 33:18	med	kjv	3	0.404	G1342,1343,4160
1JN 3:8	JOB 42:9	med	kjv	3	0.334	G0266,3089,4160
1JN 3:9	EZK 18:14	med	kjv	4	0.416	G0266,1080,3956,4160
1JN 3:10	DEU 29:28	med	kjv	5	0.366	G2316,3956,4160,5043,5318
1JN 3:10	2MA 12:41	med	kjv	3	0.339	G3956,4160,5318
1JN 3:10	LJE 1:68	med	kjv	3	0.317	G1510,2316,5318
1JN 3:11	NAM 3:19	med	kjv	3	0.449	G0031,0191,1510
1JN 3:12	GEN 4:9	med	kjv	3	0.392	G0080,1510,2535
1JN 3:12	GEN 4:8	med	kjv	3	0.39	G0080,1510,2535
1JN 3:12	GEN 4:2	med	kjv	3	0.342	G0080,1510,2535
1JN 3:15	JOB 34:17	med	kjv	3	0.376	G0166,1510,3404
1JN 3:15	DEU 19:4	med	kjv	3	0.335	G1492,1510,3404
1JN 3:15	JOB 10:22	med	kjv	3	0.329	G0166,1510,2222
1JN 3:17	4MA 17:14	med	kjv	3	0.346	G0979,2334,2889
1JN 3:19	ISA 47:8	high	kjv	4	0.459	G1097,1510,2588,3982
1JN 3:19	ISA 10:20	med	kjv	3	0.425	G0225,1510,3982
1JN 3:20	PSA 135:5	high	kjv	4	0.506	G1097,2316,3173,3956
1JN 3:20	EXO 18:11	med	kjv	4	0.398	G1097,2316,3173,3956
1JN 3:20	PSA 44:21	med	kjv	3	0.357	G1097,2316,2588
1JN 3:22	DEU 13:19	med	kjv	3	0.445	G0701,1785,4160
1JN 3:22	SIR 29:1	med	kjv	3	0.413	G1785,4160,5083
1JN 3:22	SIR 19:19	med	kjv	3	0.345	G0701,1785,4160
1JN 3:23	JOS 6:27	med	kjv	3	0.412	G1510,2424,3686
1JN 3:24	EZK 37:14	med	kjv	3	0.347	G1097,1325,4151
1JN 4:2	EZK 37:6	med	kjv	4	0.345	G1097,1510,4151,4561
1JN 4:2	NUM 27:16	med	kjv	4	0.338	G2316,3956,4151,4561
1JN 4:2	PSA 78:39	med	kjv	3	0.333	G1510,4151,4561
1JN 4:6	PSA 31:5	med	kjv	3	0.402	G0225,2316,4151
1JN 4:7	SIR 15:13	med	kjv	3	0.375	G0027,1510,3956
1JN 4:12	2MA 3:36	med	kjv	3	0.382	G1510,2300,2316
1JN 4:13	EZK 37:14	high	kjv	3	0.476	G1097,1325,4151
1JN 4:13	EZK 37:6	med	kjv	3	0.386	G1097,1325,4151
1JN 4:18	NEH 6:16	med	kjv	3	0.328	G5048,5399,5401
1JN 4:20	BEL 1:24	med	kjv	3	0.373	G1510,3004,3361
1JN 4:20	DAN 10:12	med	kjv	3	0.357	G2316,3004,3361
1JN 4:21	DEU 11:1	high	kjv	3	0.493	G0025,1785,2316
1JN 4:21	WIS 8:3	high	kjv	3	0.46	G0025,2192,2316
1JN 5:2	DEU 11:1	high	kjv	3	0.462	G0025,1785,2316
1JN 5:2	DEU 7:9	high	kjv	4	0.459	G0025,1097,1785,2316
1JN 5:2	DEU 19:9	med	kjv	4	0.443	G0025,1785,2316,4160
1JN 5:6	JOS 11:7	med	kjv	3	0.335	G2064,2424,5204
1JN 5:8	DAN 6:3	med	kjv	3	0.375	G1510,1520,5140
1JN 5:8	AMO 4:8	med	kjv	3	0.367	G1520,5140,5204
1JN 5:9	GEN 43:2	med	kjv	3	0.441	G0444,1510,3140
1JN 5:9	2CH 28:10	med	kjv	4	0.43	G1510,2316,3140,5207
1JN 5:9	EZK 27:2	med	kjv	3	0.381	G0444,2983,5207
1JN 5:11	4MA 15:3	med	kjv	3	0.405	G0166,2222,2316
1JN 5:11	SIR 23:4	med	kjv	3	0.38	G1325,2222,2316
1JN 5:11	JOB 10:22	med	kjv	3	0.371	G0166,1510,2222
1JN 5:12	PRO 27:27	med	kjv	3	0.309	G2192,2222,5207
1JN 5:13	4MA 15:3	med	kjv	3	0.362	G0166,2222,2316
1JN 5:13	TOB 1:6	med	kjv	3	0.338	G0166,1125,2192
1JN 5:13	JON 2:6	med	kjv	3	0.332	G0166,2222,2316
1JN 5:16	PSA 21:4	med	kjv	3	0.413	G0154,1325,2222
1JN 5:16	TOB 12:10	med	kjv	3	0.413	G0264,1510,2222
1JN 5:16	BEL 1:24	med	kjv	3	0.367	G1510,3004,3361
1JN 5:17	SIR 17:20	high	kjv	3	0.624	G0093,0266,3956
1JN 5:17	JER 33:8	med	kjv	3	0.449	G0093,0266,3956
1JN 5:17	JER 18:23	med	kjv	3	0.421	G0093,0266,2288
1JN 5:19	JER 24:7	med	kjv	4	0.42	G1492,1510,2316,3650
1JN 5:19	GEN 3:5	med	kjv	4	0.343	G1492,1510,2316,4190
1JN 5:20	DEU 4:39	med	kjv	4	0.354	G1097,1271,1510,2316
1JN 5:20	1KI 17:24	med	kjv	3	0.342	G0228,1097,2316
1JN 5:20	LEV 6:15	med	kjv	3	0.318	G0166,5207,5547
2JN 1:1	GEN 44:20	med	kjv	3	0.316	G0025,3441,4245
2JN 1:2	PSA 117:2	high	kjv	3	0.734	G0165,0225,3306
2JN 1:2	1ES 4:38	high	kjv	3	0.693	G0165,0225,3306
2JN 1:3	PSA 84:11	med	kjv	4	0.411	G0225,1656,2316,5485
2JN 1:3	WIS 3:9	med	kjv	4	0.404	G0026,0225,1656,5485
2JN 1:3	PSS 18:3	med	kjv	3	0.397	G0026,1656,5207
2JN 1:4	TOB 3:5	med	kjv	3	0.338	G0225,1785,3962
2JN 1:12	PSA 115:5	med	kjv	3	0.301	G2192,2980,4750
2JN 1:12	PSA 135:16	med	kjv	3	0.301	G2192,2980,4750
3JN 1:3	TOB 14:7	med	kjv	3	0.387	G0080,0225,5463
3JN 1:4	2KI 20:3	med	kjv	3	0.341	G0225,3173,4043
3JN 1:11	NUM 10:32	med	kjv	3	0.43	G0015,0018,1510
3JN 1:11	1CH 21:17	med	kjv	4	0.36	G0015,1510,2316,2554
3JN 1:12	JOB 9:2	med	kjv	3	0.363	G0225,1492,1510
3JN 1:13	1ES 4:42	med	kjv	4	0.392	G1125,2192,2309,4183
3JN 1:14	PSA 115:5	high	kjv	3	0.549	G2980,3708,4750
3JN 1:14	PSA 135:16	high	kjv	3	0.549	G2980,3708,4750
JUD 1:1	2CH 6:42	med	kjv	3	0.346	G1401,2316,5547
JUD 1:1	EZR 3:9	med	kjv	4	0.304	G0080,2316,2424,2455
JUD 1:5	WIS 12:2	med	kjv	3	0.308	G2962,4100,5279
JUD 1:5	EXO 10:7	med	kjv	4	0.304	G0125,0622,1014,1492
JUD 1:7	GEN 14:11	med	kjv	3	0.382	G0565,1116,4670
JUD 1:7	AMO 4:11	med	kjv	3	0.361	G1116,4442,4670
JUD 1:7	GEN 19:24	med	kjv	3	0.328	G1116,4442,4670
JUD 1:9	ZEC 3:2	med	kjv	4	0.385	G1228,2008,2962,3004
JUD 1:13	JER 31:36	med	kjv	3	0.326	G0792,2281,2949
JUD 1:14	GEN 3:9	med	kjv	3	0.381	G0076,2962,3004
JUD 1:14	EZK 30:2	med	kjv	3	0.306	G2962,3004,4395
JUD 1:15	JER 2:29	med	kjv	3	0.449	G0764,2980,3956
JUD 1:15	PSA 1:5	med	kjv	3	0.383	G0268,0765,2920
JUD 1:15	EXO 6:9	med	kjv	3	0.381	G2041,2980,4642
JUD 1:16	PSA 78:30	med	kjv	3	0.348	G1510,1939,4750
JUD 1:17	GEN 22:16	med	kjv	3	0.332	G0027,2962,4487
JUD 1:17	2CH 6:42	med	kjv	3	0.301	G2962,3403,5547
JUD 1:21	2CH 6:42	med	kjv	4	0.336	G1656,2316,2962,5547
JUD 1:23	MIC 3:2	med	kjv	3	0.344	G0726,3404,4561
JUD 1:25	SIR 44:2	med	kjv	4	0.359	G0165,1391,2962,3172
JUD 1:25	PSS 17:3	med	kjv	4	0.358	G0165,2316,2904,4990
REV 1:2	PSA 84:9	med	kjv	3	0.391	G2316,3708,5547
REV 1:3	JER 36:13	med	kjv	3	0.357	G0191,0314,3056
REV 1:3	JER 11:6	med	kjv	3	0.351	G0191,0314,3056
REV 1:3	2CH 34:24	med	kjv	3	0.336	G0314,1125,3056
REV 1:5	PSA 105:20	med	kjv	3	0.34	G0758,0935,3089
REV 1:5	PSA 2:2	med	kjv	4	0.336	G0758,0935,1093,5547
REV 1:6	JDT 2:12	high	kjv	3	0.58	G0932,2904,4160
REV 1:6	PSS 17:3	high	kjv	4	0.495	G0165,0932,2316,2904
REV 1:6	DAN 4:30	med	kjv	3	0.447	G0932,1391,2904
REV 1:7	ZEC 12:12	med	kjv	3	0.443	G1093,2875,5443
REV 1:7	GEN 9:14	med	kjv	3	0.355	G1093,3507,3708
REV 1:7	1MA 4:12	med	kjv	3	0.342	G2064,3708,3788
REV 1:8	AMO 9:15	high	kjv	4	0.719	G2316,2962,3004,3841
REV 1:8	ZEC 8:1	high	kjv	3	0.623	G2962,3004,3841
REV 1:8	ZEC 8:18	high	kjv	3	0.623	G2962,3004,3841
REV 1:10	2CH 15:14	high	kjv	3	0.627	G3173,4536,5456
REV 1:10	JER 4:21	high	kjv	3	0.602	G0191,4536,5456
REV 1:10	1ES 5:61	high	kjv	3	0.551	G3173,4536,5456
REV 1:11	NEH 13:1	med	kjv	3	0.417	G0975,1125,1577
REV 1:11	PSA 40:7	med	kjv	3	0.35	G0975,1125,3004
REV 1:12	ZEC 4:2	high	kjv	4	0.629	G0991,3087,3708,5552
REV 1:13	EZK 9:3	med	kjv	3	0.431	G1746,2223,4158
REV 1:13	EZK 9:11	med	kjv	3	0.422	G1746,2223,4158
REV 1:13	EXO 28:4	med	kjv	3	0.348	G2223,4158,5207
REV 1:14	DAN 7:9	high	kjv	6	0.648	G2053,2776,3022,4442,5395,5510
REV 1:15	PSA 29:3	med	kjv	3	0.381	G4183,5204,5456
REV 1:15	ISA 13:4	med	kjv	3	0.349	G3664,4183,5456
REV 1:17	DAN 10:12	high	kjv	4	0.473	G3004,3361,4413,5399
REV 1:17	BEL 1:24	med	kjv	3	0.36	G1510,3004,3361
REV 1:17	JOB 8:7	med	kjv	3	0.342	G1510,2078,4413
REV 1:18	PSA 89:48	high	kjv	5	0.453	G0086,1510,2198,2288,3708
REV 1:18	SIR 48:5	med	kjv	3	0.445	G0086,2288,3498
REV 1:18	JOB 38:17	med	kjv	3	0.349	G0086,2288,3708
REV 1:20	JER 52:19	med	kjv	3	0.413	G1510,3087,5552
REV 1:20	1KI 7:49	med	kjv	3	0.368	G1188,3087,5552
REV 1:20	2CH 4:7	med	kjv	3	0.364	G1188,3087,5552
REV 2:1	ISA 41:13	med	kjv	3	0.359	G1188,2902,3004
REV 2:1	1KI 7:49	med	kjv	3	0.339	G1188,3087,5552
REV 2:1	2CH 4:7	med	kjv	3	0.335	G1188,3087,5552
REV 2:2	1KI 14:6	med	kjv	3	0.358	G0652,1510,3004
REV 2:7	PSA 115:6	high	kjv	3	0.456	G0191,2192,3775
REV 2:7	PSS 14:3	med	kjv	3	0.438	G2222,3586,3857
REV 2:7	PSA 135:17	med	kjv	4	0.36	G1510,2192,3775,4151
REV 2:8	2CH 16:11	high	kjv	3	0.461	G1125,2078,4413
REV 2:8	2CH 35:27	high	kjv	3	0.461	G1125,2078,4413
REV 2:8	2CH 26:22	high	kjv	3	0.459	G1125,2078,4413
REV 2:9	EZK 35:12	med	kjv	3	0.37	G0988,1510,3004
REV 2:9	ZEC 4:13	med	kjv	3	0.304	G1492,1510,3004
REV 2:10	DAN 10:12	med	kjv	4	0.321	G1325,2250,3361,5399
REV 2:11	PSA 115:6	med	kjv	3	0.408	G0191,2192,3775
REV 2:11	PSA 135:17	med	kjv	3	0.308	G2192,3775,4151
REV 2:14	NUM 22:10	med	kjv	3	0.333	G0903,0904,5207
REV 2:14	JOS 24:9	med	kjv	3	0.303	G0903,0904,2474
REV 2:17	PSA 115:6	med	kjv	3	0.302	G0191,2192,3775
REV 2:18	PSA 104:4	med	kjv	3	0.404	G0032,4442,5395
REV 2:19	JOB 23:8	med	kjv	3	0.427	G1492,2078,4413
REV 2:20	2CH 34:22	med	kjv	3	0.301	G1135,3004,4398
REV 2:22	JON 3:10	med	kjv	3	0.307	G2041,3340,3708
REV 2:23	JER 17:10	med	kjv	4	0.447	G1325,1538,2588,3510
REV 2:23	EZK 7:16	med	kjv	4	0.357	G0615,1510,1538,3956
REV 2:23	SIR 23:24	med	kjv	3	0.34	G1510,1577,5043
REV 2:26	1MA 1:13	med	kjv	3	0.381	G1325,1484,1849
REV 2:27	PSA 2:9	high	kjv	5	0.672	G4165,4464,4603,4632,4937
REV 2:27	PSS 17:24	med	kjv	3	0.447	G4464,4603,4937
REV 2:28	JER 23:39	med	kjv	3	0.322	G1325,2983,3962
REV 2:29	PSA 115:6	high	kjv	3	0.705	G0191,2192,3775
REV 2:29	PSA 135:17	high	kjv	3	0.534	G2192,3775,4151
REV 2:29	JOB 33:8	high	kjv	3	0.515	G0191,3004,3775
REV 3:1	ZEC 4:13	med	kjv	3	0.303	G1492,1510,3004
REV 3:2	4MA 12:14	med	kjv	3	0.335	G0599,2316,4137
REV 3:4	ECC 9:8	med	kjv	3	0.323	G1510,2440,3022
REV 3:6	PSA 115:6	high	kjv	3	0.705	G0191,2192,3775
REV 3:6	PSA 135:17	high	kjv	3	0.534	G2192,3775,4151
REV 3:6	JOB 33:8	high	kjv	3	0.515	G0191,3004,3775
REV 3:7	ISA 22:22	high	kjv	4	0.479	G0455,1138,2807,2808
REV 3:8	ISA 60:11	med	kjv	3	0.345	G0455,1411,2808
REV 3:8	JOB 10:13	med	kjv	4	0.334	G1410,1492,2192,3762
REV 3:9	JER 5:12	med	kjv	5	0.436	G1510,2240,3004,3708,5574
REV 3:9	EZK 39:8	med	kjv	4	0.365	G1097,1510,2240,3004
REV 3:9	PSA 86:9	med	kjv	3	0.339	G2240,4160,4352
REV 3:10	PSA 33:8	med	kjv	3	0.312	G1093,2730,3625
REV 3:13	PSA 115:6	high	kjv	3	0.705	G0191,2192,3775
REV 3:13	PSA 135:17	high	kjv	3	0.534	G2192,3775,4151
REV 3:13	JOB 33:8	high	kjv	3	0.515	G0191,3004,3775
REV 3:14	JER 42:5	med	kjv	3	0.369	G3004,3144,4103
REV 3:14	DEU 32:4	med	kjv	3	0.341	G0228,2316,4103
REV 3:14	TOB 8:15	med	kjv	4	0.303	G0032,2316,2937,3004
REV 3:17	PSA 16:2	med	kjv	4	0.324	G1510,2192,3004,5532
REV 3:17	SIR 18:33	med	kjv	3	0.319	G1510,3762,4434
REV 3:20	SNG 5:2	med	kjv	4	0.414	G0455,2374,2925,5456
REV 3:20	JDG 19:22	med	kjv	3	0.407	G1525,2374,2925
REV 3:20	JER 43:7	med	kjv	3	0.324	G0191,1525,5456
REV 3:21	2KI 13:13	high	kjv	3	0.455	G2362,2523,3962
REV 3:21	1KI 8:20	med	kjv	3	0.439	G2362,2523,3962
REV 3:21	2CH 6:10	med	kjv	3	0.438	G2362,2523,3962
REV 3:22	PSA 115:6	high	kjv	3	0.705	G0191,2192,3775
REV 3:22	PSA 135:17	high	kjv	3	0.534	G2192,3775,4151
REV 3:22	JOB 33:8	high	kjv	3	0.515	G0191,3004,3775
REV 4:1	PSA 47:5	high	kjv	3	0.505	G0305,4536,5456
REV 4:1	JER 4:21	high	kjv	4	0.478	G0191,3708,4536,5456
REV 4:1	PSA 78:23	med	kjv	3	0.417	G0455,2374,3772
REV 4:2	2CH 18:18	med	kjv	4	0.426	G2362,2521,3708,3772
REV 4:2	1KI 22:19	med	kjv	4	0.393	G2362,2521,3708,3772
REV 4:2	ISA 6:1	med	kjv	4	0.337	G1096,2362,2521,3708
REV 4:4	ECC 9:8	med	kjv	3	0.38	G2440,2776,3022
REV 4:4	ZEC 3:4	med	kjv	3	0.352	G2440,2776,4016
REV 4:4	DAN 7:9	med	kjv	4	0.331	G2362,2521,2776,3022
REV 4:5	JOB 41:20	high	kjv	4	0.609	G1607,2545,2985,4442
REV 4:5	EZK 1:13	high	kjv	5	0.482	G0796,1607,2545,2985,4442
REV 4:5	NAM 2:4	med	kjv	3	0.409	G0796,2985,4442
REV 4:6	EZK 1:5	med	kjv	3	0.357	G2226,3319,5064
REV 4:7	EZK 10:14	high	kjv	7	0.626	G0105,0444,1208,3023,4383,5067,5154
REV 4:7	1CH 24:23	high	kjv	3	0.459	G1208,5067,5154
REV 4:7	SIR 13:15	med	kjv	3	0.427	G0444,2226,3664
REV 4:8	EZK 1:6	med	kjv	3	0.437	G1520,4420,5064
REV 4:8	EZK 1:15	med	kjv	4	0.427	G1520,2192,2226,5064
REV 4:8	EZK 3:13	med	kjv	3	0.336	G2192,2226,4420
REV 4:9	SIR 40:3	med	kjv	3	0.362	G1391,2362,2521
REV 4:9	SIR 47:11	med	kjv	4	0.311	G0165,1325,1391,2362
REV 4:9	DAN 2:37	med	kjv	3	0.306	G1325,1391,5092
REV 4:10	EXO 24:1	med	kjv	3	0.307	G3004,4245,4352
REV 4:10	JDT 6:18	med	kjv	3	0.306	G3004,4098,4352
REV 4:10	1KI 1:31	med	kjv	4	0.302	G0165,2198,3004,4352
REV 4:11	JOB 40:15	med	kjv	3	0.414	G1391,1411,5092
REV 4:11	PSA 24:10	med	kjv	4	0.395	G1391,1411,1510,2962
REV 4:11	PSA 16:3	med	kjv	3	0.39	G2307,2962,3956
REV 5:1	1KI 21:8	med	kjv	3	0.369	G0975,1125,4973
REV 5:1	2CH 18:18	med	kjv	4	0.365	G1188,2362,2521,3708
REV 5:1	1KI 22:19	med	kjv	4	0.336	G1188,2362,2521,3708
REV 5:2	ISA 37:14	med	kjv	3	0.383	G0032,0455,0975
REV 5:2	JDG 6:12	med	kjv	3	0.363	G0032,2478,3708
REV 5:3	JER 4:23	med	kjv	3	0.347	G1093,3762,3772
REV 5:6	ZEC 1:18	high	kjv	4	0.466	G2768,3708,3788,5064
REV 5:6	EZK 1:15	med	kjv	5	0.417	G1093,2192,2226,3708,5064
REV 5:6	PSS 8:23	med	kjv	4	0.35	G0721,1093,2316,3319
REV 5:7	2CH 18:18	high	kjv	3	0.532	G1188,2362,2521
REV 5:7	1KI 22:19	high	kjv	3	0.49	G1188,2362,2521
REV 5:7	ZEC 6:13	med	kjv	3	0.397	G1188,2362,2983
REV 5:8	JOB 30:9	med	kjv	3	0.362	G1510,2192,2788
REV 5:8	1CH 28:17	med	kjv	3	0.348	G1538,5357,5552
REV 5:8	2KI 25:15	med	kjv	3	0.322	G2983,5357,5552
REV 5:9	PSA 144:9	med	kjv	4	0.438	G0103,2316,2537,5603
REV 5:9	PSA 96:1	med	kjv	4	0.392	G0103,2537,3956,5603
REV 5:9	1CH 21:24	med	kjv	5	0.356	G0059,0514,1510,2983,3004
REV 5:11	EZK 10:20	med	kjv	3	0.328	G1510,2226,3708
REV 5:12	ISA 29:2	med	kjv	3	0.385	G1510,2479,4149
REV 5:12	DAN 2:37	med	kjv	3	0.315	G1391,2479,5092
REV 5:12	JOB 40:15	med	kjv	3	0.312	G1391,1411,5092
REV 5:13	DAN 4:30	med	kjv	5	0.322	G1391,1510,2904,3004,5092
REV 5:13	SIR 40:3	med	kjv	4	0.32	G1093,1391,2362,2521
REV 5:14	EXO 24:1	med	kjv	3	0.42	G3004,4245,4352
REV 5:14	JDT 6:18	med	kjv	3	0.418	G3004,4098,4352
REV 6:1	EZK 1:15	med	kjv	4	0.395	G1520,2226,3708,5064
REV 6:4	GEN 22:10	med	kjv	3	0.357	G2983,3162,4969
REV 6:5	PSA 145:16	med	kjv	3	0.32	G0455,2226,5495
REV 6:6	2CH 2:16	high	kjv	5	0.464	G1637,2915,3004,3631,4621
REV 6:6	HOS 2:22	med	kjv	3	0.343	G1637,3631,4621
REV 6:6	NUM 18:12	med	kjv	3	0.328	G1637,3631,4621
REV 6:8	JER 44:13	med	kjv	5	0.404	G1093,2288,2521,3042,4501
REV 6:8	EZK 14:21	med	kjv	4	0.309	G2288,2342,3042,4501
REV 6:10	2SA 19:3	med	kjv	4	0.398	G2896,3004,3173,5456
REV 6:10	JER 48:3	med	kjv	3	0.327	G2896,3173,5456
REV 6:10	2CH 9:5	med	kjv	3	0.316	G0228,1093,3004
REV 6:13	PSA 68:8	med	kjv	3	0.347	G1093,3772,4579
REV 6:13	NEH 9:23	med	kjv	3	0.332	G0792,1093,3772
REV 6:13	DAN 8:10	med	kjv	3	0.316	G0792,1093,3772
REV 6:14	ISA 34:4	med	kjv	4	0.345	G0975,1667,3772,3956
REV 6:15	1SA 13:6	med	kjv	3	0.424	G2928,4073,4693
REV 6:15	ISA 33:16	med	kjv	3	0.346	G2478,4073,4693
REV 6:15	JOS 10:17	med	kjv	3	0.309	G0935,2928,4693
REV 6:16	JOB 14:18	med	kjv	3	0.365	G3735,4073,4098
REV 6:17	1CH 12:22	med	kjv	3	0.42	G2064,2250,3173
REV 6:17	DAN 8:6	med	kjv	3	0.37	G2064,2476,3709
REV 7:1	ZEC 6:5	med	kjv	5	0.316	G0032,0417,1093,3956,5064
REV 7:2	JER 22:20	med	kjv	5	0.365	G0305,1325,2281,2896,5456
REV 7:2	2SA 19:3	med	kjv	3	0.319	G2896,3173,5456
REV 7:3	DAN 10:12	med	kjv	3	0.318	G2316,3004,3361
REV 7:4	NUM 1:27	med	kjv	3	0.424	G5064,5443,5505
REV 7:4	NUM 1:29	med	kjv	3	0.386	G5064,5443,5505
REV 7:4	NUM 1:49	med	kjv	4	0.382	G0706,2474,5207,5443
REV 7:5	JOS 1:12	high	kjv	3	0.513	G1045,4502,5443
REV 7:5	JOS 22:15	high	kjv	3	0.479	G1045,4502,5443
REV 7:5	1CH 6:63	high	kjv	3	0.476	G1045,4502,5443
REV 7:6	1CH 6:62	high	kjv	3	0.528	G0768,3128,5443
REV 7:6	JOS 21:6	high	kjv	3	0.521	G0768,3128,5443
REV 7:6	NUM 1:41	high	kjv	3	0.503	G0768,5443,5505
REV 7:7	ZEC 12:13	high	kjv	3	0.703	G3017,4826,5443
REV 7:7	1CH 2:1	high	kjv	3	0.624	G2466,3017,4826
REV 7:7	GEN 35:23	high	kjv	3	0.585	G2466,3017,4826
REV 7:8	NUM 1:31	high	kjv	3	0.466	G2194,5443,5505
REV 7:10	2SA 19:3	med	kjv	4	0.425	G2896,3004,3173,5456
REV 7:10	PSA 47:8	med	kjv	3	0.38	G2316,2362,2521
REV 7:10	JER 48:3	med	kjv	3	0.349	G2896,3173,5456
REV 7:11	SIR 16:30	med	kjv	3	0.365	G2226,3956,4383
REV 7:11	SIR 50:17	med	kjv	5	0.343	G2316,3956,4098,4352,4383
REV 7:11	1KI 18:39	med	kjv	4	0.336	G2316,3956,4098,4383
REV 7:12	DAN 2:37	med	kjv	3	0.388	G1391,2479,5092
REV 7:12	JOB 40:15	med	kjv	3	0.384	G1391,1411,5092
REV 7:12	DEU 16:17	med	kjv	3	0.356	G1411,2129,2316
REV 7:13	EZK 20:3	med	kjv	4	0.354	G0611,2064,3004,4245
REV 7:13	GEN 29:26	med	kjv	3	0.349	G0611,1510,4245
REV 7:13	GEN 24:65	med	kjv	3	0.308	G1510,3004,4016
REV 7:15	JER 36:30	med	kjv	5	0.38	G1510,2250,2362,2521,3571
REV 7:15	PSA 47:8	med	kjv	3	0.37	G2316,2362,2521
REV 7:15	SIR 1:8	med	kjv	3	0.31	G1510,2362,2521
REV 7:16	JER 31:25	med	kjv	3	0.339	G1372,3956,3983
REV 7:16	ISA 49:10	med	kjv	3	0.329	G1372,2246,3983
REV 7:17	JER 9:19	med	kjv	3	0.349	G1144,3788,5204
REV 7:17	PSS 8:23	med	kjv	3	0.334	G0721,2316,3319
REV 7:17	JER 9:2	med	kjv	4	0.332	G1144,3788,4077,5204
REV 8:2	EXO 20:18	high	kjv	3	0.453	G2476,3708,4536
REV 8:3	1CH 9:29	med	kjv	3	0.329	G0040,3031,3956
REV 8:4	PSA 141:2	high	kjv	3	0.491	G2368,4335,5495
REV 8:4	TOB 12:15	med	kjv	3	0.414	G0032,0040,4335
REV 8:5	ISA 29:6	med	kjv	4	0.38	G1027,4442,4578,5456
REV 8:5	PSA 77:18	med	kjv	5	0.339	G0796,1027,1093,1096,5456
REV 8:7	EXO 9:26	med	kjv	3	0.343	G1093,1096,5464
REV 8:7	GEN 2:5	med	kjv	5	0.34	G1093,1096,3956,5515,5528
REV 8:7	GEN 1:30	med	kjv	5	0.316	G1093,1096,3956,5515,5528
REV 8:8	NUM 10:6	med	kjv	4	0.4	G1208,2281,4537,5154
REV 8:8	JDG 3:27	med	kjv	3	0.315	G1096,3735,4537
REV 8:10	GEN 16:7	med	kjv	3	0.339	G0032,4077,5204
REV 8:10	1MA 4:40	med	kjv	3	0.318	G3772,4098,4537
REV 8:12	ECC 12:2	high	kjv	4	0.472	G0792,2246,4582,4654
REV 8:12	ISA 13:10	high	kjv	4	0.472	G0792,2246,4582,4654
REV 8:12	PSA 121:6	med	kjv	4	0.436	G2246,2250,3571,4582
REV 8:13	1MA 3:54	high	kjv	4	0.454	G3173,4536,4537,5456
REV 8:13	JER 4:21	med	kjv	4	0.372	G0191,3708,4536,5456
REV 8:13	1MA 7:45	med	kjv	3	0.355	G1520,4536,4537
REV 9:1	1MA 4:40	med	kjv	4	0.336	G1093,3772,4098,4537
REV 9:1	PSA 135:6	med	kjv	3	0.304	G0012,1093,3772
REV 9:2	EXO 19:18	med	kjv	3	0.324	G0305,2575,2586
REV 9:4	GEN 2:5	med	kjv	6	0.314	G0444,1093,2316,3956,5515,5528
REV 9:6	ISA 41:12	med	kjv	3	0.425	G0444,2147,2212
REV 9:6	LEV 24:21	med	kjv	3	0.305	G0444,0599,2288
REV 9:7	PRO 21:31	med	kjv	3	0.363	G2090,2462,4171
REV 9:9	1MA 8:6	med	kjv	5	0.35	G0716,2192,2462,4171,4183
REV 9:9	JER 6:23	med	kjv	4	0.318	G0716,2462,4171,5456
REV 9:9	EZK 38:4	med	kjv	3	0.311	G2382,2462,4183
REV 9:13	EXO 37:3	med	kjv	3	0.329	G1520,5064,5552
REV 9:14	GEN 15:18	med	kjv	4	0.356	G2166,3004,3173,4215
REV 9:14	JOS 1:4	med	kjv	3	0.315	G2166,3173,4215
REV 9:15	1CH 27:5	med	kjv	3	0.323	G3376,5064,5154
REV 9:17	SIR 48:9	med	kjv	3	0.366	G2462,4442,4447
REV 9:18	JOB 41:21	med	kjv	3	0.417	G1607,2586,4442
REV 9:18	2SA 22:9	med	kjv	3	0.36	G2586,4442,4750
REV 9:18	JOB 41:20	med	kjv	3	0.331	G1607,4442,4750
REV 9:19	DEU 28:44	high	kjv	3	0.55	G1510,2776,3769
REV 9:19	DEU 28:13	med	kjv	3	0.381	G1510,2776,3769
REV 9:19	ISA 19:15	med	kjv	3	0.379	G1510,2776,3769
REV 9:20	BEL 1:24	med	kjv	3	0.363	G3361,4352,5470
REV 9:20	LJE 1:29	med	kjv	3	0.306	G0693,3585,5552
REV 10:1	JDG 6:12	med	kjv	3	0.321	G0032,2478,3708
REV 10:1	EXO 13:22	med	kjv	3	0.315	G3507,4442,4769
REV 10:1	DEU 31:15	med	kjv	3	0.31	G2597,3507,4769
REV 10:2	PSA 89:25	high	kjv	4	0.511	G1188,2281,5087,5495
REV 10:2	EXO 14:29	high	kjv	3	0.472	G1188,2176,2281
REV 10:2	EXO 14:22	high	kjv	3	0.469	G1188,2176,2281
REV 10:3	2SA 19:3	high	kjv	3	0.474	G2896,3173,5456
REV 10:3	JER 48:3	med	kjv	3	0.406	G2896,3173,5456
REV 10:3	ISA 29:6	med	kjv	3	0.382	G1027,3173,5456
REV 10:5	DEU 32:40	high	kjv	4	0.526	G0142,1188,3772,5495
REV 10:5	PSA 89:25	high	kjv	3	0.455	G1188,2281,5495
REV 10:5	ISA 48:13	med	kjv	5	0.436	G1093,1188,2476,3772,5495
REV 10:6	SIR 18:1	high	kjv	3	0.63	G0165,2198,2936
REV 10:6	DEU 32:40	high	kjv	4	0.493	G0165,2198,3660,3772
REV 10:6	1ES 6:12	high	kjv	4	0.457	G1093,1510,2936,3772
REV 10:7	PSS 11:1	med	kjv	4	0.333	G2097,2316,4537,5456
REV 10:8	ISA 37:14	high	kjv	4	0.478	G0032,0455,0975,2983
REV 10:8	TOB 12:5	high	kjv	4	0.461	G0032,2983,3004,5217
REV 10:8	NEH 8:5	med	kjv	3	0.436	G0455,0975,2476
REV 10:9	PSA 119:103	med	kjv	3	0.438	G1099,3192,4750
REV 10:9	EZK 3:3	med	kjv	5	0.38	G1325,2836,3004,3192,4750
REV 10:10	PSA 119:103	high	kjv	3	0.458	G1099,3192,4750
REV 10:10	EZK 3:3	med	kjv	3	0.355	G2836,3192,4750
REV 10:11	EZK 36:3	high	kjv	4	0.456	G1100,1484,3004,4395
REV 10:11	EZK 3:6	med	kjv	3	0.437	G1100,2992,4183
REV 10:11	AMO 7:15	med	kjv	3	0.412	G2992,3004,4395
REV 11:1	GEN 47:31	med	kjv	3	0.301	G3004,4352,4464
REV 11:4	ISA 24:13	med	kjv	3	0.438	G1093,1510,1636
REV 11:5	ISA 1:20	high	kjv	3	0.453	G2309,2719,4750
REV 11:5	NAM 3:13	med	kjv	3	0.387	G2190,2719,4442
REV 11:5	JOB 41:20	med	kjv	3	0.353	G1607,4442,4750
REV 11:6	EZK 22:24	med	kjv	4	0.368	G1026,1093,2250,5205
REV 11:6	JOB 5:10	med	kjv	4	0.315	G1093,3772,5204,5205
REV 11:9	GEN 10:20	med	kjv	3	0.358	G1100,1484,5443
REV 11:10	JOL 2:21	med	kjv	3	0.345	G1093,2165,5463
REV 11:10	LAM 4:21	med	kjv	4	0.327	G1093,2165,2730,5463
REV 11:11	EZK 3:24	med	kjv	4	0.393	G1525,2476,4151,4228
REV 11:11	EZK 37:10	med	kjv	4	0.326	G1525,2476,4151,4228
REV 11:12	BAR 3:29	high	kjv	3	0.567	G0305,3507,3772
REV 11:12	PSA 108:4	med	kjv	3	0.447	G3173,3507,3772
REV 11:12	DEU 30:12	med	kjv	4	0.447	G0191,0305,3004,3772
REV 11:13	EZK 3:12	med	kjv	3	0.303	G1391,3173,4578
REV 11:15	JOS 6:16	med	kjv	5	0.382	G1096,1442,2962,3004,4537
REV 11:15	1SA 16:6	med	kjv	4	0.367	G1096,2962,3004,5547
REV 11:15	EXO 15:18	med	kjv	3	0.367	G0165,0936,2962
REV 11:16	PSA 47:8	high	kjv	3	0.454	G2316,2362,2521
REV 11:16	JDT 6:18	med	kjv	3	0.404	G2316,4098,4352
REV 11:16	SIR 50:17	med	kjv	4	0.398	G2316,4098,4352,4383
REV 11:17	JDT 8:25	high	kjv	3	0.546	G2168,2316,2962
REV 11:17	2MA 1:11	high	kjv	3	0.538	G2168,2316,3173
REV 11:17	ZEC 1:3	med	kjv	4	0.442	G1411,2962,3004,3841
REV 11:18	ZEC 1:2	med	kjv	3	0.399	G3173,3709,3710
REV 11:18	SIR 36:15	med	kjv	3	0.343	G1325,3408,4396
REV 11:18	PSA 115:13	med	kjv	3	0.337	G3173,3398,5399
REV 11:19	ISA 29:6	med	kjv	4	0.414	G1027,3173,4578,5456
REV 11:19	PSA 77:18	med	kjv	4	0.364	G0796,1027,1096,5456
REV 11:19	JDG 20:27	med	kjv	3	0.35	G1242,2316,2787
REV 12:1	JOL 3:15	high	kjv	3	0.455	G0792,2246,4582
REV 12:1	PSA 8:3	high	kjv	4	0.451	G0792,3708,3772,4582
REV 12:1	ISA 13:10	med	kjv	4	0.426	G0792,2246,3772,4582
REV 12:2	ISA 54:1	med	kjv	3	0.363	G2192,5088,5605
REV 12:2	GEN 16:11	med	kjv	3	0.358	G1064,2192,5088
REV 12:3	DAN 7:20	med	kjv	5	0.37	G0243,2192,2768,2776,3173
REV 12:4	ISA 47:13	med	kjv	3	0.325	G0792,3195,3772
REV 12:5	PSA 2:9	med	kjv	3	0.431	G4165,4464,4603
REV 12:5	PSS 17:24	med	kjv	4	0.361	G1484,3956,4464,4603
REV 12:5	JDG 4:13	med	kjv	3	0.301	G1484,3956,4603
REV 12:10	PSA 88:1	med	kjv	4	0.361	G2250,2316,3571,4991
REV 12:10	1MA 4:25	med	kjv	4	0.328	G1096,2250,3173,4991
REV 12:13	LEV 12:2	med	kjv	3	0.416	G0730,1135,5088
REV 12:13	EXO 2:2	med	kjv	3	0.33	G0730,3708,5088
REV 12:14	ISA 6:2	med	kjv	3	0.328	G4072,4383,4420
REV 12:15	GEN 3:13	med	kjv	3	0.428	G1135,3789,4160
REV 12:15	EXO 7:15	med	kjv	3	0.418	G3789,4215,5204
REV 12:16	PSA 106:17	med	kjv	3	0.42	G0455,1093,2666
REV 12:16	DEU 11:6	med	kjv	4	0.417	G0455,1093,2666,4750
REV 12:16	NUM 16:32	med	kjv	3	0.375	G0455,1093,2666
REV 12:17	GEN 3:15	med	kjv	3	0.309	G1135,4690,5083
REV 13:1	DAN 8:20	med	kjv	3	0.323	G2192,2768,3708
REV 13:2	DAN 7:6	med	kjv	3	0.315	G1325,2342,3917
REV 13:4	BEL 1:25	med	kjv	4	0.4	G1325,1404,1849,3004
REV 13:4	JER 1:19	med	kjv	3	0.355	G1410,3004,4170
REV 13:5	1MA 1:13	med	kjv	3	0.341	G1325,1849,4160
REV 13:5	1MA 10:8	med	kjv	3	0.34	G1325,1849,3173
REV 13:7	1MA 1:13	high	kjv	5	0.461	G1325,1484,1849,2992,4160
REV 13:7	GEN 10:20	med	kjv	3	0.443	G1100,1484,5443
REV 13:7	GEN 10:31	med	kjv	3	0.346	G1100,1484,5443
REV 13:9	PSA 115:6	high	kjv	3	1.0	G0191,2192,3775
REV 13:10	JER 15:2	med	kjv	3	0.314	G0161,1510,3162
REV 13:11	DAN 7:20	med	kjv	4	0.321	G0243,2192,2768,2980
REV 13:11	DAN 8:20	med	kjv	3	0.31	G2192,2768,3708
REV 13:12	JER 10:18	med	kjv	3	0.335	G1093,2730,4127
REV 13:13	2KI 1:10	high	kjv	4	0.472	G0444,2597,3772,4442
REV 13:13	2KI 1:12	high	kjv	4	0.456	G0444,2597,3772,4442
REV 13:13	PSA 115:16	med	kjv	3	0.427	G0444,1093,3772
REV 13:14	JER 10:18	med	kjv	4	0.344	G1093,2730,3004,4127
REV 13:14	EZK 33:27	med	kjv	5	0.315	G1325,2198,2342,3004,3162
REV 13:14	EXO 12:13	med	kjv	3	0.308	G1093,4127,4592
REV 13:16	PRO 22:2	med	kjv	3	0.363	G4145,4160,4434
REV 13:16	1ES 3:18	med	kjv	3	0.33	G1658,4145,4160
REV 13:16	EZK 9:4	med	kjv	3	0.32	G1325,3359,3956
REV 14:2	ISA 23:16	high	kjv	3	0.505	G2788,2789,4183
REV 14:2	PSA 29:3	med	kjv	3	0.304	G4183,5204,5456
REV 14:3	PSA 144:9	med	kjv	3	0.406	G0103,2537,5603
REV 14:3	PSA 96:1	med	kjv	4	0.387	G0103,1093,2537,5603
REV 14:3	PSA 137:4	med	kjv	3	0.34	G0103,1093,5603
REV 14:4	MAL 3:8	med	kjv	4	0.348	G0444,0536,1510,2316
REV 14:6	GEN 10:20	med	kjv	3	0.31	G1100,1484,5443
REV 14:7	DEU 33:13	med	kjv	5	0.406	G1093,3004,3772,4077,5610
REV 14:7	PSA 29:3	med	kjv	4	0.398	G1391,2316,5204,5456
REV 14:7	JER 48:21	med	kjv	3	0.386	G1093,2064,2920
REV 14:8	JER 51:49	med	kjv	3	0.344	G0897,3956,4098
REV 14:8	DEU 29:23	med	kjv	5	0.304	G1484,2372,3004,3173,3956
REV 14:10	PSS 8:14	high	kjv	5	0.561	G0194,2316,2767,3631,4221
REV 14:10	PSA 75:8	high	kjv	4	0.473	G0194,3631,4095,4221
REV 14:10	JER 25:15	med	kjv	4	0.406	G0194,2316,3631,4221
REV 14:11	ISA 34:10	med	kjv	5	0.351	G0165,0305,2250,2586,3571
REV 14:12	NUM 15:40	med	kjv	4	0.363	G0040,1510,1785,2316
REV 14:15	LEV 23:10	med	kjv	3	0.308	G1093,2325,2326
REV 14:18	GEN 40:10	med	kjv	3	0.346	G0288,1009,4718
REV 14:18	JER 6:9	med	kjv	3	0.306	G0288,3004,5166
REV 14:19	NUM 22:24	med	kjv	3	0.312	G0032,0288,2316
REV 14:20	2MA 12:29	med	kjv	3	0.331	G1812,4172,4712
REV 15:1	TOB 12:22	med	kjv	4	0.418	G0032,2298,3173,3708
REV 15:1	ISA 45:22	med	kjv	3	0.345	G0243,2078,2316
REV 15:1	DEU 28:59	med	kjv	3	0.327	G2298,3173,4127
REV 15:2	DAN 2:31	med	kjv	3	0.327	G1504,2476,3708
REV 15:2	DAN 3:5	med	kjv	3	0.308	G1504,2476,2788
REV 15:3	PSA 138:5	med	kjv	4	0.435	G0103,2962,3173,5603
REV 15:3	DAN 3:27	med	kjv	4	0.374	G0228,1342,2041,3598
REV 15:3	PSA 137:4	med	kjv	3	0.368	G0103,2962,5603
REV 15:4	PSA 86:9	high	kjv	7	0.506	G1392,1484,2240,2962,3686,3956,4352
REV 15:4	DAN 10:12	med	kjv	3	0.331	G2962,3361,5399
REV 15:4	PSS 13:12	med	kjv	3	0.317	G2962,3741,5399
REV 15:7	EZK 1:15	med	kjv	3	0.379	G1520,2226,5064
REV 16:1	TOB 12:5	med	kjv	3	0.413	G0032,3004,5217
REV 16:1	EZK 39:29	med	kjv	3	0.315	G1632,2372,3004
REV 16:2	GEN 9:6	med	kjv	3	0.41	G0444,1504,1632
REV 16:3	JOB 36:14	med	kjv	3	0.316	G0599,2222,5590
REV 16:4	WIS 11:6	high	kjv	3	0.523	G0129,4077,4215
REV 16:4	DEU 12:16	high	kjv	3	0.489	G0129,1632,5204
REV 16:4	DEU 15:23	high	kjv	3	0.489	G0129,1632,5204
REV 16:5	PSA 58:11	med	kjv	4	0.42	G1342,1510,2919,3004
REV 16:5	HAG 1:13	med	kjv	3	0.391	G0032,1510,3004
REV 16:6	LAM 4:13	med	kjv	3	0.437	G0129,1632,4396
REV 16:6	PSA 79:3	med	kjv	3	0.355	G0129,1510,1632
REV 16:6	EZK 24:7	med	kjv	3	0.341	G0129,1510,1632
REV 16:7	DAN 3:27	high	kjv	3	0.552	G0228,1342,2920
REV 16:7	DEU 32:4	high	kjv	5	0.5	G0228,1342,2316,2920,2962
REV 16:7	TOB 3:2	high	kjv	4	0.47	G0228,1342,2920,2962
REV 16:8	EZK 22:31	med	kjv	3	0.327	G1325,1632,4442
REV 16:11	JON 3:10	med	kjv	3	0.344	G2041,2316,3340
REV 16:12	1CH 5:9	med	kjv	3	0.384	G0395,2166,4215
REV 16:12	JOS 1:4	med	kjv	4	0.378	G2166,2246,3173,4215
REV 16:12	1CH 18:3	med	kjv	3	0.326	G0935,2166,4215
REV 16:13	ZEC 13:2	med	kjv	3	0.379	G0169,4151,5578
REV 16:14	PSA 96:5	med	kjv	3	0.383	G1140,2316,4160
REV 16:14	DAN 3:45	med	kjv	4	0.354	G1510,2316,3625,3650
REV 16:14	ISA 37:18	med	kjv	3	0.327	G0935,3625,3650
REV 16:18	ISA 29:6	high	kjv	4	0.543	G1027,3173,4578,5456
REV 16:18	PSA 77:18	high	kjv	5	0.497	G0796,1027,1093,1096,5456
REV 16:18	EZK 3:12	med	kjv	3	0.401	G3173,4578,5456
REV 16:19	DEU 29:23	med	kjv	4	0.429	G1484,2372,3173,3709
REV 16:19	GEN 40:13	med	kjv	4	0.41	G1325,3403,4221,5140
REV 16:19	JER 51:7	med	kjv	4	0.403	G0897,1484,3631,4221
REV 16:20	1MA 4:5	med	kjv	3	0.42	G2147,3735,5343
REV 16:21	EXO 9:22	med	kjv	4	0.31	G0444,1510,3772,5464
REV 16:21	DAN 3:96	med	kjv	3	0.306	G0987,1510,2316
REV 17:1	ZEC 1:9	med	kjv	4	0.394	G0032,1166,2980,3004
REV 17:2	JER 51:7	med	kjv	3	0.387	G1093,3182,3631
REV 17:4	2CH 3:6	med	kjv	4	0.408	G3037,5093,5553,5558
REV 17:4	EXO 25:11	med	kjv	3	0.35	G5552,5553,5558
REV 17:9	NEH 2:6	med	kjv	5	0.42	G0935,1510,2192,2521,3735
REV 17:9	4MA 1:15	med	kjv	3	0.395	G1510,3563,4678
REV 17:9	ISA 10:12	med	kjv	3	0.31	G1510,3563,3735
REV 17:10	1SA 14:5	med	kjv	3	0.4	G0243,1520,2064
REV 17:12	DAN 8:20	med	kjv	4	0.334	G0935,1510,2768,3708
REV 17:12	1MA 1:41	med	kjv	3	0.326	G0932,0935,1520
REV 17:13	1MA 10:8	med	kjv	3	0.381	G1325,1411,1849
REV 17:13	1MA 10:6	med	kjv	3	0.339	G1325,1411,1849
REV 17:15	DAN 3:4	med	kjv	4	0.376	G1100,1484,2992,3793
REV 17:15	GEN 38:22	med	kjv	3	0.324	G1510,3004,4204
REV 17:15	EXO 18:14	med	kjv	4	0.32	G2521,2992,3004,3708
REV 17:16	DEU 12:31	med	kjv	4	0.397	G2618,3404,4160,4442
REV 17:16	2KI 17:31	med	kjv	3	0.396	G2618,4160,4442
REV 17:17	EZR 5:16	med	kjv	3	0.358	G1325,2316,5055
REV 17:17	2CH 30:12	med	kjv	5	0.347	G1325,1520,2588,3056,4160
REV 17:17	WIS 12:9	med	kjv	4	0.333	G1325,1520,2342,3056
REV 17:18	ISA 37:13	med	kjv	3	0.439	G0935,1510,4172
REV 17:18	PSA 95:3	med	kjv	3	0.425	G0935,1093,3173
REV 17:18	1SA 28:13	med	kjv	4	0.396	G0935,1093,1135,3708
REV 18:1	SIR 43:9	med	kjv	3	0.367	G1391,3772,5461
REV 18:1	PSA 57:5	med	kjv	3	0.301	G1093,1391,3772
REV 18:1	PSA 57:11	med	kjv	3	0.301	G1093,1391,3772
REV 18:2	2SA 19:3	med	kjv	4	0.32	G2896,3004,3173,5456
REV 18:2	JER 51:49	med	kjv	3	0.308	G0897,3956,4098
REV 18:3	EZK 16:15	med	kjv	3	0.318	G3956,4202,4203
REV 18:4	DEU 30:12	med	kjv	4	0.317	G0191,2983,3004,3772
REV 18:7	BEL 1:24	med	kjv	3	0.31	G1510,3004,3361
REV 18:7	DAN 10:12	med	kjv	3	0.306	G1325,3004,3361
REV 18:7	ISA 47:8	med	kjv	5	0.306	G1510,2521,2588,3004,5503
REV 18:8	2KI 17:31	med	kjv	3	0.41	G2316,2618,4442
REV 18:8	2CH 6:28	med	kjv	3	0.328	G2288,3042,4127
REV 18:8	1CH 14:12	med	kjv	3	0.303	G2316,2618,4442
REV 18:9	JER 22:18	med	kjv	3	0.324	G0935,2799,2875
REV 18:10	JOS 10:2	med	kjv	4	0.385	G1520,2478,3173,4172
REV 18:12	DAN 2:45	med	kjv	5	0.349	G0696,3037,4604,5475,5557
REV 18:12	ISA 3:23	med	kjv	3	0.327	G1039,2847,5557
REV 18:12	2CH 2:15	med	kjv	7	0.319	G2847,3037,3586,3956,4209,4604,5475
REV 18:13	PRO 27:9	high	kjv	4	0.513	G2368,3464,3631,5590
REV 18:13	DEU 18:4	med	kjv	4	0.409	G1637,3631,4263,4621
REV 18:13	SNG 4:14	med	kjv	3	0.38	G2792,3030,3464
REV 18:16	2CH 3:6	high	kjv	4	0.503	G3037,5093,5553,5558
REV 18:16	1KI 7:10	med	kjv	3	0.36	G3037,3173,5093
REV 18:16	2CH 9:10	med	kjv	3	0.338	G3037,5093,5553
REV 18:19	2SA 18:33	med	kjv	3	0.329	G2799,3004,3996
REV 18:20	ISA 28:26	med	kjv	3	0.363	G2165,2316,2917
REV 18:20	PSS 2:32	med	kjv	3	0.318	G2917,2919,3772
REV 18:22	EZK 26:13	med	kjv	3	0.31	G0191,3451,5456
REV 18:23	JER 25:10	med	kjv	5	0.38	G3088,3565,3566,5456,5457
REV 18:23	BAR 2:23	med	kjv	6	0.305	G1093,1510,3565,3566,3956,5456
REV 18:24	1SA 14:32	med	kjv	3	0.376	G0129,1093,4969
REV 19:1	PSA 29:3	high	kjv	4	0.465	G1391,2316,4183,5456
REV 19:1	PSA 3:2	high	kjv	4	0.457	G2316,3004,4183,4991
REV 19:1	EZK 17:17	med	kjv	4	0.408	G1411,3173,3793,4183
REV 19:2	TOB 3:2	med	kjv	4	0.387	G0228,1342,2919,2920
REV 19:2	DAN 3:27	med	kjv	3	0.365	G0228,1342,2920
REV 19:2	EZK 23:45	med	kjv	4	0.34	G0129,1342,1556,5495
REV 19:3	ISA 34:10	med	kjv	3	0.345	G0165,0305,2586
REV 19:4	PSA 47:8	med	kjv	3	0.41	G2316,2362,2521
REV 19:4	JDT 6:18	med	kjv	4	0.386	G2316,3004,4098,4352
REV 19:4	EXO 24:1	med	kjv	3	0.352	G3004,4245,4352
REV 19:5	PSA 115:13	high	kjv	3	0.488	G3173,3398,5399
REV 19:5	JOB 38:7	med	kjv	4	0.402	G0134,3173,3956,5456
REV 19:5	BAR 2:29	med	kjv	3	0.347	G3173,3398,5456
REV 19:6	PSA 29:3	med	kjv	5	0.392	G2316,2962,4183,5204,5456
REV 19:6	NUM 20:20	med	kjv	3	0.355	G2478,3004,3793
REV 19:6	AMO 3:13	med	kjv	5	0.351	G0191,2316,2962,3004,3841
REV 19:7	TOB 9:6	high	kjv	3	0.476	G1062,1135,2064
REV 19:9	2SA 7:28	med	kjv	4	0.319	G0228,1510,2316,3056
REV 19:9	2CH 9:5	med	kjv	3	0.306	G0228,3004,3056
REV 19:10	BEL 1:24	med	kjv	4	0.371	G1510,3004,3361,4352
REV 19:13	ISA 4:1	med	kjv	4	0.37	G2440,2564,3686,4016
REV 19:15	JER 48:33	high	kjv	3	0.464	G3025,3631,3961
REV 19:15	ISA 10:5	med	kjv	3	0.377	G2372,3709,4464
REV 19:15	PSA 2:9	med	kjv	3	0.367	G4165,4464,4603
REV 19:16	3MA 6:41	med	kjv	3	0.342	G0935,1125,2192
REV 19:17	DEU 4:17	med	kjv	3	0.394	G3732,3956,4072
REV 19:17	2SA 19:3	med	kjv	4	0.344	G2896,3004,3173,5456
REV 19:18	1ES 4:35	med	kjv	3	0.307	G2478,3173,3956
REV 19:19	PSA 48:4	med	kjv	3	0.38	G0935,1093,4863
REV 19:19	JDT 11:8	med	kjv	3	0.367	G1093,4171,4753
REV 19:21	1SA 15:8	med	kjv	4	0.351	G0615,3956,4501,4750
REV 20:1	PSA 107:26	med	kjv	3	0.34	G0012,2597,3772
REV 20:6	1MA 9:3	med	kjv	3	0.315	G1208,2094,4413
REV 20:6	2KI 14:1	med	kjv	3	0.314	G0936,1208,2094
REV 20:7	PSA 90:4	high	kjv	3	0.479	G2094,5438,5507
REV 20:8	EZK 38:2	high	kjv	3	0.458	G1093,1136,3098
REV 20:8	HOS 1:10	med	kjv	3	0.349	G0285,0706,2281
REV 20:8	GEN 41:49	med	kjv	4	0.347	G0285,0706,2281,4863
REV 20:9	2KI 1:10	med	kjv	4	0.426	G2597,2719,3772,4442
REV 20:9	2KI 1:12	med	kjv	4	0.411	G2597,2719,3772,4442
REV 20:9	2KI 1:14	med	kjv	4	0.393	G2597,2719,3772,4442
REV 20:11	EXO 16:14	med	kjv	3	0.383	G1093,3022,4383
REV 20:11	2CH 18:18	med	kjv	4	0.368	G2362,2521,3708,3772
REV 20:11	SIR 40:3	med	kjv	3	0.341	G1093,2362,2521
REV 20:12	NEH 8:5	med	kjv	4	0.435	G0455,0975,1510,2476
REV 20:12	DEU 25:13	med	kjv	3	0.38	G1510,3173,3398
REV 20:12	JOS 24:26	med	kjv	4	0.331	G0975,1125,2476,3173
REV 20:13	SIR 48:5	high	kjv	3	0.514	G0086,2288,3498
REV 20:14	PSA 6:5	med	kjv	3	0.323	G0086,1510,2288
REV 20:14	PSA 89:48	med	kjv	3	0.322	G0086,1510,2288
REV 21:1	ISA 65:17	med	kjv	4	0.312	G1093,1510,2537,3772
REV 21:2	ECC 7:13	med	kjv	3	0.311	G2316,2885,3708
REV 21:3	EZK 8:15	med	kjv	4	0.38	G0444,3004,3173,3708
REV 21:3	ISA 6:8	med	kjv	5	0.336	G0191,1510,2992,3004,5456
REV 21:3	DEU 5:28	med	kjv	4	0.323	G0191,2992,3004,5456
REV 21:4	PSA 116:8	med	kjv	3	0.338	G1144,2288,3788
REV 21:5	3MA 2:11	high	kjv	3	0.601	G0228,1510,4103
REV 21:5	DEU 32:4	med	kjv	4	0.381	G0228,1510,3956,4103
REV 21:5	2CH 9:5	med	kjv	3	0.372	G0228,3004,3056
REV 21:6	ISA 41:18	high	kjv	3	0.476	G1372,4077,5204
REV 21:6	ISA 49:10	med	kjv	3	0.397	G1372,4077,5204
REV 21:6	PRO 18:4	med	kjv	3	0.386	G2222,4077,5204
REV 21:9	ZEC 1:9	med	kjv	4	0.344	G0032,1166,2980,3004
REV 21:10	PSA 48:1	high	kjv	5	0.504	G0040,2316,3173,3735,4172
REV 21:10	GEN 7:19	med	kjv	3	0.325	G3735,3772,5308
REV 21:10	PSA 77:13	med	kjv	3	0.322	G0040,2316,3173
REV 21:11	PRO 26:8	med	kjv	3	0.414	G1391,3037,3664
REV 21:12	ISA 44:5	med	kjv	4	0.428	G1510,1924,2474,3686
REV 21:12	NUM 17:18	med	kjv	4	0.414	G1510,1924,3686,5443
REV 21:12	NUM 17:17	med	kjv	4	0.365	G1924,2474,3686,5207
REV 21:13	2CH 4:4	high	kjv	5	0.654	G0395,1005,1424,3558,5140
REV 21:13	PSA 107:3	high	kjv	3	0.529	G0395,1005,1424
REV 21:13	1KI 7:25	high	kjv	4	0.521	G0395,1005,3558,5140
REV 21:15	EZK 33:30	med	kjv	3	0.325	G2980,4440,5038
REV 21:16	EXO 28:16	med	kjv	3	0.449	G1510,3372,5068
REV 21:16	EZK 40:5	med	kjv	4	0.429	G2470,2563,4114,5311
REV 21:16	EXO 30:2	med	kjv	4	0.4	G1510,3372,5068,5311
REV 21:17	EXO 26:2	med	kjv	4	0.432	G1510,3358,4083,5064
REV 21:17	EXO 26:8	med	kjv	4	0.416	G1510,3358,4083,5064
REV 21:17	NUM 35:5	med	kjv	3	0.415	G1510,3354,4083
REV 21:19	EXO 28:18	high	kjv	3	0.498	G1208,2393,4552
REV 21:19	EXO 39:11	high	kjv	3	0.498	G1208,2393,4552
REV 21:19	TOB 13:16	med	kjv	4	0.414	G3037,4552,4665,5038
REV 21:20	1CH 26:3	high	kjv	4	0.458	G1442,1623,3590,3991
REV 21:20	1MA 4:52	med	kjv	3	0.329	G1766,3590,3991
REV 21:20	1CH 26:5	med	kjv	3	0.316	G1442,1623,3590
REV 21:21	EXO 25:36	med	kjv	4	0.407	G1510,1520,2513,5553
REV 21:22	AMO 9:15	med	kjv	3	0.382	G2316,2962,3841
REV 21:22	HOS 12:5	med	kjv	4	0.344	G1510,2316,2962,3841
REV 21:22	ZEC 8:9	med	kjv	3	0.311	G2962,3485,3841
REV 21:23	ISA 60:19	high	kjv	5	0.454	G1391,2246,2316,4582,5461
REV 21:23	PSA 18:28	med	kjv	3	0.433	G2316,3088,5461
REV 21:23	LJE 1:59	med	kjv	3	0.374	G2246,4582,5532
REV 21:24	PSA 96:7	med	kjv	3	0.413	G1391,1484,5342
REV 21:24	PSA 102:15	med	kjv	4	0.407	G0935,1093,1391,1484
REV 21:24	DAN 4:29	med	kjv	3	0.381	G0935,1391,4043
REV 21:25	ISA 60:11	med	kjv	3	0.396	G2250,2808,3571
REV 21:26	PSA 96:7	high	kjv	4	0.871	G1391,1484,5092,5342
REV 21:26	PSA 29:1	high	kjv	3	0.661	G1391,5092,5342
REV 22:2	SIR 6:3	med	kjv	3	0.378	G2590,3586,5444
REV 22:2	PSA 1:3	med	kjv	4	0.344	G2590,3586,4160,5444
REV 22:3	ISA 44:8	med	kjv	3	0.357	G1510,2089,2316
REV 22:5	PSA 18:28	med	kjv	4	0.435	G2316,2962,3088,5461
REV 22:5	ISA 60:19	med	kjv	7	0.423	G1510,2246,2316,2962,3571,5457,5461
REV 22:5	PSA 16:2	med	kjv	4	0.363	G1510,2192,2962,5532
REV 22:6	2SA 7:28	high	kjv	5	0.46	G0228,1401,2316,2962,3056
REV 22:6	ZEC 1:9	med	kjv	4	0.403	G0032,1166,2962,3004
REV 22:6	HAG 1:3	med	kjv	5	0.362	G1096,2962,3004,3056,4396
REV 22:7	PSS 18:6	med	kjv	3	0.342	G2064,3107,3708
REV 22:7	2CH 32:32	med	kjv	3	0.327	G0975,3056,4394
REV 22:7	PRO 29:20	med	kjv	3	0.31	G3056,3708,5035
REV 22:8	2KI 4:37	med	kjv	3	0.397	G4098,4228,4352
REV 22:8	JDG 13:20	med	kjv	3	0.343	G0032,0991,4098
REV 22:9	BEL 1:24	med	kjv	4	0.434	G1510,3004,3361,4352
REV 22:9	DAN 10:12	med	kjv	3	0.331	G2316,3004,3361
REV 22:10	BEL 1:24	med	kjv	3	0.383	G1510,3004,3361
REV 22:10	DAN 12:4	med	kjv	3	0.363	G0975,2540,4972
REV 22:10	ISA 29:11	med	kjv	5	0.347	G0975,1510,3004,3056,4972
REV 22:11	PSA 119:121	med	kjv	3	0.399	G0091,1343,4160
REV 22:11	JOB 8:3	med	kjv	3	0.368	G0091,1342,4160
REV 22:11	PSS 17:26	med	kjv	3	0.344	G0037,0040,1343
REV 22:12	PSA 62:12	high	kjv	3	0.525	G0591,1538,2041
REV 22:12	ISA 40:10	med	kjv	3	0.38	G2041,2064,3408
REV 22:12	PRO 24:12	med	kjv	3	0.333	G0591,1538,2041
REV 22:17	1KI 20:8	med	kjv	3	0.334	G0191,2309,3004
REV 22:17	EZK 37:5	med	kjv	3	0.311	G2222,3004,4151
REV 22:18	BAR 1:1	med	kjv	3	0.401	G0975,1125,3056
REV 22:18	2CH 32:32	med	kjv	4	0.393	G0975,1125,3056,4394
REV 22:18	DEU 28:61	med	kjv	4	0.384	G0975,1125,3956,4127
REV 22:19	BAR 1:1	med	kjv	3	0.404	G0975,1125,3056
REV 22:19	2CH 32:32	med	kjv	4	0.396	G0975,1125,3056,4394
REV 22:19	1KI 16:20	med	kjv	3	0.359	G0975,1125,3056
REV 22:20	JOS 4:15	med	kjv	3	0.447	G2424,2962,3004
REV 22:20	GEN 43:2	med	kjv	3	0.431	G2962,3004,3140
REV 22:20	2CH 28:10	med	kjv	3	0.426	G2962,3004,3140
REV 22:21	SIR 37:21	high	kjv	3	0.563	G2962,3956,5485
REV 22:21	JOS 6:27	high	kjv	3	0.531	G2424,2962,3956
